topic_id,status,priority,topic,category,angle,media_count,article_count,start_date,end_date,sources,ai_brief,article_id,date,source,title,url
peopleapp_hotspot_970a3f3ffc,热点,S,防汛救灾与涉灾谣言治理,公共安全与监管,把防汛救灾写成风险预警、底线思维、基层落实、信息公开和网络辟谣共同发力的治理考题。,10,19,2026-07-07,2026-08-07,人民日报、人民日报客户端、人民锐评微信公号、光明论微信公号、北京日报客户端、北京晚报、半月谈微信公号、安徽时评微信公号、浙江日报、澎湃新闻,"选题：防汛救灾与涉灾谣言治理
分类：公共安全与监管
核心角度：把防汛救灾写成风险预警、底线思维、基层落实、信息公开和网络辟谣共同发力的治理考题。
热点判断：10 家媒体、19 篇评论集中讨论。
时间范围：2026-07-07 至 2026-08-07
媒体来源：人民日报、人民日报客户端、人民锐评微信公号、光明论微信公号、北京日报客户端、北京晚报、半月谈微信公号、安徽时评微信公号、浙江日报、澎湃新闻
支撑文章：
- 2026-07-07｜人民锐评微信公号｜人民锐评：打赢防汛救灾硬仗，科学思维至关重要｜https://www.peopleapp.com/column/30052591399-500007585392
- 2026-07-08｜人民日报｜今日谈：全力以赴，防灾救灾｜https://www.peopleapp.com/column/30052593770-500007585668
- 2026-07-08｜北京日报客户端｜抗汛关头，岂容涉灾谣言兴风作浪｜https://www.peopleapp.com/column/30052599883-500007586994
- 2026-07-09｜人民日报｜人民时评：扎实做好防灾救灾各项工作｜https://www.peopleapp.com/column/30052604002-500007587785
- 2026-07-09｜半月谈微信公号｜防汛减灾，要关注不起眼的角落｜https://www.peopleapp.com/column/30052611281-500007589277
- 2026-07-10｜人民日报客户端｜防住谣言泛滥也是抢险救援｜https://www.peopleapp.com/column/30052608859-500007590704
- 2026-07-10｜半月谈微信公号｜防汛减灾，要警惕“多年无险今亦安”的思维定式｜https://www.peopleapp.com/column/30052616651-500007589786
- 2026-07-11｜人民日报｜今日谈：深刻汲取教训 抓实抓细落实｜https://www.peopleapp.com/column/30052625348-500007591147
- 2026-07-11｜澎湃新闻｜灾情面前，把尊重留给每一份爱心｜https://www.peopleapp.com/column/30052625755-500007591128
- 2026-07-12｜人民日报｜今日谈：担当如磐 众志成城｜https://www.peopleapp.com/column/30052632437-500007592550
- 2026-07-12｜浙江日报｜勿让谣言因汛而生｜https://www.peopleapp.com/column/30052633903-500007593040
- 2026-07-12｜半月谈微信公号｜大批无人机投入广西救援，让人看到真正的科技向善｜https://www.peopleapp.com/column/30052635943-500007593269
- 2026-07-12｜北京晚报｜无人机和“水上航母”参与救援！科技实力也是救援底气｜https://www.peopleapp.com/column/30052633963-500007593048
- 2026-07-13｜人民日报｜今日谈：保生命安全 护百姓生计｜https://www.peopleapp.com/column/30052639141-500007593984
- 2026-07-13｜安徽时评微信公号｜宁可十防九空，绝不能万一失防｜https://www.peopleapp.com/column/30052644729-500007595508
- 2026-07-14｜光明论微信公号｜“手搓”防汛APP的新闻，为何让人耳目一新？｜https://www.peopleapp.com/column/30052650969-500007596343
- 2026-07-14｜人民日报客户端｜一句“解放军来了”，为何令人泪目？｜https://www.peopleapp.com/column/30052655850-500007597517
- 2026-07-19｜人民日报｜读懂“解放军来了”背后的鱼水深情｜https://www.peopleapp.com/column/30052695584-500007605142
- 2026-08-07｜半月谈微信公号｜防灾救灾，别等“雨来了才着急”｜https://www.peopleapp.com/column/30052873326-500007640362

请基于以上官媒评论材料，写一份热点分析：先概括事件背景，再比较不同媒体的关注角度，最后提炼对申论写作、面试答题和公众号选题的启发。",peopleapp_opinion_20260707_30052591399_500007585392,2026-07-07,人民锐评微信公号,人民锐评：打赢防汛救灾硬仗，科学思维至关重要,https://www.peopleapp.com/column/30052591399-500007585392
peopleapp_hotspot_970a3f3ffc,热点,S,防汛救灾与涉灾谣言治理,公共安全与监管,把防汛救灾写成风险预警、底线思维、基层落实、信息公开和网络辟谣共同发力的治理考题。,10,19,2026-07-07,2026-08-07,人民日报、人民日报客户端、人民锐评微信公号、光明论微信公号、北京日报客户端、北京晚报、半月谈微信公号、安徽时评微信公号、浙江日报、澎湃新闻,"选题：防汛救灾与涉灾谣言治理
分类：公共安全与监管
核心角度：把防汛救灾写成风险预警、底线思维、基层落实、信息公开和网络辟谣共同发力的治理考题。
热点判断：10 家媒体、19 篇评论集中讨论。
时间范围：2026-07-07 至 2026-08-07
媒体来源：人民日报、人民日报客户端、人民锐评微信公号、光明论微信公号、北京日报客户端、北京晚报、半月谈微信公号、安徽时评微信公号、浙江日报、澎湃新闻
支撑文章：
- 2026-07-07｜人民锐评微信公号｜人民锐评：打赢防汛救灾硬仗，科学思维至关重要｜https://www.peopleapp.com/column/30052591399-500007585392
- 2026-07-08｜人民日报｜今日谈：全力以赴，防灾救灾｜https://www.peopleapp.com/column/30052593770-500007585668
- 2026-07-08｜北京日报客户端｜抗汛关头，岂容涉灾谣言兴风作浪｜https://www.peopleapp.com/column/30052599883-500007586994
- 2026-07-09｜人民日报｜人民时评：扎实做好防灾救灾各项工作｜https://www.peopleapp.com/column/30052604002-500007587785
- 2026-07-09｜半月谈微信公号｜防汛减灾，要关注不起眼的角落｜https://www.peopleapp.com/column/30052611281-500007589277
- 2026-07-10｜人民日报客户端｜防住谣言泛滥也是抢险救援｜https://www.peopleapp.com/column/30052608859-500007590704
- 2026-07-10｜半月谈微信公号｜防汛减灾，要警惕“多年无险今亦安”的思维定式｜https://www.peopleapp.com/column/30052616651-500007589786
- 2026-07-11｜人民日报｜今日谈：深刻汲取教训 抓实抓细落实｜https://www.peopleapp.com/column/30052625348-500007591147
- 2026-07-11｜澎湃新闻｜灾情面前，把尊重留给每一份爱心｜https://www.peopleapp.com/column/30052625755-500007591128
- 2026-07-12｜人民日报｜今日谈：担当如磐 众志成城｜https://www.peopleapp.com/column/30052632437-500007592550
- 2026-07-12｜浙江日报｜勿让谣言因汛而生｜https://www.peopleapp.com/column/30052633903-500007593040
- 2026-07-12｜半月谈微信公号｜大批无人机投入广西救援，让人看到真正的科技向善｜https://www.peopleapp.com/column/30052635943-500007593269
- 2026-07-12｜北京晚报｜无人机和“水上航母”参与救援！科技实力也是救援底气｜https://www.peopleapp.com/column/30052633963-500007593048
- 2026-07-13｜人民日报｜今日谈：保生命安全 护百姓生计｜https://www.peopleapp.com/column/30052639141-500007593984
- 2026-07-13｜安徽时评微信公号｜宁可十防九空，绝不能万一失防｜https://www.peopleapp.com/column/30052644729-500007595508
- 2026-07-14｜光明论微信公号｜“手搓”防汛APP的新闻，为何让人耳目一新？｜https://www.peopleapp.com/column/30052650969-500007596343
- 2026-07-14｜人民日报客户端｜一句“解放军来了”，为何令人泪目？｜https://www.peopleapp.com/column/30052655850-500007597517
- 2026-07-19｜人民日报｜读懂“解放军来了”背后的鱼水深情｜https://www.peopleapp.com/column/30052695584-500007605142
- 2026-08-07｜半月谈微信公号｜防灾救灾，别等“雨来了才着急”｜https://www.peopleapp.com/column/30052873326-500007640362

请基于以上官媒评论材料，写一份热点分析：先概括事件背景，再比较不同媒体的关注角度，最后提炼对申论写作、面试答题和公众号选题的启发。",peopleapp_opinion_20260708_30052593770_500007585668,2026-07-08,人民日报,今日谈：全力以赴，防灾救灾,https://www.peopleapp.com/column/30052593770-500007585668
peopleapp_hotspot_970a3f3ffc,热点,S,防汛救灾与涉灾谣言治理,公共安全与监管,把防汛救灾写成风险预警、底线思维、基层落实、信息公开和网络辟谣共同发力的治理考题。,10,19,2026-07-07,2026-08-07,人民日报、人民日报客户端、人民锐评微信公号、光明论微信公号、北京日报客户端、北京晚报、半月谈微信公号、安徽时评微信公号、浙江日报、澎湃新闻,"选题：防汛救灾与涉灾谣言治理
分类：公共安全与监管
核心角度：把防汛救灾写成风险预警、底线思维、基层落实、信息公开和网络辟谣共同发力的治理考题。
热点判断：10 家媒体、19 篇评论集中讨论。
时间范围：2026-07-07 至 2026-08-07
媒体来源：人民日报、人民日报客户端、人民锐评微信公号、光明论微信公号、北京日报客户端、北京晚报、半月谈微信公号、安徽时评微信公号、浙江日报、澎湃新闻
支撑文章：
- 2026-07-07｜人民锐评微信公号｜人民锐评：打赢防汛救灾硬仗，科学思维至关重要｜https://www.peopleapp.com/column/30052591399-500007585392
- 2026-07-08｜人民日报｜今日谈：全力以赴，防灾救灾｜https://www.peopleapp.com/column/30052593770-500007585668
- 2026-07-08｜北京日报客户端｜抗汛关头，岂容涉灾谣言兴风作浪｜https://www.peopleapp.com/column/30052599883-500007586994
- 2026-07-09｜人民日报｜人民时评：扎实做好防灾救灾各项工作｜https://www.peopleapp.com/column/30052604002-500007587785
- 2026-07-09｜半月谈微信公号｜防汛减灾，要关注不起眼的角落｜https://www.peopleapp.com/column/30052611281-500007589277
- 2026-07-10｜人民日报客户端｜防住谣言泛滥也是抢险救援｜https://www.peopleapp.com/column/30052608859-500007590704
- 2026-07-10｜半月谈微信公号｜防汛减灾，要警惕“多年无险今亦安”的思维定式｜https://www.peopleapp.com/column/30052616651-500007589786
- 2026-07-11｜人民日报｜今日谈：深刻汲取教训 抓实抓细落实｜https://www.peopleapp.com/column/30052625348-500007591147
- 2026-07-11｜澎湃新闻｜灾情面前，把尊重留给每一份爱心｜https://www.peopleapp.com/column/30052625755-500007591128
- 2026-07-12｜人民日报｜今日谈：担当如磐 众志成城｜https://www.peopleapp.com/column/30052632437-500007592550
- 2026-07-12｜浙江日报｜勿让谣言因汛而生｜https://www.peopleapp.com/column/30052633903-500007593040
- 2026-07-12｜半月谈微信公号｜大批无人机投入广西救援，让人看到真正的科技向善｜https://www.peopleapp.com/column/30052635943-500007593269
- 2026-07-12｜北京晚报｜无人机和“水上航母”参与救援！科技实力也是救援底气｜https://www.peopleapp.com/column/30052633963-500007593048
- 2026-07-13｜人民日报｜今日谈：保生命安全 护百姓生计｜https://www.peopleapp.com/column/30052639141-500007593984
- 2026-07-13｜安徽时评微信公号｜宁可十防九空，绝不能万一失防｜https://www.peopleapp.com/column/30052644729-500007595508
- 2026-07-14｜光明论微信公号｜“手搓”防汛APP的新闻，为何让人耳目一新？｜https://www.peopleapp.com/column/30052650969-500007596343
- 2026-07-14｜人民日报客户端｜一句“解放军来了”，为何令人泪目？｜https://www.peopleapp.com/column/30052655850-500007597517
- 2026-07-19｜人民日报｜读懂“解放军来了”背后的鱼水深情｜https://www.peopleapp.com/column/30052695584-500007605142
- 2026-08-07｜半月谈微信公号｜防灾救灾，别等“雨来了才着急”｜https://www.peopleapp.com/column/30052873326-500007640362

请基于以上官媒评论材料，写一份热点分析：先概括事件背景，再比较不同媒体的关注角度，最后提炼对申论写作、面试答题和公众号选题的启发。",peopleapp_opinion_20260708_30052599883_500007586994,2026-07-08,北京日报客户端,抗汛关头，岂容涉灾谣言兴风作浪,https://www.peopleapp.com/column/30052599883-500007586994
peopleapp_hotspot_970a3f3ffc,热点,S,防汛救灾与涉灾谣言治理,公共安全与监管,把防汛救灾写成风险预警、底线思维、基层落实、信息公开和网络辟谣共同发力的治理考题。,10,19,2026-07-07,2026-08-07,人民日报、人民日报客户端、人民锐评微信公号、光明论微信公号、北京日报客户端、北京晚报、半月谈微信公号、安徽时评微信公号、浙江日报、澎湃新闻,"选题：防汛救灾与涉灾谣言治理
分类：公共安全与监管
核心角度：把防汛救灾写成风险预警、底线思维、基层落实、信息公开和网络辟谣共同发力的治理考题。
热点判断：10 家媒体、19 篇评论集中讨论。
时间范围：2026-07-07 至 2026-08-07
媒体来源：人民日报、人民日报客户端、人民锐评微信公号、光明论微信公号、北京日报客户端、北京晚报、半月谈微信公号、安徽时评微信公号、浙江日报、澎湃新闻
支撑文章：
- 2026-07-07｜人民锐评微信公号｜人民锐评：打赢防汛救灾硬仗，科学思维至关重要｜https://www.peopleapp.com/column/30052591399-500007585392
- 2026-07-08｜人民日报｜今日谈：全力以赴，防灾救灾｜https://www.peopleapp.com/column/30052593770-500007585668
- 2026-07-08｜北京日报客户端｜抗汛关头，岂容涉灾谣言兴风作浪｜https://www.peopleapp.com/column/30052599883-500007586994
- 2026-07-09｜人民日报｜人民时评：扎实做好防灾救灾各项工作｜https://www.peopleapp.com/column/30052604002-500007587785
- 2026-07-09｜半月谈微信公号｜防汛减灾，要关注不起眼的角落｜https://www.peopleapp.com/column/30052611281-500007589277
- 2026-07-10｜人民日报客户端｜防住谣言泛滥也是抢险救援｜https://www.peopleapp.com/column/30052608859-500007590704
- 2026-07-10｜半月谈微信公号｜防汛减灾，要警惕“多年无险今亦安”的思维定式｜https://www.peopleapp.com/column/30052616651-500007589786
- 2026-07-11｜人民日报｜今日谈：深刻汲取教训 抓实抓细落实｜https://www.peopleapp.com/column/30052625348-500007591147
- 2026-07-11｜澎湃新闻｜灾情面前，把尊重留给每一份爱心｜https://www.peopleapp.com/column/30052625755-500007591128
- 2026-07-12｜人民日报｜今日谈：担当如磐 众志成城｜https://www.peopleapp.com/column/30052632437-500007592550
- 2026-07-12｜浙江日报｜勿让谣言因汛而生｜https://www.peopleapp.com/column/30052633903-500007593040
- 2026-07-12｜半月谈微信公号｜大批无人机投入广西救援，让人看到真正的科技向善｜https://www.peopleapp.com/column/30052635943-500007593269
- 2026-07-12｜北京晚报｜无人机和“水上航母”参与救援！科技实力也是救援底气｜https://www.peopleapp.com/column/30052633963-500007593048
- 2026-07-13｜人民日报｜今日谈：保生命安全 护百姓生计｜https://www.peopleapp.com/column/30052639141-500007593984
- 2026-07-13｜安徽时评微信公号｜宁可十防九空，绝不能万一失防｜https://www.peopleapp.com/column/30052644729-500007595508
- 2026-07-14｜光明论微信公号｜“手搓”防汛APP的新闻，为何让人耳目一新？｜https://www.peopleapp.com/column/30052650969-500007596343
- 2026-07-14｜人民日报客户端｜一句“解放军来了”，为何令人泪目？｜https://www.peopleapp.com/column/30052655850-500007597517
- 2026-07-19｜人民日报｜读懂“解放军来了”背后的鱼水深情｜https://www.peopleapp.com/column/30052695584-500007605142
- 2026-08-07｜半月谈微信公号｜防灾救灾，别等“雨来了才着急”｜https://www.peopleapp.com/column/30052873326-500007640362

请基于以上官媒评论材料，写一份热点分析：先概括事件背景，再比较不同媒体的关注角度，最后提炼对申论写作、面试答题和公众号选题的启发。",peopleapp_opinion_20260709_30052604002_500007587785,2026-07-09,人民日报,人民时评：扎实做好防灾救灾各项工作,https://www.peopleapp.com/column/30052604002-500007587785
peopleapp_hotspot_970a3f3ffc,热点,S,防汛救灾与涉灾谣言治理,公共安全与监管,把防汛救灾写成风险预警、底线思维、基层落实、信息公开和网络辟谣共同发力的治理考题。,10,19,2026-07-07,2026-08-07,人民日报、人民日报客户端、人民锐评微信公号、光明论微信公号、北京日报客户端、北京晚报、半月谈微信公号、安徽时评微信公号、浙江日报、澎湃新闻,"选题：防汛救灾与涉灾谣言治理
分类：公共安全与监管
核心角度：把防汛救灾写成风险预警、底线思维、基层落实、信息公开和网络辟谣共同发力的治理考题。
热点判断：10 家媒体、19 篇评论集中讨论。
时间范围：2026-07-07 至 2026-08-07
媒体来源：人民日报、人民日报客户端、人民锐评微信公号、光明论微信公号、北京日报客户端、北京晚报、半月谈微信公号、安徽时评微信公号、浙江日报、澎湃新闻
支撑文章：
- 2026-07-07｜人民锐评微信公号｜人民锐评：打赢防汛救灾硬仗，科学思维至关重要｜https://www.peopleapp.com/column/30052591399-500007585392
- 2026-07-08｜人民日报｜今日谈：全力以赴，防灾救灾｜https://www.peopleapp.com/column/30052593770-500007585668
- 2026-07-08｜北京日报客户端｜抗汛关头，岂容涉灾谣言兴风作浪｜https://www.peopleapp.com/column/30052599883-500007586994
- 2026-07-09｜人民日报｜人民时评：扎实做好防灾救灾各项工作｜https://www.peopleapp.com/column/30052604002-500007587785
- 2026-07-09｜半月谈微信公号｜防汛减灾，要关注不起眼的角落｜https://www.peopleapp.com/column/30052611281-500007589277
- 2026-07-10｜人民日报客户端｜防住谣言泛滥也是抢险救援｜https://www.peopleapp.com/column/30052608859-500007590704
- 2026-07-10｜半月谈微信公号｜防汛减灾，要警惕“多年无险今亦安”的思维定式｜https://www.peopleapp.com/column/30052616651-500007589786
- 2026-07-11｜人民日报｜今日谈：深刻汲取教训 抓实抓细落实｜https://www.peopleapp.com/column/30052625348-500007591147
- 2026-07-11｜澎湃新闻｜灾情面前，把尊重留给每一份爱心｜https://www.peopleapp.com/column/30052625755-500007591128
- 2026-07-12｜人民日报｜今日谈：担当如磐 众志成城｜https://www.peopleapp.com/column/30052632437-500007592550
- 2026-07-12｜浙江日报｜勿让谣言因汛而生｜https://www.peopleapp.com/column/30052633903-500007593040
- 2026-07-12｜半月谈微信公号｜大批无人机投入广西救援，让人看到真正的科技向善｜https://www.peopleapp.com/column/30052635943-500007593269
- 2026-07-12｜北京晚报｜无人机和“水上航母”参与救援！科技实力也是救援底气｜https://www.peopleapp.com/column/30052633963-500007593048
- 2026-07-13｜人民日报｜今日谈：保生命安全 护百姓生计｜https://www.peopleapp.com/column/30052639141-500007593984
- 2026-07-13｜安徽时评微信公号｜宁可十防九空，绝不能万一失防｜https://www.peopleapp.com/column/30052644729-500007595508
- 2026-07-14｜光明论微信公号｜“手搓”防汛APP的新闻，为何让人耳目一新？｜https://www.peopleapp.com/column/30052650969-500007596343
- 2026-07-14｜人民日报客户端｜一句“解放军来了”，为何令人泪目？｜https://www.peopleapp.com/column/30052655850-500007597517
- 2026-07-19｜人民日报｜读懂“解放军来了”背后的鱼水深情｜https://www.peopleapp.com/column/30052695584-500007605142
- 2026-08-07｜半月谈微信公号｜防灾救灾，别等“雨来了才着急”｜https://www.peopleapp.com/column/30052873326-500007640362

请基于以上官媒评论材料，写一份热点分析：先概括事件背景，再比较不同媒体的关注角度，最后提炼对申论写作、面试答题和公众号选题的启发。",peopleapp_opinion_20260709_30052611281_500007589277,2026-07-09,半月谈微信公号,防汛减灾，要关注不起眼的角落,https://www.peopleapp.com/column/30052611281-500007589277
peopleapp_hotspot_970a3f3ffc,热点,S,防汛救灾与涉灾谣言治理,公共安全与监管,把防汛救灾写成风险预警、底线思维、基层落实、信息公开和网络辟谣共同发力的治理考题。,10,19,2026-07-07,2026-08-07,人民日报、人民日报客户端、人民锐评微信公号、光明论微信公号、北京日报客户端、北京晚报、半月谈微信公号、安徽时评微信公号、浙江日报、澎湃新闻,"选题：防汛救灾与涉灾谣言治理
分类：公共安全与监管
核心角度：把防汛救灾写成风险预警、底线思维、基层落实、信息公开和网络辟谣共同发力的治理考题。
热点判断：10 家媒体、19 篇评论集中讨论。
时间范围：2026-07-07 至 2026-08-07
媒体来源：人民日报、人民日报客户端、人民锐评微信公号、光明论微信公号、北京日报客户端、北京晚报、半月谈微信公号、安徽时评微信公号、浙江日报、澎湃新闻
支撑文章：
- 2026-07-07｜人民锐评微信公号｜人民锐评：打赢防汛救灾硬仗，科学思维至关重要｜https://www.peopleapp.com/column/30052591399-500007585392
- 2026-07-08｜人民日报｜今日谈：全力以赴，防灾救灾｜https://www.peopleapp.com/column/30052593770-500007585668
- 2026-07-08｜北京日报客户端｜抗汛关头，岂容涉灾谣言兴风作浪｜https://www.peopleapp.com/column/30052599883-500007586994
- 2026-07-09｜人民日报｜人民时评：扎实做好防灾救灾各项工作｜https://www.peopleapp.com/column/30052604002-500007587785
- 2026-07-09｜半月谈微信公号｜防汛减灾，要关注不起眼的角落｜https://www.peopleapp.com/column/30052611281-500007589277
- 2026-07-10｜人民日报客户端｜防住谣言泛滥也是抢险救援｜https://www.peopleapp.com/column/30052608859-500007590704
- 2026-07-10｜半月谈微信公号｜防汛减灾，要警惕“多年无险今亦安”的思维定式｜https://www.peopleapp.com/column/30052616651-500007589786
- 2026-07-11｜人民日报｜今日谈：深刻汲取教训 抓实抓细落实｜https://www.peopleapp.com/column/30052625348-500007591147
- 2026-07-11｜澎湃新闻｜灾情面前，把尊重留给每一份爱心｜https://www.peopleapp.com/column/30052625755-500007591128
- 2026-07-12｜人民日报｜今日谈：担当如磐 众志成城｜https://www.peopleapp.com/column/30052632437-500007592550
- 2026-07-12｜浙江日报｜勿让谣言因汛而生｜https://www.peopleapp.com/column/30052633903-500007593040
- 2026-07-12｜半月谈微信公号｜大批无人机投入广西救援，让人看到真正的科技向善｜https://www.peopleapp.com/column/30052635943-500007593269
- 2026-07-12｜北京晚报｜无人机和“水上航母”参与救援！科技实力也是救援底气｜https://www.peopleapp.com/column/30052633963-500007593048
- 2026-07-13｜人民日报｜今日谈：保生命安全 护百姓生计｜https://www.peopleapp.com/column/30052639141-500007593984
- 2026-07-13｜安徽时评微信公号｜宁可十防九空，绝不能万一失防｜https://www.peopleapp.com/column/30052644729-500007595508
- 2026-07-14｜光明论微信公号｜“手搓”防汛APP的新闻，为何让人耳目一新？｜https://www.peopleapp.com/column/30052650969-500007596343
- 2026-07-14｜人民日报客户端｜一句“解放军来了”，为何令人泪目？｜https://www.peopleapp.com/column/30052655850-500007597517
- 2026-07-19｜人民日报｜读懂“解放军来了”背后的鱼水深情｜https://www.peopleapp.com/column/30052695584-500007605142
- 2026-08-07｜半月谈微信公号｜防灾救灾，别等“雨来了才着急”｜https://www.peopleapp.com/column/30052873326-500007640362

请基于以上官媒评论材料，写一份热点分析：先概括事件背景，再比较不同媒体的关注角度，最后提炼对申论写作、面试答题和公众号选题的启发。",peopleapp_opinion_20260710_30052608859_500007590704,2026-07-10,人民日报客户端,防住谣言泛滥也是抢险救援,https://www.peopleapp.com/column/30052608859-500007590704
peopleapp_hotspot_970a3f3ffc,热点,S,防汛救灾与涉灾谣言治理,公共安全与监管,把防汛救灾写成风险预警、底线思维、基层落实、信息公开和网络辟谣共同发力的治理考题。,10,19,2026-07-07,2026-08-07,人民日报、人民日报客户端、人民锐评微信公号、光明论微信公号、北京日报客户端、北京晚报、半月谈微信公号、安徽时评微信公号、浙江日报、澎湃新闻,"选题：防汛救灾与涉灾谣言治理
分类：公共安全与监管
核心角度：把防汛救灾写成风险预警、底线思维、基层落实、信息公开和网络辟谣共同发力的治理考题。
热点判断：10 家媒体、19 篇评论集中讨论。
时间范围：2026-07-07 至 2026-08-07
媒体来源：人民日报、人民日报客户端、人民锐评微信公号、光明论微信公号、北京日报客户端、北京晚报、半月谈微信公号、安徽时评微信公号、浙江日报、澎湃新闻
支撑文章：
- 2026-07-07｜人民锐评微信公号｜人民锐评：打赢防汛救灾硬仗，科学思维至关重要｜https://www.peopleapp.com/column/30052591399-500007585392
- 2026-07-08｜人民日报｜今日谈：全力以赴，防灾救灾｜https://www.peopleapp.com/column/30052593770-500007585668
- 2026-07-08｜北京日报客户端｜抗汛关头，岂容涉灾谣言兴风作浪｜https://www.peopleapp.com/column/30052599883-500007586994
- 2026-07-09｜人民日报｜人民时评：扎实做好防灾救灾各项工作｜https://www.peopleapp.com/column/30052604002-500007587785
- 2026-07-09｜半月谈微信公号｜防汛减灾，要关注不起眼的角落｜https://www.peopleapp.com/column/30052611281-500007589277
- 2026-07-10｜人民日报客户端｜防住谣言泛滥也是抢险救援｜https://www.peopleapp.com/column/30052608859-500007590704
- 2026-07-10｜半月谈微信公号｜防汛减灾，要警惕“多年无险今亦安”的思维定式｜https://www.peopleapp.com/column/30052616651-500007589786
- 2026-07-11｜人民日报｜今日谈：深刻汲取教训 抓实抓细落实｜https://www.peopleapp.com/column/30052625348-500007591147
- 2026-07-11｜澎湃新闻｜灾情面前，把尊重留给每一份爱心｜https://www.peopleapp.com/column/30052625755-500007591128
- 2026-07-12｜人民日报｜今日谈：担当如磐 众志成城｜https://www.peopleapp.com/column/30052632437-500007592550
- 2026-07-12｜浙江日报｜勿让谣言因汛而生｜https://www.peopleapp.com/column/30052633903-500007593040
- 2026-07-12｜半月谈微信公号｜大批无人机投入广西救援，让人看到真正的科技向善｜https://www.peopleapp.com/column/30052635943-500007593269
- 2026-07-12｜北京晚报｜无人机和“水上航母”参与救援！科技实力也是救援底气｜https://www.peopleapp.com/column/30052633963-500007593048
- 2026-07-13｜人民日报｜今日谈：保生命安全 护百姓生计｜https://www.peopleapp.com/column/30052639141-500007593984
- 2026-07-13｜安徽时评微信公号｜宁可十防九空，绝不能万一失防｜https://www.peopleapp.com/column/30052644729-500007595508
- 2026-07-14｜光明论微信公号｜“手搓”防汛APP的新闻，为何让人耳目一新？｜https://www.peopleapp.com/column/30052650969-500007596343
- 2026-07-14｜人民日报客户端｜一句“解放军来了”，为何令人泪目？｜https://www.peopleapp.com/column/30052655850-500007597517
- 2026-07-19｜人民日报｜读懂“解放军来了”背后的鱼水深情｜https://www.peopleapp.com/column/30052695584-500007605142
- 2026-08-07｜半月谈微信公号｜防灾救灾，别等“雨来了才着急”｜https://www.peopleapp.com/column/30052873326-500007640362

请基于以上官媒评论材料，写一份热点分析：先概括事件背景，再比较不同媒体的关注角度，最后提炼对申论写作、面试答题和公众号选题的启发。",peopleapp_opinion_20260710_30052616651_500007589786,2026-07-10,半月谈微信公号,防汛减灾，要警惕“多年无险今亦安”的思维定式,https://www.peopleapp.com/column/30052616651-500007589786
peopleapp_hotspot_970a3f3ffc,热点,S,防汛救灾与涉灾谣言治理,公共安全与监管,把防汛救灾写成风险预警、底线思维、基层落实、信息公开和网络辟谣共同发力的治理考题。,10,19,2026-07-07,2026-08-07,人民日报、人民日报客户端、人民锐评微信公号、光明论微信公号、北京日报客户端、北京晚报、半月谈微信公号、安徽时评微信公号、浙江日报、澎湃新闻,"选题：防汛救灾与涉灾谣言治理
分类：公共安全与监管
核心角度：把防汛救灾写成风险预警、底线思维、基层落实、信息公开和网络辟谣共同发力的治理考题。
热点判断：10 家媒体、19 篇评论集中讨论。
时间范围：2026-07-07 至 2026-08-07
媒体来源：人民日报、人民日报客户端、人民锐评微信公号、光明论微信公号、北京日报客户端、北京晚报、半月谈微信公号、安徽时评微信公号、浙江日报、澎湃新闻
支撑文章：
- 2026-07-07｜人民锐评微信公号｜人民锐评：打赢防汛救灾硬仗，科学思维至关重要｜https://www.peopleapp.com/column/30052591399-500007585392
- 2026-07-08｜人民日报｜今日谈：全力以赴，防灾救灾｜https://www.peopleapp.com/column/30052593770-500007585668
- 2026-07-08｜北京日报客户端｜抗汛关头，岂容涉灾谣言兴风作浪｜https://www.peopleapp.com/column/30052599883-500007586994
- 2026-07-09｜人民日报｜人民时评：扎实做好防灾救灾各项工作｜https://www.peopleapp.com/column/30052604002-500007587785
- 2026-07-09｜半月谈微信公号｜防汛减灾，要关注不起眼的角落｜https://www.peopleapp.com/column/30052611281-500007589277
- 2026-07-10｜人民日报客户端｜防住谣言泛滥也是抢险救援｜https://www.peopleapp.com/column/30052608859-500007590704
- 2026-07-10｜半月谈微信公号｜防汛减灾，要警惕“多年无险今亦安”的思维定式｜https://www.peopleapp.com/column/30052616651-500007589786
- 2026-07-11｜人民日报｜今日谈：深刻汲取教训 抓实抓细落实｜https://www.peopleapp.com/column/30052625348-500007591147
- 2026-07-11｜澎湃新闻｜灾情面前，把尊重留给每一份爱心｜https://www.peopleapp.com/column/30052625755-500007591128
- 2026-07-12｜人民日报｜今日谈：担当如磐 众志成城｜https://www.peopleapp.com/column/30052632437-500007592550
- 2026-07-12｜浙江日报｜勿让谣言因汛而生｜https://www.peopleapp.com/column/30052633903-500007593040
- 2026-07-12｜半月谈微信公号｜大批无人机投入广西救援，让人看到真正的科技向善｜https://www.peopleapp.com/column/30052635943-500007593269
- 2026-07-12｜北京晚报｜无人机和“水上航母”参与救援！科技实力也是救援底气｜https://www.peopleapp.com/column/30052633963-500007593048
- 2026-07-13｜人民日报｜今日谈：保生命安全 护百姓生计｜https://www.peopleapp.com/column/30052639141-500007593984
- 2026-07-13｜安徽时评微信公号｜宁可十防九空，绝不能万一失防｜https://www.peopleapp.com/column/30052644729-500007595508
- 2026-07-14｜光明论微信公号｜“手搓”防汛APP的新闻，为何让人耳目一新？｜https://www.peopleapp.com/column/30052650969-500007596343
- 2026-07-14｜人民日报客户端｜一句“解放军来了”，为何令人泪目？｜https://www.peopleapp.com/column/30052655850-500007597517
- 2026-07-19｜人民日报｜读懂“解放军来了”背后的鱼水深情｜https://www.peopleapp.com/column/30052695584-500007605142
- 2026-08-07｜半月谈微信公号｜防灾救灾，别等“雨来了才着急”｜https://www.peopleapp.com/column/30052873326-500007640362

请基于以上官媒评论材料，写一份热点分析：先概括事件背景，再比较不同媒体的关注角度，最后提炼对申论写作、面试答题和公众号选题的启发。",peopleapp_opinion_20260711_30052625348_500007591147,2026-07-11,人民日报,今日谈：深刻汲取教训 抓实抓细落实,https://www.peopleapp.com/column/30052625348-500007591147
peopleapp_hotspot_970a3f3ffc,热点,S,防汛救灾与涉灾谣言治理,公共安全与监管,把防汛救灾写成风险预警、底线思维、基层落实、信息公开和网络辟谣共同发力的治理考题。,10,19,2026-07-07,2026-08-07,人民日报、人民日报客户端、人民锐评微信公号、光明论微信公号、北京日报客户端、北京晚报、半月谈微信公号、安徽时评微信公号、浙江日报、澎湃新闻,"选题：防汛救灾与涉灾谣言治理
分类：公共安全与监管
核心角度：把防汛救灾写成风险预警、底线思维、基层落实、信息公开和网络辟谣共同发力的治理考题。
热点判断：10 家媒体、19 篇评论集中讨论。
时间范围：2026-07-07 至 2026-08-07
媒体来源：人民日报、人民日报客户端、人民锐评微信公号、光明论微信公号、北京日报客户端、北京晚报、半月谈微信公号、安徽时评微信公号、浙江日报、澎湃新闻
支撑文章：
- 2026-07-07｜人民锐评微信公号｜人民锐评：打赢防汛救灾硬仗，科学思维至关重要｜https://www.peopleapp.com/column/30052591399-500007585392
- 2026-07-08｜人民日报｜今日谈：全力以赴，防灾救灾｜https://www.peopleapp.com/column/30052593770-500007585668
- 2026-07-08｜北京日报客户端｜抗汛关头，岂容涉灾谣言兴风作浪｜https://www.peopleapp.com/column/30052599883-500007586994
- 2026-07-09｜人民日报｜人民时评：扎实做好防灾救灾各项工作｜https://www.peopleapp.com/column/30052604002-500007587785
- 2026-07-09｜半月谈微信公号｜防汛减灾，要关注不起眼的角落｜https://www.peopleapp.com/column/30052611281-500007589277
- 2026-07-10｜人民日报客户端｜防住谣言泛滥也是抢险救援｜https://www.peopleapp.com/column/30052608859-500007590704
- 2026-07-10｜半月谈微信公号｜防汛减灾，要警惕“多年无险今亦安”的思维定式｜https://www.peopleapp.com/column/30052616651-500007589786
- 2026-07-11｜人民日报｜今日谈：深刻汲取教训 抓实抓细落实｜https://www.peopleapp.com/column/30052625348-500007591147
- 2026-07-11｜澎湃新闻｜灾情面前，把尊重留给每一份爱心｜https://www.peopleapp.com/column/30052625755-500007591128
- 2026-07-12｜人民日报｜今日谈：担当如磐 众志成城｜https://www.peopleapp.com/column/30052632437-500007592550
- 2026-07-12｜浙江日报｜勿让谣言因汛而生｜https://www.peopleapp.com/column/30052633903-500007593040
- 2026-07-12｜半月谈微信公号｜大批无人机投入广西救援，让人看到真正的科技向善｜https://www.peopleapp.com/column/30052635943-500007593269
- 2026-07-12｜北京晚报｜无人机和“水上航母”参与救援！科技实力也是救援底气｜https://www.peopleapp.com/column/30052633963-500007593048
- 2026-07-13｜人民日报｜今日谈：保生命安全 护百姓生计｜https://www.peopleapp.com/column/30052639141-500007593984
- 2026-07-13｜安徽时评微信公号｜宁可十防九空，绝不能万一失防｜https://www.peopleapp.com/column/30052644729-500007595508
- 2026-07-14｜光明论微信公号｜“手搓”防汛APP的新闻，为何让人耳目一新？｜https://www.peopleapp.com/column/30052650969-500007596343
- 2026-07-14｜人民日报客户端｜一句“解放军来了”，为何令人泪目？｜https://www.peopleapp.com/column/30052655850-500007597517
- 2026-07-19｜人民日报｜读懂“解放军来了”背后的鱼水深情｜https://www.peopleapp.com/column/30052695584-500007605142
- 2026-08-07｜半月谈微信公号｜防灾救灾，别等“雨来了才着急”｜https://www.peopleapp.com/column/30052873326-500007640362

请基于以上官媒评论材料，写一份热点分析：先概括事件背景，再比较不同媒体的关注角度，最后提炼对申论写作、面试答题和公众号选题的启发。",peopleapp_opinion_20260711_30052625755_500007591128,2026-07-11,澎湃新闻,灾情面前，把尊重留给每一份爱心,https://www.peopleapp.com/column/30052625755-500007591128
peopleapp_hotspot_970a3f3ffc,热点,S,防汛救灾与涉灾谣言治理,公共安全与监管,把防汛救灾写成风险预警、底线思维、基层落实、信息公开和网络辟谣共同发力的治理考题。,10,19,2026-07-07,2026-08-07,人民日报、人民日报客户端、人民锐评微信公号、光明论微信公号、北京日报客户端、北京晚报、半月谈微信公号、安徽时评微信公号、浙江日报、澎湃新闻,"选题：防汛救灾与涉灾谣言治理
分类：公共安全与监管
核心角度：把防汛救灾写成风险预警、底线思维、基层落实、信息公开和网络辟谣共同发力的治理考题。
热点判断：10 家媒体、19 篇评论集中讨论。
时间范围：2026-07-07 至 2026-08-07
媒体来源：人民日报、人民日报客户端、人民锐评微信公号、光明论微信公号、北京日报客户端、北京晚报、半月谈微信公号、安徽时评微信公号、浙江日报、澎湃新闻
支撑文章：
- 2026-07-07｜人民锐评微信公号｜人民锐评：打赢防汛救灾硬仗，科学思维至关重要｜https://www.peopleapp.com/column/30052591399-500007585392
- 2026-07-08｜人民日报｜今日谈：全力以赴，防灾救灾｜https://www.peopleapp.com/column/30052593770-500007585668
- 2026-07-08｜北京日报客户端｜抗汛关头，岂容涉灾谣言兴风作浪｜https://www.peopleapp.com/column/30052599883-500007586994
- 2026-07-09｜人民日报｜人民时评：扎实做好防灾救灾各项工作｜https://www.peopleapp.com/column/30052604002-500007587785
- 2026-07-09｜半月谈微信公号｜防汛减灾，要关注不起眼的角落｜https://www.peopleapp.com/column/30052611281-500007589277
- 2026-07-10｜人民日报客户端｜防住谣言泛滥也是抢险救援｜https://www.peopleapp.com/column/30052608859-500007590704
- 2026-07-10｜半月谈微信公号｜防汛减灾，要警惕“多年无险今亦安”的思维定式｜https://www.peopleapp.com/column/30052616651-500007589786
- 2026-07-11｜人民日报｜今日谈：深刻汲取教训 抓实抓细落实｜https://www.peopleapp.com/column/30052625348-500007591147
- 2026-07-11｜澎湃新闻｜灾情面前，把尊重留给每一份爱心｜https://www.peopleapp.com/column/30052625755-500007591128
- 2026-07-12｜人民日报｜今日谈：担当如磐 众志成城｜https://www.peopleapp.com/column/30052632437-500007592550
- 2026-07-12｜浙江日报｜勿让谣言因汛而生｜https://www.peopleapp.com/column/30052633903-500007593040
- 2026-07-12｜半月谈微信公号｜大批无人机投入广西救援，让人看到真正的科技向善｜https://www.peopleapp.com/column/30052635943-500007593269
- 2026-07-12｜北京晚报｜无人机和“水上航母”参与救援！科技实力也是救援底气｜https://www.peopleapp.com/column/30052633963-500007593048
- 2026-07-13｜人民日报｜今日谈：保生命安全 护百姓生计｜https://www.peopleapp.com/column/30052639141-500007593984
- 2026-07-13｜安徽时评微信公号｜宁可十防九空，绝不能万一失防｜https://www.peopleapp.com/column/30052644729-500007595508
- 2026-07-14｜光明论微信公号｜“手搓”防汛APP的新闻，为何让人耳目一新？｜https://www.peopleapp.com/column/30052650969-500007596343
- 2026-07-14｜人民日报客户端｜一句“解放军来了”，为何令人泪目？｜https://www.peopleapp.com/column/30052655850-500007597517
- 2026-07-19｜人民日报｜读懂“解放军来了”背后的鱼水深情｜https://www.peopleapp.com/column/30052695584-500007605142
- 2026-08-07｜半月谈微信公号｜防灾救灾，别等“雨来了才着急”｜https://www.peopleapp.com/column/30052873326-500007640362

请基于以上官媒评论材料，写一份热点分析：先概括事件背景，再比较不同媒体的关注角度，最后提炼对申论写作、面试答题和公众号选题的启发。",peopleapp_opinion_20260712_30052632437_500007592550,2026-07-12,人民日报,今日谈：担当如磐 众志成城,https://www.peopleapp.com/column/30052632437-500007592550
peopleapp_hotspot_970a3f3ffc,热点,S,防汛救灾与涉灾谣言治理,公共安全与监管,把防汛救灾写成风险预警、底线思维、基层落实、信息公开和网络辟谣共同发力的治理考题。,10,19,2026-07-07,2026-08-07,人民日报、人民日报客户端、人民锐评微信公号、光明论微信公号、北京日报客户端、北京晚报、半月谈微信公号、安徽时评微信公号、浙江日报、澎湃新闻,"选题：防汛救灾与涉灾谣言治理
分类：公共安全与监管
核心角度：把防汛救灾写成风险预警、底线思维、基层落实、信息公开和网络辟谣共同发力的治理考题。
热点判断：10 家媒体、19 篇评论集中讨论。
时间范围：2026-07-07 至 2026-08-07
媒体来源：人民日报、人民日报客户端、人民锐评微信公号、光明论微信公号、北京日报客户端、北京晚报、半月谈微信公号、安徽时评微信公号、浙江日报、澎湃新闻
支撑文章：
- 2026-07-07｜人民锐评微信公号｜人民锐评：打赢防汛救灾硬仗，科学思维至关重要｜https://www.peopleapp.com/column/30052591399-500007585392
- 2026-07-08｜人民日报｜今日谈：全力以赴，防灾救灾｜https://www.peopleapp.com/column/30052593770-500007585668
- 2026-07-08｜北京日报客户端｜抗汛关头，岂容涉灾谣言兴风作浪｜https://www.peopleapp.com/column/30052599883-500007586994
- 2026-07-09｜人民日报｜人民时评：扎实做好防灾救灾各项工作｜https://www.peopleapp.com/column/30052604002-500007587785
- 2026-07-09｜半月谈微信公号｜防汛减灾，要关注不起眼的角落｜https://www.peopleapp.com/column/30052611281-500007589277
- 2026-07-10｜人民日报客户端｜防住谣言泛滥也是抢险救援｜https://www.peopleapp.com/column/30052608859-500007590704
- 2026-07-10｜半月谈微信公号｜防汛减灾，要警惕“多年无险今亦安”的思维定式｜https://www.peopleapp.com/column/30052616651-500007589786
- 2026-07-11｜人民日报｜今日谈：深刻汲取教训 抓实抓细落实｜https://www.peopleapp.com/column/30052625348-500007591147
- 2026-07-11｜澎湃新闻｜灾情面前，把尊重留给每一份爱心｜https://www.peopleapp.com/column/30052625755-500007591128
- 2026-07-12｜人民日报｜今日谈：担当如磐 众志成城｜https://www.peopleapp.com/column/30052632437-500007592550
- 2026-07-12｜浙江日报｜勿让谣言因汛而生｜https://www.peopleapp.com/column/30052633903-500007593040
- 2026-07-12｜半月谈微信公号｜大批无人机投入广西救援，让人看到真正的科技向善｜https://www.peopleapp.com/column/30052635943-500007593269
- 2026-07-12｜北京晚报｜无人机和“水上航母”参与救援！科技实力也是救援底气｜https://www.peopleapp.com/column/30052633963-500007593048
- 2026-07-13｜人民日报｜今日谈：保生命安全 护百姓生计｜https://www.peopleapp.com/column/30052639141-500007593984
- 2026-07-13｜安徽时评微信公号｜宁可十防九空，绝不能万一失防｜https://www.peopleapp.com/column/30052644729-500007595508
- 2026-07-14｜光明论微信公号｜“手搓”防汛APP的新闻，为何让人耳目一新？｜https://www.peopleapp.com/column/30052650969-500007596343
- 2026-07-14｜人民日报客户端｜一句“解放军来了”，为何令人泪目？｜https://www.peopleapp.com/column/30052655850-500007597517
- 2026-07-19｜人民日报｜读懂“解放军来了”背后的鱼水深情｜https://www.peopleapp.com/column/30052695584-500007605142
- 2026-08-07｜半月谈微信公号｜防灾救灾，别等“雨来了才着急”｜https://www.peopleapp.com/column/30052873326-500007640362

请基于以上官媒评论材料，写一份热点分析：先概括事件背景，再比较不同媒体的关注角度，最后提炼对申论写作、面试答题和公众号选题的启发。",peopleapp_opinion_20260712_30052633903_500007593040,2026-07-12,浙江日报,勿让谣言因汛而生,https://www.peopleapp.com/column/30052633903-500007593040
peopleapp_hotspot_970a3f3ffc,热点,S,防汛救灾与涉灾谣言治理,公共安全与监管,把防汛救灾写成风险预警、底线思维、基层落实、信息公开和网络辟谣共同发力的治理考题。,10,19,2026-07-07,2026-08-07,人民日报、人民日报客户端、人民锐评微信公号、光明论微信公号、北京日报客户端、北京晚报、半月谈微信公号、安徽时评微信公号、浙江日报、澎湃新闻,"选题：防汛救灾与涉灾谣言治理
分类：公共安全与监管
核心角度：把防汛救灾写成风险预警、底线思维、基层落实、信息公开和网络辟谣共同发力的治理考题。
热点判断：10 家媒体、19 篇评论集中讨论。
时间范围：2026-07-07 至 2026-08-07
媒体来源：人民日报、人民日报客户端、人民锐评微信公号、光明论微信公号、北京日报客户端、北京晚报、半月谈微信公号、安徽时评微信公号、浙江日报、澎湃新闻
支撑文章：
- 2026-07-07｜人民锐评微信公号｜人民锐评：打赢防汛救灾硬仗，科学思维至关重要｜https://www.peopleapp.com/column/30052591399-500007585392
- 2026-07-08｜人民日报｜今日谈：全力以赴，防灾救灾｜https://www.peopleapp.com/column/30052593770-500007585668
- 2026-07-08｜北京日报客户端｜抗汛关头，岂容涉灾谣言兴风作浪｜https://www.peopleapp.com/column/30052599883-500007586994
- 2026-07-09｜人民日报｜人民时评：扎实做好防灾救灾各项工作｜https://www.peopleapp.com/column/30052604002-500007587785
- 2026-07-09｜半月谈微信公号｜防汛减灾，要关注不起眼的角落｜https://www.peopleapp.com/column/30052611281-500007589277
- 2026-07-10｜人民日报客户端｜防住谣言泛滥也是抢险救援｜https://www.peopleapp.com/column/30052608859-500007590704
- 2026-07-10｜半月谈微信公号｜防汛减灾，要警惕“多年无险今亦安”的思维定式｜https://www.peopleapp.com/column/30052616651-500007589786
- 2026-07-11｜人民日报｜今日谈：深刻汲取教训 抓实抓细落实｜https://www.peopleapp.com/column/30052625348-500007591147
- 2026-07-11｜澎湃新闻｜灾情面前，把尊重留给每一份爱心｜https://www.peopleapp.com/column/30052625755-500007591128
- 2026-07-12｜人民日报｜今日谈：担当如磐 众志成城｜https://www.peopleapp.com/column/30052632437-500007592550
- 2026-07-12｜浙江日报｜勿让谣言因汛而生｜https://www.peopleapp.com/column/30052633903-500007593040
- 2026-07-12｜半月谈微信公号｜大批无人机投入广西救援，让人看到真正的科技向善｜https://www.peopleapp.com/column/30052635943-500007593269
- 2026-07-12｜北京晚报｜无人机和“水上航母”参与救援！科技实力也是救援底气｜https://www.peopleapp.com/column/30052633963-500007593048
- 2026-07-13｜人民日报｜今日谈：保生命安全 护百姓生计｜https://www.peopleapp.com/column/30052639141-500007593984
- 2026-07-13｜安徽时评微信公号｜宁可十防九空，绝不能万一失防｜https://www.peopleapp.com/column/30052644729-500007595508
- 2026-07-14｜光明论微信公号｜“手搓”防汛APP的新闻，为何让人耳目一新？｜https://www.peopleapp.com/column/30052650969-500007596343
- 2026-07-14｜人民日报客户端｜一句“解放军来了”，为何令人泪目？｜https://www.peopleapp.com/column/30052655850-500007597517
- 2026-07-19｜人民日报｜读懂“解放军来了”背后的鱼水深情｜https://www.peopleapp.com/column/30052695584-500007605142
- 2026-08-07｜半月谈微信公号｜防灾救灾，别等“雨来了才着急”｜https://www.peopleapp.com/column/30052873326-500007640362

请基于以上官媒评论材料，写一份热点分析：先概括事件背景，再比较不同媒体的关注角度，最后提炼对申论写作、面试答题和公众号选题的启发。",peopleapp_opinion_20260712_30052635943_500007593269,2026-07-12,半月谈微信公号,大批无人机投入广西救援，让人看到真正的科技向善,https://www.peopleapp.com/column/30052635943-500007593269
peopleapp_hotspot_970a3f3ffc,热点,S,防汛救灾与涉灾谣言治理,公共安全与监管,把防汛救灾写成风险预警、底线思维、基层落实、信息公开和网络辟谣共同发力的治理考题。,10,19,2026-07-07,2026-08-07,人民日报、人民日报客户端、人民锐评微信公号、光明论微信公号、北京日报客户端、北京晚报、半月谈微信公号、安徽时评微信公号、浙江日报、澎湃新闻,"选题：防汛救灾与涉灾谣言治理
分类：公共安全与监管
核心角度：把防汛救灾写成风险预警、底线思维、基层落实、信息公开和网络辟谣共同发力的治理考题。
热点判断：10 家媒体、19 篇评论集中讨论。
时间范围：2026-07-07 至 2026-08-07
媒体来源：人民日报、人民日报客户端、人民锐评微信公号、光明论微信公号、北京日报客户端、北京晚报、半月谈微信公号、安徽时评微信公号、浙江日报、澎湃新闻
支撑文章：
- 2026-07-07｜人民锐评微信公号｜人民锐评：打赢防汛救灾硬仗，科学思维至关重要｜https://www.peopleapp.com/column/30052591399-500007585392
- 2026-07-08｜人民日报｜今日谈：全力以赴，防灾救灾｜https://www.peopleapp.com/column/30052593770-500007585668
- 2026-07-08｜北京日报客户端｜抗汛关头，岂容涉灾谣言兴风作浪｜https://www.peopleapp.com/column/30052599883-500007586994
- 2026-07-09｜人民日报｜人民时评：扎实做好防灾救灾各项工作｜https://www.peopleapp.com/column/30052604002-500007587785
- 2026-07-09｜半月谈微信公号｜防汛减灾，要关注不起眼的角落｜https://www.peopleapp.com/column/30052611281-500007589277
- 2026-07-10｜人民日报客户端｜防住谣言泛滥也是抢险救援｜https://www.peopleapp.com/column/30052608859-500007590704
- 2026-07-10｜半月谈微信公号｜防汛减灾，要警惕“多年无险今亦安”的思维定式｜https://www.peopleapp.com/column/30052616651-500007589786
- 2026-07-11｜人民日报｜今日谈：深刻汲取教训 抓实抓细落实｜https://www.peopleapp.com/column/30052625348-500007591147
- 2026-07-11｜澎湃新闻｜灾情面前，把尊重留给每一份爱心｜https://www.peopleapp.com/column/30052625755-500007591128
- 2026-07-12｜人民日报｜今日谈：担当如磐 众志成城｜https://www.peopleapp.com/column/30052632437-500007592550
- 2026-07-12｜浙江日报｜勿让谣言因汛而生｜https://www.peopleapp.com/column/30052633903-500007593040
- 2026-07-12｜半月谈微信公号｜大批无人机投入广西救援，让人看到真正的科技向善｜https://www.peopleapp.com/column/30052635943-500007593269
- 2026-07-12｜北京晚报｜无人机和“水上航母”参与救援！科技实力也是救援底气｜https://www.peopleapp.com/column/30052633963-500007593048
- 2026-07-13｜人民日报｜今日谈：保生命安全 护百姓生计｜https://www.peopleapp.com/column/30052639141-500007593984
- 2026-07-13｜安徽时评微信公号｜宁可十防九空，绝不能万一失防｜https://www.peopleapp.com/column/30052644729-500007595508
- 2026-07-14｜光明论微信公号｜“手搓”防汛APP的新闻，为何让人耳目一新？｜https://www.peopleapp.com/column/30052650969-500007596343
- 2026-07-14｜人民日报客户端｜一句“解放军来了”，为何令人泪目？｜https://www.peopleapp.com/column/30052655850-500007597517
- 2026-07-19｜人民日报｜读懂“解放军来了”背后的鱼水深情｜https://www.peopleapp.com/column/30052695584-500007605142
- 2026-08-07｜半月谈微信公号｜防灾救灾，别等“雨来了才着急”｜https://www.peopleapp.com/column/30052873326-500007640362

请基于以上官媒评论材料，写一份热点分析：先概括事件背景，再比较不同媒体的关注角度，最后提炼对申论写作、面试答题和公众号选题的启发。",peopleapp_opinion_20260712_30052633963_500007593048,2026-07-12,北京晚报,无人机和“水上航母”参与救援！科技实力也是救援底气,https://www.peopleapp.com/column/30052633963-500007593048
peopleapp_hotspot_970a3f3ffc,热点,S,防汛救灾与涉灾谣言治理,公共安全与监管,把防汛救灾写成风险预警、底线思维、基层落实、信息公开和网络辟谣共同发力的治理考题。,10,19,2026-07-07,2026-08-07,人民日报、人民日报客户端、人民锐评微信公号、光明论微信公号、北京日报客户端、北京晚报、半月谈微信公号、安徽时评微信公号、浙江日报、澎湃新闻,"选题：防汛救灾与涉灾谣言治理
分类：公共安全与监管
核心角度：把防汛救灾写成风险预警、底线思维、基层落实、信息公开和网络辟谣共同发力的治理考题。
热点判断：10 家媒体、19 篇评论集中讨论。
时间范围：2026-07-07 至 2026-08-07
媒体来源：人民日报、人民日报客户端、人民锐评微信公号、光明论微信公号、北京日报客户端、北京晚报、半月谈微信公号、安徽时评微信公号、浙江日报、澎湃新闻
支撑文章：
- 2026-07-07｜人民锐评微信公号｜人民锐评：打赢防汛救灾硬仗，科学思维至关重要｜https://www.peopleapp.com/column/30052591399-500007585392
- 2026-07-08｜人民日报｜今日谈：全力以赴，防灾救灾｜https://www.peopleapp.com/column/30052593770-500007585668
- 2026-07-08｜北京日报客户端｜抗汛关头，岂容涉灾谣言兴风作浪｜https://www.peopleapp.com/column/30052599883-500007586994
- 2026-07-09｜人民日报｜人民时评：扎实做好防灾救灾各项工作｜https://www.peopleapp.com/column/30052604002-500007587785
- 2026-07-09｜半月谈微信公号｜防汛减灾，要关注不起眼的角落｜https://www.peopleapp.com/column/30052611281-500007589277
- 2026-07-10｜人民日报客户端｜防住谣言泛滥也是抢险救援｜https://www.peopleapp.com/column/30052608859-500007590704
- 2026-07-10｜半月谈微信公号｜防汛减灾，要警惕“多年无险今亦安”的思维定式｜https://www.peopleapp.com/column/30052616651-500007589786
- 2026-07-11｜人民日报｜今日谈：深刻汲取教训 抓实抓细落实｜https://www.peopleapp.com/column/30052625348-500007591147
- 2026-07-11｜澎湃新闻｜灾情面前，把尊重留给每一份爱心｜https://www.peopleapp.com/column/30052625755-500007591128
- 2026-07-12｜人民日报｜今日谈：担当如磐 众志成城｜https://www.peopleapp.com/column/30052632437-500007592550
- 2026-07-12｜浙江日报｜勿让谣言因汛而生｜https://www.peopleapp.com/column/30052633903-500007593040
- 2026-07-12｜半月谈微信公号｜大批无人机投入广西救援，让人看到真正的科技向善｜https://www.peopleapp.com/column/30052635943-500007593269
- 2026-07-12｜北京晚报｜无人机和“水上航母”参与救援！科技实力也是救援底气｜https://www.peopleapp.com/column/30052633963-500007593048
- 2026-07-13｜人民日报｜今日谈：保生命安全 护百姓生计｜https://www.peopleapp.com/column/30052639141-500007593984
- 2026-07-13｜安徽时评微信公号｜宁可十防九空，绝不能万一失防｜https://www.peopleapp.com/column/30052644729-500007595508
- 2026-07-14｜光明论微信公号｜“手搓”防汛APP的新闻，为何让人耳目一新？｜https://www.peopleapp.com/column/30052650969-500007596343
- 2026-07-14｜人民日报客户端｜一句“解放军来了”，为何令人泪目？｜https://www.peopleapp.com/column/30052655850-500007597517
- 2026-07-19｜人民日报｜读懂“解放军来了”背后的鱼水深情｜https://www.peopleapp.com/column/30052695584-500007605142
- 2026-08-07｜半月谈微信公号｜防灾救灾，别等“雨来了才着急”｜https://www.peopleapp.com/column/30052873326-500007640362

请基于以上官媒评论材料，写一份热点分析：先概括事件背景，再比较不同媒体的关注角度，最后提炼对申论写作、面试答题和公众号选题的启发。",peopleapp_opinion_20260713_30052639141_500007593984,2026-07-13,人民日报,今日谈：保生命安全 护百姓生计,https://www.peopleapp.com/column/30052639141-500007593984
peopleapp_hotspot_970a3f3ffc,热点,S,防汛救灾与涉灾谣言治理,公共安全与监管,把防汛救灾写成风险预警、底线思维、基层落实、信息公开和网络辟谣共同发力的治理考题。,10,19,2026-07-07,2026-08-07,人民日报、人民日报客户端、人民锐评微信公号、光明论微信公号、北京日报客户端、北京晚报、半月谈微信公号、安徽时评微信公号、浙江日报、澎湃新闻,"选题：防汛救灾与涉灾谣言治理
分类：公共安全与监管
核心角度：把防汛救灾写成风险预警、底线思维、基层落实、信息公开和网络辟谣共同发力的治理考题。
热点判断：10 家媒体、19 篇评论集中讨论。
时间范围：2026-07-07 至 2026-08-07
媒体来源：人民日报、人民日报客户端、人民锐评微信公号、光明论微信公号、北京日报客户端、北京晚报、半月谈微信公号、安徽时评微信公号、浙江日报、澎湃新闻
支撑文章：
- 2026-07-07｜人民锐评微信公号｜人民锐评：打赢防汛救灾硬仗，科学思维至关重要｜https://www.peopleapp.com/column/30052591399-500007585392
- 2026-07-08｜人民日报｜今日谈：全力以赴，防灾救灾｜https://www.peopleapp.com/column/30052593770-500007585668
- 2026-07-08｜北京日报客户端｜抗汛关头，岂容涉灾谣言兴风作浪｜https://www.peopleapp.com/column/30052599883-500007586994
- 2026-07-09｜人民日报｜人民时评：扎实做好防灾救灾各项工作｜https://www.peopleapp.com/column/30052604002-500007587785
- 2026-07-09｜半月谈微信公号｜防汛减灾，要关注不起眼的角落｜https://www.peopleapp.com/column/30052611281-500007589277
- 2026-07-10｜人民日报客户端｜防住谣言泛滥也是抢险救援｜https://www.peopleapp.com/column/30052608859-500007590704
- 2026-07-10｜半月谈微信公号｜防汛减灾，要警惕“多年无险今亦安”的思维定式｜https://www.peopleapp.com/column/30052616651-500007589786
- 2026-07-11｜人民日报｜今日谈：深刻汲取教训 抓实抓细落实｜https://www.peopleapp.com/column/30052625348-500007591147
- 2026-07-11｜澎湃新闻｜灾情面前，把尊重留给每一份爱心｜https://www.peopleapp.com/column/30052625755-500007591128
- 2026-07-12｜人民日报｜今日谈：担当如磐 众志成城｜https://www.peopleapp.com/column/30052632437-500007592550
- 2026-07-12｜浙江日报｜勿让谣言因汛而生｜https://www.peopleapp.com/column/30052633903-500007593040
- 2026-07-12｜半月谈微信公号｜大批无人机投入广西救援，让人看到真正的科技向善｜https://www.peopleapp.com/column/30052635943-500007593269
- 2026-07-12｜北京晚报｜无人机和“水上航母”参与救援！科技实力也是救援底气｜https://www.peopleapp.com/column/30052633963-500007593048
- 2026-07-13｜人民日报｜今日谈：保生命安全 护百姓生计｜https://www.peopleapp.com/column/30052639141-500007593984
- 2026-07-13｜安徽时评微信公号｜宁可十防九空，绝不能万一失防｜https://www.peopleapp.com/column/30052644729-500007595508
- 2026-07-14｜光明论微信公号｜“手搓”防汛APP的新闻，为何让人耳目一新？｜https://www.peopleapp.com/column/30052650969-500007596343
- 2026-07-14｜人民日报客户端｜一句“解放军来了”，为何令人泪目？｜https://www.peopleapp.com/column/30052655850-500007597517
- 2026-07-19｜人民日报｜读懂“解放军来了”背后的鱼水深情｜https://www.peopleapp.com/column/30052695584-500007605142
- 2026-08-07｜半月谈微信公号｜防灾救灾，别等“雨来了才着急”｜https://www.peopleapp.com/column/30052873326-500007640362

请基于以上官媒评论材料，写一份热点分析：先概括事件背景，再比较不同媒体的关注角度，最后提炼对申论写作、面试答题和公众号选题的启发。",peopleapp_opinion_20260713_30052644729_500007595508,2026-07-13,安徽时评微信公号,宁可十防九空，绝不能万一失防,https://www.peopleapp.com/column/30052644729-500007595508
peopleapp_hotspot_970a3f3ffc,热点,S,防汛救灾与涉灾谣言治理,公共安全与监管,把防汛救灾写成风险预警、底线思维、基层落实、信息公开和网络辟谣共同发力的治理考题。,10,19,2026-07-07,2026-08-07,人民日报、人民日报客户端、人民锐评微信公号、光明论微信公号、北京日报客户端、北京晚报、半月谈微信公号、安徽时评微信公号、浙江日报、澎湃新闻,"选题：防汛救灾与涉灾谣言治理
分类：公共安全与监管
核心角度：把防汛救灾写成风险预警、底线思维、基层落实、信息公开和网络辟谣共同发力的治理考题。
热点判断：10 家媒体、19 篇评论集中讨论。
时间范围：2026-07-07 至 2026-08-07
媒体来源：人民日报、人民日报客户端、人民锐评微信公号、光明论微信公号、北京日报客户端、北京晚报、半月谈微信公号、安徽时评微信公号、浙江日报、澎湃新闻
支撑文章：
- 2026-07-07｜人民锐评微信公号｜人民锐评：打赢防汛救灾硬仗，科学思维至关重要｜https://www.peopleapp.com/column/30052591399-500007585392
- 2026-07-08｜人民日报｜今日谈：全力以赴，防灾救灾｜https://www.peopleapp.com/column/30052593770-500007585668
- 2026-07-08｜北京日报客户端｜抗汛关头，岂容涉灾谣言兴风作浪｜https://www.peopleapp.com/column/30052599883-500007586994
- 2026-07-09｜人民日报｜人民时评：扎实做好防灾救灾各项工作｜https://www.peopleapp.com/column/30052604002-500007587785
- 2026-07-09｜半月谈微信公号｜防汛减灾，要关注不起眼的角落｜https://www.peopleapp.com/column/30052611281-500007589277
- 2026-07-10｜人民日报客户端｜防住谣言泛滥也是抢险救援｜https://www.peopleapp.com/column/30052608859-500007590704
- 2026-07-10｜半月谈微信公号｜防汛减灾，要警惕“多年无险今亦安”的思维定式｜https://www.peopleapp.com/column/30052616651-500007589786
- 2026-07-11｜人民日报｜今日谈：深刻汲取教训 抓实抓细落实｜https://www.peopleapp.com/column/30052625348-500007591147
- 2026-07-11｜澎湃新闻｜灾情面前，把尊重留给每一份爱心｜https://www.peopleapp.com/column/30052625755-500007591128
- 2026-07-12｜人民日报｜今日谈：担当如磐 众志成城｜https://www.peopleapp.com/column/30052632437-500007592550
- 2026-07-12｜浙江日报｜勿让谣言因汛而生｜https://www.peopleapp.com/column/30052633903-500007593040
- 2026-07-12｜半月谈微信公号｜大批无人机投入广西救援，让人看到真正的科技向善｜https://www.peopleapp.com/column/30052635943-500007593269
- 2026-07-12｜北京晚报｜无人机和“水上航母”参与救援！科技实力也是救援底气｜https://www.peopleapp.com/column/30052633963-500007593048
- 2026-07-13｜人民日报｜今日谈：保生命安全 护百姓生计｜https://www.peopleapp.com/column/30052639141-500007593984
- 2026-07-13｜安徽时评微信公号｜宁可十防九空，绝不能万一失防｜https://www.peopleapp.com/column/30052644729-500007595508
- 2026-07-14｜光明论微信公号｜“手搓”防汛APP的新闻，为何让人耳目一新？｜https://www.peopleapp.com/column/30052650969-500007596343
- 2026-07-14｜人民日报客户端｜一句“解放军来了”，为何令人泪目？｜https://www.peopleapp.com/column/30052655850-500007597517
- 2026-07-19｜人民日报｜读懂“解放军来了”背后的鱼水深情｜https://www.peopleapp.com/column/30052695584-500007605142
- 2026-08-07｜半月谈微信公号｜防灾救灾，别等“雨来了才着急”｜https://www.peopleapp.com/column/30052873326-500007640362

请基于以上官媒评论材料，写一份热点分析：先概括事件背景，再比较不同媒体的关注角度，最后提炼对申论写作、面试答题和公众号选题的启发。",peopleapp_opinion_20260714_30052650969_500007596343,2026-07-14,光明论微信公号,“手搓”防汛APP的新闻，为何让人耳目一新？,https://www.peopleapp.com/column/30052650969-500007596343
peopleapp_hotspot_970a3f3ffc,热点,S,防汛救灾与涉灾谣言治理,公共安全与监管,把防汛救灾写成风险预警、底线思维、基层落实、信息公开和网络辟谣共同发力的治理考题。,10,19,2026-07-07,2026-08-07,人民日报、人民日报客户端、人民锐评微信公号、光明论微信公号、北京日报客户端、北京晚报、半月谈微信公号、安徽时评微信公号、浙江日报、澎湃新闻,"选题：防汛救灾与涉灾谣言治理
分类：公共安全与监管
核心角度：把防汛救灾写成风险预警、底线思维、基层落实、信息公开和网络辟谣共同发力的治理考题。
热点判断：10 家媒体、19 篇评论集中讨论。
时间范围：2026-07-07 至 2026-08-07
媒体来源：人民日报、人民日报客户端、人民锐评微信公号、光明论微信公号、北京日报客户端、北京晚报、半月谈微信公号、安徽时评微信公号、浙江日报、澎湃新闻
支撑文章：
- 2026-07-07｜人民锐评微信公号｜人民锐评：打赢防汛救灾硬仗，科学思维至关重要｜https://www.peopleapp.com/column/30052591399-500007585392
- 2026-07-08｜人民日报｜今日谈：全力以赴，防灾救灾｜https://www.peopleapp.com/column/30052593770-500007585668
- 2026-07-08｜北京日报客户端｜抗汛关头，岂容涉灾谣言兴风作浪｜https://www.peopleapp.com/column/30052599883-500007586994
- 2026-07-09｜人民日报｜人民时评：扎实做好防灾救灾各项工作｜https://www.peopleapp.com/column/30052604002-500007587785
- 2026-07-09｜半月谈微信公号｜防汛减灾，要关注不起眼的角落｜https://www.peopleapp.com/column/30052611281-500007589277
- 2026-07-10｜人民日报客户端｜防住谣言泛滥也是抢险救援｜https://www.peopleapp.com/column/30052608859-500007590704
- 2026-07-10｜半月谈微信公号｜防汛减灾，要警惕“多年无险今亦安”的思维定式｜https://www.peopleapp.com/column/30052616651-500007589786
- 2026-07-11｜人民日报｜今日谈：深刻汲取教训 抓实抓细落实｜https://www.peopleapp.com/column/30052625348-500007591147
- 2026-07-11｜澎湃新闻｜灾情面前，把尊重留给每一份爱心｜https://www.peopleapp.com/column/30052625755-500007591128
- 2026-07-12｜人民日报｜今日谈：担当如磐 众志成城｜https://www.peopleapp.com/column/30052632437-500007592550
- 2026-07-12｜浙江日报｜勿让谣言因汛而生｜https://www.peopleapp.com/column/30052633903-500007593040
- 2026-07-12｜半月谈微信公号｜大批无人机投入广西救援，让人看到真正的科技向善｜https://www.peopleapp.com/column/30052635943-500007593269
- 2026-07-12｜北京晚报｜无人机和“水上航母”参与救援！科技实力也是救援底气｜https://www.peopleapp.com/column/30052633963-500007593048
- 2026-07-13｜人民日报｜今日谈：保生命安全 护百姓生计｜https://www.peopleapp.com/column/30052639141-500007593984
- 2026-07-13｜安徽时评微信公号｜宁可十防九空，绝不能万一失防｜https://www.peopleapp.com/column/30052644729-500007595508
- 2026-07-14｜光明论微信公号｜“手搓”防汛APP的新闻，为何让人耳目一新？｜https://www.peopleapp.com/column/30052650969-500007596343
- 2026-07-14｜人民日报客户端｜一句“解放军来了”，为何令人泪目？｜https://www.peopleapp.com/column/30052655850-500007597517
- 2026-07-19｜人民日报｜读懂“解放军来了”背后的鱼水深情｜https://www.peopleapp.com/column/30052695584-500007605142
- 2026-08-07｜半月谈微信公号｜防灾救灾，别等“雨来了才着急”｜https://www.peopleapp.com/column/30052873326-500007640362

请基于以上官媒评论材料，写一份热点分析：先概括事件背景，再比较不同媒体的关注角度，最后提炼对申论写作、面试答题和公众号选题的启发。",peopleapp_opinion_20260714_30052655850_500007597517,2026-07-14,人民日报客户端,一句“解放军来了”，为何令人泪目？,https://www.peopleapp.com/column/30052655850-500007597517
peopleapp_hotspot_970a3f3ffc,热点,S,防汛救灾与涉灾谣言治理,公共安全与监管,把防汛救灾写成风险预警、底线思维、基层落实、信息公开和网络辟谣共同发力的治理考题。,10,19,2026-07-07,2026-08-07,人民日报、人民日报客户端、人民锐评微信公号、光明论微信公号、北京日报客户端、北京晚报、半月谈微信公号、安徽时评微信公号、浙江日报、澎湃新闻,"选题：防汛救灾与涉灾谣言治理
分类：公共安全与监管
核心角度：把防汛救灾写成风险预警、底线思维、基层落实、信息公开和网络辟谣共同发力的治理考题。
热点判断：10 家媒体、19 篇评论集中讨论。
时间范围：2026-07-07 至 2026-08-07
媒体来源：人民日报、人民日报客户端、人民锐评微信公号、光明论微信公号、北京日报客户端、北京晚报、半月谈微信公号、安徽时评微信公号、浙江日报、澎湃新闻
支撑文章：
- 2026-07-07｜人民锐评微信公号｜人民锐评：打赢防汛救灾硬仗，科学思维至关重要｜https://www.peopleapp.com/column/30052591399-500007585392
- 2026-07-08｜人民日报｜今日谈：全力以赴，防灾救灾｜https://www.peopleapp.com/column/30052593770-500007585668
- 2026-07-08｜北京日报客户端｜抗汛关头，岂容涉灾谣言兴风作浪｜https://www.peopleapp.com/column/30052599883-500007586994
- 2026-07-09｜人民日报｜人民时评：扎实做好防灾救灾各项工作｜https://www.peopleapp.com/column/30052604002-500007587785
- 2026-07-09｜半月谈微信公号｜防汛减灾，要关注不起眼的角落｜https://www.peopleapp.com/column/30052611281-500007589277
- 2026-07-10｜人民日报客户端｜防住谣言泛滥也是抢险救援｜https://www.peopleapp.com/column/30052608859-500007590704
- 2026-07-10｜半月谈微信公号｜防汛减灾，要警惕“多年无险今亦安”的思维定式｜https://www.peopleapp.com/column/30052616651-500007589786
- 2026-07-11｜人民日报｜今日谈：深刻汲取教训 抓实抓细落实｜https://www.peopleapp.com/column/30052625348-500007591147
- 2026-07-11｜澎湃新闻｜灾情面前，把尊重留给每一份爱心｜https://www.peopleapp.com/column/30052625755-500007591128
- 2026-07-12｜人民日报｜今日谈：担当如磐 众志成城｜https://www.peopleapp.com/column/30052632437-500007592550
- 2026-07-12｜浙江日报｜勿让谣言因汛而生｜https://www.peopleapp.com/column/30052633903-500007593040
- 2026-07-12｜半月谈微信公号｜大批无人机投入广西救援，让人看到真正的科技向善｜https://www.peopleapp.com/column/30052635943-500007593269
- 2026-07-12｜北京晚报｜无人机和“水上航母”参与救援！科技实力也是救援底气｜https://www.peopleapp.com/column/30052633963-500007593048
- 2026-07-13｜人民日报｜今日谈：保生命安全 护百姓生计｜https://www.peopleapp.com/column/30052639141-500007593984
- 2026-07-13｜安徽时评微信公号｜宁可十防九空，绝不能万一失防｜https://www.peopleapp.com/column/30052644729-500007595508
- 2026-07-14｜光明论微信公号｜“手搓”防汛APP的新闻，为何让人耳目一新？｜https://www.peopleapp.com/column/30052650969-500007596343
- 2026-07-14｜人民日报客户端｜一句“解放军来了”，为何令人泪目？｜https://www.peopleapp.com/column/30052655850-500007597517
- 2026-07-19｜人民日报｜读懂“解放军来了”背后的鱼水深情｜https://www.peopleapp.com/column/30052695584-500007605142
- 2026-08-07｜半月谈微信公号｜防灾救灾，别等“雨来了才着急”｜https://www.peopleapp.com/column/30052873326-500007640362

请基于以上官媒评论材料，写一份热点分析：先概括事件背景，再比较不同媒体的关注角度，最后提炼对申论写作、面试答题和公众号选题的启发。",peopleapp_opinion_20260719_30052695584_500007605142,2026-07-19,人民日报,读懂“解放军来了”背后的鱼水深情,https://www.peopleapp.com/column/30052695584-500007605142
peopleapp_hotspot_970a3f3ffc,热点,S,防汛救灾与涉灾谣言治理,公共安全与监管,把防汛救灾写成风险预警、底线思维、基层落实、信息公开和网络辟谣共同发力的治理考题。,10,19,2026-07-07,2026-08-07,人民日报、人民日报客户端、人民锐评微信公号、光明论微信公号、北京日报客户端、北京晚报、半月谈微信公号、安徽时评微信公号、浙江日报、澎湃新闻,"选题：防汛救灾与涉灾谣言治理
分类：公共安全与监管
核心角度：把防汛救灾写成风险预警、底线思维、基层落实、信息公开和网络辟谣共同发力的治理考题。
热点判断：10 家媒体、19 篇评论集中讨论。
时间范围：2026-07-07 至 2026-08-07
媒体来源：人民日报、人民日报客户端、人民锐评微信公号、光明论微信公号、北京日报客户端、北京晚报、半月谈微信公号、安徽时评微信公号、浙江日报、澎湃新闻
支撑文章：
- 2026-07-07｜人民锐评微信公号｜人民锐评：打赢防汛救灾硬仗，科学思维至关重要｜https://www.peopleapp.com/column/30052591399-500007585392
- 2026-07-08｜人民日报｜今日谈：全力以赴，防灾救灾｜https://www.peopleapp.com/column/30052593770-500007585668
- 2026-07-08｜北京日报客户端｜抗汛关头，岂容涉灾谣言兴风作浪｜https://www.peopleapp.com/column/30052599883-500007586994
- 2026-07-09｜人民日报｜人民时评：扎实做好防灾救灾各项工作｜https://www.peopleapp.com/column/30052604002-500007587785
- 2026-07-09｜半月谈微信公号｜防汛减灾，要关注不起眼的角落｜https://www.peopleapp.com/column/30052611281-500007589277
- 2026-07-10｜人民日报客户端｜防住谣言泛滥也是抢险救援｜https://www.peopleapp.com/column/30052608859-500007590704
- 2026-07-10｜半月谈微信公号｜防汛减灾，要警惕“多年无险今亦安”的思维定式｜https://www.peopleapp.com/column/30052616651-500007589786
- 2026-07-11｜人民日报｜今日谈：深刻汲取教训 抓实抓细落实｜https://www.peopleapp.com/column/30052625348-500007591147
- 2026-07-11｜澎湃新闻｜灾情面前，把尊重留给每一份爱心｜https://www.peopleapp.com/column/30052625755-500007591128
- 2026-07-12｜人民日报｜今日谈：担当如磐 众志成城｜https://www.peopleapp.com/column/30052632437-500007592550
- 2026-07-12｜浙江日报｜勿让谣言因汛而生｜https://www.peopleapp.com/column/30052633903-500007593040
- 2026-07-12｜半月谈微信公号｜大批无人机投入广西救援，让人看到真正的科技向善｜https://www.peopleapp.com/column/30052635943-500007593269
- 2026-07-12｜北京晚报｜无人机和“水上航母”参与救援！科技实力也是救援底气｜https://www.peopleapp.com/column/30052633963-500007593048
- 2026-07-13｜人民日报｜今日谈：保生命安全 护百姓生计｜https://www.peopleapp.com/column/30052639141-500007593984
- 2026-07-13｜安徽时评微信公号｜宁可十防九空，绝不能万一失防｜https://www.peopleapp.com/column/30052644729-500007595508
- 2026-07-14｜光明论微信公号｜“手搓”防汛APP的新闻，为何让人耳目一新？｜https://www.peopleapp.com/column/30052650969-500007596343
- 2026-07-14｜人民日报客户端｜一句“解放军来了”，为何令人泪目？｜https://www.peopleapp.com/column/30052655850-500007597517
- 2026-07-19｜人民日报｜读懂“解放军来了”背后的鱼水深情｜https://www.peopleapp.com/column/30052695584-500007605142
- 2026-08-07｜半月谈微信公号｜防灾救灾，别等“雨来了才着急”｜https://www.peopleapp.com/column/30052873326-500007640362

请基于以上官媒评论材料，写一份热点分析：先概括事件背景，再比较不同媒体的关注角度，最后提炼对申论写作、面试答题和公众号选题的启发。",peopleapp_opinion_20260807_30052873326_500007640362,2026-08-07,半月谈微信公号,防灾救灾，别等“雨来了才着急”,https://www.peopleapp.com/column/30052873326-500007640362
peopleapp_hotspot_ae03e533ff,热点,S,AI应用风险与智能向善治理,数字治理与消费权益,AI进入教育、投资、测评、文艺和安全场景后，治理重点是防诈骗、防滥用、守真实、明边界、促向善。,10,13,2026-07-12,2026-08-11,上观新闻、中国教育报客户端、中国青年报、人民日报、人民日报客户端、人民日报文艺微信公号、光明论微信公号、工人日报、正观新闻、经济日报,"选题：AI应用风险与智能向善治理
分类：数字治理与消费权益
核心角度：AI进入教育、投资、测评、文艺和安全场景后，治理重点是防诈骗、防滥用、守真实、明边界、促向善。
热点判断：10 家媒体、13 篇评论集中讨论。
时间范围：2026-07-12 至 2026-08-11
媒体来源：上观新闻、中国教育报客户端、中国青年报、人民日报、人民日报客户端、人民日报文艺微信公号、光明论微信公号、工人日报、正观新闻、经济日报
支撑文章：
- 2026-07-12｜中国青年报｜AI时代的教育，到底应该培养什么样的人？｜https://www.peopleapp.com/column/30052626399-500007591339
- 2026-07-12｜人民日报客户端｜AI智能荐股？投资没有一键致富！｜https://www.peopleapp.com/column/30052631410-500007593154
- 2026-07-12｜人民日报客户端｜经济热点快评丨防诈提示！别让AI荐股骗了你｜https://www.peopleapp.com/column/30052634719-500007593325
- 2026-07-13｜人民日报文艺微信公号｜AI时代，我们还需要“手搓”文学吗？｜https://www.peopleapp.com/column/30052641185-500007594245
- 2026-07-13｜上观新闻｜撕掉高科技滤镜，AI研学别只剩营销噱头｜https://www.peopleapp.com/column/30052644722-500007595506
- 2026-07-13｜经济日报｜谨防境外AI“后门”风险｜https://www.peopleapp.com/column/30052641305-500007594125
- 2026-07-14｜人民日报｜AI时代，为何还要翻字词典？｜https://www.peopleapp.com/column/30052649450-500007596561
- 2026-07-14｜正观新闻｜AI生成“种草”笔记？测评真实性不能留“坑”｜https://www.peopleapp.com/column/30052656348-500007597494
- 2026-07-14｜人民日报｜寰宇平：校准智能向善航向，共筑普惠包容未来｜https://www.peopleapp.com/column/30052649366-500007596119
- 2026-07-14｜人民日报｜青年演员无戏可拍？人工智能逼出“真演技”｜https://www.peopleapp.com/column/30052649478-500007596562
- 2026-07-15｜工人日报｜“六天开一家公司”？AI研学应远离浮夸营销｜https://www.peopleapp.com/column/30052665327-500007599284
- 2026-07-27｜中国教育报客户端｜暑期AI研学究竟该学什么｜https://www.peopleapp.com/column/30052773347-500007620062
- 2026-08-11｜光明论微信公号｜挖土、做手工也算“AI研学”？莫让AI成培训机构的“万能贴牌”｜https://www.peopleapp.com/column/30052905474-500007646242

请基于以上官媒评论材料，写一份热点分析：先概括事件背景，再比较不同媒体的关注角度，最后提炼对申论写作、面试答题和公众号选题的启发。",peopleapp_opinion_20260712_30052626399_500007591339,2026-07-12,中国青年报,AI时代的教育，到底应该培养什么样的人？,https://www.peopleapp.com/column/30052626399-500007591339
peopleapp_hotspot_ae03e533ff,热点,S,AI应用风险与智能向善治理,数字治理与消费权益,AI进入教育、投资、测评、文艺和安全场景后，治理重点是防诈骗、防滥用、守真实、明边界、促向善。,10,13,2026-07-12,2026-08-11,上观新闻、中国教育报客户端、中国青年报、人民日报、人民日报客户端、人民日报文艺微信公号、光明论微信公号、工人日报、正观新闻、经济日报,"选题：AI应用风险与智能向善治理
分类：数字治理与消费权益
核心角度：AI进入教育、投资、测评、文艺和安全场景后，治理重点是防诈骗、防滥用、守真实、明边界、促向善。
热点判断：10 家媒体、13 篇评论集中讨论。
时间范围：2026-07-12 至 2026-08-11
媒体来源：上观新闻、中国教育报客户端、中国青年报、人民日报、人民日报客户端、人民日报文艺微信公号、光明论微信公号、工人日报、正观新闻、经济日报
支撑文章：
- 2026-07-12｜中国青年报｜AI时代的教育，到底应该培养什么样的人？｜https://www.peopleapp.com/column/30052626399-500007591339
- 2026-07-12｜人民日报客户端｜AI智能荐股？投资没有一键致富！｜https://www.peopleapp.com/column/30052631410-500007593154
- 2026-07-12｜人民日报客户端｜经济热点快评丨防诈提示！别让AI荐股骗了你｜https://www.peopleapp.com/column/30052634719-500007593325
- 2026-07-13｜人民日报文艺微信公号｜AI时代，我们还需要“手搓”文学吗？｜https://www.peopleapp.com/column/30052641185-500007594245
- 2026-07-13｜上观新闻｜撕掉高科技滤镜，AI研学别只剩营销噱头｜https://www.peopleapp.com/column/30052644722-500007595506
- 2026-07-13｜经济日报｜谨防境外AI“后门”风险｜https://www.peopleapp.com/column/30052641305-500007594125
- 2026-07-14｜人民日报｜AI时代，为何还要翻字词典？｜https://www.peopleapp.com/column/30052649450-500007596561
- 2026-07-14｜正观新闻｜AI生成“种草”笔记？测评真实性不能留“坑”｜https://www.peopleapp.com/column/30052656348-500007597494
- 2026-07-14｜人民日报｜寰宇平：校准智能向善航向，共筑普惠包容未来｜https://www.peopleapp.com/column/30052649366-500007596119
- 2026-07-14｜人民日报｜青年演员无戏可拍？人工智能逼出“真演技”｜https://www.peopleapp.com/column/30052649478-500007596562
- 2026-07-15｜工人日报｜“六天开一家公司”？AI研学应远离浮夸营销｜https://www.peopleapp.com/column/30052665327-500007599284
- 2026-07-27｜中国教育报客户端｜暑期AI研学究竟该学什么｜https://www.peopleapp.com/column/30052773347-500007620062
- 2026-08-11｜光明论微信公号｜挖土、做手工也算“AI研学”？莫让AI成培训机构的“万能贴牌”｜https://www.peopleapp.com/column/30052905474-500007646242

请基于以上官媒评论材料，写一份热点分析：先概括事件背景，再比较不同媒体的关注角度，最后提炼对申论写作、面试答题和公众号选题的启发。",peopleapp_opinion_20260712_30052631410_500007593154,2026-07-12,人民日报客户端,AI智能荐股？投资没有一键致富！,https://www.peopleapp.com/column/30052631410-500007593154
peopleapp_hotspot_ae03e533ff,热点,S,AI应用风险与智能向善治理,数字治理与消费权益,AI进入教育、投资、测评、文艺和安全场景后，治理重点是防诈骗、防滥用、守真实、明边界、促向善。,10,13,2026-07-12,2026-08-11,上观新闻、中国教育报客户端、中国青年报、人民日报、人民日报客户端、人民日报文艺微信公号、光明论微信公号、工人日报、正观新闻、经济日报,"选题：AI应用风险与智能向善治理
分类：数字治理与消费权益
核心角度：AI进入教育、投资、测评、文艺和安全场景后，治理重点是防诈骗、防滥用、守真实、明边界、促向善。
热点判断：10 家媒体、13 篇评论集中讨论。
时间范围：2026-07-12 至 2026-08-11
媒体来源：上观新闻、中国教育报客户端、中国青年报、人民日报、人民日报客户端、人民日报文艺微信公号、光明论微信公号、工人日报、正观新闻、经济日报
支撑文章：
- 2026-07-12｜中国青年报｜AI时代的教育，到底应该培养什么样的人？｜https://www.peopleapp.com/column/30052626399-500007591339
- 2026-07-12｜人民日报客户端｜AI智能荐股？投资没有一键致富！｜https://www.peopleapp.com/column/30052631410-500007593154
- 2026-07-12｜人民日报客户端｜经济热点快评丨防诈提示！别让AI荐股骗了你｜https://www.peopleapp.com/column/30052634719-500007593325
- 2026-07-13｜人民日报文艺微信公号｜AI时代，我们还需要“手搓”文学吗？｜https://www.peopleapp.com/column/30052641185-500007594245
- 2026-07-13｜上观新闻｜撕掉高科技滤镜，AI研学别只剩营销噱头｜https://www.peopleapp.com/column/30052644722-500007595506
- 2026-07-13｜经济日报｜谨防境外AI“后门”风险｜https://www.peopleapp.com/column/30052641305-500007594125
- 2026-07-14｜人民日报｜AI时代，为何还要翻字词典？｜https://www.peopleapp.com/column/30052649450-500007596561
- 2026-07-14｜正观新闻｜AI生成“种草”笔记？测评真实性不能留“坑”｜https://www.peopleapp.com/column/30052656348-500007597494
- 2026-07-14｜人民日报｜寰宇平：校准智能向善航向，共筑普惠包容未来｜https://www.peopleapp.com/column/30052649366-500007596119
- 2026-07-14｜人民日报｜青年演员无戏可拍？人工智能逼出“真演技”｜https://www.peopleapp.com/column/30052649478-500007596562
- 2026-07-15｜工人日报｜“六天开一家公司”？AI研学应远离浮夸营销｜https://www.peopleapp.com/column/30052665327-500007599284
- 2026-07-27｜中国教育报客户端｜暑期AI研学究竟该学什么｜https://www.peopleapp.com/column/30052773347-500007620062
- 2026-08-11｜光明论微信公号｜挖土、做手工也算“AI研学”？莫让AI成培训机构的“万能贴牌”｜https://www.peopleapp.com/column/30052905474-500007646242

请基于以上官媒评论材料，写一份热点分析：先概括事件背景，再比较不同媒体的关注角度，最后提炼对申论写作、面试答题和公众号选题的启发。",peopleapp_opinion_20260712_30052634719_500007593325,2026-07-12,人民日报客户端,经济热点快评丨防诈提示！别让AI荐股骗了你,https://www.peopleapp.com/column/30052634719-500007593325
peopleapp_hotspot_ae03e533ff,热点,S,AI应用风险与智能向善治理,数字治理与消费权益,AI进入教育、投资、测评、文艺和安全场景后，治理重点是防诈骗、防滥用、守真实、明边界、促向善。,10,13,2026-07-12,2026-08-11,上观新闻、中国教育报客户端、中国青年报、人民日报、人民日报客户端、人民日报文艺微信公号、光明论微信公号、工人日报、正观新闻、经济日报,"选题：AI应用风险与智能向善治理
分类：数字治理与消费权益
核心角度：AI进入教育、投资、测评、文艺和安全场景后，治理重点是防诈骗、防滥用、守真实、明边界、促向善。
热点判断：10 家媒体、13 篇评论集中讨论。
时间范围：2026-07-12 至 2026-08-11
媒体来源：上观新闻、中国教育报客户端、中国青年报、人民日报、人民日报客户端、人民日报文艺微信公号、光明论微信公号、工人日报、正观新闻、经济日报
支撑文章：
- 2026-07-12｜中国青年报｜AI时代的教育，到底应该培养什么样的人？｜https://www.peopleapp.com/column/30052626399-500007591339
- 2026-07-12｜人民日报客户端｜AI智能荐股？投资没有一键致富！｜https://www.peopleapp.com/column/30052631410-500007593154
- 2026-07-12｜人民日报客户端｜经济热点快评丨防诈提示！别让AI荐股骗了你｜https://www.peopleapp.com/column/30052634719-500007593325
- 2026-07-13｜人民日报文艺微信公号｜AI时代，我们还需要“手搓”文学吗？｜https://www.peopleapp.com/column/30052641185-500007594245
- 2026-07-13｜上观新闻｜撕掉高科技滤镜，AI研学别只剩营销噱头｜https://www.peopleapp.com/column/30052644722-500007595506
- 2026-07-13｜经济日报｜谨防境外AI“后门”风险｜https://www.peopleapp.com/column/30052641305-500007594125
- 2026-07-14｜人民日报｜AI时代，为何还要翻字词典？｜https://www.peopleapp.com/column/30052649450-500007596561
- 2026-07-14｜正观新闻｜AI生成“种草”笔记？测评真实性不能留“坑”｜https://www.peopleapp.com/column/30052656348-500007597494
- 2026-07-14｜人民日报｜寰宇平：校准智能向善航向，共筑普惠包容未来｜https://www.peopleapp.com/column/30052649366-500007596119
- 2026-07-14｜人民日报｜青年演员无戏可拍？人工智能逼出“真演技”｜https://www.peopleapp.com/column/30052649478-500007596562
- 2026-07-15｜工人日报｜“六天开一家公司”？AI研学应远离浮夸营销｜https://www.peopleapp.com/column/30052665327-500007599284
- 2026-07-27｜中国教育报客户端｜暑期AI研学究竟该学什么｜https://www.peopleapp.com/column/30052773347-500007620062
- 2026-08-11｜光明论微信公号｜挖土、做手工也算“AI研学”？莫让AI成培训机构的“万能贴牌”｜https://www.peopleapp.com/column/30052905474-500007646242

请基于以上官媒评论材料，写一份热点分析：先概括事件背景，再比较不同媒体的关注角度，最后提炼对申论写作、面试答题和公众号选题的启发。",peopleapp_opinion_20260713_30052641185_500007594245,2026-07-13,人民日报文艺微信公号,AI时代，我们还需要“手搓”文学吗？,https://www.peopleapp.com/column/30052641185-500007594245
peopleapp_hotspot_ae03e533ff,热点,S,AI应用风险与智能向善治理,数字治理与消费权益,AI进入教育、投资、测评、文艺和安全场景后，治理重点是防诈骗、防滥用、守真实、明边界、促向善。,10,13,2026-07-12,2026-08-11,上观新闻、中国教育报客户端、中国青年报、人民日报、人民日报客户端、人民日报文艺微信公号、光明论微信公号、工人日报、正观新闻、经济日报,"选题：AI应用风险与智能向善治理
分类：数字治理与消费权益
核心角度：AI进入教育、投资、测评、文艺和安全场景后，治理重点是防诈骗、防滥用、守真实、明边界、促向善。
热点判断：10 家媒体、13 篇评论集中讨论。
时间范围：2026-07-12 至 2026-08-11
媒体来源：上观新闻、中国教育报客户端、中国青年报、人民日报、人民日报客户端、人民日报文艺微信公号、光明论微信公号、工人日报、正观新闻、经济日报
支撑文章：
- 2026-07-12｜中国青年报｜AI时代的教育，到底应该培养什么样的人？｜https://www.peopleapp.com/column/30052626399-500007591339
- 2026-07-12｜人民日报客户端｜AI智能荐股？投资没有一键致富！｜https://www.peopleapp.com/column/30052631410-500007593154
- 2026-07-12｜人民日报客户端｜经济热点快评丨防诈提示！别让AI荐股骗了你｜https://www.peopleapp.com/column/30052634719-500007593325
- 2026-07-13｜人民日报文艺微信公号｜AI时代，我们还需要“手搓”文学吗？｜https://www.peopleapp.com/column/30052641185-500007594245
- 2026-07-13｜上观新闻｜撕掉高科技滤镜，AI研学别只剩营销噱头｜https://www.peopleapp.com/column/30052644722-500007595506
- 2026-07-13｜经济日报｜谨防境外AI“后门”风险｜https://www.peopleapp.com/column/30052641305-500007594125
- 2026-07-14｜人民日报｜AI时代，为何还要翻字词典？｜https://www.peopleapp.com/column/30052649450-500007596561
- 2026-07-14｜正观新闻｜AI生成“种草”笔记？测评真实性不能留“坑”｜https://www.peopleapp.com/column/30052656348-500007597494
- 2026-07-14｜人民日报｜寰宇平：校准智能向善航向，共筑普惠包容未来｜https://www.peopleapp.com/column/30052649366-500007596119
- 2026-07-14｜人民日报｜青年演员无戏可拍？人工智能逼出“真演技”｜https://www.peopleapp.com/column/30052649478-500007596562
- 2026-07-15｜工人日报｜“六天开一家公司”？AI研学应远离浮夸营销｜https://www.peopleapp.com/column/30052665327-500007599284
- 2026-07-27｜中国教育报客户端｜暑期AI研学究竟该学什么｜https://www.peopleapp.com/column/30052773347-500007620062
- 2026-08-11｜光明论微信公号｜挖土、做手工也算“AI研学”？莫让AI成培训机构的“万能贴牌”｜https://www.peopleapp.com/column/30052905474-500007646242

请基于以上官媒评论材料，写一份热点分析：先概括事件背景，再比较不同媒体的关注角度，最后提炼对申论写作、面试答题和公众号选题的启发。",peopleapp_opinion_20260713_30052644722_500007595506,2026-07-13,上观新闻,撕掉高科技滤镜，AI研学别只剩营销噱头,https://www.peopleapp.com/column/30052644722-500007595506
peopleapp_hotspot_ae03e533ff,热点,S,AI应用风险与智能向善治理,数字治理与消费权益,AI进入教育、投资、测评、文艺和安全场景后，治理重点是防诈骗、防滥用、守真实、明边界、促向善。,10,13,2026-07-12,2026-08-11,上观新闻、中国教育报客户端、中国青年报、人民日报、人民日报客户端、人民日报文艺微信公号、光明论微信公号、工人日报、正观新闻、经济日报,"选题：AI应用风险与智能向善治理
分类：数字治理与消费权益
核心角度：AI进入教育、投资、测评、文艺和安全场景后，治理重点是防诈骗、防滥用、守真实、明边界、促向善。
热点判断：10 家媒体、13 篇评论集中讨论。
时间范围：2026-07-12 至 2026-08-11
媒体来源：上观新闻、中国教育报客户端、中国青年报、人民日报、人民日报客户端、人民日报文艺微信公号、光明论微信公号、工人日报、正观新闻、经济日报
支撑文章：
- 2026-07-12｜中国青年报｜AI时代的教育，到底应该培养什么样的人？｜https://www.peopleapp.com/column/30052626399-500007591339
- 2026-07-12｜人民日报客户端｜AI智能荐股？投资没有一键致富！｜https://www.peopleapp.com/column/30052631410-500007593154
- 2026-07-12｜人民日报客户端｜经济热点快评丨防诈提示！别让AI荐股骗了你｜https://www.peopleapp.com/column/30052634719-500007593325
- 2026-07-13｜人民日报文艺微信公号｜AI时代，我们还需要“手搓”文学吗？｜https://www.peopleapp.com/column/30052641185-500007594245
- 2026-07-13｜上观新闻｜撕掉高科技滤镜，AI研学别只剩营销噱头｜https://www.peopleapp.com/column/30052644722-500007595506
- 2026-07-13｜经济日报｜谨防境外AI“后门”风险｜https://www.peopleapp.com/column/30052641305-500007594125
- 2026-07-14｜人民日报｜AI时代，为何还要翻字词典？｜https://www.peopleapp.com/column/30052649450-500007596561
- 2026-07-14｜正观新闻｜AI生成“种草”笔记？测评真实性不能留“坑”｜https://www.peopleapp.com/column/30052656348-500007597494
- 2026-07-14｜人民日报｜寰宇平：校准智能向善航向，共筑普惠包容未来｜https://www.peopleapp.com/column/30052649366-500007596119
- 2026-07-14｜人民日报｜青年演员无戏可拍？人工智能逼出“真演技”｜https://www.peopleapp.com/column/30052649478-500007596562
- 2026-07-15｜工人日报｜“六天开一家公司”？AI研学应远离浮夸营销｜https://www.peopleapp.com/column/30052665327-500007599284
- 2026-07-27｜中国教育报客户端｜暑期AI研学究竟该学什么｜https://www.peopleapp.com/column/30052773347-500007620062
- 2026-08-11｜光明论微信公号｜挖土、做手工也算“AI研学”？莫让AI成培训机构的“万能贴牌”｜https://www.peopleapp.com/column/30052905474-500007646242

请基于以上官媒评论材料，写一份热点分析：先概括事件背景，再比较不同媒体的关注角度，最后提炼对申论写作、面试答题和公众号选题的启发。",peopleapp_opinion_20260713_30052641305_500007594125,2026-07-13,经济日报,谨防境外AI“后门”风险,https://www.peopleapp.com/column/30052641305-500007594125
peopleapp_hotspot_ae03e533ff,热点,S,AI应用风险与智能向善治理,数字治理与消费权益,AI进入教育、投资、测评、文艺和安全场景后，治理重点是防诈骗、防滥用、守真实、明边界、促向善。,10,13,2026-07-12,2026-08-11,上观新闻、中国教育报客户端、中国青年报、人民日报、人民日报客户端、人民日报文艺微信公号、光明论微信公号、工人日报、正观新闻、经济日报,"选题：AI应用风险与智能向善治理
分类：数字治理与消费权益
核心角度：AI进入教育、投资、测评、文艺和安全场景后，治理重点是防诈骗、防滥用、守真实、明边界、促向善。
热点判断：10 家媒体、13 篇评论集中讨论。
时间范围：2026-07-12 至 2026-08-11
媒体来源：上观新闻、中国教育报客户端、中国青年报、人民日报、人民日报客户端、人民日报文艺微信公号、光明论微信公号、工人日报、正观新闻、经济日报
支撑文章：
- 2026-07-12｜中国青年报｜AI时代的教育，到底应该培养什么样的人？｜https://www.peopleapp.com/column/30052626399-500007591339
- 2026-07-12｜人民日报客户端｜AI智能荐股？投资没有一键致富！｜https://www.peopleapp.com/column/30052631410-500007593154
- 2026-07-12｜人民日报客户端｜经济热点快评丨防诈提示！别让AI荐股骗了你｜https://www.peopleapp.com/column/30052634719-500007593325
- 2026-07-13｜人民日报文艺微信公号｜AI时代，我们还需要“手搓”文学吗？｜https://www.peopleapp.com/column/30052641185-500007594245
- 2026-07-13｜上观新闻｜撕掉高科技滤镜，AI研学别只剩营销噱头｜https://www.peopleapp.com/column/30052644722-500007595506
- 2026-07-13｜经济日报｜谨防境外AI“后门”风险｜https://www.peopleapp.com/column/30052641305-500007594125
- 2026-07-14｜人民日报｜AI时代，为何还要翻字词典？｜https://www.peopleapp.com/column/30052649450-500007596561
- 2026-07-14｜正观新闻｜AI生成“种草”笔记？测评真实性不能留“坑”｜https://www.peopleapp.com/column/30052656348-500007597494
- 2026-07-14｜人民日报｜寰宇平：校准智能向善航向，共筑普惠包容未来｜https://www.peopleapp.com/column/30052649366-500007596119
- 2026-07-14｜人民日报｜青年演员无戏可拍？人工智能逼出“真演技”｜https://www.peopleapp.com/column/30052649478-500007596562
- 2026-07-15｜工人日报｜“六天开一家公司”？AI研学应远离浮夸营销｜https://www.peopleapp.com/column/30052665327-500007599284
- 2026-07-27｜中国教育报客户端｜暑期AI研学究竟该学什么｜https://www.peopleapp.com/column/30052773347-500007620062
- 2026-08-11｜光明论微信公号｜挖土、做手工也算“AI研学”？莫让AI成培训机构的“万能贴牌”｜https://www.peopleapp.com/column/30052905474-500007646242

请基于以上官媒评论材料，写一份热点分析：先概括事件背景，再比较不同媒体的关注角度，最后提炼对申论写作、面试答题和公众号选题的启发。",peopleapp_opinion_20260714_30052649450_500007596561,2026-07-14,人民日报,AI时代，为何还要翻字词典？,https://www.peopleapp.com/column/30052649450-500007596561
peopleapp_hotspot_ae03e533ff,热点,S,AI应用风险与智能向善治理,数字治理与消费权益,AI进入教育、投资、测评、文艺和安全场景后，治理重点是防诈骗、防滥用、守真实、明边界、促向善。,10,13,2026-07-12,2026-08-11,上观新闻、中国教育报客户端、中国青年报、人民日报、人民日报客户端、人民日报文艺微信公号、光明论微信公号、工人日报、正观新闻、经济日报,"选题：AI应用风险与智能向善治理
分类：数字治理与消费权益
核心角度：AI进入教育、投资、测评、文艺和安全场景后，治理重点是防诈骗、防滥用、守真实、明边界、促向善。
热点判断：10 家媒体、13 篇评论集中讨论。
时间范围：2026-07-12 至 2026-08-11
媒体来源：上观新闻、中国教育报客户端、中国青年报、人民日报、人民日报客户端、人民日报文艺微信公号、光明论微信公号、工人日报、正观新闻、经济日报
支撑文章：
- 2026-07-12｜中国青年报｜AI时代的教育，到底应该培养什么样的人？｜https://www.peopleapp.com/column/30052626399-500007591339
- 2026-07-12｜人民日报客户端｜AI智能荐股？投资没有一键致富！｜https://www.peopleapp.com/column/30052631410-500007593154
- 2026-07-12｜人民日报客户端｜经济热点快评丨防诈提示！别让AI荐股骗了你｜https://www.peopleapp.com/column/30052634719-500007593325
- 2026-07-13｜人民日报文艺微信公号｜AI时代，我们还需要“手搓”文学吗？｜https://www.peopleapp.com/column/30052641185-500007594245
- 2026-07-13｜上观新闻｜撕掉高科技滤镜，AI研学别只剩营销噱头｜https://www.peopleapp.com/column/30052644722-500007595506
- 2026-07-13｜经济日报｜谨防境外AI“后门”风险｜https://www.peopleapp.com/column/30052641305-500007594125
- 2026-07-14｜人民日报｜AI时代，为何还要翻字词典？｜https://www.peopleapp.com/column/30052649450-500007596561
- 2026-07-14｜正观新闻｜AI生成“种草”笔记？测评真实性不能留“坑”｜https://www.peopleapp.com/column/30052656348-500007597494
- 2026-07-14｜人民日报｜寰宇平：校准智能向善航向，共筑普惠包容未来｜https://www.peopleapp.com/column/30052649366-500007596119
- 2026-07-14｜人民日报｜青年演员无戏可拍？人工智能逼出“真演技”｜https://www.peopleapp.com/column/30052649478-500007596562
- 2026-07-15｜工人日报｜“六天开一家公司”？AI研学应远离浮夸营销｜https://www.peopleapp.com/column/30052665327-500007599284
- 2026-07-27｜中国教育报客户端｜暑期AI研学究竟该学什么｜https://www.peopleapp.com/column/30052773347-500007620062
- 2026-08-11｜光明论微信公号｜挖土、做手工也算“AI研学”？莫让AI成培训机构的“万能贴牌”｜https://www.peopleapp.com/column/30052905474-500007646242

请基于以上官媒评论材料，写一份热点分析：先概括事件背景，再比较不同媒体的关注角度，最后提炼对申论写作、面试答题和公众号选题的启发。",peopleapp_opinion_20260714_30052656348_500007597494,2026-07-14,正观新闻,AI生成“种草”笔记？测评真实性不能留“坑”,https://www.peopleapp.com/column/30052656348-500007597494
peopleapp_hotspot_ae03e533ff,热点,S,AI应用风险与智能向善治理,数字治理与消费权益,AI进入教育、投资、测评、文艺和安全场景后，治理重点是防诈骗、防滥用、守真实、明边界、促向善。,10,13,2026-07-12,2026-08-11,上观新闻、中国教育报客户端、中国青年报、人民日报、人民日报客户端、人民日报文艺微信公号、光明论微信公号、工人日报、正观新闻、经济日报,"选题：AI应用风险与智能向善治理
分类：数字治理与消费权益
核心角度：AI进入教育、投资、测评、文艺和安全场景后，治理重点是防诈骗、防滥用、守真实、明边界、促向善。
热点判断：10 家媒体、13 篇评论集中讨论。
时间范围：2026-07-12 至 2026-08-11
媒体来源：上观新闻、中国教育报客户端、中国青年报、人民日报、人民日报客户端、人民日报文艺微信公号、光明论微信公号、工人日报、正观新闻、经济日报
支撑文章：
- 2026-07-12｜中国青年报｜AI时代的教育，到底应该培养什么样的人？｜https://www.peopleapp.com/column/30052626399-500007591339
- 2026-07-12｜人民日报客户端｜AI智能荐股？投资没有一键致富！｜https://www.peopleapp.com/column/30052631410-500007593154
- 2026-07-12｜人民日报客户端｜经济热点快评丨防诈提示！别让AI荐股骗了你｜https://www.peopleapp.com/column/30052634719-500007593325
- 2026-07-13｜人民日报文艺微信公号｜AI时代，我们还需要“手搓”文学吗？｜https://www.peopleapp.com/column/30052641185-500007594245
- 2026-07-13｜上观新闻｜撕掉高科技滤镜，AI研学别只剩营销噱头｜https://www.peopleapp.com/column/30052644722-500007595506
- 2026-07-13｜经济日报｜谨防境外AI“后门”风险｜https://www.peopleapp.com/column/30052641305-500007594125
- 2026-07-14｜人民日报｜AI时代，为何还要翻字词典？｜https://www.peopleapp.com/column/30052649450-500007596561
- 2026-07-14｜正观新闻｜AI生成“种草”笔记？测评真实性不能留“坑”｜https://www.peopleapp.com/column/30052656348-500007597494
- 2026-07-14｜人民日报｜寰宇平：校准智能向善航向，共筑普惠包容未来｜https://www.peopleapp.com/column/30052649366-500007596119
- 2026-07-14｜人民日报｜青年演员无戏可拍？人工智能逼出“真演技”｜https://www.peopleapp.com/column/30052649478-500007596562
- 2026-07-15｜工人日报｜“六天开一家公司”？AI研学应远离浮夸营销｜https://www.peopleapp.com/column/30052665327-500007599284
- 2026-07-27｜中国教育报客户端｜暑期AI研学究竟该学什么｜https://www.peopleapp.com/column/30052773347-500007620062
- 2026-08-11｜光明论微信公号｜挖土、做手工也算“AI研学”？莫让AI成培训机构的“万能贴牌”｜https://www.peopleapp.com/column/30052905474-500007646242

请基于以上官媒评论材料，写一份热点分析：先概括事件背景，再比较不同媒体的关注角度，最后提炼对申论写作、面试答题和公众号选题的启发。",peopleapp_opinion_20260714_30052649366_500007596119,2026-07-14,人民日报,寰宇平：校准智能向善航向，共筑普惠包容未来,https://www.peopleapp.com/column/30052649366-500007596119
peopleapp_hotspot_ae03e533ff,热点,S,AI应用风险与智能向善治理,数字治理与消费权益,AI进入教育、投资、测评、文艺和安全场景后，治理重点是防诈骗、防滥用、守真实、明边界、促向善。,10,13,2026-07-12,2026-08-11,上观新闻、中国教育报客户端、中国青年报、人民日报、人民日报客户端、人民日报文艺微信公号、光明论微信公号、工人日报、正观新闻、经济日报,"选题：AI应用风险与智能向善治理
分类：数字治理与消费权益
核心角度：AI进入教育、投资、测评、文艺和安全场景后，治理重点是防诈骗、防滥用、守真实、明边界、促向善。
热点判断：10 家媒体、13 篇评论集中讨论。
时间范围：2026-07-12 至 2026-08-11
媒体来源：上观新闻、中国教育报客户端、中国青年报、人民日报、人民日报客户端、人民日报文艺微信公号、光明论微信公号、工人日报、正观新闻、经济日报
支撑文章：
- 2026-07-12｜中国青年报｜AI时代的教育，到底应该培养什么样的人？｜https://www.peopleapp.com/column/30052626399-500007591339
- 2026-07-12｜人民日报客户端｜AI智能荐股？投资没有一键致富！｜https://www.peopleapp.com/column/30052631410-500007593154
- 2026-07-12｜人民日报客户端｜经济热点快评丨防诈提示！别让AI荐股骗了你｜https://www.peopleapp.com/column/30052634719-500007593325
- 2026-07-13｜人民日报文艺微信公号｜AI时代，我们还需要“手搓”文学吗？｜https://www.peopleapp.com/column/30052641185-500007594245
- 2026-07-13｜上观新闻｜撕掉高科技滤镜，AI研学别只剩营销噱头｜https://www.peopleapp.com/column/30052644722-500007595506
- 2026-07-13｜经济日报｜谨防境外AI“后门”风险｜https://www.peopleapp.com/column/30052641305-500007594125
- 2026-07-14｜人民日报｜AI时代，为何还要翻字词典？｜https://www.peopleapp.com/column/30052649450-500007596561
- 2026-07-14｜正观新闻｜AI生成“种草”笔记？测评真实性不能留“坑”｜https://www.peopleapp.com/column/30052656348-500007597494
- 2026-07-14｜人民日报｜寰宇平：校准智能向善航向，共筑普惠包容未来｜https://www.peopleapp.com/column/30052649366-500007596119
- 2026-07-14｜人民日报｜青年演员无戏可拍？人工智能逼出“真演技”｜https://www.peopleapp.com/column/30052649478-500007596562
- 2026-07-15｜工人日报｜“六天开一家公司”？AI研学应远离浮夸营销｜https://www.peopleapp.com/column/30052665327-500007599284
- 2026-07-27｜中国教育报客户端｜暑期AI研学究竟该学什么｜https://www.peopleapp.com/column/30052773347-500007620062
- 2026-08-11｜光明论微信公号｜挖土、做手工也算“AI研学”？莫让AI成培训机构的“万能贴牌”｜https://www.peopleapp.com/column/30052905474-500007646242

请基于以上官媒评论材料，写一份热点分析：先概括事件背景，再比较不同媒体的关注角度，最后提炼对申论写作、面试答题和公众号选题的启发。",peopleapp_opinion_20260714_30052649478_500007596562,2026-07-14,人民日报,青年演员无戏可拍？人工智能逼出“真演技”,https://www.peopleapp.com/column/30052649478-500007596562
peopleapp_hotspot_ae03e533ff,热点,S,AI应用风险与智能向善治理,数字治理与消费权益,AI进入教育、投资、测评、文艺和安全场景后，治理重点是防诈骗、防滥用、守真实、明边界、促向善。,10,13,2026-07-12,2026-08-11,上观新闻、中国教育报客户端、中国青年报、人民日报、人民日报客户端、人民日报文艺微信公号、光明论微信公号、工人日报、正观新闻、经济日报,"选题：AI应用风险与智能向善治理
分类：数字治理与消费权益
核心角度：AI进入教育、投资、测评、文艺和安全场景后，治理重点是防诈骗、防滥用、守真实、明边界、促向善。
热点判断：10 家媒体、13 篇评论集中讨论。
时间范围：2026-07-12 至 2026-08-11
媒体来源：上观新闻、中国教育报客户端、中国青年报、人民日报、人民日报客户端、人民日报文艺微信公号、光明论微信公号、工人日报、正观新闻、经济日报
支撑文章：
- 2026-07-12｜中国青年报｜AI时代的教育，到底应该培养什么样的人？｜https://www.peopleapp.com/column/30052626399-500007591339
- 2026-07-12｜人民日报客户端｜AI智能荐股？投资没有一键致富！｜https://www.peopleapp.com/column/30052631410-500007593154
- 2026-07-12｜人民日报客户端｜经济热点快评丨防诈提示！别让AI荐股骗了你｜https://www.peopleapp.com/column/30052634719-500007593325
- 2026-07-13｜人民日报文艺微信公号｜AI时代，我们还需要“手搓”文学吗？｜https://www.peopleapp.com/column/30052641185-500007594245
- 2026-07-13｜上观新闻｜撕掉高科技滤镜，AI研学别只剩营销噱头｜https://www.peopleapp.com/column/30052644722-500007595506
- 2026-07-13｜经济日报｜谨防境外AI“后门”风险｜https://www.peopleapp.com/column/30052641305-500007594125
- 2026-07-14｜人民日报｜AI时代，为何还要翻字词典？｜https://www.peopleapp.com/column/30052649450-500007596561
- 2026-07-14｜正观新闻｜AI生成“种草”笔记？测评真实性不能留“坑”｜https://www.peopleapp.com/column/30052656348-500007597494
- 2026-07-14｜人民日报｜寰宇平：校准智能向善航向，共筑普惠包容未来｜https://www.peopleapp.com/column/30052649366-500007596119
- 2026-07-14｜人民日报｜青年演员无戏可拍？人工智能逼出“真演技”｜https://www.peopleapp.com/column/30052649478-500007596562
- 2026-07-15｜工人日报｜“六天开一家公司”？AI研学应远离浮夸营销｜https://www.peopleapp.com/column/30052665327-500007599284
- 2026-07-27｜中国教育报客户端｜暑期AI研学究竟该学什么｜https://www.peopleapp.com/column/30052773347-500007620062
- 2026-08-11｜光明论微信公号｜挖土、做手工也算“AI研学”？莫让AI成培训机构的“万能贴牌”｜https://www.peopleapp.com/column/30052905474-500007646242

请基于以上官媒评论材料，写一份热点分析：先概括事件背景，再比较不同媒体的关注角度，最后提炼对申论写作、面试答题和公众号选题的启发。",peopleapp_opinion_20260715_30052665327_500007599284,2026-07-15,工人日报,“六天开一家公司”？AI研学应远离浮夸营销,https://www.peopleapp.com/column/30052665327-500007599284
peopleapp_hotspot_ae03e533ff,热点,S,AI应用风险与智能向善治理,数字治理与消费权益,AI进入教育、投资、测评、文艺和安全场景后，治理重点是防诈骗、防滥用、守真实、明边界、促向善。,10,13,2026-07-12,2026-08-11,上观新闻、中国教育报客户端、中国青年报、人民日报、人民日报客户端、人民日报文艺微信公号、光明论微信公号、工人日报、正观新闻、经济日报,"选题：AI应用风险与智能向善治理
分类：数字治理与消费权益
核心角度：AI进入教育、投资、测评、文艺和安全场景后，治理重点是防诈骗、防滥用、守真实、明边界、促向善。
热点判断：10 家媒体、13 篇评论集中讨论。
时间范围：2026-07-12 至 2026-08-11
媒体来源：上观新闻、中国教育报客户端、中国青年报、人民日报、人民日报客户端、人民日报文艺微信公号、光明论微信公号、工人日报、正观新闻、经济日报
支撑文章：
- 2026-07-12｜中国青年报｜AI时代的教育，到底应该培养什么样的人？｜https://www.peopleapp.com/column/30052626399-500007591339
- 2026-07-12｜人民日报客户端｜AI智能荐股？投资没有一键致富！｜https://www.peopleapp.com/column/30052631410-500007593154
- 2026-07-12｜人民日报客户端｜经济热点快评丨防诈提示！别让AI荐股骗了你｜https://www.peopleapp.com/column/30052634719-500007593325
- 2026-07-13｜人民日报文艺微信公号｜AI时代，我们还需要“手搓”文学吗？｜https://www.peopleapp.com/column/30052641185-500007594245
- 2026-07-13｜上观新闻｜撕掉高科技滤镜，AI研学别只剩营销噱头｜https://www.peopleapp.com/column/30052644722-500007595506
- 2026-07-13｜经济日报｜谨防境外AI“后门”风险｜https://www.peopleapp.com/column/30052641305-500007594125
- 2026-07-14｜人民日报｜AI时代，为何还要翻字词典？｜https://www.peopleapp.com/column/30052649450-500007596561
- 2026-07-14｜正观新闻｜AI生成“种草”笔记？测评真实性不能留“坑”｜https://www.peopleapp.com/column/30052656348-500007597494
- 2026-07-14｜人民日报｜寰宇平：校准智能向善航向，共筑普惠包容未来｜https://www.peopleapp.com/column/30052649366-500007596119
- 2026-07-14｜人民日报｜青年演员无戏可拍？人工智能逼出“真演技”｜https://www.peopleapp.com/column/30052649478-500007596562
- 2026-07-15｜工人日报｜“六天开一家公司”？AI研学应远离浮夸营销｜https://www.peopleapp.com/column/30052665327-500007599284
- 2026-07-27｜中国教育报客户端｜暑期AI研学究竟该学什么｜https://www.peopleapp.com/column/30052773347-500007620062
- 2026-08-11｜光明论微信公号｜挖土、做手工也算“AI研学”？莫让AI成培训机构的“万能贴牌”｜https://www.peopleapp.com/column/30052905474-500007646242

请基于以上官媒评论材料，写一份热点分析：先概括事件背景，再比较不同媒体的关注角度，最后提炼对申论写作、面试答题和公众号选题的启发。",peopleapp_opinion_20260727_30052773347_500007620062,2026-07-27,中国教育报客户端,暑期AI研学究竟该学什么,https://www.peopleapp.com/column/30052773347-500007620062
peopleapp_hotspot_ae03e533ff,热点,S,AI应用风险与智能向善治理,数字治理与消费权益,AI进入教育、投资、测评、文艺和安全场景后，治理重点是防诈骗、防滥用、守真实、明边界、促向善。,10,13,2026-07-12,2026-08-11,上观新闻、中国教育报客户端、中国青年报、人民日报、人民日报客户端、人民日报文艺微信公号、光明论微信公号、工人日报、正观新闻、经济日报,"选题：AI应用风险与智能向善治理
分类：数字治理与消费权益
核心角度：AI进入教育、投资、测评、文艺和安全场景后，治理重点是防诈骗、防滥用、守真实、明边界、促向善。
热点判断：10 家媒体、13 篇评论集中讨论。
时间范围：2026-07-12 至 2026-08-11
媒体来源：上观新闻、中国教育报客户端、中国青年报、人民日报、人民日报客户端、人民日报文艺微信公号、光明论微信公号、工人日报、正观新闻、经济日报
支撑文章：
- 2026-07-12｜中国青年报｜AI时代的教育，到底应该培养什么样的人？｜https://www.peopleapp.com/column/30052626399-500007591339
- 2026-07-12｜人民日报客户端｜AI智能荐股？投资没有一键致富！｜https://www.peopleapp.com/column/30052631410-500007593154
- 2026-07-12｜人民日报客户端｜经济热点快评丨防诈提示！别让AI荐股骗了你｜https://www.peopleapp.com/column/30052634719-500007593325
- 2026-07-13｜人民日报文艺微信公号｜AI时代，我们还需要“手搓”文学吗？｜https://www.peopleapp.com/column/30052641185-500007594245
- 2026-07-13｜上观新闻｜撕掉高科技滤镜，AI研学别只剩营销噱头｜https://www.peopleapp.com/column/30052644722-500007595506
- 2026-07-13｜经济日报｜谨防境外AI“后门”风险｜https://www.peopleapp.com/column/30052641305-500007594125
- 2026-07-14｜人民日报｜AI时代，为何还要翻字词典？｜https://www.peopleapp.com/column/30052649450-500007596561
- 2026-07-14｜正观新闻｜AI生成“种草”笔记？测评真实性不能留“坑”｜https://www.peopleapp.com/column/30052656348-500007597494
- 2026-07-14｜人民日报｜寰宇平：校准智能向善航向，共筑普惠包容未来｜https://www.peopleapp.com/column/30052649366-500007596119
- 2026-07-14｜人民日报｜青年演员无戏可拍？人工智能逼出“真演技”｜https://www.peopleapp.com/column/30052649478-500007596562
- 2026-07-15｜工人日报｜“六天开一家公司”？AI研学应远离浮夸营销｜https://www.peopleapp.com/column/30052665327-500007599284
- 2026-07-27｜中国教育报客户端｜暑期AI研学究竟该学什么｜https://www.peopleapp.com/column/30052773347-500007620062
- 2026-08-11｜光明论微信公号｜挖土、做手工也算“AI研学”？莫让AI成培训机构的“万能贴牌”｜https://www.peopleapp.com/column/30052905474-500007646242

请基于以上官媒评论材料，写一份热点分析：先概括事件背景，再比较不同媒体的关注角度，最后提炼对申论写作、面试答题和公众号选题的启发。",peopleapp_opinion_20260811_30052905474_500007646242,2026-08-11,光明论微信公号,挖土、做手工也算“AI研学”？莫让AI成培训机构的“万能贴牌”,https://www.peopleapp.com/column/30052905474-500007646242
peopleapp_hotspot_4b8c89a471,热点,S,世界杯中的体育精神与人文价值,体育文化与社会心态,把赛场胜负延伸到尊重弱者、全球流动、文化多样性和昂扬精神等公共价值。,9,22,2026-06-24,2026-07-28,人民日报、人民日报体育、人民日报体育微信公号、人民日报客户端、人民日报微博、人民日报海外版、南方日报、工人日报、经济日报,"选题：世界杯中的体育精神与人文价值
分类：体育文化与社会心态
核心角度：把赛场胜负延伸到尊重弱者、全球流动、文化多样性和昂扬精神等公共价值。
热点判断：9 家媒体、22 篇评论集中讨论。
时间范围：2026-06-24 至 2026-07-28
媒体来源：人民日报、人民日报体育、人民日报体育微信公号、人民日报客户端、人民日报微博、人民日报海外版、南方日报、工人日报、经济日报
支撑文章：
- 2026-06-24｜人民日报海外版｜世界杯，不止一种色彩｜https://www.peopleapp.com/column/30052473961-500007562111
- 2026-06-25｜人民日报体育微信公号｜美加墨世界杯丨16年前小组赛出局的东道主，今日逆袭出线｜https://www.peopleapp.com/column/30052491321-500007565389
- 2026-06-27｜人民日报体育微信公号｜美加墨世界杯｜佛得角奇迹，“全球化”足球的成功密码｜https://www.peopleapp.com/column/30052504770-500007568465
- 2026-06-28｜人民日报客户端｜伊朗队，昂着头告别世界杯｜https://www.peopleapp.com/column/30052507936-500007569411
- 2026-06-29｜工人日报｜如果用声音来形容世界杯，你会想到什么？｜https://www.peopleapp.com/column/30052516055-500007570955
- 2026-06-29｜人民日报体育微信公号｜美加墨世界杯｜“小国弱旅”诠释足球魅力｜https://www.peopleapp.com/column/30052519465-500007571845
- 2026-06-30｜人民日报客户端｜“小国弱旅”为何赢得全世界尊重｜https://www.peopleapp.com/column/30052526262-500007573763
- 2026-07-03｜人民日报体育微信公号｜美加墨世界杯｜这一场告别，有苦笑和眼泪｜https://www.peopleapp.com/column/30052559568-500007579723
- 2026-07-04｜人民日报微博｜告别本届世界杯，但佛得角已经创造了历史｜https://www.peopleapp.com/column/30052561315-500007580055
- 2026-07-06｜人民日报体育微信公号｜美加墨世界杯｜双星闪耀！足坛新世代已经到来｜https://www.peopleapp.com/column/30052580671-500007583236
- 2026-07-07｜人民日报微博｜CR7，谢谢你陪我们走过青春｜https://www.peopleapp.com/column/30052586488-500007584214
- 2026-07-07｜人民日报｜美加墨世界杯｜名将不言谢幕，新锐踏浪而来｜https://www.peopleapp.com/column/30052582997-500007584210
- 2026-07-07｜人民日报体育｜美加墨世界杯｜陪C罗最后一舞的，是一代人的青春｜https://www.peopleapp.com/column/30052590858-500007585382
- 2026-07-07｜南方日报｜美国把霸权之手伸向了世界杯｜https://www.peopleapp.com/column/30052586739-500007584229
- 2026-07-08｜人民日报海外版｜名将世界杯“最后一舞”，道别是一件难事｜https://www.peopleapp.com/column/30052594420-500007585878
- 2026-07-09｜人民日报｜世界杯八强出炉，足坛竞争格局有这些变化｜https://www.peopleapp.com/column/30052604047-500007587675
- 2026-07-15｜人民日报体育微信公号｜美加墨世界杯｜天才败给了体系｜https://www.peopleapp.com/column/30052667961-500007599624
- 2026-07-18｜人民日报海外版｜世界杯叠加暑期旅行热潮，美国入境旅游业为何“遇冷”？｜https://www.peopleapp.com/column/30052693027-500007604426
- 2026-07-19｜工人日报｜世界杯的变与不变｜https://www.peopleapp.com/column/30052696313-500007604994
- 2026-07-22｜经济日报｜AI成了世界杯特殊“球友”｜https://www.peopleapp.com/column/30052728841-500007611971
- 2026-07-22｜人民日报海外版｜人生不过几次世界杯｜https://www.peopleapp.com/column/30052723534-500007610546
- 2026-07-28｜人民日报｜世界杯给中国足球带来哪些启发？｜https://www.peopleapp.com/column/30052777815-500007620700

请基于以上官媒评论材料，写一份热点分析：先概括事件背景，再比较不同媒体的关注角度，最后提炼对申论写作、面试答题和公众号选题的启发。",peopleapp_opinion_20260624_30052473961_500007562111,2026-06-24,人民日报海外版,世界杯，不止一种色彩,https://www.peopleapp.com/column/30052473961-500007562111
peopleapp_hotspot_4b8c89a471,热点,S,世界杯中的体育精神与人文价值,体育文化与社会心态,把赛场胜负延伸到尊重弱者、全球流动、文化多样性和昂扬精神等公共价值。,9,22,2026-06-24,2026-07-28,人民日报、人民日报体育、人民日报体育微信公号、人民日报客户端、人民日报微博、人民日报海外版、南方日报、工人日报、经济日报,"选题：世界杯中的体育精神与人文价值
分类：体育文化与社会心态
核心角度：把赛场胜负延伸到尊重弱者、全球流动、文化多样性和昂扬精神等公共价值。
热点判断：9 家媒体、22 篇评论集中讨论。
时间范围：2026-06-24 至 2026-07-28
媒体来源：人民日报、人民日报体育、人民日报体育微信公号、人民日报客户端、人民日报微博、人民日报海外版、南方日报、工人日报、经济日报
支撑文章：
- 2026-06-24｜人民日报海外版｜世界杯，不止一种色彩｜https://www.peopleapp.com/column/30052473961-500007562111
- 2026-06-25｜人民日报体育微信公号｜美加墨世界杯丨16年前小组赛出局的东道主，今日逆袭出线｜https://www.peopleapp.com/column/30052491321-500007565389
- 2026-06-27｜人民日报体育微信公号｜美加墨世界杯｜佛得角奇迹，“全球化”足球的成功密码｜https://www.peopleapp.com/column/30052504770-500007568465
- 2026-06-28｜人民日报客户端｜伊朗队，昂着头告别世界杯｜https://www.peopleapp.com/column/30052507936-500007569411
- 2026-06-29｜工人日报｜如果用声音来形容世界杯，你会想到什么？｜https://www.peopleapp.com/column/30052516055-500007570955
- 2026-06-29｜人民日报体育微信公号｜美加墨世界杯｜“小国弱旅”诠释足球魅力｜https://www.peopleapp.com/column/30052519465-500007571845
- 2026-06-30｜人民日报客户端｜“小国弱旅”为何赢得全世界尊重｜https://www.peopleapp.com/column/30052526262-500007573763
- 2026-07-03｜人民日报体育微信公号｜美加墨世界杯｜这一场告别，有苦笑和眼泪｜https://www.peopleapp.com/column/30052559568-500007579723
- 2026-07-04｜人民日报微博｜告别本届世界杯，但佛得角已经创造了历史｜https://www.peopleapp.com/column/30052561315-500007580055
- 2026-07-06｜人民日报体育微信公号｜美加墨世界杯｜双星闪耀！足坛新世代已经到来｜https://www.peopleapp.com/column/30052580671-500007583236
- 2026-07-07｜人民日报微博｜CR7，谢谢你陪我们走过青春｜https://www.peopleapp.com/column/30052586488-500007584214
- 2026-07-07｜人民日报｜美加墨世界杯｜名将不言谢幕，新锐踏浪而来｜https://www.peopleapp.com/column/30052582997-500007584210
- 2026-07-07｜人民日报体育｜美加墨世界杯｜陪C罗最后一舞的，是一代人的青春｜https://www.peopleapp.com/column/30052590858-500007585382
- 2026-07-07｜南方日报｜美国把霸权之手伸向了世界杯｜https://www.peopleapp.com/column/30052586739-500007584229
- 2026-07-08｜人民日报海外版｜名将世界杯“最后一舞”，道别是一件难事｜https://www.peopleapp.com/column/30052594420-500007585878
- 2026-07-09｜人民日报｜世界杯八强出炉，足坛竞争格局有这些变化｜https://www.peopleapp.com/column/30052604047-500007587675
- 2026-07-15｜人民日报体育微信公号｜美加墨世界杯｜天才败给了体系｜https://www.peopleapp.com/column/30052667961-500007599624
- 2026-07-18｜人民日报海外版｜世界杯叠加暑期旅行热潮，美国入境旅游业为何“遇冷”？｜https://www.peopleapp.com/column/30052693027-500007604426
- 2026-07-19｜工人日报｜世界杯的变与不变｜https://www.peopleapp.com/column/30052696313-500007604994
- 2026-07-22｜经济日报｜AI成了世界杯特殊“球友”｜https://www.peopleapp.com/column/30052728841-500007611971
- 2026-07-22｜人民日报海外版｜人生不过几次世界杯｜https://www.peopleapp.com/column/30052723534-500007610546
- 2026-07-28｜人民日报｜世界杯给中国足球带来哪些启发？｜https://www.peopleapp.com/column/30052777815-500007620700

请基于以上官媒评论材料，写一份热点分析：先概括事件背景，再比较不同媒体的关注角度，最后提炼对申论写作、面试答题和公众号选题的启发。",peopleapp_opinion_20260625_30052491321_500007565389,2026-06-25,人民日报体育微信公号,美加墨世界杯丨16年前小组赛出局的东道主，今日逆袭出线,https://www.peopleapp.com/column/30052491321-500007565389
peopleapp_hotspot_4b8c89a471,热点,S,世界杯中的体育精神与人文价值,体育文化与社会心态,把赛场胜负延伸到尊重弱者、全球流动、文化多样性和昂扬精神等公共价值。,9,22,2026-06-24,2026-07-28,人民日报、人民日报体育、人民日报体育微信公号、人民日报客户端、人民日报微博、人民日报海外版、南方日报、工人日报、经济日报,"选题：世界杯中的体育精神与人文价值
分类：体育文化与社会心态
核心角度：把赛场胜负延伸到尊重弱者、全球流动、文化多样性和昂扬精神等公共价值。
热点判断：9 家媒体、22 篇评论集中讨论。
时间范围：2026-06-24 至 2026-07-28
媒体来源：人民日报、人民日报体育、人民日报体育微信公号、人民日报客户端、人民日报微博、人民日报海外版、南方日报、工人日报、经济日报
支撑文章：
- 2026-06-24｜人民日报海外版｜世界杯，不止一种色彩｜https://www.peopleapp.com/column/30052473961-500007562111
- 2026-06-25｜人民日报体育微信公号｜美加墨世界杯丨16年前小组赛出局的东道主，今日逆袭出线｜https://www.peopleapp.com/column/30052491321-500007565389
- 2026-06-27｜人民日报体育微信公号｜美加墨世界杯｜佛得角奇迹，“全球化”足球的成功密码｜https://www.peopleapp.com/column/30052504770-500007568465
- 2026-06-28｜人民日报客户端｜伊朗队，昂着头告别世界杯｜https://www.peopleapp.com/column/30052507936-500007569411
- 2026-06-29｜工人日报｜如果用声音来形容世界杯，你会想到什么？｜https://www.peopleapp.com/column/30052516055-500007570955
- 2026-06-29｜人民日报体育微信公号｜美加墨世界杯｜“小国弱旅”诠释足球魅力｜https://www.peopleapp.com/column/30052519465-500007571845
- 2026-06-30｜人民日报客户端｜“小国弱旅”为何赢得全世界尊重｜https://www.peopleapp.com/column/30052526262-500007573763
- 2026-07-03｜人民日报体育微信公号｜美加墨世界杯｜这一场告别，有苦笑和眼泪｜https://www.peopleapp.com/column/30052559568-500007579723
- 2026-07-04｜人民日报微博｜告别本届世界杯，但佛得角已经创造了历史｜https://www.peopleapp.com/column/30052561315-500007580055
- 2026-07-06｜人民日报体育微信公号｜美加墨世界杯｜双星闪耀！足坛新世代已经到来｜https://www.peopleapp.com/column/30052580671-500007583236
- 2026-07-07｜人民日报微博｜CR7，谢谢你陪我们走过青春｜https://www.peopleapp.com/column/30052586488-500007584214
- 2026-07-07｜人民日报｜美加墨世界杯｜名将不言谢幕，新锐踏浪而来｜https://www.peopleapp.com/column/30052582997-500007584210
- 2026-07-07｜人民日报体育｜美加墨世界杯｜陪C罗最后一舞的，是一代人的青春｜https://www.peopleapp.com/column/30052590858-500007585382
- 2026-07-07｜南方日报｜美国把霸权之手伸向了世界杯｜https://www.peopleapp.com/column/30052586739-500007584229
- 2026-07-08｜人民日报海外版｜名将世界杯“最后一舞”，道别是一件难事｜https://www.peopleapp.com/column/30052594420-500007585878
- 2026-07-09｜人民日报｜世界杯八强出炉，足坛竞争格局有这些变化｜https://www.peopleapp.com/column/30052604047-500007587675
- 2026-07-15｜人民日报体育微信公号｜美加墨世界杯｜天才败给了体系｜https://www.peopleapp.com/column/30052667961-500007599624
- 2026-07-18｜人民日报海外版｜世界杯叠加暑期旅行热潮，美国入境旅游业为何“遇冷”？｜https://www.peopleapp.com/column/30052693027-500007604426
- 2026-07-19｜工人日报｜世界杯的变与不变｜https://www.peopleapp.com/column/30052696313-500007604994
- 2026-07-22｜经济日报｜AI成了世界杯特殊“球友”｜https://www.peopleapp.com/column/30052728841-500007611971
- 2026-07-22｜人民日报海外版｜人生不过几次世界杯｜https://www.peopleapp.com/column/30052723534-500007610546
- 2026-07-28｜人民日报｜世界杯给中国足球带来哪些启发？｜https://www.peopleapp.com/column/30052777815-500007620700

请基于以上官媒评论材料，写一份热点分析：先概括事件背景，再比较不同媒体的关注角度，最后提炼对申论写作、面试答题和公众号选题的启发。",peopleapp_opinion_20260627_30052504770_500007568465,2026-06-27,人民日报体育微信公号,美加墨世界杯｜佛得角奇迹，“全球化”足球的成功密码,https://www.peopleapp.com/column/30052504770-500007568465
peopleapp_hotspot_4b8c89a471,热点,S,世界杯中的体育精神与人文价值,体育文化与社会心态,把赛场胜负延伸到尊重弱者、全球流动、文化多样性和昂扬精神等公共价值。,9,22,2026-06-24,2026-07-28,人民日报、人民日报体育、人民日报体育微信公号、人民日报客户端、人民日报微博、人民日报海外版、南方日报、工人日报、经济日报,"选题：世界杯中的体育精神与人文价值
分类：体育文化与社会心态
核心角度：把赛场胜负延伸到尊重弱者、全球流动、文化多样性和昂扬精神等公共价值。
热点判断：9 家媒体、22 篇评论集中讨论。
时间范围：2026-06-24 至 2026-07-28
媒体来源：人民日报、人民日报体育、人民日报体育微信公号、人民日报客户端、人民日报微博、人民日报海外版、南方日报、工人日报、经济日报
支撑文章：
- 2026-06-24｜人民日报海外版｜世界杯，不止一种色彩｜https://www.peopleapp.com/column/30052473961-500007562111
- 2026-06-25｜人民日报体育微信公号｜美加墨世界杯丨16年前小组赛出局的东道主，今日逆袭出线｜https://www.peopleapp.com/column/30052491321-500007565389
- 2026-06-27｜人民日报体育微信公号｜美加墨世界杯｜佛得角奇迹，“全球化”足球的成功密码｜https://www.peopleapp.com/column/30052504770-500007568465
- 2026-06-28｜人民日报客户端｜伊朗队，昂着头告别世界杯｜https://www.peopleapp.com/column/30052507936-500007569411
- 2026-06-29｜工人日报｜如果用声音来形容世界杯，你会想到什么？｜https://www.peopleapp.com/column/30052516055-500007570955
- 2026-06-29｜人民日报体育微信公号｜美加墨世界杯｜“小国弱旅”诠释足球魅力｜https://www.peopleapp.com/column/30052519465-500007571845
- 2026-06-30｜人民日报客户端｜“小国弱旅”为何赢得全世界尊重｜https://www.peopleapp.com/column/30052526262-500007573763
- 2026-07-03｜人民日报体育微信公号｜美加墨世界杯｜这一场告别，有苦笑和眼泪｜https://www.peopleapp.com/column/30052559568-500007579723
- 2026-07-04｜人民日报微博｜告别本届世界杯，但佛得角已经创造了历史｜https://www.peopleapp.com/column/30052561315-500007580055
- 2026-07-06｜人民日报体育微信公号｜美加墨世界杯｜双星闪耀！足坛新世代已经到来｜https://www.peopleapp.com/column/30052580671-500007583236
- 2026-07-07｜人民日报微博｜CR7，谢谢你陪我们走过青春｜https://www.peopleapp.com/column/30052586488-500007584214
- 2026-07-07｜人民日报｜美加墨世界杯｜名将不言谢幕，新锐踏浪而来｜https://www.peopleapp.com/column/30052582997-500007584210
- 2026-07-07｜人民日报体育｜美加墨世界杯｜陪C罗最后一舞的，是一代人的青春｜https://www.peopleapp.com/column/30052590858-500007585382
- 2026-07-07｜南方日报｜美国把霸权之手伸向了世界杯｜https://www.peopleapp.com/column/30052586739-500007584229
- 2026-07-08｜人民日报海外版｜名将世界杯“最后一舞”，道别是一件难事｜https://www.peopleapp.com/column/30052594420-500007585878
- 2026-07-09｜人民日报｜世界杯八强出炉，足坛竞争格局有这些变化｜https://www.peopleapp.com/column/30052604047-500007587675
- 2026-07-15｜人民日报体育微信公号｜美加墨世界杯｜天才败给了体系｜https://www.peopleapp.com/column/30052667961-500007599624
- 2026-07-18｜人民日报海外版｜世界杯叠加暑期旅行热潮，美国入境旅游业为何“遇冷”？｜https://www.peopleapp.com/column/30052693027-500007604426
- 2026-07-19｜工人日报｜世界杯的变与不变｜https://www.peopleapp.com/column/30052696313-500007604994
- 2026-07-22｜经济日报｜AI成了世界杯特殊“球友”｜https://www.peopleapp.com/column/30052728841-500007611971
- 2026-07-22｜人民日报海外版｜人生不过几次世界杯｜https://www.peopleapp.com/column/30052723534-500007610546
- 2026-07-28｜人民日报｜世界杯给中国足球带来哪些启发？｜https://www.peopleapp.com/column/30052777815-500007620700

请基于以上官媒评论材料，写一份热点分析：先概括事件背景，再比较不同媒体的关注角度，最后提炼对申论写作、面试答题和公众号选题的启发。",peopleapp_opinion_20260628_30052507936_500007569411,2026-06-28,人民日报客户端,伊朗队，昂着头告别世界杯,https://www.peopleapp.com/column/30052507936-500007569411
peopleapp_hotspot_4b8c89a471,热点,S,世界杯中的体育精神与人文价值,体育文化与社会心态,把赛场胜负延伸到尊重弱者、全球流动、文化多样性和昂扬精神等公共价值。,9,22,2026-06-24,2026-07-28,人民日报、人民日报体育、人民日报体育微信公号、人民日报客户端、人民日报微博、人民日报海外版、南方日报、工人日报、经济日报,"选题：世界杯中的体育精神与人文价值
分类：体育文化与社会心态
核心角度：把赛场胜负延伸到尊重弱者、全球流动、文化多样性和昂扬精神等公共价值。
热点判断：9 家媒体、22 篇评论集中讨论。
时间范围：2026-06-24 至 2026-07-28
媒体来源：人民日报、人民日报体育、人民日报体育微信公号、人民日报客户端、人民日报微博、人民日报海外版、南方日报、工人日报、经济日报
支撑文章：
- 2026-06-24｜人民日报海外版｜世界杯，不止一种色彩｜https://www.peopleapp.com/column/30052473961-500007562111
- 2026-06-25｜人民日报体育微信公号｜美加墨世界杯丨16年前小组赛出局的东道主，今日逆袭出线｜https://www.peopleapp.com/column/30052491321-500007565389
- 2026-06-27｜人民日报体育微信公号｜美加墨世界杯｜佛得角奇迹，“全球化”足球的成功密码｜https://www.peopleapp.com/column/30052504770-500007568465
- 2026-06-28｜人民日报客户端｜伊朗队，昂着头告别世界杯｜https://www.peopleapp.com/column/30052507936-500007569411
- 2026-06-29｜工人日报｜如果用声音来形容世界杯，你会想到什么？｜https://www.peopleapp.com/column/30052516055-500007570955
- 2026-06-29｜人民日报体育微信公号｜美加墨世界杯｜“小国弱旅”诠释足球魅力｜https://www.peopleapp.com/column/30052519465-500007571845
- 2026-06-30｜人民日报客户端｜“小国弱旅”为何赢得全世界尊重｜https://www.peopleapp.com/column/30052526262-500007573763
- 2026-07-03｜人民日报体育微信公号｜美加墨世界杯｜这一场告别，有苦笑和眼泪｜https://www.peopleapp.com/column/30052559568-500007579723
- 2026-07-04｜人民日报微博｜告别本届世界杯，但佛得角已经创造了历史｜https://www.peopleapp.com/column/30052561315-500007580055
- 2026-07-06｜人民日报体育微信公号｜美加墨世界杯｜双星闪耀！足坛新世代已经到来｜https://www.peopleapp.com/column/30052580671-500007583236
- 2026-07-07｜人民日报微博｜CR7，谢谢你陪我们走过青春｜https://www.peopleapp.com/column/30052586488-500007584214
- 2026-07-07｜人民日报｜美加墨世界杯｜名将不言谢幕，新锐踏浪而来｜https://www.peopleapp.com/column/30052582997-500007584210
- 2026-07-07｜人民日报体育｜美加墨世界杯｜陪C罗最后一舞的，是一代人的青春｜https://www.peopleapp.com/column/30052590858-500007585382
- 2026-07-07｜南方日报｜美国把霸权之手伸向了世界杯｜https://www.peopleapp.com/column/30052586739-500007584229
- 2026-07-08｜人民日报海外版｜名将世界杯“最后一舞”，道别是一件难事｜https://www.peopleapp.com/column/30052594420-500007585878
- 2026-07-09｜人民日报｜世界杯八强出炉，足坛竞争格局有这些变化｜https://www.peopleapp.com/column/30052604047-500007587675
- 2026-07-15｜人民日报体育微信公号｜美加墨世界杯｜天才败给了体系｜https://www.peopleapp.com/column/30052667961-500007599624
- 2026-07-18｜人民日报海外版｜世界杯叠加暑期旅行热潮，美国入境旅游业为何“遇冷”？｜https://www.peopleapp.com/column/30052693027-500007604426
- 2026-07-19｜工人日报｜世界杯的变与不变｜https://www.peopleapp.com/column/30052696313-500007604994
- 2026-07-22｜经济日报｜AI成了世界杯特殊“球友”｜https://www.peopleapp.com/column/30052728841-500007611971
- 2026-07-22｜人民日报海外版｜人生不过几次世界杯｜https://www.peopleapp.com/column/30052723534-500007610546
- 2026-07-28｜人民日报｜世界杯给中国足球带来哪些启发？｜https://www.peopleapp.com/column/30052777815-500007620700

请基于以上官媒评论材料，写一份热点分析：先概括事件背景，再比较不同媒体的关注角度，最后提炼对申论写作、面试答题和公众号选题的启发。",peopleapp_opinion_20260629_30052516055_500007570955,2026-06-29,工人日报,如果用声音来形容世界杯，你会想到什么？,https://www.peopleapp.com/column/30052516055-500007570955
peopleapp_hotspot_4b8c89a471,热点,S,世界杯中的体育精神与人文价值,体育文化与社会心态,把赛场胜负延伸到尊重弱者、全球流动、文化多样性和昂扬精神等公共价值。,9,22,2026-06-24,2026-07-28,人民日报、人民日报体育、人民日报体育微信公号、人民日报客户端、人民日报微博、人民日报海外版、南方日报、工人日报、经济日报,"选题：世界杯中的体育精神与人文价值
分类：体育文化与社会心态
核心角度：把赛场胜负延伸到尊重弱者、全球流动、文化多样性和昂扬精神等公共价值。
热点判断：9 家媒体、22 篇评论集中讨论。
时间范围：2026-06-24 至 2026-07-28
媒体来源：人民日报、人民日报体育、人民日报体育微信公号、人民日报客户端、人民日报微博、人民日报海外版、南方日报、工人日报、经济日报
支撑文章：
- 2026-06-24｜人民日报海外版｜世界杯，不止一种色彩｜https://www.peopleapp.com/column/30052473961-500007562111
- 2026-06-25｜人民日报体育微信公号｜美加墨世界杯丨16年前小组赛出局的东道主，今日逆袭出线｜https://www.peopleapp.com/column/30052491321-500007565389
- 2026-06-27｜人民日报体育微信公号｜美加墨世界杯｜佛得角奇迹，“全球化”足球的成功密码｜https://www.peopleapp.com/column/30052504770-500007568465
- 2026-06-28｜人民日报客户端｜伊朗队，昂着头告别世界杯｜https://www.peopleapp.com/column/30052507936-500007569411
- 2026-06-29｜工人日报｜如果用声音来形容世界杯，你会想到什么？｜https://www.peopleapp.com/column/30052516055-500007570955
- 2026-06-29｜人民日报体育微信公号｜美加墨世界杯｜“小国弱旅”诠释足球魅力｜https://www.peopleapp.com/column/30052519465-500007571845
- 2026-06-30｜人民日报客户端｜“小国弱旅”为何赢得全世界尊重｜https://www.peopleapp.com/column/30052526262-500007573763
- 2026-07-03｜人民日报体育微信公号｜美加墨世界杯｜这一场告别，有苦笑和眼泪｜https://www.peopleapp.com/column/30052559568-500007579723
- 2026-07-04｜人民日报微博｜告别本届世界杯，但佛得角已经创造了历史｜https://www.peopleapp.com/column/30052561315-500007580055
- 2026-07-06｜人民日报体育微信公号｜美加墨世界杯｜双星闪耀！足坛新世代已经到来｜https://www.peopleapp.com/column/30052580671-500007583236
- 2026-07-07｜人民日报微博｜CR7，谢谢你陪我们走过青春｜https://www.peopleapp.com/column/30052586488-500007584214
- 2026-07-07｜人民日报｜美加墨世界杯｜名将不言谢幕，新锐踏浪而来｜https://www.peopleapp.com/column/30052582997-500007584210
- 2026-07-07｜人民日报体育｜美加墨世界杯｜陪C罗最后一舞的，是一代人的青春｜https://www.peopleapp.com/column/30052590858-500007585382
- 2026-07-07｜南方日报｜美国把霸权之手伸向了世界杯｜https://www.peopleapp.com/column/30052586739-500007584229
- 2026-07-08｜人民日报海外版｜名将世界杯“最后一舞”，道别是一件难事｜https://www.peopleapp.com/column/30052594420-500007585878
- 2026-07-09｜人民日报｜世界杯八强出炉，足坛竞争格局有这些变化｜https://www.peopleapp.com/column/30052604047-500007587675
- 2026-07-15｜人民日报体育微信公号｜美加墨世界杯｜天才败给了体系｜https://www.peopleapp.com/column/30052667961-500007599624
- 2026-07-18｜人民日报海外版｜世界杯叠加暑期旅行热潮，美国入境旅游业为何“遇冷”？｜https://www.peopleapp.com/column/30052693027-500007604426
- 2026-07-19｜工人日报｜世界杯的变与不变｜https://www.peopleapp.com/column/30052696313-500007604994
- 2026-07-22｜经济日报｜AI成了世界杯特殊“球友”｜https://www.peopleapp.com/column/30052728841-500007611971
- 2026-07-22｜人民日报海外版｜人生不过几次世界杯｜https://www.peopleapp.com/column/30052723534-500007610546
- 2026-07-28｜人民日报｜世界杯给中国足球带来哪些启发？｜https://www.peopleapp.com/column/30052777815-500007620700

请基于以上官媒评论材料，写一份热点分析：先概括事件背景，再比较不同媒体的关注角度，最后提炼对申论写作、面试答题和公众号选题的启发。",peopleapp_opinion_20260629_30052519465_500007571845,2026-06-29,人民日报体育微信公号,美加墨世界杯｜“小国弱旅”诠释足球魅力,https://www.peopleapp.com/column/30052519465-500007571845
peopleapp_hotspot_4b8c89a471,热点,S,世界杯中的体育精神与人文价值,体育文化与社会心态,把赛场胜负延伸到尊重弱者、全球流动、文化多样性和昂扬精神等公共价值。,9,22,2026-06-24,2026-07-28,人民日报、人民日报体育、人民日报体育微信公号、人民日报客户端、人民日报微博、人民日报海外版、南方日报、工人日报、经济日报,"选题：世界杯中的体育精神与人文价值
分类：体育文化与社会心态
核心角度：把赛场胜负延伸到尊重弱者、全球流动、文化多样性和昂扬精神等公共价值。
热点判断：9 家媒体、22 篇评论集中讨论。
时间范围：2026-06-24 至 2026-07-28
媒体来源：人民日报、人民日报体育、人民日报体育微信公号、人民日报客户端、人民日报微博、人民日报海外版、南方日报、工人日报、经济日报
支撑文章：
- 2026-06-24｜人民日报海外版｜世界杯，不止一种色彩｜https://www.peopleapp.com/column/30052473961-500007562111
- 2026-06-25｜人民日报体育微信公号｜美加墨世界杯丨16年前小组赛出局的东道主，今日逆袭出线｜https://www.peopleapp.com/column/30052491321-500007565389
- 2026-06-27｜人民日报体育微信公号｜美加墨世界杯｜佛得角奇迹，“全球化”足球的成功密码｜https://www.peopleapp.com/column/30052504770-500007568465
- 2026-06-28｜人民日报客户端｜伊朗队，昂着头告别世界杯｜https://www.peopleapp.com/column/30052507936-500007569411
- 2026-06-29｜工人日报｜如果用声音来形容世界杯，你会想到什么？｜https://www.peopleapp.com/column/30052516055-500007570955
- 2026-06-29｜人民日报体育微信公号｜美加墨世界杯｜“小国弱旅”诠释足球魅力｜https://www.peopleapp.com/column/30052519465-500007571845
- 2026-06-30｜人民日报客户端｜“小国弱旅”为何赢得全世界尊重｜https://www.peopleapp.com/column/30052526262-500007573763
- 2026-07-03｜人民日报体育微信公号｜美加墨世界杯｜这一场告别，有苦笑和眼泪｜https://www.peopleapp.com/column/30052559568-500007579723
- 2026-07-04｜人民日报微博｜告别本届世界杯，但佛得角已经创造了历史｜https://www.peopleapp.com/column/30052561315-500007580055
- 2026-07-06｜人民日报体育微信公号｜美加墨世界杯｜双星闪耀！足坛新世代已经到来｜https://www.peopleapp.com/column/30052580671-500007583236
- 2026-07-07｜人民日报微博｜CR7，谢谢你陪我们走过青春｜https://www.peopleapp.com/column/30052586488-500007584214
- 2026-07-07｜人民日报｜美加墨世界杯｜名将不言谢幕，新锐踏浪而来｜https://www.peopleapp.com/column/30052582997-500007584210
- 2026-07-07｜人民日报体育｜美加墨世界杯｜陪C罗最后一舞的，是一代人的青春｜https://www.peopleapp.com/column/30052590858-500007585382
- 2026-07-07｜南方日报｜美国把霸权之手伸向了世界杯｜https://www.peopleapp.com/column/30052586739-500007584229
- 2026-07-08｜人民日报海外版｜名将世界杯“最后一舞”，道别是一件难事｜https://www.peopleapp.com/column/30052594420-500007585878
- 2026-07-09｜人民日报｜世界杯八强出炉，足坛竞争格局有这些变化｜https://www.peopleapp.com/column/30052604047-500007587675
- 2026-07-15｜人民日报体育微信公号｜美加墨世界杯｜天才败给了体系｜https://www.peopleapp.com/column/30052667961-500007599624
- 2026-07-18｜人民日报海外版｜世界杯叠加暑期旅行热潮，美国入境旅游业为何“遇冷”？｜https://www.peopleapp.com/column/30052693027-500007604426
- 2026-07-19｜工人日报｜世界杯的变与不变｜https://www.peopleapp.com/column/30052696313-500007604994
- 2026-07-22｜经济日报｜AI成了世界杯特殊“球友”｜https://www.peopleapp.com/column/30052728841-500007611971
- 2026-07-22｜人民日报海外版｜人生不过几次世界杯｜https://www.peopleapp.com/column/30052723534-500007610546
- 2026-07-28｜人民日报｜世界杯给中国足球带来哪些启发？｜https://www.peopleapp.com/column/30052777815-500007620700

请基于以上官媒评论材料，写一份热点分析：先概括事件背景，再比较不同媒体的关注角度，最后提炼对申论写作、面试答题和公众号选题的启发。",peopleapp_opinion_20260630_30052526262_500007573763,2026-06-30,人民日报客户端,“小国弱旅”为何赢得全世界尊重,https://www.peopleapp.com/column/30052526262-500007573763
peopleapp_hotspot_4b8c89a471,热点,S,世界杯中的体育精神与人文价值,体育文化与社会心态,把赛场胜负延伸到尊重弱者、全球流动、文化多样性和昂扬精神等公共价值。,9,22,2026-06-24,2026-07-28,人民日报、人民日报体育、人民日报体育微信公号、人民日报客户端、人民日报微博、人民日报海外版、南方日报、工人日报、经济日报,"选题：世界杯中的体育精神与人文价值
分类：体育文化与社会心态
核心角度：把赛场胜负延伸到尊重弱者、全球流动、文化多样性和昂扬精神等公共价值。
热点判断：9 家媒体、22 篇评论集中讨论。
时间范围：2026-06-24 至 2026-07-28
媒体来源：人民日报、人民日报体育、人民日报体育微信公号、人民日报客户端、人民日报微博、人民日报海外版、南方日报、工人日报、经济日报
支撑文章：
- 2026-06-24｜人民日报海外版｜世界杯，不止一种色彩｜https://www.peopleapp.com/column/30052473961-500007562111
- 2026-06-25｜人民日报体育微信公号｜美加墨世界杯丨16年前小组赛出局的东道主，今日逆袭出线｜https://www.peopleapp.com/column/30052491321-500007565389
- 2026-06-27｜人民日报体育微信公号｜美加墨世界杯｜佛得角奇迹，“全球化”足球的成功密码｜https://www.peopleapp.com/column/30052504770-500007568465
- 2026-06-28｜人民日报客户端｜伊朗队，昂着头告别世界杯｜https://www.peopleapp.com/column/30052507936-500007569411
- 2026-06-29｜工人日报｜如果用声音来形容世界杯，你会想到什么？｜https://www.peopleapp.com/column/30052516055-500007570955
- 2026-06-29｜人民日报体育微信公号｜美加墨世界杯｜“小国弱旅”诠释足球魅力｜https://www.peopleapp.com/column/30052519465-500007571845
- 2026-06-30｜人民日报客户端｜“小国弱旅”为何赢得全世界尊重｜https://www.peopleapp.com/column/30052526262-500007573763
- 2026-07-03｜人民日报体育微信公号｜美加墨世界杯｜这一场告别，有苦笑和眼泪｜https://www.peopleapp.com/column/30052559568-500007579723
- 2026-07-04｜人民日报微博｜告别本届世界杯，但佛得角已经创造了历史｜https://www.peopleapp.com/column/30052561315-500007580055
- 2026-07-06｜人民日报体育微信公号｜美加墨世界杯｜双星闪耀！足坛新世代已经到来｜https://www.peopleapp.com/column/30052580671-500007583236
- 2026-07-07｜人民日报微博｜CR7，谢谢你陪我们走过青春｜https://www.peopleapp.com/column/30052586488-500007584214
- 2026-07-07｜人民日报｜美加墨世界杯｜名将不言谢幕，新锐踏浪而来｜https://www.peopleapp.com/column/30052582997-500007584210
- 2026-07-07｜人民日报体育｜美加墨世界杯｜陪C罗最后一舞的，是一代人的青春｜https://www.peopleapp.com/column/30052590858-500007585382
- 2026-07-07｜南方日报｜美国把霸权之手伸向了世界杯｜https://www.peopleapp.com/column/30052586739-500007584229
- 2026-07-08｜人民日报海外版｜名将世界杯“最后一舞”，道别是一件难事｜https://www.peopleapp.com/column/30052594420-500007585878
- 2026-07-09｜人民日报｜世界杯八强出炉，足坛竞争格局有这些变化｜https://www.peopleapp.com/column/30052604047-500007587675
- 2026-07-15｜人民日报体育微信公号｜美加墨世界杯｜天才败给了体系｜https://www.peopleapp.com/column/30052667961-500007599624
- 2026-07-18｜人民日报海外版｜世界杯叠加暑期旅行热潮，美国入境旅游业为何“遇冷”？｜https://www.peopleapp.com/column/30052693027-500007604426
- 2026-07-19｜工人日报｜世界杯的变与不变｜https://www.peopleapp.com/column/30052696313-500007604994
- 2026-07-22｜经济日报｜AI成了世界杯特殊“球友”｜https://www.peopleapp.com/column/30052728841-500007611971
- 2026-07-22｜人民日报海外版｜人生不过几次世界杯｜https://www.peopleapp.com/column/30052723534-500007610546
- 2026-07-28｜人民日报｜世界杯给中国足球带来哪些启发？｜https://www.peopleapp.com/column/30052777815-500007620700

请基于以上官媒评论材料，写一份热点分析：先概括事件背景，再比较不同媒体的关注角度，最后提炼对申论写作、面试答题和公众号选题的启发。",peopleapp_opinion_20260703_30052559568_500007579723,2026-07-03,人民日报体育微信公号,美加墨世界杯｜这一场告别，有苦笑和眼泪,https://www.peopleapp.com/column/30052559568-500007579723
peopleapp_hotspot_4b8c89a471,热点,S,世界杯中的体育精神与人文价值,体育文化与社会心态,把赛场胜负延伸到尊重弱者、全球流动、文化多样性和昂扬精神等公共价值。,9,22,2026-06-24,2026-07-28,人民日报、人民日报体育、人民日报体育微信公号、人民日报客户端、人民日报微博、人民日报海外版、南方日报、工人日报、经济日报,"选题：世界杯中的体育精神与人文价值
分类：体育文化与社会心态
核心角度：把赛场胜负延伸到尊重弱者、全球流动、文化多样性和昂扬精神等公共价值。
热点判断：9 家媒体、22 篇评论集中讨论。
时间范围：2026-06-24 至 2026-07-28
媒体来源：人民日报、人民日报体育、人民日报体育微信公号、人民日报客户端、人民日报微博、人民日报海外版、南方日报、工人日报、经济日报
支撑文章：
- 2026-06-24｜人民日报海外版｜世界杯，不止一种色彩｜https://www.peopleapp.com/column/30052473961-500007562111
- 2026-06-25｜人民日报体育微信公号｜美加墨世界杯丨16年前小组赛出局的东道主，今日逆袭出线｜https://www.peopleapp.com/column/30052491321-500007565389
- 2026-06-27｜人民日报体育微信公号｜美加墨世界杯｜佛得角奇迹，“全球化”足球的成功密码｜https://www.peopleapp.com/column/30052504770-500007568465
- 2026-06-28｜人民日报客户端｜伊朗队，昂着头告别世界杯｜https://www.peopleapp.com/column/30052507936-500007569411
- 2026-06-29｜工人日报｜如果用声音来形容世界杯，你会想到什么？｜https://www.peopleapp.com/column/30052516055-500007570955
- 2026-06-29｜人民日报体育微信公号｜美加墨世界杯｜“小国弱旅”诠释足球魅力｜https://www.peopleapp.com/column/30052519465-500007571845
- 2026-06-30｜人民日报客户端｜“小国弱旅”为何赢得全世界尊重｜https://www.peopleapp.com/column/30052526262-500007573763
- 2026-07-03｜人民日报体育微信公号｜美加墨世界杯｜这一场告别，有苦笑和眼泪｜https://www.peopleapp.com/column/30052559568-500007579723
- 2026-07-04｜人民日报微博｜告别本届世界杯，但佛得角已经创造了历史｜https://www.peopleapp.com/column/30052561315-500007580055
- 2026-07-06｜人民日报体育微信公号｜美加墨世界杯｜双星闪耀！足坛新世代已经到来｜https://www.peopleapp.com/column/30052580671-500007583236
- 2026-07-07｜人民日报微博｜CR7，谢谢你陪我们走过青春｜https://www.peopleapp.com/column/30052586488-500007584214
- 2026-07-07｜人民日报｜美加墨世界杯｜名将不言谢幕，新锐踏浪而来｜https://www.peopleapp.com/column/30052582997-500007584210
- 2026-07-07｜人民日报体育｜美加墨世界杯｜陪C罗最后一舞的，是一代人的青春｜https://www.peopleapp.com/column/30052590858-500007585382
- 2026-07-07｜南方日报｜美国把霸权之手伸向了世界杯｜https://www.peopleapp.com/column/30052586739-500007584229
- 2026-07-08｜人民日报海外版｜名将世界杯“最后一舞”，道别是一件难事｜https://www.peopleapp.com/column/30052594420-500007585878
- 2026-07-09｜人民日报｜世界杯八强出炉，足坛竞争格局有这些变化｜https://www.peopleapp.com/column/30052604047-500007587675
- 2026-07-15｜人民日报体育微信公号｜美加墨世界杯｜天才败给了体系｜https://www.peopleapp.com/column/30052667961-500007599624
- 2026-07-18｜人民日报海外版｜世界杯叠加暑期旅行热潮，美国入境旅游业为何“遇冷”？｜https://www.peopleapp.com/column/30052693027-500007604426
- 2026-07-19｜工人日报｜世界杯的变与不变｜https://www.peopleapp.com/column/30052696313-500007604994
- 2026-07-22｜经济日报｜AI成了世界杯特殊“球友”｜https://www.peopleapp.com/column/30052728841-500007611971
- 2026-07-22｜人民日报海外版｜人生不过几次世界杯｜https://www.peopleapp.com/column/30052723534-500007610546
- 2026-07-28｜人民日报｜世界杯给中国足球带来哪些启发？｜https://www.peopleapp.com/column/30052777815-500007620700

请基于以上官媒评论材料，写一份热点分析：先概括事件背景，再比较不同媒体的关注角度，最后提炼对申论写作、面试答题和公众号选题的启发。",peopleapp_opinion_20260704_30052561315_500007580055,2026-07-04,人民日报微博,告别本届世界杯，但佛得角已经创造了历史,https://www.peopleapp.com/column/30052561315-500007580055
peopleapp_hotspot_4b8c89a471,热点,S,世界杯中的体育精神与人文价值,体育文化与社会心态,把赛场胜负延伸到尊重弱者、全球流动、文化多样性和昂扬精神等公共价值。,9,22,2026-06-24,2026-07-28,人民日报、人民日报体育、人民日报体育微信公号、人民日报客户端、人民日报微博、人民日报海外版、南方日报、工人日报、经济日报,"选题：世界杯中的体育精神与人文价值
分类：体育文化与社会心态
核心角度：把赛场胜负延伸到尊重弱者、全球流动、文化多样性和昂扬精神等公共价值。
热点判断：9 家媒体、22 篇评论集中讨论。
时间范围：2026-06-24 至 2026-07-28
媒体来源：人民日报、人民日报体育、人民日报体育微信公号、人民日报客户端、人民日报微博、人民日报海外版、南方日报、工人日报、经济日报
支撑文章：
- 2026-06-24｜人民日报海外版｜世界杯，不止一种色彩｜https://www.peopleapp.com/column/30052473961-500007562111
- 2026-06-25｜人民日报体育微信公号｜美加墨世界杯丨16年前小组赛出局的东道主，今日逆袭出线｜https://www.peopleapp.com/column/30052491321-500007565389
- 2026-06-27｜人民日报体育微信公号｜美加墨世界杯｜佛得角奇迹，“全球化”足球的成功密码｜https://www.peopleapp.com/column/30052504770-500007568465
- 2026-06-28｜人民日报客户端｜伊朗队，昂着头告别世界杯｜https://www.peopleapp.com/column/30052507936-500007569411
- 2026-06-29｜工人日报｜如果用声音来形容世界杯，你会想到什么？｜https://www.peopleapp.com/column/30052516055-500007570955
- 2026-06-29｜人民日报体育微信公号｜美加墨世界杯｜“小国弱旅”诠释足球魅力｜https://www.peopleapp.com/column/30052519465-500007571845
- 2026-06-30｜人民日报客户端｜“小国弱旅”为何赢得全世界尊重｜https://www.peopleapp.com/column/30052526262-500007573763
- 2026-07-03｜人民日报体育微信公号｜美加墨世界杯｜这一场告别，有苦笑和眼泪｜https://www.peopleapp.com/column/30052559568-500007579723
- 2026-07-04｜人民日报微博｜告别本届世界杯，但佛得角已经创造了历史｜https://www.peopleapp.com/column/30052561315-500007580055
- 2026-07-06｜人民日报体育微信公号｜美加墨世界杯｜双星闪耀！足坛新世代已经到来｜https://www.peopleapp.com/column/30052580671-500007583236
- 2026-07-07｜人民日报微博｜CR7，谢谢你陪我们走过青春｜https://www.peopleapp.com/column/30052586488-500007584214
- 2026-07-07｜人民日报｜美加墨世界杯｜名将不言谢幕，新锐踏浪而来｜https://www.peopleapp.com/column/30052582997-500007584210
- 2026-07-07｜人民日报体育｜美加墨世界杯｜陪C罗最后一舞的，是一代人的青春｜https://www.peopleapp.com/column/30052590858-500007585382
- 2026-07-07｜南方日报｜美国把霸权之手伸向了世界杯｜https://www.peopleapp.com/column/30052586739-500007584229
- 2026-07-08｜人民日报海外版｜名将世界杯“最后一舞”，道别是一件难事｜https://www.peopleapp.com/column/30052594420-500007585878
- 2026-07-09｜人民日报｜世界杯八强出炉，足坛竞争格局有这些变化｜https://www.peopleapp.com/column/30052604047-500007587675
- 2026-07-15｜人民日报体育微信公号｜美加墨世界杯｜天才败给了体系｜https://www.peopleapp.com/column/30052667961-500007599624
- 2026-07-18｜人民日报海外版｜世界杯叠加暑期旅行热潮，美国入境旅游业为何“遇冷”？｜https://www.peopleapp.com/column/30052693027-500007604426
- 2026-07-19｜工人日报｜世界杯的变与不变｜https://www.peopleapp.com/column/30052696313-500007604994
- 2026-07-22｜经济日报｜AI成了世界杯特殊“球友”｜https://www.peopleapp.com/column/30052728841-500007611971
- 2026-07-22｜人民日报海外版｜人生不过几次世界杯｜https://www.peopleapp.com/column/30052723534-500007610546
- 2026-07-28｜人民日报｜世界杯给中国足球带来哪些启发？｜https://www.peopleapp.com/column/30052777815-500007620700

请基于以上官媒评论材料，写一份热点分析：先概括事件背景，再比较不同媒体的关注角度，最后提炼对申论写作、面试答题和公众号选题的启发。",peopleapp_opinion_20260706_30052580671_500007583236,2026-07-06,人民日报体育微信公号,美加墨世界杯｜双星闪耀！足坛新世代已经到来,https://www.peopleapp.com/column/30052580671-500007583236
peopleapp_hotspot_4b8c89a471,热点,S,世界杯中的体育精神与人文价值,体育文化与社会心态,把赛场胜负延伸到尊重弱者、全球流动、文化多样性和昂扬精神等公共价值。,9,22,2026-06-24,2026-07-28,人民日报、人民日报体育、人民日报体育微信公号、人民日报客户端、人民日报微博、人民日报海外版、南方日报、工人日报、经济日报,"选题：世界杯中的体育精神与人文价值
分类：体育文化与社会心态
核心角度：把赛场胜负延伸到尊重弱者、全球流动、文化多样性和昂扬精神等公共价值。
热点判断：9 家媒体、22 篇评论集中讨论。
时间范围：2026-06-24 至 2026-07-28
媒体来源：人民日报、人民日报体育、人民日报体育微信公号、人民日报客户端、人民日报微博、人民日报海外版、南方日报、工人日报、经济日报
支撑文章：
- 2026-06-24｜人民日报海外版｜世界杯，不止一种色彩｜https://www.peopleapp.com/column/30052473961-500007562111
- 2026-06-25｜人民日报体育微信公号｜美加墨世界杯丨16年前小组赛出局的东道主，今日逆袭出线｜https://www.peopleapp.com/column/30052491321-500007565389
- 2026-06-27｜人民日报体育微信公号｜美加墨世界杯｜佛得角奇迹，“全球化”足球的成功密码｜https://www.peopleapp.com/column/30052504770-500007568465
- 2026-06-28｜人民日报客户端｜伊朗队，昂着头告别世界杯｜https://www.peopleapp.com/column/30052507936-500007569411
- 2026-06-29｜工人日报｜如果用声音来形容世界杯，你会想到什么？｜https://www.peopleapp.com/column/30052516055-500007570955
- 2026-06-29｜人民日报体育微信公号｜美加墨世界杯｜“小国弱旅”诠释足球魅力｜https://www.peopleapp.com/column/30052519465-500007571845
- 2026-06-30｜人民日报客户端｜“小国弱旅”为何赢得全世界尊重｜https://www.peopleapp.com/column/30052526262-500007573763
- 2026-07-03｜人民日报体育微信公号｜美加墨世界杯｜这一场告别，有苦笑和眼泪｜https://www.peopleapp.com/column/30052559568-500007579723
- 2026-07-04｜人民日报微博｜告别本届世界杯，但佛得角已经创造了历史｜https://www.peopleapp.com/column/30052561315-500007580055
- 2026-07-06｜人民日报体育微信公号｜美加墨世界杯｜双星闪耀！足坛新世代已经到来｜https://www.peopleapp.com/column/30052580671-500007583236
- 2026-07-07｜人民日报微博｜CR7，谢谢你陪我们走过青春｜https://www.peopleapp.com/column/30052586488-500007584214
- 2026-07-07｜人民日报｜美加墨世界杯｜名将不言谢幕，新锐踏浪而来｜https://www.peopleapp.com/column/30052582997-500007584210
- 2026-07-07｜人民日报体育｜美加墨世界杯｜陪C罗最后一舞的，是一代人的青春｜https://www.peopleapp.com/column/30052590858-500007585382
- 2026-07-07｜南方日报｜美国把霸权之手伸向了世界杯｜https://www.peopleapp.com/column/30052586739-500007584229
- 2026-07-08｜人民日报海外版｜名将世界杯“最后一舞”，道别是一件难事｜https://www.peopleapp.com/column/30052594420-500007585878
- 2026-07-09｜人民日报｜世界杯八强出炉，足坛竞争格局有这些变化｜https://www.peopleapp.com/column/30052604047-500007587675
- 2026-07-15｜人民日报体育微信公号｜美加墨世界杯｜天才败给了体系｜https://www.peopleapp.com/column/30052667961-500007599624
- 2026-07-18｜人民日报海外版｜世界杯叠加暑期旅行热潮，美国入境旅游业为何“遇冷”？｜https://www.peopleapp.com/column/30052693027-500007604426
- 2026-07-19｜工人日报｜世界杯的变与不变｜https://www.peopleapp.com/column/30052696313-500007604994
- 2026-07-22｜经济日报｜AI成了世界杯特殊“球友”｜https://www.peopleapp.com/column/30052728841-500007611971
- 2026-07-22｜人民日报海外版｜人生不过几次世界杯｜https://www.peopleapp.com/column/30052723534-500007610546
- 2026-07-28｜人民日报｜世界杯给中国足球带来哪些启发？｜https://www.peopleapp.com/column/30052777815-500007620700

请基于以上官媒评论材料，写一份热点分析：先概括事件背景，再比较不同媒体的关注角度，最后提炼对申论写作、面试答题和公众号选题的启发。",peopleapp_opinion_20260707_30052586488_500007584214,2026-07-07,人民日报微博,CR7，谢谢你陪我们走过青春,https://www.peopleapp.com/column/30052586488-500007584214
peopleapp_hotspot_4b8c89a471,热点,S,世界杯中的体育精神与人文价值,体育文化与社会心态,把赛场胜负延伸到尊重弱者、全球流动、文化多样性和昂扬精神等公共价值。,9,22,2026-06-24,2026-07-28,人民日报、人民日报体育、人民日报体育微信公号、人民日报客户端、人民日报微博、人民日报海外版、南方日报、工人日报、经济日报,"选题：世界杯中的体育精神与人文价值
分类：体育文化与社会心态
核心角度：把赛场胜负延伸到尊重弱者、全球流动、文化多样性和昂扬精神等公共价值。
热点判断：9 家媒体、22 篇评论集中讨论。
时间范围：2026-06-24 至 2026-07-28
媒体来源：人民日报、人民日报体育、人民日报体育微信公号、人民日报客户端、人民日报微博、人民日报海外版、南方日报、工人日报、经济日报
支撑文章：
- 2026-06-24｜人民日报海外版｜世界杯，不止一种色彩｜https://www.peopleapp.com/column/30052473961-500007562111
- 2026-06-25｜人民日报体育微信公号｜美加墨世界杯丨16年前小组赛出局的东道主，今日逆袭出线｜https://www.peopleapp.com/column/30052491321-500007565389
- 2026-06-27｜人民日报体育微信公号｜美加墨世界杯｜佛得角奇迹，“全球化”足球的成功密码｜https://www.peopleapp.com/column/30052504770-500007568465
- 2026-06-28｜人民日报客户端｜伊朗队，昂着头告别世界杯｜https://www.peopleapp.com/column/30052507936-500007569411
- 2026-06-29｜工人日报｜如果用声音来形容世界杯，你会想到什么？｜https://www.peopleapp.com/column/30052516055-500007570955
- 2026-06-29｜人民日报体育微信公号｜美加墨世界杯｜“小国弱旅”诠释足球魅力｜https://www.peopleapp.com/column/30052519465-500007571845
- 2026-06-30｜人民日报客户端｜“小国弱旅”为何赢得全世界尊重｜https://www.peopleapp.com/column/30052526262-500007573763
- 2026-07-03｜人民日报体育微信公号｜美加墨世界杯｜这一场告别，有苦笑和眼泪｜https://www.peopleapp.com/column/30052559568-500007579723
- 2026-07-04｜人民日报微博｜告别本届世界杯，但佛得角已经创造了历史｜https://www.peopleapp.com/column/30052561315-500007580055
- 2026-07-06｜人民日报体育微信公号｜美加墨世界杯｜双星闪耀！足坛新世代已经到来｜https://www.peopleapp.com/column/30052580671-500007583236
- 2026-07-07｜人民日报微博｜CR7，谢谢你陪我们走过青春｜https://www.peopleapp.com/column/30052586488-500007584214
- 2026-07-07｜人民日报｜美加墨世界杯｜名将不言谢幕，新锐踏浪而来｜https://www.peopleapp.com/column/30052582997-500007584210
- 2026-07-07｜人民日报体育｜美加墨世界杯｜陪C罗最后一舞的，是一代人的青春｜https://www.peopleapp.com/column/30052590858-500007585382
- 2026-07-07｜南方日报｜美国把霸权之手伸向了世界杯｜https://www.peopleapp.com/column/30052586739-500007584229
- 2026-07-08｜人民日报海外版｜名将世界杯“最后一舞”，道别是一件难事｜https://www.peopleapp.com/column/30052594420-500007585878
- 2026-07-09｜人民日报｜世界杯八强出炉，足坛竞争格局有这些变化｜https://www.peopleapp.com/column/30052604047-500007587675
- 2026-07-15｜人民日报体育微信公号｜美加墨世界杯｜天才败给了体系｜https://www.peopleapp.com/column/30052667961-500007599624
- 2026-07-18｜人民日报海外版｜世界杯叠加暑期旅行热潮，美国入境旅游业为何“遇冷”？｜https://www.peopleapp.com/column/30052693027-500007604426
- 2026-07-19｜工人日报｜世界杯的变与不变｜https://www.peopleapp.com/column/30052696313-500007604994
- 2026-07-22｜经济日报｜AI成了世界杯特殊“球友”｜https://www.peopleapp.com/column/30052728841-500007611971
- 2026-07-22｜人民日报海外版｜人生不过几次世界杯｜https://www.peopleapp.com/column/30052723534-500007610546
- 2026-07-28｜人民日报｜世界杯给中国足球带来哪些启发？｜https://www.peopleapp.com/column/30052777815-500007620700

请基于以上官媒评论材料，写一份热点分析：先概括事件背景，再比较不同媒体的关注角度，最后提炼对申论写作、面试答题和公众号选题的启发。",peopleapp_opinion_20260707_30052582997_500007584210,2026-07-07,人民日报,美加墨世界杯｜名将不言谢幕，新锐踏浪而来,https://www.peopleapp.com/column/30052582997-500007584210
peopleapp_hotspot_4b8c89a471,热点,S,世界杯中的体育精神与人文价值,体育文化与社会心态,把赛场胜负延伸到尊重弱者、全球流动、文化多样性和昂扬精神等公共价值。,9,22,2026-06-24,2026-07-28,人民日报、人民日报体育、人民日报体育微信公号、人民日报客户端、人民日报微博、人民日报海外版、南方日报、工人日报、经济日报,"选题：世界杯中的体育精神与人文价值
分类：体育文化与社会心态
核心角度：把赛场胜负延伸到尊重弱者、全球流动、文化多样性和昂扬精神等公共价值。
热点判断：9 家媒体、22 篇评论集中讨论。
时间范围：2026-06-24 至 2026-07-28
媒体来源：人民日报、人民日报体育、人民日报体育微信公号、人民日报客户端、人民日报微博、人民日报海外版、南方日报、工人日报、经济日报
支撑文章：
- 2026-06-24｜人民日报海外版｜世界杯，不止一种色彩｜https://www.peopleapp.com/column/30052473961-500007562111
- 2026-06-25｜人民日报体育微信公号｜美加墨世界杯丨16年前小组赛出局的东道主，今日逆袭出线｜https://www.peopleapp.com/column/30052491321-500007565389
- 2026-06-27｜人民日报体育微信公号｜美加墨世界杯｜佛得角奇迹，“全球化”足球的成功密码｜https://www.peopleapp.com/column/30052504770-500007568465
- 2026-06-28｜人民日报客户端｜伊朗队，昂着头告别世界杯｜https://www.peopleapp.com/column/30052507936-500007569411
- 2026-06-29｜工人日报｜如果用声音来形容世界杯，你会想到什么？｜https://www.peopleapp.com/column/30052516055-500007570955
- 2026-06-29｜人民日报体育微信公号｜美加墨世界杯｜“小国弱旅”诠释足球魅力｜https://www.peopleapp.com/column/30052519465-500007571845
- 2026-06-30｜人民日报客户端｜“小国弱旅”为何赢得全世界尊重｜https://www.peopleapp.com/column/30052526262-500007573763
- 2026-07-03｜人民日报体育微信公号｜美加墨世界杯｜这一场告别，有苦笑和眼泪｜https://www.peopleapp.com/column/30052559568-500007579723
- 2026-07-04｜人民日报微博｜告别本届世界杯，但佛得角已经创造了历史｜https://www.peopleapp.com/column/30052561315-500007580055
- 2026-07-06｜人民日报体育微信公号｜美加墨世界杯｜双星闪耀！足坛新世代已经到来｜https://www.peopleapp.com/column/30052580671-500007583236
- 2026-07-07｜人民日报微博｜CR7，谢谢你陪我们走过青春｜https://www.peopleapp.com/column/30052586488-500007584214
- 2026-07-07｜人民日报｜美加墨世界杯｜名将不言谢幕，新锐踏浪而来｜https://www.peopleapp.com/column/30052582997-500007584210
- 2026-07-07｜人民日报体育｜美加墨世界杯｜陪C罗最后一舞的，是一代人的青春｜https://www.peopleapp.com/column/30052590858-500007585382
- 2026-07-07｜南方日报｜美国把霸权之手伸向了世界杯｜https://www.peopleapp.com/column/30052586739-500007584229
- 2026-07-08｜人民日报海外版｜名将世界杯“最后一舞”，道别是一件难事｜https://www.peopleapp.com/column/30052594420-500007585878
- 2026-07-09｜人民日报｜世界杯八强出炉，足坛竞争格局有这些变化｜https://www.peopleapp.com/column/30052604047-500007587675
- 2026-07-15｜人民日报体育微信公号｜美加墨世界杯｜天才败给了体系｜https://www.peopleapp.com/column/30052667961-500007599624
- 2026-07-18｜人民日报海外版｜世界杯叠加暑期旅行热潮，美国入境旅游业为何“遇冷”？｜https://www.peopleapp.com/column/30052693027-500007604426
- 2026-07-19｜工人日报｜世界杯的变与不变｜https://www.peopleapp.com/column/30052696313-500007604994
- 2026-07-22｜经济日报｜AI成了世界杯特殊“球友”｜https://www.peopleapp.com/column/30052728841-500007611971
- 2026-07-22｜人民日报海外版｜人生不过几次世界杯｜https://www.peopleapp.com/column/30052723534-500007610546
- 2026-07-28｜人民日报｜世界杯给中国足球带来哪些启发？｜https://www.peopleapp.com/column/30052777815-500007620700

请基于以上官媒评论材料，写一份热点分析：先概括事件背景，再比较不同媒体的关注角度，最后提炼对申论写作、面试答题和公众号选题的启发。",peopleapp_opinion_20260707_30052590858_500007585382,2026-07-07,人民日报体育,美加墨世界杯｜陪C罗最后一舞的，是一代人的青春,https://www.peopleapp.com/column/30052590858-500007585382
peopleapp_hotspot_4b8c89a471,热点,S,世界杯中的体育精神与人文价值,体育文化与社会心态,把赛场胜负延伸到尊重弱者、全球流动、文化多样性和昂扬精神等公共价值。,9,22,2026-06-24,2026-07-28,人民日报、人民日报体育、人民日报体育微信公号、人民日报客户端、人民日报微博、人民日报海外版、南方日报、工人日报、经济日报,"选题：世界杯中的体育精神与人文价值
分类：体育文化与社会心态
核心角度：把赛场胜负延伸到尊重弱者、全球流动、文化多样性和昂扬精神等公共价值。
热点判断：9 家媒体、22 篇评论集中讨论。
时间范围：2026-06-24 至 2026-07-28
媒体来源：人民日报、人民日报体育、人民日报体育微信公号、人民日报客户端、人民日报微博、人民日报海外版、南方日报、工人日报、经济日报
支撑文章：
- 2026-06-24｜人民日报海外版｜世界杯，不止一种色彩｜https://www.peopleapp.com/column/30052473961-500007562111
- 2026-06-25｜人民日报体育微信公号｜美加墨世界杯丨16年前小组赛出局的东道主，今日逆袭出线｜https://www.peopleapp.com/column/30052491321-500007565389
- 2026-06-27｜人民日报体育微信公号｜美加墨世界杯｜佛得角奇迹，“全球化”足球的成功密码｜https://www.peopleapp.com/column/30052504770-500007568465
- 2026-06-28｜人民日报客户端｜伊朗队，昂着头告别世界杯｜https://www.peopleapp.com/column/30052507936-500007569411
- 2026-06-29｜工人日报｜如果用声音来形容世界杯，你会想到什么？｜https://www.peopleapp.com/column/30052516055-500007570955
- 2026-06-29｜人民日报体育微信公号｜美加墨世界杯｜“小国弱旅”诠释足球魅力｜https://www.peopleapp.com/column/30052519465-500007571845
- 2026-06-30｜人民日报客户端｜“小国弱旅”为何赢得全世界尊重｜https://www.peopleapp.com/column/30052526262-500007573763
- 2026-07-03｜人民日报体育微信公号｜美加墨世界杯｜这一场告别，有苦笑和眼泪｜https://www.peopleapp.com/column/30052559568-500007579723
- 2026-07-04｜人民日报微博｜告别本届世界杯，但佛得角已经创造了历史｜https://www.peopleapp.com/column/30052561315-500007580055
- 2026-07-06｜人民日报体育微信公号｜美加墨世界杯｜双星闪耀！足坛新世代已经到来｜https://www.peopleapp.com/column/30052580671-500007583236
- 2026-07-07｜人民日报微博｜CR7，谢谢你陪我们走过青春｜https://www.peopleapp.com/column/30052586488-500007584214
- 2026-07-07｜人民日报｜美加墨世界杯｜名将不言谢幕，新锐踏浪而来｜https://www.peopleapp.com/column/30052582997-500007584210
- 2026-07-07｜人民日报体育｜美加墨世界杯｜陪C罗最后一舞的，是一代人的青春｜https://www.peopleapp.com/column/30052590858-500007585382
- 2026-07-07｜南方日报｜美国把霸权之手伸向了世界杯｜https://www.peopleapp.com/column/30052586739-500007584229
- 2026-07-08｜人民日报海外版｜名将世界杯“最后一舞”，道别是一件难事｜https://www.peopleapp.com/column/30052594420-500007585878
- 2026-07-09｜人民日报｜世界杯八强出炉，足坛竞争格局有这些变化｜https://www.peopleapp.com/column/30052604047-500007587675
- 2026-07-15｜人民日报体育微信公号｜美加墨世界杯｜天才败给了体系｜https://www.peopleapp.com/column/30052667961-500007599624
- 2026-07-18｜人民日报海外版｜世界杯叠加暑期旅行热潮，美国入境旅游业为何“遇冷”？｜https://www.peopleapp.com/column/30052693027-500007604426
- 2026-07-19｜工人日报｜世界杯的变与不变｜https://www.peopleapp.com/column/30052696313-500007604994
- 2026-07-22｜经济日报｜AI成了世界杯特殊“球友”｜https://www.peopleapp.com/column/30052728841-500007611971
- 2026-07-22｜人民日报海外版｜人生不过几次世界杯｜https://www.peopleapp.com/column/30052723534-500007610546
- 2026-07-28｜人民日报｜世界杯给中国足球带来哪些启发？｜https://www.peopleapp.com/column/30052777815-500007620700

请基于以上官媒评论材料，写一份热点分析：先概括事件背景，再比较不同媒体的关注角度，最后提炼对申论写作、面试答题和公众号选题的启发。",peopleapp_opinion_20260707_30052586739_500007584229,2026-07-07,南方日报,美国把霸权之手伸向了世界杯,https://www.peopleapp.com/column/30052586739-500007584229
peopleapp_hotspot_4b8c89a471,热点,S,世界杯中的体育精神与人文价值,体育文化与社会心态,把赛场胜负延伸到尊重弱者、全球流动、文化多样性和昂扬精神等公共价值。,9,22,2026-06-24,2026-07-28,人民日报、人民日报体育、人民日报体育微信公号、人民日报客户端、人民日报微博、人民日报海外版、南方日报、工人日报、经济日报,"选题：世界杯中的体育精神与人文价值
分类：体育文化与社会心态
核心角度：把赛场胜负延伸到尊重弱者、全球流动、文化多样性和昂扬精神等公共价值。
热点判断：9 家媒体、22 篇评论集中讨论。
时间范围：2026-06-24 至 2026-07-28
媒体来源：人民日报、人民日报体育、人民日报体育微信公号、人民日报客户端、人民日报微博、人民日报海外版、南方日报、工人日报、经济日报
支撑文章：
- 2026-06-24｜人民日报海外版｜世界杯，不止一种色彩｜https://www.peopleapp.com/column/30052473961-500007562111
- 2026-06-25｜人民日报体育微信公号｜美加墨世界杯丨16年前小组赛出局的东道主，今日逆袭出线｜https://www.peopleapp.com/column/30052491321-500007565389
- 2026-06-27｜人民日报体育微信公号｜美加墨世界杯｜佛得角奇迹，“全球化”足球的成功密码｜https://www.peopleapp.com/column/30052504770-500007568465
- 2026-06-28｜人民日报客户端｜伊朗队，昂着头告别世界杯｜https://www.peopleapp.com/column/30052507936-500007569411
- 2026-06-29｜工人日报｜如果用声音来形容世界杯，你会想到什么？｜https://www.peopleapp.com/column/30052516055-500007570955
- 2026-06-29｜人民日报体育微信公号｜美加墨世界杯｜“小国弱旅”诠释足球魅力｜https://www.peopleapp.com/column/30052519465-500007571845
- 2026-06-30｜人民日报客户端｜“小国弱旅”为何赢得全世界尊重｜https://www.peopleapp.com/column/30052526262-500007573763
- 2026-07-03｜人民日报体育微信公号｜美加墨世界杯｜这一场告别，有苦笑和眼泪｜https://www.peopleapp.com/column/30052559568-500007579723
- 2026-07-04｜人民日报微博｜告别本届世界杯，但佛得角已经创造了历史｜https://www.peopleapp.com/column/30052561315-500007580055
- 2026-07-06｜人民日报体育微信公号｜美加墨世界杯｜双星闪耀！足坛新世代已经到来｜https://www.peopleapp.com/column/30052580671-500007583236
- 2026-07-07｜人民日报微博｜CR7，谢谢你陪我们走过青春｜https://www.peopleapp.com/column/30052586488-500007584214
- 2026-07-07｜人民日报｜美加墨世界杯｜名将不言谢幕，新锐踏浪而来｜https://www.peopleapp.com/column/30052582997-500007584210
- 2026-07-07｜人民日报体育｜美加墨世界杯｜陪C罗最后一舞的，是一代人的青春｜https://www.peopleapp.com/column/30052590858-500007585382
- 2026-07-07｜南方日报｜美国把霸权之手伸向了世界杯｜https://www.peopleapp.com/column/30052586739-500007584229
- 2026-07-08｜人民日报海外版｜名将世界杯“最后一舞”，道别是一件难事｜https://www.peopleapp.com/column/30052594420-500007585878
- 2026-07-09｜人民日报｜世界杯八强出炉，足坛竞争格局有这些变化｜https://www.peopleapp.com/column/30052604047-500007587675
- 2026-07-15｜人民日报体育微信公号｜美加墨世界杯｜天才败给了体系｜https://www.peopleapp.com/column/30052667961-500007599624
- 2026-07-18｜人民日报海外版｜世界杯叠加暑期旅行热潮，美国入境旅游业为何“遇冷”？｜https://www.peopleapp.com/column/30052693027-500007604426
- 2026-07-19｜工人日报｜世界杯的变与不变｜https://www.peopleapp.com/column/30052696313-500007604994
- 2026-07-22｜经济日报｜AI成了世界杯特殊“球友”｜https://www.peopleapp.com/column/30052728841-500007611971
- 2026-07-22｜人民日报海外版｜人生不过几次世界杯｜https://www.peopleapp.com/column/30052723534-500007610546
- 2026-07-28｜人民日报｜世界杯给中国足球带来哪些启发？｜https://www.peopleapp.com/column/30052777815-500007620700

请基于以上官媒评论材料，写一份热点分析：先概括事件背景，再比较不同媒体的关注角度，最后提炼对申论写作、面试答题和公众号选题的启发。",peopleapp_opinion_20260708_30052594420_500007585878,2026-07-08,人民日报海外版,名将世界杯“最后一舞”，道别是一件难事,https://www.peopleapp.com/column/30052594420-500007585878
peopleapp_hotspot_4b8c89a471,热点,S,世界杯中的体育精神与人文价值,体育文化与社会心态,把赛场胜负延伸到尊重弱者、全球流动、文化多样性和昂扬精神等公共价值。,9,22,2026-06-24,2026-07-28,人民日报、人民日报体育、人民日报体育微信公号、人民日报客户端、人民日报微博、人民日报海外版、南方日报、工人日报、经济日报,"选题：世界杯中的体育精神与人文价值
分类：体育文化与社会心态
核心角度：把赛场胜负延伸到尊重弱者、全球流动、文化多样性和昂扬精神等公共价值。
热点判断：9 家媒体、22 篇评论集中讨论。
时间范围：2026-06-24 至 2026-07-28
媒体来源：人民日报、人民日报体育、人民日报体育微信公号、人民日报客户端、人民日报微博、人民日报海外版、南方日报、工人日报、经济日报
支撑文章：
- 2026-06-24｜人民日报海外版｜世界杯，不止一种色彩｜https://www.peopleapp.com/column/30052473961-500007562111
- 2026-06-25｜人民日报体育微信公号｜美加墨世界杯丨16年前小组赛出局的东道主，今日逆袭出线｜https://www.peopleapp.com/column/30052491321-500007565389
- 2026-06-27｜人民日报体育微信公号｜美加墨世界杯｜佛得角奇迹，“全球化”足球的成功密码｜https://www.peopleapp.com/column/30052504770-500007568465
- 2026-06-28｜人民日报客户端｜伊朗队，昂着头告别世界杯｜https://www.peopleapp.com/column/30052507936-500007569411
- 2026-06-29｜工人日报｜如果用声音来形容世界杯，你会想到什么？｜https://www.peopleapp.com/column/30052516055-500007570955
- 2026-06-29｜人民日报体育微信公号｜美加墨世界杯｜“小国弱旅”诠释足球魅力｜https://www.peopleapp.com/column/30052519465-500007571845
- 2026-06-30｜人民日报客户端｜“小国弱旅”为何赢得全世界尊重｜https://www.peopleapp.com/column/30052526262-500007573763
- 2026-07-03｜人民日报体育微信公号｜美加墨世界杯｜这一场告别，有苦笑和眼泪｜https://www.peopleapp.com/column/30052559568-500007579723
- 2026-07-04｜人民日报微博｜告别本届世界杯，但佛得角已经创造了历史｜https://www.peopleapp.com/column/30052561315-500007580055
- 2026-07-06｜人民日报体育微信公号｜美加墨世界杯｜双星闪耀！足坛新世代已经到来｜https://www.peopleapp.com/column/30052580671-500007583236
- 2026-07-07｜人民日报微博｜CR7，谢谢你陪我们走过青春｜https://www.peopleapp.com/column/30052586488-500007584214
- 2026-07-07｜人民日报｜美加墨世界杯｜名将不言谢幕，新锐踏浪而来｜https://www.peopleapp.com/column/30052582997-500007584210
- 2026-07-07｜人民日报体育｜美加墨世界杯｜陪C罗最后一舞的，是一代人的青春｜https://www.peopleapp.com/column/30052590858-500007585382
- 2026-07-07｜南方日报｜美国把霸权之手伸向了世界杯｜https://www.peopleapp.com/column/30052586739-500007584229
- 2026-07-08｜人民日报海外版｜名将世界杯“最后一舞”，道别是一件难事｜https://www.peopleapp.com/column/30052594420-500007585878
- 2026-07-09｜人民日报｜世界杯八强出炉，足坛竞争格局有这些变化｜https://www.peopleapp.com/column/30052604047-500007587675
- 2026-07-15｜人民日报体育微信公号｜美加墨世界杯｜天才败给了体系｜https://www.peopleapp.com/column/30052667961-500007599624
- 2026-07-18｜人民日报海外版｜世界杯叠加暑期旅行热潮，美国入境旅游业为何“遇冷”？｜https://www.peopleapp.com/column/30052693027-500007604426
- 2026-07-19｜工人日报｜世界杯的变与不变｜https://www.peopleapp.com/column/30052696313-500007604994
- 2026-07-22｜经济日报｜AI成了世界杯特殊“球友”｜https://www.peopleapp.com/column/30052728841-500007611971
- 2026-07-22｜人民日报海外版｜人生不过几次世界杯｜https://www.peopleapp.com/column/30052723534-500007610546
- 2026-07-28｜人民日报｜世界杯给中国足球带来哪些启发？｜https://www.peopleapp.com/column/30052777815-500007620700

请基于以上官媒评论材料，写一份热点分析：先概括事件背景，再比较不同媒体的关注角度，最后提炼对申论写作、面试答题和公众号选题的启发。",peopleapp_opinion_20260709_30052604047_500007587675,2026-07-09,人民日报,世界杯八强出炉，足坛竞争格局有这些变化,https://www.peopleapp.com/column/30052604047-500007587675
peopleapp_hotspot_4b8c89a471,热点,S,世界杯中的体育精神与人文价值,体育文化与社会心态,把赛场胜负延伸到尊重弱者、全球流动、文化多样性和昂扬精神等公共价值。,9,22,2026-06-24,2026-07-28,人民日报、人民日报体育、人民日报体育微信公号、人民日报客户端、人民日报微博、人民日报海外版、南方日报、工人日报、经济日报,"选题：世界杯中的体育精神与人文价值
分类：体育文化与社会心态
核心角度：把赛场胜负延伸到尊重弱者、全球流动、文化多样性和昂扬精神等公共价值。
热点判断：9 家媒体、22 篇评论集中讨论。
时间范围：2026-06-24 至 2026-07-28
媒体来源：人民日报、人民日报体育、人民日报体育微信公号、人民日报客户端、人民日报微博、人民日报海外版、南方日报、工人日报、经济日报
支撑文章：
- 2026-06-24｜人民日报海外版｜世界杯，不止一种色彩｜https://www.peopleapp.com/column/30052473961-500007562111
- 2026-06-25｜人民日报体育微信公号｜美加墨世界杯丨16年前小组赛出局的东道主，今日逆袭出线｜https://www.peopleapp.com/column/30052491321-500007565389
- 2026-06-27｜人民日报体育微信公号｜美加墨世界杯｜佛得角奇迹，“全球化”足球的成功密码｜https://www.peopleapp.com/column/30052504770-500007568465
- 2026-06-28｜人民日报客户端｜伊朗队，昂着头告别世界杯｜https://www.peopleapp.com/column/30052507936-500007569411
- 2026-06-29｜工人日报｜如果用声音来形容世界杯，你会想到什么？｜https://www.peopleapp.com/column/30052516055-500007570955
- 2026-06-29｜人民日报体育微信公号｜美加墨世界杯｜“小国弱旅”诠释足球魅力｜https://www.peopleapp.com/column/30052519465-500007571845
- 2026-06-30｜人民日报客户端｜“小国弱旅”为何赢得全世界尊重｜https://www.peopleapp.com/column/30052526262-500007573763
- 2026-07-03｜人民日报体育微信公号｜美加墨世界杯｜这一场告别，有苦笑和眼泪｜https://www.peopleapp.com/column/30052559568-500007579723
- 2026-07-04｜人民日报微博｜告别本届世界杯，但佛得角已经创造了历史｜https://www.peopleapp.com/column/30052561315-500007580055
- 2026-07-06｜人民日报体育微信公号｜美加墨世界杯｜双星闪耀！足坛新世代已经到来｜https://www.peopleapp.com/column/30052580671-500007583236
- 2026-07-07｜人民日报微博｜CR7，谢谢你陪我们走过青春｜https://www.peopleapp.com/column/30052586488-500007584214
- 2026-07-07｜人民日报｜美加墨世界杯｜名将不言谢幕，新锐踏浪而来｜https://www.peopleapp.com/column/30052582997-500007584210
- 2026-07-07｜人民日报体育｜美加墨世界杯｜陪C罗最后一舞的，是一代人的青春｜https://www.peopleapp.com/column/30052590858-500007585382
- 2026-07-07｜南方日报｜美国把霸权之手伸向了世界杯｜https://www.peopleapp.com/column/30052586739-500007584229
- 2026-07-08｜人民日报海外版｜名将世界杯“最后一舞”，道别是一件难事｜https://www.peopleapp.com/column/30052594420-500007585878
- 2026-07-09｜人民日报｜世界杯八强出炉，足坛竞争格局有这些变化｜https://www.peopleapp.com/column/30052604047-500007587675
- 2026-07-15｜人民日报体育微信公号｜美加墨世界杯｜天才败给了体系｜https://www.peopleapp.com/column/30052667961-500007599624
- 2026-07-18｜人民日报海外版｜世界杯叠加暑期旅行热潮，美国入境旅游业为何“遇冷”？｜https://www.peopleapp.com/column/30052693027-500007604426
- 2026-07-19｜工人日报｜世界杯的变与不变｜https://www.peopleapp.com/column/30052696313-500007604994
- 2026-07-22｜经济日报｜AI成了世界杯特殊“球友”｜https://www.peopleapp.com/column/30052728841-500007611971
- 2026-07-22｜人民日报海外版｜人生不过几次世界杯｜https://www.peopleapp.com/column/30052723534-500007610546
- 2026-07-28｜人民日报｜世界杯给中国足球带来哪些启发？｜https://www.peopleapp.com/column/30052777815-500007620700

请基于以上官媒评论材料，写一份热点分析：先概括事件背景，再比较不同媒体的关注角度，最后提炼对申论写作、面试答题和公众号选题的启发。",peopleapp_opinion_20260715_30052667961_500007599624,2026-07-15,人民日报体育微信公号,美加墨世界杯｜天才败给了体系,https://www.peopleapp.com/column/30052667961-500007599624
peopleapp_hotspot_4b8c89a471,热点,S,世界杯中的体育精神与人文价值,体育文化与社会心态,把赛场胜负延伸到尊重弱者、全球流动、文化多样性和昂扬精神等公共价值。,9,22,2026-06-24,2026-07-28,人民日报、人民日报体育、人民日报体育微信公号、人民日报客户端、人民日报微博、人民日报海外版、南方日报、工人日报、经济日报,"选题：世界杯中的体育精神与人文价值
分类：体育文化与社会心态
核心角度：把赛场胜负延伸到尊重弱者、全球流动、文化多样性和昂扬精神等公共价值。
热点判断：9 家媒体、22 篇评论集中讨论。
时间范围：2026-06-24 至 2026-07-28
媒体来源：人民日报、人民日报体育、人民日报体育微信公号、人民日报客户端、人民日报微博、人民日报海外版、南方日报、工人日报、经济日报
支撑文章：
- 2026-06-24｜人民日报海外版｜世界杯，不止一种色彩｜https://www.peopleapp.com/column/30052473961-500007562111
- 2026-06-25｜人民日报体育微信公号｜美加墨世界杯丨16年前小组赛出局的东道主，今日逆袭出线｜https://www.peopleapp.com/column/30052491321-500007565389
- 2026-06-27｜人民日报体育微信公号｜美加墨世界杯｜佛得角奇迹，“全球化”足球的成功密码｜https://www.peopleapp.com/column/30052504770-500007568465
- 2026-06-28｜人民日报客户端｜伊朗队，昂着头告别世界杯｜https://www.peopleapp.com/column/30052507936-500007569411
- 2026-06-29｜工人日报｜如果用声音来形容世界杯，你会想到什么？｜https://www.peopleapp.com/column/30052516055-500007570955
- 2026-06-29｜人民日报体育微信公号｜美加墨世界杯｜“小国弱旅”诠释足球魅力｜https://www.peopleapp.com/column/30052519465-500007571845
- 2026-06-30｜人民日报客户端｜“小国弱旅”为何赢得全世界尊重｜https://www.peopleapp.com/column/30052526262-500007573763
- 2026-07-03｜人民日报体育微信公号｜美加墨世界杯｜这一场告别，有苦笑和眼泪｜https://www.peopleapp.com/column/30052559568-500007579723
- 2026-07-04｜人民日报微博｜告别本届世界杯，但佛得角已经创造了历史｜https://www.peopleapp.com/column/30052561315-500007580055
- 2026-07-06｜人民日报体育微信公号｜美加墨世界杯｜双星闪耀！足坛新世代已经到来｜https://www.peopleapp.com/column/30052580671-500007583236
- 2026-07-07｜人民日报微博｜CR7，谢谢你陪我们走过青春｜https://www.peopleapp.com/column/30052586488-500007584214
- 2026-07-07｜人民日报｜美加墨世界杯｜名将不言谢幕，新锐踏浪而来｜https://www.peopleapp.com/column/30052582997-500007584210
- 2026-07-07｜人民日报体育｜美加墨世界杯｜陪C罗最后一舞的，是一代人的青春｜https://www.peopleapp.com/column/30052590858-500007585382
- 2026-07-07｜南方日报｜美国把霸权之手伸向了世界杯｜https://www.peopleapp.com/column/30052586739-500007584229
- 2026-07-08｜人民日报海外版｜名将世界杯“最后一舞”，道别是一件难事｜https://www.peopleapp.com/column/30052594420-500007585878
- 2026-07-09｜人民日报｜世界杯八强出炉，足坛竞争格局有这些变化｜https://www.peopleapp.com/column/30052604047-500007587675
- 2026-07-15｜人民日报体育微信公号｜美加墨世界杯｜天才败给了体系｜https://www.peopleapp.com/column/30052667961-500007599624
- 2026-07-18｜人民日报海外版｜世界杯叠加暑期旅行热潮，美国入境旅游业为何“遇冷”？｜https://www.peopleapp.com/column/30052693027-500007604426
- 2026-07-19｜工人日报｜世界杯的变与不变｜https://www.peopleapp.com/column/30052696313-500007604994
- 2026-07-22｜经济日报｜AI成了世界杯特殊“球友”｜https://www.peopleapp.com/column/30052728841-500007611971
- 2026-07-22｜人民日报海外版｜人生不过几次世界杯｜https://www.peopleapp.com/column/30052723534-500007610546
- 2026-07-28｜人民日报｜世界杯给中国足球带来哪些启发？｜https://www.peopleapp.com/column/30052777815-500007620700

请基于以上官媒评论材料，写一份热点分析：先概括事件背景，再比较不同媒体的关注角度，最后提炼对申论写作、面试答题和公众号选题的启发。",peopleapp_opinion_20260718_30052693027_500007604426,2026-07-18,人民日报海外版,世界杯叠加暑期旅行热潮，美国入境旅游业为何“遇冷”？,https://www.peopleapp.com/column/30052693027-500007604426
peopleapp_hotspot_4b8c89a471,热点,S,世界杯中的体育精神与人文价值,体育文化与社会心态,把赛场胜负延伸到尊重弱者、全球流动、文化多样性和昂扬精神等公共价值。,9,22,2026-06-24,2026-07-28,人民日报、人民日报体育、人民日报体育微信公号、人民日报客户端、人民日报微博、人民日报海外版、南方日报、工人日报、经济日报,"选题：世界杯中的体育精神与人文价值
分类：体育文化与社会心态
核心角度：把赛场胜负延伸到尊重弱者、全球流动、文化多样性和昂扬精神等公共价值。
热点判断：9 家媒体、22 篇评论集中讨论。
时间范围：2026-06-24 至 2026-07-28
媒体来源：人民日报、人民日报体育、人民日报体育微信公号、人民日报客户端、人民日报微博、人民日报海外版、南方日报、工人日报、经济日报
支撑文章：
- 2026-06-24｜人民日报海外版｜世界杯，不止一种色彩｜https://www.peopleapp.com/column/30052473961-500007562111
- 2026-06-25｜人民日报体育微信公号｜美加墨世界杯丨16年前小组赛出局的东道主，今日逆袭出线｜https://www.peopleapp.com/column/30052491321-500007565389
- 2026-06-27｜人民日报体育微信公号｜美加墨世界杯｜佛得角奇迹，“全球化”足球的成功密码｜https://www.peopleapp.com/column/30052504770-500007568465
- 2026-06-28｜人民日报客户端｜伊朗队，昂着头告别世界杯｜https://www.peopleapp.com/column/30052507936-500007569411
- 2026-06-29｜工人日报｜如果用声音来形容世界杯，你会想到什么？｜https://www.peopleapp.com/column/30052516055-500007570955
- 2026-06-29｜人民日报体育微信公号｜美加墨世界杯｜“小国弱旅”诠释足球魅力｜https://www.peopleapp.com/column/30052519465-500007571845
- 2026-06-30｜人民日报客户端｜“小国弱旅”为何赢得全世界尊重｜https://www.peopleapp.com/column/30052526262-500007573763
- 2026-07-03｜人民日报体育微信公号｜美加墨世界杯｜这一场告别，有苦笑和眼泪｜https://www.peopleapp.com/column/30052559568-500007579723
- 2026-07-04｜人民日报微博｜告别本届世界杯，但佛得角已经创造了历史｜https://www.peopleapp.com/column/30052561315-500007580055
- 2026-07-06｜人民日报体育微信公号｜美加墨世界杯｜双星闪耀！足坛新世代已经到来｜https://www.peopleapp.com/column/30052580671-500007583236
- 2026-07-07｜人民日报微博｜CR7，谢谢你陪我们走过青春｜https://www.peopleapp.com/column/30052586488-500007584214
- 2026-07-07｜人民日报｜美加墨世界杯｜名将不言谢幕，新锐踏浪而来｜https://www.peopleapp.com/column/30052582997-500007584210
- 2026-07-07｜人民日报体育｜美加墨世界杯｜陪C罗最后一舞的，是一代人的青春｜https://www.peopleapp.com/column/30052590858-500007585382
- 2026-07-07｜南方日报｜美国把霸权之手伸向了世界杯｜https://www.peopleapp.com/column/30052586739-500007584229
- 2026-07-08｜人民日报海外版｜名将世界杯“最后一舞”，道别是一件难事｜https://www.peopleapp.com/column/30052594420-500007585878
- 2026-07-09｜人民日报｜世界杯八强出炉，足坛竞争格局有这些变化｜https://www.peopleapp.com/column/30052604047-500007587675
- 2026-07-15｜人民日报体育微信公号｜美加墨世界杯｜天才败给了体系｜https://www.peopleapp.com/column/30052667961-500007599624
- 2026-07-18｜人民日报海外版｜世界杯叠加暑期旅行热潮，美国入境旅游业为何“遇冷”？｜https://www.peopleapp.com/column/30052693027-500007604426
- 2026-07-19｜工人日报｜世界杯的变与不变｜https://www.peopleapp.com/column/30052696313-500007604994
- 2026-07-22｜经济日报｜AI成了世界杯特殊“球友”｜https://www.peopleapp.com/column/30052728841-500007611971
- 2026-07-22｜人民日报海外版｜人生不过几次世界杯｜https://www.peopleapp.com/column/30052723534-500007610546
- 2026-07-28｜人民日报｜世界杯给中国足球带来哪些启发？｜https://www.peopleapp.com/column/30052777815-500007620700

请基于以上官媒评论材料，写一份热点分析：先概括事件背景，再比较不同媒体的关注角度，最后提炼对申论写作、面试答题和公众号选题的启发。",peopleapp_opinion_20260719_30052696313_500007604994,2026-07-19,工人日报,世界杯的变与不变,https://www.peopleapp.com/column/30052696313-500007604994
peopleapp_hotspot_4b8c89a471,热点,S,世界杯中的体育精神与人文价值,体育文化与社会心态,把赛场胜负延伸到尊重弱者、全球流动、文化多样性和昂扬精神等公共价值。,9,22,2026-06-24,2026-07-28,人民日报、人民日报体育、人民日报体育微信公号、人民日报客户端、人民日报微博、人民日报海外版、南方日报、工人日报、经济日报,"选题：世界杯中的体育精神与人文价值
分类：体育文化与社会心态
核心角度：把赛场胜负延伸到尊重弱者、全球流动、文化多样性和昂扬精神等公共价值。
热点判断：9 家媒体、22 篇评论集中讨论。
时间范围：2026-06-24 至 2026-07-28
媒体来源：人民日报、人民日报体育、人民日报体育微信公号、人民日报客户端、人民日报微博、人民日报海外版、南方日报、工人日报、经济日报
支撑文章：
- 2026-06-24｜人民日报海外版｜世界杯，不止一种色彩｜https://www.peopleapp.com/column/30052473961-500007562111
- 2026-06-25｜人民日报体育微信公号｜美加墨世界杯丨16年前小组赛出局的东道主，今日逆袭出线｜https://www.peopleapp.com/column/30052491321-500007565389
- 2026-06-27｜人民日报体育微信公号｜美加墨世界杯｜佛得角奇迹，“全球化”足球的成功密码｜https://www.peopleapp.com/column/30052504770-500007568465
- 2026-06-28｜人民日报客户端｜伊朗队，昂着头告别世界杯｜https://www.peopleapp.com/column/30052507936-500007569411
- 2026-06-29｜工人日报｜如果用声音来形容世界杯，你会想到什么？｜https://www.peopleapp.com/column/30052516055-500007570955
- 2026-06-29｜人民日报体育微信公号｜美加墨世界杯｜“小国弱旅”诠释足球魅力｜https://www.peopleapp.com/column/30052519465-500007571845
- 2026-06-30｜人民日报客户端｜“小国弱旅”为何赢得全世界尊重｜https://www.peopleapp.com/column/30052526262-500007573763
- 2026-07-03｜人民日报体育微信公号｜美加墨世界杯｜这一场告别，有苦笑和眼泪｜https://www.peopleapp.com/column/30052559568-500007579723
- 2026-07-04｜人民日报微博｜告别本届世界杯，但佛得角已经创造了历史｜https://www.peopleapp.com/column/30052561315-500007580055
- 2026-07-06｜人民日报体育微信公号｜美加墨世界杯｜双星闪耀！足坛新世代已经到来｜https://www.peopleapp.com/column/30052580671-500007583236
- 2026-07-07｜人民日报微博｜CR7，谢谢你陪我们走过青春｜https://www.peopleapp.com/column/30052586488-500007584214
- 2026-07-07｜人民日报｜美加墨世界杯｜名将不言谢幕，新锐踏浪而来｜https://www.peopleapp.com/column/30052582997-500007584210
- 2026-07-07｜人民日报体育｜美加墨世界杯｜陪C罗最后一舞的，是一代人的青春｜https://www.peopleapp.com/column/30052590858-500007585382
- 2026-07-07｜南方日报｜美国把霸权之手伸向了世界杯｜https://www.peopleapp.com/column/30052586739-500007584229
- 2026-07-08｜人民日报海外版｜名将世界杯“最后一舞”，道别是一件难事｜https://www.peopleapp.com/column/30052594420-500007585878
- 2026-07-09｜人民日报｜世界杯八强出炉，足坛竞争格局有这些变化｜https://www.peopleapp.com/column/30052604047-500007587675
- 2026-07-15｜人民日报体育微信公号｜美加墨世界杯｜天才败给了体系｜https://www.peopleapp.com/column/30052667961-500007599624
- 2026-07-18｜人民日报海外版｜世界杯叠加暑期旅行热潮，美国入境旅游业为何“遇冷”？｜https://www.peopleapp.com/column/30052693027-500007604426
- 2026-07-19｜工人日报｜世界杯的变与不变｜https://www.peopleapp.com/column/30052696313-500007604994
- 2026-07-22｜经济日报｜AI成了世界杯特殊“球友”｜https://www.peopleapp.com/column/30052728841-500007611971
- 2026-07-22｜人民日报海外版｜人生不过几次世界杯｜https://www.peopleapp.com/column/30052723534-500007610546
- 2026-07-28｜人民日报｜世界杯给中国足球带来哪些启发？｜https://www.peopleapp.com/column/30052777815-500007620700

请基于以上官媒评论材料，写一份热点分析：先概括事件背景，再比较不同媒体的关注角度，最后提炼对申论写作、面试答题和公众号选题的启发。",peopleapp_opinion_20260722_30052728841_500007611971,2026-07-22,经济日报,AI成了世界杯特殊“球友”,https://www.peopleapp.com/column/30052728841-500007611971
peopleapp_hotspot_4b8c89a471,热点,S,世界杯中的体育精神与人文价值,体育文化与社会心态,把赛场胜负延伸到尊重弱者、全球流动、文化多样性和昂扬精神等公共价值。,9,22,2026-06-24,2026-07-28,人民日报、人民日报体育、人民日报体育微信公号、人民日报客户端、人民日报微博、人民日报海外版、南方日报、工人日报、经济日报,"选题：世界杯中的体育精神与人文价值
分类：体育文化与社会心态
核心角度：把赛场胜负延伸到尊重弱者、全球流动、文化多样性和昂扬精神等公共价值。
热点判断：9 家媒体、22 篇评论集中讨论。
时间范围：2026-06-24 至 2026-07-28
媒体来源：人民日报、人民日报体育、人民日报体育微信公号、人民日报客户端、人民日报微博、人民日报海外版、南方日报、工人日报、经济日报
支撑文章：
- 2026-06-24｜人民日报海外版｜世界杯，不止一种色彩｜https://www.peopleapp.com/column/30052473961-500007562111
- 2026-06-25｜人民日报体育微信公号｜美加墨世界杯丨16年前小组赛出局的东道主，今日逆袭出线｜https://www.peopleapp.com/column/30052491321-500007565389
- 2026-06-27｜人民日报体育微信公号｜美加墨世界杯｜佛得角奇迹，“全球化”足球的成功密码｜https://www.peopleapp.com/column/30052504770-500007568465
- 2026-06-28｜人民日报客户端｜伊朗队，昂着头告别世界杯｜https://www.peopleapp.com/column/30052507936-500007569411
- 2026-06-29｜工人日报｜如果用声音来形容世界杯，你会想到什么？｜https://www.peopleapp.com/column/30052516055-500007570955
- 2026-06-29｜人民日报体育微信公号｜美加墨世界杯｜“小国弱旅”诠释足球魅力｜https://www.peopleapp.com/column/30052519465-500007571845
- 2026-06-30｜人民日报客户端｜“小国弱旅”为何赢得全世界尊重｜https://www.peopleapp.com/column/30052526262-500007573763
- 2026-07-03｜人民日报体育微信公号｜美加墨世界杯｜这一场告别，有苦笑和眼泪｜https://www.peopleapp.com/column/30052559568-500007579723
- 2026-07-04｜人民日报微博｜告别本届世界杯，但佛得角已经创造了历史｜https://www.peopleapp.com/column/30052561315-500007580055
- 2026-07-06｜人民日报体育微信公号｜美加墨世界杯｜双星闪耀！足坛新世代已经到来｜https://www.peopleapp.com/column/30052580671-500007583236
- 2026-07-07｜人民日报微博｜CR7，谢谢你陪我们走过青春｜https://www.peopleapp.com/column/30052586488-500007584214
- 2026-07-07｜人民日报｜美加墨世界杯｜名将不言谢幕，新锐踏浪而来｜https://www.peopleapp.com/column/30052582997-500007584210
- 2026-07-07｜人民日报体育｜美加墨世界杯｜陪C罗最后一舞的，是一代人的青春｜https://www.peopleapp.com/column/30052590858-500007585382
- 2026-07-07｜南方日报｜美国把霸权之手伸向了世界杯｜https://www.peopleapp.com/column/30052586739-500007584229
- 2026-07-08｜人民日报海外版｜名将世界杯“最后一舞”，道别是一件难事｜https://www.peopleapp.com/column/30052594420-500007585878
- 2026-07-09｜人民日报｜世界杯八强出炉，足坛竞争格局有这些变化｜https://www.peopleapp.com/column/30052604047-500007587675
- 2026-07-15｜人民日报体育微信公号｜美加墨世界杯｜天才败给了体系｜https://www.peopleapp.com/column/30052667961-500007599624
- 2026-07-18｜人民日报海外版｜世界杯叠加暑期旅行热潮，美国入境旅游业为何“遇冷”？｜https://www.peopleapp.com/column/30052693027-500007604426
- 2026-07-19｜工人日报｜世界杯的变与不变｜https://www.peopleapp.com/column/30052696313-500007604994
- 2026-07-22｜经济日报｜AI成了世界杯特殊“球友”｜https://www.peopleapp.com/column/30052728841-500007611971
- 2026-07-22｜人民日报海外版｜人生不过几次世界杯｜https://www.peopleapp.com/column/30052723534-500007610546
- 2026-07-28｜人民日报｜世界杯给中国足球带来哪些启发？｜https://www.peopleapp.com/column/30052777815-500007620700

请基于以上官媒评论材料，写一份热点分析：先概括事件背景，再比较不同媒体的关注角度，最后提炼对申论写作、面试答题和公众号选题的启发。",peopleapp_opinion_20260722_30052723534_500007610546,2026-07-22,人民日报海外版,人生不过几次世界杯,https://www.peopleapp.com/column/30052723534-500007610546
peopleapp_hotspot_4b8c89a471,热点,S,世界杯中的体育精神与人文价值,体育文化与社会心态,把赛场胜负延伸到尊重弱者、全球流动、文化多样性和昂扬精神等公共价值。,9,22,2026-06-24,2026-07-28,人民日报、人民日报体育、人民日报体育微信公号、人民日报客户端、人民日报微博、人民日报海外版、南方日报、工人日报、经济日报,"选题：世界杯中的体育精神与人文价值
分类：体育文化与社会心态
核心角度：把赛场胜负延伸到尊重弱者、全球流动、文化多样性和昂扬精神等公共价值。
热点判断：9 家媒体、22 篇评论集中讨论。
时间范围：2026-06-24 至 2026-07-28
媒体来源：人民日报、人民日报体育、人民日报体育微信公号、人民日报客户端、人民日报微博、人民日报海外版、南方日报、工人日报、经济日报
支撑文章：
- 2026-06-24｜人民日报海外版｜世界杯，不止一种色彩｜https://www.peopleapp.com/column/30052473961-500007562111
- 2026-06-25｜人民日报体育微信公号｜美加墨世界杯丨16年前小组赛出局的东道主，今日逆袭出线｜https://www.peopleapp.com/column/30052491321-500007565389
- 2026-06-27｜人民日报体育微信公号｜美加墨世界杯｜佛得角奇迹，“全球化”足球的成功密码｜https://www.peopleapp.com/column/30052504770-500007568465
- 2026-06-28｜人民日报客户端｜伊朗队，昂着头告别世界杯｜https://www.peopleapp.com/column/30052507936-500007569411
- 2026-06-29｜工人日报｜如果用声音来形容世界杯，你会想到什么？｜https://www.peopleapp.com/column/30052516055-500007570955
- 2026-06-29｜人民日报体育微信公号｜美加墨世界杯｜“小国弱旅”诠释足球魅力｜https://www.peopleapp.com/column/30052519465-500007571845
- 2026-06-30｜人民日报客户端｜“小国弱旅”为何赢得全世界尊重｜https://www.peopleapp.com/column/30052526262-500007573763
- 2026-07-03｜人民日报体育微信公号｜美加墨世界杯｜这一场告别，有苦笑和眼泪｜https://www.peopleapp.com/column/30052559568-500007579723
- 2026-07-04｜人民日报微博｜告别本届世界杯，但佛得角已经创造了历史｜https://www.peopleapp.com/column/30052561315-500007580055
- 2026-07-06｜人民日报体育微信公号｜美加墨世界杯｜双星闪耀！足坛新世代已经到来｜https://www.peopleapp.com/column/30052580671-500007583236
- 2026-07-07｜人民日报微博｜CR7，谢谢你陪我们走过青春｜https://www.peopleapp.com/column/30052586488-500007584214
- 2026-07-07｜人民日报｜美加墨世界杯｜名将不言谢幕，新锐踏浪而来｜https://www.peopleapp.com/column/30052582997-500007584210
- 2026-07-07｜人民日报体育｜美加墨世界杯｜陪C罗最后一舞的，是一代人的青春｜https://www.peopleapp.com/column/30052590858-500007585382
- 2026-07-07｜南方日报｜美国把霸权之手伸向了世界杯｜https://www.peopleapp.com/column/30052586739-500007584229
- 2026-07-08｜人民日报海外版｜名将世界杯“最后一舞”，道别是一件难事｜https://www.peopleapp.com/column/30052594420-500007585878
- 2026-07-09｜人民日报｜世界杯八强出炉，足坛竞争格局有这些变化｜https://www.peopleapp.com/column/30052604047-500007587675
- 2026-07-15｜人民日报体育微信公号｜美加墨世界杯｜天才败给了体系｜https://www.peopleapp.com/column/30052667961-500007599624
- 2026-07-18｜人民日报海外版｜世界杯叠加暑期旅行热潮，美国入境旅游业为何“遇冷”？｜https://www.peopleapp.com/column/30052693027-500007604426
- 2026-07-19｜工人日报｜世界杯的变与不变｜https://www.peopleapp.com/column/30052696313-500007604994
- 2026-07-22｜经济日报｜AI成了世界杯特殊“球友”｜https://www.peopleapp.com/column/30052728841-500007611971
- 2026-07-22｜人民日报海外版｜人生不过几次世界杯｜https://www.peopleapp.com/column/30052723534-500007610546
- 2026-07-28｜人民日报｜世界杯给中国足球带来哪些启发？｜https://www.peopleapp.com/column/30052777815-500007620700

请基于以上官媒评论材料，写一份热点分析：先概括事件背景，再比较不同媒体的关注角度，最后提炼对申论写作、面试答题和公众号选题的启发。",peopleapp_opinion_20260728_30052777815_500007620700,2026-07-28,人民日报,世界杯给中国足球带来哪些启发？,https://www.peopleapp.com/column/30052777815-500007620700
peopleapp_hotspot_7be3e5d51a,热点,S,研学回归教育与安全本位,教育与青年成长,研学不能被打卡流量和冒险项目带偏，要把课程目标、风险评估和组织责任放在前面。,8,8,2026-06-26,2026-08-11,上观新闻、中国教育报客户端、人民日报、人民日报客户端、光明论微信公号、川观新闻、工人日报、经济日报,"选题：研学回归教育与安全本位
分类：教育与青年成长
核心角度：研学不能被打卡流量和冒险项目带偏，要把课程目标、风险评估和组织责任放在前面。
热点判断：8 家媒体、8 篇评论集中讨论。
时间范围：2026-06-26 至 2026-08-11
媒体来源：上观新闻、中国教育报客户端、人民日报、人民日报客户端、光明论微信公号、川观新闻、工人日报、经济日报
支撑文章：
- 2026-06-26｜人民日报｜只顾打卡出片，谨防研学被流量带偏方向｜https://www.peopleapp.com/column/30052492278-500007565996
- 2026-06-26｜人民日报客户端｜研学不应是铤而走险的玩乐｜https://www.peopleapp.com/column/30052455974-500007567359
- 2026-07-13｜上观新闻｜撕掉高科技滤镜，AI研学别只剩营销噱头｜https://www.peopleapp.com/column/30052644722-500007595506
- 2026-07-15｜工人日报｜“六天开一家公司”？AI研学应远离浮夸营销｜https://www.peopleapp.com/column/30052665327-500007599284
- 2026-07-27｜中国教育报客户端｜暑期AI研学究竟该学什么｜https://www.peopleapp.com/column/30052773347-500007620062
- 2026-08-01｜川观新闻｜告别“只游不学”，给研学戴上“紧箍咒”｜https://www.peopleapp.com/column/30052819600-500007629632
- 2026-08-10｜经济日报｜研学游该降降“虚火”｜https://www.peopleapp.com/column/30052894333-500007644175
- 2026-08-11｜光明论微信公号｜挖土、做手工也算“AI研学”？莫让AI成培训机构的“万能贴牌”｜https://www.peopleapp.com/column/30052905474-500007646242

请基于以上官媒评论材料，写一份热点分析：先概括事件背景，再比较不同媒体的关注角度，最后提炼对申论写作、面试答题和公众号选题的启发。",peopleapp_opinion_20260626_30052492278_500007565996,2026-06-26,人民日报,只顾打卡出片，谨防研学被流量带偏方向,https://www.peopleapp.com/column/30052492278-500007565996
peopleapp_hotspot_7be3e5d51a,热点,S,研学回归教育与安全本位,教育与青年成长,研学不能被打卡流量和冒险项目带偏，要把课程目标、风险评估和组织责任放在前面。,8,8,2026-06-26,2026-08-11,上观新闻、中国教育报客户端、人民日报、人民日报客户端、光明论微信公号、川观新闻、工人日报、经济日报,"选题：研学回归教育与安全本位
分类：教育与青年成长
核心角度：研学不能被打卡流量和冒险项目带偏，要把课程目标、风险评估和组织责任放在前面。
热点判断：8 家媒体、8 篇评论集中讨论。
时间范围：2026-06-26 至 2026-08-11
媒体来源：上观新闻、中国教育报客户端、人民日报、人民日报客户端、光明论微信公号、川观新闻、工人日报、经济日报
支撑文章：
- 2026-06-26｜人民日报｜只顾打卡出片，谨防研学被流量带偏方向｜https://www.peopleapp.com/column/30052492278-500007565996
- 2026-06-26｜人民日报客户端｜研学不应是铤而走险的玩乐｜https://www.peopleapp.com/column/30052455974-500007567359
- 2026-07-13｜上观新闻｜撕掉高科技滤镜，AI研学别只剩营销噱头｜https://www.peopleapp.com/column/30052644722-500007595506
- 2026-07-15｜工人日报｜“六天开一家公司”？AI研学应远离浮夸营销｜https://www.peopleapp.com/column/30052665327-500007599284
- 2026-07-27｜中国教育报客户端｜暑期AI研学究竟该学什么｜https://www.peopleapp.com/column/30052773347-500007620062
- 2026-08-01｜川观新闻｜告别“只游不学”，给研学戴上“紧箍咒”｜https://www.peopleapp.com/column/30052819600-500007629632
- 2026-08-10｜经济日报｜研学游该降降“虚火”｜https://www.peopleapp.com/column/30052894333-500007644175
- 2026-08-11｜光明论微信公号｜挖土、做手工也算“AI研学”？莫让AI成培训机构的“万能贴牌”｜https://www.peopleapp.com/column/30052905474-500007646242

请基于以上官媒评论材料，写一份热点分析：先概括事件背景，再比较不同媒体的关注角度，最后提炼对申论写作、面试答题和公众号选题的启发。",peopleapp_opinion_20260626_30052455974_500007567359,2026-06-26,人民日报客户端,研学不应是铤而走险的玩乐,https://www.peopleapp.com/column/30052455974-500007567359
peopleapp_hotspot_7be3e5d51a,热点,S,研学回归教育与安全本位,教育与青年成长,研学不能被打卡流量和冒险项目带偏，要把课程目标、风险评估和组织责任放在前面。,8,8,2026-06-26,2026-08-11,上观新闻、中国教育报客户端、人民日报、人民日报客户端、光明论微信公号、川观新闻、工人日报、经济日报,"选题：研学回归教育与安全本位
分类：教育与青年成长
核心角度：研学不能被打卡流量和冒险项目带偏，要把课程目标、风险评估和组织责任放在前面。
热点判断：8 家媒体、8 篇评论集中讨论。
时间范围：2026-06-26 至 2026-08-11
媒体来源：上观新闻、中国教育报客户端、人民日报、人民日报客户端、光明论微信公号、川观新闻、工人日报、经济日报
支撑文章：
- 2026-06-26｜人民日报｜只顾打卡出片，谨防研学被流量带偏方向｜https://www.peopleapp.com/column/30052492278-500007565996
- 2026-06-26｜人民日报客户端｜研学不应是铤而走险的玩乐｜https://www.peopleapp.com/column/30052455974-500007567359
- 2026-07-13｜上观新闻｜撕掉高科技滤镜，AI研学别只剩营销噱头｜https://www.peopleapp.com/column/30052644722-500007595506
- 2026-07-15｜工人日报｜“六天开一家公司”？AI研学应远离浮夸营销｜https://www.peopleapp.com/column/30052665327-500007599284
- 2026-07-27｜中国教育报客户端｜暑期AI研学究竟该学什么｜https://www.peopleapp.com/column/30052773347-500007620062
- 2026-08-01｜川观新闻｜告别“只游不学”，给研学戴上“紧箍咒”｜https://www.peopleapp.com/column/30052819600-500007629632
- 2026-08-10｜经济日报｜研学游该降降“虚火”｜https://www.peopleapp.com/column/30052894333-500007644175
- 2026-08-11｜光明论微信公号｜挖土、做手工也算“AI研学”？莫让AI成培训机构的“万能贴牌”｜https://www.peopleapp.com/column/30052905474-500007646242

请基于以上官媒评论材料，写一份热点分析：先概括事件背景，再比较不同媒体的关注角度，最后提炼对申论写作、面试答题和公众号选题的启发。",peopleapp_opinion_20260713_30052644722_500007595506,2026-07-13,上观新闻,撕掉高科技滤镜，AI研学别只剩营销噱头,https://www.peopleapp.com/column/30052644722-500007595506
peopleapp_hotspot_7be3e5d51a,热点,S,研学回归教育与安全本位,教育与青年成长,研学不能被打卡流量和冒险项目带偏，要把课程目标、风险评估和组织责任放在前面。,8,8,2026-06-26,2026-08-11,上观新闻、中国教育报客户端、人民日报、人民日报客户端、光明论微信公号、川观新闻、工人日报、经济日报,"选题：研学回归教育与安全本位
分类：教育与青年成长
核心角度：研学不能被打卡流量和冒险项目带偏，要把课程目标、风险评估和组织责任放在前面。
热点判断：8 家媒体、8 篇评论集中讨论。
时间范围：2026-06-26 至 2026-08-11
媒体来源：上观新闻、中国教育报客户端、人民日报、人民日报客户端、光明论微信公号、川观新闻、工人日报、经济日报
支撑文章：
- 2026-06-26｜人民日报｜只顾打卡出片，谨防研学被流量带偏方向｜https://www.peopleapp.com/column/30052492278-500007565996
- 2026-06-26｜人民日报客户端｜研学不应是铤而走险的玩乐｜https://www.peopleapp.com/column/30052455974-500007567359
- 2026-07-13｜上观新闻｜撕掉高科技滤镜，AI研学别只剩营销噱头｜https://www.peopleapp.com/column/30052644722-500007595506
- 2026-07-15｜工人日报｜“六天开一家公司”？AI研学应远离浮夸营销｜https://www.peopleapp.com/column/30052665327-500007599284
- 2026-07-27｜中国教育报客户端｜暑期AI研学究竟该学什么｜https://www.peopleapp.com/column/30052773347-500007620062
- 2026-08-01｜川观新闻｜告别“只游不学”，给研学戴上“紧箍咒”｜https://www.peopleapp.com/column/30052819600-500007629632
- 2026-08-10｜经济日报｜研学游该降降“虚火”｜https://www.peopleapp.com/column/30052894333-500007644175
- 2026-08-11｜光明论微信公号｜挖土、做手工也算“AI研学”？莫让AI成培训机构的“万能贴牌”｜https://www.peopleapp.com/column/30052905474-500007646242

请基于以上官媒评论材料，写一份热点分析：先概括事件背景，再比较不同媒体的关注角度，最后提炼对申论写作、面试答题和公众号选题的启发。",peopleapp_opinion_20260715_30052665327_500007599284,2026-07-15,工人日报,“六天开一家公司”？AI研学应远离浮夸营销,https://www.peopleapp.com/column/30052665327-500007599284
peopleapp_hotspot_7be3e5d51a,热点,S,研学回归教育与安全本位,教育与青年成长,研学不能被打卡流量和冒险项目带偏，要把课程目标、风险评估和组织责任放在前面。,8,8,2026-06-26,2026-08-11,上观新闻、中国教育报客户端、人民日报、人民日报客户端、光明论微信公号、川观新闻、工人日报、经济日报,"选题：研学回归教育与安全本位
分类：教育与青年成长
核心角度：研学不能被打卡流量和冒险项目带偏，要把课程目标、风险评估和组织责任放在前面。
热点判断：8 家媒体、8 篇评论集中讨论。
时间范围：2026-06-26 至 2026-08-11
媒体来源：上观新闻、中国教育报客户端、人民日报、人民日报客户端、光明论微信公号、川观新闻、工人日报、经济日报
支撑文章：
- 2026-06-26｜人民日报｜只顾打卡出片，谨防研学被流量带偏方向｜https://www.peopleapp.com/column/30052492278-500007565996
- 2026-06-26｜人民日报客户端｜研学不应是铤而走险的玩乐｜https://www.peopleapp.com/column/30052455974-500007567359
- 2026-07-13｜上观新闻｜撕掉高科技滤镜，AI研学别只剩营销噱头｜https://www.peopleapp.com/column/30052644722-500007595506
- 2026-07-15｜工人日报｜“六天开一家公司”？AI研学应远离浮夸营销｜https://www.peopleapp.com/column/30052665327-500007599284
- 2026-07-27｜中国教育报客户端｜暑期AI研学究竟该学什么｜https://www.peopleapp.com/column/30052773347-500007620062
- 2026-08-01｜川观新闻｜告别“只游不学”，给研学戴上“紧箍咒”｜https://www.peopleapp.com/column/30052819600-500007629632
- 2026-08-10｜经济日报｜研学游该降降“虚火”｜https://www.peopleapp.com/column/30052894333-500007644175
- 2026-08-11｜光明论微信公号｜挖土、做手工也算“AI研学”？莫让AI成培训机构的“万能贴牌”｜https://www.peopleapp.com/column/30052905474-500007646242

请基于以上官媒评论材料，写一份热点分析：先概括事件背景，再比较不同媒体的关注角度，最后提炼对申论写作、面试答题和公众号选题的启发。",peopleapp_opinion_20260727_30052773347_500007620062,2026-07-27,中国教育报客户端,暑期AI研学究竟该学什么,https://www.peopleapp.com/column/30052773347-500007620062
peopleapp_hotspot_7be3e5d51a,热点,S,研学回归教育与安全本位,教育与青年成长,研学不能被打卡流量和冒险项目带偏，要把课程目标、风险评估和组织责任放在前面。,8,8,2026-06-26,2026-08-11,上观新闻、中国教育报客户端、人民日报、人民日报客户端、光明论微信公号、川观新闻、工人日报、经济日报,"选题：研学回归教育与安全本位
分类：教育与青年成长
核心角度：研学不能被打卡流量和冒险项目带偏，要把课程目标、风险评估和组织责任放在前面。
热点判断：8 家媒体、8 篇评论集中讨论。
时间范围：2026-06-26 至 2026-08-11
媒体来源：上观新闻、中国教育报客户端、人民日报、人民日报客户端、光明论微信公号、川观新闻、工人日报、经济日报
支撑文章：
- 2026-06-26｜人民日报｜只顾打卡出片，谨防研学被流量带偏方向｜https://www.peopleapp.com/column/30052492278-500007565996
- 2026-06-26｜人民日报客户端｜研学不应是铤而走险的玩乐｜https://www.peopleapp.com/column/30052455974-500007567359
- 2026-07-13｜上观新闻｜撕掉高科技滤镜，AI研学别只剩营销噱头｜https://www.peopleapp.com/column/30052644722-500007595506
- 2026-07-15｜工人日报｜“六天开一家公司”？AI研学应远离浮夸营销｜https://www.peopleapp.com/column/30052665327-500007599284
- 2026-07-27｜中国教育报客户端｜暑期AI研学究竟该学什么｜https://www.peopleapp.com/column/30052773347-500007620062
- 2026-08-01｜川观新闻｜告别“只游不学”，给研学戴上“紧箍咒”｜https://www.peopleapp.com/column/30052819600-500007629632
- 2026-08-10｜经济日报｜研学游该降降“虚火”｜https://www.peopleapp.com/column/30052894333-500007644175
- 2026-08-11｜光明论微信公号｜挖土、做手工也算“AI研学”？莫让AI成培训机构的“万能贴牌”｜https://www.peopleapp.com/column/30052905474-500007646242

请基于以上官媒评论材料，写一份热点分析：先概括事件背景，再比较不同媒体的关注角度，最后提炼对申论写作、面试答题和公众号选题的启发。",peopleapp_opinion_20260801_30052819600_500007629632,2026-08-01,川观新闻,告别“只游不学”，给研学戴上“紧箍咒”,https://www.peopleapp.com/column/30052819600-500007629632
peopleapp_hotspot_7be3e5d51a,热点,S,研学回归教育与安全本位,教育与青年成长,研学不能被打卡流量和冒险项目带偏，要把课程目标、风险评估和组织责任放在前面。,8,8,2026-06-26,2026-08-11,上观新闻、中国教育报客户端、人民日报、人民日报客户端、光明论微信公号、川观新闻、工人日报、经济日报,"选题：研学回归教育与安全本位
分类：教育与青年成长
核心角度：研学不能被打卡流量和冒险项目带偏，要把课程目标、风险评估和组织责任放在前面。
热点判断：8 家媒体、8 篇评论集中讨论。
时间范围：2026-06-26 至 2026-08-11
媒体来源：上观新闻、中国教育报客户端、人民日报、人民日报客户端、光明论微信公号、川观新闻、工人日报、经济日报
支撑文章：
- 2026-06-26｜人民日报｜只顾打卡出片，谨防研学被流量带偏方向｜https://www.peopleapp.com/column/30052492278-500007565996
- 2026-06-26｜人民日报客户端｜研学不应是铤而走险的玩乐｜https://www.peopleapp.com/column/30052455974-500007567359
- 2026-07-13｜上观新闻｜撕掉高科技滤镜，AI研学别只剩营销噱头｜https://www.peopleapp.com/column/30052644722-500007595506
- 2026-07-15｜工人日报｜“六天开一家公司”？AI研学应远离浮夸营销｜https://www.peopleapp.com/column/30052665327-500007599284
- 2026-07-27｜中国教育报客户端｜暑期AI研学究竟该学什么｜https://www.peopleapp.com/column/30052773347-500007620062
- 2026-08-01｜川观新闻｜告别“只游不学”，给研学戴上“紧箍咒”｜https://www.peopleapp.com/column/30052819600-500007629632
- 2026-08-10｜经济日报｜研学游该降降“虚火”｜https://www.peopleapp.com/column/30052894333-500007644175
- 2026-08-11｜光明论微信公号｜挖土、做手工也算“AI研学”？莫让AI成培训机构的“万能贴牌”｜https://www.peopleapp.com/column/30052905474-500007646242

请基于以上官媒评论材料，写一份热点分析：先概括事件背景，再比较不同媒体的关注角度，最后提炼对申论写作、面试答题和公众号选题的启发。",peopleapp_opinion_20260810_30052894333_500007644175,2026-08-10,经济日报,研学游该降降“虚火”,https://www.peopleapp.com/column/30052894333-500007644175
peopleapp_hotspot_7be3e5d51a,热点,S,研学回归教育与安全本位,教育与青年成长,研学不能被打卡流量和冒险项目带偏，要把课程目标、风险评估和组织责任放在前面。,8,8,2026-06-26,2026-08-11,上观新闻、中国教育报客户端、人民日报、人民日报客户端、光明论微信公号、川观新闻、工人日报、经济日报,"选题：研学回归教育与安全本位
分类：教育与青年成长
核心角度：研学不能被打卡流量和冒险项目带偏，要把课程目标、风险评估和组织责任放在前面。
热点判断：8 家媒体、8 篇评论集中讨论。
时间范围：2026-06-26 至 2026-08-11
媒体来源：上观新闻、中国教育报客户端、人民日报、人民日报客户端、光明论微信公号、川观新闻、工人日报、经济日报
支撑文章：
- 2026-06-26｜人民日报｜只顾打卡出片，谨防研学被流量带偏方向｜https://www.peopleapp.com/column/30052492278-500007565996
- 2026-06-26｜人民日报客户端｜研学不应是铤而走险的玩乐｜https://www.peopleapp.com/column/30052455974-500007567359
- 2026-07-13｜上观新闻｜撕掉高科技滤镜，AI研学别只剩营销噱头｜https://www.peopleapp.com/column/30052644722-500007595506
- 2026-07-15｜工人日报｜“六天开一家公司”？AI研学应远离浮夸营销｜https://www.peopleapp.com/column/30052665327-500007599284
- 2026-07-27｜中国教育报客户端｜暑期AI研学究竟该学什么｜https://www.peopleapp.com/column/30052773347-500007620062
- 2026-08-01｜川观新闻｜告别“只游不学”，给研学戴上“紧箍咒”｜https://www.peopleapp.com/column/30052819600-500007629632
- 2026-08-10｜经济日报｜研学游该降降“虚火”｜https://www.peopleapp.com/column/30052894333-500007644175
- 2026-08-11｜光明论微信公号｜挖土、做手工也算“AI研学”？莫让AI成培训机构的“万能贴牌”｜https://www.peopleapp.com/column/30052905474-500007646242

请基于以上官媒评论材料，写一份热点分析：先概括事件背景，再比较不同媒体的关注角度，最后提炼对申论写作、面试答题和公众号选题的启发。",peopleapp_opinion_20260811_30052905474_500007646242,2026-08-11,光明论微信公号,挖土、做手工也算“AI研学”？莫让AI成培训机构的“万能贴牌”,https://www.peopleapp.com/column/30052905474-500007646242
peopleapp_hotspot_60c7e9d3bd,热点,S,银发群体数字融入,数字治理与消费权益,适老化不能只放大字体，还要同时解决信息骚扰、操作门槛、数字教育和安全防护。,7,7,2026-06-26,2026-07-07,农民日报、南方日报、广州日报、新京报评论微信公号、检察日报、红辣椒评论微信公号、钱江晚报,"选题：银发群体数字融入
分类：数字治理与消费权益
核心角度：适老化不能只放大字体，还要同时解决信息骚扰、操作门槛、数字教育和安全防护。
热点判断：7 家媒体、7 篇评论集中讨论。
时间范围：2026-06-26 至 2026-07-07
媒体来源：农民日报、南方日报、广州日报、新京报评论微信公号、检察日报、红辣椒评论微信公号、钱江晚报
支撑文章：
- 2026-06-26｜新京报评论微信公号｜奶奶微信上77万条未读消息，埋了多少“坑”？｜https://www.peopleapp.com/column/30052498158-500007567219
- 2026-06-28｜红辣椒评论微信公号｜77万条未读消息，谁来守住老人的微信清净？｜https://www.peopleapp.com/column/30052509563-500007569452
- 2026-06-29｜广州日报｜应用适老化不能止于字体放大｜https://www.peopleapp.com/column/30052514006-500007570472
- 2026-06-30｜钱江晚报｜银发族抢着学AI，老年教育岂能慢半拍？｜https://www.peopleapp.com/column/30052523393-500007572163
- 2026-07-05｜农民日报｜77万条未读，谁来为银发一族“守门”？｜https://www.peopleapp.com/column/30052570100-500007581239
- 2026-07-07｜检察日报｜数字适老化改造要从管住“信息骚扰”做起｜https://www.peopleapp.com/column/30052586764-500007584231
- 2026-07-07｜南方日报｜老人何以被“数字围猎”｜https://www.peopleapp.com/column/30052588720-500007584891

请基于以上官媒评论材料，写一份热点分析：先概括事件背景，再比较不同媒体的关注角度，最后提炼对申论写作、面试答题和公众号选题的启发。",peopleapp_opinion_20260626_30052498158_500007567219,2026-06-26,新京报评论微信公号,奶奶微信上77万条未读消息，埋了多少“坑”？,https://www.peopleapp.com/column/30052498158-500007567219
peopleapp_hotspot_60c7e9d3bd,热点,S,银发群体数字融入,数字治理与消费权益,适老化不能只放大字体，还要同时解决信息骚扰、操作门槛、数字教育和安全防护。,7,7,2026-06-26,2026-07-07,农民日报、南方日报、广州日报、新京报评论微信公号、检察日报、红辣椒评论微信公号、钱江晚报,"选题：银发群体数字融入
分类：数字治理与消费权益
核心角度：适老化不能只放大字体，还要同时解决信息骚扰、操作门槛、数字教育和安全防护。
热点判断：7 家媒体、7 篇评论集中讨论。
时间范围：2026-06-26 至 2026-07-07
媒体来源：农民日报、南方日报、广州日报、新京报评论微信公号、检察日报、红辣椒评论微信公号、钱江晚报
支撑文章：
- 2026-06-26｜新京报评论微信公号｜奶奶微信上77万条未读消息，埋了多少“坑”？｜https://www.peopleapp.com/column/30052498158-500007567219
- 2026-06-28｜红辣椒评论微信公号｜77万条未读消息，谁来守住老人的微信清净？｜https://www.peopleapp.com/column/30052509563-500007569452
- 2026-06-29｜广州日报｜应用适老化不能止于字体放大｜https://www.peopleapp.com/column/30052514006-500007570472
- 2026-06-30｜钱江晚报｜银发族抢着学AI，老年教育岂能慢半拍？｜https://www.peopleapp.com/column/30052523393-500007572163
- 2026-07-05｜农民日报｜77万条未读，谁来为银发一族“守门”？｜https://www.peopleapp.com/column/30052570100-500007581239
- 2026-07-07｜检察日报｜数字适老化改造要从管住“信息骚扰”做起｜https://www.peopleapp.com/column/30052586764-500007584231
- 2026-07-07｜南方日报｜老人何以被“数字围猎”｜https://www.peopleapp.com/column/30052588720-500007584891

请基于以上官媒评论材料，写一份热点分析：先概括事件背景，再比较不同媒体的关注角度，最后提炼对申论写作、面试答题和公众号选题的启发。",peopleapp_opinion_20260628_30052509563_500007569452,2026-06-28,红辣椒评论微信公号,77万条未读消息，谁来守住老人的微信清净？,https://www.peopleapp.com/column/30052509563-500007569452
peopleapp_hotspot_60c7e9d3bd,热点,S,银发群体数字融入,数字治理与消费权益,适老化不能只放大字体，还要同时解决信息骚扰、操作门槛、数字教育和安全防护。,7,7,2026-06-26,2026-07-07,农民日报、南方日报、广州日报、新京报评论微信公号、检察日报、红辣椒评论微信公号、钱江晚报,"选题：银发群体数字融入
分类：数字治理与消费权益
核心角度：适老化不能只放大字体，还要同时解决信息骚扰、操作门槛、数字教育和安全防护。
热点判断：7 家媒体、7 篇评论集中讨论。
时间范围：2026-06-26 至 2026-07-07
媒体来源：农民日报、南方日报、广州日报、新京报评论微信公号、检察日报、红辣椒评论微信公号、钱江晚报
支撑文章：
- 2026-06-26｜新京报评论微信公号｜奶奶微信上77万条未读消息，埋了多少“坑”？｜https://www.peopleapp.com/column/30052498158-500007567219
- 2026-06-28｜红辣椒评论微信公号｜77万条未读消息，谁来守住老人的微信清净？｜https://www.peopleapp.com/column/30052509563-500007569452
- 2026-06-29｜广州日报｜应用适老化不能止于字体放大｜https://www.peopleapp.com/column/30052514006-500007570472
- 2026-06-30｜钱江晚报｜银发族抢着学AI，老年教育岂能慢半拍？｜https://www.peopleapp.com/column/30052523393-500007572163
- 2026-07-05｜农民日报｜77万条未读，谁来为银发一族“守门”？｜https://www.peopleapp.com/column/30052570100-500007581239
- 2026-07-07｜检察日报｜数字适老化改造要从管住“信息骚扰”做起｜https://www.peopleapp.com/column/30052586764-500007584231
- 2026-07-07｜南方日报｜老人何以被“数字围猎”｜https://www.peopleapp.com/column/30052588720-500007584891

请基于以上官媒评论材料，写一份热点分析：先概括事件背景，再比较不同媒体的关注角度，最后提炼对申论写作、面试答题和公众号选题的启发。",peopleapp_opinion_20260629_30052514006_500007570472,2026-06-29,广州日报,应用适老化不能止于字体放大,https://www.peopleapp.com/column/30052514006-500007570472
peopleapp_hotspot_60c7e9d3bd,热点,S,银发群体数字融入,数字治理与消费权益,适老化不能只放大字体，还要同时解决信息骚扰、操作门槛、数字教育和安全防护。,7,7,2026-06-26,2026-07-07,农民日报、南方日报、广州日报、新京报评论微信公号、检察日报、红辣椒评论微信公号、钱江晚报,"选题：银发群体数字融入
分类：数字治理与消费权益
核心角度：适老化不能只放大字体，还要同时解决信息骚扰、操作门槛、数字教育和安全防护。
热点判断：7 家媒体、7 篇评论集中讨论。
时间范围：2026-06-26 至 2026-07-07
媒体来源：农民日报、南方日报、广州日报、新京报评论微信公号、检察日报、红辣椒评论微信公号、钱江晚报
支撑文章：
- 2026-06-26｜新京报评论微信公号｜奶奶微信上77万条未读消息，埋了多少“坑”？｜https://www.peopleapp.com/column/30052498158-500007567219
- 2026-06-28｜红辣椒评论微信公号｜77万条未读消息，谁来守住老人的微信清净？｜https://www.peopleapp.com/column/30052509563-500007569452
- 2026-06-29｜广州日报｜应用适老化不能止于字体放大｜https://www.peopleapp.com/column/30052514006-500007570472
- 2026-06-30｜钱江晚报｜银发族抢着学AI，老年教育岂能慢半拍？｜https://www.peopleapp.com/column/30052523393-500007572163
- 2026-07-05｜农民日报｜77万条未读，谁来为银发一族“守门”？｜https://www.peopleapp.com/column/30052570100-500007581239
- 2026-07-07｜检察日报｜数字适老化改造要从管住“信息骚扰”做起｜https://www.peopleapp.com/column/30052586764-500007584231
- 2026-07-07｜南方日报｜老人何以被“数字围猎”｜https://www.peopleapp.com/column/30052588720-500007584891

请基于以上官媒评论材料，写一份热点分析：先概括事件背景，再比较不同媒体的关注角度，最后提炼对申论写作、面试答题和公众号选题的启发。",peopleapp_opinion_20260630_30052523393_500007572163,2026-06-30,钱江晚报,银发族抢着学AI，老年教育岂能慢半拍？,https://www.peopleapp.com/column/30052523393-500007572163
peopleapp_hotspot_60c7e9d3bd,热点,S,银发群体数字融入,数字治理与消费权益,适老化不能只放大字体，还要同时解决信息骚扰、操作门槛、数字教育和安全防护。,7,7,2026-06-26,2026-07-07,农民日报、南方日报、广州日报、新京报评论微信公号、检察日报、红辣椒评论微信公号、钱江晚报,"选题：银发群体数字融入
分类：数字治理与消费权益
核心角度：适老化不能只放大字体，还要同时解决信息骚扰、操作门槛、数字教育和安全防护。
热点判断：7 家媒体、7 篇评论集中讨论。
时间范围：2026-06-26 至 2026-07-07
媒体来源：农民日报、南方日报、广州日报、新京报评论微信公号、检察日报、红辣椒评论微信公号、钱江晚报
支撑文章：
- 2026-06-26｜新京报评论微信公号｜奶奶微信上77万条未读消息，埋了多少“坑”？｜https://www.peopleapp.com/column/30052498158-500007567219
- 2026-06-28｜红辣椒评论微信公号｜77万条未读消息，谁来守住老人的微信清净？｜https://www.peopleapp.com/column/30052509563-500007569452
- 2026-06-29｜广州日报｜应用适老化不能止于字体放大｜https://www.peopleapp.com/column/30052514006-500007570472
- 2026-06-30｜钱江晚报｜银发族抢着学AI，老年教育岂能慢半拍？｜https://www.peopleapp.com/column/30052523393-500007572163
- 2026-07-05｜农民日报｜77万条未读，谁来为银发一族“守门”？｜https://www.peopleapp.com/column/30052570100-500007581239
- 2026-07-07｜检察日报｜数字适老化改造要从管住“信息骚扰”做起｜https://www.peopleapp.com/column/30052586764-500007584231
- 2026-07-07｜南方日报｜老人何以被“数字围猎”｜https://www.peopleapp.com/column/30052588720-500007584891

请基于以上官媒评论材料，写一份热点分析：先概括事件背景，再比较不同媒体的关注角度，最后提炼对申论写作、面试答题和公众号选题的启发。",peopleapp_opinion_20260705_30052570100_500007581239,2026-07-05,农民日报,77万条未读，谁来为银发一族“守门”？,https://www.peopleapp.com/column/30052570100-500007581239
peopleapp_hotspot_60c7e9d3bd,热点,S,银发群体数字融入,数字治理与消费权益,适老化不能只放大字体，还要同时解决信息骚扰、操作门槛、数字教育和安全防护。,7,7,2026-06-26,2026-07-07,农民日报、南方日报、广州日报、新京报评论微信公号、检察日报、红辣椒评论微信公号、钱江晚报,"选题：银发群体数字融入
分类：数字治理与消费权益
核心角度：适老化不能只放大字体，还要同时解决信息骚扰、操作门槛、数字教育和安全防护。
热点判断：7 家媒体、7 篇评论集中讨论。
时间范围：2026-06-26 至 2026-07-07
媒体来源：农民日报、南方日报、广州日报、新京报评论微信公号、检察日报、红辣椒评论微信公号、钱江晚报
支撑文章：
- 2026-06-26｜新京报评论微信公号｜奶奶微信上77万条未读消息，埋了多少“坑”？｜https://www.peopleapp.com/column/30052498158-500007567219
- 2026-06-28｜红辣椒评论微信公号｜77万条未读消息，谁来守住老人的微信清净？｜https://www.peopleapp.com/column/30052509563-500007569452
- 2026-06-29｜广州日报｜应用适老化不能止于字体放大｜https://www.peopleapp.com/column/30052514006-500007570472
- 2026-06-30｜钱江晚报｜银发族抢着学AI，老年教育岂能慢半拍？｜https://www.peopleapp.com/column/30052523393-500007572163
- 2026-07-05｜农民日报｜77万条未读，谁来为银发一族“守门”？｜https://www.peopleapp.com/column/30052570100-500007581239
- 2026-07-07｜检察日报｜数字适老化改造要从管住“信息骚扰”做起｜https://www.peopleapp.com/column/30052586764-500007584231
- 2026-07-07｜南方日报｜老人何以被“数字围猎”｜https://www.peopleapp.com/column/30052588720-500007584891

请基于以上官媒评论材料，写一份热点分析：先概括事件背景，再比较不同媒体的关注角度，最后提炼对申论写作、面试答题和公众号选题的启发。",peopleapp_opinion_20260707_30052586764_500007584231,2026-07-07,检察日报,数字适老化改造要从管住“信息骚扰”做起,https://www.peopleapp.com/column/30052586764-500007584231
peopleapp_hotspot_60c7e9d3bd,热点,S,银发群体数字融入,数字治理与消费权益,适老化不能只放大字体，还要同时解决信息骚扰、操作门槛、数字教育和安全防护。,7,7,2026-06-26,2026-07-07,农民日报、南方日报、广州日报、新京报评论微信公号、检察日报、红辣椒评论微信公号、钱江晚报,"选题：银发群体数字融入
分类：数字治理与消费权益
核心角度：适老化不能只放大字体，还要同时解决信息骚扰、操作门槛、数字教育和安全防护。
热点判断：7 家媒体、7 篇评论集中讨论。
时间范围：2026-06-26 至 2026-07-07
媒体来源：农民日报、南方日报、广州日报、新京报评论微信公号、检察日报、红辣椒评论微信公号、钱江晚报
支撑文章：
- 2026-06-26｜新京报评论微信公号｜奶奶微信上77万条未读消息，埋了多少“坑”？｜https://www.peopleapp.com/column/30052498158-500007567219
- 2026-06-28｜红辣椒评论微信公号｜77万条未读消息，谁来守住老人的微信清净？｜https://www.peopleapp.com/column/30052509563-500007569452
- 2026-06-29｜广州日报｜应用适老化不能止于字体放大｜https://www.peopleapp.com/column/30052514006-500007570472
- 2026-06-30｜钱江晚报｜银发族抢着学AI，老年教育岂能慢半拍？｜https://www.peopleapp.com/column/30052523393-500007572163
- 2026-07-05｜农民日报｜77万条未读，谁来为银发一族“守门”？｜https://www.peopleapp.com/column/30052570100-500007581239
- 2026-07-07｜检察日报｜数字适老化改造要从管住“信息骚扰”做起｜https://www.peopleapp.com/column/30052586764-500007584231
- 2026-07-07｜南方日报｜老人何以被“数字围猎”｜https://www.peopleapp.com/column/30052588720-500007584891

请基于以上官媒评论材料，写一份热点分析：先概括事件背景，再比较不同媒体的关注角度，最后提炼对申论写作、面试答题和公众号选题的启发。",peopleapp_opinion_20260707_30052588720_500007584891,2026-07-07,南方日报,老人何以被“数字围猎”,https://www.peopleapp.com/column/30052588720-500007584891
peopleapp_hotspot_e349cd9e2b,热点,S,高考志愿填报治理,教育与青年成长,从信息透明、AI辅助、家长责任和反招生诈骗四个层面，帮助考生把选择权握在自己手里。,6,8,2026-06-24,2026-07-06,南方日报、南方都市报、广州日报、新湖南客户端、澎湃新闻、经济日报,"选题：高考志愿填报治理
分类：教育与青年成长
核心角度：从信息透明、AI辅助、家长责任和反招生诈骗四个层面，帮助考生把选择权握在自己手里。
热点判断：6 家媒体、8 篇评论集中讨论。
时间范围：2026-06-24 至 2026-07-06
媒体来源：南方日报、南方都市报、广州日报、新湖南客户端、澎湃新闻、经济日报
支撑文章：
- 2026-06-24｜广州日报｜高考志愿填报不可迷信“专家”｜https://www.peopleapp.com/column/30052480394-500007563312
- 2026-06-25｜南方日报｜AI“改动”了你的高考志愿吗｜https://www.peopleapp.com/column/30052488640-500007565120
- 2026-06-25｜澎湃新闻｜规范志愿填报市场，消除信息不对称｜https://www.peopleapp.com/column/30052490778-500007565360
- 2026-06-26｜南方都市报｜高考志愿填报这事，家长花点心思比乱花钱管用｜https://www.peopleapp.com/column/30052498656-500007567234
- 2026-06-27｜南方都市报｜打破功利焦虑，让专业选择回归“自我实现”｜https://www.peopleapp.com/column/30052504924-500007568469
- 2026-06-28｜新湖南客户端｜“相信规则”是反招生诈骗第一道防线｜https://www.peopleapp.com/column/30052508435-500007569359
- 2026-06-29｜南方都市报｜高考公平需要延伸到志愿填报这一环｜https://www.peopleapp.com/column/30052514800-500007570769
- 2026-07-06｜经济日报｜高考志愿别被商业套路“绑架”｜https://www.peopleapp.com/column/30052580474-500007583190

请基于以上官媒评论材料，写一份热点分析：先概括事件背景，再比较不同媒体的关注角度，最后提炼对申论写作、面试答题和公众号选题的启发。",peopleapp_opinion_20260624_30052480394_500007563312,2026-06-24,广州日报,高考志愿填报不可迷信“专家”,https://www.peopleapp.com/column/30052480394-500007563312
peopleapp_hotspot_e349cd9e2b,热点,S,高考志愿填报治理,教育与青年成长,从信息透明、AI辅助、家长责任和反招生诈骗四个层面，帮助考生把选择权握在自己手里。,6,8,2026-06-24,2026-07-06,南方日报、南方都市报、广州日报、新湖南客户端、澎湃新闻、经济日报,"选题：高考志愿填报治理
分类：教育与青年成长
核心角度：从信息透明、AI辅助、家长责任和反招生诈骗四个层面，帮助考生把选择权握在自己手里。
热点判断：6 家媒体、8 篇评论集中讨论。
时间范围：2026-06-24 至 2026-07-06
媒体来源：南方日报、南方都市报、广州日报、新湖南客户端、澎湃新闻、经济日报
支撑文章：
- 2026-06-24｜广州日报｜高考志愿填报不可迷信“专家”｜https://www.peopleapp.com/column/30052480394-500007563312
- 2026-06-25｜南方日报｜AI“改动”了你的高考志愿吗｜https://www.peopleapp.com/column/30052488640-500007565120
- 2026-06-25｜澎湃新闻｜规范志愿填报市场，消除信息不对称｜https://www.peopleapp.com/column/30052490778-500007565360
- 2026-06-26｜南方都市报｜高考志愿填报这事，家长花点心思比乱花钱管用｜https://www.peopleapp.com/column/30052498656-500007567234
- 2026-06-27｜南方都市报｜打破功利焦虑，让专业选择回归“自我实现”｜https://www.peopleapp.com/column/30052504924-500007568469
- 2026-06-28｜新湖南客户端｜“相信规则”是反招生诈骗第一道防线｜https://www.peopleapp.com/column/30052508435-500007569359
- 2026-06-29｜南方都市报｜高考公平需要延伸到志愿填报这一环｜https://www.peopleapp.com/column/30052514800-500007570769
- 2026-07-06｜经济日报｜高考志愿别被商业套路“绑架”｜https://www.peopleapp.com/column/30052580474-500007583190

请基于以上官媒评论材料，写一份热点分析：先概括事件背景，再比较不同媒体的关注角度，最后提炼对申论写作、面试答题和公众号选题的启发。",peopleapp_opinion_20260625_30052488640_500007565120,2026-06-25,南方日报,AI“改动”了你的高考志愿吗,https://www.peopleapp.com/column/30052488640-500007565120
peopleapp_hotspot_e349cd9e2b,热点,S,高考志愿填报治理,教育与青年成长,从信息透明、AI辅助、家长责任和反招生诈骗四个层面，帮助考生把选择权握在自己手里。,6,8,2026-06-24,2026-07-06,南方日报、南方都市报、广州日报、新湖南客户端、澎湃新闻、经济日报,"选题：高考志愿填报治理
分类：教育与青年成长
核心角度：从信息透明、AI辅助、家长责任和反招生诈骗四个层面，帮助考生把选择权握在自己手里。
热点判断：6 家媒体、8 篇评论集中讨论。
时间范围：2026-06-24 至 2026-07-06
媒体来源：南方日报、南方都市报、广州日报、新湖南客户端、澎湃新闻、经济日报
支撑文章：
- 2026-06-24｜广州日报｜高考志愿填报不可迷信“专家”｜https://www.peopleapp.com/column/30052480394-500007563312
- 2026-06-25｜南方日报｜AI“改动”了你的高考志愿吗｜https://www.peopleapp.com/column/30052488640-500007565120
- 2026-06-25｜澎湃新闻｜规范志愿填报市场，消除信息不对称｜https://www.peopleapp.com/column/30052490778-500007565360
- 2026-06-26｜南方都市报｜高考志愿填报这事，家长花点心思比乱花钱管用｜https://www.peopleapp.com/column/30052498656-500007567234
- 2026-06-27｜南方都市报｜打破功利焦虑，让专业选择回归“自我实现”｜https://www.peopleapp.com/column/30052504924-500007568469
- 2026-06-28｜新湖南客户端｜“相信规则”是反招生诈骗第一道防线｜https://www.peopleapp.com/column/30052508435-500007569359
- 2026-06-29｜南方都市报｜高考公平需要延伸到志愿填报这一环｜https://www.peopleapp.com/column/30052514800-500007570769
- 2026-07-06｜经济日报｜高考志愿别被商业套路“绑架”｜https://www.peopleapp.com/column/30052580474-500007583190

请基于以上官媒评论材料，写一份热点分析：先概括事件背景，再比较不同媒体的关注角度，最后提炼对申论写作、面试答题和公众号选题的启发。",peopleapp_opinion_20260625_30052490778_500007565360,2026-06-25,澎湃新闻,规范志愿填报市场，消除信息不对称,https://www.peopleapp.com/column/30052490778-500007565360
peopleapp_hotspot_e349cd9e2b,热点,S,高考志愿填报治理,教育与青年成长,从信息透明、AI辅助、家长责任和反招生诈骗四个层面，帮助考生把选择权握在自己手里。,6,8,2026-06-24,2026-07-06,南方日报、南方都市报、广州日报、新湖南客户端、澎湃新闻、经济日报,"选题：高考志愿填报治理
分类：教育与青年成长
核心角度：从信息透明、AI辅助、家长责任和反招生诈骗四个层面，帮助考生把选择权握在自己手里。
热点判断：6 家媒体、8 篇评论集中讨论。
时间范围：2026-06-24 至 2026-07-06
媒体来源：南方日报、南方都市报、广州日报、新湖南客户端、澎湃新闻、经济日报
支撑文章：
- 2026-06-24｜广州日报｜高考志愿填报不可迷信“专家”｜https://www.peopleapp.com/column/30052480394-500007563312
- 2026-06-25｜南方日报｜AI“改动”了你的高考志愿吗｜https://www.peopleapp.com/column/30052488640-500007565120
- 2026-06-25｜澎湃新闻｜规范志愿填报市场，消除信息不对称｜https://www.peopleapp.com/column/30052490778-500007565360
- 2026-06-26｜南方都市报｜高考志愿填报这事，家长花点心思比乱花钱管用｜https://www.peopleapp.com/column/30052498656-500007567234
- 2026-06-27｜南方都市报｜打破功利焦虑，让专业选择回归“自我实现”｜https://www.peopleapp.com/column/30052504924-500007568469
- 2026-06-28｜新湖南客户端｜“相信规则”是反招生诈骗第一道防线｜https://www.peopleapp.com/column/30052508435-500007569359
- 2026-06-29｜南方都市报｜高考公平需要延伸到志愿填报这一环｜https://www.peopleapp.com/column/30052514800-500007570769
- 2026-07-06｜经济日报｜高考志愿别被商业套路“绑架”｜https://www.peopleapp.com/column/30052580474-500007583190

请基于以上官媒评论材料，写一份热点分析：先概括事件背景，再比较不同媒体的关注角度，最后提炼对申论写作、面试答题和公众号选题的启发。",peopleapp_opinion_20260626_30052498656_500007567234,2026-06-26,南方都市报,高考志愿填报这事，家长花点心思比乱花钱管用,https://www.peopleapp.com/column/30052498656-500007567234
peopleapp_hotspot_e349cd9e2b,热点,S,高考志愿填报治理,教育与青年成长,从信息透明、AI辅助、家长责任和反招生诈骗四个层面，帮助考生把选择权握在自己手里。,6,8,2026-06-24,2026-07-06,南方日报、南方都市报、广州日报、新湖南客户端、澎湃新闻、经济日报,"选题：高考志愿填报治理
分类：教育与青年成长
核心角度：从信息透明、AI辅助、家长责任和反招生诈骗四个层面，帮助考生把选择权握在自己手里。
热点判断：6 家媒体、8 篇评论集中讨论。
时间范围：2026-06-24 至 2026-07-06
媒体来源：南方日报、南方都市报、广州日报、新湖南客户端、澎湃新闻、经济日报
支撑文章：
- 2026-06-24｜广州日报｜高考志愿填报不可迷信“专家”｜https://www.peopleapp.com/column/30052480394-500007563312
- 2026-06-25｜南方日报｜AI“改动”了你的高考志愿吗｜https://www.peopleapp.com/column/30052488640-500007565120
- 2026-06-25｜澎湃新闻｜规范志愿填报市场，消除信息不对称｜https://www.peopleapp.com/column/30052490778-500007565360
- 2026-06-26｜南方都市报｜高考志愿填报这事，家长花点心思比乱花钱管用｜https://www.peopleapp.com/column/30052498656-500007567234
- 2026-06-27｜南方都市报｜打破功利焦虑，让专业选择回归“自我实现”｜https://www.peopleapp.com/column/30052504924-500007568469
- 2026-06-28｜新湖南客户端｜“相信规则”是反招生诈骗第一道防线｜https://www.peopleapp.com/column/30052508435-500007569359
- 2026-06-29｜南方都市报｜高考公平需要延伸到志愿填报这一环｜https://www.peopleapp.com/column/30052514800-500007570769
- 2026-07-06｜经济日报｜高考志愿别被商业套路“绑架”｜https://www.peopleapp.com/column/30052580474-500007583190

请基于以上官媒评论材料，写一份热点分析：先概括事件背景，再比较不同媒体的关注角度，最后提炼对申论写作、面试答题和公众号选题的启发。",peopleapp_opinion_20260627_30052504924_500007568469,2026-06-27,南方都市报,打破功利焦虑，让专业选择回归“自我实现”,https://www.peopleapp.com/column/30052504924-500007568469
peopleapp_hotspot_e349cd9e2b,热点,S,高考志愿填报治理,教育与青年成长,从信息透明、AI辅助、家长责任和反招生诈骗四个层面，帮助考生把选择权握在自己手里。,6,8,2026-06-24,2026-07-06,南方日报、南方都市报、广州日报、新湖南客户端、澎湃新闻、经济日报,"选题：高考志愿填报治理
分类：教育与青年成长
核心角度：从信息透明、AI辅助、家长责任和反招生诈骗四个层面，帮助考生把选择权握在自己手里。
热点判断：6 家媒体、8 篇评论集中讨论。
时间范围：2026-06-24 至 2026-07-06
媒体来源：南方日报、南方都市报、广州日报、新湖南客户端、澎湃新闻、经济日报
支撑文章：
- 2026-06-24｜广州日报｜高考志愿填报不可迷信“专家”｜https://www.peopleapp.com/column/30052480394-500007563312
- 2026-06-25｜南方日报｜AI“改动”了你的高考志愿吗｜https://www.peopleapp.com/column/30052488640-500007565120
- 2026-06-25｜澎湃新闻｜规范志愿填报市场，消除信息不对称｜https://www.peopleapp.com/column/30052490778-500007565360
- 2026-06-26｜南方都市报｜高考志愿填报这事，家长花点心思比乱花钱管用｜https://www.peopleapp.com/column/30052498656-500007567234
- 2026-06-27｜南方都市报｜打破功利焦虑，让专业选择回归“自我实现”｜https://www.peopleapp.com/column/30052504924-500007568469
- 2026-06-28｜新湖南客户端｜“相信规则”是反招生诈骗第一道防线｜https://www.peopleapp.com/column/30052508435-500007569359
- 2026-06-29｜南方都市报｜高考公平需要延伸到志愿填报这一环｜https://www.peopleapp.com/column/30052514800-500007570769
- 2026-07-06｜经济日报｜高考志愿别被商业套路“绑架”｜https://www.peopleapp.com/column/30052580474-500007583190

请基于以上官媒评论材料，写一份热点分析：先概括事件背景，再比较不同媒体的关注角度，最后提炼对申论写作、面试答题和公众号选题的启发。",peopleapp_opinion_20260628_30052508435_500007569359,2026-06-28,新湖南客户端,“相信规则”是反招生诈骗第一道防线,https://www.peopleapp.com/column/30052508435-500007569359
peopleapp_hotspot_e349cd9e2b,热点,S,高考志愿填报治理,教育与青年成长,从信息透明、AI辅助、家长责任和反招生诈骗四个层面，帮助考生把选择权握在自己手里。,6,8,2026-06-24,2026-07-06,南方日报、南方都市报、广州日报、新湖南客户端、澎湃新闻、经济日报,"选题：高考志愿填报治理
分类：教育与青年成长
核心角度：从信息透明、AI辅助、家长责任和反招生诈骗四个层面，帮助考生把选择权握在自己手里。
热点判断：6 家媒体、8 篇评论集中讨论。
时间范围：2026-06-24 至 2026-07-06
媒体来源：南方日报、南方都市报、广州日报、新湖南客户端、澎湃新闻、经济日报
支撑文章：
- 2026-06-24｜广州日报｜高考志愿填报不可迷信“专家”｜https://www.peopleapp.com/column/30052480394-500007563312
- 2026-06-25｜南方日报｜AI“改动”了你的高考志愿吗｜https://www.peopleapp.com/column/30052488640-500007565120
- 2026-06-25｜澎湃新闻｜规范志愿填报市场，消除信息不对称｜https://www.peopleapp.com/column/30052490778-500007565360
- 2026-06-26｜南方都市报｜高考志愿填报这事，家长花点心思比乱花钱管用｜https://www.peopleapp.com/column/30052498656-500007567234
- 2026-06-27｜南方都市报｜打破功利焦虑，让专业选择回归“自我实现”｜https://www.peopleapp.com/column/30052504924-500007568469
- 2026-06-28｜新湖南客户端｜“相信规则”是反招生诈骗第一道防线｜https://www.peopleapp.com/column/30052508435-500007569359
- 2026-06-29｜南方都市报｜高考公平需要延伸到志愿填报这一环｜https://www.peopleapp.com/column/30052514800-500007570769
- 2026-07-06｜经济日报｜高考志愿别被商业套路“绑架”｜https://www.peopleapp.com/column/30052580474-500007583190

请基于以上官媒评论材料，写一份热点分析：先概括事件背景，再比较不同媒体的关注角度，最后提炼对申论写作、面试答题和公众号选题的启发。",peopleapp_opinion_20260629_30052514800_500007570769,2026-06-29,南方都市报,高考公平需要延伸到志愿填报这一环,https://www.peopleapp.com/column/30052514800-500007570769
peopleapp_hotspot_e349cd9e2b,热点,S,高考志愿填报治理,教育与青年成长,从信息透明、AI辅助、家长责任和反招生诈骗四个层面，帮助考生把选择权握在自己手里。,6,8,2026-06-24,2026-07-06,南方日报、南方都市报、广州日报、新湖南客户端、澎湃新闻、经济日报,"选题：高考志愿填报治理
分类：教育与青年成长
核心角度：从信息透明、AI辅助、家长责任和反招生诈骗四个层面，帮助考生把选择权握在自己手里。
热点判断：6 家媒体、8 篇评论集中讨论。
时间范围：2026-06-24 至 2026-07-06
媒体来源：南方日报、南方都市报、广州日报、新湖南客户端、澎湃新闻、经济日报
支撑文章：
- 2026-06-24｜广州日报｜高考志愿填报不可迷信“专家”｜https://www.peopleapp.com/column/30052480394-500007563312
- 2026-06-25｜南方日报｜AI“改动”了你的高考志愿吗｜https://www.peopleapp.com/column/30052488640-500007565120
- 2026-06-25｜澎湃新闻｜规范志愿填报市场，消除信息不对称｜https://www.peopleapp.com/column/30052490778-500007565360
- 2026-06-26｜南方都市报｜高考志愿填报这事，家长花点心思比乱花钱管用｜https://www.peopleapp.com/column/30052498656-500007567234
- 2026-06-27｜南方都市报｜打破功利焦虑，让专业选择回归“自我实现”｜https://www.peopleapp.com/column/30052504924-500007568469
- 2026-06-28｜新湖南客户端｜“相信规则”是反招生诈骗第一道防线｜https://www.peopleapp.com/column/30052508435-500007569359
- 2026-06-29｜南方都市报｜高考公平需要延伸到志愿填报这一环｜https://www.peopleapp.com/column/30052514800-500007570769
- 2026-07-06｜经济日报｜高考志愿别被商业套路“绑架”｜https://www.peopleapp.com/column/30052580474-500007583190

请基于以上官媒评论材料，写一份热点分析：先概括事件背景，再比较不同媒体的关注角度，最后提炼对申论写作、面试答题和公众号选题的启发。",peopleapp_opinion_20260706_30052580474_500007583190,2026-07-06,经济日报,高考志愿别被商业套路“绑架”,https://www.peopleapp.com/column/30052580474-500007583190
peopleapp_hotspot_169b52fa11,热点,S,儿童网络保护与童年流量化治理,教育与青年成长,儿童不是流量工具，治理要同时管住低质内容、算法投喂、家长监护失范和平台变现冲动。,6,7,2026-07-06,2026-07-18,人民日报客户端、北京日报客户端、北京晚报、北京青年报、工人日报、青岛宣传微信公号,"选题：儿童网络保护与童年流量化治理
分类：教育与青年成长
核心角度：儿童不是流量工具，治理要同时管住低质内容、算法投喂、家长监护失范和平台变现冲动。
热点判断：6 家媒体、7 篇评论集中讨论。
时间范围：2026-07-06 至 2026-07-18
媒体来源：人民日报客户端、北京日报客户端、北京晚报、北京青年报、工人日报、青岛宣传微信公号
支撑文章：
- 2026-07-06｜北京日报客户端｜如此在小孩身上榨流量是典型的虐童｜https://www.peopleapp.com/column/30052581529-500007583243
- 2026-07-07｜北京晚报｜让孩子带点匪气？不可让“伪童书”熏黑孩子心灵｜https://www.peopleapp.com/column/30052589270-500007585175
- 2026-07-08｜北京青年报｜不能让“伪童书”霸榜毁了少儿阅读｜https://www.peopleapp.com/column/30052595625-500007586113
- 2026-07-08｜工人日报｜孩子不是“流量提款机“｜https://www.peopleapp.com/column/30052595234-500007586029
- 2026-07-09｜工人日报｜小朋友不该被算法投喂的劣质内容裹挟｜https://www.peopleapp.com/column/30052605592-500007587781
- 2026-07-10｜青岛宣传微信公号｜童真本“无价”，“晒娃”要谨慎｜https://www.peopleapp.com/column/30052619161-500007590285
- 2026-07-18｜人民日报客户端｜“伪童书”霸榜，成功学“变装”｜https://www.peopleapp.com/column/30052665950-500007604175

请基于以上官媒评论材料，写一份热点分析：先概括事件背景，再比较不同媒体的关注角度，最后提炼对申论写作、面试答题和公众号选题的启发。",peopleapp_opinion_20260706_30052581529_500007583243,2026-07-06,北京日报客户端,如此在小孩身上榨流量是典型的虐童,https://www.peopleapp.com/column/30052581529-500007583243
peopleapp_hotspot_169b52fa11,热点,S,儿童网络保护与童年流量化治理,教育与青年成长,儿童不是流量工具，治理要同时管住低质内容、算法投喂、家长监护失范和平台变现冲动。,6,7,2026-07-06,2026-07-18,人民日报客户端、北京日报客户端、北京晚报、北京青年报、工人日报、青岛宣传微信公号,"选题：儿童网络保护与童年流量化治理
分类：教育与青年成长
核心角度：儿童不是流量工具，治理要同时管住低质内容、算法投喂、家长监护失范和平台变现冲动。
热点判断：6 家媒体、7 篇评论集中讨论。
时间范围：2026-07-06 至 2026-07-18
媒体来源：人民日报客户端、北京日报客户端、北京晚报、北京青年报、工人日报、青岛宣传微信公号
支撑文章：
- 2026-07-06｜北京日报客户端｜如此在小孩身上榨流量是典型的虐童｜https://www.peopleapp.com/column/30052581529-500007583243
- 2026-07-07｜北京晚报｜让孩子带点匪气？不可让“伪童书”熏黑孩子心灵｜https://www.peopleapp.com/column/30052589270-500007585175
- 2026-07-08｜北京青年报｜不能让“伪童书”霸榜毁了少儿阅读｜https://www.peopleapp.com/column/30052595625-500007586113
- 2026-07-08｜工人日报｜孩子不是“流量提款机“｜https://www.peopleapp.com/column/30052595234-500007586029
- 2026-07-09｜工人日报｜小朋友不该被算法投喂的劣质内容裹挟｜https://www.peopleapp.com/column/30052605592-500007587781
- 2026-07-10｜青岛宣传微信公号｜童真本“无价”，“晒娃”要谨慎｜https://www.peopleapp.com/column/30052619161-500007590285
- 2026-07-18｜人民日报客户端｜“伪童书”霸榜，成功学“变装”｜https://www.peopleapp.com/column/30052665950-500007604175

请基于以上官媒评论材料，写一份热点分析：先概括事件背景，再比较不同媒体的关注角度，最后提炼对申论写作、面试答题和公众号选题的启发。",peopleapp_opinion_20260707_30052589270_500007585175,2026-07-07,北京晚报,让孩子带点匪气？不可让“伪童书”熏黑孩子心灵,https://www.peopleapp.com/column/30052589270-500007585175
peopleapp_hotspot_169b52fa11,热点,S,儿童网络保护与童年流量化治理,教育与青年成长,儿童不是流量工具，治理要同时管住低质内容、算法投喂、家长监护失范和平台变现冲动。,6,7,2026-07-06,2026-07-18,人民日报客户端、北京日报客户端、北京晚报、北京青年报、工人日报、青岛宣传微信公号,"选题：儿童网络保护与童年流量化治理
分类：教育与青年成长
核心角度：儿童不是流量工具，治理要同时管住低质内容、算法投喂、家长监护失范和平台变现冲动。
热点判断：6 家媒体、7 篇评论集中讨论。
时间范围：2026-07-06 至 2026-07-18
媒体来源：人民日报客户端、北京日报客户端、北京晚报、北京青年报、工人日报、青岛宣传微信公号
支撑文章：
- 2026-07-06｜北京日报客户端｜如此在小孩身上榨流量是典型的虐童｜https://www.peopleapp.com/column/30052581529-500007583243
- 2026-07-07｜北京晚报｜让孩子带点匪气？不可让“伪童书”熏黑孩子心灵｜https://www.peopleapp.com/column/30052589270-500007585175
- 2026-07-08｜北京青年报｜不能让“伪童书”霸榜毁了少儿阅读｜https://www.peopleapp.com/column/30052595625-500007586113
- 2026-07-08｜工人日报｜孩子不是“流量提款机“｜https://www.peopleapp.com/column/30052595234-500007586029
- 2026-07-09｜工人日报｜小朋友不该被算法投喂的劣质内容裹挟｜https://www.peopleapp.com/column/30052605592-500007587781
- 2026-07-10｜青岛宣传微信公号｜童真本“无价”，“晒娃”要谨慎｜https://www.peopleapp.com/column/30052619161-500007590285
- 2026-07-18｜人民日报客户端｜“伪童书”霸榜，成功学“变装”｜https://www.peopleapp.com/column/30052665950-500007604175

请基于以上官媒评论材料，写一份热点分析：先概括事件背景，再比较不同媒体的关注角度，最后提炼对申论写作、面试答题和公众号选题的启发。",peopleapp_opinion_20260708_30052595625_500007586113,2026-07-08,北京青年报,不能让“伪童书”霸榜毁了少儿阅读,https://www.peopleapp.com/column/30052595625-500007586113
peopleapp_hotspot_169b52fa11,热点,S,儿童网络保护与童年流量化治理,教育与青年成长,儿童不是流量工具，治理要同时管住低质内容、算法投喂、家长监护失范和平台变现冲动。,6,7,2026-07-06,2026-07-18,人民日报客户端、北京日报客户端、北京晚报、北京青年报、工人日报、青岛宣传微信公号,"选题：儿童网络保护与童年流量化治理
分类：教育与青年成长
核心角度：儿童不是流量工具，治理要同时管住低质内容、算法投喂、家长监护失范和平台变现冲动。
热点判断：6 家媒体、7 篇评论集中讨论。
时间范围：2026-07-06 至 2026-07-18
媒体来源：人民日报客户端、北京日报客户端、北京晚报、北京青年报、工人日报、青岛宣传微信公号
支撑文章：
- 2026-07-06｜北京日报客户端｜如此在小孩身上榨流量是典型的虐童｜https://www.peopleapp.com/column/30052581529-500007583243
- 2026-07-07｜北京晚报｜让孩子带点匪气？不可让“伪童书”熏黑孩子心灵｜https://www.peopleapp.com/column/30052589270-500007585175
- 2026-07-08｜北京青年报｜不能让“伪童书”霸榜毁了少儿阅读｜https://www.peopleapp.com/column/30052595625-500007586113
- 2026-07-08｜工人日报｜孩子不是“流量提款机“｜https://www.peopleapp.com/column/30052595234-500007586029
- 2026-07-09｜工人日报｜小朋友不该被算法投喂的劣质内容裹挟｜https://www.peopleapp.com/column/30052605592-500007587781
- 2026-07-10｜青岛宣传微信公号｜童真本“无价”，“晒娃”要谨慎｜https://www.peopleapp.com/column/30052619161-500007590285
- 2026-07-18｜人民日报客户端｜“伪童书”霸榜，成功学“变装”｜https://www.peopleapp.com/column/30052665950-500007604175

请基于以上官媒评论材料，写一份热点分析：先概括事件背景，再比较不同媒体的关注角度，最后提炼对申论写作、面试答题和公众号选题的启发。",peopleapp_opinion_20260708_30052595234_500007586029,2026-07-08,工人日报,孩子不是“流量提款机“,https://www.peopleapp.com/column/30052595234-500007586029
peopleapp_hotspot_169b52fa11,热点,S,儿童网络保护与童年流量化治理,教育与青年成长,儿童不是流量工具，治理要同时管住低质内容、算法投喂、家长监护失范和平台变现冲动。,6,7,2026-07-06,2026-07-18,人民日报客户端、北京日报客户端、北京晚报、北京青年报、工人日报、青岛宣传微信公号,"选题：儿童网络保护与童年流量化治理
分类：教育与青年成长
核心角度：儿童不是流量工具，治理要同时管住低质内容、算法投喂、家长监护失范和平台变现冲动。
热点判断：6 家媒体、7 篇评论集中讨论。
时间范围：2026-07-06 至 2026-07-18
媒体来源：人民日报客户端、北京日报客户端、北京晚报、北京青年报、工人日报、青岛宣传微信公号
支撑文章：
- 2026-07-06｜北京日报客户端｜如此在小孩身上榨流量是典型的虐童｜https://www.peopleapp.com/column/30052581529-500007583243
- 2026-07-07｜北京晚报｜让孩子带点匪气？不可让“伪童书”熏黑孩子心灵｜https://www.peopleapp.com/column/30052589270-500007585175
- 2026-07-08｜北京青年报｜不能让“伪童书”霸榜毁了少儿阅读｜https://www.peopleapp.com/column/30052595625-500007586113
- 2026-07-08｜工人日报｜孩子不是“流量提款机“｜https://www.peopleapp.com/column/30052595234-500007586029
- 2026-07-09｜工人日报｜小朋友不该被算法投喂的劣质内容裹挟｜https://www.peopleapp.com/column/30052605592-500007587781
- 2026-07-10｜青岛宣传微信公号｜童真本“无价”，“晒娃”要谨慎｜https://www.peopleapp.com/column/30052619161-500007590285
- 2026-07-18｜人民日报客户端｜“伪童书”霸榜，成功学“变装”｜https://www.peopleapp.com/column/30052665950-500007604175

请基于以上官媒评论材料，写一份热点分析：先概括事件背景，再比较不同媒体的关注角度，最后提炼对申论写作、面试答题和公众号选题的启发。",peopleapp_opinion_20260709_30052605592_500007587781,2026-07-09,工人日报,小朋友不该被算法投喂的劣质内容裹挟,https://www.peopleapp.com/column/30052605592-500007587781
peopleapp_hotspot_169b52fa11,热点,S,儿童网络保护与童年流量化治理,教育与青年成长,儿童不是流量工具，治理要同时管住低质内容、算法投喂、家长监护失范和平台变现冲动。,6,7,2026-07-06,2026-07-18,人民日报客户端、北京日报客户端、北京晚报、北京青年报、工人日报、青岛宣传微信公号,"选题：儿童网络保护与童年流量化治理
分类：教育与青年成长
核心角度：儿童不是流量工具，治理要同时管住低质内容、算法投喂、家长监护失范和平台变现冲动。
热点判断：6 家媒体、7 篇评论集中讨论。
时间范围：2026-07-06 至 2026-07-18
媒体来源：人民日报客户端、北京日报客户端、北京晚报、北京青年报、工人日报、青岛宣传微信公号
支撑文章：
- 2026-07-06｜北京日报客户端｜如此在小孩身上榨流量是典型的虐童｜https://www.peopleapp.com/column/30052581529-500007583243
- 2026-07-07｜北京晚报｜让孩子带点匪气？不可让“伪童书”熏黑孩子心灵｜https://www.peopleapp.com/column/30052589270-500007585175
- 2026-07-08｜北京青年报｜不能让“伪童书”霸榜毁了少儿阅读｜https://www.peopleapp.com/column/30052595625-500007586113
- 2026-07-08｜工人日报｜孩子不是“流量提款机“｜https://www.peopleapp.com/column/30052595234-500007586029
- 2026-07-09｜工人日报｜小朋友不该被算法投喂的劣质内容裹挟｜https://www.peopleapp.com/column/30052605592-500007587781
- 2026-07-10｜青岛宣传微信公号｜童真本“无价”，“晒娃”要谨慎｜https://www.peopleapp.com/column/30052619161-500007590285
- 2026-07-18｜人民日报客户端｜“伪童书”霸榜，成功学“变装”｜https://www.peopleapp.com/column/30052665950-500007604175

请基于以上官媒评论材料，写一份热点分析：先概括事件背景，再比较不同媒体的关注角度，最后提炼对申论写作、面试答题和公众号选题的启发。",peopleapp_opinion_20260710_30052619161_500007590285,2026-07-10,青岛宣传微信公号,童真本“无价”，“晒娃”要谨慎,https://www.peopleapp.com/column/30052619161-500007590285
peopleapp_hotspot_169b52fa11,热点,S,儿童网络保护与童年流量化治理,教育与青年成长,儿童不是流量工具，治理要同时管住低质内容、算法投喂、家长监护失范和平台变现冲动。,6,7,2026-07-06,2026-07-18,人民日报客户端、北京日报客户端、北京晚报、北京青年报、工人日报、青岛宣传微信公号,"选题：儿童网络保护与童年流量化治理
分类：教育与青年成长
核心角度：儿童不是流量工具，治理要同时管住低质内容、算法投喂、家长监护失范和平台变现冲动。
热点判断：6 家媒体、7 篇评论集中讨论。
时间范围：2026-07-06 至 2026-07-18
媒体来源：人民日报客户端、北京日报客户端、北京晚报、北京青年报、工人日报、青岛宣传微信公号
支撑文章：
- 2026-07-06｜北京日报客户端｜如此在小孩身上榨流量是典型的虐童｜https://www.peopleapp.com/column/30052581529-500007583243
- 2026-07-07｜北京晚报｜让孩子带点匪气？不可让“伪童书”熏黑孩子心灵｜https://www.peopleapp.com/column/30052589270-500007585175
- 2026-07-08｜北京青年报｜不能让“伪童书”霸榜毁了少儿阅读｜https://www.peopleapp.com/column/30052595625-500007586113
- 2026-07-08｜工人日报｜孩子不是“流量提款机“｜https://www.peopleapp.com/column/30052595234-500007586029
- 2026-07-09｜工人日报｜小朋友不该被算法投喂的劣质内容裹挟｜https://www.peopleapp.com/column/30052605592-500007587781
- 2026-07-10｜青岛宣传微信公号｜童真本“无价”，“晒娃”要谨慎｜https://www.peopleapp.com/column/30052619161-500007590285
- 2026-07-18｜人民日报客户端｜“伪童书”霸榜，成功学“变装”｜https://www.peopleapp.com/column/30052665950-500007604175

请基于以上官媒评论材料，写一份热点分析：先概括事件背景，再比较不同媒体的关注角度，最后提炼对申论写作、面试答题和公众号选题的启发。",peopleapp_opinion_20260718_30052665950_500007604175,2026-07-18,人民日报客户端,“伪童书”霸榜，成功学“变装”,https://www.peopleapp.com/column/30052665950-500007604175
peopleapp_hotspot_5595f2aa34,热点,S,流量逐利与虚假内容治理,网络生态与社会信任,从卖惨摆拍、付费测评到流量祛魅，治理重点是压实平台责任并修复内容公信力。,6,7,2026-06-24,2026-07-07,人民日报客户端、人民锐评微信公号、新京报评论微信公号、检察日报、澎湃新闻、经济日报,"选题：流量逐利与虚假内容治理
分类：网络生态与社会信任
核心角度：从卖惨摆拍、付费测评到流量祛魅，治理重点是压实平台责任并修复内容公信力。
热点判断：6 家媒体、7 篇评论集中讨论。
时间范围：2026-06-24 至 2026-07-07
媒体来源：人民日报客户端、人民锐评微信公号、新京报评论微信公号、检察日报、澎湃新闻、经济日报
支撑文章：
- 2026-06-24｜人民锐评微信公号｜人民锐评：我们正经历一场流量祛魅｜https://www.peopleapp.com/column/30052478587-500007563205
- 2026-06-25｜检察日报｜用“全家福对比”批量化卖惨营销，治理要触及根本｜https://www.peopleapp.com/column/30052483960-500007563811
- 2026-06-26｜澎湃新闻｜又是摆拍，策划者被刑拘，该长记性了｜https://www.peopleapp.com/column/30052497518-500007566844
- 2026-06-28｜新京报评论微信公号｜谁给钱就夸谁，这样的专业“测评”你敢信吗？｜https://www.peopleapp.com/column/30052510050-500007569512
- 2026-07-01｜经济日报｜带娃送外卖竟是摆拍？别让虚假苦情透支社会善意｜https://www.peopleapp.com/column/30052539197-500007575828
- 2026-07-06｜人民日报客户端｜摆拍“浸猪笼”被刑拘，该！｜https://www.peopleapp.com/column/30052543355-500007582333
- 2026-07-07｜人民日报客户端｜摆拍“带娃送外卖”，“扎”你的心“骗”你的赞｜https://www.peopleapp.com/column/30052575331-500007585264

请基于以上官媒评论材料，写一份热点分析：先概括事件背景，再比较不同媒体的关注角度，最后提炼对申论写作、面试答题和公众号选题的启发。",peopleapp_opinion_20260624_30052478587_500007563205,2026-06-24,人民锐评微信公号,人民锐评：我们正经历一场流量祛魅,https://www.peopleapp.com/column/30052478587-500007563205
peopleapp_hotspot_5595f2aa34,热点,S,流量逐利与虚假内容治理,网络生态与社会信任,从卖惨摆拍、付费测评到流量祛魅，治理重点是压实平台责任并修复内容公信力。,6,7,2026-06-24,2026-07-07,人民日报客户端、人民锐评微信公号、新京报评论微信公号、检察日报、澎湃新闻、经济日报,"选题：流量逐利与虚假内容治理
分类：网络生态与社会信任
核心角度：从卖惨摆拍、付费测评到流量祛魅，治理重点是压实平台责任并修复内容公信力。
热点判断：6 家媒体、7 篇评论集中讨论。
时间范围：2026-06-24 至 2026-07-07
媒体来源：人民日报客户端、人民锐评微信公号、新京报评论微信公号、检察日报、澎湃新闻、经济日报
支撑文章：
- 2026-06-24｜人民锐评微信公号｜人民锐评：我们正经历一场流量祛魅｜https://www.peopleapp.com/column/30052478587-500007563205
- 2026-06-25｜检察日报｜用“全家福对比”批量化卖惨营销，治理要触及根本｜https://www.peopleapp.com/column/30052483960-500007563811
- 2026-06-26｜澎湃新闻｜又是摆拍，策划者被刑拘，该长记性了｜https://www.peopleapp.com/column/30052497518-500007566844
- 2026-06-28｜新京报评论微信公号｜谁给钱就夸谁，这样的专业“测评”你敢信吗？｜https://www.peopleapp.com/column/30052510050-500007569512
- 2026-07-01｜经济日报｜带娃送外卖竟是摆拍？别让虚假苦情透支社会善意｜https://www.peopleapp.com/column/30052539197-500007575828
- 2026-07-06｜人民日报客户端｜摆拍“浸猪笼”被刑拘，该！｜https://www.peopleapp.com/column/30052543355-500007582333
- 2026-07-07｜人民日报客户端｜摆拍“带娃送外卖”，“扎”你的心“骗”你的赞｜https://www.peopleapp.com/column/30052575331-500007585264

请基于以上官媒评论材料，写一份热点分析：先概括事件背景，再比较不同媒体的关注角度，最后提炼对申论写作、面试答题和公众号选题的启发。",peopleapp_opinion_20260625_30052483960_500007563811,2026-06-25,检察日报,用“全家福对比”批量化卖惨营销，治理要触及根本,https://www.peopleapp.com/column/30052483960-500007563811
peopleapp_hotspot_5595f2aa34,热点,S,流量逐利与虚假内容治理,网络生态与社会信任,从卖惨摆拍、付费测评到流量祛魅，治理重点是压实平台责任并修复内容公信力。,6,7,2026-06-24,2026-07-07,人民日报客户端、人民锐评微信公号、新京报评论微信公号、检察日报、澎湃新闻、经济日报,"选题：流量逐利与虚假内容治理
分类：网络生态与社会信任
核心角度：从卖惨摆拍、付费测评到流量祛魅，治理重点是压实平台责任并修复内容公信力。
热点判断：6 家媒体、7 篇评论集中讨论。
时间范围：2026-06-24 至 2026-07-07
媒体来源：人民日报客户端、人民锐评微信公号、新京报评论微信公号、检察日报、澎湃新闻、经济日报
支撑文章：
- 2026-06-24｜人民锐评微信公号｜人民锐评：我们正经历一场流量祛魅｜https://www.peopleapp.com/column/30052478587-500007563205
- 2026-06-25｜检察日报｜用“全家福对比”批量化卖惨营销，治理要触及根本｜https://www.peopleapp.com/column/30052483960-500007563811
- 2026-06-26｜澎湃新闻｜又是摆拍，策划者被刑拘，该长记性了｜https://www.peopleapp.com/column/30052497518-500007566844
- 2026-06-28｜新京报评论微信公号｜谁给钱就夸谁，这样的专业“测评”你敢信吗？｜https://www.peopleapp.com/column/30052510050-500007569512
- 2026-07-01｜经济日报｜带娃送外卖竟是摆拍？别让虚假苦情透支社会善意｜https://www.peopleapp.com/column/30052539197-500007575828
- 2026-07-06｜人民日报客户端｜摆拍“浸猪笼”被刑拘，该！｜https://www.peopleapp.com/column/30052543355-500007582333
- 2026-07-07｜人民日报客户端｜摆拍“带娃送外卖”，“扎”你的心“骗”你的赞｜https://www.peopleapp.com/column/30052575331-500007585264

请基于以上官媒评论材料，写一份热点分析：先概括事件背景，再比较不同媒体的关注角度，最后提炼对申论写作、面试答题和公众号选题的启发。",peopleapp_opinion_20260626_30052497518_500007566844,2026-06-26,澎湃新闻,又是摆拍，策划者被刑拘，该长记性了,https://www.peopleapp.com/column/30052497518-500007566844
peopleapp_hotspot_5595f2aa34,热点,S,流量逐利与虚假内容治理,网络生态与社会信任,从卖惨摆拍、付费测评到流量祛魅，治理重点是压实平台责任并修复内容公信力。,6,7,2026-06-24,2026-07-07,人民日报客户端、人民锐评微信公号、新京报评论微信公号、检察日报、澎湃新闻、经济日报,"选题：流量逐利与虚假内容治理
分类：网络生态与社会信任
核心角度：从卖惨摆拍、付费测评到流量祛魅，治理重点是压实平台责任并修复内容公信力。
热点判断：6 家媒体、7 篇评论集中讨论。
时间范围：2026-06-24 至 2026-07-07
媒体来源：人民日报客户端、人民锐评微信公号、新京报评论微信公号、检察日报、澎湃新闻、经济日报
支撑文章：
- 2026-06-24｜人民锐评微信公号｜人民锐评：我们正经历一场流量祛魅｜https://www.peopleapp.com/column/30052478587-500007563205
- 2026-06-25｜检察日报｜用“全家福对比”批量化卖惨营销，治理要触及根本｜https://www.peopleapp.com/column/30052483960-500007563811
- 2026-06-26｜澎湃新闻｜又是摆拍，策划者被刑拘，该长记性了｜https://www.peopleapp.com/column/30052497518-500007566844
- 2026-06-28｜新京报评论微信公号｜谁给钱就夸谁，这样的专业“测评”你敢信吗？｜https://www.peopleapp.com/column/30052510050-500007569512
- 2026-07-01｜经济日报｜带娃送外卖竟是摆拍？别让虚假苦情透支社会善意｜https://www.peopleapp.com/column/30052539197-500007575828
- 2026-07-06｜人民日报客户端｜摆拍“浸猪笼”被刑拘，该！｜https://www.peopleapp.com/column/30052543355-500007582333
- 2026-07-07｜人民日报客户端｜摆拍“带娃送外卖”，“扎”你的心“骗”你的赞｜https://www.peopleapp.com/column/30052575331-500007585264

请基于以上官媒评论材料，写一份热点分析：先概括事件背景，再比较不同媒体的关注角度，最后提炼对申论写作、面试答题和公众号选题的启发。",peopleapp_opinion_20260628_30052510050_500007569512,2026-06-28,新京报评论微信公号,谁给钱就夸谁，这样的专业“测评”你敢信吗？,https://www.peopleapp.com/column/30052510050-500007569512
peopleapp_hotspot_5595f2aa34,热点,S,流量逐利与虚假内容治理,网络生态与社会信任,从卖惨摆拍、付费测评到流量祛魅，治理重点是压实平台责任并修复内容公信力。,6,7,2026-06-24,2026-07-07,人民日报客户端、人民锐评微信公号、新京报评论微信公号、检察日报、澎湃新闻、经济日报,"选题：流量逐利与虚假内容治理
分类：网络生态与社会信任
核心角度：从卖惨摆拍、付费测评到流量祛魅，治理重点是压实平台责任并修复内容公信力。
热点判断：6 家媒体、7 篇评论集中讨论。
时间范围：2026-06-24 至 2026-07-07
媒体来源：人民日报客户端、人民锐评微信公号、新京报评论微信公号、检察日报、澎湃新闻、经济日报
支撑文章：
- 2026-06-24｜人民锐评微信公号｜人民锐评：我们正经历一场流量祛魅｜https://www.peopleapp.com/column/30052478587-500007563205
- 2026-06-25｜检察日报｜用“全家福对比”批量化卖惨营销，治理要触及根本｜https://www.peopleapp.com/column/30052483960-500007563811
- 2026-06-26｜澎湃新闻｜又是摆拍，策划者被刑拘，该长记性了｜https://www.peopleapp.com/column/30052497518-500007566844
- 2026-06-28｜新京报评论微信公号｜谁给钱就夸谁，这样的专业“测评”你敢信吗？｜https://www.peopleapp.com/column/30052510050-500007569512
- 2026-07-01｜经济日报｜带娃送外卖竟是摆拍？别让虚假苦情透支社会善意｜https://www.peopleapp.com/column/30052539197-500007575828
- 2026-07-06｜人民日报客户端｜摆拍“浸猪笼”被刑拘，该！｜https://www.peopleapp.com/column/30052543355-500007582333
- 2026-07-07｜人民日报客户端｜摆拍“带娃送外卖”，“扎”你的心“骗”你的赞｜https://www.peopleapp.com/column/30052575331-500007585264

请基于以上官媒评论材料，写一份热点分析：先概括事件背景，再比较不同媒体的关注角度，最后提炼对申论写作、面试答题和公众号选题的启发。",peopleapp_opinion_20260701_30052539197_500007575828,2026-07-01,经济日报,带娃送外卖竟是摆拍？别让虚假苦情透支社会善意,https://www.peopleapp.com/column/30052539197-500007575828
peopleapp_hotspot_5595f2aa34,热点,S,流量逐利与虚假内容治理,网络生态与社会信任,从卖惨摆拍、付费测评到流量祛魅，治理重点是压实平台责任并修复内容公信力。,6,7,2026-06-24,2026-07-07,人民日报客户端、人民锐评微信公号、新京报评论微信公号、检察日报、澎湃新闻、经济日报,"选题：流量逐利与虚假内容治理
分类：网络生态与社会信任
核心角度：从卖惨摆拍、付费测评到流量祛魅，治理重点是压实平台责任并修复内容公信力。
热点判断：6 家媒体、7 篇评论集中讨论。
时间范围：2026-06-24 至 2026-07-07
媒体来源：人民日报客户端、人民锐评微信公号、新京报评论微信公号、检察日报、澎湃新闻、经济日报
支撑文章：
- 2026-06-24｜人民锐评微信公号｜人民锐评：我们正经历一场流量祛魅｜https://www.peopleapp.com/column/30052478587-500007563205
- 2026-06-25｜检察日报｜用“全家福对比”批量化卖惨营销，治理要触及根本｜https://www.peopleapp.com/column/30052483960-500007563811
- 2026-06-26｜澎湃新闻｜又是摆拍，策划者被刑拘，该长记性了｜https://www.peopleapp.com/column/30052497518-500007566844
- 2026-06-28｜新京报评论微信公号｜谁给钱就夸谁，这样的专业“测评”你敢信吗？｜https://www.peopleapp.com/column/30052510050-500007569512
- 2026-07-01｜经济日报｜带娃送外卖竟是摆拍？别让虚假苦情透支社会善意｜https://www.peopleapp.com/column/30052539197-500007575828
- 2026-07-06｜人民日报客户端｜摆拍“浸猪笼”被刑拘，该！｜https://www.peopleapp.com/column/30052543355-500007582333
- 2026-07-07｜人民日报客户端｜摆拍“带娃送外卖”，“扎”你的心“骗”你的赞｜https://www.peopleapp.com/column/30052575331-500007585264

请基于以上官媒评论材料，写一份热点分析：先概括事件背景，再比较不同媒体的关注角度，最后提炼对申论写作、面试答题和公众号选题的启发。",peopleapp_opinion_20260706_30052543355_500007582333,2026-07-06,人民日报客户端,摆拍“浸猪笼”被刑拘，该！,https://www.peopleapp.com/column/30052543355-500007582333
peopleapp_hotspot_5595f2aa34,热点,S,流量逐利与虚假内容治理,网络生态与社会信任,从卖惨摆拍、付费测评到流量祛魅，治理重点是压实平台责任并修复内容公信力。,6,7,2026-06-24,2026-07-07,人民日报客户端、人民锐评微信公号、新京报评论微信公号、检察日报、澎湃新闻、经济日报,"选题：流量逐利与虚假内容治理
分类：网络生态与社会信任
核心角度：从卖惨摆拍、付费测评到流量祛魅，治理重点是压实平台责任并修复内容公信力。
热点判断：6 家媒体、7 篇评论集中讨论。
时间范围：2026-06-24 至 2026-07-07
媒体来源：人民日报客户端、人民锐评微信公号、新京报评论微信公号、检察日报、澎湃新闻、经济日报
支撑文章：
- 2026-06-24｜人民锐评微信公号｜人民锐评：我们正经历一场流量祛魅｜https://www.peopleapp.com/column/30052478587-500007563205
- 2026-06-25｜检察日报｜用“全家福对比”批量化卖惨营销，治理要触及根本｜https://www.peopleapp.com/column/30052483960-500007563811
- 2026-06-26｜澎湃新闻｜又是摆拍，策划者被刑拘，该长记性了｜https://www.peopleapp.com/column/30052497518-500007566844
- 2026-06-28｜新京报评论微信公号｜谁给钱就夸谁，这样的专业“测评”你敢信吗？｜https://www.peopleapp.com/column/30052510050-500007569512
- 2026-07-01｜经济日报｜带娃送外卖竟是摆拍？别让虚假苦情透支社会善意｜https://www.peopleapp.com/column/30052539197-500007575828
- 2026-07-06｜人民日报客户端｜摆拍“浸猪笼”被刑拘，该！｜https://www.peopleapp.com/column/30052543355-500007582333
- 2026-07-07｜人民日报客户端｜摆拍“带娃送外卖”，“扎”你的心“骗”你的赞｜https://www.peopleapp.com/column/30052575331-500007585264

请基于以上官媒评论材料，写一份热点分析：先概括事件背景，再比较不同媒体的关注角度，最后提炼对申论写作、面试答题和公众号选题的启发。",peopleapp_opinion_20260707_30052575331_500007585264,2026-07-07,人民日报客户端,摆拍“带娃送外卖”，“扎”你的心“骗”你的赞,https://www.peopleapp.com/column/30052575331-500007585264
peopleapp_hotspot_bdb0e2f5b1,热点,S,录取通知书回归育人本意,教育与青年成长,录取通知书的价值不在豪华包装，而在信息准确、情感真挚和大学育人理念。,5,5,2026-06-24,2026-08-01,中青评论微信公号、光明日报微信公号、光明论微信公号、川观新闻客户端、澎湃新闻,"选题：录取通知书回归育人本意
分类：教育与青年成长
核心角度：录取通知书的价值不在豪华包装，而在信息准确、情感真挚和大学育人理念。
热点判断：5 家媒体、5 篇评论集中讨论。
时间范围：2026-06-24 至 2026-08-01
媒体来源：中青评论微信公号、光明日报微信公号、光明论微信公号、川观新闻客户端、澎湃新闻
支撑文章：
- 2026-06-24｜澎湃新闻｜录取通知书回归“一页纸”，也可传递“大心意”｜https://www.peopleapp.com/column/30052478313-500007563166
- 2026-06-26｜光明论微信公号｜高校录取通知书制作，还是返璞归真为好｜https://www.peopleapp.com/column/30052499517-500007567272
- 2026-07-26｜光明日报微信公号｜录取通知书里附带“暑假作业”，更像是一种提醒｜https://www.peopleapp.com/column/30052761506-500007617573
- 2026-07-30｜中青评论微信公号｜录取通知书“身份证”写成“身证份”，别只当笑话看｜https://www.peopleapp.com/column/30052805413-500007627179
- 2026-08-01｜川观新闻客户端｜录取通知书“闹乌龙”，提倡简约不代表审核流于形式｜https://www.peopleapp.com/column/30052819674-500007629636

请基于以上官媒评论材料，写一份热点分析：先概括事件背景，再比较不同媒体的关注角度，最后提炼对申论写作、面试答题和公众号选题的启发。",peopleapp_opinion_20260624_30052478313_500007563166,2026-06-24,澎湃新闻,录取通知书回归“一页纸”，也可传递“大心意”,https://www.peopleapp.com/column/30052478313-500007563166
peopleapp_hotspot_bdb0e2f5b1,热点,S,录取通知书回归育人本意,教育与青年成长,录取通知书的价值不在豪华包装，而在信息准确、情感真挚和大学育人理念。,5,5,2026-06-24,2026-08-01,中青评论微信公号、光明日报微信公号、光明论微信公号、川观新闻客户端、澎湃新闻,"选题：录取通知书回归育人本意
分类：教育与青年成长
核心角度：录取通知书的价值不在豪华包装，而在信息准确、情感真挚和大学育人理念。
热点判断：5 家媒体、5 篇评论集中讨论。
时间范围：2026-06-24 至 2026-08-01
媒体来源：中青评论微信公号、光明日报微信公号、光明论微信公号、川观新闻客户端、澎湃新闻
支撑文章：
- 2026-06-24｜澎湃新闻｜录取通知书回归“一页纸”，也可传递“大心意”｜https://www.peopleapp.com/column/30052478313-500007563166
- 2026-06-26｜光明论微信公号｜高校录取通知书制作，还是返璞归真为好｜https://www.peopleapp.com/column/30052499517-500007567272
- 2026-07-26｜光明日报微信公号｜录取通知书里附带“暑假作业”，更像是一种提醒｜https://www.peopleapp.com/column/30052761506-500007617573
- 2026-07-30｜中青评论微信公号｜录取通知书“身份证”写成“身证份”，别只当笑话看｜https://www.peopleapp.com/column/30052805413-500007627179
- 2026-08-01｜川观新闻客户端｜录取通知书“闹乌龙”，提倡简约不代表审核流于形式｜https://www.peopleapp.com/column/30052819674-500007629636

请基于以上官媒评论材料，写一份热点分析：先概括事件背景，再比较不同媒体的关注角度，最后提炼对申论写作、面试答题和公众号选题的启发。",peopleapp_opinion_20260626_30052499517_500007567272,2026-06-26,光明论微信公号,高校录取通知书制作，还是返璞归真为好,https://www.peopleapp.com/column/30052499517-500007567272
peopleapp_hotspot_bdb0e2f5b1,热点,S,录取通知书回归育人本意,教育与青年成长,录取通知书的价值不在豪华包装，而在信息准确、情感真挚和大学育人理念。,5,5,2026-06-24,2026-08-01,中青评论微信公号、光明日报微信公号、光明论微信公号、川观新闻客户端、澎湃新闻,"选题：录取通知书回归育人本意
分类：教育与青年成长
核心角度：录取通知书的价值不在豪华包装，而在信息准确、情感真挚和大学育人理念。
热点判断：5 家媒体、5 篇评论集中讨论。
时间范围：2026-06-24 至 2026-08-01
媒体来源：中青评论微信公号、光明日报微信公号、光明论微信公号、川观新闻客户端、澎湃新闻
支撑文章：
- 2026-06-24｜澎湃新闻｜录取通知书回归“一页纸”，也可传递“大心意”｜https://www.peopleapp.com/column/30052478313-500007563166
- 2026-06-26｜光明论微信公号｜高校录取通知书制作，还是返璞归真为好｜https://www.peopleapp.com/column/30052499517-500007567272
- 2026-07-26｜光明日报微信公号｜录取通知书里附带“暑假作业”，更像是一种提醒｜https://www.peopleapp.com/column/30052761506-500007617573
- 2026-07-30｜中青评论微信公号｜录取通知书“身份证”写成“身证份”，别只当笑话看｜https://www.peopleapp.com/column/30052805413-500007627179
- 2026-08-01｜川观新闻客户端｜录取通知书“闹乌龙”，提倡简约不代表审核流于形式｜https://www.peopleapp.com/column/30052819674-500007629636

请基于以上官媒评论材料，写一份热点分析：先概括事件背景，再比较不同媒体的关注角度，最后提炼对申论写作、面试答题和公众号选题的启发。",peopleapp_opinion_20260726_30052761506_500007617573,2026-07-26,光明日报微信公号,录取通知书里附带“暑假作业”，更像是一种提醒,https://www.peopleapp.com/column/30052761506-500007617573
peopleapp_hotspot_bdb0e2f5b1,热点,S,录取通知书回归育人本意,教育与青年成长,录取通知书的价值不在豪华包装，而在信息准确、情感真挚和大学育人理念。,5,5,2026-06-24,2026-08-01,中青评论微信公号、光明日报微信公号、光明论微信公号、川观新闻客户端、澎湃新闻,"选题：录取通知书回归育人本意
分类：教育与青年成长
核心角度：录取通知书的价值不在豪华包装，而在信息准确、情感真挚和大学育人理念。
热点判断：5 家媒体、5 篇评论集中讨论。
时间范围：2026-06-24 至 2026-08-01
媒体来源：中青评论微信公号、光明日报微信公号、光明论微信公号、川观新闻客户端、澎湃新闻
支撑文章：
- 2026-06-24｜澎湃新闻｜录取通知书回归“一页纸”，也可传递“大心意”｜https://www.peopleapp.com/column/30052478313-500007563166
- 2026-06-26｜光明论微信公号｜高校录取通知书制作，还是返璞归真为好｜https://www.peopleapp.com/column/30052499517-500007567272
- 2026-07-26｜光明日报微信公号｜录取通知书里附带“暑假作业”，更像是一种提醒｜https://www.peopleapp.com/column/30052761506-500007617573
- 2026-07-30｜中青评论微信公号｜录取通知书“身份证”写成“身证份”，别只当笑话看｜https://www.peopleapp.com/column/30052805413-500007627179
- 2026-08-01｜川观新闻客户端｜录取通知书“闹乌龙”，提倡简约不代表审核流于形式｜https://www.peopleapp.com/column/30052819674-500007629636

请基于以上官媒评论材料，写一份热点分析：先概括事件背景，再比较不同媒体的关注角度，最后提炼对申论写作、面试答题和公众号选题的启发。",peopleapp_opinion_20260730_30052805413_500007627179,2026-07-30,中青评论微信公号,录取通知书“身份证”写成“身证份”，别只当笑话看,https://www.peopleapp.com/column/30052805413-500007627179
peopleapp_hotspot_bdb0e2f5b1,热点,S,录取通知书回归育人本意,教育与青年成长,录取通知书的价值不在豪华包装，而在信息准确、情感真挚和大学育人理念。,5,5,2026-06-24,2026-08-01,中青评论微信公号、光明日报微信公号、光明论微信公号、川观新闻客户端、澎湃新闻,"选题：录取通知书回归育人本意
分类：教育与青年成长
核心角度：录取通知书的价值不在豪华包装，而在信息准确、情感真挚和大学育人理念。
热点判断：5 家媒体、5 篇评论集中讨论。
时间范围：2026-06-24 至 2026-08-01
媒体来源：中青评论微信公号、光明日报微信公号、光明论微信公号、川观新闻客户端、澎湃新闻
支撑文章：
- 2026-06-24｜澎湃新闻｜录取通知书回归“一页纸”，也可传递“大心意”｜https://www.peopleapp.com/column/30052478313-500007563166
- 2026-06-26｜光明论微信公号｜高校录取通知书制作，还是返璞归真为好｜https://www.peopleapp.com/column/30052499517-500007567272
- 2026-07-26｜光明日报微信公号｜录取通知书里附带“暑假作业”，更像是一种提醒｜https://www.peopleapp.com/column/30052761506-500007617573
- 2026-07-30｜中青评论微信公号｜录取通知书“身份证”写成“身证份”，别只当笑话看｜https://www.peopleapp.com/column/30052805413-500007627179
- 2026-08-01｜川观新闻客户端｜录取通知书“闹乌龙”，提倡简约不代表审核流于形式｜https://www.peopleapp.com/column/30052819674-500007629636

请基于以上官媒评论材料，写一份热点分析：先概括事件背景，再比较不同媒体的关注角度，最后提炼对申论写作、面试答题和公众号选题的启发。",peopleapp_opinion_20260801_30052819674_500007629636,2026-08-01,川观新闻客户端,录取通知书“闹乌龙”，提倡简约不代表审核流于形式,https://www.peopleapp.com/column/30052819674-500007629636
peopleapp_hotspot_88a3545dca,热点,S,文化遗产传承与公共创意边界,体育文化与社会心态,从传统纹样、公共创意母题和网络表情包争议，看知识产权保护如何兼顾原创激励、文化传承和公共共享。,5,5,2026-07-08,2026-07-13,上观新闻、人民日报客户端、人民锐评微信公号、侠客岛微信公号、新京报网,"选题：文化遗产传承与公共创意边界
分类：体育文化与社会心态
核心角度：从传统纹样、公共创意母题和网络表情包争议，看知识产权保护如何兼顾原创激励、文化传承和公共共享。
热点判断：5 家媒体、5 篇评论集中讨论。
时间范围：2026-07-08 至 2026-07-13
媒体来源：上观新闻、人民日报客户端、人民锐评微信公号、侠客岛微信公号、新京报网
支撑文章：
- 2026-07-08｜新京报网｜从茉莉奶白到浙大校徽，经典创意母题属于全人类｜https://www.peopleapp.com/column/30052600020-500007587012
- 2026-07-10｜人民锐评微信公号｜人民锐评：LV“老花”引争议，我们的文化遗产该如何传承保护｜https://www.peopleapp.com/column/30052622589-500007590808
- 2026-07-10｜上观新闻｜热门表情包确权，“圈养”与共享能否兼得｜https://www.peopleapp.com/column/30052615886-500007589686
- 2026-07-12｜人民日报客户端｜一朵“老花”，引出知识产权保护新问题｜https://www.peopleapp.com/column/30052637538-500007593455
- 2026-07-13｜侠客岛微信公号｜老祖宗的审美被抢注，这一课得补上｜https://www.peopleapp.com/column/30052647143-500007595728

请基于以上官媒评论材料，写一份热点分析：先概括事件背景，再比较不同媒体的关注角度，最后提炼对申论写作、面试答题和公众号选题的启发。",peopleapp_opinion_20260708_30052600020_500007587012,2026-07-08,新京报网,从茉莉奶白到浙大校徽，经典创意母题属于全人类,https://www.peopleapp.com/column/30052600020-500007587012
peopleapp_hotspot_88a3545dca,热点,S,文化遗产传承与公共创意边界,体育文化与社会心态,从传统纹样、公共创意母题和网络表情包争议，看知识产权保护如何兼顾原创激励、文化传承和公共共享。,5,5,2026-07-08,2026-07-13,上观新闻、人民日报客户端、人民锐评微信公号、侠客岛微信公号、新京报网,"选题：文化遗产传承与公共创意边界
分类：体育文化与社会心态
核心角度：从传统纹样、公共创意母题和网络表情包争议，看知识产权保护如何兼顾原创激励、文化传承和公共共享。
热点判断：5 家媒体、5 篇评论集中讨论。
时间范围：2026-07-08 至 2026-07-13
媒体来源：上观新闻、人民日报客户端、人民锐评微信公号、侠客岛微信公号、新京报网
支撑文章：
- 2026-07-08｜新京报网｜从茉莉奶白到浙大校徽，经典创意母题属于全人类｜https://www.peopleapp.com/column/30052600020-500007587012
- 2026-07-10｜人民锐评微信公号｜人民锐评：LV“老花”引争议，我们的文化遗产该如何传承保护｜https://www.peopleapp.com/column/30052622589-500007590808
- 2026-07-10｜上观新闻｜热门表情包确权，“圈养”与共享能否兼得｜https://www.peopleapp.com/column/30052615886-500007589686
- 2026-07-12｜人民日报客户端｜一朵“老花”，引出知识产权保护新问题｜https://www.peopleapp.com/column/30052637538-500007593455
- 2026-07-13｜侠客岛微信公号｜老祖宗的审美被抢注，这一课得补上｜https://www.peopleapp.com/column/30052647143-500007595728

请基于以上官媒评论材料，写一份热点分析：先概括事件背景，再比较不同媒体的关注角度，最后提炼对申论写作、面试答题和公众号选题的启发。",peopleapp_opinion_20260710_30052622589_500007590808,2026-07-10,人民锐评微信公号,人民锐评：LV“老花”引争议，我们的文化遗产该如何传承保护,https://www.peopleapp.com/column/30052622589-500007590808
peopleapp_hotspot_88a3545dca,热点,S,文化遗产传承与公共创意边界,体育文化与社会心态,从传统纹样、公共创意母题和网络表情包争议，看知识产权保护如何兼顾原创激励、文化传承和公共共享。,5,5,2026-07-08,2026-07-13,上观新闻、人民日报客户端、人民锐评微信公号、侠客岛微信公号、新京报网,"选题：文化遗产传承与公共创意边界
分类：体育文化与社会心态
核心角度：从传统纹样、公共创意母题和网络表情包争议，看知识产权保护如何兼顾原创激励、文化传承和公共共享。
热点判断：5 家媒体、5 篇评论集中讨论。
时间范围：2026-07-08 至 2026-07-13
媒体来源：上观新闻、人民日报客户端、人民锐评微信公号、侠客岛微信公号、新京报网
支撑文章：
- 2026-07-08｜新京报网｜从茉莉奶白到浙大校徽，经典创意母题属于全人类｜https://www.peopleapp.com/column/30052600020-500007587012
- 2026-07-10｜人民锐评微信公号｜人民锐评：LV“老花”引争议，我们的文化遗产该如何传承保护｜https://www.peopleapp.com/column/30052622589-500007590808
- 2026-07-10｜上观新闻｜热门表情包确权，“圈养”与共享能否兼得｜https://www.peopleapp.com/column/30052615886-500007589686
- 2026-07-12｜人民日报客户端｜一朵“老花”，引出知识产权保护新问题｜https://www.peopleapp.com/column/30052637538-500007593455
- 2026-07-13｜侠客岛微信公号｜老祖宗的审美被抢注，这一课得补上｜https://www.peopleapp.com/column/30052647143-500007595728

请基于以上官媒评论材料，写一份热点分析：先概括事件背景，再比较不同媒体的关注角度，最后提炼对申论写作、面试答题和公众号选题的启发。",peopleapp_opinion_20260710_30052615886_500007589686,2026-07-10,上观新闻,热门表情包确权，“圈养”与共享能否兼得,https://www.peopleapp.com/column/30052615886-500007589686
peopleapp_hotspot_88a3545dca,热点,S,文化遗产传承与公共创意边界,体育文化与社会心态,从传统纹样、公共创意母题和网络表情包争议，看知识产权保护如何兼顾原创激励、文化传承和公共共享。,5,5,2026-07-08,2026-07-13,上观新闻、人民日报客户端、人民锐评微信公号、侠客岛微信公号、新京报网,"选题：文化遗产传承与公共创意边界
分类：体育文化与社会心态
核心角度：从传统纹样、公共创意母题和网络表情包争议，看知识产权保护如何兼顾原创激励、文化传承和公共共享。
热点判断：5 家媒体、5 篇评论集中讨论。
时间范围：2026-07-08 至 2026-07-13
媒体来源：上观新闻、人民日报客户端、人民锐评微信公号、侠客岛微信公号、新京报网
支撑文章：
- 2026-07-08｜新京报网｜从茉莉奶白到浙大校徽，经典创意母题属于全人类｜https://www.peopleapp.com/column/30052600020-500007587012
- 2026-07-10｜人民锐评微信公号｜人民锐评：LV“老花”引争议，我们的文化遗产该如何传承保护｜https://www.peopleapp.com/column/30052622589-500007590808
- 2026-07-10｜上观新闻｜热门表情包确权，“圈养”与共享能否兼得｜https://www.peopleapp.com/column/30052615886-500007589686
- 2026-07-12｜人民日报客户端｜一朵“老花”，引出知识产权保护新问题｜https://www.peopleapp.com/column/30052637538-500007593455
- 2026-07-13｜侠客岛微信公号｜老祖宗的审美被抢注，这一课得补上｜https://www.peopleapp.com/column/30052647143-500007595728

请基于以上官媒评论材料，写一份热点分析：先概括事件背景，再比较不同媒体的关注角度，最后提炼对申论写作、面试答题和公众号选题的启发。",peopleapp_opinion_20260712_30052637538_500007593455,2026-07-12,人民日报客户端,一朵“老花”，引出知识产权保护新问题,https://www.peopleapp.com/column/30052637538-500007593455
peopleapp_hotspot_88a3545dca,热点,S,文化遗产传承与公共创意边界,体育文化与社会心态,从传统纹样、公共创意母题和网络表情包争议，看知识产权保护如何兼顾原创激励、文化传承和公共共享。,5,5,2026-07-08,2026-07-13,上观新闻、人民日报客户端、人民锐评微信公号、侠客岛微信公号、新京报网,"选题：文化遗产传承与公共创意边界
分类：体育文化与社会心态
核心角度：从传统纹样、公共创意母题和网络表情包争议，看知识产权保护如何兼顾原创激励、文化传承和公共共享。
热点判断：5 家媒体、5 篇评论集中讨论。
时间范围：2026-07-08 至 2026-07-13
媒体来源：上观新闻、人民日报客户端、人民锐评微信公号、侠客岛微信公号、新京报网
支撑文章：
- 2026-07-08｜新京报网｜从茉莉奶白到浙大校徽，经典创意母题属于全人类｜https://www.peopleapp.com/column/30052600020-500007587012
- 2026-07-10｜人民锐评微信公号｜人民锐评：LV“老花”引争议，我们的文化遗产该如何传承保护｜https://www.peopleapp.com/column/30052622589-500007590808
- 2026-07-10｜上观新闻｜热门表情包确权，“圈养”与共享能否兼得｜https://www.peopleapp.com/column/30052615886-500007589686
- 2026-07-12｜人民日报客户端｜一朵“老花”，引出知识产权保护新问题｜https://www.peopleapp.com/column/30052637538-500007593455
- 2026-07-13｜侠客岛微信公号｜老祖宗的审美被抢注，这一课得补上｜https://www.peopleapp.com/column/30052647143-500007595728

请基于以上官媒评论材料，写一份热点分析：先概括事件背景，再比较不同媒体的关注角度，最后提炼对申论写作、面试答题和公众号选题的启发。",peopleapp_opinion_20260713_30052647143_500007595728,2026-07-13,侠客岛微信公号,老祖宗的审美被抢注，这一课得补上,https://www.peopleapp.com/column/30052647143-500007595728
peopleapp_hotspot_39f081377e,热点,S,诋毁袁隆平与无底线流量,网络生态与社会信任,农业科普不能沦为流量生意，要用事实核验、平台治理和依法追责守住公共认知底线。,5,5,2026-06-28,2026-07-04,中工网、人民日报客户端、人民锐评微信公号、新民晚报、红星评论微信公号,"选题：诋毁袁隆平与无底线流量
分类：网络生态与社会信任
核心角度：农业科普不能沦为流量生意，要用事实核验、平台治理和依法追责守住公共认知底线。
热点判断：5 家媒体、5 篇评论集中讨论。
时间范围：2026-06-28 至 2026-07-04
媒体来源：中工网、人民日报客户端、人民锐评微信公号、新民晚报、红星评论微信公号
支撑文章：
- 2026-06-28｜红星评论微信公号｜百万粉丝网红诋毁袁老成果，农业科普不能哗众取宠｜https://www.peopleapp.com/column/30052509059-500007569405
- 2026-06-30｜人民锐评微信公号｜人民锐评：诋毁袁隆平、造谣企业家……网红不能困在无底线逐利里｜https://www.peopleapp.com/column/30052524027-500007572289
- 2026-06-30｜人民日报客户端｜诋毁袁隆平换流量，良心安在？｜https://www.peopleapp.com/column/30052525509-500007572735
- 2026-07-01｜中工网｜诋毁袁隆平，当真忘了碗中米从何而来吗？｜https://www.peopleapp.com/column/30052537604-500007575606
- 2026-07-04｜新民晚报｜网红诋毁袁隆平被刑拘 四处“碰瓷”的伪科普该管管了｜https://www.peopleapp.com/column/30052563690-500007580338

请基于以上官媒评论材料，写一份热点分析：先概括事件背景，再比较不同媒体的关注角度，最后提炼对申论写作、面试答题和公众号选题的启发。",peopleapp_opinion_20260628_30052509059_500007569405,2026-06-28,红星评论微信公号,百万粉丝网红诋毁袁老成果，农业科普不能哗众取宠,https://www.peopleapp.com/column/30052509059-500007569405
peopleapp_hotspot_39f081377e,热点,S,诋毁袁隆平与无底线流量,网络生态与社会信任,农业科普不能沦为流量生意，要用事实核验、平台治理和依法追责守住公共认知底线。,5,5,2026-06-28,2026-07-04,中工网、人民日报客户端、人民锐评微信公号、新民晚报、红星评论微信公号,"选题：诋毁袁隆平与无底线流量
分类：网络生态与社会信任
核心角度：农业科普不能沦为流量生意，要用事实核验、平台治理和依法追责守住公共认知底线。
热点判断：5 家媒体、5 篇评论集中讨论。
时间范围：2026-06-28 至 2026-07-04
媒体来源：中工网、人民日报客户端、人民锐评微信公号、新民晚报、红星评论微信公号
支撑文章：
- 2026-06-28｜红星评论微信公号｜百万粉丝网红诋毁袁老成果，农业科普不能哗众取宠｜https://www.peopleapp.com/column/30052509059-500007569405
- 2026-06-30｜人民锐评微信公号｜人民锐评：诋毁袁隆平、造谣企业家……网红不能困在无底线逐利里｜https://www.peopleapp.com/column/30052524027-500007572289
- 2026-06-30｜人民日报客户端｜诋毁袁隆平换流量，良心安在？｜https://www.peopleapp.com/column/30052525509-500007572735
- 2026-07-01｜中工网｜诋毁袁隆平，当真忘了碗中米从何而来吗？｜https://www.peopleapp.com/column/30052537604-500007575606
- 2026-07-04｜新民晚报｜网红诋毁袁隆平被刑拘 四处“碰瓷”的伪科普该管管了｜https://www.peopleapp.com/column/30052563690-500007580338

请基于以上官媒评论材料，写一份热点分析：先概括事件背景，再比较不同媒体的关注角度，最后提炼对申论写作、面试答题和公众号选题的启发。",peopleapp_opinion_20260630_30052524027_500007572289,2026-06-30,人民锐评微信公号,人民锐评：诋毁袁隆平、造谣企业家……网红不能困在无底线逐利里,https://www.peopleapp.com/column/30052524027-500007572289
peopleapp_hotspot_39f081377e,热点,S,诋毁袁隆平与无底线流量,网络生态与社会信任,农业科普不能沦为流量生意，要用事实核验、平台治理和依法追责守住公共认知底线。,5,5,2026-06-28,2026-07-04,中工网、人民日报客户端、人民锐评微信公号、新民晚报、红星评论微信公号,"选题：诋毁袁隆平与无底线流量
分类：网络生态与社会信任
核心角度：农业科普不能沦为流量生意，要用事实核验、平台治理和依法追责守住公共认知底线。
热点判断：5 家媒体、5 篇评论集中讨论。
时间范围：2026-06-28 至 2026-07-04
媒体来源：中工网、人民日报客户端、人民锐评微信公号、新民晚报、红星评论微信公号
支撑文章：
- 2026-06-28｜红星评论微信公号｜百万粉丝网红诋毁袁老成果，农业科普不能哗众取宠｜https://www.peopleapp.com/column/30052509059-500007569405
- 2026-06-30｜人民锐评微信公号｜人民锐评：诋毁袁隆平、造谣企业家……网红不能困在无底线逐利里｜https://www.peopleapp.com/column/30052524027-500007572289
- 2026-06-30｜人民日报客户端｜诋毁袁隆平换流量，良心安在？｜https://www.peopleapp.com/column/30052525509-500007572735
- 2026-07-01｜中工网｜诋毁袁隆平，当真忘了碗中米从何而来吗？｜https://www.peopleapp.com/column/30052537604-500007575606
- 2026-07-04｜新民晚报｜网红诋毁袁隆平被刑拘 四处“碰瓷”的伪科普该管管了｜https://www.peopleapp.com/column/30052563690-500007580338

请基于以上官媒评论材料，写一份热点分析：先概括事件背景，再比较不同媒体的关注角度，最后提炼对申论写作、面试答题和公众号选题的启发。",peopleapp_opinion_20260630_30052525509_500007572735,2026-06-30,人民日报客户端,诋毁袁隆平换流量，良心安在？,https://www.peopleapp.com/column/30052525509-500007572735
peopleapp_hotspot_39f081377e,热点,S,诋毁袁隆平与无底线流量,网络生态与社会信任,农业科普不能沦为流量生意，要用事实核验、平台治理和依法追责守住公共认知底线。,5,5,2026-06-28,2026-07-04,中工网、人民日报客户端、人民锐评微信公号、新民晚报、红星评论微信公号,"选题：诋毁袁隆平与无底线流量
分类：网络生态与社会信任
核心角度：农业科普不能沦为流量生意，要用事实核验、平台治理和依法追责守住公共认知底线。
热点判断：5 家媒体、5 篇评论集中讨论。
时间范围：2026-06-28 至 2026-07-04
媒体来源：中工网、人民日报客户端、人民锐评微信公号、新民晚报、红星评论微信公号
支撑文章：
- 2026-06-28｜红星评论微信公号｜百万粉丝网红诋毁袁老成果，农业科普不能哗众取宠｜https://www.peopleapp.com/column/30052509059-500007569405
- 2026-06-30｜人民锐评微信公号｜人民锐评：诋毁袁隆平、造谣企业家……网红不能困在无底线逐利里｜https://www.peopleapp.com/column/30052524027-500007572289
- 2026-06-30｜人民日报客户端｜诋毁袁隆平换流量，良心安在？｜https://www.peopleapp.com/column/30052525509-500007572735
- 2026-07-01｜中工网｜诋毁袁隆平，当真忘了碗中米从何而来吗？｜https://www.peopleapp.com/column/30052537604-500007575606
- 2026-07-04｜新民晚报｜网红诋毁袁隆平被刑拘 四处“碰瓷”的伪科普该管管了｜https://www.peopleapp.com/column/30052563690-500007580338

请基于以上官媒评论材料，写一份热点分析：先概括事件背景，再比较不同媒体的关注角度，最后提炼对申论写作、面试答题和公众号选题的启发。",peopleapp_opinion_20260701_30052537604_500007575606,2026-07-01,中工网,诋毁袁隆平，当真忘了碗中米从何而来吗？,https://www.peopleapp.com/column/30052537604-500007575606
peopleapp_hotspot_39f081377e,热点,S,诋毁袁隆平与无底线流量,网络生态与社会信任,农业科普不能沦为流量生意，要用事实核验、平台治理和依法追责守住公共认知底线。,5,5,2026-06-28,2026-07-04,中工网、人民日报客户端、人民锐评微信公号、新民晚报、红星评论微信公号,"选题：诋毁袁隆平与无底线流量
分类：网络生态与社会信任
核心角度：农业科普不能沦为流量生意，要用事实核验、平台治理和依法追责守住公共认知底线。
热点判断：5 家媒体、5 篇评论集中讨论。
时间范围：2026-06-28 至 2026-07-04
媒体来源：中工网、人民日报客户端、人民锐评微信公号、新民晚报、红星评论微信公号
支撑文章：
- 2026-06-28｜红星评论微信公号｜百万粉丝网红诋毁袁老成果，农业科普不能哗众取宠｜https://www.peopleapp.com/column/30052509059-500007569405
- 2026-06-30｜人民锐评微信公号｜人民锐评：诋毁袁隆平、造谣企业家……网红不能困在无底线逐利里｜https://www.peopleapp.com/column/30052524027-500007572289
- 2026-06-30｜人民日报客户端｜诋毁袁隆平换流量，良心安在？｜https://www.peopleapp.com/column/30052525509-500007572735
- 2026-07-01｜中工网｜诋毁袁隆平，当真忘了碗中米从何而来吗？｜https://www.peopleapp.com/column/30052537604-500007575606
- 2026-07-04｜新民晚报｜网红诋毁袁隆平被刑拘 四处“碰瓷”的伪科普该管管了｜https://www.peopleapp.com/column/30052563690-500007580338

请基于以上官媒评论材料，写一份热点分析：先概括事件背景，再比较不同媒体的关注角度，最后提炼对申论写作、面试答题和公众号选题的启发。",peopleapp_opinion_20260704_30052563690_500007580338,2026-07-04,新民晚报,网红诋毁袁隆平被刑拘 四处“碰瓷”的伪科普该管管了,https://www.peopleapp.com/column/30052563690-500007580338
peopleapp_hotspot_d54cb16adc,热点,S,理解中国发展与世界机遇,国际观察与中国叙事,用制度优势、创新红利、市场竞争和历史纵深解释中国发展，而不是停留在抽象赞美。,3,6,2026-06-24,2026-07-26,人民日报、人民日报客户端、人民锐评微信公号,"选题：理解中国发展与世界机遇
分类：国际观察与中国叙事
核心角度：用制度优势、创新红利、市场竞争和历史纵深解释中国发展，而不是停留在抽象赞美。
热点判断：3 家媒体、6 篇评论集中讨论。
时间范围：2026-06-24 至 2026-07-26
媒体来源：人民日报、人民日报客户端、人民锐评微信公号
支撑文章：
- 2026-06-24｜人民日报｜意大利学者眼中的“中国全球领导力”｜https://www.peopleapp.com/column/30052472938-500007561828
- 2026-06-26｜人民日报｜和音：“创新红利”，推动中国机遇再升级｜https://www.peopleapp.com/column/30052492252-500007565704
- 2026-06-27｜人民锐评微信公号｜人民锐评：比不过就黑？“中国冲击2.0”话术难掩“中国机遇2.0”事实｜https://www.peopleapp.com/column/30052502824-500007568021
- 2026-06-28｜人民日报客户端｜经济热点快评丨麦肯锡：中国是“全球最硬核的健身房”｜https://www.peopleapp.com/column/30052507877-500007569355
- 2026-06-29｜人民日报｜国际论坛：读懂中国发展的“制度密码”｜https://www.peopleapp.com/column/30052512062-500007569884
- 2026-07-26｜人民日报客户端｜尺素金声｜“中国冲击2.0”混淆视听，“中国机遇2.0”才是共识｜https://www.peopleapp.com/column/30052740306-500007617861

请基于以上官媒评论材料，写一份热点分析：先概括事件背景，再比较不同媒体的关注角度，最后提炼对申论写作、面试答题和公众号选题的启发。",peopleapp_opinion_20260624_30052472938_500007561828,2026-06-24,人民日报,意大利学者眼中的“中国全球领导力”,https://www.peopleapp.com/column/30052472938-500007561828
peopleapp_hotspot_d54cb16adc,热点,S,理解中国发展与世界机遇,国际观察与中国叙事,用制度优势、创新红利、市场竞争和历史纵深解释中国发展，而不是停留在抽象赞美。,3,6,2026-06-24,2026-07-26,人民日报、人民日报客户端、人民锐评微信公号,"选题：理解中国发展与世界机遇
分类：国际观察与中国叙事
核心角度：用制度优势、创新红利、市场竞争和历史纵深解释中国发展，而不是停留在抽象赞美。
热点判断：3 家媒体、6 篇评论集中讨论。
时间范围：2026-06-24 至 2026-07-26
媒体来源：人民日报、人民日报客户端、人民锐评微信公号
支撑文章：
- 2026-06-24｜人民日报｜意大利学者眼中的“中国全球领导力”｜https://www.peopleapp.com/column/30052472938-500007561828
- 2026-06-26｜人民日报｜和音：“创新红利”，推动中国机遇再升级｜https://www.peopleapp.com/column/30052492252-500007565704
- 2026-06-27｜人民锐评微信公号｜人民锐评：比不过就黑？“中国冲击2.0”话术难掩“中国机遇2.0”事实｜https://www.peopleapp.com/column/30052502824-500007568021
- 2026-06-28｜人民日报客户端｜经济热点快评丨麦肯锡：中国是“全球最硬核的健身房”｜https://www.peopleapp.com/column/30052507877-500007569355
- 2026-06-29｜人民日报｜国际论坛：读懂中国发展的“制度密码”｜https://www.peopleapp.com/column/30052512062-500007569884
- 2026-07-26｜人民日报客户端｜尺素金声｜“中国冲击2.0”混淆视听，“中国机遇2.0”才是共识｜https://www.peopleapp.com/column/30052740306-500007617861

请基于以上官媒评论材料，写一份热点分析：先概括事件背景，再比较不同媒体的关注角度，最后提炼对申论写作、面试答题和公众号选题的启发。",peopleapp_opinion_20260626_30052492252_500007565704,2026-06-26,人民日报,和音：“创新红利”，推动中国机遇再升级,https://www.peopleapp.com/column/30052492252-500007565704
peopleapp_hotspot_d54cb16adc,热点,S,理解中国发展与世界机遇,国际观察与中国叙事,用制度优势、创新红利、市场竞争和历史纵深解释中国发展，而不是停留在抽象赞美。,3,6,2026-06-24,2026-07-26,人民日报、人民日报客户端、人民锐评微信公号,"选题：理解中国发展与世界机遇
分类：国际观察与中国叙事
核心角度：用制度优势、创新红利、市场竞争和历史纵深解释中国发展，而不是停留在抽象赞美。
热点判断：3 家媒体、6 篇评论集中讨论。
时间范围：2026-06-24 至 2026-07-26
媒体来源：人民日报、人民日报客户端、人民锐评微信公号
支撑文章：
- 2026-06-24｜人民日报｜意大利学者眼中的“中国全球领导力”｜https://www.peopleapp.com/column/30052472938-500007561828
- 2026-06-26｜人民日报｜和音：“创新红利”，推动中国机遇再升级｜https://www.peopleapp.com/column/30052492252-500007565704
- 2026-06-27｜人民锐评微信公号｜人民锐评：比不过就黑？“中国冲击2.0”话术难掩“中国机遇2.0”事实｜https://www.peopleapp.com/column/30052502824-500007568021
- 2026-06-28｜人民日报客户端｜经济热点快评丨麦肯锡：中国是“全球最硬核的健身房”｜https://www.peopleapp.com/column/30052507877-500007569355
- 2026-06-29｜人民日报｜国际论坛：读懂中国发展的“制度密码”｜https://www.peopleapp.com/column/30052512062-500007569884
- 2026-07-26｜人民日报客户端｜尺素金声｜“中国冲击2.0”混淆视听，“中国机遇2.0”才是共识｜https://www.peopleapp.com/column/30052740306-500007617861

请基于以上官媒评论材料，写一份热点分析：先概括事件背景，再比较不同媒体的关注角度，最后提炼对申论写作、面试答题和公众号选题的启发。",peopleapp_opinion_20260627_30052502824_500007568021,2026-06-27,人民锐评微信公号,人民锐评：比不过就黑？“中国冲击2.0”话术难掩“中国机遇2.0”事实,https://www.peopleapp.com/column/30052502824-500007568021
peopleapp_hotspot_d54cb16adc,热点,S,理解中国发展与世界机遇,国际观察与中国叙事,用制度优势、创新红利、市场竞争和历史纵深解释中国发展，而不是停留在抽象赞美。,3,6,2026-06-24,2026-07-26,人民日报、人民日报客户端、人民锐评微信公号,"选题：理解中国发展与世界机遇
分类：国际观察与中国叙事
核心角度：用制度优势、创新红利、市场竞争和历史纵深解释中国发展，而不是停留在抽象赞美。
热点判断：3 家媒体、6 篇评论集中讨论。
时间范围：2026-06-24 至 2026-07-26
媒体来源：人民日报、人民日报客户端、人民锐评微信公号
支撑文章：
- 2026-06-24｜人民日报｜意大利学者眼中的“中国全球领导力”｜https://www.peopleapp.com/column/30052472938-500007561828
- 2026-06-26｜人民日报｜和音：“创新红利”，推动中国机遇再升级｜https://www.peopleapp.com/column/30052492252-500007565704
- 2026-06-27｜人民锐评微信公号｜人民锐评：比不过就黑？“中国冲击2.0”话术难掩“中国机遇2.0”事实｜https://www.peopleapp.com/column/30052502824-500007568021
- 2026-06-28｜人民日报客户端｜经济热点快评丨麦肯锡：中国是“全球最硬核的健身房”｜https://www.peopleapp.com/column/30052507877-500007569355
- 2026-06-29｜人民日报｜国际论坛：读懂中国发展的“制度密码”｜https://www.peopleapp.com/column/30052512062-500007569884
- 2026-07-26｜人民日报客户端｜尺素金声｜“中国冲击2.0”混淆视听，“中国机遇2.0”才是共识｜https://www.peopleapp.com/column/30052740306-500007617861

请基于以上官媒评论材料，写一份热点分析：先概括事件背景，再比较不同媒体的关注角度，最后提炼对申论写作、面试答题和公众号选题的启发。",peopleapp_opinion_20260628_30052507877_500007569355,2026-06-28,人民日报客户端,经济热点快评丨麦肯锡：中国是“全球最硬核的健身房”,https://www.peopleapp.com/column/30052507877-500007569355
peopleapp_hotspot_d54cb16adc,热点,S,理解中国发展与世界机遇,国际观察与中国叙事,用制度优势、创新红利、市场竞争和历史纵深解释中国发展，而不是停留在抽象赞美。,3,6,2026-06-24,2026-07-26,人民日报、人民日报客户端、人民锐评微信公号,"选题：理解中国发展与世界机遇
分类：国际观察与中国叙事
核心角度：用制度优势、创新红利、市场竞争和历史纵深解释中国发展，而不是停留在抽象赞美。
热点判断：3 家媒体、6 篇评论集中讨论。
时间范围：2026-06-24 至 2026-07-26
媒体来源：人民日报、人民日报客户端、人民锐评微信公号
支撑文章：
- 2026-06-24｜人民日报｜意大利学者眼中的“中国全球领导力”｜https://www.peopleapp.com/column/30052472938-500007561828
- 2026-06-26｜人民日报｜和音：“创新红利”，推动中国机遇再升级｜https://www.peopleapp.com/column/30052492252-500007565704
- 2026-06-27｜人民锐评微信公号｜人民锐评：比不过就黑？“中国冲击2.0”话术难掩“中国机遇2.0”事实｜https://www.peopleapp.com/column/30052502824-500007568021
- 2026-06-28｜人民日报客户端｜经济热点快评丨麦肯锡：中国是“全球最硬核的健身房”｜https://www.peopleapp.com/column/30052507877-500007569355
- 2026-06-29｜人民日报｜国际论坛：读懂中国发展的“制度密码”｜https://www.peopleapp.com/column/30052512062-500007569884
- 2026-07-26｜人民日报客户端｜尺素金声｜“中国冲击2.0”混淆视听，“中国机遇2.0”才是共识｜https://www.peopleapp.com/column/30052740306-500007617861

请基于以上官媒评论材料，写一份热点分析：先概括事件背景，再比较不同媒体的关注角度，最后提炼对申论写作、面试答题和公众号选题的启发。",peopleapp_opinion_20260629_30052512062_500007569884,2026-06-29,人民日报,国际论坛：读懂中国发展的“制度密码”,https://www.peopleapp.com/column/30052512062-500007569884
peopleapp_hotspot_d54cb16adc,热点,S,理解中国发展与世界机遇,国际观察与中国叙事,用制度优势、创新红利、市场竞争和历史纵深解释中国发展，而不是停留在抽象赞美。,3,6,2026-06-24,2026-07-26,人民日报、人民日报客户端、人民锐评微信公号,"选题：理解中国发展与世界机遇
分类：国际观察与中国叙事
核心角度：用制度优势、创新红利、市场竞争和历史纵深解释中国发展，而不是停留在抽象赞美。
热点判断：3 家媒体、6 篇评论集中讨论。
时间范围：2026-06-24 至 2026-07-26
媒体来源：人民日报、人民日报客户端、人民锐评微信公号
支撑文章：
- 2026-06-24｜人民日报｜意大利学者眼中的“中国全球领导力”｜https://www.peopleapp.com/column/30052472938-500007561828
- 2026-06-26｜人民日报｜和音：“创新红利”，推动中国机遇再升级｜https://www.peopleapp.com/column/30052492252-500007565704
- 2026-06-27｜人民锐评微信公号｜人民锐评：比不过就黑？“中国冲击2.0”话术难掩“中国机遇2.0”事实｜https://www.peopleapp.com/column/30052502824-500007568021
- 2026-06-28｜人民日报客户端｜经济热点快评丨麦肯锡：中国是“全球最硬核的健身房”｜https://www.peopleapp.com/column/30052507877-500007569355
- 2026-06-29｜人民日报｜国际论坛：读懂中国发展的“制度密码”｜https://www.peopleapp.com/column/30052512062-500007569884
- 2026-07-26｜人民日报客户端｜尺素金声｜“中国冲击2.0”混淆视听，“中国机遇2.0”才是共识｜https://www.peopleapp.com/column/30052740306-500007617861

请基于以上官媒评论材料，写一份热点分析：先概括事件背景，再比较不同媒体的关注角度，最后提炼对申论写作、面试答题和公众号选题的启发。",peopleapp_opinion_20260726_30052740306_500007617861,2026-07-26,人民日报客户端,尺素金声｜“中国冲击2.0”混淆视听，“中国机遇2.0”才是共识,https://www.peopleapp.com/column/30052740306-500007617861
peopleapp_hotspot_c1923264e8,热点,A,AI深度合成与人格权保护,数字治理与消费权益,从AI偷声、换脸拟声到模型风险治理，重点是守住人格权、数据授权、平台责任和技术伦理边界。,4,4,2026-07-05,2026-07-11,上观新闻、京报锐评微信公号、人民日报、北京日报,"选题：AI深度合成与人格权保护
分类：数字治理与消费权益
核心角度：从AI偷声、换脸拟声到模型风险治理，重点是守住人格权、数据授权、平台责任和技术伦理边界。
热点判断：4 家媒体、4 篇评论集中讨论。
时间范围：2026-07-05 至 2026-07-11
媒体来源：上观新闻、京报锐评微信公号、人民日报、北京日报
支撑文章：
- 2026-07-05｜京报锐评微信公号｜仿冒仅需1分钱？AI时代如何保护好声音？｜https://www.peopleapp.com/column/30052568943-500007581130
- 2026-07-08｜北京日报｜别让AI偷走你的声音｜https://www.peopleapp.com/column/30052599783-500007586985
- 2026-07-10｜上观新闻｜整治AI“换脸拟声”乱象需握指成拳｜https://www.peopleapp.com/column/30052615993-500007589692
- 2026-07-11｜人民日报｜人工智能学会“使坏”，我们怎么办｜https://www.peopleapp.com/column/30052625363-500007591168

请基于以上官媒评论材料，写一份热点分析：先概括事件背景，再比较不同媒体的关注角度，最后提炼对申论写作、面试答题和公众号选题的启发。",peopleapp_opinion_20260705_30052568943_500007581130,2026-07-05,京报锐评微信公号,仿冒仅需1分钱？AI时代如何保护好声音？,https://www.peopleapp.com/column/30052568943-500007581130
peopleapp_hotspot_c1923264e8,热点,A,AI深度合成与人格权保护,数字治理与消费权益,从AI偷声、换脸拟声到模型风险治理，重点是守住人格权、数据授权、平台责任和技术伦理边界。,4,4,2026-07-05,2026-07-11,上观新闻、京报锐评微信公号、人民日报、北京日报,"选题：AI深度合成与人格权保护
分类：数字治理与消费权益
核心角度：从AI偷声、换脸拟声到模型风险治理，重点是守住人格权、数据授权、平台责任和技术伦理边界。
热点判断：4 家媒体、4 篇评论集中讨论。
时间范围：2026-07-05 至 2026-07-11
媒体来源：上观新闻、京报锐评微信公号、人民日报、北京日报
支撑文章：
- 2026-07-05｜京报锐评微信公号｜仿冒仅需1分钱？AI时代如何保护好声音？｜https://www.peopleapp.com/column/30052568943-500007581130
- 2026-07-08｜北京日报｜别让AI偷走你的声音｜https://www.peopleapp.com/column/30052599783-500007586985
- 2026-07-10｜上观新闻｜整治AI“换脸拟声”乱象需握指成拳｜https://www.peopleapp.com/column/30052615993-500007589692
- 2026-07-11｜人民日报｜人工智能学会“使坏”，我们怎么办｜https://www.peopleapp.com/column/30052625363-500007591168

请基于以上官媒评论材料，写一份热点分析：先概括事件背景，再比较不同媒体的关注角度，最后提炼对申论写作、面试答题和公众号选题的启发。",peopleapp_opinion_20260708_30052599783_500007586985,2026-07-08,北京日报,别让AI偷走你的声音,https://www.peopleapp.com/column/30052599783-500007586985
peopleapp_hotspot_c1923264e8,热点,A,AI深度合成与人格权保护,数字治理与消费权益,从AI偷声、换脸拟声到模型风险治理，重点是守住人格权、数据授权、平台责任和技术伦理边界。,4,4,2026-07-05,2026-07-11,上观新闻、京报锐评微信公号、人民日报、北京日报,"选题：AI深度合成与人格权保护
分类：数字治理与消费权益
核心角度：从AI偷声、换脸拟声到模型风险治理，重点是守住人格权、数据授权、平台责任和技术伦理边界。
热点判断：4 家媒体、4 篇评论集中讨论。
时间范围：2026-07-05 至 2026-07-11
媒体来源：上观新闻、京报锐评微信公号、人民日报、北京日报
支撑文章：
- 2026-07-05｜京报锐评微信公号｜仿冒仅需1分钱？AI时代如何保护好声音？｜https://www.peopleapp.com/column/30052568943-500007581130
- 2026-07-08｜北京日报｜别让AI偷走你的声音｜https://www.peopleapp.com/column/30052599783-500007586985
- 2026-07-10｜上观新闻｜整治AI“换脸拟声”乱象需握指成拳｜https://www.peopleapp.com/column/30052615993-500007589692
- 2026-07-11｜人民日报｜人工智能学会“使坏”，我们怎么办｜https://www.peopleapp.com/column/30052625363-500007591168

请基于以上官媒评论材料，写一份热点分析：先概括事件背景，再比较不同媒体的关注角度，最后提炼对申论写作、面试答题和公众号选题的启发。",peopleapp_opinion_20260710_30052615993_500007589692,2026-07-10,上观新闻,整治AI“换脸拟声”乱象需握指成拳,https://www.peopleapp.com/column/30052615993-500007589692
peopleapp_hotspot_c1923264e8,热点,A,AI深度合成与人格权保护,数字治理与消费权益,从AI偷声、换脸拟声到模型风险治理，重点是守住人格权、数据授权、平台责任和技术伦理边界。,4,4,2026-07-05,2026-07-11,上观新闻、京报锐评微信公号、人民日报、北京日报,"选题：AI深度合成与人格权保护
分类：数字治理与消费权益
核心角度：从AI偷声、换脸拟声到模型风险治理，重点是守住人格权、数据授权、平台责任和技术伦理边界。
热点判断：4 家媒体、4 篇评论集中讨论。
时间范围：2026-07-05 至 2026-07-11
媒体来源：上观新闻、京报锐评微信公号、人民日报、北京日报
支撑文章：
- 2026-07-05｜京报锐评微信公号｜仿冒仅需1分钱？AI时代如何保护好声音？｜https://www.peopleapp.com/column/30052568943-500007581130
- 2026-07-08｜北京日报｜别让AI偷走你的声音｜https://www.peopleapp.com/column/30052599783-500007586985
- 2026-07-10｜上观新闻｜整治AI“换脸拟声”乱象需握指成拳｜https://www.peopleapp.com/column/30052615993-500007589692
- 2026-07-11｜人民日报｜人工智能学会“使坏”，我们怎么办｜https://www.peopleapp.com/column/30052625363-500007591168

请基于以上官媒评论材料，写一份热点分析：先概括事件背景，再比较不同媒体的关注角度，最后提炼对申论写作、面试答题和公众号选题的启发。",peopleapp_opinion_20260711_30052625363_500007591168,2026-07-11,人民日报,人工智能学会“使坏”，我们怎么办,https://www.peopleapp.com/column/30052625363-500007591168
peopleapp_hotspot_4e5ecc39c9,热点,A,开屏广告与数字界面减负,数字治理与消费权益,治理开屏广告不只是少看几秒广告，而是约束诱导触发、保障操作安全、把选择权还给用户。,4,4,2026-06-24,2026-06-27,人民日报客户端、光明网时评频道、南方都市报、澎湃新闻,"选题：开屏广告与数字界面减负
分类：数字治理与消费权益
核心角度：治理开屏广告不只是少看几秒广告，而是约束诱导触发、保障操作安全、把选择权还给用户。
热点判断：4 家媒体、4 篇评论集中讨论。
时间范围：2026-06-24 至 2026-06-27
媒体来源：人民日报客户端、光明网时评频道、南方都市报、澎湃新闻
支撑文章：
- 2026-06-24｜光明网时评频道｜“开屏广告没了”引发热议，数字界面该回归清爽了｜https://www.peopleapp.com/column/30052477928-500007563140
- 2026-06-25｜南方都市报｜导航软件追求收益，不应以用户安全为代价｜https://www.peopleapp.com/column/30052488735-500007565133
- 2026-06-25｜澎湃新闻｜治理“开屏摇一摇”广告，不能只好一阵子｜https://www.peopleapp.com/column/30052488641-500007565121
- 2026-06-27｜人民日报客户端｜开屏广告“消失”，期待更多数字减负｜https://www.peopleapp.com/column/30052501578-500007568371

请基于以上官媒评论材料，写一份热点分析：先概括事件背景，再比较不同媒体的关注角度，最后提炼对申论写作、面试答题和公众号选题的启发。",peopleapp_opinion_20260624_30052477928_500007563140,2026-06-24,光明网时评频道,“开屏广告没了”引发热议，数字界面该回归清爽了,https://www.peopleapp.com/column/30052477928-500007563140
peopleapp_hotspot_4e5ecc39c9,热点,A,开屏广告与数字界面减负,数字治理与消费权益,治理开屏广告不只是少看几秒广告，而是约束诱导触发、保障操作安全、把选择权还给用户。,4,4,2026-06-24,2026-06-27,人民日报客户端、光明网时评频道、南方都市报、澎湃新闻,"选题：开屏广告与数字界面减负
分类：数字治理与消费权益
核心角度：治理开屏广告不只是少看几秒广告，而是约束诱导触发、保障操作安全、把选择权还给用户。
热点判断：4 家媒体、4 篇评论集中讨论。
时间范围：2026-06-24 至 2026-06-27
媒体来源：人民日报客户端、光明网时评频道、南方都市报、澎湃新闻
支撑文章：
- 2026-06-24｜光明网时评频道｜“开屏广告没了”引发热议，数字界面该回归清爽了｜https://www.peopleapp.com/column/30052477928-500007563140
- 2026-06-25｜南方都市报｜导航软件追求收益，不应以用户安全为代价｜https://www.peopleapp.com/column/30052488735-500007565133
- 2026-06-25｜澎湃新闻｜治理“开屏摇一摇”广告，不能只好一阵子｜https://www.peopleapp.com/column/30052488641-500007565121
- 2026-06-27｜人民日报客户端｜开屏广告“消失”，期待更多数字减负｜https://www.peopleapp.com/column/30052501578-500007568371

请基于以上官媒评论材料，写一份热点分析：先概括事件背景，再比较不同媒体的关注角度，最后提炼对申论写作、面试答题和公众号选题的启发。",peopleapp_opinion_20260625_30052488735_500007565133,2026-06-25,南方都市报,导航软件追求收益，不应以用户安全为代价,https://www.peopleapp.com/column/30052488735-500007565133
peopleapp_hotspot_4e5ecc39c9,热点,A,开屏广告与数字界面减负,数字治理与消费权益,治理开屏广告不只是少看几秒广告，而是约束诱导触发、保障操作安全、把选择权还给用户。,4,4,2026-06-24,2026-06-27,人民日报客户端、光明网时评频道、南方都市报、澎湃新闻,"选题：开屏广告与数字界面减负
分类：数字治理与消费权益
核心角度：治理开屏广告不只是少看几秒广告，而是约束诱导触发、保障操作安全、把选择权还给用户。
热点判断：4 家媒体、4 篇评论集中讨论。
时间范围：2026-06-24 至 2026-06-27
媒体来源：人民日报客户端、光明网时评频道、南方都市报、澎湃新闻
支撑文章：
- 2026-06-24｜光明网时评频道｜“开屏广告没了”引发热议，数字界面该回归清爽了｜https://www.peopleapp.com/column/30052477928-500007563140
- 2026-06-25｜南方都市报｜导航软件追求收益，不应以用户安全为代价｜https://www.peopleapp.com/column/30052488735-500007565133
- 2026-06-25｜澎湃新闻｜治理“开屏摇一摇”广告，不能只好一阵子｜https://www.peopleapp.com/column/30052488641-500007565121
- 2026-06-27｜人民日报客户端｜开屏广告“消失”，期待更多数字减负｜https://www.peopleapp.com/column/30052501578-500007568371

请基于以上官媒评论材料，写一份热点分析：先概括事件背景，再比较不同媒体的关注角度，最后提炼对申论写作、面试答题和公众号选题的启发。",peopleapp_opinion_20260625_30052488641_500007565121,2026-06-25,澎湃新闻,治理“开屏摇一摇”广告，不能只好一阵子,https://www.peopleapp.com/column/30052488641-500007565121
peopleapp_hotspot_4e5ecc39c9,热点,A,开屏广告与数字界面减负,数字治理与消费权益,治理开屏广告不只是少看几秒广告，而是约束诱导触发、保障操作安全、把选择权还给用户。,4,4,2026-06-24,2026-06-27,人民日报客户端、光明网时评频道、南方都市报、澎湃新闻,"选题：开屏广告与数字界面减负
分类：数字治理与消费权益
核心角度：治理开屏广告不只是少看几秒广告，而是约束诱导触发、保障操作安全、把选择权还给用户。
热点判断：4 家媒体、4 篇评论集中讨论。
时间范围：2026-06-24 至 2026-06-27
媒体来源：人民日报客户端、光明网时评频道、南方都市报、澎湃新闻
支撑文章：
- 2026-06-24｜光明网时评频道｜“开屏广告没了”引发热议，数字界面该回归清爽了｜https://www.peopleapp.com/column/30052477928-500007563140
- 2026-06-25｜南方都市报｜导航软件追求收益，不应以用户安全为代价｜https://www.peopleapp.com/column/30052488735-500007565133
- 2026-06-25｜澎湃新闻｜治理“开屏摇一摇”广告，不能只好一阵子｜https://www.peopleapp.com/column/30052488641-500007565121
- 2026-06-27｜人民日报客户端｜开屏广告“消失”，期待更多数字减负｜https://www.peopleapp.com/column/30052501578-500007568371

请基于以上官媒评论材料，写一份热点分析：先概括事件背景，再比较不同媒体的关注角度，最后提炼对申论写作、面试答题和公众号选题的启发。",peopleapp_opinion_20260627_30052501578_500007568371,2026-06-27,人民日报客户端,开屏广告“消失”，期待更多数字减负,https://www.peopleapp.com/column/30052501578-500007568371
peopleapp_hotspot_1edada9e7f,热点,A,中国制造出海与创新竞争力,产业经济与开放发展,从空调等避暑产品走红欧洲，看中国制造如何靠产业链、技术迭代和市场适配形成竞争力。,3,3,2026-06-27,2026-06-29,人民日报客户端、环球时报微信公号、红星评论微信公号,"选题：中国制造出海与创新竞争力
分类：产业经济与开放发展
核心角度：从空调等避暑产品走红欧洲，看中国制造如何靠产业链、技术迭代和市场适配形成竞争力。
热点判断：3 家媒体、3 篇评论集中讨论。
时间范围：2026-06-27 至 2026-06-29
媒体来源：人民日报客户端、环球时报微信公号、红星评论微信公号
支撑文章：
- 2026-06-27｜环球时报微信公号｜环球时报社评：从一台空调看欧洲对华逆差的本质｜https://www.peopleapp.com/column/30052501612-500007567562
- 2026-06-29｜红星评论微信公号｜中国“避暑神器”欧洲走红，背后硬逻辑你发现了么？｜https://www.peopleapp.com/column/30052517154-500007571249
- 2026-06-29｜人民日报客户端｜经济热点快评丨中国“避暑神器”为何在欧洲卖爆？｜https://www.peopleapp.com/column/30052519386-500007571913

请基于以上官媒评论材料，写一份热点分析：先概括事件背景，再比较不同媒体的关注角度，最后提炼对申论写作、面试答题和公众号选题的启发。",peopleapp_opinion_20260627_30052501612_500007567562,2026-06-27,环球时报微信公号,环球时报社评：从一台空调看欧洲对华逆差的本质,https://www.peopleapp.com/column/30052501612-500007567562
peopleapp_hotspot_1edada9e7f,热点,A,中国制造出海与创新竞争力,产业经济与开放发展,从空调等避暑产品走红欧洲，看中国制造如何靠产业链、技术迭代和市场适配形成竞争力。,3,3,2026-06-27,2026-06-29,人民日报客户端、环球时报微信公号、红星评论微信公号,"选题：中国制造出海与创新竞争力
分类：产业经济与开放发展
核心角度：从空调等避暑产品走红欧洲，看中国制造如何靠产业链、技术迭代和市场适配形成竞争力。
热点判断：3 家媒体、3 篇评论集中讨论。
时间范围：2026-06-27 至 2026-06-29
媒体来源：人民日报客户端、环球时报微信公号、红星评论微信公号
支撑文章：
- 2026-06-27｜环球时报微信公号｜环球时报社评：从一台空调看欧洲对华逆差的本质｜https://www.peopleapp.com/column/30052501612-500007567562
- 2026-06-29｜红星评论微信公号｜中国“避暑神器”欧洲走红，背后硬逻辑你发现了么？｜https://www.peopleapp.com/column/30052517154-500007571249
- 2026-06-29｜人民日报客户端｜经济热点快评丨中国“避暑神器”为何在欧洲卖爆？｜https://www.peopleapp.com/column/30052519386-500007571913

请基于以上官媒评论材料，写一份热点分析：先概括事件背景，再比较不同媒体的关注角度，最后提炼对申论写作、面试答题和公众号选题的启发。",peopleapp_opinion_20260629_30052517154_500007571249,2026-06-29,红星评论微信公号,中国“避暑神器”欧洲走红，背后硬逻辑你发现了么？,https://www.peopleapp.com/column/30052517154-500007571249
peopleapp_hotspot_1edada9e7f,热点,A,中国制造出海与创新竞争力,产业经济与开放发展,从空调等避暑产品走红欧洲，看中国制造如何靠产业链、技术迭代和市场适配形成竞争力。,3,3,2026-06-27,2026-06-29,人民日报客户端、环球时报微信公号、红星评论微信公号,"选题：中国制造出海与创新竞争力
分类：产业经济与开放发展
核心角度：从空调等避暑产品走红欧洲，看中国制造如何靠产业链、技术迭代和市场适配形成竞争力。
热点判断：3 家媒体、3 篇评论集中讨论。
时间范围：2026-06-27 至 2026-06-29
媒体来源：人民日报客户端、环球时报微信公号、红星评论微信公号
支撑文章：
- 2026-06-27｜环球时报微信公号｜环球时报社评：从一台空调看欧洲对华逆差的本质｜https://www.peopleapp.com/column/30052501612-500007567562
- 2026-06-29｜红星评论微信公号｜中国“避暑神器”欧洲走红，背后硬逻辑你发现了么？｜https://www.peopleapp.com/column/30052517154-500007571249
- 2026-06-29｜人民日报客户端｜经济热点快评丨中国“避暑神器”为何在欧洲卖爆？｜https://www.peopleapp.com/column/30052519386-500007571913

请基于以上官媒评论材料，写一份热点分析：先概括事件背景，再比较不同媒体的关注角度，最后提炼对申论写作、面试答题和公众号选题的启发。",peopleapp_opinion_20260629_30052519386_500007571913,2026-06-29,人民日报客户端,经济热点快评丨中国“避暑神器”为何在欧洲卖爆？,https://www.peopleapp.com/column/30052519386-500007571913
peopleapp_hotspot_c53f6034d6,热点,A,停车计费规则透明化,城市治理与公共服务,停车收费要从模糊取整转向按规则精细计费，让小额公共服务也经得起公平检验。,3,3,2026-06-24,2026-06-25,上观新闻、人民日报客户端、光明论微信公号,"选题：停车计费规则透明化
分类：城市治理与公共服务
核心角度：停车收费要从模糊取整转向按规则精细计费，让小额公共服务也经得起公平检验。
热点判断：3 家媒体、3 篇评论集中讨论。
时间范围：2026-06-24 至 2026-06-25
媒体来源：上观新闻、人民日报客户端、光明论微信公号
支撑文章：
- 2026-06-24｜光明论微信公号｜停车费叫停“向上取整”，小账本里有大民生｜https://www.peopleapp.com/column/30052480669-500007563326
- 2026-06-25｜上观新闻｜停车计费算清“明白账”，精细治理温暖城市街角｜https://www.peopleapp.com/column/30052491224-500007565373
- 2026-06-25｜人民日报客户端｜停车计费，就该“分秒必争”｜https://www.peopleapp.com/column/30052476000-500007564442

请基于以上官媒评论材料，写一份热点分析：先概括事件背景，再比较不同媒体的关注角度，最后提炼对申论写作、面试答题和公众号选题的启发。",peopleapp_opinion_20260624_30052480669_500007563326,2026-06-24,光明论微信公号,停车费叫停“向上取整”，小账本里有大民生,https://www.peopleapp.com/column/30052480669-500007563326
peopleapp_hotspot_c53f6034d6,热点,A,停车计费规则透明化,城市治理与公共服务,停车收费要从模糊取整转向按规则精细计费，让小额公共服务也经得起公平检验。,3,3,2026-06-24,2026-06-25,上观新闻、人民日报客户端、光明论微信公号,"选题：停车计费规则透明化
分类：城市治理与公共服务
核心角度：停车收费要从模糊取整转向按规则精细计费，让小额公共服务也经得起公平检验。
热点判断：3 家媒体、3 篇评论集中讨论。
时间范围：2026-06-24 至 2026-06-25
媒体来源：上观新闻、人民日报客户端、光明论微信公号
支撑文章：
- 2026-06-24｜光明论微信公号｜停车费叫停“向上取整”，小账本里有大民生｜https://www.peopleapp.com/column/30052480669-500007563326
- 2026-06-25｜上观新闻｜停车计费算清“明白账”，精细治理温暖城市街角｜https://www.peopleapp.com/column/30052491224-500007565373
- 2026-06-25｜人民日报客户端｜停车计费，就该“分秒必争”｜https://www.peopleapp.com/column/30052476000-500007564442

请基于以上官媒评论材料，写一份热点分析：先概括事件背景，再比较不同媒体的关注角度，最后提炼对申论写作、面试答题和公众号选题的启发。",peopleapp_opinion_20260625_30052491224_500007565373,2026-06-25,上观新闻,停车计费算清“明白账”，精细治理温暖城市街角,https://www.peopleapp.com/column/30052491224-500007565373
peopleapp_hotspot_c53f6034d6,热点,A,停车计费规则透明化,城市治理与公共服务,停车收费要从模糊取整转向按规则精细计费，让小额公共服务也经得起公平检验。,3,3,2026-06-24,2026-06-25,上观新闻、人民日报客户端、光明论微信公号,"选题：停车计费规则透明化
分类：城市治理与公共服务
核心角度：停车收费要从模糊取整转向按规则精细计费，让小额公共服务也经得起公平检验。
热点判断：3 家媒体、3 篇评论集中讨论。
时间范围：2026-06-24 至 2026-06-25
媒体来源：上观新闻、人民日报客户端、光明论微信公号
支撑文章：
- 2026-06-24｜光明论微信公号｜停车费叫停“向上取整”，小账本里有大民生｜https://www.peopleapp.com/column/30052480669-500007563326
- 2026-06-25｜上观新闻｜停车计费算清“明白账”，精细治理温暖城市街角｜https://www.peopleapp.com/column/30052491224-500007565373
- 2026-06-25｜人民日报客户端｜停车计费，就该“分秒必争”｜https://www.peopleapp.com/column/30052476000-500007564442

请基于以上官媒评论材料，写一份热点分析：先概括事件背景，再比较不同媒体的关注角度，最后提炼对申论写作、面试答题和公众号选题的启发。",peopleapp_opinion_20260625_30052476000_500007564442,2026-06-25,人民日报客户端,停车计费，就该“分秒必争”,https://www.peopleapp.com/column/30052476000-500007564442
peopleapp_hotspot_e76c769a01,热点,A,新就业群体服务驿站提质,城市治理与公共服务,服务驿站不能重建设轻使用，要跟着劳动者的时间、路线和真实需求调整服务。,3,3,2026-06-26,2026-07-09,人民日报、光明网、半月谈微信公号,"选题：新就业群体服务驿站提质
分类：城市治理与公共服务
核心角度：服务驿站不能重建设轻使用，要跟着劳动者的时间、路线和真实需求调整服务。
热点判断：3 家媒体、3 篇评论集中讨论。
时间范围：2026-06-26 至 2026-07-09
媒体来源：人民日报、光明网、半月谈微信公号
支撑文章：
- 2026-06-26｜半月谈微信公号｜建时“热”，用时“冷”？新就业群体服务驿站不能沦为“花架子”｜https://www.peopleapp.com/column/30052498768-500007567239
- 2026-06-27｜光明网｜城市驿站遇冷？要让服务跟着人走｜https://www.peopleapp.com/column/30052501374-500007567497
- 2026-07-09｜人民日报｜为何快递小哥对一些驿站无感？｜https://www.peopleapp.com/column/30052604005-500007587735

请基于以上官媒评论材料，写一份热点分析：先概括事件背景，再比较不同媒体的关注角度，最后提炼对申论写作、面试答题和公众号选题的启发。",peopleapp_opinion_20260626_30052498768_500007567239,2026-06-26,半月谈微信公号,建时“热”，用时“冷”？新就业群体服务驿站不能沦为“花架子”,https://www.peopleapp.com/column/30052498768-500007567239
peopleapp_hotspot_e76c769a01,热点,A,新就业群体服务驿站提质,城市治理与公共服务,服务驿站不能重建设轻使用，要跟着劳动者的时间、路线和真实需求调整服务。,3,3,2026-06-26,2026-07-09,人民日报、光明网、半月谈微信公号,"选题：新就业群体服务驿站提质
分类：城市治理与公共服务
核心角度：服务驿站不能重建设轻使用，要跟着劳动者的时间、路线和真实需求调整服务。
热点判断：3 家媒体、3 篇评论集中讨论。
时间范围：2026-06-26 至 2026-07-09
媒体来源：人民日报、光明网、半月谈微信公号
支撑文章：
- 2026-06-26｜半月谈微信公号｜建时“热”，用时“冷”？新就业群体服务驿站不能沦为“花架子”｜https://www.peopleapp.com/column/30052498768-500007567239
- 2026-06-27｜光明网｜城市驿站遇冷？要让服务跟着人走｜https://www.peopleapp.com/column/30052501374-500007567497
- 2026-07-09｜人民日报｜为何快递小哥对一些驿站无感？｜https://www.peopleapp.com/column/30052604005-500007587735

请基于以上官媒评论材料，写一份热点分析：先概括事件背景，再比较不同媒体的关注角度，最后提炼对申论写作、面试答题和公众号选题的启发。",peopleapp_opinion_20260627_30052501374_500007567497,2026-06-27,光明网,城市驿站遇冷？要让服务跟着人走,https://www.peopleapp.com/column/30052501374-500007567497
peopleapp_hotspot_e76c769a01,热点,A,新就业群体服务驿站提质,城市治理与公共服务,服务驿站不能重建设轻使用，要跟着劳动者的时间、路线和真实需求调整服务。,3,3,2026-06-26,2026-07-09,人民日报、光明网、半月谈微信公号,"选题：新就业群体服务驿站提质
分类：城市治理与公共服务
核心角度：服务驿站不能重建设轻使用，要跟着劳动者的时间、路线和真实需求调整服务。
热点判断：3 家媒体、3 篇评论集中讨论。
时间范围：2026-06-26 至 2026-07-09
媒体来源：人民日报、光明网、半月谈微信公号
支撑文章：
- 2026-06-26｜半月谈微信公号｜建时“热”，用时“冷”？新就业群体服务驿站不能沦为“花架子”｜https://www.peopleapp.com/column/30052498768-500007567239
- 2026-06-27｜光明网｜城市驿站遇冷？要让服务跟着人走｜https://www.peopleapp.com/column/30052501374-500007567497
- 2026-07-09｜人民日报｜为何快递小哥对一些驿站无感？｜https://www.peopleapp.com/column/30052604005-500007587735

请基于以上官媒评论材料，写一份热点分析：先概括事件背景，再比较不同媒体的关注角度，最后提炼对申论写作、面试答题和公众号选题的启发。",peopleapp_opinion_20260709_30052604005_500007587735,2026-07-09,人民日报,为何快递小哥对一些驿站无感？,https://www.peopleapp.com/column/30052604005-500007587735
peopleapp_hotspot_4212ce2c9d,热点,A,灭火器纸面维保治理,公共安全与监管,消防维保不能只贴合格证，要打通检测、维保、抽查和责任追究的真实闭环。,3,3,2026-06-25,2026-06-27,中工网、北京青年报、新京报评论微信公号,"选题：灭火器纸面维保治理
分类：公共安全与监管
核心角度：消防维保不能只贴合格证，要打通检测、维保、抽查和责任追究的真实闭环。
热点判断：3 家媒体、3 篇评论集中讨论。
时间范围：2026-06-25 至 2026-06-27
媒体来源：中工网、北京青年报、新京报评论微信公号
支撑文章：
- 2026-06-25｜新京报评论微信公号｜灭火器“纸面维保”泛滥，安全监管不能流于纸面｜https://www.peopleapp.com/column/30052490256-500007565272
- 2026-06-26｜北京青年报｜灭火器“纸面维保”，症结在于“纸面监管”｜https://www.peopleapp.com/column/30052497459-500007566611
- 2026-06-27｜中工网｜灭火器合格证6毛一张，“纸面维保”包不住火｜https://www.peopleapp.com/column/30052501669-500007567572

请基于以上官媒评论材料，写一份热点分析：先概括事件背景，再比较不同媒体的关注角度，最后提炼对申论写作、面试答题和公众号选题的启发。",peopleapp_opinion_20260625_30052490256_500007565272,2026-06-25,新京报评论微信公号,灭火器“纸面维保”泛滥，安全监管不能流于纸面,https://www.peopleapp.com/column/30052490256-500007565272
peopleapp_hotspot_4212ce2c9d,热点,A,灭火器纸面维保治理,公共安全与监管,消防维保不能只贴合格证，要打通检测、维保、抽查和责任追究的真实闭环。,3,3,2026-06-25,2026-06-27,中工网、北京青年报、新京报评论微信公号,"选题：灭火器纸面维保治理
分类：公共安全与监管
核心角度：消防维保不能只贴合格证，要打通检测、维保、抽查和责任追究的真实闭环。
热点判断：3 家媒体、3 篇评论集中讨论。
时间范围：2026-06-25 至 2026-06-27
媒体来源：中工网、北京青年报、新京报评论微信公号
支撑文章：
- 2026-06-25｜新京报评论微信公号｜灭火器“纸面维保”泛滥，安全监管不能流于纸面｜https://www.peopleapp.com/column/30052490256-500007565272
- 2026-06-26｜北京青年报｜灭火器“纸面维保”，症结在于“纸面监管”｜https://www.peopleapp.com/column/30052497459-500007566611
- 2026-06-27｜中工网｜灭火器合格证6毛一张，“纸面维保”包不住火｜https://www.peopleapp.com/column/30052501669-500007567572

请基于以上官媒评论材料，写一份热点分析：先概括事件背景，再比较不同媒体的关注角度，最后提炼对申论写作、面试答题和公众号选题的启发。",peopleapp_opinion_20260626_30052497459_500007566611,2026-06-26,北京青年报,灭火器“纸面维保”，症结在于“纸面监管”,https://www.peopleapp.com/column/30052497459-500007566611
peopleapp_hotspot_4212ce2c9d,热点,A,灭火器纸面维保治理,公共安全与监管,消防维保不能只贴合格证，要打通检测、维保、抽查和责任追究的真实闭环。,3,3,2026-06-25,2026-06-27,中工网、北京青年报、新京报评论微信公号,"选题：灭火器纸面维保治理
分类：公共安全与监管
核心角度：消防维保不能只贴合格证，要打通检测、维保、抽查和责任追究的真实闭环。
热点判断：3 家媒体、3 篇评论集中讨论。
时间范围：2026-06-25 至 2026-06-27
媒体来源：中工网、北京青年报、新京报评论微信公号
支撑文章：
- 2026-06-25｜新京报评论微信公号｜灭火器“纸面维保”泛滥，安全监管不能流于纸面｜https://www.peopleapp.com/column/30052490256-500007565272
- 2026-06-26｜北京青年报｜灭火器“纸面维保”，症结在于“纸面监管”｜https://www.peopleapp.com/column/30052497459-500007566611
- 2026-06-27｜中工网｜灭火器合格证6毛一张，“纸面维保”包不住火｜https://www.peopleapp.com/column/30052501669-500007567572

请基于以上官媒评论材料，写一份热点分析：先概括事件背景，再比较不同媒体的关注角度，最后提炼对申论写作、面试答题和公众号选题的启发。",peopleapp_opinion_20260627_30052501669_500007567572,2026-06-27,中工网,灭火器合格证6毛一张，“纸面维保”包不住火,https://www.peopleapp.com/column/30052501669-500007567572
peopleapp_hotspot_30c2a371fb,热点,A,自动续费与隐性扣款治理,数字治理与消费权益,平台应让开通与退出同样方便，以显著提示、便捷取消和责任追溯整治隐性扣款。,3,3,2026-06-28,2026-07-04,人民日报客户端、广州日报、新华视点微信公号,"选题：自动续费与隐性扣款治理
分类：数字治理与消费权益
核心角度：平台应让开通与退出同样方便，以显著提示、便捷取消和责任追溯整治隐性扣款。
热点判断：3 家媒体、3 篇评论集中讨论。
时间范围：2026-06-28 至 2026-07-04
媒体来源：人民日报客户端、广州日报、新华视点微信公号
支撑文章：
- 2026-06-28｜新华视点微信公号｜开通仅一秒但退订要找半天，平台自动扣费不能只有算计｜https://www.peopleapp.com/column/30052507125-500007569218
- 2026-06-29｜广州日报｜“自动续费”套路还要玩到何时？｜https://www.peopleapp.com/column/30052513909-500007570459
- 2026-07-04｜人民日报客户端｜自动续费的坑，用户得躲，平台得填！｜https://www.peopleapp.com/column/30052547924-500007580449

请基于以上官媒评论材料，写一份热点分析：先概括事件背景，再比较不同媒体的关注角度，最后提炼对申论写作、面试答题和公众号选题的启发。",peopleapp_opinion_20260628_30052507125_500007569218,2026-06-28,新华视点微信公号,开通仅一秒但退订要找半天，平台自动扣费不能只有算计,https://www.peopleapp.com/column/30052507125-500007569218
peopleapp_hotspot_30c2a371fb,热点,A,自动续费与隐性扣款治理,数字治理与消费权益,平台应让开通与退出同样方便，以显著提示、便捷取消和责任追溯整治隐性扣款。,3,3,2026-06-28,2026-07-04,人民日报客户端、广州日报、新华视点微信公号,"选题：自动续费与隐性扣款治理
分类：数字治理与消费权益
核心角度：平台应让开通与退出同样方便，以显著提示、便捷取消和责任追溯整治隐性扣款。
热点判断：3 家媒体、3 篇评论集中讨论。
时间范围：2026-06-28 至 2026-07-04
媒体来源：人民日报客户端、广州日报、新华视点微信公号
支撑文章：
- 2026-06-28｜新华视点微信公号｜开通仅一秒但退订要找半天，平台自动扣费不能只有算计｜https://www.peopleapp.com/column/30052507125-500007569218
- 2026-06-29｜广州日报｜“自动续费”套路还要玩到何时？｜https://www.peopleapp.com/column/30052513909-500007570459
- 2026-07-04｜人民日报客户端｜自动续费的坑，用户得躲，平台得填！｜https://www.peopleapp.com/column/30052547924-500007580449

请基于以上官媒评论材料，写一份热点分析：先概括事件背景，再比较不同媒体的关注角度，最后提炼对申论写作、面试答题和公众号选题的启发。",peopleapp_opinion_20260629_30052513909_500007570459,2026-06-29,广州日报,“自动续费”套路还要玩到何时？,https://www.peopleapp.com/column/30052513909-500007570459
peopleapp_hotspot_30c2a371fb,热点,A,自动续费与隐性扣款治理,数字治理与消费权益,平台应让开通与退出同样方便，以显著提示、便捷取消和责任追溯整治隐性扣款。,3,3,2026-06-28,2026-07-04,人民日报客户端、广州日报、新华视点微信公号,"选题：自动续费与隐性扣款治理
分类：数字治理与消费权益
核心角度：平台应让开通与退出同样方便，以显著提示、便捷取消和责任追溯整治隐性扣款。
热点判断：3 家媒体、3 篇评论集中讨论。
时间范围：2026-06-28 至 2026-07-04
媒体来源：人民日报客户端、广州日报、新华视点微信公号
支撑文章：
- 2026-06-28｜新华视点微信公号｜开通仅一秒但退订要找半天，平台自动扣费不能只有算计｜https://www.peopleapp.com/column/30052507125-500007569218
- 2026-06-29｜广州日报｜“自动续费”套路还要玩到何时？｜https://www.peopleapp.com/column/30052513909-500007570459
- 2026-07-04｜人民日报客户端｜自动续费的坑，用户得躲，平台得填！｜https://www.peopleapp.com/column/30052547924-500007580449

请基于以上官媒评论材料，写一份热点分析：先概括事件背景，再比较不同媒体的关注角度，最后提炼对申论写作、面试答题和公众号选题的启发。",peopleapp_opinion_20260704_30052547924_500007580449,2026-07-04,人民日报客户端,自动续费的坑，用户得躲，平台得填！,https://www.peopleapp.com/column/30052547924-500007580449
peopleapp_hotspot_564db4b81b,候选,B,历史正义与日本军事化警示,国际观察与中国叙事,从二战记忆、慰安妇史实和日本军事转轨出发，说明守护历史真相也是维护和平秩序。,2,5,2026-06-25,2026-07-23,人民日报、人民日报客户端,"选题：历史正义与日本军事化警示
分类：国际观察与中国叙事
核心角度：从二战记忆、慰安妇史实和日本军事转轨出发，说明守护历史真相也是维护和平秩序。
热点判断：2 家媒体、5 篇评论集中讨论。
时间范围：2026-06-25 至 2026-07-23
媒体来源：人民日报、人民日报客户端
支撑文章：
- 2026-06-25｜人民日报｜钟声：急修“安保三文件”，暴露日本加速军事转轨的急躁姿态｜https://www.peopleapp.com/column/30052482637-500007563563
- 2026-06-26｜人民日报客户端｜零时差 | 一位荷兰老人用一方手帕，打破“慰安妇”仅限亚洲的历史认知｜https://www.peopleapp.com/column/30052495771-500007567214
- 2026-06-27｜人民日报｜国际论坛：守望历史正义，捍卫二战成果｜https://www.peopleapp.com/column/30052501162-500007567550
- 2026-06-29｜人民日报客户端｜零时差 | 威胁论披上童趣外衣，警惕日本右翼编织“童化”陷阱｜https://www.peopleapp.com/column/30052516515-500007571710
- 2026-07-23｜人民日报｜国际论坛：必须高度警惕并坚决遏制日本右翼的拥核图谋｜https://www.peopleapp.com/column/30052733366-500007612486

请基于以上官媒评论材料，写一份热点分析：先概括事件背景，再比较不同媒体的关注角度，最后提炼对申论写作、面试答题和公众号选题的启发。",peopleapp_opinion_20260625_30052482637_500007563563,2026-06-25,人民日报,钟声：急修“安保三文件”，暴露日本加速军事转轨的急躁姿态,https://www.peopleapp.com/column/30052482637-500007563563
peopleapp_hotspot_564db4b81b,候选,B,历史正义与日本军事化警示,国际观察与中国叙事,从二战记忆、慰安妇史实和日本军事转轨出发，说明守护历史真相也是维护和平秩序。,2,5,2026-06-25,2026-07-23,人民日报、人民日报客户端,"选题：历史正义与日本军事化警示
分类：国际观察与中国叙事
核心角度：从二战记忆、慰安妇史实和日本军事转轨出发，说明守护历史真相也是维护和平秩序。
热点判断：2 家媒体、5 篇评论集中讨论。
时间范围：2026-06-25 至 2026-07-23
媒体来源：人民日报、人民日报客户端
支撑文章：
- 2026-06-25｜人民日报｜钟声：急修“安保三文件”，暴露日本加速军事转轨的急躁姿态｜https://www.peopleapp.com/column/30052482637-500007563563
- 2026-06-26｜人民日报客户端｜零时差 | 一位荷兰老人用一方手帕，打破“慰安妇”仅限亚洲的历史认知｜https://www.peopleapp.com/column/30052495771-500007567214
- 2026-06-27｜人民日报｜国际论坛：守望历史正义，捍卫二战成果｜https://www.peopleapp.com/column/30052501162-500007567550
- 2026-06-29｜人民日报客户端｜零时差 | 威胁论披上童趣外衣，警惕日本右翼编织“童化”陷阱｜https://www.peopleapp.com/column/30052516515-500007571710
- 2026-07-23｜人民日报｜国际论坛：必须高度警惕并坚决遏制日本右翼的拥核图谋｜https://www.peopleapp.com/column/30052733366-500007612486

请基于以上官媒评论材料，写一份热点分析：先概括事件背景，再比较不同媒体的关注角度，最后提炼对申论写作、面试答题和公众号选题的启发。",peopleapp_opinion_20260626_30052495771_500007567214,2026-06-26,人民日报客户端,零时差 | 一位荷兰老人用一方手帕，打破“慰安妇”仅限亚洲的历史认知,https://www.peopleapp.com/column/30052495771-500007567214
peopleapp_hotspot_564db4b81b,候选,B,历史正义与日本军事化警示,国际观察与中国叙事,从二战记忆、慰安妇史实和日本军事转轨出发，说明守护历史真相也是维护和平秩序。,2,5,2026-06-25,2026-07-23,人民日报、人民日报客户端,"选题：历史正义与日本军事化警示
分类：国际观察与中国叙事
核心角度：从二战记忆、慰安妇史实和日本军事转轨出发，说明守护历史真相也是维护和平秩序。
热点判断：2 家媒体、5 篇评论集中讨论。
时间范围：2026-06-25 至 2026-07-23
媒体来源：人民日报、人民日报客户端
支撑文章：
- 2026-06-25｜人民日报｜钟声：急修“安保三文件”，暴露日本加速军事转轨的急躁姿态｜https://www.peopleapp.com/column/30052482637-500007563563
- 2026-06-26｜人民日报客户端｜零时差 | 一位荷兰老人用一方手帕，打破“慰安妇”仅限亚洲的历史认知｜https://www.peopleapp.com/column/30052495771-500007567214
- 2026-06-27｜人民日报｜国际论坛：守望历史正义，捍卫二战成果｜https://www.peopleapp.com/column/30052501162-500007567550
- 2026-06-29｜人民日报客户端｜零时差 | 威胁论披上童趣外衣，警惕日本右翼编织“童化”陷阱｜https://www.peopleapp.com/column/30052516515-500007571710
- 2026-07-23｜人民日报｜国际论坛：必须高度警惕并坚决遏制日本右翼的拥核图谋｜https://www.peopleapp.com/column/30052733366-500007612486

请基于以上官媒评论材料，写一份热点分析：先概括事件背景，再比较不同媒体的关注角度，最后提炼对申论写作、面试答题和公众号选题的启发。",peopleapp_opinion_20260627_30052501162_500007567550,2026-06-27,人民日报,国际论坛：守望历史正义，捍卫二战成果,https://www.peopleapp.com/column/30052501162-500007567550
peopleapp_hotspot_564db4b81b,候选,B,历史正义与日本军事化警示,国际观察与中国叙事,从二战记忆、慰安妇史实和日本军事转轨出发，说明守护历史真相也是维护和平秩序。,2,5,2026-06-25,2026-07-23,人民日报、人民日报客户端,"选题：历史正义与日本军事化警示
分类：国际观察与中国叙事
核心角度：从二战记忆、慰安妇史实和日本军事转轨出发，说明守护历史真相也是维护和平秩序。
热点判断：2 家媒体、5 篇评论集中讨论。
时间范围：2026-06-25 至 2026-07-23
媒体来源：人民日报、人民日报客户端
支撑文章：
- 2026-06-25｜人民日报｜钟声：急修“安保三文件”，暴露日本加速军事转轨的急躁姿态｜https://www.peopleapp.com/column/30052482637-500007563563
- 2026-06-26｜人民日报客户端｜零时差 | 一位荷兰老人用一方手帕，打破“慰安妇”仅限亚洲的历史认知｜https://www.peopleapp.com/column/30052495771-500007567214
- 2026-06-27｜人民日报｜国际论坛：守望历史正义，捍卫二战成果｜https://www.peopleapp.com/column/30052501162-500007567550
- 2026-06-29｜人民日报客户端｜零时差 | 威胁论披上童趣外衣，警惕日本右翼编织“童化”陷阱｜https://www.peopleapp.com/column/30052516515-500007571710
- 2026-07-23｜人民日报｜国际论坛：必须高度警惕并坚决遏制日本右翼的拥核图谋｜https://www.peopleapp.com/column/30052733366-500007612486

请基于以上官媒评论材料，写一份热点分析：先概括事件背景，再比较不同媒体的关注角度，最后提炼对申论写作、面试答题和公众号选题的启发。",peopleapp_opinion_20260629_30052516515_500007571710,2026-06-29,人民日报客户端,零时差 | 威胁论披上童趣外衣，警惕日本右翼编织“童化”陷阱,https://www.peopleapp.com/column/30052516515-500007571710
peopleapp_hotspot_564db4b81b,候选,B,历史正义与日本军事化警示,国际观察与中国叙事,从二战记忆、慰安妇史实和日本军事转轨出发，说明守护历史真相也是维护和平秩序。,2,5,2026-06-25,2026-07-23,人民日报、人民日报客户端,"选题：历史正义与日本军事化警示
分类：国际观察与中国叙事
核心角度：从二战记忆、慰安妇史实和日本军事转轨出发，说明守护历史真相也是维护和平秩序。
热点判断：2 家媒体、5 篇评论集中讨论。
时间范围：2026-06-25 至 2026-07-23
媒体来源：人民日报、人民日报客户端
支撑文章：
- 2026-06-25｜人民日报｜钟声：急修“安保三文件”，暴露日本加速军事转轨的急躁姿态｜https://www.peopleapp.com/column/30052482637-500007563563
- 2026-06-26｜人民日报客户端｜零时差 | 一位荷兰老人用一方手帕，打破“慰安妇”仅限亚洲的历史认知｜https://www.peopleapp.com/column/30052495771-500007567214
- 2026-06-27｜人民日报｜国际论坛：守望历史正义，捍卫二战成果｜https://www.peopleapp.com/column/30052501162-500007567550
- 2026-06-29｜人民日报客户端｜零时差 | 威胁论披上童趣外衣，警惕日本右翼编织“童化”陷阱｜https://www.peopleapp.com/column/30052516515-500007571710
- 2026-07-23｜人民日报｜国际论坛：必须高度警惕并坚决遏制日本右翼的拥核图谋｜https://www.peopleapp.com/column/30052733366-500007612486

请基于以上官媒评论材料，写一份热点分析：先概括事件背景，再比较不同媒体的关注角度，最后提炼对申论写作、面试答题和公众号选题的启发。",peopleapp_opinion_20260723_30052733366_500007612486,2026-07-23,人民日报,国际论坛：必须高度警惕并坚决遏制日本右翼的拥核图谋,https://www.peopleapp.com/column/30052733366-500007612486
peopleapp_hotspot_5b43a3a1d8,候选,B,粮食安全与农业现代化,产业经济与开放发展,把粮食安全从丰收表态推进到资源节约、科技赋能和农业全产业链建设。,2,3,2026-06-24,2026-06-26,人民日报、人民日报客户端,"选题：粮食安全与农业现代化
分类：产业经济与开放发展
核心角度：把粮食安全从丰收表态推进到资源节约、科技赋能和农业全产业链建设。
热点判断：2 家媒体、3 篇评论集中讨论。
时间范围：2026-06-24 至 2026-06-26
媒体来源：人民日报、人民日报客户端
支撑文章：
- 2026-06-24｜人民日报客户端｜经济热点快评｜总书记为何再次强调这个“重中之重”｜https://www.peopleapp.com/column/30052480551-500007563379
- 2026-06-25｜人民日报｜今日谈：铆足干劲，力争全年粮食丰收｜https://www.peopleapp.com/column/30052482635-500007563559
- 2026-06-26｜人民日报｜如何把农业建成现代化大产业？｜https://www.peopleapp.com/column/30052492328-500007565679

请基于以上官媒评论材料，写一份热点分析：先概括事件背景，再比较不同媒体的关注角度，最后提炼对申论写作、面试答题和公众号选题的启发。",peopleapp_opinion_20260624_30052480551_500007563379,2026-06-24,人民日报客户端,经济热点快评｜总书记为何再次强调这个“重中之重”,https://www.peopleapp.com/column/30052480551-500007563379
peopleapp_hotspot_5b43a3a1d8,候选,B,粮食安全与农业现代化,产业经济与开放发展,把粮食安全从丰收表态推进到资源节约、科技赋能和农业全产业链建设。,2,3,2026-06-24,2026-06-26,人民日报、人民日报客户端,"选题：粮食安全与农业现代化
分类：产业经济与开放发展
核心角度：把粮食安全从丰收表态推进到资源节约、科技赋能和农业全产业链建设。
热点判断：2 家媒体、3 篇评论集中讨论。
时间范围：2026-06-24 至 2026-06-26
媒体来源：人民日报、人民日报客户端
支撑文章：
- 2026-06-24｜人民日报客户端｜经济热点快评｜总书记为何再次强调这个“重中之重”｜https://www.peopleapp.com/column/30052480551-500007563379
- 2026-06-25｜人民日报｜今日谈：铆足干劲，力争全年粮食丰收｜https://www.peopleapp.com/column/30052482635-500007563559
- 2026-06-26｜人民日报｜如何把农业建成现代化大产业？｜https://www.peopleapp.com/column/30052492328-500007565679

请基于以上官媒评论材料，写一份热点分析：先概括事件背景，再比较不同媒体的关注角度，最后提炼对申论写作、面试答题和公众号选题的启发。",peopleapp_opinion_20260625_30052482635_500007563559,2026-06-25,人民日报,今日谈：铆足干劲，力争全年粮食丰收,https://www.peopleapp.com/column/30052482635-500007563559
peopleapp_hotspot_5b43a3a1d8,候选,B,粮食安全与农业现代化,产业经济与开放发展,把粮食安全从丰收表态推进到资源节约、科技赋能和农业全产业链建设。,2,3,2026-06-24,2026-06-26,人民日报、人民日报客户端,"选题：粮食安全与农业现代化
分类：产业经济与开放发展
核心角度：把粮食安全从丰收表态推进到资源节约、科技赋能和农业全产业链建设。
热点判断：2 家媒体、3 篇评论集中讨论。
时间范围：2026-06-24 至 2026-06-26
媒体来源：人民日报、人民日报客户端
支撑文章：
- 2026-06-24｜人民日报客户端｜经济热点快评｜总书记为何再次强调这个“重中之重”｜https://www.peopleapp.com/column/30052480551-500007563379
- 2026-06-25｜人民日报｜今日谈：铆足干劲，力争全年粮食丰收｜https://www.peopleapp.com/column/30052482635-500007563559
- 2026-06-26｜人民日报｜如何把农业建成现代化大产业？｜https://www.peopleapp.com/column/30052492328-500007565679

请基于以上官媒评论材料，写一份热点分析：先概括事件背景，再比较不同媒体的关注角度，最后提炼对申论写作、面试答题和公众号选题的启发。",peopleapp_opinion_20260626_30052492328_500007565679,2026-06-26,人民日报,如何把农业建成现代化大产业？,https://www.peopleapp.com/column/30052492328-500007565679
peopleapp_hotspot_19cd199ec4,候选,B,营商环境与市场秩序,产业经济与开放发展,营商环境既要对劳动者友好，也要规范涉企检查、畅通市场退出和资源再配置。,2,3,2026-06-25,2026-06-25,人民日报、浙江宣传微信公号,"选题：营商环境与市场秩序
分类：产业经济与开放发展
核心角度：营商环境既要对劳动者友好，也要规范涉企检查、畅通市场退出和资源再配置。
热点判断：2 家媒体、3 篇评论集中讨论。
时间范围：2026-06-25 至 2026-06-25
媒体来源：人民日报、浙江宣传微信公号
支撑文章：
- 2026-06-25｜浙江宣传微信公号｜“打工友好”是重要的营商环境｜https://www.peopleapp.com/column/30052483125-500007563558
- 2026-06-25｜人民日报｜人民时评：为市场“新陈代谢”主动清障｜https://www.peopleapp.com/column/30052482651-500007564361
- 2026-06-25｜人民日报｜涉企检查，“无事不扰”与“无处不在”如何统一？｜https://www.peopleapp.com/column/30052482654-500007563562

请基于以上官媒评论材料，写一份热点分析：先概括事件背景，再比较不同媒体的关注角度，最后提炼对申论写作、面试答题和公众号选题的启发。",peopleapp_opinion_20260625_30052483125_500007563558,2026-06-25,浙江宣传微信公号,“打工友好”是重要的营商环境,https://www.peopleapp.com/column/30052483125-500007563558
peopleapp_hotspot_19cd199ec4,候选,B,营商环境与市场秩序,产业经济与开放发展,营商环境既要对劳动者友好，也要规范涉企检查、畅通市场退出和资源再配置。,2,3,2026-06-25,2026-06-25,人民日报、浙江宣传微信公号,"选题：营商环境与市场秩序
分类：产业经济与开放发展
核心角度：营商环境既要对劳动者友好，也要规范涉企检查、畅通市场退出和资源再配置。
热点判断：2 家媒体、3 篇评论集中讨论。
时间范围：2026-06-25 至 2026-06-25
媒体来源：人民日报、浙江宣传微信公号
支撑文章：
- 2026-06-25｜浙江宣传微信公号｜“打工友好”是重要的营商环境｜https://www.peopleapp.com/column/30052483125-500007563558
- 2026-06-25｜人民日报｜人民时评：为市场“新陈代谢”主动清障｜https://www.peopleapp.com/column/30052482651-500007564361
- 2026-06-25｜人民日报｜涉企检查，“无事不扰”与“无处不在”如何统一？｜https://www.peopleapp.com/column/30052482654-500007563562

请基于以上官媒评论材料，写一份热点分析：先概括事件背景，再比较不同媒体的关注角度，最后提炼对申论写作、面试答题和公众号选题的启发。",peopleapp_opinion_20260625_30052482651_500007564361,2026-06-25,人民日报,人民时评：为市场“新陈代谢”主动清障,https://www.peopleapp.com/column/30052482651-500007564361
peopleapp_hotspot_19cd199ec4,候选,B,营商环境与市场秩序,产业经济与开放发展,营商环境既要对劳动者友好，也要规范涉企检查、畅通市场退出和资源再配置。,2,3,2026-06-25,2026-06-25,人民日报、浙江宣传微信公号,"选题：营商环境与市场秩序
分类：产业经济与开放发展
核心角度：营商环境既要对劳动者友好，也要规范涉企检查、畅通市场退出和资源再配置。
热点判断：2 家媒体、3 篇评论集中讨论。
时间范围：2026-06-25 至 2026-06-25
媒体来源：人民日报、浙江宣传微信公号
支撑文章：
- 2026-06-25｜浙江宣传微信公号｜“打工友好”是重要的营商环境｜https://www.peopleapp.com/column/30052483125-500007563558
- 2026-06-25｜人民日报｜人民时评：为市场“新陈代谢”主动清障｜https://www.peopleapp.com/column/30052482651-500007564361
- 2026-06-25｜人民日报｜涉企检查，“无事不扰”与“无处不在”如何统一？｜https://www.peopleapp.com/column/30052482654-500007563562

请基于以上官媒评论材料，写一份热点分析：先概括事件背景，再比较不同媒体的关注角度，最后提炼对申论写作、面试答题和公众号选题的启发。",peopleapp_opinion_20260625_30052482654_500007563562,2026-06-25,人民日报,涉企检查，“无事不扰”与“无处不在”如何统一？,https://www.peopleapp.com/column/30052482654-500007563562
peopleapp_hotspot_6c61f4349b,候选,B,教师减负落地,教育与青年成长,教师减负不能停在文件和口号，要同步清理非教学任务、规范进校园事项并建立长效监督。,2,2,2026-06-24,2026-06-24,光明论微信公号、南方日报,"选题：教师减负落地
分类：教育与青年成长
核心角度：教师减负不能停在文件和口号，要同步清理非教学任务、规范进校园事项并建立长效监督。
热点判断：2 家媒体、2 篇评论集中讨论。
时间范围：2026-06-24 至 2026-06-24
媒体来源：光明论微信公号、南方日报
支撑文章：
- 2026-06-24｜光明论微信公号｜为教师减负不能只停留在文件｜https://www.peopleapp.com/column/30052474186-500007561911
- 2026-06-24｜南方日报｜为教师减负，再怎么重视也不为过｜https://www.peopleapp.com/column/30052478141-500007563151

请基于以上官媒评论材料，写一份热点分析：先概括事件背景，再比较不同媒体的关注角度，最后提炼对申论写作、面试答题和公众号选题的启发。",peopleapp_opinion_20260624_30052474186_500007561911,2026-06-24,光明论微信公号,为教师减负不能只停留在文件,https://www.peopleapp.com/column/30052474186-500007561911
peopleapp_hotspot_6c61f4349b,候选,B,教师减负落地,教育与青年成长,教师减负不能停在文件和口号，要同步清理非教学任务、规范进校园事项并建立长效监督。,2,2,2026-06-24,2026-06-24,光明论微信公号、南方日报,"选题：教师减负落地
分类：教育与青年成长
核心角度：教师减负不能停在文件和口号，要同步清理非教学任务、规范进校园事项并建立长效监督。
热点判断：2 家媒体、2 篇评论集中讨论。
时间范围：2026-06-24 至 2026-06-24
媒体来源：光明论微信公号、南方日报
支撑文章：
- 2026-06-24｜光明论微信公号｜为教师减负不能只停留在文件｜https://www.peopleapp.com/column/30052474186-500007561911
- 2026-06-24｜南方日报｜为教师减负，再怎么重视也不为过｜https://www.peopleapp.com/column/30052478141-500007563151

请基于以上官媒评论材料，写一份热点分析：先概括事件背景，再比较不同媒体的关注角度，最后提炼对申论写作、面试答题和公众号选题的启发。",peopleapp_opinion_20260624_30052478141_500007563151,2026-06-24,南方日报,为教师减负，再怎么重视也不为过,https://www.peopleapp.com/column/30052478141-500007563151
peopleapp_hotspot_081c4dee6f,专题,S,正确政绩观与主动治理,城市治理与公共服务,把为民造福落到实事求是、前置谋划、接诉即办、类案治理和小处着手的行动链。,1,12,2026-06-25,2026-07-25,人民日报,"选题：正确政绩观与主动治理
分类：城市治理与公共服务
核心角度：把为民造福落到实事求是、前置谋划、接诉即办、类案治理和小处着手的行动链。
热点判断：1 家媒体、12 篇评论集中讨论。
时间范围：2026-06-25 至 2026-07-25
媒体来源：人民日报
支撑文章：
- 2026-06-25｜人民日报｜人民日报刊文：实干的三重意涵｜https://www.peopleapp.com/column/30052482672-500007563560
- 2026-06-26｜人民日报｜人民日报刊文：弘扬实事求是的优良作风｜https://www.peopleapp.com/column/30052492296-500007565703
- 2026-06-26｜人民日报｜人民论坛：“最终要落到为民造福上”｜https://www.peopleapp.com/column/30052492270-500007565705
- 2026-06-29｜人民日报｜“较真书记”缘何赢得人心｜https://www.peopleapp.com/column/30052512076-500007570826
- 2026-06-30｜人民日报｜“接诉即办”更要“类案根治”｜https://www.peopleapp.com/column/30052525318-500007572627
- 2026-06-30｜人民日报｜人民时评：谋在先、干在前｜https://www.peopleapp.com/column/30052522798-500007572440
- 2026-06-30｜人民日报｜发展的主动性从何而来｜https://www.peopleapp.com/column/30052522797-500007572438
- 2026-06-30｜人民日报｜正确政绩观，当“大处着眼”“小处着手”｜https://www.peopleapp.com/column/30052522838-500007572935
- 2026-07-06｜人民日报｜人民日报刊文：把握好政绩观“近和远”的辩证统一关系｜https://www.peopleapp.com/column/30052572446-500007582010
- 2026-07-08｜人民日报｜人民日报刊文：把握好政绩观中的“轻”与“重”｜https://www.peopleapp.com/column/30052593803-500007585667
- 2026-07-09｜人民日报｜人民日报刊文：敢啃“硬骨头”方能创造“硬政绩”｜https://www.peopleapp.com/column/30052604024-500007587674
- 2026-07-25｜人民日报｜人民论坛：从上海告别“拎马桶”看正确政绩观｜https://www.peopleapp.com/column/30052754354-500007616380

请基于以上官媒评论材料，写一份热点分析：先概括事件背景，再比较不同媒体的关注角度，最后提炼对申论写作、面试答题和公众号选题的启发。",peopleapp_opinion_20260625_30052482672_500007563560,2026-06-25,人民日报,人民日报刊文：实干的三重意涵,https://www.peopleapp.com/column/30052482672-500007563560
peopleapp_hotspot_081c4dee6f,专题,S,正确政绩观与主动治理,城市治理与公共服务,把为民造福落到实事求是、前置谋划、接诉即办、类案治理和小处着手的行动链。,1,12,2026-06-25,2026-07-25,人民日报,"选题：正确政绩观与主动治理
分类：城市治理与公共服务
核心角度：把为民造福落到实事求是、前置谋划、接诉即办、类案治理和小处着手的行动链。
热点判断：1 家媒体、12 篇评论集中讨论。
时间范围：2026-06-25 至 2026-07-25
媒体来源：人民日报
支撑文章：
- 2026-06-25｜人民日报｜人民日报刊文：实干的三重意涵｜https://www.peopleapp.com/column/30052482672-500007563560
- 2026-06-26｜人民日报｜人民日报刊文：弘扬实事求是的优良作风｜https://www.peopleapp.com/column/30052492296-500007565703
- 2026-06-26｜人民日报｜人民论坛：“最终要落到为民造福上”｜https://www.peopleapp.com/column/30052492270-500007565705
- 2026-06-29｜人民日报｜“较真书记”缘何赢得人心｜https://www.peopleapp.com/column/30052512076-500007570826
- 2026-06-30｜人民日报｜“接诉即办”更要“类案根治”｜https://www.peopleapp.com/column/30052525318-500007572627
- 2026-06-30｜人民日报｜人民时评：谋在先、干在前｜https://www.peopleapp.com/column/30052522798-500007572440
- 2026-06-30｜人民日报｜发展的主动性从何而来｜https://www.peopleapp.com/column/30052522797-500007572438
- 2026-06-30｜人民日报｜正确政绩观，当“大处着眼”“小处着手”｜https://www.peopleapp.com/column/30052522838-500007572935
- 2026-07-06｜人民日报｜人民日报刊文：把握好政绩观“近和远”的辩证统一关系｜https://www.peopleapp.com/column/30052572446-500007582010
- 2026-07-08｜人民日报｜人民日报刊文：把握好政绩观中的“轻”与“重”｜https://www.peopleapp.com/column/30052593803-500007585667
- 2026-07-09｜人民日报｜人民日报刊文：敢啃“硬骨头”方能创造“硬政绩”｜https://www.peopleapp.com/column/30052604024-500007587674
- 2026-07-25｜人民日报｜人民论坛：从上海告别“拎马桶”看正确政绩观｜https://www.peopleapp.com/column/30052754354-500007616380

请基于以上官媒评论材料，写一份热点分析：先概括事件背景，再比较不同媒体的关注角度，最后提炼对申论写作、面试答题和公众号选题的启发。",peopleapp_opinion_20260626_30052492296_500007565703,2026-06-26,人民日报,人民日报刊文：弘扬实事求是的优良作风,https://www.peopleapp.com/column/30052492296-500007565703
peopleapp_hotspot_081c4dee6f,专题,S,正确政绩观与主动治理,城市治理与公共服务,把为民造福落到实事求是、前置谋划、接诉即办、类案治理和小处着手的行动链。,1,12,2026-06-25,2026-07-25,人民日报,"选题：正确政绩观与主动治理
分类：城市治理与公共服务
核心角度：把为民造福落到实事求是、前置谋划、接诉即办、类案治理和小处着手的行动链。
热点判断：1 家媒体、12 篇评论集中讨论。
时间范围：2026-06-25 至 2026-07-25
媒体来源：人民日报
支撑文章：
- 2026-06-25｜人民日报｜人民日报刊文：实干的三重意涵｜https://www.peopleapp.com/column/30052482672-500007563560
- 2026-06-26｜人民日报｜人民日报刊文：弘扬实事求是的优良作风｜https://www.peopleapp.com/column/30052492296-500007565703
- 2026-06-26｜人民日报｜人民论坛：“最终要落到为民造福上”｜https://www.peopleapp.com/column/30052492270-500007565705
- 2026-06-29｜人民日报｜“较真书记”缘何赢得人心｜https://www.peopleapp.com/column/30052512076-500007570826
- 2026-06-30｜人民日报｜“接诉即办”更要“类案根治”｜https://www.peopleapp.com/column/30052525318-500007572627
- 2026-06-30｜人民日报｜人民时评：谋在先、干在前｜https://www.peopleapp.com/column/30052522798-500007572440
- 2026-06-30｜人民日报｜发展的主动性从何而来｜https://www.peopleapp.com/column/30052522797-500007572438
- 2026-06-30｜人民日报｜正确政绩观，当“大处着眼”“小处着手”｜https://www.peopleapp.com/column/30052522838-500007572935
- 2026-07-06｜人民日报｜人民日报刊文：把握好政绩观“近和远”的辩证统一关系｜https://www.peopleapp.com/column/30052572446-500007582010
- 2026-07-08｜人民日报｜人民日报刊文：把握好政绩观中的“轻”与“重”｜https://www.peopleapp.com/column/30052593803-500007585667
- 2026-07-09｜人民日报｜人民日报刊文：敢啃“硬骨头”方能创造“硬政绩”｜https://www.peopleapp.com/column/30052604024-500007587674
- 2026-07-25｜人民日报｜人民论坛：从上海告别“拎马桶”看正确政绩观｜https://www.peopleapp.com/column/30052754354-500007616380

请基于以上官媒评论材料，写一份热点分析：先概括事件背景，再比较不同媒体的关注角度，最后提炼对申论写作、面试答题和公众号选题的启发。",peopleapp_opinion_20260626_30052492270_500007565705,2026-06-26,人民日报,人民论坛：“最终要落到为民造福上”,https://www.peopleapp.com/column/30052492270-500007565705
peopleapp_hotspot_081c4dee6f,专题,S,正确政绩观与主动治理,城市治理与公共服务,把为民造福落到实事求是、前置谋划、接诉即办、类案治理和小处着手的行动链。,1,12,2026-06-25,2026-07-25,人民日报,"选题：正确政绩观与主动治理
分类：城市治理与公共服务
核心角度：把为民造福落到实事求是、前置谋划、接诉即办、类案治理和小处着手的行动链。
热点判断：1 家媒体、12 篇评论集中讨论。
时间范围：2026-06-25 至 2026-07-25
媒体来源：人民日报
支撑文章：
- 2026-06-25｜人民日报｜人民日报刊文：实干的三重意涵｜https://www.peopleapp.com/column/30052482672-500007563560
- 2026-06-26｜人民日报｜人民日报刊文：弘扬实事求是的优良作风｜https://www.peopleapp.com/column/30052492296-500007565703
- 2026-06-26｜人民日报｜人民论坛：“最终要落到为民造福上”｜https://www.peopleapp.com/column/30052492270-500007565705
- 2026-06-29｜人民日报｜“较真书记”缘何赢得人心｜https://www.peopleapp.com/column/30052512076-500007570826
- 2026-06-30｜人民日报｜“接诉即办”更要“类案根治”｜https://www.peopleapp.com/column/30052525318-500007572627
- 2026-06-30｜人民日报｜人民时评：谋在先、干在前｜https://www.peopleapp.com/column/30052522798-500007572440
- 2026-06-30｜人民日报｜发展的主动性从何而来｜https://www.peopleapp.com/column/30052522797-500007572438
- 2026-06-30｜人民日报｜正确政绩观，当“大处着眼”“小处着手”｜https://www.peopleapp.com/column/30052522838-500007572935
- 2026-07-06｜人民日报｜人民日报刊文：把握好政绩观“近和远”的辩证统一关系｜https://www.peopleapp.com/column/30052572446-500007582010
- 2026-07-08｜人民日报｜人民日报刊文：把握好政绩观中的“轻”与“重”｜https://www.peopleapp.com/column/30052593803-500007585667
- 2026-07-09｜人民日报｜人民日报刊文：敢啃“硬骨头”方能创造“硬政绩”｜https://www.peopleapp.com/column/30052604024-500007587674
- 2026-07-25｜人民日报｜人民论坛：从上海告别“拎马桶”看正确政绩观｜https://www.peopleapp.com/column/30052754354-500007616380

请基于以上官媒评论材料，写一份热点分析：先概括事件背景，再比较不同媒体的关注角度，最后提炼对申论写作、面试答题和公众号选题的启发。",peopleapp_opinion_20260629_30052512076_500007570826,2026-06-29,人民日报,“较真书记”缘何赢得人心,https://www.peopleapp.com/column/30052512076-500007570826
peopleapp_hotspot_081c4dee6f,专题,S,正确政绩观与主动治理,城市治理与公共服务,把为民造福落到实事求是、前置谋划、接诉即办、类案治理和小处着手的行动链。,1,12,2026-06-25,2026-07-25,人民日报,"选题：正确政绩观与主动治理
分类：城市治理与公共服务
核心角度：把为民造福落到实事求是、前置谋划、接诉即办、类案治理和小处着手的行动链。
热点判断：1 家媒体、12 篇评论集中讨论。
时间范围：2026-06-25 至 2026-07-25
媒体来源：人民日报
支撑文章：
- 2026-06-25｜人民日报｜人民日报刊文：实干的三重意涵｜https://www.peopleapp.com/column/30052482672-500007563560
- 2026-06-26｜人民日报｜人民日报刊文：弘扬实事求是的优良作风｜https://www.peopleapp.com/column/30052492296-500007565703
- 2026-06-26｜人民日报｜人民论坛：“最终要落到为民造福上”｜https://www.peopleapp.com/column/30052492270-500007565705
- 2026-06-29｜人民日报｜“较真书记”缘何赢得人心｜https://www.peopleapp.com/column/30052512076-500007570826
- 2026-06-30｜人民日报｜“接诉即办”更要“类案根治”｜https://www.peopleapp.com/column/30052525318-500007572627
- 2026-06-30｜人民日报｜人民时评：谋在先、干在前｜https://www.peopleapp.com/column/30052522798-500007572440
- 2026-06-30｜人民日报｜发展的主动性从何而来｜https://www.peopleapp.com/column/30052522797-500007572438
- 2026-06-30｜人民日报｜正确政绩观，当“大处着眼”“小处着手”｜https://www.peopleapp.com/column/30052522838-500007572935
- 2026-07-06｜人民日报｜人民日报刊文：把握好政绩观“近和远”的辩证统一关系｜https://www.peopleapp.com/column/30052572446-500007582010
- 2026-07-08｜人民日报｜人民日报刊文：把握好政绩观中的“轻”与“重”｜https://www.peopleapp.com/column/30052593803-500007585667
- 2026-07-09｜人民日报｜人民日报刊文：敢啃“硬骨头”方能创造“硬政绩”｜https://www.peopleapp.com/column/30052604024-500007587674
- 2026-07-25｜人民日报｜人民论坛：从上海告别“拎马桶”看正确政绩观｜https://www.peopleapp.com/column/30052754354-500007616380

请基于以上官媒评论材料，写一份热点分析：先概括事件背景，再比较不同媒体的关注角度，最后提炼对申论写作、面试答题和公众号选题的启发。",peopleapp_opinion_20260630_30052525318_500007572627,2026-06-30,人民日报,“接诉即办”更要“类案根治”,https://www.peopleapp.com/column/30052525318-500007572627
peopleapp_hotspot_081c4dee6f,专题,S,正确政绩观与主动治理,城市治理与公共服务,把为民造福落到实事求是、前置谋划、接诉即办、类案治理和小处着手的行动链。,1,12,2026-06-25,2026-07-25,人民日报,"选题：正确政绩观与主动治理
分类：城市治理与公共服务
核心角度：把为民造福落到实事求是、前置谋划、接诉即办、类案治理和小处着手的行动链。
热点判断：1 家媒体、12 篇评论集中讨论。
时间范围：2026-06-25 至 2026-07-25
媒体来源：人民日报
支撑文章：
- 2026-06-25｜人民日报｜人民日报刊文：实干的三重意涵｜https://www.peopleapp.com/column/30052482672-500007563560
- 2026-06-26｜人民日报｜人民日报刊文：弘扬实事求是的优良作风｜https://www.peopleapp.com/column/30052492296-500007565703
- 2026-06-26｜人民日报｜人民论坛：“最终要落到为民造福上”｜https://www.peopleapp.com/column/30052492270-500007565705
- 2026-06-29｜人民日报｜“较真书记”缘何赢得人心｜https://www.peopleapp.com/column/30052512076-500007570826
- 2026-06-30｜人民日报｜“接诉即办”更要“类案根治”｜https://www.peopleapp.com/column/30052525318-500007572627
- 2026-06-30｜人民日报｜人民时评：谋在先、干在前｜https://www.peopleapp.com/column/30052522798-500007572440
- 2026-06-30｜人民日报｜发展的主动性从何而来｜https://www.peopleapp.com/column/30052522797-500007572438
- 2026-06-30｜人民日报｜正确政绩观，当“大处着眼”“小处着手”｜https://www.peopleapp.com/column/30052522838-500007572935
- 2026-07-06｜人民日报｜人民日报刊文：把握好政绩观“近和远”的辩证统一关系｜https://www.peopleapp.com/column/30052572446-500007582010
- 2026-07-08｜人民日报｜人民日报刊文：把握好政绩观中的“轻”与“重”｜https://www.peopleapp.com/column/30052593803-500007585667
- 2026-07-09｜人民日报｜人民日报刊文：敢啃“硬骨头”方能创造“硬政绩”｜https://www.peopleapp.com/column/30052604024-500007587674
- 2026-07-25｜人民日报｜人民论坛：从上海告别“拎马桶”看正确政绩观｜https://www.peopleapp.com/column/30052754354-500007616380

请基于以上官媒评论材料，写一份热点分析：先概括事件背景，再比较不同媒体的关注角度，最后提炼对申论写作、面试答题和公众号选题的启发。",peopleapp_opinion_20260630_30052522798_500007572440,2026-06-30,人民日报,人民时评：谋在先、干在前,https://www.peopleapp.com/column/30052522798-500007572440
peopleapp_hotspot_081c4dee6f,专题,S,正确政绩观与主动治理,城市治理与公共服务,把为民造福落到实事求是、前置谋划、接诉即办、类案治理和小处着手的行动链。,1,12,2026-06-25,2026-07-25,人民日报,"选题：正确政绩观与主动治理
分类：城市治理与公共服务
核心角度：把为民造福落到实事求是、前置谋划、接诉即办、类案治理和小处着手的行动链。
热点判断：1 家媒体、12 篇评论集中讨论。
时间范围：2026-06-25 至 2026-07-25
媒体来源：人民日报
支撑文章：
- 2026-06-25｜人民日报｜人民日报刊文：实干的三重意涵｜https://www.peopleapp.com/column/30052482672-500007563560
- 2026-06-26｜人民日报｜人民日报刊文：弘扬实事求是的优良作风｜https://www.peopleapp.com/column/30052492296-500007565703
- 2026-06-26｜人民日报｜人民论坛：“最终要落到为民造福上”｜https://www.peopleapp.com/column/30052492270-500007565705
- 2026-06-29｜人民日报｜“较真书记”缘何赢得人心｜https://www.peopleapp.com/column/30052512076-500007570826
- 2026-06-30｜人民日报｜“接诉即办”更要“类案根治”｜https://www.peopleapp.com/column/30052525318-500007572627
- 2026-06-30｜人民日报｜人民时评：谋在先、干在前｜https://www.peopleapp.com/column/30052522798-500007572440
- 2026-06-30｜人民日报｜发展的主动性从何而来｜https://www.peopleapp.com/column/30052522797-500007572438
- 2026-06-30｜人民日报｜正确政绩观，当“大处着眼”“小处着手”｜https://www.peopleapp.com/column/30052522838-500007572935
- 2026-07-06｜人民日报｜人民日报刊文：把握好政绩观“近和远”的辩证统一关系｜https://www.peopleapp.com/column/30052572446-500007582010
- 2026-07-08｜人民日报｜人民日报刊文：把握好政绩观中的“轻”与“重”｜https://www.peopleapp.com/column/30052593803-500007585667
- 2026-07-09｜人民日报｜人民日报刊文：敢啃“硬骨头”方能创造“硬政绩”｜https://www.peopleapp.com/column/30052604024-500007587674
- 2026-07-25｜人民日报｜人民论坛：从上海告别“拎马桶”看正确政绩观｜https://www.peopleapp.com/column/30052754354-500007616380

请基于以上官媒评论材料，写一份热点分析：先概括事件背景，再比较不同媒体的关注角度，最后提炼对申论写作、面试答题和公众号选题的启发。",peopleapp_opinion_20260630_30052522797_500007572438,2026-06-30,人民日报,发展的主动性从何而来,https://www.peopleapp.com/column/30052522797-500007572438
peopleapp_hotspot_081c4dee6f,专题,S,正确政绩观与主动治理,城市治理与公共服务,把为民造福落到实事求是、前置谋划、接诉即办、类案治理和小处着手的行动链。,1,12,2026-06-25,2026-07-25,人民日报,"选题：正确政绩观与主动治理
分类：城市治理与公共服务
核心角度：把为民造福落到实事求是、前置谋划、接诉即办、类案治理和小处着手的行动链。
热点判断：1 家媒体、12 篇评论集中讨论。
时间范围：2026-06-25 至 2026-07-25
媒体来源：人民日报
支撑文章：
- 2026-06-25｜人民日报｜人民日报刊文：实干的三重意涵｜https://www.peopleapp.com/column/30052482672-500007563560
- 2026-06-26｜人民日报｜人民日报刊文：弘扬实事求是的优良作风｜https://www.peopleapp.com/column/30052492296-500007565703
- 2026-06-26｜人民日报｜人民论坛：“最终要落到为民造福上”｜https://www.peopleapp.com/column/30052492270-500007565705
- 2026-06-29｜人民日报｜“较真书记”缘何赢得人心｜https://www.peopleapp.com/column/30052512076-500007570826
- 2026-06-30｜人民日报｜“接诉即办”更要“类案根治”｜https://www.peopleapp.com/column/30052525318-500007572627
- 2026-06-30｜人民日报｜人民时评：谋在先、干在前｜https://www.peopleapp.com/column/30052522798-500007572440
- 2026-06-30｜人民日报｜发展的主动性从何而来｜https://www.peopleapp.com/column/30052522797-500007572438
- 2026-06-30｜人民日报｜正确政绩观，当“大处着眼”“小处着手”｜https://www.peopleapp.com/column/30052522838-500007572935
- 2026-07-06｜人民日报｜人民日报刊文：把握好政绩观“近和远”的辩证统一关系｜https://www.peopleapp.com/column/30052572446-500007582010
- 2026-07-08｜人民日报｜人民日报刊文：把握好政绩观中的“轻”与“重”｜https://www.peopleapp.com/column/30052593803-500007585667
- 2026-07-09｜人民日报｜人民日报刊文：敢啃“硬骨头”方能创造“硬政绩”｜https://www.peopleapp.com/column/30052604024-500007587674
- 2026-07-25｜人民日报｜人民论坛：从上海告别“拎马桶”看正确政绩观｜https://www.peopleapp.com/column/30052754354-500007616380

请基于以上官媒评论材料，写一份热点分析：先概括事件背景，再比较不同媒体的关注角度，最后提炼对申论写作、面试答题和公众号选题的启发。",peopleapp_opinion_20260630_30052522838_500007572935,2026-06-30,人民日报,正确政绩观，当“大处着眼”“小处着手”,https://www.peopleapp.com/column/30052522838-500007572935
peopleapp_hotspot_081c4dee6f,专题,S,正确政绩观与主动治理,城市治理与公共服务,把为民造福落到实事求是、前置谋划、接诉即办、类案治理和小处着手的行动链。,1,12,2026-06-25,2026-07-25,人民日报,"选题：正确政绩观与主动治理
分类：城市治理与公共服务
核心角度：把为民造福落到实事求是、前置谋划、接诉即办、类案治理和小处着手的行动链。
热点判断：1 家媒体、12 篇评论集中讨论。
时间范围：2026-06-25 至 2026-07-25
媒体来源：人民日报
支撑文章：
- 2026-06-25｜人民日报｜人民日报刊文：实干的三重意涵｜https://www.peopleapp.com/column/30052482672-500007563560
- 2026-06-26｜人民日报｜人民日报刊文：弘扬实事求是的优良作风｜https://www.peopleapp.com/column/30052492296-500007565703
- 2026-06-26｜人民日报｜人民论坛：“最终要落到为民造福上”｜https://www.peopleapp.com/column/30052492270-500007565705
- 2026-06-29｜人民日报｜“较真书记”缘何赢得人心｜https://www.peopleapp.com/column/30052512076-500007570826
- 2026-06-30｜人民日报｜“接诉即办”更要“类案根治”｜https://www.peopleapp.com/column/30052525318-500007572627
- 2026-06-30｜人民日报｜人民时评：谋在先、干在前｜https://www.peopleapp.com/column/30052522798-500007572440
- 2026-06-30｜人民日报｜发展的主动性从何而来｜https://www.peopleapp.com/column/30052522797-500007572438
- 2026-06-30｜人民日报｜正确政绩观，当“大处着眼”“小处着手”｜https://www.peopleapp.com/column/30052522838-500007572935
- 2026-07-06｜人民日报｜人民日报刊文：把握好政绩观“近和远”的辩证统一关系｜https://www.peopleapp.com/column/30052572446-500007582010
- 2026-07-08｜人民日报｜人民日报刊文：把握好政绩观中的“轻”与“重”｜https://www.peopleapp.com/column/30052593803-500007585667
- 2026-07-09｜人民日报｜人民日报刊文：敢啃“硬骨头”方能创造“硬政绩”｜https://www.peopleapp.com/column/30052604024-500007587674
- 2026-07-25｜人民日报｜人民论坛：从上海告别“拎马桶”看正确政绩观｜https://www.peopleapp.com/column/30052754354-500007616380

请基于以上官媒评论材料，写一份热点分析：先概括事件背景，再比较不同媒体的关注角度，最后提炼对申论写作、面试答题和公众号选题的启发。",peopleapp_opinion_20260706_30052572446_500007582010,2026-07-06,人民日报,人民日报刊文：把握好政绩观“近和远”的辩证统一关系,https://www.peopleapp.com/column/30052572446-500007582010
peopleapp_hotspot_081c4dee6f,专题,S,正确政绩观与主动治理,城市治理与公共服务,把为民造福落到实事求是、前置谋划、接诉即办、类案治理和小处着手的行动链。,1,12,2026-06-25,2026-07-25,人民日报,"选题：正确政绩观与主动治理
分类：城市治理与公共服务
核心角度：把为民造福落到实事求是、前置谋划、接诉即办、类案治理和小处着手的行动链。
热点判断：1 家媒体、12 篇评论集中讨论。
时间范围：2026-06-25 至 2026-07-25
媒体来源：人民日报
支撑文章：
- 2026-06-25｜人民日报｜人民日报刊文：实干的三重意涵｜https://www.peopleapp.com/column/30052482672-500007563560
- 2026-06-26｜人民日报｜人民日报刊文：弘扬实事求是的优良作风｜https://www.peopleapp.com/column/30052492296-500007565703
- 2026-06-26｜人民日报｜人民论坛：“最终要落到为民造福上”｜https://www.peopleapp.com/column/30052492270-500007565705
- 2026-06-29｜人民日报｜“较真书记”缘何赢得人心｜https://www.peopleapp.com/column/30052512076-500007570826
- 2026-06-30｜人民日报｜“接诉即办”更要“类案根治”｜https://www.peopleapp.com/column/30052525318-500007572627
- 2026-06-30｜人民日报｜人民时评：谋在先、干在前｜https://www.peopleapp.com/column/30052522798-500007572440
- 2026-06-30｜人民日报｜发展的主动性从何而来｜https://www.peopleapp.com/column/30052522797-500007572438
- 2026-06-30｜人民日报｜正确政绩观，当“大处着眼”“小处着手”｜https://www.peopleapp.com/column/30052522838-500007572935
- 2026-07-06｜人民日报｜人民日报刊文：把握好政绩观“近和远”的辩证统一关系｜https://www.peopleapp.com/column/30052572446-500007582010
- 2026-07-08｜人民日报｜人民日报刊文：把握好政绩观中的“轻”与“重”｜https://www.peopleapp.com/column/30052593803-500007585667
- 2026-07-09｜人民日报｜人民日报刊文：敢啃“硬骨头”方能创造“硬政绩”｜https://www.peopleapp.com/column/30052604024-500007587674
- 2026-07-25｜人民日报｜人民论坛：从上海告别“拎马桶”看正确政绩观｜https://www.peopleapp.com/column/30052754354-500007616380

请基于以上官媒评论材料，写一份热点分析：先概括事件背景，再比较不同媒体的关注角度，最后提炼对申论写作、面试答题和公众号选题的启发。",peopleapp_opinion_20260708_30052593803_500007585667,2026-07-08,人民日报,人民日报刊文：把握好政绩观中的“轻”与“重”,https://www.peopleapp.com/column/30052593803-500007585667
peopleapp_hotspot_081c4dee6f,专题,S,正确政绩观与主动治理,城市治理与公共服务,把为民造福落到实事求是、前置谋划、接诉即办、类案治理和小处着手的行动链。,1,12,2026-06-25,2026-07-25,人民日报,"选题：正确政绩观与主动治理
分类：城市治理与公共服务
核心角度：把为民造福落到实事求是、前置谋划、接诉即办、类案治理和小处着手的行动链。
热点判断：1 家媒体、12 篇评论集中讨论。
时间范围：2026-06-25 至 2026-07-25
媒体来源：人民日报
支撑文章：
- 2026-06-25｜人民日报｜人民日报刊文：实干的三重意涵｜https://www.peopleapp.com/column/30052482672-500007563560
- 2026-06-26｜人民日报｜人民日报刊文：弘扬实事求是的优良作风｜https://www.peopleapp.com/column/30052492296-500007565703
- 2026-06-26｜人民日报｜人民论坛：“最终要落到为民造福上”｜https://www.peopleapp.com/column/30052492270-500007565705
- 2026-06-29｜人民日报｜“较真书记”缘何赢得人心｜https://www.peopleapp.com/column/30052512076-500007570826
- 2026-06-30｜人民日报｜“接诉即办”更要“类案根治”｜https://www.peopleapp.com/column/30052525318-500007572627
- 2026-06-30｜人民日报｜人民时评：谋在先、干在前｜https://www.peopleapp.com/column/30052522798-500007572440
- 2026-06-30｜人民日报｜发展的主动性从何而来｜https://www.peopleapp.com/column/30052522797-500007572438
- 2026-06-30｜人民日报｜正确政绩观，当“大处着眼”“小处着手”｜https://www.peopleapp.com/column/30052522838-500007572935
- 2026-07-06｜人民日报｜人民日报刊文：把握好政绩观“近和远”的辩证统一关系｜https://www.peopleapp.com/column/30052572446-500007582010
- 2026-07-08｜人民日报｜人民日报刊文：把握好政绩观中的“轻”与“重”｜https://www.peopleapp.com/column/30052593803-500007585667
- 2026-07-09｜人民日报｜人民日报刊文：敢啃“硬骨头”方能创造“硬政绩”｜https://www.peopleapp.com/column/30052604024-500007587674
- 2026-07-25｜人民日报｜人民论坛：从上海告别“拎马桶”看正确政绩观｜https://www.peopleapp.com/column/30052754354-500007616380

请基于以上官媒评论材料，写一份热点分析：先概括事件背景，再比较不同媒体的关注角度，最后提炼对申论写作、面试答题和公众号选题的启发。",peopleapp_opinion_20260709_30052604024_500007587674,2026-07-09,人民日报,人民日报刊文：敢啃“硬骨头”方能创造“硬政绩”,https://www.peopleapp.com/column/30052604024-500007587674
peopleapp_hotspot_081c4dee6f,专题,S,正确政绩观与主动治理,城市治理与公共服务,把为民造福落到实事求是、前置谋划、接诉即办、类案治理和小处着手的行动链。,1,12,2026-06-25,2026-07-25,人民日报,"选题：正确政绩观与主动治理
分类：城市治理与公共服务
核心角度：把为民造福落到实事求是、前置谋划、接诉即办、类案治理和小处着手的行动链。
热点判断：1 家媒体、12 篇评论集中讨论。
时间范围：2026-06-25 至 2026-07-25
媒体来源：人民日报
支撑文章：
- 2026-06-25｜人民日报｜人民日报刊文：实干的三重意涵｜https://www.peopleapp.com/column/30052482672-500007563560
- 2026-06-26｜人民日报｜人民日报刊文：弘扬实事求是的优良作风｜https://www.peopleapp.com/column/30052492296-500007565703
- 2026-06-26｜人民日报｜人民论坛：“最终要落到为民造福上”｜https://www.peopleapp.com/column/30052492270-500007565705
- 2026-06-29｜人民日报｜“较真书记”缘何赢得人心｜https://www.peopleapp.com/column/30052512076-500007570826
- 2026-06-30｜人民日报｜“接诉即办”更要“类案根治”｜https://www.peopleapp.com/column/30052525318-500007572627
- 2026-06-30｜人民日报｜人民时评：谋在先、干在前｜https://www.peopleapp.com/column/30052522798-500007572440
- 2026-06-30｜人民日报｜发展的主动性从何而来｜https://www.peopleapp.com/column/30052522797-500007572438
- 2026-06-30｜人民日报｜正确政绩观，当“大处着眼”“小处着手”｜https://www.peopleapp.com/column/30052522838-500007572935
- 2026-07-06｜人民日报｜人民日报刊文：把握好政绩观“近和远”的辩证统一关系｜https://www.peopleapp.com/column/30052572446-500007582010
- 2026-07-08｜人民日报｜人民日报刊文：把握好政绩观中的“轻”与“重”｜https://www.peopleapp.com/column/30052593803-500007585667
- 2026-07-09｜人民日报｜人民日报刊文：敢啃“硬骨头”方能创造“硬政绩”｜https://www.peopleapp.com/column/30052604024-500007587674
- 2026-07-25｜人民日报｜人民论坛：从上海告别“拎马桶”看正确政绩观｜https://www.peopleapp.com/column/30052754354-500007616380

请基于以上官媒评论材料，写一份热点分析：先概括事件背景，再比较不同媒体的关注角度，最后提炼对申论写作、面试答题和公众号选题的启发。",peopleapp_opinion_20260725_30052754354_500007616380,2026-07-25,人民日报,人民论坛：从上海告别“拎马桶”看正确政绩观,https://www.peopleapp.com/column/30052754354-500007616380
