title,content,markdown_body,author,plate,series_name,url,date,keywords,summary,category,series_id,series_part,related_titles,markdown_path,section_no,section_name
中国全方位推动人工智能全球治理走深走实,"当机器开始思考，人类如何与之相处？当算法参与决策，安全如何保障？当技术挑战伦理，治理如何跟上？当鸿沟不断拉大，普惠如何实现？
在2026世界人工智能大会暨人工智能全球治理高级别会议开幕式上，习近平主席指出，要始终用人类智慧和国际共识引领人工智能发展，使其真正成为增进全人类福祉、推动人类文明进步的强大正能量。
智能时代，同球共济。立时代潮头，担大国责任，中国全方位推动人工智能全球治理走深走实。从以自身发展起笔定势，到顶层设计的“大写意”，再到落实落细的“工笔画”，让技术红利普惠全球，让安全底线清晰可见，这是中国对世界的承诺，也是人类对未来的应答。
立足自身，以实力筑牢治理之基
不久前，新一代国产大模型Kimi K3正式开源，人人都可下载。2.8万亿参数规模，使其成为目前全球参数规模最大的开源模型。
Kimi K3是人工智能领域引发全球关注的“中国队”一员。全球前十大生成式人工智能专利申请人中，有6家总部设在中国。英国《金融时报》评论，“中国企业在人工智能创新能力上正在跻身全球头部行列，成本效率也在超越同行。”
党的十八大以来，以习近平同志为核心的党中央高度重视人工智能发展，完善顶层设计、加强工作部署，推动中国人工智能综合实力整体性、系统性跃升。
数据显示，中国规模以上制造业企业人工智能技术应用普及率超30%，智能经济核心产业规模超过万亿元，生成式人工智能用户规模突破6亿人，成为人工智能专利最大拥有国。中国人工智能技术创新和产业应用取得积极成效，整体实力提升显著。
站在“十五五”新起点，以高水平科技自立自强夯实创新基础，以“人工智能+”拥抱全球机遇，中国人工智能发展迎来最好时机。
——这份底气，源自关键核心技术的不断突破。
2026世界人工智能大会张江科学会堂展区所处的张江科学城，汇聚了数百家芯片设计、制造、封测企业，产业规模占全国约1/5。在受外部冲击影响的芯片领域，中国凭借自主创新、自立自强，不仅蹚出了一条新路，更把发展人工智能的主动权牢牢掌握在自己手中。
摩尔线程创始人张建中说：“算力是人工智能发展和治理的基石，不仅关乎技术突破，更事关战略主动。只有立足自主可控、普惠可及，才能不断夯实人工智能的发展底座。”
——这份底气，源自创新生态的日益繁荣。
在科技创新的有力支撑下，人工智能正全方位融入中国经济社会各个领域，走进千家万户、切实惠及民生，让“中国智造”成为中国式现代化的又一亮丽名片。
广东顺德、湖北武汉，美的“智能体工厂”引入思谋科技人工智能视觉推理平台后，检测节奏完全匹配生产节拍，人工智能直接参与生产决策，大模型迅速转化为生产能力。
四川南充、安徽亳州，讯飞医疗科技的“智医助理”通过结构化问诊、智能提示等功能，显著提升病历书写效率与规范程度。
一批终端企业依托完善的产业链配套体系，加快推出新一代智能手机、智能机器人、智能眼镜等新产品，丰富市场选择，带动形成信息消费新热点。
8月12日，荣耀推出全球首款机器人手机。“我国拥有丰富多样的生产生活场景和软硬一体的工程化能力，为人工智能从需求到体验的高效落地提供了绝佳土壤。”荣耀首席执行官李健说。
——这份底气，源自统筹发展和安全的制度保障。
近日，东壁科技数据联合上海财经大学数字经济学院发布了《全球大语言模型安全防范能力测评报告（2026）》，以313条科技类高风险问题为测试集，对国内外38个大语言模型在帮助用户获取、理解和使用科技知识过程中的安全防范能力进行了测评。
“当前，全社会十分关注人工智能大规模落地后衍生的内容安全、数据安全等问题，兼顾发展与安全，将科技创新与科技法治、伦理诚信建设同步推进，将进一步引导大模型与人工智能全产业向上向善，可持续发展。”清华大学公共管理学院院长朱旭峰说。
近年来，从国务院《关于深入实施“人工智能+”行动的意见》明确提出建立健全人工智能技术监测、风险预警、应急响应体系，到《智能体规范应用与创新发展实施意见》明确智能体发展要坚持安全可控、规范有序、创新驱动、应用牵引的基本原则，中国正加快构建与人工智能演进趋势相适应的法律法规、政策制度、应用规范和伦理准则，为中国式现代化筑牢安全根基，为全球科技治理贡献中国之智、中国之治。
胸怀世界，以理念引领治理之道
美国《纽约时报》近期一篇评论将前沿人工智能模型的发展比喻为两种路径：“核武器”与“核能”。前者强调破坏性，须严密看管；后者主张风险可控，应开放共享。不同路径的背后，归根结底是认知逻辑的差异——人工智能究竟是垄断争霸的战略筹码，还是造福人类的公共产品？
中国的答案清晰而坚定：以人为本、向上向善，让人工智能成为促进共同繁荣、维护共同安全的一个重要动力源。
习近平主席提出携手构建公正合理的全球人工智能治理体系，这是着眼技术大势、时代大势的深刻洞察，是以共商促共享、以善治促善智的思考沉淀，更是中国推动人工智能全球治理的智慧担当，指向的是构建人类命运共同体的长远价值。
——坚持开放共赢，驱动创新发展，让人工智能赋能千行百业。
当前，中国已成为全球开源大模型供给最活跃、增长最快的地区之一。中国人工智能开源大模型全球累计下载量已突破100亿次，AtomGit等开源社区汇聚超1100万注册用户。从部分性能在全球大模型榜单登顶，到多模态能力持续攀升，再到单个智能体衍生出智能体集群，中国大模型创新迭代不断提速，不仅催生出丰富多样的智能应用场景、激发国内经济增长新潜能，并以高性能、低成本等优势推动技术普惠，成为众多海外开发者和用户青睐的“生产力工具”，也成为全球模型厂商评测中的标杆与海外研究机构的重要样本。
开源开放不只是一种技术发展模式，更是协作共生的发展理念、合作共享的发展行动。发起《“人工智能+”国际合作倡议》，倡导各国结合自身国情积极开展“人工智能+”行动，加强政策交流与务实合作，分享最佳实践和解决方案；《人工智能合作发展行动计划》提出开源生态共享、规则标准共建、安全治理协作、人工智能向善等八项行动；发布人工智能气象服务系统“风和”大语言模型，启动全球开源计划……哈萨克斯坦总统托卡耶夫感慨：“中国在开源创新、开放平台搭建和国际科技合作方面发挥引领作用，为世界各国创造了全新的发展机遇。”
——强化风险意识，确保安全可控，让人工智能始终成为人类的可信工具。
“随着人工智能推理、科学能力和自主性呈指数级增长，各国政策制定者需以预防原则为指导，为可能出现的情景、风险等做好准备。”图灵奖得主、联合国人工智能独立国际科学小组联合主席约书亚·本吉奥的警示发人深省。
习近平主席指出，人工智能技术发展越是一日千里，向上向善、造福人类的方向越要正确锚定，监管治理的尺度越要精准把握，防范失控的措施越要及时完善。
发布《全球人工智能治理倡议》，围绕风险分级评估、法律法规完善、伦理指南建构等提出主张，呼吁各国共同做好风险防范，不断提升人工智能技术的安全性、可靠性、可控性、公平性。发布《人工智能安全治理框架》1.0版和2.0版，将安全要求嵌入模型研发、部署和应用全过程。《人工智能全球治理行动计划》将“安全可控”列为核心原则之一；《国际人工智能伦理治理行动计划》为全球人工智能治理贡献兼具原则性与可操作性的行动框架……从明确方向到划定路径，中国持续提供国际公共产品，让人工智能这匹千里马既跑得快又跑得稳。
——鼓励包容并蓄，促进文明互鉴，精心培育各美其美、美美与共的文明百花园。
都江堰不筑坝截流，以因势利导、科学分流，驯服了奔涌岷江，泽被成都平原两千余载；孔子言“君子和而不同”，制度文明各有其道，贵在相互尊重、共存共进——世界知识产权组织监督委员会副主席鲁子龙以东方智慧，解读中国一脉相承的人工智能治理之道。
如今，东方智慧正落地为具体行动方案。由远期人工智能研究中心和中国科学院自动化研究所联合打造的“文化交互引擎”，以人工智能技术探索和揭示世界文化遗产间的内在联系，面向全球170多个国家用户，展示人类文明的共性与多样性；米兰冬奥会基于千问大模型打造出奥运史上首个官方大模型，在专业赛务与公众服务双端同步落地，开启冰雪赛事智能新体验；中国和马来西亚企业联合建设东盟人工智能多语言译制中心，支持130多种语言互译，实现影视内容“30分钟快速译制”……从文明对话到赛事赋能，从语言通联到民心相通，中国人工智能技术正跨越山海，让文明在包容中生长、在交流中焕新。
——倡导和衷共济，完善全球治理，避免在人工智能领域造成新的历史不公。
2026世界人工智能大会暨人工智能治理高级别会议期间，世界人工智能合作组织应运而生。38个国家成为该组织创始成员国。一年前擘画蓝图，今朝硕果盈枝。作为全球首个人工智能政府间国际组织，世界人工智能合作组织坚持向善普惠，遵循《联合国宪章》宗旨和原则，向所有国家开放，为智能时代的全球共治锚定了新的航向与坐标。
中国以行动诠释担当，践行多边主义，团结国际社会，持续寻求全球治理共识的最大公约数，致力于让人工智能真正成为全人类共同的宝贵财富。
面向未来，以行动践行治理之责
回望1956年夏天，在美国达特茅斯学院的研讨会上，“人工智能”的火种被悄然播下。
70年间，于未知中求索、于曲折中前行、于坚守中突破，世界各国人工智能科学家和研发者不断拓展着技术的边界。
历史见证了中国科技于贫瘠中开垦田垄，从微光中启程一路走来。从跟跑、并跑，再到于更多赛道抢占先机，来时路上的每一道辙痕、每一个节点，都让中国更深刻读懂技术的力量，也更清醒地思量前路何往、何以立身、何以致远。
包容普惠、互利共赢才是越走越宽的人间正道。
远程操控池塘增氧、全天候在线监测水质参数、无人机精准投喂饲料……在柬埔寨南部茶胶省，依托中国实施的智慧农场一体化发展计划，智能化稻渔种养模式助力当地罗氏沼虾苗种成活率和质量显著提升，每公顷土地年收入从约1000美元增加到3000美元以上，养殖户的钱袋子实实在在鼓了起来。
在泰国沙拉武里府，来自中国的“愚公”为传统矿区装上了“数字大脑”。从挖掘机到矿卡，从电量监控到运输路径，这一平行矿山操作系统基于人工智能大模型，毫秒之间已为全矿设备作出最优配置。效率跃升16%，电耗下降20%……泰国暹罗水泥集团国际总经理吉拉帕感慨：“中国人工智能技术，让我们看到了实现‘零伤亡、高效率、低排放’矿山的可能。”
红海沿岸，潮水退去，一份份沉积物样本被装入容器，借助中国人工智能驱动的海洋药物智能筛选平台，成为新型抗菌药物的“种子库”。
吉布提多哈雷多功能港，高温、短时暴雨、突发性强风等极端天气频繁侵扰，来自中国的气象智能预警方案“妈祖”助力搭建“监测—预报—预警—服务”全链条预警体系。守望万家灯火、护佑四海安澜，吉布提国家气象局局长穆罕默德·伊斯梅尔·努尔说：“吉布提希望依托中国技术稳步推进经济社会发展。”
弥合数智鸿沟，授人以鱼不如授人以渔。
国际电信联盟的数据显示，全球仍有约1/3人口无法接入互联网。世界银行《2025年数字化进程与趋势》报告显示，中低收入国家在系统数量和算力规模上同高收入国家差距明显；非洲数据中心报告显示，全球数据中心容量绝大多数集中于发达经济体，非洲占比不足1%。若缺乏协同干预，人工智能领域的发展差距，或将进一步演化为数智鸿沟乃至南北鸿沟，给全球发展带来新的挑战。
中国举办人工智能能力建设研讨班，启动“一带一路”人工智能科技创新专项合作计划，打造全球发展项目库“数字南方”品牌，成立中国—东盟人工智能产业创新中心……一系列务实举措跨越山海，以中国之智助力各国特别是全球南方国家加强能力建设。“对非洲而言，开放共享的技术、科研合作与人才培养至关重要，而中国正在以行动回应这种关切。”世界科学院院士、非洲数学联盟研究与创新委员会主席阿卜顿·阿坦加纳如是评价。
大道众行远，携手启新程。中国宣布，未来5年将面向发展中国家提供5000个人工智能专题研修培训名额；面向东盟、阿盟、非盟、拉共体、上合组织、金砖国家建设国际人工智能应用合作中心；推动气象智能预警方案“妈祖”在30个国家落地应用……
站在新的历史起点上，中国愿以更加开放的姿态、更加务实的行动、更加长远的目光，同各方一道，把握和应对人工智能发展的机遇与挑战，携手共创人类社会更加美好的未来。","# 中国全方位推动人工智能全球治理走深走实

> 本报记者  陈尚文  谷业凯《人民日报》（2026年08月13日第 01 版）

当机器开始思考，人类如何与之相处？当算法参与决策，安全如何保障？当技术挑战伦理，治理如何跟上？当鸿沟不断拉大，普惠如何实现？

在2026世界人工智能大会暨人工智能全球治理高级别会议开幕式上，习近平主席指出，要始终用人类智慧和国际共识引领人工智能发展，使其真正成为增进全人类福祉、推动人类文明进步的强大正能量。

智能时代，同球共济。立时代潮头，担大国责任，中国全方位推动人工智能全球治理走深走实。从以自身发展起笔定势，到顶层设计的“大写意”，再到落实落细的“工笔画”，让技术红利普惠全球，让安全底线清晰可见，这是中国对世界的承诺，也是人类对未来的应答。

**立足自身，以实力筑牢治理之基**

不久前，新一代国产大模型Kimi K3正式开源，人人都可下载。2.8万亿参数规模，使其成为目前全球参数规模最大的开源模型。

Kimi K3是人工智能领域引发全球关注的“中国队”一员。全球前十大生成式人工智能专利申请人中，有6家总部设在中国。英国《金融时报》评论，“中国企业在人工智能创新能力上正在跻身全球头部行列，成本效率也在超越同行。”

党的十八大以来，以习近平同志为核心的党中央高度重视人工智能发展，完善顶层设计、加强工作部署，推动中国人工智能综合实力整体性、系统性跃升。

数据显示，中国规模以上制造业企业人工智能技术应用普及率超30%，智能经济核心产业规模超过万亿元，生成式人工智能用户规模突破6亿人，成为人工智能专利最大拥有国。中国人工智能技术创新和产业应用取得积极成效，整体实力提升显著。

站在“十五五”新起点，以高水平科技自立自强夯实创新基础，以“人工智能+”拥抱全球机遇，中国人工智能发展迎来最好时机。

——这份底气，源自关键核心技术的不断突破。

2026世界人工智能大会张江科学会堂展区所处的张江科学城，汇聚了数百家芯片设计、制造、封测企业，产业规模占全国约1/5。在受外部冲击影响的芯片领域，中国凭借自主创新、自立自强，不仅蹚出了一条新路，更把发展人工智能的主动权牢牢掌握在自己手中。

摩尔线程创始人张建中说：“算力是人工智能发展和治理的基石，不仅关乎技术突破，更事关战略主动。只有立足自主可控、普惠可及，才能不断夯实人工智能的发展底座。”

——这份底气，源自创新生态的日益繁荣。

在科技创新的有力支撑下，人工智能正全方位融入中国经济社会各个领域，走进千家万户、切实惠及民生，让“中国智造”成为中国式现代化的又一亮丽名片。

广东顺德、湖北武汉，美的“智能体工厂”引入思谋科技人工智能视觉推理平台后，检测节奏完全匹配生产节拍，人工智能直接参与生产决策，大模型迅速转化为生产能力。

四川南充、安徽亳州，讯飞医疗科技的“智医助理”通过结构化问诊、智能提示等功能，显著提升病历书写效率与规范程度。

一批终端企业依托完善的产业链配套体系，加快推出新一代智能手机、智能机器人、智能眼镜等新产品，丰富市场选择，带动形成信息消费新热点。

8月12日，荣耀推出全球首款机器人手机。“我国拥有丰富多样的生产生活场景和软硬一体的工程化能力，为人工智能从需求到体验的高效落地提供了绝佳土壤。”荣耀首席执行官李健说。

——这份底气，源自统筹发展和安全的制度保障。

近日，东壁科技数据联合上海财经大学数字经济学院发布了《全球大语言模型安全防范能力测评报告（2026）》，以313条科技类高风险问题为测试集，对国内外38个大语言模型在帮助用户获取、理解和使用科技知识过程中的安全防范能力进行了测评。

“当前，全社会十分关注人工智能大规模落地后衍生的内容安全、数据安全等问题，兼顾发展与安全，将科技创新与科技法治、伦理诚信建设同步推进，将进一步引导大模型与人工智能全产业向上向善，可持续发展。”清华大学公共管理学院院长朱旭峰说。

近年来，从国务院《关于深入实施“人工智能+”行动的意见》明确提出建立健全人工智能技术监测、风险预警、应急响应体系，到《智能体规范应用与创新发展实施意见》明确智能体发展要坚持安全可控、规范有序、创新驱动、应用牵引的基本原则，中国正加快构建与人工智能演进趋势相适应的法律法规、政策制度、应用规范和伦理准则，为中国式现代化筑牢安全根基，为全球科技治理贡献中国之智、中国之治。

**胸怀世界，以理念引领治理之道**

美国《纽约时报》近期一篇评论将前沿人工智能模型的发展比喻为两种路径：“核武器”与“核能”。前者强调破坏性，须严密看管；后者主张风险可控，应开放共享。不同路径的背后，归根结底是认知逻辑的差异——人工智能究竟是垄断争霸的战略筹码，还是造福人类的公共产品？

中国的答案清晰而坚定：以人为本、向上向善，让人工智能成为促进共同繁荣、维护共同安全的一个重要动力源。

习近平主席提出携手构建公正合理的全球人工智能治理体系，这是着眼技术大势、时代大势的深刻洞察，是以共商促共享、以善治促善智的思考沉淀，更是中国推动人工智能全球治理的智慧担当，指向的是构建人类命运共同体的长远价值。

——坚持开放共赢，驱动创新发展，让人工智能赋能千行百业。

当前，中国已成为全球开源大模型供给最活跃、增长最快的地区之一。中国人工智能开源大模型全球累计下载量已突破100亿次，AtomGit等开源社区汇聚超1100万注册用户。从部分性能在全球大模型榜单登顶，到多模态能力持续攀升，再到单个智能体衍生出智能体集群，中国大模型创新迭代不断提速，不仅催生出丰富多样的智能应用场景、激发国内经济增长新潜能，并以高性能、低成本等优势推动技术普惠，成为众多海外开发者和用户青睐的“生产力工具”，也成为全球模型厂商评测中的标杆与海外研究机构的重要样本。

开源开放不只是一种技术发展模式，更是协作共生的发展理念、合作共享的发展行动。发起《“人工智能+”国际合作倡议》，倡导各国结合自身国情积极开展“人工智能+”行动，加强政策交流与务实合作，分享最佳实践和解决方案；《人工智能合作发展行动计划》提出开源生态共享、规则标准共建、安全治理协作、人工智能向善等八项行动；发布人工智能气象服务系统“风和”大语言模型，启动全球开源计划……哈萨克斯坦总统托卡耶夫感慨：“中国在开源创新、开放平台搭建和国际科技合作方面发挥引领作用，为世界各国创造了全新的发展机遇。”

——强化风险意识，确保安全可控，让人工智能始终成为人类的可信工具。

“随着人工智能推理、科学能力和自主性呈指数级增长，各国政策制定者需以预防原则为指导，为可能出现的情景、风险等做好准备。”图灵奖得主、联合国人工智能独立国际科学小组联合主席约书亚·本吉奥的警示发人深省。

习近平主席指出，人工智能技术发展越是一日千里，向上向善、造福人类的方向越要正确锚定，监管治理的尺度越要精准把握，防范失控的措施越要及时完善。

发布《全球人工智能治理倡议》，围绕风险分级评估、法律法规完善、伦理指南建构等提出主张，呼吁各国共同做好风险防范，不断提升人工智能技术的安全性、可靠性、可控性、公平性。发布《人工智能安全治理框架》1.0版和2.0版，将安全要求嵌入模型研发、部署和应用全过程。《人工智能全球治理行动计划》将“安全可控”列为核心原则之一；《国际人工智能伦理治理行动计划》为全球人工智能治理贡献兼具原则性与可操作性的行动框架……从明确方向到划定路径，中国持续提供国际公共产品，让人工智能这匹千里马既跑得快又跑得稳。

——鼓励包容并蓄，促进文明互鉴，精心培育各美其美、美美与共的文明百花园。

都江堰不筑坝截流，以因势利导、科学分流，驯服了奔涌岷江，泽被成都平原两千余载；孔子言“君子和而不同”，制度文明各有其道，贵在相互尊重、共存共进——世界知识产权组织监督委员会副主席鲁子龙以东方智慧，解读中国一脉相承的人工智能治理之道。

如今，东方智慧正落地为具体行动方案。由远期人工智能研究中心和中国科学院自动化研究所联合打造的“文化交互引擎”，以人工智能技术探索和揭示世界文化遗产间的内在联系，面向全球170多个国家用户，展示人类文明的共性与多样性；米兰冬奥会基于千问大模型打造出奥运史上首个官方大模型，在专业赛务与公众服务双端同步落地，开启冰雪赛事智能新体验；中国和马来西亚企业联合建设东盟人工智能多语言译制中心，支持130多种语言互译，实现影视内容“30分钟快速译制”……从文明对话到赛事赋能，从语言通联到民心相通，中国人工智能技术正跨越山海，让文明在包容中生长、在交流中焕新。

——倡导和衷共济，完善全球治理，避免在人工智能领域造成新的历史不公。

2026世界人工智能大会暨人工智能治理高级别会议期间，世界人工智能合作组织应运而生。38个国家成为该组织创始成员国。一年前擘画蓝图，今朝硕果盈枝。作为全球首个人工智能政府间国际组织，世界人工智能合作组织坚持向善普惠，遵循《联合国宪章》宗旨和原则，向所有国家开放，为智能时代的全球共治锚定了新的航向与坐标。

中国以行动诠释担当，践行多边主义，团结国际社会，持续寻求全球治理共识的最大公约数，致力于让人工智能真正成为全人类共同的宝贵财富。

**面向未来，以行动践行治理之责**

回望1956年夏天，在美国达特茅斯学院的研讨会上，“人工智能”的火种被悄然播下。

70年间，于未知中求索、于曲折中前行、于坚守中突破，世界各国人工智能科学家和研发者不断拓展着技术的边界。

历史见证了中国科技于贫瘠中开垦田垄，从微光中启程一路走来。从跟跑、并跑，再到于更多赛道抢占先机，来时路上的每一道辙痕、每一个节点，都让中国更深刻读懂技术的力量，也更清醒地思量前路何往、何以立身、何以致远。

包容普惠、互利共赢才是越走越宽的人间正道。

远程操控池塘增氧、全天候在线监测水质参数、无人机精准投喂饲料……在柬埔寨南部茶胶省，依托中国实施的智慧农场一体化发展计划，智能化稻渔种养模式助力当地罗氏沼虾苗种成活率和质量显著提升，每公顷土地年收入从约1000美元增加到3000美元以上，养殖户的钱袋子实实在在鼓了起来。

在泰国沙拉武里府，来自中国的“愚公”为传统矿区装上了“数字大脑”。从挖掘机到矿卡，从电量监控到运输路径，这一平行矿山操作系统基于人工智能大模型，毫秒之间已为全矿设备作出最优配置。效率跃升16%，电耗下降20%……泰国暹罗水泥集团国际总经理吉拉帕感慨：“中国人工智能技术，让我们看到了实现‘零伤亡、高效率、低排放’矿山的可能。”

红海沿岸，潮水退去，一份份沉积物样本被装入容器，借助中国人工智能驱动的海洋药物智能筛选平台，成为新型抗菌药物的“种子库”。

吉布提多哈雷多功能港，高温、短时暴雨、突发性强风等极端天气频繁侵扰，来自中国的气象智能预警方案“妈祖”助力搭建“监测—预报—预警—服务”全链条预警体系。守望万家灯火、护佑四海安澜，吉布提国家气象局局长穆罕默德·伊斯梅尔·努尔说：“吉布提希望依托中国技术稳步推进经济社会发展。”

弥合数智鸿沟，授人以鱼不如授人以渔。

国际电信联盟的数据显示，全球仍有约1/3人口无法接入互联网。世界银行《2025年数字化进程与趋势》报告显示，中低收入国家在系统数量和算力规模上同高收入国家差距明显；非洲数据中心报告显示，全球数据中心容量绝大多数集中于发达经济体，非洲占比不足1%。若缺乏协同干预，人工智能领域的发展差距，或将进一步演化为数智鸿沟乃至南北鸿沟，给全球发展带来新的挑战。

中国举办人工智能能力建设研讨班，启动“一带一路”人工智能科技创新专项合作计划，打造全球发展项目库“数字南方”品牌，成立中国—东盟人工智能产业创新中心……一系列务实举措跨越山海，以中国之智助力各国特别是全球南方国家加强能力建设。“对非洲而言，开放共享的技术、科研合作与人才培养至关重要，而中国正在以行动回应这种关切。”世界科学院院士、非洲数学联盟研究与创新委员会主席阿卜顿·阿坦加纳如是评价。

大道众行远，携手启新程。中国宣布，未来5年将面向发展中国家提供5000个人工智能专题研修培训名额；面向东盟、阿盟、非盟、拉共体、上合组织、金砖国家建设国际人工智能应用合作中心；推动气象智能预警方案“妈祖”在30个国家落地应用……

站在新的历史起点上，中国愿以更加开放的姿态、更加务实的行动、更加长远的目光，同各方一道，把握和应对人工智能发展的机遇与挑战，携手共创人类社会更加美好的未来。",陈尚文  谷业凯,要闻,,https://paper.people.com.cn/rmrb/pc/content/202608/13/content_30174611.html,2026-08-13,"['人工智能', '全球', '治理', '中国', '模型', '智能', '开源', '发展', '技术', '安全']","当机器开始思考，人类如何与之相处？当算法参与决策，安全如何保障？当技术挑战伦理，治理如何跟上？当鸿沟不断拉大，普惠如何实现？
在2026世界人工智能大会暨人工智能全球治理高级别会议开幕式上，习近平主席指出，要始终用人类智慧和国际共识引领人工智能发展，使其真正成为增进全人类福祉、推动人类文明进步的强大正能量。
智能时代，同球共济。立时代潮头，担大国责任，中国全方位推动人工智能全球治理走深走实。从以自身发展起笔定势，到顶层设计的“大写意”，再到落实落细的“工笔画”，让技术红利普惠全球，让安全底线清晰可见，这是中国对世界的承诺，也是人类对未来的应答。",政治,,,[],data/vault/2026/08/2026-08-13/01-要闻/中国全方位推动人工智能全球治理走深走实.md,01,要闻
将学习教育成果固化为制度机制（树立和践行正确政绩观）,"近期，各地区各部门各单位持续深入开展树立和践行正确政绩观学习教育，一体推进学查改，着力解决群众关心关切的问题，同时把“当下改”与“长久立”结合起来，将学习教育成果固化为制度机制，更好造福于民、推动发展。
查摆问题推进整改
学习教育中，宁夏银川市聚焦项目建设、企业诉求、民生保障、闲置资产盘活等重点领域，明确集中整治“新官不理旧账”突出问题12项重点任务，印发工作通知和任务分工方案。全市梳理排查出突出问题28个，建立整治台账，明确24家整改责任单位。市里组建工作专班，通过交叉协调、上下联动等方式进行个案攻坚，开展信访积案清零专项行动等，一批问题得到有效处理。
中国电科党组以“四抓四促”机制推进整改整治，制定党组集中整治“新官不理旧账”突出问题若干举措，聚焦违规经营投资等问题，集中回溯历史旧账，推动解决问题，引导领导干部敢理旧账、善理旧账。
浙江丽水市景宁畲族自治县认真查摆问题，建立整改清单，逐一梳理任务内容、查找差距不足、明确改进路径。学习教育开展以来，县里攻坚推进景宁抽水蓄能电站、638国道景宁段建设等项目，破解部分农民安置房登记难等问题。
“51名退休干部的护工费发放存在‘原单位不管、属地不认’的问题，多年未解决。”今年3月，西藏昌都公路事业发展和应急保障中心洛隆养护段向昌都市财政局反映问题。市财政局坚持“尊重历史、面对现实、依法依规、人文关怀”原则，积极协调各方，同时逐人核对信息。经过多轮会商，市财政局统筹资金，一次性补发到位。
云南普洱市开展基层党组织领办民生实事工作，建立走访摸排需求、三级联审定项、分级分类交办、闭环督办落实的全链条工作机制，定下标准化流程，推动村（社区）干部上任先理民生旧账、先解群众急难愁盼。同时，配套设置干部变动交接规程，把“理旧账”写进年度考核。
真抓实干造福于民
前不久，台风“红霞”正面登陆广东惠州市惠东县。惠州市党员干部落实各项举措，全力应对。台风登陆前，惠州抢抓防御“窗口期”，群众转移、物资保障等工作迅速铺开。台风生成当日，党员干部深入老旧危房、低洼村落、地质灾害点，对独居老人、外来务工人员、流动摊贩等群体建立台账，落实特殊群体临灾转移“一对一”机制。台风过境后，迅速开展灾后抢险恢复工作。
闽南语中，“厝边”意为邻居，“金厝边”就是好邻居。学习教育中，福建漳州市以“金厝边”小微公共空间综合利用为抓手，建立市、区、街道、社区四级联动摸排机制，系统梳理高架桥底、道路匝道闲置空地、老旧小区留白空间等低效边角地块，按照“民生优先、分批实施”原则统一纳入盘活地块库，引入高校、设计院专业团队优化方案，兼顾各年龄段群众需求，实现低成本改造。目前，全市已完成20处“金厝边”地块系统化改造，直接惠及12.2万户居民。
针对高龄老人用餐难题，今年4月起，北京市平谷区熊儿寨乡依托政府机关食堂，面向全乡80周岁以上老年人免费提供周末营养早餐，每周六、日早晨由食堂统一制作适老餐食，并依托“村级定点取餐、网格员精准送达”服务链条，由7个村的网格员定时取餐、逐户配送。
学习教育开展以来，江苏宿迁市宿豫区建立“三级包保”帮办服务体系，即一个项目由一名县处级领导干部牵头挂钩、一名科级干部全程帮办、一名项目专员包保负责，“一企一策”定制全流程审批计划，责任到人、包干到底。同时建立项目帮办智慧平台，跨前一步预审、部门联动、数字代跑，审批耗时压降25%以上。
建章立制抓常管长
学习教育中，青海西宁市聚焦考核评价、议事决策、权力监督、民生保障等8个重点领域，对现行规章制度进行全面“体检”。截至目前，累计完成“废、改、立”制度机制601项。针对重显绩轻潜绩、重短期轻长远等突出问题，健全完善考核评价类制度机制33项，强化结果运用，促进干部真抓实干。紧盯政府采购、项目建设、资金管理等重点领域，健全完善议事决策、权力运行监督制约机制。聚焦养老、住房、社会救助等民生关切，健全完善制度机制50项，推动服务供给从“能办”向“好办、快办、暖心办”转变。
“多亏了这场‘急救接力’。”近日，江西永修县江上乡居民王女士的母亲突发心梗，得益于乡镇急救体系，120救护车就近调度出车、乡镇卫生院接力转运，患者仅用半小时就被送达县医院救治，目前已康复出院。
针对以往乡镇急救体系薄弱、基层医疗服务短缺问题，永修县从优化服务体系、降低就医成本、完善医疗布局、提升诊疗能力4个方面精准施策，出台慢性病审批优化、大病免费救治代办等6项便民医疗制度。
湖北建始县从健全意见征集机制入手，依托12345热线、阳光信访平台等广泛收集群众意见，同时建立健全包保责任机制，以入户走访、开门接访、带案下访、办结回访、亲情家访“五访”方式，面对面与群众沟通，了解社情民意，及时回应解决群众诉求。
海南乐东黎族自治县九所镇中灶湾，过去海滩上布满伸向大海的取排水管。如今，禁养区全部完成清退，砂质岸线恢复原貌，新种植的椰树随风舒展，生态痼疾终获解决。
学习教育中，乐东县总结海水养殖生态环境问题整改的好做法、好经验，构建自然资源监管“三道防线”工作机制，健全农业监管制度，完善综合执法机制，织密生态管控体系，守好生态家底。与此同时，发力南繁水产种业，打造绿色转型示范区。目前，苏眉等11种热带名贵鱼种已突破人工繁育难题，2个现代渔业产业园带动6个传统养殖区建设生态养殖园，正加快形成“陆上培苗、深海养殖、园区加工”海洋经济新模式。
（本报记者孟祥夫、乔栋、付文、周亚军、王云娜、潘俊强、范昊天、鲜敢、杨颜菲、张驰）","### 各地区各部门各单位持续深入开展树立和践行正确政绩观学习教育——

# 将学习教育成果固化为制度机制（树立和践行正确政绩观）

> 本报记者《人民日报》（2026年08月13日第 01 版）

近期，各地区各部门各单位持续深入开展树立和践行正确政绩观学习教育，一体推进学查改，着力解决群众关心关切的问题，同时把“当下改”与“长久立”结合起来，将学习教育成果固化为制度机制，更好造福于民、推动发展。

**查摆问题推进整改**

学习教育中，宁夏银川市聚焦项目建设、企业诉求、民生保障、闲置资产盘活等重点领域，明确集中整治“新官不理旧账”突出问题12项重点任务，印发工作通知和任务分工方案。全市梳理排查出突出问题28个，建立整治台账，明确24家整改责任单位。市里组建工作专班，通过交叉协调、上下联动等方式进行个案攻坚，开展信访积案清零专项行动等，一批问题得到有效处理。

中国电科党组以“四抓四促”机制推进整改整治，制定党组集中整治“新官不理旧账”突出问题若干举措，聚焦违规经营投资等问题，集中回溯历史旧账，推动解决问题，引导领导干部敢理旧账、善理旧账。

浙江丽水市景宁畲族自治县认真查摆问题，建立整改清单，逐一梳理任务内容、查找差距不足、明确改进路径。学习教育开展以来，县里攻坚推进景宁抽水蓄能电站、638国道景宁段建设等项目，破解部分农民安置房登记难等问题。

“51名退休干部的护工费发放存在‘原单位不管、属地不认’的问题，多年未解决。”今年3月，西藏昌都公路事业发展和应急保障中心洛隆养护段向昌都市财政局反映问题。市财政局坚持“尊重历史、面对现实、依法依规、人文关怀”原则，积极协调各方，同时逐人核对信息。经过多轮会商，市财政局统筹资金，一次性补发到位。

云南普洱市开展基层党组织领办民生实事工作，建立走访摸排需求、三级联审定项、分级分类交办、闭环督办落实的全链条工作机制，定下标准化流程，推动村（社区）干部上任先理民生旧账、先解群众急难愁盼。同时，配套设置干部变动交接规程，把“理旧账”写进年度考核。

**真抓实干造福于民**

前不久，台风“红霞”正面登陆广东惠州市惠东县。惠州市党员干部落实各项举措，全力应对。台风登陆前，惠州抢抓防御“窗口期”，群众转移、物资保障等工作迅速铺开。台风生成当日，党员干部深入老旧危房、低洼村落、地质灾害点，对独居老人、外来务工人员、流动摊贩等群体建立台账，落实特殊群体临灾转移“一对一”机制。台风过境后，迅速开展灾后抢险恢复工作。

闽南语中，“厝边”意为邻居，“金厝边”就是好邻居。学习教育中，福建漳州市以“金厝边”小微公共空间综合利用为抓手，建立市、区、街道、社区四级联动摸排机制，系统梳理高架桥底、道路匝道闲置空地、老旧小区留白空间等低效边角地块，按照“民生优先、分批实施”原则统一纳入盘活地块库，引入高校、设计院专业团队优化方案，兼顾各年龄段群众需求，实现低成本改造。目前，全市已完成20处“金厝边”地块系统化改造，直接惠及12.2万户居民。

针对高龄老人用餐难题，今年4月起，北京市平谷区熊儿寨乡依托政府机关食堂，面向全乡80周岁以上老年人免费提供周末营养早餐，每周六、日早晨由食堂统一制作适老餐食，并依托“村级定点取餐、网格员精准送达”服务链条，由7个村的网格员定时取餐、逐户配送。

学习教育开展以来，江苏宿迁市宿豫区建立“三级包保”帮办服务体系，即一个项目由一名县处级领导干部牵头挂钩、一名科级干部全程帮办、一名项目专员包保负责，“一企一策”定制全流程审批计划，责任到人、包干到底。同时建立项目帮办智慧平台，跨前一步预审、部门联动、数字代跑，审批耗时压降25%以上。

**建章立制抓常管长**

学习教育中，青海西宁市聚焦考核评价、议事决策、权力监督、民生保障等8个重点领域，对现行规章制度进行全面“体检”。截至目前，累计完成“废、改、立”制度机制601项。针对重显绩轻潜绩、重短期轻长远等突出问题，健全完善考核评价类制度机制33项，强化结果运用，促进干部真抓实干。紧盯政府采购、项目建设、资金管理等重点领域，健全完善议事决策、权力运行监督制约机制。聚焦养老、住房、社会救助等民生关切，健全完善制度机制50项，推动服务供给从“能办”向“好办、快办、暖心办”转变。

“多亏了这场‘急救接力’。”近日，江西永修县江上乡居民王女士的母亲突发心梗，得益于乡镇急救体系，120救护车就近调度出车、乡镇卫生院接力转运，患者仅用半小时就被送达县医院救治，目前已康复出院。

针对以往乡镇急救体系薄弱、基层医疗服务短缺问题，永修县从优化服务体系、降低就医成本、完善医疗布局、提升诊疗能力4个方面精准施策，出台慢性病审批优化、大病免费救治代办等6项便民医疗制度。

湖北建始县从健全意见征集机制入手，依托12345热线、阳光信访平台等广泛收集群众意见，同时建立健全包保责任机制，以入户走访、开门接访、带案下访、办结回访、亲情家访“五访”方式，面对面与群众沟通，了解社情民意，及时回应解决群众诉求。

海南乐东黎族自治县九所镇中灶湾，过去海滩上布满伸向大海的取排水管。如今，禁养区全部完成清退，砂质岸线恢复原貌，新种植的椰树随风舒展，生态痼疾终获解决。

学习教育中，乐东县总结海水养殖生态环境问题整改的好做法、好经验，构建自然资源监管“三道防线”工作机制，健全农业监管制度，完善综合执法机制，织密生态管控体系，守好生态家底。与此同时，发力南繁水产种业，打造绿色转型示范区。目前，苏眉等11种热带名贵鱼种已突破人工繁育难题，2个现代渔业产业园带动6个传统养殖区建设生态养殖园，正加快形成“陆上培苗、深海养殖、园区加工”海洋经济新模式。

（本报记者孟祥夫、乔栋、付文、周亚军、王云娜、潘俊强、范昊天、鲜敢、杨颜菲、张驰）",,要闻,,https://paper.people.com.cn/rmrb/pc/content/202608/13/content_30174612.html,2026-08-13,"['机制', '旧账', '问题', '学习', '教育', '整改', '民生', '群众', '健全', '干部']","近期，各地区各部门各单位持续深入开展树立和践行正确政绩观学习教育，一体推进学查改，着力解决群众关心关切的问题，同时把“当下改”与“长久立”结合起来，将学习教育成果固化为制度机制，更好造福于民、推动发展。
查摆问题推进整改
学习教育中，宁夏银川市聚焦项目建设、企业诉求、民生保障、闲置资产盘活等重点领域，明确集中整治“新官不理旧账”突出问题12项重点任务，印发工作通知和任务分工方案。全市梳理排查出突出问题28个，建立整治台账，明确24家整改责任单位。市里组建工作专班，通过交叉协调、上下联动等方式进行个案攻坚，开展信访积案清零专项行动等，一批问题得到有效处理。",政治,,,[],data/vault/2026/08/2026-08-13/01-要闻/将学习教育成果固化为制度机制（树立和践行正确政绩观）.md,01,要闻
培育更多“中国服务”品牌,"服务业增加值同比增长5.2%，快于经济增速0.5个百分点；服务零售额同比增长5.3%……上半年，服务业平稳增长，在支撑产业升级、满足民生需要等方面发挥了重要作用。
7月30日召开的中共中央政治局会议指出，“要有效扩大国内需求，适应不同群体消费需求扩大优质供给，挖掘服务消费潜力。”
4月7日至8日，全国服务业大会在北京召开，这是新时代首次聚焦服务业而举行的全国性大会。
习近平总书记强调，“推进生产性服务业向专业化和价值链高端延伸，促进生活性服务业高品质多样化便利化发展，培育更多‘中国服务’品牌，努力开创服务业高质量发展新局面。”
北京召开全市服务业大会，提出积极塑造“北京服务”品牌；
上海出台服务业发展“十五五”规划，全面提升“上海服务”全球辐射力和国际竞争力；
重庆提出着力构建现代服务业体系，擦亮“渝贸全球”等服务业发展“金名片”……
全国服务业大会后，各地区各部门统筹谋划，加快推进服务品牌建设。预计到2030年，我国服务业总规模迈上100万亿元台阶，质量更高、结构更优、品质更佳。
瞄准这一目标，中国经济正在进行新一次“系统升级”。
（一）
培育更多“中国服务”品牌，是顺应经济发展规律、推动经济转型升级的必然选择。
习近平总书记指出，“党的十八大以来，我国服务业规模稳步扩大，质效持续提升，在支撑产业升级、满足民生需要、带动就业扩容等方面发挥了重要作用。”
体量，最直观的标尺。今年上半年，服务业占国内生产总值比重为59.5%，是国民经济的第一大产业；对于经济增长的贡献率达到66.1%，成为拉动经济增长的主动力。数据折射出服务业在高质量发展和中国式现代化建设全局中的重要角色。
历史，最厚重的镜鉴。当前中国经济正处于从要素驱动向创新驱动、从投资拉动向消费拉动转变的关键窗口期。预测显示，“十五五”时期，服务业对国内生产总值增长的贡献率将稳步提升，成为名副其实的经济“主引擎”。
这是回应百姓生活期待，扩大内需的关键所在。
恩格尔系数的变迁，勾勒出居民消费的跃迁。改革开放之初，我国居民恩格尔系数超过60%，2025年只有29.3%。居民用于食品的开支大幅降低，为增加教育、健康、文旅等服务消费释放了巨大空间。
从全球经济发展规律来看，当一个国家人均国内生产总值突破1万美元后，消费结构通常会发生显著变化，服务消费占比快速提升，我国当前正处于这一关键转型期。消费模式正在从以满足基本生活需求为主的“生存型消费”逐步转向追求品质、体验和自我实现的“发展型消费”。
从“苏超”“村超”出圈，到“跟着演出去旅行”持续升温；从“一老一小”服务点加快普及，到30分钟“万物到家”成为常态……服务消费早已不是可有可无的点缀，而是美好生活的刚需。拥有超4亿中等收入群体的中国，正在迎来服务业扩能提质的“黄金期”。
这是提升全要素生产率、发展新质生产力的关键举措。
以一家服装企业为例。研发端，人工智能设计可助力企业缩短研发周期；生产端，“智改数转”可大幅提升生产效率；流通端，现代物流可降低综合成本；销售端，市场分析可精准对接消费客群……
放眼全球，随着产业深度分工、加速融合，国际领先制造业企业普遍向服务型制造转型，凭借信息、金融、研发、设计等优势，主导全球价值链构建。生产性服务业在生产网络中的作用日益凸显，很大程度上决定产品价值能不能向“微笑曲线”两端延伸。
作为全球第一制造业大国，我国生产性服务业增加值占国内生产总值的比重不到35%，规模能级和质量效益与世界先进水平还有差距。由制造大国迈向制造强国，提升服务业是关键所在。
（二）
培育更多“中国服务”品牌，因地制宜、精准施策是基本的方法论。
习近平总书记强调，“突出需求牵引、改革攻坚、科技赋能、开放合作，深入实施服务业扩能提质行动”。
观察服务业，其门类众多、形态各异，各细分行业发展程度不同、面临挑战不同。
先看生产性服务业，其需要面向企业全过程生产经营需求，以有力支撑产业转型升级为目的，全链条补强生产性服务业薄弱环节。
其中，“两业融合”，即先进制造业与现代服务业深度融合，是当前产业政策的核心命题之一。长期以来，制造业与服务业像是在两条平行轨道上运行，分属不同的政策体系、统计口径、监管框架。
要打破这种隔阂，必须让服务嵌入制造的每一个毛孔，破局点在于“数据”与“政策”。一方面，以工业互联网为纽带，打通数据孤岛，吸引服务业企业在数据基础上开发面向制造场景的专业化服务，形成“数据流动——服务嵌入——价值增值”的生态；另一方面，要改革统计与政策体系，借鉴国际经验，让制造业内部的服务部门能够“独立核算”，享受服务业的政策红利，让“两业融合”有清晰的政策着力点。
再看生活性服务业，其核心是面向人们全生命周期生活需求，以更好满足人民美好生活需要为目的，提升生活性服务业重点领域发展能级。
以“一老一小”为例。眼下，“一老一小”的需求正从基本保障层次向普惠层次乃至中高端层次跃升，需求维度也日益广泛，设施、服务、物质、精神层面均有要求。与此同时，供给端结构性矛盾同样突出，有些大城市高品质养老机构“一床难求”，而乡镇敬老院床位却大量闲置，规范化的连锁托育机构入托难，部分小规模托育机构则运营困难。
面对多层次、多样化的矛盾，必须精准分拆，分层施策，方能真正实现提质升级。
聚焦“底线”，由政府主导，健全县乡村三级养老服务网络，筑牢社会安全网；聚焦“中线”，由政府引导，通过投资带动、税费优惠、要素保障、体制机制改革等手段，撬动更多的社会力量，让更多家庭享有“价格能接受、质量过得硬、安全有保障”的养老托育服务；聚焦“高线”，依托产业政策、营商环境建设，支持经营主体提供个性化、定制式服务。
（三）
培育更多“中国服务”品牌，要以创新之“新”抢占先机，以品质之“实”赢得口碑。
正如习近平同志在《之江新语》中所言：“品牌就是效益，就是竞争力，就是附加值。”
培育更多“中国服务”品牌，必须纵深推进制度型开放。
品牌，只有在开放竞争中方能淬炼成形。然而，货物贸易的壁垒主要体现在“边境上”，即关税与通关；而服务贸易的壁垒，更多隐藏在“边境后”，即市场准入规则、监管制度、资质认定、职业资格互认等方面。
我们既需要动态优化服务业负面清单，进一步压缩清单范围，使其真正成为可预期、可操作的开放承诺；也需要进一步提升监管透明度与一致性，推动监管规则与国际通行做法的对接，减少隐性壁垒。同时，还要积极推动工程师、医师等职业资格的跨境互认，让高端服务人才自由流动。
培育更多“中国服务”品牌，意味着打铁还需自身硬。
日前，一则消息引发全球关注：蜜雪冰城全球门店已接近6万家，成为具有广泛影响力的全球餐饮连锁品牌。
蜜雪冰城成功的秘诀，离不开一套智能供应链系统。在前端，它将消费数据转化为种植数据，指导农户订单式生产；在中端，智能调度系统实现全国近30个仓库的智慧调配，97%以上的门店实现冷链覆盖；在末端，算法为门店选址提供精准支撑。外媒评论称，“雪王”迟早会出现在你的城市。
由此可见，服务品牌的差异化竞争，归根结底是创新能力的比拼。“中国服务”品牌要真正立得住、叫得响、走得远，要以创新之“新”抢占先机，在服务模式、技术手段、消费场景上持续突破，以品质之“实”赢得口碑。
从“卖产品”到“卖服务”，从“中国制造”到“中国服务”，当100万亿元的服务业版图徐徐展开，我们有理由相信，一张张闪亮的“中国服务”名片，必将汇聚成中国经济高质量发展的澎湃动能。","# 培育更多“中国服务”品牌

> 金社平《人民日报》（2026年08月13日第 01 版）

服务业增加值同比增长5.2%，快于经济增速0.5个百分点；服务零售额同比增长5.3%……上半年，服务业平稳增长，在支撑产业升级、满足民生需要等方面发挥了重要作用。

7月30日召开的中共中央政治局会议指出，“要有效扩大国内需求，适应不同群体消费需求扩大优质供给，挖掘服务消费潜力。”

4月7日至8日，全国服务业大会在北京召开，这是新时代首次聚焦服务业而举行的全国性大会。

习近平总书记强调，“推进生产性服务业向专业化和价值链高端延伸，促进生活性服务业高品质多样化便利化发展，培育更多‘中国服务’品牌，努力开创服务业高质量发展新局面。”

北京召开全市服务业大会，提出积极塑造“北京服务”品牌；

上海出台服务业发展“十五五”规划，全面提升“上海服务”全球辐射力和国际竞争力；

重庆提出着力构建现代服务业体系，擦亮“渝贸全球”等服务业发展“金名片”……

全国服务业大会后，各地区各部门统筹谋划，加快推进服务品牌建设。预计到2030年，我国服务业总规模迈上100万亿元台阶，质量更高、结构更优、品质更佳。

瞄准这一目标，中国经济正在进行新一次“系统升级”。

**（一）**

培育更多“中国服务”品牌，是顺应经济发展规律、推动经济转型升级的必然选择。

习近平总书记指出，“党的十八大以来，我国服务业规模稳步扩大，质效持续提升，在支撑产业升级、满足民生需要、带动就业扩容等方面发挥了重要作用。”

体量，最直观的标尺。今年上半年，服务业占国内生产总值比重为59.5%，是国民经济的第一大产业；对于经济增长的贡献率达到66.1%，成为拉动经济增长的主动力。数据折射出服务业在高质量发展和中国式现代化建设全局中的重要角色。

历史，最厚重的镜鉴。当前中国经济正处于从要素驱动向创新驱动、从投资拉动向消费拉动转变的关键窗口期。预测显示，“十五五”时期，服务业对国内生产总值增长的贡献率将稳步提升，成为名副其实的经济“主引擎”。

这是回应百姓生活期待，扩大内需的关键所在。

恩格尔系数的变迁，勾勒出居民消费的跃迁。改革开放之初，我国居民恩格尔系数超过60%，2025年只有29.3%。居民用于食品的开支大幅降低，为增加教育、健康、文旅等服务消费释放了巨大空间。

从全球经济发展规律来看，当一个国家人均国内生产总值突破1万美元后，消费结构通常会发生显著变化，服务消费占比快速提升，我国当前正处于这一关键转型期。消费模式正在从以满足基本生活需求为主的“生存型消费”逐步转向追求品质、体验和自我实现的“发展型消费”。

从“苏超”“村超”出圈，到“跟着演出去旅行”持续升温；从“一老一小”服务点加快普及，到30分钟“万物到家”成为常态……服务消费早已不是可有可无的点缀，而是美好生活的刚需。拥有超4亿中等收入群体的中国，正在迎来服务业扩能提质的“黄金期”。

这是提升全要素生产率、发展新质生产力的关键举措。

以一家服装企业为例。研发端，人工智能设计可助力企业缩短研发周期；生产端，“智改数转”可大幅提升生产效率；流通端，现代物流可降低综合成本；销售端，市场分析可精准对接消费客群……

放眼全球，随着产业深度分工、加速融合，国际领先制造业企业普遍向服务型制造转型，凭借信息、金融、研发、设计等优势，主导全球价值链构建。生产性服务业在生产网络中的作用日益凸显，很大程度上决定产品价值能不能向“微笑曲线”两端延伸。

作为全球第一制造业大国，我国生产性服务业增加值占国内生产总值的比重不到35%，规模能级和质量效益与世界先进水平还有差距。由制造大国迈向制造强国，提升服务业是关键所在。

**（二）**

培育更多“中国服务”品牌，因地制宜、精准施策是基本的方法论。

习近平总书记强调，“突出需求牵引、改革攻坚、科技赋能、开放合作，深入实施服务业扩能提质行动”。

观察服务业，其门类众多、形态各异，各细分行业发展程度不同、面临挑战不同。

先看生产性服务业，其需要面向企业全过程生产经营需求，以有力支撑产业转型升级为目的，全链条补强生产性服务业薄弱环节。

其中，“两业融合”，即先进制造业与现代服务业深度融合，是当前产业政策的核心命题之一。长期以来，制造业与服务业像是在两条平行轨道上运行，分属不同的政策体系、统计口径、监管框架。

要打破这种隔阂，必须让服务嵌入制造的每一个毛孔，破局点在于“数据”与“政策”。一方面，以工业互联网为纽带，打通数据孤岛，吸引服务业企业在数据基础上开发面向制造场景的专业化服务，形成“数据流动——服务嵌入——价值增值”的生态；另一方面，要改革统计与政策体系，借鉴国际经验，让制造业内部的服务部门能够“独立核算”，享受服务业的政策红利，让“两业融合”有清晰的政策着力点。

再看生活性服务业，其核心是面向人们全生命周期生活需求，以更好满足人民美好生活需要为目的，提升生活性服务业重点领域发展能级。

以“一老一小”为例。眼下，“一老一小”的需求正从基本保障层次向普惠层次乃至中高端层次跃升，需求维度也日益广泛，设施、服务、物质、精神层面均有要求。与此同时，供给端结构性矛盾同样突出，有些大城市高品质养老机构“一床难求”，而乡镇敬老院床位却大量闲置，规范化的连锁托育机构入托难，部分小规模托育机构则运营困难。

面对多层次、多样化的矛盾，必须精准分拆，分层施策，方能真正实现提质升级。

聚焦“底线”，由政府主导，健全县乡村三级养老服务网络，筑牢社会安全网；聚焦“中线”，由政府引导，通过投资带动、税费优惠、要素保障、体制机制改革等手段，撬动更多的社会力量，让更多家庭享有“价格能接受、质量过得硬、安全有保障”的养老托育服务；聚焦“高线”，依托产业政策、营商环境建设，支持经营主体提供个性化、定制式服务。

**（三）**

培育更多“中国服务”品牌，要以创新之“新”抢占先机，以品质之“实”赢得口碑。

正如习近平同志在《之江新语》中所言：“品牌就是效益，就是竞争力，就是附加值。”

培育更多“中国服务”品牌，必须纵深推进制度型开放。

品牌，只有在开放竞争中方能淬炼成形。然而，货物贸易的壁垒主要体现在“边境上”，即关税与通关；而服务贸易的壁垒，更多隐藏在“边境后”，即市场准入规则、监管制度、资质认定、职业资格互认等方面。

我们既需要动态优化服务业负面清单，进一步压缩清单范围，使其真正成为可预期、可操作的开放承诺；也需要进一步提升监管透明度与一致性，推动监管规则与国际通行做法的对接，减少隐性壁垒。同时，还要积极推动工程师、医师等职业资格的跨境互认，让高端服务人才自由流动。

培育更多“中国服务”品牌，意味着打铁还需自身硬。

日前，一则消息引发全球关注：蜜雪冰城全球门店已接近6万家，成为具有广泛影响力的全球餐饮连锁品牌。

蜜雪冰城成功的秘诀，离不开一套智能供应链系统。在前端，它将消费数据转化为种植数据，指导农户订单式生产；在中端，智能调度系统实现全国近30个仓库的智慧调配，97%以上的门店实现冷链覆盖；在末端，算法为门店选址提供精准支撑。外媒评论称，“雪王”迟早会出现在你的城市。

由此可见，服务品牌的差异化竞争，归根结底是创新能力的比拼。“中国服务”品牌要真正立得住、叫得响、走得远，要以创新之“新”抢占先机，在服务模式、技术手段、消费场景上持续突破，以品质之“实”赢得口碑。

从“卖产品”到“卖服务”，从“中国制造”到“中国服务”，当100万亿元的服务业版图徐徐展开，我们有理由相信，一张张闪亮的“中国服务”名片，必将汇聚成中国经济高质量发展的澎湃动能。",金社平,要闻,,https://paper.people.com.cn/rmrb/pc/content/202608/13/content_30174613.html,2026-08-13,"['服务业', '服务', '品牌', '消费', '培育', '提升', '生产性', '中国', '全球', '发展']","服务业增加值同比增长5.2%，快于经济增速0.5个百分点；服务零售额同比增长5.3%……上半年，服务业平稳增长，在支撑产业升级、满足民生需要等方面发挥了重要作用。
7月30日召开的中共中央政治局会议指出，“要有效扩大国内需求，适应不同群体消费需求扩大优质供给，挖掘服务消费潜力。”
4月7日至8日，全国服务业大会在北京召开，这是新时代首次聚焦服务业而举行的全国性大会。",政治,,,[],data/vault/2026/08/2026-08-13/01-要闻/培育更多“中国服务”品牌.md,01,要闻
平陆运河实船试验正式启动,"本报南宁8月12日电  （记者庞革平、张云河、祝佳祺）8月12日，西部陆海新通道骨干工程平陆运河实船试验正式启动。本次试验将分阶段完成常规工况、不利工况通航验证与全线航标效能检测，全面核验运河航道、船闸、锚地、服务区、助航设施适配性，为平陆运河9月通航做好准备。
平陆运河是新中国成立以来建设的首条通江达海的大运河，通航后将成为西南地区运距最短、最经济、最便捷的出海通道。
本次试验调配4艘代表性船舶，覆盖5000吨级重载与空载、3000吨级重载、1000吨级重载等主流通航船型。试验航程覆盖运河沙坪河段、分水岭段、钦江干流段、钦州城区段、入海口段，同步开展三大枢纽双线船闸船舶过闸、弯道会船、同向追越、掉头操纵、潮汐靠离泊、夜间通航等科目实测。针对枢纽泄水、支流洪水汇流、大风大潮叠加等6类高风险不利工况择机开展预试验，同步完成全线206座代表性航标昼夜视觉、灯质、布设效果专项检测。","# 平陆运河实船试验正式启动

> 《人民日报》（2026年08月13日第 01 版）

本报南宁8月12日电  （记者庞革平、张云河、祝佳祺）8月12日，西部陆海新通道骨干工程平陆运河实船试验正式启动。本次试验将分阶段完成常规工况、不利工况通航验证与全线航标效能检测，全面核验运河航道、船闸、锚地、服务区、助航设施适配性，为平陆运河9月通航做好准备。

平陆运河是新中国成立以来建设的首条通江达海的大运河，通航后将成为西南地区运距最短、最经济、最便捷的出海通道。

本次试验调配4艘代表性船舶，覆盖5000吨级重载与空载、3000吨级重载、1000吨级重载等主流通航船型。试验航程覆盖运河沙坪河段、分水岭段、钦江干流段、钦州城区段、入海口段，同步开展三大枢纽双线船闸船舶过闸、弯道会船、同向追越、掉头操纵、潮汐靠离泊、夜间通航等科目实测。针对枢纽泄水、支流洪水汇流、大风大潮叠加等6类高风险不利工况择机开展预试验，同步完成全线206座代表性航标昼夜视觉、灯质、布设效果专项检测。",,要闻,,https://paper.people.com.cn/rmrb/pc/content/202608/13/content_30174614.html,2026-08-13,"['平陆', '运河', '试验', '通航', '工况', '重载', '吨级', '12', '实船', '航标']","本报南宁8月12日电  （记者庞革平、张云河、祝佳祺）8月12日，西部陆海新通道骨干工程平陆运河实船试验正式启动。本次试验将分阶段完成常规工况、不利工况通航验证与全线航标效能检测，全面核验运河航道、船闸、锚地、服务区、助航设施适配性，为平陆运河9月通航做好准备。
平陆运河是新中国成立以来建设的首条通江达海的大运河，通航后将成为西南地区运距最短、最经济、最便捷的出海通道。
本次试验调配4艘代表性船舶，覆盖5000吨级重载与空载、3000吨级重载、1000吨级重载等主流通航船型。试验航程覆盖运河沙坪河段、分水岭段、钦江干流段、钦州城区段、入海口段，同步开展三大枢纽双线船闸船舶过闸、弯道会船、同向追越、掉头操纵、潮汐靠离泊、夜间通航等科目实测。针对枢纽泄水、支流洪水汇流、大风大潮叠加等6类高风险不利工况择机开展预试验，同步完成全线206座代表性航标昼夜视觉、灯质、布设效果专项检测。",经济,,,[],data/vault/2026/08/2026-08-13/01-要闻/平陆运河实船试验正式启动.md,01,要闻
5年10万亿元消费增量有支撑（经济新方位·解码“十五五”专项规划）,"作为消费领域首份国家级专项规划，《扩大消费“十五五”规划》（以下简称《规划》）提出到2030年消费市场发展目标：消费市场总体规模持续扩大，社会消费品零售总额达到60万亿元左右。
2025年，我国社会消费品零售总额达50.12万亿元，连续多年稳居全球第二大商品消费市场和第一大网络零售市场。
按照目标，未来5年，社会消费品零售总额将有10万亿元左右增量。实现增量目标的支撑条件如何？怎样实现增量目标？记者进行了采访。
增量目标具备坚实支撑条件和较强可操作性
夜幕降临，重庆长嘉汇购物公园热闹起来，一场科技与文化交织的无人机灯光秀上演。花朵、熊猫、山水等图案轮番呈现，为这座城市增添几分浪漫。
“和家人看完无人机表演再吃顿火锅，晚上都安排满了。”游客彭尚文说，吃完饭还要去商圈选购文创商品。
去年4月以来，无人机灯光秀已展演100余场，全网传播量约110亿次，串联起餐饮、零售等消费链条。该商圈一家店铺的经营者介绍，在夏季夜间展演时段，门店客流量比平日提升三成，整体营业额大幅上涨。流量转变为实实在在的增量，成为消费活力迸发的生动写照。
商务部研究院流通与消费研究所副研究员姜照认为，《规划》提出到2030年社会消费品零售总额达到60万亿元左右，是在2025年首次突破50万亿元大关基础上设定的预期性目标，具备坚实支撑条件和较强可操作性。
消费市场底盘稳固——
“十四五”时期，尽管外部环境复杂严峻，但消费市场总体保持增长。我国社会消费品零售总额相继跃上40万亿元、45万亿元和50万亿元台阶，5年间增长超10万亿元。最终消费支出对经济增长的平均贡献率达58.8%，比“十三五”时期提高10个百分点。
智能家居、智能机器人等新产品进入市场，技术迭代升级，供需更好适配，逐渐进入千家万户；县域市场以及银发、青年、婴童等消费群体体量庞大，消费增长前景广阔……参照“十四五”时期的增长规模，这一目标积极可行。
国家发展改革委有关负责同志表示，面向“十五五”，我国消费市场发展进入提质扩量的关键时期，消费基础稳固扎实、消费升级趋势明显、消费场景创新活力充足，为消费市场壮大提供坚实支撑。
政策举措接续发力——
7月8日，2026年全国暑期文化和旅游消费季启动。消费季期间，各地将举办超3万场次文旅消费活动，发放超4.5亿元消费券等消费补贴，助力居民游客欢度暑期。
近年来，提振消费专项行动、消费品以旧换新、国际消费中心城市培育建设、个人消费贷款财政贴息、有奖发票活动等促进消费政策落地实施，成效持续显现。
2025年，以旧换新相关商品销售额超过2.6万亿元，惠及消费者超3.6亿人次，带动社会消费品零售总额增长超1个百分点。今年上半年，消费品以旧换新累计带动相关商品销售额1.1万亿元，惠及1.5亿人次，有力促进相关商品销售和产业发展。
今年第三批625亿元超长期特别国债支持消费品以旧换新资金已下达，政策效应持续显现；国家发展改革委正会同有关部门抓紧研究制定扩大内需战略实施方案（2026—2030年）……扩内需、促消费系列政策持续推出，将助力消费市场规模持续扩大。
优化供给，形成新增长点
商品消费是促消费、惠民生的重要领域。我国商品零售额由2021年的39.4万亿元增至2025年的44.3万亿元，累计增长12.5%，占社会消费品零售总额的比重长期保持在90%左右。
《规划》突出创新引领，从推广绿色消费、提升生活类商品消费、推进“IP（知识产权）+消费”等方面，对推动商品消费扩容升级进行了系统部署。
正值暑期，江西景德镇御窑博物院迎来许多游客，研学游的学生、亲子游的家庭在文创区域认真挑选商品。
“我到每个地方旅游都会买特色文创产品。”来自浙江宁波的游客张莹刚买了一个“岁岁鸭”冰箱贴，冰箱贴外观参照馆藏文物素三彩鸭形香薰设计。“很有历史感。”张莹很满意。
围绕“岁岁鸭”IP，景德镇御窑博物院推出了180余款周边文创。院长翁彦俊介绍，博物院与设计单位合作，挖掘文物特色，不时推出新的文创产品，对于市场反馈好的会进一步规模化生产。“IP+消费”这一模式，既让更多人了解文物，也产生了经济效益。
“人工智能等技术推动商品消费迭代升级，消费新业态新模式新场景不断涌现，是持续创造增量的关键动力。”姜照分析。
上半年，社会消费品零售总额16大类商品中，10类商品实现了增长，其中7类商品的增速在5%以上。商务部有关负责同志表示，将出台相关政策措施，推动商品消费规模扩大、结构升级，更好顺应和满足人民群众多样化、多层次的消费需求。
夯实扩大消费的根基，进一步释放潜力
当前，消费领域还面临一些矛盾和问题，客观上制约着消费潜力的进一步释放。
国务院发展研究中心市场经济研究所市场流通研究室主任陈丽芬认为，《规划》更加注重提升消费能力、优化消费环境、完善促进消费制度机制等长效制度建设，强调通过多渠道促进居民增收、保障消费者权益、清理优化不合理限制性措施等举措，切实增强人们的消费意愿和消费能力，夯实扩大消费的根基。
《规划》一方面坚持惠民生与促消费紧密结合，提高人民生活品质；另一方面注重处理好短期与长期、供给与需求、政府与市场、消费政策与其他经济社会政策等关系，坚持消费领域具体举措与提升消费能力、优化消费环境、健全制度政策一体推进，着力构建更加有力的政策体系。
习近平经济思想研究中心副主任王蕴认为，就业和收入既是民生大事，也是扩大消费的基础。要更加突出就业优先导向，强化就业优先政策。落实好结构性减税降费政策，支持吸纳就业能力强的产业和企业稳岗扩岗，强化包括高校毕业生在内的青年群体等重点人群就业服务和职业技能提升服务。
国家发展改革委有关负责同志表示，大力提振消费，要着力提升消费能力，深入实施就业优先战略，持续开展大规模职业技能提升培训，多渠道促进居民增收，让居民消费底气更足、预期更稳、信心更强。","### 到2030年，社会消费品零售总额达到60万亿元左右

# 5年10万亿元消费增量有支撑（经济新方位·解码“十五五”专项规划）

> 本报记者  王东辉  王  珂《人民日报》（2026年08月13日第 02 版）

作为消费领域首份国家级专项规划，《扩大消费“十五五”规划》（以下简称《规划》）提出到2030年消费市场发展目标：消费市场总体规模持续扩大，社会消费品零售总额达到60万亿元左右。

2025年，我国社会消费品零售总额达50.12万亿元，连续多年稳居全球第二大商品消费市场和第一大网络零售市场。

按照目标，未来5年，社会消费品零售总额将有10万亿元左右增量。实现增量目标的支撑条件如何？怎样实现增量目标？记者进行了采访。

**增量目标具备坚实支撑条件和较强可操作性**

夜幕降临，重庆长嘉汇购物公园热闹起来，一场科技与文化交织的无人机灯光秀上演。花朵、熊猫、山水等图案轮番呈现，为这座城市增添几分浪漫。

“和家人看完无人机表演再吃顿火锅，晚上都安排满了。”游客彭尚文说，吃完饭还要去商圈选购文创商品。

去年4月以来，无人机灯光秀已展演100余场，全网传播量约110亿次，串联起餐饮、零售等消费链条。该商圈一家店铺的经营者介绍，在夏季夜间展演时段，门店客流量比平日提升三成，整体营业额大幅上涨。流量转变为实实在在的增量，成为消费活力迸发的生动写照。

商务部研究院流通与消费研究所副研究员姜照认为，《规划》提出到2030年社会消费品零售总额达到60万亿元左右，是在2025年首次突破50万亿元大关基础上设定的预期性目标，具备坚实支撑条件和较强可操作性。

消费市场底盘稳固——

“十四五”时期，尽管外部环境复杂严峻，但消费市场总体保持增长。我国社会消费品零售总额相继跃上40万亿元、45万亿元和50万亿元台阶，5年间增长超10万亿元。最终消费支出对经济增长的平均贡献率达58.8%，比“十三五”时期提高10个百分点。

智能家居、智能机器人等新产品进入市场，技术迭代升级，供需更好适配，逐渐进入千家万户；县域市场以及银发、青年、婴童等消费群体体量庞大，消费增长前景广阔……参照“十四五”时期的增长规模，这一目标积极可行。

国家发展改革委有关负责同志表示，面向“十五五”，我国消费市场发展进入提质扩量的关键时期，消费基础稳固扎实、消费升级趋势明显、消费场景创新活力充足，为消费市场壮大提供坚实支撑。

政策举措接续发力——

7月8日，2026年全国暑期文化和旅游消费季启动。消费季期间，各地将举办超3万场次文旅消费活动，发放超4.5亿元消费券等消费补贴，助力居民游客欢度暑期。

近年来，提振消费专项行动、消费品以旧换新、国际消费中心城市培育建设、个人消费贷款财政贴息、有奖发票活动等促进消费政策落地实施，成效持续显现。

2025年，以旧换新相关商品销售额超过2.6万亿元，惠及消费者超3.6亿人次，带动社会消费品零售总额增长超1个百分点。今年上半年，消费品以旧换新累计带动相关商品销售额1.1万亿元，惠及1.5亿人次，有力促进相关商品销售和产业发展。

今年第三批625亿元超长期特别国债支持消费品以旧换新资金已下达，政策效应持续显现；国家发展改革委正会同有关部门抓紧研究制定扩大内需战略实施方案（2026—2030年）……扩内需、促消费系列政策持续推出，将助力消费市场规模持续扩大。

**优化供给，形成新增长点**

商品消费是促消费、惠民生的重要领域。我国商品零售额由2021年的39.4万亿元增至2025年的44.3万亿元，累计增长12.5%，占社会消费品零售总额的比重长期保持在90%左右。

《规划》突出创新引领，从推广绿色消费、提升生活类商品消费、推进“IP（知识产权）+消费”等方面，对推动商品消费扩容升级进行了系统部署。

正值暑期，江西景德镇御窑博物院迎来许多游客，研学游的学生、亲子游的家庭在文创区域认真挑选商品。

“我到每个地方旅游都会买特色文创产品。”来自浙江宁波的游客张莹刚买了一个“岁岁鸭”冰箱贴，冰箱贴外观参照馆藏文物素三彩鸭形香薰设计。“很有历史感。”张莹很满意。

围绕“岁岁鸭”IP，景德镇御窑博物院推出了180余款周边文创。院长翁彦俊介绍，博物院与设计单位合作，挖掘文物特色，不时推出新的文创产品，对于市场反馈好的会进一步规模化生产。“IP+消费”这一模式，既让更多人了解文物，也产生了经济效益。

“人工智能等技术推动商品消费迭代升级，消费新业态新模式新场景不断涌现，是持续创造增量的关键动力。”姜照分析。

上半年，社会消费品零售总额16大类商品中，10类商品实现了增长，其中7类商品的增速在5%以上。商务部有关负责同志表示，将出台相关政策措施，推动商品消费规模扩大、结构升级，更好顺应和满足人民群众多样化、多层次的消费需求。

**夯实扩大消费的根基，进一步释放潜力**

当前，消费领域还面临一些矛盾和问题，客观上制约着消费潜力的进一步释放。

国务院发展研究中心市场经济研究所市场流通研究室主任陈丽芬认为，《规划》更加注重提升消费能力、优化消费环境、完善促进消费制度机制等长效制度建设，强调通过多渠道促进居民增收、保障消费者权益、清理优化不合理限制性措施等举措，切实增强人们的消费意愿和消费能力，夯实扩大消费的根基。

《规划》一方面坚持惠民生与促消费紧密结合，提高人民生活品质；另一方面注重处理好短期与长期、供给与需求、政府与市场、消费政策与其他经济社会政策等关系，坚持消费领域具体举措与提升消费能力、优化消费环境、健全制度政策一体推进，着力构建更加有力的政策体系。

习近平经济思想研究中心副主任王蕴认为，就业和收入既是民生大事，也是扩大消费的基础。要更加突出就业优先导向，强化就业优先政策。落实好结构性减税降费政策，支持吸纳就业能力强的产业和企业稳岗扩岗，强化包括高校毕业生在内的青年群体等重点人群就业服务和职业技能提升服务。

国家发展改革委有关负责同志表示，大力提振消费，要着力提升消费能力，深入实施就业优先战略，持续开展大规模职业技能提升培训，多渠道促进居民增收，让居民消费底气更足、预期更稳、信心更强。",王东辉  王  珂,要闻,,https://paper.people.com.cn/rmrb/pc/content/202608/13/content_30174615.html,2026-08-13,"['消费', '万亿元', '消费品', '商品', '消费市场', '零售总额', '10', '文创', '增量', '2025']","作为消费领域首份国家级专项规划，《扩大消费“十五五”规划》（以下简称《规划》）提出到2030年消费市场发展目标：消费市场总体规模持续扩大，社会消费品零售总额达到60万亿元左右。
2025年，我国社会消费品零售总额达50.12万亿元，连续多年稳居全球第二大商品消费市场和第一大网络零售市场。
按照目标，未来5年，社会消费品零售总额将有10万亿元左右增量。实现增量目标的支撑条件如何？怎样实现增量目标？记者进行了采访。",政治,,,[],data/vault/2026/08/2026-08-13/02-要闻/5年10万亿元消费增量有支撑（经济新方位·解码“十五五”专项规划）.md,02,要闻
贴近群众生活  满足多样需求（编辑手记）,"消费，一头连着经济大盘，一头连着千家万户的生活。扩大消费的成效，关乎经济发展动能，更关系每一个人生活的点点滴滴。
《规划》与群众贴得很近，为满足多样需求提供了“一揽子方案”。以服务消费为例，“扩大养老消费”关注老年人的幸福晚年，“支持托育消费”立足让“宝爸宝妈”育儿更轻松，“提升教育和培训消费品质”为终身学习提供支撑……出发点和落脚点都是“促进服务消费提质惠民”。
5年10万亿元增量的底气，正是来自群众在“柴米油盐”中一次次满意的消费体验，来自各方不断为群众的高品质生活添砖加瓦。随着《规划》的深入实施，相信群众的消费需求会得到越来越精细的满足，消费也将在支撑高质量发展中发挥更大作用。","# 贴近群众生活  满足多样需求（编辑手记）

> 崔  斌《人民日报》（2026年08月13日第 02 版）

消费，一头连着经济大盘，一头连着千家万户的生活。扩大消费的成效，关乎经济发展动能，更关系每一个人生活的点点滴滴。

《规划》与群众贴得很近，为满足多样需求提供了“一揽子方案”。以服务消费为例，“扩大养老消费”关注老年人的幸福晚年，“支持托育消费”立足让“宝爸宝妈”育儿更轻松，“提升教育和培训消费品质”为终身学习提供支撑……出发点和落脚点都是“促进服务消费提质惠民”。

5年10万亿元增量的底气，正是来自群众在“柴米油盐”中一次次满意的消费体验，来自各方不断为群众的高品质生活添砖加瓦。随着《规划》的深入实施，相信群众的消费需求会得到越来越精细的满足，消费也将在支撑高质量发展中发挥更大作用。",崔  斌,要闻,,https://paper.people.com.cn/rmrb/pc/content/202608/13/content_30174616.html,2026-08-13,"['消费', '群众', '生活', '满足', '需求', '多样', '一头', '相信群众', '为例', '托育']","消费，一头连着经济大盘，一头连着千家万户的生活。扩大消费的成效，关乎经济发展动能，更关系每一个人生活的点点滴滴。
《规划》与群众贴得很近，为满足多样需求提供了“一揽子方案”。以服务消费为例，“扩大养老消费”关注老年人的幸福晚年，“支持托育消费”立足让“宝爸宝妈”育儿更轻松，“提升教育和培训消费品质”为终身学习提供支撑……出发点和落脚点都是“促进服务消费提质惠民”。
5年10万亿元增量的底气，正是来自群众在“柴米油盐”中一次次满意的消费体验，来自各方不断为群众的高品质生活添砖加瓦。随着《规划》的深入实施，相信群众的消费需求会得到越来越精细的满足，消费也将在支撑高质量发展中发挥更大作用。",经济,,,[],data/vault/2026/08/2026-08-13/02-要闻/贴近群众生活 满足多样需求（编辑手记）.md,02,要闻
从“一片叶子富了一方百姓”看共同富裕,"“月亮出来明又明，感谢浙江黄杜村，千里送苗来到此，子子孙孙不忘恩……”贵州普安地瓜镇屯上村的“白叶一号”感恩茶园里，朴素的山歌在山间回荡，讲述着跨越近2000公里的山海共同富裕故事。
在浙江安吉，黄杜村一直很有名，以前是因为穷，现在则是因为富。一株茶苗，经过辛勤浇灌，不仅让黄杜变身远近闻名的“白茶第一村”，更成为联结山海的致富纽带，带动湖南古丈、四川青川和贵州普安、沿河、雷山三省五县走向共同富裕。
从“一片叶子富了一方百姓”到“一片叶子再富一方百姓”，跨越20多年的致富路，为何能够越走越宽？就是因为黄杜村始终坚持依靠勤劳创新致富。面对缺资金、缺技术、缺市场的难题，黄杜村人不等不靠，一手争取信贷资金、拓宽销售渠道，一手推动绿色、有机白茶认证，打造白茶生态休闲观光园区，靠着勤劳的双手和创新的意识，黄杜村完成了从“到处黄泥路，穷到小伙子娶不到媳妇”到“家家户户小别墅，一个院子停3辆私家车”的蜕变，并把最优质的茶苗、最实用的技术、最宝贵的经验送到千里之外，实现先富帮后富，共奔致富路。
“幸福生活都是奋斗出来的，共同富裕要靠勤劳智慧来创造。”黄杜村的“一片叶子”告诉我们：共同富裕不是“等出来”“分出来”的，是依靠共同奋斗、勤劳创新和优势互补干出来的，必须坚持在高质量发展中促进共同富裕。
共同富裕是社会主义的本质要求，是中国式现代化的重要特征，也是中国共产党和中国人民的不懈追求。必须清醒认识到，共同富裕绝不是轻轻松松、敲锣打鼓就能实现的，而是要依靠人民群众的勤劳智慧创造出来，唯有全体人民共同奋斗、不懈奋斗，凝聚共识，形成共同奋斗的良好氛围，才能在高质量发展中实现共同富裕。历史和现实都证明，对于中国这样一个有着14亿多人口的大国，好日子等不来、要不来，唯有奋斗，别无他路。
“万物得其本者生，百事得其道者成。”实现共同富裕，必须脚踏实地、久久为功，科学把握战略目标和实践途径。我们要实现的共同富裕，不是所有人都同时富裕，也不是所有地区同时达到一个富裕水准，不同人群不仅实现富裕的程度有高有低，时间上也会有先有后，不同地区富裕程度还会存在一定差异，不可能齐头并进。一方面要看到，促进共同富裕是长期、艰巨、复杂的任务，是一个长期的历史过程。另一方面，也要深刻认识到，共同富裕是全体人民的富裕，是人人参与、人人尽力、人人享有的富裕，归根结底要靠全体人民共同奋斗，遵循经济社会发展规律循序渐进，首先要通过全国人民共同奋斗把“蛋糕”做大做好，然后通过合理的制度安排把“蛋糕”切好分好。
每年城镇新增就业稳定在1200万人以上，新增布局114个国家区域医疗中心，人均预期寿命达到79.25岁……“十四五”时期，把造福人民作为根本价值取向，在发展中稳步提升民生保障水平，我们每个人都是发展的参与者，也是发展的受益者。正是14亿多中国人民的团结奋斗，凝聚起战胜一切艰难险阻的磅礴力量，确保了“十四五”规划各项任务顺利推进，全体人民共同富裕迈出坚实步伐。
美好生活里，有民生观，也有发展观、现代化观。
从黄杜村的“一片叶子”，到闽宁镇的山海深情，当前，我国已到了扎实推动共同富裕的历史阶段，亿万人民正在党的带领下，用双手创造财富，用奋斗书写传奇，朝着共同富裕目标扎实迈进，向着全面建设社会主义现代化国家的宏伟目标阔步前进。
成就源自共同奋斗，成果终由你我共享。中国式现代化是人口规模巨大的现代化，也是全体人民共同富裕的现代化。新征程上，在以习近平同志为核心的党中央坚强领导下，在习近平经济思想科学指引下，再接再厉、接续奋斗，我们定能绘就更加壮美的共同富裕新图景。","# 从“一片叶子富了一方百姓”看共同富裕

> 吴秋余《人民日报》（2026年08月13日第 02 版）

“月亮出来明又明，感谢浙江黄杜村，千里送苗来到此，子子孙孙不忘恩……”贵州普安地瓜镇屯上村的“白叶一号”感恩茶园里，朴素的山歌在山间回荡，讲述着跨越近2000公里的山海共同富裕故事。

在浙江安吉，黄杜村一直很有名，以前是因为穷，现在则是因为富。一株茶苗，经过辛勤浇灌，不仅让黄杜变身远近闻名的“白茶第一村”，更成为联结山海的致富纽带，带动湖南古丈、四川青川和贵州普安、沿河、雷山三省五县走向共同富裕。

从“一片叶子富了一方百姓”到“一片叶子再富一方百姓”，跨越20多年的致富路，为何能够越走越宽？就是因为黄杜村始终坚持依靠勤劳创新致富。面对缺资金、缺技术、缺市场的难题，黄杜村人不等不靠，一手争取信贷资金、拓宽销售渠道，一手推动绿色、有机白茶认证，打造白茶生态休闲观光园区，靠着勤劳的双手和创新的意识，黄杜村完成了从“到处黄泥路，穷到小伙子娶不到媳妇”到“家家户户小别墅，一个院子停3辆私家车”的蜕变，并把最优质的茶苗、最实用的技术、最宝贵的经验送到千里之外，实现先富帮后富，共奔致富路。

“幸福生活都是奋斗出来的，共同富裕要靠勤劳智慧来创造。”黄杜村的“一片叶子”告诉我们：共同富裕不是“等出来”“分出来”的，是依靠共同奋斗、勤劳创新和优势互补干出来的，必须坚持在高质量发展中促进共同富裕。

共同富裕是社会主义的本质要求，是中国式现代化的重要特征，也是中国共产党和中国人民的不懈追求。必须清醒认识到，共同富裕绝不是轻轻松松、敲锣打鼓就能实现的，而是要依靠人民群众的勤劳智慧创造出来，唯有全体人民共同奋斗、不懈奋斗，凝聚共识，形成共同奋斗的良好氛围，才能在高质量发展中实现共同富裕。历史和现实都证明，对于中国这样一个有着14亿多人口的大国，好日子等不来、要不来，唯有奋斗，别无他路。

“万物得其本者生，百事得其道者成。”实现共同富裕，必须脚踏实地、久久为功，科学把握战略目标和实践途径。我们要实现的共同富裕，不是所有人都同时富裕，也不是所有地区同时达到一个富裕水准，不同人群不仅实现富裕的程度有高有低，时间上也会有先有后，不同地区富裕程度还会存在一定差异，不可能齐头并进。一方面要看到，促进共同富裕是长期、艰巨、复杂的任务，是一个长期的历史过程。另一方面，也要深刻认识到，共同富裕是全体人民的富裕，是人人参与、人人尽力、人人享有的富裕，归根结底要靠全体人民共同奋斗，遵循经济社会发展规律循序渐进，首先要通过全国人民共同奋斗把“蛋糕”做大做好，然后通过合理的制度安排把“蛋糕”切好分好。

每年城镇新增就业稳定在1200万人以上，新增布局114个国家区域医疗中心，人均预期寿命达到79.25岁……“十四五”时期，把造福人民作为根本价值取向，在发展中稳步提升民生保障水平，我们每个人都是发展的参与者，也是发展的受益者。正是14亿多中国人民的团结奋斗，凝聚起战胜一切艰难险阻的磅礴力量，确保了“十四五”规划各项任务顺利推进，全体人民共同富裕迈出坚实步伐。

美好生活里，有民生观，也有发展观、现代化观。

从黄杜村的“一片叶子”，到闽宁镇的山海深情，当前，我国已到了扎实推动共同富裕的历史阶段，亿万人民正在党的带领下，用双手创造财富，用奋斗书写传奇，朝着共同富裕目标扎实迈进，向着全面建设社会主义现代化国家的宏伟目标阔步前进。

成就源自共同奋斗，成果终由你我共享。中国式现代化是人口规模巨大的现代化，也是全体人民共同富裕的现代化。新征程上，在以习近平同志为核心的党中央坚强领导下，在习近平经济思想科学指引下，再接再厉、接续奋斗，我们定能绘就更加壮美的共同富裕新图景。",吴秋余,要闻,,https://paper.people.com.cn/rmrb/pc/content/202608/13/content_30174617.html,2026-08-13,"['共同富裕', '黄杜村', '共同奋斗', '富裕', '人民', '勤劳', '奋斗', '现代化', '叶子', '全体']","“月亮出来明又明，感谢浙江黄杜村，千里送苗来到此，子子孙孙不忘恩……”贵州普安地瓜镇屯上村的“白叶一号”感恩茶园里，朴素的山歌在山间回荡，讲述着跨越近2000公里的山海共同富裕故事。
在浙江安吉，黄杜村一直很有名，以前是因为穷，现在则是因为富。一株茶苗，经过辛勤浇灌，不仅让黄杜变身远近闻名的“白茶第一村”，更成为联结山海的致富纽带，带动湖南古丈、四川青川和贵州普安、沿河、雷山三省五县走向共同富裕。
从“一片叶子富了一方百姓”到“一片叶子再富一方百姓”，跨越20多年的致富路，为何能够越走越宽？就是因为黄杜村始终坚持依靠勤劳创新致富。面对缺资金、缺技术、缺市场的难题，黄杜村人不等不靠，一手争取信贷资金、拓宽销售渠道，一手推动绿色、有机白茶认证，打造白茶生态休闲观光园区，靠着勤劳的双手和创新的意识，黄杜村完成了从“到处黄泥路，穷到小伙子娶不到媳妇”到“家家户户小别墅，一个院子停3辆私家车”的蜕变，并把最优质的茶苗、最实用的技术、最宝贵的经验送到千里之外，实现先富帮后富，共奔致富路。",政治,,,[],data/vault/2026/08/2026-08-13/02-要闻/从“一片叶子富了一方百姓”看共同富裕.md,02,要闻
农业机器人4S店，能干些啥（奋进“十五五” 一线见闻）,"健全公益性和经营性相结合的农业科技推广体系。
——摘自“十五五”规划纲要
江苏无锡高新区城郊，今年新建了4座农业大棚，这里是全国首家农业机器人4S店。
走进其中一座大棚，一根根尼龙绳从棚顶垂下，番茄藤蔓沿绳向上攀爬，叶片下挂着成熟度各不相同的果实。“大棚被打理得井井有条，都是它们的功劳。”门店运营方长三角国家技术创新中心智慧农业机器人研究所的市场运营总监秦齐，向记者介绍起他的“同事们”。
智能巡检机器人“脚踩”轨道式底盘，用头上的摄像头识别番茄的尺寸和颜色，统计果实数量、判断成熟度，再实时回传至云端后台。
接到数据后，智能采摘机器人“上岗”，来到成熟的番茄串前，定位、识别，精准剪下果实。此时，智能物流机器人也已赶到，装满番茄后，自动驶向仓库卸货，随后返回继续作业。
针对不同的作物种类、种植环境和地面条件，门店给大棚配备了相应的机器人员工。在设有轨道的温室里，用轨道式底盘机器人；在泥土地面上，则是轮式或履带式机器人发挥作用。
这里和应用农业机器人的普通种植基地有何不同？
“搭建真实场景，是为了展示农业机器人。”秦齐介绍，种植企业和农户过去往往在经销商处采购农机，购买前不容易判断设备是否适应自家的作物、田块和农艺流程。更多时候，他们需要的不只是一台机器人，更是一整套解决方案：不同机器人如何配合作业，机器人如何与种植环境、农艺流程和生产管理协同……这些都要在真实场景中得到验证。
研究所所长吴昊介绍，依托长三角国家技术创新中心的平台资源，团队聚焦高价值经济作物这一细分赛道，研制出10款农业机器人，实现果蔬生产从种植到采收全周期覆盖，并在此基础上开展销售和服务。
为何要叫4S店？
吴昊解释，门店的“4S”指的是展示体验、销售交付、技术服务和定制解决方案。门店不仅是产品展示和体验中心，也是检验“靠机器人种地能不能赚钱”的试验场——只有这套模式能够创造收益、实现可持续运营，才能形成示范效应，进一步开拓市场。“预计到2028年实现盈利。”吴昊对此很有信心。
前不久，南京金色庄园农产品有限公司在参观考察后，看中了一款紫外光物理植保机器人。“我们种植草莓，希望用先进农机帮助节本增效、提升品质。”企业技术总监李德富说，更吸引人的，是4S店提供的一整套解决方案——技术人员前期可以驻点企业，帮助搭建网络、匹配算法和日常管护，还手把手培训企业员工使用产品。
研发销售相结合的运营模式，让4S店的农业机器人能满足更多客户需求。无锡的安利（中国）植物研发中心种植了杭白菊，种植区行间距较窄、田垄较宽，且需要用有机方式防治病虫害。中心研发人员姜楠钧介绍，不到两个月，4S店便为杭白菊种植定制了一款跨垄式紫外光植保机器人，跨度更大，底盘高度也可以根据田间情况灵活调节。
这家农业机器人4S店已服务近10家客户，还有10余家客户在洽谈中。秦齐坦言，目前客户主要集中在江苏省内及周边地区。对于东北、西南等农业产区的潜在客户来说，想要实地体验，距离仍是障碍。门店计划通过视频直播等方式，让更多种植企业和农户了解机器人怎么干活、实际效果如何；长远看，计划以自营、加盟相结合的模式，将分店逐步布局到更多农业产区，提供有针对性的产品和服务。","# 农业机器人4S店，能干些啥（奋进“十五五” 一线见闻）

## 提供验证场景、定制解决方案

> 本报记者  姚雪青《人民日报》（2026年08月13日第 02 版）

健全公益性和经营性相结合的农业科技推广体系。

——摘自“十五五”规划纲要

江苏无锡高新区城郊，今年新建了4座农业大棚，这里是全国首家农业机器人4S店。

走进其中一座大棚，一根根尼龙绳从棚顶垂下，番茄藤蔓沿绳向上攀爬，叶片下挂着成熟度各不相同的果实。“大棚被打理得井井有条，都是它们的功劳。”门店运营方长三角国家技术创新中心智慧农业机器人研究所的市场运营总监秦齐，向记者介绍起他的“同事们”。

智能巡检机器人“脚踩”轨道式底盘，用头上的摄像头识别番茄的尺寸和颜色，统计果实数量、判断成熟度，再实时回传至云端后台。

接到数据后，智能采摘机器人“上岗”，来到成熟的番茄串前，定位、识别，精准剪下果实。此时，智能物流机器人也已赶到，装满番茄后，自动驶向仓库卸货，随后返回继续作业。

针对不同的作物种类、种植环境和地面条件，门店给大棚配备了相应的机器人员工。在设有轨道的温室里，用轨道式底盘机器人；在泥土地面上，则是轮式或履带式机器人发挥作用。

这里和应用农业机器人的普通种植基地有何不同？

“搭建真实场景，是为了展示农业机器人。”秦齐介绍，种植企业和农户过去往往在经销商处采购农机，购买前不容易判断设备是否适应自家的作物、田块和农艺流程。更多时候，他们需要的不只是一台机器人，更是一整套解决方案：不同机器人如何配合作业，机器人如何与种植环境、农艺流程和生产管理协同……这些都要在真实场景中得到验证。

研究所所长吴昊介绍，依托长三角国家技术创新中心的平台资源，团队聚焦高价值经济作物这一细分赛道，研制出10款农业机器人，实现果蔬生产从种植到采收全周期覆盖，并在此基础上开展销售和服务。

为何要叫4S店？

吴昊解释，门店的“4S”指的是展示体验、销售交付、技术服务和定制解决方案。门店不仅是产品展示和体验中心，也是检验“靠机器人种地能不能赚钱”的试验场——只有这套模式能够创造收益、实现可持续运营，才能形成示范效应，进一步开拓市场。“预计到2028年实现盈利。”吴昊对此很有信心。

前不久，南京金色庄园农产品有限公司在参观考察后，看中了一款紫外光物理植保机器人。“我们种植草莓，希望用先进农机帮助节本增效、提升品质。”企业技术总监李德富说，更吸引人的，是4S店提供的一整套解决方案——技术人员前期可以驻点企业，帮助搭建网络、匹配算法和日常管护，还手把手培训企业员工使用产品。

研发销售相结合的运营模式，让4S店的农业机器人能满足更多客户需求。无锡的安利（中国）植物研发中心种植了杭白菊，种植区行间距较窄、田垄较宽，且需要用有机方式防治病虫害。中心研发人员姜楠钧介绍，不到两个月，4S店便为杭白菊种植定制了一款跨垄式紫外光植保机器人，跨度更大，底盘高度也可以根据田间情况灵活调节。

这家农业机器人4S店已服务近10家客户，还有10余家客户在洽谈中。秦齐坦言，目前客户主要集中在江苏省内及周边地区。对于东北、西南等农业产区的潜在客户来说，想要实地体验，距离仍是障碍。门店计划通过视频直播等方式，让更多种植企业和农户了解机器人怎么干活、实际效果如何；长远看，计划以自营、加盟相结合的模式，将分店逐步布局到更多农业产区，提供有针对性的产品和服务。",姚雪青,要闻,,https://paper.people.com.cn/rmrb/pc/content/202608/13/content_30174621.html,2026-08-13,"['机器人', '4S店', '农业', '种植', '门店', '吴昊', '大棚', '番茄', '秦齐', '10']","健全公益性和经营性相结合的农业科技推广体系。
——摘自“十五五”规划纲要
江苏无锡高新区城郊，今年新建了4座农业大棚，这里是全国首家农业机器人4S店。",政治,,,[],data/vault/2026/08/2026-08-13/02-要闻/农业机器人4S店，能干些啥（奋进“十五五” 一线见闻）.md,02,要闻
“专心做好技术攻关这件事”（我在中国创业）,"科瑞斯（右）和技术人员讨论压缩机外壳加工方案。蒋筱桦供图
科瑞斯（右）和技术人员讨论压缩机外壳加工方案。
蒋筱桦供图
开栏的话
蓬勃发展的中国，处处涌动着创业创新创造的活力。从田间地头到生产车间，从实验室到写字楼，从贸易展会到电商平台，不少外国友人也怀揣梦想和勇气，跨越山海，在中国这片热土上寻找属于自己的机会。他们有着怎样的创业历程，经历什么挑战，又有哪些收获？
本报今起推出“我在中国创业”专栏，记录这些海外创业者的真实经历。他们来自不同国家，身处不同行业，却有着一个共同的身份——中国机遇的共享者。让我们一起走进他们的故事，感受一个活力澎湃、开放包容的中国。
江苏太仓中德生命科学园B3栋厂房内，一场特殊的比赛正在进行。参赛者是两台比鞋盒还小的空气悬架压缩机，一台来自行业头部德国某企业，另一台则来自外资初创企业小科智行（太仓）汽车科技有限公司。
空气悬架压缩机，堪称掌控汽车底盘升降性能的“肺”。它个头虽小，却要有“举起”整台车的力气，还要具备持续稳定工作的“耐久力”。此刻，双方比拼的正是“吐气”爆发力和散热性能。不多时，胜负已分：小科智行完胜，达到同等标定压力值仅需40秒，测试结束时机身只有轻微升温。
“中国的创业氛围太好了，我们的选择一点也没错。”望着屏幕上定格的测试数据，小科智行创始人科瑞斯难掩兴奋。2023年，这名德国工程师与中国籍妻子蒋筱桦来到中国，从零起步踏上创业之路。短短两年多，他就带领团队实现技术上的重大突破。日前，记者走进太仓，探寻这段跨越山海的创业故事。
“到中国去，那里不仅有市场，也有创新氛围”
今年38岁的科瑞斯，此前在德国达姆施塔特市工作，是航空发动机研发领域的高端技术人才。几年前，他注意到，德国街上的新能源汽车日益增多，但汽车底盘频繁升降后调节速度迟缓，容易过热保护。“是空气悬架压缩机不行。”他一眼就看出问题所在。
科瑞斯调研后发现，目前空气悬架压缩机用的仍是20多年前的技术。当压缩机直接给空气悬架供气时，汽车底盘抬升10厘米，竟需要一分半钟。这样的速度，对智能化、高动态的新能源汽车而言，已成明显短板。
这一发现让科瑞斯夫妇看到了广阔的“蓝海”市场——若能在德国组建一个团队，集中力量攻关，便能抢占产业制高点。创业的种子，由此萌发。
“刚开始，我想在德国本土落地，但是困难很大。”科瑞斯坦言，德国汽车工业积淀深厚，然而初创公司纵有技术突破，也很难打入头部企业成熟的供应链体系。更现实的是，在德国创业，从团队搭建、产业链整合到市场开拓，每一个环节都需要初创者自行摸索打通。对于缺乏创业经验、资金有限的初创者而言，每一步都很难。
“中国新能源汽车产业蓬勃发展，要搞前沿技术，就必须到中国去，那里不仅有市场，也有创新氛围。”蒋筱桦的话点醒了迷茫中的科瑞斯。
下定决心后，夫妻俩沉下心来，提前做起“功课”：蒋筱桦辗转联系上在中国的朋友，详细了解创业流程；科瑞斯则专程拜访了多位有在华工作创业经历的德国朋友，了解外资准入政策、产业链配套能力、技术人才供给、市场发展前景等信息。
心里有了底，2023年，夫妻俩踏上飞往中国的航班，并在长三角多地进行考察。一路走、一路看、一路比对。在集聚500多家德资企业的江苏太仓，他们发现这里拥有汽车零部件、精密制造等成熟的配套产业集群，与其创业需求高度契合。“就是这里了。”科瑞斯与蒋筱桦果断决定在太仓开启创业之路。
“这样的效率在其他国家难以想象”
2023年6月5日，小科智行正式成立。
开业第一天，太仓高新区就送上一份“见面礼”：一本详尽的中英双语《太仓高新区人才政策一本通》。这份“创业指南”把人才专项扶持、科技创新补贴等政策讲得明明白白。当天，太仓市科技局“服务专员”便带着科瑞斯夫妻去“看房”，很快敲定了一处临时办公场所。
创业第一年，科瑞斯就获评姑苏创新创业领军人才、太仓科技领军人才等多项荣誉。不仅如此，从公司注册登记、申报材料填报，到投融资对接、政策申请落地，太仓相关部门都安排专人一对一跟进、全流程帮办。“所有流程上的事都有人帮助我们办妥。我唯一要做的，就是专心做好技术攻关这件事。”科瑞斯说，创业之初便倍感安心。
更让科瑞斯感到振奋的，是中国新能源汽车产业强劲的发展势头。近年来，中国持续加大对新能源汽车、智能底盘核心零部件的扶持力度，《产业结构调整指导目录（2024年本）》将线控底盘系统纳入鼓励类范畴，让智能底盘赛道成为资本市场高度关注的科创风口。科瑞斯的创业项目很快获得资本青睐。
完备高效的产业链配套、开放包容的创新氛围，给科瑞斯带来技术突破的底气。他介绍，产品研发所需的很多零部件，在方圆几公里内就能找到。与供应商伙伴谈合作，对方基本上不看“出身”，只看“技术实力”。即便小科智行尚处研发初期，单次采购量微乎其微，但只要他带着图纸上门，对方也乐意听取技术方案，敲定合作意向。哪怕只是几个定制化的小零件，供应商也愿意专门开模，配合他们开展协同研发。
去年，一款小配件的参数需要优化调整。科瑞斯头天下午才把修改后的图纸发给供应商，第二天一早就收到了加工好的新样品。“这样的效率在其他国家难以想象。”科瑞斯感慨道。
在中国，科瑞斯遇到了不少这样的合作伙伴。一台空气悬架压缩机，有100多个零部件，涉及近50家供应商。科瑞斯和蒋筱桦一家家上门对接、打磨细节，仅用不到半年时间，就搭建起完整、高效的供应链体系。
“以长期、全程的服务，为初创企业发展保驾护航”
在产业上下游客户的帮助下，小科智行研发进展迅速，首款自研样机不到一年成功下线，第二代迭代产品快速推出。从组建团队到实现研发落地，仅用两年多时间。
科瑞斯介绍，此前，高端汽车车型需要搭载多套不同规格的气动系统，分别服务于空气悬架底盘升降、座椅按摩、侧翼支撑、制氧机等不同功能。目前，大量中国新能源车型虽逐步配备上述功能，但面临成本挑战。科瑞斯团队研发的产品，只需要一套气动系统就能应用于多个场景，可以推广至更多新能源车型，有效降低成本。
然而，汽车核心零部件有着极高的供应链准入门槛。对于整车企业而言，空气悬架压缩机是关乎行车安全的核心部件，供应链体系相对固定。初创品牌没有规模化量产验证、没有成熟的市场应用背书，很难进入整车企业的视野。科瑞斯的产品尽管在性能测试上表现优异，却在量产合作上遭遇“成长的烦恼”。
“这是企业自身的问题，总不能麻烦政府帮忙吧。”但科瑞斯还是抱着试一试的心态，找到了太仓高新区科技局。
没想到，很快就有了回应。通过梳理本地新能源汽车产业链资源，太仓高新区精准匹配到一家新能源智能重卡科技企业，并出面牵线撮合。目前，双方正在进行洽谈。与此同时，蒋筱桦同国内多家新能源整车厂对接，推动产品市场化推广。
从起步阶段的“拎包入住”，到成长阶段的纾困解难，科瑞斯切身享受到在中国创业的政策红利。他说：“政府部门的扶持不是一次性的，而是以长期、全程的服务，为初创企业发展保驾护航。”
今年的《政府工作报告》中关于“培育壮大新兴产业和未来产业”“加强原始创新和关键核心技术攻关”的部署，让科瑞斯备受鼓舞。
“中国市场的机遇还有太多太多。”科瑞斯说，中国有着全球独有的全产业链配套优势，对新技术、新事物的包容度极高。更重要的是，产业政策的连续性与稳定性，让海外创业者敢投入、敢研发、敢做长期规划。
这不，科瑞斯又定下新的科创目标：将自己的航空级精密动力技术优势，延伸到低空经济新赛道，在中国这片热土上继续书写创业创新的故事，为中德经贸合作与技术交流架起更坚实的桥梁。","# “专心做好技术攻关这件事”（我在中国创业）

## ——一位德国工程师太仓创业记

> 本报记者  王伟健《人民日报》（2026年08月13日第 03 版）

科瑞斯（右）和技术人员讨论压缩机外壳加工方案。　　蒋筱桦供图

科瑞斯（右）和技术人员讨论压缩机外壳加工方案。

蒋筱桦供图

开栏的话

蓬勃发展的中国，处处涌动着创业创新创造的活力。从田间地头到生产车间，从实验室到写字楼，从贸易展会到电商平台，不少外国友人也怀揣梦想和勇气，跨越山海，在中国这片热土上寻找属于自己的机会。他们有着怎样的创业历程，经历什么挑战，又有哪些收获？

本报今起推出“我在中国创业”专栏，记录这些海外创业者的真实经历。他们来自不同国家，身处不同行业，却有着一个共同的身份——中国机遇的共享者。让我们一起走进他们的故事，感受一个活力澎湃、开放包容的中国。

江苏太仓中德生命科学园B3栋厂房内，一场特殊的比赛正在进行。参赛者是两台比鞋盒还小的空气悬架压缩机，一台来自行业头部德国某企业，另一台则来自外资初创企业小科智行（太仓）汽车科技有限公司。

空气悬架压缩机，堪称掌控汽车底盘升降性能的“肺”。它个头虽小，却要有“举起”整台车的力气，还要具备持续稳定工作的“耐久力”。此刻，双方比拼的正是“吐气”爆发力和散热性能。不多时，胜负已分：小科智行完胜，达到同等标定压力值仅需40秒，测试结束时机身只有轻微升温。

“中国的创业氛围太好了，我们的选择一点也没错。”望着屏幕上定格的测试数据，小科智行创始人科瑞斯难掩兴奋。2023年，这名德国工程师与中国籍妻子蒋筱桦来到中国，从零起步踏上创业之路。短短两年多，他就带领团队实现技术上的重大突破。日前，记者走进太仓，探寻这段跨越山海的创业故事。

**“到中国去，那里不仅有市场，也有创新氛围”**

今年38岁的科瑞斯，此前在德国达姆施塔特市工作，是航空发动机研发领域的高端技术人才。几年前，他注意到，德国街上的新能源汽车日益增多，但汽车底盘频繁升降后调节速度迟缓，容易过热保护。“是空气悬架压缩机不行。”他一眼就看出问题所在。

科瑞斯调研后发现，目前空气悬架压缩机用的仍是20多年前的技术。当压缩机直接给空气悬架供气时，汽车底盘抬升10厘米，竟需要一分半钟。这样的速度，对智能化、高动态的新能源汽车而言，已成明显短板。

这一发现让科瑞斯夫妇看到了广阔的“蓝海”市场——若能在德国组建一个团队，集中力量攻关，便能抢占产业制高点。创业的种子，由此萌发。

“刚开始，我想在德国本土落地，但是困难很大。”科瑞斯坦言，德国汽车工业积淀深厚，然而初创公司纵有技术突破，也很难打入头部企业成熟的供应链体系。更现实的是，在德国创业，从团队搭建、产业链整合到市场开拓，每一个环节都需要初创者自行摸索打通。对于缺乏创业经验、资金有限的初创者而言，每一步都很难。

“中国新能源汽车产业蓬勃发展，要搞前沿技术，就必须到中国去，那里不仅有市场，也有创新氛围。”蒋筱桦的话点醒了迷茫中的科瑞斯。

下定决心后，夫妻俩沉下心来，提前做起“功课”：蒋筱桦辗转联系上在中国的朋友，详细了解创业流程；科瑞斯则专程拜访了多位有在华工作创业经历的德国朋友，了解外资准入政策、产业链配套能力、技术人才供给、市场发展前景等信息。

心里有了底，2023年，夫妻俩踏上飞往中国的航班，并在长三角多地进行考察。一路走、一路看、一路比对。在集聚500多家德资企业的江苏太仓，他们发现这里拥有汽车零部件、精密制造等成熟的配套产业集群，与其创业需求高度契合。“就是这里了。”科瑞斯与蒋筱桦果断决定在太仓开启创业之路。

**“这样的效率在其他国家难以想象”**

2023年6月5日，小科智行正式成立。

开业第一天，太仓高新区就送上一份“见面礼”：一本详尽的中英双语《太仓高新区人才政策一本通》。这份“创业指南”把人才专项扶持、科技创新补贴等政策讲得明明白白。当天，太仓市科技局“服务专员”便带着科瑞斯夫妻去“看房”，很快敲定了一处临时办公场所。

创业第一年，科瑞斯就获评姑苏创新创业领军人才、太仓科技领军人才等多项荣誉。不仅如此，从公司注册登记、申报材料填报，到投融资对接、政策申请落地，太仓相关部门都安排专人一对一跟进、全流程帮办。“所有流程上的事都有人帮助我们办妥。我唯一要做的，就是专心做好技术攻关这件事。”科瑞斯说，创业之初便倍感安心。

更让科瑞斯感到振奋的，是中国新能源汽车产业强劲的发展势头。近年来，中国持续加大对新能源汽车、智能底盘核心零部件的扶持力度，《产业结构调整指导目录（2024年本）》将线控底盘系统纳入鼓励类范畴，让智能底盘赛道成为资本市场高度关注的科创风口。科瑞斯的创业项目很快获得资本青睐。

完备高效的产业链配套、开放包容的创新氛围，给科瑞斯带来技术突破的底气。他介绍，产品研发所需的很多零部件，在方圆几公里内就能找到。与供应商伙伴谈合作，对方基本上不看“出身”，只看“技术实力”。即便小科智行尚处研发初期，单次采购量微乎其微，但只要他带着图纸上门，对方也乐意听取技术方案，敲定合作意向。哪怕只是几个定制化的小零件，供应商也愿意专门开模，配合他们开展协同研发。

去年，一款小配件的参数需要优化调整。科瑞斯头天下午才把修改后的图纸发给供应商，第二天一早就收到了加工好的新样品。“这样的效率在其他国家难以想象。”科瑞斯感慨道。

在中国，科瑞斯遇到了不少这样的合作伙伴。一台空气悬架压缩机，有100多个零部件，涉及近50家供应商。科瑞斯和蒋筱桦一家家上门对接、打磨细节，仅用不到半年时间，就搭建起完整、高效的供应链体系。

**“以长期、全程的服务，为初创企业发展保驾护航”**

在产业上下游客户的帮助下，小科智行研发进展迅速，首款自研样机不到一年成功下线，第二代迭代产品快速推出。从组建团队到实现研发落地，仅用两年多时间。

科瑞斯介绍，此前，高端汽车车型需要搭载多套不同规格的气动系统，分别服务于空气悬架底盘升降、座椅按摩、侧翼支撑、制氧机等不同功能。目前，大量中国新能源车型虽逐步配备上述功能，但面临成本挑战。科瑞斯团队研发的产品，只需要一套气动系统就能应用于多个场景，可以推广至更多新能源车型，有效降低成本。

然而，汽车核心零部件有着极高的供应链准入门槛。对于整车企业而言，空气悬架压缩机是关乎行车安全的核心部件，供应链体系相对固定。初创品牌没有规模化量产验证、没有成熟的市场应用背书，很难进入整车企业的视野。科瑞斯的产品尽管在性能测试上表现优异，却在量产合作上遭遇“成长的烦恼”。

“这是企业自身的问题，总不能麻烦政府帮忙吧。”但科瑞斯还是抱着试一试的心态，找到了太仓高新区科技局。

没想到，很快就有了回应。通过梳理本地新能源汽车产业链资源，太仓高新区精准匹配到一家新能源智能重卡科技企业，并出面牵线撮合。目前，双方正在进行洽谈。与此同时，蒋筱桦同国内多家新能源整车厂对接，推动产品市场化推广。

从起步阶段的“拎包入住”，到成长阶段的纾困解难，科瑞斯切身享受到在中国创业的政策红利。他说：“政府部门的扶持不是一次性的，而是以长期、全程的服务，为初创企业发展保驾护航。”

今年的《政府工作报告》中关于“培育壮大新兴产业和未来产业”“加强原始创新和关键核心技术攻关”的部署，让科瑞斯备受鼓舞。

“中国市场的机遇还有太多太多。”科瑞斯说，中国有着全球独有的全产业链配套优势，对新技术、新事物的包容度极高。更重要的是，产业政策的连续性与稳定性，让海外创业者敢投入、敢研发、敢做长期规划。

这不，科瑞斯又定下新的科创目标：将自己的航空级精密动力技术优势，延伸到低空经济新赛道，在中国这片热土上继续书写创业创新的故事，为中德经贸合作与技术交流架起更坚实的桥梁。",王伟健,要闻,,https://paper.people.com.cn/rmrb/pc/content/202608/13/content_30174622.html,2026-08-13,"['瑞斯', '创业', '太仓', '蒋筱桦', '压缩机', '悬架', '小科智行', '初创', '新能源', '中国']","科瑞斯（右）和技术人员讨论压缩机外壳加工方案。蒋筱桦供图
科瑞斯（右）和技术人员讨论压缩机外壳加工方案。
蒋筱桦供图",政治,,,[],data/vault/2026/08/2026-08-13/03-要闻/“专心做好技术攻关这件事”（我在中国创业）.md,03,要闻
坚持系统观念  夯实防灾能力,"6月30日，中共中央政治局召开会议，研究部署防汛抗旱工作，指出“各地区各有关部门要进一步提高思想认识，树牢底线思维、极限思维，立足防大汛、抗大旱、防强台风，采取有力措施做好防汛抗旱、抢险救灾各项工作”。7月30日，中共中央政治局召开会议，强调“加强对病险水库、江河堤防、山洪和地质灾害危险区、城市低洼易涝点等隐患排查治理，扎实做好防汛应急抢险救灾各项工作，全力维护人民群众生命财产安全”。
近一段时间，各部门立足防大汛、抗大旱、防强台风，坚持系统观念、密切协同联动、强化科技赋能、排查风险隐患，持续提升认识和能力，以实际行动扛起责任、担当作为。
密切协同联动
开展培训  值守会商
“近年来，打破以往规律、超越传统认知的极端天气明显增多。”应急管理部有关负责人介绍，我国北方地区暴雨过程次数近5年均值较上世纪90年代偏多50%，暴雨过程综合强度较常年同期偏强50%。今年6月以来，北方地区频繁出现降雨天气，防汛从过去的“备多战少”变成现在的“常态大考”。
雨带北抬，为北方地区防汛工作带来新挑战。今年5月，中组部、中央党校（国家行政学院）、国家防灾减灾救灾委员会办公室、应急管理部联合举办北方地区基层干部防汛减灾救灾能力提升专题培训，来自16个省份的30余万名市县党政负责同志和乡镇、村社党组织书记参加。培训旨在推动相关部门和地方加快流域防洪工程、城市排涝、气象监测、应急救援等能力建设，提升北方地区防汛减灾救灾能力。
今年主汛期，国家防总办公室组织应急管理、水利、气象、自然资源、交通运输、住房城乡建设等部门，在国家应急指挥总部联合值守，逐日滚动开展联合会商研判。国家防汛抗旱总指挥部、国家防灾减灾救灾委员会发挥牵头抓总、统筹协调作用，会同有关单位聚焦关键时段、重点领域、突出风险，扎实做好防汛应急抢险救灾各项工作。
加强监测预警。“我们加强山区小流域等重点区域和夜间、强降雨等重点时段的暴雨、洪涝监测预警，强化递进式预报预警服务。”中国气象局有关负责人表示，为应对台风“白海豚”，中央气象台加强值班值守，增设应急首席、媒体服务首席，提前关注台风系统发展，组织专题会商、加密会商；加强气象卫星、北斗平漂探空、漂流浮标等应用；积极强化联动，指导受影响省份更精准研判风雨影响。
排查风险隐患。今年汛期前，应急管理部组织13个检查组分赴18个省份，进行全国防灾减灾救灾工作检查；针对前些年汛期灾害多、伤亡重的区域点位，开展重点部位隐患排查专项行动，紧盯山洪沟口、狭窄河道、临坡临崖等高风险区，全面排查水库、堤防、公路桥隧、养老院、施工工地、旅游景区等重点部位风险隐患，从源头防控风险。
提升应急能力。国家综合性消防救援队伍、中央企业专业力量等各类力量充分发挥作用，区域应急救援中心实战能力得到充实提高，抢险施救更加及时科学。应急管理部有关负责人表示：“我们将进一步推动完善基层应急管理组织体系、救援力量体系，在洪涝和地质灾害多发易发镇村配备发电机、卫星电话、挖掘机等装备，加大通信保底装备预置力度，在应对断路、断网、断电方面提升成效。”
强化科技赋能
搭建模型  多维监测
监测预警，是防汛第一道防线。降雨从哪来、何时来、来多少？辽宁搭建起多尺度递进式洪水预报模型，通过融合多源气象水文数据，建成高精度河系洪水预报体系，形成“中期—短期—短临”全周期预报能力。
“结合实况降雨与气象模式数据，模型可提前5天完成全省逐河、逐站、逐库洪水趋势预测；整合32部水利、气象测雨雷达数据，每10分钟滚动计算中小河流洪峰流量，自动生成风险清单与影响范围，精准推送至各级防汛指挥部。”辽宁省水利厅有关负责人表示，本轮汛情防御工作实现了提前5天预判浑河干流全线超警、提前1天锁定浑河编号洪水过程，及时发布的中小河流超警超保预警，为前置防御、提前部署争取到宝贵的窗口期。
科技赋能、数智赋能，有力支撑防汛抗洪。
打通应急通信生命线。受台风“美莎克”影响，7月4日起广西遭遇持续强降雨，引发南宁、贵港、防城港、钦州等地严重洪涝灾害。应急管理部会同工业和信息化部快速决策、及时响应，统筹广西及广东、湖北、四川、福建等周边省份应急通信无人机资源，赴南宁、贵港、钦州等灾害重点区域执行应急通信保障任务。“应急通信无人机打破了地面限制，取得了良好的实战效果。”应急管理部科技和信息化司有关负责人表示。
加强遥感监测技术应用。今年入汛以来，持续高温加剧高山冰川消融，冰湖溃决风险增大。水利部减灾中心（防御中心）利用光学、雷达、测高卫星等多源遥感技术，常态化开展重点冰湖面积、水位与蓄水量变化监测，精准研判冰湖泄流时机，为下游应对争得时间。
“当前，240部水利测雨雷达覆盖国土面积约90万平方公里。”水利部减灾有关负责人表示，“无人机监测共享服务平台、水利视频资源的应用，体现了科技赋能的力量。”
排查风险隐患
人防技防  综合施策
我国现有水库约9.4万座，数量居世界首位。水库安全，是防汛工作的重点关注环节。
“土石坝是由土料、石料或混合料堆筑成的挡水坝，因就地取材、地基适应性强等特点，被广泛运用在水库建设中。”中国水科院岩土所所长邓刚介绍，土石坝坝体抗渗抗冲能力相对较弱，如果水库建设年代较早、出现内部侵蚀，一旦遇上极端天气，就容易引发险情。
如何防治？中国水科院总结了“戴帽”“围脖”“穿衣”“护脚”的综合举措。
“戴帽”是指坡顶硬化，在坝顶铺设高强抗冲层；“围脖”是指坡颈防淘，坝顶转向坡面的转折处被称为坡颈，水流在这里容易产生“上抬力”，把土石料“吸”出来，用刚性反弧结构“围住脖子”，可避免冲刷破坏；“穿衣”是指坡面抗冲，在下游坡面构建抗冲刷防护层，既避免水流渗入坡面，又降低坡面下扬压力；“护脚”是指坡底消能，在坡底设置消能和排水结构，排出底部渗水，避免坡脚被淘空。
水库安全，要有人管、管得住。水利部全面落实小型水库防汛行政、技术和巡查“三个责任人”16万人；汛期以汛情严重地区的病险水库为重点，每天有针对性地通过电话了解水库运行状况，提醒水库责任人履职尽责；严格落实病险水库限制运用措施，要求病险水库主汛期原则上一律空库运行。
堤防，是防洪工程体系的重要组成部分。截至2025年底，全国已建成1至5级堤防31.8万公里。
守堤护堤，离不开“人防+技防”。水利部层层压实安全管理责任，截至目前落实堤防责任人24万余人。水利部运行管理司司长张文洁介绍，新技术新装备的研发应用提升了巡查检测的效率和精度，水利部门鼓励有条件的地区探索运用探地雷达、高密度电法仪、瞬变电磁仪等新设备，更好地排查风险隐患。
我国山洪灾害点多面广、突发性强、致灾性重，历来是防汛工作的重点。水利部水旱灾害防御司司长姚文广表示，要紧盯高风险区域，重视山洪灾害防御的“最后一公里”，把人员转移工作各环节措施和责任落实到位，全力维护人民群众生命财产安全。","### 各部门协同联动、担当作为

# 坚持系统观念  夯实防灾能力
> 系列：深阅读·扎实做好防灾救灾各项工作

> 本报记者  刘温馨  王  浩  邓剑洋《人民日报》（2026年08月13日第 04 版）

6月30日，中共中央政治局召开会议，研究部署防汛抗旱工作，指出“各地区各有关部门要进一步提高思想认识，树牢底线思维、极限思维，立足防大汛、抗大旱、防强台风，采取有力措施做好防汛抗旱、抢险救灾各项工作”。7月30日，中共中央政治局召开会议，强调“加强对病险水库、江河堤防、山洪和地质灾害危险区、城市低洼易涝点等隐患排查治理，扎实做好防汛应急抢险救灾各项工作，全力维护人民群众生命财产安全”。

近一段时间，各部门立足防大汛、抗大旱、防强台风，坚持系统观念、密切协同联动、强化科技赋能、排查风险隐患，持续提升认识和能力，以实际行动扛起责任、担当作为。

**密切协同联动**

**开展培训  值守会商**

“近年来，打破以往规律、超越传统认知的极端天气明显增多。”应急管理部有关负责人介绍，我国北方地区暴雨过程次数近5年均值较上世纪90年代偏多50%，暴雨过程综合强度较常年同期偏强50%。今年6月以来，北方地区频繁出现降雨天气，防汛从过去的“备多战少”变成现在的“常态大考”。

雨带北抬，为北方地区防汛工作带来新挑战。今年5月，中组部、中央党校（国家行政学院）、国家防灾减灾救灾委员会办公室、应急管理部联合举办北方地区基层干部防汛减灾救灾能力提升专题培训，来自16个省份的30余万名市县党政负责同志和乡镇、村社党组织书记参加。培训旨在推动相关部门和地方加快流域防洪工程、城市排涝、气象监测、应急救援等能力建设，提升北方地区防汛减灾救灾能力。

今年主汛期，国家防总办公室组织应急管理、水利、气象、自然资源、交通运输、住房城乡建设等部门，在国家应急指挥总部联合值守，逐日滚动开展联合会商研判。国家防汛抗旱总指挥部、国家防灾减灾救灾委员会发挥牵头抓总、统筹协调作用，会同有关单位聚焦关键时段、重点领域、突出风险，扎实做好防汛应急抢险救灾各项工作。

加强监测预警。“我们加强山区小流域等重点区域和夜间、强降雨等重点时段的暴雨、洪涝监测预警，强化递进式预报预警服务。”中国气象局有关负责人表示，为应对台风“白海豚”，中央气象台加强值班值守，增设应急首席、媒体服务首席，提前关注台风系统发展，组织专题会商、加密会商；加强气象卫星、北斗平漂探空、漂流浮标等应用；积极强化联动，指导受影响省份更精准研判风雨影响。

排查风险隐患。今年汛期前，应急管理部组织13个检查组分赴18个省份，进行全国防灾减灾救灾工作检查；针对前些年汛期灾害多、伤亡重的区域点位，开展重点部位隐患排查专项行动，紧盯山洪沟口、狭窄河道、临坡临崖等高风险区，全面排查水库、堤防、公路桥隧、养老院、施工工地、旅游景区等重点部位风险隐患，从源头防控风险。

提升应急能力。国家综合性消防救援队伍、中央企业专业力量等各类力量充分发挥作用，区域应急救援中心实战能力得到充实提高，抢险施救更加及时科学。应急管理部有关负责人表示：“我们将进一步推动完善基层应急管理组织体系、救援力量体系，在洪涝和地质灾害多发易发镇村配备发电机、卫星电话、挖掘机等装备，加大通信保底装备预置力度，在应对断路、断网、断电方面提升成效。”

**强化科技赋能**

**搭建模型  多维监测**

监测预警，是防汛第一道防线。降雨从哪来、何时来、来多少？辽宁搭建起多尺度递进式洪水预报模型，通过融合多源气象水文数据，建成高精度河系洪水预报体系，形成“中期—短期—短临”全周期预报能力。

“结合实况降雨与气象模式数据，模型可提前5天完成全省逐河、逐站、逐库洪水趋势预测；整合32部水利、气象测雨雷达数据，每10分钟滚动计算中小河流洪峰流量，自动生成风险清单与影响范围，精准推送至各级防汛指挥部。”辽宁省水利厅有关负责人表示，本轮汛情防御工作实现了提前5天预判浑河干流全线超警、提前1天锁定浑河编号洪水过程，及时发布的中小河流超警超保预警，为前置防御、提前部署争取到宝贵的窗口期。

科技赋能、数智赋能，有力支撑防汛抗洪。

打通应急通信生命线。受台风“美莎克”影响，7月4日起广西遭遇持续强降雨，引发南宁、贵港、防城港、钦州等地严重洪涝灾害。应急管理部会同工业和信息化部快速决策、及时响应，统筹广西及广东、湖北、四川、福建等周边省份应急通信无人机资源，赴南宁、贵港、钦州等灾害重点区域执行应急通信保障任务。“应急通信无人机打破了地面限制，取得了良好的实战效果。”应急管理部科技和信息化司有关负责人表示。

加强遥感监测技术应用。今年入汛以来，持续高温加剧高山冰川消融，冰湖溃决风险增大。水利部减灾中心（防御中心）利用光学、雷达、测高卫星等多源遥感技术，常态化开展重点冰湖面积、水位与蓄水量变化监测，精准研判冰湖泄流时机，为下游应对争得时间。

“当前，240部水利测雨雷达覆盖国土面积约90万平方公里。”水利部减灾有关负责人表示，“无人机监测共享服务平台、水利视频资源的应用，体现了科技赋能的力量。”

**排查风险隐患**

**人防技防  综合施策**

我国现有水库约9.4万座，数量居世界首位。水库安全，是防汛工作的重点关注环节。

“土石坝是由土料、石料或混合料堆筑成的挡水坝，因就地取材、地基适应性强等特点，被广泛运用在水库建设中。”中国水科院岩土所所长邓刚介绍，土石坝坝体抗渗抗冲能力相对较弱，如果水库建设年代较早、出现内部侵蚀，一旦遇上极端天气，就容易引发险情。

如何防治？中国水科院总结了“戴帽”“围脖”“穿衣”“护脚”的综合举措。

“戴帽”是指坡顶硬化，在坝顶铺设高强抗冲层；“围脖”是指坡颈防淘，坝顶转向坡面的转折处被称为坡颈，水流在这里容易产生“上抬力”，把土石料“吸”出来，用刚性反弧结构“围住脖子”，可避免冲刷破坏；“穿衣”是指坡面抗冲，在下游坡面构建抗冲刷防护层，既避免水流渗入坡面，又降低坡面下扬压力；“护脚”是指坡底消能，在坡底设置消能和排水结构，排出底部渗水，避免坡脚被淘空。

水库安全，要有人管、管得住。水利部全面落实小型水库防汛行政、技术和巡查“三个责任人”16万人；汛期以汛情严重地区的病险水库为重点，每天有针对性地通过电话了解水库运行状况，提醒水库责任人履职尽责；严格落实病险水库限制运用措施，要求病险水库主汛期原则上一律空库运行。

堤防，是防洪工程体系的重要组成部分。截至2025年底，全国已建成1至5级堤防31.8万公里。

守堤护堤，离不开“人防+技防”。水利部层层压实安全管理责任，截至目前落实堤防责任人24万余人。水利部运行管理司司长张文洁介绍，新技术新装备的研发应用提升了巡查检测的效率和精度，水利部门鼓励有条件的地区探索运用探地雷达、高密度电法仪、瞬变电磁仪等新设备，更好地排查风险隐患。

我国山洪灾害点多面广、突发性强、致灾性重，历来是防汛工作的重点。水利部水旱灾害防御司司长姚文广表示，要紧盯高风险区域，重视山洪灾害防御的“最后一公里”，把人员转移工作各环节措施和责任落实到位，全力维护人民群众生命财产安全。",刘温馨  王  浩  邓剑洋,要闻,,https://paper.people.com.cn/rmrb/pc/content/202608/13/content_30174626.html,2026-08-13,"['防汛', '应急', '水库', '减灾', '水利部', '排查', '赋能', '隐患', '管理部', '监测']","6月30日，中共中央政治局召开会议，研究部署防汛抗旱工作，指出“各地区各有关部门要进一步提高思想认识，树牢底线思维、极限思维，立足防大汛、抗大旱、防强台风，采取有力措施做好防汛抗旱、抢险救灾各项工作”。7月30日，中共中央政治局召开会议，强调“加强对病险水库、江河堤防、山洪和地质灾害危险区、城市低洼易涝点等隐患排查治理，扎实做好防汛应急抢险救灾各项工作，全力维护人民群众生命财产安全”。
近一段时间，各部门立足防大汛、抗大旱、防强台风，坚持系统观念、密切协同联动、强化科技赋能、排查风险隐患，持续提升认识和能力，以实际行动扛起责任、担当作为。
密切协同联动",政治,,,[],data/vault/2026/08/2026-08-13/04-要闻/坚持系统观念 夯实防灾能力.md,04,要闻
在于都，感悟伟大长征精神（在现场·暑期里的大思政课）,"江西赣州于都县于都河畔，中央红军长征出发纪念碑巍然耸立。碑前，来自扬州大学生物科学与技术学院的8名研学师生列队肃立，聆听讲解。
“纪念碑高19.34米，底座边长10.18米。”讲解员胡晓琼领着师生走向纪念碑，“1934年10月18日，中共中央、中革军委率领中央红军主力在此渡河，踏上长征路。”
随后，师生沿河东行近百米，来到中央红军长征第一渡——东门渡口旧址。河岸边，一块硕大的岩石岿然屹立，上面镌刻着“长征渡口”字样；河面上，静卧着一段复原的木质浮桥。“红军怎么过河的？当年有桥吗？”学生夏宇杰好奇发问。
“没有桥，但是有人民。”胡晓琼回答，“于都河宽600多米，水流湍急。苏区群众倾力支援，捐出800余艘船只，拆门板、卸房梁来搭建浮桥，帮助红军将士渡河。苏区时期，于都人口30多万，先后参加红军的就有6.8万余人；另有近10万群众自发参与支前工作，以不同方式支援红军战略转移。”
听了讲解，夏宇杰感慨：“长征胜利，既靠红军将士们坚定的理想信念、顽强的战斗意志，也靠人民群众的拥护支持。”
一行人走进中央红军长征出发纪念馆。序厅内，主题浮雕墙生动再现了红军集结出征、乡亲含泪送别的动人场景。馆内，5个部分、200余件文物与实物系统呈现了长征背景、秘密转移、集结渡河、万里远征等历史脉络。
纪念馆二楼，沉浸式光影展区运用立体光影、环绕声效等数字技术，勾勒出红军将士夜渡于都河的场面。展区配套设置AR（增强现实）互动体验设施，师生们用手机扫描革命文物、历史场景后，屏幕上便再现出军民架设浮桥、星夜渡河出征等画面。一件件革命文物、一张张照片、一段段影像，让那段红色记忆更加可视可感。
于都祁禄山镇金沙村，山林间蜿蜒着一条19.34公里长的红军长征小道。“红军夜渡于都河后，在此隐秘行军……”一路上，讲解员胡石招娓娓道来，师生们边走边听。
行至野坑坳，胡石招带头停下脚步，讲解道：“这里有不少红军战士长眠。当年，村民们冒着巨大的风险，把牺牲的战士们安葬在这里。”师生们神色肃穆，驻足默立。
山林闷热，山路崎岖。5.2公里的徒步路段走下来，师生们汗流浃背，但无人叫累、无人掉队。“当年红军穿着草鞋、身负辎重，在敌人的炮火中日夜行军，才是真正的艰辛。”学生王艺蓉说，“长征的胜利来之不易！”
傍晚，师生们来到于都长征大剧院。大型红色文旅史诗剧《长征第一渡》拉开帷幕，360度翻转舞台、270度环幕投影、全景环绕声效生动展现了红军出征的壮阔景象。
剧目尾声，无数星火点亮征途，一代代革命先烈的身影跨越时空，与新时代青年对望。“不能忘了来时路”“要倍加珍惜今天的美好生活，努力学习和奋斗”，师生们深受激励，表露心声。
纪念碑前聆听、纪念馆里瞻仰、长征小道践悟、实景剧场感受……近年来，于都持续打造“长征源”思政品牌，把红色资源转化为育人课堂，引导青年学子在沉浸式寻访中传承红色基因。今年以来，于都累计接待县外研学团队1400批次、16.5万人，研学综合收入同比增长30%，红色育人与红色文旅实现双向赋能、共同提质。","# 在于都，感悟伟大长征精神（在现场·暑期里的大思政课）

> 本报记者  周  欢《人民日报》（2026年08月13日第 04 版）

江西赣州于都县于都河畔，中央红军长征出发纪念碑巍然耸立。碑前，来自扬州大学生物科学与技术学院的8名研学师生列队肃立，聆听讲解。

“纪念碑高19.34米，底座边长10.18米。”讲解员胡晓琼领着师生走向纪念碑，“1934年10月18日，中共中央、中革军委率领中央红军主力在此渡河，踏上长征路。”

随后，师生沿河东行近百米，来到中央红军长征第一渡——东门渡口旧址。河岸边，一块硕大的岩石岿然屹立，上面镌刻着“长征渡口”字样；河面上，静卧着一段复原的木质浮桥。“红军怎么过河的？当年有桥吗？”学生夏宇杰好奇发问。

“没有桥，但是有人民。”胡晓琼回答，“于都河宽600多米，水流湍急。苏区群众倾力支援，捐出800余艘船只，拆门板、卸房梁来搭建浮桥，帮助红军将士渡河。苏区时期，于都人口30多万，先后参加红军的就有6.8万余人；另有近10万群众自发参与支前工作，以不同方式支援红军战略转移。”

听了讲解，夏宇杰感慨：“长征胜利，既靠红军将士们坚定的理想信念、顽强的战斗意志，也靠人民群众的拥护支持。”

一行人走进中央红军长征出发纪念馆。序厅内，主题浮雕墙生动再现了红军集结出征、乡亲含泪送别的动人场景。馆内，5个部分、200余件文物与实物系统呈现了长征背景、秘密转移、集结渡河、万里远征等历史脉络。

纪念馆二楼，沉浸式光影展区运用立体光影、环绕声效等数字技术，勾勒出红军将士夜渡于都河的场面。展区配套设置AR（增强现实）互动体验设施，师生们用手机扫描革命文物、历史场景后，屏幕上便再现出军民架设浮桥、星夜渡河出征等画面。一件件革命文物、一张张照片、一段段影像，让那段红色记忆更加可视可感。

于都祁禄山镇金沙村，山林间蜿蜒着一条19.34公里长的红军长征小道。“红军夜渡于都河后，在此隐秘行军……”一路上，讲解员胡石招娓娓道来，师生们边走边听。

行至野坑坳，胡石招带头停下脚步，讲解道：“这里有不少红军战士长眠。当年，村民们冒着巨大的风险，把牺牲的战士们安葬在这里。”师生们神色肃穆，驻足默立。

山林闷热，山路崎岖。5.2公里的徒步路段走下来，师生们汗流浃背，但无人叫累、无人掉队。“当年红军穿着草鞋、身负辎重，在敌人的炮火中日夜行军，才是真正的艰辛。”学生王艺蓉说，“长征的胜利来之不易！”

傍晚，师生们来到于都长征大剧院。大型红色文旅史诗剧《长征第一渡》拉开帷幕，360度翻转舞台、270度环幕投影、全景环绕声效生动展现了红军出征的壮阔景象。

剧目尾声，无数星火点亮征途，一代代革命先烈的身影跨越时空，与新时代青年对望。“不能忘了来时路”“要倍加珍惜今天的美好生活，努力学习和奋斗”，师生们深受激励，表露心声。

纪念碑前聆听、纪念馆里瞻仰、长征小道践悟、实景剧场感受……近年来，于都持续打造“长征源”思政品牌，把红色资源转化为育人课堂，引导青年学子在沉浸式寻访中传承红色基因。今年以来，于都累计接待县外研学团队1400批次、16.5万人，研学综合收入同比增长30%，红色育人与红色文旅实现双向赋能、共同提质。",周  欢,要闻,,https://paper.people.com.cn/rmrb/pc/content/202608/13/content_30174628.html,2026-08-13,"['长征', '红军', '师生', '中央红军', '红色', '研学', '纪念碑', '渡河', '声效', '浮桥']","江西赣州于都县于都河畔，中央红军长征出发纪念碑巍然耸立。碑前，来自扬州大学生物科学与技术学院的8名研学师生列队肃立，聆听讲解。
“纪念碑高19.34米，底座边长10.18米。”讲解员胡晓琼领着师生走向纪念碑，“1934年10月18日，中共中央、中革军委率领中央红军主力在此渡河，踏上长征路。”
随后，师生沿河东行近百米，来到中央红军长征第一渡——东门渡口旧址。河岸边，一块硕大的岩石岿然屹立，上面镌刻着“长征渡口”字样；河面上，静卧着一段复原的木质浮桥。“红军怎么过河的？当年有桥吗？”学生夏宇杰好奇发问。",文化,,,[],data/vault/2026/08/2026-08-13/04-要闻/在于都，感悟伟大长征精神（在现场·暑期里的大思政课）.md,04,要闻
将学习教育成果固化为制度机制（树立和践行正确政绩观）,"近期，各地区各部门各单位持续深入开展树立和践行正确政绩观学习教育，一体推进学查改，着力解决群众关心关切的问题，同时把“当下改”与“长久立”结合起来，将学习教育成果固化为制度机制，更好造福于民、推动发展。
查摆问题推进整改
学习教育中，宁夏银川市聚焦项目建设、企业诉求、民生保障、闲置资产盘活等重点领域，明确集中整治“新官不理旧账”突出问题12项重点任务，印发工作通知和任务分工方案。全市梳理排查出突出问题28个，建立整治台账，明确24家整改责任单位。市里组建工作专班，通过交叉协调、上下联动等方式进行个案攻坚，开展信访积案清零专项行动等，一批问题得到有效处理。
中国电科党组以“四抓四促”机制推进整改整治，制定党组集中整治“新官不理旧账”突出问题若干举措，聚焦违规经营投资等问题，集中回溯历史旧账，推动解决问题，引导领导干部敢理旧账、善理旧账。
浙江丽水市景宁畲族自治县认真查摆问题，建立整改清单，逐一梳理任务内容、查找差距不足、明确改进路径。学习教育开展以来，县里攻坚推进景宁抽水蓄能电站、638国道景宁段建设等项目，破解部分农民安置房登记难等问题。
“51名退休干部的护工费发放存在‘原单位不管、属地不认’的问题，多年未解决。”今年3月，西藏昌都公路事业发展和应急保障中心洛隆养护段向昌都市财政局反映问题。市财政局坚持“尊重历史、面对现实、依法依规、人文关怀”原则，积极协调各方，同时逐人核对信息。经过多轮会商，市财政局统筹资金，一次性补发到位。
云南普洱市开展基层党组织领办民生实事工作，建立走访摸排需求、三级联审定项、分级分类交办、闭环督办落实的全链条工作机制，定下标准化流程，推动村（社区）干部上任先理民生旧账、先解群众急难愁盼。同时，配套设置干部变动交接规程，把“理旧账”写进年度考核。
真抓实干造福于民
前不久，台风“红霞”正面登陆广东惠州市惠东县。惠州市党员干部落实各项举措，全力应对。台风登陆前，惠州抢抓防御“窗口期”，群众转移、物资保障等工作迅速铺开。台风生成当日，党员干部深入老旧危房、低洼村落、地质灾害点，对独居老人、外来务工人员、流动摊贩等群体建立台账，落实特殊群体临灾转移“一对一”机制。台风过境后，迅速开展灾后抢险恢复工作。
闽南语中，“厝边”意为邻居，“金厝边”就是好邻居。学习教育中，福建漳州市以“金厝边”小微公共空间综合利用为抓手，建立市、区、街道、社区四级联动摸排机制，系统梳理高架桥底、道路匝道闲置空地、老旧小区留白空间等低效边角地块，按照“民生优先、分批实施”原则统一纳入盘活地块库，引入高校、设计院专业团队优化方案，兼顾各年龄段群众需求，实现低成本改造。目前，全市已完成20处“金厝边”地块系统化改造，直接惠及12.2万户居民。
针对高龄老人用餐难题，今年4月起，北京市平谷区熊儿寨乡依托政府机关食堂，面向全乡80周岁以上老年人免费提供周末营养早餐，每周六、日早晨由食堂统一制作适老餐食，并依托“村级定点取餐、网格员精准送达”服务链条，由7个村的网格员定时取餐、逐户配送。
学习教育开展以来，江苏宿迁市宿豫区建立“三级包保”帮办服务体系，即一个项目由一名县处级领导干部牵头挂钩、一名科级干部全程帮办、一名项目专员包保负责，“一企一策”定制全流程审批计划，责任到人、包干到底。同时建立项目帮办智慧平台，跨前一步预审、部门联动、数字代跑，审批耗时压降25%以上。
建章立制抓常管长
学习教育中，青海西宁市聚焦考核评价、议事决策、权力监督、民生保障等8个重点领域，对现行规章制度进行全面“体检”。截至目前，累计完成“废、改、立”制度机制601项。针对重显绩轻潜绩、重短期轻长远等突出问题，健全完善考核评价类制度机制33项，强化结果运用，促进干部真抓实干。紧盯政府采购、项目建设、资金管理等重点领域，健全完善议事决策、权力运行监督制约机制。聚焦养老、住房、社会救助等民生关切，健全完善制度机制50项，推动服务供给从“能办”向“好办、快办、暖心办”转变。
“多亏了这场‘急救接力’。”近日，江西永修县江上乡居民王女士的母亲突发心梗，得益于乡镇急救体系，120救护车就近调度出车、乡镇卫生院接力转运，患者仅用半小时就被送达县医院救治，目前已康复出院。
针对以往乡镇急救体系薄弱、基层医疗服务短缺问题，永修县从优化服务体系、降低就医成本、完善医疗布局、提升诊疗能力4个方面精准施策，出台慢性病审批优化、大病免费救治代办等6项便民医疗制度。
湖北建始县从健全意见征集机制入手，依托12345热线、阳光信访平台等广泛收集群众意见，同时建立健全包保责任机制，以入户走访、开门接访、带案下访、办结回访、亲情家访“五访”方式，面对面与群众沟通，了解社情民意，及时回应解决群众诉求。
海南乐东黎族自治县九所镇中灶湾，过去海滩上布满伸向大海的取排水管。如今，禁养区全部完成清退，砂质岸线恢复原貌，新种植的椰树随风舒展，生态痼疾终获解决。
学习教育中，乐东县总结海水养殖生态环境问题整改的好做法、好经验，构建自然资源监管“三道防线”工作机制，健全农业监管制度，完善综合执法机制，织密生态管控体系，守好生态家底。与此同时，发力南繁水产种业，打造绿色转型示范区。目前，苏眉等11种热带名贵鱼种已突破人工繁育难题，2个现代渔业产业园带动6个传统养殖区建设生态养殖园，正加快形成“陆上培苗、深海养殖、园区加工”海洋经济新模式。
（本报记者孟祥夫、乔栋、付文、周亚军、王云娜、潘俊强、范昊天、鲜敢、杨颜菲、张驰）","### 各地区各部门各单位持续深入开展树立和践行正确政绩观学习教育——

# 将学习教育成果固化为制度机制（树立和践行正确政绩观）

> 本报记者《人民日报》（2026年08月13日第 04 版）

近期，各地区各部门各单位持续深入开展树立和践行正确政绩观学习教育，一体推进学查改，着力解决群众关心关切的问题，同时把“当下改”与“长久立”结合起来，将学习教育成果固化为制度机制，更好造福于民、推动发展。

**查摆问题推进整改**

学习教育中，宁夏银川市聚焦项目建设、企业诉求、民生保障、闲置资产盘活等重点领域，明确集中整治“新官不理旧账”突出问题12项重点任务，印发工作通知和任务分工方案。全市梳理排查出突出问题28个，建立整治台账，明确24家整改责任单位。市里组建工作专班，通过交叉协调、上下联动等方式进行个案攻坚，开展信访积案清零专项行动等，一批问题得到有效处理。

中国电科党组以“四抓四促”机制推进整改整治，制定党组集中整治“新官不理旧账”突出问题若干举措，聚焦违规经营投资等问题，集中回溯历史旧账，推动解决问题，引导领导干部敢理旧账、善理旧账。

浙江丽水市景宁畲族自治县认真查摆问题，建立整改清单，逐一梳理任务内容、查找差距不足、明确改进路径。学习教育开展以来，县里攻坚推进景宁抽水蓄能电站、638国道景宁段建设等项目，破解部分农民安置房登记难等问题。

“51名退休干部的护工费发放存在‘原单位不管、属地不认’的问题，多年未解决。”今年3月，西藏昌都公路事业发展和应急保障中心洛隆养护段向昌都市财政局反映问题。市财政局坚持“尊重历史、面对现实、依法依规、人文关怀”原则，积极协调各方，同时逐人核对信息。经过多轮会商，市财政局统筹资金，一次性补发到位。

云南普洱市开展基层党组织领办民生实事工作，建立走访摸排需求、三级联审定项、分级分类交办、闭环督办落实的全链条工作机制，定下标准化流程，推动村（社区）干部上任先理民生旧账、先解群众急难愁盼。同时，配套设置干部变动交接规程，把“理旧账”写进年度考核。

**真抓实干造福于民**

前不久，台风“红霞”正面登陆广东惠州市惠东县。惠州市党员干部落实各项举措，全力应对。台风登陆前，惠州抢抓防御“窗口期”，群众转移、物资保障等工作迅速铺开。台风生成当日，党员干部深入老旧危房、低洼村落、地质灾害点，对独居老人、外来务工人员、流动摊贩等群体建立台账，落实特殊群体临灾转移“一对一”机制。台风过境后，迅速开展灾后抢险恢复工作。

闽南语中，“厝边”意为邻居，“金厝边”就是好邻居。学习教育中，福建漳州市以“金厝边”小微公共空间综合利用为抓手，建立市、区、街道、社区四级联动摸排机制，系统梳理高架桥底、道路匝道闲置空地、老旧小区留白空间等低效边角地块，按照“民生优先、分批实施”原则统一纳入盘活地块库，引入高校、设计院专业团队优化方案，兼顾各年龄段群众需求，实现低成本改造。目前，全市已完成20处“金厝边”地块系统化改造，直接惠及12.2万户居民。

针对高龄老人用餐难题，今年4月起，北京市平谷区熊儿寨乡依托政府机关食堂，面向全乡80周岁以上老年人免费提供周末营养早餐，每周六、日早晨由食堂统一制作适老餐食，并依托“村级定点取餐、网格员精准送达”服务链条，由7个村的网格员定时取餐、逐户配送。

学习教育开展以来，江苏宿迁市宿豫区建立“三级包保”帮办服务体系，即一个项目由一名县处级领导干部牵头挂钩、一名科级干部全程帮办、一名项目专员包保负责，“一企一策”定制全流程审批计划，责任到人、包干到底。同时建立项目帮办智慧平台，跨前一步预审、部门联动、数字代跑，审批耗时压降25%以上。

**建章立制抓常管长**

学习教育中，青海西宁市聚焦考核评价、议事决策、权力监督、民生保障等8个重点领域，对现行规章制度进行全面“体检”。截至目前，累计完成“废、改、立”制度机制601项。针对重显绩轻潜绩、重短期轻长远等突出问题，健全完善考核评价类制度机制33项，强化结果运用，促进干部真抓实干。紧盯政府采购、项目建设、资金管理等重点领域，健全完善议事决策、权力运行监督制约机制。聚焦养老、住房、社会救助等民生关切，健全完善制度机制50项，推动服务供给从“能办”向“好办、快办、暖心办”转变。

“多亏了这场‘急救接力’。”近日，江西永修县江上乡居民王女士的母亲突发心梗，得益于乡镇急救体系，120救护车就近调度出车、乡镇卫生院接力转运，患者仅用半小时就被送达县医院救治，目前已康复出院。

针对以往乡镇急救体系薄弱、基层医疗服务短缺问题，永修县从优化服务体系、降低就医成本、完善医疗布局、提升诊疗能力4个方面精准施策，出台慢性病审批优化、大病免费救治代办等6项便民医疗制度。

湖北建始县从健全意见征集机制入手，依托12345热线、阳光信访平台等广泛收集群众意见，同时建立健全包保责任机制，以入户走访、开门接访、带案下访、办结回访、亲情家访“五访”方式，面对面与群众沟通，了解社情民意，及时回应解决群众诉求。

海南乐东黎族自治县九所镇中灶湾，过去海滩上布满伸向大海的取排水管。如今，禁养区全部完成清退，砂质岸线恢复原貌，新种植的椰树随风舒展，生态痼疾终获解决。

学习教育中，乐东县总结海水养殖生态环境问题整改的好做法、好经验，构建自然资源监管“三道防线”工作机制，健全农业监管制度，完善综合执法机制，织密生态管控体系，守好生态家底。与此同时，发力南繁水产种业，打造绿色转型示范区。目前，苏眉等11种热带名贵鱼种已突破人工繁育难题，2个现代渔业产业园带动6个传统养殖区建设生态养殖园，正加快形成“陆上培苗、深海养殖、园区加工”海洋经济新模式。

（本报记者孟祥夫、乔栋、付文、周亚军、王云娜、潘俊强、范昊天、鲜敢、杨颜菲、张驰）",,要闻,,https://paper.people.com.cn/rmrb/pc/content/202608/13/content_30174629.html,2026-08-13,"['机制', '旧账', '问题', '学习', '教育', '整改', '民生', '群众', '健全', '干部']","近期，各地区各部门各单位持续深入开展树立和践行正确政绩观学习教育，一体推进学查改，着力解决群众关心关切的问题，同时把“当下改”与“长久立”结合起来，将学习教育成果固化为制度机制，更好造福于民、推动发展。
查摆问题推进整改
学习教育中，宁夏银川市聚焦项目建设、企业诉求、民生保障、闲置资产盘活等重点领域，明确集中整治“新官不理旧账”突出问题12项重点任务，印发工作通知和任务分工方案。全市梳理排查出突出问题28个，建立整治台账，明确24家整改责任单位。市里组建工作专班，通过交叉协调、上下联动等方式进行个案攻坚，开展信访积案清零专项行动等，一批问题得到有效处理。",政治,,,[],data/vault/2026/08/2026-08-13/04-要闻/将学习教育成果固化为制度机制（树立和践行正确政绩观）.md,04,要闻
“从群众切身需要来考量”（评论员观察）,"从“我”的视角、“我”的感受中跳出来，摆正群众主体地位，牢牢站稳人民立场，才能把事情办到心坎上
善于在“一枝一叶”里找到“治本之策”，于更长的时间段、更大的格局中为群众谋福祉，这是一种智慧，也是一种担当
不少党员干部是怀揣一腔热情干事情的。不过，“乐于干”不等于“善于干”，干劲如何使对地方？务必谨记“从群众切身需要来考量”。
现实里，不乏好心办出了“尴尬事”。
有的地方广泛铺设室外露天盲道，但材质选用了普通不锈钢，雨雪天走在上面极易打滑，反而存在安全隐患。
有的村美化街道，通知村民一律清除家门口“杂树”，统一栽种蔷薇、月季等，搞得群众有怨气。
这两件事，干部的出发点，都是为群众办点事、给地方多添彩。可为什么出力不讨好？
“干部自己凭空想，看似在为群众考虑，如果不符合实际，结果根本不对路。”习近平总书记讲得透彻：“什么是好事实事，要从群众切身需要来考量，不能主观臆断，不能简单化、片面化。”
从“我”的视角、“我”的感受中跳出来，摆正群众主体地位，牢牢站稳人民立场，才能把事情办到心坎上。
为啥总有干部喜欢“拍脑袋”？上世纪90年代，习近平同志在《从政杂谈》一文中就指出，“自以为是”是干部作风“四忌”之一。工作中，有的干部习惯大包大揽，觉得“我是为你好”，实则刚愎自用，决策与群众意愿不相称、不合拍；有的干部怕征询意见“众口难调”，多一事不如少一事，干脆“拍脑袋”，致使政府买单、群众不买账。“为民造福是最大政绩”，政绩好不好，人民说了才算，切忌自说自话、自我陶醉。
摸清群众需求，没有捷径，唯有实事求是，下一番调查研究的苦功。身入，更要心入、情入。
有驻村干部分享，走访时常见两种情况：一种是上来就夸政策好，嘴里全是感谢、脸上堆着客气，却不愿反映问题；一种是低头闷着、欲言又止，问一句答半句，仿佛有什么难言之隐。为啥？步子走下去了，心却没贴在一起。
在福建工作时，习近平同志带着干部们在酷暑下来到福州市苍霞社区，走进蒸笼一样的木板房调研。亲身体验百姓疾苦，让当地棚改加快了步伐。带着感情，能够共情，掌握实情，才能找准人民之需、谋好工作之要、干出惠民之绩。
群众生产生活中最迫切的需求，往往指向难点问题。越是棘手，越不能撒手，“不能避重就轻，扔了‘西瓜’去拣‘芝麻’”。
甘肃华亭市华庭明珠小区，608户居民因开发商税费拖欠、土地手续不全等历史遗留问题，拿不到产权证，心里压着大石头。当地决心解开“死结”，主动“翻旧账”，成立专班一个难题一个难题攻克，证件陆续办下来，居民直呼“心里热乎”。
做好基层工作，就要敢往矛盾堆里扎、多做雪中送炭事。什么是好干部？就是群众在遇到难题时能第一个想到的人。
把工作往实里干，“不能只看群众眼前的需求，还要看是否会有后遗症”。计之深远、谋之久远，才能维护好群众根本利益。
重庆奉节县燕子村，曾是信访重点村，土地纠纷频发。县人大代表长期走访发现，争执是表象，根源是本地青壮年大量外出务工，村内缺少稳定增收产业。找准深层次需求、结合本地实际，党员干部带领群众发展羊肚菌种植产业，吸纳200余名村民就近务工，年人均增收4000元以上，土地纠纷大幅减少。
善于在“一枝一叶”里找到“治本之策”，于更长的时间段、更大的格局中为群众谋福祉，这是一种智慧，也是一种担当。
从群众需要出发，路就越走越宽；从主观意志出发，路便越走越窄。这个理儿，朴素，却务实管用。","# “从群众切身需要来考量”（评论员观察）

## ——推进基层工作方法谈③

> 彭  飞《人民日报》（2026年08月13日第 05 版）

从“我”的视角、“我”的感受中跳出来，摆正群众主体地位，牢牢站稳人民立场，才能把事情办到心坎上

善于在“一枝一叶”里找到“治本之策”，于更长的时间段、更大的格局中为群众谋福祉，这是一种智慧，也是一种担当

不少党员干部是怀揣一腔热情干事情的。不过，“乐于干”不等于“善于干”，干劲如何使对地方？务必谨记“从群众切身需要来考量”。

现实里，不乏好心办出了“尴尬事”。

有的地方广泛铺设室外露天盲道，但材质选用了普通不锈钢，雨雪天走在上面极易打滑，反而存在安全隐患。

有的村美化街道，通知村民一律清除家门口“杂树”，统一栽种蔷薇、月季等，搞得群众有怨气。

这两件事，干部的出发点，都是为群众办点事、给地方多添彩。可为什么出力不讨好？

“干部自己凭空想，看似在为群众考虑，如果不符合实际，结果根本不对路。”习近平总书记讲得透彻：“什么是好事实事，要从群众切身需要来考量，不能主观臆断，不能简单化、片面化。”

从“我”的视角、“我”的感受中跳出来，摆正群众主体地位，牢牢站稳人民立场，才能把事情办到心坎上。

为啥总有干部喜欢“拍脑袋”？上世纪90年代，习近平同志在《从政杂谈》一文中就指出，“自以为是”是干部作风“四忌”之一。工作中，有的干部习惯大包大揽，觉得“我是为你好”，实则刚愎自用，决策与群众意愿不相称、不合拍；有的干部怕征询意见“众口难调”，多一事不如少一事，干脆“拍脑袋”，致使政府买单、群众不买账。“为民造福是最大政绩”，政绩好不好，人民说了才算，切忌自说自话、自我陶醉。

摸清群众需求，没有捷径，唯有实事求是，下一番调查研究的苦功。身入，更要心入、情入。

有驻村干部分享，走访时常见两种情况：一种是上来就夸政策好，嘴里全是感谢、脸上堆着客气，却不愿反映问题；一种是低头闷着、欲言又止，问一句答半句，仿佛有什么难言之隐。为啥？步子走下去了，心却没贴在一起。

在福建工作时，习近平同志带着干部们在酷暑下来到福州市苍霞社区，走进蒸笼一样的木板房调研。亲身体验百姓疾苦，让当地棚改加快了步伐。带着感情，能够共情，掌握实情，才能找准人民之需、谋好工作之要、干出惠民之绩。

群众生产生活中最迫切的需求，往往指向难点问题。越是棘手，越不能撒手，“不能避重就轻，扔了‘西瓜’去拣‘芝麻’”。

甘肃华亭市华庭明珠小区，608户居民因开发商税费拖欠、土地手续不全等历史遗留问题，拿不到产权证，心里压着大石头。当地决心解开“死结”，主动“翻旧账”，成立专班一个难题一个难题攻克，证件陆续办下来，居民直呼“心里热乎”。

做好基层工作，就要敢往矛盾堆里扎、多做雪中送炭事。什么是好干部？就是群众在遇到难题时能第一个想到的人。

把工作往实里干，“不能只看群众眼前的需求，还要看是否会有后遗症”。计之深远、谋之久远，才能维护好群众根本利益。

重庆奉节县燕子村，曾是信访重点村，土地纠纷频发。县人大代表长期走访发现，争执是表象，根源是本地青壮年大量外出务工，村内缺少稳定增收产业。找准深层次需求、结合本地实际，党员干部带领群众发展羊肚菌种植产业，吸纳200余名村民就近务工，年人均增收4000元以上，土地纠纷大幅减少。

善于在“一枝一叶”里找到“治本之策”，于更长的时间段、更大的格局中为群众谋福祉，这是一种智慧，也是一种担当。

从群众需要出发，路就越走越宽；从主观意志出发，路便越走越窄。这个理儿，朴素，却务实管用。",彭  飞,评论,,https://paper.people.com.cn/rmrb/pc/content/202608/13/content_30174634.html,2026-08-13,"['群众', '干部', '切身', '习近平', '考量', '一种', '之策', '中为', '难题', '摆正']","从“我”的视角、“我”的感受中跳出来，摆正群众主体地位，牢牢站稳人民立场，才能把事情办到心坎上
善于在“一枝一叶”里找到“治本之策”，于更长的时间段、更大的格局中为群众谋福祉，这是一种智慧，也是一种担当
不少党员干部是怀揣一腔热情干事情的。不过，“乐于干”不等于“善于干”，干劲如何使对地方？务必谨记“从群众切身需要来考量”。",政治,,,[],data/vault/2026/08/2026-08-13/05-评论/“从群众切身需要来考量”（评论员观察）.md,05,评论
让绿色能源成为市场优选（微观）,"从消费端挖潜力，把政策的推力和市场的拉力结合起来，才能更好破解产业发展瓶颈，赢得更大战略主动
推进绿色消费，又有新政策。8月1日起，《可再生能源消费最低比重目标和可再生能源电力消纳责任权重制度实施办法》正式施行。这一制度，从省级行政区域和重点用能行业两个层面，压实可再生能源消纳和消费责任，将推动可再生能源消费从“可选项”变为“必答题”。
着眼可再生能源电力的消纳和消费，完善相关保障机制，并对实施情况进行监测、考核，既是促进绿色转型的战略需要，也是挖掘市场潜力的务实举措。
从国际竞争看，碳关税等各种形式的绿色壁垒增多，出口型企业面临一定的成本压力。从国内需求看，可再生能源装机占比超过60%，但绿色价值仍缺乏有效传导与市场体现。从消费端挖潜力，把政策的推力和市场的拉力结合起来，才能更好破解产业发展瓶颈，赢得更大战略主动。
我国绿色转型的深层动力，从来都是“制度引导+市场内生”的双轮驱动。促进绿色能源消费，亦是如此。政府划定绿色“坐标”，市场寻找最优路径——这样既能守住政策底线，又给经营主体留出了弹性空间。
从当前实际看，满足这一刚性约束的市场化手段已有不少，如购买绿证、参与绿电长协交易或短期交易等。但真正的挑战在于，如何构建一套可溯源、可持续，且能兼顾多方利益的绿色能源消费体系。
绿色能源的优先使用，关乎生产、流通、消费等各环节，必须从系统观念出发，因地制宜、协同发力，理顺机制、打通堵点。
今年6月，我国首次达成跨区域“光伏+风电”纯绿电接力外送交易。青海的光伏、黑龙江的风电，跳出“各发各电、各送各电”的窠臼，以昼夜互补、接力外送的方式，为北京提供持续稳定的绿电供应。以市场化手段打破传统外送格局，把不同区域的新能源发电曲线融合为一条稳定的送电曲线，促进绿电消费就有了更强的内生动力。
绿色消费是一场观念变革。在不影响体验、不增加成本的前提下，把绿色产品导入更多消费场景，使之成为市场上的优先选项，消费者的行为习惯也会随之而变。
习惯一旦养成，比什么都管用。在广东深圳，居民通过手机APP缴纳电费时，只需在“绿证交易服务”一栏进行勾选，便能购买来自云贵高原等地的绿电。价格差不多，还能在手机上看到自己充了多少绿电。这一创新应用，吸引了更多人践行绿色生活。
本次将可再生能源非电利用纳入考核，既是约束，也是赋能。比如，当前我国绿色氢氨醇等产业快速发展，初步具备规模化开发利用的基础。这一创新举措，有助于形成稳定需求，推动行业早日实现规模化发展。在新的政策环境中，当更多经营主体找到商业价值与社会责任的平衡点，绿色产业的发展根基就会越来越稳固。
“从摇篮到摇篮”，低碳循环的优势在于用更少的资源、过更好的生活。国际可再生能源署、联合国开发计划署等机构评估指出，中国新能源技术的突破与规模化应用，让全球可再生能源普及进程至少提前了10年。潮起东方，风正帆悬，我国蓬勃发展的绿色产业将长期造福自身、惠及世界。","# 让绿色能源成为市场优选（微观）

> 王云杉《人民日报》（2026年08月13日第 05 版）

从消费端挖潜力，把政策的推力和市场的拉力结合起来，才能更好破解产业发展瓶颈，赢得更大战略主动

推进绿色消费，又有新政策。8月1日起，《可再生能源消费最低比重目标和可再生能源电力消纳责任权重制度实施办法》正式施行。这一制度，从省级行政区域和重点用能行业两个层面，压实可再生能源消纳和消费责任，将推动可再生能源消费从“可选项”变为“必答题”。

着眼可再生能源电力的消纳和消费，完善相关保障机制，并对实施情况进行监测、考核，既是促进绿色转型的战略需要，也是挖掘市场潜力的务实举措。

从国际竞争看，碳关税等各种形式的绿色壁垒增多，出口型企业面临一定的成本压力。从国内需求看，可再生能源装机占比超过60%，但绿色价值仍缺乏有效传导与市场体现。从消费端挖潜力，把政策的推力和市场的拉力结合起来，才能更好破解产业发展瓶颈，赢得更大战略主动。

我国绿色转型的深层动力，从来都是“制度引导+市场内生”的双轮驱动。促进绿色能源消费，亦是如此。政府划定绿色“坐标”，市场寻找最优路径——这样既能守住政策底线，又给经营主体留出了弹性空间。

从当前实际看，满足这一刚性约束的市场化手段已有不少，如购买绿证、参与绿电长协交易或短期交易等。但真正的挑战在于，如何构建一套可溯源、可持续，且能兼顾多方利益的绿色能源消费体系。

绿色能源的优先使用，关乎生产、流通、消费等各环节，必须从系统观念出发，因地制宜、协同发力，理顺机制、打通堵点。

今年6月，我国首次达成跨区域“光伏+风电”纯绿电接力外送交易。青海的光伏、黑龙江的风电，跳出“各发各电、各送各电”的窠臼，以昼夜互补、接力外送的方式，为北京提供持续稳定的绿电供应。以市场化手段打破传统外送格局，把不同区域的新能源发电曲线融合为一条稳定的送电曲线，促进绿电消费就有了更强的内生动力。

绿色消费是一场观念变革。在不影响体验、不增加成本的前提下，把绿色产品导入更多消费场景，使之成为市场上的优先选项，消费者的行为习惯也会随之而变。

习惯一旦养成，比什么都管用。在广东深圳，居民通过手机APP缴纳电费时，只需在“绿证交易服务”一栏进行勾选，便能购买来自云贵高原等地的绿电。价格差不多，还能在手机上看到自己充了多少绿电。这一创新应用，吸引了更多人践行绿色生活。

本次将可再生能源非电利用纳入考核，既是约束，也是赋能。比如，当前我国绿色氢氨醇等产业快速发展，初步具备规模化开发利用的基础。这一创新举措，有助于形成稳定需求，推动行业早日实现规模化发展。在新的政策环境中，当更多经营主体找到商业价值与社会责任的平衡点，绿色产业的发展根基就会越来越稳固。

“从摇篮到摇篮”，低碳循环的优势在于用更少的资源、过更好的生活。国际可再生能源署、联合国开发计划署等机构评估指出，中国新能源技术的突破与规模化应用，让全球可再生能源普及进程至少提前了10年。潮起东方，风正帆悬，我国蓬勃发展的绿色产业将长期造福自身、惠及世界。",王云杉,评论,,https://paper.people.com.cn/rmrb/pc/content/202608/13/content_30174635.html,2026-08-13,"['绿色', '再生能源', '消费', '绿电', '消纳', '外送', '规模化', '挖潜力', '产业', '能源']","从消费端挖潜力，把政策的推力和市场的拉力结合起来，才能更好破解产业发展瓶颈，赢得更大战略主动
推进绿色消费，又有新政策。8月1日起，《可再生能源消费最低比重目标和可再生能源电力消纳责任权重制度实施办法》正式施行。这一制度，从省级行政区域和重点用能行业两个层面，压实可再生能源消纳和消费责任，将推动可再生能源消费从“可选项”变为“必答题”。
着眼可再生能源电力的消纳和消费，完善相关保障机制，并对实施情况进行监测、考核，既是促进绿色转型的战略需要，也是挖掘市场潜力的务实举措。",政治,,,[],data/vault/2026/08/2026-08-13/05-评论/让绿色能源成为市场优选（微观）.md,05,评论
承诺的就要兑现（暖闻热评）,"【关键词】借粮证
【事件】前不久，安徽省潜山市烈士陵园举行了一场特殊的捐赠仪式：村民丁光义将爷爷丁万民留下的借粮证无偿捐献。得知当年借出的粮食至今未还，潜山市委、市政府尊重历史、兑现承诺，相关部门按数量折算，并结合文物历史价值进行估算，给予丁万民家族合计7万元奖励。
【点评】
一纸借条，有效期有多长？中国共产党人的回答是：“说到的就要做到，承诺的就要兑现。”透过这一纸约定，可以更好读懂中国共产党如何从风雨如晦中走来，在105年奋斗中不断铸就辉煌，成为坚强领导核心。
作风关乎形象，直接影响党的创造力、凝聚力、战斗力。革命战争年代，“不拿群众一针一线”“借东西要还”被写进“三大纪律八项注意”。在中国人民革命军事博物馆里，珍藏着一块贴着红军字条的门板，其上字迹清晰可见：“老板，我们吃了你半坛咸菜、几根大葱、烧了几根柴，共补你黄豆六升——红七师机炮连一排条。”咸菜、大葱、柴火，物资不多，但恰恰是这些小事小节反映原则、反映作风，展现出红军区别于旧式军队的新面貌，赢得了老百姓“是咱自己的队伍”的认可，凝聚起坚不可摧的军民团结。
守信践诺，照见深厚的人民情怀。从全面建成小康社会“一个也不能少”，到共同富裕路上“一个也不能掉队”，这是对群众的庄严承诺，更是我们奋斗的目标。一座座银色铁塔屹立于崇山峻岭、戈壁荒漠，“电力天路”将充沛的电能送上雪域高原；桥梁拔地而起，隧道穿山越岭，贵州的发展再也不惧千沟万壑的阻碍；阻断贫困代际传递，“奖、助、贷、免、勤、补、减”的资助体系持续完善，确保不让一个学生因家庭经济困难而失学……把人民群众的根本利益作为出发点和落脚点，矢志不渝，久久为功，美好愿景一步步化为幸福实景。
践诺笃行，更显大国担当。面对气候变化这一全球性挑战，个别国家选择毁约退群，而中国不仅一如既往以实际行动践行碳达峰碳中和庄严承诺，还宣布了新一轮国家自主贡献，为完善全球气候治理和应对气候变化注入中国智慧和力量。坚定不移走和平发展道路；扩大高水平对外开放，共享发展机遇；秉持以人为本、向上向善理念，呼吁携手构建公正合理的全球人工智能治理体系……面对变乱交织的国际形势，担大义、行大道的中国为不确定的世界提供了确定性。
说到做到，再难也要努力完成。一份承诺的兑现，离不开立足实际、科学决策的执政智慧，脚踏实地、求真务实的实干底色，功成不必在我、功成必定有我的格局胸怀，以及接续奋斗、锲而不舍的钉钉子精神。“言必信，行必果”，指引着党员干部创造无愧于历史和人民的业绩。
薄薄一纸借粮证，见证一场纯粹的双向奔赴。战火中的无私相借，是人民交付的沉甸甸的信任；新时代如约兑现，是我们党坚守的不变初心。回望来路，一次次一诺千金、言出必行，让党心民心始终紧紧相依。眺望前路，以实干实绩取信于民，就一定能在新的长征路上创造新的历史伟业。","# 承诺的就要兑现（暖闻热评）

> 余  璇《人民日报》（2026年08月13日第 05 版）

【关键词】借粮证

【事件】前不久，安徽省潜山市烈士陵园举行了一场特殊的捐赠仪式：村民丁光义将爷爷丁万民留下的借粮证无偿捐献。得知当年借出的粮食至今未还，潜山市委、市政府尊重历史、兑现承诺，相关部门按数量折算，并结合文物历史价值进行估算，给予丁万民家族合计7万元奖励。

【点评】

一纸借条，有效期有多长？中国共产党人的回答是：“说到的就要做到，承诺的就要兑现。”透过这一纸约定，可以更好读懂中国共产党如何从风雨如晦中走来，在105年奋斗中不断铸就辉煌，成为坚强领导核心。

作风关乎形象，直接影响党的创造力、凝聚力、战斗力。革命战争年代，“不拿群众一针一线”“借东西要还”被写进“三大纪律八项注意”。在中国人民革命军事博物馆里，珍藏着一块贴着红军字条的门板，其上字迹清晰可见：“老板，我们吃了你半坛咸菜、几根大葱、烧了几根柴，共补你黄豆六升——红七师机炮连一排条。”咸菜、大葱、柴火，物资不多，但恰恰是这些小事小节反映原则、反映作风，展现出红军区别于旧式军队的新面貌，赢得了老百姓“是咱自己的队伍”的认可，凝聚起坚不可摧的军民团结。

守信践诺，照见深厚的人民情怀。从全面建成小康社会“一个也不能少”，到共同富裕路上“一个也不能掉队”，这是对群众的庄严承诺，更是我们奋斗的目标。一座座银色铁塔屹立于崇山峻岭、戈壁荒漠，“电力天路”将充沛的电能送上雪域高原；桥梁拔地而起，隧道穿山越岭，贵州的发展再也不惧千沟万壑的阻碍；阻断贫困代际传递，“奖、助、贷、免、勤、补、减”的资助体系持续完善，确保不让一个学生因家庭经济困难而失学……把人民群众的根本利益作为出发点和落脚点，矢志不渝，久久为功，美好愿景一步步化为幸福实景。

践诺笃行，更显大国担当。面对气候变化这一全球性挑战，个别国家选择毁约退群，而中国不仅一如既往以实际行动践行碳达峰碳中和庄严承诺，还宣布了新一轮国家自主贡献，为完善全球气候治理和应对气候变化注入中国智慧和力量。坚定不移走和平发展道路；扩大高水平对外开放，共享发展机遇；秉持以人为本、向上向善理念，呼吁携手构建公正合理的全球人工智能治理体系……面对变乱交织的国际形势，担大义、行大道的中国为不确定的世界提供了确定性。

说到做到，再难也要努力完成。一份承诺的兑现，离不开立足实际、科学决策的执政智慧，脚踏实地、求真务实的实干底色，功成不必在我、功成必定有我的格局胸怀，以及接续奋斗、锲而不舍的钉钉子精神。“言必信，行必果”，指引着党员干部创造无愧于历史和人民的业绩。

薄薄一纸借粮证，见证一场纯粹的双向奔赴。战火中的无私相借，是人民交付的沉甸甸的信任；新时代如约兑现，是我们党坚守的不变初心。回望来路，一次次一诺千金、言出必行，让党心民心始终紧紧相依。眺望前路，以实干实绩取信于民，就一定能在新的长征路上创造新的历史伟业。",余  璇,评论,,https://paper.people.com.cn/rmrb/pc/content/202608/13/content_30174636.html,2026-08-13,"['兑现', '承诺', '一纸', '奋斗', '借粮证', '践诺', '功成', '实干', '潜山', '人民']","【关键词】借粮证
【事件】前不久，安徽省潜山市烈士陵园举行了一场特殊的捐赠仪式：村民丁光义将爷爷丁万民留下的借粮证无偿捐献。得知当年借出的粮食至今未还，潜山市委、市政府尊重历史、兑现承诺，相关部门按数量折算，并结合文物历史价值进行估算，给予丁万民家族合计7万元奖励。
【点评】",政治,,,[],data/vault/2026/08/2026-08-13/05-评论/承诺的就要兑现（暖闻热评）.md,05,评论
创作岂能悬浮半空（纵横）,"近期，又一剧集遭遇“评分未开，争议先来”。剧中，一张高中考试成绩单让不少人坐不住了：女主语文148分，数学英语都是满分；班级多名配角语文成绩均突破140分，各科高分基本按名次等差数列递减，被调侃为“Excel随机生成的成绩”，网友质疑其“堆砌天才人设”“建议编剧去高中了解一下真实的考试”。
文艺作品患上“悬浮病”，被吐槽“不食人间烟火”不是什么新鲜事。从大的方面看，有两类“病症”：一类是“生活被滤镜覆盖”，设定为普通打工人的主角，却租住着市中心的豪华大平层；年代剧里的穷苦人家，衣服比现在的人还干净体面……那些真实生活的粗粝感、窘迫感被悉数抹去，剩下的就只有浮在半空中的“虚假完美”。
另一类是“逻辑让位于剧情”，创作者对某个领域、某个行业认知不足，于是主角在键盘上乱敲一通就能黑进国防系统；新闻记者竟借着采访的机会，刻意与受访者产生肢体接触……剧情不仅不贴合真实的生活逻辑，甚至“降智”到观众质疑“这拍的是科幻片吗”。
“悬浮病”的危害，远不止于“不好看”，更损及自身根本。一部作品要想戳中观众内心柔软之处，首要的就是“让人信服”，作品讲述的故事在逻辑上要能自洽、在常识上要经得起推敲、在情感上要真挚动人，只有这样，观众才愿意把宝贵的真情实感投射到作品上。创作允许想象和夸张，但所有的“高于生活”都必须建立在“源于生活”的前提之上。一旦这个根基动摇了，再华丽的视效、再强大的阵容，都撑不起一个扎不下根的空心故事。而悬浮剧恰好颠倒了这个次序：先定好“要什么效果”，再选择“用什么情节”。这种“倒果为因”的创作路径，从源头就注定了作品与真实生活断裂开来。
这些年，观众对悬浮剧的容忍度降低了，因为人们深知：生活没那么多浪漫滤镜，也没什么“从天而降的救兵”，更不是什么“逆袭”的爽文，它是细水长流的，是“常常平静、偶尔掀起波澜”的。这种认知投射到文艺作品中，就变成了对“接地气”的刚性需求，看多了悬浮剧里刻意而空洞的表演，人们反而更珍惜那些未经打磨、带着“毛边”的真实表达。前几天，一名搬瓜少年给久未见面的妈妈写了一封信：“我常假装不在意，四处打听你的近况。妈妈，你是否也打听过我呢？”满纸涂改的痕迹、滴落后又晕染开的泪痕，让无数人动容。没有戏剧冲突、没有金句设计，生活本身打磨出来的真实感自有千钧之力。
说到底，文艺作品描摹的是这片土地上的故事、面对的是普通老百姓，如果总晃晃悠悠悬浮在半空，又何以触碰人心？
（摘编自《浙江日报》，原题为《文艺作品要去“悬浮病”》）","# 创作岂能悬浮半空（纵横）

> 刘晓庆《人民日报》（2026年08月13日第 05 版）

近期，又一剧集遭遇“评分未开，争议先来”。剧中，一张高中考试成绩单让不少人坐不住了：女主语文148分，数学英语都是满分；班级多名配角语文成绩均突破140分，各科高分基本按名次等差数列递减，被调侃为“Excel随机生成的成绩”，网友质疑其“堆砌天才人设”“建议编剧去高中了解一下真实的考试”。

文艺作品患上“悬浮病”，被吐槽“不食人间烟火”不是什么新鲜事。从大的方面看，有两类“病症”：一类是“生活被滤镜覆盖”，设定为普通打工人的主角，却租住着市中心的豪华大平层；年代剧里的穷苦人家，衣服比现在的人还干净体面……那些真实生活的粗粝感、窘迫感被悉数抹去，剩下的就只有浮在半空中的“虚假完美”。

另一类是“逻辑让位于剧情”，创作者对某个领域、某个行业认知不足，于是主角在键盘上乱敲一通就能黑进国防系统；新闻记者竟借着采访的机会，刻意与受访者产生肢体接触……剧情不仅不贴合真实的生活逻辑，甚至“降智”到观众质疑“这拍的是科幻片吗”。

“悬浮病”的危害，远不止于“不好看”，更损及自身根本。一部作品要想戳中观众内心柔软之处，首要的就是“让人信服”，作品讲述的故事在逻辑上要能自洽、在常识上要经得起推敲、在情感上要真挚动人，只有这样，观众才愿意把宝贵的真情实感投射到作品上。创作允许想象和夸张，但所有的“高于生活”都必须建立在“源于生活”的前提之上。一旦这个根基动摇了，再华丽的视效、再强大的阵容，都撑不起一个扎不下根的空心故事。而悬浮剧恰好颠倒了这个次序：先定好“要什么效果”，再选择“用什么情节”。这种“倒果为因”的创作路径，从源头就注定了作品与真实生活断裂开来。

这些年，观众对悬浮剧的容忍度降低了，因为人们深知：生活没那么多浪漫滤镜，也没什么“从天而降的救兵”，更不是什么“逆袭”的爽文，它是细水长流的，是“常常平静、偶尔掀起波澜”的。这种认知投射到文艺作品中，就变成了对“接地气”的刚性需求，看多了悬浮剧里刻意而空洞的表演，人们反而更珍惜那些未经打磨、带着“毛边”的真实表达。前几天，一名搬瓜少年给久未见面的妈妈写了一封信：“我常假装不在意，四处打听你的近况。妈妈，你是否也打听过我呢？”满纸涂改的痕迹、滴落后又晕染开的泪痕，让无数人动容。没有戏剧冲突、没有金句设计，生活本身打磨出来的真实感自有千钧之力。

说到底，文艺作品描摹的是这片土地上的故事、面对的是普通老百姓，如果总晃晃悠悠悬浮在半空，又何以触碰人心？

（摘编自《浙江日报》，原题为《文艺作品要去“悬浮病”》）",刘晓庆,评论,,https://paper.people.com.cn/rmrb/pc/content/202608/13/content_30174638.html,2026-08-13,"['悬浮', '文艺作品', '生活', '上要', '真实', '观众', '剧里', '滤镜', '作品', '逻辑']","近期，又一剧集遭遇“评分未开，争议先来”。剧中，一张高中考试成绩单让不少人坐不住了：女主语文148分，数学英语都是满分；班级多名配角语文成绩均突破140分，各科高分基本按名次等差数列递减，被调侃为“Excel随机生成的成绩”，网友质疑其“堆砌天才人设”“建议编剧去高中了解一下真实的考试”。
文艺作品患上“悬浮病”，被吐槽“不食人间烟火”不是什么新鲜事。从大的方面看，有两类“病症”：一类是“生活被滤镜覆盖”，设定为普通打工人的主角，却租住着市中心的豪华大平层；年代剧里的穷苦人家，衣服比现在的人还干净体面……那些真实生活的粗粝感、窘迫感被悉数抹去，剩下的就只有浮在半空中的“虚假完美”。
另一类是“逻辑让位于剧情”，创作者对某个领域、某个行业认知不足，于是主角在键盘上乱敲一通就能黑进国防系统；新闻记者竟借着采访的机会，刻意与受访者产生肢体接触……剧情不仅不贴合真实的生活逻辑，甚至“降智”到观众质疑“这拍的是科幻片吗”。",评论,,,[],data/vault/2026/08/2026-08-13/05-评论/创作岂能悬浮半空（纵横）.md,05,评论
酿好一坛醋  守好一颗心（中国道路中国梦·每一个人都是主角）,"非遗技艺最动人的地方，不在于名号之久，而是它传承到今天，还浸润于时代烟火，不断焕发新光彩。
我是做醋的。许多人的厨房里、餐桌上，少不了一瓶醋。镇江香醋，“中国四大名醋”之一，色浓鲜香、酸而微甜。我学的专业是纺织，跟酿醋八竿子打不着。跨行扎进恒顺的酿醋车间，从糯米下缸到淋醋存酿，40多道工序，从零开始摸醋缸、翻醋醅，一干就是26年。
这条路走得不算快，但每一步都踏踏实实。回头再看，愈加深刻体会到，传统技艺不是博物馆里的陈列品，它是活的——活着就得呼吸、生长，跟这个时代产生连接。守正和创新，不是二选一，而是必须同时做好的两门功课。
守正深耕，听起来宏大，说白了就是守住对手艺的敬畏、恪守对自身的要求，每一个细节都不糊弄。
镇江香醋对环境和菌种要求极其严格，醋醅的温度差个两三度、湿度偏一点、菌群状态不对，整批货的品质就会打折扣。俗话说，师傅领进门，修行在个人。在我们这行，还有句话叫“三年出师、十年方成”，这绝非虚言。手艺手艺，精髓就是在日复一日的操练中磨出手感、养出判断力。
刚入行那会儿，老师傅嘴里的“差不多”“看着来”，听来如谜一般。怎么算学到家？知道为什么这么做、做到什么程度算对、偏了怎么调，而不是只会依葫芦画瓢。学到家靠什么？笨功夫就是真功夫。跟着师傅一步一动地看、一招一式地记。6年下来，攒了6本满是醋渍的手写品评笔记，这也成了我的“独门秘籍”。
传承讲究“原汁原味”，是否就意味着一成不变？如果永远停留在“少许”“适量”的经验层面，手艺就没办法规模化、标准化，难以走向更大的世界。
在不改变古法精髓的前提下，我们对工艺进行迭代——把原来的“12810”工艺优化成了“12610”。看着只是数字的变化，背后其实是对发酵周期的重新研究和验证，目的是在保证香醋风味不变的前提下，提升发酵效率和产能。我们还尝试把感官经验标准化。以前师傅教徒弟，靠的是“你看这个颜色”“你闻这个味儿”。现在我们把色值做成标准色卡，把用量精确到克，让口传心授的东西变成可以写在纸上、教给别人的规范。
传统技艺孕育于一方水土，但也是有适应力、生长力的。高原上气压低、温差大、湿度也不够，酿造环境大不一样，我们因地制宜改设备、调参数、控细节，把这套江南技艺搬到了高原上，酿出青稞醋。
我们认为，这些不是把手艺限制死了，而是让更多人“知其然”更“知其所以然”，还学得会、能做好；是守正不泥古，让老手艺扎根时代沃土，在活态传承中永葆生机。
酿醋，也能酿出高技能人才。这些年，我们搭建大师工作室，通过系统授课、技能竞赛、梯队培养的方式，让更多人进得来、留下来。从“一个人”到“一群人”，工作室带出一批高级技师和技术骨干。如今，我们的事业不仅后继有人，而且人才济济。
一坛好醋，要经受住时间的熬；一门手艺，要经得起时代的“淘”。希望无论多久，这份味蕾记忆都能在人们唇齿间留香。
（作者为江苏恒顺醋业股份有限公司副总经理、生产管理部党支部书记，本报记者姚雪青采访整理）","# 酿好一坛醋  守好一颗心（中国道路中国梦·每一个人都是主角）

> 林田中《人民日报》（2026年08月13日第 05 版）

非遗技艺最动人的地方，不在于名号之久，而是它传承到今天，还浸润于时代烟火，不断焕发新光彩。

我是做醋的。许多人的厨房里、餐桌上，少不了一瓶醋。镇江香醋，“中国四大名醋”之一，色浓鲜香、酸而微甜。我学的专业是纺织，跟酿醋八竿子打不着。跨行扎进恒顺的酿醋车间，从糯米下缸到淋醋存酿，40多道工序，从零开始摸醋缸、翻醋醅，一干就是26年。

这条路走得不算快，但每一步都踏踏实实。回头再看，愈加深刻体会到，传统技艺不是博物馆里的陈列品，它是活的——活着就得呼吸、生长，跟这个时代产生连接。守正和创新，不是二选一，而是必须同时做好的两门功课。

守正深耕，听起来宏大，说白了就是守住对手艺的敬畏、恪守对自身的要求，每一个细节都不糊弄。

镇江香醋对环境和菌种要求极其严格，醋醅的温度差个两三度、湿度偏一点、菌群状态不对，整批货的品质就会打折扣。俗话说，师傅领进门，修行在个人。在我们这行，还有句话叫“三年出师、十年方成”，这绝非虚言。手艺手艺，精髓就是在日复一日的操练中磨出手感、养出判断力。

刚入行那会儿，老师傅嘴里的“差不多”“看着来”，听来如谜一般。怎么算学到家？知道为什么这么做、做到什么程度算对、偏了怎么调，而不是只会依葫芦画瓢。学到家靠什么？笨功夫就是真功夫。跟着师傅一步一动地看、一招一式地记。6年下来，攒了6本满是醋渍的手写品评笔记，这也成了我的“独门秘籍”。

传承讲究“原汁原味”，是否就意味着一成不变？如果永远停留在“少许”“适量”的经验层面，手艺就没办法规模化、标准化，难以走向更大的世界。

在不改变古法精髓的前提下，我们对工艺进行迭代——把原来的“12810”工艺优化成了“12610”。看着只是数字的变化，背后其实是对发酵周期的重新研究和验证，目的是在保证香醋风味不变的前提下，提升发酵效率和产能。我们还尝试把感官经验标准化。以前师傅教徒弟，靠的是“你看这个颜色”“你闻这个味儿”。现在我们把色值做成标准色卡，把用量精确到克，让口传心授的东西变成可以写在纸上、教给别人的规范。

传统技艺孕育于一方水土，但也是有适应力、生长力的。高原上气压低、温差大、湿度也不够，酿造环境大不一样，我们因地制宜改设备、调参数、控细节，把这套江南技艺搬到了高原上，酿出青稞醋。

我们认为，这些不是把手艺限制死了，而是让更多人“知其然”更“知其所以然”，还学得会、能做好；是守正不泥古，让老手艺扎根时代沃土，在活态传承中永葆生机。

酿醋，也能酿出高技能人才。这些年，我们搭建大师工作室，通过系统授课、技能竞赛、梯队培养的方式，让更多人进得来、留下来。从“一个人”到“一群人”，工作室带出一批高级技师和技术骨干。如今，我们的事业不仅后继有人，而且人才济济。

一坛好醋，要经受住时间的熬；一门手艺，要经得起时代的“淘”。希望无论多久，这份味蕾记忆都能在人们唇齿间留香。

（作者为江苏恒顺醋业股份有限公司副总经理、生产管理部党支部书记，本报记者姚雪青采访整理）",林田中,评论,,https://paper.people.com.cn/rmrb/pc/content/202608/13/content_30174639.html,2026-08-13,"['手艺', '酿醋', '香醋', '技艺', '我们', '传承', '恒顺', '守正', '酿出', '一坛']","非遗技艺最动人的地方，不在于名号之久，而是它传承到今天，还浸润于时代烟火，不断焕发新光彩。
我是做醋的。许多人的厨房里、餐桌上，少不了一瓶醋。镇江香醋，“中国四大名醋”之一，色浓鲜香、酸而微甜。我学的专业是纺织，跟酿醋八竿子打不着。跨行扎进恒顺的酿醋车间，从糯米下缸到淋醋存酿，40多道工序，从零开始摸醋缸、翻醋醅，一干就是26年。
这条路走得不算快，但每一步都踏踏实实。回头再看，愈加深刻体会到，传统技艺不是博物馆里的陈列品，它是活的——活着就得呼吸、生长，跟这个时代产生连接。守正和创新，不是二选一，而是必须同时做好的两门功课。",国际,,,[],data/vault/2026/08/2026-08-13/05-评论/酿好一坛醋 守好一颗心（中国道路中国梦·每一个人都是主角）.md,05,评论
当好新时代“霓虹灯下的哨兵”（传承红色基因）,"十中队官兵在训练。张  明摄
十中队官兵在训练。
张  明摄
十中队官兵开展为民服务。董俊豪摄
十中队官兵开展为民服务。
董俊豪摄
党史讲解76617次，为民服务682次，执勤安全无事故10071天。7月28日，武警上海市总队执勤第四支队十中队的历史长廊上，一组持续累加的数字，见证着这支队伍代代传承的优良传统，彰显着坚守岗位、忠诚履职的使命担当。
外滩钟声与南京路霓虹交相映衬，百年石库门里弄与现代潮流地标咫尺相邻。驻守上海黄浦核心商圈的十中队，努力当好新时代“霓虹灯下的哨兵”，在守卫繁华都市、守护美好生活的实践中书写淬火成长的青春篇章。
学习“南京路上好八连”，扛起使命和荣光
十中队1952年由抗美援朝归国骨干抽组而成，1982年接替“南京路上好八连”勤务。新兵下连第一课，就是跟着老兵共同走进中队荣誉室，走进中共一大纪念馆，学习光荣传统，培养优良作风。
集体一等功3次、二等功12次、三等功20次，20项全国性荣誉，151面荣誉旗帜，整齐陈列，熠熠生辉。最触动新兵的是墙面的留白，一行字迹清晰有力：第152面锦旗，等你来创造。
“明晰来路，笃定前路。每个新兵入队伊始就是学习中队的历史和传统。”中队指导员杨磊说，新兵的成长，靠的是日积月累的传承、风清气正的氛围和身边战友的榜样力量。
刚下连的新兵，第一次打扫公共卫生间，有人面露迟疑。班长二话不说，就带头打扫起来。看着班长的背影，新兵连忙跟上脚步。
春风化雨，无声育人，是十中队最朴素、最有效的传承方式。
国旗班班长温华健，训练场上严肃且认真，军姿、步伐，擎旗、撒旗，分毫必纠；生活中，他却又细致入微。战士军装破了，连夜缝补；训练受挫，主动谈心开导；新兵体态松散，一遍遍带练、矫正，把青涩新兵打磨成挺拔飒爽的国旗卫士。
战士章烨斌至今记得刚入国旗班的磨砺时光。日复一日地负重擎旗、定型站姿，肩膀压得酸痛，双腿发麻。
一次清晨执勤，一位驻足观旗的老人轻声感叹：“能站在广场升旗的小伙子，也是骨子里过硬的人。”这句话一下子戳中了章烨斌的心。为了帮助章烨斌，温华健用三组重量不同的旗杆进行训练，从超重压肩打基础，到减重稳姿态，再到标准旗杆从容擎举，严格加以要求。“我们深知肩扛的是使命，是荣光。”章烨斌说。
自编自拍短视频，把红色故事传播得更广更远
在中共一大纪念馆，许多游客听过十中队官兵的讲解。这是28年未间断的坚守。
1998年，中共一大会址纪念馆扩建，十中队官兵支援建设。工程竣工后，得知场馆讲解员紧缺，官兵们主动请缨，从此，讲解员队伍里多了一道橄榄绿。如今，中队已累计培养140余名义务讲解员，开展讲解超7.6万次。
担任讲解员的战士仲志浩，面对游客从容沉稳，话语有力。成熟的表现背后，是他历经6次考核的屡败屡战。
2025年9月，南通大学毕业的仲志浩参军入伍。没多久，他就接到了两万多字的讲稿背诵任务。“当时觉得自己底子好，肯定没问题。”仲志浩说，没想到，纸面背诵易，现场宣讲难。临场应变、场景把控、游客互动，处处都有考验。前几轮考核，他接连失利。
那段日子，仲志浩白天提升3000米体能，完成队列、内务等各项任务；深夜营房熄灯后，就在卫生间的灯光下一遍遍背诵，模拟讲解。
今年5月31日，仲志浩终于顺利通过考核，正式成为中共一大纪念馆义务讲解员。
“开口的那一刻，仍然很紧张。当我讲到《青年杂志》创刊、讲到五四运动、讲到先辈的热血求索，我慢慢放松下来了。”翻看仲志浩的笔记本，里面密密麻麻记了许多他的心得体会，还有易错知识点、游客高频问题、现场复盘……每一页都写满了收获。他还研读党史专著，搜集党史故事，把史料介绍变成更有温度的讲述。
扎根党的诞生地，十中队官兵以热忱之心学党史、传信仰、播星火。中队学习氛围浓厚，战士们经常一起研读党史资料，分享宣讲心得。
战士们还根据这些年来的积累，策划了《兵哥说党史》《老兵有话说》《石库门里话军史》等系列短视频，自编自拍自剪，把红色故事传播得更广更远。
掌握多种技能，做好每一件为民小事
刚下连队时，战士李俭曾不解：“每月走上街头，修鞋、磨刀、理发、补伞，为了这些‘小事’忙来忙去，有意义吗？”
每月20日，是十中队的便民服务日。清晨6点，天色微亮，官兵们准时出发，理发推、补鞋胶、磨刀石、缝纫机、配钥匙机一溜儿排开。
不少市民已早早等候在南京路上，有的老人专程坐地铁从郊区赶来，有的老人借着修伞、磨刀的机会，和战士唠唠家常。见到这抹橄榄绿，市民们眼里是藏不住的欢喜。
“旧东西修一修还能用，你们月月都来帮忙，真心为我们着想。谢谢你们！”一位老人质朴的话语，令李俭印象深刻。渐渐地，他褪去青涩懵懂，主动为等候的老人递水问好、倾听聊天。他还和其他新兵逐渐掌握了理发、修鞋、补伞、按摩等技能，用心做好每一件为民小事。
十中队还常年结对帮扶驻地独居老人，每年除夕都会把老人接到营区，一起吃“年午饭”、过大年。
“以前，雷锋是书本中的一个名字、一段故事。现在我懂了，雷锋是用心补好一双鞋、是专心理好一次头发、是耐心陪老人聊一会儿天。”李俭感慨。
杨磊介绍：“中队有一个传统，三月、九月新兵第一次出摊，把为民服务的种子种进新兵的心里；二月、八月老兵退伍前最后一次上街，把为民服务的初心带回家乡、带到新的工作岗位上。”几十年来，这份赤诚代代相传、从未褪色。
一茬茬年轻人，在十中队的哨位上成长，在服务群众中成才。灯火如故，初心如一，营区电子屏上的数字仍然在继续累加，每一次跳动都是一次坚守、一份担当。
（鹿子舟、苗一凡参与采写）","### 武警上海市总队执勤第四支队十中队——

# 当好新时代“霓虹灯下的哨兵”（传承红色基因）

> 本报记者  崔  寅《人民日报》（2026年08月13日第 06 版）

十中队官兵在训练。　　张  明摄

十中队官兵在训练。

张  明摄

十中队官兵开展为民服务。　　董俊豪摄

十中队官兵开展为民服务。

董俊豪摄

党史讲解76617次，为民服务682次，执勤安全无事故10071天。7月28日，武警上海市总队执勤第四支队十中队的历史长廊上，一组持续累加的数字，见证着这支队伍代代传承的优良传统，彰显着坚守岗位、忠诚履职的使命担当。

外滩钟声与南京路霓虹交相映衬，百年石库门里弄与现代潮流地标咫尺相邻。驻守上海黄浦核心商圈的十中队，努力当好新时代“霓虹灯下的哨兵”，在守卫繁华都市、守护美好生活的实践中书写淬火成长的青春篇章。

**学习“南京路上好八连”，扛起使命和荣光**

十中队1952年由抗美援朝归国骨干抽组而成，1982年接替“南京路上好八连”勤务。新兵下连第一课，就是跟着老兵共同走进中队荣誉室，走进中共一大纪念馆，学习光荣传统，培养优良作风。

集体一等功3次、二等功12次、三等功20次，20项全国性荣誉，151面荣誉旗帜，整齐陈列，熠熠生辉。最触动新兵的是墙面的留白，一行字迹清晰有力：第152面锦旗，等你来创造。

“明晰来路，笃定前路。每个新兵入队伊始就是学习中队的历史和传统。”中队指导员杨磊说，新兵的成长，靠的是日积月累的传承、风清气正的氛围和身边战友的榜样力量。

刚下连的新兵，第一次打扫公共卫生间，有人面露迟疑。班长二话不说，就带头打扫起来。看着班长的背影，新兵连忙跟上脚步。

春风化雨，无声育人，是十中队最朴素、最有效的传承方式。

国旗班班长温华健，训练场上严肃且认真，军姿、步伐，擎旗、撒旗，分毫必纠；生活中，他却又细致入微。战士军装破了，连夜缝补；训练受挫，主动谈心开导；新兵体态松散，一遍遍带练、矫正，把青涩新兵打磨成挺拔飒爽的国旗卫士。

战士章烨斌至今记得刚入国旗班的磨砺时光。日复一日地负重擎旗、定型站姿，肩膀压得酸痛，双腿发麻。

一次清晨执勤，一位驻足观旗的老人轻声感叹：“能站在广场升旗的小伙子，也是骨子里过硬的人。”这句话一下子戳中了章烨斌的心。为了帮助章烨斌，温华健用三组重量不同的旗杆进行训练，从超重压肩打基础，到减重稳姿态，再到标准旗杆从容擎举，严格加以要求。“我们深知肩扛的是使命，是荣光。”章烨斌说。

**自编自拍短视频，把红色故事传播得更广更远**

在中共一大纪念馆，许多游客听过十中队官兵的讲解。这是28年未间断的坚守。

1998年，中共一大会址纪念馆扩建，十中队官兵支援建设。工程竣工后，得知场馆讲解员紧缺，官兵们主动请缨，从此，讲解员队伍里多了一道橄榄绿。如今，中队已累计培养140余名义务讲解员，开展讲解超7.6万次。

担任讲解员的战士仲志浩，面对游客从容沉稳，话语有力。成熟的表现背后，是他历经6次考核的屡败屡战。

2025年9月，南通大学毕业的仲志浩参军入伍。没多久，他就接到了两万多字的讲稿背诵任务。“当时觉得自己底子好，肯定没问题。”仲志浩说，没想到，纸面背诵易，现场宣讲难。临场应变、场景把控、游客互动，处处都有考验。前几轮考核，他接连失利。

那段日子，仲志浩白天提升3000米体能，完成队列、内务等各项任务；深夜营房熄灯后，就在卫生间的灯光下一遍遍背诵，模拟讲解。

今年5月31日，仲志浩终于顺利通过考核，正式成为中共一大纪念馆义务讲解员。

“开口的那一刻，仍然很紧张。当我讲到《青年杂志》创刊、讲到五四运动、讲到先辈的热血求索，我慢慢放松下来了。”翻看仲志浩的笔记本，里面密密麻麻记了许多他的心得体会，还有易错知识点、游客高频问题、现场复盘……每一页都写满了收获。他还研读党史专著，搜集党史故事，把史料介绍变成更有温度的讲述。

扎根党的诞生地，十中队官兵以热忱之心学党史、传信仰、播星火。中队学习氛围浓厚，战士们经常一起研读党史资料，分享宣讲心得。

战士们还根据这些年来的积累，策划了《兵哥说党史》《老兵有话说》《石库门里话军史》等系列短视频，自编自拍自剪，把红色故事传播得更广更远。

**掌握多种技能，做好每一件为民小事**

刚下连队时，战士李俭曾不解：“每月走上街头，修鞋、磨刀、理发、补伞，为了这些‘小事’忙来忙去，有意义吗？”

每月20日，是十中队的便民服务日。清晨6点，天色微亮，官兵们准时出发，理发推、补鞋胶、磨刀石、缝纫机、配钥匙机一溜儿排开。

不少市民已早早等候在南京路上，有的老人专程坐地铁从郊区赶来，有的老人借着修伞、磨刀的机会，和战士唠唠家常。见到这抹橄榄绿，市民们眼里是藏不住的欢喜。

“旧东西修一修还能用，你们月月都来帮忙，真心为我们着想。谢谢你们！”一位老人质朴的话语，令李俭印象深刻。渐渐地，他褪去青涩懵懂，主动为等候的老人递水问好、倾听聊天。他还和其他新兵逐渐掌握了理发、修鞋、补伞、按摩等技能，用心做好每一件为民小事。

十中队还常年结对帮扶驻地独居老人，每年除夕都会把老人接到营区，一起吃“年午饭”、过大年。

“以前，雷锋是书本中的一个名字、一段故事。现在我懂了，雷锋是用心补好一双鞋、是专心理好一次头发、是耐心陪老人聊一会儿天。”李俭感慨。

杨磊介绍：“中队有一个传统，三月、九月新兵第一次出摊，把为民服务的种子种进新兵的心里；二月、八月老兵退伍前最后一次上街，把为民服务的初心带回家乡、带到新的工作岗位上。”几十年来，这份赤诚代代相传、从未褪色。

一茬茬年轻人，在十中队的哨位上成长，在服务群众中成才。灯火如故，初心如一，营区电子屏上的数字仍然在继续累加，每一次跳动都是一次坚守、一份担当。

（鹿子舟、苗一凡参与采写）",崔  寅,要闻,,https://paper.people.com.cn/rmrb/pc/content/202608/13/content_30174641.html,2026-08-13,"['中队', '新兵', '党史', '仲志浩', '讲解员', '为民服务', '官兵', '老人', '中共一大', '章烨斌']","十中队官兵在训练。张  明摄
十中队官兵在训练。
张  明摄",文化,,,[],data/vault/2026/08/2026-08-13/06-要闻/当好新时代“霓虹灯下的哨兵”（传承红色基因）.md,06,要闻
传承优良作风  用心服务群众（编辑手记）,"2022年，习近平主席回信勉励武警上海市总队执勤第四支队十中队全体官兵，自觉弘扬伟大建党精神，当好新时代“霓虹灯下的哨兵”，永远做党和人民的忠诚卫士。十中队官兵牢记嘱托、履职尽责、不懈奋斗，用实际行动交出了一份份忠诚答卷。
忠诚，根植于革命精神的传承。中队组建，接过“好八连”的岗位，也是接过“好八连”的作风；新兵下连，走进中共一大纪念馆、中队荣誉室，就是传承红色基因、赓续光荣传统；义务讲解，更是在学党史、讲党史中坚定理想信念，汲取奋斗力量……穿越时空的精神传承，指引十中队官兵笃行不怠、聚力向前。
忠诚，体现在为民服务的担当。哪里有需要，哪里就有橄榄绿。修鞋、理发、磨刀虽然琐碎，恰恰是老百姓必不可少的生活需求。细微小事做得多了，也便成了有分量、有温度的“大事”。
时光流转，十中队的官兵换了一茬又一茬，南京路上的橄榄绿不曾褪色，鱼水情在岁月的沉淀中愈发深厚。","# 传承优良作风  用心服务群众（编辑手记）

> 宋  宇《人民日报》（2026年08月13日第 06 版）

2022年，习近平主席回信勉励武警上海市总队执勤第四支队十中队全体官兵，自觉弘扬伟大建党精神，当好新时代“霓虹灯下的哨兵”，永远做党和人民的忠诚卫士。十中队官兵牢记嘱托、履职尽责、不懈奋斗，用实际行动交出了一份份忠诚答卷。

忠诚，根植于革命精神的传承。中队组建，接过“好八连”的岗位，也是接过“好八连”的作风；新兵下连，走进中共一大纪念馆、中队荣誉室，就是传承红色基因、赓续光荣传统；义务讲解，更是在学党史、讲党史中坚定理想信念，汲取奋斗力量……穿越时空的精神传承，指引十中队官兵笃行不怠、聚力向前。

忠诚，体现在为民服务的担当。哪里有需要，哪里就有橄榄绿。修鞋、理发、磨刀虽然琐碎，恰恰是老百姓必不可少的生活需求。细微小事做得多了，也便成了有分量、有温度的“大事”。

时光流转，十中队的官兵换了一茬又一茬，南京路上的橄榄绿不曾褪色，鱼水情在岁月的沉淀中愈发深厚。",宋  宇,要闻,,https://paper.people.com.cn/rmrb/pc/content/202608/13/content_30174642.html,2026-08-13,"['中队', '传承', '忠诚', '好八连', '橄榄绿', '党史', '官兵', '一茬', '精神', '奋斗']","2022年，习近平主席回信勉励武警上海市总队执勤第四支队十中队全体官兵，自觉弘扬伟大建党精神，当好新时代“霓虹灯下的哨兵”，永远做党和人民的忠诚卫士。十中队官兵牢记嘱托、履职尽责、不懈奋斗，用实际行动交出了一份份忠诚答卷。
忠诚，根植于革命精神的传承。中队组建，接过“好八连”的岗位，也是接过“好八连”的作风；新兵下连，走进中共一大纪念馆、中队荣誉室，就是传承红色基因、赓续光荣传统；义务讲解，更是在学党史、讲党史中坚定理想信念，汲取奋斗力量……穿越时空的精神传承，指引十中队官兵笃行不怠、聚力向前。
忠诚，体现在为民服务的担当。哪里有需要，哪里就有橄榄绿。修鞋、理发、磨刀虽然琐碎，恰恰是老百姓必不可少的生活需求。细微小事做得多了，也便成了有分量、有温度的“大事”。",政治,,,[],data/vault/2026/08/2026-08-13/06-要闻/传承优良作风 用心服务群众（编辑手记）.md,06,要闻
《国家综合气象观测系统建设“十五五”规划》印发,"本报北京8月12日电  （记者蒋雪鸿）近日，中国气象局与国家发展和改革委员会联合印发《国家综合气象观测系统建设“十五五”规划》，对未来5年国家综合气象观测系统建设作出部署。
规划着眼气象防灾减灾和经济社会发展需求，提出进一步优化观测布局、强化资源统筹、提升业务协同和产品服务能力，为气象科技能力现代化和社会服务现代化夯实观测基础。
规划强调，加快构建陆海空天一体化、多行业协同、智能高效精准的现代化综合气象观测体系。未来5年，我国综合气象观测建设将更加突出系统性和应用服务。观测范围将进一步延伸，不仅关注大气状态，还将加强对地球系统多圈层要素的综合感知；观测服务也将更加贴近防灾减灾、气候变化应对和行业生产运行需要，推动观测数据更快转化为监测产品和服务信息。","# 《国家综合气象观测系统建设“十五五”规划》印发

> 《人民日报》（2026年08月13日第 06 版）

本报北京8月12日电  （记者蒋雪鸿）近日，中国气象局与国家发展和改革委员会联合印发《国家综合气象观测系统建设“十五五”规划》，对未来5年国家综合气象观测系统建设作出部署。

规划着眼气象防灾减灾和经济社会发展需求，提出进一步优化观测布局、强化资源统筹、提升业务协同和产品服务能力，为气象科技能力现代化和社会服务现代化夯实观测基础。

规划强调，加快构建陆海空天一体化、多行业协同、智能高效精准的现代化综合气象观测体系。未来5年，我国综合气象观测建设将更加突出系统性和应用服务。观测范围将进一步延伸，不仅关注大气状态，还将加强对地球系统多圈层要素的综合感知；观测服务也将更加贴近防灾减灾、气候变化应对和行业生产运行需要，推动观测数据更快转化为监测产品和服务信息。",,要闻,,https://paper.people.com.cn/rmrb/pc/content/202608/13/content_30174643.html,2026-08-13,"['气象观测', '观测', '综合', '规划', '减灾', '服务', '防灾', '现代化', '系统', '建设']","本报北京8月12日电  （记者蒋雪鸿）近日，中国气象局与国家发展和改革委员会联合印发《国家综合气象观测系统建设“十五五”规划》，对未来5年国家综合气象观测系统建设作出部署。
规划着眼气象防灾减灾和经济社会发展需求，提出进一步优化观测布局、强化资源统筹、提升业务协同和产品服务能力，为气象科技能力现代化和社会服务现代化夯实观测基础。
规划强调，加快构建陆海空天一体化、多行业协同、智能高效精准的现代化综合气象观测体系。未来5年，我国综合气象观测建设将更加突出系统性和应用服务。观测范围将进一步延伸，不仅关注大气状态，还将加强对地球系统多圈层要素的综合感知；观测服务也将更加贴近防灾减灾、气候变化应对和行业生产运行需要，推动观测数据更快转化为监测产品和服务信息。",政治,,,[],data/vault/2026/08/2026-08-13/06-要闻/《国家综合气象观测系统建设“十五五”规划》印发.md,06,要闻
新疆出台新规加强评标专家全周期管理,"本报乌鲁木齐8月12日电  （记者尚嵘峥）新疆维吾尔自治区发展和改革委员会日前印发《新疆维吾尔自治区综合评标专家和评标专家库管理办法》，进一步加强综合评标专家和评标专家库管理，建设高素质评标专家队伍，促进评标专家资源共享，确保评标活动公平、公正。
办法对评标专家的核心制度设计是构建评标专家从入库到出库的全链条闭环管理体系，确保专家进得来、管得住、能退出。在入库环节，设置6项入库条件和6种禁止入库情形，实行“个人申请+单位推荐”方式，严把标准、确保质量；在库管理方面，建立“一标一评”日常履职评价和年度履职考核相结合的考核体系，实行“一人一档”动态管理，压实责任、强化考核；在出库环节，健全退出机制。此外，建立追责机制，专家对评标行为终身负责，不因退休或解除聘任关系免于追责。
新疆发展改革部门还将制定评标专家履职评价标准、年度考核评分细则、评标报酬参考标准等配套实施细则，为办法实施提供细化依据和操作指引。","# 新疆出台新规加强评标专家全周期管理

> 《人民日报》（2026年08月13日第 06 版）

本报乌鲁木齐8月12日电  （记者尚嵘峥）新疆维吾尔自治区发展和改革委员会日前印发《新疆维吾尔自治区综合评标专家和评标专家库管理办法》，进一步加强综合评标专家和评标专家库管理，建设高素质评标专家队伍，促进评标专家资源共享，确保评标活动公平、公正。

办法对评标专家的核心制度设计是构建评标专家从入库到出库的全链条闭环管理体系，确保专家进得来、管得住、能退出。在入库环节，设置6项入库条件和6种禁止入库情形，实行“个人申请+单位推荐”方式，严把标准、确保质量；在库管理方面，建立“一标一评”日常履职评价和年度履职考核相结合的考核体系，实行“一人一档”动态管理，压实责任、强化考核；在出库环节，健全退出机制。此外，建立追责机制，专家对评标行为终身负责，不因退休或解除聘任关系免于追责。

新疆发展改革部门还将制定评标专家履职评价标准、年度考核评分细则、评标报酬参考标准等配套实施细则，为办法实施提供细化依据和操作指引。",,要闻,,https://paper.people.com.cn/rmrb/pc/content/202608/13/content_30174645.html,2026-08-13,"['评标', '专家', '入库', '履职', '考核', '追责', '管理', '专家库', '出库', '确保']","本报乌鲁木齐8月12日电  （记者尚嵘峥）新疆维吾尔自治区发展和改革委员会日前印发《新疆维吾尔自治区综合评标专家和评标专家库管理办法》，进一步加强综合评标专家和评标专家库管理，建设高素质评标专家队伍，促进评标专家资源共享，确保评标活动公平、公正。
办法对评标专家的核心制度设计是构建评标专家从入库到出库的全链条闭环管理体系，确保专家进得来、管得住、能退出。在入库环节，设置6项入库条件和6种禁止入库情形，实行“个人申请+单位推荐”方式，严把标准、确保质量；在库管理方面，建立“一标一评”日常履职评价和年度履职考核相结合的考核体系，实行“一人一档”动态管理，压实责任、强化考核；在出库环节，健全退出机制。此外，建立追责机制，专家对评标行为终身负责，不因退休或解除聘任关系免于追责。
新疆发展改革部门还将制定评标专家履职评价标准、年度考核评分细则、评标报酬参考标准等配套实施细则，为办法实施提供细化依据和操作指引。",国际,,,[],data/vault/2026/08/2026-08-13/06-要闻/新疆出台新规加强评标专家全周期管理.md,06,要闻
三十八载坚守深山邮路（守望）,"雨后的怒江峡谷群山连绵，崎岖湿滑的山间小道蜿蜒穿梭在各个村寨之间。
一大早，桑南才（见图，受访者供图）将乡亲们的信件、包裹逐一码放整齐，熟练地检查、捆绑、装车，开启一天的投递工作。“又送货啦，辛苦咯！”路上劳作的村民远远打招呼。“有几个急件，要赶紧给大家送到。”桑南才笑着回答。
这名奔走在山间的投递员，是云南省怒江傈僳族自治州泸水市称杆乡邮政所所长桑南才。在当地，乡亲们早已熟悉他奔波的身影，还总用傈僳语亲切地唤他“托厄哈扒”，意思就是“送信人”。
时间拉回到1988年，17岁的桑南才成为一名邮递员。
他所在的称杆乡，山高谷深、村落分散。过去的邮路狭窄难行，陡峭处要手脚并用攀爬。雨季泥石流、落石频发，冬季冰雪封山，送一趟邮件往往要走上6天。
那时的桑南才个头瘦小，家人担心他吃不消。可没想到，入职才两三周，沿途乡亲们一声声“托厄哈扒”，温暖了这个年轻人。“他们把我当自家人，让我觉得自己做的事很有意义。”桑南才暗下决心，一定要对得起这份信任。
这条邮路，他一走就是38年，只有一次动过放弃的念头——1997年的那场山洪。
那年夏天，桑南才清晨出发，奔走送件近10个小时。原本晴朗的天空骤然暴雨倾盆，山间河水暴涨，前后道路全部中断，他被困在荒无人烟的深山里。夜幕降临，桑南才只能蜷缩在石洞中疲惫睡去。
“阿才，你在哪？”第二天雨停，远处传来妻子密晓琴焦急的呼喊。“阿花，我在这里！”看到满身泥泞的丈夫，妻子抱着桑南才痛哭：“阿才，这个工作太危险了，你别干了。”
妻子的哭诉让桑南才内心动摇，可想到山里日日盼着邮件的乡亲，他还是选择留下。“阿花不要怕，我会小心的。乡亲们对我这么好，我不想放弃。”桑南才说。
2010年，乡村道路陆续硬化，为提高效率，桑南才买了辆摩托车。一次雨天骑行，他连人带车摔下15米陡坡，右手中指受伤，血流不止。他简单包扎，忍痛走完所有村寨，按时完成投递。没想到次日伤势恶化，手指局部坏死，不得不截去一小截。
20世纪90年代，山里通邮条件差，很多信件地址写得潦草模糊。
有一回，桑南才拿到一封信，收件人只写了“云南省怒江州泸水县称杆乡杨玉英妈”。没有具体村寨，没有门牌号，整个乡两万多人，找一个人谈何容易。别人劝他：“要不把信件原路退回吧。”桑南才没多想，把那封信小心揣进邮包，走到哪个村，就问到哪个村。功夫不负有心人，问了一个多月，终于在一个偏远的寨子里找到一位老妈妈。
“大妈，你是不是杨玉英妈？你姑娘是不是好几年没回来了？”桑南才轻声问。老人一听，眼泪就掉了下来，说她女儿走了好几年，音信全无。他又主动帮忙代写回信，一家人失散七八年后终于团聚。
每到7、8月份，怒江的大山里总是雨水不停。可那段时间正好是高考录取通知书投递的关键时期，桑南才拿到第二批通知书时，发现已经快到开学时间了。“这个娃娃肯定天天在家等着，这张通知书是山里学子走出大山的希望，绝不能耽误。”桑南才心里着急，穿上雨衣就出了门。
路不好走，他就绕远路，深一脚浅一脚地在泥水里跋涉。走了20多公里，直到晚上8点多才找到那户人家。学生一看到他，愣了片刻：“邮递员来了！”桑南才赶紧把通知书递过去，学生激动地拉着他的手连连道谢。
38年间，怒江峡谷的深山邮路早已发生翻天覆地的变化。
早些年，桑南才只能靠双脚徒步，每天投递的报刊信件不过四五十件。随着乡村建设步步推进，山间道路全部硬化，摩托车接替双脚成为代步工具，投递效率大幅提升。如今，无人机投递走进深山，从前徒步3小时的险路，无人机几分钟就能飞越。
服务更便捷了，年过半百、临近退休的桑南才也没停止学习。桑南才在投递的过程中发现，大山里虽有优质农产品，却因信息闭塞而打不开销路。面对这一困境，桑南才从零开始学习电商运营，利用邮政网络将称杆乡的荞麦、天麻、蜂蜜等特产销往全国各地。他还主动报名考取无人机操作证书：“我这年纪学无人机确实吃力，但多学一门技术，就能更快地把急救药品、录取通知书送进偏远村寨，让村民们少一份等待。”
回望过去这条漫长的邮路，桑南才骑坏了5辆摩托车，磨破了160多个邮包，累计行程超过40万公里，经手投递的邮件达150余万份。“只要身体条件允许，这条深山邮路，我会继续走下去。”他用行动践行着自己的誓言。","### 云南省泸水市称杆乡邮政所所长桑南才

# 三十八载坚守深山邮路（守望）

> 本报记者  李茂颖《人民日报》（2026年08月13日第 06 版）

雨后的怒江峡谷群山连绵，崎岖湿滑的山间小道蜿蜒穿梭在各个村寨之间。

一大早，桑南才（见图，受访者供图）将乡亲们的信件、包裹逐一码放整齐，熟练地检查、捆绑、装车，开启一天的投递工作。“又送货啦，辛苦咯！”路上劳作的村民远远打招呼。“有几个急件，要赶紧给大家送到。”桑南才笑着回答。

这名奔走在山间的投递员，是云南省怒江傈僳族自治州泸水市称杆乡邮政所所长桑南才。在当地，乡亲们早已熟悉他奔波的身影，还总用傈僳语亲切地唤他“托厄哈扒”，意思就是“送信人”。

时间拉回到1988年，17岁的桑南才成为一名邮递员。

他所在的称杆乡，山高谷深、村落分散。过去的邮路狭窄难行，陡峭处要手脚并用攀爬。雨季泥石流、落石频发，冬季冰雪封山，送一趟邮件往往要走上6天。

那时的桑南才个头瘦小，家人担心他吃不消。可没想到，入职才两三周，沿途乡亲们一声声“托厄哈扒”，温暖了这个年轻人。“他们把我当自家人，让我觉得自己做的事很有意义。”桑南才暗下决心，一定要对得起这份信任。

这条邮路，他一走就是38年，只有一次动过放弃的念头——1997年的那场山洪。

那年夏天，桑南才清晨出发，奔走送件近10个小时。原本晴朗的天空骤然暴雨倾盆，山间河水暴涨，前后道路全部中断，他被困在荒无人烟的深山里。夜幕降临，桑南才只能蜷缩在石洞中疲惫睡去。

“阿才，你在哪？”第二天雨停，远处传来妻子密晓琴焦急的呼喊。“阿花，我在这里！”看到满身泥泞的丈夫，妻子抱着桑南才痛哭：“阿才，这个工作太危险了，你别干了。”

妻子的哭诉让桑南才内心动摇，可想到山里日日盼着邮件的乡亲，他还是选择留下。“阿花不要怕，我会小心的。乡亲们对我这么好，我不想放弃。”桑南才说。

2010年，乡村道路陆续硬化，为提高效率，桑南才买了辆摩托车。一次雨天骑行，他连人带车摔下15米陡坡，右手中指受伤，血流不止。他简单包扎，忍痛走完所有村寨，按时完成投递。没想到次日伤势恶化，手指局部坏死，不得不截去一小截。

20世纪90年代，山里通邮条件差，很多信件地址写得潦草模糊。

有一回，桑南才拿到一封信，收件人只写了“云南省怒江州泸水县称杆乡杨玉英妈”。没有具体村寨，没有门牌号，整个乡两万多人，找一个人谈何容易。别人劝他：“要不把信件原路退回吧。”桑南才没多想，把那封信小心揣进邮包，走到哪个村，就问到哪个村。功夫不负有心人，问了一个多月，终于在一个偏远的寨子里找到一位老妈妈。

“大妈，你是不是杨玉英妈？你姑娘是不是好几年没回来了？”桑南才轻声问。老人一听，眼泪就掉了下来，说她女儿走了好几年，音信全无。他又主动帮忙代写回信，一家人失散七八年后终于团聚。

每到7、8月份，怒江的大山里总是雨水不停。可那段时间正好是高考录取通知书投递的关键时期，桑南才拿到第二批通知书时，发现已经快到开学时间了。“这个娃娃肯定天天在家等着，这张通知书是山里学子走出大山的希望，绝不能耽误。”桑南才心里着急，穿上雨衣就出了门。

路不好走，他就绕远路，深一脚浅一脚地在泥水里跋涉。走了20多公里，直到晚上8点多才找到那户人家。学生一看到他，愣了片刻：“邮递员来了！”桑南才赶紧把通知书递过去，学生激动地拉着他的手连连道谢。

38年间，怒江峡谷的深山邮路早已发生翻天覆地的变化。

早些年，桑南才只能靠双脚徒步，每天投递的报刊信件不过四五十件。随着乡村建设步步推进，山间道路全部硬化，摩托车接替双脚成为代步工具，投递效率大幅提升。如今，无人机投递走进深山，从前徒步3小时的险路，无人机几分钟就能飞越。

服务更便捷了，年过半百、临近退休的桑南才也没停止学习。桑南才在投递的过程中发现，大山里虽有优质农产品，却因信息闭塞而打不开销路。面对这一困境，桑南才从零开始学习电商运营，利用邮政网络将称杆乡的荞麦、天麻、蜂蜜等特产销往全国各地。他还主动报名考取无人机操作证书：“我这年纪学无人机确实吃力，但多学一门技术，就能更快地把急救药品、录取通知书送进偏远村寨，让村民们少一份等待。”

回望过去这条漫长的邮路，桑南才骑坏了5辆摩托车，磨破了160多个邮包，累计行程超过40万公里，经手投递的邮件达150余万份。“只要身体条件允许，这条深山邮路，我会继续走下去。”他用行动践行着自己的誓言。",李茂颖,要闻,,https://paper.people.com.cn/rmrb/pc/content/202608/13/content_30174646.html,2026-08-13,"['桑南', '投递', '邮路', '通知书', '深山', '村寨', '无人机', '山里', '乡亲们', '称杆']","雨后的怒江峡谷群山连绵，崎岖湿滑的山间小道蜿蜒穿梭在各个村寨之间。
一大早，桑南才（见图，受访者供图）将乡亲们的信件、包裹逐一码放整齐，熟练地检查、捆绑、装车，开启一天的投递工作。“又送货啦，辛苦咯！”路上劳作的村民远远打招呼。“有几个急件，要赶紧给大家送到。”桑南才笑着回答。
这名奔走在山间的投递员，是云南省怒江傈僳族自治州泸水市称杆乡邮政所所长桑南才。在当地，乡亲们早已熟悉他奔波的身影，还总用傈僳语亲切地唤他“托厄哈扒”，意思就是“送信人”。",其他,,,[],data/vault/2026/08/2026-08-13/06-要闻/三十八载坚守深山邮路（守望）.md,06,要闻
创新供给，“清凉产品”热度高（探访·暑期消费）,"天气炎热，消费市场热度不减。中国百货商业协会抽样调查显示，6月下旬至8月初，百货、购物中心、奥莱业态的周度客流环比持续回升。暑期旅游带来的人群流动、暑假期间的亲子消费需求增长，带动暑期消费乘“热”而上、释放强劲活力。
这个暑期，有哪些实用又新鲜的“清凉产品”出圈？记者走进商超、小商品批发市场，探访网络直播间、企业生产车间，感受涌动其间的科技感与创新力。
研发材料、升级工艺，家居产品迭代提质
“家人们，这是加了蚕蛹蛋白的凉席，一触即凉，像把冰棒敷在身上一样……”江苏南通碧美家纺有限公司直播间里，主播苗苗正在推荐新款床品。直播间已经涌入1万多人，远在四川绵阳的张女士下单并留言：“期待凉席到货，让全家在高温天里睡个好觉！”
“带科技属性的凉感产品常常一上链接就被抢购一空。”苗苗说，从7月开始，公司主播团队三班倒，24小时不间断直播，直播间单日成交额最多达70万元。
这个暑期，越来越多消费者被主打“凉感”“冰丝”等新概念的家居产品“圈粉”。由“清凉”引起的消费热潮背后，是家纺市场不断创新供给，推动产品提质升级。
“就拿这款蚕蛹蛋白凉席来说，在材料、工艺等方面已申请了8项专利，不但拥有抗菌透气性能，还能实现‘一触即凉’效果。”碧美家纺有限公司生产部负责人郭鑫宇说，公司生产线开足马力生产，以满足火热的市场需求。
在南通庄周纺织科技有限公司，传统的老粗布床品也靠“凉科技”走出了新路子。
展厅里，一件件老粗布床品花纹简洁、线条明快，还是记忆里的模样。伸手一摸，却不是粗糙硬挺的手感，而是细腻顺滑的触感，还带着丝丝凉意。
企业负责人朱宏升介绍，企业改进工艺，在恒温恒湿的生产车间里，用高压喷气织造工艺替代传统剑杆织机，织出的布料更细密均匀，手感更自然细腻；同时加入自主研发的凉感因子，既保留了老粗布透气吸湿的特点，又新增了清凉体感。“情怀加科技，让老产品成了新爆款。”朱宏升说。
在家纺产业根基深厚的南通，科技创新正让传统家纺产业焕发新生。
走进南通富玖纺织品科技有限公司的“睡眠体验馆”，研发人员正在测试凉感新品“黑金护颈凝胶枕”。“该产品表层的凝胶颗粒用的是退烧贴的同类材料，接触皮肤时能持续传导热量，实现‘头凉颈不凉’的效果。”企业营销负责人房武超说。
“消费需求持续升级，家纺已从满足基础实用的刚性需求，向健康舒适的高品质睡眠体验迭代延伸。”南通大学纺织服装学院教授刘其霞说，持续深耕功能性纺织材料研发与纺织工艺迭代升级，才能推动家纺产业加快从规模扩张向高质量价值升级，更好回应消费者期待。
注入创意、融合文化，日用品带来个性化体验
走进浙江义乌全球数贸中心，一家文创店内十分热闹。一名来自杭州的直播电商从业者正在咨询一款创意驱蚊贴，从起订量、香型到驱蚊效果，问得格外仔细。“这是今年暑期‘卖爆’的新款创意驱蚊贴，来进货的客商很多。”文创店经营者周宁宁说。
拿起一款锦鲤驱蚊贴，约10厘米长，造型精致，其中藏着4颗植物爆珠，轻轻一捏，淡淡的草本清香弥漫开来。“这种特殊造型驱蚊贴，我们推出了100款，每片含4颗爆珠，留香驱蚊效果可持续48小时，还可根据客户需求增加爆珠数量。”周宁宁说，创意驱蚊贴上市以来销量已突破20万片，成为海内外采购商竞相订购的“明星单品”。
谈及创意灵感，周宁宁说，观察到暑期年轻人依旧喜爱户外活动，同时结合人们对个性化香氛体验的追求，她与设计团队将香茅、天竺葵、薰衣草等植物中的天然驱蚊成分与花果香调巧妙融合，制成爆珠，嵌入驱蚊贴中。在外观设计上，融入动漫IP、潮玩元素，采用醒狮、锦鲤等精巧造型，兼顾实用性与美观度。
来自河北的采购商夏丽萍一口气下单了10箱创意驱蚊贴。“不仅能防蚊，捏爆香珠的动作解压又有趣，很多年轻人喜欢。”夏丽萍说。
为形成差异化优势，周宁宁打造了驱蚊贴、冰箱贴、挂件三大系列驱蚊产品，将驱蚊需求延伸为有审美、有温度的生活体验。
“目前，我们的工厂正开足马力生产，订单量还在不断增加。”周宁宁说，适逢暑期消费旺季，自家店铺也通过限时折扣、组合套装等多样化营销策略，满足即时性采购需求。
在义乌市中国小商品城日用百货行业商会会长黄洪鸣看来，创意驱蚊贴的走红，在于它超越了功能属性，成为能够提供情绪价值、满足悦己需求的生活装饰品，体现了日用百货行业发展的新方向。“科技引领新风尚，创新带动新潮流，结合个性化创意，融合优秀传统文化，越来越多刚需日用品将以更新鲜的形态出现在消费者生活中。”黄洪鸣说。
智能生产、丰富品类，健康饮品满足市场需求
烈日炎炎，四川都江堰市的一家连锁超市门店里，购买饮料的顾客络绎不绝。“我来给家里采购饮料，买了红豆薏米水、金银花雪梨水等，既能降温解暑，也不会过多增加糖类摄入量。”市民刘先生说。
“这个暑期，养生饮料销售愈发火爆。”门店的一名工作人员说，一方面，大家都更注重健康饮食，偏好低糖、无糖的饮料；另一方面，越来越多厂商推出健康饮品，消费者的选择更多了。
“我们围绕健康饮品进行产品研发，将枸杞、金银花、红豆等大家熟悉的食材巧妙搭配，开发了丰富的‘新中式’品类。”元气森林联合创始人王璞说，这些产品契合中国人传统的饮用习惯，受到消费者的好评。
来到元气森林都江堰生产基地，自动化生产车间正高效运转。熬煮、高温瞬时灭菌、无菌冷灌装……一系列工序井然。元气森林（四川）饮料有限公司总经理冉兵介绍，为推出养生水产品，企业将熬煮工艺融入生产线，经过多轮反复调试，建成了现有的智能化生产线。
“想要养生水好喝，原料很关键。”王璞说，以红豆薏米水为例，需要专门选择出沙率偏低的豆子，才能保证汤色清亮，同时实现入口有淡淡甜香。
为寻找合适原材料，研发团队耗时数月跨越多个产区，筛选出40多款红豆和红小豆开展盲测。最终，通过统一熬煮工艺，对比豆香释放度、口感绵密感和余味留存时间，团队选定了东北“珍珠红”红小豆作为原材料。“我们还与中国农业科学院相关机构签署合作协议，围绕杂粮品种筛选等展开合作，寻找更适合即饮产品的原料。”王璞说。
除了熬煮类饮品，无糖气泡水等饮料也备受消费者青睐。“今年上半年，中粮可口可乐饮料（四川）公司无糖品类销量同比增长11％，健康化产品的增长势头强劲。”中粮可口可乐饮料（四川）公司市场总监董哲青分析，畅爽口感叠加无糖无负担，精准呼应了消费者从“好喝”到“喝得更健康”的需求转变。“公司正加紧研发，推出雪碧益生元无糖气泡水、美汁源清爽功能果汁等健康新饮品，加速迈向健康饮品赛道。”董哲青说。","### 既有基础功能，更要品质赋能

# 创新供给，“清凉产品”热度高（探访·暑期消费）

> 本报记者  王伟健  窦瀚洋  王永战《人民日报》（2026年08月13日第 07 版）

天气炎热，消费市场热度不减。中国百货商业协会抽样调查显示，6月下旬至8月初，百货、购物中心、奥莱业态的周度客流环比持续回升。暑期旅游带来的人群流动、暑假期间的亲子消费需求增长，带动暑期消费乘“热”而上、释放强劲活力。

这个暑期，有哪些实用又新鲜的“清凉产品”出圈？记者走进商超、小商品批发市场，探访网络直播间、企业生产车间，感受涌动其间的科技感与创新力。

**研发材料、升级工艺，家居产品迭代提质**

“家人们，这是加了蚕蛹蛋白的凉席，一触即凉，像把冰棒敷在身上一样……”江苏南通碧美家纺有限公司直播间里，主播苗苗正在推荐新款床品。直播间已经涌入1万多人，远在四川绵阳的张女士下单并留言：“期待凉席到货，让全家在高温天里睡个好觉！”

“带科技属性的凉感产品常常一上链接就被抢购一空。”苗苗说，从7月开始，公司主播团队三班倒，24小时不间断直播，直播间单日成交额最多达70万元。

这个暑期，越来越多消费者被主打“凉感”“冰丝”等新概念的家居产品“圈粉”。由“清凉”引起的消费热潮背后，是家纺市场不断创新供给，推动产品提质升级。

“就拿这款蚕蛹蛋白凉席来说，在材料、工艺等方面已申请了8项专利，不但拥有抗菌透气性能，还能实现‘一触即凉’效果。”碧美家纺有限公司生产部负责人郭鑫宇说，公司生产线开足马力生产，以满足火热的市场需求。

在南通庄周纺织科技有限公司，传统的老粗布床品也靠“凉科技”走出了新路子。

展厅里，一件件老粗布床品花纹简洁、线条明快，还是记忆里的模样。伸手一摸，却不是粗糙硬挺的手感，而是细腻顺滑的触感，还带着丝丝凉意。

企业负责人朱宏升介绍，企业改进工艺，在恒温恒湿的生产车间里，用高压喷气织造工艺替代传统剑杆织机，织出的布料更细密均匀，手感更自然细腻；同时加入自主研发的凉感因子，既保留了老粗布透气吸湿的特点，又新增了清凉体感。“情怀加科技，让老产品成了新爆款。”朱宏升说。

在家纺产业根基深厚的南通，科技创新正让传统家纺产业焕发新生。

走进南通富玖纺织品科技有限公司的“睡眠体验馆”，研发人员正在测试凉感新品“黑金护颈凝胶枕”。“该产品表层的凝胶颗粒用的是退烧贴的同类材料，接触皮肤时能持续传导热量，实现‘头凉颈不凉’的效果。”企业营销负责人房武超说。

“消费需求持续升级，家纺已从满足基础实用的刚性需求，向健康舒适的高品质睡眠体验迭代延伸。”南通大学纺织服装学院教授刘其霞说，持续深耕功能性纺织材料研发与纺织工艺迭代升级，才能推动家纺产业加快从规模扩张向高质量价值升级，更好回应消费者期待。

**注入创意、融合文化，日用品带来个性化体验**

走进浙江义乌全球数贸中心，一家文创店内十分热闹。一名来自杭州的直播电商从业者正在咨询一款创意驱蚊贴，从起订量、香型到驱蚊效果，问得格外仔细。“这是今年暑期‘卖爆’的新款创意驱蚊贴，来进货的客商很多。”文创店经营者周宁宁说。

拿起一款锦鲤驱蚊贴，约10厘米长，造型精致，其中藏着4颗植物爆珠，轻轻一捏，淡淡的草本清香弥漫开来。“这种特殊造型驱蚊贴，我们推出了100款，每片含4颗爆珠，留香驱蚊效果可持续48小时，还可根据客户需求增加爆珠数量。”周宁宁说，创意驱蚊贴上市以来销量已突破20万片，成为海内外采购商竞相订购的“明星单品”。

谈及创意灵感，周宁宁说，观察到暑期年轻人依旧喜爱户外活动，同时结合人们对个性化香氛体验的追求，她与设计团队将香茅、天竺葵、薰衣草等植物中的天然驱蚊成分与花果香调巧妙融合，制成爆珠，嵌入驱蚊贴中。在外观设计上，融入动漫IP、潮玩元素，采用醒狮、锦鲤等精巧造型，兼顾实用性与美观度。

来自河北的采购商夏丽萍一口气下单了10箱创意驱蚊贴。“不仅能防蚊，捏爆香珠的动作解压又有趣，很多年轻人喜欢。”夏丽萍说。

为形成差异化优势，周宁宁打造了驱蚊贴、冰箱贴、挂件三大系列驱蚊产品，将驱蚊需求延伸为有审美、有温度的生活体验。

“目前，我们的工厂正开足马力生产，订单量还在不断增加。”周宁宁说，适逢暑期消费旺季，自家店铺也通过限时折扣、组合套装等多样化营销策略，满足即时性采购需求。

在义乌市中国小商品城日用百货行业商会会长黄洪鸣看来，创意驱蚊贴的走红，在于它超越了功能属性，成为能够提供情绪价值、满足悦己需求的生活装饰品，体现了日用百货行业发展的新方向。“科技引领新风尚，创新带动新潮流，结合个性化创意，融合优秀传统文化，越来越多刚需日用品将以更新鲜的形态出现在消费者生活中。”黄洪鸣说。

**智能生产、丰富品类，健康饮品满足市场需求**

烈日炎炎，四川都江堰市的一家连锁超市门店里，购买饮料的顾客络绎不绝。“我来给家里采购饮料，买了红豆薏米水、金银花雪梨水等，既能降温解暑，也不会过多增加糖类摄入量。”市民刘先生说。

“这个暑期，养生饮料销售愈发火爆。”门店的一名工作人员说，一方面，大家都更注重健康饮食，偏好低糖、无糖的饮料；另一方面，越来越多厂商推出健康饮品，消费者的选择更多了。

“我们围绕健康饮品进行产品研发，将枸杞、金银花、红豆等大家熟悉的食材巧妙搭配，开发了丰富的‘新中式’品类。”元气森林联合创始人王璞说，这些产品契合中国人传统的饮用习惯，受到消费者的好评。

来到元气森林都江堰生产基地，自动化生产车间正高效运转。熬煮、高温瞬时灭菌、无菌冷灌装……一系列工序井然。元气森林（四川）饮料有限公司总经理冉兵介绍，为推出养生水产品，企业将熬煮工艺融入生产线，经过多轮反复调试，建成了现有的智能化生产线。

“想要养生水好喝，原料很关键。”王璞说，以红豆薏米水为例，需要专门选择出沙率偏低的豆子，才能保证汤色清亮，同时实现入口有淡淡甜香。

为寻找合适原材料，研发团队耗时数月跨越多个产区，筛选出40多款红豆和红小豆开展盲测。最终，通过统一熬煮工艺，对比豆香释放度、口感绵密感和余味留存时间，团队选定了东北“珍珠红”红小豆作为原材料。“我们还与中国农业科学院相关机构签署合作协议，围绕杂粮品种筛选等展开合作，寻找更适合即饮产品的原料。”王璞说。

除了熬煮类饮品，无糖气泡水等饮料也备受消费者青睐。“今年上半年，中粮可口可乐饮料（四川）公司无糖品类销量同比增长11％，健康化产品的增长势头强劲。”中粮可口可乐饮料（四川）公司市场总监董哲青分析，畅爽口感叠加无糖无负担，精准呼应了消费者从“好喝”到“喝得更健康”的需求转变。“公司正加紧研发，推出雪碧益生元无糖气泡水、美汁源清爽功能果汁等健康新饮品，加速迈向健康饮品赛道。”董哲青说。",王伟健  窦瀚洋  王永战,要闻,,https://paper.people.com.cn/rmrb/pc/content/202608/13/content_30174649.html,2026-08-13,"['驱蚊', '暑期', '创意', '饮料', '饮品', '无糖', '产品', '宁宁', '健康', '工艺']","天气炎热，消费市场热度不减。中国百货商业协会抽样调查显示，6月下旬至8月初，百货、购物中心、奥莱业态的周度客流环比持续回升。暑期旅游带来的人群流动、暑假期间的亲子消费需求增长，带动暑期消费乘“热”而上、释放强劲活力。
这个暑期，有哪些实用又新鲜的“清凉产品”出圈？记者走进商超、小商品批发市场，探访网络直播间、企业生产车间，感受涌动其间的科技感与创新力。
研发材料、升级工艺，家居产品迭代提质",经济,,,[],data/vault/2026/08/2026-08-13/07-要闻/创新供给，“清凉产品”热度高（探访·暑期消费）.md,07,要闻
跟着秦腔游古城（新场景里看活力·暑期消费新看点）,"“158，159，160，哇！”观众齐声计数，秦腔经典剧目的吹火表演定格在160次，引来惊叹声一片。
这个暑期，陕西西安的城墙边、老巷里、酒吧阳台上，一处处空间变身“露天舞台”——几平方米的场地内“跨界”联动，梆子一声响，秦腔吼起来，赢得阵阵喝彩。
“酒吧里唱大戏，这种‘混搭’第一次见，很潮！”山西游客刘浩辉是个“秦腔迷”，专程前来“打卡”。
老戏正青春，秦腔为古城西安的文旅热再添“一把火”。
车水马龙的西安市中心，与闹市一街之隔的，便是以秦腔文化为主题打造的易俗社文化街区。
“喝喊一声绑帐外，不由得豪杰笑开怀……”街区戏台上，秦腔吼得热气腾腾。戏台前的小广场聚起200多名戏迷，口中和着曲调。不时有游客驻足听戏，频频举起手机相机，定格精彩瞬间。
“不同游客，多样选择。”西安易俗社运营中心负责人蒲国伟说，“除了可以欣赏地道秦腔的街区戏台，我们还携手商圈、Livehouse（音乐展演空间）等，推出轻量化潮流演出。”
不光观演，还能亲身体验。
走进白鹿原影视城，古戏台前正举行一场秦腔旦角“慢卧鱼”全民挑战赛。
压腰、俯身、慢沉、定格……在专业演员指导下，参赛选手依次排开，体验这一经典身段技巧。戏台前挤满各地游客，不少人自告奋勇上前尝试。
“看起来简单，其实很考验腰腹力量、身体平衡，得下苦功才行。”游客薛涵颇为感慨，“第一次亲身感受，对秦腔艺术的理解更深了。”
位于长安区的西影风雷年代影视基地里，不少游客穿上戏服，与扮演秦腔名伶的景区NPC（非玩家角色）对戏，过足“演戏瘾”。
这个影视基地由一座厂房改造而来。大礼堂的长条凳、供销社的老算盘、邮电局的旧信件……老物件“穿越”时空，让“追剧人”变成“戏中人”。
“通过‘影视拍摄+沉浸体验+文旅消费’模式，这里正成为文商旅深度融合的新载体。”影视基地策划推广中心负责人肖家亮介绍。自今年“五一”假期开园以来，这个影视基地已接待市民游客超15万人次，综合收入600余万元。
咖啡馆里，“秦腔+咖啡”的新潮碰撞受到年轻人热捧；华清宫景区，秦腔演员互动巡游，吸引众多游客驻足；以秦腔为主题的热门影视剧《主角》取景地，戏曲研学线路十分火爆……文旅部门乘势而上、系统谋划，推出“看《主角》  赏秦腔  游陕西”主题活动。“引导旅游方式从‘追剧’走向‘追景’，实现影视艺术流量向文旅‘留量’的有效转化。”陕西省文化和旅游厅相关负责人介绍，今年暑期以来，西安累计推出各类秦腔表演530余场，覆盖市民游客超20万人次。
暮色渐浓，华灯初上。城墙根、公园里、广场上，古城西安的大街小巷，游人如织，秦腔阵阵，余韵悠长。","### 陕西西安打造文旅融合新形态

# 跟着秦腔游古城（新场景里看活力·暑期消费新看点）

> 本报记者  高  炳《人民日报》（2026年08月13日第 07 版）

“158，159，160，哇！”观众齐声计数，秦腔经典剧目的吹火表演定格在160次，引来惊叹声一片。

这个暑期，陕西西安的城墙边、老巷里、酒吧阳台上，一处处空间变身“露天舞台”——几平方米的场地内“跨界”联动，梆子一声响，秦腔吼起来，赢得阵阵喝彩。

“酒吧里唱大戏，这种‘混搭’第一次见，很潮！”山西游客刘浩辉是个“秦腔迷”，专程前来“打卡”。

老戏正青春，秦腔为古城西安的文旅热再添“一把火”。

车水马龙的西安市中心，与闹市一街之隔的，便是以秦腔文化为主题打造的易俗社文化街区。

“喝喊一声绑帐外，不由得豪杰笑开怀……”街区戏台上，秦腔吼得热气腾腾。戏台前的小广场聚起200多名戏迷，口中和着曲调。不时有游客驻足听戏，频频举起手机相机，定格精彩瞬间。

“不同游客，多样选择。”西安易俗社运营中心负责人蒲国伟说，“除了可以欣赏地道秦腔的街区戏台，我们还携手商圈、Livehouse（音乐展演空间）等，推出轻量化潮流演出。”

不光观演，还能亲身体验。

走进白鹿原影视城，古戏台前正举行一场秦腔旦角“慢卧鱼”全民挑战赛。

压腰、俯身、慢沉、定格……在专业演员指导下，参赛选手依次排开，体验这一经典身段技巧。戏台前挤满各地游客，不少人自告奋勇上前尝试。

“看起来简单，其实很考验腰腹力量、身体平衡，得下苦功才行。”游客薛涵颇为感慨，“第一次亲身感受，对秦腔艺术的理解更深了。”

位于长安区的西影风雷年代影视基地里，不少游客穿上戏服，与扮演秦腔名伶的景区NPC（非玩家角色）对戏，过足“演戏瘾”。

这个影视基地由一座厂房改造而来。大礼堂的长条凳、供销社的老算盘、邮电局的旧信件……老物件“穿越”时空，让“追剧人”变成“戏中人”。

“通过‘影视拍摄+沉浸体验+文旅消费’模式，这里正成为文商旅深度融合的新载体。”影视基地策划推广中心负责人肖家亮介绍。自今年“五一”假期开园以来，这个影视基地已接待市民游客超15万人次，综合收入600余万元。

咖啡馆里，“秦腔+咖啡”的新潮碰撞受到年轻人热捧；华清宫景区，秦腔演员互动巡游，吸引众多游客驻足；以秦腔为主题的热门影视剧《主角》取景地，戏曲研学线路十分火爆……文旅部门乘势而上、系统谋划，推出“看《主角》  赏秦腔  游陕西”主题活动。“引导旅游方式从‘追剧’走向‘追景’，实现影视艺术流量向文旅‘留量’的有效转化。”陕西省文化和旅游厅相关负责人介绍，今年暑期以来，西安累计推出各类秦腔表演530余场，覆盖市民游客超20万人次。

暮色渐浓，华灯初上。城墙根、公园里、广场上，古城西安的大街小巷，游人如织，秦腔阵阵，余韵悠长。",高  炳,要闻,,https://paper.people.com.cn/rmrb/pc/content/202608/13/content_30174650.html,2026-08-13,"['秦腔', '游客', '影视', '戏台', '文旅', '暑期', '西安', '定格', '街区', '160']","“158，159，160，哇！”观众齐声计数，秦腔经典剧目的吹火表演定格在160次，引来惊叹声一片。
这个暑期，陕西西安的城墙边、老巷里、酒吧阳台上，一处处空间变身“露天舞台”——几平方米的场地内“跨界”联动，梆子一声响，秦腔吼起来，赢得阵阵喝彩。
“酒吧里唱大戏，这种‘混搭’第一次见，很潮！”山西游客刘浩辉是个“秦腔迷”，专程前来“打卡”。",文化,,,[],data/vault/2026/08/2026-08-13/07-要闻/跟着秦腔游古城（新场景里看活力·暑期消费新看点）.md,07,要闻
全国总工会推出“工间太极操”,"本报北京8月12日电  （记者易舒冉）记者从全国总工会获悉：近日，全国总工会推出“工间太极操”（又名“经络养元操”），“职工之家”APP、全总视频号及各地工会宣传平台，每周三中午同步更新一期教学视频，并开设线上跟练直播课堂，指导职工规范习练、培养长期健身习惯。
据介绍，“工间太极操”汲取了太极拳、五禽戏、八段锦、古法导引术、养元操等传统养生功法核心精髓，筛选适配各类生产生活场景的舒缓动作，经科学整合、规范编排而成，兼具深厚传统文化底蕴与现代职场实用价值。“工间太极操”合计24式，全程无需任何健身器械辅助，职工可结合自身工作节奏、身体状态灵活分段练习，碎片化时间就能舒展筋骨、调养身心。","# 全国总工会推出“工间太极操”

> 《人民日报》（2026年08月13日第 07 版）

本报北京8月12日电  （记者易舒冉）记者从全国总工会获悉：近日，全国总工会推出“工间太极操”（又名“经络养元操”），“职工之家”APP、全总视频号及各地工会宣传平台，每周三中午同步更新一期教学视频，并开设线上跟练直播课堂，指导职工规范习练、培养长期健身习惯。

据介绍，“工间太极操”汲取了太极拳、五禽戏、八段锦、古法导引术、养元操等传统养生功法核心精髓，筛选适配各类生产生活场景的舒缓动作，经科学整合、规范编排而成，兼具深厚传统文化底蕴与现代职场实用价值。“工间太极操”合计24式，全程无需任何健身器械辅助，职工可结合自身工作节奏、身体状态灵活分段练习，碎片化时间就能舒展筋骨、调养身心。",,要闻,,https://paper.people.com.cn/rmrb/pc/content/202608/13/content_30174652.html,2026-08-13,"['工间', '太极', '全国总工会', '养元操', '职工', '健身', '视频', '每周三', '规范', '适配']","本报北京8月12日电  （记者易舒冉）记者从全国总工会获悉：近日，全国总工会推出“工间太极操”（又名“经络养元操”），“职工之家”APP、全总视频号及各地工会宣传平台，每周三中午同步更新一期教学视频，并开设线上跟练直播课堂，指导职工规范习练、培养长期健身习惯。
据介绍，“工间太极操”汲取了太极拳、五禽戏、八段锦、古法导引术、养元操等传统养生功法核心精髓，筛选适配各类生产生活场景的舒缓动作，经科学整合、规范编排而成，兼具深厚传统文化底蕴与现代职场实用价值。“工间太极操”合计24式，全程无需任何健身器械辅助，职工可结合自身工作节奏、身体状态灵活分段练习，碎片化时间就能舒展筋骨、调养身心。",文化,,,[],data/vault/2026/08/2026-08-13/07-要闻/全国总工会推出“工间太极操”.md,07,要闻
火山石缝里种出致富果（追梦路上）,"王明华在荔枝园中。赵广欣摄
王明华在荔枝园中。
赵广欣摄
海南海口永兴镇，空气里满是荔枝的清甜。钻进果园，脚下是凹凸不平的火山岩，坡陡路窄，种植户王明华却步履稳健。他穿梭于林间，熟练地修枝、除草、清理落叶残果。
满是石头、几乎看不到泥土的地方，怎么种得出水果？
1994年，王明华考入南京农业大学植物保护专业。毕业后，他辗转大半个中国，始终没离开农业。走了一大圈，最终回到永兴老家。
永兴镇地处海口西南的火山岩地貌区，是火山荔枝的核心产区。火山岩地给荔枝带来独特风味，个头大如鸡蛋、果皮艳红的品种“荔枝王”（学名“紫娘喜”）母树就长在这里。“荔枝的香甜是小时候最难忘的味道。”王明华说。
王明华的舅舅吴开茂，曾是永兴远近闻名的“荔枝大王”。他带头开发火山岩地，筛选特色品种，推广矮化栽培和换冠嫁接，还发现了南岛无核荔枝品种。“这些品种资源是上一辈人的心血，不能砸在我手里。”回到家乡的王明华决定，深耕荔枝种植。
为便于果园管理，他把乱石一块块扒下来铺平整；为了浇灌果树，他打了口180米深的井……守着火山石缝里那薄薄的一层土，王明华为了种出“童年的味道”而努力。
王明华重点种植的特色品种“新球蜜荔”，果肉脆嫩、耐储存、抗逆性强。“新优品种高产稳产，市场认可度高。但归根结底，品质才是第一位的，得先把种植的‘内功’练好。”王明华说。
周边的种植户以前习惯用进口农药，成本较高，王明华结合多年从业经验帮大家筛选出更适合的国产农资，保住效果的同时压低成本。“种地本就利润薄，假如每亩每年能省100元，对农户而言就很可观了。”王明华说。
日子久了，王明华也从种植者变成了连接农户和市场的“经纪人”。果商来永兴收果，他帮着选果、把关品质和农残；乡亲在种植上犯了难，也来找他问药、问肥。碰上实在拿不准的事，他便找当年的老师同学求助，“让好果卖上好价，才对得起大家的汗水。”
5月到7月的荔枝成熟季是王明华最忙的时候。按200亩投产面积粗算，采摘期约20天，高峰期每天上百名工人进园采摘、分拣、打包，可带来约3000个工次、50余万元季节性务工收入。收购、运输、电商等延伸环节也带来了收果、打包、发货等工作岗位。一颗荔枝，带动就业增收，串起了乡亲们的好日子。
目前，王明华经营着400余亩基地，部分仍处在开发和投产初期。“搞农业，不是面积越大越好。”王明华给自己定了规矩：基地距离控制在一小时车程内，每天进园巡看，疏果、停药、采收的时机，依靠一次次观察决定。“走进果园，看到果子长得大、长得好，心就敞亮了。”王明华说。
王明华给自己种的荔枝起名“童年的味道”。他说，小时候荔枝熟了，孩子们往地里跑；长大后在外奔波的人，一到季节就惦记家乡那口甜。若能在异乡吃上一口永兴荔枝，也就尝到了家乡的味道。
（赵广欣参与采写）","### 海南海口永兴镇荔枝种植户王明华——

# 火山石缝里种出致富果（追梦路上）

> 本报记者  孙海天《人民日报》（2026年08月13日第 07 版）

王明华在荔枝园中。　　赵广欣摄

王明华在荔枝园中。

赵广欣摄

海南海口永兴镇，空气里满是荔枝的清甜。钻进果园，脚下是凹凸不平的火山岩，坡陡路窄，种植户王明华却步履稳健。他穿梭于林间，熟练地修枝、除草、清理落叶残果。

满是石头、几乎看不到泥土的地方，怎么种得出水果？

1994年，王明华考入南京农业大学植物保护专业。毕业后，他辗转大半个中国，始终没离开农业。走了一大圈，最终回到永兴老家。

永兴镇地处海口西南的火山岩地貌区，是火山荔枝的核心产区。火山岩地给荔枝带来独特风味，个头大如鸡蛋、果皮艳红的品种“荔枝王”（学名“紫娘喜”）母树就长在这里。“荔枝的香甜是小时候最难忘的味道。”王明华说。

王明华的舅舅吴开茂，曾是永兴远近闻名的“荔枝大王”。他带头开发火山岩地，筛选特色品种，推广矮化栽培和换冠嫁接，还发现了南岛无核荔枝品种。“这些品种资源是上一辈人的心血，不能砸在我手里。”回到家乡的王明华决定，深耕荔枝种植。

为便于果园管理，他把乱石一块块扒下来铺平整；为了浇灌果树，他打了口180米深的井……守着火山石缝里那薄薄的一层土，王明华为了种出“童年的味道”而努力。

王明华重点种植的特色品种“新球蜜荔”，果肉脆嫩、耐储存、抗逆性强。“新优品种高产稳产，市场认可度高。但归根结底，品质才是第一位的，得先把种植的‘内功’练好。”王明华说。

周边的种植户以前习惯用进口农药，成本较高，王明华结合多年从业经验帮大家筛选出更适合的国产农资，保住效果的同时压低成本。“种地本就利润薄，假如每亩每年能省100元，对农户而言就很可观了。”王明华说。

日子久了，王明华也从种植者变成了连接农户和市场的“经纪人”。果商来永兴收果，他帮着选果、把关品质和农残；乡亲在种植上犯了难，也来找他问药、问肥。碰上实在拿不准的事，他便找当年的老师同学求助，“让好果卖上好价，才对得起大家的汗水。”

5月到7月的荔枝成熟季是王明华最忙的时候。按200亩投产面积粗算，采摘期约20天，高峰期每天上百名工人进园采摘、分拣、打包，可带来约3000个工次、50余万元季节性务工收入。收购、运输、电商等延伸环节也带来了收果、打包、发货等工作岗位。一颗荔枝，带动就业增收，串起了乡亲们的好日子。

目前，王明华经营着400余亩基地，部分仍处在开发和投产初期。“搞农业，不是面积越大越好。”王明华给自己定了规矩：基地距离控制在一小时车程内，每天进园巡看，疏果、停药、采收的时机，依靠一次次观察决定。“走进果园，看到果子长得大、长得好，心就敞亮了。”王明华说。

王明华给自己种的荔枝起名“童年的味道”。他说，小时候荔枝熟了，孩子们往地里跑；长大后在外奔波的人，一到季节就惦记家乡那口甜。若能在异乡吃上一口永兴荔枝，也就尝到了家乡的味道。

（赵广欣参与采写）",孙海天,要闻,,https://paper.people.com.cn/rmrb/pc/content/202608/13/content_30174654.html,2026-08-13,"['王明', '荔枝', '永兴', '华说', '种植', '火山岩', '品种', '味道', '果园', '华在']","王明华在荔枝园中。赵广欣摄
王明华在荔枝园中。
赵广欣摄",经济,,,[],data/vault/2026/08/2026-08-13/07-要闻/火山石缝里种出致富果（追梦路上）.md,07,要闻
合资续约，车企合作新模式开启（经济聚焦）,"近日，上汽集团与通用汽车续约20年，合资期限延长至2047年；此前，广汽集团与本田汽车也已签署合资续约协议，将合资期限延长至2038年。
再加上此前已经完成续约的上汽大众、北京奔驰、东风和斯泰兰蒂斯……一系列续约顺利完成，一方面显示了跨国车企对中国汽车市场的长期看好；另一方面，中外车企已开启合资合作新模式，在中国生产制造智能新能源汽车并将之推向全球市场成为双方共同目标。
从解决“有没有”到回答“强不强”
在中国的合资车企被跨国车企寄予更高期待
合资车企在中国市场的销量承受较大的下行压力，但他们依然选择续约，一方面是因为中国是汽车领域“全球最大市场”，仍贡献着重要业绩；另一方面，在中国的合资车企被跨国车企寄予更高的期待。
本田汽车相关负责人表示，随着电动化、智能化技术的快速发展，中国汽车市场竞争日益激烈。在此背景下，本田汽车和广汽集团将充分发挥各自的技术和资源优势，推动广汽本田加速重塑关键竞争力，实现向新能源转型，持续提供满足用户需求的多样化产品。
上汽集团董事长王晓秋说：“20多年前，合资合作解决了有没有的问题，如今必须回答强不强的重要命题。”续约后的上汽通用将推动在“合资2.0时代”的新发展。
近几年，合资车企智能化、电动化转型步伐偏慢，导致其整体经营承压，市场份额不断缩小。跨国车企曾经采用的导入产品在华生产销售的模式，已不适应中国市场的发展，因为这些产品在智能化、网联化、电动化等方面短板突出，导致其在国内市场竞争力降低。在此背景下，多家跨国车企选择续约，希望依托中方伙伴的力量补齐短板，推出满足国内消费者需求的智能新能源汽车，以此完成转型。
“合资续约是意料之中的事。”在中国机电产品进出口商会汽车国际化专业委员会高级专家孙晓红看来，合资车企当前在中国的销量下滑主要是因为新能源汽车转型滞后，没有跟上中国汽车市场的消费需求变化，但中国仍是跨国车企的主要市场，它们需要借助中国智能新能源汽车强大的供应链体系谋求转型发展。
从“以技术换市场”到整合资源联合开发
协同创新，探索双方优势深度互补全新模式
虽然是续约，但不同于过去“以技术换市场”，续约后的合资车企大多将开启新的运营模式。以上汽通用为例，“产品定义权全面移交中国团队”，由泛亚汽车技术中心主导合资车企底层产品研发，成为此次上汽通用续约的重要议题。
广汽本田汽车销售有限公司副总经理兼营销本部副本部长藤川大介绍，未来广汽本田的运营，将从研发端进行改革，力求推出更懂中国消费需求的产品。目前，广汽本田已全面推行“产品总监制”，由合资公司团队牵头主导产品定义，整合双方股东的优势资源联合开发，从过去“适配全球车型”转变为“主导核心需求”，整车开发的起点放在中国用户真实的用车场景。股东双方深度协同研发，基于中国国内需求，很多车型从零开始打磨，软硬件、车型设计到营销全面联动。
借助中国智能新能源汽车的供应链体系等，合资公司将加快新能源汽车转型的步伐。按照规划，广汽本田未来两年将陆续推出5款新车，包括全新迭代的混动产品，以及两款新能源车型。上汽通用明确，2030年前推出至少30款新能源车型。
“在新能源汽车产业发展过程中，我们形成了强大的供应链体系、领先的商业运营经验，在产品技术方面也有了积累，这些为合资车企和跨国车企的新能源汽车转型提供了经验。”在孙晓红看来，借助中国市场加快合资车企的新能源汽车转型，不仅有助于扭转跨国车企在华销量下滑的趋势，还可以帮助跨国车企加速在全球范围内的新能源汽车转型。
“协同创新，探索双方优势深度互补的全新模式成为合资车企的共同特点。”中国汽车技术研究中心有限公司首席专家杨靖表示，面对市场的新变化，合资续约也在探索新的发展模式。
从“在中国，为中国”到“在中国，为全球”
深耕中国市场的产品同样适配全球
在加速新能源汽车转型的同时，让合资车企借助跨国车企的全球网络，谋求更广阔的发展空间，是合资续约的进一步诉求。以上汽通用为例，王晓秋提出：“希望上汽通用充分发挥双方在技术、品牌、全球渠道等方面优势，推动技术能力实现跨越式提升，引领产品创新迭代，以全球化视野打开发展新局面。”
未来，上汽通用将更加充分地发挥用户洞察、技术创新、智能制造和产业链效率等方面的独特优势，推动更多由中国定义、中国研发、中国制造的产品和技术服务全球市场，从而实现从“全球本土化”向“中国全球化”转变。按照规划，别克至境E7将于今年10月正式出口海外市场。
2024年11月，上汽大众提前6年续签合资协议，将合资期限从2030年延长至2040年。近日，上汽大众旗下多款车型正式进入乌兹别克斯坦市场。这是大众汽车集团（中国）首次全权管理大众汽车品牌向中国以外市场出口的业务。
长安马自达汽车有限公司销售分公司客户增长部相关负责人邓翔宇介绍，长安马自达已被正式确立为马自达全球新能源产品研发、生产及出口基地，依托中国的研发与制造能力，向全球成熟市场输出新能源产品。“我们在前期调研中发现，中国与欧洲的消费者需求相通，深耕中国市场的产品，同样适配全球。”他说。据悉，长安马自达已将南京工厂生产的马自达EZ—6成功出口到20余个国家和地区。
此前，在中国汽车品牌开拓国际市场的过程中，已经有了中外合作的成功案例，如吉利与雷诺、零跑与斯泰兰蒂斯，借助跨国车企的全球营销网络，中国汽车品牌的国际影响力逐步提升。
“跨国车企普遍具有成熟的全球化营销网络，借助这些网络，加之中国制造国际竞争力的增强，合资车企生产的产品可以更好地打开国际市场。”在孙晓红看来，合资车企的新能源汽车转型成果，可以借助跨国车企的国际化营销网络，销往全球更广阔的市场，完成合资车企“在中国，为全球”的转型。
杨靖强调，新合资车企正在逐步转型成为集研发、制造、出口于一体的综合枢纽，以中国制造为底蕴，谋求更广阔的全球化发展。
中国汽车工业协会副秘书长柳燕认为，从“全球车，中国造”到“中国造，全球车”，从“在中国，为中国”到“在中国，为全球”，这将成为合资车企发展的破局路径。","### 看好中国市场  加快新能源转型  谋求更广阔发展空间

# 合资续约，车企合作新模式开启（经济聚焦）

> 中国汽车报记者  王金玉《人民日报》（2026年08月13日第 08 版）

近日，上汽集团与通用汽车续约20年，合资期限延长至2047年；此前，广汽集团与本田汽车也已签署合资续约协议，将合资期限延长至2038年。

再加上此前已经完成续约的上汽大众、北京奔驰、东风和斯泰兰蒂斯……一系列续约顺利完成，一方面显示了跨国车企对中国汽车市场的长期看好；另一方面，中外车企已开启合资合作新模式，在中国生产制造智能新能源汽车并将之推向全球市场成为双方共同目标。

从解决“有没有”到回答“强不强”

在中国的合资车企被跨国车企寄予更高期待

合资车企在中国市场的销量承受较大的下行压力，但他们依然选择续约，一方面是因为中国是汽车领域“全球最大市场”，仍贡献着重要业绩；另一方面，在中国的合资车企被跨国车企寄予更高的期待。

本田汽车相关负责人表示，随着电动化、智能化技术的快速发展，中国汽车市场竞争日益激烈。在此背景下，本田汽车和广汽集团将充分发挥各自的技术和资源优势，推动广汽本田加速重塑关键竞争力，实现向新能源转型，持续提供满足用户需求的多样化产品。

上汽集团董事长王晓秋说：“20多年前，合资合作解决了有没有的问题，如今必须回答强不强的重要命题。”续约后的上汽通用将推动在“合资2.0时代”的新发展。

近几年，合资车企智能化、电动化转型步伐偏慢，导致其整体经营承压，市场份额不断缩小。跨国车企曾经采用的导入产品在华生产销售的模式，已不适应中国市场的发展，因为这些产品在智能化、网联化、电动化等方面短板突出，导致其在国内市场竞争力降低。在此背景下，多家跨国车企选择续约，希望依托中方伙伴的力量补齐短板，推出满足国内消费者需求的智能新能源汽车，以此完成转型。

“合资续约是意料之中的事。”在中国机电产品进出口商会汽车国际化专业委员会高级专家孙晓红看来，合资车企当前在中国的销量下滑主要是因为新能源汽车转型滞后，没有跟上中国汽车市场的消费需求变化，但中国仍是跨国车企的主要市场，它们需要借助中国智能新能源汽车强大的供应链体系谋求转型发展。

从“以技术换市场”到整合资源联合开发

协同创新，探索双方优势深度互补全新模式

虽然是续约，但不同于过去“以技术换市场”，续约后的合资车企大多将开启新的运营模式。以上汽通用为例，“产品定义权全面移交中国团队”，由泛亚汽车技术中心主导合资车企底层产品研发，成为此次上汽通用续约的重要议题。

广汽本田汽车销售有限公司副总经理兼营销本部副本部长藤川大介绍，未来广汽本田的运营，将从研发端进行改革，力求推出更懂中国消费需求的产品。目前，广汽本田已全面推行“产品总监制”，由合资公司团队牵头主导产品定义，整合双方股东的优势资源联合开发，从过去“适配全球车型”转变为“主导核心需求”，整车开发的起点放在中国用户真实的用车场景。股东双方深度协同研发，基于中国国内需求，很多车型从零开始打磨，软硬件、车型设计到营销全面联动。

借助中国智能新能源汽车的供应链体系等，合资公司将加快新能源汽车转型的步伐。按照规划，广汽本田未来两年将陆续推出5款新车，包括全新迭代的混动产品，以及两款新能源车型。上汽通用明确，2030年前推出至少30款新能源车型。

“在新能源汽车产业发展过程中，我们形成了强大的供应链体系、领先的商业运营经验，在产品技术方面也有了积累，这些为合资车企和跨国车企的新能源汽车转型提供了经验。”在孙晓红看来，借助中国市场加快合资车企的新能源汽车转型，不仅有助于扭转跨国车企在华销量下滑的趋势，还可以帮助跨国车企加速在全球范围内的新能源汽车转型。

“协同创新，探索双方优势深度互补的全新模式成为合资车企的共同特点。”中国汽车技术研究中心有限公司首席专家杨靖表示，面对市场的新变化，合资续约也在探索新的发展模式。

从“在中国，为中国”到“在中国，为全球”

深耕中国市场的产品同样适配全球

在加速新能源汽车转型的同时，让合资车企借助跨国车企的全球网络，谋求更广阔的发展空间，是合资续约的进一步诉求。以上汽通用为例，王晓秋提出：“希望上汽通用充分发挥双方在技术、品牌、全球渠道等方面优势，推动技术能力实现跨越式提升，引领产品创新迭代，以全球化视野打开发展新局面。”

未来，上汽通用将更加充分地发挥用户洞察、技术创新、智能制造和产业链效率等方面的独特优势，推动更多由中国定义、中国研发、中国制造的产品和技术服务全球市场，从而实现从“全球本土化”向“中国全球化”转变。按照规划，别克至境E7将于今年10月正式出口海外市场。

2024年11月，上汽大众提前6年续签合资协议，将合资期限从2030年延长至2040年。近日，上汽大众旗下多款车型正式进入乌兹别克斯坦市场。这是大众汽车集团（中国）首次全权管理大众汽车品牌向中国以外市场出口的业务。

长安马自达汽车有限公司销售分公司客户增长部相关负责人邓翔宇介绍，长安马自达已被正式确立为马自达全球新能源产品研发、生产及出口基地，依托中国的研发与制造能力，向全球成熟市场输出新能源产品。“我们在前期调研中发现，中国与欧洲的消费者需求相通，深耕中国市场的产品，同样适配全球。”他说。据悉，长安马自达已将南京工厂生产的马自达EZ—6成功出口到20余个国家和地区。

此前，在中国汽车品牌开拓国际市场的过程中，已经有了中外合作的成功案例，如吉利与雷诺、零跑与斯泰兰蒂斯，借助跨国车企的全球营销网络，中国汽车品牌的国际影响力逐步提升。

“跨国车企普遍具有成熟的全球化营销网络，借助这些网络，加之中国制造国际竞争力的增强，合资车企生产的产品可以更好地打开国际市场。”在孙晓红看来，合资车企的新能源汽车转型成果，可以借助跨国车企的国际化营销网络，销往全球更广阔的市场，完成合资车企“在中国，为全球”的转型。

杨靖强调，新合资车企正在逐步转型成为集研发、制造、出口于一体的综合枢纽，以中国制造为底蕴，谋求更广阔的全球化发展。

中国汽车工业协会副秘书长柳燕认为，从“全球车，中国造”到“中国造，全球车”，从“在中国，为中国”到“在中国，为全球”，这将成为合资车企发展的破局路径。",中国汽车报记者  王金玉,经济,,https://paper.people.com.cn/rmrb/pc/content/202608/13/content_30174656.html,2026-08-13,"['车企', '合资', '续约', '中国', '汽车', '跨国', '新能源', '全球', '转型', '广汽']","近日，上汽集团与通用汽车续约20年，合资期限延长至2047年；此前，广汽集团与本田汽车也已签署合资续约协议，将合资期限延长至2038年。
再加上此前已经完成续约的上汽大众、北京奔驰、东风和斯泰兰蒂斯……一系列续约顺利完成，一方面显示了跨国车企对中国汽车市场的长期看好；另一方面，中外车企已开启合资合作新模式，在中国生产制造智能新能源汽车并将之推向全球市场成为双方共同目标。
从解决“有没有”到回答“强不强”",政治,,,[],data/vault/2026/08/2026-08-13/08-经济/合资续约，车企合作新模式开启（经济聚焦）.md,08,经济
新合作打开新空间（编辑手记）,"今年上半年，合资及外资品牌在中国乘用车市场的份额下降，但合资续约热情不减，合作含金量持续提升，展现出合资车企转型发展的新趋势。
往下走的，是旧模式。一款车型包打天下的“全球车”逻辑无法适应中国消费者的需求，同时一些合资企业智能化、电动化转型步伐偏慢，份额下滑便是市场的真实反应。
往上走的，是新合作。上汽通用把产品定义权移交中国团队、广汽本田让整车开发从中国用户的真实场景出发、长安马自达被确立为马自达全球新能源产品研发和出口基地……中国与世界汽车产业的连接更加紧密，合资车进入反向出海时代。
一下一上之间，合资正从单向输入的通道变成双向赋能的平台。期待更多合资车企能够写好合作共赢的新篇章，驱动汽车产业新发展。","# 新合作打开新空间（编辑手记）

> 吴  凯《人民日报》（2026年08月13日第 08 版）

今年上半年，合资及外资品牌在中国乘用车市场的份额下降，但合资续约热情不减，合作含金量持续提升，展现出合资车企转型发展的新趋势。

往下走的，是旧模式。一款车型包打天下的“全球车”逻辑无法适应中国消费者的需求，同时一些合资企业智能化、电动化转型步伐偏慢，份额下滑便是市场的真实反应。

往上走的，是新合作。上汽通用把产品定义权移交中国团队、广汽本田让整车开发从中国用户的真实场景出发、长安马自达被确立为马自达全球新能源产品研发和出口基地……中国与世界汽车产业的连接更加紧密，合资车进入反向出海时代。

一下一上之间，合资正从单向输入的通道变成双向赋能的平台。期待更多合资车企能够写好合作共赢的新篇章，驱动汽车产业新发展。",吴  凯,经济,,https://paper.people.com.cn/rmrb/pc/content/202608/13/content_30174657.html,2026-08-13,"['合资', '车企', '合作', '汽车产业', '马自达', '中国', '转型', '份额', '真实', '偏慢']","今年上半年，合资及外资品牌在中国乘用车市场的份额下降，但合资续约热情不减，合作含金量持续提升，展现出合资车企转型发展的新趋势。
往下走的，是旧模式。一款车型包打天下的“全球车”逻辑无法适应中国消费者的需求，同时一些合资企业智能化、电动化转型步伐偏慢，份额下滑便是市场的真实反应。
往上走的，是新合作。上汽通用把产品定义权移交中国团队、广汽本田让整车开发从中国用户的真实场景出发、长安马自达被确立为马自达全球新能源产品研发和出口基地……中国与世界汽车产业的连接更加紧密，合资车进入反向出海时代。",经济,,,[],data/vault/2026/08/2026-08-13/08-经济/新合作打开新空间（编辑手记）.md,08,经济
种下一片林  长成一条“链”（高质量发展在一线·小城宝藏）,"眼下，正值甘肃陇南油橄榄管护关键期。漫步山野，翠碧扑面而来，走近细看，枝头青果还未熟透，却已蓄满养分、酝酿一场深秋的丰收。
这些不起眼的小果子，压榨后产出的便是橄榄油——青草揉碎的鲜冽，裹着青苹果、嫩番茄叶的清甜果香。依托得天独厚的水土禀赋与数年深耕培育，陇南全市油橄榄种植面积达120万亩，年产鲜果6.5万吨、产值50亿元。
陇南地处北纬约33度，有多个干热河谷地区，气候土壤条件与地中海沿岸相似。20世纪90年代，陇南将油橄榄作为重要退耕树种，在荒坡上推广种植。远渡重洋的物种，想要在西北山地落地、稳产、提质，面临重重难题。
“油橄榄是多年生乔木，做这门树的事业，至少要做好10年沉淀的准备。”陇南市经济林研究院油橄榄研究所所长李新林说。上百个品种先后试种，其中，“莱星”效果最佳，成了高端初榨油的首选；“鄂植”抗旱耐寒、出油率高，被推为主力品种。
“通过品种驯化，陇南市油橄榄适生海拔从900米提升至1600米。”陇南市林业和草原局产业发展和科技信息科科长唐让云说。油橄榄树种，还跟着航天工程奔赴太空。在陇南市经济林研究院的智能温室内，有6个品种3800多株油橄榄航天种苗，都源自2022年搭乘神舟十四号飞船遨游太空的种子。
选好良种，更要精耕细作。地中海冬春降雨，有利于油橄榄营养积累；而陇南夏秋多雨，影响油脂积累与品质。“果园建园之初，我们建议规划排水系统、疏通垄沟，最大程度规避多雨天气对果实品质的损耗，同时指导农户在冬春季节有针对性补水灌溉，补齐果树生长期水分。”陇南市经济林研究院油橄榄研究所副所长刘婷介绍。
树种活了，山也跟着变了模样。白龙江河谷两岸，曾经跑水、跑土、跑肥的“三跑田”，如今路网直通山间基地。陇南市武都区累计建成169条山地单轨运输线路，覆盖80个行政村、20家专业合作社。一条条银色轨道缠绕山腰，向下运送满载鲜果，向上输送致富希望。
让满山好果转化为农户实打实的收益，必须打通从枝头到市场的关键链路。陇南橄榄种植散布山间，各乡镇海拔差异大、品种不一，成熟期错落无序。统一采收不仅造成工厂积压、损耗油品品质，还会因供过于求压低收购价，农户、产业两头受损。武都区结合各乡镇海拔梯度、品种特性与成熟周期，一乡一策制定错峰采收排产表，分时段、分片区有序组织采摘、统一交售。“种植在山地的油橄榄，每亩产量至少500公斤。”陇南市武都区油橄榄产业开发办公室主任张涛介绍，油橄榄产业惠及全区28个乡镇320个行政村20多万人。
从被摘落的那一刻起，橄榄果的风味便开始了与时间的竞速。在武都区，果子从树上到车间，最快只需要4个小时。鲜果抵达压榨线，被破碎、融合、分离，全程控制在27摄氏度以下，这便是锁住营养与香气的低温冷榨工艺。目前武都区建成25条达到世界先进水平的初榨油生产线，占全国同类生产线总量的53%，单日鲜果加工能力1400吨。
特级初榨橄榄油出油率仅为10%至20%，大量果渣与枝叶曾被视作废料。如何让一颗油橄榄实现价值最大化？在陇南，橄榄叶提取物成为高端化妆品的核心原料；果渣被萃取山楂酸后，变身优质饲料添加剂，剩余废渣再制成清洁能源生物质颗粒；分离出的果核，则被加工成高附加值活性炭。如今，油橄榄全株综合利用率已达70%。
为延伸产业链，武都区成立了油橄榄研究所，组建了3个油橄榄工程技术研究中心。“我们鼓励企业开展产品研发，配套建成油橄榄系列产品加工厂16家，研发出食用橄榄油、橄榄茶、橄榄保健品、橄榄油辣椒酱、橄榄果罐头、油橄榄系列化妆品、橄榄叶有效成分提取物等10个大类80多种产品。”张涛介绍。
形态优美的油橄榄树不仅是油料树，还是景观树。当地创新“农业+文旅+科技”模式，建设集采摘体验、科普教育于一体的田园综合体。河谷间的日照、穿林而过的山风、浸润青果的晨露，酝酿出陇南别具一格的橄榄清香。","### 甘肃陇南市发展油橄榄产业

# 种下一片林  长成一条“链”（高质量发展在一线·小城宝藏）

> 本报记者  王锦涛  曾亦辰《人民日报》（2026年08月13日第 08 版）

眼下，正值甘肃陇南油橄榄管护关键期。漫步山野，翠碧扑面而来，走近细看，枝头青果还未熟透，却已蓄满养分、酝酿一场深秋的丰收。

这些不起眼的小果子，压榨后产出的便是橄榄油——青草揉碎的鲜冽，裹着青苹果、嫩番茄叶的清甜果香。依托得天独厚的水土禀赋与数年深耕培育，陇南全市油橄榄种植面积达120万亩，年产鲜果6.5万吨、产值50亿元。

陇南地处北纬约33度，有多个干热河谷地区，气候土壤条件与地中海沿岸相似。20世纪90年代，陇南将油橄榄作为重要退耕树种，在荒坡上推广种植。远渡重洋的物种，想要在西北山地落地、稳产、提质，面临重重难题。

“油橄榄是多年生乔木，做这门树的事业，至少要做好10年沉淀的准备。”陇南市经济林研究院油橄榄研究所所长李新林说。上百个品种先后试种，其中，“莱星”效果最佳，成了高端初榨油的首选；“鄂植”抗旱耐寒、出油率高，被推为主力品种。

“通过品种驯化，陇南市油橄榄适生海拔从900米提升至1600米。”陇南市林业和草原局产业发展和科技信息科科长唐让云说。油橄榄树种，还跟着航天工程奔赴太空。在陇南市经济林研究院的智能温室内，有6个品种3800多株油橄榄航天种苗，都源自2022年搭乘神舟十四号飞船遨游太空的种子。

选好良种，更要精耕细作。地中海冬春降雨，有利于油橄榄营养积累；而陇南夏秋多雨，影响油脂积累与品质。“果园建园之初，我们建议规划排水系统、疏通垄沟，最大程度规避多雨天气对果实品质的损耗，同时指导农户在冬春季节有针对性补水灌溉，补齐果树生长期水分。”陇南市经济林研究院油橄榄研究所副所长刘婷介绍。

树种活了，山也跟着变了模样。白龙江河谷两岸，曾经跑水、跑土、跑肥的“三跑田”，如今路网直通山间基地。陇南市武都区累计建成169条山地单轨运输线路，覆盖80个行政村、20家专业合作社。一条条银色轨道缠绕山腰，向下运送满载鲜果，向上输送致富希望。

让满山好果转化为农户实打实的收益，必须打通从枝头到市场的关键链路。陇南橄榄种植散布山间，各乡镇海拔差异大、品种不一，成熟期错落无序。统一采收不仅造成工厂积压、损耗油品品质，还会因供过于求压低收购价，农户、产业两头受损。武都区结合各乡镇海拔梯度、品种特性与成熟周期，一乡一策制定错峰采收排产表，分时段、分片区有序组织采摘、统一交售。“种植在山地的油橄榄，每亩产量至少500公斤。”陇南市武都区油橄榄产业开发办公室主任张涛介绍，油橄榄产业惠及全区28个乡镇320个行政村20多万人。

从被摘落的那一刻起，橄榄果的风味便开始了与时间的竞速。在武都区，果子从树上到车间，最快只需要4个小时。鲜果抵达压榨线，被破碎、融合、分离，全程控制在27摄氏度以下，这便是锁住营养与香气的低温冷榨工艺。目前武都区建成25条达到世界先进水平的初榨油生产线，占全国同类生产线总量的53%，单日鲜果加工能力1400吨。

特级初榨橄榄油出油率仅为10%至20%，大量果渣与枝叶曾被视作废料。如何让一颗油橄榄实现价值最大化？在陇南，橄榄叶提取物成为高端化妆品的核心原料；果渣被萃取山楂酸后，变身优质饲料添加剂，剩余废渣再制成清洁能源生物质颗粒；分离出的果核，则被加工成高附加值活性炭。如今，油橄榄全株综合利用率已达70%。

为延伸产业链，武都区成立了油橄榄研究所，组建了3个油橄榄工程技术研究中心。“我们鼓励企业开展产品研发，配套建成油橄榄系列产品加工厂16家，研发出食用橄榄油、橄榄茶、橄榄保健品、橄榄油辣椒酱、橄榄果罐头、油橄榄系列化妆品、橄榄叶有效成分提取物等10个大类80多种产品。”张涛介绍。

形态优美的油橄榄树不仅是油料树，还是景观树。当地创新“农业+文旅+科技”模式，建设集采摘体验、科普教育于一体的田园综合体。河谷间的日照、穿林而过的山风、浸润青果的晨露，酝酿出陇南别具一格的橄榄清香。",王锦涛  曾亦辰,经济,,https://paper.people.com.cn/rmrb/pc/content/202608/13/content_30174658.html,2026-08-13,"['油橄榄', '陇南', '橄榄', '武都', '鲜果', '橄榄油', '20', '品种', '经济林', '种植']","眼下，正值甘肃陇南油橄榄管护关键期。漫步山野，翠碧扑面而来，走近细看，枝头青果还未熟透，却已蓄满养分、酝酿一场深秋的丰收。
这些不起眼的小果子，压榨后产出的便是橄榄油——青草揉碎的鲜冽，裹着青苹果、嫩番茄叶的清甜果香。依托得天独厚的水土禀赋与数年深耕培育，陇南全市油橄榄种植面积达120万亩，年产鲜果6.5万吨、产值50亿元。
陇南地处北纬约33度，有多个干热河谷地区，气候土壤条件与地中海沿岸相似。20世纪90年代，陇南将油橄榄作为重要退耕树种，在荒坡上推广种植。远渡重洋的物种，想要在西北山地落地、稳产、提质，面临重重难题。",经济,,,[],data/vault/2026/08/2026-08-13/08-经济/种下一片林 长成一条“链”（高质量发展在一线·小城宝藏）.md,08,经济
金融助力科技产业发展,"在湖北武汉光谷华工科技园，中科凡语（武汉）科技有限公司的技术团队正在“训练”一款人工智能大模型，为智慧政务与医疗领域构建更智能的语义理解解决方案。作为专注于自然语言处理领域的高新技术企业，公司资金投入大、回款周期长，急需现金流。“核心技术属于轻资产，难以按传统方式获得贷款。”公司相关负责人说。
了解到企业需求后，中国银行湖北省分行客户经理主动上门，对其技术实力、专利储备与市场前景进行综合评估后，向其投放了1000万元科技信用贷，解了企业的燃眉之急。
针对科技型企业“轻资产、缺抵押”特点，中国银行湖北省分行创新出台一系列制度措施，从审批效率、直营能力、激励保障三方面升级服务机制，引入专家智库搭建中小科创企业专属授信模型，推动科创授信由“经验驱动”转向“智能驱动”。
依托这套数字化授信体系，中国银行湖北省分行已为400余家科创企业提供超260亿元授信，持续为全省科创主体输送金融活水。该行还积极推广“知识价值信用贷”“创新积分贷”，已累计为湖北省4000余家科技型企业发放贷款400余亿元。
对于中试阶段，中国银行联合中国人保于2025年推出“中试保融通”综合金融服务方案，覆盖中试平台、项目企业、科研人才三类客群，同步配套融资与风险保障，全力落地“中试平台共同成长计划”。
在武汉，湖北珞能科技有限公司凭借一张“中试实验”综合保险单，获得中国银行湖北省分行的300万元短期流动资金贷款，成为湖北首单“中试保融通”业务受益者。
从单户企业的信用贷破冰，到关键中试环节的“保险+信贷”模式创新，中国银行湖北省分行主动融入湖北现代产业集群，精准赋能产业链关键项目。
在黄冈，湖北利友光电科技有限公司的无尘车间里，幅宽2300毫米的偏光片生产线正在高速运转。这个偏光片生产基地是湖北省光电子产业的重要配套项目。然而，企业在补强关键技术与产能布局的阶段，曾遭遇短期大额资金缺口。中国银行湖北省分行迅速启动专项服务机制，开辟绿色审批通道，完成6.6亿元银团贷款的审批与落地，保障了关键技术顺利引进，成为金融赋能光电子产业集群的生动实践。
从点对点帮扶，到打通关键堵点，再到服务产业链，中国银行湖北省分行构建起全方位科技金融服务体系，通过设立科技金融中心，在科创园区开设11家特色网点，实现省内国家级园区全覆盖。强化投贷联动，重点投向高端装备、人工智能、生物医药等领域，持续增强品牌影响力。
“从初创期的信用贷款，到成长期的批量授信，再到成熟期的大额项目融资，我们希望打通科技金融的堵点，持续为湖北科技产业高质量发展作出贡献。”中国银行湖北省分行负责人俞群说。","### 中国银行湖北省分行创新制度措施

# 金融助力科技产业发展

> 本报记者  吴  君《人民日报》（2026年08月13日第 08 版）

在湖北武汉光谷华工科技园，中科凡语（武汉）科技有限公司的技术团队正在“训练”一款人工智能大模型，为智慧政务与医疗领域构建更智能的语义理解解决方案。作为专注于自然语言处理领域的高新技术企业，公司资金投入大、回款周期长，急需现金流。“核心技术属于轻资产，难以按传统方式获得贷款。”公司相关负责人说。

了解到企业需求后，中国银行湖北省分行客户经理主动上门，对其技术实力、专利储备与市场前景进行综合评估后，向其投放了1000万元科技信用贷，解了企业的燃眉之急。

针对科技型企业“轻资产、缺抵押”特点，中国银行湖北省分行创新出台一系列制度措施，从审批效率、直营能力、激励保障三方面升级服务机制，引入专家智库搭建中小科创企业专属授信模型，推动科创授信由“经验驱动”转向“智能驱动”。

依托这套数字化授信体系，中国银行湖北省分行已为400余家科创企业提供超260亿元授信，持续为全省科创主体输送金融活水。该行还积极推广“知识价值信用贷”“创新积分贷”，已累计为湖北省4000余家科技型企业发放贷款400余亿元。

对于中试阶段，中国银行联合中国人保于2025年推出“中试保融通”综合金融服务方案，覆盖中试平台、项目企业、科研人才三类客群，同步配套融资与风险保障，全力落地“中试平台共同成长计划”。

在武汉，湖北珞能科技有限公司凭借一张“中试实验”综合保险单，获得中国银行湖北省分行的300万元短期流动资金贷款，成为湖北首单“中试保融通”业务受益者。

从单户企业的信用贷破冰，到关键中试环节的“保险+信贷”模式创新，中国银行湖北省分行主动融入湖北现代产业集群，精准赋能产业链关键项目。

在黄冈，湖北利友光电科技有限公司的无尘车间里，幅宽2300毫米的偏光片生产线正在高速运转。这个偏光片生产基地是湖北省光电子产业的重要配套项目。然而，企业在补强关键技术与产能布局的阶段，曾遭遇短期大额资金缺口。中国银行湖北省分行迅速启动专项服务机制，开辟绿色审批通道，完成6.6亿元银团贷款的审批与落地，保障了关键技术顺利引进，成为金融赋能光电子产业集群的生动实践。

从点对点帮扶，到打通关键堵点，再到服务产业链，中国银行湖北省分行构建起全方位科技金融服务体系，通过设立科技金融中心，在科创园区开设11家特色网点，实现省内国家级园区全覆盖。强化投贷联动，重点投向高端装备、人工智能、生物医药等领域，持续增强品牌影响力。

“从初创期的信用贷款，到成长期的批量授信，再到成熟期的大额项目融资，我们希望打通科技金融的堵点，持续为湖北科技产业高质量发展作出贡献。”中国银行湖北省分行负责人俞群说。",吴  君,经济,,https://paper.people.com.cn/rmrb/pc/content/202608/13/content_30174662.html,2026-08-13,"['湖北省', '中试', '中国银行', '分行', '科创', '授信', '企业', '科技', '湖北', '400']","在湖北武汉光谷华工科技园，中科凡语（武汉）科技有限公司的技术团队正在“训练”一款人工智能大模型，为智慧政务与医疗领域构建更智能的语义理解解决方案。作为专注于自然语言处理领域的高新技术企业，公司资金投入大、回款周期长，急需现金流。“核心技术属于轻资产，难以按传统方式获得贷款。”公司相关负责人说。
了解到企业需求后，中国银行湖北省分行客户经理主动上门，对其技术实力、专利储备与市场前景进行综合评估后，向其投放了1000万元科技信用贷，解了企业的燃眉之急。
针对科技型企业“轻资产、缺抵押”特点，中国银行湖北省分行创新出台一系列制度措施，从审批效率、直营能力、激励保障三方面升级服务机制，引入专家智库搭建中小科创企业专属授信模型，推动科创授信由“经验驱动”转向“智能驱动”。",政治,,,[],data/vault/2026/08/2026-08-13/08-经济/金融助力科技产业发展.md,08,经济
生态环境法典的原创性意义与世界贡献（人民要论）,"《中华人民共和国生态环境法典》于2026年3月12日第十四届全国人民代表大会第四次会议通过，自2026年8月15日起施行。生态环境法典是继民法典之后，我国第二部以“法典”命名的法律，是世界上第一部以“生态环境”命名的法典。习近平总书记指出：“我国颁布生态环境法典，进一步筑牢了美丽中国建设的法治基石。”生态环境法典不仅是中国法治建设的重要里程碑，更是中华民族对现代法治文明的独特贡献。它以系统整合三大环境议题的立法智慧，回应了全球环境治理碎片化的难题；以人与自然生命共同体理念的法治表达，突破西方哲学人与自然“主客二分”的认识困境；以“适度法典化”的编纂模式，开启了务实可行的立法路径。生态环境法典的诞生，表明中国由全球环境治理参与者到引领者的重大转变，为世界各国尤其是发展中国家提供了可资借鉴的立法范例。
构建中国环境法学自主知识体系的重要实践
回顾中国生态环境法治建设的历程，可以看到一条从学习借鉴到自主创新的清晰脉络。在过去一段时间内，中国环境法学的研究与制度建设，很大程度上是在学习借鉴西方国家的经验。而生态环境法典的编纂，植根于中国本土实践、直面中国现实问题，是构建中国环境法学自主知识体系的重要实践。
这种自主性源于中国独特的双重社会转型与双重环境压力。西方国家经过几百年渐进发展，环境问题分阶段依次出现，其环境立法主要围绕末端治理展开。而中国同时经历着从传统农业社会向现代工业社会的转型、从现代工业社会向生态文明社会的转型。这两个转型在时间上高度叠加、在空间上相互交织，既要应对传统工业化、快速城镇化带来的环境污染、生态破坏等问题，也要面对全球气候变化带来的低碳转型压力。这种双重环境压力是我们的前人从未遇到过的，决定了中国要避免走西方国家“先污染后治理”的老路，必须在发展中保护、在保护中发展。这种国情背景，决定了生态环境法典的编纂不能简单移植西方模式，必须立足本土实践。
这种自主性更体现在理论根基的原创性上。生态环境法典坚持以习近平法治思想、习近平生态文明思想为指导，同时汲取了中华优秀传统生态文化中“天人合一”“道法自然”的智慧。生态环境法典第一条明确将“加快推进人与自然和谐共生的现代化”确定为立法目的之一，将人与自然和谐共生的理念转化为具有刚性约束力的法律规范。
这种自主性也体现在实践来源的本土性上。河湖长制、生态环境分区管控、生态保护红线等土生土长的中国经验，都被吸收进生态环境法典。这些来自中国大地的制度创新，构成了生态环境法典最坚实的实践基础。
中国生态环境法治建设正经历深刻转型。如果说过去的环境法学研究主要是在“照着讲”，那么生态环境法典的编纂则是一场扎根中国实践、解决中国问题的自主创新实践，体现了“接着讲”和“自己讲”的努力方向。生态环境法典的诞生，推动中国生态环境法治建设完成从分散性立法到系统性立法的跨越。目前，中国在生态环境法治领域的整体水平已经走在世界前列。
确立系统性解决全球生态环境问题的立法范式
将污染防治、生态保护和绿色低碳发展三大领域的法律规范进行一体化整合，是生态环境法典编纂在立法技术上对世界的重要贡献。这三大领域恰好回应了联合国环境规划署2021年发布的《与自然和平相处》中指出的地球面临的三大危机，即气候变化、生物多样性丧失、环境污染。长期以来，世界各国环境立法大多采取分散式、单行法等模式，这种碎片化的立法格局难以应对环境问题复杂交织的现实挑战。
生态环境法典通过“总则—污染防治—生态保护—绿色低碳发展—法律责任和附则”的篇章结构，将这三大领域置于同一部法典之中进行统筹。这种整合超越了传统环境法以“媒介”（大气、水、土壤）划分的条块分割，确立了以“问题—目标—手段”为轴心的系统性思维。
绿色低碳发展独立成编，是这一整合模式的核心体现。西方国家的环境法典大多聚焦于末端治理，本质上是在治标。而生态环境法典将发展模式、消费模式的绿色转型纳入其中，是从治本的高度回应发展与保护如何统一这一世界难题。它通过建立健全绿色消费激励机制、推进废弃物循环利用体系建设、促进上下游企业协同绿色转型等，将生态优先、绿色发展转化为全社会一体遵循的法律规则。生态环境法典还专设“应对气候变化”一章，明确了国家通过碳达峰碳中和目标推动减缓气候变化的法律机制。这种“污染防治+生态保护+绿色低碳发展”三位一体的法典结构，为全球提供了一种系统性解决生态环境问题的立法范式。
对于广大发展中国家而言，这一设计具有重要的借鉴意义——它提供了一条“在发展中保护、在保护中发展”的可行路径，破解了长期困扰发展中国家的发展经济与保护生态的“两难悖论”。
彰显以“生态环境”命名的哲学智慧
在国际环境治理的语境中，通用的表述是“环境保护”。以“生态环境”命名法典，表明立法范式从工业文明时代迈向生态文明时代。生态环境法典深刻蕴含人与自然生命共同体理念，把人与自然看作一个有机整体，而非主客二分的对立关系，实现了从单要素治理向系统治理的转变。这种哲学智慧超越了西方传统环境法当中“人类中心主义”与“生态中心主义”的二元对立，确立了人与自然和谐共生的价值追求。
从法律概念体系看，法典以“生态环境”为基础，衍生出生态环境权益、生态环境保护、生态环境影响评价、生态环境损害赔偿、生态环境公益诉讼等核心法律概念，形成了表达“人与自然和谐共生”的价值观、“人与自然生命共同体”的整体观、“山水林田湖草沙”的系统观、“绿水青山就是金山银山”的辩证观的中国环境法学话语体系。这为深陷“人类中心主义”与“生态中心主义”之争的西方环境法理论，提供了第三种可能的哲学路径。
提供“适度法典化”的路径选择
生态环境法典的另一重要贡献，在于它为“领域法法典化”提供了一次有益探索，并通过“适度法典化”的编纂模式，为世界法治文明贡献了一种务实可行的立法路径。
“领域法法典化”，是指以特定社会问题领域为对象，将其内部相互关联的法律规范进行系统整合，形成逻辑自洽、体系完整的法典。与以法律关系抽象类型为逻辑起点的传统部门法法典不同，领域法法典以社会问题领域为边界，更加注重回应特定领域的整体治理需求。在生态环境法典编纂之前，生态环境领域现行法律达到30余部。生态环境法典通过一体化的篇章结构，实现了从分散性立法到系统性立法的跨越。
在这一过程中，“适度法典化”的编纂模式发挥了关键作用。这一模式的核心要义在于“适度”二字——既不过度追求法典的绝对完整，也不固守单行法模式。它采取了分类处理的灵活策略。首先，将现行的环境保护法等10部法律经编订纂修，全部纳入生态环境法典，法典编纂出台后，上述法律不再保留。其次，将现行有关流域、区域、自然资源、生物多样性等生态要素、生态系统方面和循环经济、节约能源等方面的法律制度规范，择其要旨要则纳入或者体现到生态环境法典之中，这些法律在生态环境法典编纂出台后将继续保留。“法典+单行法”的双法源格局得以形成。第三，考虑应对气候变化、碳达峰碳中和、绿色低碳发展等方面的法治需求，而目前这些方面尚未制定专门法律，编纂生态环境法典，就此作出一些原则性、引领性规定，体现法典的时代性、前瞻性。第四，生态环境法典总则编将分散在30多部单行法中的共通性制度予以提炼和统一，极大提升了生态环境立法的系统性、整体性、协同性。
从对世界法治文明的贡献来看，生态环境法典走出了一条“适度法典化”的道路——不追求法典的绝对完整，而是在“统”与“分”之间寻找平衡点。这种务实灵活的编纂哲学，为世界各国尤其是正在考虑环境立法的国家，贡献了一份中国式的法治参照。
生态环境法典的国际影响力展望
法典的通过只是“立良法”的第一步，更重要的是“谋善治”。生态环境法典的国际影响力，不仅取决于文本本身的制度设计，更取决于其实施效果。
生态环境法典在国际层面已经展现出重要价值。绿色低碳发展编专设“国际合作”一节，规定了积极参与和引领全球气候治理，开展应对气候变化多边、双边国际交流与合作等内容。生态环境法典以法典化的方式向国际社会传递了一个明确信号：中国正以法治方式坚定走生态优先、绿色发展之路，并愿与世界各国一道共建清洁美丽的世界。
生态环境法典在施行过程中面临一系列涉外法治命题。一是激活域外适用条款，需要妥善处理国内法域外适用与国际法规则的衔接。二是协同国际公约履约，在实施层面面临规范协同的挑战。三是衔接绿色贸易规则，需要协调好碳足迹管理的国内规则与国际规则。四是加强跨国执法协作，需要建立健全跨国执法协作机制。
从更长远的角度看，生态环境法典的施行必将推动中国环境法学自主知识体系构建。生态环境法典编纂本身，就是中国生态环境保护实践与法治发展、理论创新相互促进的产物，必将进一步推动习近平法治思想、习近平生态文明思想的国际化传播。
（作者为武汉大学环境法研究所所长）","# 生态环境法典的原创性意义与世界贡献（人民要论）

> 秦天宝《人民日报》（2026年08月13日第 09 版）

《中华人民共和国生态环境法典》于2026年3月12日第十四届全国人民代表大会第四次会议通过，自2026年8月15日起施行。生态环境法典是继民法典之后，我国第二部以“法典”命名的法律，是世界上第一部以“生态环境”命名的法典。习近平总书记指出：“我国颁布生态环境法典，进一步筑牢了美丽中国建设的法治基石。”生态环境法典不仅是中国法治建设的重要里程碑，更是中华民族对现代法治文明的独特贡献。它以系统整合三大环境议题的立法智慧，回应了全球环境治理碎片化的难题；以人与自然生命共同体理念的法治表达，突破西方哲学人与自然“主客二分”的认识困境；以“适度法典化”的编纂模式，开启了务实可行的立法路径。生态环境法典的诞生，表明中国由全球环境治理参与者到引领者的重大转变，为世界各国尤其是发展中国家提供了可资借鉴的立法范例。

**构建中国环境法学自主知识体系的重要实践**

回顾中国生态环境法治建设的历程，可以看到一条从学习借鉴到自主创新的清晰脉络。在过去一段时间内，中国环境法学的研究与制度建设，很大程度上是在学习借鉴西方国家的经验。而生态环境法典的编纂，植根于中国本土实践、直面中国现实问题，是构建中国环境法学自主知识体系的重要实践。

这种自主性源于中国独特的双重社会转型与双重环境压力。西方国家经过几百年渐进发展，环境问题分阶段依次出现，其环境立法主要围绕末端治理展开。而中国同时经历着从传统农业社会向现代工业社会的转型、从现代工业社会向生态文明社会的转型。这两个转型在时间上高度叠加、在空间上相互交织，既要应对传统工业化、快速城镇化带来的环境污染、生态破坏等问题，也要面对全球气候变化带来的低碳转型压力。这种双重环境压力是我们的前人从未遇到过的，决定了中国要避免走西方国家“先污染后治理”的老路，必须在发展中保护、在保护中发展。这种国情背景，决定了生态环境法典的编纂不能简单移植西方模式，必须立足本土实践。

这种自主性更体现在理论根基的原创性上。生态环境法典坚持以习近平法治思想、习近平生态文明思想为指导，同时汲取了中华优秀传统生态文化中“天人合一”“道法自然”的智慧。生态环境法典第一条明确将“加快推进人与自然和谐共生的现代化”确定为立法目的之一，将人与自然和谐共生的理念转化为具有刚性约束力的法律规范。

这种自主性也体现在实践来源的本土性上。河湖长制、生态环境分区管控、生态保护红线等土生土长的中国经验，都被吸收进生态环境法典。这些来自中国大地的制度创新，构成了生态环境法典最坚实的实践基础。

中国生态环境法治建设正经历深刻转型。如果说过去的环境法学研究主要是在“照着讲”，那么生态环境法典的编纂则是一场扎根中国实践、解决中国问题的自主创新实践，体现了“接着讲”和“自己讲”的努力方向。生态环境法典的诞生，推动中国生态环境法治建设完成从分散性立法到系统性立法的跨越。目前，中国在生态环境法治领域的整体水平已经走在世界前列。

**确立系统性解决全球生态环境问题的立法范式**

将污染防治、生态保护和绿色低碳发展三大领域的法律规范进行一体化整合，是生态环境法典编纂在立法技术上对世界的重要贡献。这三大领域恰好回应了联合国环境规划署2021年发布的《与自然和平相处》中指出的地球面临的三大危机，即气候变化、生物多样性丧失、环境污染。长期以来，世界各国环境立法大多采取分散式、单行法等模式，这种碎片化的立法格局难以应对环境问题复杂交织的现实挑战。

生态环境法典通过“总则—污染防治—生态保护—绿色低碳发展—法律责任和附则”的篇章结构，将这三大领域置于同一部法典之中进行统筹。这种整合超越了传统环境法以“媒介”（大气、水、土壤）划分的条块分割，确立了以“问题—目标—手段”为轴心的系统性思维。

绿色低碳发展独立成编，是这一整合模式的核心体现。西方国家的环境法典大多聚焦于末端治理，本质上是在治标。而生态环境法典将发展模式、消费模式的绿色转型纳入其中，是从治本的高度回应发展与保护如何统一这一世界难题。它通过建立健全绿色消费激励机制、推进废弃物循环利用体系建设、促进上下游企业协同绿色转型等，将生态优先、绿色发展转化为全社会一体遵循的法律规则。生态环境法典还专设“应对气候变化”一章，明确了国家通过碳达峰碳中和目标推动减缓气候变化的法律机制。这种“污染防治+生态保护+绿色低碳发展”三位一体的法典结构，为全球提供了一种系统性解决生态环境问题的立法范式。

对于广大发展中国家而言，这一设计具有重要的借鉴意义——它提供了一条“在发展中保护、在保护中发展”的可行路径，破解了长期困扰发展中国家的发展经济与保护生态的“两难悖论”。

**彰显以“生态环境”命名的哲学智慧**

在国际环境治理的语境中，通用的表述是“环境保护”。以“生态环境”命名法典，表明立法范式从工业文明时代迈向生态文明时代。生态环境法典深刻蕴含人与自然生命共同体理念，把人与自然看作一个有机整体，而非主客二分的对立关系，实现了从单要素治理向系统治理的转变。这种哲学智慧超越了西方传统环境法当中“人类中心主义”与“生态中心主义”的二元对立，确立了人与自然和谐共生的价值追求。

从法律概念体系看，法典以“生态环境”为基础，衍生出生态环境权益、生态环境保护、生态环境影响评价、生态环境损害赔偿、生态环境公益诉讼等核心法律概念，形成了表达“人与自然和谐共生”的价值观、“人与自然生命共同体”的整体观、“山水林田湖草沙”的系统观、“绿水青山就是金山银山”的辩证观的中国环境法学话语体系。这为深陷“人类中心主义”与“生态中心主义”之争的西方环境法理论，提供了第三种可能的哲学路径。

**提供“适度法典化”的路径选择**

生态环境法典的另一重要贡献，在于它为“领域法法典化”提供了一次有益探索，并通过“适度法典化”的编纂模式，为世界法治文明贡献了一种务实可行的立法路径。

“领域法法典化”，是指以特定社会问题领域为对象，将其内部相互关联的法律规范进行系统整合，形成逻辑自洽、体系完整的法典。与以法律关系抽象类型为逻辑起点的传统部门法法典不同，领域法法典以社会问题领域为边界，更加注重回应特定领域的整体治理需求。在生态环境法典编纂之前，生态环境领域现行法律达到30余部。生态环境法典通过一体化的篇章结构，实现了从分散性立法到系统性立法的跨越。

在这一过程中，“适度法典化”的编纂模式发挥了关键作用。这一模式的核心要义在于“适度”二字——既不过度追求法典的绝对完整，也不固守单行法模式。它采取了分类处理的灵活策略。首先，将现行的环境保护法等10部法律经编订纂修，全部纳入生态环境法典，法典编纂出台后，上述法律不再保留。其次，将现行有关流域、区域、自然资源、生物多样性等生态要素、生态系统方面和循环经济、节约能源等方面的法律制度规范，择其要旨要则纳入或者体现到生态环境法典之中，这些法律在生态环境法典编纂出台后将继续保留。“法典+单行法”的双法源格局得以形成。第三，考虑应对气候变化、碳达峰碳中和、绿色低碳发展等方面的法治需求，而目前这些方面尚未制定专门法律，编纂生态环境法典，就此作出一些原则性、引领性规定，体现法典的时代性、前瞻性。第四，生态环境法典总则编将分散在30多部单行法中的共通性制度予以提炼和统一，极大提升了生态环境立法的系统性、整体性、协同性。

从对世界法治文明的贡献来看，生态环境法典走出了一条“适度法典化”的道路——不追求法典的绝对完整，而是在“统”与“分”之间寻找平衡点。这种务实灵活的编纂哲学，为世界各国尤其是正在考虑环境立法的国家，贡献了一份中国式的法治参照。

**生态环境法典的国际影响力展望**

法典的通过只是“立良法”的第一步，更重要的是“谋善治”。生态环境法典的国际影响力，不仅取决于文本本身的制度设计，更取决于其实施效果。

生态环境法典在国际层面已经展现出重要价值。绿色低碳发展编专设“国际合作”一节，规定了积极参与和引领全球气候治理，开展应对气候变化多边、双边国际交流与合作等内容。生态环境法典以法典化的方式向国际社会传递了一个明确信号：中国正以法治方式坚定走生态优先、绿色发展之路，并愿与世界各国一道共建清洁美丽的世界。

生态环境法典在施行过程中面临一系列涉外法治命题。一是激活域外适用条款，需要妥善处理国内法域外适用与国际法规则的衔接。二是协同国际公约履约，在实施层面面临规范协同的挑战。三是衔接绿色贸易规则，需要协调好碳足迹管理的国内规则与国际规则。四是加强跨国执法协作，需要建立健全跨国执法协作机制。

从更长远的角度看，生态环境法典的施行必将推动中国环境法学自主知识体系构建。生态环境法典编纂本身，就是中国生态环境保护实践与法治发展、理论创新相互促进的产物，必将进一步推动习近平法治思想、习近平生态文明思想的国际化传播。

（作者为武汉大学环境法研究所所长）",秦天宝,理论,,https://paper.people.com.cn/rmrb/pc/content/202608/13/content_30174664.html,2026-08-13,"['法典', '生态环境', '法治', '生态', '立法', '编纂', '人与自然', '法律', '绿色', '低碳']","《中华人民共和国生态环境法典》于2026年3月12日第十四届全国人民代表大会第四次会议通过，自2026年8月15日起施行。生态环境法典是继民法典之后，我国第二部以“法典”命名的法律，是世界上第一部以“生态环境”命名的法典。习近平总书记指出：“我国颁布生态环境法典，进一步筑牢了美丽中国建设的法治基石。”生态环境法典不仅是中国法治建设的重要里程碑，更是中华民族对现代法治文明的独特贡献。它以系统整合三大环境议题的立法智慧，回应了全球环境治理碎片化的难题；以人与自然生命共同体理念的法治表达，突破西方哲学人与自然“主客二分”的认识困境；以“适度法典化”的编纂模式，开启了务实可行的立法路径。生态环境法典的诞生，表明中国由全球环境治理参与者到引领者的重大转变，为世界各国尤其是发展中国家提供了可资借鉴的立法范例。
构建中国环境法学自主知识体系的重要实践
回顾中国生态环境法治建设的历程，可以看到一条从学习借鉴到自主创新的清晰脉络。在过去一段时间内，中国环境法学的研究与制度建设，很大程度上是在学习借鉴西方国家的经验。而生态环境法典的编纂，植根于中国本土实践、直面中国现实问题，是构建中国环境法学自主知识体系的重要实践。",政治,,,[],data/vault/2026/08/2026-08-13/09-理论/生态环境法典的原创性意义与世界贡献（人民要论）.md,09,理论
构建中国政治学自主知识体系的成效与前瞻（加快构建中国哲学社会科学自主知识体系）,"习近平总书记指出：“加快构建中国特色哲学社会科学，归根结底是建构中国自主的知识体系。要以中国为观照、以时代为观照，立足中国实际，解决中国问题，不断推动中华优秀传统文化创造性转化、创新性发展，不断推进知识创新、理论创新、方法创新，使中国特色哲学社会科学真正屹立于世界学术之林。”这一重要论述，为构建中国政治学自主知识体系指明了前进方向、提供了根本遵循。作为哲学社会科学的重要组成部分，政治学研究旨在阐释政治制度、研究国家治理、解读政治实践。构建中国政治学自主知识体系，既是落实习近平总书记关于构建中国哲学社会科学自主知识体系重要指示精神的具体行动，也是以中国之理、中国之道、中国之学回应世界之变、时代之变、历史之变的必然要求。
新时代中国政治学自主知识体系的创新与发展
党的十八大以来，中国政治学研究持续深化党的创新理论体系化研究、学理化阐释和学术化表达，努力把党的创新理论有效转化为政治学学科命题、知识话语与学术理论，实现政治引领与学术创新的有机统一，为构建系统完备、逻辑自洽的自主知识体系提供坚实理论支撑。坚持守正创新，建基于党的创新理论和中国式现代化伟大实践，提出一批重要概念和观点，拓展了政治学研究视域，创新了政治学学术命题，丰富了政治学研究方法，初步构建起中国政治学自主知识体系的框架。
学术基础不断夯实，学科体系逐步完善。中国政治学研究围绕中心、服务大局，坚持构建“大政治学”学科布局，学科覆盖面持续拓展、体系化程度不断提升，学科场域涵盖政府行政、公共管理、国家安全等学科专业，发展了全球治理、中国学等新兴交叉学科。近年来，中国政治学研究积极引入历史学、田野调查等研究方法，显著推动了政治学本土化、自主化进程，为学科发展注入新活力，为中国学派的发展奠定坚实基础。高校和科研院所作为学科建设的主阵地，不断优化政治学专业布局，完善人才培养体系，培养了一批兼具政治素养和学术能力的专业人才，为自主知识体系构建提供了坚实的人才支撑。同时，学界围绕中国式现代化、全过程人民民主等重大命题开展了大量学理性研究，形成了一批高质量学术成果，夯实了自主知识体系构建的学术基础。
原创性成果不断涌现，标识性概念集群逐步形成。在党的创新理论指引下，学界立足中国政治实践，提炼出一批具有中国特色的重要理念，打破了长期以来西方政治学话语的垄断地位。目前，“民主观”“治理观”“大党之治”“中国之治”等，已成为中国政治学自主知识体系的重要组成部分，展现出学理性的阐释力和传播力，进一步丰富了中国政治学的理论内涵和学术积淀，彰显了中国政治学的自主性和发展力。
实践导向更加鲜明，服务能力逐步提升。中国政治学研究始终坚持立足中国实际、回应现实需求，将中国式现代化伟大实践作为理论创新的源泉和动力。中国政治学界围绕全面从严治党、协商民主的理论创新、实践经验与制度优势如何更好转化为治理效能、基层治理创新等重大现实问题，开展针对性研究，提出前瞻性强、具有问题导向和可操作性的政策建议，为党和国家决策提供重要参考，充分体现了政治学服务实践、推动实践的重要功能。
国际视野持续拓展，学术交流逐步深化。在世界百年未有之大变局加速演进的背景下，中国政治学研究坚持开放包容、拓宽全球视野，积极参与政治学国际学术交流与对话，努力推动中国政治学话语走向世界。更加自信地站在中国立场和世界政治历史维度，增强中国政治学自主知识体系构建的自觉。目前，学界围绕构建人类命运共同体以及中国道路、中国治理的世界意义，开展了一系列有针对性的比较研究，对“世界怎么了、我们怎么办”等时代命题交出了中国政治学答卷。
也应看到，在取得显著成绩的同时，中国政治学研究还存在不少难点堵点卡点。例如，学科体系化程度不足，自主性、系统性有待提升；话语体系建设相对滞后，国际话语权有待提升；学术评价体系和人才队伍建设存在短板，创新能力和学术治理体系仍有欠缺。这些问题，都要在今后学术创新和学术治理体系革新过程中逐步加以解决。
进一步总结中国治理经验、提炼中国治理理论
中国式现代化，为构建中国政治学自主知识体系提供了广阔舞台，而构建中国政治学自主知识体系，也为中国式现代化提供了重要理论支撑。在构建中国政治学自主知识体系过程中，阐释中国式现代化的本质要求，总结中国治理经验、提炼中国治理理论，是新时代中国政治学研究肩负的重要使命。
理论来源于实践，又反作用于实践。中国政治学自主知识体系生发于中国式现代化，又服务于中国式现代化。必须坚持以习近平新时代中国特色社会主义思想为指导，以形成中国特色、中国风格、中国气派的政治学为方向，牢牢把握中国政治学的时代性、民族性、科学性、创造性，更好把握中国式现代化的发展规律，深刻阐明中国特色社会主义政治发展道路的历史必然性和现实优越性，为回答中国式现代化进程中的重大政治课题提供理论支撑，推动中国式现代化事业行稳致远。
中国式现代化不仅为中国人民带来了幸福生活，也为世界各国发展提供了新图景、新选择。构建中国政治学自主知识体系，系统阐释中国式现代化的政治逻辑和实践路径，向世界展示中国特色社会主义政治制度的优势，有利于打破西方对现代化的话语垄断，创造融通中外的政治学话语，让世界更好地了解中国、理解中国，为构建人类命运共同体贡献中国政治学智慧和力量。
政治学是经世致用、治国安邦的学问。构建中国政治学自主知识体系，必须坚持“两个结合”，以整体性、系统性研究为基础，以标识性概念和原创性理论为重点，深刻阐释党的创新理论的科学体系、丰富内涵与思想精髓，将其有效转化为研究命题、知识话语与学术理论。
面对世界之变、时代之变、历史之变，中国政治学研究要立足新时代伟大实践，从学术基础、实践导向、国际视野、历史维度等多方面协同发力，从政治学学科视角发掘理论学术资源、系统阐释道理学理哲理，把中国经验提升为中国理论，回答中国式现代化建设的重大理论和现实问题。
中国政治学人坚持自立自强、与时代同行、为人民做学问。在世界百年未有之大变局中，深入阐释习近平新时代中国特色社会主义思想的世界意义，基于学术研究规律创造更多融通中外的政治学新命题、新范畴、新理论，不断推进学术创新、学科建设和学术治理体系革新，为构建中国哲学社会科学自主知识体系添砖加瓦，为人类政治文明百花园增光添彩。
（作者为中国政治学会会长）","# 构建中国政治学自主知识体系的成效与前瞻（加快构建中国哲学社会科学自主知识体系）

> 张树华《人民日报》（2026年08月13日第 09 版）

习近平总书记指出：“加快构建中国特色哲学社会科学，归根结底是建构中国自主的知识体系。要以中国为观照、以时代为观照，立足中国实际，解决中国问题，不断推动中华优秀传统文化创造性转化、创新性发展，不断推进知识创新、理论创新、方法创新，使中国特色哲学社会科学真正屹立于世界学术之林。”这一重要论述，为构建中国政治学自主知识体系指明了前进方向、提供了根本遵循。作为哲学社会科学的重要组成部分，政治学研究旨在阐释政治制度、研究国家治理、解读政治实践。构建中国政治学自主知识体系，既是落实习近平总书记关于构建中国哲学社会科学自主知识体系重要指示精神的具体行动，也是以中国之理、中国之道、中国之学回应世界之变、时代之变、历史之变的必然要求。

**新时代中国政治学自主知识体系的创新与发展**

党的十八大以来，中国政治学研究持续深化党的创新理论体系化研究、学理化阐释和学术化表达，努力把党的创新理论有效转化为政治学学科命题、知识话语与学术理论，实现政治引领与学术创新的有机统一，为构建系统完备、逻辑自洽的自主知识体系提供坚实理论支撑。坚持守正创新，建基于党的创新理论和中国式现代化伟大实践，提出一批重要概念和观点，拓展了政治学研究视域，创新了政治学学术命题，丰富了政治学研究方法，初步构建起中国政治学自主知识体系的框架。

学术基础不断夯实，学科体系逐步完善。中国政治学研究围绕中心、服务大局，坚持构建“大政治学”学科布局，学科覆盖面持续拓展、体系化程度不断提升，学科场域涵盖政府行政、公共管理、国家安全等学科专业，发展了全球治理、中国学等新兴交叉学科。近年来，中国政治学研究积极引入历史学、田野调查等研究方法，显著推动了政治学本土化、自主化进程，为学科发展注入新活力，为中国学派的发展奠定坚实基础。高校和科研院所作为学科建设的主阵地，不断优化政治学专业布局，完善人才培养体系，培养了一批兼具政治素养和学术能力的专业人才，为自主知识体系构建提供了坚实的人才支撑。同时，学界围绕中国式现代化、全过程人民民主等重大命题开展了大量学理性研究，形成了一批高质量学术成果，夯实了自主知识体系构建的学术基础。

原创性成果不断涌现，标识性概念集群逐步形成。在党的创新理论指引下，学界立足中国政治实践，提炼出一批具有中国特色的重要理念，打破了长期以来西方政治学话语的垄断地位。目前，“民主观”“治理观”“大党之治”“中国之治”等，已成为中国政治学自主知识体系的重要组成部分，展现出学理性的阐释力和传播力，进一步丰富了中国政治学的理论内涵和学术积淀，彰显了中国政治学的自主性和发展力。

实践导向更加鲜明，服务能力逐步提升。中国政治学研究始终坚持立足中国实际、回应现实需求，将中国式现代化伟大实践作为理论创新的源泉和动力。中国政治学界围绕全面从严治党、协商民主的理论创新、实践经验与制度优势如何更好转化为治理效能、基层治理创新等重大现实问题，开展针对性研究，提出前瞻性强、具有问题导向和可操作性的政策建议，为党和国家决策提供重要参考，充分体现了政治学服务实践、推动实践的重要功能。

国际视野持续拓展，学术交流逐步深化。在世界百年未有之大变局加速演进的背景下，中国政治学研究坚持开放包容、拓宽全球视野，积极参与政治学国际学术交流与对话，努力推动中国政治学话语走向世界。更加自信地站在中国立场和世界政治历史维度，增强中国政治学自主知识体系构建的自觉。目前，学界围绕构建人类命运共同体以及中国道路、中国治理的世界意义，开展了一系列有针对性的比较研究，对“世界怎么了、我们怎么办”等时代命题交出了中国政治学答卷。

也应看到，在取得显著成绩的同时，中国政治学研究还存在不少难点堵点卡点。例如，学科体系化程度不足，自主性、系统性有待提升；话语体系建设相对滞后，国际话语权有待提升；学术评价体系和人才队伍建设存在短板，创新能力和学术治理体系仍有欠缺。这些问题，都要在今后学术创新和学术治理体系革新过程中逐步加以解决。

**进一步总结中国治理经验、提炼中国治理理论**

中国式现代化，为构建中国政治学自主知识体系提供了广阔舞台，而构建中国政治学自主知识体系，也为中国式现代化提供了重要理论支撑。在构建中国政治学自主知识体系过程中，阐释中国式现代化的本质要求，总结中国治理经验、提炼中国治理理论，是新时代中国政治学研究肩负的重要使命。

理论来源于实践，又反作用于实践。中国政治学自主知识体系生发于中国式现代化，又服务于中国式现代化。必须坚持以习近平新时代中国特色社会主义思想为指导，以形成中国特色、中国风格、中国气派的政治学为方向，牢牢把握中国政治学的时代性、民族性、科学性、创造性，更好把握中国式现代化的发展规律，深刻阐明中国特色社会主义政治发展道路的历史必然性和现实优越性，为回答中国式现代化进程中的重大政治课题提供理论支撑，推动中国式现代化事业行稳致远。

中国式现代化不仅为中国人民带来了幸福生活，也为世界各国发展提供了新图景、新选择。构建中国政治学自主知识体系，系统阐释中国式现代化的政治逻辑和实践路径，向世界展示中国特色社会主义政治制度的优势，有利于打破西方对现代化的话语垄断，创造融通中外的政治学话语，让世界更好地了解中国、理解中国，为构建人类命运共同体贡献中国政治学智慧和力量。

政治学是经世致用、治国安邦的学问。构建中国政治学自主知识体系，必须坚持“两个结合”，以整体性、系统性研究为基础，以标识性概念和原创性理论为重点，深刻阐释党的创新理论的科学体系、丰富内涵与思想精髓，将其有效转化为研究命题、知识话语与学术理论。

面对世界之变、时代之变、历史之变，中国政治学研究要立足新时代伟大实践，从学术基础、实践导向、国际视野、历史维度等多方面协同发力，从政治学学科视角发掘理论学术资源、系统阐释道理学理哲理，把中国经验提升为中国理论，回答中国式现代化建设的重大理论和现实问题。

中国政治学人坚持自立自强、与时代同行、为人民做学问。在世界百年未有之大变局中，深入阐释习近平新时代中国特色社会主义思想的世界意义，基于学术研究规律创造更多融通中外的政治学新命题、新范畴、新理论，不断推进学术创新、学科建设和学术治理体系革新，为构建中国哲学社会科学自主知识体系添砖加瓦，为人类政治文明百花园增光添彩。

（作者为中国政治学会会长）",张树华,理论,,https://paper.people.com.cn/rmrb/pc/content/202608/13/content_30174665.html,2026-08-13,"['政治学', '中国', '体系', '构建', '知识', '自主', '中国式', '学术', '理论', '现代化']","习近平总书记指出：“加快构建中国特色哲学社会科学，归根结底是建构中国自主的知识体系。要以中国为观照、以时代为观照，立足中国实际，解决中国问题，不断推动中华优秀传统文化创造性转化、创新性发展，不断推进知识创新、理论创新、方法创新，使中国特色哲学社会科学真正屹立于世界学术之林。”这一重要论述，为构建中国政治学自主知识体系指明了前进方向、提供了根本遵循。作为哲学社会科学的重要组成部分，政治学研究旨在阐释政治制度、研究国家治理、解读政治实践。构建中国政治学自主知识体系，既是落实习近平总书记关于构建中国哲学社会科学自主知识体系重要指示精神的具体行动，也是以中国之理、中国之道、中国之学回应世界之变、时代之变、历史之变的必然要求。
新时代中国政治学自主知识体系的创新与发展
党的十八大以来，中国政治学研究持续深化党的创新理论体系化研究、学理化阐释和学术化表达，努力把党的创新理论有效转化为政治学学科命题、知识话语与学术理论，实现政治引领与学术创新的有机统一，为构建系统完备、逻辑自洽的自主知识体系提供坚实理论支撑。坚持守正创新，建基于党的创新理论和中国式现代化伟大实践，提出一批重要概念和观点，拓展了政治学研究视域，创新了政治学学术命题，丰富了政治学研究方法，初步构建起中国政治学自主知识体系的框架。",政治,,,[],data/vault/2026/08/2026-08-13/09-理论/构建中国政治学自主知识体系的成效与前瞻（加快构建中国哲学社会科学自主知识体系）.md,09,理论
以扩大优质供给推动消费升级（专题深思）,"消费是经济增长的重要引擎，是人民对美好生活向往的直接体现。习近平总书记在去年中央经济工作会议上明确了今年经济工作的重点任务，其中包括“适应消费结构变化，扩大优质商品和服务供给”。7月底召开的中共中央政治局会议强调：“要有效扩大国内需求，适应不同群体消费需求扩大优质供给，挖掘服务消费潜力。”以扩大优质商品和服务供给推动消费升级，既是破解供需结构性错配的现实需要，也是满足人民美好生活向往的战略选择。
供给和需求是经济发展的一体两面。推动供需适配，促进生产供给端主动适应消费趋势变化，在质量、结构、效用等方面动态精准匹配多元消费需求，才能以新需求引领新供给，以新供给创造新需求，进而在二者的动态平衡中畅通国民经济循环，构建新发展格局。当前，我国人均国内生产总值已超过1.3万美元，消费需求正从“有没有”转向“好不好”，品质化、个性化、多样化特征日益鲜明；同时，部分领域供需结构性错配问题依然存在，一些潜在消费需求难以有效释放。破解这一矛盾，既要靠需求侧的引导，也要从供给侧主动作为，把实施扩大内需战略同深化供给侧结构性改革有机结合起来，以优质供给引领和创造需求，推动消费扩容升级。围绕这一目标，我国出台了一系列政策措施。比如，去年发布的《关于增强消费品供需适配性进一步促进消费的实施方案》提出5个方面的举措，正是为了增强供需适配性，进一步释放消费潜力。
在一系列措施推动下，今年上半年，我国社会消费商品和服务零售总额同比增长2.7%，最终消费支出拉动国内生产总值增长2.1个百分点，持续发挥经济增长第一拉动力作用。随着技术迭代升级、供需更好适配，更多新的商品将进入消费市场，在满足人民美好生活需要的同时，带来新的消费增量。中共中央政治局会议提出“适应不同群体消费需求扩大优质供给”，为进一步推动供需适配指明了方向。“适应不同群体”体现了施策要精准，意味着要区分不同地区、不同收入、不同年龄层差异等，避免“一刀切”；“扩大优质供给”是路径，通过提升商品与服务质量，将潜在需求转化为现实消费。落实这一要求，要以科技创新为引领，以服务消费扩能，健全促进供需良性循环的政策体系，扩大高水平对外开放，使内需真正成为拉动经济增长的主动力和稳定锚，为构建新发展格局、推动高质量发展提供坚实支撑。
提升商品供给质量。高质量的供给能够开辟新的消费场景和需求空间。比如，近年来即时零售等新业态依托数字技术重构消费方式，成为零售业增长较快的板块之一；在消费品以旧换新政策推动下，新能源汽车、一级能效家电等绿色智能商品成为消费者的普遍选择。这表明，供给侧的结构优化和质量提升能够为消费扩容升级注入内生动力。在实践中，应以科技创新为支撑提升供给质量，一方面，推动人工智能、绿色低碳等前沿技术与消费品工业深度融合，改造提升食品、轻工、纺织等传统产业，以增品种、提品质、创品牌破解同质化竞争；另一方面，培育壮大新兴产业和未来产业，加快智能穿戴、服务机器人等领域创新成果产业化，使满足消费升级需求的优质商品供给不断丰富。
培育服务消费新优势。服务消费具有高频次、强体验、长链条的特征，已成为居民消费增长的重要动力。从“为一场赛事赴一座城”的观赛旅游热，到博物馆延长开放带来的“博物馆奇妙夜”，再到冰雪经济、银发经济的蓬勃发展，既表明新的服务消费场景通常能够转化为现实的消费增长点，也体现出优质供给的重要价值。提升优质服务供给，一方面，要深入实施服务消费提质惠民行动，放宽养老托育、医疗健康、文旅体育等领域市场准入，吸引社会资本参与，扩大优质服务供给总量；另一方面，要健全服务质量标准和信用体系，加快养老护理、婴幼儿照护等专业人才培养，推动生活性服务业向高品质、多样化、便利化升级，以优质供给的不断扩容支撑服务消费持续增长。
拓展优质供给新空间。用好国内国际两个市场两种资源，可以直接丰富居民的消费选择；稳步扩大服务业对外开放，能够以开放促竞争、以竞争促提质，推动国内服务供给升级。比如，第八届中国国际进口博览会吸引155个国家、地区和国际组织参与，按一年计意向成交额达834.9亿美元，一大批全球优质消费品经由这一平台由展品变为商品进入中国市场；随着免签“朋友圈”持续扩大和离境退税“即买即退”服务推广至全国，2025年入境外国人超过8200万人次，“中国游”“中国购”热度攀升，入境消费正在成为内需增长的新亮点。在此背景下，进口商品结构不断优化，关税和制度性交易成本持续降低，国际消费中心城市培育建设深入推进，扩大开放与促进国内供给升级正在形成内外联动、竞争有序的良性互动格局。
（作者为中央财经大学商学院教授）","# 以扩大优质供给推动消费升级（专题深思）

> 顾雷雷《人民日报》（2026年08月13日第 09 版）

消费是经济增长的重要引擎，是人民对美好生活向往的直接体现。习近平总书记在去年中央经济工作会议上明确了今年经济工作的重点任务，其中包括“适应消费结构变化，扩大优质商品和服务供给”。7月底召开的中共中央政治局会议强调：“要有效扩大国内需求，适应不同群体消费需求扩大优质供给，挖掘服务消费潜力。”以扩大优质商品和服务供给推动消费升级，既是破解供需结构性错配的现实需要，也是满足人民美好生活向往的战略选择。

供给和需求是经济发展的一体两面。推动供需适配，促进生产供给端主动适应消费趋势变化，在质量、结构、效用等方面动态精准匹配多元消费需求，才能以新需求引领新供给，以新供给创造新需求，进而在二者的动态平衡中畅通国民经济循环，构建新发展格局。当前，我国人均国内生产总值已超过1.3万美元，消费需求正从“有没有”转向“好不好”，品质化、个性化、多样化特征日益鲜明；同时，部分领域供需结构性错配问题依然存在，一些潜在消费需求难以有效释放。破解这一矛盾，既要靠需求侧的引导，也要从供给侧主动作为，把实施扩大内需战略同深化供给侧结构性改革有机结合起来，以优质供给引领和创造需求，推动消费扩容升级。围绕这一目标，我国出台了一系列政策措施。比如，去年发布的《关于增强消费品供需适配性进一步促进消费的实施方案》提出5个方面的举措，正是为了增强供需适配性，进一步释放消费潜力。

在一系列措施推动下，今年上半年，我国社会消费商品和服务零售总额同比增长2.7%，最终消费支出拉动国内生产总值增长2.1个百分点，持续发挥经济增长第一拉动力作用。随着技术迭代升级、供需更好适配，更多新的商品将进入消费市场，在满足人民美好生活需要的同时，带来新的消费增量。中共中央政治局会议提出“适应不同群体消费需求扩大优质供给”，为进一步推动供需适配指明了方向。“适应不同群体”体现了施策要精准，意味着要区分不同地区、不同收入、不同年龄层差异等，避免“一刀切”；“扩大优质供给”是路径，通过提升商品与服务质量，将潜在需求转化为现实消费。落实这一要求，要以科技创新为引领，以服务消费扩能，健全促进供需良性循环的政策体系，扩大高水平对外开放，使内需真正成为拉动经济增长的主动力和稳定锚，为构建新发展格局、推动高质量发展提供坚实支撑。

提升商品供给质量。高质量的供给能够开辟新的消费场景和需求空间。比如，近年来即时零售等新业态依托数字技术重构消费方式，成为零售业增长较快的板块之一；在消费品以旧换新政策推动下，新能源汽车、一级能效家电等绿色智能商品成为消费者的普遍选择。这表明，供给侧的结构优化和质量提升能够为消费扩容升级注入内生动力。在实践中，应以科技创新为支撑提升供给质量，一方面，推动人工智能、绿色低碳等前沿技术与消费品工业深度融合，改造提升食品、轻工、纺织等传统产业，以增品种、提品质、创品牌破解同质化竞争；另一方面，培育壮大新兴产业和未来产业，加快智能穿戴、服务机器人等领域创新成果产业化，使满足消费升级需求的优质商品供给不断丰富。

培育服务消费新优势。服务消费具有高频次、强体验、长链条的特征，已成为居民消费增长的重要动力。从“为一场赛事赴一座城”的观赛旅游热，到博物馆延长开放带来的“博物馆奇妙夜”，再到冰雪经济、银发经济的蓬勃发展，既表明新的服务消费场景通常能够转化为现实的消费增长点，也体现出优质供给的重要价值。提升优质服务供给，一方面，要深入实施服务消费提质惠民行动，放宽养老托育、医疗健康、文旅体育等领域市场准入，吸引社会资本参与，扩大优质服务供给总量；另一方面，要健全服务质量标准和信用体系，加快养老护理、婴幼儿照护等专业人才培养，推动生活性服务业向高品质、多样化、便利化升级，以优质供给的不断扩容支撑服务消费持续增长。

拓展优质供给新空间。用好国内国际两个市场两种资源，可以直接丰富居民的消费选择；稳步扩大服务业对外开放，能够以开放促竞争、以竞争促提质，推动国内服务供给升级。比如，第八届中国国际进口博览会吸引155个国家、地区和国际组织参与，按一年计意向成交额达834.9亿美元，一大批全球优质消费品经由这一平台由展品变为商品进入中国市场；随着免签“朋友圈”持续扩大和离境退税“即买即退”服务推广至全国，2025年入境外国人超过8200万人次，“中国游”“中国购”热度攀升，入境消费正在成为内需增长的新亮点。在此背景下，进口商品结构不断优化，关税和制度性交易成本持续降低，国际消费中心城市培育建设深入推进，扩大开放与促进国内供给升级正在形成内外联动、竞争有序的良性互动格局。

（作者为中央财经大学商学院教授）",顾雷雷,理论,,https://paper.people.com.cn/rmrb/pc/content/202608/13/content_30174666.html,2026-08-13,"['供给', '消费', '优质', '需求', '服务', '供需', '适配', '升级', '扩大', '推动']","消费是经济增长的重要引擎，是人民对美好生活向往的直接体现。习近平总书记在去年中央经济工作会议上明确了今年经济工作的重点任务，其中包括“适应消费结构变化，扩大优质商品和服务供给”。7月底召开的中共中央政治局会议强调：“要有效扩大国内需求，适应不同群体消费需求扩大优质供给，挖掘服务消费潜力。”以扩大优质商品和服务供给推动消费升级，既是破解供需结构性错配的现实需要，也是满足人民美好生活向往的战略选择。
供给和需求是经济发展的一体两面。推动供需适配，促进生产供给端主动适应消费趋势变化，在质量、结构、效用等方面动态精准匹配多元消费需求，才能以新需求引领新供给，以新供给创造新需求，进而在二者的动态平衡中畅通国民经济循环，构建新发展格局。当前，我国人均国内生产总值已超过1.3万美元，消费需求正从“有没有”转向“好不好”，品质化、个性化、多样化特征日益鲜明；同时，部分领域供需结构性错配问题依然存在，一些潜在消费需求难以有效释放。破解这一矛盾，既要靠需求侧的引导，也要从供给侧主动作为，把实施扩大内需战略同深化供给侧结构性改革有机结合起来，以优质供给引领和创造需求，推动消费扩容升级。围绕这一目标，我国出台了一系列政策措施。比如，去年发布的《关于增强消费品供需适配性进一步促进消费的实施方案》提出5个方面的举措，正是为了增强供需适配性，进一步释放消费潜力。
在一系列措施推动下，今年上半年，我国社会消费商品和服务零售总额同比增长2.7%，最终消费支出拉动国内生产总值增长2.1个百分点，持续发挥经济增长第一拉动力作用。随着技术迭代升级、供需更好适配，更多新的商品将进入消费市场，在满足人民美好生活需要的同时，带来新的消费增量。中共中央政治局会议提出“适应不同群体消费需求扩大优质供给”，为进一步推动供需适配指明了方向。“适应不同群体”体现了施策要精准，意味着要区分不同地区、不同收入、不同年龄层差异等，避免“一刀切”；“扩大优质供给”是路径，通过提升商品与服务质量，将潜在需求转化为现实消费。落实这一要求，要以科技创新为引领，以服务消费扩能，健全促进供需良性循环的政策体系，扩大高水平对外开放，使内需真正成为拉动经济增长的主动力和稳定锚，为构建新发展格局、推动高质量发展提供坚实支撑。",政治,,,[],data/vault/2026/08/2026-08-13/09-理论/以扩大优质供给推动消费升级（专题深思）.md,09,理论
因地制宜抓实乡村产业（干部状态新观察·在一线磨炼基本功）,"编者按：基层是党的执政之基、力量之源，是一切工作的落脚点。提高党的执政能力，关键在于提高包括基层干部在内的各级干部的能力，广大基层干部的工作能力如何，对加强党的执政能力建设具有基础性作用。
本版今起推出“干部状态新观察·在一线磨炼基本功”系列报道，聚焦各地基层干部带领群众解难题、兴产业、促共富，打磨干事创业基本功，以真抓实干回应群众期盼、为群众谋幸福的生动实践。
日月山，是青海的重要地理坐标。沿着日月山，从西往东，在日月藏族乡、和平乡、东峡乡，记者分别遇见了3名年轻干部。她们或坚守生态底线加快绿色发展，或立足地域特点深耕露营项目，或顺应市场规律推动产业升级。
一个个乡村产业项目的发展，是基层干部遇到问题、解决问题的过程，也是因地制宜、科学决策的过程。3名基层干部表示，人在事上练，她们正是在一项项具体的工作中不断升级思维，磨炼本领。
一山
看生态优先的理念扎根
青海省湟源县日月乡，是湟源县委组织部副部长赵海珍的心头牵挂。
赵海珍曾在日月乡担任乡党委副书记。日月乡群众以传统放牧养殖为生，过度放牧带来的草山纠纷并不少。牛羊越来越多，自家的草场不够放，村集体的草山也成了牧民放牧“争抢”的对象，各家纷纷“薅羊毛”“占地盘”。
在当时的日月乡，这属于新情况。“根子还是在过度放牧，牛羊数量超出了草山的承载力。”村干部劝阻过，但收效甚微。“草山太大，即便派人常驻巡逻，也是顾此失彼。”赵海珍说。
2025年，针对这个情况，乡里进行了充分讨论。有干部替牧民考虑，“牛羊多放不下，反正是自己村里的草山，空着也是空着，牛羊不够吃，来‘公家’草山吃点也能理解。”也有干部提出，“照这个吃法下去，‘公家’的草山很快就枯竭了，到时候牛羊存栏更多，带来生态破坏的恶性循环怎么办？”
赵海珍同意后者。她在会上说：“玛多县当年曾是人均年收入过万元的富裕县，靠的就是养殖业。然而，当年的‘千湖之县’因为过度放牧，很快遍地是黑土滩，现在仍在治理恢复。”
统一想法后，日月乡党委决定带头推动开展草山有偿使用工作，并将“草山有偿使用”报送进入湟源县各乡镇各部门“勇争先”重点工作清单。根据工作部署，日月乡对村集体草山进行边界界定，在村集体草山设置围栏，明确村集体草山的承包、费用标准、放牧规范等内容，除此之外，每年对村集体草山草原改良和监督管理。
“很多牧民有抵触情绪，牧民习惯传统免费放牧模式，增加了成本肯定不愿意。”赵海珍等人分别带队，先从试点村开始入户宣传教育，“我们还专门制作了视频，讲述过度放牧带来的生态危害”。同时，抓住若药堂村、前滩村、牧场村3个村的“牛鼻子”，与养殖大户签订了《草原承包经营权流转合同》，形成示范效应。
青海最大的价值在生态、最大的责任在生态、最大的潜力也在生态。从牧户们最初的抵触，到后来的接受和认同，再到去年村集体收入增收10万元、治理村集体退化草场1万亩。这个难题“啃”下来，赵海珍最大的感受是：“‘三个最大’给了我们指引和启示，让我们认识到生态优先带来的多赢。一项政策是否科学合理，‘生态账’能否划得来是必须考量的。”
一馍
看立足禀赋的长远打算
湟源县和平乡平均海拔2800多米，沿着白水河进入，分别是白水村、马家湾村、隆和村和马场台村。这个季节，正是这里最热闹的时候。
和平乡以自然风光闻名周边。前几年，白水河身后的华石山，春天漫山遍野的杜鹃花盛开。来游玩的游客增多，当地趁热打铁，打造15公里长的生态走廊，布局了12家露营场所。沿河4个村都受益，村集体年收入一共增加40多万元。
今年4月，雷发霞任和平乡党委书记。刚到任，她就马不停蹄逐村开展调研。和印象中不同，这条生态走廊经过4年多的发展，显示出一点“疲态”：一边是游客反映买到的农特产品质量参差不齐，一边是村里群众反映“‘生态饭’不好吃，光是人多热闹，赚不到钱”。
以和平乡特产草灰馍馍为例。把混着当地特产香豆粉的馍馍放入焜锅，把锅直接“坐”到麦草堆里。草堆燃尽，草灰馍馍就可以出锅。香豆粉裹着馍香，入口酥脆，受到游客欢迎。但草灰馍馍制作要求较高，天气、火候、时间，缺一不可，烤煳、烤焦是常事，草灰馍馍以次充好的投诉不断。
到任不久，摆在雷发霞眼前的还有另外一条发展之道。和平乡拥有10多万亩天然草场，有人向雷发霞建议：露营在多个乡镇都有，与其改造提升基础设施，不如把钱投到畜牧养殖业，“项目见效快、带动群众致富效果还好。”
是该另起炉灶，还是继续“挖深井”？对于雷发霞来说是个难题。起初，她有点动摇：“露营项目发展遇到了瓶颈，如果无法突破，持续把资源投进去容易事倍功半。发展畜牧业，畜牧‘合作社+农户’的发展模式是现成的，容易出工作成绩。”
还是要立足禀赋。雷发霞说：“发展乡村产业不能简单照搬照抄，不能‘一哄而上’——畜牧业固然可以搞，但不能因噎废食，把露营项目抛掉。”
“眼前的产业瓶颈，是露营项目和群众增收没结合好，说到底，是带农机制需要完善。”经过多次讨论，和平乡党委作出决定：稳扎稳打，继续做好露营项目，把群众增收问题解决好。
如今，和平乡有了自己的“白水河谷”草灰馍馍，乡里争取上级资金50万元建设小型加工厂，食材用料向村民购买，还吸纳村民就业，草灰馍馍的品质更加稳定。小修小补，有时强过大刀阔斧。雷发霞说：“通过露营联农机制的完善，今年4个村预计增收30万元。”
一叶
看特产升级的市场思维
在湟源县东峡乡灰条口村，呷一口茶，味道独特，坐而听东峡乡党委书记马玉新讲述棠梨叶产业的发展心得。
灰条口村有喝“熬茶”的传统。做法很简单，取山上棠梨叶放在房顶上让霜打，再用蒸笼蒸，晒干后与薄荷、盐、花椒泡水喝。“我们这里习惯以牦牛肉、羊肉为主食，餐后来一杯‘熬茶’，解腻舒服。”马玉新说。
棠梨叶茶是好东西，含氟量低、味道独特，颇受当地群众喜爱。能不能跳出自用范畴，加工成商品？灰条口村开始探索棠梨叶茶的产业化。
一开始，没人知道怎么做。晾晒泡汤都会，但是制茶工艺，还得从头摸索。第一步是炒制，杀青阶段，用粗放炒制的老办法炒出的茶叶焦黄发苦。乡里邀请江苏南京六合区的茶叶技术人员到村指导，经过一遍遍揉捻、试制，最终仍然不理想：由于高原气温低，用棠梨叶制绿茶和白茶的路走不通。
马玉新说，当时大家都觉得制茶这条路走不通，但技术人员建议，可以用全发酵制茶的办法试试。第一块棠梨叶红茶制作出来后，村民们高兴得很，“咱村的茶高端了！”
这只是第一步。从试验品到产品，还需要跨越。马玉新很快意识到，需要经营主体来牵引，“一是通过标准化生产，保证茶叶质量稳定，二是吸纳村民进来，解决带动增收问题。”为了让试验品成为产品，借助东西部协作资金，由村集体牵头，成立湟源石寨小江南旅游开发有限公司，买入生产设备，公司组织农户采摘和加工。
加工厂有了，合作机制建立了，连着几年，100斤的棠梨叶茶还没上市就被帮扶单位订购一空。然而100斤的茶叶还远算不上规模化供应。
“每年村民辛辛苦苦也就采500斤芽叶，只能制成100斤成品，产量不够。”马玉新解释，每年4月至6月的棠梨叶采摘期，村民们上山采摘鲜叶，由于棠梨都是野生树种，芽叶要求高，每人每天最多采两三斤。不仅如此，村民需要爬到山坡石缝，既辛苦、又危险。
人工种植棠梨适时提上议程。经过棠梨茶苗试种周期，灰条口村决定在荒山荒坡开辟40亩棠梨种植基地。“产量上来了，产业产品的选择就能更丰富。”延伸棠梨产业链的步子在继续。“制作棠梨叶茶主要采摘的是枝头嫩叶，而秋季棠梨的老叶子数量多、取用方便，村里计划利用老叶子研发茶饼产品，提高资源利用率。”马玉新说。
棠梨叶产业的发展之路，也是马玉新的成长之路。“下基层以前，以为东西好就能赚钱。从标准化生产，到产业链延伸，棠梨叶茶教会我乡村产业振兴中，农特产品应该如何破题。”","### 青海湟源县基层干部在乡村全面振兴中提升科学决策能力

# 因地制宜抓实乡村产业（干部状态新观察·在一线磨炼基本功）

> 本报记者  乔  栋《人民日报》（2026年08月13日第 11 版）

编者按：基层是党的执政之基、力量之源，是一切工作的落脚点。提高党的执政能力，关键在于提高包括基层干部在内的各级干部的能力，广大基层干部的工作能力如何，对加强党的执政能力建设具有基础性作用。

本版今起推出“干部状态新观察·在一线磨炼基本功”系列报道，聚焦各地基层干部带领群众解难题、兴产业、促共富，打磨干事创业基本功，以真抓实干回应群众期盼、为群众谋幸福的生动实践。

日月山，是青海的重要地理坐标。沿着日月山，从西往东，在日月藏族乡、和平乡、东峡乡，记者分别遇见了3名年轻干部。她们或坚守生态底线加快绿色发展，或立足地域特点深耕露营项目，或顺应市场规律推动产业升级。

一个个乡村产业项目的发展，是基层干部遇到问题、解决问题的过程，也是因地制宜、科学决策的过程。3名基层干部表示，人在事上练，她们正是在一项项具体的工作中不断升级思维，磨炼本领。

一山

看生态优先的理念扎根

青海省湟源县日月乡，是湟源县委组织部副部长赵海珍的心头牵挂。

赵海珍曾在日月乡担任乡党委副书记。日月乡群众以传统放牧养殖为生，过度放牧带来的草山纠纷并不少。牛羊越来越多，自家的草场不够放，村集体的草山也成了牧民放牧“争抢”的对象，各家纷纷“薅羊毛”“占地盘”。

在当时的日月乡，这属于新情况。“根子还是在过度放牧，牛羊数量超出了草山的承载力。”村干部劝阻过，但收效甚微。“草山太大，即便派人常驻巡逻，也是顾此失彼。”赵海珍说。

2025年，针对这个情况，乡里进行了充分讨论。有干部替牧民考虑，“牛羊多放不下，反正是自己村里的草山，空着也是空着，牛羊不够吃，来‘公家’草山吃点也能理解。”也有干部提出，“照这个吃法下去，‘公家’的草山很快就枯竭了，到时候牛羊存栏更多，带来生态破坏的恶性循环怎么办？”

赵海珍同意后者。她在会上说：“玛多县当年曾是人均年收入过万元的富裕县，靠的就是养殖业。然而，当年的‘千湖之县’因为过度放牧，很快遍地是黑土滩，现在仍在治理恢复。”

统一想法后，日月乡党委决定带头推动开展草山有偿使用工作，并将“草山有偿使用”报送进入湟源县各乡镇各部门“勇争先”重点工作清单。根据工作部署，日月乡对村集体草山进行边界界定，在村集体草山设置围栏，明确村集体草山的承包、费用标准、放牧规范等内容，除此之外，每年对村集体草山草原改良和监督管理。

“很多牧民有抵触情绪，牧民习惯传统免费放牧模式，增加了成本肯定不愿意。”赵海珍等人分别带队，先从试点村开始入户宣传教育，“我们还专门制作了视频，讲述过度放牧带来的生态危害”。同时，抓住若药堂村、前滩村、牧场村3个村的“牛鼻子”，与养殖大户签订了《草原承包经营权流转合同》，形成示范效应。

青海最大的价值在生态、最大的责任在生态、最大的潜力也在生态。从牧户们最初的抵触，到后来的接受和认同，再到去年村集体收入增收10万元、治理村集体退化草场1万亩。这个难题“啃”下来，赵海珍最大的感受是：“‘三个最大’给了我们指引和启示，让我们认识到生态优先带来的多赢。一项政策是否科学合理，‘生态账’能否划得来是必须考量的。”

一馍

看立足禀赋的长远打算

湟源县和平乡平均海拔2800多米，沿着白水河进入，分别是白水村、马家湾村、隆和村和马场台村。这个季节，正是这里最热闹的时候。

和平乡以自然风光闻名周边。前几年，白水河身后的华石山，春天漫山遍野的杜鹃花盛开。来游玩的游客增多，当地趁热打铁，打造15公里长的生态走廊，布局了12家露营场所。沿河4个村都受益，村集体年收入一共增加40多万元。

今年4月，雷发霞任和平乡党委书记。刚到任，她就马不停蹄逐村开展调研。和印象中不同，这条生态走廊经过4年多的发展，显示出一点“疲态”：一边是游客反映买到的农特产品质量参差不齐，一边是村里群众反映“‘生态饭’不好吃，光是人多热闹，赚不到钱”。

以和平乡特产草灰馍馍为例。把混着当地特产香豆粉的馍馍放入焜锅，把锅直接“坐”到麦草堆里。草堆燃尽，草灰馍馍就可以出锅。香豆粉裹着馍香，入口酥脆，受到游客欢迎。但草灰馍馍制作要求较高，天气、火候、时间，缺一不可，烤煳、烤焦是常事，草灰馍馍以次充好的投诉不断。

到任不久，摆在雷发霞眼前的还有另外一条发展之道。和平乡拥有10多万亩天然草场，有人向雷发霞建议：露营在多个乡镇都有，与其改造提升基础设施，不如把钱投到畜牧养殖业，“项目见效快、带动群众致富效果还好。”

是该另起炉灶，还是继续“挖深井”？对于雷发霞来说是个难题。起初，她有点动摇：“露营项目发展遇到了瓶颈，如果无法突破，持续把资源投进去容易事倍功半。发展畜牧业，畜牧‘合作社+农户’的发展模式是现成的，容易出工作成绩。”

还是要立足禀赋。雷发霞说：“发展乡村产业不能简单照搬照抄，不能‘一哄而上’——畜牧业固然可以搞，但不能因噎废食，把露营项目抛掉。”

“眼前的产业瓶颈，是露营项目和群众增收没结合好，说到底，是带农机制需要完善。”经过多次讨论，和平乡党委作出决定：稳扎稳打，继续做好露营项目，把群众增收问题解决好。

如今，和平乡有了自己的“白水河谷”草灰馍馍，乡里争取上级资金50万元建设小型加工厂，食材用料向村民购买，还吸纳村民就业，草灰馍馍的品质更加稳定。小修小补，有时强过大刀阔斧。雷发霞说：“通过露营联农机制的完善，今年4个村预计增收30万元。”

一叶

看特产升级的市场思维

在湟源县东峡乡灰条口村，呷一口茶，味道独特，坐而听东峡乡党委书记马玉新讲述棠梨叶产业的发展心得。

灰条口村有喝“熬茶”的传统。做法很简单，取山上棠梨叶放在房顶上让霜打，再用蒸笼蒸，晒干后与薄荷、盐、花椒泡水喝。“我们这里习惯以牦牛肉、羊肉为主食，餐后来一杯‘熬茶’，解腻舒服。”马玉新说。

棠梨叶茶是好东西，含氟量低、味道独特，颇受当地群众喜爱。能不能跳出自用范畴，加工成商品？灰条口村开始探索棠梨叶茶的产业化。

一开始，没人知道怎么做。晾晒泡汤都会，但是制茶工艺，还得从头摸索。第一步是炒制，杀青阶段，用粗放炒制的老办法炒出的茶叶焦黄发苦。乡里邀请江苏南京六合区的茶叶技术人员到村指导，经过一遍遍揉捻、试制，最终仍然不理想：由于高原气温低，用棠梨叶制绿茶和白茶的路走不通。

马玉新说，当时大家都觉得制茶这条路走不通，但技术人员建议，可以用全发酵制茶的办法试试。第一块棠梨叶红茶制作出来后，村民们高兴得很，“咱村的茶高端了！”

这只是第一步。从试验品到产品，还需要跨越。马玉新很快意识到，需要经营主体来牵引，“一是通过标准化生产，保证茶叶质量稳定，二是吸纳村民进来，解决带动增收问题。”为了让试验品成为产品，借助东西部协作资金，由村集体牵头，成立湟源石寨小江南旅游开发有限公司，买入生产设备，公司组织农户采摘和加工。

加工厂有了，合作机制建立了，连着几年，100斤的棠梨叶茶还没上市就被帮扶单位订购一空。然而100斤的茶叶还远算不上规模化供应。

“每年村民辛辛苦苦也就采500斤芽叶，只能制成100斤成品，产量不够。”马玉新解释，每年4月至6月的棠梨叶采摘期，村民们上山采摘鲜叶，由于棠梨都是野生树种，芽叶要求高，每人每天最多采两三斤。不仅如此，村民需要爬到山坡石缝，既辛苦、又危险。

人工种植棠梨适时提上议程。经过棠梨茶苗试种周期，灰条口村决定在荒山荒坡开辟40亩棠梨种植基地。“产量上来了，产业产品的选择就能更丰富。”延伸棠梨产业链的步子在继续。“制作棠梨叶茶主要采摘的是枝头嫩叶，而秋季棠梨的老叶子数量多、取用方便，村里计划利用老叶子研发茶饼产品，提高资源利用率。”马玉新说。

棠梨叶产业的发展之路，也是马玉新的成长之路。“下基层以前，以为东西好就能赚钱。从标准化生产，到产业链延伸，棠梨叶茶教会我乡村产业振兴中，农特产品应该如何破题。”",乔  栋,政治,,https://paper.people.com.cn/rmrb/pc/content/202608/13/content_30174677.html,2026-08-13,"['棠梨', '草山', '和平乡', '生态', '露营', '马玉新', '草灰', '赵海珍', '馍馍', '放牧']","编者按：基层是党的执政之基、力量之源，是一切工作的落脚点。提高党的执政能力，关键在于提高包括基层干部在内的各级干部的能力，广大基层干部的工作能力如何，对加强党的执政能力建设具有基础性作用。
本版今起推出“干部状态新观察·在一线磨炼基本功”系列报道，聚焦各地基层干部带领群众解难题、兴产业、促共富，打磨干事创业基本功，以真抓实干回应群众期盼、为群众谋幸福的生动实践。
日月山，是青海的重要地理坐标。沿着日月山，从西往东，在日月藏族乡、和平乡、东峡乡，记者分别遇见了3名年轻干部。她们或坚守生态底线加快绿色发展，或立足地域特点深耕露营项目，或顺应市场规律推动产业升级。",政治,,,[],data/vault/2026/08/2026-08-13/11-政治/因地制宜抓实乡村产业（干部状态新观察·在一线磨炼基本功）.md,11,政治
协会串谋、驾校“抱团涨价”，该罚（新闻看法）,"四川巴中，机动车培训费从1500元至2500元不等，涨至4000元。
重庆铜梁，摩托车培训费从200余元涨至900元。
驾校培训费为啥越来越贵？并不是房租、人力、车辆等成本大幅增加，而是当地驾培企业商量好了“抱团涨价”。
近日，市场监管总局公布2022年至今全国市场监管部门已查处的12件驾培垄断案件，覆盖10余个省份，西南、西北地区县域为高发区域；案件涉及百余家本地驾校，单案涉案主体4家至17家不等。
调查显示，超三成案件由行业协会牵头，通过开会、签公约、建联盟等方式统一价格、划分区域、分配利润。比如，重庆秀山道路运输协会牵头9家驾校统一涨价实施垄断行为。四川巴中道路运输协会组织12家驾校制定“价格自律办法”变相抬价。
垄断直接推高学车成本。巴中市驾校培训费普遍上涨1500元以上，为控制价格，巴中道路运输协会要求，如果培训机构不按规定收费，首次查证属实要罚款5000元，第二次罚款1万元，教练员也会被列入黑名单。
学费贵了，服务却更差了。培训端学时造假、质量无保障；经营端虚假宣传、隐性收费、预付费风险突出，无资质机构、“黄牛”违规揽客；主体管理松散，教练挂靠普遍、主体责任落空，教学设施陈旧、人员素质不齐。
上海交通大学教授王先林认为，驾培垄断与行业乱象叠加造成多维度危害，消费者学车成本上升、维权困难；行业公平竞争生态被破坏，合规薄利经营的正规驾校生存空间被挤压，“劣币驱逐良币”；缩水培训催生“马路杀手”，埋下道路安全隐患。
“系列案件查办有效打破了县域驾培‘价格同盟’，推动价格回归合理区间，既维护消费者权益，也倒逼行业提升服务质量、规范健康发展。”上海政法学院教授丁茂中说。
此外，整治驾培乱象也是释放下沉市场汽车消费潜力的关键前提。收费不透明、学时造假、退费难等问题，直接抑制了消费者学车、购车意愿。
6月以来，多部门密集出台汽车产业支持政策，2026年新能源汽车下乡专项活动已正式启动。专家建议，驾培行业应抓住市场机遇，依托智能设备优化课程、创新培训模式，以透明收费、优质服务赢得消费者信任，激活下沉市场汽车消费潜力。","### 市场监管总局公布查处的驾培垄断案件

# 协会串谋、驾校“抱团涨价”，该罚（新闻看法）

> 本报记者  林丽鹂《人民日报》（2026年08月13日第 11 版）

四川巴中，机动车培训费从1500元至2500元不等，涨至4000元。

重庆铜梁，摩托车培训费从200余元涨至900元。

驾校培训费为啥越来越贵？并不是房租、人力、车辆等成本大幅增加，而是当地驾培企业商量好了“抱团涨价”。

近日，市场监管总局公布2022年至今全国市场监管部门已查处的12件驾培垄断案件，覆盖10余个省份，西南、西北地区县域为高发区域；案件涉及百余家本地驾校，单案涉案主体4家至17家不等。

调查显示，超三成案件由行业协会牵头，通过开会、签公约、建联盟等方式统一价格、划分区域、分配利润。比如，重庆秀山道路运输协会牵头9家驾校统一涨价实施垄断行为。四川巴中道路运输协会组织12家驾校制定“价格自律办法”变相抬价。

垄断直接推高学车成本。巴中市驾校培训费普遍上涨1500元以上，为控制价格，巴中道路运输协会要求，如果培训机构不按规定收费，首次查证属实要罚款5000元，第二次罚款1万元，教练员也会被列入黑名单。

学费贵了，服务却更差了。培训端学时造假、质量无保障；经营端虚假宣传、隐性收费、预付费风险突出，无资质机构、“黄牛”违规揽客；主体管理松散，教练挂靠普遍、主体责任落空，教学设施陈旧、人员素质不齐。

上海交通大学教授王先林认为，驾培垄断与行业乱象叠加造成多维度危害，消费者学车成本上升、维权困难；行业公平竞争生态被破坏，合规薄利经营的正规驾校生存空间被挤压，“劣币驱逐良币”；缩水培训催生“马路杀手”，埋下道路安全隐患。

“系列案件查办有效打破了县域驾培‘价格同盟’，推动价格回归合理区间，既维护消费者权益，也倒逼行业提升服务质量、规范健康发展。”上海政法学院教授丁茂中说。

此外，整治驾培乱象也是释放下沉市场汽车消费潜力的关键前提。收费不透明、学时造假、退费难等问题，直接抑制了消费者学车、购车意愿。

6月以来，多部门密集出台汽车产业支持政策，2026年新能源汽车下乡专项活动已正式启动。专家建议，驾培行业应抓住市场机遇，依托智能设备优化课程、创新培训模式，以透明收费、优质服务赢得消费者信任，激活下沉市场汽车消费潜力。",林丽鹂,政治,,https://paper.people.com.cn/rmrb/pc/content/202608/13/content_30174678.html,2026-08-13,"['驾校', '驾培', '培训费', '巴中', '收费', '培训', '垄断', '案件', '协会', '消费者']","四川巴中，机动车培训费从1500元至2500元不等，涨至4000元。
重庆铜梁，摩托车培训费从200余元涨至900元。
驾校培训费为啥越来越贵？并不是房租、人力、车辆等成本大幅增加，而是当地驾培企业商量好了“抱团涨价”。",政治,,,[],data/vault/2026/08/2026-08-13/11-政治/协会串谋、驾校“抱团涨价”，该罚（新闻看法）.md,11,政治
甘肃专项整治物业服务突出问题,"本报兰州8月12日电  （记者宋朝军）今年以来，甘肃省聚焦住宅小区物业服务中群众反映强烈的问题，全力推进物业服务突出问题专项整治。截至目前，全省物业小区排查已实现全覆盖，问题整改率超九成。专项整治中，全省累计查处违法违规问题322起，行政处罚企业186家、罚没金额2000万元，清退不合格物业企业16家。
甘肃聚焦收费履约、专项维修资金使用等六大领域，在保留传统电话、邮箱投诉渠道的基础上，启用二维码在线收集问题线索，实行“一键反馈、分级办理、短信回复”机制，群众扫码即可提交诉求、全程跟踪进度。此外，甘肃五部门联合制定关于规范全省住宅小区公共收益管理的指导意见，对公共收益来源、归属、用途、管理、使用、移交和监督等方面作出全流程规范。","# 甘肃专项整治物业服务突出问题

> 《人民日报》（2026年08月13日第 11 版）

本报兰州8月12日电  （记者宋朝军）今年以来，甘肃省聚焦住宅小区物业服务中群众反映强烈的问题，全力推进物业服务突出问题专项整治。截至目前，全省物业小区排查已实现全覆盖，问题整改率超九成。专项整治中，全省累计查处违法违规问题322起，行政处罚企业186家、罚没金额2000万元，清退不合格物业企业16家。

甘肃聚焦收费履约、专项维修资金使用等六大领域，在保留传统电话、邮箱投诉渠道的基础上，启用二维码在线收集问题线索，实行“一键反馈、分级办理、短信回复”机制，群众扫码即可提交诉求、全程跟踪进度。此外，甘肃五部门联合制定关于规范全省住宅小区公共收益管理的指导意见，对公共收益来源、归属、用途、管理、使用、移交和监督等方面作出全流程规范。",,政治,,https://paper.people.com.cn/rmrb/pc/content/202608/13/content_30174679.html,2026-08-13,"['物业', '专项', '问题', '整治', '住宅小区', '甘肃', '全省', '聚焦', '服务', '公共']","本报兰州8月12日电  （记者宋朝军）今年以来，甘肃省聚焦住宅小区物业服务中群众反映强烈的问题，全力推进物业服务突出问题专项整治。截至目前，全省物业小区排查已实现全覆盖，问题整改率超九成。专项整治中，全省累计查处违法违规问题322起，行政处罚企业186家、罚没金额2000万元，清退不合格物业企业16家。
甘肃聚焦收费履约、专项维修资金使用等六大领域，在保留传统电话、邮箱投诉渠道的基础上，启用二维码在线收集问题线索，实行“一键反馈、分级办理、短信回复”机制，群众扫码即可提交诉求、全程跟踪进度。此外，甘肃五部门联合制定关于规范全省住宅小区公共收益管理的指导意见，对公共收益来源、归属、用途、管理、使用、移交和监督等方面作出全流程规范。",经济,,,[],data/vault/2026/08/2026-08-13/11-政治/甘肃专项整治物业服务突出问题.md,11,政治
警惕“隐蔽用工”  维护合法权益,"就业是民生之本。然而，一些用人单位为降低用工成本、规避法定责任，通过“隐蔽用工”手段，让不少劳动者权益受损。近期，北京市房山区人民法院发布了一批“隐蔽用工”类劳动争议典型案例。
“隐蔽用工”类劳动争议，指用人单位为规避法定用工义务，通过虚构合作、外包、承揽、注册个体户等其他法律关系，掩盖与劳动者之间真实雇佣事实，双方就法律关系定性、劳动待遇给付、用工责任承担产生分歧而引发的劳动争议案件。
在一起“合同替代型”案件中，原告于某与A公司签订《项目转包协议》，约定于某“承揽”公司的配送业务。其后，双方发生劳动争议。法院审理认为，所谓“承揽协议”背后是实打实的劳动关系：双方均符合法定的劳动关系主体资格，原告负责的配送业务属于A公司的业务组成，且接受A公司的排班管理，虽然在协议上被包装为“个体工商户”，但履行配送任务、接受公司管理的劳动本质没有变，应认定为劳动关系。
房山法院燕山人民法庭庭长王保新提示，用人单位不能以签订“合作协议”“承揽协议”规避劳动合同法项下的法定义务，对符合劳动关系特征的岗位，应依法签订劳动合同、缴纳社会保险。
“隐蔽用工”的另一大套路，是滥用“实习期”“试岗”等名义，长期为劳动者安排正式工作却故意不签劳动合同。在一起典型案件中，张某应聘某科技公司运营岗位，入职时双方签订了一份《劳动合同书》，约定“合同于2022年3月14日生效，其中实习期至2022年6月30日止”。实习期满后，科技公司未与张某重签或续签书面劳动合同。张某提起劳动仲裁，要求支付未签劳动合同造成的二倍工资差额。最终，法院判决支持了张某的诉讼请求。
办案法官张栓表示，实践中，一些用人单位在劳动者实习期（试用期）届满后，不与劳动者签订正式劳动合同，以“继续工作就行”“合同自动延续”等口头说法维持用工关系。这种“只有实习期，没有合同期”的约定，在法律上视为期限约定不完整。法官提示，用人单位应当在劳动合同中明确约定试用期的起止时间、劳动合同的整体期限；实习期满后企业应续签合同，否则将面临承担未签劳动合同二倍工资差额的惩罚性赔偿责任。","### 北京房山区法院发布典型案例提醒劳动者

# 警惕“隐蔽用工”  维护合法权益

> 本报记者  王  洲《人民日报》（2026年08月13日第 11 版）

就业是民生之本。然而，一些用人单位为降低用工成本、规避法定责任，通过“隐蔽用工”手段，让不少劳动者权益受损。近期，北京市房山区人民法院发布了一批“隐蔽用工”类劳动争议典型案例。

“隐蔽用工”类劳动争议，指用人单位为规避法定用工义务，通过虚构合作、外包、承揽、注册个体户等其他法律关系，掩盖与劳动者之间真实雇佣事实，双方就法律关系定性、劳动待遇给付、用工责任承担产生分歧而引发的劳动争议案件。

在一起“合同替代型”案件中，原告于某与A公司签订《项目转包协议》，约定于某“承揽”公司的配送业务。其后，双方发生劳动争议。法院审理认为，所谓“承揽协议”背后是实打实的劳动关系：双方均符合法定的劳动关系主体资格，原告负责的配送业务属于A公司的业务组成，且接受A公司的排班管理，虽然在协议上被包装为“个体工商户”，但履行配送任务、接受公司管理的劳动本质没有变，应认定为劳动关系。

房山法院燕山人民法庭庭长王保新提示，用人单位不能以签订“合作协议”“承揽协议”规避劳动合同法项下的法定义务，对符合劳动关系特征的岗位，应依法签订劳动合同、缴纳社会保险。

“隐蔽用工”的另一大套路，是滥用“实习期”“试岗”等名义，长期为劳动者安排正式工作却故意不签劳动合同。在一起典型案件中，张某应聘某科技公司运营岗位，入职时双方签订了一份《劳动合同书》，约定“合同于2022年3月14日生效，其中实习期至2022年6月30日止”。实习期满后，科技公司未与张某重签或续签书面劳动合同。张某提起劳动仲裁，要求支付未签劳动合同造成的二倍工资差额。最终，法院判决支持了张某的诉讼请求。

办案法官张栓表示，实践中，一些用人单位在劳动者实习期（试用期）届满后，不与劳动者签订正式劳动合同，以“继续工作就行”“合同自动延续”等口头说法维持用工关系。这种“只有实习期，没有合同期”的约定，在法律上视为期限约定不完整。法官提示，用人单位应当在劳动合同中明确约定试用期的起止时间、劳动合同的整体期限；实习期满后企业应续签合同，否则将面临承担未签劳动合同二倍工资差额的惩罚性赔偿责任。",王  洲,政治,,https://paper.people.com.cn/rmrb/pc/content/202608/13/content_30174682.html,2026-08-13,"['用工', '劳动合同', '劳动', '实习期', '用人单位', '承揽', '隐蔽', '劳动者', '约定', '关系']","就业是民生之本。然而，一些用人单位为降低用工成本、规避法定责任，通过“隐蔽用工”手段，让不少劳动者权益受损。近期，北京市房山区人民法院发布了一批“隐蔽用工”类劳动争议典型案例。
“隐蔽用工”类劳动争议，指用人单位为规避法定用工义务，通过虚构合作、外包、承揽、注册个体户等其他法律关系，掩盖与劳动者之间真实雇佣事实，双方就法律关系定性、劳动待遇给付、用工责任承担产生分歧而引发的劳动争议案件。
在一起“合同替代型”案件中，原告于某与A公司签订《项目转包协议》，约定于某“承揽”公司的配送业务。其后，双方发生劳动争议。法院审理认为，所谓“承揽协议”背后是实打实的劳动关系：双方均符合法定的劳动关系主体资格，原告负责的配送业务属于A公司的业务组成，且接受A公司的排班管理，虽然在协议上被包装为“个体工商户”，但履行配送任务、接受公司管理的劳动本质没有变，应认定为劳动关系。",经济,,,[],data/vault/2026/08/2026-08-13/11-政治/警惕“隐蔽用工” 维护合法权益.md,11,政治
江苏泰州：以人才“关键变量”撬动发展“最大增量”,"2026年，地级泰州市迎来组建30周年。8月12日，2026“泰有引力”人才高质量发展大会举行，这座江苏省中部名城以城市之名致敬人才，更以“投资于人”的战略定力，锚定江苏高质量发展中部支点城市的定位，奋力书写“产、水、文、人”四篇文章。
建市之初，泰州地区生产总值仅305亿元；至2025年，已跃升至7255.27亿元，连跨7个千亿级台阶。数据的背后，是泰州人才链与产业链、创新链、资金链的深度耦合。为挺起江苏高质量发展中部支点城市“脊梁”，泰州聚焦产业发展，激活人才引擎。
产业聚才：让专业与产业同频共振
制造业是泰州的支柱产业，“大海新晨”现代化产业体系是泰州制造业未来发展方向。紧扣这一布局，泰州推动高校专业与地方产业“齿轮咬合”。
在泰兴市，南京工业大学泰兴产业学院不仅是技术研发的“实验室”，也是生产一线的“会诊室”。2024年，泰兴与南京工业大学共建产业学院，常态化组织院士专家团队为企业“巡诊把脉”。在润泰化学股份有限公司，院士专家团队深入生产车间，梳理工艺流程痛点，让科研成果从“纸面”走向“地面”。这种“企业出题、教授领题、市场判题”的闭环，催生了园区化工产业领域技改项目40个，总投资达20亿元，揭榜领题项目14个，企业总投入达1800万元。
泰州于2022年创设“泰州日”活动，聚焦13条产业专线，市委主要领导带队奔赴全国高校招才揽智。近年来，“泰州日”已走进141所高校，与上海交通大学等一批高校院所签约产学研合作项目841个，推动北大医学部（泰州）医药健康产业创新中心、复旦大学泰州健康科学研究院等58个科创载体落地生根。
项目引才：打通从实验室到生产线的“最后一公里”
引才看机遇，留才看生态。泰州以项目为牵引，建立江苏省产业技术研究院首家设区市分院——泰州市产业技术研究院，设立10.5亿元“拨投结合”资金池，用真金白银支持人才勇闯科研“无人区”。
在华芯半导体科技有限公司的无尘车间，工作人员正调试MOCVD（金属有机化学气相沉积设备）。2019年，企业项目团队向高端VCSEL（垂直腔面发射激光器）芯片发起冲击，在研发攻坚期遇外部断供风险。关键时刻，泰州市产业技术研究院400万元人才奖补及时到位，科创服务专班全程跟进。历经数百次实验，团队成功点亮56G PAM4芯片，实现全国产VCSEL芯片大批量生产，月产能达400万颗。
从实验室到生产线，一颗芯片从无到有、从有到优，是泰州项目引才的生动注脚。2025年，泰州举办“泰有引力才赢未来”创新创业大赛，以赛代评，39个人才项目获7280万元资助，逐个项目配备人才服务专员，超过一半的项目当年落地，最快的从参赛到落地仅用时10个工作日。
服务留才：让“过客”成为“城市合伙人”
做优创业生态，实现服务留才。泰州打造“到泰州、泰周到”发展环境，把服务做在需求前面。
针对生物医药企业新药申报的痛点，泰州整合国家级药品（疫苗）监管实训基地与省市区三级资源，组建“四个90%”专业化服务团队（硕士以上学历、一流专业背景、国家或省药监局挂职经历、现场检查经验人员数量均占比90%以上），提供从临床到上市的全链条服务。
资本活水精准滴灌。江苏中慧元通生物科技股份有限公司一款产品研发历时10年，正是3000万元天使投资助其渡过难关。泰州构建“孵化+天使”“债权+股权”等多元金融矩阵，累计培育上市企业22家。
三十而立再出发。泰州高层次人才已达6万人，连续2年每年集聚青年人才超4万人，在2025年95后人才吸引力城市排名中跃居全国第33位。当人才链与产业链的“齿轮组”加速转动，一个更具活力的江苏高质量发展中部支点城市，正在长江之畔坚实崛起。
数据来源：中共泰州市委组织部","# 江苏泰州：以人才“关键变量”撬动发展“最大增量”

> 《人民日报》（2026年08月13日第 12 版）

2026年，地级泰州市迎来组建30周年。8月12日，2026“泰有引力”人才高质量发展大会举行，这座江苏省中部名城以城市之名致敬人才，更以“投资于人”的战略定力，锚定江苏高质量发展中部支点城市的定位，奋力书写“产、水、文、人”四篇文章。

建市之初，泰州地区生产总值仅305亿元；至2025年，已跃升至7255.27亿元，连跨7个千亿级台阶。数据的背后，是泰州人才链与产业链、创新链、资金链的深度耦合。为挺起江苏高质量发展中部支点城市“脊梁”，泰州聚焦产业发展，激活人才引擎。

产业聚才：让专业与产业同频共振

制造业是泰州的支柱产业，“大海新晨”现代化产业体系是泰州制造业未来发展方向。紧扣这一布局，泰州推动高校专业与地方产业“齿轮咬合”。

在泰兴市，南京工业大学泰兴产业学院不仅是技术研发的“实验室”，也是生产一线的“会诊室”。2024年，泰兴与南京工业大学共建产业学院，常态化组织院士专家团队为企业“巡诊把脉”。在润泰化学股份有限公司，院士专家团队深入生产车间，梳理工艺流程痛点，让科研成果从“纸面”走向“地面”。这种“企业出题、教授领题、市场判题”的闭环，催生了园区化工产业领域技改项目40个，总投资达20亿元，揭榜领题项目14个，企业总投入达1800万元。

泰州于2022年创设“泰州日”活动，聚焦13条产业专线，市委主要领导带队奔赴全国高校招才揽智。近年来，“泰州日”已走进141所高校，与上海交通大学等一批高校院所签约产学研合作项目841个，推动北大医学部（泰州）医药健康产业创新中心、复旦大学泰州健康科学研究院等58个科创载体落地生根。

项目引才：打通从实验室到生产线的“最后一公里”

引才看机遇，留才看生态。泰州以项目为牵引，建立江苏省产业技术研究院首家设区市分院——泰州市产业技术研究院，设立10.5亿元“拨投结合”资金池，用真金白银支持人才勇闯科研“无人区”。

在华芯半导体科技有限公司的无尘车间，工作人员正调试MOCVD（金属有机化学气相沉积设备）。2019年，企业项目团队向高端VCSEL（垂直腔面发射激光器）芯片发起冲击，在研发攻坚期遇外部断供风险。关键时刻，泰州市产业技术研究院400万元人才奖补及时到位，科创服务专班全程跟进。历经数百次实验，团队成功点亮56G PAM4芯片，实现全国产VCSEL芯片大批量生产，月产能达400万颗。

从实验室到生产线，一颗芯片从无到有、从有到优，是泰州项目引才的生动注脚。2025年，泰州举办“泰有引力才赢未来”创新创业大赛，以赛代评，39个人才项目获7280万元资助，逐个项目配备人才服务专员，超过一半的项目当年落地，最快的从参赛到落地仅用时10个工作日。

服务留才：让“过客”成为“城市合伙人”

做优创业生态，实现服务留才。泰州打造“到泰州、泰周到”发展环境，把服务做在需求前面。

针对生物医药企业新药申报的痛点，泰州整合国家级药品（疫苗）监管实训基地与省市区三级资源，组建“四个90%”专业化服务团队（硕士以上学历、一流专业背景、国家或省药监局挂职经历、现场检查经验人员数量均占比90%以上），提供从临床到上市的全链条服务。

资本活水精准滴灌。江苏中慧元通生物科技股份有限公司一款产品研发历时10年，正是3000万元天使投资助其渡过难关。泰州构建“孵化+天使”“债权+股权”等多元金融矩阵，累计培育上市企业22家。

三十而立再出发。泰州高层次人才已达6万人，连续2年每年集聚青年人才超4万人，在2025年95后人才吸引力城市排名中跃居全国第33位。当人才链与产业链的“齿轮组”加速转动，一个更具活力的江苏高质量发展中部支点城市，正在长江之畔坚实崛起。

数据来源：中共泰州市委组织部",,文化,,https://paper.people.com.cn/rmrb/pc/content/202608/13/content_30174690.html,2026-08-13,"['泰州', '人才', '产业', '项目', '服务', '芯片', '高质量', '2025', '引才', '留才']","2026年，地级泰州市迎来组建30周年。8月12日，2026“泰有引力”人才高质量发展大会举行，这座江苏省中部名城以城市之名致敬人才，更以“投资于人”的战略定力，锚定江苏高质量发展中部支点城市的定位，奋力书写“产、水、文、人”四篇文章。
建市之初，泰州地区生产总值仅305亿元；至2025年，已跃升至7255.27亿元，连跨7个千亿级台阶。数据的背后，是泰州人才链与产业链、创新链、资金链的深度耦合。为挺起江苏高质量发展中部支点城市“脊梁”，泰州聚焦产业发展，激活人才引擎。
产业聚才：让专业与产业同频共振",政治,,,[],data/vault/2026/08/2026-08-13/12-文化/江苏泰州：以人才“关键变量”撬动发展“最大增量”.md,12,文化
老手艺打开销路  乡亲们拓宽增收路（我的家乡我建设）,"灶膛里，柴火噼啪作响，黝黑锃亮的大铁锅中，雪白的豆浆咕噜咕噜地翻滚着。山坳间，浓郁的豆香弥漫开来。
贵州省贵阳市乌当区偏坡布依族乡下院村，每当这缕香气飘起，附近村民就知道：老陈家的灰豆腐快出锅了。
山脚下，一座砖瓦老屋内，一名年轻姑娘正指挥工人们有条不紊地完成每一道工序。她叫陈星星，3年前，硕士毕业的她选择回到家乡，接过布依族灰豆腐制作技艺的接力棒，带动乡亲们共同致富。
一部手机，帮她把豆腐卖出了村
对陈星星而言，豆腐不仅是食品，更是她的童年记忆。打从记事起，家里的豆腐坊就没闲过，隆隆石磨声是她成长的背景音。
不同于常见的白豆腐，灰豆腐呈深灰色，入口后，回甘中透着淡淡草木清香。陈星星解释：“除了用本地特制酸汤点卤，还得用草木灰浸染，才能形成这特殊的颜色和香气。”
可陈星星的父母空有几十年的好手艺，平时散卖邻里、赶集摆摊，通常一天忙下来只能销出三五十斤。“不是不好吃，主要是外面知道的人不多。”陈星星说。
陈星星在贵州财经大学读研期间，为了参加校内创新创业大赛，专门在贵阳市范围内调研灰豆腐产销现状。她发现，小作坊式生产、无品牌标识、缺稳定渠道，是阻碍灰豆腐销售的三道坎。“如果接手家里的作坊，我能破这个局吗？”项目书交上去那天，陈星星心中闪出一个念头。
灰豆腐制作技艺属于豆制品制作技艺的一种。2023年，豆制品制作技艺入选贵阳市非物质文化遗产名录。恰逢毕业，陈星星收拾行囊，回到下院村。“我想当产业带头人，让更多人尝到灰豆腐的独特味道，更重要的是，把它做成一项能让村民增收的产业。”
消息传开，村里议论纷纷：“研究生回来做豆腐，难不成能做出花来？”父母更是反对：“好不容易供你读出来，怎么又走我们的老路？”
看女儿态度坚决，父亲陈明权最终把作坊钥匙交到了她手上；母亲王秀芬则站在灶台边，手把手教她点卤、裹灰、看火候。“火候差一分，豆香就少一分；灰量差一撮，颜色就不匀。”王秀芬说。
老作坊年头太久，急需翻新。手头的资金很紧张，除了泥水活请师傅，其余全靠陈星星自己干。烈日下，搬砖、刷墙、铺地，她的脖颈晒脱了皮。几个月后，融合布依族特色与现代功能的豆腐工坊焕然一新。
注册商标、考取豆制品工艺师证、在城区开设线下门店，陈星星正式“上岗”。第一批灰豆腐出锅那天，她架起手机，把制作流程、烹饪方法和叫卖场景都拍了下来，制作成短视频发布在网上。“我不确定会不会有人看，但认准的事，就得把它干成。”陈星星说。除了展示工艺流程，她还在视频里讲解灰豆腐的历史文化、灰豆腐菜品的烹饪方法。视频一条条发出去，流量悄然聚集。线上订单来了，城里餐厅主动联系陈星星订货，商超开始洽谈合作。销量从每天几十斤，上升到上百斤，再到单日稳定供应四五百斤。“靠着一部手机，真的把豆腐卖出了村。”陈星星说。
流量转换为销量，带动村民增收
生意有了起色，陈星星没急着扩产，而是频频外出学习。
去省内的豆制品厂学品控管理，到浙江丽水探访助农工坊，参加全国展会了解行业趋势……差距看得越清，方向就越明。之前，灰豆腐生产没有形成标准化生产工艺，不同批次的豆腐口感存在差异，陈星星先从最关键的“味道稳定性”入手。
“做灰豆腐是手艺活，原料品质、发酵时长等，都会影响口感。品质不稳，就谈不上品牌。”陈星星说。经过数十次比对，她锁定两个关键变量：酸汤与草木灰。
她和父母一起试验不同发酵配方，发现用应季蔬菜酿制的酸汤风味最醇厚；又采集山中各种草木烧灰，反复浸染测试，确认稻草灰所含碱性成分最宜提香、定色。
品质稳住了，设备升级也提上日程。2024年，陈星星获得贵阳市科技局创业扶持资金10万元，2025年又获得乌当区总工会非遗技艺传承扶助资金10万元。有了资金支持，陈星星引入自动磨浆机等设备，“但点卤、压榨、浸灰这些重要环节，必须手工完成。”她说，“机器能提效率，却也不能完全依赖机器，啥时候该点卤，压榨力度该使多大，每块豆腐裹多少草木灰等等，这些全凭老手艺人的经验。”
每逢旺季，她就在村里招募乡亲帮忙。“大家干的是拿手的活，一天能挣一两百元，踏实也开心。”陈星星介绍，工坊全年用工量达1000人次，全年劳务支出超10万元。
“短视频+灰豆腐销售”的模式逐渐成形，相关视频全网播放总量突破千万次。为让流量真正转化成销量，陈星星同步开发产品线：灰豆腐切块装盒，搭配布依族文化元素包装设计，变身精致伴手礼；联合贵阳学院食品专家团队，通过区科技局、区科协引荐的科技帮扶，制作系列特色农产品，推出盐渍灰豆腐、手撕风干豆腐等新品。
如今，这份来自大山深处的滋味，正凭借线上线下双渠道，被端上越来越多家庭的餐桌。
今年1月，陈星星被乌当区认定为豆制品制作技艺区级非物质文化遗产代表性传承人。“这不仅是荣誉，更是责任。”她说，“传承不是守旧，是让老手艺在当下走出去。”
大家拧成一股绳，共同发展乡村旅游
石磨缓缓转动，豆浆顺着磨盘边缘汩汩淌下，节假日的豆腐工坊里，忙碌的不是工人，而是挽着袖子的孩子与家长。他们推磨、滤浆、点卤，在热气腾腾中感受非遗魅力。
今年，陈星星再次升级工坊，设置非遗体验空间。活动一经推出，场场爆满，单次报名超百人。
“今年过年前的一场‘村宴’，让我看到了更多可能。”陈星星介绍，今年春节前夕，下院村举办迎新春民俗活动，打糍粑、唱山歌，吸引了2000多名游客。村民自制的灰豆腐、腊肉香肠、米酒被抢购一空。
“非遗也是可触摸、可品尝、可参与的生活本身。”陈星星说。全程参与“村宴”的组织策划，陈星星萌生了新思路：把豆腐坊变成乡村文旅的一个支点。
她设计系列农事体验课：捡土鸡蛋、制作植物标本……村里10多名村民成为“体验导师”，带着游客下田、上山、进灶房，笑声在山谷间回荡。“发展乡村旅游不是一家一户的事，得大家拧成一股绳。”陈星星说，“只有乡土资源活起来，乡亲们的钱包才能鼓起来。”
游客玩得尽兴，自家接待能力有限，陈星星便推荐周边农家乐。“周边农家乐火了，灰豆腐销量也跟着涨。”她说。
人气旺了，产业也活了。去年秋收季，她通过直播帮全村销售黄桃，短时间内售出数十万斤，帮助村里的果农增收超100万元。
做豆腐、带团队、拍视频、对接订单……如今，陈星星仍每天忙得脚不沾地。疲惫时，她会翻看网友留言：“支持你”“时代需要投身乡村事业的年轻人”……暖意涌上心头，为她驱散倦意。","### 贵阳青年陈星星毕业后回村传承灰豆腐制作技艺

# 老手艺打开销路  乡亲们拓宽增收路（我的家乡我建设）

> 本报记者  程  焕《人民日报》（2026年08月13日第 13 版）

灶膛里，柴火噼啪作响，黝黑锃亮的大铁锅中，雪白的豆浆咕噜咕噜地翻滚着。山坳间，浓郁的豆香弥漫开来。

贵州省贵阳市乌当区偏坡布依族乡下院村，每当这缕香气飘起，附近村民就知道：老陈家的灰豆腐快出锅了。

山脚下，一座砖瓦老屋内，一名年轻姑娘正指挥工人们有条不紊地完成每一道工序。她叫陈星星，3年前，硕士毕业的她选择回到家乡，接过布依族灰豆腐制作技艺的接力棒，带动乡亲们共同致富。

一部手机，帮她把豆腐卖出了村

对陈星星而言，豆腐不仅是食品，更是她的童年记忆。打从记事起，家里的豆腐坊就没闲过，隆隆石磨声是她成长的背景音。

不同于常见的白豆腐，灰豆腐呈深灰色，入口后，回甘中透着淡淡草木清香。陈星星解释：“除了用本地特制酸汤点卤，还得用草木灰浸染，才能形成这特殊的颜色和香气。”

可陈星星的父母空有几十年的好手艺，平时散卖邻里、赶集摆摊，通常一天忙下来只能销出三五十斤。“不是不好吃，主要是外面知道的人不多。”陈星星说。

陈星星在贵州财经大学读研期间，为了参加校内创新创业大赛，专门在贵阳市范围内调研灰豆腐产销现状。她发现，小作坊式生产、无品牌标识、缺稳定渠道，是阻碍灰豆腐销售的三道坎。“如果接手家里的作坊，我能破这个局吗？”项目书交上去那天，陈星星心中闪出一个念头。

灰豆腐制作技艺属于豆制品制作技艺的一种。2023年，豆制品制作技艺入选贵阳市非物质文化遗产名录。恰逢毕业，陈星星收拾行囊，回到下院村。“我想当产业带头人，让更多人尝到灰豆腐的独特味道，更重要的是，把它做成一项能让村民增收的产业。”

消息传开，村里议论纷纷：“研究生回来做豆腐，难不成能做出花来？”父母更是反对：“好不容易供你读出来，怎么又走我们的老路？”

看女儿态度坚决，父亲陈明权最终把作坊钥匙交到了她手上；母亲王秀芬则站在灶台边，手把手教她点卤、裹灰、看火候。“火候差一分，豆香就少一分；灰量差一撮，颜色就不匀。”王秀芬说。

老作坊年头太久，急需翻新。手头的资金很紧张，除了泥水活请师傅，其余全靠陈星星自己干。烈日下，搬砖、刷墙、铺地，她的脖颈晒脱了皮。几个月后，融合布依族特色与现代功能的豆腐工坊焕然一新。

注册商标、考取豆制品工艺师证、在城区开设线下门店，陈星星正式“上岗”。第一批灰豆腐出锅那天，她架起手机，把制作流程、烹饪方法和叫卖场景都拍了下来，制作成短视频发布在网上。“我不确定会不会有人看，但认准的事，就得把它干成。”陈星星说。除了展示工艺流程，她还在视频里讲解灰豆腐的历史文化、灰豆腐菜品的烹饪方法。视频一条条发出去，流量悄然聚集。线上订单来了，城里餐厅主动联系陈星星订货，商超开始洽谈合作。销量从每天几十斤，上升到上百斤，再到单日稳定供应四五百斤。“靠着一部手机，真的把豆腐卖出了村。”陈星星说。

流量转换为销量，带动村民增收

生意有了起色，陈星星没急着扩产，而是频频外出学习。

去省内的豆制品厂学品控管理，到浙江丽水探访助农工坊，参加全国展会了解行业趋势……差距看得越清，方向就越明。之前，灰豆腐生产没有形成标准化生产工艺，不同批次的豆腐口感存在差异，陈星星先从最关键的“味道稳定性”入手。

“做灰豆腐是手艺活，原料品质、发酵时长等，都会影响口感。品质不稳，就谈不上品牌。”陈星星说。经过数十次比对，她锁定两个关键变量：酸汤与草木灰。

她和父母一起试验不同发酵配方，发现用应季蔬菜酿制的酸汤风味最醇厚；又采集山中各种草木烧灰，反复浸染测试，确认稻草灰所含碱性成分最宜提香、定色。

品质稳住了，设备升级也提上日程。2024年，陈星星获得贵阳市科技局创业扶持资金10万元，2025年又获得乌当区总工会非遗技艺传承扶助资金10万元。有了资金支持，陈星星引入自动磨浆机等设备，“但点卤、压榨、浸灰这些重要环节，必须手工完成。”她说，“机器能提效率，却也不能完全依赖机器，啥时候该点卤，压榨力度该使多大，每块豆腐裹多少草木灰等等，这些全凭老手艺人的经验。”

每逢旺季，她就在村里招募乡亲帮忙。“大家干的是拿手的活，一天能挣一两百元，踏实也开心。”陈星星介绍，工坊全年用工量达1000人次，全年劳务支出超10万元。

“短视频+灰豆腐销售”的模式逐渐成形，相关视频全网播放总量突破千万次。为让流量真正转化成销量，陈星星同步开发产品线：灰豆腐切块装盒，搭配布依族文化元素包装设计，变身精致伴手礼；联合贵阳学院食品专家团队，通过区科技局、区科协引荐的科技帮扶，制作系列特色农产品，推出盐渍灰豆腐、手撕风干豆腐等新品。

如今，这份来自大山深处的滋味，正凭借线上线下双渠道，被端上越来越多家庭的餐桌。

今年1月，陈星星被乌当区认定为豆制品制作技艺区级非物质文化遗产代表性传承人。“这不仅是荣誉，更是责任。”她说，“传承不是守旧，是让老手艺在当下走出去。”

大家拧成一股绳，共同发展乡村旅游

石磨缓缓转动，豆浆顺着磨盘边缘汩汩淌下，节假日的豆腐工坊里，忙碌的不是工人，而是挽着袖子的孩子与家长。他们推磨、滤浆、点卤，在热气腾腾中感受非遗魅力。

今年，陈星星再次升级工坊，设置非遗体验空间。活动一经推出，场场爆满，单次报名超百人。

“今年过年前的一场‘村宴’，让我看到了更多可能。”陈星星介绍，今年春节前夕，下院村举办迎新春民俗活动，打糍粑、唱山歌，吸引了2000多名游客。村民自制的灰豆腐、腊肉香肠、米酒被抢购一空。

“非遗也是可触摸、可品尝、可参与的生活本身。”陈星星说。全程参与“村宴”的组织策划，陈星星萌生了新思路：把豆腐坊变成乡村文旅的一个支点。

她设计系列农事体验课：捡土鸡蛋、制作植物标本……村里10多名村民成为“体验导师”，带着游客下田、上山、进灶房，笑声在山谷间回荡。“发展乡村旅游不是一家一户的事，得大家拧成一股绳。”陈星星说，“只有乡土资源活起来，乡亲们的钱包才能鼓起来。”

游客玩得尽兴，自家接待能力有限，陈星星便推荐周边农家乐。“周边农家乐火了，灰豆腐销量也跟着涨。”她说。

人气旺了，产业也活了。去年秋收季，她通过直播帮全村销售黄桃，短时间内售出数十万斤，帮助村里的果农增收超100万元。

做豆腐、带团队、拍视频、对接订单……如今，陈星星仍每天忙得脚不沾地。疲惫时，她会翻看网友留言：“支持你”“时代需要投身乡村事业的年轻人”……暖意涌上心头，为她驱散倦意。",程  焕,社会,,https://paper.people.com.cn/rmrb/pc/content/202608/13/content_30174692.html,2026-08-13,"['陈星星', '豆腐', '制作', '技艺', '视频', '工坊', '10', '非遗', '布依族', '贵阳市']","灶膛里，柴火噼啪作响，黝黑锃亮的大铁锅中，雪白的豆浆咕噜咕噜地翻滚着。山坳间，浓郁的豆香弥漫开来。
贵州省贵阳市乌当区偏坡布依族乡下院村，每当这缕香气飘起，附近村民就知道：老陈家的灰豆腐快出锅了。
山脚下，一座砖瓦老屋内，一名年轻姑娘正指挥工人们有条不紊地完成每一道工序。她叫陈星星，3年前，硕士毕业的她选择回到家乡，接过布依族灰豆腐制作技艺的接力棒，带动乡亲们共同致富。",国际,,,[],data/vault/2026/08/2026-08-13/13-社会/老手艺打开销路 乡亲们拓宽增收路（我的家乡我建设）.md,13,社会
“找到对口岗位，离不开学校托举”（稳就业·暖心故事）,"“找到对口岗位，离不开学校托举。”在一家贸易公司，入职不久的小崔（化名）开始了一天的工作。
小崔今年毕业于聊城大学物流管理专业。他来自一个困难家庭，从大一开始，就被学校纳入困难毕业生帮扶台账。大一，在职业生涯发展与规划必修课上，老师指导他写下职业展望；大二，通过专业帮扶、学科竞赛、职业体验等，提升他的职业认知与综合素养；大三，依托就业指导系列课程，在求职技能训练中提升他的简历制作水平、面试技巧等求职能力；大四，为他量身推荐就业岗位……4年里，学校跟踪培育，就业指导教师全程指导，累计对小崔进行5次生涯咨询、8次简历打磨、5轮模拟面试、4次行业适配指导。
同时，学校资助中心“润育梦想计划”还提供就业季求职补贴；心理中心定期开展压力疏导；班级就业委员第一时间传递招聘动态信息。最终，针对小崔的专业与求职需求，学校定向推荐了5个适配岗位，小崔成功找到专业对口、颇具发展潜力的物流运营与供应链管理岗位工作。“通过与学校前期沟通、查看简历和面试，我们发现小崔的专业功底扎实、责任心强，是我们急需的实干型人才。”企业招聘人员表示。
小崔的顺利就业，是聊城大学全程化、精准化、暖心化就业育人工作的缩影。近年来，学校打造全员覆盖、全程跟踪、全方位保障的困难学生一体化就业育人体系，构建“摸排—辅导—推荐—跟踪”就业服务闭环。
坚持早发现、早介入、早帮扶。学校从学生大一入学开始就启动摸排核查，通过班级申报、学院审核、学校复核三级联动，将家庭经济困难、残疾等重点学生群体全部纳入专项帮扶台账，建立动态管理档案。
举办面向全体学生的系列综合招聘会、行业招聘会的同时，聊城大学围绕困难学生就业，主动对接省内重点企业、产业园区、基层单位，深挖专业对口、发展潜力大的岗位资源，坚持人岗精准匹配、生源就业地精准对接，为每一名困难毕业生定向推荐3至5个适配岗位，优先推荐服务地方的优质岗位。
“职业选择不能只看眼前待遇，更要把个人成长融入国家发展大局。”如今，顺利入职的小崔对未来充满期待。他下决心在物流一线深耕业务，把大学所学知识转化为工作实绩。
“学校着力构建摸排有依据、辅导有针对性、推荐有精准度、跟踪有持续性的完整就业服务闭环，不让困难学生在就业路上掉队。”聊城大学副校长苏明海说。","### 聊城大学打造一体化就业育人体系

# “找到对口岗位，离不开学校托举”（稳就业·暖心故事）

> 本报记者  闫伊乔《人民日报》（2026年08月13日第 13 版）

“找到对口岗位，离不开学校托举。”在一家贸易公司，入职不久的小崔（化名）开始了一天的工作。

小崔今年毕业于聊城大学物流管理专业。他来自一个困难家庭，从大一开始，就被学校纳入困难毕业生帮扶台账。大一，在职业生涯发展与规划必修课上，老师指导他写下职业展望；大二，通过专业帮扶、学科竞赛、职业体验等，提升他的职业认知与综合素养；大三，依托就业指导系列课程，在求职技能训练中提升他的简历制作水平、面试技巧等求职能力；大四，为他量身推荐就业岗位……4年里，学校跟踪培育，就业指导教师全程指导，累计对小崔进行5次生涯咨询、8次简历打磨、5轮模拟面试、4次行业适配指导。

同时，学校资助中心“润育梦想计划”还提供就业季求职补贴；心理中心定期开展压力疏导；班级就业委员第一时间传递招聘动态信息。最终，针对小崔的专业与求职需求，学校定向推荐了5个适配岗位，小崔成功找到专业对口、颇具发展潜力的物流运营与供应链管理岗位工作。“通过与学校前期沟通、查看简历和面试，我们发现小崔的专业功底扎实、责任心强，是我们急需的实干型人才。”企业招聘人员表示。

小崔的顺利就业，是聊城大学全程化、精准化、暖心化就业育人工作的缩影。近年来，学校打造全员覆盖、全程跟踪、全方位保障的困难学生一体化就业育人体系，构建“摸排—辅导—推荐—跟踪”就业服务闭环。

坚持早发现、早介入、早帮扶。学校从学生大一入学开始就启动摸排核查，通过班级申报、学院审核、学校复核三级联动，将家庭经济困难、残疾等重点学生群体全部纳入专项帮扶台账，建立动态管理档案。

举办面向全体学生的系列综合招聘会、行业招聘会的同时，聊城大学围绕困难学生就业，主动对接省内重点企业、产业园区、基层单位，深挖专业对口、发展潜力大的岗位资源，坚持人岗精准匹配、生源就业地精准对接，为每一名困难毕业生定向推荐3至5个适配岗位，优先推荐服务地方的优质岗位。

“职业选择不能只看眼前待遇，更要把个人成长融入国家发展大局。”如今，顺利入职的小崔对未来充满期待。他下决心在物流一线深耕业务，把大学所学知识转化为工作实绩。

“学校着力构建摸排有依据、辅导有针对性、推荐有精准度、跟踪有持续性的完整就业服务闭环，不让困难学生在就业路上掉队。”聊城大学副校长苏明海说。",闫伊乔,社会,,https://paper.people.com.cn/rmrb/pc/content/202608/13/content_30174693.html,2026-08-13,"['就业', '岗位', '学校', '困难', '求职', '聊城', '帮扶', '适配', '摸排', '推荐']","“找到对口岗位，离不开学校托举。”在一家贸易公司，入职不久的小崔（化名）开始了一天的工作。
小崔今年毕业于聊城大学物流管理专业。他来自一个困难家庭，从大一开始，就被学校纳入困难毕业生帮扶台账。大一，在职业生涯发展与规划必修课上，老师指导他写下职业展望；大二，通过专业帮扶、学科竞赛、职业体验等，提升他的职业认知与综合素养；大三，依托就业指导系列课程，在求职技能训练中提升他的简历制作水平、面试技巧等求职能力；大四，为他量身推荐就业岗位……4年里，学校跟踪培育，就业指导教师全程指导，累计对小崔进行5次生涯咨询、8次简历打磨、5轮模拟面试、4次行业适配指导。
同时，学校资助中心“润育梦想计划”还提供就业季求职补贴；心理中心定期开展压力疏导；班级就业委员第一时间传递招聘动态信息。最终，针对小崔的专业与求职需求，学校定向推荐了5个适配岗位，小崔成功找到专业对口、颇具发展潜力的物流运营与供应链管理岗位工作。“通过与学校前期沟通、查看简历和面试，我们发现小崔的专业功底扎实、责任心强，是我们急需的实干型人才。”企业招聘人员表示。",政治,,,[],data/vault/2026/08/2026-08-13/13-社会/“找到对口岗位，离不开学校托举”（稳就业·暖心故事）.md,13,社会
浙江推出外卖聚集区管理模式,"本报杭州8月12日电  （记者窦皓）记者从浙江省市场监管局获悉：浙江以数字化改革为牵引，从准入把关、信息公示、智慧监管到社会共治全链条发力，探索推出主体资质自动校验、“电子证照”公示、无堂食外卖聚集区建设、“AI+非现场监管”等多项治理举措，有效治理外卖后厨脏乱差、商家证照造假以及“幽灵外卖”等问题。
针对一些外卖商家用假证照、冒用证件就能上线接单的问题，浙江省与部分外卖平台建立证照核验比对机制，打通政企数据壁垒。商家申请入驻时，平台通过数据接口比对校验证照资质信息；校验不成功的，由平台业务员线下核查。
浙江于2024年起推行“电子证照”公示制度，依托全省统一电子证照库，建立与外卖平台的“电子证照”共享机制，平台在商家资质校验通过后，自动调用市场监管数据库中的“电子证照”并在页面公示，从源头杜绝假证、套证等问题。截至目前，各平台累计拦截异常入驻申请4.2万家次，调用“电子证照”超40万家次，电子证照公示率近95%。
针对无堂食外卖商户散布在街头巷尾，经营隐蔽、监管难度大的问题，浙江创新推出外卖聚集区管理模式，首创“管理方+商户”自治机制。管理方取得“餐饮服务管理”许可资质，对区内商户实施“一档一证”管理。
针对人工巡查覆盖面有限、夜间无法监管的问题，浙江推行“AI+非现场监管”，建立全国首个“明厨AI”垂直大模型，自主研发视频诊断、环境评估、鼠迹识别、操作规范四大算法。系统对接入“阳光厨房”的19万家商户全量开展“静态+动态”自动巡检后厨卫生、人员违规操作等。","### 针对无堂食外卖监管难等问题

# 浙江推出外卖聚集区管理模式

> 《人民日报》（2026年08月13日第 13 版）

本报杭州8月12日电  （记者窦皓）记者从浙江省市场监管局获悉：浙江以数字化改革为牵引，从准入把关、信息公示、智慧监管到社会共治全链条发力，探索推出主体资质自动校验、“电子证照”公示、无堂食外卖聚集区建设、“AI+非现场监管”等多项治理举措，有效治理外卖后厨脏乱差、商家证照造假以及“幽灵外卖”等问题。

针对一些外卖商家用假证照、冒用证件就能上线接单的问题，浙江省与部分外卖平台建立证照核验比对机制，打通政企数据壁垒。商家申请入驻时，平台通过数据接口比对校验证照资质信息；校验不成功的，由平台业务员线下核查。

浙江于2024年起推行“电子证照”公示制度，依托全省统一电子证照库，建立与外卖平台的“电子证照”共享机制，平台在商家资质校验通过后，自动调用市场监管数据库中的“电子证照”并在页面公示，从源头杜绝假证、套证等问题。截至目前，各平台累计拦截异常入驻申请4.2万家次，调用“电子证照”超40万家次，电子证照公示率近95%。

针对无堂食外卖商户散布在街头巷尾，经营隐蔽、监管难度大的问题，浙江创新推出外卖聚集区管理模式，首创“管理方+商户”自治机制。管理方取得“餐饮服务管理”许可资质，对区内商户实施“一档一证”管理。

针对人工巡查覆盖面有限、夜间无法监管的问题，浙江推行“AI+非现场监管”，建立全国首个“明厨AI”垂直大模型，自主研发视频诊断、环境评估、鼠迹识别、操作规范四大算法。系统对接入“阳光厨房”的19万家商户全量开展“静态+动态”自动巡检后厨卫生、人员违规操作等。",,社会,,https://paper.people.com.cn/rmrb/pc/content/202608/13/content_30174694.html,2026-08-13,"['证照', '外卖', '校验', '公示', '电子', '平台', 'AI', '商户', '聚集区', '资质']","本报杭州8月12日电  （记者窦皓）记者从浙江省市场监管局获悉：浙江以数字化改革为牵引，从准入把关、信息公示、智慧监管到社会共治全链条发力，探索推出主体资质自动校验、“电子证照”公示、无堂食外卖聚集区建设、“AI+非现场监管”等多项治理举措，有效治理外卖后厨脏乱差、商家证照造假以及“幽灵外卖”等问题。
针对一些外卖商家用假证照、冒用证件就能上线接单的问题，浙江省与部分外卖平台建立证照核验比对机制，打通政企数据壁垒。商家申请入驻时，平台通过数据接口比对校验证照资质信息；校验不成功的，由平台业务员线下核查。
浙江于2024年起推行“电子证照”公示制度，依托全省统一电子证照库，建立与外卖平台的“电子证照”共享机制，平台在商家资质校验通过后，自动调用市场监管数据库中的“电子证照”并在页面公示，从源头杜绝假证、套证等问题。截至目前，各平台累计拦截异常入驻申请4.2万家次，调用“电子证照”超40万家次，电子证照公示率近95%。",经济,,,[],data/vault/2026/08/2026-08-13/13-社会/浙江推出外卖聚集区管理模式.md,13,社会
加盟连锁，合规才是长久之计（法治头条）,"加盟连锁，是不少创业、投资者的选择。实践中，加盟连锁常见于餐饮、零售、酒店、教育培训、快递物流、美容美发等民生领域，在激发市场活力、促进消费升级方面发挥了积极作用。
从法律角度看，“加盟连锁”就是商业特许经营，是指拥有注册商标、企业标志、专利、专有技术等经营资源的企业（以下称“特许人”），以合同形式将其拥有的经营资源许可其他经营者（以下称“被特许人”）使用，被特许人在统一的经营模式下开展经营并支付费用的经营活动。
作为现代商业组织方式的重要创新，商业特许经营已成为推动服务业发展和促进创业就业的重要力量。
“与此同时，部分特许人夸大宣传、盲目扩张，被特许人忽视风险、跟风投资等问题一定程度存在，矛盾纠纷日益增多。”最高人民法院8月12日发布相关典型案例，提醒创业、投资者不要跟风、做好甄别，引导和规范经营主体诚信合规经营，促进特许经营健康有序发展。
遏制“空壳加盟”乱象
特许人须有经市场验证的成熟经营模式
商业特许经营通过品牌共享、统一管理和规模化运营，降低市场交易成本，提高企业扩张效率。
一家主要从事武术、散打培训的某俱乐部想扩大经营，便进行了招商。
经人介绍，汤某与某俱乐部达成合作意向，约定某俱乐部授权汤某开设品牌加盟店，加盟费3万元，品牌使用费每年5000元。
一段时间后，汤某想解除协议，但协商未果，便起诉到法院。
“某俱乐部属于个体工商户，不具备相应资质条件！”汤某主张，根据《商业特许经营管理条例》，企业以外的其他单位和个人不得作为特许人从事特许经营活动。
那么，个体工商户是否具有企业资质呢？
民法典规定，自然人从事工商业经营，经依法登记，为个体工商户。山东省济宁市中级人民法院审理认为，涉案协议违反法律、行政法规关于特许经营主体须为企业的强制性规定，应为无效。
同时，结合双方过错程度、合同履行情况，考虑某俱乐部已实际向汤某提供装修方案并选派教练指导招生、教学管理等事宜，法院酌情判令某俱乐部向汤某返还加盟费1.5万元。
特许经营必须合法、规范。“当前，大量个人注册商标、品牌质量参差不齐，这一规定有利于避免特许人资质缺陷导致被特许人和消费者权益受损，有利于维护市场良好秩序和社会稳定。”中国社会科学院法学研究所研究员管育鹰表示，人民法院依法裁判有助于遏制无资质主体违规开展加盟活动，引导经营主体在缔约时尽到审慎注意义务，防范加盟“陷阱”。
“两店一年”，也是特许人必须满足的法定条件。
某公司就因不具备特许经营条件开展特许经营活动，遭到了处罚。福建省福州市商务局对其罚款10万元。某公司不服，提起诉讼。
“某公司主张其下属15家门店符合直营店要求，经调查，这些门店都是个体工商户，且特许人并未达到绝对控股，不符合直营店的认定标准。”福州市仓山区人民法院认定，某公司不具备“两店一年”条件，商务主管部门有权责令改正、没收违法所得，处以罚款，判决驳回某公司的诉讼请求。
“‘两店一年’标准，要求特许人拥有经过市场验证的成熟经营模式，并具备为被特许人持续提供经营指导、技术支持和业务培训等服务的能力，防止企业利用特许经营进行欺诈，降低被特许人的投资风险。”中国法学会行政法学研究会副会长、浙江大学光华法学院教授章剑生认为，本案判决依法支持了行政机关的处罚决定，对规范特许经营市场秩序与遏制“空壳加盟”乱象具有重要示范意义。
警惕“套路加盟”陷阱
规范招商信息披露和宣传行为
既有对菜品及店面的展示，还有创业者的陈述，某餐饮公司的招商广告很有吸引力：“一天流水3万多元”“最少能卖七八百份”……
看到招商广告后，张某、王某产生了加盟想法，便与某餐饮公司签订合同。之后，张某、王某支付服务费8.6万余元、代购料款4.4万余元并为开店支出装修费用5.5万元。
按约定，某公司提供培训、开业指导，并配送了价值约为5万元的设备。
一段时间后，张某、王某发现经营状况不如人意。“某餐饮公司在订立合同过程中，存在夸大宣传，具有欺诈的主观故意。”张某、王某提起诉讼，请求撤销合同，退还加盟费用并赔偿经济损失。
“被特许人在信息获取、风险判断等方面处于明显弱势地位。一旦特许人违反诚实信用原则，在推广宣传活动中虚假宣传现有被特许人经营收益等关键商业信息，势必误导其他潜在的被特许人，导致其对加盟经营的预期作出错误判断，从而违背其真实意思与特许人签订合同。”四川省高级人民法院承办法官张天天介绍。
法院认为，某餐饮公司对其广告宣传中所称的经营收益并未提交相关证据证明，可以认定某餐饮公司故意发布虚假信息，诱使被特许人与其订立合同，其行为构成欺诈，合同依法应予以撤销。
在责任分担方面，承办法官介绍，对于合同的撤销，有某餐饮公司虚假陈述的原因，也有张某、王某一方未充分考虑商业风险而草率签订合同的原因，某餐饮公司应承担主要责任，张某、王某应承担次要责任。
最终，法院考虑到某餐饮公司已提供技术服务和设备，库存货物尚有部分剩余价值，判决其返还服务费2万元并赔偿经济损失3.5万元。
特许经营模式的核心在于品牌信誉和经营经验的复制，如果以虚假宣传吸引加盟，不仅损害被特许人的投资利益，也会削弱消费者对整个行业的信任基础。
“人民法院认定特许人通过编造经营数据、夸大加盟收益进行招商宣传构成欺诈，依法撤销合同并合理分配损失，明确了特许经营活动中诚信招商、真实披露信息的基本要求。”中国科学院大学知识产权学院院长马一德表示，该案通过对“套路加盟”等行为予以否定评价，有利于引导特许人将竞争重心回归品牌建设、产品创新和运营服务能力提升，促进市场优胜劣汰。
这也提醒被特许人要提高风险意识，在进行商业决策时注意甄别夸大不实的招商信息，理性投资、谨慎签约。
贯彻信赖保护理念
被特许人依据“冷静期”制度享有单方合同解除权
了解到某餐饮项目后，刘某、雷某与某公司签订品牌拓展合同，约定刘某、雷某在浙江杭州加盟某公司的餐饮项目，期限1年。
合同签订后，刘某、雷某支付管理培训费等3.5万元。某公司向刘某、雷某提供了技术手册，但未提供实际操作培训、技术指导。
签订合同后的第十五天，刘某、雷某后悔了，想着还未开设店铺、未利用某公司的技术秘密等经营资源，两人便向某公司提出退还费用。
然而，某公司却不同意。此后，刘某、雷某诉至法院。
签订合同时间不长，两人能解约吗？根据《商业特许经营管理条例》，“特许人和被特许人应当在特许经营合同中约定，被特许人在特许经营合同订立后一定期限内，可以单方解除合同。”
“类似的冷静期制度设计，赋予被特许人在特许经营合同订立后一定期限内享有单方解除权，目的在于缓冲被特许人的投资冲动。”重庆自由贸易试验区人民法院审理认为，在特许经营合同中，特许人与被特许人的实力、能力不对等，特许人处于缔约优势地位，如果合同未约定被特许人的单方解除权和解约期限，则特许人具有缔约过失，应承担由此产生的不利后果。
本案中，合同中并未载明被特许人单方解除合同的条款，还可以行使单方解除权吗？
审理法院认为，被特许人在一定合理期限内仍可单方解除合同。对于合理期限的界定应当遵从“有约定的从约定，没有约定的，应结合行业特点、商业惯例等确定”，但合理期限的时间一般不宜过长，通常以被特许人未实际利用经营资源为限。
“刘某、雷某在合同签订后的第十五天提出解除合同，且未实际利用某公司的经营资源，属于在合理期限内行使单方解除权。”承办法官贺海艳表示，关于“被特许人只要领取培训资料，便不能要求返还管理培训费、技术信息转让费”的约定，属于格式条款。某公司并未举证证明其采取了合理的方式提请被特许人注意，条款内容明显不合理地限制被特许人权利、免除或减轻特许人责任，该格式条款无效。
据此，审理法院判决确认合同解除，某公司返还刘某、雷某3.5万元。
除了单方解除合同的权利，如果特许人履约能力下降导致合同目的无法实现时，被特许人也可以解除合同。
岑某与某公司签订特许加盟合同书，合同有效期3年。岑某支付加盟费及保证金16.9万元。合同签订后，某公司工作人员多次为岑某提供选址服务，但岑某未能成功选址，并申请暂停选址服务。合同履行过程中，某公司被撤销备案资格。岑某便诉至法院，请求解除涉案合同并返还全部费用。
杭州铁路运输法院审理认为，特许人对于特许经营体系所发生的重大变化及其他对被特许人有重大影响的信息负有披露义务，但没有证据显示某公司对其相关情况向岑某披露，对合同履行已产生实质性影响。而且在岑某提起本案诉讼之前，某公司涉诉案件较多，所涉多起执行案件基本暂无可供执行财产线索，反映出某公司对涉案合同的履约能力受限。某公司构成违约。
另一方面，岑某未能依约积极选址和筹备开店，也存在违约行为。法院判决，解除合同，某公司返还特许经营相关费用7万元。
“人民法院将信赖保护理念贯穿于特许经营关系始终，确立了特许人动态履约能力审查的裁判路径。”马一德说，当特许人因经营模式不成熟、履约能力下降导致合作基础丧失时，允许被特许人依法退出合作并合理分担损失，体现了对被特许人合理信赖利益的保护。","### 相关案例提示：注意甄别夸大不实的招商信息，理性投资、谨慎签约——

# 加盟连锁，合规才是长久之计（法治头条）

> 本报记者  魏哲哲《人民日报》（2026年08月13日第 17 版）

加盟连锁，是不少创业、投资者的选择。实践中，加盟连锁常见于餐饮、零售、酒店、教育培训、快递物流、美容美发等民生领域，在激发市场活力、促进消费升级方面发挥了积极作用。

从法律角度看，“加盟连锁”就是商业特许经营，是指拥有注册商标、企业标志、专利、专有技术等经营资源的企业（以下称“特许人”），以合同形式将其拥有的经营资源许可其他经营者（以下称“被特许人”）使用，被特许人在统一的经营模式下开展经营并支付费用的经营活动。

作为现代商业组织方式的重要创新，商业特许经营已成为推动服务业发展和促进创业就业的重要力量。

“与此同时，部分特许人夸大宣传、盲目扩张，被特许人忽视风险、跟风投资等问题一定程度存在，矛盾纠纷日益增多。”最高人民法院8月12日发布相关典型案例，提醒创业、投资者不要跟风、做好甄别，引导和规范经营主体诚信合规经营，促进特许经营健康有序发展。

遏制“空壳加盟”乱象

特许人须有经市场验证的成熟经营模式

商业特许经营通过品牌共享、统一管理和规模化运营，降低市场交易成本，提高企业扩张效率。

一家主要从事武术、散打培训的某俱乐部想扩大经营，便进行了招商。

经人介绍，汤某与某俱乐部达成合作意向，约定某俱乐部授权汤某开设品牌加盟店，加盟费3万元，品牌使用费每年5000元。

一段时间后，汤某想解除协议，但协商未果，便起诉到法院。

“某俱乐部属于个体工商户，不具备相应资质条件！”汤某主张，根据《商业特许经营管理条例》，企业以外的其他单位和个人不得作为特许人从事特许经营活动。

那么，个体工商户是否具有企业资质呢？

民法典规定，自然人从事工商业经营，经依法登记，为个体工商户。山东省济宁市中级人民法院审理认为，涉案协议违反法律、行政法规关于特许经营主体须为企业的强制性规定，应为无效。

同时，结合双方过错程度、合同履行情况，考虑某俱乐部已实际向汤某提供装修方案并选派教练指导招生、教学管理等事宜，法院酌情判令某俱乐部向汤某返还加盟费1.5万元。

特许经营必须合法、规范。“当前，大量个人注册商标、品牌质量参差不齐，这一规定有利于避免特许人资质缺陷导致被特许人和消费者权益受损，有利于维护市场良好秩序和社会稳定。”中国社会科学院法学研究所研究员管育鹰表示，人民法院依法裁判有助于遏制无资质主体违规开展加盟活动，引导经营主体在缔约时尽到审慎注意义务，防范加盟“陷阱”。

“两店一年”，也是特许人必须满足的法定条件。

某公司就因不具备特许经营条件开展特许经营活动，遭到了处罚。福建省福州市商务局对其罚款10万元。某公司不服，提起诉讼。

“某公司主张其下属15家门店符合直营店要求，经调查，这些门店都是个体工商户，且特许人并未达到绝对控股，不符合直营店的认定标准。”福州市仓山区人民法院认定，某公司不具备“两店一年”条件，商务主管部门有权责令改正、没收违法所得，处以罚款，判决驳回某公司的诉讼请求。

“‘两店一年’标准，要求特许人拥有经过市场验证的成熟经营模式，并具备为被特许人持续提供经营指导、技术支持和业务培训等服务的能力，防止企业利用特许经营进行欺诈，降低被特许人的投资风险。”中国法学会行政法学研究会副会长、浙江大学光华法学院教授章剑生认为，本案判决依法支持了行政机关的处罚决定，对规范特许经营市场秩序与遏制“空壳加盟”乱象具有重要示范意义。

警惕“套路加盟”陷阱

规范招商信息披露和宣传行为

既有对菜品及店面的展示，还有创业者的陈述，某餐饮公司的招商广告很有吸引力：“一天流水3万多元”“最少能卖七八百份”……

看到招商广告后，张某、王某产生了加盟想法，便与某餐饮公司签订合同。之后，张某、王某支付服务费8.6万余元、代购料款4.4万余元并为开店支出装修费用5.5万元。

按约定，某公司提供培训、开业指导，并配送了价值约为5万元的设备。

一段时间后，张某、王某发现经营状况不如人意。“某餐饮公司在订立合同过程中，存在夸大宣传，具有欺诈的主观故意。”张某、王某提起诉讼，请求撤销合同，退还加盟费用并赔偿经济损失。

“被特许人在信息获取、风险判断等方面处于明显弱势地位。一旦特许人违反诚实信用原则，在推广宣传活动中虚假宣传现有被特许人经营收益等关键商业信息，势必误导其他潜在的被特许人，导致其对加盟经营的预期作出错误判断，从而违背其真实意思与特许人签订合同。”四川省高级人民法院承办法官张天天介绍。

法院认为，某餐饮公司对其广告宣传中所称的经营收益并未提交相关证据证明，可以认定某餐饮公司故意发布虚假信息，诱使被特许人与其订立合同，其行为构成欺诈，合同依法应予以撤销。

在责任分担方面，承办法官介绍，对于合同的撤销，有某餐饮公司虚假陈述的原因，也有张某、王某一方未充分考虑商业风险而草率签订合同的原因，某餐饮公司应承担主要责任，张某、王某应承担次要责任。

最终，法院考虑到某餐饮公司已提供技术服务和设备，库存货物尚有部分剩余价值，判决其返还服务费2万元并赔偿经济损失3.5万元。

特许经营模式的核心在于品牌信誉和经营经验的复制，如果以虚假宣传吸引加盟，不仅损害被特许人的投资利益，也会削弱消费者对整个行业的信任基础。

“人民法院认定特许人通过编造经营数据、夸大加盟收益进行招商宣传构成欺诈，依法撤销合同并合理分配损失，明确了特许经营活动中诚信招商、真实披露信息的基本要求。”中国科学院大学知识产权学院院长马一德表示，该案通过对“套路加盟”等行为予以否定评价，有利于引导特许人将竞争重心回归品牌建设、产品创新和运营服务能力提升，促进市场优胜劣汰。

这也提醒被特许人要提高风险意识，在进行商业决策时注意甄别夸大不实的招商信息，理性投资、谨慎签约。

贯彻信赖保护理念

被特许人依据“冷静期”制度享有单方合同解除权

了解到某餐饮项目后，刘某、雷某与某公司签订品牌拓展合同，约定刘某、雷某在浙江杭州加盟某公司的餐饮项目，期限1年。

合同签订后，刘某、雷某支付管理培训费等3.5万元。某公司向刘某、雷某提供了技术手册，但未提供实际操作培训、技术指导。

签订合同后的第十五天，刘某、雷某后悔了，想着还未开设店铺、未利用某公司的技术秘密等经营资源，两人便向某公司提出退还费用。

然而，某公司却不同意。此后，刘某、雷某诉至法院。

签订合同时间不长，两人能解约吗？根据《商业特许经营管理条例》，“特许人和被特许人应当在特许经营合同中约定，被特许人在特许经营合同订立后一定期限内，可以单方解除合同。”

“类似的冷静期制度设计，赋予被特许人在特许经营合同订立后一定期限内享有单方解除权，目的在于缓冲被特许人的投资冲动。”重庆自由贸易试验区人民法院审理认为，在特许经营合同中，特许人与被特许人的实力、能力不对等，特许人处于缔约优势地位，如果合同未约定被特许人的单方解除权和解约期限，则特许人具有缔约过失，应承担由此产生的不利后果。

本案中，合同中并未载明被特许人单方解除合同的条款，还可以行使单方解除权吗？

审理法院认为，被特许人在一定合理期限内仍可单方解除合同。对于合理期限的界定应当遵从“有约定的从约定，没有约定的，应结合行业特点、商业惯例等确定”，但合理期限的时间一般不宜过长，通常以被特许人未实际利用经营资源为限。

“刘某、雷某在合同签订后的第十五天提出解除合同，且未实际利用某公司的经营资源，属于在合理期限内行使单方解除权。”承办法官贺海艳表示，关于“被特许人只要领取培训资料，便不能要求返还管理培训费、技术信息转让费”的约定，属于格式条款。某公司并未举证证明其采取了合理的方式提请被特许人注意，条款内容明显不合理地限制被特许人权利、免除或减轻特许人责任，该格式条款无效。

据此，审理法院判决确认合同解除，某公司返还刘某、雷某3.5万元。

除了单方解除合同的权利，如果特许人履约能力下降导致合同目的无法实现时，被特许人也可以解除合同。

岑某与某公司签订特许加盟合同书，合同有效期3年。岑某支付加盟费及保证金16.9万元。合同签订后，某公司工作人员多次为岑某提供选址服务，但岑某未能成功选址，并申请暂停选址服务。合同履行过程中，某公司被撤销备案资格。岑某便诉至法院，请求解除涉案合同并返还全部费用。

杭州铁路运输法院审理认为，特许人对于特许经营体系所发生的重大变化及其他对被特许人有重大影响的信息负有披露义务，但没有证据显示某公司对其相关情况向岑某披露，对合同履行已产生实质性影响。而且在岑某提起本案诉讼之前，某公司涉诉案件较多，所涉多起执行案件基本暂无可供执行财产线索，反映出某公司对涉案合同的履约能力受限。某公司构成违约。

另一方面，岑某未能依约积极选址和筹备开店，也存在违约行为。法院判决，解除合同，某公司返还特许经营相关费用7万元。

“人民法院将信赖保护理念贯穿于特许经营关系始终，确立了特许人动态履约能力审查的裁判路径。”马一德说，当特许人因经营模式不成熟、履约能力下降导致合作基础丧失时，允许被特许人依法退出合作并合理分担损失，体现了对被特许人合理信赖利益的保护。",魏哲哲,法治,,https://paper.people.com.cn/rmrb/pc/content/202608/13/content_30174713.html,2026-08-13,"['特许', '经营', '合同', '加盟', '餐饮公司', '雷某', '岑某', '单方', '解除合同', '公司']","加盟连锁，是不少创业、投资者的选择。实践中，加盟连锁常见于餐饮、零售、酒店、教育培训、快递物流、美容美发等民生领域，在激发市场活力、促进消费升级方面发挥了积极作用。
从法律角度看，“加盟连锁”就是商业特许经营，是指拥有注册商标、企业标志、专利、专有技术等经营资源的企业（以下称“特许人”），以合同形式将其拥有的经营资源许可其他经营者（以下称“被特许人”）使用，被特许人在统一的经营模式下开展经营并支付费用的经营活动。
作为现代商业组织方式的重要创新，商业特许经营已成为推动服务业发展和促进创业就业的重要力量。",经济,,,[],data/vault/2026/08/2026-08-13/17-法治/加盟连锁，合规才是长久之计（法治头条）.md,17,法治
推动生态环境法典高质量实施（金台锐评）,"今年8月15日，是全国生态日，也是生态环境法典正式施行的日子。这部“绿色法典”，把“绿水青山就是金山银山”理念融入其中，把覆盖全域、贯穿全程的制度构筑起来，以“最严格制度、最严密法治”筑起人与自然和谐共生的坚固屏障，为中华民族永续发展筑牢法治根基。
法律的生命力在于实施，法律的权威也在于实施。法典制定完成是“前半篇文章”，推动实施见效才是更吃劲、更关键的“后半篇文章”。“十五五”规划纲要已对“实施生态环境法典”作出部署，让法典真正从文本走向实践，关键在于把对政府、企业、公民等各主体的权利、义务、责任规定落到实处，将法典中的具体规则融入现实中的审批流程、执法文书、合同条款和村规民约里，真正把制度优势转化为治理效能。
完备高效的配套立法体系，是释放法典治理效能的关键支撑。法典统一明确了生态保护红线、污染防治规则、生态修复机制等，但面对复杂多元的区域治理、行业监管、纠纷化解场景，还需标准细化、流程规范、权责明确的配套制度承接转化。要以法典为核心推进配套制度建设，补齐短板，打通制度具象落地的衔接堵点；全面梳理存量规范，与法典精神不一致、内容相冲突的及时修改废止；深化生态环境损害赔偿制度改革，真正实现生态环境治理各方面全过程有法可依、有规可守、有章可循。
公正文明执法是法典实施的核心环节。要明确执法职责权限，推进跨区域、跨部门协同执法，完善执法裁量基准，规范自由裁量权行使。强化执法监督，畅通群众举报监督渠道。建立健全执法责任制和过错追究制，发挥司法保障作用，形成权责明确、行为规范、监督有效、保障有力的执法体制，提升执法效能。按日计罚等制度既要让法律“长牙齿”，也要配套“及时制止违法”的程序剑鞘，避免以罚代管。
法典的实施成效，要靠全社会的普遍认同与自觉遵守。抓好“关键少数”，将法典纳入各级领导干部学法用法必修课，才能提升其运用法治思维和法治方式推动绿色发展的能力。加强全社会法治宣传教育，把学习贯彻法典与学习贯彻习近平生态文明思想、习近平法治思想结合起来，重点宣传法典赋予公民、法人的环境权利义务，树立尊重自然、顺应自然、保护自然的理念。当法治从外在强制转化为内在自觉，法典才能真正变为“行动中的法律”，法典的价值就会在群众真切感受中得到实现。
法典，筑基美丽中国；法治，护航永续发展。推动生态环境法典高质量实施，要以习近平生态文明思想和习近平法治思想为指引，准确把握“党委领导、政府主导、企业主体、社会组织和公众共同参与”的现代生态环境治理体系，以法典之力筑牢美丽中国建设的法治基石，让法治之光照亮人与自然和谐共生的现代化之路。
（作者为中国人民大学法学院教授）","# 推动生态环境法典高质量实施（金台锐评）

> 张世明《人民日报》（2026年08月13日第 17 版）

今年8月15日，是全国生态日，也是生态环境法典正式施行的日子。这部“绿色法典”，把“绿水青山就是金山银山”理念融入其中，把覆盖全域、贯穿全程的制度构筑起来，以“最严格制度、最严密法治”筑起人与自然和谐共生的坚固屏障，为中华民族永续发展筑牢法治根基。

法律的生命力在于实施，法律的权威也在于实施。法典制定完成是“前半篇文章”，推动实施见效才是更吃劲、更关键的“后半篇文章”。“十五五”规划纲要已对“实施生态环境法典”作出部署，让法典真正从文本走向实践，关键在于把对政府、企业、公民等各主体的权利、义务、责任规定落到实处，将法典中的具体规则融入现实中的审批流程、执法文书、合同条款和村规民约里，真正把制度优势转化为治理效能。

完备高效的配套立法体系，是释放法典治理效能的关键支撑。法典统一明确了生态保护红线、污染防治规则、生态修复机制等，但面对复杂多元的区域治理、行业监管、纠纷化解场景，还需标准细化、流程规范、权责明确的配套制度承接转化。要以法典为核心推进配套制度建设，补齐短板，打通制度具象落地的衔接堵点；全面梳理存量规范，与法典精神不一致、内容相冲突的及时修改废止；深化生态环境损害赔偿制度改革，真正实现生态环境治理各方面全过程有法可依、有规可守、有章可循。

公正文明执法是法典实施的核心环节。要明确执法职责权限，推进跨区域、跨部门协同执法，完善执法裁量基准，规范自由裁量权行使。强化执法监督，畅通群众举报监督渠道。建立健全执法责任制和过错追究制，发挥司法保障作用，形成权责明确、行为规范、监督有效、保障有力的执法体制，提升执法效能。按日计罚等制度既要让法律“长牙齿”，也要配套“及时制止违法”的程序剑鞘，避免以罚代管。

法典的实施成效，要靠全社会的普遍认同与自觉遵守。抓好“关键少数”，将法典纳入各级领导干部学法用法必修课，才能提升其运用法治思维和法治方式推动绿色发展的能力。加强全社会法治宣传教育，把学习贯彻法典与学习贯彻习近平生态文明思想、习近平法治思想结合起来，重点宣传法典赋予公民、法人的环境权利义务，树立尊重自然、顺应自然、保护自然的理念。当法治从外在强制转化为内在自觉，法典才能真正变为“行动中的法律”，法典的价值就会在群众真切感受中得到实现。

法典，筑基美丽中国；法治，护航永续发展。推动生态环境法典高质量实施，要以习近平生态文明思想和习近平法治思想为指引，准确把握“党委领导、政府主导、企业主体、社会组织和公众共同参与”的现代生态环境治理体系，以法典之力筑牢美丽中国建设的法治基石，让法治之光照亮人与自然和谐共生的现代化之路。

（作者为中国人民大学法学院教授）",张世明,法治,,https://paper.people.com.cn/rmrb/pc/content/202608/13/content_30174714.html,2026-08-13,"['法典', '法治', '执法', '生态', '生态环境', '制度', '实施', '习近平', '配套', '半篇']","今年8月15日，是全国生态日，也是生态环境法典正式施行的日子。这部“绿色法典”，把“绿水青山就是金山银山”理念融入其中，把覆盖全域、贯穿全程的制度构筑起来，以“最严格制度、最严密法治”筑起人与自然和谐共生的坚固屏障，为中华民族永续发展筑牢法治根基。
法律的生命力在于实施，法律的权威也在于实施。法典制定完成是“前半篇文章”，推动实施见效才是更吃劲、更关键的“后半篇文章”。“十五五”规划纲要已对“实施生态环境法典”作出部署，让法典真正从文本走向实践，关键在于把对政府、企业、公民等各主体的权利、义务、责任规定落到实处，将法典中的具体规则融入现实中的审批流程、执法文书、合同条款和村规民约里，真正把制度优势转化为治理效能。
完备高效的配套立法体系，是释放法典治理效能的关键支撑。法典统一明确了生态保护红线、污染防治规则、生态修复机制等，但面对复杂多元的区域治理、行业监管、纠纷化解场景，还需标准细化、流程规范、权责明确的配套制度承接转化。要以法典为核心推进配套制度建设，补齐短板，打通制度具象落地的衔接堵点；全面梳理存量规范，与法典精神不一致、内容相冲突的及时修改废止；深化生态环境损害赔偿制度改革，真正实现生态环境治理各方面全过程有法可依、有规可守、有章可循。",政治,,,[],data/vault/2026/08/2026-08-13/17-法治/推动生态环境法典高质量实施（金台锐评）.md,17,法治
夯实制度底座  守护绿水青山,"清晨的千岛湖，薄雾如纱。千岛湖植物园内，一块褐色标识牌常引游客驻足。牌上并排的两张航拍照片对比鲜明：左边是多年前的鹿岛，过半土地裸露着黄色；右边是生态修复后的鹿岛，郁郁葱葱，满眼绿意。
这是杭州首个将生态修复纳入社区矫正的跨部门协同机制的运行载体。“经过生态修复后的鹿岛变成了植物园，曾经的‘破坏者’在这里以公益劳动还清‘生态欠账’。”杭州市淳安县人民法院党组书记、院长王莉介绍。
办理案件中，千岛湖环境资源法庭发现，涉环境资源犯罪的被告人被判缓刑后进入社区矫正，接受的公益劳动主要是路口交通执勤，集中观看警示教育片，这与其“生态破坏行为”关联度不高。
“把矫正帮扶点设立在千岛湖植物园，社区矫正对象可在此开展除草、浇水等补植复绿类的公益劳动，在劳动的过程中认识错误，实现思想观念上的矫正。”王莉说。截至目前，已有累计120余名社区矫正对象在千岛湖植物园参加生态修复公益劳动，有效实现打击与修复并重、司法与行政衔接、普法与宣传相结合的三重效果。
无人机坠箭非法狩猎是近年来出现的新型犯罪手段，作案手段隐蔽，给社会带来安全隐患。
今年4月，杭州市首例利用改装无人机非法狩猎案，在瑶琳国家森林公园公开开庭审理并当庭宣判：李某某伙同他人在禁猎区、禁猎期使用禁用的工具、方法进行狩猎，破坏野生动物资源，情节严重，应当以非法狩猎罪追究其刑事责任。
宣判次日，桐庐县人民法院联合县人民检察院、县公安局发布通告，要求无人机依法实名登记，严禁私自改装及利用无人机非法狩猎；又向县林业水利局制发司法建议书，推动将无人机挂载投射利器明确纳入禁用猎捕工具范围，为一线执法提供明确依据。
从个案探索到制度构建，杭州守护绿水青山的方式更加主动、更加周全。19个集巡回审判、生态修复、宣传教育、综合治理等功能于一体的生态环境司法保护联络站先后落地，全市13家基层法院均实现环资审判“三审合一”。环资审判的专业化建设稳步推进，司法守护绿水青山的制度底座正在逐步夯实。
既要绿水青山，也要经济发展。富春江畔的龙门古镇人气旺。然而，两年前这里的龙门山旅游公司还深陷债务“泥潭”。
龙门山旅游公司因管理不善，无力偿还到期债务被申请强制执行。名下140余亩集体土地权益和租赁的3500余亩林地，虽被公司实际使用多年，但没有完成规范的确权登记手续，难以核定资产价值，潜在买家也不敢出手，常规司法拍卖路径走不通。
如何激活山林资源？法院提出破产清算和重整并行的思路。“若在合理期限内招募到重整投资人，则案件转入重整程序；若没有，就对企业进行清算。”杭州市富阳区人民法院审判委员会专职委员马嶙侃介绍。经招募，最终锁定战略投资人，案件从裁定重整到重整完成，仅用时21天。企业1亿余元债务得以化解。
重整期间，法院还通过“生态e治”平台核查企业留存危废等生态问题，确保乡村集体土地污染零残留、生态全修复，助力企业提质、护航绿色发展。
据介绍，近年来，杭州法院充分发挥环境资源审判职能作用，持续用好公益劳动等特色司法执行方式完善生态环境损害赔偿和修复机制，用心用力用情守护良好生态环境这一最普惠的民生福祉，为“生态颜值”提升、城乡人居环境改善提供了有力司法保障。","### 浙江杭州法院

# 夯实制度底座  守护绿水青山

> 本报记者  窦瀚洋《人民日报》（2026年08月13日第 17 版）

清晨的千岛湖，薄雾如纱。千岛湖植物园内，一块褐色标识牌常引游客驻足。牌上并排的两张航拍照片对比鲜明：左边是多年前的鹿岛，过半土地裸露着黄色；右边是生态修复后的鹿岛，郁郁葱葱，满眼绿意。

这是杭州首个将生态修复纳入社区矫正的跨部门协同机制的运行载体。“经过生态修复后的鹿岛变成了植物园，曾经的‘破坏者’在这里以公益劳动还清‘生态欠账’。”杭州市淳安县人民法院党组书记、院长王莉介绍。

办理案件中，千岛湖环境资源法庭发现，涉环境资源犯罪的被告人被判缓刑后进入社区矫正，接受的公益劳动主要是路口交通执勤，集中观看警示教育片，这与其“生态破坏行为”关联度不高。

“把矫正帮扶点设立在千岛湖植物园，社区矫正对象可在此开展除草、浇水等补植复绿类的公益劳动，在劳动的过程中认识错误，实现思想观念上的矫正。”王莉说。截至目前，已有累计120余名社区矫正对象在千岛湖植物园参加生态修复公益劳动，有效实现打击与修复并重、司法与行政衔接、普法与宣传相结合的三重效果。

无人机坠箭非法狩猎是近年来出现的新型犯罪手段，作案手段隐蔽，给社会带来安全隐患。

今年4月，杭州市首例利用改装无人机非法狩猎案，在瑶琳国家森林公园公开开庭审理并当庭宣判：李某某伙同他人在禁猎区、禁猎期使用禁用的工具、方法进行狩猎，破坏野生动物资源，情节严重，应当以非法狩猎罪追究其刑事责任。

宣判次日，桐庐县人民法院联合县人民检察院、县公安局发布通告，要求无人机依法实名登记，严禁私自改装及利用无人机非法狩猎；又向县林业水利局制发司法建议书，推动将无人机挂载投射利器明确纳入禁用猎捕工具范围，为一线执法提供明确依据。

从个案探索到制度构建，杭州守护绿水青山的方式更加主动、更加周全。19个集巡回审判、生态修复、宣传教育、综合治理等功能于一体的生态环境司法保护联络站先后落地，全市13家基层法院均实现环资审判“三审合一”。环资审判的专业化建设稳步推进，司法守护绿水青山的制度底座正在逐步夯实。

既要绿水青山，也要经济发展。富春江畔的龙门古镇人气旺。然而，两年前这里的龙门山旅游公司还深陷债务“泥潭”。

龙门山旅游公司因管理不善，无力偿还到期债务被申请强制执行。名下140余亩集体土地权益和租赁的3500余亩林地，虽被公司实际使用多年，但没有完成规范的确权登记手续，难以核定资产价值，潜在买家也不敢出手，常规司法拍卖路径走不通。

如何激活山林资源？法院提出破产清算和重整并行的思路。“若在合理期限内招募到重整投资人，则案件转入重整程序；若没有，就对企业进行清算。”杭州市富阳区人民法院审判委员会专职委员马嶙侃介绍。经招募，最终锁定战略投资人，案件从裁定重整到重整完成，仅用时21天。企业1亿余元债务得以化解。

重整期间，法院还通过“生态e治”平台核查企业留存危废等生态问题，确保乡村集体土地污染零残留、生态全修复，助力企业提质、护航绿色发展。

据介绍，近年来，杭州法院充分发挥环境资源审判职能作用，持续用好公益劳动等特色司法执行方式完善生态环境损害赔偿和修复机制，用心用力用情守护良好生态环境这一最普惠的民生福祉，为“生态颜值”提升、城乡人居环境改善提供了有力司法保障。",窦瀚洋,法治,,https://paper.people.com.cn/rmrb/pc/content/202608/13/content_30174715.html,2026-08-13,"['生态', '修复', '千岛湖', '矫正', '绿水青山', '重整', '司法', '无人机', '公益', '狩猎']","清晨的千岛湖，薄雾如纱。千岛湖植物园内，一块褐色标识牌常引游客驻足。牌上并排的两张航拍照片对比鲜明：左边是多年前的鹿岛，过半土地裸露着黄色；右边是生态修复后的鹿岛，郁郁葱葱，满眼绿意。
这是杭州首个将生态修复纳入社区矫正的跨部门协同机制的运行载体。“经过生态修复后的鹿岛变成了植物园，曾经的‘破坏者’在这里以公益劳动还清‘生态欠账’。”杭州市淳安县人民法院党组书记、院长王莉介绍。
办理案件中，千岛湖环境资源法庭发现，涉环境资源犯罪的被告人被判缓刑后进入社区矫正，接受的公益劳动主要是路口交通执勤，集中观看警示教育片，这与其“生态破坏行为”关联度不高。",政治,,,[],data/vault/2026/08/2026-08-13/17-法治/夯实制度底座 守护绿水青山.md,17,法治
挎上警务背包进村寨,"日前，云南德宏边境管理支队盈江边境管理大队“红石榴”背包警务队民警走访茶叶加工厂。黄  吉摄
日前，云南德宏边境管理支队盈江边境管理大队“红石榴”背包警务队民警走访茶叶加工厂。
黄  吉摄
滇西盈江，山路沿着中缅边境林蜿蜒，傣族、景颇族、阿昌族等少数民族村寨星星点点落在深山褶皱里。
云南省德宏傣族景颇族自治州盈江县有9个抵边乡镇、22个抵边行政村，群山阻隔，村寨散落，村民办事、出行多有不便。
“走啦！下乡去。”德宏边境管理支队盈江边境管理大队勐弄边境派出所社区民警张金凯带着辅警下乡走访，“红石榴”警务背包都会挎上肩头。
背包拉开，满满当当：移动警务终端、便携打印机、普法宣传单、理发推子、照相机，还有一包水果糖。
为了生计，村里很多年轻人外出务工，孩子跟着老人生活。正值暑期，小孩子安全防护意识薄弱，溺水事故时有发生，张金凯这次下乡要给村里的孩子讲安全教育。
车子刚停稳，几个小孩远远看见印有警徽的背包，立刻围了上来。张金凯笑着拉开背包，掏出水果糖分发。
他把孩子们叫到树荫下，一边陪着孩子们吃糖，一边给他们讲解防溺水、防骗常识……小小一颗糖果，拉近了他们的距离，让严肃的警务工作多了孩童专属的柔软与温情。
“楂子林村离集镇二三十公里，来回一趟一个多小时。老人腿脚不利索，办证、理发跑一趟花销不小，我们上门一趟，能省不少事。”张金凯把警车停在路边，踩着碎石路继续往前走。
每月15日，是张金凯固定进村义剪的日子。木凳子往院坝一摆，围布搭在肩头，推子嗡嗡开动。
栋大爷摸着刚剪好的头发，笑得眉眼舒展：“进城理个发来回车费就要三四十，张警官每月准时来，手艺比城里理发店还合心意。”
走出村口，几位老人正坐在大青树下乘凉，张金凯带着辅警走过去打招呼。他蹲下身跟围坐的老人们聊起天。
“上次跟你们说的陌生号码要转账一律别信，都是电信诈骗，前段时间有人到所上报警说差点被骗走积蓄。”他边说边掏出宣传单，逐行给老人解释。
由于山区闭塞，村里老人普遍面临“数字鸿沟”困境：看病不会线上挂号、不会接打视频电话，网络诈骗不会甄别，缴费要跑到十几公里外的乡镇营业厅……
为了解决这个问题，民警们特地开设“银发课堂”，重点教授老人使用微信、手机缴费、安装反诈APP等实用技能。学得好的老人，民警将其培养为“银发讲师”，形成“教会一人、带动一片”的良好效果。
民警们警务背包里装的不仅有贴心服务，还有群众的平安寄托。
有次傍晚，芒允边境派出所辖区有群众慌慌张张找到进村走访的民警，她两岁孩子高烧惊厥，眼看没班车进城，着急得不知如何是好。
民警王勇抓起车钥匙直奔农户家，4.5公里山路只用5分钟，他用警务终端先了解孩子和家属的信息，并同步联系卫生院医生到场急救，送医后孩子很快脱离危险。“孩子生病拖不得，我们开车下乡离群众家里近，早到一分钟，就多一分保障。”王勇说。
“背包不大，装的样样都是贴合村寨群众需求的实用物件。”张金凯经常下乡走访，感触很深，“警务背包里装着我们就地解决问题、服务群众的底气。”
一包水果糖拉近了警民距离，一把理发剪温暖了留守老人，一台警务终端解决了办事难题，一辆警车守护了群众安全。
盈江边境管理大队推行“红石榴”背包警务以来，民警把证件补办、法律宣传、应急救助、免费义剪等服务送到了群众家门口，“红石榴”警务背包让辖区电信诈骗发案数大幅下降，群众满意度不断上升。","### 云南德宏边境管理支队盈江边境管理大队民警——

# 挎上警务背包进村寨

> 杨文明  陈  敏《人民日报》（2026年08月13日第 17 版）

日前，云南德宏边境管理支队盈江边境管理大队“红石榴”背包警务队民警走访茶叶加工厂。　　黄  吉摄

日前，云南德宏边境管理支队盈江边境管理大队“红石榴”背包警务队民警走访茶叶加工厂。

黄  吉摄

滇西盈江，山路沿着中缅边境林蜿蜒，傣族、景颇族、阿昌族等少数民族村寨星星点点落在深山褶皱里。

云南省德宏傣族景颇族自治州盈江县有9个抵边乡镇、22个抵边行政村，群山阻隔，村寨散落，村民办事、出行多有不便。

“走啦！下乡去。”德宏边境管理支队盈江边境管理大队勐弄边境派出所社区民警张金凯带着辅警下乡走访，“红石榴”警务背包都会挎上肩头。

背包拉开，满满当当：移动警务终端、便携打印机、普法宣传单、理发推子、照相机，还有一包水果糖。

为了生计，村里很多年轻人外出务工，孩子跟着老人生活。正值暑期，小孩子安全防护意识薄弱，溺水事故时有发生，张金凯这次下乡要给村里的孩子讲安全教育。

车子刚停稳，几个小孩远远看见印有警徽的背包，立刻围了上来。张金凯笑着拉开背包，掏出水果糖分发。

他把孩子们叫到树荫下，一边陪着孩子们吃糖，一边给他们讲解防溺水、防骗常识……小小一颗糖果，拉近了他们的距离，让严肃的警务工作多了孩童专属的柔软与温情。

“楂子林村离集镇二三十公里，来回一趟一个多小时。老人腿脚不利索，办证、理发跑一趟花销不小，我们上门一趟，能省不少事。”张金凯把警车停在路边，踩着碎石路继续往前走。

每月15日，是张金凯固定进村义剪的日子。木凳子往院坝一摆，围布搭在肩头，推子嗡嗡开动。

栋大爷摸着刚剪好的头发，笑得眉眼舒展：“进城理个发来回车费就要三四十，张警官每月准时来，手艺比城里理发店还合心意。”

走出村口，几位老人正坐在大青树下乘凉，张金凯带着辅警走过去打招呼。他蹲下身跟围坐的老人们聊起天。

“上次跟你们说的陌生号码要转账一律别信，都是电信诈骗，前段时间有人到所上报警说差点被骗走积蓄。”他边说边掏出宣传单，逐行给老人解释。

由于山区闭塞，村里老人普遍面临“数字鸿沟”困境：看病不会线上挂号、不会接打视频电话，网络诈骗不会甄别，缴费要跑到十几公里外的乡镇营业厅……

为了解决这个问题，民警们特地开设“银发课堂”，重点教授老人使用微信、手机缴费、安装反诈APP等实用技能。学得好的老人，民警将其培养为“银发讲师”，形成“教会一人、带动一片”的良好效果。

民警们警务背包里装的不仅有贴心服务，还有群众的平安寄托。

有次傍晚，芒允边境派出所辖区有群众慌慌张张找到进村走访的民警，她两岁孩子高烧惊厥，眼看没班车进城，着急得不知如何是好。

民警王勇抓起车钥匙直奔农户家，4.5公里山路只用5分钟，他用警务终端先了解孩子和家属的信息，并同步联系卫生院医生到场急救，送医后孩子很快脱离危险。“孩子生病拖不得，我们开车下乡离群众家里近，早到一分钟，就多一分保障。”王勇说。

“背包不大，装的样样都是贴合村寨群众需求的实用物件。”张金凯经常下乡走访，感触很深，“警务背包里装着我们就地解决问题、服务群众的底气。”

一包水果糖拉近了警民距离，一把理发剪温暖了留守老人，一台警务终端解决了办事难题，一辆警车守护了群众安全。

盈江边境管理大队推行“红石榴”背包警务以来，民警把证件补办、法律宣传、应急救助、免费义剪等服务送到了群众家门口，“红石榴”警务背包让辖区电信诈骗发案数大幅下降，群众满意度不断上升。",杨文明  陈  敏,法治,,https://paper.people.com.cn/rmrb/pc/content/202608/13/content_30174716.html,2026-08-13,"['警务', '背包', '张金凯', '边境', '民警', '盈江', '老人', '群众', '石榴', '走访']","日前，云南德宏边境管理支队盈江边境管理大队“红石榴”背包警务队民警走访茶叶加工厂。黄  吉摄
日前，云南德宏边境管理支队盈江边境管理大队“红石榴”背包警务队民警走访茶叶加工厂。
黄  吉摄",社会,,,[],data/vault/2026/08/2026-08-13/17-法治/挎上警务背包进村寨.md,17,法治
立法“1+1＞2”，让消费更放心（坚持和完善人民代表大会制度）,"广东省江门市，第四届中国侨都（江门）咖啡节，商家展示一款特调咖啡。新华社记者  毛思倩摄
广东省江门市，第四届中国侨都（江门）咖啡节，商家展示一款特调咖啡。
新华社记者  毛思倩摄
广东省广州市，第139届中国进出口商品交易会，游客在机器人专区参观。陈志强摄（人民视觉）
广东省广州市，第139届中国进出口商品交易会，游客在机器人专区参观。
陈志强摄（人民视觉）
广东省佛山市顺德区一家餐厅内，厨师正在制作菜肴。张明伟摄（人民视觉）
广东省佛山市顺德区一家餐厅内，厨师正在制作菜肴。
张明伟摄（人民视觉）
港珠澳大桥景观。邓国晖摄（人民视觉）
港珠澳大桥景观。
邓国晖摄（人民视觉）
在广州参加研学活动，到深圳体验室内滑雪，去中山参观孙中山故居，赴港澳乐享亲子时光……这个暑假，依托互联互通优势，粤港澳大湾区文旅消费热力十足，不少人开启一场惬意的“遛湾”之旅。
消费是经济增长的重要引擎，如何为群众放心消费提供坚实的法治保障？7月31日，广东省第十四届人民代表大会常务委员会第二十六次会议审议通过《广东省消费者权益保护条例》（以下简称《条例》）《广东省促进粤港澳大湾区消费者权益保护协作规定》（以下简称《规定》），两部法规将于10月1日起施行。
广东省人大常委会法工委副主任李琼表示，《条例》对广东省消费者权益保护工作作出基础性、综合性规定，《规定》则对粤港澳大湾区消费者权益保护协作作出针对性、专门性规定，两部法规组合配套，同步制定、同时颁布、同期实施，实现“1+1>2”立法质效。对于大力提振消费、促进粤港澳三地融合发展具有重要积极意义。
回应数字经济发展需求
针对网络交易中存在的虚假宣传、大数据“杀熟”、平台责任不清等突出问题，完善制度规范
随着数字经济、平台经济快速发展，网络交易已成为消费的重要形式。与之相伴，消费者面临的侵权形式也更加复杂多样。预付式消费“跑路”、大数据“杀熟”、直播电商虚假宣传等问题时有发生。
在佛山市高明区，某健身房突然关门停业，负责人失联，200余名消费者近50万元预付款面临“打水漂”，纷纷向当地消费者委员会求助。高明区消委会迅速联合区市场监管局开展核查，主动对接法院、人社等部门，形成联动合力。经逐一联系了解消费者诉求，消委会提出“协助转课+支持起诉”多元化解方案，这起消费纠纷得到有效化解。
要从源头防范此类纠纷，亟须强化法治保障。李琼表示，《条例》共7章67条，坚持一般和特殊相结合、规范和保护相结合、约束和必要的处罚相结合，针对群众常遇到的多个热点消费场景作出具体规定。
针对网络交易中的虚假宣传，《条例》规定不得篡改、编造、隐匿消费者评价，不得以好评前置、差评后置或者不显著区分不同商品、服务的评价等误导性方式展示消费者评价，有力规范互联网推介行为。
不同的人使用同一个购物软件，下单价格可能不同。线上买机票、日常网购等消费中，隐形的加价和“杀熟”行为让一些消费者很苦恼。对此，《条例》规定不得在消费者不知情的情况下，基于支付意愿、支付能力、消费偏好、消费习惯等信息，运用数据和算法、平台规则等手段，对同一商品或者服务在同等交易条件下设置不同的价格或者收费标准。针对平台责任不清，《条例》相关规定强化电子商务平台审核义务，回应了直播电商、AI（人工智能）数字人带货等新业态的监管需求。
“首月低价—默认勾选—小字提示—取消入口隐蔽”，是不少互联网产品会员订阅服务的常见套路。
珠海市消委会披露一则案例，有消费者为了使用一款办公软件相关服务，开通该办公软件会员并支付当月费用。
开通会员时，他并不知晓后续存在自动续费约定，也未同意自动续费相关条款。然而，该软件已在他不知情的情况下，连续11个月每月扣除超级会员费用。最终，经调解，双方达成一致，被投诉方向消费者退费。
对经营者采取自动展期、自动续费等方式提供服务的，《条例》在开通前告知、续费前提醒、便捷退订等方面进行详细规定，并设置相应罚则，从源头上杜绝“默认勾选”“强制捆绑”等乱象，让消费者在充分知情的基础上自主选择。
广东外语外贸大学法学院教授江保国表示，两部法规对实践中较为突出的众多消费纠纷热点问题进行系统规范和回应，立法内容并未停留在个案维权支持层面，而是将其与优化消费环境等更为基础的制度建设结合起来，有利于促进消费环境和消费业态的优化改善。
聚焦重点领域消费痛点
加强未成年人、老年人等特殊群体消费保护，对食品经营、旅游经营、教育培训等重点领域作出专门规定
沉迷网络直播打赏，用家长手机进行大额充值，被讲座忽悠后购买大量保健品……每当未成年人、老年人消费纠纷发生，相关话题很快成为网络热点。
中山市一养生保健馆以“100元2次泡脚按摩”超低价为诱饵，将73岁的陈女士吸引到门店体验。工作人员虚构其患有“医院无法检出的严重疾病”，甚至以“不治疗只剩两三年寿命”等话术制造恐慌，诱导陈女士接受所谓的治疗，累计向其收费35万余元。
陈女士子女发现不对劲后要求退款遭拒，遂向中山市消委会投诉。消委会接诉后立即核实消费事实，耐心调解，最终商家退还陈女士26万元。
针对以上门推销、会议营销、集中授课、健康讲座、专家义诊、免费检查、免费体验等方式向老年人推销保健产品或者声称具有保健功能产品的行为，《条例》明确禁止虚构或者夸大产品的治疗、保健、养生等功效。同时，创设“老年人线下七日无理由退货”等特色保护制度。
江保国表示，相关规定为会议营销、上门推销等特定营销场景设计了“冷静期”机制，旨在破解“冲动消费”与“后悔权”之间的现实矛盾，帮助老年人在信息不对称的促销氛围中仍能守住自己的“钱袋子”。
11周岁的刘某使用其外公手机号注册未实名认证的某平台账号，短短十几天，在多个直播间购买“盲盒代拆”商品逾百笔，累计消费近3.8万元……日前，广州互联网法院通报此案，认定该消费行为与其年龄、智力不相适应，合同无效，经营者应承担相应退款责任。
考虑到未成年人的身心健康，《条例》规定经营者不得刊登、播放、张贴或者散播含有危害未成年人身心健康内容的信息和广告，还明确了网络产品和服务提供者不得向未成年人提供诱导其沉迷的产品和服务。
对于网络游戏、网络直播、网络音视频、网络社交等网络服务提供者，《条例》明确其应当设置未成年人模式，在使用时段、时长、功能和内容等方面按照国家有关规定和标准提供相应的服务，合理限制未成年人在使用其服务时的单次消费数额、单日累计消费数额，不得向未成年人提供与其民事行为能力不符的付费服务，并以醒目、便捷的方式为监护人履行监护职责提供时间管理、权限管理、消费管理等功能。
除了强化“一老一小”消费保护，《条例》还对餐饮服务、客运经营、驾驶培训、旅游经营、票务服务、装修服务、非学历教育培训、中介服务、跨境电商零售进口等重点领域作出专门规定。
推进跨境消费权益保护协作
提供便捷的跨境消费投诉处理渠道，共建宜居宜业宜游的放心消费环境
随着粤港澳大湾区融合发展，“南下”购物与“北上”消费的双向奔赴成为常态，但跨境消费维权的痛点也随之浮现。
在澳门上学的小陈因牙齿不美观，2023年前往珠海一家口腔门诊部就诊。在医生建议下，他接受了拔掉4颗健康牙齿做全口隐形正畸的方案，累计支付2.68万元。
然而在后续的两年数十次复诊中，不仅主治医生更换了3名，正畸效果也远未达预期，反复出现缺牙间隙牙槽骨凹陷、牙齿松动等问题，导致咬合进食受阻、面部对称性受影响。
两年间频繁请假往返澳粤复诊，小陈身心和学业受到严重影响，无奈之下向珠海消委会投诉。接诉后珠海消委会详细梳理经过、仔细核对证据并多次与涉事门诊部沟通协调释法，最终门诊部退还全部治疗费并赔偿损失合计12.6万元。
“由于相关法律标准、维权流程等的不同，消费者在遇到购物、服务和预售消费纠纷时，跨境维权不够顺畅。”澳门南山青年协会副会长余馥芳说，三地消费者跨境维权面临不少问题，亟待立法回应。
“最初，大湾区协作仅在《条例》中有所涉及，但在调研中我们发现消费者跨境维权问题重重，结合广东实际并征求港澳等各方面的意见，决定专门开展‘小快灵’立法。”李琼说，《条例》作出宏观指引性规定，《规定》则进行细化，共11条，不分章节，将粤港澳三地多年形成的协作经验与成熟做法上升为制度规范，推进大湾区消费者权益保护协作规则机制“软联通”。
近年来，三地在跨境消费权益保护协作方面已有不少前期探索成果。2019年，三地消委会分别签署消费维权合作协议，正式开通“粤港澳大湾区消费投诉转办平台”。通过平台，港澳消费者可直接向广东省消委会或珠三角9市消委会投诉，广东省内消费者关于港澳的消费投诉也可实现“一网转办”。
为进一步提升维权效率，《规定》要求健全跨境投诉纠纷处理机制，明确支持省消费者委员会依法建设、优化粤港澳大湾区消费投诉转办平台，加强数据安全管理。
《规定》明确三地消委会建立常态化联动协作机制，探索通过交流会等方式加强互动交流，加强跨境常态化联动与信息共享，加强消费教育与风险预警协作。同时，支持三地通过放心消费商家、诚信店培育活动等方式开展跨境消费诚信共建，增强跨境消费体验。
广东省消费者委员会副秘书长黄冠英表示，将持续落实三地联动协作等制度，稳步推进消费维权领域“湾区标准”编制，共建宜居宜业宜游的湾区放心消费环境。","### 广东同步出台两部法规——

# 立法“1+1＞2”，让消费更放心（坚持和完善人民代表大会制度）

> 本报记者  亓玉昆  姜晓丹《人民日报》（2026年08月13日第 18 版）

广东省江门市，第四届中国侨都（江门）咖啡节，商家展示一款特调咖啡。　　新华社记者  毛思倩摄

广东省江门市，第四届中国侨都（江门）咖啡节，商家展示一款特调咖啡。

新华社记者  毛思倩摄

广东省广州市，第139届中国进出口商品交易会，游客在机器人专区参观。　　陈志强摄（人民视觉）

广东省广州市，第139届中国进出口商品交易会，游客在机器人专区参观。

陈志强摄（人民视觉）

广东省佛山市顺德区一家餐厅内，厨师正在制作菜肴。　　张明伟摄（人民视觉）

广东省佛山市顺德区一家餐厅内，厨师正在制作菜肴。

张明伟摄（人民视觉）

港珠澳大桥景观。　　邓国晖摄（人民视觉）

港珠澳大桥景观。

邓国晖摄（人民视觉）

在广州参加研学活动，到深圳体验室内滑雪，去中山参观孙中山故居，赴港澳乐享亲子时光……这个暑假，依托互联互通优势，粤港澳大湾区文旅消费热力十足，不少人开启一场惬意的“遛湾”之旅。

消费是经济增长的重要引擎，如何为群众放心消费提供坚实的法治保障？7月31日，广东省第十四届人民代表大会常务委员会第二十六次会议审议通过《广东省消费者权益保护条例》（以下简称《条例》）《广东省促进粤港澳大湾区消费者权益保护协作规定》（以下简称《规定》），两部法规将于10月1日起施行。

广东省人大常委会法工委副主任李琼表示，《条例》对广东省消费者权益保护工作作出基础性、综合性规定，《规定》则对粤港澳大湾区消费者权益保护协作作出针对性、专门性规定，两部法规组合配套，同步制定、同时颁布、同期实施，实现“1+1>2”立法质效。对于大力提振消费、促进粤港澳三地融合发展具有重要积极意义。

回应数字经济发展需求

针对网络交易中存在的虚假宣传、大数据“杀熟”、平台责任不清等突出问题，完善制度规范

随着数字经济、平台经济快速发展，网络交易已成为消费的重要形式。与之相伴，消费者面临的侵权形式也更加复杂多样。预付式消费“跑路”、大数据“杀熟”、直播电商虚假宣传等问题时有发生。

在佛山市高明区，某健身房突然关门停业，负责人失联，200余名消费者近50万元预付款面临“打水漂”，纷纷向当地消费者委员会求助。高明区消委会迅速联合区市场监管局开展核查，主动对接法院、人社等部门，形成联动合力。经逐一联系了解消费者诉求，消委会提出“协助转课+支持起诉”多元化解方案，这起消费纠纷得到有效化解。

要从源头防范此类纠纷，亟须强化法治保障。李琼表示，《条例》共7章67条，坚持一般和特殊相结合、规范和保护相结合、约束和必要的处罚相结合，针对群众常遇到的多个热点消费场景作出具体规定。

针对网络交易中的虚假宣传，《条例》规定不得篡改、编造、隐匿消费者评价，不得以好评前置、差评后置或者不显著区分不同商品、服务的评价等误导性方式展示消费者评价，有力规范互联网推介行为。

不同的人使用同一个购物软件，下单价格可能不同。线上买机票、日常网购等消费中，隐形的加价和“杀熟”行为让一些消费者很苦恼。对此，《条例》规定不得在消费者不知情的情况下，基于支付意愿、支付能力、消费偏好、消费习惯等信息，运用数据和算法、平台规则等手段，对同一商品或者服务在同等交易条件下设置不同的价格或者收费标准。针对平台责任不清，《条例》相关规定强化电子商务平台审核义务，回应了直播电商、AI（人工智能）数字人带货等新业态的监管需求。

“首月低价—默认勾选—小字提示—取消入口隐蔽”，是不少互联网产品会员订阅服务的常见套路。

珠海市消委会披露一则案例，有消费者为了使用一款办公软件相关服务，开通该办公软件会员并支付当月费用。

开通会员时，他并不知晓后续存在自动续费约定，也未同意自动续费相关条款。然而，该软件已在他不知情的情况下，连续11个月每月扣除超级会员费用。最终，经调解，双方达成一致，被投诉方向消费者退费。

对经营者采取自动展期、自动续费等方式提供服务的，《条例》在开通前告知、续费前提醒、便捷退订等方面进行详细规定，并设置相应罚则，从源头上杜绝“默认勾选”“强制捆绑”等乱象，让消费者在充分知情的基础上自主选择。

广东外语外贸大学法学院教授江保国表示，两部法规对实践中较为突出的众多消费纠纷热点问题进行系统规范和回应，立法内容并未停留在个案维权支持层面，而是将其与优化消费环境等更为基础的制度建设结合起来，有利于促进消费环境和消费业态的优化改善。

聚焦重点领域消费痛点

加强未成年人、老年人等特殊群体消费保护，对食品经营、旅游经营、教育培训等重点领域作出专门规定

沉迷网络直播打赏，用家长手机进行大额充值，被讲座忽悠后购买大量保健品……每当未成年人、老年人消费纠纷发生，相关话题很快成为网络热点。

中山市一养生保健馆以“100元2次泡脚按摩”超低价为诱饵，将73岁的陈女士吸引到门店体验。工作人员虚构其患有“医院无法检出的严重疾病”，甚至以“不治疗只剩两三年寿命”等话术制造恐慌，诱导陈女士接受所谓的治疗，累计向其收费35万余元。

陈女士子女发现不对劲后要求退款遭拒，遂向中山市消委会投诉。消委会接诉后立即核实消费事实，耐心调解，最终商家退还陈女士26万元。

针对以上门推销、会议营销、集中授课、健康讲座、专家义诊、免费检查、免费体验等方式向老年人推销保健产品或者声称具有保健功能产品的行为，《条例》明确禁止虚构或者夸大产品的治疗、保健、养生等功效。同时，创设“老年人线下七日无理由退货”等特色保护制度。

江保国表示，相关规定为会议营销、上门推销等特定营销场景设计了“冷静期”机制，旨在破解“冲动消费”与“后悔权”之间的现实矛盾，帮助老年人在信息不对称的促销氛围中仍能守住自己的“钱袋子”。

11周岁的刘某使用其外公手机号注册未实名认证的某平台账号，短短十几天，在多个直播间购买“盲盒代拆”商品逾百笔，累计消费近3.8万元……日前，广州互联网法院通报此案，认定该消费行为与其年龄、智力不相适应，合同无效，经营者应承担相应退款责任。

考虑到未成年人的身心健康，《条例》规定经营者不得刊登、播放、张贴或者散播含有危害未成年人身心健康内容的信息和广告，还明确了网络产品和服务提供者不得向未成年人提供诱导其沉迷的产品和服务。

对于网络游戏、网络直播、网络音视频、网络社交等网络服务提供者，《条例》明确其应当设置未成年人模式，在使用时段、时长、功能和内容等方面按照国家有关规定和标准提供相应的服务，合理限制未成年人在使用其服务时的单次消费数额、单日累计消费数额，不得向未成年人提供与其民事行为能力不符的付费服务，并以醒目、便捷的方式为监护人履行监护职责提供时间管理、权限管理、消费管理等功能。

除了强化“一老一小”消费保护，《条例》还对餐饮服务、客运经营、驾驶培训、旅游经营、票务服务、装修服务、非学历教育培训、中介服务、跨境电商零售进口等重点领域作出专门规定。

推进跨境消费权益保护协作

提供便捷的跨境消费投诉处理渠道，共建宜居宜业宜游的放心消费环境

随着粤港澳大湾区融合发展，“南下”购物与“北上”消费的双向奔赴成为常态，但跨境消费维权的痛点也随之浮现。

在澳门上学的小陈因牙齿不美观，2023年前往珠海一家口腔门诊部就诊。在医生建议下，他接受了拔掉4颗健康牙齿做全口隐形正畸的方案，累计支付2.68万元。

然而在后续的两年数十次复诊中，不仅主治医生更换了3名，正畸效果也远未达预期，反复出现缺牙间隙牙槽骨凹陷、牙齿松动等问题，导致咬合进食受阻、面部对称性受影响。

两年间频繁请假往返澳粤复诊，小陈身心和学业受到严重影响，无奈之下向珠海消委会投诉。接诉后珠海消委会详细梳理经过、仔细核对证据并多次与涉事门诊部沟通协调释法，最终门诊部退还全部治疗费并赔偿损失合计12.6万元。

“由于相关法律标准、维权流程等的不同，消费者在遇到购物、服务和预售消费纠纷时，跨境维权不够顺畅。”澳门南山青年协会副会长余馥芳说，三地消费者跨境维权面临不少问题，亟待立法回应。

“最初，大湾区协作仅在《条例》中有所涉及，但在调研中我们发现消费者跨境维权问题重重，结合广东实际并征求港澳等各方面的意见，决定专门开展‘小快灵’立法。”李琼说，《条例》作出宏观指引性规定，《规定》则进行细化，共11条，不分章节，将粤港澳三地多年形成的协作经验与成熟做法上升为制度规范，推进大湾区消费者权益保护协作规则机制“软联通”。

近年来，三地在跨境消费权益保护协作方面已有不少前期探索成果。2019年，三地消委会分别签署消费维权合作协议，正式开通“粤港澳大湾区消费投诉转办平台”。通过平台，港澳消费者可直接向广东省消委会或珠三角9市消委会投诉，广东省内消费者关于港澳的消费投诉也可实现“一网转办”。

为进一步提升维权效率，《规定》要求健全跨境投诉纠纷处理机制，明确支持省消费者委员会依法建设、优化粤港澳大湾区消费投诉转办平台，加强数据安全管理。

《规定》明确三地消委会建立常态化联动协作机制，探索通过交流会等方式加强互动交流，加强跨境常态化联动与信息共享，加强消费教育与风险预警协作。同时，支持三地通过放心消费商家、诚信店培育活动等方式开展跨境消费诚信共建，增强跨境消费体验。

广东省消费者委员会副秘书长黄冠英表示，将持续落实三地联动协作等制度，稳步推进消费维权领域“湾区标准”编制，共建宜居宜业宜游的湾区放心消费环境。",亓玉昆  姜晓丹,民主政治,,https://paper.people.com.cn/rmrb/pc/content/202608/13/content_30174718.html,2026-08-13,"['消费', '消费者', '消委会', '广东省', '条例', '粤港澳', '跨境', '三地', '规定', '大湾']","广东省江门市，第四届中国侨都（江门）咖啡节，商家展示一款特调咖啡。新华社记者  毛思倩摄
广东省江门市，第四届中国侨都（江门）咖啡节，商家展示一款特调咖啡。
新华社记者  毛思倩摄",政治,,,[],data/vault/2026/08/2026-08-13/18-民主政治/立法“1+1＞2”，让消费更放心（坚持和完善人民代表大会制度）.md,18,民主政治
推动古老戏曲现代传播（履职故事）,"“如何让更多年轻人爱上京剧？”全国人大代表，中国戏剧家协会主席、京剧表演艺术家孟广禄一直在琢磨，古老戏曲在当代社会还可以有怎样的“打开方式”和“圈粉模式”。
前不久，得知要参加一场汇聚众多同行与观众的戏曲嘉年华活动，孟广禄很高兴——这是一个调研的好机会。他早早来到现场，走进人群，拉家常、问感受、听难处、记诉求。
“戏曲在守正的基础上，要贴合时代节奏、贴近大众审美，赢得大众喜爱。”调研中，孟广禄有不少感受和收获，“现场的教学与体验，很新颖，受欢迎。近些年，戏曲与文旅深度融合，走进寻常生活，让更多人自发参与。下一步要持续与校园美育、文旅产业相结合，开发戏曲文创、线下体验课堂，激活行业内生动力。”
观众在哪里，孟广禄便唱到哪里。他在不同舞台、平台演绎裘派经典，也尝试用当代人喜欢的方式推广京剧。做客电视节目，细说拜师学艺、钻研铜锤花脸的经历；参与跨界栏目，跳出专业戏曲固有语境，用平实易懂的语言讲解行当、身段、板式等基础常识……每场演出都是他走访调研的过程，他听台下观众的反馈，看网友的留言，问大家日常看戏的渠道在哪里、对戏曲创新还有什么期待，等等。
2023年全国两会上，孟广禄建议国家继续加大对中华优秀传统文化传承的支持力度，提出用好直播这类新平台，点燃青年群体的传统文化热情。“舞台呈现上，合理运用多媒体、光影、数字视听等现代技术，优化舞台叙事逻辑，贴合青年审美；传播上，依托全媒体平台开展分众、精准传播，持续推动戏曲走出国门。”孟广禄建议。
他欣喜地看到，今年中宣部等5部门联合印发的《戏剧振兴三年行动计划（2026—2028年）》，提出“推动科技赋能戏剧创作传播，支持院团积极运用互联网、人工智能等新技术手段”。孟广禄建议，继续用直播方式呈现中华优秀传统文化中的精品内容，让网民在感受传统文化魅力的过程中增强文化自信。
“繁荣互联网条件下新大众文艺”写入“十五五”规划纲要和今年的《政府工作报告》。孟广禄又开始思考新大众文艺时代戏曲何为。以中央广播电视总台首届戏曲知音大会为契机，各年龄段、各行各业的戏曲爱好者携近百个剧种登台表演，孟广禄从中看到烟火日常里的热爱：“每一段质朴演绎，都让我真切读懂戏曲深厚的人民性，清晰看见传统艺术要始终与时代同向、与人民同行。”
对此，孟广禄准备就推动戏曲在新大众文艺群体中传承、弘扬和传播，提出相关建议。“戏曲自民间而生，每一位心生喜爱、愿意走近戏曲、开口唱戏的普通人，都是戏曲珍贵的知己。建议持续发掘青年演员、少年学习者、民间票友，搭建老中青接续传承的梯队。”
孟广禄说，新时代机遇无限，戏曲人要守正创新，抓住年轻观众的心，中华戏曲的美好未来值得期待。","### 全国人大代表孟广禄——

# 推动古老戏曲现代传播（履职故事）

> 本报记者  郑海鸥《人民日报》（2026年08月13日第 18 版）

“如何让更多年轻人爱上京剧？”全国人大代表，中国戏剧家协会主席、京剧表演艺术家孟广禄一直在琢磨，古老戏曲在当代社会还可以有怎样的“打开方式”和“圈粉模式”。

前不久，得知要参加一场汇聚众多同行与观众的戏曲嘉年华活动，孟广禄很高兴——这是一个调研的好机会。他早早来到现场，走进人群，拉家常、问感受、听难处、记诉求。

“戏曲在守正的基础上，要贴合时代节奏、贴近大众审美，赢得大众喜爱。”调研中，孟广禄有不少感受和收获，“现场的教学与体验，很新颖，受欢迎。近些年，戏曲与文旅深度融合，走进寻常生活，让更多人自发参与。下一步要持续与校园美育、文旅产业相结合，开发戏曲文创、线下体验课堂，激活行业内生动力。”

观众在哪里，孟广禄便唱到哪里。他在不同舞台、平台演绎裘派经典，也尝试用当代人喜欢的方式推广京剧。做客电视节目，细说拜师学艺、钻研铜锤花脸的经历；参与跨界栏目，跳出专业戏曲固有语境，用平实易懂的语言讲解行当、身段、板式等基础常识……每场演出都是他走访调研的过程，他听台下观众的反馈，看网友的留言，问大家日常看戏的渠道在哪里、对戏曲创新还有什么期待，等等。

2023年全国两会上，孟广禄建议国家继续加大对中华优秀传统文化传承的支持力度，提出用好直播这类新平台，点燃青年群体的传统文化热情。“舞台呈现上，合理运用多媒体、光影、数字视听等现代技术，优化舞台叙事逻辑，贴合青年审美；传播上，依托全媒体平台开展分众、精准传播，持续推动戏曲走出国门。”孟广禄建议。

他欣喜地看到，今年中宣部等5部门联合印发的《戏剧振兴三年行动计划（2026—2028年）》，提出“推动科技赋能戏剧创作传播，支持院团积极运用互联网、人工智能等新技术手段”。孟广禄建议，继续用直播方式呈现中华优秀传统文化中的精品内容，让网民在感受传统文化魅力的过程中增强文化自信。

“繁荣互联网条件下新大众文艺”写入“十五五”规划纲要和今年的《政府工作报告》。孟广禄又开始思考新大众文艺时代戏曲何为。以中央广播电视总台首届戏曲知音大会为契机，各年龄段、各行各业的戏曲爱好者携近百个剧种登台表演，孟广禄从中看到烟火日常里的热爱：“每一段质朴演绎，都让我真切读懂戏曲深厚的人民性，清晰看见传统艺术要始终与时代同向、与人民同行。”

对此，孟广禄准备就推动戏曲在新大众文艺群体中传承、弘扬和传播，提出相关建议。“戏曲自民间而生，每一位心生喜爱、愿意走近戏曲、开口唱戏的普通人，都是戏曲珍贵的知己。建议持续发掘青年演员、少年学习者、民间票友，搭建老中青接续传承的梯队。”

孟广禄说，新时代机遇无限，戏曲人要守正创新，抓住年轻观众的心，中华戏曲的美好未来值得期待。",郑海鸥,民主政治,,https://paper.people.com.cn/rmrb/pc/content/202608/13/content_30174720.html,2026-08-13,"['戏曲', '孟广禄', '大众', '传播', '观众', '传承', '传统', '建议', '京剧', '文化']","“如何让更多年轻人爱上京剧？”全国人大代表，中国戏剧家协会主席、京剧表演艺术家孟广禄一直在琢磨，古老戏曲在当代社会还可以有怎样的“打开方式”和“圈粉模式”。
前不久，得知要参加一场汇聚众多同行与观众的戏曲嘉年华活动，孟广禄很高兴——这是一个调研的好机会。他早早来到现场，走进人群，拉家常、问感受、听难处、记诉求。
“戏曲在守正的基础上，要贴合时代节奏、贴近大众审美，赢得大众喜爱。”调研中，孟广禄有不少感受和收获，“现场的教学与体验，很新颖，受欢迎。近些年，戏曲与文旅深度融合，走进寻常生活，让更多人自发参与。下一步要持续与校园美育、文旅产业相结合，开发戏曲文创、线下体验课堂，激活行业内生动力。”",政治,,,[],data/vault/2026/08/2026-08-13/18-民主政治/推动古老戏曲现代传播（履职故事）.md,18,民主政治
趣游云南  激发暑期经济新活力,"8月的滇池，湖风清凉，咖香四溢。
8月1日至9日，以“滇咖聚 万物生”为主题的2026滇池国际咖啡文化嘉年华在云南省昆明市举行。来自52个城市的200余辆特色咖啡车环湖集结，300余场主题活动与200余场音乐演艺轮番上演。从咖啡品鉴到场景打卡，从民族风情体验到环湖艺术展演，各类特色活动亮点纷呈，咖啡的醇香与22摄氏度的清凉交织，吸引了八方游客。这场为期9天的咖啡盛会，正是云南暑期经济的生动缩影。
今年暑运期间，中国铁路昆明局集团有限公司预计发送旅客2790万人次。多家平台数据显示，云南稳居全国长线避暑旅游热门省份前三，暑期旅游预订量同比增长42.7%。用好“凉资源”，撬动“热经济”，云南正以一杯咖啡、一场清凉、一季活动，激发暑期经济新活力。
一杯咖啡，串起消费新场景
咖啡，是今年云南暑期经济的一抹亮色。滇池国际咖啡文化嘉年华自2024年创办以来，持续深耕“咖啡+滇池文旅”特色赛道，已成长为面向南亚东南亚、具有全国影响力的标志性咖啡文化盛会。
从滇池到雪山，从峡谷到雨林，咖啡正以不同形态融入云南各地的暑期消费场景。丽江玉龙雪山脚下，“一杯咖啡看雪山”特色文旅品牌持续升温。丽江全域举办咖啡季，设1个主会场、4个分会场，白沙古镇集聚咖啡馆130余家，咖啡主题博物馆成为游客热门打卡点。
怒江大峡谷深处，G219美丽公路沿线溶洞咖啡馆、峡谷咖啡庄园里人声鼎沸，“一路有咖香、一村一特色”的格局初步成形。德宏傣族景颇族自治州依托边境风情与乡村生态，在芒市、梁河县等地打造一批融合自然景观与人文意趣的咖啡消费新空间。临沧市将年均18.8摄氏度的“恒春”气候禀赋转化为文旅吸引力，依托古树茶山、佤族村寨等资源，推出“茶咖”融合新饮品和实景打卡路线。玉溪抚仙湖畔，临湖网红咖啡集群采用“咖啡+旅拍+落日音乐会”运营模式，热门咖啡馆节假日日均接待超千人。
一杯杯咖啡，串联起高原湖泊、雪山峡谷、热带雨林，也串联起云南暑期经济的多元脉络。
一场清凉，成就避暑好去处
如果说咖啡是云南暑期经济的“味道”，那清凉就是云南之夏的“底色”。
云南7月平均气温仅21.9摄氏度，全省129个县（市、区）中有95个夏季均温在19摄氏度到24摄氏度之间。依托这份独特的气候家底，各地纷纷打出“清凉牌”。
昭通市素有“秋城”美誉，平均海拔约1950米，夏季均温约20摄氏度。今年，昭通以“清凉一夏·嗨玩昭通”为主题，策划推出196项、1064场次避暑系列文旅活动，大山包、小草坝等生态景区客流持续走高，避暑旅居人群日渐增多，森林乡村成为长住游客的热门选择。
怒江大峡谷最热月平均气温仅22.2摄氏度，森林覆盖率67.77%，负氧离子含量常年保持在2000个/立方厘米以上。丽江市依托64.48%的森林覆盖率、夏季20摄氏度的天然避暑条件，建成A级旅游景区44家，丽江古城景区7月接待游客608.9万人次，日均近20万人次，避暑游客占比超五成。临沧市被中国气象局国家气候中心评价为“全域恒春、全季宜居”，成为康养旅居热门目的地。
当清凉气候遇上旅居需求，“气候资源”便成了实实在在的“经济流量”。平台数据显示，今年全国暑期连住15天及以上旅居订单同比上涨22%，云南旅居订单同比上涨52%，涨幅位居全国前列。今年暑期，大理民宿预订量保持高速增长，7月1日至13日大理站累计开行列车889.5对，输送旅客93.14万人次。在云南，旅游正在从“赶行程”变成“过生活”。
一季活动，点燃假日大市场
有了清凉的气候和醇香的咖啡，还得有丰富的活动把人留住。
昆明市打出“喝咖啡、吃菌子、过火把节、追滇风”的“组合牌”。除滇池国际咖啡文化嘉年华外，依托野生菌上市季推出专属食菌季旅游线路，全新升级的滇池绿道从单一骑行道升级为复合型生态文旅体验廊道，精准投放的1000万元“彩云美物”消费券覆盖2000余家商户。
楚雄彝族自治州在火把节期间，开展了15项精品活动，包括庄重盛大的祭火大典、万人左脚舞汇成的欢乐海洋，全州同步推出景区门票减免、住宿补贴等惠民政策，实现从“客流”到“客留”的转化。
文山壮族苗族自治州丘北县将花脸节从“一天节”延伸为“一季火”，活动自7月18日持续至8月18日，联动荷花节、火把节，推出“天天抹花脸”沉浸式体验。活动开展以来，普者黑景区水上桨板项目单日最高接待400余人次，夜游项目吸引游客超20万人次，带动综合收入突破8000万元。
怒江傈僳族自治州健全“月月有活动、季季有亮点、全年有精彩”的文旅活动体系，依托国家级非遗项目怒族仙女节推出无人机光影秀、千人篝火等17项活动；泸水市以10公里精英赛为载体，吸引6000名跑者跑进自然风光、民族风情，串联多项主题场景。
德宏州则将国家级非遗项目景颇族目瑙纵歌从正月举办的民族节日拓展为贯穿暑期的文化IP。7月中旬，云南民族村目瑙纵歌率先引动暑期热潮；随后活动在玉龙雪山脚下开展，万人共舞、篝火打跳接连登场。第十届南博会期间，德宏展区每天组织互动体验，半小时沉浸式歌舞让游客“一站式”感受边陲风情。德宏州5个县市每天都有目瑙纵歌体验活动，非遗跨区域联动展演，让文化消费持续升温。
玉溪市依托抚仙湖、星云湖、杞麓湖布局水上休闲、低空观光等多元业态。丽江民谣音乐季覆盖6月至11月，古城大水车旁开放式街头舞台常态化上演，丰富游客夜间游览体验，延长停留时间。
旅游是云南最突出的比较优势之一。从滇池畔的咖啡嘉年华到全域接连不断的节庆赛事，云南正用一杯咖啡、一场清凉、一季活动，把暑期游客引进来、留下来。绿水青山正在转化为实实在在的收入——824个自然村因旅居而受益，越来越多群众在家门口吃上了“旅游饭”。这个暑期，“有一种叫云南的生活”就是游客舌尖的咖啡香、耳畔的民谣声、眼底的好风光。
数据来源：中共云南省委宣传部","### 品咖啡  享清凉

# 趣游云南  激发暑期经济新活力

> 《人民日报》（2026年08月13日第 19 版）

8月的滇池，湖风清凉，咖香四溢。

8月1日至9日，以“滇咖聚 万物生”为主题的2026滇池国际咖啡文化嘉年华在云南省昆明市举行。来自52个城市的200余辆特色咖啡车环湖集结，300余场主题活动与200余场音乐演艺轮番上演。从咖啡品鉴到场景打卡，从民族风情体验到环湖艺术展演，各类特色活动亮点纷呈，咖啡的醇香与22摄氏度的清凉交织，吸引了八方游客。这场为期9天的咖啡盛会，正是云南暑期经济的生动缩影。

今年暑运期间，中国铁路昆明局集团有限公司预计发送旅客2790万人次。多家平台数据显示，云南稳居全国长线避暑旅游热门省份前三，暑期旅游预订量同比增长42.7%。用好“凉资源”，撬动“热经济”，云南正以一杯咖啡、一场清凉、一季活动，激发暑期经济新活力。

一杯咖啡，串起消费新场景

咖啡，是今年云南暑期经济的一抹亮色。滇池国际咖啡文化嘉年华自2024年创办以来，持续深耕“咖啡+滇池文旅”特色赛道，已成长为面向南亚东南亚、具有全国影响力的标志性咖啡文化盛会。

从滇池到雪山，从峡谷到雨林，咖啡正以不同形态融入云南各地的暑期消费场景。丽江玉龙雪山脚下，“一杯咖啡看雪山”特色文旅品牌持续升温。丽江全域举办咖啡季，设1个主会场、4个分会场，白沙古镇集聚咖啡馆130余家，咖啡主题博物馆成为游客热门打卡点。

怒江大峡谷深处，G219美丽公路沿线溶洞咖啡馆、峡谷咖啡庄园里人声鼎沸，“一路有咖香、一村一特色”的格局初步成形。德宏傣族景颇族自治州依托边境风情与乡村生态，在芒市、梁河县等地打造一批融合自然景观与人文意趣的咖啡消费新空间。临沧市将年均18.8摄氏度的“恒春”气候禀赋转化为文旅吸引力，依托古树茶山、佤族村寨等资源，推出“茶咖”融合新饮品和实景打卡路线。玉溪抚仙湖畔，临湖网红咖啡集群采用“咖啡+旅拍+落日音乐会”运营模式，热门咖啡馆节假日日均接待超千人。

一杯杯咖啡，串联起高原湖泊、雪山峡谷、热带雨林，也串联起云南暑期经济的多元脉络。

一场清凉，成就避暑好去处

如果说咖啡是云南暑期经济的“味道”，那清凉就是云南之夏的“底色”。

云南7月平均气温仅21.9摄氏度，全省129个县（市、区）中有95个夏季均温在19摄氏度到24摄氏度之间。依托这份独特的气候家底，各地纷纷打出“清凉牌”。

昭通市素有“秋城”美誉，平均海拔约1950米，夏季均温约20摄氏度。今年，昭通以“清凉一夏·嗨玩昭通”为主题，策划推出196项、1064场次避暑系列文旅活动，大山包、小草坝等生态景区客流持续走高，避暑旅居人群日渐增多，森林乡村成为长住游客的热门选择。

怒江大峡谷最热月平均气温仅22.2摄氏度，森林覆盖率67.77%，负氧离子含量常年保持在2000个/立方厘米以上。丽江市依托64.48%的森林覆盖率、夏季20摄氏度的天然避暑条件，建成A级旅游景区44家，丽江古城景区7月接待游客608.9万人次，日均近20万人次，避暑游客占比超五成。临沧市被中国气象局国家气候中心评价为“全域恒春、全季宜居”，成为康养旅居热门目的地。

当清凉气候遇上旅居需求，“气候资源”便成了实实在在的“经济流量”。平台数据显示，今年全国暑期连住15天及以上旅居订单同比上涨22%，云南旅居订单同比上涨52%，涨幅位居全国前列。今年暑期，大理民宿预订量保持高速增长，7月1日至13日大理站累计开行列车889.5对，输送旅客93.14万人次。在云南，旅游正在从“赶行程”变成“过生活”。

一季活动，点燃假日大市场

有了清凉的气候和醇香的咖啡，还得有丰富的活动把人留住。

昆明市打出“喝咖啡、吃菌子、过火把节、追滇风”的“组合牌”。除滇池国际咖啡文化嘉年华外，依托野生菌上市季推出专属食菌季旅游线路，全新升级的滇池绿道从单一骑行道升级为复合型生态文旅体验廊道，精准投放的1000万元“彩云美物”消费券覆盖2000余家商户。

楚雄彝族自治州在火把节期间，开展了15项精品活动，包括庄重盛大的祭火大典、万人左脚舞汇成的欢乐海洋，全州同步推出景区门票减免、住宿补贴等惠民政策，实现从“客流”到“客留”的转化。

文山壮族苗族自治州丘北县将花脸节从“一天节”延伸为“一季火”，活动自7月18日持续至8月18日，联动荷花节、火把节，推出“天天抹花脸”沉浸式体验。活动开展以来，普者黑景区水上桨板项目单日最高接待400余人次，夜游项目吸引游客超20万人次，带动综合收入突破8000万元。

怒江傈僳族自治州健全“月月有活动、季季有亮点、全年有精彩”的文旅活动体系，依托国家级非遗项目怒族仙女节推出无人机光影秀、千人篝火等17项活动；泸水市以10公里精英赛为载体，吸引6000名跑者跑进自然风光、民族风情，串联多项主题场景。

德宏州则将国家级非遗项目景颇族目瑙纵歌从正月举办的民族节日拓展为贯穿暑期的文化IP。7月中旬，云南民族村目瑙纵歌率先引动暑期热潮；随后活动在玉龙雪山脚下开展，万人共舞、篝火打跳接连登场。第十届南博会期间，德宏展区每天组织互动体验，半小时沉浸式歌舞让游客“一站式”感受边陲风情。德宏州5个县市每天都有目瑙纵歌体验活动，非遗跨区域联动展演，让文化消费持续升温。

玉溪市依托抚仙湖、星云湖、杞麓湖布局水上休闲、低空观光等多元业态。丽江民谣音乐季覆盖6月至11月，古城大水车旁开放式街头舞台常态化上演，丰富游客夜间游览体验，延长停留时间。

旅游是云南最突出的比较优势之一。从滇池畔的咖啡嘉年华到全域接连不断的节庆赛事，云南正用一杯咖啡、一场清凉、一季活动，把暑期游客引进来、留下来。绿水青山正在转化为实实在在的收入——824个自然村因旅居而受益，越来越多群众在家门口吃上了“旅游饭”。这个暑期，“有一种叫云南的生活”就是游客舌尖的咖啡香、耳畔的民谣声、眼底的好风光。

数据来源：中共云南省委宣传部",,广告,,https://paper.people.com.cn/rmrb/pc/content/202608/13/content_30174722.html,2026-08-13,"['咖啡', '暑期', '云南', '清凉', '滇池', '游客', '摄氏度', '文旅', '活动', '旅居']","8月的滇池，湖风清凉，咖香四溢。
8月1日至9日，以“滇咖聚 万物生”为主题的2026滇池国际咖啡文化嘉年华在云南省昆明市举行。来自52个城市的200余辆特色咖啡车环湖集结，300余场主题活动与200余场音乐演艺轮番上演。从咖啡品鉴到场景打卡，从民族风情体验到环湖艺术展演，各类特色活动亮点纷呈，咖啡的醇香与22摄氏度的清凉交织，吸引了八方游客。这场为期9天的咖啡盛会，正是云南暑期经济的生动缩影。
今年暑运期间，中国铁路昆明局集团有限公司预计发送旅客2790万人次。多家平台数据显示，云南稳居全国长线避暑旅游热门省份前三，暑期旅游预订量同比增长42.7%。用好“凉资源”，撬动“热经济”，云南正以一杯咖啡、一场清凉、一季活动，激发暑期经济新活力。",政治,,,[],data/vault/2026/08/2026-08-13/19-广告/趣游云南 激发暑期经济新活力.md,19,广告
戏曲经典化，从折子戏抓起（艺文观察·戏剧振兴进行时）,"2026年经典折子戏展演观演现场。资料图片
2026年经典折子戏展演观演现场。
资料图片
2026年经典折子戏展演好戏连台。谢涛一出晋剧《回家》唱出了“烂柯山”的时代新意；李梅、王航、杨运通力合作，呈现秦腔《鬼怨·杀生》中“软卧鱼”“吐火”等绝技表演，尽显中国戏曲集体创造的魅力；陈丽俐、杨霞云、楼胜三朵“梅花”让盛演60多年的婺剧《断桥》技艺臻于艺术新高峰……20天，20场，81部折子戏，30个省区市42个剧种的名家及代表作集中亮相，凸显了中国戏曲的艺术之美，彰显了当代戏曲的传承发展规律。这项由中宣部、文化和旅游部共同组织推动的活动，成为贯彻落实《戏剧振兴三年行动计划（2026—2028年）》、推动中国戏曲高质量发展的重要举措。走近这场活动，我们可一窥戏曲传承发展的规律。
折子戏的形成，代表了众多舞台艺术作品走向经典的规律
折子戏是戏曲剧目库里的短剧，或从全本大戏中独立而来，或因题材适于小格局而自成短章。其艺术呈现鲜明的特点：结构短小，情节集中，人物关系起承转合有致，演员技艺唱念做打精巧。折子戏之所以经典，就在于它是戏曲技艺和舞台美学的高度凝练，就在于它大多经过长时间的舞台打磨提升，接受了一代代观众的艺术检验。
折子戏的形成是长时间观演互动中戏曲创造性的必然结果，代表了众多舞台艺术作品走向经典的规律，映射出中国戏曲传承发展的正道所在。以建设性的艺术立场推动经典创造，规避舞台艺术的无序发展和创新的不可持续，是今天戏曲创作演出需要正视的课题。
经典折子戏之于特定剧种，确立了特定剧种、特定行当乃至于特定流派的艺术高度，达到了以戏保人、以戏推人、以戏塑人的艺术品位。同时，经典折子戏需要演员始终保持创造活力，来实现以人保戏、以人演戏、以人创戏的艺术境界。
此次参加展演的折子戏，大多由本剧种的名家主演，不少主演已有40年以上的舞台经验。他们的演绎炉火纯青，最能体现“人”在戏曲经典性的创造力。还有一些演员，用自己的青春活力和不断增强的表演技艺，让观众看到演员与作品并臻至善的成长过程，享受“见证经典”的艺术惊喜。
比如，几年前在“全国地方戏精粹展演”“艺苑撷英”等展演活动中，人们看到了桂剧《打棍出箱》的惊险和精彩。演员用高难度技术技巧完成了人物在开箱合箱之间的“三跌四出”，以及在功架造型之间水袖、梢子、褶子、髯口的全面技能，让观众惊叹。当时演出该剧的演员王培20岁出头，经过几年历练，在此次经典折子戏展演中，他已经把《打棍出箱》展现出“戏”应有的艺术高度。沉稳的身段、妥帖的气质、流畅的唱腔，把技术技巧融于角色的状态之中。
从折子戏“人”“戏”互保的艺术辩证中，我们恰恰可以看到青年人才的培养和蜕变。近年来，大批优秀的中青年戏曲名家逐渐成为舞台艺术的引领者，他们在大量的舞台实践中，展现个人独特的艺术个性，形成各自剧种流播区的流量，同时也让经典折子戏附加上了时尚气息，带动更多观众成为传统戏曲的维护者。闫东的《燕青卖线》如此，陈丽俐、杨霞云、楼胜的《断桥》更是如此。从青年演员的成长变化，我们能看到国家和地方在推动人才培养等方面的助力。在大量舞台实践中，青年演员完全有能力传承好剧种艺术经典。
倡导戏曲院团推进经典打造，实现戏曲创作演出生态环境的良性发展
戏曲院团完整的艺术团队和齐备的人才队伍是其创造力的重要标识。忽略戏曲院团的良性发展和积极建设，戏曲艺术就很难保留其经典品质。此次展演活动，既在检验各剧种经典剧目的传承水平，也在检验当前戏曲艺术家的创作经验，更在检验戏曲艺术院团的传承能力。
曾经，山东梆子的保护是山东戏曲艺术中被忽略的一环。从“山东省梆子剧团”的建制，便可明晰：该团前身是“菏泽专署人民剧社”（原为大兴班），1958年6月以该剧社为基础，从济宁地区调集著名老艺人在济南成立省团。1986年，更名为省团山东省艺术服务中心；2018年，山东省艺术服务中心划转至山东省文化艺术学校；2020年经山东省文化和旅游厅批准，山东省文化艺术学校组建内设山东梆子实验剧团；2026年3月，经山东省文旅厅党组同意，将山东梆子实验剧团整体划转至山东省柳子戏艺术保护传承中心。一个省团近70年的体制变迁如此曲折，山东梆子的生存发展困境可见一斑。
新时代以来，得益于对中华优秀传统文化的高度重视和政策护航，山东梆子剧团涅槃重生。此次展演的山东梆子《老羊山·诉堂》，展现了一个优秀戏曲院团该有的精气神，以及这个剧团文武兼备的艺术水准。一部经典折子戏的演出，让人看到一个剧种恢复生机活力后带给观众的惊喜，这正是新时代各项利好的戏曲政策带来的必然结果。
2025年，文化和旅游部公布了“戏曲创作优秀案例”，从全国范围内遴选出80部优秀作品，以此号召“坚持出成果和出人才相结合、抓作品和抓环境相贯通”的创作演出要求。今年公布的《戏剧振兴三年行动计划（2026—2028年）》，同样以此为要求，特别提出“建立经典保留剧目库”，希望“各级各类院团梳理长演不衰的经典保留剧目，做好整理研究和演出推广工作。支持优秀传统经典剧目复排和重点保留剧目提升，推动优秀传统经典剧目规范传承和重点保留剧目不断完善、演出”。显然，经典折子戏展演活动，旨在倡导戏曲院团推进经典打造，要把包括折子戏在内的保留剧目、优秀精品，长期不断地进行完善、打磨，在多元化的戏曲创作排演格局中，将“经典性”作为重要的目标，实现戏曲创作演出生态环境的良性发展。
此次展演的经典折子戏，荟萃了众多戏曲剧种的代表性院团，它们或扎根基层，用长期的文化坚守，保存戏曲优秀基因；或致力于创新，用优秀的艺术创作，推动戏曲优秀传统持续绵延。这些院团撑起了一个个艺术名家，也有序地传承了优秀的艺术经典。名家、名团、名剧，相映成趣，共同营建起戏曲良性发展空间。这对于今天戏曲院团建设无疑是具有积极意义的。
（作者为中国艺术研究院戏曲研究所所长、中国戏曲学会会长）","# 戏曲经典化，从折子戏抓起（艺文观察·戏剧振兴进行时）

> 王  馗《人民日报》（2026年08月13日第 20 版）

2026年经典折子戏展演观演现场。　　资料图片

2026年经典折子戏展演观演现场。

资料图片

2026年经典折子戏展演好戏连台。谢涛一出晋剧《回家》唱出了“烂柯山”的时代新意；李梅、王航、杨运通力合作，呈现秦腔《鬼怨·杀生》中“软卧鱼”“吐火”等绝技表演，尽显中国戏曲集体创造的魅力；陈丽俐、杨霞云、楼胜三朵“梅花”让盛演60多年的婺剧《断桥》技艺臻于艺术新高峰……20天，20场，81部折子戏，30个省区市42个剧种的名家及代表作集中亮相，凸显了中国戏曲的艺术之美，彰显了当代戏曲的传承发展规律。这项由中宣部、文化和旅游部共同组织推动的活动，成为贯彻落实《戏剧振兴三年行动计划（2026—2028年）》、推动中国戏曲高质量发展的重要举措。走近这场活动，我们可一窥戏曲传承发展的规律。

折子戏的形成，代表了众多舞台艺术作品走向经典的规律

折子戏是戏曲剧目库里的短剧，或从全本大戏中独立而来，或因题材适于小格局而自成短章。其艺术呈现鲜明的特点：结构短小，情节集中，人物关系起承转合有致，演员技艺唱念做打精巧。折子戏之所以经典，就在于它是戏曲技艺和舞台美学的高度凝练，就在于它大多经过长时间的舞台打磨提升，接受了一代代观众的艺术检验。

折子戏的形成是长时间观演互动中戏曲创造性的必然结果，代表了众多舞台艺术作品走向经典的规律，映射出中国戏曲传承发展的正道所在。以建设性的艺术立场推动经典创造，规避舞台艺术的无序发展和创新的不可持续，是今天戏曲创作演出需要正视的课题。

经典折子戏之于特定剧种，确立了特定剧种、特定行当乃至于特定流派的艺术高度，达到了以戏保人、以戏推人、以戏塑人的艺术品位。同时，经典折子戏需要演员始终保持创造活力，来实现以人保戏、以人演戏、以人创戏的艺术境界。

此次参加展演的折子戏，大多由本剧种的名家主演，不少主演已有40年以上的舞台经验。他们的演绎炉火纯青，最能体现“人”在戏曲经典性的创造力。还有一些演员，用自己的青春活力和不断增强的表演技艺，让观众看到演员与作品并臻至善的成长过程，享受“见证经典”的艺术惊喜。

比如，几年前在“全国地方戏精粹展演”“艺苑撷英”等展演活动中，人们看到了桂剧《打棍出箱》的惊险和精彩。演员用高难度技术技巧完成了人物在开箱合箱之间的“三跌四出”，以及在功架造型之间水袖、梢子、褶子、髯口的全面技能，让观众惊叹。当时演出该剧的演员王培20岁出头，经过几年历练，在此次经典折子戏展演中，他已经把《打棍出箱》展现出“戏”应有的艺术高度。沉稳的身段、妥帖的气质、流畅的唱腔，把技术技巧融于角色的状态之中。

从折子戏“人”“戏”互保的艺术辩证中，我们恰恰可以看到青年人才的培养和蜕变。近年来，大批优秀的中青年戏曲名家逐渐成为舞台艺术的引领者，他们在大量的舞台实践中，展现个人独特的艺术个性，形成各自剧种流播区的流量，同时也让经典折子戏附加上了时尚气息，带动更多观众成为传统戏曲的维护者。闫东的《燕青卖线》如此，陈丽俐、杨霞云、楼胜的《断桥》更是如此。从青年演员的成长变化，我们能看到国家和地方在推动人才培养等方面的助力。在大量舞台实践中，青年演员完全有能力传承好剧种艺术经典。

倡导戏曲院团推进经典打造，实现戏曲创作演出生态环境的良性发展

戏曲院团完整的艺术团队和齐备的人才队伍是其创造力的重要标识。忽略戏曲院团的良性发展和积极建设，戏曲艺术就很难保留其经典品质。此次展演活动，既在检验各剧种经典剧目的传承水平，也在检验当前戏曲艺术家的创作经验，更在检验戏曲艺术院团的传承能力。

曾经，山东梆子的保护是山东戏曲艺术中被忽略的一环。从“山东省梆子剧团”的建制，便可明晰：该团前身是“菏泽专署人民剧社”（原为大兴班），1958年6月以该剧社为基础，从济宁地区调集著名老艺人在济南成立省团。1986年，更名为省团山东省艺术服务中心；2018年，山东省艺术服务中心划转至山东省文化艺术学校；2020年经山东省文化和旅游厅批准，山东省文化艺术学校组建内设山东梆子实验剧团；2026年3月，经山东省文旅厅党组同意，将山东梆子实验剧团整体划转至山东省柳子戏艺术保护传承中心。一个省团近70年的体制变迁如此曲折，山东梆子的生存发展困境可见一斑。

新时代以来，得益于对中华优秀传统文化的高度重视和政策护航，山东梆子剧团涅槃重生。此次展演的山东梆子《老羊山·诉堂》，展现了一个优秀戏曲院团该有的精气神，以及这个剧团文武兼备的艺术水准。一部经典折子戏的演出，让人看到一个剧种恢复生机活力后带给观众的惊喜，这正是新时代各项利好的戏曲政策带来的必然结果。

2025年，文化和旅游部公布了“戏曲创作优秀案例”，从全国范围内遴选出80部优秀作品，以此号召“坚持出成果和出人才相结合、抓作品和抓环境相贯通”的创作演出要求。今年公布的《戏剧振兴三年行动计划（2026—2028年）》，同样以此为要求，特别提出“建立经典保留剧目库”，希望“各级各类院团梳理长演不衰的经典保留剧目，做好整理研究和演出推广工作。支持优秀传统经典剧目复排和重点保留剧目提升，推动优秀传统经典剧目规范传承和重点保留剧目不断完善、演出”。显然，经典折子戏展演活动，旨在倡导戏曲院团推进经典打造，要把包括折子戏在内的保留剧目、优秀精品，长期不断地进行完善、打磨，在多元化的戏曲创作排演格局中，将“经典性”作为重要的目标，实现戏曲创作演出生态环境的良性发展。

此次展演的经典折子戏，荟萃了众多戏曲剧种的代表性院团，它们或扎根基层，用长期的文化坚守，保存戏曲优秀基因；或致力于创新，用优秀的艺术创作，推动戏曲优秀传统持续绵延。这些院团撑起了一个个艺术名家，也有序地传承了优秀的艺术经典。名家、名团、名剧，相映成趣，共同营建起戏曲良性发展空间。这对于今天戏曲院团建设无疑是具有积极意义的。

（作者为中国艺术研究院戏曲研究所所长、中国戏曲学会会长）",王  馗,副刊,,https://paper.people.com.cn/rmrb/pc/content/202608/13/content_30174723.html,2026-08-13,"['戏曲', '折子戏', '经典', '艺术', '展演', '院团', '剧种', '传承', '山东梆子', '优秀']","2026年经典折子戏展演观演现场。资料图片
2026年经典折子戏展演观演现场。
资料图片",政治,,,[],data/vault/2026/08/2026-08-13/20-副刊/戏曲经典化，从折子戏抓起（艺文观察·戏剧振兴进行时）.md,20,副刊
铺展电影这张“文化地图”（创作谈）,"我今年68岁，演了40多年的戏，拍了160多部电影。如果问我，最大的收获是什么？我想就是：从南边到北边，从东方到西方，我走过很多地方，活过很多种人生。也因此看到，电影是怎样把一片一片的土地、一种一种的文化，连成一张地图。
我第一次开启这张地图的地方，就是北京。1982年，我24岁，对演戏谈不上什么期待和准备，就被李翰祥导演拉到北京，剃了光头、进了片场，成了《火烧圆明园》《垂帘听政》里的咸丰皇帝。这两部电影是当年改革开放初期最早的一批合拍片。
那时候香港也拍古装片。当真正走进故宫的那一刻，我感到的是一种完全不同的恢弘——那不是布景的恢弘，而是真实历史的恢弘，是民族记忆的恢弘。我忽然意识到，电影不只是讲故事，它还可以承载一个民族对历史的回望、对文化的敬畏。
从那时起，北京对我来说不再只是一个地名。走出片场、走进大街小巷，我又看见这座城市不同于香港的一面。同样是大都市，各有各的景观、气象和烟火气。我第一次真切感受到，地域文化是如何在各自的历史脉络里，孕育出截然不同的气质。也正是从那时开始，我越来越相信：演员的一生，就是不断走进不同空间、不同文化的一生。而作为一个演员，能走到哪，往往不只是靠自己计划。
2000年后，随着内地与香港的文化交流越来越紧密，《内地与香港关于建立更紧密经贸关系的安排》的签署，越来越多香港电影人来到内地工作，我当然也在其中。很多人问我，这是不是一种“北上”的选择？对我来说，这不是选择，是回归。因为上世纪90年代，我就在内地拍摄了《新龙门客栈》《东邪西毒》等电影。甘肃敦煌的风沙、陕西榆林的红石峡，这些山河记忆早已刻在了我身上。
当大好河山碰上电影人的想象力，那种震撼，时至今日仍未褪色。武侠动作、浪漫情感，因为那些不同地域文化的存在，都被提升了一个档次，对于后来的华语大片也有很多启迪。我开玩笑地说，加上今年上映的《镖人之风起大漠》，在我的演艺生涯里头，已经集齐了一个“沙漠三部曲”。
一转眼，20多年过去了。从《刮痧》里的中西文化冲突，到《太行山上》《明月几时有》里的民族记忆；从《十月围城》里的陈少白，到《智取威虎山》里的座山雕，再到《捕风追影》里的傅隆生……回望这些角色，我见证的不只是自己的演艺之路，更是一个时代的缩影：内地的电影工业从低成本拍摄，成长为全球瞩目的市场；中国香港从文化的输出方变成了融合的一部分。这是一个演员和行业、和时代、和一片土地的双向奔赴。
而我做的始终是一件事——先把人物放回他的土地，再去演他。那片土地有它独有的语言、饮食、气候、历史，甚至人情世故。你理解了这个空间，人物就活了。当年演《黑金》中的周朝先时，我写了10万字人物小传，写的就是：这个人从哪里来？他为什么在这里？他要去哪里？
我用这个方法走进了160多个人物。每走进一个人，我便更深地确认：每个角色，都是被一方水土养出来的；而每一部好电影，都是在为这个时代保存一种文化记忆。
这40多年，我一直通过表演把不同土地、不同文化、不同人心联结在一起。既当架桥的人，也与所有观众一起，站在桥上看风景。
之前在海外一个国际电影节做评委时，我说过：电影是一种全球性交流方式。电影节、电影奖，是电影聚合力和穿透力集中的体现。在电影节上，一个国家、许多国家，一种语言、许多语言，在短短的几天内聚合在一起，全情投入。每每这种时候，我会觉得，我们是因为电影才相聚在一起。
电影是地图，标记我们从哪里来，也铺展出更远的未来。我们正在把这张地图越画越大：画出更多的坐标与桥梁，画出更辽阔的山河，也画出时代的广度与文化的纵深。
（作者为演员）","# 铺展电影这张“文化地图”（创作谈）

> 梁家辉《人民日报》（2026年08月13日第 20 版）

我今年68岁，演了40多年的戏，拍了160多部电影。如果问我，最大的收获是什么？我想就是：从南边到北边，从东方到西方，我走过很多地方，活过很多种人生。也因此看到，电影是怎样把一片一片的土地、一种一种的文化，连成一张地图。

我第一次开启这张地图的地方，就是北京。1982年，我24岁，对演戏谈不上什么期待和准备，就被李翰祥导演拉到北京，剃了光头、进了片场，成了《火烧圆明园》《垂帘听政》里的咸丰皇帝。这两部电影是当年改革开放初期最早的一批合拍片。

那时候香港也拍古装片。当真正走进故宫的那一刻，我感到的是一种完全不同的恢弘——那不是布景的恢弘，而是真实历史的恢弘，是民族记忆的恢弘。我忽然意识到，电影不只是讲故事，它还可以承载一个民族对历史的回望、对文化的敬畏。

从那时起，北京对我来说不再只是一个地名。走出片场、走进大街小巷，我又看见这座城市不同于香港的一面。同样是大都市，各有各的景观、气象和烟火气。我第一次真切感受到，地域文化是如何在各自的历史脉络里，孕育出截然不同的气质。也正是从那时开始，我越来越相信：演员的一生，就是不断走进不同空间、不同文化的一生。而作为一个演员，能走到哪，往往不只是靠自己计划。

2000年后，随着内地与香港的文化交流越来越紧密，《内地与香港关于建立更紧密经贸关系的安排》的签署，越来越多香港电影人来到内地工作，我当然也在其中。很多人问我，这是不是一种“北上”的选择？对我来说，这不是选择，是回归。因为上世纪90年代，我就在内地拍摄了《新龙门客栈》《东邪西毒》等电影。甘肃敦煌的风沙、陕西榆林的红石峡，这些山河记忆早已刻在了我身上。

当大好河山碰上电影人的想象力，那种震撼，时至今日仍未褪色。武侠动作、浪漫情感，因为那些不同地域文化的存在，都被提升了一个档次，对于后来的华语大片也有很多启迪。我开玩笑地说，加上今年上映的《镖人之风起大漠》，在我的演艺生涯里头，已经集齐了一个“沙漠三部曲”。

一转眼，20多年过去了。从《刮痧》里的中西文化冲突，到《太行山上》《明月几时有》里的民族记忆；从《十月围城》里的陈少白，到《智取威虎山》里的座山雕，再到《捕风追影》里的傅隆生……回望这些角色，我见证的不只是自己的演艺之路，更是一个时代的缩影：内地的电影工业从低成本拍摄，成长为全球瞩目的市场；中国香港从文化的输出方变成了融合的一部分。这是一个演员和行业、和时代、和一片土地的双向奔赴。

而我做的始终是一件事——先把人物放回他的土地，再去演他。那片土地有它独有的语言、饮食、气候、历史，甚至人情世故。你理解了这个空间，人物就活了。当年演《黑金》中的周朝先时，我写了10万字人物小传，写的就是：这个人从哪里来？他为什么在这里？他要去哪里？

我用这个方法走进了160多个人物。每走进一个人，我便更深地确认：每个角色，都是被一方水土养出来的；而每一部好电影，都是在为这个时代保存一种文化记忆。

这40多年，我一直通过表演把不同土地、不同文化、不同人心联结在一起。既当架桥的人，也与所有观众一起，站在桥上看风景。

之前在海外一个国际电影节做评委时，我说过：电影是一种全球性交流方式。电影节、电影奖，是电影聚合力和穿透力集中的体现。在电影节上，一个国家、许多国家，一种语言、许多语言，在短短的几天内聚合在一起，全情投入。每每这种时候，我会觉得，我们是因为电影才相聚在一起。

电影是地图，标记我们从哪里来，也铺展出更远的未来。我们正在把这张地图越画越大：画出更多的坐标与桥梁，画出更辽阔的山河，也画出时代的广度与文化的纵深。

（作者为演员）",梁家辉,副刊,,https://paper.people.com.cn/rmrb/pc/content/202608/13/content_30174724.html,2026-08-13,"['电影', '文化', '恢弘', '地图', '内地', '走进', '不同', '记忆', '一种', '画出']","我今年68岁，演了40多年的戏，拍了160多部电影。如果问我，最大的收获是什么？我想就是：从南边到北边，从东方到西方，我走过很多地方，活过很多种人生。也因此看到，电影是怎样把一片一片的土地、一种一种的文化，连成一张地图。
我第一次开启这张地图的地方，就是北京。1982年，我24岁，对演戏谈不上什么期待和准备，就被李翰祥导演拉到北京，剃了光头、进了片场，成了《火烧圆明园》《垂帘听政》里的咸丰皇帝。这两部电影是当年改革开放初期最早的一批合拍片。
那时候香港也拍古装片。当真正走进故宫的那一刻，我感到的是一种完全不同的恢弘——那不是布景的恢弘，而是真实历史的恢弘，是民族记忆的恢弘。我忽然意识到，电影不只是讲故事，它还可以承载一个民族对历史的回望、对文化的敬畏。",政治,,,[],data/vault/2026/08/2026-08-13/20-副刊/铺展电影这张“文化地图”（创作谈）.md,20,副刊
一起打磨出好作品,"很荣幸在今年参与节目《国乐无双》，这是我第一次做综艺节目的“音乐总监”。我理解，这个身份就是“承上启下”，和所有工种的音乐人一起打磨出好作品。
节目以“一曲双词”的改编方式，将普通话与粤语并置于同一旋律下予以创新性改编，深化“一韵同源”的文化表达。录制节目的工作量不小，伴随与歌手的磨合以及好作品的接续出现，我越来越沉浸其中。就像节目中那首《忐白门》所体现的音乐趣味和未知可能，共创中，很多机缘巧合激发了我们的灵感。临近节目收官再回过头看，正是这种极限的创作环境，让我与很多美好不期而遇，也增进了我对音乐的理解。音乐作品，从来不是一个人能完成的事，火花总是在人与人的连接中生发。
《国乐无双》是电影频道和浙江卫视搭建的舞台，不论台前的歌手还是幕后的词曲作者、编曲工作人员，一路走来，大家热情饱满。他们中的很多人，在行业摸爬滚打了二三十年，依然满怀热情在节目中分享自己的音乐生活、分享爱和情感，让我很是佩服。因为音乐，人与人之间产生了各种各样有趣的交流和有意义的收获；也因为内心的界限被打破，大家愿意一点点去尝试往外走，甚至更有力量、有姿态地往内走，作品由此生长出新的力量。
最近，很多歌手把《国乐无双》的作品带到演唱会上与观众分享。陈小春唱了《借过一下》，李宇春唱了《得意的笑》，王菀之唱了《我好想你·一一》……歌迷反应热烈，我特别开心。歌手在节目里发掘到自己感受深处的某个点，音乐也像书签一样，在人生的那一页留下标记。
节目还受到很多年轻观众的喜欢，超出我的预期。有很多00后歌手和工作人员参与创作，这种活力和新鲜感是真实生活带来的。挑战音乐的更多可能性，也刚好符合年轻人尝试新鲜事物的心态。这次的创作也提醒我，不要忽视年轻人对中国经典音乐的喜爱，要让他们看到音乐里的诚意。
唯有来源于真实生活的作品，才可能拥有勃勃生机。这个夏天，很幸运遇见了这么真诚的一群创作者，也很幸福遇上了这么多懂我们的观众。如果用一句话总结这个节目带给我的，那就是在音乐路上要永远抱着对未知的期待。多去包容、多去敞开，勇敢接受未来，人与人之间的连接会越来越紧密。
（作者为综艺节目《国乐无双》音乐总监）","# 一起打磨出好作品

> 常石磊《人民日报》（2026年08月13日第 20 版）

很荣幸在今年参与节目《国乐无双》，这是我第一次做综艺节目的“音乐总监”。我理解，这个身份就是“承上启下”，和所有工种的音乐人一起打磨出好作品。

节目以“一曲双词”的改编方式，将普通话与粤语并置于同一旋律下予以创新性改编，深化“一韵同源”的文化表达。录制节目的工作量不小，伴随与歌手的磨合以及好作品的接续出现，我越来越沉浸其中。就像节目中那首《忐白门》所体现的音乐趣味和未知可能，共创中，很多机缘巧合激发了我们的灵感。临近节目收官再回过头看，正是这种极限的创作环境，让我与很多美好不期而遇，也增进了我对音乐的理解。音乐作品，从来不是一个人能完成的事，火花总是在人与人的连接中生发。

《国乐无双》是电影频道和浙江卫视搭建的舞台，不论台前的歌手还是幕后的词曲作者、编曲工作人员，一路走来，大家热情饱满。他们中的很多人，在行业摸爬滚打了二三十年，依然满怀热情在节目中分享自己的音乐生活、分享爱和情感，让我很是佩服。因为音乐，人与人之间产生了各种各样有趣的交流和有意义的收获；也因为内心的界限被打破，大家愿意一点点去尝试往外走，甚至更有力量、有姿态地往内走，作品由此生长出新的力量。

最近，很多歌手把《国乐无双》的作品带到演唱会上与观众分享。陈小春唱了《借过一下》，李宇春唱了《得意的笑》，王菀之唱了《我好想你·一一》……歌迷反应热烈，我特别开心。歌手在节目里发掘到自己感受深处的某个点，音乐也像书签一样，在人生的那一页留下标记。

节目还受到很多年轻观众的喜欢，超出我的预期。有很多00后歌手和工作人员参与创作，这种活力和新鲜感是真实生活带来的。挑战音乐的更多可能性，也刚好符合年轻人尝试新鲜事物的心态。这次的创作也提醒我，不要忽视年轻人对中国经典音乐的喜爱，要让他们看到音乐里的诚意。

唯有来源于真实生活的作品，才可能拥有勃勃生机。这个夏天，很幸运遇见了这么真诚的一群创作者，也很幸福遇上了这么多懂我们的观众。如果用一句话总结这个节目带给我的，那就是在音乐路上要永远抱着对未知的期待。多去包容、多去敞开，勇敢接受未来，人与人之间的连接会越来越紧密。

（作者为综艺节目《国乐无双》音乐总监）",常石磊,副刊,,https://paper.people.com.cn/rmrb/pc/content/202608/13/content_30174725.html,2026-08-13,"['音乐', '节目', '歌手', '国乐', '无双', '作品', '很多', '综艺节目', '分享', '观众']","很荣幸在今年参与节目《国乐无双》，这是我第一次做综艺节目的“音乐总监”。我理解，这个身份就是“承上启下”，和所有工种的音乐人一起打磨出好作品。
节目以“一曲双词”的改编方式，将普通话与粤语并置于同一旋律下予以创新性改编，深化“一韵同源”的文化表达。录制节目的工作量不小，伴随与歌手的磨合以及好作品的接续出现，我越来越沉浸其中。就像节目中那首《忐白门》所体现的音乐趣味和未知可能，共创中，很多机缘巧合激发了我们的灵感。临近节目收官再回过头看，正是这种极限的创作环境，让我与很多美好不期而遇，也增进了我对音乐的理解。音乐作品，从来不是一个人能完成的事，火花总是在人与人的连接中生发。
《国乐无双》是电影频道和浙江卫视搭建的舞台，不论台前的歌手还是幕后的词曲作者、编曲工作人员，一路走来，大家热情饱满。他们中的很多人，在行业摸爬滚打了二三十年，依然满怀热情在节目中分享自己的音乐生活、分享爱和情感，让我很是佩服。因为音乐，人与人之间产生了各种各样有趣的交流和有意义的收获；也因为内心的界限被打破，大家愿意一点点去尝试往外走，甚至更有力量、有姿态地往内走，作品由此生长出新的力量。",文化,,,[],data/vault/2026/08/2026-08-13/20-副刊/一起打磨出好作品.md,20,副刊
让更多普通人被看见,"《年会不能停！2》剧照。片  方供图
《年会不能停！2》剧照。
片  方供图
我出生在天津塘沽一个工人家庭。小时候，父母都去上班了，我被留给奶奶带。奶奶哄我，放收音机里的广播节目给我听。上世纪80年代的塘沽，电台最喜欢播放的是各种曲艺节目。所以在上小学之前，我几乎把传统相声听了个遍。很多内容听不懂，不明白那些哏为什么好笑，但奶奶笑了，我也会跟着一起笑。笑着笑着，就真的喜欢上了。现在想来，那时候的自己其实是害怕每天与父母分开，奶奶无意中用笑治愈了我。
再长大一些，我通过电视接触到喜剧小品。尤其是每年春节联欢晚会，小品一上演，全家人一起哈哈大笑，比平时更放肆更大声。笑声中，家人之间的关系似乎更亲密了，一种温暖的感觉油然而生。
又过了很多年，有一次我在电影院里和几百名观众一起观看一部喜剧。电影很精彩，全场观众隔几分钟就会一齐大笑，还会自发地鼓起掌来。我坐在中间笑个不停，为有些自己平时并不觉得好笑的梗而捧腹大笑。走出影院，我感到前所未有的轻松。那时，我有点明白了什么叫“独乐乐”不如“众乐乐”。我们每个人都会在内心深处本能地追求归属感和安全感。在一个群体里，跟越多的人一起欢笑，那种归属感和安全感就越强，我们就越会感到放松、解压。当代人隔着手机、互联网与世界互动，孤独感越来越强。喜剧能够帮人淡化这种孤独，帮我们找到同类。那次观影的感受，坚定了我创作喜剧的决心。
2023年底，我执导的喜剧电影《年会不能停！》上映。上海大光明影院路演时，我和上千名观众一起笑着。那一刻，我觉得自己太幸运了。创作喜剧不就是为了这个！
《年会不能停！》上映之后，我一直收到各种反馈。很多观众把他们在职场里的遭遇告诉我。这些故事让我感受到，职场里有那么多普普通通的人需要被看见。我告诉自己，应该继续把职场喜剧这个类型做下去，在反映职场现实的同时，给观众提供解压的出口。《年会不能停！2》的创作由此开启。
几年来，职场发生了很多变化。我观察到的最大变化是职场人的心态。00后开始进入职场，完全在信息化时代长大的他们，从小接触智能手机和互联网，有全新的思维方式。当他们离开校园，来到了职场这个“成人世界”，往往一下子难以适应，甚至会碰得“头破血流”。职场里不同代际的人，相互之间并不能完全理解。《年会不能停！2》的创作，我努力增加喜剧笑点的数量，希望能让观众再多笑一笑，其实就是想让更多的职场人在影院里共同的欢笑中看到彼此，知道自己不是孤独的。
一些观众建议电影针对职场乱象给出解决方案。一开始，我觉得一部喜剧电影，不太可能给职场里那些结构性的问题提供答案。这两年我听到一些在互联网机构工作的朋友反馈，在电影讽刺了那些无意义的“黑话”之后，人们再使用时便多了自省。看来，笑不仅是情绪的释放，也可能成为改变的力量。
（作者为导演）","# 让更多普通人被看见

> 董润年《人民日报》（2026年08月13日第 20 版）

《年会不能停！2》剧照。　　片  方供图

《年会不能停！2》剧照。

片  方供图

我出生在天津塘沽一个工人家庭。小时候，父母都去上班了，我被留给奶奶带。奶奶哄我，放收音机里的广播节目给我听。上世纪80年代的塘沽，电台最喜欢播放的是各种曲艺节目。所以在上小学之前，我几乎把传统相声听了个遍。很多内容听不懂，不明白那些哏为什么好笑，但奶奶笑了，我也会跟着一起笑。笑着笑着，就真的喜欢上了。现在想来，那时候的自己其实是害怕每天与父母分开，奶奶无意中用笑治愈了我。

再长大一些，我通过电视接触到喜剧小品。尤其是每年春节联欢晚会，小品一上演，全家人一起哈哈大笑，比平时更放肆更大声。笑声中，家人之间的关系似乎更亲密了，一种温暖的感觉油然而生。

又过了很多年，有一次我在电影院里和几百名观众一起观看一部喜剧。电影很精彩，全场观众隔几分钟就会一齐大笑，还会自发地鼓起掌来。我坐在中间笑个不停，为有些自己平时并不觉得好笑的梗而捧腹大笑。走出影院，我感到前所未有的轻松。那时，我有点明白了什么叫“独乐乐”不如“众乐乐”。我们每个人都会在内心深处本能地追求归属感和安全感。在一个群体里，跟越多的人一起欢笑，那种归属感和安全感就越强，我们就越会感到放松、解压。当代人隔着手机、互联网与世界互动，孤独感越来越强。喜剧能够帮人淡化这种孤独，帮我们找到同类。那次观影的感受，坚定了我创作喜剧的决心。

2023年底，我执导的喜剧电影《年会不能停！》上映。上海大光明影院路演时，我和上千名观众一起笑着。那一刻，我觉得自己太幸运了。创作喜剧不就是为了这个！

《年会不能停！》上映之后，我一直收到各种反馈。很多观众把他们在职场里的遭遇告诉我。这些故事让我感受到，职场里有那么多普普通通的人需要被看见。我告诉自己，应该继续把职场喜剧这个类型做下去，在反映职场现实的同时，给观众提供解压的出口。《年会不能停！2》的创作由此开启。

几年来，职场发生了很多变化。我观察到的最大变化是职场人的心态。00后开始进入职场，完全在信息化时代长大的他们，从小接触智能手机和互联网，有全新的思维方式。当他们离开校园，来到了职场这个“成人世界”，往往一下子难以适应，甚至会碰得“头破血流”。职场里不同代际的人，相互之间并不能完全理解。《年会不能停！2》的创作，我努力增加喜剧笑点的数量，希望能让观众再多笑一笑，其实就是想让更多的职场人在影院里共同的欢笑中看到彼此，知道自己不是孤独的。

一些观众建议电影针对职场乱象给出解决方案。一开始，我觉得一部喜剧电影，不太可能给职场里那些结构性的问题提供答案。这两年我听到一些在互联网机构工作的朋友反馈，在电影讽刺了那些无意义的“黑话”之后，人们再使用时便多了自省。看来，笑不仅是情绪的释放，也可能成为改变的力量。

（作者为导演）",董润年,副刊,,https://paper.people.com.cn/rmrb/pc/content/202608/13/content_30174726.html,2026-08-13,"['职场', '喜剧', '年会', '观众', '场里', '奶奶', '影院', '不能', '创作', '喜剧电影']","《年会不能停！2》剧照。片  方供图
《年会不能停！2》剧照。
片  方供图",国际,,,[],data/vault/2026/08/2026-08-13/20-副刊/让更多普通人被看见.md,20,副刊
人物和故事，始终是电影的内核（面对面）,"《欢迎来龙餐馆》剧照。片  方供图
《欢迎来龙餐馆》剧照。
片  方供图
对话人：文牧野（电影导演）
任姗姗（本报记者）
一个中国厨师，一家中餐馆，一场战争，一群孤儿……暑期档电影《欢迎来龙餐馆》，将镜头对准异国他乡的战场，对准被战争裹挟的普通人，对准命运“改写”的背后。自上映以来，影片票房和热度持续推高，大量观众在社交平台分享观后感。这部电影如何出炉，故事在表达什么？导演文牧野接受本报记者专访。
记者：你执导的电影《我不是药神》《奇迹·笨小孩》，主角都是普通人，讲述的都是此地的故事。《欢迎来龙餐馆》为何将镜头推进异域的战场？
文牧野：在一些新闻报道中，我看到饱受战争之苦的孩子。他们的面孔和经历深深刺痛了我，引发我思考战争与人的关系。今天的世界变乱交织，生活在和平中的我们要懂得珍惜，更不该忘记和平从何而来。
《欢迎来龙餐馆》本质上是一个家庭故事。徐福、马俊生以及赛夫等孤儿院的孩子们，组成了一个特殊的大家庭。历尽劫波，徐福一直如父亲般保护着赛夫和孩子们。龙餐馆是他们的营生，更是他们的“家”。20年后重返龙餐馆，看到赛夫背影的徐福为何会如此动容？不仅因为赛夫活着，更因为他拿的是勺子，而不是枪。所以，《欢迎来龙餐馆》的另一重含义是“欢迎回家”。
记者：反对战争、保护儿童的主题下，你如何找到中华美食这个小切口，使之成为贯穿全片、承载主题的一条线？
文牧野：我的妈妈有句话：“人生最重要的事不过两件，好好吃饭，好好养孩子。”这话朴素，但有大智慧。面对命运中的无常，作为普通人最容易做的，大概就是吃好每一顿饭、照顾好下一代。
再看我们的文化传统，美食往往代表幸福、和平与稳定。我们在家庭聚餐时偏爱用圆桌，因为“圆”代表着圆满、团圆、和谐。从世界范围来看，中餐也被视为代表性的中国文化符号。舌尖上的味道里，有中国人看待自身乃至世界的方式。
徐福只身漂泊异乡，马俊生是孤儿，美食成为维系他们和孩子们的纽带。徐福在龙餐馆做的第一顿饭是正宗中餐。最后一顿是烩饭，食材简单，炊具就地取材，唯一目的是让孩子们吃饱。此刻，食物回到最初的意义，徐福也找回自己的本心。故事结尾，这道“上不了台面”的烩饭，以“徐福烩饭”的名字被收进龙餐馆菜单。食物，不仅仅是食物，它的背后还有故事——一个中国厨师曾舍命救过异国的孩子。故事里有善意，有最朴素的人生观和幸福观。
记者：影片耐心讲述战争之下普通人的遭遇和感受。厨师、前台经理、战争遗孤、士兵，想妈妈、想结婚、想回家、想让生活过得更好……细腻且日常。故事里的人，最戳人心。
文牧野：其实我们大多数人都是普通人，没有谁是天生的英雄。我的三部电影《我不是药神》《奇迹·笨小孩》《欢迎来龙餐馆》，说了同一件事：环境会改变人，你所处的时代、你的家庭环境、你的阅历境遇，会左右你走向何方。
徐福和扎伊德曾经很像，但战场上没有侥幸。失去妻女的扎伊德，生命中只剩下复仇，他忘记了孩子们只是孩子；徐福心存侥幸，想借助战争发财，但也为此付出代价……“他们不是你的孩子”“那也是孩子”。这样的对话在影片中出现了两次，一次在马俊生与徐福之间，一次在徐福与扎伊德之间。这里的孩子，既指儿童，也指深陷战争中的每一个人。徐福救孩子，也是在救自己。
我希望《欢迎来龙餐馆》是以人为本的作品。环境固然可能让一个人变得复杂多面，但我相信人本性的善良和美好。在生死威胁面前瑟瑟发抖的普通人，也可以成为庇护孩子的“父亲”、舍己救人的英雄。徐福、马俊生对孩子们的关怀是出于同样为人的同理感，他们舍命救孩子是不由自主的行为。
记者：《欢迎来龙餐馆》采用现实主义的创作手法，如何把握真实与虚构的分寸？
文牧野：正向价值的传递必须真诚，不能虚假。作品唯有更现实，才可能立得住，传达出的能量才可能强烈。情节未必都是现实中存在的，但人物在片中的诉求不悬浮，观众才感到熟悉，看得进去；反之，拍得像纪录片一样真实，却与观众的生活距离很远，大家也会觉得不真实。这个故事设定在20年前，但我不想局限于某一场战争，观众可以理解为这是一个关于战争与人的故事，它可能发生在过去，也可能正在进行。
人物和故事，始终是电影的内核。任何时代，观众对于美好、正义和崇高的判断，不会有本质性区别，真诚的情感总是共通的。我为什么要拍电影？用我们的文化去表达这些共通的情感，让更多人产生共鸣；用电影的方式，讲述心灵的丰富性、人生的可能性，拍若干年后回看也不会有太多遗憾的作品，是我的小小诉求。","# 人物和故事，始终是电影的内核（面对面）

## ——从电影《欢迎来龙餐馆》谈起

> 《人民日报》（2026年08月13日第 20 版）

《欢迎来龙餐馆》剧照。　　片  方供图

《欢迎来龙餐馆》剧照。

片  方供图

对话人：文牧野（电影导演）

任姗姗（本报记者）

一个中国厨师，一家中餐馆，一场战争，一群孤儿……暑期档电影《欢迎来龙餐馆》，将镜头对准异国他乡的战场，对准被战争裹挟的普通人，对准命运“改写”的背后。自上映以来，影片票房和热度持续推高，大量观众在社交平台分享观后感。这部电影如何出炉，故事在表达什么？导演文牧野接受本报记者专访。

记者：你执导的电影《我不是药神》《奇迹·笨小孩》，主角都是普通人，讲述的都是此地的故事。《欢迎来龙餐馆》为何将镜头推进异域的战场？

文牧野：在一些新闻报道中，我看到饱受战争之苦的孩子。他们的面孔和经历深深刺痛了我，引发我思考战争与人的关系。今天的世界变乱交织，生活在和平中的我们要懂得珍惜，更不该忘记和平从何而来。

《欢迎来龙餐馆》本质上是一个家庭故事。徐福、马俊生以及赛夫等孤儿院的孩子们，组成了一个特殊的大家庭。历尽劫波，徐福一直如父亲般保护着赛夫和孩子们。龙餐馆是他们的营生，更是他们的“家”。20年后重返龙餐馆，看到赛夫背影的徐福为何会如此动容？不仅因为赛夫活着，更因为他拿的是勺子，而不是枪。所以，《欢迎来龙餐馆》的另一重含义是“欢迎回家”。

记者：反对战争、保护儿童的主题下，你如何找到中华美食这个小切口，使之成为贯穿全片、承载主题的一条线？

文牧野：我的妈妈有句话：“人生最重要的事不过两件，好好吃饭，好好养孩子。”这话朴素，但有大智慧。面对命运中的无常，作为普通人最容易做的，大概就是吃好每一顿饭、照顾好下一代。

再看我们的文化传统，美食往往代表幸福、和平与稳定。我们在家庭聚餐时偏爱用圆桌，因为“圆”代表着圆满、团圆、和谐。从世界范围来看，中餐也被视为代表性的中国文化符号。舌尖上的味道里，有中国人看待自身乃至世界的方式。

徐福只身漂泊异乡，马俊生是孤儿，美食成为维系他们和孩子们的纽带。徐福在龙餐馆做的第一顿饭是正宗中餐。最后一顿是烩饭，食材简单，炊具就地取材，唯一目的是让孩子们吃饱。此刻，食物回到最初的意义，徐福也找回自己的本心。故事结尾，这道“上不了台面”的烩饭，以“徐福烩饭”的名字被收进龙餐馆菜单。食物，不仅仅是食物，它的背后还有故事——一个中国厨师曾舍命救过异国的孩子。故事里有善意，有最朴素的人生观和幸福观。

记者：影片耐心讲述战争之下普通人的遭遇和感受。厨师、前台经理、战争遗孤、士兵，想妈妈、想结婚、想回家、想让生活过得更好……细腻且日常。故事里的人，最戳人心。

文牧野：其实我们大多数人都是普通人，没有谁是天生的英雄。我的三部电影《我不是药神》《奇迹·笨小孩》《欢迎来龙餐馆》，说了同一件事：环境会改变人，你所处的时代、你的家庭环境、你的阅历境遇，会左右你走向何方。

徐福和扎伊德曾经很像，但战场上没有侥幸。失去妻女的扎伊德，生命中只剩下复仇，他忘记了孩子们只是孩子；徐福心存侥幸，想借助战争发财，但也为此付出代价……“他们不是你的孩子”“那也是孩子”。这样的对话在影片中出现了两次，一次在马俊生与徐福之间，一次在徐福与扎伊德之间。这里的孩子，既指儿童，也指深陷战争中的每一个人。徐福救孩子，也是在救自己。

我希望《欢迎来龙餐馆》是以人为本的作品。环境固然可能让一个人变得复杂多面，但我相信人本性的善良和美好。在生死威胁面前瑟瑟发抖的普通人，也可以成为庇护孩子的“父亲”、舍己救人的英雄。徐福、马俊生对孩子们的关怀是出于同样为人的同理感，他们舍命救孩子是不由自主的行为。

记者：《欢迎来龙餐馆》采用现实主义的创作手法，如何把握真实与虚构的分寸？

文牧野：正向价值的传递必须真诚，不能虚假。作品唯有更现实，才可能立得住，传达出的能量才可能强烈。情节未必都是现实中存在的，但人物在片中的诉求不悬浮，观众才感到熟悉，看得进去；反之，拍得像纪录片一样真实，却与观众的生活距离很远，大家也会觉得不真实。这个故事设定在20年前，但我不想局限于某一场战争，观众可以理解为这是一个关于战争与人的故事，它可能发生在过去，也可能正在进行。

人物和故事，始终是电影的内核。任何时代，观众对于美好、正义和崇高的判断，不会有本质性区别，真诚的情感总是共通的。我为什么要拍电影？用我们的文化去表达这些共通的情感，让更多人产生共鸣；用电影的方式，讲述心灵的丰富性、人生的可能性，拍若干年后回看也不会有太多遗憾的作品，是我的小小诉求。",,副刊,,https://paper.people.com.cn/rmrb/pc/content/202608/13/content_30174727.html,2026-08-13,"['徐福', '餐馆', '来龙', '孩子', '欢迎', '故事', '牧野', '战争', '电影', '普通人']","《欢迎来龙餐馆》剧照。片  方供图
《欢迎来龙餐馆》剧照。
片  方供图",国际,,,[],data/vault/2026/08/2026-08-13/20-副刊/人物和故事，始终是电影的内核（面对面）.md,20,副刊
