title,content,plate,url,date,keywords,summary,category
安徽高质量建设新兴产业聚集地（“十五五”开好局起好步）,"第01版：要闻
本版新闻
人民日报2026年02月09日
Mon
自动化产线高速运转，智能搬运车灵活穿梭，得壹能源科技（铜陵）有限责任公司车间内热火朝天。2025年，公司产线完成平台化转型，年产值为上年的4倍，跃升至18亿元。这个锂离子动力电池项目的热度，折射出安徽新兴产业蓬勃发展的景象。
2024年10月，习近平总书记在安徽考察时强调：“在打造具有重要影响力的科技创新策源地、新兴产业聚集地、改革开放新高地、经济社会发展全面绿色转型区上持续发力”。
深入贯彻落实习近平总书记重要指示精神，安徽把发展战略性新兴产业作为构建现代化产业体系的重中之重。“十四五”时期，全省战略性新兴产业产值年均增长约15.2%。奋进“十五五”，安徽努力练好内功、向外发力，开辟新兴产业更广阔蓝海。
聚链成群，构筑产业发展高地——
在坐落于合肥市肥西县的安徽江淮汽车集团控股有限公司一家超级工厂内，1800余台智能机器人协同作业，一辆辆刚下线的新能源轿车缓缓驶出。
一辆车，带动一条产业链。安徽已集聚7家整车企业、超3100家规上零部件企业，覆盖从电池、电机、电控“三电”系统到整车的完整链条。
全国半数光伏玻璃、三成逆变器产自安徽。“十四五”时期，26个省级重大新兴产业基地产值5年间从7500亿元增至约1.5万亿元。“聚焦链群融合，安徽将继续实施先进制造业集群培育壮大工程，坚持‘龙头+配套+基地’的培育路径，巩固拓展智能网联汽车、先进光伏和新型储能、高端装备等产业集群竞争力。”安徽省工业和信息化厅厅长冯克金介绍。
企业主导，融合创新动能澎湃——
在量子世界，探测能精细到什么程度？
国仪量子技术（合肥）股份有限公司研发出金刚石NV色心传感器，探测精度达到原子尺度，可以给细胞测温。“这台高灵敏度量子传感器已应用于癌细胞检测等医学前沿研究。”公司负责人许克标说。
安徽现有量子企业超百家，占全国近三成。合肥高新区集聚80多家量子产业链企业，覆盖量子通信、计算、测量三大领域的完整产业链。“企业+企业”“国家实验室+高校院所+企业”等自由组合的创新联合体应运而生。国盾量子、本源量子等携手研发集成光量子芯片，形成“龙头引领+中小企业协同”的格局。
让企业唱主角，安徽积极探索科技领军企业牵头的协同攻关模式，超八成省级科技攻坚项目和项目资金由企业主导，企业真正成为技术创新决策、研发投入和成果转化的主体。
对外开放，加快培育外贸新动能——
临近春节，安徽弘昌照明电器有限公司车间，灯具组装、检测和包装工作忙而有序。“我们紧跟市场趋势，自主研发出符合国际安全标准的智能调光产品，2025年出口额比上一年增长30%。”公司负责人文良为说，“新的一年海外市场继续升温，公司加大招工力度，加班加点赶订单。”
“我们的锂电池远销34个国家和地区。新的一年，公司将继续改善产品性能，不断增强国际竞争力。”专注新能源锂电池系统开发、制造和销售的誉娇诚科技（黄山）有限公司负责人周幼华说。
截至2025年底，930多家皖企在海外设立1500多家企业。2025年，安徽“新三样”产品合计出口1018.3亿元，出口值位居全国第六位，同比增长1.1倍。安徽积极实施优势产业“抱团出海”行动，加快完善海外综合服务体系，已设立33个海外商务服务网点，从项目促进、经贸对接等方面为更多企业“走出去”赋能。新的一年，安徽将增设海外商务服务网点，推进开放大通道大平台大通关建设，以高水平开放促进高质量发展。
“沿着习近平总书记指引的方向，‘十五五’时期，安徽将加快构建体现安徽特色的现代化产业体系，在打造具有重要影响力的新兴产业聚集地上实现新突破，奋力谱写中国式现代化安徽篇章。”安徽省委书记梁言顺表示。
安徽高质量建设新兴产业聚集地（“十五五”开好局起好步）
本报记者  张志锋  罗阳奇《人民日报》（2026年02月09日第 01 版）
自动化产线高速运转，智能搬运车灵活穿梭，得壹能源科技（铜陵）有限责任公司车间内热火朝天。2025年，公司产线完成平台化转型，年产值为上年的4倍，跃升至18亿元。这个锂离子动力电池项目的热度，折射出安徽新兴产业蓬勃发展的景象。
2024年10月，习近平总书记在安徽考察时强调：“在打造具有重要影响力的科技创新策源地、新兴产业聚集地、改革开放新高地、经济社会发展全面绿色转型区上持续发力”。
深入贯彻落实习近平总书记重要指示精神，安徽把发展战略性新兴产业作为构建现代化产业体系的重中之重。“十四五”时期，全省战略性新兴产业产值年均增长约15.2%。奋进“十五五”，安徽努力练好内功、向外发力，开辟新兴产业更广阔蓝海。
聚链成群，构筑产业发展高地——
在坐落于合肥市肥西县的安徽江淮汽车集团控股有限公司一家超级工厂内，1800余台智能机器人协同作业，一辆辆刚下线的新能源轿车缓缓驶出。
一辆车，带动一条产业链。安徽已集聚7家整车企业、超3100家规上零部件企业，覆盖从电池、电机、电控“三电”系统到整车的完整链条。
全国半数光伏玻璃、三成逆变器产自安徽。“十四五”时期，26个省级重大新兴产业基地产值5年间从7500亿元增至约1.5万亿元。“聚焦链群融合，安徽将继续实施先进制造业集群培育壮大工程，坚持‘龙头+配套+基地’的培育路径，巩固拓展智能网联汽车、先进光伏和新型储能、高端装备等产业集群竞争力。”安徽省工业和信息化厅厅长冯克金介绍。
企业主导，融合创新动能澎湃——
在量子世界，探测能精细到什么程度？
国仪量子技术（合肥）股份有限公司研发出金刚石NV色心传感器，探测精度达到原子尺度，可以给细胞测温。“这台高灵敏度量子传感器已应用于癌细胞检测等医学前沿研究。”公司负责人许克标说。
安徽现有量子企业超百家，占全国近三成。合肥高新区集聚80多家量子产业链企业，覆盖量子通信、计算、测量三大领域的完整产业链。“企业+企业”“国家实验室+高校院所+企业”等自由组合的创新联合体应运而生。国盾量子、本源量子等携手研发集成光量子芯片，形成“龙头引领+中小企业协同”的格局。
让企业唱主角，安徽积极探索科技领军企业牵头的协同攻关模式，超八成省级科技攻坚项目和项目资金由企业主导，企业真正成为技术创新决策、研发投入和成果转化的主体。
对外开放，加快培育外贸新动能——
临近春节，安徽弘昌照明电器有限公司车间，灯具组装、检测和包装工作忙而有序。“我们紧跟市场趋势，自主研发出符合国际安全标准的智能调光产品，2025年出口额比上一年增长30%。”公司负责人文良为说，“新的一年海外市场继续升温，公司加大招工力度，加班加点赶订单。”
“我们的锂电池远销34个国家和地区。新的一年，公司将继续改善产品性能，不断增强国际竞争力。”专注新能源锂电池系统开发、制造和销售的誉娇诚科技（黄山）有限公司负责人周幼华说。
截至2025年底，930多家皖企在海外设立1500多家企业。2025年，安徽“新三样”产品合计出口1018.3亿元，出口值位居全国第六位，同比增长1.1倍。安徽积极实施优势产业“抱团出海”行动，加快完善海外综合服务体系，已设立33个海外商务服务网点，从项目促进、经贸对接等方面为更多企业“走出去”赋能。新的一年，安徽将增设海外商务服务网点，推进开放大通道大平台大通关建设，以高水平开放促进高质量发展。
“沿着习近平总书记指引的方向，‘十五五’时期，安徽将加快构建体现安徽特色的现代化产业体系，在打造具有重要影响力的新兴产业聚集地上实现新突破，奋力谱写中国式现代化安徽篇章。”安徽省委书记梁言顺表示。",要闻,https://paper.people.com.cn/rmrb/pc/content/202602/09/../../../content/202602/09/content_30139405.html,2026-02-09,"['安徽', '量子', '新兴产业', '企业', '2025', '习近平', '海外', '科技', '研发', '总书记']","第01版：要闻
本版新闻
人民日报2026年02月09日",政治
西红柿村，保供竞速跑（新春走基层）,"第01版：要闻
本版新闻
人民日报2026年02月09日
Mon
2月7日晚，山东潍坊寿光，夜风凛凛，气温降到零下8摄氏度。
稻田镇崔岭西村，西红柿专业种植村。晚上8点多，建成果蔬专业合作社负责人崔建成的手机响个不停，“年根儿底下，都在催货。”
第二天，天蒙蒙亮，崔建成裹上大衣、顶着低温冲向种植大户崔延昌的大棚。那里是西红柿“保供竞速跑”的第一棒。
掀开厚重的保温棉帘，棚内温度18摄氏度，记者的眼镜片立马蒙上一层白雾。崔延昌和妻子正麻利地摘着西红柿，不过七八分钟，就装了30斤重的一桶。
“这一茬长势好，品相也好，一个棚就摘了1600多斤！”抹了一把额头上的汗，崔延昌脸上尽是笑。当天的地头收购价是一斤3.3元，“价格挺稳。”
这一茬丰收来得并不容易，是“抢”回来的胜利。“往年西红柿都是7月定植，去年因为一直下雨，定植整整晚了一个月。”崔延昌说，为了把耽误的农时抢回来，他采用了“错时种植法”，家里3个棚，最早的一个棚去年12月就开园了，刚好补上了春节前的供应需求。
既要抢时间，更要抓品质，必须靠科技。作为首批粤港澳大湾区“菜篮子”生产基地，崔岭西村的西红柿不仅色泽红润，品质还更稳定。这得益于近年村里持续推进大棚升级改造，“7代智能大棚”已经陆续落地。
寿光市农业农村局高级农艺师李光聚介绍，这种大棚保温能力很强，而且配备了智能放风开关系统，达到一定设置温度就自动开启或关闭。靠着这些新科技，即便寒潮来袭，棚内温度也能连续3天保持在13摄氏度以上，守住西红柿的质量和产量。
上午11点30分，“保供竞速跑”交接棒，刚摘下的西红柿带着田间的余温，被送到村头的智能云仓。
云仓中回荡着分拣线富有节奏的机械声。崔岭西村党支部书记崔玉禄指着数字大屏介绍，寒潮一来，村里立即启动保供预案，将采摘、分拣、装车的全流程压缩至最短。这一箱箱贴着“崔西一品”标签的西红柿兵分两路：一路向北，12小时内直达北京新发地农产品批发市场及各大商超；一路向南，24小时左右抵达粤港澳大湾区。
“产得出、运得快、供得上！”崔玉禄说，目前全村日产西红柿稳定在1万斤以上，专业合作社每天交易量达10至15吨，确保高品质的稳定供应。
走进众旺果蔬专业合作社，分拣车间内，工人们正忙着将西红柿封箱装车。崔玉禄说，春节保供是头等大事，这几天工人全员上岗，每天向国内主要城市发出蔬菜近5万公斤，全力保障供应不断档、不脱销。
如今的寿光，设施西红柿年种植面积20万亩，产量200多万吨，还承担着冬季南菜北运的重要集散功能，年蔬菜吞吐量900万吨。春节临近，当地1600多家蔬菜专业合作社等将开足马力，让西红柿等蔬菜运得出、销得好，丰富节日餐桌。
下午2点，潍坊高速路口满载鲜蔬的货车川流不息。从大棚里的热度，到专业合作社里的忙碌，无不显示着寿光蔬菜供给的“韧性”。这十几万个蔬菜大棚、日产万吨的蔬菜，是“菜篮子”稳定的“压舱石”。
大棚里，一颗颗西红柿颜色鲜亮，迎接着新春到来。
西红柿村，保供竞速跑（新春走基层）
本报记者  余建斌  常  钦《人民日报》（2026年02月09日第 01 版）
2月7日晚，山东潍坊寿光，夜风凛凛，气温降到零下8摄氏度。
稻田镇崔岭西村，西红柿专业种植村。晚上8点多，建成果蔬专业合作社负责人崔建成的手机响个不停，“年根儿底下，都在催货。”
第二天，天蒙蒙亮，崔建成裹上大衣、顶着低温冲向种植大户崔延昌的大棚。那里是西红柿“保供竞速跑”的第一棒。
掀开厚重的保温棉帘，棚内温度18摄氏度，记者的眼镜片立马蒙上一层白雾。崔延昌和妻子正麻利地摘着西红柿，不过七八分钟，就装了30斤重的一桶。
“这一茬长势好，品相也好，一个棚就摘了1600多斤！”抹了一把额头上的汗，崔延昌脸上尽是笑。当天的地头收购价是一斤3.3元，“价格挺稳。”
这一茬丰收来得并不容易，是“抢”回来的胜利。“往年西红柿都是7月定植，去年因为一直下雨，定植整整晚了一个月。”崔延昌说，为了把耽误的农时抢回来，他采用了“错时种植法”，家里3个棚，最早的一个棚去年12月就开园了，刚好补上了春节前的供应需求。
既要抢时间，更要抓品质，必须靠科技。作为首批粤港澳大湾区“菜篮子”生产基地，崔岭西村的西红柿不仅色泽红润，品质还更稳定。这得益于近年村里持续推进大棚升级改造，“7代智能大棚”已经陆续落地。
寿光市农业农村局高级农艺师李光聚介绍，这种大棚保温能力很强，而且配备了智能放风开关系统，达到一定设置温度就自动开启或关闭。靠着这些新科技，即便寒潮来袭，棚内温度也能连续3天保持在13摄氏度以上，守住西红柿的质量和产量。
上午11点30分，“保供竞速跑”交接棒，刚摘下的西红柿带着田间的余温，被送到村头的智能云仓。
云仓中回荡着分拣线富有节奏的机械声。崔岭西村党支部书记崔玉禄指着数字大屏介绍，寒潮一来，村里立即启动保供预案，将采摘、分拣、装车的全流程压缩至最短。这一箱箱贴着“崔西一品”标签的西红柿兵分两路：一路向北，12小时内直达北京新发地农产品批发市场及各大商超；一路向南，24小时左右抵达粤港澳大湾区。
“产得出、运得快、供得上！”崔玉禄说，目前全村日产西红柿稳定在1万斤以上，专业合作社每天交易量达10至15吨，确保高品质的稳定供应。
走进众旺果蔬专业合作社，分拣车间内，工人们正忙着将西红柿封箱装车。崔玉禄说，春节保供是头等大事，这几天工人全员上岗，每天向国内主要城市发出蔬菜近5万公斤，全力保障供应不断档、不脱销。
如今的寿光，设施西红柿年种植面积20万亩，产量200多万吨，还承担着冬季南菜北运的重要集散功能，年蔬菜吞吐量900万吨。春节临近，当地1600多家蔬菜专业合作社等将开足马力，让西红柿等蔬菜运得出、销得好，丰富节日餐桌。
下午2点，潍坊高速路口满载鲜蔬的货车川流不息。从大棚里的热度，到专业合作社里的忙碌，无不显示着寿光蔬菜供给的“韧性”。这十几万个蔬菜大棚、日产万吨的蔬菜，是“菜篮子”稳定的“压舱石”。
大棚里，一颗颗西红柿颜色鲜亮，迎接着新春到来。",要闻,https://paper.people.com.cn/rmrb/pc/content/202602/09/../../../content/202602/09/content_30139406.html,2026-02-09,"['西红柿', '保供', '大棚', '蔬菜', '延昌', '合作社', '专业', '竞速', '崔岭', '崔玉禄']","第01版：要闻
本版新闻
人民日报2026年02月09日",经济
吴姐卖菜，搭上慢火车（新春走基层）,"第01版：要闻
本版新闻
人民日报2026年02月09日
Mon
“吴姐，活鸡也能上火车？”
清晨，贵州苗岭大山里，菜农吴姐的一天是从一阵“鸡飞狗跳”开始的。记者一边帮忙围追堵截走地鸡，一边疑惑地问。
“能啊，还有专门的车厢呢！”吴姐话音未落，一个箭步上前，左手虚晃，右手疾出——“逮住啦！”
吴姐名叫吴寿芬，家住贵州凯里市翁当村。春节临近，她正忙着捉鸡、整理鲜菜等“土山货”。分装整齐后，吴寿芬挑上担子，搭乘火车前往凯里赶集售卖。
“看，火车来了。”一阵轰隆声中，火车缓缓进站。吴寿芬要乘坐的是5639/5640次列车——这趟往返于贵阳与玉屏之间的“慢火车”途经16个站点，逢站必停，最低票价只有几块钱。
吴寿芬深吸一口气，腰腿发力，稳稳挑起100多斤重的菜担，扁担“吱呀”一声压上肩头。
“很久以前没有慢火车的时候，我们要抬着100多斤的菜，走一两个小时山路，再坐中巴到镇上。等到了市场，菜都蔫了，卖不上价。”吴寿芬说。
列车长胡贵川和其他铁路工作人员在站台帮老乡们挑着扁担上车，吴寿芬在一节特殊的“乡村集市”车厢放下了扁担。
为方便乡亲们沿途售卖，铁路部门专门改造了这节车厢：拆除部分座椅，换成长条凳，便于整齐摆放蔬菜和特产，往来旅客也能选购。
“在我们这趟慢火车上，除了请乘客‘对号入座’，还得加上一句——老乡的鸡鸭鹅也要‘对号入座’。”胡贵川说。
老乡们的笸箩里，蔬菜、鸡、鸭、鱼、鹅等农货应有尽有，有的还挂着泥土、浸着露珠，扁担排列得整整齐齐。
“三号车厢有新鲜、价格优惠的蔬菜售卖，欢迎选购！”列车广播响起，胡贵川热情地引导乘客来到吴寿芬的扁担前，“您看这只鸡怎么样，十几斤重，老乡自家散养的。”
胡贵川“管着”这个移动“菜市场”，是这里的“金牌销售”、老乡们的“首席翻译”。他在车上耐心讲解、推介，帮乡亲们卖个好价钱。这件看似简单的事，他已坚持了整整10年。
“有人不理解，问我是不是想赚差价，我说是想‘赚差价’——让老乡们多赚一点！”胡贵川说。
火车到站，吴寿芬迎来了她的第一单生意。“我买过好多次了！”一名老顾客笑着说，“吴姐家的菜是用农家肥种的，特别新鲜，家里人都爱吃她种的菠菜。”
凭着这份真诚，吴寿芬的“土货”备受青睐。不一会儿，蔬菜、走地鸡等就售卖一空，收入200多元。本就爱笑的她，笑得更开心了。
菜卖完后，吴寿芬在集市上多逛了一会儿。一副对联、一件新衣、一个新书包——这就是她今天买的年货。
下午4点左右，乡亲们坐上了返程的慢火车。笸箩里已悄然置换成“战利品”，大家彼此分享着自己的集市所得。
“以前我去广东打工，一年回不了两次家。慢火车这么方便，我干脆回来挑菜卖，能天天陪着孩子。”吴寿芬给记者看了儿子这学期的新奖状，笑得合不拢嘴。
车轮滚滚，笛声悠扬。慢火车载着人间烟火，向着乡亲们的美好生活——出发。
吴姐卖菜，搭上慢火车（新春走基层）
本报记者  陈  爽《人民日报》（2026年02月09日第 01 版）
“吴姐，活鸡也能上火车？”
清晨，贵州苗岭大山里，菜农吴姐的一天是从一阵“鸡飞狗跳”开始的。记者一边帮忙围追堵截走地鸡，一边疑惑地问。
“能啊，还有专门的车厢呢！”吴姐话音未落，一个箭步上前，左手虚晃，右手疾出——“逮住啦！”
吴姐名叫吴寿芬，家住贵州凯里市翁当村。春节临近，她正忙着捉鸡、整理鲜菜等“土山货”。分装整齐后，吴寿芬挑上担子，搭乘火车前往凯里赶集售卖。
“看，火车来了。”一阵轰隆声中，火车缓缓进站。吴寿芬要乘坐的是5639/5640次列车——这趟往返于贵阳与玉屏之间的“慢火车”途经16个站点，逢站必停，最低票价只有几块钱。
吴寿芬深吸一口气，腰腿发力，稳稳挑起100多斤重的菜担，扁担“吱呀”一声压上肩头。
“很久以前没有慢火车的时候，我们要抬着100多斤的菜，走一两个小时山路，再坐中巴到镇上。等到了市场，菜都蔫了，卖不上价。”吴寿芬说。
列车长胡贵川和其他铁路工作人员在站台帮老乡们挑着扁担上车，吴寿芬在一节特殊的“乡村集市”车厢放下了扁担。
为方便乡亲们沿途售卖，铁路部门专门改造了这节车厢：拆除部分座椅，换成长条凳，便于整齐摆放蔬菜和特产，往来旅客也能选购。
“在我们这趟慢火车上，除了请乘客‘对号入座’，还得加上一句——老乡的鸡鸭鹅也要‘对号入座’。”胡贵川说。
老乡们的笸箩里，蔬菜、鸡、鸭、鱼、鹅等农货应有尽有，有的还挂着泥土、浸着露珠，扁担排列得整整齐齐。
“三号车厢有新鲜、价格优惠的蔬菜售卖，欢迎选购！”列车广播响起，胡贵川热情地引导乘客来到吴寿芬的扁担前，“您看这只鸡怎么样，十几斤重，老乡自家散养的。”
胡贵川“管着”这个移动“菜市场”，是这里的“金牌销售”、老乡们的“首席翻译”。他在车上耐心讲解、推介，帮乡亲们卖个好价钱。这件看似简单的事，他已坚持了整整10年。
“有人不理解，问我是不是想赚差价，我说是想‘赚差价’——让老乡们多赚一点！”胡贵川说。
火车到站，吴寿芬迎来了她的第一单生意。“我买过好多次了！”一名老顾客笑着说，“吴姐家的菜是用农家肥种的，特别新鲜，家里人都爱吃她种的菠菜。”
凭着这份真诚，吴寿芬的“土货”备受青睐。不一会儿，蔬菜、走地鸡等就售卖一空，收入200多元。本就爱笑的她，笑得更开心了。
菜卖完后，吴寿芬在集市上多逛了一会儿。一副对联、一件新衣、一个新书包——这就是她今天买的年货。
下午4点左右，乡亲们坐上了返程的慢火车。笸箩里已悄然置换成“战利品”，大家彼此分享着自己的集市所得。
“以前我去广东打工，一年回不了两次家。慢火车这么方便，我干脆回来挑菜卖，能天天陪着孩子。”吴寿芬给记者看了儿子这学期的新奖状，笑得合不拢嘴。
车轮滚滚，笛声悠扬。慢火车载着人间烟火，向着乡亲们的美好生活——出发。",要闻,https://paper.people.com.cn/rmrb/pc/content/202602/09/../../../content/202602/09/content_30139407.html,2026-02-09,"['吴寿芬', '火车', '胡贵川', '吴姐', '老乡', '扁担', '售卖', '乡亲们', '蔬菜', '集市']","第01版：要闻
本版新闻
人民日报2026年02月09日",经济
快与慢，都是民生（编辑手记）,"第01版：要闻
本版新闻
人民日报2026年02月09日
Mon
保供链上的“竞速跑”，守护百姓餐桌上的生鲜，让“菜篮子”通过了一场压力测试；为蔬菜开辟空间的“慢火车”，行驶在通往幸福的“快车道”上，托举菜农增收致富的梦想。
从山东乡村奔忙采摘的热潮，到贵州山间火车悠长的汽笛，一快一慢两个故事，展现出时代的民生温度。追求更高效率、更高质量的发展，归根结底是为了实现更普惠的民生福祉。
流动的中国，孕育无数热气腾腾的故事，无论是每一份对“中国速度”的执着追求，还是每一寸为“慢火车”保留的轨道，都承载着人民对美好生活的向往，映射出中国蒸蒸日上的前进轨迹。
快与慢，都是民生（编辑手记）
赵川博《人民日报》（2026年02月09日第 01 版）
保供链上的“竞速跑”，守护百姓餐桌上的生鲜，让“菜篮子”通过了一场压力测试；为蔬菜开辟空间的“慢火车”，行驶在通往幸福的“快车道”上，托举菜农增收致富的梦想。
从山东乡村奔忙采摘的热潮，到贵州山间火车悠长的汽笛，一快一慢两个故事，展现出时代的民生温度。追求更高效率、更高质量的发展，归根结底是为了实现更普惠的民生福祉。
流动的中国，孕育无数热气腾腾的故事，无论是每一份对“中国速度”的执着追求，还是每一寸为“慢火车”保留的轨道，都承载着人民对美好生活的向往，映射出中国蒸蒸日上的前进轨迹。",要闻,https://paper.people.com.cn/rmrb/pc/content/202602/09/../../../content/202602/09/content_30139408.html,2026-02-09,"['火车', '民生', '追求', '保供', '故事', '竞速', '01', '2026', '02', '09']","第01版：要闻
本版新闻
人民日报2026年02月09日",社会
为什么重大历史关头总是加强全党学习,"第01版：要闻
本版新闻
人民日报2026年02月09日
Mon
（一）
重视学习是我们党推动事业发展的成功经验，学习本领是领导干部必须具备的第一位本领。
1月30日，中共中央政治局就前瞻布局和发展未来产业进行集体学习，习近平总书记要求：“各级领导干部要加强科技前沿知识学习，努力做到知科技、懂产业、善决策。”
“每当重大历史关头，我们党总是号召全党加强学习。”1月20日“开年第一课”上，总书记强调“进一步加强学习”，指出“首要的是钻研党的创新理论，吃透党中央大政方针和决策部署，提高政治能力和战略思维能力”。
为什么中国共产党把学习摆在如此重要的位置？
回望历史，我们党把握历史主动、创造伟大成就，根本在于掌握了马克思主义科学理论，坚持理论创新每前进一步、理论武装就跟进一步。
新时代以来，党的理论创新和实践创新是十分生动的，全党的学习也是生动的。历次集中教育，都以思想教育打头，有力推动全党思想上统一、政治上团结、行动上一致。
现在，中国式现代化进入“十五五”夯实基础、全面发力的关键时期。
以两个大局视野观之，国际形势演变深刻影响国内发展，战略机遇和风险挑战并存、不确定难预料因素增多。
沿着现代化主轴观之，“十五五”时期具有“承前启后的重要地位”，是历史接力“关键一棒”。
党的二十届四中全会深刻洞察时与势、危与机，积极识变应变求变，对未来5年我国发展作出顶层设计和战略擘画。
“我们党依靠学习创造了历史，更要依靠学习走向未来。”
“开年第一课”，主题就是学习贯彻党的二十届四中全会精神。1月8日，中共中央政治局常委会召开会议，要求中央书记处“立足职责抓好指导开展党内集中教育”。
理论武装，旨在凝心铸魂，方法至关重要。
习近平同志在《既重务实，又善务虚》一文中强调：“我们的一些领导干部常年辛劳，夙兴夜寐，却又打不开局面，究其原因，往往是出在没有处理好务实与务虚的关系上。”
把握好务实与务虚的辩证关系，通过务虚及时更新思想认知、优化战略谋划，才能让认识紧跟实践，为务实工作提供科学指导。
现代化产业体系是中国式现代化的物质技术基础，“十五五”规划建议将其摆在各项战略任务的第一条，“是经过深思熟虑的”。
以此为例深入领悟党中央决策部署的战略考量，我们可以更好学习运用党的创新理论把握大势、明辨方向、掌握方法。
（二）
正确判断形势，是谋划未来、科学决策的重要前提。学深悟透党的创新理论的世界观，才能准确分析大势、把握全局。
“大历史观”，是习近平新时代中国特色社会主义思想世界观的重要体现，是观察时代、把握时代、引领时代的重要视角。
从现代化产业体系由理论到决策再到实践的过程中，可以深入领悟我们党以大历史观分析把握大势、抓住用好机遇、掌握历史主动的认识论和方法论。
着眼全局，强调“现代化产业体系是现代化国家的物质技术基础，必须把发展经济的着力点放在实体经济上，为实现第二个百年奋斗目标提供坚强物质支撑”；
把握规律，指出“实体经济是基础，各种制造业不能丢，作为14亿人口的大国，粮食和实体产业要以自己为主，这一条绝对不能丢”；
抓住关键，要求“制造业是国民经济的重要支柱，推进中国式现代化必须保持制造业合理比重”；
…………
从过去洋火、洋皂、洋铁等靠买进来，到现在成为工业门类最齐全的世界制造业第一大国，“这条路走对了”。
2025年，我国制造业增加值比上年增长6.1%，制造业规模有望连续16年保持全球第一。总书记指出：“这些年我国经济顶风破浪、保持强大韧性和活力，战略依托就是完整的产业体系。”
“十五五”规划建议系统部署“建设现代化产业体系，巩固壮大实体经济根基”，体现了党对经济发展规律和大势把握的进一步深化。
历史看，许多经济强国发轫于制造业，而后一些国家“脱实向虚”，再推进“制造业回流”已步履维艰；
横向看，新一轮科技革命和产业变革加速演进，一些发达国家布局产业体系建设，抢占未来发展先机。
“我国经济是靠实体经济起家的，也要靠实体经济走向未来。”
坚持把发展经济的着力点放在实体经济上，加快构建以先进制造业为骨干的现代化产业体系，定能铸就中国式现代化的“钢筋铁骨”。
党的创新理论是改造主观世界的“营养”。学得深悟得透，认识问题才站得高，分析问题才看得深。
以全局视野领会全会精神，将各项部署作为一个整体来把握，就能增强前瞻性、更加自觉落实战略任务。
（三）
思路决定出路，方向决定前途。学深悟透党的创新理论的精髓要义，才能科学辨明方向、谋划未来。
强化战略思维，善于从战略上看问题、想问题，把战略的坚定性和策略的灵活性结合起来，这是掌握战略主动的关键所在。
融会贯通领会习近平总书记关于加快建设现代化产业体系的最新重要论述，我们能更深把握“十五五”各项战略部署。
“发展新质生产力是高质量发展的内在要求。‘十五五’时期要把发展新质生产力摆在更加突出的战略位置。”这是着眼未来的战略设计。
“建设现代化产业体系、实现产业体系整体跃升，是‘十五五’时期的重要战略任务。各地区各行业要找准定位，坚持智能化、绿色化、融合化方向”，彰显“抱成团朝着顶层设计的目标一起做”的系统观念。
“2006年以来，我国制造业比重总体下降，这是产业结构调整的阶段性正常现象，但不能任其持续下滑，更不能走向产业空心化”，加深对“保持制造业合理比重”的理解。
“未来产业具有前瞻性、战略性、颠覆性等特点，需要科学谋划、全局统筹。”从中，我们更能领悟前瞻布局和发展未来产业的重要性、紧迫性。
理论强，方向明，思路清。
2025年，深圳南山区成为我国首个地区生产总值过万亿元的地市辖区，面积仅占全市约1/10，经济总量却占约1/4。
在推进新型工业化中走在前。南山的“机器人谷”，在党的创新理论中找准定位、把准方向——
人工智能“具有溢出带动性很强的‘头雁’效应”。密集出台人工智能有关政策方案，在创新潮头主动拥抱“AI+”；
推进制造业智能化、绿色化、融合化发展。“工业上楼”集约用地，一栋楼就是一个“特色产业生态圈”。
理论学深悟透，发展向新向优，实践掌握主动。
“十五五”规划建议提出了符合实际、具有前瞻性的总体思路、重大原则、主要目标、战略任务，这是党中央准确把握未来5年我国发展大势，对发展方向和路径作出的战略部署。
既胸怀全局、登高望远，准确把握党中央决策意图，又在战略上保持定力、在战术上精心运筹，看准了就抓紧干。知行合一，善作善成。
（四）
干事创业，方法至关重要。学深悟透党的创新理论的方法论，才能掌握科学方法、更好推动发展。
吃透党的二十届四中全会的战略部署，就要学习掌握唯物辩证法的根本方法，不断提高驾驭复杂局面、处理复杂问题的本领。
习近平总书记在“开年第一课”上讲述的“适配度”是一个切入点——
“‘十五五’刚刚开局，大家都在谋划推进，要注意算投入产出账，提高适配度，既不能无视短板，也不能过于超前、造成浪费。”
现代化产业体系是复杂经济系统。劳动、资本、技术等生产要素如何匹配？政府和市场如何协同？产业布局如何坚持有所为、有所不为？系统思维、辩证思维、创新思维至关重要。
从更大视野看，“适配度”是观察中国经济为什么能的重要视角。
作为曾经的排污产废大户，铝业的高质量、可持续发展现代化之路，见证“提高适配度”的力量。
协同，体现产业的系统性。变产能，火电改绿电；变技术，将原料“吃干榨净”；变模式，专用通道让水直接就地转化……各部分的含新量共举铝业含绿量。
动态，体现供需的均衡性。国内找矿、海外扩产，攻关提炼煤下铝、加强回收促再生……推动上下游、主副业均衡发展，踩稳了供需平衡木。
高效，体现配合的精准性。汽车制造开足马力，铝业开源提效。围绕电子、新能源等领域，培养小巨人、单项冠军，将库存化为要素。不同产业一拍即合、精准耦合，推动物尽其用。
贯彻党中央战略部署，“各级各部门都要有大局观、执行力”。坚持系统观念，因地制宜，协同发力，下好全国一盘棋，中国巨轮具有战风斗浪的潜能、定力和底气。
学而信、学而思、学而行。
把读“有字书”和读“无字书”结合起来，把看家本领、兴党本领、强国本领学到手，拥有千千万万中国式现代化建设的坚定行动派、实干家，我们的事业无往不胜。
为什么重大历史关头总是加强全党学习
——从现代化产业体系领悟党的创新理论和党中央战略部署
任  平《人民日报》（2026年02月09日第 01 版）
（一）
重视学习是我们党推动事业发展的成功经验，学习本领是领导干部必须具备的第一位本领。
1月30日，中共中央政治局就前瞻布局和发展未来产业进行集体学习，习近平总书记要求：“各级领导干部要加强科技前沿知识学习，努力做到知科技、懂产业、善决策。”
“每当重大历史关头，我们党总是号召全党加强学习。”1月20日“开年第一课”上，总书记强调“进一步加强学习”，指出“首要的是钻研党的创新理论，吃透党中央大政方针和决策部署，提高政治能力和战略思维能力”。
为什么中国共产党把学习摆在如此重要的位置？
回望历史，我们党把握历史主动、创造伟大成就，根本在于掌握了马克思主义科学理论，坚持理论创新每前进一步、理论武装就跟进一步。
新时代以来，党的理论创新和实践创新是十分生动的，全党的学习也是生动的。历次集中教育，都以思想教育打头，有力推动全党思想上统一、政治上团结、行动上一致。
现在，中国式现代化进入“十五五”夯实基础、全面发力的关键时期。
以两个大局视野观之，国际形势演变深刻影响国内发展，战略机遇和风险挑战并存、不确定难预料因素增多。
沿着现代化主轴观之，“十五五”时期具有“承前启后的重要地位”，是历史接力“关键一棒”。
党的二十届四中全会深刻洞察时与势、危与机，积极识变应变求变，对未来5年我国发展作出顶层设计和战略擘画。
“我们党依靠学习创造了历史，更要依靠学习走向未来。”
“开年第一课”，主题就是学习贯彻党的二十届四中全会精神。1月8日，中共中央政治局常委会召开会议，要求中央书记处“立足职责抓好指导开展党内集中教育”。
理论武装，旨在凝心铸魂，方法至关重要。
习近平同志在《既重务实，又善务虚》一文中强调：“我们的一些领导干部常年辛劳，夙兴夜寐，却又打不开局面，究其原因，往往是出在没有处理好务实与务虚的关系上。”
把握好务实与务虚的辩证关系，通过务虚及时更新思想认知、优化战略谋划，才能让认识紧跟实践，为务实工作提供科学指导。
现代化产业体系是中国式现代化的物质技术基础，“十五五”规划建议将其摆在各项战略任务的第一条，“是经过深思熟虑的”。
以此为例深入领悟党中央决策部署的战略考量，我们可以更好学习运用党的创新理论把握大势、明辨方向、掌握方法。
（二）
正确判断形势，是谋划未来、科学决策的重要前提。学深悟透党的创新理论的世界观，才能准确分析大势、把握全局。
“大历史观”，是习近平新时代中国特色社会主义思想世界观的重要体现，是观察时代、把握时代、引领时代的重要视角。
从现代化产业体系由理论到决策再到实践的过程中，可以深入领悟我们党以大历史观分析把握大势、抓住用好机遇、掌握历史主动的认识论和方法论。
着眼全局，强调“现代化产业体系是现代化国家的物质技术基础，必须把发展经济的着力点放在实体经济上，为实现第二个百年奋斗目标提供坚强物质支撑”；
把握规律，指出“实体经济是基础，各种制造业不能丢，作为14亿人口的大国，粮食和实体产业要以自己为主，这一条绝对不能丢”；
抓住关键，要求“制造业是国民经济的重要支柱，推进中国式现代化必须保持制造业合理比重”；
…………
从过去洋火、洋皂、洋铁等靠买进来，到现在成为工业门类最齐全的世界制造业第一大国，“这条路走对了”。
2025年，我国制造业增加值比上年增长6.1%，制造业规模有望连续16年保持全球第一。总书记指出：“这些年我国经济顶风破浪、保持强大韧性和活力，战略依托就是完整的产业体系。”
“十五五”规划建议系统部署“建设现代化产业体系，巩固壮大实体经济根基”，体现了党对经济发展规律和大势把握的进一步深化。
历史看，许多经济强国发轫于制造业，而后一些国家“脱实向虚”，再推进“制造业回流”已步履维艰；
横向看，新一轮科技革命和产业变革加速演进，一些发达国家布局产业体系建设，抢占未来发展先机。
“我国经济是靠实体经济起家的，也要靠实体经济走向未来。”
坚持把发展经济的着力点放在实体经济上，加快构建以先进制造业为骨干的现代化产业体系，定能铸就中国式现代化的“钢筋铁骨”。
党的创新理论是改造主观世界的“营养”。学得深悟得透，认识问题才站得高，分析问题才看得深。
以全局视野领会全会精神，将各项部署作为一个整体来把握，就能增强前瞻性、更加自觉落实战略任务。
（三）
思路决定出路，方向决定前途。学深悟透党的创新理论的精髓要义，才能科学辨明方向、谋划未来。
强化战略思维，善于从战略上看问题、想问题，把战略的坚定性和策略的灵活性结合起来，这是掌握战略主动的关键所在。
融会贯通领会习近平总书记关于加快建设现代化产业体系的最新重要论述，我们能更深把握“十五五”各项战略部署。
“发展新质生产力是高质量发展的内在要求。‘十五五’时期要把发展新质生产力摆在更加突出的战略位置。”这是着眼未来的战略设计。
“建设现代化产业体系、实现产业体系整体跃升，是‘十五五’时期的重要战略任务。各地区各行业要找准定位，坚持智能化、绿色化、融合化方向”，彰显“抱成团朝着顶层设计的目标一起做”的系统观念。
“2006年以来，我国制造业比重总体下降，这是产业结构调整的阶段性正常现象，但不能任其持续下滑，更不能走向产业空心化”，加深对“保持制造业合理比重”的理解。
“未来产业具有前瞻性、战略性、颠覆性等特点，需要科学谋划、全局统筹。”从中，我们更能领悟前瞻布局和发展未来产业的重要性、紧迫性。
理论强，方向明，思路清。
2025年，深圳南山区成为我国首个地区生产总值过万亿元的地市辖区，面积仅占全市约1/10，经济总量却占约1/4。
在推进新型工业化中走在前。南山的“机器人谷”，在党的创新理论中找准定位、把准方向——
人工智能“具有溢出带动性很强的‘头雁’效应”。密集出台人工智能有关政策方案，在创新潮头主动拥抱“AI+”；
推进制造业智能化、绿色化、融合化发展。“工业上楼”集约用地，一栋楼就是一个“特色产业生态圈”。
理论学深悟透，发展向新向优，实践掌握主动。
“十五五”规划建议提出了符合实际、具有前瞻性的总体思路、重大原则、主要目标、战略任务，这是党中央准确把握未来5年我国发展大势，对发展方向和路径作出的战略部署。
既胸怀全局、登高望远，准确把握党中央决策意图，又在战略上保持定力、在战术上精心运筹，看准了就抓紧干。知行合一，善作善成。
（四）
干事创业，方法至关重要。学深悟透党的创新理论的方法论，才能掌握科学方法、更好推动发展。
吃透党的二十届四中全会的战略部署，就要学习掌握唯物辩证法的根本方法，不断提高驾驭复杂局面、处理复杂问题的本领。
习近平总书记在“开年第一课”上讲述的“适配度”是一个切入点——
“‘十五五’刚刚开局，大家都在谋划推进，要注意算投入产出账，提高适配度，既不能无视短板，也不能过于超前、造成浪费。”
现代化产业体系是复杂经济系统。劳动、资本、技术等生产要素如何匹配？政府和市场如何协同？产业布局如何坚持有所为、有所不为？系统思维、辩证思维、创新思维至关重要。
从更大视野看，“适配度”是观察中国经济为什么能的重要视角。
作为曾经的排污产废大户，铝业的高质量、可持续发展现代化之路，见证“提高适配度”的力量。
协同，体现产业的系统性。变产能，火电改绿电；变技术，将原料“吃干榨净”；变模式，专用通道让水直接就地转化……各部分的含新量共举铝业含绿量。
动态，体现供需的均衡性。国内找矿、海外扩产，攻关提炼煤下铝、加强回收促再生……推动上下游、主副业均衡发展，踩稳了供需平衡木。
高效，体现配合的精准性。汽车制造开足马力，铝业开源提效。围绕电子、新能源等领域，培养小巨人、单项冠军，将库存化为要素。不同产业一拍即合、精准耦合，推动物尽其用。
贯彻党中央战略部署，“各级各部门都要有大局观、执行力”。坚持系统观念，因地制宜，协同发力，下好全国一盘棋，中国巨轮具有战风斗浪的潜能、定力和底气。
学而信、学而思、学而行。
把读“有字书”和读“无字书”结合起来，把看家本领、兴党本领、强国本领学到手，拥有千千万万中国式现代化建设的坚定行动派、实干家，我们的事业无往不胜。",要闻,https://paper.people.com.cn/rmrb/pc/content/202602/09/../../../content/202602/09/content_30139409.html,2026-02-09,"['产业', '现代化', '战略', '理论', '学习', '制造业', '把握', '十五', '创新', '体系']","第01版：要闻
本版新闻
人民日报2026年02月09日",政治
导读,"第01版：要闻
本版新闻
人民日报2026年02月09日
Mon
财经深一度
从外贸万亿大省看韧性与活力
第十八版
大地副刊
我的铁路风景
第二十版
导读
《人民日报》（2026年02月09日第 01 版）
财经深一度
从外贸万亿大省看韧性与活力
第十八版
大地副刊
我的铁路风景
第二十版",要闻,https://paper.people.com.cn/rmrb/pc/content/202602/09/../../../content/202602/09/content_30139410.html,2026-02-09,"['01', '2026', '02', '09', '大省', '第二十', '副刊', '第十八', '导读', '韧性']","第01版：要闻
本版新闻
人民日报2026年02月09日",其他
让老车间用上新技术（实干显担当 同心启新程·代表委员履职故事）,"第02版：要闻
本版新闻
人民日报2026年02月09日
Mon
开栏的话
2026年全国两会即将召开。过去一年，全国人大代表、全国政协委员密切联系群众、深入开展调研，讲实话、道实情、出实招，为推进中国式现代化集思广益、凝聚共识，体现使命和担当。本报今日起推出“实干显担当  同心启新程·代表委员履职故事”专栏，讲述代表委员的履职实践与思考感悟，展现新时代人大代表、政协委员的风采。
“李工，识别算法的阈值设定在这个区间是不是合理？”走进生产车间，全国人大代表、天津钢管制造有限公司管加工事业部元通分厂主任工程师李刚正和几名年轻技术员围在一起热烈讨论。
去年，在李刚的推动下，企业上新“基于视觉识别技术的钢管表面质量自动检测系统”，通过高速拍照和算法比对，替代了传统的人工检测，既提高了质检效率，也保证了生产质量。“相当于给钢管‘体检’配上了‘火眼金睛’。”李刚说。
李刚的关注点始终务实：“目标不是追求最超前的技术，而是找到最适用的方案，切实解决一线问题，提升产品质量和生产效率。”
作为一线工人代表，李刚长期关注产业工人的现状与未来。在日常工作中，他负责设备管理、维修和智能改造，也肩负“传帮带”责任。他注意到，面对智能化转型，不少工友既有提升技能的迫切愿望，也有对技术替代的些许焦虑。
“技多不压身。”李刚常把这句话挂在嘴边，“作为新时代产业工人，一定要树立终身学习理念。”他认为，在制造业智能化升级的时代，一些重复性、危险性高的岗位会逐渐被机器替代，但一些需要人去判断、去驾驭机器的岗位也在涌现。
针对工友们的所思所盼，李刚围绕如何构建更有效的机制，帮助广大产业工人适应时代变化、实现技能升级和职业生涯平稳过渡开展了调研。“企业和职工是命运共同体。工人技能强，企业才有竞争力；职工有发展，企业才有未来。”李刚说，今年3月，他会继续为传统制造业建言，为一线产业工人献策，努力把更多来自工厂车间的“好声音”带到全国两会会场。
记者手记
从微创新微改造破题
面对制造业智能化转型浪潮，李刚代表不空谈概念，而是深入一线，从微创新微改造做起，为企业“破题”寻找最适合的方案。
“把政策语言转化为车间团队能听懂的指令，再把工友们的期盼提炼成扎实的建议。”李刚说，沉下心、扎得深、善倾听、会思考，才能让来自工厂车间的建议落地落实。
李刚代表——
让老车间用上新技术（实干显担当 同心启新程·代表委员履职故事）
本报记者  李家鼎《人民日报》（2026年02月09日第 02 版）
开栏的话
2026年全国两会即将召开。过去一年，全国人大代表、全国政协委员密切联系群众、深入开展调研，讲实话、道实情、出实招，为推进中国式现代化集思广益、凝聚共识，体现使命和担当。本报今日起推出“实干显担当  同心启新程·代表委员履职故事”专栏，讲述代表委员的履职实践与思考感悟，展现新时代人大代表、政协委员的风采。
“李工，识别算法的阈值设定在这个区间是不是合理？”走进生产车间，全国人大代表、天津钢管制造有限公司管加工事业部元通分厂主任工程师李刚正和几名年轻技术员围在一起热烈讨论。
去年，在李刚的推动下，企业上新“基于视觉识别技术的钢管表面质量自动检测系统”，通过高速拍照和算法比对，替代了传统的人工检测，既提高了质检效率，也保证了生产质量。“相当于给钢管‘体检’配上了‘火眼金睛’。”李刚说。
李刚的关注点始终务实：“目标不是追求最超前的技术，而是找到最适用的方案，切实解决一线问题，提升产品质量和生产效率。”
作为一线工人代表，李刚长期关注产业工人的现状与未来。在日常工作中，他负责设备管理、维修和智能改造，也肩负“传帮带”责任。他注意到，面对智能化转型，不少工友既有提升技能的迫切愿望，也有对技术替代的些许焦虑。
“技多不压身。”李刚常把这句话挂在嘴边，“作为新时代产业工人，一定要树立终身学习理念。”他认为，在制造业智能化升级的时代，一些重复性、危险性高的岗位会逐渐被机器替代，但一些需要人去判断、去驾驭机器的岗位也在涌现。
针对工友们的所思所盼，李刚围绕如何构建更有效的机制，帮助广大产业工人适应时代变化、实现技能升级和职业生涯平稳过渡开展了调研。“企业和职工是命运共同体。工人技能强，企业才有竞争力；职工有发展，企业才有未来。”李刚说，今年3月，他会继续为传统制造业建言，为一线产业工人献策，努力把更多来自工厂车间的“好声音”带到全国两会会场。
记者手记
从微创新微改造破题
面对制造业智能化转型浪潮，李刚代表不空谈概念，而是深入一线，从微创新微改造做起，为企业“破题”寻找最适合的方案。
“把政策语言转化为车间团队能听懂的指令，再把工友们的期盼提炼成扎实的建议。”李刚说，沉下心、扎得深、善倾听、会思考，才能让来自工厂车间的建议落地落实。",要闻,https://paper.people.com.cn/rmrb/pc/content/202602/09/../../../content/202602/09/content_30139411.html,2026-02-09,"['李刚', '产业工人', '车间', '履职', '工友', '代表', '钢管', '委员', '一线', '智能化']","第02版：要闻
本版新闻
人民日报2026年02月09日",政治
为冰雪梦铺就成长路（实干显担当 同心启新程·代表委员履职故事）,"第02版：要闻
本版新闻
人民日报2026年02月09日
Mon
在黑龙江佳木斯市第六小学新浇的冰场上，一群孩子正在挥杆驰骋。场边，全国政协委员、民盟佳木斯市委会主委赵坤宇看得入神。她在思考，如何让冰雪运动的种子在基层扎根。
调研中，赵坤宇发现佳木斯冰球运动的难题——孩子们远赴外地训练热情如火，本地冰场却长期停运、专业教练无法入校。
赵坤宇从推动校园自建冰场破题。家校社联动的创造力令她动容：在佳木斯六小，没有专业设备，教练、家长和孩子们一起动手，用自制的工具，几天内建起了冰场。还有家长在场边录制视频、分析战术，成了“场外助教”。这股合力有了成效：市区多所小学建起冰场，在市级冰球邀请赛上，这支从自制冰场走出来的队伍斩获佳绩。
赵坤宇认为，要由专业人做专业事。她的建言很具体：建议优化冰雪体育传统校布局，打通培养链条，解决“升学断档”焦虑；呼吁制定政策，打通退役运动员进入学校教练员岗位的渠道，让“专业人”有“专业岗”。她已与多所初高中对接，推动组建校队。
2025年全国两会，赵坤宇的提案聚焦冰雪运动发展中“场地少、票价贵、师资缺、产业弱”等瓶颈。国家体育总局的答复与她提出的方向高度契合，资金引导、退役运动员出路拓宽等举措正在落地。“政协委员必须将基层呼声转化为理性建言。”赵坤宇说。
面向未来，她的规划具体而清晰，一件“小事”是协调力量，为佳木斯六小等传统校的冰场加装防风棚、配备专业设备；一件“大事”是倡议建立覆盖全学段的“黑龙江省青少年冰球联赛”体系，推动其与升学政策、人才库建设衔接，打通冰雪人才成长路。
记者手记
连接创造力与行动力
赵坤宇委员积极开展履职，破解现实梗阻，回应群众期盼。她聚焦“教练缺”“场地少”这些具体的难点、堵点，用一份份基于调研的提案，将基层的创造力与部门的行动力紧密连接起来。
这份兼具乡土情怀与系统思维的务实担当，为推动冰雪运动高质量发展作出贡献。
赵坤宇委员——
为冰雪梦铺就成长路（实干显担当 同心启新程·代表委员履职故事）
本报记者  方  圆《人民日报》（2026年02月09日第 02 版）
在黑龙江佳木斯市第六小学新浇的冰场上，一群孩子正在挥杆驰骋。场边，全国政协委员、民盟佳木斯市委会主委赵坤宇看得入神。她在思考，如何让冰雪运动的种子在基层扎根。
调研中，赵坤宇发现佳木斯冰球运动的难题——孩子们远赴外地训练热情如火，本地冰场却长期停运、专业教练无法入校。
赵坤宇从推动校园自建冰场破题。家校社联动的创造力令她动容：在佳木斯六小，没有专业设备，教练、家长和孩子们一起动手，用自制的工具，几天内建起了冰场。还有家长在场边录制视频、分析战术，成了“场外助教”。这股合力有了成效：市区多所小学建起冰场，在市级冰球邀请赛上，这支从自制冰场走出来的队伍斩获佳绩。
赵坤宇认为，要由专业人做专业事。她的建言很具体：建议优化冰雪体育传统校布局，打通培养链条，解决“升学断档”焦虑；呼吁制定政策，打通退役运动员进入学校教练员岗位的渠道，让“专业人”有“专业岗”。她已与多所初高中对接，推动组建校队。
2025年全国两会，赵坤宇的提案聚焦冰雪运动发展中“场地少、票价贵、师资缺、产业弱”等瓶颈。国家体育总局的答复与她提出的方向高度契合，资金引导、退役运动员出路拓宽等举措正在落地。“政协委员必须将基层呼声转化为理性建言。”赵坤宇说。
面向未来，她的规划具体而清晰，一件“小事”是协调力量，为佳木斯六小等传统校的冰场加装防风棚、配备专业设备；一件“大事”是倡议建立覆盖全学段的“黑龙江省青少年冰球联赛”体系，推动其与升学政策、人才库建设衔接，打通冰雪人才成长路。
记者手记
连接创造力与行动力
赵坤宇委员积极开展履职，破解现实梗阻，回应群众期盼。她聚焦“教练缺”“场地少”这些具体的难点、堵点，用一份份基于调研的提案，将基层的创造力与部门的行动力紧密连接起来。
这份兼具乡土情怀与系统思维的务实担当，为推动冰雪运动高质量发展作出贡献。",要闻,https://paper.people.com.cn/rmrb/pc/content/202602/09/../../../content/202602/09/content_30139412.html,2026-02-09,"['赵坤宇', '冰场', '冰雪', '专业', '冰球', '佳木斯', '创造力', '打通', '教练', '02']","第02版：要闻
本版新闻
人民日报2026年02月09日",政治
一根种子绳，适配多样防沙治沙场景（经济新方位·新场景新动能）,"第02版：要闻
本版新闻
人民日报2026年02月09日
Mon
开沟、布绳、回埋，内蒙古库布其沙漠腹地，一台台种子绳播种机列队前行。机器辗过沙海，划出一道道笔直辙痕，布下种子的“生命线”。
半个月后，辙痕上只冒出零星绿意。“出苗率不到50%，试验失败。”蒙草生态环境（集团）股份有限公司生态产业规划研究院院长邢圣斐眉头微皱，在工作日志记下数据。
问题出在哪里？分析结果指向“埋深”。种子绳埋深偏浅，受风的影响，种子难以扎根。瞄准问题，邢圣斐和同事们随即开展针对性试验，最终找到该区域种子绳的最佳埋深，确保种子既不因过浅而无法着床，也不因过深而耗尽养分。
这样的故事，是蒙草集团进行场景测试的日常。“新产品投产前，要在实际场景中进行验证，才能更好发现问题。”邢圣斐解释。
“传统治沙，靠人工撒播或飞播，受风的影响，种子经常无法落到预定区域。”邢圣斐说，即使落准了，种子也裸露于地表，难以扎根，造成出苗率低和分布不均匀。种子绳，成为解决痛点的突破口。
每台种子绳播种机的尾部，都装配着多个绿色“线圈”，播种机行进，“线圈”会随之转动，将白色的种子绳埋入沙地。“我们将提前搭配好的种子、微生物菌肥、保水剂，按照适合该区域的间距，编织进可降解的绳子里，提前设定好播种深度，利用播种机进行等间距精量播种。”邢圣斐说，这一技术可以有效解决种子漂移、养分不足、落种不均匀等问题，节省60%的种子用量，成活率提高15%到20%。
“防沙治沙领域，许多新产品、新设备的技术壁垒并不高，难的是对需求和应用场景的精准把握。”邢圣斐说，“种子绳的应用面向沙漠、沙地、沙化草原等各类场景，条件不一，即使在同一沙漠，不同区域也存在不同的小气候。”
如何才能让一根种子绳适配更多场景，让好产品走向更广阔市场？
“必须考虑不同场景的适配性，既寻求最大公约数，也做到因地制宜。”邢圣斐介绍，在当地支持下，蒙草集团在不同类型的沙漠、沙地，建立了大量中试基地，“我们在浑善达克沙地、库布其沙漠、乌兰布和沙漠等地，设置了许多测试点位，对种子配比、播种深度等变量进行了科学细致的检验，不断校正优化，提高其可推广性。”
进行场景测试的过程，也为新产品新创意带来启发。“测试中我们发现，种子绳需要播种机牵引，更适合平坦沙地，针对坡度较陡的沙丘等场景，我们又研发了种子杯、种子块等产品。”邢圣斐说。
如今，防沙治沙新方案不断成熟并推广应用。利用收存的土壤样本和种质资源，蒙草集团建立“蒙草草原生态产业大数据平台”，打开平台，输入经度、纬度，屏幕上实时显示该地的气象、土壤、植被等信息，点击“修复方案”，系统会自动生成种子搭配。“就像医生给病人‘开药方’，非常方便。”邢圣斐告诉记者，种子绳等产品已推广应用到库布其沙漠、科尔沁沙地、浑善达克沙地等区域，总治理面积达500万亩。此外，集团还联合高校科研院所，建立了18个专项种业研究院，研发了1300余台（套）防沙治沙机械设备，累计修复草原、沙地等各类生态面积近3300万亩。
为推动防沙治沙新理念、新场景、新模式示范应用，内蒙古针对企业重点技术研发与应用的资金、示范地支持也在不断落地见效。2024年投入1.06亿元用于防沙治沙技术攻关，实施15项防沙治沙科技创新攻关项目；推广先进适用技术成果60余项，示范面积达3万余亩，机械治沙应用覆盖率达54%……一系列新技术、新产品，正在广袤沙海落地生根，改变着防沙治沙的产业图景。
种子用量节省六成，成活率提高近两成
一根种子绳，适配多样防沙治沙场景（经济新方位·新场景新动能）
本报记者  赵景锋《人民日报》（2026年02月09日第 02 版）
开沟、布绳、回埋，内蒙古库布其沙漠腹地，一台台种子绳播种机列队前行。机器辗过沙海，划出一道道笔直辙痕，布下种子的“生命线”。
半个月后，辙痕上只冒出零星绿意。“出苗率不到50%，试验失败。”蒙草生态环境（集团）股份有限公司生态产业规划研究院院长邢圣斐眉头微皱，在工作日志记下数据。
问题出在哪里？分析结果指向“埋深”。种子绳埋深偏浅，受风的影响，种子难以扎根。瞄准问题，邢圣斐和同事们随即开展针对性试验，最终找到该区域种子绳的最佳埋深，确保种子既不因过浅而无法着床，也不因过深而耗尽养分。
这样的故事，是蒙草集团进行场景测试的日常。“新产品投产前，要在实际场景中进行验证，才能更好发现问题。”邢圣斐解释。
“传统治沙，靠人工撒播或飞播，受风的影响，种子经常无法落到预定区域。”邢圣斐说，即使落准了，种子也裸露于地表，难以扎根，造成出苗率低和分布不均匀。种子绳，成为解决痛点的突破口。
每台种子绳播种机的尾部，都装配着多个绿色“线圈”，播种机行进，“线圈”会随之转动，将白色的种子绳埋入沙地。“我们将提前搭配好的种子、微生物菌肥、保水剂，按照适合该区域的间距，编织进可降解的绳子里，提前设定好播种深度，利用播种机进行等间距精量播种。”邢圣斐说，这一技术可以有效解决种子漂移、养分不足、落种不均匀等问题，节省60%的种子用量，成活率提高15%到20%。
“防沙治沙领域，许多新产品、新设备的技术壁垒并不高，难的是对需求和应用场景的精准把握。”邢圣斐说，“种子绳的应用面向沙漠、沙地、沙化草原等各类场景，条件不一，即使在同一沙漠，不同区域也存在不同的小气候。”
如何才能让一根种子绳适配更多场景，让好产品走向更广阔市场？
“必须考虑不同场景的适配性，既寻求最大公约数，也做到因地制宜。”邢圣斐介绍，在当地支持下，蒙草集团在不同类型的沙漠、沙地，建立了大量中试基地，“我们在浑善达克沙地、库布其沙漠、乌兰布和沙漠等地，设置了许多测试点位，对种子配比、播种深度等变量进行了科学细致的检验，不断校正优化，提高其可推广性。”
进行场景测试的过程，也为新产品新创意带来启发。“测试中我们发现，种子绳需要播种机牵引，更适合平坦沙地，针对坡度较陡的沙丘等场景，我们又研发了种子杯、种子块等产品。”邢圣斐说。
如今，防沙治沙新方案不断成熟并推广应用。利用收存的土壤样本和种质资源，蒙草集团建立“蒙草草原生态产业大数据平台”，打开平台，输入经度、纬度，屏幕上实时显示该地的气象、土壤、植被等信息，点击“修复方案”，系统会自动生成种子搭配。“就像医生给病人‘开药方’，非常方便。”邢圣斐告诉记者，种子绳等产品已推广应用到库布其沙漠、科尔沁沙地、浑善达克沙地等区域，总治理面积达500万亩。此外，集团还联合高校科研院所，建立了18个专项种业研究院，研发了1300余台（套）防沙治沙机械设备，累计修复草原、沙地等各类生态面积近3300万亩。
为推动防沙治沙新理念、新场景、新模式示范应用，内蒙古针对企业重点技术研发与应用的资金、示范地支持也在不断落地见效。2024年投入1.06亿元用于防沙治沙技术攻关，实施15项防沙治沙科技创新攻关项目；推广先进适用技术成果60余项，示范面积达3万余亩，机械治沙应用覆盖率达54%……一系列新技术、新产品，正在广袤沙海落地生根，改变着防沙治沙的产业图景。",要闻,https://paper.people.com.cn/rmrb/pc/content/202602/09/../../../content/202602/09/content_30139413.html,2026-02-09,"['种子', '治沙', '邢圣斐', '防沙', '场景', '播种机', '蒙草', '沙地', '适配', '库布其沙漠']","第02版：要闻
本版新闻
人民日报2026年02月09日",经济
让更多新技术显身手（编辑手记）,"第02版：要闻
本版新闻
人民日报2026年02月09日
Mon
落不完的灰、擦不净的土，漫漫黄沙遮天蔽日——这是不少读者，特别是北方地区读者关于沙尘暴的集体记忆，也是我国受“沙害”严重侵扰的一个缩影。正因如此，防沙治沙，历来是中国人心中的一件大事。
库布其沙漠治沙的故事，就是我国荒漠化防治工作的典型代表。从先辈们拿着铁锹扎制草方格，到飞播无人机、植树机器人等先进机械设备的广泛应用，一代代治沙人接续奋斗，库布其沙漠实现从“沙进人退”到“绿进沙退”的历史性转变。
更令人欣喜的是，如今的库布其沙漠，已成为防沙治沙领域的重要试验场，助力新技术从实验室走向治沙战场，并推广应用到更多防沙治沙场景中。
我国是荒漠化最严重的国家之一，面向未来，仍要坚持系统防治、科学防治，把宝贵治沙经验和治沙精神传承发扬下去，让更多新技术大显身手，让沙海变绿洲、荒漠绽新颜。
让更多新技术显身手（编辑手记）
祁嘉润《人民日报》（2026年02月09日第 02 版）
落不完的灰、擦不净的土，漫漫黄沙遮天蔽日——这是不少读者，特别是北方地区读者关于沙尘暴的集体记忆，也是我国受“沙害”严重侵扰的一个缩影。正因如此，防沙治沙，历来是中国人心中的一件大事。
库布其沙漠治沙的故事，就是我国荒漠化防治工作的典型代表。从先辈们拿着铁锹扎制草方格，到飞播无人机、植树机器人等先进机械设备的广泛应用，一代代治沙人接续奋斗，库布其沙漠实现从“沙进人退”到“绿进沙退”的历史性转变。
更令人欣喜的是，如今的库布其沙漠，已成为防沙治沙领域的重要试验场，助力新技术从实验室走向治沙战场，并推广应用到更多防沙治沙场景中。
我国是荒漠化最严重的国家之一，面向未来，仍要坚持系统防治、科学防治，把宝贵治沙经验和治沙精神传承发扬下去，让更多新技术大显身手，让沙海变绿洲、荒漠绽新颜。",要闻,https://paper.people.com.cn/rmrb/pc/content/202602/09/../../../content/202602/09/content_30139414.html,2026-02-09,"['治沙', '库布其沙漠', '防沙', '02', '防治', '荒漠化', '读者', '我国', '技术', '新颜']","第02版：要闻
本版新闻
人民日报2026年02月09日",政治
以案例库建设促推司法公正（落地有声·高质量办理代表建议）,"第02版：要闻
本版新闻
人民日报2026年02月09日
Mon
“如何确保相似情形得到类似判决？”作为法律工作者，全国人大代表、北京市信利律师事务所首席合伙人阎建国认为，如果同案不同判，司法公信力就会打折扣。
“近年来，最高人民法院推进人民法院案例库建设，为法官办案提供规则指引，也为社会公众学法用法提供鲜活素材。”阎建国说，案例库建设中也存在一些不足，如入库案例类型还有待丰富等。
“建议加大对知识产权、环境资源、金融等专业性较强领域案例的收录，以满足司法实践需要，为各类复杂案件审判提供丰富参考经验。”2025年全国两会，阎建国提出关于强化人民法院案例库建设的建议。
最高人民法院专门召开会议进行工作部署；通过电话、走访等多次与代表沟通；深入开展调查研究，积极吸纳落实建议。
2025年6月，最高人民法院书面答复阎建国，表示一系列新举措正陆续施行：不断完善工作机制，加大优秀案例供给力度；不断拓宽案例发布渠道，促进案例应用与推广，发挥案例参考示范价值等。
截至2026年1月31日，案例库收录入库案例超5300件，实现对常见罪名、多发案由的全覆盖，有效解决审判实践面临的争议问题及前沿新类型问题。
阎建国切实感受到变化，入库案例在新颖性方面有了较大进步。例如，针对“隐形加班”问题，案例库收录了全国首例案件，明确了“隐形加班”认定标准，有助于解决劳动争议领域的新问题。
“期待进一步完善工作机制，以案例库建设使用新成效促推司法公正真有感、获好评。”阎建国说。
以案例库建设促推司法公正（落地有声·高质量办理代表建议）
本报记者  魏哲哲《人民日报》（2026年02月09日第 02 版）
“如何确保相似情形得到类似判决？”作为法律工作者，全国人大代表、北京市信利律师事务所首席合伙人阎建国认为，如果同案不同判，司法公信力就会打折扣。
“近年来，最高人民法院推进人民法院案例库建设，为法官办案提供规则指引，也为社会公众学法用法提供鲜活素材。”阎建国说，案例库建设中也存在一些不足，如入库案例类型还有待丰富等。
“建议加大对知识产权、环境资源、金融等专业性较强领域案例的收录，以满足司法实践需要，为各类复杂案件审判提供丰富参考经验。”2025年全国两会，阎建国提出关于强化人民法院案例库建设的建议。
最高人民法院专门召开会议进行工作部署；通过电话、走访等多次与代表沟通；深入开展调查研究，积极吸纳落实建议。
2025年6月，最高人民法院书面答复阎建国，表示一系列新举措正陆续施行：不断完善工作机制，加大优秀案例供给力度；不断拓宽案例发布渠道，促进案例应用与推广，发挥案例参考示范价值等。
截至2026年1月31日，案例库收录入库案例超5300件，实现对常见罪名、多发案由的全覆盖，有效解决审判实践面临的争议问题及前沿新类型问题。
阎建国切实感受到变化，入库案例在新颖性方面有了较大进步。例如，针对“隐形加班”问题，案例库收录了全国首例案件，明确了“隐形加班”认定标准，有助于解决劳动争议领域的新问题。
“期待进一步完善工作机制，以案例库建设使用新成效促推司法公正真有感、获好评。”阎建国说。",要闻,https://paper.people.com.cn/rmrb/pc/content/202602/09/../../../content/202602/09/content_30139415.html,2026-02-09,"['案例库', '案例', '建国', '入库', '最高人民法院', '收录', '司法公正', '建设', '02', '2026']","第02版：要闻
本版新闻
人民日报2026年02月09日",经济
留守老人吃上暖心饭,"第02版：要闻
本版新闻
人民日报2026年02月09日
Mon
“晌午饭来了，取碗！”这一声洪亮吆喝来自秦岭北麓。陕西省西安市蓝田县三官庙镇里峪湾村党支部书记庞富强每天骑三轮车，为村里的老人送饭上门。
里峪湾村青壮年大都外出务工，留守老人如何能吃到一口热饭、好饭，成为大家的关心事。实惠的价格，让老人们能够轻松承担。每天送饭路上，庞富强会顺道探望老人们，也会拍下视频，让他们在外务工的子女们放心。
新华社记者  李一博摄影报道
秦岭北麓
留守老人吃上暖心饭
《人民日报》（2026年02月09日第 02 版）
“晌午饭来了，取碗！”这一声洪亮吆喝来自秦岭北麓。陕西省西安市蓝田县三官庙镇里峪湾村党支部书记庞富强每天骑三轮车，为村里的老人送饭上门。
里峪湾村青壮年大都外出务工，留守老人如何能吃到一口热饭、好饭，成为大家的关心事。实惠的价格，让老人们能够轻松承担。每天送饭路上，庞富强会顺道探望老人们，也会拍下视频，让他们在外务工的子女们放心。
新华社记者  李一博摄影报道",要闻,https://paper.people.com.cn/rmrb/pc/content/202602/09/../../../content/202602/09/content_30139416.html,2026-02-09,"['02', '务工', '送饭', '老人', '富强', '留守', '顺道', '北麓', '2026', '09']","第02版：要闻
本版新闻
人民日报2026年02月09日",其他
预制菜将迎首个国家标准（政策解读）,"第02版：要闻
本版新闻
人民日报2026年02月09日
Mon
随着预制菜工业化、规模化、标准化生产的出现和快速发展，如何保证预制菜的安全性和营养品质，成为公众关注的焦点。2月6日，国家卫生健康委发布《食品安全国家标准　预制菜》（征求意见稿），重点从食品安全和营养健康方面对预制菜产品作出规定。
尽量缩短产品保质期，最长不应超过12个月
国家食品安全风险评估中心标准二室主任、研究员王君介绍，标准明确，预制菜不包括主食类食品、净菜类食品、即食类食品和中央厨房制作的菜肴。预制菜应具有菜肴的特征，因此排除主食类产品；应具有“经工业化预加工”的特征，仅经清洗、去皮、分切处理的净菜类食品，未改变其作为原料的基本属性，所以排除了净菜类食品；应具有“需加热或熟制后食用”的特征，所以排除了开袋即食的食品。此外，预制菜应具有预包装产品属性，中央厨房相当于门店自有厨房，故中央厨房制作的菜肴未纳入预制菜范围。但是，中央厨房使用外购的、工业化的、现成的预制菜产品除外。
国家食品安全风险评估中心副研究员陈潇介绍，食品保质期通常不在食品安全标准中作具体规定。预制菜标准是特例，专门对保质期作出具体要求。
标准特别设置了对预制菜保质期的条款。预制菜虽经过工业化预制，但仍属于菜肴范畴，最大限度保持品质风味是公众的核心诉求。为保证预制菜产品的安全和营养品质，标准条款中列举了保质期设定时应综合考虑的各项因素，并鼓励企业通过优化产品工艺和贮藏运输方式等措施提升产品风味和品质保持。统筹考虑公众期待、营养品质、风味口感和产业发展等因素，标准要求尽量缩短产品保质期，最长不应超过12个月。
尽可能减少食品添加剂的使用
中国农业科学院都市农业研究所所长、研究员张德权介绍，预制菜的原料安全是保证产品安全的源头关。对此，标准规定，预制菜使用的畜禽产品、水产品、蛋类等原料，均需分别符合相应食品安全标准，不得使用腐败变质的原料，农药残留、兽药残留、污染物、真菌毒素等均需符合相应限量管理要求，并应确保原料来源安全可靠、可追溯。
张德权说，标准强调了食品添加剂使用原则，即不应降低食品本身的营养价值，不应掩盖食品腐败变质以及食品本身或加工过程中的质量缺陷，不应以掺杂、掺假、伪造为目的使用食品添加剂，应充分评估其工艺必要性，做到非必要不添加，并尽可能减少食品添加剂使用的品种和使用量。
消费者可通过标签了解产品真实情况
中轻食品工业管理中心标准处处长杨晓明介绍，为更好地满足公众对预制菜营养与口感的综合需求，标准对营养品质提出明确要求。
标准鼓励采用先进技术或设备最大程度保留原料的营养成分，减少营养成分损失；倡导遵循营养均衡原则，维持菜肴的营养特性。同时鼓励企业在加工过程中控制烹调油、食盐、食糖的添加量，以满足消费者“减油、减盐、减糖”的需求。注重保鲜效果与风味保持，标准鼓励采用气调保鲜、冰温保鲜等有利于保鲜的技术，以及非热加工、包埋运载等营养与风味稳态化技术，减少营养成分损失。
中国商业联合会标准法规部副部长兼标准处处长刘振宇介绍，为保障消费者权益，标准提出了针对性要求。
标准对预制菜产品的原料或成分的投料量，或其在成品中的含量标示，作出了详细规定。消费者可通过标签了解产品真实情况。为了防止未熟制和未完全熟制的产品因加热不充分引发食源性疾病，同时防止对已经熟制过的预制菜过度加热而影响产品营养品质和口感，标准规定预制菜标签应明确标示产品的食用方式。例如，预加工已熟制的应标示“需加热或复热后食用”；预加工未熟制及未完全熟制的应标示“需熟制后食用”。对于不能与产品一起加热或熟制的包装材料也应明确提示，这样既保障了消费者的饮食安全，也有助于消费者更清楚如何食用。
预制菜将迎首个国家标准（政策解读）
对保质期、食品添加剂使用等作出规定
本报记者  白剑峰《人民日报》（2026年02月09日第 02 版）
随着预制菜工业化、规模化、标准化生产的出现和快速发展，如何保证预制菜的安全性和营养品质，成为公众关注的焦点。2月6日，国家卫生健康委发布《食品安全国家标准　预制菜》（征求意见稿），重点从食品安全和营养健康方面对预制菜产品作出规定。
尽量缩短产品保质期，最长不应超过12个月
国家食品安全风险评估中心标准二室主任、研究员王君介绍，标准明确，预制菜不包括主食类食品、净菜类食品、即食类食品和中央厨房制作的菜肴。预制菜应具有菜肴的特征，因此排除主食类产品；应具有“经工业化预加工”的特征，仅经清洗、去皮、分切处理的净菜类食品，未改变其作为原料的基本属性，所以排除了净菜类食品；应具有“需加热或熟制后食用”的特征，所以排除了开袋即食的食品。此外，预制菜应具有预包装产品属性，中央厨房相当于门店自有厨房，故中央厨房制作的菜肴未纳入预制菜范围。但是，中央厨房使用外购的、工业化的、现成的预制菜产品除外。
国家食品安全风险评估中心副研究员陈潇介绍，食品保质期通常不在食品安全标准中作具体规定。预制菜标准是特例，专门对保质期作出具体要求。
标准特别设置了对预制菜保质期的条款。预制菜虽经过工业化预制，但仍属于菜肴范畴，最大限度保持品质风味是公众的核心诉求。为保证预制菜产品的安全和营养品质，标准条款中列举了保质期设定时应综合考虑的各项因素，并鼓励企业通过优化产品工艺和贮藏运输方式等措施提升产品风味和品质保持。统筹考虑公众期待、营养品质、风味口感和产业发展等因素，标准要求尽量缩短产品保质期，最长不应超过12个月。
尽可能减少食品添加剂的使用
中国农业科学院都市农业研究所所长、研究员张德权介绍，预制菜的原料安全是保证产品安全的源头关。对此，标准规定，预制菜使用的畜禽产品、水产品、蛋类等原料，均需分别符合相应食品安全标准，不得使用腐败变质的原料，农药残留、兽药残留、污染物、真菌毒素等均需符合相应限量管理要求，并应确保原料来源安全可靠、可追溯。
张德权说，标准强调了食品添加剂使用原则，即不应降低食品本身的营养价值，不应掩盖食品腐败变质以及食品本身或加工过程中的质量缺陷，不应以掺杂、掺假、伪造为目的使用食品添加剂，应充分评估其工艺必要性，做到非必要不添加，并尽可能减少食品添加剂使用的品种和使用量。
消费者可通过标签了解产品真实情况
中轻食品工业管理中心标准处处长杨晓明介绍，为更好地满足公众对预制菜营养与口感的综合需求，标准对营养品质提出明确要求。
标准鼓励采用先进技术或设备最大程度保留原料的营养成分，减少营养成分损失；倡导遵循营养均衡原则，维持菜肴的营养特性。同时鼓励企业在加工过程中控制烹调油、食盐、食糖的添加量，以满足消费者“减油、减盐、减糖”的需求。注重保鲜效果与风味保持，标准鼓励采用气调保鲜、冰温保鲜等有利于保鲜的技术，以及非热加工、包埋运载等营养与风味稳态化技术，减少营养成分损失。
中国商业联合会标准法规部副部长兼标准处处长刘振宇介绍，为保障消费者权益，标准提出了针对性要求。
标准对预制菜产品的原料或成分的投料量，或其在成品中的含量标示，作出了详细规定。消费者可通过标签了解产品真实情况。为了防止未熟制和未完全熟制的产品因加热不充分引发食源性疾病，同时防止对已经熟制过的预制菜过度加热而影响产品营养品质和口感，标准规定预制菜标签应明确标示产品的食用方式。例如，预加工已熟制的应标示“需加热或复热后食用”；预加工未熟制及未完全熟制的应标示“需熟制后食用”。对于不能与产品一起加热或熟制的包装材料也应明确提示，这样既保障了消费者的饮食安全，也有助于消费者更清楚如何食用。",要闻,https://paper.people.com.cn/rmrb/pc/content/202602/09/../../../content/202602/09/content_30139417.html,2026-02-09,"['预制', '标准', '产品', '保质期', '营养', '熟制', '食品', '食品安全', '类食品', '品质']","第02版：要闻
本版新闻
人民日报2026年02月09日",政治
我国石油消费结构“油降化增”,"第02版：要闻
本版新闻
人民日报2026年02月09日
Mon
本报北京2月8日电  （记者丁怡婷）《2025年国内外油气行业发展报告》近日发布。报告显示：2025年，随着我国车用能源结构加快转型及炼化一体化产能不断升级等，石油消费结构“油降化增”，转型趋势更加明显。
2025年，成品油消费量同比下降约3%，其中汽油和柴油消费量同比分别下降2.4%和4.4%，航煤消费量同比增长2.1%；化工原料用油需求成为石油消费增长新引擎，同比增长8.8%，呈现“汽柴降、航煤升、化工用油大增”的特征。2026年预计成品油需求将延续降势，降幅有所扩大。
我国石油消费结构“油降化增”
转型趋势更明显
《人民日报》（2026年02月09日第 02 版）
本报北京2月8日电  （记者丁怡婷）《2025年国内外油气行业发展报告》近日发布。报告显示：2025年，随着我国车用能源结构加快转型及炼化一体化产能不断升级等，石油消费结构“油降化增”，转型趋势更加明显。
2025年，成品油消费量同比下降约3%，其中汽油和柴油消费量同比分别下降2.4%和4.4%，航煤消费量同比增长2.1%；化工原料用油需求成为石油消费增长新引擎，同比增长8.8%，呈现“汽柴降、航煤升、化工用油大增”的特征。2026年预计成品油需求将延续降势，降幅有所扩大。",要闻,https://paper.people.com.cn/rmrb/pc/content/202602/09/../../../content/202602/09/content_30139418.html,2026-02-09,"['2025', '消费量', '02', '2026', '油降', '化增', '同比', '消费结构', '用油', '转型']","第02版：要闻
本版新闻
人民日报2026年02月09日",其他
“奥林匹克事业的重要伙伴”（大道之行）,"第03版：要闻
本版新闻
人民日报2026年02月09日
Mon
“习近平主席不仅为中国体育事业发展擘画清晰的路径和蓝图，还引领中国积极践行奥林匹克精神、坚定支持奥林匹克事业。他对体育运动的理解和支持，有力推动了国际奥林匹克事业的发展。”日前，在位于西班牙首都马德里的办公室，成功连任国际奥委会副主席的胡安·安东尼奥·萨马兰奇（小萨马兰奇）接受本报记者采访时表示。
小萨马兰奇曾担任国际奥委会北京冬奥会协调委员会主席，参与并见证了2022年北京冬奥会筹办举办的全过程。“得益于习近平主席的亲自谋划、亲自指挥、亲自推动，中国为世界奉上了北京冬奥会这一令人骄傲的精彩盛会。”小萨马兰奇说，他至今仍清晰记得来自不同文化背景、处于不同时区的人们，在筹办过程中有条不紊地推进各项工作。
“中国通过筹办冬奥会和推广冬奥运动，让冰雪运动进入寻常百姓家，实现了带动3亿人参与冰雪运动的目标，这为全球奥林匹克事业作出了新的贡献。”小萨马兰奇说，习近平主席曾对他们表示，希望北京冬奥会遗产惠及更多人。“习近平主席希望留下的冬奥遗产，并非只是运动场所和高铁、高速公路等基础设施，更是一种社会意义上的遗产——让更多人参与到冰雪运动中。令人惊叹的是，中国不但实现了这一承诺，而且是在北京冬奥会开幕之前就已见到成效。”小萨马兰奇说，国际社会感受到了北京冬奥会带来的深远影响。
2025年2月，小萨马兰奇到哈尔滨观摩第九届亚洲冬季运动会。从北京冬奥会到哈尔滨亚冬会，小萨马兰奇见证了中国冰雪运动的跨越式发展。“自2008年成功举办北京奥运会后，中国逐渐成为世界上主办奥林匹克体育赛事最多、组织最有序的国家之一。”小萨马兰奇表示，中国在奥林匹克事业中发挥着越来越重要的作用，给奥林匹克运动的发展留下了宝贵的经验和财富，“这离不开习近平主席的引领，习近平主席是奥林匹克事业的重要伙伴。”
小萨马兰奇是国际奥委会前主席胡安·安东尼奥·萨马兰奇的儿子。萨马兰奇一生热爱中国，在担任国际奥委会主席期间，全力支持北京申办2008年夏季奥运会。“父亲经常告诉我，奥林匹克运动会想成为世界性运动会，没有中国参与绝不可能实现。中国需要奥林匹克，奥林匹克更需要中国。”小萨马兰奇说，从为推动中国重返国际奥林匹克大家庭四处奔走，到为中国第一位奥运冠军颁发金牌，再到宣布北京承办2008年夏季奥运会，父亲用行动证明了自己对中国的热爱。
“父亲一生对中国充满真挚情感，珍视同中国人民的友谊，将其看作最宝贵的人生财富之一。”小萨马兰奇说，“我对中国的热爱源自父亲的影响，多年来我也不懈努力，努力续写萨马兰奇家族与中国人民的友好篇章。”
跟随父亲的脚步，小萨马兰奇50余次访问中国。谈到近年来访问中国的情形，小萨马兰奇说，他明显感受到中国民众参与冰雪运动的热情越来越高涨。“这正是奥林匹克精神要传递的——它不仅关乎比赛，还体现在生活的方方面面，比如激励更多年轻人投身运动、追求更健康的生活方式等。”
近年来，小萨马兰奇积极推动西班牙和中国在体育等领域的友好合作。“习近平主席2018年对西班牙进行国事访问，2025年西班牙国王费利佩六世赴华进行国事访问，西班牙首相桑切斯3年内3度访华。西中两国高层往来密切，推动双边关系不断深化。”小萨马兰奇表示，“目前，两国间的直航航线越来越多，连通性不断加强，人员往来更为频密，双方在科技、汽车、生物医学等领域的合作都取得了长足进步。”
“在保护主义、单边主义日益抬头的背景下，搭建桥梁、加强合作显得尤为重要。”小萨马兰奇表示，“中国持续倡导多边主义，习近平主席提出的四大全球倡议有助于各国实现合作共赢，为增进不同国家间民众的相互理解创造条件。”
“习近平主席表示，奥林匹克运动承载着人类对和平、团结、进步的美好追求。这在全球信任赤字有增无减的当下弥足珍贵。中国通过举办奥林匹克赛事，向世界传递了友好和善意，展示了开放与活力，不断深化与其他国家的交流与相互理解。相信中国未来将为奥林匹克事业、为世界和平发展作出更大贡献。”小萨马兰奇说。
“奥林匹克事业的重要伙伴”（大道之行）
本报记者  颜  欢《人民日报》（2026年02月09日第 03 版）
“习近平主席不仅为中国体育事业发展擘画清晰的路径和蓝图，还引领中国积极践行奥林匹克精神、坚定支持奥林匹克事业。他对体育运动的理解和支持，有力推动了国际奥林匹克事业的发展。”日前，在位于西班牙首都马德里的办公室，成功连任国际奥委会副主席的胡安·安东尼奥·萨马兰奇（小萨马兰奇）接受本报记者采访时表示。
小萨马兰奇曾担任国际奥委会北京冬奥会协调委员会主席，参与并见证了2022年北京冬奥会筹办举办的全过程。“得益于习近平主席的亲自谋划、亲自指挥、亲自推动，中国为世界奉上了北京冬奥会这一令人骄傲的精彩盛会。”小萨马兰奇说，他至今仍清晰记得来自不同文化背景、处于不同时区的人们，在筹办过程中有条不紊地推进各项工作。
“中国通过筹办冬奥会和推广冬奥运动，让冰雪运动进入寻常百姓家，实现了带动3亿人参与冰雪运动的目标，这为全球奥林匹克事业作出了新的贡献。”小萨马兰奇说，习近平主席曾对他们表示，希望北京冬奥会遗产惠及更多人。“习近平主席希望留下的冬奥遗产，并非只是运动场所和高铁、高速公路等基础设施，更是一种社会意义上的遗产——让更多人参与到冰雪运动中。令人惊叹的是，中国不但实现了这一承诺，而且是在北京冬奥会开幕之前就已见到成效。”小萨马兰奇说，国际社会感受到了北京冬奥会带来的深远影响。
2025年2月，小萨马兰奇到哈尔滨观摩第九届亚洲冬季运动会。从北京冬奥会到哈尔滨亚冬会，小萨马兰奇见证了中国冰雪运动的跨越式发展。“自2008年成功举办北京奥运会后，中国逐渐成为世界上主办奥林匹克体育赛事最多、组织最有序的国家之一。”小萨马兰奇表示，中国在奥林匹克事业中发挥着越来越重要的作用，给奥林匹克运动的发展留下了宝贵的经验和财富，“这离不开习近平主席的引领，习近平主席是奥林匹克事业的重要伙伴。”
小萨马兰奇是国际奥委会前主席胡安·安东尼奥·萨马兰奇的儿子。萨马兰奇一生热爱中国，在担任国际奥委会主席期间，全力支持北京申办2008年夏季奥运会。“父亲经常告诉我，奥林匹克运动会想成为世界性运动会，没有中国参与绝不可能实现。中国需要奥林匹克，奥林匹克更需要中国。”小萨马兰奇说，从为推动中国重返国际奥林匹克大家庭四处奔走，到为中国第一位奥运冠军颁发金牌，再到宣布北京承办2008年夏季奥运会，父亲用行动证明了自己对中国的热爱。
“父亲一生对中国充满真挚情感，珍视同中国人民的友谊，将其看作最宝贵的人生财富之一。”小萨马兰奇说，“我对中国的热爱源自父亲的影响，多年来我也不懈努力，努力续写萨马兰奇家族与中国人民的友好篇章。”
跟随父亲的脚步，小萨马兰奇50余次访问中国。谈到近年来访问中国的情形，小萨马兰奇说，他明显感受到中国民众参与冰雪运动的热情越来越高涨。“这正是奥林匹克精神要传递的——它不仅关乎比赛，还体现在生活的方方面面，比如激励更多年轻人投身运动、追求更健康的生活方式等。”
近年来，小萨马兰奇积极推动西班牙和中国在体育等领域的友好合作。“习近平主席2018年对西班牙进行国事访问，2025年西班牙国王费利佩六世赴华进行国事访问，西班牙首相桑切斯3年内3度访华。西中两国高层往来密切，推动双边关系不断深化。”小萨马兰奇表示，“目前，两国间的直航航线越来越多，连通性不断加强，人员往来更为频密，双方在科技、汽车、生物医学等领域的合作都取得了长足进步。”
“在保护主义、单边主义日益抬头的背景下，搭建桥梁、加强合作显得尤为重要。”小萨马兰奇表示，“中国持续倡导多边主义，习近平主席提出的四大全球倡议有助于各国实现合作共赢，为增进不同国家间民众的相互理解创造条件。”
“习近平主席表示，奥林匹克运动承载着人类对和平、团结、进步的美好追求。这在全球信任赤字有增无减的当下弥足珍贵。中国通过举办奥林匹克赛事，向世界传递了友好和善意，展示了开放与活力，不断深化与其他国家的交流与相互理解。相信中国未来将为奥林匹克事业、为世界和平发展作出更大贡献。”小萨马兰奇说。",要闻,https://paper.people.com.cn/rmrb/pc/content/202602/09/../../../content/202602/09/content_30139419.html,2026-02-09,"['萨马兰奇', '奥林匹克', '冬奥会', '习近平', '中国', '主席', '北京', '事业', '运动', '国际奥委会']","第03版：要闻
本版新闻
人民日报2026年02月09日",政治
《习近平谈治国理政》第五卷蕴含重大世界意义（大使随笔）,"第03版：要闻
本版新闻
人民日报2026年02月09日
Mon
《习近平谈治国理政》第五卷是对中共二十大以来中国共产党领导人民推进中国式现代化伟大实践的科学总结，集中展现了中国共产党坚持“两个结合”、推进马克思主义中国化时代化的最新成果，充分反映了中国共产党推动构建人类命运共同体的智慧担当，自出版发行以来在海内外不断引发热烈反响。在联合国，我们推动《习近平谈治国理政》一至五卷多语种版隆重展出，并纳入联合国哈马舍尔德图书馆收藏。哈马舍尔德图书馆馆长萨诺斯表示，该馆将永久保存好和使用好这些图书，供各国人士和联合国工作人员研读，彰显了《习近平谈治国理政》超越国界的全球价值与深远影响。
《习近平谈治国理政》第五卷的重大世界意义，在于它为国际社会读懂新时代中国、理解中国式现代化提供了权威的思想之钥。当前世界形势变乱交织，中国发展稳中有进，各国特别是全球南方国家更加希望探索中国之治的成功奥秘，解码中国式现代化的深层逻辑。《习近平谈治国理政》第五卷着重记录了新时代中国迈向现代化的探索与实践，权威阐释了中国共产党以人民为中心、守正创新、独立自主、胸怀天下等治国理政经验，突出体现了现代化道路的多样性，为人类社会现代化理论和实践创新作出新贡献，为发展中国家迈向现代化提供了全新选择。联合国秘书长古特雷斯高度赞赏中国式现代化，指出“人类的未来很大程度上取决于中国”。
《习近平谈治国理政》第五卷的重大世界意义，在于它阐明了促进各国命运与共、笃行大道的中国方案。构建人类命运共同体是习近平外交思想的核心理念，《习近平谈治国理政》第五卷生动反映了这一重要理念不断从美好愿景转化为丰富实践、从中国倡议上升为国际共识的外交实践。近年来，我们在联合国推动构建全面落实习近平主席重要理念倡议的多边矩阵。构建人类命运共同体重大理念，连续9年写入联大决议。全球发展倡议已得到130多个国家和国际组织支持参与，84个国家加入“全球发展倡议之友小组”，务实合作蓬勃开展。全球安全倡议得到130多个国家和国际地区组织的支持和赞赏，核心理念写入140多份双多边文件，与联合国议程深入对接。第七十八届联合国大会协商一致通过中国提出的设立“文明对话国际日”决议，将6月10日设立为“文明对话国际日”，标志着全球文明倡议在联合国落地生根。全球治理倡议已得到150多个国家和国际组织响应支持，“全球治理之友小组”在联合国应运而生，40多个国家成为创始成员。古特雷斯秘书长由衷赞誉习近平主席提出的理念倡议内涵丰富，有力回应了国际社会对改革完善全球治理体系的强烈呼声。
《习近平谈治国理政》第五卷的重大世界意义，在于它为指引时代方向、引领秩序变局确立了清晰的行动指南。世界百年未有之大变局加速演进、世界进入新的动荡变革期、我国发展面临新的战略机遇等重要论断，不断得到形势发展印证，充分彰显习近平主席作为大国大党领袖高瞻远瞩的战略视野和洞察时代的深邃眼光。当前，联合国正见证国际秩序深刻变革。在这重要关口，中方将在联合国坚定捍卫国家利益尊严，践行真正的多边主义，维护联合国权威和地位，维护国际公平正义，支持全球南方群体性崛起，为推动建设持久和平、普遍安全、共同繁荣、开放包容、清洁美丽的世界作出新的更大贡献。
（作者为中国常驻联合国代表、特命全权大使）
《习近平谈治国理政》第五卷蕴含重大世界意义（大使随笔）
傅  聪《人民日报》（2026年02月09日第 03 版）
《习近平谈治国理政》第五卷是对中共二十大以来中国共产党领导人民推进中国式现代化伟大实践的科学总结，集中展现了中国共产党坚持“两个结合”、推进马克思主义中国化时代化的最新成果，充分反映了中国共产党推动构建人类命运共同体的智慧担当，自出版发行以来在海内外不断引发热烈反响。在联合国，我们推动《习近平谈治国理政》一至五卷多语种版隆重展出，并纳入联合国哈马舍尔德图书馆收藏。哈马舍尔德图书馆馆长萨诺斯表示，该馆将永久保存好和使用好这些图书，供各国人士和联合国工作人员研读，彰显了《习近平谈治国理政》超越国界的全球价值与深远影响。
《习近平谈治国理政》第五卷的重大世界意义，在于它为国际社会读懂新时代中国、理解中国式现代化提供了权威的思想之钥。当前世界形势变乱交织，中国发展稳中有进，各国特别是全球南方国家更加希望探索中国之治的成功奥秘，解码中国式现代化的深层逻辑。《习近平谈治国理政》第五卷着重记录了新时代中国迈向现代化的探索与实践，权威阐释了中国共产党以人民为中心、守正创新、独立自主、胸怀天下等治国理政经验，突出体现了现代化道路的多样性，为人类社会现代化理论和实践创新作出新贡献，为发展中国家迈向现代化提供了全新选择。联合国秘书长古特雷斯高度赞赏中国式现代化，指出“人类的未来很大程度上取决于中国”。
《习近平谈治国理政》第五卷的重大世界意义，在于它阐明了促进各国命运与共、笃行大道的中国方案。构建人类命运共同体是习近平外交思想的核心理念，《习近平谈治国理政》第五卷生动反映了这一重要理念不断从美好愿景转化为丰富实践、从中国倡议上升为国际共识的外交实践。近年来，我们在联合国推动构建全面落实习近平主席重要理念倡议的多边矩阵。构建人类命运共同体重大理念，连续9年写入联大决议。全球发展倡议已得到130多个国家和国际组织支持参与，84个国家加入“全球发展倡议之友小组”，务实合作蓬勃开展。全球安全倡议得到130多个国家和国际地区组织的支持和赞赏，核心理念写入140多份双多边文件，与联合国议程深入对接。第七十八届联合国大会协商一致通过中国提出的设立“文明对话国际日”决议，将6月10日设立为“文明对话国际日”，标志着全球文明倡议在联合国落地生根。全球治理倡议已得到150多个国家和国际组织响应支持，“全球治理之友小组”在联合国应运而生，40多个国家成为创始成员。古特雷斯秘书长由衷赞誉习近平主席提出的理念倡议内涵丰富，有力回应了国际社会对改革完善全球治理体系的强烈呼声。
《习近平谈治国理政》第五卷的重大世界意义，在于它为指引时代方向、引领秩序变局确立了清晰的行动指南。世界百年未有之大变局加速演进、世界进入新的动荡变革期、我国发展面临新的战略机遇等重要论断，不断得到形势发展印证，充分彰显习近平主席作为大国大党领袖高瞻远瞩的战略视野和洞察时代的深邃眼光。当前，联合国正见证国际秩序深刻变革。在这重要关口，中方将在联合国坚定捍卫国家利益尊严，践行真正的多边主义，维护联合国权威和地位，维护国际公平正义，支持全球南方群体性崛起，为推动建设持久和平、普遍安全、共同繁荣、开放包容、清洁美丽的世界作出新的更大贡献。
（作者为中国常驻联合国代表、特命全权大使）",要闻,https://paper.people.com.cn/rmrb/pc/content/202602/09/../../../content/202602/09/content_30139420.html,2026-02-09,"['习近平', '理政', '治国', '联合国', '倡议', '第五卷', '现代化', '全球', '国际', '中国式']","第03版：要闻
本版新闻
人民日报2026年02月09日",政治
携手构建亚太共同体  促进亚太地区增长和繁荣（APEC中国年：开放 创新 合作）,"第03版：要闻
本版新闻
人民日报2026年02月09日
Mon
中国担任2026年亚太经合组织（APEC）东道主，将于11月在深圳举办APEC第三十三次领导人非正式会议。
APEC是亚太地区层级最高、领域最广、影响力最大的经济合作机制。中国作为APEC重要成员，一直积极参与亚太合作。外交部副部长马朝旭表示，新时代以来，习近平总书记深刻洞察世界百年大变局和亚太发展大趋势，提出了一系列重大理念、倡议和主张。从2013年提出树立亚太命运共同体意识，到2014年倡导共建互信、包容、合作、共赢的亚太伙伴关系，再到2020年系统阐释共同构建开放包容、创新增长、互联互通、合作共赢的亚太命运共同体，习近平总书记以大党大国领袖的宏大战略视野，在亚太发展的每个关键节点领航把舵，为APEC合作指明了正确方向。
当今世界变乱交织、动荡加剧，单边主义、保护主义抬头，国际经济贸易秩序遭遇严峻挑战。亚太地区面临何去何从的抉择，国际合作也面临不进则退的考验。马朝旭说，在这样的大背景下，中国担任2026年APEC东道主，意义远远超出APEC本身，也远远超出亚太范畴。作为区域合作的引领者、多边主义的捍卫者、世界经济的主引擎，中国举办APEC第三十三次领导人非正式会议，充分体现了负责任大国的担当，不仅将为亚太区域合作注入强大动力，也将为全球经济增长与国际合作提供更多确定性、稳定性和正能量。
APEC“中国年”举什么旗、定什么调，国际社会高度关注、高度期待。马朝旭表示，去年11月，习近平总书记在APEC东道主交接环节强调，2026年，中国将第三次担任亚太经合组织东道主。中方愿以此为契机，同各方携手构建亚太共同体，促进亚太地区增长和繁荣，着力推进亚太自由贸易区、互联互通、数字经济、人工智能等务实合作，为亚太发展注入更大活力和动力，更多造福亚太人民。这为2026年APEC会议筹备工作提供了根本遵循。APEC“中国年”主题是“建设亚太共同体，促进共同繁荣”，这同习近平总书记提出的人类命运共同体、周边命运共同体、亚太命运共同体等重大理念一脉相承，也完全契合APEC的初衷和愿景，符合APEC成员的共同意愿。“开放、创新、合作”为APEC“中国年”三大优先领域——开放是构建开放型经济，反对保护主义，促进贸易投资自由化便利化；创新是坚持创新驱动，发展新质生产力，打造APEC合作新的增长点；合作是挖掘APEC成员比较优势，开展政策对接和经验分享，实现合作共赢。
2026年APEC高官会主席陈旭表示，在去年12月举行的非正式高官会上，APEC各成员一致赞同中方提出的2026年APEC会议主题和优先领域。APEC各成员认为，这样的设计契合世界和亚太发展形势，顺应各成员发展需要，都愿积极参与“中国年”的合作，推动APEC再上新的台阶。
陈旭说，中国一直积极参与APEC框架下各领域务实合作，与各方携手打造开放型亚太经济。2001年和2014年，中国两次担任APEC东道主，分别推动通过了《上海共识》和《北京纲领》，在APEC历史上留下了浓墨重彩的中国印记，为推动亚太区域一体化建设作出了重要贡献。
陈旭表示，今年是中国第三次担任APEC东道主，将于11月在深圳举办领导人会议周活动，其间将举行外交和贸易双部长会、工商领导人峰会等活动，最后以领导人非正式会议达到最高潮。全年还将举办包括高官会和部长会议在内的约300场活动。目前，2026年APEC会议筹备已经全面铺开，各项工作进展顺利。相信在各方共同努力下，APEC“中国年”一定能够取得丰硕成果。
携手构建亚太共同体  促进亚太地区增长和繁荣（APEC中国年：开放 创新 合作）
本报记者  陈尚文《人民日报》（2026年02月09日第 03 版）
中国担任2026年亚太经合组织（APEC）东道主，将于11月在深圳举办APEC第三十三次领导人非正式会议。
APEC是亚太地区层级最高、领域最广、影响力最大的经济合作机制。中国作为APEC重要成员，一直积极参与亚太合作。外交部副部长马朝旭表示，新时代以来，习近平总书记深刻洞察世界百年大变局和亚太发展大趋势，提出了一系列重大理念、倡议和主张。从2013年提出树立亚太命运共同体意识，到2014年倡导共建互信、包容、合作、共赢的亚太伙伴关系，再到2020年系统阐释共同构建开放包容、创新增长、互联互通、合作共赢的亚太命运共同体，习近平总书记以大党大国领袖的宏大战略视野，在亚太发展的每个关键节点领航把舵，为APEC合作指明了正确方向。
当今世界变乱交织、动荡加剧，单边主义、保护主义抬头，国际经济贸易秩序遭遇严峻挑战。亚太地区面临何去何从的抉择，国际合作也面临不进则退的考验。马朝旭说，在这样的大背景下，中国担任2026年APEC东道主，意义远远超出APEC本身，也远远超出亚太范畴。作为区域合作的引领者、多边主义的捍卫者、世界经济的主引擎，中国举办APEC第三十三次领导人非正式会议，充分体现了负责任大国的担当，不仅将为亚太区域合作注入强大动力，也将为全球经济增长与国际合作提供更多确定性、稳定性和正能量。
APEC“中国年”举什么旗、定什么调，国际社会高度关注、高度期待。马朝旭表示，去年11月，习近平总书记在APEC东道主交接环节强调，2026年，中国将第三次担任亚太经合组织东道主。中方愿以此为契机，同各方携手构建亚太共同体，促进亚太地区增长和繁荣，着力推进亚太自由贸易区、互联互通、数字经济、人工智能等务实合作，为亚太发展注入更大活力和动力，更多造福亚太人民。这为2026年APEC会议筹备工作提供了根本遵循。APEC“中国年”主题是“建设亚太共同体，促进共同繁荣”，这同习近平总书记提出的人类命运共同体、周边命运共同体、亚太命运共同体等重大理念一脉相承，也完全契合APEC的初衷和愿景，符合APEC成员的共同意愿。“开放、创新、合作”为APEC“中国年”三大优先领域——开放是构建开放型经济，反对保护主义，促进贸易投资自由化便利化；创新是坚持创新驱动，发展新质生产力，打造APEC合作新的增长点；合作是挖掘APEC成员比较优势，开展政策对接和经验分享，实现合作共赢。
2026年APEC高官会主席陈旭表示，在去年12月举行的非正式高官会上，APEC各成员一致赞同中方提出的2026年APEC会议主题和优先领域。APEC各成员认为，这样的设计契合世界和亚太发展形势，顺应各成员发展需要，都愿积极参与“中国年”的合作，推动APEC再上新的台阶。
陈旭说，中国一直积极参与APEC框架下各领域务实合作，与各方携手打造开放型亚太经济。2001年和2014年，中国两次担任APEC东道主，分别推动通过了《上海共识》和《北京纲领》，在APEC历史上留下了浓墨重彩的中国印记，为推动亚太区域一体化建设作出了重要贡献。
陈旭表示，今年是中国第三次担任APEC东道主，将于11月在深圳举办领导人会议周活动，其间将举行外交和贸易双部长会、工商领导人峰会等活动，最后以领导人非正式会议达到最高潮。全年还将举办包括高官会和部长会议在内的约300场活动。目前，2026年APEC会议筹备已经全面铺开，各项工作进展顺利。相信在各方共同努力下，APEC“中国年”一定能够取得丰硕成果。",要闻,https://paper.people.com.cn/rmrb/pc/content/202602/09/../../../content/202602/09/content_30139421.html,2026-02-09,"['APEC', '亚太', '2026', '合作', '共同体', '东道主', '中国', '习近平', '成员', '陈旭']","第03版：要闻
本版新闻
人民日报2026年02月09日",政治
感受中国年味  共享新春喜悦（“外眼”看中国）,"第03版：要闻
本版新闻
人民日报2026年02月09日
Mon
春节临近，各地年味渐浓，形式多样的庆祝活动带来独一无二的新奇感受，吸引不少外国友人参与其中。体验历史与现代、传统与时尚融合的中国年，成为外国游客“中国游”的新亮点，持续增强中国作为全球旅游目的地的吸引力。
版式设计：张丹峰
感受中国年味  共享新春喜悦（“外眼”看中国）
《人民日报》（2026年02月09日第 03 版）
春节临近，各地年味渐浓，形式多样的庆祝活动带来独一无二的新奇感受，吸引不少外国友人参与其中。体验历史与现代、传统与时尚融合的中国年，成为外国游客“中国游”的新亮点，持续增强中国作为全球旅游目的地的吸引力。
版式设计：张丹峰",要闻,https://paper.people.com.cn/rmrb/pc/content/202602/09/../../../content/202602/09/content_30139422.html,2026-02-09,"['中国', '感受', '03', '2026', '02', '09', '年味渐', '张丹峰', '年味', '外眼']","第03版：要闻
本版新闻
人民日报2026年02月09日",国际
山海相逢  舞韵和鸣,"第03版：要闻
本版新闻
人民日报2026年02月09日
Mon
日前，“秘中友谊日”文艺晚会在秘鲁首都利马的国家大剧院举行，1200余名中秘各界嘉宾齐聚一堂，共叙友好情谊。
二胡演奏《小花鼓》明朗欢快、婉转动听，中国古典舞蹈《采薇》细腻灵动、意蕴悠长，引得现场观众掌声连连。两个节目的表演者都是利马若望二十三世秘中学校的学生。以“山海相逢  舞韵和鸣”为主题的中秘融合舞蹈压轴出场，为观众带来文明多样性与文化融合的丰富体验。若望二十三世秘中学校校长珍妮弗·帕扬对记者表示，秘鲁民众对中国文化非常感兴趣，中国文化已经成为促进秘中友好的纽带。来自秘鲁钱凯市的企业家玛丽亚·德拉普恩特专程与朋友赶来观看演出，她对记者表示：“这场演出让我更加珍视这份跨越山海的情谊。”
同日，“欢乐春节”庙会在秘鲁文化部开幕。旅秘华人社团、中资企业和孔子学院等设置近30个展位，主题涵盖中国美食、文化体验以及科技产品等，现场张灯结彩、人头攒动。秘鲁里卡多·帕尔玛大学孔子学院学生阿图罗对记者表示，现场展出的中国科技产品受到秘鲁民众欢迎，彰显两国合作的潜力。
在秘鲁国家考古、人类学和历史博物馆担任导览员的何塞·班达告诉记者，近年来，秘中文博界开展的馆藏交流、学术讨论等越来越多。随着两国民众的交流往来更加便利，双方对彼此文化的了解程度逐渐加深。
中国人民对外友好协会副会长袁敏道表示，中秘文化互鉴、人民亲如一家的友好情谊早已在两国人民心中生根发芽，愿两国继续加强在文化艺术、教育、科研、旅游、青年等领域交流合作，落实好两国元首重要共识，深化中秘全面战略伙伴关系。
中国驻秘鲁使馆临时代办易源清表示，今年是中秘建交55周年，55年来，中秘关系历经时代变迁与国际风云考验，始终坚持真诚友好、互利共赢。中秘关系发展面临新机遇，中方愿与秘方继续推动中秘全面战略伙伴关系行稳致远。
（本报利马电）
山海相逢  舞韵和鸣
——2026年“秘中友谊日”活动在秘鲁利马举行
本报记者  陈海琪  时元皓《人民日报》（2026年02月09日第 03 版）
日前，“秘中友谊日”文艺晚会在秘鲁首都利马的国家大剧院举行，1200余名中秘各界嘉宾齐聚一堂，共叙友好情谊。
二胡演奏《小花鼓》明朗欢快、婉转动听，中国古典舞蹈《采薇》细腻灵动、意蕴悠长，引得现场观众掌声连连。两个节目的表演者都是利马若望二十三世秘中学校的学生。以“山海相逢  舞韵和鸣”为主题的中秘融合舞蹈压轴出场，为观众带来文明多样性与文化融合的丰富体验。若望二十三世秘中学校校长珍妮弗·帕扬对记者表示，秘鲁民众对中国文化非常感兴趣，中国文化已经成为促进秘中友好的纽带。来自秘鲁钱凯市的企业家玛丽亚·德拉普恩特专程与朋友赶来观看演出，她对记者表示：“这场演出让我更加珍视这份跨越山海的情谊。”
同日，“欢乐春节”庙会在秘鲁文化部开幕。旅秘华人社团、中资企业和孔子学院等设置近30个展位，主题涵盖中国美食、文化体验以及科技产品等，现场张灯结彩、人头攒动。秘鲁里卡多·帕尔玛大学孔子学院学生阿图罗对记者表示，现场展出的中国科技产品受到秘鲁民众欢迎，彰显两国合作的潜力。
在秘鲁国家考古、人类学和历史博物馆担任导览员的何塞·班达告诉记者，近年来，秘中文博界开展的馆藏交流、学术讨论等越来越多。随着两国民众的交流往来更加便利，双方对彼此文化的了解程度逐渐加深。
中国人民对外友好协会副会长袁敏道表示，中秘文化互鉴、人民亲如一家的友好情谊早已在两国人民心中生根发芽，愿两国继续加强在文化艺术、教育、科研、旅游、青年等领域交流合作，落实好两国元首重要共识，深化中秘全面战略伙伴关系。
中国驻秘鲁使馆临时代办易源清表示，今年是中秘建交55周年，55年来，中秘关系历经时代变迁与国际风云考验，始终坚持真诚友好、互利共赢。中秘关系发展面临新机遇，中方愿与秘方继续推动中秘全面战略伙伴关系行稳致远。
（本报利马电）",要闻,https://paper.people.com.cn/rmrb/pc/content/202602/09/../../../content/202602/09/content_30139423.html,2026-02-09,"['中秘', '秘鲁', '文化', '利马', '友好', '秘中', '山海', '情谊', '若望', '世秘']","第03版：要闻
本版新闻
人民日报2026年02月09日",政治
第三届中国—土耳其经贸论坛举行,"第03版：要闻
本版新闻
人民日报2026年02月09日
Mon
本报伊斯坦布尔2月8日电  （记者李明）第三届中国—土耳其经贸论坛7日在土耳其伊斯坦布尔举行。两国各界代表畅谈经贸增长潜力，共话合作新机遇。
中国贸促会会长任鸿斌说，中国贸促会愿与土方各界携手，加强优势互补，深化互利合作，推动中土关系走深走实。
中国驻土耳其大使姜学斌、土耳其对外经济关系委员会主席纳伊尔等致辞，中土各界代表300余人参会。
第三届中国—土耳其经贸论坛举行
《人民日报》（2026年02月09日第 03 版）
本报伊斯坦布尔2月8日电  （记者李明）第三届中国—土耳其经贸论坛7日在土耳其伊斯坦布尔举行。两国各界代表畅谈经贸增长潜力，共话合作新机遇。
中国贸促会会长任鸿斌说，中国贸促会愿与土方各界携手，加强优势互补，深化互利合作，推动中土关系走深走实。
中国驻土耳其大使姜学斌、土耳其对外经济关系委员会主席纳伊尔等致辞，中土各界代表300余人参会。",要闻,https://paper.people.com.cn/rmrb/pc/content/202602/09/../../../content/202602/09/content_30139424.html,2026-02-09,"['土耳其', '经贸', '各界', '贸促会', '中土', '伊斯坦布尔', '第三届', '中国', '论坛', '03']","第03版：要闻
本版新闻
人民日报2026年02月09日",政治
中英金融工作组首次会议达成多项共识,"第03版：要闻
本版新闻
人民日报2026年02月09日
Mon
据新华社北京2月6日电  （记者任军、吴雨）记者2月6日从中国人民银行获悉：中英金融工作组首次会议近日在京举行，双方金融管理部门就全球宏观经济形势与金融稳定、金融监管、金融市场发展，以及包括可持续金融在内的金融创新等议题深入交换意见，并形成了一系列具体共识。
中英金融工作组成立于2025年5月，工作组首次会议的召开是近期中英两国高层交往的重要成果之一。
中英金融工作组首次会议达成多项共识
《人民日报》（2026年02月09日第 03 版）
据新华社北京2月6日电  （记者任军、吴雨）记者2月6日从中国人民银行获悉：中英金融工作组首次会议近日在京举行，双方金融管理部门就全球宏观经济形势与金融稳定、金融监管、金融市场发展，以及包括可持续金融在内的金融创新等议题深入交换意见，并形成了一系列具体共识。
中英金融工作组成立于2025年5月，工作组首次会议的召开是近期中英两国高层交往的重要成果之一。",要闻,https://paper.people.com.cn/rmrb/pc/content/202602/09/../../../content/202602/09/content_30139425.html,2026-02-09,"['工作组', '金融', '首次', '共识', '会议', '任军', '金融管理', '03', '2026', '02']","第03版：要闻
本版新闻
人民日报2026年02月09日",经济
中国再次成为德国最大贸易伙伴,"第03版：要闻
本版新闻
人民日报2026年02月09日
Mon
据新华社柏林2月6日电  （记者车云龙、李函林）德国联邦统计局6日发布的数据显示：2025年德国对华贸易额达2530亿欧元，较前一年的2463亿欧元增长约2.7%。该机构说，2025年中国再次成为德国最大贸易伙伴。数据显示，2025年德国自华进口额为1712亿欧元，对华出口额为818亿欧元。
德国联邦统计局数据显示，2016年至2023年，中国连续8年保持德国最大贸易伙伴地位。
中国再次成为德国最大贸易伙伴
《人民日报》（2026年02月09日第 03 版）
据新华社柏林2月6日电  （记者车云龙、李函林）德国联邦统计局6日发布的数据显示：2025年德国对华贸易额达2530亿欧元，较前一年的2463亿欧元增长约2.7%。该机构说，2025年中国再次成为德国最大贸易伙伴。数据显示，2025年德国自华进口额为1712亿欧元，对华出口额为818亿欧元。
德国联邦统计局数据显示，2016年至2023年，中国连续8年保持德国最大贸易伙伴地位。",要闻,https://paper.people.com.cn/rmrb/pc/content/202602/09/../../../content/202602/09/content_30139426.html,2026-02-09,"['2025', '欧元', '德国', '德国联邦', '伙伴', '统计局', '对华', '贸易', '数据', '显示']","第03版：要闻
本版新闻
人民日报2026年02月09日",经济
以新质生产力为高质量发展注入澎湃动力,"第04版：要闻
本版新闻
人民日报2026年02月09日
Mon
当前，新一轮科技革命和产业变革浪潮奔涌，如何抓住机遇、乘势而上？2025年，DeepSeek（深度求索）横空出世、“人造太阳”实现千秒运行、CR450动车组样车成功下线、无人矿卡开进矿山深处，每一项成绩都在印证，新质生产力代表创新、引领创新、主导创新，已经在实践中形成并展示出对高质量发展的强劲推动力、支撑力。展望未来，还将表现为“五个新”。
新在产业提质升级，发展动能持续增强。从机械化到电气化，再到信息化、智能化，每次产业革命都意味着新技术的普及应用，推动主导产业和支柱产业迭代升级。“十四五”时期，我国新能源汽车年产销量从2020年的均约140万辆跃升至2025年的均超1600万辆，汽车产业实现“换道超车”；冶金、化工、机械、轻工等传统产业高端化、智能化、绿色化加快推进，“十四五”时期工业机器人新增装机量全球占比过半。当前，中国传统产业正在持续提质升级，在“十五五”时期预计可以新增10万亿元左右的市场空间；新兴产业和未来产业正在加快培育，未来10年中国高技术产业具备规模翻番的发展前景，将有力推动新旧动能转换，推动中国制造加速实现从“跟跑”到“并跑”再到“领跑”的蝶变。
新在供需高效协同，发展空间持续拓宽。供给和需求是一体两面，新质生产力带动供给侧实现颠覆性创新，市场就会以波澜壮阔的交易生成进行回应，一些通过满足个性化、定制化需求获得成功的“网红”产品就是最好的例子。目光向外看，面对保护主义、单边主义的打压遏制，新质生产力是推动出口逆势增长的关键。2025年，集成电路出口金额达14441.6亿元、同比增长27.4%，汽车（包括底盘）出口金额达10183.4亿元、同比增长22%，机电产品占出口比重超过六成；品质好、价格优的中国产品层出不穷，“出国背电饭煲、买马桶盖”的景象越来越少见，取而代之的是“带着空箱去中国”在海外社交平台广泛传播。
新在绿色转型加快，资源约束持续突破。实践证明，高消耗、高排放、高污染的粗放发展方式不可持续，通过发展新质生产力，让资源利用更加集约、生产过程更加清洁，是解决我国可持续发展问题的治本之策。2025年，我国非化石能源成为第二大能源类型，清洁能源发电量占规模以上工业发电量的比重达35.2%，推动生态环境质量实现系统性改善，人民群众对生态环境的满意度连续4年超过90%。“十五五”时期，我国将在重点行业持续深入实施节能降碳专项行动，预计节能量可达1.5亿吨标准煤，减少二氧化碳排放约4亿吨。
新在区域布局优化，比较优势持续释放。发展新质生产力绝非一味“求高求新”，更不是走单一路径、开展同质化竞争；相反，必须坚持因地制宜，形成各具特色、错位竞争、优势互补的区域生产力布局。在长三角，来自苏浙皖三地的机器人零部件在上海完成整机集成，“四地合造机器人”证明世界级产业集群并不依赖某一地的绝对优势，而是在协作中挖掘更大红利。在大西北，戈壁荒滩成为绿色电源，“西电东送”输电能力达到3.4亿千瓦，“东数西算”八大枢纽节点算力规模约占全国的70%，清洁能源与数字基建等新质生产力将西北地区的资源禀赋转化为发展优势和动力。
新在科技自立自强，发展韧性持续提升。关键核心技术要不来、买不来、讨不来，新质生产力强化关键核心技术自主可控水平，为高质量发展构筑起坚实的安全屏障。面对“卡脖子”问题，我国持续加大投入、组织攻关，在5G通信、特高压输电、高速铁路、新能源电池等多个领域形成自主知识产权和产业优势，集成电路、工业软件等薄弱环节也不断取得突破，有效降低受制于人的风险。在“脱钩断链”的风险面前，我们的底气越来越足。
党的二十届四中全会对因地制宜发展新质生产力作出重要部署，坚定不移去落实，必将有力推动我国发展质量变革、效率变革、动力变革，必将推动我国经济实力、科技实力、综合国力不断壮大，必将在中国式现代化征程上赢得优势、赢得主动、赢得未来。
以新质生产力为高质量发展注入澎湃动力
金  轩《人民日报》（2026年02月09日第 04 版）
当前，新一轮科技革命和产业变革浪潮奔涌，如何抓住机遇、乘势而上？2025年，DeepSeek（深度求索）横空出世、“人造太阳”实现千秒运行、CR450动车组样车成功下线、无人矿卡开进矿山深处，每一项成绩都在印证，新质生产力代表创新、引领创新、主导创新，已经在实践中形成并展示出对高质量发展的强劲推动力、支撑力。展望未来，还将表现为“五个新”。
新在产业提质升级，发展动能持续增强。从机械化到电气化，再到信息化、智能化，每次产业革命都意味着新技术的普及应用，推动主导产业和支柱产业迭代升级。“十四五”时期，我国新能源汽车年产销量从2020年的均约140万辆跃升至2025年的均超1600万辆，汽车产业实现“换道超车”；冶金、化工、机械、轻工等传统产业高端化、智能化、绿色化加快推进，“十四五”时期工业机器人新增装机量全球占比过半。当前，中国传统产业正在持续提质升级，在“十五五”时期预计可以新增10万亿元左右的市场空间；新兴产业和未来产业正在加快培育，未来10年中国高技术产业具备规模翻番的发展前景，将有力推动新旧动能转换，推动中国制造加速实现从“跟跑”到“并跑”再到“领跑”的蝶变。
新在供需高效协同，发展空间持续拓宽。供给和需求是一体两面，新质生产力带动供给侧实现颠覆性创新，市场就会以波澜壮阔的交易生成进行回应，一些通过满足个性化、定制化需求获得成功的“网红”产品就是最好的例子。目光向外看，面对保护主义、单边主义的打压遏制，新质生产力是推动出口逆势增长的关键。2025年，集成电路出口金额达14441.6亿元、同比增长27.4%，汽车（包括底盘）出口金额达10183.4亿元、同比增长22%，机电产品占出口比重超过六成；品质好、价格优的中国产品层出不穷，“出国背电饭煲、买马桶盖”的景象越来越少见，取而代之的是“带着空箱去中国”在海外社交平台广泛传播。
新在绿色转型加快，资源约束持续突破。实践证明，高消耗、高排放、高污染的粗放发展方式不可持续，通过发展新质生产力，让资源利用更加集约、生产过程更加清洁，是解决我国可持续发展问题的治本之策。2025年，我国非化石能源成为第二大能源类型，清洁能源发电量占规模以上工业发电量的比重达35.2%，推动生态环境质量实现系统性改善，人民群众对生态环境的满意度连续4年超过90%。“十五五”时期，我国将在重点行业持续深入实施节能降碳专项行动，预计节能量可达1.5亿吨标准煤，减少二氧化碳排放约4亿吨。
新在区域布局优化，比较优势持续释放。发展新质生产力绝非一味“求高求新”，更不是走单一路径、开展同质化竞争；相反，必须坚持因地制宜，形成各具特色、错位竞争、优势互补的区域生产力布局。在长三角，来自苏浙皖三地的机器人零部件在上海完成整机集成，“四地合造机器人”证明世界级产业集群并不依赖某一地的绝对优势，而是在协作中挖掘更大红利。在大西北，戈壁荒滩成为绿色电源，“西电东送”输电能力达到3.4亿千瓦，“东数西算”八大枢纽节点算力规模约占全国的70%，清洁能源与数字基建等新质生产力将西北地区的资源禀赋转化为发展优势和动力。
新在科技自立自强，发展韧性持续提升。关键核心技术要不来、买不来、讨不来，新质生产力强化关键核心技术自主可控水平，为高质量发展构筑起坚实的安全屏障。面对“卡脖子”问题，我国持续加大投入、组织攻关，在5G通信、特高压输电、高速铁路、新能源电池等多个领域形成自主知识产权和产业优势，集成电路、工业软件等薄弱环节也不断取得突破，有效降低受制于人的风险。在“脱钩断链”的风险面前，我们的底气越来越足。
党的二十届四中全会对因地制宜发展新质生产力作出重要部署，坚定不移去落实，必将有力推动我国发展质量变革、效率变革、动力变革，必将推动我国经济实力、科技实力、综合国力不断壮大，必将在中国式现代化征程上赢得优势、赢得主动、赢得未来。",要闻,https://paper.people.com.cn/rmrb/pc/content/202602/09/../../../content/202602/09/content_30139428.html,2026-02-09,"['新质', '生产力', '持续', '2025', '发展', '推动', '我国', '产业', '变革', '高质量']","第04版：要闻
本版新闻
人民日报2026年02月09日",经济
乡村职业经理人这样炼成（深阅读）,"第04版：要闻
本版新闻
人民日报2026年02月09日
Mon
一支懂经营、善管理的乡村职业经理人队伍，正在给万千村庄带来新气象。他们还有个响亮的称呼——“乡村CEO”。
2024年8月，万名乡村职业经理人培养计划（以下简称“培养计划”）由中央农业广播电视学校、中国农业大学、腾讯公司联合发起，在山东省、湖南省、陕西省、湖北省恩施土家族苗族自治州进行试点，2025年下半年正式进入全国规范化实施新阶段。
“培养计划由专门机构、企业、大学发挥各自优势，共同探索推进乡村人才培养模式和机制改革创新。”中央农业广播电视学校副校长李仕宝说，计划到2027年，在全国培养1万名乡村职业经理人，并构建乡村职业经理人培养体系，推动人才培养在全国大范围、规范化开展。
为何培养
拓宽思路、盘活资源，为乡村全面振兴注入新动能
“听秦腔、住村房，体验淳朴的乡村生活。”短视频里，陕西省西安市太平镇程家村党支部书记张保权介绍村里的风土人情。
程家村是位于关中平原的一座普通村庄。2025年初，张保权参加陕西省举办的培养计划第一期乡村职业经理人试点培训班，进行了系统学习，还前往省内外多地进行现场观摩。
“我们村毗邻西安咸阳国际机场，区位优势明显。作为村干部，要努力当好村庄的资源整合者、产业规划者和市场开拓者，发掘新的经济增长点。”通过培训，张保权有了发展新思路。
培训回来后，张保权带着村两委干部重新梳理村庄资源，引入第三方公司和村民合作经营，将闲置农房改造成15个特色民宿小院，引入午后茶叙、公益课堂等创客项目，探索发展康养民宿等业态。
“十五五”规划建议提出，节约集约利用农村集体经营性建设用地，依法盘活用好闲置土地和房屋，分类保障乡村发展用地。支持发展新型农村集体经济。数据显示，到2023年底，我国有农村集体经济组织98万个，成员数量9.3亿人，资产达到9.6万亿元。“与发展需求相比，一些地区农村集体经济发展路子偏窄、形式比较单一，依法依规经营好这些资产，通过产业化运营促进其保值增值的空间依然很大。”中国人民大学农业与农村发展学院教授孔祥智说。
在陕西，根据部分训前已从事乡村职业经理人工作的学员数据测算，培训后平均带动村集体年增收超15%，模式成效初步显现。“大家对未来的发展越来越有信心。”张保权介绍，程家村前期入驻的几名创客，有望给村子带来持续收益，同时也有助于推进乡村治理。
截至目前，培养计划已培养近2000名学员。他们运用市场化思维运营集体资产、产业化路径整合乡村资源，打造特色农产品和融合发展业态，为乡村全面振兴注入了新活力。
如何育才
优中选优、因地制宜，破解能力“水土不服”问题
不同于其他领域的职业经理人，乡村职业经理人扎根乡土，具有特定的工作场域。业内人士表示，筛选好、培养好这样的人才并非易事。
浙江是较早起步的地区之一。2019年，杭州市余杭区率先尝试聘用乡村CEO；2023年，浙江启动“千名乡村CEO培养计划”；2025年的培训名额为300人，招生简章发布后，报名人数达5573人。
“我们在培训对象的选择上，坚持优中选优，严把入口关。”浙江省乡村振兴促进中心负责人介绍，从2025年录取情况看，学员平均年龄约37岁，近六成为本科及以上学历。其中，学员身份既有入乡青年，也有在职经理人和村干部，有利于在培训交流中优势互补。
乡村CEO的能力如何培养？“基层干部缺市场思维，返乡人才缺乡土经验，专业人才缺资源整合能力。”重庆三峡职业学院经济管理学院党总支副书记张恩广认为，经营管理人才的短缺成为乡村创新性发展的瓶颈。
依托农业广播电视学校体系，全国已构建起“国家—省—村”三级贯通的人才培养组织体系。围绕乡村职业经理人，全国已有1个培训中心、10个培训分中心和76个实践村庄，以及200多人的师资队伍，形成了通用人才培养方案和教学资源。
从理论课程到“项目制”“导师制”，再到田野调研、复盘路演……各地因地制宜，形成了各具特色的乡村CEO培训课程。“在陕西礼泉县袁家村现场观摩时，我们跟村干部进行了深入交流，对于如何将传统技艺、民俗活动转化为有吸引力的文旅消费场景，有了更深的理解。一些地方全村共建共享的机制设计，对我们发展村集体经济很有借鉴意义。”张保权说。
怎么用才
搭建平台、优化激励，推动人才与乡村双向奔赴
2025年7月，人力资源和社会保障部发布了农村集体经济经理人等17个新职业，这是国家首次从新职业层面对农村集体经济经理人进行认定。早在新职业发布之前，全国已有多地针对乡村集体经济运营人才开展公开选聘。
为推动美丽乡村片区化建设，湖南长沙市近年频频发出乡村CEO“招贤令”。“我们不唯学历、不唯年龄，重点考察候选人对当地实际情况的认知、分析与策划能力。”长沙市农业农村局乡村建设处处长谢文介绍，选拔采用“实地调研+双向面谈交流”模式，乡镇党委书记、村党组织书记全程参与评审，一些片区还引入竞争性路演。
在长沙市望城区乔口镇蓝塘寺村，废弃轮窑厂、旧水塔、闲置农房等已变身热门景点。
翻开与村集体签订的劳动合同，蓝塘寺村乡村CEO杨海亮介绍，他主要负责资源整合、项目策划、经营合作等市场运营事项，不涉及村务管理。在当地政府支持下，他成立了镇村农文旅工作专班，组建了村集体持股51％、运营团队持股49％的文旅公司，引入康养民宿等经营主体与商业业态。
“市区两级有政策、镇级有支撑、村级有保障，权责边界明确，绩效工资与经营业绩、考核结果强挂钩，为我们营造了干事创业的好环境。”杨海亮说。在蓝塘寺村，经过一年的市场化运营，社会资本投入达2000多万元，创造就业岗位80余个，培育微业态主体50余个，吸引返乡创业青年10余人。
乡村运营效果还受到资源禀赋、市场条件等多种因素影响，如何更好地推动人才与乡村双向奔赴？
“政府积极搭建资源对接平台，降低制度性交易成本，为乡村CEO施展才干创造外部条件。”谢文说。2025年，当地组织乡村CEO参加中国中部（湖南）农博会等重点活动，部分建设项目、现场教学点、短剧拍摄等资源向配备乡村CEO的区域倾斜。
为了突破人才成长瓶颈，浙江持续优化激励机制，将乡村CEO纳入乡村人才矩阵，支持其申报“浙农英才”、参评农业技术职称等，并建立了长效评价体系。
2025年10月，培养计划专家指导委员会正式成立。专委会主任委员、中国农业大学原校长柯柄生表示，委员会将参与制定乡村职业经理人的培养质量标准、培训师资标准以及实践村入选标准与管理制度规范等，促进各方面资源对接，为培养“懂乡村产业管理和经营服务的人”提供全方位专业支撑。
由区域试点进入全国规范化实施新阶段
乡村职业经理人这样炼成（深阅读）
本报记者  郁静娴《人民日报》（2026年02月09日第 04 版）
一支懂经营、善管理的乡村职业经理人队伍，正在给万千村庄带来新气象。他们还有个响亮的称呼——“乡村CEO”。
2024年8月，万名乡村职业经理人培养计划（以下简称“培养计划”）由中央农业广播电视学校、中国农业大学、腾讯公司联合发起，在山东省、湖南省、陕西省、湖北省恩施土家族苗族自治州进行试点，2025年下半年正式进入全国规范化实施新阶段。
“培养计划由专门机构、企业、大学发挥各自优势，共同探索推进乡村人才培养模式和机制改革创新。”中央农业广播电视学校副校长李仕宝说，计划到2027年，在全国培养1万名乡村职业经理人，并构建乡村职业经理人培养体系，推动人才培养在全国大范围、规范化开展。
为何培养
拓宽思路、盘活资源，为乡村全面振兴注入新动能
“听秦腔、住村房，体验淳朴的乡村生活。”短视频里，陕西省西安市太平镇程家村党支部书记张保权介绍村里的风土人情。
程家村是位于关中平原的一座普通村庄。2025年初，张保权参加陕西省举办的培养计划第一期乡村职业经理人试点培训班，进行了系统学习，还前往省内外多地进行现场观摩。
“我们村毗邻西安咸阳国际机场，区位优势明显。作为村干部，要努力当好村庄的资源整合者、产业规划者和市场开拓者，发掘新的经济增长点。”通过培训，张保权有了发展新思路。
培训回来后，张保权带着村两委干部重新梳理村庄资源，引入第三方公司和村民合作经营，将闲置农房改造成15个特色民宿小院，引入午后茶叙、公益课堂等创客项目，探索发展康养民宿等业态。
“十五五”规划建议提出，节约集约利用农村集体经营性建设用地，依法盘活用好闲置土地和房屋，分类保障乡村发展用地。支持发展新型农村集体经济。数据显示，到2023年底，我国有农村集体经济组织98万个，成员数量9.3亿人，资产达到9.6万亿元。“与发展需求相比，一些地区农村集体经济发展路子偏窄、形式比较单一，依法依规经营好这些资产，通过产业化运营促进其保值增值的空间依然很大。”中国人民大学农业与农村发展学院教授孔祥智说。
在陕西，根据部分训前已从事乡村职业经理人工作的学员数据测算，培训后平均带动村集体年增收超15%，模式成效初步显现。“大家对未来的发展越来越有信心。”张保权介绍，程家村前期入驻的几名创客，有望给村子带来持续收益，同时也有助于推进乡村治理。
截至目前，培养计划已培养近2000名学员。他们运用市场化思维运营集体资产、产业化路径整合乡村资源，打造特色农产品和融合发展业态，为乡村全面振兴注入了新活力。
如何育才
优中选优、因地制宜，破解能力“水土不服”问题
不同于其他领域的职业经理人，乡村职业经理人扎根乡土，具有特定的工作场域。业内人士表示，筛选好、培养好这样的人才并非易事。
浙江是较早起步的地区之一。2019年，杭州市余杭区率先尝试聘用乡村CEO；2023年，浙江启动“千名乡村CEO培养计划”；2025年的培训名额为300人，招生简章发布后，报名人数达5573人。
“我们在培训对象的选择上，坚持优中选优，严把入口关。”浙江省乡村振兴促进中心负责人介绍，从2025年录取情况看，学员平均年龄约37岁，近六成为本科及以上学历。其中，学员身份既有入乡青年，也有在职经理人和村干部，有利于在培训交流中优势互补。
乡村CEO的能力如何培养？“基层干部缺市场思维，返乡人才缺乡土经验，专业人才缺资源整合能力。”重庆三峡职业学院经济管理学院党总支副书记张恩广认为，经营管理人才的短缺成为乡村创新性发展的瓶颈。
依托农业广播电视学校体系，全国已构建起“国家—省—村”三级贯通的人才培养组织体系。围绕乡村职业经理人，全国已有1个培训中心、10个培训分中心和76个实践村庄，以及200多人的师资队伍，形成了通用人才培养方案和教学资源。
从理论课程到“项目制”“导师制”，再到田野调研、复盘路演……各地因地制宜，形成了各具特色的乡村CEO培训课程。“在陕西礼泉县袁家村现场观摩时，我们跟村干部进行了深入交流，对于如何将传统技艺、民俗活动转化为有吸引力的文旅消费场景，有了更深的理解。一些地方全村共建共享的机制设计，对我们发展村集体经济很有借鉴意义。”张保权说。
怎么用才
搭建平台、优化激励，推动人才与乡村双向奔赴
2025年7月，人力资源和社会保障部发布了农村集体经济经理人等17个新职业，这是国家首次从新职业层面对农村集体经济经理人进行认定。早在新职业发布之前，全国已有多地针对乡村集体经济运营人才开展公开选聘。
为推动美丽乡村片区化建设，湖南长沙市近年频频发出乡村CEO“招贤令”。“我们不唯学历、不唯年龄，重点考察候选人对当地实际情况的认知、分析与策划能力。”长沙市农业农村局乡村建设处处长谢文介绍，选拔采用“实地调研+双向面谈交流”模式，乡镇党委书记、村党组织书记全程参与评审，一些片区还引入竞争性路演。
在长沙市望城区乔口镇蓝塘寺村，废弃轮窑厂、旧水塔、闲置农房等已变身热门景点。
翻开与村集体签订的劳动合同，蓝塘寺村乡村CEO杨海亮介绍，他主要负责资源整合、项目策划、经营合作等市场运营事项，不涉及村务管理。在当地政府支持下，他成立了镇村农文旅工作专班，组建了村集体持股51％、运营团队持股49％的文旅公司，引入康养民宿等经营主体与商业业态。
“市区两级有政策、镇级有支撑、村级有保障，权责边界明确，绩效工资与经营业绩、考核结果强挂钩，为我们营造了干事创业的好环境。”杨海亮说。在蓝塘寺村，经过一年的市场化运营，社会资本投入达2000多万元，创造就业岗位80余个，培育微业态主体50余个，吸引返乡创业青年10余人。
乡村运营效果还受到资源禀赋、市场条件等多种因素影响，如何更好地推动人才与乡村双向奔赴？
“政府积极搭建资源对接平台，降低制度性交易成本，为乡村CEO施展才干创造外部条件。”谢文说。2025年，当地组织乡村CEO参加中国中部（湖南）农博会等重点活动，部分建设项目、现场教学点、短剧拍摄等资源向配备乡村CEO的区域倾斜。
为了突破人才成长瓶颈，浙江持续优化激励机制，将乡村CEO纳入乡村人才矩阵，支持其申报“浙农英才”、参评农业技术职称等，并建立了长效评价体系。
2025年10月，培养计划专家指导委员会正式成立。专委会主任委员、中国农业大学原校长柯柄生表示，委员会将参与制定乡村职业经理人的培养质量标准、培训师资标准以及实践村入选标准与管理制度规范等，促进各方面资源对接，为培养“懂乡村产业管理和经营服务的人”提供全方位专业支撑。",要闻,https://paper.people.com.cn/rmrb/pc/content/202602/09/../../../content/202602/09/content_30139429.html,2026-02-09,"['乡村', 'CEO', '经理人', '职业', '培养', '2025', '张保权', '集体经济', '培训', '人才']","第04版：要闻
本版新闻
人民日报2026年02月09日",政治
图片报道,"第04版：要闻
本版新闻
人民日报2026年02月09日
Mon
2月7日，在广西梧州市蒙山县天书侠谷景区，来自梧州市藤县的舞狮队表演国家级非物质文化遗产藤县狮舞，吸引大量市民、游客前来观赏。
黄胜林摄（影像中国）
图片报道
《人民日报》（2026年02月09日第 04 版）
2月7日，在广西梧州市蒙山县天书侠谷景区，来自梧州市藤县的舞狮队表演国家级非物质文化遗产藤县狮舞，吸引大量市民、游客前来观赏。
黄胜林摄（影像中国）",要闻,https://paper.people.com.cn/rmrb/pc/content/202602/09/../../../content/202602/09/content_30139430.html,2026-02-09,"['藤县', '梧州市', '蒙山县', '04', '2026', '02', '09', '侠谷', '舞狮队', '狮舞']","第04版：要闻
本版新闻
人民日报2026年02月09日",政治
适老化改造  科技感满满（在现场）,"第04版：要闻
本版新闻
人民日报2026年02月09日
Mon
江苏南京江宁区，90岁的连爷爷家里，迎来了做回访的“智慧养老专员”杨函之。
小杨是南京爱普雷德电子科技有限公司的员工，去年为连爷爷家提供了适老化改造整体解决方案。
住家护理员徐阿姨开了门，小杨一进屋，就看见连爷爷正在客厅散步。“小杨啊，你看，我在屋里不用拄拐杖了。”连爷爷说。
“连爷爷，地板不滑了吧？”小杨问。连爷爷用鞋蹭了蹭地板：“地板喷了防滑剂，走路稳当多了。”
不一会儿，连爷爷坐到沙发上，踩脚踏器锻炼。
“嘀嘀嘀”的声音响了起来。徐阿姨闻听，从智能药盒里取出药，连同水杯一起递给连爷爷。智能药盒根据早、中、晚分好了药物，可以设定时间，按时提醒吃药。
去年，连爷爷的老伴儿陈奶奶右胯骨折，需要长期卧床。徐阿姨去卧室给陈奶奶翻身，小杨也跟了过去。
只见徐阿姨按下床边的遥控器，床的右侧便慢慢升高，把陈奶奶的右半边身子撑了起来。“这个床还能设置每隔一段时间自动调整姿势，帮我省了不少力气。”徐阿姨说。
“老人家的身体指标怎么样？”小杨关心道。徐阿姨点开手机小程序，界面上显示出陈奶奶的心率、呼吸、每晚翻身次数等数据。
“陈奶奶，您的指标都挺正常。”小杨跟陈奶奶打招呼，陈奶奶报以微笑。
这款防压疮床垫，能通过传感器实时监测人体基本体征数据。“如果有异常，家属就能收到提示，快速介入。”小杨说。
一套智能护理床和床垫，要花多少钱？“原价将近5000元，用上补贴，自付3000多元。”小杨介绍，去年江苏启动居家适老化改造产品“焕新”行动，对7个大类68个小类居家适老产品进行补贴。江苏常住老年人家庭可享受原价30%的补贴，每户最多补贴1.5万元。
屋子里，还有其他科技产品：辅助如厕的智能护理机器人、有烟感报警功能的集成灶、装在屋顶的毫米波雷达防摔监测系统……
在江苏，富有科技感的居家养老家庭越来越多。江苏省民政厅养老服务处副处长叶翔宇介绍，去年全省有6.4万余户家庭完成适老化改造，发放补贴资金超5000万元。
临走前，小杨告诉连爷爷：“以后，您家的电视还可以加装视频连线功能，您跟儿女视频通话，就更方便了。”
江苏给予相关产品补贴
适老化改造  科技感满满（在现场）
本报记者  尹晓宇《人民日报》（2026年02月09日第 04 版）
江苏南京江宁区，90岁的连爷爷家里，迎来了做回访的“智慧养老专员”杨函之。
小杨是南京爱普雷德电子科技有限公司的员工，去年为连爷爷家提供了适老化改造整体解决方案。
住家护理员徐阿姨开了门，小杨一进屋，就看见连爷爷正在客厅散步。“小杨啊，你看，我在屋里不用拄拐杖了。”连爷爷说。
“连爷爷，地板不滑了吧？”小杨问。连爷爷用鞋蹭了蹭地板：“地板喷了防滑剂，走路稳当多了。”
不一会儿，连爷爷坐到沙发上，踩脚踏器锻炼。
“嘀嘀嘀”的声音响了起来。徐阿姨闻听，从智能药盒里取出药，连同水杯一起递给连爷爷。智能药盒根据早、中、晚分好了药物，可以设定时间，按时提醒吃药。
去年，连爷爷的老伴儿陈奶奶右胯骨折，需要长期卧床。徐阿姨去卧室给陈奶奶翻身，小杨也跟了过去。
只见徐阿姨按下床边的遥控器，床的右侧便慢慢升高，把陈奶奶的右半边身子撑了起来。“这个床还能设置每隔一段时间自动调整姿势，帮我省了不少力气。”徐阿姨说。
“老人家的身体指标怎么样？”小杨关心道。徐阿姨点开手机小程序，界面上显示出陈奶奶的心率、呼吸、每晚翻身次数等数据。
“陈奶奶，您的指标都挺正常。”小杨跟陈奶奶打招呼，陈奶奶报以微笑。
这款防压疮床垫，能通过传感器实时监测人体基本体征数据。“如果有异常，家属就能收到提示，快速介入。”小杨说。
一套智能护理床和床垫，要花多少钱？“原价将近5000元，用上补贴，自付3000多元。”小杨介绍，去年江苏启动居家适老化改造产品“焕新”行动，对7个大类68个小类居家适老产品进行补贴。江苏常住老年人家庭可享受原价30%的补贴，每户最多补贴1.5万元。
屋子里，还有其他科技产品：辅助如厕的智能护理机器人、有烟感报警功能的集成灶、装在屋顶的毫米波雷达防摔监测系统……
在江苏，富有科技感的居家养老家庭越来越多。江苏省民政厅养老服务处副处长叶翔宇介绍，去年全省有6.4万余户家庭完成适老化改造，发放补贴资金超5000万元。
临走前，小杨告诉连爷爷：“以后，您家的电视还可以加装视频连线功能，您跟儿女视频通话，就更方便了。”",要闻,https://paper.people.com.cn/rmrb/pc/content/202602/09/../../../content/202602/09/content_30139431.html,2026-02-09,"['爷爷', '阿姨', '奶奶', '补贴', '老化', '智能', '江苏', '居家', '药盒', '改造']","第04版：要闻
本版新闻
人民日报2026年02月09日",文化
大楼变“聪明”  节能有一套（厉行节约  反对浪费）,"第04版：要闻
本版新闻
人民日报2026年02月09日
Mon
海南海口西海岸，海风温润。抬头仰望，一座高158米、外立面晶莹剔透的31层地标建筑已现全貌，这是即将竣工的中国海油深海能源开发总指挥部基地科研办公楼。
塔吊长臂挥舞，一根根在工厂预制好的钢柱被精准吊起，严丝合缝地嵌入指定位置。“这就像搭积木，构件在工厂造好，运到施工现场拼装，建筑垃圾少了，工期也短了。”工程技术部经理方赟介绍，这种造房子的方式已成为海口建设工地的常态。
超高层建筑施工往往伴随着大量木材消耗和混凝土浪费。一旁的热带建筑科学研究院（海南）有限公司总经理助理、绿色低碳中心主任许鹏鹏给记者算了一笔账：传统现浇模式下，木模板周转几次就得报废，满地都是边角料；采用装配式钢结构体系，主体结构混凝土用量减少25%以上。
把房子建起来只是第一步，如何在使用期内降低能源浪费，更是关键。
方赟回忆，项目原计划按绿色建筑二星级标准建设，为响应海南省高质量发展要求，决定升级为最高等级的三星级。这意味着初期投入成本显著增加：洁具要换成一级节水型，玻璃要换成隔热更好的双层中空钢化玻璃……站在大楼外围，深蓝色的玻璃幕墙在阳光下熠熠生辉。许鹏鹏介绍：“这层‘皮肤’配合精心计算角度的遮阳线条，将玻璃幕墙整体太阳辐射的热系数降低15%以上，如此空调负荷自然就降下去了。”
地下车库里，一氧化碳浓度监测装置24小时“站岗”。“过去车库风机为了排气往往全天工作，现在只有监测到浓度超标，风机才会自动启动。”方赟说，在办公区，智慧园区管理平台实时感知人员流动和光照强度，人走灯灭、冷量自动调节，杜绝了“无人也制冷”的现象。
方赟拿出一份测算表：通过高效设备与智能控制，大楼的能耗降低14%以上；结合节水器具与雨水回用，年节水量约4.2万立方米。“仅水和电两项，每年直接节省费用就将超过100万元，年减少碳排放约580吨。”
“绿色建筑核心在于全生命周期的节约与高效，不能只关注设计阶段。”许鹏鹏介绍，海南建立了从土地出让（划拨）、设计到验收的“全链条管控”——拿地明确绿色建筑建设等级，设计必有“绿色建筑专篇”，验收不达标不得交付，这让节约不再是可选项，而是必选项。
“目前，海南城镇新建民用建筑的建设已达到100%不低于绿色建筑标准基本级的要求。”海南省住房城乡建设厅勘察设计与科技处副处长王骞表示，未来海南的建筑将因地制宜，更加低碳、智慧，让绿色成为城乡建设最鲜明的底色。
海南推广绿色建筑，在建设运营中降耗
大楼变“聪明”  节能有一套（厉行节约  反对浪费）
本报记者  孙海天《人民日报》（2026年02月09日第 04 版）
海南海口西海岸，海风温润。抬头仰望，一座高158米、外立面晶莹剔透的31层地标建筑已现全貌，这是即将竣工的中国海油深海能源开发总指挥部基地科研办公楼。
塔吊长臂挥舞，一根根在工厂预制好的钢柱被精准吊起，严丝合缝地嵌入指定位置。“这就像搭积木，构件在工厂造好，运到施工现场拼装，建筑垃圾少了，工期也短了。”工程技术部经理方赟介绍，这种造房子的方式已成为海口建设工地的常态。
超高层建筑施工往往伴随着大量木材消耗和混凝土浪费。一旁的热带建筑科学研究院（海南）有限公司总经理助理、绿色低碳中心主任许鹏鹏给记者算了一笔账：传统现浇模式下，木模板周转几次就得报废，满地都是边角料；采用装配式钢结构体系，主体结构混凝土用量减少25%以上。
把房子建起来只是第一步，如何在使用期内降低能源浪费，更是关键。
方赟回忆，项目原计划按绿色建筑二星级标准建设，为响应海南省高质量发展要求，决定升级为最高等级的三星级。这意味着初期投入成本显著增加：洁具要换成一级节水型，玻璃要换成隔热更好的双层中空钢化玻璃……站在大楼外围，深蓝色的玻璃幕墙在阳光下熠熠生辉。许鹏鹏介绍：“这层‘皮肤’配合精心计算角度的遮阳线条，将玻璃幕墙整体太阳辐射的热系数降低15%以上，如此空调负荷自然就降下去了。”
地下车库里，一氧化碳浓度监测装置24小时“站岗”。“过去车库风机为了排气往往全天工作，现在只有监测到浓度超标，风机才会自动启动。”方赟说，在办公区，智慧园区管理平台实时感知人员流动和光照强度，人走灯灭、冷量自动调节，杜绝了“无人也制冷”的现象。
方赟拿出一份测算表：通过高效设备与智能控制，大楼的能耗降低14%以上；结合节水器具与雨水回用，年节水量约4.2万立方米。“仅水和电两项，每年直接节省费用就将超过100万元，年减少碳排放约580吨。”
“绿色建筑核心在于全生命周期的节约与高效，不能只关注设计阶段。”许鹏鹏介绍，海南建立了从土地出让（划拨）、设计到验收的“全链条管控”——拿地明确绿色建筑建设等级，设计必有“绿色建筑专篇”，验收不达标不得交付，这让节约不再是可选项，而是必选项。
“目前，海南城镇新建民用建筑的建设已达到100%不低于绿色建筑标准基本级的要求。”海南省住房城乡建设厅勘察设计与科技处副处长王骞表示，未来海南的建筑将因地制宜，更加低碳、智慧，让绿色成为城乡建设最鲜明的底色。",要闻,https://paper.people.com.cn/rmrb/pc/content/202602/09/../../../content/202602/09/content_30139432.html,2026-02-09,"['建筑', '绿色', '方赟', '海南', '许鹏鹏', '大楼', '低碳', '浪费', '玻璃幕墙', '建设']","第04版：要闻
本版新闻
人民日报2026年02月09日",社会
2026年春晚完成第四次彩排,"第04版：要闻
本版新闻
人民日报2026年02月09日
Mon
本报北京2月8日电  （记者刘阳）8日，中央广播电视总台2026年春节联欢晚会顺利完成第四次彩排。经过反复打磨，各类型节目更加成熟，演员表演状态更加饱满，各环节要素衔接流畅。从传统文化的创新表达到中外艺术的跨界融合，整台晚会新意迭出、吉祥喜庆，传递出四海同春的浓浓暖意。
春晚舞台凝聚了对天地自然的热爱，对人间真情的守望。歌曲《立春》旋律轻柔灵动，舞台渲染出屋檐雨落、种子发芽的诗意春景，展现出“人间向暖草木发”的勃勃生机。歌曲《妈妈有座电影院》将孩子的成长瞬间化作一张张电影胶片，从蹒跚学步到长大远行，质朴的歌词娓娓道出时光流转里的陪伴与牵挂。
总台马年春晚植根中华优秀传统文化沃土，敞开怀抱、以艺通心，彰显和而不同的文明交融之美。舞蹈《踏地为节》汇集中国哈尼族木屐舞、傈僳族“阿尺木刮”、西班牙弗拉门戈和匈牙利传统民间舞蹈莱盖涅什。4种不同风格的舞蹈在一踏一转、一跳一跃间热烈相拥，展现百花竞放的舞台魅力。
随着申遗成功，春节愈发成为连接中国与世界的重要文化纽带。今年，总台“春晚序曲  全球看春晚”活动已陆续在美国、俄罗斯、法国、意大利和非洲多国举行，让参与者在文艺表演、民俗体验、文创集市中感受欢乐祥和的春节氛围。
2026年春晚完成第四次彩排
《人民日报》（2026年02月09日第 04 版）
本报北京2月8日电  （记者刘阳）8日，中央广播电视总台2026年春节联欢晚会顺利完成第四次彩排。经过反复打磨，各类型节目更加成熟，演员表演状态更加饱满，各环节要素衔接流畅。从传统文化的创新表达到中外艺术的跨界融合，整台晚会新意迭出、吉祥喜庆，传递出四海同春的浓浓暖意。
春晚舞台凝聚了对天地自然的热爱，对人间真情的守望。歌曲《立春》旋律轻柔灵动，舞台渲染出屋檐雨落、种子发芽的诗意春景，展现出“人间向暖草木发”的勃勃生机。歌曲《妈妈有座电影院》将孩子的成长瞬间化作一张张电影胶片，从蹒跚学步到长大远行，质朴的歌词娓娓道出时光流转里的陪伴与牵挂。
总台马年春晚植根中华优秀传统文化沃土，敞开怀抱、以艺通心，彰显和而不同的文明交融之美。舞蹈《踏地为节》汇集中国哈尼族木屐舞、傈僳族“阿尺木刮”、西班牙弗拉门戈和匈牙利传统民间舞蹈莱盖涅什。4种不同风格的舞蹈在一踏一转、一跳一跃间热烈相拥，展现百花竞放的舞台魅力。
随着申遗成功，春节愈发成为连接中国与世界的重要文化纽带。今年，总台“春晚序曲  全球看春晚”活动已陆续在美国、俄罗斯、法国、意大利和非洲多国举行，让参与者在文艺表演、民俗体验、文创集市中感受欢乐祥和的春节氛围。",要闻,https://paper.people.com.cn/rmrb/pc/content/202602/09/../../../content/202602/09/content_30139433.html,2026-02-09,"['春晚', '2026', '总台', '春节', '彩排', '舞台', '歌曲', '第四次', '传统', '文化']","第04版：要闻
本版新闻
人民日报2026年02月09日",国际
一版责编：许  诺  张帅祯  赵川博 二版责编：吕  莉  祁嘉润  何  彪 三版责编：韩晓明  姜  波  李安琪 四版责编：白之羽  陈  震  张雪妍,"第04版：要闻
本版新闻
人民日报2026年02月09日
Mon
一版责编：许  诺  张帅祯  赵川博 二版责编：吕  莉  祁嘉润  何  彪 三版责编：韩晓明  姜  波  李安琪 四版责编：白之羽  陈  震  张雪妍
《人民日报》（2026年02月09日第 04 版）",要闻,https://paper.people.com.cn/rmrb/pc/content/202602/09/../../../content/202602/09/content_30139434.html,2026-02-09,"['责编', '三版', '二版', '四版', '04', '2026', '02', '09', '张帅祯', '赵川博']","第04版：要闻
本版新闻
人民日报2026年02月09日",其他
品出乡村特色产业的“新味”（现场评论·新春走基层）,"第05版：评论
本版新闻
人民日报2026年02月09日
Mon
政府搭台、企业唱戏、科技赋能、农民参与，不仅形成合作机制，而且在良性运转中为产业发展壮大凝聚合力
乡村特色产业扎根乡土、关联民生，承载一方水土的自然禀赋，寄托农民增收的民生期盼，蕴含着农业现代化的巨大潜力
岭南冬暖，广东梅州梅县区雁洋镇南福金柚种植基地里，农技专家悉心指导，柚农们剪刀飞舞，一棵棵柚树被裁剪成通风透光的“绿色宝塔”状。期待着丰收的柚农黄宏，喜得合不拢嘴：“80亩柚园，亩均利润过万元！”
在人们印象中，土特产往往和高科技相隔甚远。而梅州金柚这种在当地栽种百年的土特产，正颠覆大家的固有认知。在科技赋能、全链延伸、品牌培育等托举下，金柚种植面积达65万亩，全产业链年产值破89亿元，带动10余万百姓增收。
在漫山遍野的柚园里，听两代柚农讲述种柚故事，可以清晰品出乡村特色产业迈向现代化的“新味”。
科技是培育壮大乡村特色产业的引擎。过去，柚农们“看天吃饭”，产量不稳、品质参差，果贱伤农时有发生。如今“靠科技稳收”，测土配方施肥、无病毒苗木培育等技术得到推广；水肥一体化设施、宜机化改造以及防雹网铺设逐步成为柚园标配，精准喷洒农药有无人机、山地运输有轨道车；智能传感器实时监测土壤墒情等数据，智慧农业数字化平台分析后指导柚农科学作业、精细管护……从“凭经验”转向“按参数”，梅州金柚品质更稳定，“好山好水出好柚”的品牌更响亮。
促进科技应用与产业所需“无缝对接”，需要各方共谱协奏曲。针对梅州金柚种植于山地丘陵、机械化水平较低等短板，广东省现代农业装备研究院开展持续攻关，研制出整套农业机械。为选育优质品种，梅县区建成柚类种质资源圃，收集全国152种柚类品系，脱毒梅县金柚原种4个品系，打造柚类“基因库”，与研究机构合作研发金柚无病毒种苗繁育。农技专家蹲在果园里教技术、带徒弟，产业协会为“好柚子”制定明确分级标准。政府搭台、企业唱戏、科技赋能、农民参与，不仅形成合作机制，而且在良性运转中为产业发展壮大凝聚合力。
乡村特色产业现代化，不是单一环节的现代化，而是全产业链的现代化，关键是通过延链、补链、强链，从“单一生产”转向“多元增值”。目前，梅州柚已形成种植、加工、流通、文旅等一二三产业深度融合的全产业链。加工端，开发出柚苷、精油、金柚啤酒、食品添加剂等数十种产品，实现从果皮、海绵层到果肉的全程高值化利用；销售端，除了线下的分级分选、冷链物流，线上直播间里的“柚二代”“柚三代”们，更将家乡的甜美送往全国。同时，依托青山绿水、客家民俗，果园从单一生产空间变为四季可游的消费场景，吸引来一批批游客。从“卖产品”到“卖风景”“卖体验”，产业边界在山水之间不断拓展。
培育壮大乡村特色产业是一场“接力赛”，需要有久久为功的耐心和接续奋斗的定力。上世纪80年代，梅州推进“耕山致富”，鼓励引导群众种柚。40多年来，当地坚持“一张蓝图绘到底”，一代接一代地出台政策、投入资源、培育品牌，让小小柚果发展为联结农户、带动增收的产业，以硕果累累助推“生活更红火”。
“十五五”规划建议提出，“统筹发展科技农业、绿色农业、质量农业、品牌农业，把农业建成现代化大产业。”乡村特色产业扎根乡土、关联民生，承载一方水土的自然禀赋，寄托农民增收的民生期盼，蕴含着农业现代化的巨大潜力。坚持科技、绿色、质量、品牌一体推进，乡村特色产业必将为乡村全面振兴注入强劲动能。
（作者为本报广东分社记者）
品出乡村特色产业的“新味”（现场评论·新春走基层）
程远州《人民日报》（2026年02月09日第 05 版）
政府搭台、企业唱戏、科技赋能、农民参与，不仅形成合作机制，而且在良性运转中为产业发展壮大凝聚合力
乡村特色产业扎根乡土、关联民生，承载一方水土的自然禀赋，寄托农民增收的民生期盼，蕴含着农业现代化的巨大潜力
岭南冬暖，广东梅州梅县区雁洋镇南福金柚种植基地里，农技专家悉心指导，柚农们剪刀飞舞，一棵棵柚树被裁剪成通风透光的“绿色宝塔”状。期待着丰收的柚农黄宏，喜得合不拢嘴：“80亩柚园，亩均利润过万元！”
在人们印象中，土特产往往和高科技相隔甚远。而梅州金柚这种在当地栽种百年的土特产，正颠覆大家的固有认知。在科技赋能、全链延伸、品牌培育等托举下，金柚种植面积达65万亩，全产业链年产值破89亿元，带动10余万百姓增收。
在漫山遍野的柚园里，听两代柚农讲述种柚故事，可以清晰品出乡村特色产业迈向现代化的“新味”。
科技是培育壮大乡村特色产业的引擎。过去，柚农们“看天吃饭”，产量不稳、品质参差，果贱伤农时有发生。如今“靠科技稳收”，测土配方施肥、无病毒苗木培育等技术得到推广；水肥一体化设施、宜机化改造以及防雹网铺设逐步成为柚园标配，精准喷洒农药有无人机、山地运输有轨道车；智能传感器实时监测土壤墒情等数据，智慧农业数字化平台分析后指导柚农科学作业、精细管护……从“凭经验”转向“按参数”，梅州金柚品质更稳定，“好山好水出好柚”的品牌更响亮。
促进科技应用与产业所需“无缝对接”，需要各方共谱协奏曲。针对梅州金柚种植于山地丘陵、机械化水平较低等短板，广东省现代农业装备研究院开展持续攻关，研制出整套农业机械。为选育优质品种，梅县区建成柚类种质资源圃，收集全国152种柚类品系，脱毒梅县金柚原种4个品系，打造柚类“基因库”，与研究机构合作研发金柚无病毒种苗繁育。农技专家蹲在果园里教技术、带徒弟，产业协会为“好柚子”制定明确分级标准。政府搭台、企业唱戏、科技赋能、农民参与，不仅形成合作机制，而且在良性运转中为产业发展壮大凝聚合力。
乡村特色产业现代化，不是单一环节的现代化，而是全产业链的现代化，关键是通过延链、补链、强链，从“单一生产”转向“多元增值”。目前，梅州柚已形成种植、加工、流通、文旅等一二三产业深度融合的全产业链。加工端，开发出柚苷、精油、金柚啤酒、食品添加剂等数十种产品，实现从果皮、海绵层到果肉的全程高值化利用；销售端，除了线下的分级分选、冷链物流，线上直播间里的“柚二代”“柚三代”们，更将家乡的甜美送往全国。同时，依托青山绿水、客家民俗，果园从单一生产空间变为四季可游的消费场景，吸引来一批批游客。从“卖产品”到“卖风景”“卖体验”，产业边界在山水之间不断拓展。
培育壮大乡村特色产业是一场“接力赛”，需要有久久为功的耐心和接续奋斗的定力。上世纪80年代，梅州推进“耕山致富”，鼓励引导群众种柚。40多年来，当地坚持“一张蓝图绘到底”，一代接一代地出台政策、投入资源、培育品牌，让小小柚果发展为联结农户、带动增收的产业，以硕果累累助推“生活更红火”。
“十五五”规划建议提出，“统筹发展科技农业、绿色农业、质量农业、品牌农业，把农业建成现代化大产业。”乡村特色产业扎根乡土、关联民生，承载一方水土的自然禀赋，寄托农民增收的民生期盼，蕴含着农业现代化的巨大潜力。坚持科技、绿色、质量、品牌一体推进，乡村特色产业必将为乡村全面振兴注入强劲动能。
（作者为本报广东分社记者）",评论,https://paper.people.com.cn/rmrb/pc/content/202602/09/../../../content/202602/09/content_30139436.html,2026-02-09,"['特色产业', '乡村', '金柚', '现代化', '科技', '农业', '产业', '培育', '赋能', '梅州金柚']","第05版：评论
本版新闻
人民日报2026年02月09日",政治
“柔”的智慧与“韧”的力量（评论员观察）,"第05版：评论
本版新闻
人民日报2026年02月09日
Mon
春节临近，因工人误把毛绒玩偶嘴角缝反，浙江义乌制造的“笑脸小马”变成委屈巴巴的“哭哭马”，却在网上意外走红。敏锐捕捉到网友的反馈，当地厂商迅速调整策略，将“错版马”转化为热销品，还申请了外观专利。
故事还没结束。厂商短时间内调整生产线，从2条扩至10多条，满负荷运转仍供不应求；老板一句“弄错的工人还没找到，先给所有员工发奖金”，既化解了失误的尴尬，更展现出对市场信号的精准把握。
小小“哭哭马”，折射供给端对需求端的快速响应，映照义乌成熟的产业链生态。这种因势而变、柔韧合一的能力，正是中国经济竞争力的基底，也给推动高质量发展带来启示。
“柔性”的关键是以变应变，用弹性供给对接多元需求，提升产业韧性。柔性生产，打通消费端与生产端，兼顾规模制造的高效率与个性定制的精准性，“微创新、小批量、快迭代”成为亮点。AI眼镜、太阳能风扇帽、喷水雾防晒伞等快速出圈，正是柔性生产重构产业逻辑的生动体现。建立“用户需求—智能设计—柔性生产”全链条数字化体系，将助力中国制造既保有规模优势，更具备品质长板。
“柔性”的特点是精准赋能、灵活适配。不搞“一刀切”，而是因地制宜、因势利导，有利于提升区域经济韧性。针对小型外贸企业小批量、多批次、多品种的海关报关需求，为义乌量身定制市场采购贸易方式。企业报关商品品类超过5种，即可选择简化申报，成就了“单个集装箱能集拼多样商品”的便利。上海推动“信用+风险”分级分类监管，对信用好的企业、风险低的事项最大限度减少现场检查频次，让经营主体不再为“多头检查、重复检查”烦恼。在守住底线前提下为经营主体松绑赋能，有效提升了经济韧性和发展效能。
“柔性”不仅适用于企业管理、产业发展，也有益于社会治理。吉林辽源市，一边新改造停车场，一边以教育劝导为主进行柔性执法，破解大货车停车难题，实现秩序与效率双赢；宁夏，不追求人才隶属关系，而是聚焦于智力服务本身，依托技术指导、学术交流、项目合作等形式开展柔性引才，推动819名特聘专家成果加速转化，并吸引更多本地发展急需的智力资源。平衡好法治的稳定性与政策的灵活性，才能更好实现治理的现代化。
《道德经》有言“天下莫柔弱于水，而攻坚强者莫之能胜”，揭示“柔”中蕴含的持久力量；《周易》贵“变”，强调“穷则变，变则通，通则久”……今日中国经济社会治理中呈现的柔性，体现着中华优秀传统文化在当代的创造性转化与创新性发展。运用这种东方智慧，从车间里的柔性生产，到制度上的精准赋能，再到区域协调发展的协同联动，我们不断增强产业体系的适应性、包容性、抗压性，进而不断增强发展的韧性和适应性。
中国人爱竹，钟爱这份“千磨万击还坚劲，任尔东西南北风”的柔韧。真正的强大，不是固步自封，而是因时而变的从容适配。以柔性拥抱多元、以开放成就共赢，中国经济将穿越周期，始终充满活力。
“柔”的智慧与“韧”的力量（评论员观察）
周珊珊《人民日报》（2026年02月09日第 05 版）
春节临近，因工人误把毛绒玩偶嘴角缝反，浙江义乌制造的“笑脸小马”变成委屈巴巴的“哭哭马”，却在网上意外走红。敏锐捕捉到网友的反馈，当地厂商迅速调整策略，将“错版马”转化为热销品，还申请了外观专利。
故事还没结束。厂商短时间内调整生产线，从2条扩至10多条，满负荷运转仍供不应求；老板一句“弄错的工人还没找到，先给所有员工发奖金”，既化解了失误的尴尬，更展现出对市场信号的精准把握。
小小“哭哭马”，折射供给端对需求端的快速响应，映照义乌成熟的产业链生态。这种因势而变、柔韧合一的能力，正是中国经济竞争力的基底，也给推动高质量发展带来启示。
“柔性”的关键是以变应变，用弹性供给对接多元需求，提升产业韧性。柔性生产，打通消费端与生产端，兼顾规模制造的高效率与个性定制的精准性，“微创新、小批量、快迭代”成为亮点。AI眼镜、太阳能风扇帽、喷水雾防晒伞等快速出圈，正是柔性生产重构产业逻辑的生动体现。建立“用户需求—智能设计—柔性生产”全链条数字化体系，将助力中国制造既保有规模优势，更具备品质长板。
“柔性”的特点是精准赋能、灵活适配。不搞“一刀切”，而是因地制宜、因势利导，有利于提升区域经济韧性。针对小型外贸企业小批量、多批次、多品种的海关报关需求，为义乌量身定制市场采购贸易方式。企业报关商品品类超过5种，即可选择简化申报，成就了“单个集装箱能集拼多样商品”的便利。上海推动“信用+风险”分级分类监管，对信用好的企业、风险低的事项最大限度减少现场检查频次，让经营主体不再为“多头检查、重复检查”烦恼。在守住底线前提下为经营主体松绑赋能，有效提升了经济韧性和发展效能。
“柔性”不仅适用于企业管理、产业发展，也有益于社会治理。吉林辽源市，一边新改造停车场，一边以教育劝导为主进行柔性执法，破解大货车停车难题，实现秩序与效率双赢；宁夏，不追求人才隶属关系，而是聚焦于智力服务本身，依托技术指导、学术交流、项目合作等形式开展柔性引才，推动819名特聘专家成果加速转化，并吸引更多本地发展急需的智力资源。平衡好法治的稳定性与政策的灵活性，才能更好实现治理的现代化。
《道德经》有言“天下莫柔弱于水，而攻坚强者莫之能胜”，揭示“柔”中蕴含的持久力量；《周易》贵“变”，强调“穷则变，变则通，通则久”……今日中国经济社会治理中呈现的柔性，体现着中华优秀传统文化在当代的创造性转化与创新性发展。运用这种东方智慧，从车间里的柔性生产，到制度上的精准赋能，再到区域协调发展的协同联动，我们不断增强产业体系的适应性、包容性、抗压性，进而不断增强发展的韧性和适应性。
中国人爱竹，钟爱这份“千磨万击还坚劲，任尔东西南北风”的柔韧。真正的强大，不是固步自封，而是因时而变的从容适配。以柔性拥抱多元、以开放成就共赢，中国经济将穿越周期，始终充满活力。",评论,https://paper.people.com.cn/rmrb/pc/content/202602/09/../../../content/202602/09/content_30139437.html,2026-02-09,"['柔性', '精准', '赋能', '韧性', '义乌', '适配', '发展', '哭哭', '生产', '小批量']","第05版：评论
本版新闻
人民日报2026年02月09日",政治
多一些“体检思维”（新知）,"第05版：评论
本版新闻
人民日报2026年02月09日
Mon
【现象】前不久，北京市财政局印发《北京市市级支出政策财政绩效评价管理办法》，建立常态化“政策体检”机制。指标怎么定？有政策实施相关性、效率性、效果性和可持续性四个维度。检什么？现行政策和期满拟延续政策全部纳入评价范围，相近相似政策要开展协同评价。怎么检？综合运用现场踏勘、专题座谈、问卷调查等方式，获取全面客观情况，并推动形成“评价—反馈—优化”管理闭环。以“政策体检”推动政策优化、机制完善，类似做法具有启发和借鉴意义。
【点评】
通过对身体的各项指标进行检测，了解掌握身体的健康状况，体检对我们来说并不陌生。但你是否注意到，其内涵、对象在不断拓展延伸。
体检的对象可以是文物——北京市考古研究院有群“文物医生”，借助科技力量给古建“做体检、查病因、治未病”，将“病害”消除在萌芽状态。给文物做体检，让保护举措更精细，助文化瑰宝焕发新生。
也可以是房屋——河南郑州宣布建立“房屋体检、安全管理资金和房屋保险”三项制度，湖南长沙规定经营性自建房经营前必须“体检”。给老房子“把脉问诊”，城市更新有抓手，“住有优居”有方向。
再看“法规体检”。针对《物业管理条例》中多处规定与民法典不一致，部分规定过于原则、不够健全、难以满足物业管理现实需要等问题，全国人大常委会法工委积极推动《物业管理条例》修订工作。法律法规查漏补缺，擦亮为民底色，夯实法治基石。
明者图之于未萌，智者虑之于未有。通过体检对可能出现的问题进行预判，提前发现苗头性、倾向性问题，及时介入，意味着解决问题过程更简单、成本更低、效果更好，能赋予体检主体更大的自主权、主动权、选择权。
如果说当下体检受到越来越多人重视的背后是全周期健康管理意识的不断增强，那么体检概念在城市更新、文物保护、营商环境、民生保障等领域的“能见度”不断提高，则体现了一种治理的方法和智慧。
培养前瞻视野，抓前端、治未病。“十四五”时期，新时代“枫桥经验”助力浙江化解各类矛盾纠纷超1655万件。“枫桥经验”之所以历久弥新、成效显著，一个重要原因是防范在先、发现在早、处置在小，这也是最经济、最有效的解题策略。
强化系统观念，放大政策乘数效应。中央经济工作会议强调“将各类经济政策和非经济政策、存量政策和增量政策纳入宏观政策取向一致性评估”，“评估”也可视作一种体检。从小处观察，一个制度规章、政策文件往往由许多具体规定、要求组成，它们之间不能彼此矛盾、互相抵牾，否则必然影响执行效果。从大处着眼，当前我国发展环境面临深刻复杂变化，政策工具箱越来越丰富，同时，政策越多越怕相互打架，越要注重防范解决“合成谬误”等问题。以系统观念破题，才能确保各类制度规章、政策措施同向发力、形成合力。
还有就是效果导向。政策出台不能一出了之，还需常态化跟踪“体检”，符合预期的，持之以恒抓好落实，不如人意的，及时查找问题、打好“补丁”、优化完善。确保政策、制度不偏离解决问题、推动工作的方向初衷，方能以实绩实效取信于民。
于身体，体检不走过场，健康更有保障。于发展，做好政策评估，高质量发展底色更鲜亮。于作风，秉持“检身若不及”的自觉，能帮助提升思想境界、保持政治本色。由此而言，不妨多一些“体检思维”，在对照、反思、改进中不断打开事业发展新天地。
多一些“体检思维”（新知）
邹  翔《人民日报》（2026年02月09日第 05 版）
【现象】前不久，北京市财政局印发《北京市市级支出政策财政绩效评价管理办法》，建立常态化“政策体检”机制。指标怎么定？有政策实施相关性、效率性、效果性和可持续性四个维度。检什么？现行政策和期满拟延续政策全部纳入评价范围，相近相似政策要开展协同评价。怎么检？综合运用现场踏勘、专题座谈、问卷调查等方式，获取全面客观情况，并推动形成“评价—反馈—优化”管理闭环。以“政策体检”推动政策优化、机制完善，类似做法具有启发和借鉴意义。
【点评】
通过对身体的各项指标进行检测，了解掌握身体的健康状况，体检对我们来说并不陌生。但你是否注意到，其内涵、对象在不断拓展延伸。
体检的对象可以是文物——北京市考古研究院有群“文物医生”，借助科技力量给古建“做体检、查病因、治未病”，将“病害”消除在萌芽状态。给文物做体检，让保护举措更精细，助文化瑰宝焕发新生。
也可以是房屋——河南郑州宣布建立“房屋体检、安全管理资金和房屋保险”三项制度，湖南长沙规定经营性自建房经营前必须“体检”。给老房子“把脉问诊”，城市更新有抓手，“住有优居”有方向。
再看“法规体检”。针对《物业管理条例》中多处规定与民法典不一致，部分规定过于原则、不够健全、难以满足物业管理现实需要等问题，全国人大常委会法工委积极推动《物业管理条例》修订工作。法律法规查漏补缺，擦亮为民底色，夯实法治基石。
明者图之于未萌，智者虑之于未有。通过体检对可能出现的问题进行预判，提前发现苗头性、倾向性问题，及时介入，意味着解决问题过程更简单、成本更低、效果更好，能赋予体检主体更大的自主权、主动权、选择权。
如果说当下体检受到越来越多人重视的背后是全周期健康管理意识的不断增强，那么体检概念在城市更新、文物保护、营商环境、民生保障等领域的“能见度”不断提高，则体现了一种治理的方法和智慧。
培养前瞻视野，抓前端、治未病。“十四五”时期，新时代“枫桥经验”助力浙江化解各类矛盾纠纷超1655万件。“枫桥经验”之所以历久弥新、成效显著，一个重要原因是防范在先、发现在早、处置在小，这也是最经济、最有效的解题策略。
强化系统观念，放大政策乘数效应。中央经济工作会议强调“将各类经济政策和非经济政策、存量政策和增量政策纳入宏观政策取向一致性评估”，“评估”也可视作一种体检。从小处观察，一个制度规章、政策文件往往由许多具体规定、要求组成，它们之间不能彼此矛盾、互相抵牾，否则必然影响执行效果。从大处着眼，当前我国发展环境面临深刻复杂变化，政策工具箱越来越丰富，同时，政策越多越怕相互打架，越要注重防范解决“合成谬误”等问题。以系统观念破题，才能确保各类制度规章、政策措施同向发力、形成合力。
还有就是效果导向。政策出台不能一出了之，还需常态化跟踪“体检”，符合预期的，持之以恒抓好落实，不如人意的，及时查找问题、打好“补丁”、优化完善。确保政策、制度不偏离解决问题、推动工作的方向初衷，方能以实绩实效取信于民。
于身体，体检不走过场，健康更有保障。于发展，做好政策评估，高质量发展底色更鲜亮。于作风，秉持“检身若不及”的自觉，能帮助提升思想境界、保持政治本色。由此而言，不妨多一些“体检思维”，在对照、反思、改进中不断打开事业发展新天地。",评论,https://paper.people.com.cn/rmrb/pc/content/202602/09/../../../content/202602/09/content_30139438.html,2026-02-09,"['体检', '政策', '物业管理', '城市更新', '治未病', '效果', '枫桥', '文物', '北京市', '推动']","第05版：评论
本版新闻
人民日报2026年02月09日",政治
图片报道,"第05版：评论
本版新闻
人民日报2026年02月09日
Mon
四川自贡组织灯会，广东推出剪纸体验，甘肃举办社火表演……春节临近，多地非遗民俗展演轮番亮相，生动展现着各具特色的风土人情。非遗民俗与文旅体验深度交融，为新春旅游市场注入了浓郁的文化底色，让人们能在沉浸式体验中触摸传统文化的脉搏，品味醇厚地道的年味。
这正是：
花灯耀九州，
舞狮醉眼眸。
同赏非遗游，
讨来好彩头。
杨  羽文
图片报道
《人民日报》（2026年02月09日第 05 版）
四川自贡组织灯会，广东推出剪纸体验，甘肃举办社火表演……春节临近，多地非遗民俗展演轮番亮相，生动展现着各具特色的风土人情。非遗民俗与文旅体验深度交融，为新春旅游市场注入了浓郁的文化底色，让人们能在沉浸式体验中触摸传统文化的脉搏，品味醇厚地道的年味。
这正是：
花灯耀九州，
舞狮醉眼眸。
同赏非遗游，
讨来好彩头。
杨  羽文",评论,https://paper.people.com.cn/rmrb/pc/content/202602/09/../../../content/202602/09/content_30139439.html,2026-02-09,"['体验', '民俗', '好彩头', '展演', '05', '2026', '02', '09', '多地', '非遗']","第05版：评论
本版新闻
人民日报2026年02月09日",经济
来论,"第05版：评论
本版新闻
人民日报2026年02月09日
Mon
服务升级，温暖春运进行时
河南省郑州市  胡会东
2月2日，2026年春运正式启动。预计95亿人次的跨区域流动，既是对交通能力的考验，也是对服务质效的检验。
前不久，受强降雪天气影响，部分列车出现晚点。对此，多地车站以精细化服务破题。有的构建“立体化”发布体系，让权威信息“跑在疑问前”；有的组建“先锋答疑队”，主动为旅客现场解惑；有的成立供餐应急队伍，确保乘客吃上热乎饭……细节处见温度、细微处显担当，这些用心的举措，有效纾解了晚点焦虑，驱散了出行寒意，让归途暖意融融。
以前的春运重在“保畅通”，现在更追求“优服务”，努力以个性化举措满足差异化需求，逐渐实现从“走得了”到“走得好”的跨越。比如在今年，面对新能源汽车充电问题，交通运输部门梳理重点服务区清单，“一区一策”制定保障方案；升级小程序，确保车主能实时查询充电桩状态。针对越来越多的老年人出行，国铁集团推出60岁及以上旅客电话订票服务，国航、南航等在官网和小程序设置无障碍功能。靠前一步、想深一层、多做一分，便民的底色会更浓，暖心的温度会更足。
春运的旅程，终将抵达团圆的终点；服务的升级，则是一场永不停歇的奔赴。以更精细的举措回应更高期待，“流动中国”的画卷定会更加美丽动人。
AI赋能，让孩子更好成长
北京市朝阳区  思  来
前段时间，教育部有关委员会发布《教师生成式人工智能应用指引（第一版）》，这是国家层面首份专门针对教师群体的生成式人工智能应用规范。
2025年8月国务院印发的《关于深入实施“人工智能+”行动的意见》提出，“把人工智能融入教育教学全要素、全过程”。由此而言，对于AI，今天我们要讨论的已经不是用不用，而是如何用好。
一方面，要善用AI所长，AI能够高效完成海量的信息搜集、简单的批改指导等任务，将教师和家长从大量重复性劳动中解放出来，教师得以将更多精力用于激发创造力的互动、进行个性化的学习引导。另一方面，也需要引导孩子合理使用AI，不能把本应完成的学习任务都扔给AI，同时还要涵养不被“AI幻觉”误导、葆有独立思考的能力。
“习礼于树下，言志于农山，游于舞雩，叹于川上”，2000多年前，孔子与弟子“各言其志”，至今仍散发着教育的本真光芒。课堂上师生间的灵光一闪，同学间合作探究的欢声笑语，父母子女的深度探讨交流，这些情感的温度与思维的共鸣，是AI无法生成或复制的精髓。不妨以开放而审慎的态度拥抱AI，让技术真正服务于成长，让每个孩子都能在智能时代成为更好的自己。
来论
《人民日报》（2026年02月09日第 05 版）
服务升级，温暖春运进行时
河南省郑州市  胡会东
2月2日，2026年春运正式启动。预计95亿人次的跨区域流动，既是对交通能力的考验，也是对服务质效的检验。
前不久，受强降雪天气影响，部分列车出现晚点。对此，多地车站以精细化服务破题。有的构建“立体化”发布体系，让权威信息“跑在疑问前”；有的组建“先锋答疑队”，主动为旅客现场解惑；有的成立供餐应急队伍，确保乘客吃上热乎饭……细节处见温度、细微处显担当，这些用心的举措，有效纾解了晚点焦虑，驱散了出行寒意，让归途暖意融融。
以前的春运重在“保畅通”，现在更追求“优服务”，努力以个性化举措满足差异化需求，逐渐实现从“走得了”到“走得好”的跨越。比如在今年，面对新能源汽车充电问题，交通运输部门梳理重点服务区清单，“一区一策”制定保障方案；升级小程序，确保车主能实时查询充电桩状态。针对越来越多的老年人出行，国铁集团推出60岁及以上旅客电话订票服务，国航、南航等在官网和小程序设置无障碍功能。靠前一步、想深一层、多做一分，便民的底色会更浓，暖心的温度会更足。
春运的旅程，终将抵达团圆的终点；服务的升级，则是一场永不停歇的奔赴。以更精细的举措回应更高期待，“流动中国”的画卷定会更加美丽动人。
AI赋能，让孩子更好成长
北京市朝阳区  思  来
前段时间，教育部有关委员会发布《教师生成式人工智能应用指引（第一版）》，这是国家层面首份专门针对教师群体的生成式人工智能应用规范。
2025年8月国务院印发的《关于深入实施“人工智能+”行动的意见》提出，“把人工智能融入教育教学全要素、全过程”。由此而言，对于AI，今天我们要讨论的已经不是用不用，而是如何用好。
一方面，要善用AI所长，AI能够高效完成海量的信息搜集、简单的批改指导等任务，将教师和家长从大量重复性劳动中解放出来，教师得以将更多精力用于激发创造力的互动、进行个性化的学习引导。另一方面，也需要引导孩子合理使用AI，不能把本应完成的学习任务都扔给AI，同时还要涵养不被“AI幻觉”误导、葆有独立思考的能力。
“习礼于树下，言志于农山，游于舞雩，叹于川上”，2000多年前，孔子与弟子“各言其志”，至今仍散发着教育的本真光芒。课堂上师生间的灵光一闪，同学间合作探究的欢声笑语，父母子女的深度探讨交流，这些情感的温度与思维的共鸣，是AI无法生成或复制的精髓。不妨以开放而审慎的态度拥抱AI，让技术真正服务于成长，让每个孩子都能在智能时代成为更好的自己。",评论,https://paper.people.com.cn/rmrb/pc/content/202602/09/../../../content/202602/09/content_30139440.html,2026-02-09,"['AI', '春运', '人工智能', '服务', '教师', '生成式', '2026', '举措', '晚点', '升级']","第05版：评论
本版新闻
人民日报2026年02月09日",政治
见证“电力供应超市”托举力（纵横）,"第05版：评论
本版新闻
人民日报2026年02月09日
Mon
某次调研活动中，一家芯片半导体企业负责人的话令笔者印象深刻：生产线停电不能超过180毫秒，否则某台智能精密设备就可能损坏，订购设备、调试安装、投产运营则大约要花18个月时间。
停电180毫秒，就可能导致停产18个月。这印证了一个事实：电力供应对于企业生产、经济发展具有重要意义。这就不难理解，为何世界银行在营商环境评估中，会将“获得电力”作为衡量营商环境的一个核心指标。
电力兴，则经济兴。我们很欣喜地看到，2025年我国全社会用电量达10.4万亿千瓦时，该数字在全球单一国家中尚属首次。
这一里程碑事件背后，矗立着一个巨大的“电力供应超市”——
这里坐拥全球规模最大的清洁发电体系：山河湖海中转动的巨大叶片，西部荒漠巍然壮观的太阳能板，让风光水流化作取之不尽的“巨型充电宝”。
这里更有全球最复杂的“电力连锁网络”：西电东送、北电南供，从陇东到山东，从青海到广东，一条条特高压大动脉实现了海量电源与千家万户间的“毫秒级闪送”。遍布城乡的充电桩网络，为新能源汽车普及提供了坚实支撑。正是这个稳定高效的电力网络，托举起中国制造业的澎湃动能。
可以说，制造业的发展史，也是一部电力工业的发展史。1996年我国用电量首破1万亿千瓦时，工业化加速起步。2011年我国成为电力第一大国后，制造业增加值连续成为全球第一。2025年，第二产业用电量占比约64%，再次有力彰显了“电力强，则产业强”的铁律。
如今，“电力供应超市”的支撑作用不断拓展，不仅支撑传统制造业，也撬动新产业新业态的发展。
场景创新已成为新动能的重要驱动力。无论是哈尔滨冰雪大世界的霓虹幻彩、全运会开幕式的“鱼龙舞”，还是城市夜空惊艳的无人机表演，电力正在转化为更优质的产品与体验。
2025年，我国第三产业用电量近2万亿千瓦时，占比升至约19.2%。充换电服务、信息技术服务用电的快速增长，标志着新增电量正加速流向新场景、新生活，更好满足人民群众的美好生活需要。
如今，许多产业园区正在做一件不起眼却很关键的事：将单回路供电改造为双回路供电。这不仅是为了保供，更是为企业的数智化转型提供“双保险”。这将为“十五五”时期构建以先进制造业为骨干的现代化产业体系保驾护航。
展望未来，随着全国统一电力市场加快建设，电力作为资源“调节器”和价格“指挥棒”的作用将进一步显现。届时，这个全球最大的“电力供应超市”定会绽放出现代化的新精彩。
（摘编自《广州日报》，原题为《电力超市：绽放世界的花样年华》）
见证“电力供应超市”托举力（纵横）
刘金山《人民日报》（2026年02月09日第 05 版）
某次调研活动中，一家芯片半导体企业负责人的话令笔者印象深刻：生产线停电不能超过180毫秒，否则某台智能精密设备就可能损坏，订购设备、调试安装、投产运营则大约要花18个月时间。
停电180毫秒，就可能导致停产18个月。这印证了一个事实：电力供应对于企业生产、经济发展具有重要意义。这就不难理解，为何世界银行在营商环境评估中，会将“获得电力”作为衡量营商环境的一个核心指标。
电力兴，则经济兴。我们很欣喜地看到，2025年我国全社会用电量达10.4万亿千瓦时，该数字在全球单一国家中尚属首次。
这一里程碑事件背后，矗立着一个巨大的“电力供应超市”——
这里坐拥全球规模最大的清洁发电体系：山河湖海中转动的巨大叶片，西部荒漠巍然壮观的太阳能板，让风光水流化作取之不尽的“巨型充电宝”。
这里更有全球最复杂的“电力连锁网络”：西电东送、北电南供，从陇东到山东，从青海到广东，一条条特高压大动脉实现了海量电源与千家万户间的“毫秒级闪送”。遍布城乡的充电桩网络，为新能源汽车普及提供了坚实支撑。正是这个稳定高效的电力网络，托举起中国制造业的澎湃动能。
可以说，制造业的发展史，也是一部电力工业的发展史。1996年我国用电量首破1万亿千瓦时，工业化加速起步。2011年我国成为电力第一大国后，制造业增加值连续成为全球第一。2025年，第二产业用电量占比约64%，再次有力彰显了“电力强，则产业强”的铁律。
如今，“电力供应超市”的支撑作用不断拓展，不仅支撑传统制造业，也撬动新产业新业态的发展。
场景创新已成为新动能的重要驱动力。无论是哈尔滨冰雪大世界的霓虹幻彩、全运会开幕式的“鱼龙舞”，还是城市夜空惊艳的无人机表演，电力正在转化为更优质的产品与体验。
2025年，我国第三产业用电量近2万亿千瓦时，占比升至约19.2%。充换电服务、信息技术服务用电的快速增长，标志着新增电量正加速流向新场景、新生活，更好满足人民群众的美好生活需要。
如今，许多产业园区正在做一件不起眼却很关键的事：将单回路供电改造为双回路供电。这不仅是为了保供，更是为企业的数智化转型提供“双保险”。这将为“十五五”时期构建以先进制造业为骨干的现代化产业体系保驾护航。
展望未来，随着全国统一电力市场加快建设，电力作为资源“调节器”和价格“指挥棒”的作用将进一步显现。届时，这个全球最大的“电力供应超市”定会绽放出现代化的新精彩。
（摘编自《广州日报》，原题为《电力超市：绽放世界的花样年华》）",评论,https://paper.people.com.cn/rmrb/pc/content/202602/09/../../../content/202602/09/content_30139441.html,2026-02-09,"['电力', '电力供应', '超市', '用电量', '万亿千瓦时', '2025', '制造业', '毫秒', '全球', '180']","第05版：评论
本版新闻
人民日报2026年02月09日",政治
本版责编：李  拯  彭  飞  常  晋,"第05版：评论
本版新闻
人民日报2026年02月09日
Mon
本版邮箱：rmrbpl@peopledaily.cn （来稿请注明栏目名）",评论,https://paper.people.com.cn/rmrb/pc/content/202602/09/../../../content/202602/09/content_30139442.html,2026-02-09,"['本版', '责编', '来稿', '05', '2026', '02', '09', 'Mon', 'rmrbpl', 'peopledaily']","第05版：评论
本版新闻
人民日报2026年02月09日",评论
双手托起幸福  奋斗成就梦想（新春走基层）,"第06版：要闻
本版新闻
人民日报2026年02月09日
Mon
坐上高铁回延安
本报记者  贾丰丰
春节前夕，记者坐上西安北至延安的G2110次高铁。
“咱们这车，每分钟最快能跑5.8公里。”国铁西安局西安客运段列车长刘可意是地道的陕北姑娘，在开往家乡的高铁上工作，话语中满是自豪。
记者一落座，就遇上个热情的邻座大哥，句句不离这高铁。“县城在塬上，以前的火车站在塬下，30多里路要走好久。一下雪，哪也去不了，耽搁了不少生意！”家住延安洛川县的杜大哥，卖了15年苹果。
“高铁一通，车站就在家门口，我一个月跑了8趟西安。”他嗓门亮，说话像唱歌，“还有3拨客户坐高铁来洛川，到园里看果树、到冷库选果形。果子卖得好，收入翻了倍！”
洛川站的高铁快运业务开通后，洛川苹果将实现“早上采摘，下午达西安和北京，24小时至粤港澳”，运输损耗率也从15%下降到2%以下。如今，洛川正以高铁站为中心，规划建设冷链物流仓储、农产品展销中心等配套设施。洛川苹果、延安小米、黄龙蜂蜜……延安土特产乘着高铁走出老区、走向全国。
陕北人爽快，话匣子一开，整个车厢都热闹起来。斜对座的张喜民听见乡音，也探过身来。
“在北京当保安10年了，以前回家绿皮车‘咣当’一天，如今高铁直达，感觉家是越来越近了！”张喜民今年特意坐高铁回家过年。
为迎接八方客，延安站备好红色旅游路线图、服务手册；金延安、乾坤湾等景区，凭高铁票享优惠；“高铁+住宿”“高铁+滑雪”套餐让游客得实惠……国铁西安局延安车务段延安车站党支部书记艾绍兵介绍，随着西延高铁的开通，延安今年游客接待量有望突破5000万人次。
一个小时，很快。伴随着《山丹丹开花红艳艳》的旋律，列车到站提示音响起，蓝格莹莹的天空下，厚重崭新的延安城、火红热闹的中国年，就在眼前……
一场跨越城市的协同攻关
本报记者  王伟健
新春将至，年味渐浓。走进江苏苏州华兴源创科技股份有限公司的研发车间，工程师们步履匆匆，一场跨越城市的协同攻关正在节前加速冲刺。
华兴源创半导体事业部市场总监黄龙刚刚结束海外出差，风尘仆仆地赶回公司。这几天，黄龙的手机不时响起，其中不少电话来自上海艾为电子车规测试实验中心总经理贾六伟。电话那头，贾六伟同样忙碌。双方合作开发的两款射频与数模混合芯片已在2025年实现量产，目前正联合攻关第三款AI芯片。
这个汇聚了12家产业链上下游企业及高校、科研院所的创新联合体，如今正瞄准高端数字和数模混合芯片测试这一“卡脖子”领域，开展协同攻坚。
创新联合体的深度融合，体现在日常研发的每一个细节中。研发车间里，测试台屏幕上正实时跳动着来自上海艾为电子车规测试实验中心的数据流。一场围绕高精度模拟芯片测试方案的联合调试，已在两地同步进行了数日。双方建立了一个跨部门专项对接群，包含研发、销售、项目管理人员，随时提出问题、即时响应。“这种高频、透明的沟通机制，让技术攻关跑出了‘加速度’。”黄龙说。
人才协同亦是创新联合体的重要抓手。成员单位共同搭建人才联合培养体系，编写教材、培育实战型行业人才，华兴源创与南京邮电大学合编的《集成电路可测性设计与测试实践》教材，融入了艾为电子等企业提供的真实案例。
窗外，节前的苏州已张灯结彩；窗内，攻坚的节奏依然紧凑。对于黄龙和他的同事们而言，这个春节，选择坚守与奉献，就是为了让行业有更光明的未来。
“必须要走自主创新之路。单打独斗力量有限，只有‘握指成拳’，才能实现‘从1到N’的跨越。”谈及未来，黄龙目光笃定。
民宿带来新变化
本报记者  刘以晴
北风呼啸，吉林白山抚松县兴隆乡南天门村民宿内热气腾腾，民宿经营者刘丁齐热情招呼着刚从广东来的客人；厨房里，土灶添柴噼啪爆响，厨师徐淑梅拆骨剁肉，正在做酸菜炖猪肉，锅里冒出阵阵香气。
从前的兴隆乡，“年轻人出去打工，老人守着几亩田，日子过得紧巴巴的。”徐淑梅回忆。直到2021年，刘丁齐返乡，把自家老宅改建成民宿，带来了新变化。
起初，刘丁齐和丈夫挨家挨户拜访村民，手艺好的聘成厨师，身段好的参加秧歌队，还开发了冰上项目，促进民宿发展。刘丁齐说，民宿帮厨一个月工资3500元，大家不离村不离家就能有不错的收入。去年收入近5万元，徐淑梅心里乐开了花。
随着冰雪经济发展，民宿客流也越来越多，刘丁齐有心扩建，可钱从哪来？“可以申评全国乙级旅游民宿，评上了有扶持资金。”去年夏天，抚松县文化广播电视和旅游局工作人员扎进村子，帮着一起想办法。
评级有啥要求？工作人员和刘丁齐一块，先逐户排查安全隐患，又进行房间规范管理。接着，还新增了黄泥电炕，增加游客体验的同时还环保。今年1月，刘丁齐收到了民宿入选的好消息。
“乡村民宿不能只是游客‘歇个脚’的地方。”抚松县文化广播电视和旅游局党组书记刘本琪说，抚松县出台民宿管理办法，推动民宿产业高质量发展。目前，全县有民宿49家，13家民宿入选全省丙级旅游民宿候选名单。
为提升民宿的文化味儿，抚松县对接非遗代表性传承人，结合不同民宿所在地区、装修风格、主要客流等特点，推动人参采挖、森工文化、陶土艺术等64项非遗走进民宿，提供非遗展示、体验等服务。
“起锅，贴饼子！”天色渐沉，刘丁齐大声招呼顾客下来吃饭。“大家一起使劲，让日子更红火。”刘丁齐对记者说。
驿站解决货车司机“三难”
王  洲  陈  锐
又到一年春运时。距离北京首都机场航站楼3公里的货运区一派热闹景象：大大小小的货车往来穿梭，忙着运输货物。
临近中午12点，货车司机罗亿群忙完了活，把车停稳、熄火，他走进位于货运区大门一侧的“和枫驿站”，一阵暖意扑面而来。
这个用活动板房拼成的144平方米的驿站，由首都机场公安局牵头开设，于2025年6月正式投用，实打实解决了货车司机的“三难”。
首先是“吃饭难”。“今天有土豆烧牛肉，罗师傅快来！”驿站工作人员魏杰热情招呼。“以前这个时间，要么啃冷馒头，要么饿着肚子继续跑车。”罗亿群说。“针对司机就餐难问题，驿站联系货场企业食堂以优惠价格提供午餐，14块钱就能吃到两荤两素，主食管够，饮料免费。”负责驿站日常管理的民警谢天说。
其次是“休息难”。过去，偌大的货运区，除了驾驶室，司机们没有落脚地。来自河南的司机吴俊华在这干了10多年：“车里夏天热得像蒸笼，冬天冷得直哆嗦，想接杯水都十分不便。”现在，驿站里空调、热水等一应俱全。
“打印难”也曾让很多司机叫苦不迭。“货运区超四成是国际业务。我们运输前需要打印提货单、海关报关单等单据。”吴俊华说，过去为了这几张单据，他们得开着十几吨重的货车到航站楼附近找打印店，来回一趟就要三四十分钟。现在驿站进门处，一台打印机破解了难题。
一件件看似琐碎的小事，却是困扰货运司机们多年的问题。精准解决，靠的是首都机场公安局会同首都机场临空区管委会、首都机场海关及各驻场单位开展的深入调研。“去年上半年，多个部门的工作人员来找我们，问我们需要什么。后来真把咱们的事给记着、给办了。”货车司机李志强笑着说，“现在，咱在货运区也有了家！”
物流跑出“科技范儿”
本报记者  孙海天
“大家看，这就是从泰国进口的金枕榴莲冻肉，正在我们的无菌车间进行精细化加工处理！”
2月3日，海南三亚暖意融融。位于三亚鹿城大道上的佳翔物流产业小镇，加工车间里一派火热。隔着巨大的透明玻璃，主播正对着手机镜头，向直播间里的观众展示一条特殊的“年货生产线”。
生产线上，一颗颗进口榴莲冻肉经过人工精细筛选去杂质、称重、金属检测、包装、急冻等环节，锁住鲜度。
“物流跑得顺不顺，直接关系到老百姓的年过得好不好。”海南佳翔集团董事长陈嘉能介绍，“这是海南自贸港全岛封关运作后的第一个春节，我们园区不打烊。”
穿过加工区，便是园区的冷链仓储区。一排排高耸的货架上，加工好的成品榴莲冻肉与海南本地的农渔产品、来自全球各地的冻品分类码好，等待发货。“以前我们主要做航空货运、农产品批发，现在以物流产业小镇为载体，打造‘生产+仓储+加工+贸易’一条龙体系。”陈嘉能说。
漫步物流小镇，能感受到扑面而来的“绿意”与“科技”。连片的屋顶上，深蓝色的光伏板在阳光下熠熠生辉。“我们全力打造零碳园区，屋顶光伏装机容量达到9.6兆瓦。”陈嘉能介绍。
眼下，园区的一、二、三期已全面运营，四期农工贸融合示范园也投入了使用。陈嘉能说，这里将建成高标准智慧仓储设施，通过数字化管理系统，实现货物进出的精准管控和高效流转，“以前物流只靠车和人，现在靠的是数据和智能设备。”
“距离高速路口车程1分钟、距离机场车程5分钟，我们处在物流的黄金十字路口。”陈嘉能说，未来园区还将探索无人机物流等低空经济新业态，“封关运作让海南的大门开得更大了，我们的物流路也越走越宽！”
夕阳西下，园区内的灯光亮起，一辆辆满载货物的物流车缓缓驶出，汇入三亚环岛高速的车流中，奔向机场、港口，将产品送往千家万户。
受灾群众的温暖年
本报记者  吴  勇  李祉瑶
内蒙古呼和浩特土默特左旗北什轴乡主根岱村，推开村民李小军家的新房房门，暖烘烘的空气扑面而来，窗玻璃上蒙着淡淡的水汽。
“快进屋，外头冷，屋里热乎！”李小军满脸笑意地将记者迎进屋。这座78平方米的大瓦房宽敞明亮，新式墙壁防潮隔板擦得一尘不染，客厅正中央摆放着红彤彤的年宵花。
很难想象，半年前的李小军家是另一番景象。2025年7月，一场罕见的强降雨来袭，土默特左旗多个地势低洼村庄出现严重积水，主根岱村也未能幸免。
“原来住的房子被洪水一泡，墙体开裂，整体下沉，根本没法住。”回想当时的场景，李小军仍心有余悸。加上之前，妻子得了重病，日子越发困难。“那时候看着快垮塌的房子，觉着日子没奔头了。”李小军说。
关键时刻，当地的一项政策托住了李小军的家。“决不能让受灾群众在寒冬里受冻！”灾情发生后，土默特左旗启动了应急响应机制。“我们在摸排中了解到李小军家的特殊困难情况，立即将其纳入重点监测户，启动精准帮扶。”北什轴乡副乡长赵楠说。
“从规划选址，到9月推倒旧房，再到10月下旬完工，连炕和灶台都给盘好了，我们自己就添置了点家具家电。”李小军说。为了让这个困难家庭过个暖冬，乡里还协调电力部门加装了电采暖设备。
面对全旗12509户房屋受损、基础设施多处损毁的严峻考验，当地住建部门引入第三方机构，对每一户受损房屋进行科学鉴定，分级分类制定修缮重建方案；通过“以工代赈”，组织受灾群众参与重建，既修了房又增了收。
主根岱村党支部书记张在军介绍，2025年主根岱村已有34户受灾群众的房屋完成改造重建。
临近傍晚，李小军把刚出锅的饭菜端上桌，一家人围坐桌前，满是对新一年美好生活的憧憬。
守好急救生命线
本报记者  刘军国
二十三，糖瓜粘；二十四，扫房子……“这还没到二十四，搞大扫除乱用清洁剂导致中毒送来抢救的，已有好几例。”2月7日，凌晨1时40分。在抢救室门口张望了好几次后，记者终于“堵”到了刚交完班的童娅玲。
“都是急诊工作，没啥可说的。”没等记者开口，她抢先给采访定了调。这里是浙江大学医学院附属第一医院急诊科。
年味越来越浓，童娅玲的弦也越绷越紧：“84消毒液和酒精、洁厕灵等混用会产生氯气、氯仿；管道疏通剂直接‘怼’进马桶，会让污水瞬间沸腾，溅到皮肤和眼睛就麻烦了……”
话没说完，电话响起：“17床血压异常！”童娅玲赶忙折回了抢救室。
坐上回家的网约车，已是拂晓。车上，采访继续。
从前一天傍晚开始，一大家子十几口人陆续被救护车送来。转运床的车轮声、医护人员的脚步声、监护仪的嘀嘀声，此起彼伏。“呼吸困难、眼刺痛……”童娅玲必须根据有限的信息，迅速采取急救措施，“窒息性气体中毒，保持呼吸道畅通，必要时气管插管。”
急诊就是这样，吃经验。等检查结果都出来再做判断，往往就晚了。
随后，报告单上的数据和患者断断续续的讲述，印证了童娅玲的判断。这户人家常年在通风不畅的地窖自酿米酒。为了准备团圆饭，老两口下窖取酒，结果硫化氢中毒，前去救人的亲戚也不同程度中毒。
“经过抢救，他们都转危为安了。”累归累，每当挽救生命后，童娅玲就觉得工作很有价值。
“我老家在义乌，从杭州开车也就2个小时，但一年到头也回不去一次。”童娅玲说，“急诊科的工作特点是患者发病急骤、病情凶险。我们严阵以待，守的是老百姓的生命防线。”
一个月前排春节值班，童娅玲再次主动请缨。今年，她将第二十一次在急诊室度过春节。
村民成了“老戏骨”
本报记者  刘鑫焱  郑洋洋
山西临汾市尧都区一户农家小院里，42岁的村民韩国强一身西装，梳着大背头，对着镜头中气十足地说台词。这里正在拍摄一场微短剧的新春戏，他扮演男主角的父亲。
这是韩国强参与拍摄的第三十部微短剧，如今，他已是小有名气的特约演员，日薪能有几百元。“档期排得满满当当，一直要忙到除夕！”他笑着说。
这样的日子，韩国强在以前可不敢想。他过去四处打零工，很辛苦却收入不高。半年前，他听说市里正发展微短剧产业，开发区的拍摄基地大量招募群众演员，不限学历。抱着试试看的心态，韩国强加入了招聘群。
“急需一名‘保镖’角色。”群里很快来了消息，韩国强照了照镜子，觉得自己的形象挺合适，果断发了照片。
第一次面对镜头，他紧张得大脑一片空白。好在导演耐心引导，一遍遍讲戏。随着拍摄机会增多，他渐渐从容，从没台词的路人，到戏份越来越重的“老戏骨”，戏路也越来越宽。
如今，随着基地剧组增多，越来越多村民加入演出，角色储备也丰富起来。
走进临汾开发区微短剧基地大楼，七层空间被改造为医院、警务室、法庭等多个室内实景片场。房间内，演员们在认真对戏。
“2024年，临汾瞄准微短剧新赛道，全力打造了这个基地。”基地负责人宋军介绍，这里原是一座闲置多年的烂尾楼，如今成功盘活，“随着几家大型制作公司入驻，经纪公司、导演、演员自然聚集，产业链条不断延伸，创造了更多本地就业岗位。”目前，基地已入驻90多家公司，拍摄微短剧300多部，本地群众演员规模超万人。
夕阳西下，韩国强的戏份顺利杀青。“快过年了，腰包鼓了，我要给娃买两身新衣裳，过个欢喜年！”他高兴地对记者说。
双手托起幸福  奋斗成就梦想（新春走基层）
《人民日报》（2026年02月09日第 06 版）
坐上高铁回延安
本报记者  贾丰丰
春节前夕，记者坐上西安北至延安的G2110次高铁。
“咱们这车，每分钟最快能跑5.8公里。”国铁西安局西安客运段列车长刘可意是地道的陕北姑娘，在开往家乡的高铁上工作，话语中满是自豪。
记者一落座，就遇上个热情的邻座大哥，句句不离这高铁。“县城在塬上，以前的火车站在塬下，30多里路要走好久。一下雪，哪也去不了，耽搁了不少生意！”家住延安洛川县的杜大哥，卖了15年苹果。
“高铁一通，车站就在家门口，我一个月跑了8趟西安。”他嗓门亮，说话像唱歌，“还有3拨客户坐高铁来洛川，到园里看果树、到冷库选果形。果子卖得好，收入翻了倍！”
洛川站的高铁快运业务开通后，洛川苹果将实现“早上采摘，下午达西安和北京，24小时至粤港澳”，运输损耗率也从15%下降到2%以下。如今，洛川正以高铁站为中心，规划建设冷链物流仓储、农产品展销中心等配套设施。洛川苹果、延安小米、黄龙蜂蜜……延安土特产乘着高铁走出老区、走向全国。
陕北人爽快，话匣子一开，整个车厢都热闹起来。斜对座的张喜民听见乡音，也探过身来。
“在北京当保安10年了，以前回家绿皮车‘咣当’一天，如今高铁直达，感觉家是越来越近了！”张喜民今年特意坐高铁回家过年。
为迎接八方客，延安站备好红色旅游路线图、服务手册；金延安、乾坤湾等景区，凭高铁票享优惠；“高铁+住宿”“高铁+滑雪”套餐让游客得实惠……国铁西安局延安车务段延安车站党支部书记艾绍兵介绍，随着西延高铁的开通，延安今年游客接待量有望突破5000万人次。
一个小时，很快。伴随着《山丹丹开花红艳艳》的旋律，列车到站提示音响起，蓝格莹莹的天空下，厚重崭新的延安城、火红热闹的中国年，就在眼前……
一场跨越城市的协同攻关
本报记者  王伟健
新春将至，年味渐浓。走进江苏苏州华兴源创科技股份有限公司的研发车间，工程师们步履匆匆，一场跨越城市的协同攻关正在节前加速冲刺。
华兴源创半导体事业部市场总监黄龙刚刚结束海外出差，风尘仆仆地赶回公司。这几天，黄龙的手机不时响起，其中不少电话来自上海艾为电子车规测试实验中心总经理贾六伟。电话那头，贾六伟同样忙碌。双方合作开发的两款射频与数模混合芯片已在2025年实现量产，目前正联合攻关第三款AI芯片。
这个汇聚了12家产业链上下游企业及高校、科研院所的创新联合体，如今正瞄准高端数字和数模混合芯片测试这一“卡脖子”领域，开展协同攻坚。
创新联合体的深度融合，体现在日常研发的每一个细节中。研发车间里，测试台屏幕上正实时跳动着来自上海艾为电子车规测试实验中心的数据流。一场围绕高精度模拟芯片测试方案的联合调试，已在两地同步进行了数日。双方建立了一个跨部门专项对接群，包含研发、销售、项目管理人员，随时提出问题、即时响应。“这种高频、透明的沟通机制，让技术攻关跑出了‘加速度’。”黄龙说。
人才协同亦是创新联合体的重要抓手。成员单位共同搭建人才联合培养体系，编写教材、培育实战型行业人才，华兴源创与南京邮电大学合编的《集成电路可测性设计与测试实践》教材，融入了艾为电子等企业提供的真实案例。
窗外，节前的苏州已张灯结彩；窗内，攻坚的节奏依然紧凑。对于黄龙和他的同事们而言，这个春节，选择坚守与奉献，就是为了让行业有更光明的未来。
“必须要走自主创新之路。单打独斗力量有限，只有‘握指成拳’，才能实现‘从1到N’的跨越。”谈及未来，黄龙目光笃定。
民宿带来新变化
本报记者  刘以晴
北风呼啸，吉林白山抚松县兴隆乡南天门村民宿内热气腾腾，民宿经营者刘丁齐热情招呼着刚从广东来的客人；厨房里，土灶添柴噼啪爆响，厨师徐淑梅拆骨剁肉，正在做酸菜炖猪肉，锅里冒出阵阵香气。
从前的兴隆乡，“年轻人出去打工，老人守着几亩田，日子过得紧巴巴的。”徐淑梅回忆。直到2021年，刘丁齐返乡，把自家老宅改建成民宿，带来了新变化。
起初，刘丁齐和丈夫挨家挨户拜访村民，手艺好的聘成厨师，身段好的参加秧歌队，还开发了冰上项目，促进民宿发展。刘丁齐说，民宿帮厨一个月工资3500元，大家不离村不离家就能有不错的收入。去年收入近5万元，徐淑梅心里乐开了花。
随着冰雪经济发展，民宿客流也越来越多，刘丁齐有心扩建，可钱从哪来？“可以申评全国乙级旅游民宿，评上了有扶持资金。”去年夏天，抚松县文化广播电视和旅游局工作人员扎进村子，帮着一起想办法。
评级有啥要求？工作人员和刘丁齐一块，先逐户排查安全隐患，又进行房间规范管理。接着，还新增了黄泥电炕，增加游客体验的同时还环保。今年1月，刘丁齐收到了民宿入选的好消息。
“乡村民宿不能只是游客‘歇个脚’的地方。”抚松县文化广播电视和旅游局党组书记刘本琪说，抚松县出台民宿管理办法，推动民宿产业高质量发展。目前，全县有民宿49家，13家民宿入选全省丙级旅游民宿候选名单。
为提升民宿的文化味儿，抚松县对接非遗代表性传承人，结合不同民宿所在地区、装修风格、主要客流等特点，推动人参采挖、森工文化、陶土艺术等64项非遗走进民宿，提供非遗展示、体验等服务。
“起锅，贴饼子！”天色渐沉，刘丁齐大声招呼顾客下来吃饭。“大家一起使劲，让日子更红火。”刘丁齐对记者说。
驿站解决货车司机“三难”
王  洲  陈  锐
又到一年春运时。距离北京首都机场航站楼3公里的货运区一派热闹景象：大大小小的货车往来穿梭，忙着运输货物。
临近中午12点，货车司机罗亿群忙完了活，把车停稳、熄火，他走进位于货运区大门一侧的“和枫驿站”，一阵暖意扑面而来。
这个用活动板房拼成的144平方米的驿站，由首都机场公安局牵头开设，于2025年6月正式投用，实打实解决了货车司机的“三难”。
首先是“吃饭难”。“今天有土豆烧牛肉，罗师傅快来！”驿站工作人员魏杰热情招呼。“以前这个时间，要么啃冷馒头，要么饿着肚子继续跑车。”罗亿群说。“针对司机就餐难问题，驿站联系货场企业食堂以优惠价格提供午餐，14块钱就能吃到两荤两素，主食管够，饮料免费。”负责驿站日常管理的民警谢天说。
其次是“休息难”。过去，偌大的货运区，除了驾驶室，司机们没有落脚地。来自河南的司机吴俊华在这干了10多年：“车里夏天热得像蒸笼，冬天冷得直哆嗦，想接杯水都十分不便。”现在，驿站里空调、热水等一应俱全。
“打印难”也曾让很多司机叫苦不迭。“货运区超四成是国际业务。我们运输前需要打印提货单、海关报关单等单据。”吴俊华说，过去为了这几张单据，他们得开着十几吨重的货车到航站楼附近找打印店，来回一趟就要三四十分钟。现在驿站进门处，一台打印机破解了难题。
一件件看似琐碎的小事，却是困扰货运司机们多年的问题。精准解决，靠的是首都机场公安局会同首都机场临空区管委会、首都机场海关及各驻场单位开展的深入调研。“去年上半年，多个部门的工作人员来找我们，问我们需要什么。后来真把咱们的事给记着、给办了。”货车司机李志强笑着说，“现在，咱在货运区也有了家！”
物流跑出“科技范儿”
本报记者  孙海天
“大家看，这就是从泰国进口的金枕榴莲冻肉，正在我们的无菌车间进行精细化加工处理！”
2月3日，海南三亚暖意融融。位于三亚鹿城大道上的佳翔物流产业小镇，加工车间里一派火热。隔着巨大的透明玻璃，主播正对着手机镜头，向直播间里的观众展示一条特殊的“年货生产线”。
生产线上，一颗颗进口榴莲冻肉经过人工精细筛选去杂质、称重、金属检测、包装、急冻等环节，锁住鲜度。
“物流跑得顺不顺，直接关系到老百姓的年过得好不好。”海南佳翔集团董事长陈嘉能介绍，“这是海南自贸港全岛封关运作后的第一个春节，我们园区不打烊。”
穿过加工区，便是园区的冷链仓储区。一排排高耸的货架上，加工好的成品榴莲冻肉与海南本地的农渔产品、来自全球各地的冻品分类码好，等待发货。“以前我们主要做航空货运、农产品批发，现在以物流产业小镇为载体，打造‘生产+仓储+加工+贸易’一条龙体系。”陈嘉能说。
漫步物流小镇，能感受到扑面而来的“绿意”与“科技”。连片的屋顶上，深蓝色的光伏板在阳光下熠熠生辉。“我们全力打造零碳园区，屋顶光伏装机容量达到9.6兆瓦。”陈嘉能介绍。
眼下，园区的一、二、三期已全面运营，四期农工贸融合示范园也投入了使用。陈嘉能说，这里将建成高标准智慧仓储设施，通过数字化管理系统，实现货物进出的精准管控和高效流转，“以前物流只靠车和人，现在靠的是数据和智能设备。”
“距离高速路口车程1分钟、距离机场车程5分钟，我们处在物流的黄金十字路口。”陈嘉能说，未来园区还将探索无人机物流等低空经济新业态，“封关运作让海南的大门开得更大了，我们的物流路也越走越宽！”
夕阳西下，园区内的灯光亮起，一辆辆满载货物的物流车缓缓驶出，汇入三亚环岛高速的车流中，奔向机场、港口，将产品送往千家万户。
受灾群众的温暖年
本报记者  吴  勇  李祉瑶
内蒙古呼和浩特土默特左旗北什轴乡主根岱村，推开村民李小军家的新房房门，暖烘烘的空气扑面而来，窗玻璃上蒙着淡淡的水汽。
“快进屋，外头冷，屋里热乎！”李小军满脸笑意地将记者迎进屋。这座78平方米的大瓦房宽敞明亮，新式墙壁防潮隔板擦得一尘不染，客厅正中央摆放着红彤彤的年宵花。
很难想象，半年前的李小军家是另一番景象。2025年7月，一场罕见的强降雨来袭，土默特左旗多个地势低洼村庄出现严重积水，主根岱村也未能幸免。
“原来住的房子被洪水一泡，墙体开裂，整体下沉，根本没法住。”回想当时的场景，李小军仍心有余悸。加上之前，妻子得了重病，日子越发困难。“那时候看着快垮塌的房子，觉着日子没奔头了。”李小军说。
关键时刻，当地的一项政策托住了李小军的家。“决不能让受灾群众在寒冬里受冻！”灾情发生后，土默特左旗启动了应急响应机制。“我们在摸排中了解到李小军家的特殊困难情况，立即将其纳入重点监测户，启动精准帮扶。”北什轴乡副乡长赵楠说。
“从规划选址，到9月推倒旧房，再到10月下旬完工，连炕和灶台都给盘好了，我们自己就添置了点家具家电。”李小军说。为了让这个困难家庭过个暖冬，乡里还协调电力部门加装了电采暖设备。
面对全旗12509户房屋受损、基础设施多处损毁的严峻考验，当地住建部门引入第三方机构，对每一户受损房屋进行科学鉴定，分级分类制定修缮重建方案；通过“以工代赈”，组织受灾群众参与重建，既修了房又增了收。
主根岱村党支部书记张在军介绍，2025年主根岱村已有34户受灾群众的房屋完成改造重建。
临近傍晚，李小军把刚出锅的饭菜端上桌，一家人围坐桌前，满是对新一年美好生活的憧憬。
守好急救生命线
本报记者  刘军国
二十三，糖瓜粘；二十四，扫房子……“这还没到二十四，搞大扫除乱用清洁剂导致中毒送来抢救的，已有好几例。”2月7日，凌晨1时40分。在抢救室门口张望了好几次后，记者终于“堵”到了刚交完班的童娅玲。
“都是急诊工作，没啥可说的。”没等记者开口，她抢先给采访定了调。这里是浙江大学医学院附属第一医院急诊科。
年味越来越浓，童娅玲的弦也越绷越紧：“84消毒液和酒精、洁厕灵等混用会产生氯气、氯仿；管道疏通剂直接‘怼’进马桶，会让污水瞬间沸腾，溅到皮肤和眼睛就麻烦了……”
话没说完，电话响起：“17床血压异常！”童娅玲赶忙折回了抢救室。
坐上回家的网约车，已是拂晓。车上，采访继续。
从前一天傍晚开始，一大家子十几口人陆续被救护车送来。转运床的车轮声、医护人员的脚步声、监护仪的嘀嘀声，此起彼伏。“呼吸困难、眼刺痛……”童娅玲必须根据有限的信息，迅速采取急救措施，“窒息性气体中毒，保持呼吸道畅通，必要时气管插管。”
急诊就是这样，吃经验。等检查结果都出来再做判断，往往就晚了。
随后，报告单上的数据和患者断断续续的讲述，印证了童娅玲的判断。这户人家常年在通风不畅的地窖自酿米酒。为了准备团圆饭，老两口下窖取酒，结果硫化氢中毒，前去救人的亲戚也不同程度中毒。
“经过抢救，他们都转危为安了。”累归累，每当挽救生命后，童娅玲就觉得工作很有价值。
“我老家在义乌，从杭州开车也就2个小时，但一年到头也回不去一次。”童娅玲说，“急诊科的工作特点是患者发病急骤、病情凶险。我们严阵以待，守的是老百姓的生命防线。”
一个月前排春节值班，童娅玲再次主动请缨。今年，她将第二十一次在急诊室度过春节。
村民成了“老戏骨”
本报记者  刘鑫焱  郑洋洋
山西临汾市尧都区一户农家小院里，42岁的村民韩国强一身西装，梳着大背头，对着镜头中气十足地说台词。这里正在拍摄一场微短剧的新春戏，他扮演男主角的父亲。
这是韩国强参与拍摄的第三十部微短剧，如今，他已是小有名气的特约演员，日薪能有几百元。“档期排得满满当当，一直要忙到除夕！”他笑着说。
这样的日子，韩国强在以前可不敢想。他过去四处打零工，很辛苦却收入不高。半年前，他听说市里正发展微短剧产业，开发区的拍摄基地大量招募群众演员，不限学历。抱着试试看的心态，韩国强加入了招聘群。
“急需一名‘保镖’角色。”群里很快来了消息，韩国强照了照镜子，觉得自己的形象挺合适，果断发了照片。
第一次面对镜头，他紧张得大脑一片空白。好在导演耐心引导，一遍遍讲戏。随着拍摄机会增多，他渐渐从容，从没台词的路人，到戏份越来越重的“老戏骨”，戏路也越来越宽。
如今，随着基地剧组增多，越来越多村民加入演出，角色储备也丰富起来。
走进临汾开发区微短剧基地大楼，七层空间被改造为医院、警务室、法庭等多个室内实景片场。房间内，演员们在认真对戏。
“2024年，临汾瞄准微短剧新赛道，全力打造了这个基地。”基地负责人宋军介绍，这里原是一座闲置多年的烂尾楼，如今成功盘活，“随着几家大型制作公司入驻，经纪公司、导演、演员自然聚集，产业链条不断延伸，创造了更多本地就业岗位。”目前，基地已入驻90多家公司，拍摄微短剧300多部，本地群众演员规模超万人。
夕阳西下，韩国强的戏份顺利杀青。“快过年了，腰包鼓了，我要给娃买两身新衣裳，过个欢喜年！”他高兴地对记者说。",要闻,https://paper.people.com.cn/rmrb/pc/content/202602/09/../../../content/202602/09/content_30139443.html,2026-02-09,"['民宿', '高铁', '刘丁齐', '童娅玲', '物流', '延安', '李小军', '驿站', '短剧', '司机']","第06版：要闻
本版新闻
人民日报2026年02月09日",政治
本版责编：张彦春  刘涓溪  王  博,"第06版：要闻
本版新闻
人民日报2026年02月09日
Mon
版式设计：蔡华伟",要闻,https://paper.people.com.cn/rmrb/pc/content/202602/09/../../../content/202602/09/content_30139444.html,2026-02-09,"['本版', '责编', '06', '2026', '02', '09', 'Mon', '蔡华伟', '张彦春', '版式']","第06版：要闻
本版新闻
人民日报2026年02月09日",其他
体验感欠佳  冰雪游品质待提升（金台视线）,"第07版：读者来信
本版新闻
人民日报2026年02月09日
Mon
冬日时节，冰雪游受到消费者欢迎。问题也随之而来，一些地方的冰雪游旅行社、滑雪场存在服务质量不高、配套设施不健全、虚假宣传乱收费等问题，降低了游玩体验。记者就此进行了采访。
有些旅行社专业能力不足以及景点园区服务保障水平不高，影响冰雪旅游体验
白雪皑皑，玉树琼枝……冬季冰雪游别有风趣，然而，一些读者反映，遇到了虚假承诺、随意加价、套路消费等问题，体验感大打折扣。
在人民网“人民投诉”有关冰雪游消费的投诉中，不少问题是因旅行社而起。重庆的崔女士反映，2025年12月，她报了一个黑龙江“哈尔滨两日纯玩团”。“合同上写的滑雪3小时，却缩水到2小时；所谓的‘雪具’很不齐全；导游还把我们带到服务区，诱导我们高价购物。”崔女士说，“我向旅行社投诉，但对方表示这都是导游个人行为。”最终，在崔女士的坚持下，导游向其退回了部分钱款。
有读者反映，天气原因，一些景点无法游览，旅行社没有替代方案，造成旅行时间的浪费。“我们到了长白山脚下，因为天气原因无法登山，就提出能否当晚换到市区酒店落脚。但对方拒绝，还是住在长白山脚下，却哪也去不了。”江西南昌的陈女士说。
曾经从事导游工作的马先生透露了一些内情：“冰雪旅游和普通旅游有些区别，受天气原因影响比较大，比如大雪封山或者缆车因冰冻停运等。如果临时更换一些项目，面临的是协调上的时间和价钱问题，旅行社会付出额外成本。”
对此，中山大学管理学院副教授罗浩认为，一些承诺的冰雪项目无法兑现，旅行社对此并不能完全免责。“旅行社作为冰雪旅游这类专业活动组织者，理应与园区景点积极沟通，及时掌握天气动态，并对行程中存在变数的事项做出预判，并约定替代方案。”罗浩说，“不排除有的旅行社明知未来天气情况，却为了吸引游客选择隐瞒，事后以天气变化推卸责任。”
与此同时，一些冰雪游项目的安全风险问题值得关注。据报道，1月25日，在内蒙古呼和浩特市大黑河军事文化乐园，挖掘机转雪圈项目中，疑似因铁链断裂，将游客甩出，造成游客受伤，事故原因仍在调查中。还有网友发视频反映，在一处冰雪世界拖拉机滑冰项目中，因驾驶者操作不当，将拖拉机拖着的绳索缠入车轮，险些将坐在气垫上的游客卷入车底。
“冰雪游项目本身具有一些特殊性，冰雪的坚硬特质、气温较低，以及道路结冰打滑、缆车停运等问题，都会给游客带来一定的安全风险。尤其是一些速度快、追求刺激的项目，危险也相伴而生，这考验着景区的安全保障能力。”罗浩说。
罗浩表示：“冰雪游在我国兴起的时间不长，一些景区或城市的服务配套能力还有待提升，这需要一个过程，也需要多个部门协同配合来推动。”
运维管理不善、安全保障欠佳、退费维权难，部分滑雪场服务质量待提升
随着滑雪爱好者越来越多，各地雪场迎来客流高峰的同时，也暴露出从安全保障到运营管理上的不足。
甘肃兰州的张先生向记者讲述了1月17日发生的一场事故。当天下午，他在当地某滑雪场乘坐缆车上山时，突发故障，停在半空，而包括他在内的上百名游客同时悬在高处。“当时特别冷，风也很大，缆车是露天的，我们又带着沉重的雪具，却没有任何救援。”张先生回忆，有游客向雪场工作人员喊话，询问能否提供一些雪服御寒，得到的回应却是冰冷的反问：“费用怎么计算？”
从下午3点被困到傍晚6点左右长达3个小时，更让张先生难以接受的是雪场事后的解释，“他们说是因为停电。但像缆车这样的设备，竟然没有任何应急供电方案吗？”目前该滑雪场已被要求停业整顿。
河北唐山的刘先生曾在当地的滑雪场短暂工作过，他在人民网“领导留言板”上反映了自己观察到的安全问题：“很多护栏是临时搭建的，雪道两侧的安全网不少已经破损。”此外，雪场并未严格执行佩戴头盔的规定。刘先生还透露，运维人员上岗仓促，“雪场开业前两天，我们才被招进来，且招聘门槛很低，未接受专业技能、安全操作及应急处置培训。”
许多滑雪场配有“私人教练”，但不少雪场教练队伍管理松散。甘肃兰州的张先生注意到，当地一家雪场里招揽生意的私人教练“乌泱泱一排，少说二三十个”，但墙上公示的具备正规资质者却不足10人。
当滑雪季与元旦、寒假等旅行旺季重叠，游客激增，雪场没有合理应对措施，不少读者反映滑雪场人满为患时“根本没法真正滑起来”“不停躲闪，很容易发生碰撞”“一摔倒就是一排人”。
为何雪场难以规范？业内人士表示，冰雪运动鲜明的季节性特征，导致了行业在人员、运营乃至安全投入上有着难以避免的“临时性”思维。新疆阿勒泰的王先生是一名专业滑雪教练，他表示雪场和教练一般只签订临时合同，“教练一年只有三四个月的收入，也没有任何五险一金之类的保障措施”。
与此同时，优质雪场资源仍具有相当的稀缺性，在与消费者、教练的关系中占据着“绝对话语权”。王先生道出了许多同行的无奈：“场地费每小时一两百元，几乎占了我课时费的一半。但如果不遵守雪场的规则，就会被‘拉黑’，再也找不到教学的地方。”
加强基础设施建设，提升服务水平，优化文体旅体验，推动冰雪经济持续繁荣
前不久，中国旅游研究院（文化和旅游部数据中心）发布的《中国冰雪旅游发展报告（2026）》提出，我国冰雪旅游正进入持续繁荣的新阶段。经综合测算，预计2025—2026年冬季，我国冰雪旅游休闲人数将达到3.6亿人次，冰雪旅游休闲收入有望达到4500亿元。
“这几年，我国冰雪旅游持续升温，冰雪叠加文化、旅游、运动、康养等也在不断探索中。”罗浩说，“但是，一些问题依然需要正视。”
罗浩表示，多数地区依赖冬季天然降雪，受气候变化影响大；人均参与率低，“体验型”游客多、“技能型”爱好者少，消费深度不足；教练、救援、赛事运营、冰雪管理等专业人才严重短缺；文化挖掘与转化不足，盈利模式单一，过度依赖门票和初级教学，这些问题都有待于进一步解决。
专家表示，提升冰雪游的体验，首先要加强园区、景点及雪场等基础设施建设，打造高质量冰雪游目的地。“近年来，关于冰雪游景点品质不佳的报道不在少数，前一段时间‘棉花冒充雪景’事件便是一个例证，反映出冰雪旅游快速扩张中‘重流量轻体验、重包装轻内容’问题的集中爆发。需要园区景点、监管部门协同发力，系统性提升冰雪旅游品质。”罗浩说。
园区景点如何从“引流”升级为“留客”？罗浩表示，“园区景点应注重提升产品内涵，加强文旅融合。如将北方的剪纸秧歌、冰灯制作、本地故事融入冰雪场景，设置可参与项目如手工冰雕、雪地寻宝等。同时，提供保暖休息区、热饮补给站、母婴室等细节服务，体现人文关怀。”
作为冰雪旅游的组织者，旅行社的服务水平和专业能力也对游览体验有着重要影响。中国政法大学民商经济法学院副教授范世乾表示，旅行社必须诚信经营。主管部门要加大惩戒与信用联动，对侵害消费者利益的旅行社，依法依规采取责令停业整改等措施。
对于消费者反映较多的滑雪场不规范问题，专家表示，滑雪场应尽到安全保障义务，包括设施符合国家强制标准，应配备具备职业资格的教练员和救护人员，还应控制雪道人数，要求滑雪者佩戴符合标准的头盔等，保障滑雪者安全。
针对目前国内滑雪场所多数规模很小、设备器材落后等问题，范世乾认为，各地可以通过税收、金融等优惠政策，引导滑雪场进行场地和服务升级，支持有条件的滑雪场所向集滑雪、旅游、竞技、度假为一体的现代化大型滑雪度假区的方向发展，适度限制简陋型滑雪场的修建。
此外，专家还建议，推进冰雪旅游统一大市场的制度建设。“例如，制定覆盖安全、环保、服务流程的冰雪旅游服务质量国家标准；建立全国冰雪旅游信用平台，实时公示投诉率、整改率等；推动覆盖意外伤害、行程取消、器材损坏的强制化‘冰雪旅游保险’；鼓励成立冰雪旅游联盟，实现跨区域线路互联、标准互认，提升冰雪旅游游客满意度。”罗浩说。
（薛思远参与采写）
个别旅行社服务质量差，滑雪场存在安全隐患
体验感欠佳  冰雪游品质待提升（金台视线）
本报记者  赵  兵  向子丰《人民日报》（2026年02月09日第 07 版）
冬日时节，冰雪游受到消费者欢迎。问题也随之而来，一些地方的冰雪游旅行社、滑雪场存在服务质量不高、配套设施不健全、虚假宣传乱收费等问题，降低了游玩体验。记者就此进行了采访。
有些旅行社专业能力不足以及景点园区服务保障水平不高，影响冰雪旅游体验
白雪皑皑，玉树琼枝……冬季冰雪游别有风趣，然而，一些读者反映，遇到了虚假承诺、随意加价、套路消费等问题，体验感大打折扣。
在人民网“人民投诉”有关冰雪游消费的投诉中，不少问题是因旅行社而起。重庆的崔女士反映，2025年12月，她报了一个黑龙江“哈尔滨两日纯玩团”。“合同上写的滑雪3小时，却缩水到2小时；所谓的‘雪具’很不齐全；导游还把我们带到服务区，诱导我们高价购物。”崔女士说，“我向旅行社投诉，但对方表示这都是导游个人行为。”最终，在崔女士的坚持下，导游向其退回了部分钱款。
有读者反映，天气原因，一些景点无法游览，旅行社没有替代方案，造成旅行时间的浪费。“我们到了长白山脚下，因为天气原因无法登山，就提出能否当晚换到市区酒店落脚。但对方拒绝，还是住在长白山脚下，却哪也去不了。”江西南昌的陈女士说。
曾经从事导游工作的马先生透露了一些内情：“冰雪旅游和普通旅游有些区别，受天气原因影响比较大，比如大雪封山或者缆车因冰冻停运等。如果临时更换一些项目，面临的是协调上的时间和价钱问题，旅行社会付出额外成本。”
对此，中山大学管理学院副教授罗浩认为，一些承诺的冰雪项目无法兑现，旅行社对此并不能完全免责。“旅行社作为冰雪旅游这类专业活动组织者，理应与园区景点积极沟通，及时掌握天气动态，并对行程中存在变数的事项做出预判，并约定替代方案。”罗浩说，“不排除有的旅行社明知未来天气情况，却为了吸引游客选择隐瞒，事后以天气变化推卸责任。”
与此同时，一些冰雪游项目的安全风险问题值得关注。据报道，1月25日，在内蒙古呼和浩特市大黑河军事文化乐园，挖掘机转雪圈项目中，疑似因铁链断裂，将游客甩出，造成游客受伤，事故原因仍在调查中。还有网友发视频反映，在一处冰雪世界拖拉机滑冰项目中，因驾驶者操作不当，将拖拉机拖着的绳索缠入车轮，险些将坐在气垫上的游客卷入车底。
“冰雪游项目本身具有一些特殊性，冰雪的坚硬特质、气温较低，以及道路结冰打滑、缆车停运等问题，都会给游客带来一定的安全风险。尤其是一些速度快、追求刺激的项目，危险也相伴而生，这考验着景区的安全保障能力。”罗浩说。
罗浩表示：“冰雪游在我国兴起的时间不长，一些景区或城市的服务配套能力还有待提升，这需要一个过程，也需要多个部门协同配合来推动。”
运维管理不善、安全保障欠佳、退费维权难，部分滑雪场服务质量待提升
随着滑雪爱好者越来越多，各地雪场迎来客流高峰的同时，也暴露出从安全保障到运营管理上的不足。
甘肃兰州的张先生向记者讲述了1月17日发生的一场事故。当天下午，他在当地某滑雪场乘坐缆车上山时，突发故障，停在半空，而包括他在内的上百名游客同时悬在高处。“当时特别冷，风也很大，缆车是露天的，我们又带着沉重的雪具，却没有任何救援。”张先生回忆，有游客向雪场工作人员喊话，询问能否提供一些雪服御寒，得到的回应却是冰冷的反问：“费用怎么计算？”
从下午3点被困到傍晚6点左右长达3个小时，更让张先生难以接受的是雪场事后的解释，“他们说是因为停电。但像缆车这样的设备，竟然没有任何应急供电方案吗？”目前该滑雪场已被要求停业整顿。
河北唐山的刘先生曾在当地的滑雪场短暂工作过，他在人民网“领导留言板”上反映了自己观察到的安全问题：“很多护栏是临时搭建的，雪道两侧的安全网不少已经破损。”此外，雪场并未严格执行佩戴头盔的规定。刘先生还透露，运维人员上岗仓促，“雪场开业前两天，我们才被招进来，且招聘门槛很低，未接受专业技能、安全操作及应急处置培训。”
许多滑雪场配有“私人教练”，但不少雪场教练队伍管理松散。甘肃兰州的张先生注意到，当地一家雪场里招揽生意的私人教练“乌泱泱一排，少说二三十个”，但墙上公示的具备正规资质者却不足10人。
当滑雪季与元旦、寒假等旅行旺季重叠，游客激增，雪场没有合理应对措施，不少读者反映滑雪场人满为患时“根本没法真正滑起来”“不停躲闪，很容易发生碰撞”“一摔倒就是一排人”。
为何雪场难以规范？业内人士表示，冰雪运动鲜明的季节性特征，导致了行业在人员、运营乃至安全投入上有着难以避免的“临时性”思维。新疆阿勒泰的王先生是一名专业滑雪教练，他表示雪场和教练一般只签订临时合同，“教练一年只有三四个月的收入，也没有任何五险一金之类的保障措施”。
与此同时，优质雪场资源仍具有相当的稀缺性，在与消费者、教练的关系中占据着“绝对话语权”。王先生道出了许多同行的无奈：“场地费每小时一两百元，几乎占了我课时费的一半。但如果不遵守雪场的规则，就会被‘拉黑’，再也找不到教学的地方。”
加强基础设施建设，提升服务水平，优化文体旅体验，推动冰雪经济持续繁荣
前不久，中国旅游研究院（文化和旅游部数据中心）发布的《中国冰雪旅游发展报告（2026）》提出，我国冰雪旅游正进入持续繁荣的新阶段。经综合测算，预计2025—2026年冬季，我国冰雪旅游休闲人数将达到3.6亿人次，冰雪旅游休闲收入有望达到4500亿元。
“这几年，我国冰雪旅游持续升温，冰雪叠加文化、旅游、运动、康养等也在不断探索中。”罗浩说，“但是，一些问题依然需要正视。”
罗浩表示，多数地区依赖冬季天然降雪，受气候变化影响大；人均参与率低，“体验型”游客多、“技能型”爱好者少，消费深度不足；教练、救援、赛事运营、冰雪管理等专业人才严重短缺；文化挖掘与转化不足，盈利模式单一，过度依赖门票和初级教学，这些问题都有待于进一步解决。
专家表示，提升冰雪游的体验，首先要加强园区、景点及雪场等基础设施建设，打造高质量冰雪游目的地。“近年来，关于冰雪游景点品质不佳的报道不在少数，前一段时间‘棉花冒充雪景’事件便是一个例证，反映出冰雪旅游快速扩张中‘重流量轻体验、重包装轻内容’问题的集中爆发。需要园区景点、监管部门协同发力，系统性提升冰雪旅游品质。”罗浩说。
园区景点如何从“引流”升级为“留客”？罗浩表示，“园区景点应注重提升产品内涵，加强文旅融合。如将北方的剪纸秧歌、冰灯制作、本地故事融入冰雪场景，设置可参与项目如手工冰雕、雪地寻宝等。同时，提供保暖休息区、热饮补给站、母婴室等细节服务，体现人文关怀。”
作为冰雪旅游的组织者，旅行社的服务水平和专业能力也对游览体验有着重要影响。中国政法大学民商经济法学院副教授范世乾表示，旅行社必须诚信经营。主管部门要加大惩戒与信用联动，对侵害消费者利益的旅行社，依法依规采取责令停业整改等措施。
对于消费者反映较多的滑雪场不规范问题，专家表示，滑雪场应尽到安全保障义务，包括设施符合国家强制标准，应配备具备职业资格的教练员和救护人员，还应控制雪道人数，要求滑雪者佩戴符合标准的头盔等，保障滑雪者安全。
针对目前国内滑雪场所多数规模很小、设备器材落后等问题，范世乾认为，各地可以通过税收、金融等优惠政策，引导滑雪场进行场地和服务升级，支持有条件的滑雪场所向集滑雪、旅游、竞技、度假为一体的现代化大型滑雪度假区的方向发展，适度限制简陋型滑雪场的修建。
此外，专家还建议，推进冰雪旅游统一大市场的制度建设。“例如，制定覆盖安全、环保、服务流程的冰雪旅游服务质量国家标准；建立全国冰雪旅游信用平台，实时公示投诉率、整改率等；推动覆盖意外伤害、行程取消、器材损坏的强制化‘冰雪旅游保险’；鼓励成立冰雪旅游联盟，实现跨区域线路互联、标准互认，提升冰雪旅游游客满意度。”罗浩说。
（薛思远参与采写）",读者来信,https://paper.people.com.cn/rmrb/pc/content/202602/09/../../../content/202602/09/content_30139445.html,2026-02-09,"['冰雪', '雪场', '滑雪场', '旅游', '旅行社', '游客', '景点', '教练', '安全', '罗浩说']","第07版：读者来信
本版新闻
人民日报2026年02月09日",政治
公厕三间锁两间 半年都在维修中（身边事）,"第07版：读者来信
本版新闻
人民日报2026年02月09日
Mon
在辽宁大连市中山区虎滩新区2路公交车终点站旁，有座公共厕所，一共三间，两间大门紧锁（见图）。半年来，公厕门上一直张贴着“公厕维修，暂停使用”的告知，却始终没有修好。有人着急时就在厕所周边“方便”，真影响大连这座文明城市的形象。希望有关部门尽快派人修好厕所，为居民提供方便。
辽宁大连市读者  刘先生
辽宁大连市
公厕三间锁两间 半年都在维修中（身边事）
《人民日报》（2026年02月09日第 07 版）
在辽宁大连市中山区虎滩新区2路公交车终点站旁，有座公共厕所，一共三间，两间大门紧锁（见图）。半年来，公厕门上一直张贴着“公厕维修，暂停使用”的告知，却始终没有修好。有人着急时就在厕所周边“方便”，真影响大连这座文明城市的形象。希望有关部门尽快派人修好厕所，为居民提供方便。
辽宁大连市读者  刘先生",读者来信,https://paper.people.com.cn/rmrb/pc/content/202602/09/../../../content/202602/09/content_30139446.html,2026-02-09,"['公厕', '大连市', '修好', '辽宁', '三间', '两间', '厕所', '维修', '半年', '07']","第07版：读者来信
本版新闻
人民日报2026年02月09日",其他
建议,"第07版：读者来信
本版新闻
人民日报2026年02月09日
Mon
规范扫码付停车费
防范跳转营销隐患
如今，许多停车场推行离场扫码支付，既节省人力，又提升收费效率。但笔者发现，有的停车场的离场扫码支付，用户扫完码后出现的往往是领取优惠、支付立减、积分抵扣等广告页面，一不小心便会自动跳转到无关网页，甚至出现不良信息。用户需返回操作，才能找到不起眼的直接缴费入口。有的缴费页面还要求关注某公众号、填写个人信息才能付费。这不仅给车主离场增添了不便，更暗藏不明扣费与个人信息泄露的风险。由于支付时车主注意力集中于快速离场，极易忽视诱导性提示，驶离后也难以察觉扫码留下的隐患，容易引发后续纠纷。
建议市场监管、工业和信息化等主管部门规范停车扫码支付中的强制跳转、过度营销等问题，明确商业推广与支付流程的界限，禁止变相强制收集个人信息，保障用户知情权与选择权。通过制度化监管，防范消费风险，实现便捷停车、规范管理的双重目标。
湖南长沙市  邓志刚
定期更新书报
让读书角“活”起来
近日，笔者前往政务服务大厅办理事务，在等候时注意到大厅一侧专门设置了读书角。这一安排既为办事群众提供了打发等候时间的方式，也让人感受到公共服务中的人文关怀，有助于推广阅读风气，营造书香社会。但笔者走近一看，却发现读书角里摆放的报刊过期多时，书籍破旧不堪，布满灰尘，少有人翻阅，没有真正发挥作用。读书角属暖心之设，当用心维护。如果因为疏于管理、疏于维护沦为摆设，实在可惜。建议相关单位及时清理存书、更新书报，让读书角“活”起来。
重庆南川区  赵  泉
水费欠费
应及时告知用户
近期，有消费者通过支付软件中绑定的账户查询，才发现家中自来水欠费，需要缴纳一笔因欠费产生的滞纳金。可是，消费者家中并未断水，且没有收到过自来水欠费及产生滞纳金的手机短信提示，等到发现欠费时，已产生滞纳金，违约成为既定事实。
笔者发现，一些地方对居民自来水收费仍采取先使用后付费的方式，不知是程序欠缺还是其他原因，对于自来水欠费的提示和预警却并不明显，欠费也不会立刻停水，导致用户欠费到需要缴纳滞纳金才知晓。
居民用水非小事。欠费缴纳滞纳金合乎情理，但也应充分保障消费者的知情权，不可“静默收取”。如今通信技术越来越便捷，水务公司、物业公司等应将自来水收缴、欠费等情况及时告知用户，明确缴纳日期、收缴标准，督促居民按时交水费，减少因水费拖欠而产生的纠纷。
安徽滁州市  徐以成
建议
《人民日报》（2026年02月09日第 07 版）
规范扫码付停车费
防范跳转营销隐患
如今，许多停车场推行离场扫码支付，既节省人力，又提升收费效率。但笔者发现，有的停车场的离场扫码支付，用户扫完码后出现的往往是领取优惠、支付立减、积分抵扣等广告页面，一不小心便会自动跳转到无关网页，甚至出现不良信息。用户需返回操作，才能找到不起眼的直接缴费入口。有的缴费页面还要求关注某公众号、填写个人信息才能付费。这不仅给车主离场增添了不便，更暗藏不明扣费与个人信息泄露的风险。由于支付时车主注意力集中于快速离场，极易忽视诱导性提示，驶离后也难以察觉扫码留下的隐患，容易引发后续纠纷。
建议市场监管、工业和信息化等主管部门规范停车扫码支付中的强制跳转、过度营销等问题，明确商业推广与支付流程的界限，禁止变相强制收集个人信息，保障用户知情权与选择权。通过制度化监管，防范消费风险，实现便捷停车、规范管理的双重目标。
湖南长沙市  邓志刚
定期更新书报
让读书角“活”起来
近日，笔者前往政务服务大厅办理事务，在等候时注意到大厅一侧专门设置了读书角。这一安排既为办事群众提供了打发等候时间的方式，也让人感受到公共服务中的人文关怀，有助于推广阅读风气，营造书香社会。但笔者走近一看，却发现读书角里摆放的报刊过期多时，书籍破旧不堪，布满灰尘，少有人翻阅，没有真正发挥作用。读书角属暖心之设，当用心维护。如果因为疏于管理、疏于维护沦为摆设，实在可惜。建议相关单位及时清理存书、更新书报，让读书角“活”起来。
重庆南川区  赵  泉
水费欠费
应及时告知用户
近期，有消费者通过支付软件中绑定的账户查询，才发现家中自来水欠费，需要缴纳一笔因欠费产生的滞纳金。可是，消费者家中并未断水，且没有收到过自来水欠费及产生滞纳金的手机短信提示，等到发现欠费时，已产生滞纳金，违约成为既定事实。
笔者发现，一些地方对居民自来水收费仍采取先使用后付费的方式，不知是程序欠缺还是其他原因，对于自来水欠费的提示和预警却并不明显，欠费也不会立刻停水，导致用户欠费到需要缴纳滞纳金才知晓。
居民用水非小事。欠费缴纳滞纳金合乎情理，但也应充分保障消费者的知情权，不可“静默收取”。如今通信技术越来越便捷，水务公司、物业公司等应将自来水收缴、欠费等情况及时告知用户，明确缴纳日期、收缴标准，督促居民按时交水费，减少因水费拖欠而产生的纠纷。
安徽滁州市  徐以成",读者来信,https://paper.people.com.cn/rmrb/pc/content/202602/09/../../../content/202602/09/content_30139447.html,2026-02-09,"['欠费', '扫码', '滞纳金', '自来水', '支付', '跳转', '读书', '离场', '用户', '水费']","第07版：读者来信
本版新闻
人民日报2026年02月09日",经济
拖欠让这家小微企业陷入绝境（曝光）,"第07版：读者来信
本版新闻
人民日报2026年02月09日
Mon
“公司成立快20年了，倾注了我半生的心血。”近日，一家小微企业负责人来信，反映企业因账款被拖欠陷入绝境，“我们承揽了几个市政配套项目，没想到每个项目的工程款都有拖欠，导致公司负债累累、濒临破产。”
账款被拖欠，公司无力支付供应商货款，账户被冻结
近日，在陕西西安市郊，记者见到了陕西久一实业有限公司（以下简称“久一实业”）的法定代表人郭俊和他的妻子崔蕾。久一实业设在长安区北小张村工业园的一栋自建房里。一进门，迎面是“企业信用评价AAA级信用企业”“陕西省工程质量AAA级信用单位”等认证标识。
49岁的郭俊介绍，久一实业从事建筑工程施工，公司于2006年成立，注册资金2000万元，有自己的技术团队，主要承揽大型企业分包的项目，如电力、通信管线改迁工程等，需要一定技术资质，“有时要深入地下进行作业，施工难度大，利润率不高，挣的基本是辛苦钱”。
“之前年营收在500万至1000万元，一直运营良好。”郭俊说，2018年，公司先后承揽了中建三局集团有限公司西北分公司、中建五局三公司西北公司、陕西宏太市政建设发展有限公司、陕西华山路桥集团有限公司、西安市雁塔区城市管理和综合执法局等单位建设工程的配套项目。几个项目都在2021年前完工，但种种原因，“按照合同金额，还有累计超6000万元的欠款未付给我们。”郭俊拿着厚厚一摞合同告诉记者。
上游企业的欠款没有付清，下游的企业却在不断催债。崔蕾说，刚刚有两位供应商上门催债。“临近年关，几乎每天都有债主上门讨债，这几年没断过。”因为欠账，久一实业先后被10多家企业起诉，公司账户已被冻结。
尽管久一实业是有限责任公司，郭俊表示，他们不想以破产结束经营近20年的企业。去年，他们卖掉了家里的住房，“76万元房款都用来还债，我们现在借住在亲戚家”。此外，在崔蕾的借贷记录上，记者看到，有多笔5万元、10万元不等的小额贷款，“我们在多家银行和商业平台上办理了网贷”。
“这些年，东拼西凑，我们已努力把施工队、农民工、大部分离职员工的工资付清了。目前我们欠下游企业1600万元左右，主要是建材供应商的货款。”郭俊说。
完工5年，几家建设单位称仍未结算审计，无法结尾款
记者次日来到雁塔区雁南公园，久一实业通过雁塔区城管局的招投标承揽了公园服务亭的部分装修项目。目前9座服务亭已全部交付使用。记者看到服务亭装修良好，有的正在招商。
针对久一实业负责人反映的问题，记者近日分别联系了相关部门和企业。
其中，雁塔区城市管理和综合执法局表示，久一实业反映情况属实，目前尚有工程款145.59万元未付。
其他几家大型企业均表示工程项目还未完成结算审计。中建三局集团有限公司西北分公司表示，预付款已全部付清，其余工程款支付需满足“西安市城市建设项目预决算与合同审查管理办公室完成审定”条件，目前久一实业所涉项目还在审理中。中建五局三公司西北公司回复，已按合同支付比例超付久一实业工程款，但合同与政府审计挂钩，目前尚未出具最终结算审计报告。陕西宏太市政建设发展有限公司、陕西华山路桥集团有限公司则称，项目仍在政府审计过程中，工程尾款尚不具备付款条件。
“工程项目已完工5年了，审计和结算还没完成。”崔蕾十分无奈。为何不起诉拖欠款项的上游公司？“因为涉及款项较大，诉讼和司法鉴定费用我们都无力承担。”郭俊说。
崔蕾说，“我们通过人民网‘领导留言板’等渠道多次反映，去年11月，雁南公园项目又付了我们30万元。”不过，她坦言，30万元只过下他们的手，直接交债主了。今年1月，陕西华山路桥集团有限公司付了20万元的商业承兑汇票，但半年后才能兑现。
工程款拖欠并非个案，学者建议短期清欠与长效治理并重
久一实业面临的困境并非个例。清华大学经济学研究所所长戎珂表示，政府机关、大型央国企拖欠中小企业账款已形成跨区域、跨行业、存量与增量并存的普遍现象，其本质是将市场风险向最脆弱的经营主体转移。
“如果一直没有决算，能否先按合同金额支付，让我们渡过难关？”郭俊说，自2022年后，公司就没再接过工程。为了扭转困境，他们又取得了餐饮服务的经营许可，承包了一所大学的美食广场。但因公司账户被冻结，目前这个项目“只能看到钱打进账户，我们还是拿不到钱”，他无奈地表示。
对此，戎珂提出，“解决账款拖欠问题，需坚持短期清欠与长效治理并重，解开相互拖欠的连环套。”针对决算审计滞后这一关键症结，改革审计流程，压缩审计周期，推行“分段审计、分段付款”模式。对被拖欠账款的中小企业可提供专项信贷支持，将应收账款转化为流动资金。“同时，从源头规范交易行为，加强对政府预算的约束，从根本上杜绝资金不足导致的拖欠。”戎珂说。
链接
根据2025年6月施行的《保障中小企业款项支付条例》，机关、事业单位、大型企业从中小企业采购货物、工程、服务，一般应当自交付之日起60日内支付款项。机关、事业单位、大型企业不得强制中小企业接受商业汇票、应收账款电子凭证等非现金支付方式，不得利用商业汇票、应收账款电子凭证等非现金支付方式变相延长付款期限。机关、事业单位、大型企业不得在合同未做约定的情况下以等待竣工验收备案、决算审计等为由，拒绝或者迟延支付中小企业款项。
完工5年，上游企业账款仍未付清，下游企业不断催债
拖欠让这家小微企业陷入绝境（曝光）
本报记者  向子丰  人民网记者  李志强《人民日报》（2026年02月09日第 07 版）
“公司成立快20年了，倾注了我半生的心血。”近日，一家小微企业负责人来信，反映企业因账款被拖欠陷入绝境，“我们承揽了几个市政配套项目，没想到每个项目的工程款都有拖欠，导致公司负债累累、濒临破产。”
账款被拖欠，公司无力支付供应商货款，账户被冻结
近日，在陕西西安市郊，记者见到了陕西久一实业有限公司（以下简称“久一实业”）的法定代表人郭俊和他的妻子崔蕾。久一实业设在长安区北小张村工业园的一栋自建房里。一进门，迎面是“企业信用评价AAA级信用企业”“陕西省工程质量AAA级信用单位”等认证标识。
49岁的郭俊介绍，久一实业从事建筑工程施工，公司于2006年成立，注册资金2000万元，有自己的技术团队，主要承揽大型企业分包的项目，如电力、通信管线改迁工程等，需要一定技术资质，“有时要深入地下进行作业，施工难度大，利润率不高，挣的基本是辛苦钱”。
“之前年营收在500万至1000万元，一直运营良好。”郭俊说，2018年，公司先后承揽了中建三局集团有限公司西北分公司、中建五局三公司西北公司、陕西宏太市政建设发展有限公司、陕西华山路桥集团有限公司、西安市雁塔区城市管理和综合执法局等单位建设工程的配套项目。几个项目都在2021年前完工，但种种原因，“按照合同金额，还有累计超6000万元的欠款未付给我们。”郭俊拿着厚厚一摞合同告诉记者。
上游企业的欠款没有付清，下游的企业却在不断催债。崔蕾说，刚刚有两位供应商上门催债。“临近年关，几乎每天都有债主上门讨债，这几年没断过。”因为欠账，久一实业先后被10多家企业起诉，公司账户已被冻结。
尽管久一实业是有限责任公司，郭俊表示，他们不想以破产结束经营近20年的企业。去年，他们卖掉了家里的住房，“76万元房款都用来还债，我们现在借住在亲戚家”。此外，在崔蕾的借贷记录上，记者看到，有多笔5万元、10万元不等的小额贷款，“我们在多家银行和商业平台上办理了网贷”。
“这些年，东拼西凑，我们已努力把施工队、农民工、大部分离职员工的工资付清了。目前我们欠下游企业1600万元左右，主要是建材供应商的货款。”郭俊说。
完工5年，几家建设单位称仍未结算审计，无法结尾款
记者次日来到雁塔区雁南公园，久一实业通过雁塔区城管局的招投标承揽了公园服务亭的部分装修项目。目前9座服务亭已全部交付使用。记者看到服务亭装修良好，有的正在招商。
针对久一实业负责人反映的问题，记者近日分别联系了相关部门和企业。
其中，雁塔区城市管理和综合执法局表示，久一实业反映情况属实，目前尚有工程款145.59万元未付。
其他几家大型企业均表示工程项目还未完成结算审计。中建三局集团有限公司西北分公司表示，预付款已全部付清，其余工程款支付需满足“西安市城市建设项目预决算与合同审查管理办公室完成审定”条件，目前久一实业所涉项目还在审理中。中建五局三公司西北公司回复，已按合同支付比例超付久一实业工程款，但合同与政府审计挂钩，目前尚未出具最终结算审计报告。陕西宏太市政建设发展有限公司、陕西华山路桥集团有限公司则称，项目仍在政府审计过程中，工程尾款尚不具备付款条件。
“工程项目已完工5年了，审计和结算还没完成。”崔蕾十分无奈。为何不起诉拖欠款项的上游公司？“因为涉及款项较大，诉讼和司法鉴定费用我们都无力承担。”郭俊说。
崔蕾说，“我们通过人民网‘领导留言板’等渠道多次反映，去年11月，雁南公园项目又付了我们30万元。”不过，她坦言，30万元只过下他们的手，直接交债主了。今年1月，陕西华山路桥集团有限公司付了20万元的商业承兑汇票，但半年后才能兑现。
工程款拖欠并非个案，学者建议短期清欠与长效治理并重
久一实业面临的困境并非个例。清华大学经济学研究所所长戎珂表示，政府机关、大型央国企拖欠中小企业账款已形成跨区域、跨行业、存量与增量并存的普遍现象，其本质是将市场风险向最脆弱的经营主体转移。
“如果一直没有决算，能否先按合同金额支付，让我们渡过难关？”郭俊说，自2022年后，公司就没再接过工程。为了扭转困境，他们又取得了餐饮服务的经营许可，承包了一所大学的美食广场。但因公司账户被冻结，目前这个项目“只能看到钱打进账户，我们还是拿不到钱”，他无奈地表示。
对此，戎珂提出，“解决账款拖欠问题，需坚持短期清欠与长效治理并重，解开相互拖欠的连环套。”针对决算审计滞后这一关键症结，改革审计流程，压缩审计周期，推行“分段审计、分段付款”模式。对被拖欠账款的中小企业可提供专项信贷支持，将应收账款转化为流动资金。“同时，从源头规范交易行为，加强对政府预算的约束，从根本上杜绝资金不足导致的拖欠。”戎珂说。
链接
根据2025年6月施行的《保障中小企业款项支付条例》，机关、事业单位、大型企业从中小企业采购货物、工程、服务，一般应当自交付之日起60日内支付款项。机关、事业单位、大型企业不得强制中小企业接受商业汇票、应收账款电子凭证等非现金支付方式，不得利用商业汇票、应收账款电子凭证等非现金支付方式变相延长付款期限。机关、事业单位、大型企业不得在合同未做约定的情况下以等待竣工验收备案、决算审计等为由，拒绝或者迟延支付中小企业款项。",读者来信,https://paper.people.com.cn/rmrb/pc/content/202602/09/../../../content/202602/09/content_30139448.html,2026-02-09,"['拖欠', '实业', '账款', '审计', '企业', '崔蕾', '万元', '支付', '工程款', '公司']","第07版：读者来信
本版新闻
人民日报2026年02月09日",政治
征  集,"第07版：读者来信
本版新闻
人民日报2026年02月09日
Mon
人民日报“读者来信”版与人民网“领导留言板”联合开展群众急难愁盼问题征集，欢迎读者提供线索和建议。
邮  箱：rmrbdzlx@126.com
dzlx@peopledaily.cn
移动端：人民日报客户端“曝光台”
人民网“领导留言板”客户端
征  集
《人民日报》（2026年02月09日第 07 版）
人民日报“读者来信”版与人民网“领导留言板”联合开展群众急难愁盼问题征集，欢迎读者提供线索和建议。
邮  箱：rmrbdzlx@126.com
dzlx@peopledaily.cn
移动端：人民日报客户端“曝光台”
人民网“领导留言板”客户端",读者来信,https://paper.people.com.cn/rmrb/pc/content/202602/09/../../../content/202602/09/content_30139449.html,2026-02-09,"['人民日报', '留言板', '客户端', '人民网', '读者来信', '07', '2026', '02', '09', 'rmrbdzlx']","第07版：读者来信
本版新闻
人民日报2026年02月09日",其他
本版责编：胡笑源,"第07版：读者来信
本版新闻
人民日报2026年02月09日
Mon",读者来信,https://paper.people.com.cn/rmrb/pc/content/202602/09/../../../content/202602/09/content_30139450.html,2026-02-09,"['本版', '责编', '07', '2026', '02', '09', 'Mon', '胡笑源', '读者来信', '人民日报']","第07版：读者来信
本版新闻
人民日报2026年02月09日",其他
一个“三无”小区占八成的社区，怎么治理好？（基层治理新实践）,"第08版：政治
本版新闻
人民日报2026年02月09日
Mon
又是周六，河南漯河召陵区天桥街街道漓江路社区广场上，缝衣理发、修车修鞋、义诊义演，各项志愿服务活动好不热闹！
搬张竹凳，自带理发推子、梳子和剪刀，居民陆艳丽来到广场为街坊邻里义务理发。“退休后闲下来，上街边商铺学了理发，一开始还不敢上手，后面越剪越熟练。”陆艳丽说，“磨刀、补衣裳，日常生活中遇见的问题，基本能解决，大家互帮互助，啥也不图。”
距离最近的棉麻龙泰小区，门前车水马龙，院内干净整洁、车辆停放有序、人员进出刷卡。
“搁以前，别说碰上活动，平常都乱得不像样！”路面坑洼，卫生堪忧，飞线扯得像蜘蛛网，私搭乱建搞菜园。回忆起前些年的居住环境，在此居住了20多年的小区居民王艳直摇头。
漓江路社区建成于1994年，由四个社区合并而来，是典型的老旧社区，辖区包括51个小区、6230户居民，常住人口超过1.6万人，“三无”小区（无物业管理、无主管部门、无人防物防设施的居民住宅区）占比80%。
“这些小区，物业公司懒得管、职能部门又很难管。”刚从街道派往社区担任党委书记时，靳会杰很是作难。没有参考样本、缺少现成经验，有人劝她，“反正问题也不是一天两天了，不如等等看，上头有具体要求时，你再照着办。”
等不是办法，靳会杰利用社区企业家属院多、退休干部多的优势，挤出时间挨家上门走访。之后，又挨个小区搜集信息、实地座谈，征求意见建议，终于找到了突破口。
在社区党委领导下，每个小区都成立了党支部。同时，成立小区自治管理委员会，鼓励支部委员到自管会任职，共同参与小区治理，靳会杰说：“在小区内部，再精准划分网格，确保每栋楼、每个单元都有人负责。”
办法有了，人从哪来？靳会杰又一次次登门，邀请有威望、能服众的老干部、老党员“出山”，担任小区党支部委员或自管会负责人。
经过周密筹备，漓江路社区首个小区党支部在棉麻龙泰小区成立。不久，棉麻龙泰小区自管会也建了起来，王艳同时担任小区党支部副书记和自管会副主任，头件事就是解决小区“脏乱差”问题。
“原先，棉麻和龙泰是两个小区，共用一条进出通道。”王艳介绍，棉麻小区落成早，龙泰小区建得晚，由于居民不多，原来的物业公司觉得利薄，撤离后再没新物业愿意接手，久而久之，环境越来越差。“政府曾想合并改造，两边都不同意：棉麻小区的老年人怕没了‘自留地’，龙泰小区的年轻人担心拉低房价。”王艳说。
“垃圾遍地、车辆乱放，大家的安全和健康都受影响，咱们还要忍多久？”居民大会上，王艳的话引起共鸣。党支部和自管会趁热打铁，现场展示改造方案：引进简易物业，负责垃圾清运、公共照明，新增停车位、晾晒区、充电桩。这下不少人动心了。
然而，先改啥、后改啥、怎么改，大家意见很难统一：有的希望增加绿地面积遛弯，有的想增加硬化面积停车。“针对这种情况，社区党委发动小区党支部、自管会、业主委员会广泛征求意见，从多数居民的共同意愿改起。”靳会杰说。在党员带动下，棉麻小区占据公共空间的居民承诺限期退还，龙泰小区年轻人的心结也逐渐打开。小区合并后，居民共同商议制定公约，搭建闲置物品享借平台，社区推动公安、综治、民政干部和网格员联系方式上墙、上网，一揽子解决家门口的事。
“‘社区+小区+党支部+自管会+网格员’，兜起群众身边事，实现小事不出小区、大事不出社区、矛盾不上交。”靳会杰介绍，近5年，社区累计争取老旧小区改造资金2000多万元，对“三无”小区改造提升。
如今，漓江路社区已构建起“社区党委+小区党支部+楼栋党小组”的党组织体系，18个小区党支部、42个网格党小组层层延伸，将组织触角延伸到社区的每个角落。
前不久，经小区党组织牵头，棉麻龙泰小区制定了居民公约，明确规范车辆停放秩序。“违规停车，一次提醒、两次警告，第三次开始，暂停进入小区一个月。”王艳说，小区地方小、车辆多，乱停乱放让人头疼，大伙商议一致通过，共同遵守。
漯河按照每万名居民配备18名社区工作者的标准，开展统一招聘，为社区补充“生力军”。崔逍晗是2024年来的社工，如今她已担任漓江路社区居委会委员，也是2个小区的网格长，日常负责对接200多户居民。
“我腿脚不方便，娃娃帮俺买药、买菜，有时还代送个餐，嘘寒问暖、贴心得很。”提起小崔，家住香榭里小区、已85岁高龄的张荣华赞不绝口。有次张荣华上床睡觉时，不小心跌倒在地，按下智慧养老服务管理平台呼叫按钮后“一键四响”，网格员、社区党委书记、智慧平台和医院都收到了信息，不到5分钟就有人赶来扶起他送医。
数据显示，漯河市目前建成市县乡村四级共用智慧平台，开通2.8万个专兼职网格员账号，并开发“漯小智”工作端、群众端、小助手应用，提高监测预警、上报问题、快速处置时效，全力打造基层“智治”中枢。
“社区是联系群众、服务群众的神经末梢，也是城市治理的‘最后一公里’。这些年，我们探索‘党建+网格+大数据’的治理模式，努力解决群众的急难愁盼，赢得了真心点赞！”靳会杰说，如今，各类资源不断向基层下沉，“天桥义工”“暖心驿站”等志愿服务也成为社区治理的重要补充。
（本报通讯员张晓甫参与采写）
河南漯河召陵区漓江路社区探索“党建+网格+大数据”治理模式
一个“三无”小区占八成的社区，怎么治理好？（基层治理新实践）
本报记者  方  敏  赵帅杰《人民日报》（2026年02月09日第 08 版）
又是周六，河南漯河召陵区天桥街街道漓江路社区广场上，缝衣理发、修车修鞋、义诊义演，各项志愿服务活动好不热闹！
搬张竹凳，自带理发推子、梳子和剪刀，居民陆艳丽来到广场为街坊邻里义务理发。“退休后闲下来，上街边商铺学了理发，一开始还不敢上手，后面越剪越熟练。”陆艳丽说，“磨刀、补衣裳，日常生活中遇见的问题，基本能解决，大家互帮互助，啥也不图。”
距离最近的棉麻龙泰小区，门前车水马龙，院内干净整洁、车辆停放有序、人员进出刷卡。
“搁以前，别说碰上活动，平常都乱得不像样！”路面坑洼，卫生堪忧，飞线扯得像蜘蛛网，私搭乱建搞菜园。回忆起前些年的居住环境，在此居住了20多年的小区居民王艳直摇头。
漓江路社区建成于1994年，由四个社区合并而来，是典型的老旧社区，辖区包括51个小区、6230户居民，常住人口超过1.6万人，“三无”小区（无物业管理、无主管部门、无人防物防设施的居民住宅区）占比80%。
“这些小区，物业公司懒得管、职能部门又很难管。”刚从街道派往社区担任党委书记时，靳会杰很是作难。没有参考样本、缺少现成经验，有人劝她，“反正问题也不是一天两天了，不如等等看，上头有具体要求时，你再照着办。”
等不是办法，靳会杰利用社区企业家属院多、退休干部多的优势，挤出时间挨家上门走访。之后，又挨个小区搜集信息、实地座谈，征求意见建议，终于找到了突破口。
在社区党委领导下，每个小区都成立了党支部。同时，成立小区自治管理委员会，鼓励支部委员到自管会任职，共同参与小区治理，靳会杰说：“在小区内部，再精准划分网格，确保每栋楼、每个单元都有人负责。”
办法有了，人从哪来？靳会杰又一次次登门，邀请有威望、能服众的老干部、老党员“出山”，担任小区党支部委员或自管会负责人。
经过周密筹备，漓江路社区首个小区党支部在棉麻龙泰小区成立。不久，棉麻龙泰小区自管会也建了起来，王艳同时担任小区党支部副书记和自管会副主任，头件事就是解决小区“脏乱差”问题。
“原先，棉麻和龙泰是两个小区，共用一条进出通道。”王艳介绍，棉麻小区落成早，龙泰小区建得晚，由于居民不多，原来的物业公司觉得利薄，撤离后再没新物业愿意接手，久而久之，环境越来越差。“政府曾想合并改造，两边都不同意：棉麻小区的老年人怕没了‘自留地’，龙泰小区的年轻人担心拉低房价。”王艳说。
“垃圾遍地、车辆乱放，大家的安全和健康都受影响，咱们还要忍多久？”居民大会上，王艳的话引起共鸣。党支部和自管会趁热打铁，现场展示改造方案：引进简易物业，负责垃圾清运、公共照明，新增停车位、晾晒区、充电桩。这下不少人动心了。
然而，先改啥、后改啥、怎么改，大家意见很难统一：有的希望增加绿地面积遛弯，有的想增加硬化面积停车。“针对这种情况，社区党委发动小区党支部、自管会、业主委员会广泛征求意见，从多数居民的共同意愿改起。”靳会杰说。在党员带动下，棉麻小区占据公共空间的居民承诺限期退还，龙泰小区年轻人的心结也逐渐打开。小区合并后，居民共同商议制定公约，搭建闲置物品享借平台，社区推动公安、综治、民政干部和网格员联系方式上墙、上网，一揽子解决家门口的事。
“‘社区+小区+党支部+自管会+网格员’，兜起群众身边事，实现小事不出小区、大事不出社区、矛盾不上交。”靳会杰介绍，近5年，社区累计争取老旧小区改造资金2000多万元，对“三无”小区改造提升。
如今，漓江路社区已构建起“社区党委+小区党支部+楼栋党小组”的党组织体系，18个小区党支部、42个网格党小组层层延伸，将组织触角延伸到社区的每个角落。
前不久，经小区党组织牵头，棉麻龙泰小区制定了居民公约，明确规范车辆停放秩序。“违规停车，一次提醒、两次警告，第三次开始，暂停进入小区一个月。”王艳说，小区地方小、车辆多，乱停乱放让人头疼，大伙商议一致通过，共同遵守。
漯河按照每万名居民配备18名社区工作者的标准，开展统一招聘，为社区补充“生力军”。崔逍晗是2024年来的社工，如今她已担任漓江路社区居委会委员，也是2个小区的网格长，日常负责对接200多户居民。
“我腿脚不方便，娃娃帮俺买药、买菜，有时还代送个餐，嘘寒问暖、贴心得很。”提起小崔，家住香榭里小区、已85岁高龄的张荣华赞不绝口。有次张荣华上床睡觉时，不小心跌倒在地，按下智慧养老服务管理平台呼叫按钮后“一键四响”，网格员、社区党委书记、智慧平台和医院都收到了信息，不到5分钟就有人赶来扶起他送医。
数据显示，漯河市目前建成市县乡村四级共用智慧平台，开通2.8万个专兼职网格员账号，并开发“漯小智”工作端、群众端、小助手应用，提高监测预警、上报问题、快速处置时效，全力打造基层“智治”中枢。
“社区是联系群众、服务群众的神经末梢，也是城市治理的‘最后一公里’。这些年，我们探索‘党建+网格+大数据’的治理模式，努力解决群众的急难愁盼，赢得了真心点赞！”靳会杰说，如今，各类资源不断向基层下沉，“天桥义工”“暖心驿站”等志愿服务也成为社区治理的重要补充。
（本报通讯员张晓甫参与采写）",政治,https://paper.people.com.cn/rmrb/pc/content/202602/09/../../../content/202602/09/content_30139451.html,2026-02-09,"['小区', '社区', '网格', '棉麻', '龙泰', '靳会杰', '自管会', '党支部', '居民', '王艳']","第08版：政治
本版新闻
人民日报2026年02月09日",政治
找到基层治理的最大公约数（干部感言）,"第08版：政治
本版新闻
人民日报2026年02月09日
Mon
居民是社区的主体，缺少居民参与，社区治理如同无源之水、无本之木。我们既发挥辖区老党员、老干部的示范带头作用，也培育多类别的志愿服务队伍，并通过设立“党群议事站”等平台，有效激发居民的主人翁意识，推动实现“居民事、居民议、居民享”，努力构建人人有责、人人尽责、人人享有的社区治理体系。
服务居民、造福居民是社区治理的根本出发点和落脚点。做好社区工作，就要不断提升管理服务能力。我们紧扣“人”这一重点，着力用好社区党员干部、志愿者、网格员三支队伍，把政治素质过硬、群众信任、服务有招、治理有方的优秀人才培育成基层党组织的“领头雁”。充分发挥党组织的引领作用，有机融合群众诉求、居民参与和创新活力，以大家看得见、摸得着、感受得到的方式，凝聚共识、汇聚合力，定能找到基层治理的“最大公约数”，画出共建共享的“最大同心圆”。
（作者为河南漯河召陵区漓江路社区党委书记，本报记者赵帅杰采访整理）
找到基层治理的最大公约数（干部感言）
靳会杰《人民日报》（2026年02月09日第 08 版）
居民是社区的主体，缺少居民参与，社区治理如同无源之水、无本之木。我们既发挥辖区老党员、老干部的示范带头作用，也培育多类别的志愿服务队伍，并通过设立“党群议事站”等平台，有效激发居民的主人翁意识，推动实现“居民事、居民议、居民享”，努力构建人人有责、人人尽责、人人享有的社区治理体系。
服务居民、造福居民是社区治理的根本出发点和落脚点。做好社区工作，就要不断提升管理服务能力。我们紧扣“人”这一重点，着力用好社区党员干部、志愿者、网格员三支队伍，把政治素质过硬、群众信任、服务有招、治理有方的优秀人才培育成基层党组织的“领头雁”。充分发挥党组织的引领作用，有机融合群众诉求、居民参与和创新活力，以大家看得见、摸得着、感受得到的方式，凝聚共识、汇聚合力，定能找到基层治理的“最大公约数”，画出共建共享的“最大同心圆”。
（作者为河南漯河召陵区漓江路社区党委书记，本报记者赵帅杰采访整理）",政治,https://paper.people.com.cn/rmrb/pc/content/202602/09/../../../content/202602/09/content_30139452.html,2026-02-09,"['社区', '居民', '治理', '最大公约数', '基层', '服务', '党组织', '培育', '人人', '队伍']","第08版：政治
本版新闻
人民日报2026年02月09日",政治
这些代表发言很较真（一线行走）,"第08版：政治
本版新闻
人民日报2026年02月09日
Mon
群众身边事，就是最重要的事。代表们实在、较真的履职建言，能为群众带来更多舒心和暖心，把人民城市建设得更有温度
2月7日，上海市十六届人大四次会议闭幕。会议期间，不少上海市人大代表建言献策的场景通过媒体“出圈”，让人印象深刻。
这些代表发言很较真。“黄线画得很长，路边不能停车。买包子要两块钱，停车要10块钱，线下的生意怎么做？”上海市人大代表诸正伟建议，应该用精细化人性化管理，为实体经济护航。“防火门是‘生命屏障’，绝不能上锁，也不能长期开启，万一发生火灾，会加剧烟囱效应，给救援增加阻碍。”上海市人大代表洪程栋的发言直指消防安全隐患，令人警醒。还有不少代表谈到了花鸟市场。随着上海中心城区的花鸟市场陆续关停，代表们直言，“能不能在公园里办花鸟市集？”
一条交通线、一扇防火门、一个花鸟市场，对于上海这座超大城市来说，都是些看上去“不起眼”的小事，却都是代表们心里念的、会上说的事。原因无他，归根结底这都是老百姓关心的事。会议期间，共接收代表建议1317件，既有落实国家战略、实施高水平改革开放、培育发展新质生产力等宏观设想，又有推动城市内涵式发展、促进城乡融合、保障和改善民生、提升人民生活品质等微观思考。
“我是人民选出来的代表，就是要为人民服务。”面对记者提问，有代表直言，作为代表，要切切实实关注群众身边事。人民群众有所呼，人大代表有所应，这正是全过程人民民主的生动体现。
好建议是推动城市治理的好契机。针对提升城市烟火气的期盼，上海多区出台规范，允许有序开展店铺外摆位；关于“防火门”的发言过后，相关部门负责人立刻碰头会商；为回应市民游客的游览需求，上海市复兴公园年宵花市结束时间从原定的2月1日延后至2月9日……针对会议上代表们提出的建议，上海要求有关部门及时对接、认真研究，充分吸收借鉴到今年各项工作中。
代表的建议，也需要扎实办理。上海市人大常委会代表工委提出，将加强代表建议从提出到交办、办理、督办的全流程统筹协调，促进代表建议内容高质量、办理高质量。上海通过常委会主任会议成员领衔督办、专门委员会专项督办、代表工委协调督办等，聚焦具有全局性、引领性和代表性的建议，加强对建议办理工作或办理结果落实情况的督促检查，增强督办实效，推动代表建议办理由“答复型”向“落实型”转变。
群众身边事，就是最重要的事。代表们实在、较真的履职建言，能为群众带来更多舒心和暖心，把人民城市建设得更有温度。
（作者为本报上海分社记者）
栏目投稿邮箱：rmrbzzb@peopledaily.cn
这些代表发言很较真（一线行走）
巨云鹏《人民日报》（2026年02月09日第 08 版）
群众身边事，就是最重要的事。代表们实在、较真的履职建言，能为群众带来更多舒心和暖心，把人民城市建设得更有温度
2月7日，上海市十六届人大四次会议闭幕。会议期间，不少上海市人大代表建言献策的场景通过媒体“出圈”，让人印象深刻。
这些代表发言很较真。“黄线画得很长，路边不能停车。买包子要两块钱，停车要10块钱，线下的生意怎么做？”上海市人大代表诸正伟建议，应该用精细化人性化管理，为实体经济护航。“防火门是‘生命屏障’，绝不能上锁，也不能长期开启，万一发生火灾，会加剧烟囱效应，给救援增加阻碍。”上海市人大代表洪程栋的发言直指消防安全隐患，令人警醒。还有不少代表谈到了花鸟市场。随着上海中心城区的花鸟市场陆续关停，代表们直言，“能不能在公园里办花鸟市集？”
一条交通线、一扇防火门、一个花鸟市场，对于上海这座超大城市来说，都是些看上去“不起眼”的小事，却都是代表们心里念的、会上说的事。原因无他，归根结底这都是老百姓关心的事。会议期间，共接收代表建议1317件，既有落实国家战略、实施高水平改革开放、培育发展新质生产力等宏观设想，又有推动城市内涵式发展、促进城乡融合、保障和改善民生、提升人民生活品质等微观思考。
“我是人民选出来的代表，就是要为人民服务。”面对记者提问，有代表直言，作为代表，要切切实实关注群众身边事。人民群众有所呼，人大代表有所应，这正是全过程人民民主的生动体现。
好建议是推动城市治理的好契机。针对提升城市烟火气的期盼，上海多区出台规范，允许有序开展店铺外摆位；关于“防火门”的发言过后，相关部门负责人立刻碰头会商；为回应市民游客的游览需求，上海市复兴公园年宵花市结束时间从原定的2月1日延后至2月9日……针对会议上代表们提出的建议，上海要求有关部门及时对接、认真研究，充分吸收借鉴到今年各项工作中。
代表的建议，也需要扎实办理。上海市人大常委会代表工委提出，将加强代表建议从提出到交办、办理、督办的全流程统筹协调，促进代表建议内容高质量、办理高质量。上海通过常委会主任会议成员领衔督办、专门委员会专项督办、代表工委协调督办等，聚焦具有全局性、引领性和代表性的建议，加强对建议办理工作或办理结果落实情况的督促检查，增强督办实效，推动代表建议办理由“答复型”向“落实型”转变。
群众身边事，就是最重要的事。代表们实在、较真的履职建言，能为群众带来更多舒心和暖心，把人民城市建设得更有温度。
（作者为本报上海分社记者）
栏目投稿邮箱：rmrbzzb@peopledaily.cn",政治,https://paper.people.com.cn/rmrb/pc/content/202602/09/../../../content/202602/09/content_30139453.html,2026-02-09,"['代表', '建议', '督办', '办理', '防火门', '人民', '群众', '花鸟', '人大代表', '上海市']","第08版：政治
本版新闻
人民日报2026年02月09日",政治
雪域边陲  巡逻护边,"第08版：政治
本版新闻
人民日报2026年02月09日
Mon
西藏山南市隆子县玉麦乡，群山覆盖着积雪。4名护边员行进在雪山间，50岁的普布罗布手持国旗，走在队伍最前面，索朗多吉、拉巴次仁、洛桑罗布紧跟其后。如今，在玉麦乡，护边员们沿着卓嘎、央宗姐妹走过的路巡逻护边，以双脚丈量国土，用忠诚守护家园。
以上图片均为新华社记者丁增尼达摄
雪域边陲  巡逻护边
《人民日报》（2026年02月09日第 08 版）
西藏山南市隆子县玉麦乡，群山覆盖着积雪。4名护边员行进在雪山间，50岁的普布罗布手持国旗，走在队伍最前面，索朗多吉、拉巴次仁、洛桑罗布紧跟其后。如今，在玉麦乡，护边员们沿着卓嘎、央宗姐妹走过的路巡逻护边，以双脚丈量国土，用忠诚守护家园。
以上图片均为新华社记者丁增尼达摄",政治,https://paper.people.com.cn/rmrb/pc/content/202602/09/../../../content/202602/09/content_30139454.html,2026-02-09,"['玉麦', '护边', '罗布', '巡逻', '隆子县', '尼达', '名护', '08', '2026', '02']","第08版：政治
本版新闻
人民日报2026年02月09日",政治
“全额退保”“征信洗白”不可信,"第08版：政治
本版新闻
人民日报2026年02月09日
Mon
本报北京2月8日电  （记者赵展慧）2月6日，金融监管总局、中央网信办、公安部、中国人民银行、中国证监会发布关于警惕不法“代理维权”短视频及直播陷阱的风险提示，提醒广大群众警惕不法“代理维权”侵害，依法理性维权。
近期，社会上一些组织和个人通过短视频及直播等自媒体平台违规制作、散布涉及“全额退保”“债务清零”“债务优化”“债务协商”“债务置换”“征信洗白”“投顾退费”等不实短视频，甚至以直播形式传授“技巧”，诱导金融消费者、投资者委托其“代理维权”，从而收取高额咨询费、服务费。这些不法“代理维权”短视频、直播乱象主要特征为谎称“监管部门出新政”“金融机构有活动”，宣称“专业律师专业维权”“股市下跌投顾骗钱”等。
监管部门提示，防骗首先勿听信谣言，金融消费者、投资者应通过政策出台部门官方网站、金融机构全国统一客服热线等正规渠道获取信息。同时，警惕“代理维权”骗局可能导致的“违约”官司、信息泄露等问题，如遇金融纠纷，可通过金融机构公布的官方渠道或向金融管理部门反映，也可通过专业调解组织进行调解，或依法通过诉讼、仲裁等方式解决。
金融监管总局等5部门提示警惕不法代理维权
“全额退保”“征信洗白”不可信
《人民日报》（2026年02月09日第 08 版）
本报北京2月8日电  （记者赵展慧）2月6日，金融监管总局、中央网信办、公安部、中国人民银行、中国证监会发布关于警惕不法“代理维权”短视频及直播陷阱的风险提示，提醒广大群众警惕不法“代理维权”侵害，依法理性维权。
近期，社会上一些组织和个人通过短视频及直播等自媒体平台违规制作、散布涉及“全额退保”“债务清零”“债务优化”“债务协商”“债务置换”“征信洗白”“投顾退费”等不实短视频，甚至以直播形式传授“技巧”，诱导金融消费者、投资者委托其“代理维权”，从而收取高额咨询费、服务费。这些不法“代理维权”短视频、直播乱象主要特征为谎称“监管部门出新政”“金融机构有活动”，宣称“专业律师专业维权”“股市下跌投顾骗钱”等。
监管部门提示，防骗首先勿听信谣言，金融消费者、投资者应通过政策出台部门官方网站、金融机构全国统一客服热线等正规渠道获取信息。同时，警惕“代理维权”骗局可能导致的“违约”官司、信息泄露等问题，如遇金融纠纷，可通过金融机构公布的官方渠道或向金融管理部门反映，也可通过专业调解组织进行调解，或依法通过诉讼、仲裁等方式解决。",政治,https://paper.people.com.cn/rmrb/pc/content/202602/09/../../../content/202602/09/content_30139455.html,2026-02-09,"['维权', '代理', '直播', '视频', '不法', '警惕', '债务', '洗白', '投顾', '退保']","第08版：政治
本版新闻
人民日报2026年02月09日",政治
春节假期预计约143万内地旅客访港,"第08版：政治
本版新闻
人民日报2026年02月09日
Mon
本报香港2月8日电  （记者陈然）香港特区政府跨部门工作小组会议日前召开，统筹并督导各部门接待访港旅客的预备工作。特区政府入境处预计，春节假期约有143万名内地旅客进入香港。
香港特区政府政务司司长陈国基主持会议时表示，特区政府会做好接待访港旅客预备工作，包括积极协调、统筹口岸和交通配套，并与相关机构和旅游业界紧密联系，做好人流管理、信息发布、公共交通和各口岸安排，确保各环节运作顺畅，为访港旅客提供优质体验。
由警务处、入境处、海关和相关部门成立的跨部门联合指挥中心将在2月14日至23日启动，实时监测口岸现场情况，并与内地口岸部门通过口岸热线和即时通报机制紧密联系，于有需要时作出迅速应变和调动。
特区政府决定农历新年假期期间维持现行通关时间，落马洲/皇岗口岸和港珠澳大桥口岸24小时通关。港铁公司将于2月13日至23日重点加强东铁线列车服务，大部分本地铁路线会在2月16日提供通宵服务。运输署会配合口岸安排，协调相关营运商加强连接各边境管制站的交通服务。
春节假期预计约143万内地旅客访港
《人民日报》（2026年02月09日第 08 版）
本报香港2月8日电  （记者陈然）香港特区政府跨部门工作小组会议日前召开，统筹并督导各部门接待访港旅客的预备工作。特区政府入境处预计，春节假期约有143万名内地旅客进入香港。
香港特区政府政务司司长陈国基主持会议时表示，特区政府会做好接待访港旅客预备工作，包括积极协调、统筹口岸和交通配套，并与相关机构和旅游业界紧密联系，做好人流管理、信息发布、公共交通和各口岸安排，确保各环节运作顺畅，为访港旅客提供优质体验。
由警务处、入境处、海关和相关部门成立的跨部门联合指挥中心将在2月14日至23日启动，实时监测口岸现场情况，并与内地口岸部门通过口岸热线和即时通报机制紧密联系，于有需要时作出迅速应变和调动。
特区政府决定农历新年假期期间维持现行通关时间，落马洲/皇岗口岸和港珠澳大桥口岸24小时通关。港铁公司将于2月13日至23日重点加强东铁线列车服务，大部分本地铁路线会在2月16日提供通宵服务。运输署会配合口岸安排，协调相关营运商加强连接各边境管制站的交通服务。",政治,https://paper.people.com.cn/rmrb/pc/content/202602/09/../../../content/202602/09/content_30139456.html,2026-02-09,"['口岸', '访港', '旅客', '特区政府', '春节假期', '预备工作', '入境处', '143', '23', '香港特区政府']","第08版：政治
本版新闻
人民日报2026年02月09日",政治
“加速”“优先”抢票均为噱头，别上当,"第08版：政治
本版新闻
人民日报2026年02月09日
Mon
春节临近，一些“抢票神器”声称能通过“全能抢票”“专人抢票”“极速抢票”等手段获取火车票，收取10元至几十元不等的“抢票费”。这些抢票功能是否名副其实？
北京市市场监管局查处了一起平台虚假“抢票”典型案件，涉案平台所称的“平台抢票”实际上是12306系统官网候补，各种所谓的抢票手段实为欺骗误导旅客的消费陷阱。
“平台抢票”实为官网候补。“候补购票”是中国铁路推出的一项官方购票服务，在火车票售罄后，旅客可通过铁路12306平台免费提交候补订单，后续有余票时12306系统按照订单生效的时间顺序自动为候补旅客兑现车票。从调查情况来看，涉案平台宣传的“双通道抢票”声称“候补购票+余票监控双通道，更快抢到票，成功率更高”，但根据铁路12306平台规则，存在候补订单时不会出现可供购买的余票，该“双通道抢票”实则利用旅客个人12306账号在官网上为旅客提交候补订单，按候补排序等票。
“极速加速”并不提速。在列车车票售罄后，第三方抢票平台仍声称可为消费者提供10元到50元不等的各种“加速包”，对应200M至1000M不等的“带宽”，声称购买“加速包”后抢票速度更快、成功率更高。事实上在该车次车票售罄的情形下已无票可抢，第三方抢票平台也并未实施抢票行为，根本无法达到加速效果。
“余票监控”不靠谱。调查中，执法人员发现涉案平台的“余票监控”功能，宣称可实时监控余票、有票立即秒杀，实则根本达不到其所宣称的实时监控功能，仅能通过技术手段不断刷新铁路12306平台页面获取公开信息，无法提前获取或者锁定票源，也无法监控到发放至候补队列的余票。
“候补”免费变收费。涉案平台所销售的“全能抢票”“专人抢票”等抢票服务都会收取不同费用，消费者付费购买后，平台会为登录过12306平台的用户开启“候补购票”。这样实际是把免费候补包装成了收费服务，以“更快抢到票”“成功率更高”等误导性宣传，诱导消费者支付额外费用，增加了出行成本。
北京市市场监管综合执法总队相关负责人表示，铁路12306平台是中国铁路官方唯一的网络购票平台，2018年该平台推出“候补购票”功能后，网上的各类第三方抢票平台宣称的“抢票”服务，不能改变铁路12306平台的“候补购票”规则，无法实现提前购票或优先购票目的。
北京市市场监管局提醒广大消费者：抢票软件宣传的“抢票优先”“加速兑现”等功能具有误导性和欺骗性，现有抢票软件都无法突破12306官方平台的候补规则，也无法提高购票的成功概率，所谓“加速”“优先”等均为营销噱头，消费者要提高防范意识，谨防上当受骗。
北京市市场监管局查处平台虚假抢票典型案件
“加速”“优先”抢票均为噱头，别上当
本报记者  潘俊强  林丽鹂《人民日报》（2026年02月09日第 08 版）
春节临近，一些“抢票神器”声称能通过“全能抢票”“专人抢票”“极速抢票”等手段获取火车票，收取10元至几十元不等的“抢票费”。这些抢票功能是否名副其实？
北京市市场监管局查处了一起平台虚假“抢票”典型案件，涉案平台所称的“平台抢票”实际上是12306系统官网候补，各种所谓的抢票手段实为欺骗误导旅客的消费陷阱。
“平台抢票”实为官网候补。“候补购票”是中国铁路推出的一项官方购票服务，在火车票售罄后，旅客可通过铁路12306平台免费提交候补订单，后续有余票时12306系统按照订单生效的时间顺序自动为候补旅客兑现车票。从调查情况来看，涉案平台宣传的“双通道抢票”声称“候补购票+余票监控双通道，更快抢到票，成功率更高”，但根据铁路12306平台规则，存在候补订单时不会出现可供购买的余票，该“双通道抢票”实则利用旅客个人12306账号在官网上为旅客提交候补订单，按候补排序等票。
“极速加速”并不提速。在列车车票售罄后，第三方抢票平台仍声称可为消费者提供10元到50元不等的各种“加速包”，对应200M至1000M不等的“带宽”，声称购买“加速包”后抢票速度更快、成功率更高。事实上在该车次车票售罄的情形下已无票可抢，第三方抢票平台也并未实施抢票行为，根本无法达到加速效果。
“余票监控”不靠谱。调查中，执法人员发现涉案平台的“余票监控”功能，宣称可实时监控余票、有票立即秒杀，实则根本达不到其所宣称的实时监控功能，仅能通过技术手段不断刷新铁路12306平台页面获取公开信息，无法提前获取或者锁定票源，也无法监控到发放至候补队列的余票。
“候补”免费变收费。涉案平台所销售的“全能抢票”“专人抢票”等抢票服务都会收取不同费用，消费者付费购买后，平台会为登录过12306平台的用户开启“候补购票”。这样实际是把免费候补包装成了收费服务，以“更快抢到票”“成功率更高”等误导性宣传，诱导消费者支付额外费用，增加了出行成本。
北京市市场监管综合执法总队相关负责人表示，铁路12306平台是中国铁路官方唯一的网络购票平台，2018年该平台推出“候补购票”功能后，网上的各类第三方抢票平台宣称的“抢票”服务，不能改变铁路12306平台的“候补购票”规则，无法实现提前购票或优先购票目的。
北京市市场监管局提醒广大消费者：抢票软件宣传的“抢票优先”“加速兑现”等功能具有误导性和欺骗性，现有抢票软件都无法突破12306官方平台的候补规则，也无法提高购票的成功概率，所谓“加速”“优先”等均为营销噱头，消费者要提高防范意识，谨防上当受骗。",政治,https://paper.people.com.cn/rmrb/pc/content/202602/09/../../../content/202602/09/content_30139457.html,2026-02-09,"['抢票', '候补', '平台', '12306', '购票', '余票', '监控', '加速', '铁路', '旅客']","第08版：政治
本版新闻
人民日报2026年02月09日",政治
本版责编：季健明  徐雷鹏  迟嘉瑞,"第08版：政治
本版新闻
人民日报2026年02月09日
Mon",政治,https://paper.people.com.cn/rmrb/pc/content/202602/09/../../../content/202602/09/content_30139458.html,2026-02-09,"['本版', '责编', '08', '2026', '02', '09', 'Mon', '季健明', '徐雷鹏', '迟嘉瑞']","第08版：政治
本版新闻
人民日报2026年02月09日",政治
更加坚决有力地贯彻落实党中央重大决策部署（深入学习贯彻习近平新时代中国特色社会主义思想）,"第09版：理论
本版新闻
人民日报2026年02月09日
Mon
党中央重大决策部署具有方向性、原则性、纲领性，是各地区各部门开展工作的重要遵循。习近平总书记在二十届中央纪委五次全会上强调：“要坚持和加强党的全面领导，以更高标准、更实举措推进全面从严治党，更加坚决有力地贯彻落实党中央重大决策部署，更加科学有效地把权力关进制度笼子，更加清醒坚定地推进反腐败斗争，为实现‘十五五’时期目标任务提供坚强保障。”党的二十届四中全会《建议》提出：“完善党中央重大决策部署落实机制，确保上下贯通、执行有力。”贯彻落实党中央重大决策部署是我们不断从胜利走向新的胜利的重要保障。新征程上，我们必须以高度的政治责任感和历史使命感更加坚决有力地贯彻落实党中央重大决策部署，埋头苦干、真抓实干，推动社会主义现代化事业不断迈出新步伐。
党中央重大决策部署是党和国家工作的“纲”
习近平总书记强调：“引导督促党员、干部真正悟透党中央大政方针，时时处处向党中央看齐，扎扎实实贯彻党中央决策部署”。党中央重大决策部署是在广泛发扬民主的基础上，集中全党全国智慧作出的，站位高远、内容科学、意蕴深刻。党中央重大决策部署引领党和国家工作发展，为各地区各部门工作提供总依据，是党和国家工作的“纲”。
党中央重大决策部署是我们党团结带领人民为实现强国建设、民族复兴伟业的宏伟目标而制定、形成的工作指南与行动依据，指向鲜明、内容系统。作为党和国家发展的顶层设计，党中央重大决策部署从内容维度看主要包括：重大战略决策，比如“五位一体”总体布局和“四个全面”战略布局；重大政策举措和工作部署，涉及经济、政治、文化、社会、生态文明等各领域的具体政策和部署；重要会议形成的文件，比如党的全国代表大会、中央全会作出的报告和决议决定等。我们必须提高政治站位，全面深刻准确领悟党中央重大决策部署的核心要义与实践要求。
习近平总书记重要指示批示是贯彻落实党中央重大决策部署的方向指引。党的十八大以来，习近平总书记亲自关心、亲自部署、亲自推动各方面重要工作，指引形成了系统、科学、全面的决策部署内容，有力引领推动了党和国家事业发展取得历史性成就、发生历史性变革。贯彻落实习近平总书记重要指示批示精神是贯彻落实党中央重大决策部署的题中应有之义。必须围绕习近平总书记反复强调的贯彻新发展理念、推动高质量发展、加快构建新发展格局，聚焦建设现代化产业体系、因地制宜发展新质生产力等工作任务抓好落实。
党中央重大决策部署指引党和国家工作方向。从根本上说，各地区各部门工作都是党中央重大决策部署的展开和实践。各地区各部门作决策、干工作、抓落实，严格落实党中央重大决策部署才能确保工作的政治方向、行动举措不发生偏差，确保工作正确、科学地推进。党中央重大决策部署体现人民群众的根本利益，只有贯彻落实好，才能确保我们始终坚持党的性质和宗旨，永葆党的先进性和纯洁性。要增强贯彻落实的政治自觉和政治担当，确保党中央重大决策部署落到实处。
贯彻落实党中央重大决策部署是基于历史与现实的必然要求
习近平总书记指出：“贯彻落实党中央重大决策部署，是维护党中央权威和集中统一领导的根本要求，也是党和人民事业不断发展进步的重要历史经验。”对于马克思主义政党而言，贯彻落实党中央重大决策部署，是保持自身强大凝聚力、组织力、战斗力的关键。历史和实践充分证明，只有不折不扣、毫不动摇地贯彻落实党中央重大决策部署，才能保障社会主义现代化事业行稳致远。
贯彻落实党中央重大决策部署，是维护党中央权威和集中统一领导的根本要求。习近平总书记指出：“‘两个维护’要体现在坚决贯彻党中央决策部署的行动上，体现在履职尽责、做好本职工作的实效上，体现在党员、干部的日常言行上。”“维护党中央权威和集中统一领导，确保党中央重大决策部署落实到位。”坚持党中央权威和集中统一领导是党的领导的最高原则，关系党和国家事业的前途命运。这一最高原则在政治上，解决的是路线方针政策的问题，关乎工作方向；在思想上，解决的是党的科学理论武装的问题，关乎工作质量；在组织上，解决的是党的工作的组织动员问题，关乎工作落实。党中央重大决策部署是在广泛的调查研究、意见征求、专题论证等基础上形成的统一意志，是民主集中制的体现，也是党的各种领导方式综合发挥作用的体现，既反映党的正确路线方针政策，也是党的科学理论的体现，需要依靠严密的组织动员来落实执行。贯彻落实党中央重大决策部署，就是对党中央权威和集中统一领导的坚决维护。党中央重大决策部署贯彻落实的程度直接反映着维护党中央权威和集中统一领导的情况。只有自觉把思想和行动统一到党中央重大决策部署上，才是对“两个维护”的真正践行。
贯彻落实党中央重大决策部署，是党和人民事业不断发展的重要历史经验。在党的历史上，在党中央的正确决策部署得到不折不扣贯彻落实的时期，党和人民的事业就能赢得胜利；反之，则会遭遇失败，陷入危险境地。解放战争时期，从西柏坡的中央军委作战室出发，一封封电报承载着党中央、毛主席的指令，到达各个战役指挥部，全党全军无条件执行，前后方步调一致、密切协同，最终取得解放战争胜利。改革开放和社会主义现代化建设新时期，党中央作出了兴办经济特区的决策部署，各经济特区勇担使命、改革创新，创造了令人瞩目的发展成绩，为全国改革开放提供了宝贵经验。新时代以来，以习近平同志为核心的党中央从制定和实施中央八项规定开局破题，推动全党改作风树新风。各地区各部门深入贯彻中央八项规定精神，筑牢思想堤坝，创新体制机制，改进工作方法。歪风邪气刹住了，党员干部精气神为之一振，推动高质量发展不断取得新成效。这些事实都生动说明，把党中央重大决策部署落到实处，就能克服挑战和困难，凝聚向前发展的推动力，使党一步一步实现既定目标。
贯彻落实党中央重大决策部署，是遵守党的政治纪律和政治规矩的基本要求。政治纪律和政治规矩是全党在政治方向、政治立场、政治言论、政治行动方面必须遵守的刚性约束。习近平总书记指出：“要把维护党中央权威和集中统一领导作为明确的政治准则和根本的政治要求，在思想上高度认同，政治上坚决维护，组织上自觉服从，行动上紧紧跟随，在政治立场、政治方向、政治原则、政治道路上同党中央保持高度一致，自觉维护党中央权威”，并强调这是“根本的政治纪律和政治规矩”。贯彻落实党中央重大决策部署就是在思想上政治上行动上同党中央保持高度一致，是遵守党的政治纪律和政治规矩的基本要求。在《中国共产党纪律处分条例》中，“在重大原则问题上不同党中央保持一致且有实际言论、行为或者造成不良后果的”“贯彻党中央决策部署只表态不落实，或者落实党中央决策部署不坚决，打折扣、搞变通，在政治上造成不良影响或者严重后果的”均被列为违反党的政治纪律的行为。只有贯彻落实好党中央重大决策部署，才能从根本上严明党的政治纪律和政治规矩，从而带动其他方面的纪律建设，纵深推进全面从严治党。
贯彻落实党中央重大决策部署，是练好内功、增强发展主动性的必然要求。当前，我国经济顶压前行、向新向优发展，现代化产业体系建设持续推进，改革开放迈出新步伐，重点领域风险化解取得积极进展，民生保障更加有力。同时，仍然面临一些问题挑战，如外部环境变化影响加深、国内供强需弱矛盾突出等。去年底召开的中央经济工作会议提出“必须以苦练内功来应对外部挑战”这一重要要求。苦练内功，是我们以自身确定性应对外部不确定性的战略决心，是基于对国内外形势科学判断作出的具有战略自信和历史主动精神的科学选择。党中央重大决策部署统筹战略指引和政策支持，为破解当前发展面临的突出矛盾和问题提供思路、对策，部署安排重点任务，为练好内功、增强发展主动性提供了方向保证、内生动力和重要保障。越是顶压前行，越需要增强落实的执行力，扎扎实实贯彻党中央重大决策部署，明确问题、补强弱项、增强韧性，从而练好内功、站稳脚跟，不断增创发展的新优势。
以高标准、实举措更加坚决有力地贯彻落实党中央重大决策部署
落实才能出成绩，执行才能见成效。习近平总书记强调：“各级党组织和广大党员、干部要增强政治责任感、历史使命感，以实际行动贯彻落实好党的二十届四中全会各项决策部署。”新征程上，广大党员干部要不断提高政治判断力、政治领悟力、政治执行力，更加坚决有力地贯彻落实党中央重大决策部署。
不折不扣贯彻落实党中央重大决策部署。党中央重大决策部署是全党全国统一思想、统一意志、统一行动的依据，必须不折不扣地贯彻落实。任何对党中央重大决策部署“作选择”“搞变通”“打折扣”的行为，都会损害党中央集中统一领导，损害人民的根本利益。做到不折不扣贯彻落实党中央重大决策部署，前提是全面深刻准确把握党中央重大决策部署的精神实质和具体举措。既要以全局视野领会党中央重大决策部署的精神，对“是什么、为什么、怎么做”了然于胸；又要精准把握政策的界限和尺度，对“该为什么、不该为什么”心领神会。做到不折不扣贯彻落实党中央重大决策部署，还要善于抓住主要矛盾，统筹全局与局部、当前和长远、目标导向和问题导向。党中央重大决策部署立足全党全国整体情况，涉及全局性战略、多方面工作，其内部具有很强的系统性、关联性、协同性。要将各项部署作为一个整体来把握，不能顾此失彼。同时，紧扣党中央明确的目标任务、战略部署和主攻方向，既时刻把准方向，又精准施策、精准发力，使实际效果符合党中央决策意图和政策初衷。
创造性贯彻落实党中央重大决策部署。习近平总书记指出：“地方在坚决贯彻党中央决策部署的同时，要发挥主观能动性，结合地方实际创造性开展工作。”党中央重大决策部署是立足全党全国发展大局作出的，具有方向性、原则性、纲领性，只有结合实际，认真探索有效方法和途径，才能将其落到实处。现实中，有的地方照本宣科、生搬硬套、机械执行，把红头文件的标题改一改下发了事，或者不顾实际、盲目跟风上马一些热门项目，这些本质上都是不作为、懒作为、乱作为的表现。要深入开展调查研究，认真分析本地区资源要素禀赋和发展实际，结合本地区的经济、政治、社会、历史、地理等现实条件制定有效的落实方案。落实方案要突出针对性、可操作性，在解决经济社会发展的堵点难点问题上拿出真招，在解决群众的急难愁盼问题上拿出实招。在吃透党中央精神、摸清本地区实情的基础上，大胆创新、勇于突破，以舍我其谁的担当精神提出破解问题的新思路新办法，以创造性工作推动党中央重大决策部署落地生根。
树立和践行正确政绩观，为人民出政绩、以实干出政绩，把党中央重大决策部署转化为发展成效。习近平总书记指出：“树立正确政绩观，尊重客观实际和群众需求，强化系统思维和科学谋划，多做为民造福的实事好事，杜绝装样子、搞花架子、盲目铺摊子。”党员干部必须始终坚持全心全意为人民服务的根本宗旨，以对客观实际的准确把握、以真抓实干的行动更好贯彻落实党中央重大决策部署，推动形成实实在在的发展成效。“十五五”时期是基本实现社会主义现代化夯实基础、全面发力的关键时期，巩固拓展优势、破除瓶颈制约、补强短板弱项任务繁重艰巨。在此过程中，党员干部必然会面对许多涉及复杂利益、触及深层次矛盾的情况，而在关键时候能否站得出、靠得住、顶得上就成为检验其政治责任感的试金石。必须始终牢记自身职责使命，以正确政绩观引领各项工作，把全部精力聚焦于实现党的中心任务上来，心无旁骛地抓改革、促发展，办实事、求实效，采取更多可感可及的具体举措满足人民群众的美好生活需要，创造经得起实践和人民检验的政绩。
加强具体化、精准化、常态化监督检查，保障党中央重大决策部署落到实处。深化政治监督，是推动贯彻落实党中央重大决策部署的重要保障。着眼“十五五”时期经济社会发展各项任务要求，纪检监察机关作为党内监督和国家监察专责机关，要履行好政治监督首要职责、根本职责，检查党中央重大决策部署在各地区各部门的执行情况，推动党中央重大决策部署落地见效。要紧紧围绕贯彻新发展理念、推动高质量发展、加快构建新发展格局，聚焦建设现代化产业体系、因地制宜发展新质生产力、建设全国统一大市场、扩大高水平对外开放、扎实推进全体人民共同富裕、常态化防止返贫致贫、化解地方政府隐性债务、加强生态环境保护、统筹发展和安全等任务要求，深入进行监督检查，具体到事到人，确保监督检查有依据、有程序、有成效。形式主义、官僚主义是阻碍党中央重大决策部署贯彻落实的大敌。要聚焦形式主义、官僚主义突出问题，强化整改监督，切实打通贯彻执行中的堵点淤点难点，以有力有效的监督促进各项政策落实落地。
（作者单位：中国人民大学纪检监察学院）
更加坚决有力地贯彻落实党中央重大决策部署（深入学习贯彻习近平新时代中国特色社会主义思想）
吴付来  谭  俊《人民日报》（2026年02月09日第 09 版）
党中央重大决策部署具有方向性、原则性、纲领性，是各地区各部门开展工作的重要遵循。习近平总书记在二十届中央纪委五次全会上强调：“要坚持和加强党的全面领导，以更高标准、更实举措推进全面从严治党，更加坚决有力地贯彻落实党中央重大决策部署，更加科学有效地把权力关进制度笼子，更加清醒坚定地推进反腐败斗争，为实现‘十五五’时期目标任务提供坚强保障。”党的二十届四中全会《建议》提出：“完善党中央重大决策部署落实机制，确保上下贯通、执行有力。”贯彻落实党中央重大决策部署是我们不断从胜利走向新的胜利的重要保障。新征程上，我们必须以高度的政治责任感和历史使命感更加坚决有力地贯彻落实党中央重大决策部署，埋头苦干、真抓实干，推动社会主义现代化事业不断迈出新步伐。
党中央重大决策部署是党和国家工作的“纲”
习近平总书记强调：“引导督促党员、干部真正悟透党中央大政方针，时时处处向党中央看齐，扎扎实实贯彻党中央决策部署”。党中央重大决策部署是在广泛发扬民主的基础上，集中全党全国智慧作出的，站位高远、内容科学、意蕴深刻。党中央重大决策部署引领党和国家工作发展，为各地区各部门工作提供总依据，是党和国家工作的“纲”。
党中央重大决策部署是我们党团结带领人民为实现强国建设、民族复兴伟业的宏伟目标而制定、形成的工作指南与行动依据，指向鲜明、内容系统。作为党和国家发展的顶层设计，党中央重大决策部署从内容维度看主要包括：重大战略决策，比如“五位一体”总体布局和“四个全面”战略布局；重大政策举措和工作部署，涉及经济、政治、文化、社会、生态文明等各领域的具体政策和部署；重要会议形成的文件，比如党的全国代表大会、中央全会作出的报告和决议决定等。我们必须提高政治站位，全面深刻准确领悟党中央重大决策部署的核心要义与实践要求。
习近平总书记重要指示批示是贯彻落实党中央重大决策部署的方向指引。党的十八大以来，习近平总书记亲自关心、亲自部署、亲自推动各方面重要工作，指引形成了系统、科学、全面的决策部署内容，有力引领推动了党和国家事业发展取得历史性成就、发生历史性变革。贯彻落实习近平总书记重要指示批示精神是贯彻落实党中央重大决策部署的题中应有之义。必须围绕习近平总书记反复强调的贯彻新发展理念、推动高质量发展、加快构建新发展格局，聚焦建设现代化产业体系、因地制宜发展新质生产力等工作任务抓好落实。
党中央重大决策部署指引党和国家工作方向。从根本上说，各地区各部门工作都是党中央重大决策部署的展开和实践。各地区各部门作决策、干工作、抓落实，严格落实党中央重大决策部署才能确保工作的政治方向、行动举措不发生偏差，确保工作正确、科学地推进。党中央重大决策部署体现人民群众的根本利益，只有贯彻落实好，才能确保我们始终坚持党的性质和宗旨，永葆党的先进性和纯洁性。要增强贯彻落实的政治自觉和政治担当，确保党中央重大决策部署落到实处。
贯彻落实党中央重大决策部署是基于历史与现实的必然要求
习近平总书记指出：“贯彻落实党中央重大决策部署，是维护党中央权威和集中统一领导的根本要求，也是党和人民事业不断发展进步的重要历史经验。”对于马克思主义政党而言，贯彻落实党中央重大决策部署，是保持自身强大凝聚力、组织力、战斗力的关键。历史和实践充分证明，只有不折不扣、毫不动摇地贯彻落实党中央重大决策部署，才能保障社会主义现代化事业行稳致远。
贯彻落实党中央重大决策部署，是维护党中央权威和集中统一领导的根本要求。习近平总书记指出：“‘两个维护’要体现在坚决贯彻党中央决策部署的行动上，体现在履职尽责、做好本职工作的实效上，体现在党员、干部的日常言行上。”“维护党中央权威和集中统一领导，确保党中央重大决策部署落实到位。”坚持党中央权威和集中统一领导是党的领导的最高原则，关系党和国家事业的前途命运。这一最高原则在政治上，解决的是路线方针政策的问题，关乎工作方向；在思想上，解决的是党的科学理论武装的问题，关乎工作质量；在组织上，解决的是党的工作的组织动员问题，关乎工作落实。党中央重大决策部署是在广泛的调查研究、意见征求、专题论证等基础上形成的统一意志，是民主集中制的体现，也是党的各种领导方式综合发挥作用的体现，既反映党的正确路线方针政策，也是党的科学理论的体现，需要依靠严密的组织动员来落实执行。贯彻落实党中央重大决策部署，就是对党中央权威和集中统一领导的坚决维护。党中央重大决策部署贯彻落实的程度直接反映着维护党中央权威和集中统一领导的情况。只有自觉把思想和行动统一到党中央重大决策部署上，才是对“两个维护”的真正践行。
贯彻落实党中央重大决策部署，是党和人民事业不断发展的重要历史经验。在党的历史上，在党中央的正确决策部署得到不折不扣贯彻落实的时期，党和人民的事业就能赢得胜利；反之，则会遭遇失败，陷入危险境地。解放战争时期，从西柏坡的中央军委作战室出发，一封封电报承载着党中央、毛主席的指令，到达各个战役指挥部，全党全军无条件执行，前后方步调一致、密切协同，最终取得解放战争胜利。改革开放和社会主义现代化建设新时期，党中央作出了兴办经济特区的决策部署，各经济特区勇担使命、改革创新，创造了令人瞩目的发展成绩，为全国改革开放提供了宝贵经验。新时代以来，以习近平同志为核心的党中央从制定和实施中央八项规定开局破题，推动全党改作风树新风。各地区各部门深入贯彻中央八项规定精神，筑牢思想堤坝，创新体制机制，改进工作方法。歪风邪气刹住了，党员干部精气神为之一振，推动高质量发展不断取得新成效。这些事实都生动说明，把党中央重大决策部署落到实处，就能克服挑战和困难，凝聚向前发展的推动力，使党一步一步实现既定目标。
贯彻落实党中央重大决策部署，是遵守党的政治纪律和政治规矩的基本要求。政治纪律和政治规矩是全党在政治方向、政治立场、政治言论、政治行动方面必须遵守的刚性约束。习近平总书记指出：“要把维护党中央权威和集中统一领导作为明确的政治准则和根本的政治要求，在思想上高度认同，政治上坚决维护，组织上自觉服从，行动上紧紧跟随，在政治立场、政治方向、政治原则、政治道路上同党中央保持高度一致，自觉维护党中央权威”，并强调这是“根本的政治纪律和政治规矩”。贯彻落实党中央重大决策部署就是在思想上政治上行动上同党中央保持高度一致，是遵守党的政治纪律和政治规矩的基本要求。在《中国共产党纪律处分条例》中，“在重大原则问题上不同党中央保持一致且有实际言论、行为或者造成不良后果的”“贯彻党中央决策部署只表态不落实，或者落实党中央决策部署不坚决，打折扣、搞变通，在政治上造成不良影响或者严重后果的”均被列为违反党的政治纪律的行为。只有贯彻落实好党中央重大决策部署，才能从根本上严明党的政治纪律和政治规矩，从而带动其他方面的纪律建设，纵深推进全面从严治党。
贯彻落实党中央重大决策部署，是练好内功、增强发展主动性的必然要求。当前，我国经济顶压前行、向新向优发展，现代化产业体系建设持续推进，改革开放迈出新步伐，重点领域风险化解取得积极进展，民生保障更加有力。同时，仍然面临一些问题挑战，如外部环境变化影响加深、国内供强需弱矛盾突出等。去年底召开的中央经济工作会议提出“必须以苦练内功来应对外部挑战”这一重要要求。苦练内功，是我们以自身确定性应对外部不确定性的战略决心，是基于对国内外形势科学判断作出的具有战略自信和历史主动精神的科学选择。党中央重大决策部署统筹战略指引和政策支持，为破解当前发展面临的突出矛盾和问题提供思路、对策，部署安排重点任务，为练好内功、增强发展主动性提供了方向保证、内生动力和重要保障。越是顶压前行，越需要增强落实的执行力，扎扎实实贯彻党中央重大决策部署，明确问题、补强弱项、增强韧性，从而练好内功、站稳脚跟，不断增创发展的新优势。
以高标准、实举措更加坚决有力地贯彻落实党中央重大决策部署
落实才能出成绩，执行才能见成效。习近平总书记强调：“各级党组织和广大党员、干部要增强政治责任感、历史使命感，以实际行动贯彻落实好党的二十届四中全会各项决策部署。”新征程上，广大党员干部要不断提高政治判断力、政治领悟力、政治执行力，更加坚决有力地贯彻落实党中央重大决策部署。
不折不扣贯彻落实党中央重大决策部署。党中央重大决策部署是全党全国统一思想、统一意志、统一行动的依据，必须不折不扣地贯彻落实。任何对党中央重大决策部署“作选择”“搞变通”“打折扣”的行为，都会损害党中央集中统一领导，损害人民的根本利益。做到不折不扣贯彻落实党中央重大决策部署，前提是全面深刻准确把握党中央重大决策部署的精神实质和具体举措。既要以全局视野领会党中央重大决策部署的精神，对“是什么、为什么、怎么做”了然于胸；又要精准把握政策的界限和尺度，对“该为什么、不该为什么”心领神会。做到不折不扣贯彻落实党中央重大决策部署，还要善于抓住主要矛盾，统筹全局与局部、当前和长远、目标导向和问题导向。党中央重大决策部署立足全党全国整体情况，涉及全局性战略、多方面工作，其内部具有很强的系统性、关联性、协同性。要将各项部署作为一个整体来把握，不能顾此失彼。同时，紧扣党中央明确的目标任务、战略部署和主攻方向，既时刻把准方向，又精准施策、精准发力，使实际效果符合党中央决策意图和政策初衷。
创造性贯彻落实党中央重大决策部署。习近平总书记指出：“地方在坚决贯彻党中央决策部署的同时，要发挥主观能动性，结合地方实际创造性开展工作。”党中央重大决策部署是立足全党全国发展大局作出的，具有方向性、原则性、纲领性，只有结合实际，认真探索有效方法和途径，才能将其落到实处。现实中，有的地方照本宣科、生搬硬套、机械执行，把红头文件的标题改一改下发了事，或者不顾实际、盲目跟风上马一些热门项目，这些本质上都是不作为、懒作为、乱作为的表现。要深入开展调查研究，认真分析本地区资源要素禀赋和发展实际，结合本地区的经济、政治、社会、历史、地理等现实条件制定有效的落实方案。落实方案要突出针对性、可操作性，在解决经济社会发展的堵点难点问题上拿出真招，在解决群众的急难愁盼问题上拿出实招。在吃透党中央精神、摸清本地区实情的基础上，大胆创新、勇于突破，以舍我其谁的担当精神提出破解问题的新思路新办法，以创造性工作推动党中央重大决策部署落地生根。
树立和践行正确政绩观，为人民出政绩、以实干出政绩，把党中央重大决策部署转化为发展成效。习近平总书记指出：“树立正确政绩观，尊重客观实际和群众需求，强化系统思维和科学谋划，多做为民造福的实事好事，杜绝装样子、搞花架子、盲目铺摊子。”党员干部必须始终坚持全心全意为人民服务的根本宗旨，以对客观实际的准确把握、以真抓实干的行动更好贯彻落实党中央重大决策部署，推动形成实实在在的发展成效。“十五五”时期是基本实现社会主义现代化夯实基础、全面发力的关键时期，巩固拓展优势、破除瓶颈制约、补强短板弱项任务繁重艰巨。在此过程中，党员干部必然会面对许多涉及复杂利益、触及深层次矛盾的情况，而在关键时候能否站得出、靠得住、顶得上就成为检验其政治责任感的试金石。必须始终牢记自身职责使命，以正确政绩观引领各项工作，把全部精力聚焦于实现党的中心任务上来，心无旁骛地抓改革、促发展，办实事、求实效，采取更多可感可及的具体举措满足人民群众的美好生活需要，创造经得起实践和人民检验的政绩。
加强具体化、精准化、常态化监督检查，保障党中央重大决策部署落到实处。深化政治监督，是推动贯彻落实党中央重大决策部署的重要保障。着眼“十五五”时期经济社会发展各项任务要求，纪检监察机关作为党内监督和国家监察专责机关，要履行好政治监督首要职责、根本职责，检查党中央重大决策部署在各地区各部门的执行情况，推动党中央重大决策部署落地见效。要紧紧围绕贯彻新发展理念、推动高质量发展、加快构建新发展格局，聚焦建设现代化产业体系、因地制宜发展新质生产力、建设全国统一大市场、扩大高水平对外开放、扎实推进全体人民共同富裕、常态化防止返贫致贫、化解地方政府隐性债务、加强生态环境保护、统筹发展和安全等任务要求，深入进行监督检查，具体到事到人，确保监督检查有依据、有程序、有成效。形式主义、官僚主义是阻碍党中央重大决策部署贯彻落实的大敌。要聚焦形式主义、官僚主义突出问题，强化整改监督，切实打通贯彻执行中的堵点淤点难点，以有力有效的监督促进各项政策落实落地。
（作者单位：中国人民大学纪检监察学院）",理论,https://paper.people.com.cn/rmrb/pc/content/202602/09/../../../content/202602/09/content_30139459.html,2026-02-09,"['党中央', '部署', '决策', '重大', '贯彻落实', '政治', '习近平', '发展', '总书记', '工作']","第09版：理论
本版新闻
人民日报2026年02月09日",政治
练好内功把握主动（思想纵横）,"第09版：理论
本版新闻
人民日报2026年02月09日
Mon
“必须以苦练内功来应对外部挑战”，这是去年底召开的中央经济工作会议提出的“五个必须”之一。实践告诉我们，面对不确定性，最大的确定性就是集中精力办好自己的事。习近平总书记深刻指出：“顶住压力、练好内功、站稳脚跟，没有跨不过去的坎。”练好内功，对于我们驾驭复杂局面、处理复杂问题，在变局、危局中开新局至关重要。
处在经济全球化时代，各国相互依存，国际形势演变深刻影响国内发展。越是乱云飞渡，越要善于把握本质、把握规律。不在纷纭多变的外部环境中迷失方向，必须始终把握住内因这个根本，多从内因着眼、着手、着力，通过拓展自身的能力边界，来适应不断变化的外部世界，并从中抓住机遇，抵御风险、逆势突围。“十四五”时期，少数西方国家在科技领域对我国进行围堵遏制，我们盯住重点领域加快攻关，越压越强、越打越强，攻克了一批重大关键核心技术，产业链自主可控水平不断提升。练好内功，正是立足于挖掘自身潜能、增强内生动力，把发展的主动权牢牢掌握在自己手中，实现“以内促外、以内化外”。
苦练内功离不开强大的定力。习近平总书记指出：“在哲学意义上，‘难’是在任何领域前进道路上永恒的命题。”当前，我国正处在转变发展方式、优化经济结构、转换增长动力的攻关期，尚未解决的老问题、伴随而来的新挑战可谓不少。问题挑战面前，尤其需要党员干部保持战略定力，既要坚定破解问题的信心，也要拿出攻坚克难的勇气、真抓实干的行动。现实中，少数党员干部心神不宁、激情衰退，不敢担当、不愿担当。这些党员干部没有科学把握事物发展波浪式前进、螺旋式上升的客观规律，被一时的难题所羁绊，在挫折面前乱了心神和阵脚。我们要深刻认识到，当前的问题大多是发展中、转型中的问题，绕不开躲不过，但经过努力可以解决。要准确判断时与势、危与机、利与弊，胸怀“国之大者”，以“咬定青山不放松”的韧劲，专心致志干好眼下的事情，在解决改革发展关键问题、破解群众急难愁盼上取得实效。
在内外环境复杂、资源日益紧张的今天，提升质量、提高效率成为可持续发展的治本之策，而苦练内功的核心与精髓正在于提质增效。无论是推进科技自立自强、突破“卡脖子”技术，还是推动产业转型升级、实现“腾笼换鸟”，应对这些“慢变量”的挑战，根本的出路只有一条：持之以恒、因地制宜练好内功。既要发扬“跳起来摘桃子”的精神，拿出真跳的实劲、敢跳的狠劲、善跳的巧劲，通过不懈苦练、稳扎稳打，积小胜为大胜，积量变为质变；又要摸清规律办事，抓住主要矛盾和矛盾的主要方面，不搞“大水漫灌”，做到“精准滴灌”，将有限的资源和精力分配到关键领域。
练好内功不是“内卷”，更不是“内耗”，而是自我提升的正向积累，是“向上竞争”的良性循环。工作中，总有一些党员干部看似整天事务缠身、忙个不停，年终盘点却两手空空、乏善可陈。说到底，这种忙碌是忙而无功、忙而无益的“空忙”。走出“内卷”“空忙”的怪圈，必须加强理论学习，掌握科学工作方法，善于透过现象看本质、通过局部把握全局、从当前工作看长远发展，提升工作的科学性、预见性；也要坚持在干中学、学中干，在实践中不断思考总结、校准偏差，干一项工作就有所提升、有所进益，不断增强担当作为、干事创业的能力和水平。
练好内功把握主动（思想纵横）
张喆丰《人民日报》（2026年02月09日第 09 版）
“必须以苦练内功来应对外部挑战”，这是去年底召开的中央经济工作会议提出的“五个必须”之一。实践告诉我们，面对不确定性，最大的确定性就是集中精力办好自己的事。习近平总书记深刻指出：“顶住压力、练好内功、站稳脚跟，没有跨不过去的坎。”练好内功，对于我们驾驭复杂局面、处理复杂问题，在变局、危局中开新局至关重要。
处在经济全球化时代，各国相互依存，国际形势演变深刻影响国内发展。越是乱云飞渡，越要善于把握本质、把握规律。不在纷纭多变的外部环境中迷失方向，必须始终把握住内因这个根本，多从内因着眼、着手、着力，通过拓展自身的能力边界，来适应不断变化的外部世界，并从中抓住机遇，抵御风险、逆势突围。“十四五”时期，少数西方国家在科技领域对我国进行围堵遏制，我们盯住重点领域加快攻关，越压越强、越打越强，攻克了一批重大关键核心技术，产业链自主可控水平不断提升。练好内功，正是立足于挖掘自身潜能、增强内生动力，把发展的主动权牢牢掌握在自己手中，实现“以内促外、以内化外”。
苦练内功离不开强大的定力。习近平总书记指出：“在哲学意义上，‘难’是在任何领域前进道路上永恒的命题。”当前，我国正处在转变发展方式、优化经济结构、转换增长动力的攻关期，尚未解决的老问题、伴随而来的新挑战可谓不少。问题挑战面前，尤其需要党员干部保持战略定力，既要坚定破解问题的信心，也要拿出攻坚克难的勇气、真抓实干的行动。现实中，少数党员干部心神不宁、激情衰退，不敢担当、不愿担当。这些党员干部没有科学把握事物发展波浪式前进、螺旋式上升的客观规律，被一时的难题所羁绊，在挫折面前乱了心神和阵脚。我们要深刻认识到，当前的问题大多是发展中、转型中的问题，绕不开躲不过，但经过努力可以解决。要准确判断时与势、危与机、利与弊，胸怀“国之大者”，以“咬定青山不放松”的韧劲，专心致志干好眼下的事情，在解决改革发展关键问题、破解群众急难愁盼上取得实效。
在内外环境复杂、资源日益紧张的今天，提升质量、提高效率成为可持续发展的治本之策，而苦练内功的核心与精髓正在于提质增效。无论是推进科技自立自强、突破“卡脖子”技术，还是推动产业转型升级、实现“腾笼换鸟”，应对这些“慢变量”的挑战，根本的出路只有一条：持之以恒、因地制宜练好内功。既要发扬“跳起来摘桃子”的精神，拿出真跳的实劲、敢跳的狠劲、善跳的巧劲，通过不懈苦练、稳扎稳打，积小胜为大胜，积量变为质变；又要摸清规律办事，抓住主要矛盾和矛盾的主要方面，不搞“大水漫灌”，做到“精准滴灌”，将有限的资源和精力分配到关键领域。
练好内功不是“内卷”，更不是“内耗”，而是自我提升的正向积累，是“向上竞争”的良性循环。工作中，总有一些党员干部看似整天事务缠身、忙个不停，年终盘点却两手空空、乏善可陈。说到底，这种忙碌是忙而无功、忙而无益的“空忙”。走出“内卷”“空忙”的怪圈，必须加强理论学习，掌握科学工作方法，善于透过现象看本质、通过局部把握全局、从当前工作看长远发展，提升工作的科学性、预见性；也要坚持在干中学、学中干，在实践中不断思考总结、校准偏差，干一项工作就有所提升、有所进益，不断增强担当作为、干事创业的能力和水平。",理论,https://paper.people.com.cn/rmrb/pc/content/202602/09/../../../content/202602/09/content_30139460.html,2026-02-09,"['内功', '党员干部', '苦练内功', '把握', '发展', '提升', '挑战', '空忙', '担当', '09']","第09版：理论
本版新闻
人民日报2026年02月09日",政治
以书香浸润少年儿童心灵,"第09版：理论
本版新闻
人民日报2026年02月09日
Mon
少年儿童是祖国的未来，是中华民族的希望。习近平总书记对未成年人思想道德建设作出重要指示强调：“要落实立德树人根本任务，坚持把未成年人思想道德建设作为战略性、基础性工作来抓”。遵循少年儿童认知规律，以好书提升思想道德、以阅读滋养精神世界，是落实立德树人根本任务的有效路径之一。党的二十届四中全会《建议》提出：“推进书香社会建设。”通过阅读推进立德树人是书香社会建设的题中应有之义。今年2月1日开始实施的《全民阅读促进条例》为建设书香社会、引导少年儿童阅读提供了法律保障。我们要深入学习贯彻习近平总书记关于未成年人思想道德建设的重要论述和党中央决策部署，以书香浸润少年儿童心灵，加强未成年人思想道德建设，认真落实好立德树人根本任务。
少年儿童充满好奇心和求知欲，正处于价值观塑造的关键时期和扣好人生第一粒扣子的重要起步期。引导少年儿童树立正确的世界观、人生观、价值观，激励他们追求向上向善，关乎个人成长成才，关乎党和国家事业发展，关乎培育共产主义接班人的根本任务。调查显示，2024年我国0至17周岁未成年人图书阅读率为86.6%、人均图书阅读量为11.65本，均高于成年国民。好书不仅能传递文化知识、提升人文素养、培养独立思考和自主学习能力，更能在潜移默化中引导广大少年儿童坚定理想信念、树立远大志向，在他们心中播下爱党爱国的种子。当前，数字技术蓬勃发展、阅读方式日新月异，孩子们拥有丰富多样的阅读资源和获取手段，但也存在着阅读内容良莠不齐、传统阅读和新型阅读结合不够等问题。应针对少年儿童的身心特点和成长规律，充分考虑当下阅读生态，更好发挥阅读在立德树人中的独特作用。
突出核心内容，夯实立德树人思想基础。“蒙以养正，圣功也。”持之以恒用习近平新时代中国特色社会主义思想培根铸魂，旗帜鲜明地将党的创新理论作为最重要的阅读内容之一。将党的理论、党史故事转化为少年儿童听得懂、能领会、可践行的通俗表达，让孩子们在沉浸式阅读中感悟真理力量、汲取精神养分。牢牢把握马克思主义这个魂脉，将马克思主义中国化时代化的历史过程和最新成果传递给孩子，让孩子们在与思想大家和革命先辈的隔空对话中传承红色基因，在领略真理魅力中铸牢信仰，在感受新时代波澜壮阔的伟大实践中坚定理想信念。牢牢把握中华优秀传统文化这个根脉，让天下为公、革故鼎新、自强不息、讲信修睦等深入孩子内心深处，引领孩子从中华优秀传统经典中感悟民族精神、树立正确价值取向，从中华优秀传统故事中明白做人的道理、构建健全的人格。
构建分级分类体系，打造服务全龄段的阅读格局。教育是由浅到深、由点面到立体的渐进过程，把握不同年龄段少年儿童阅读能力和认知规律，建立分级分类阅读体系是提升立德树人质效的重要方式。综合考量年龄、认知、兴趣等多个维度，制定科学的分级标准，探索建立基础书目数据库，发布权威的分级分类阅读推荐书目并不断更新，将思想道德建设作为书目审核和质量把关的重要依据。启蒙阶段可以以趣味式声像产品和家长陪读为主，让孩子在绘本、童谣中感知美好；低年级阶段以故事图文和教师领读为主，让儿童在美德教育、榜样故事中建立基础认知；中高年级阶段逐步提高读物难度，方法上侧重启发和讨论，引导增强理性思辨能力；更高年龄阶段，提供更有针对性的实践内容。让每一个孩子都能找到合适的读物，让阅读贯穿孩子成长全过程。
数字阅读和传统阅读相结合，形成育人合力。2024年我国0至17周岁未成年人数字化阅读方式接触率为75.1%。数字阅读为孩子们拓展了阅读范围和认知边界，也带来碎片化阅读削弱深度思考、算法推送易致信息茧房等问题。传统阅读更利于培养专注力和思辨能力，但对少年儿童的吸引力不足。习近平总书记指出：“数字阅读要和传统阅读结合起来，守住我们的内核和素养。”少年儿童认知发展具有具象思维主导、注意力易分散等特点，要充分利用数字阅读的便捷性、交互性与丰富性，通过动画、音频等多模态呈现，降低经典文本的理解门槛，借助人工智能（AI）、虚拟现实（VR）、增强现实（AR）等技术推动阅读场景化、立体化，同时以传统阅读训练少年儿童的逻辑理解能力和深度思考能力，由浅入深全面提升阅读质量。
推进全民阅读，厚植立德树人沃土。习近平总书记强调：“书香是一种氛围”。以阅读推进立德树人是一项需要家庭、学校和社会协作完成的立体工程。父母是孩子第一任老师，通过书香家庭建设引导家长以身作则，放下手机、拿起书本，营造亲子共读的良好氛围。发挥学校作为教书育人主阵地的作用，将阅读融入教育教学全过程，推动教师成为孩子阅读兴趣的激发者、阅读方法的指导者和阅读价值的引领者。出版行业要坚持把社会效益放在首位，推出更多培根铸魂、启智增慧的优秀读物；图书馆、文化馆等要进一步强化德育功能，开发更多高质量阅读项目和研学活动；网络平台要开发有益于孩子们身心健康的内容并进行有效推送，以高品质阅读照亮少年儿童的成长之路。
（作者为中国少年儿童新闻出版总社党委副书记）
以书香浸润少年儿童心灵
孟  利《人民日报》（2026年02月09日第 09 版）
少年儿童是祖国的未来，是中华民族的希望。习近平总书记对未成年人思想道德建设作出重要指示强调：“要落实立德树人根本任务，坚持把未成年人思想道德建设作为战略性、基础性工作来抓”。遵循少年儿童认知规律，以好书提升思想道德、以阅读滋养精神世界，是落实立德树人根本任务的有效路径之一。党的二十届四中全会《建议》提出：“推进书香社会建设。”通过阅读推进立德树人是书香社会建设的题中应有之义。今年2月1日开始实施的《全民阅读促进条例》为建设书香社会、引导少年儿童阅读提供了法律保障。我们要深入学习贯彻习近平总书记关于未成年人思想道德建设的重要论述和党中央决策部署，以书香浸润少年儿童心灵，加强未成年人思想道德建设，认真落实好立德树人根本任务。
少年儿童充满好奇心和求知欲，正处于价值观塑造的关键时期和扣好人生第一粒扣子的重要起步期。引导少年儿童树立正确的世界观、人生观、价值观，激励他们追求向上向善，关乎个人成长成才，关乎党和国家事业发展，关乎培育共产主义接班人的根本任务。调查显示，2024年我国0至17周岁未成年人图书阅读率为86.6%、人均图书阅读量为11.65本，均高于成年国民。好书不仅能传递文化知识、提升人文素养、培养独立思考和自主学习能力，更能在潜移默化中引导广大少年儿童坚定理想信念、树立远大志向，在他们心中播下爱党爱国的种子。当前，数字技术蓬勃发展、阅读方式日新月异，孩子们拥有丰富多样的阅读资源和获取手段，但也存在着阅读内容良莠不齐、传统阅读和新型阅读结合不够等问题。应针对少年儿童的身心特点和成长规律，充分考虑当下阅读生态，更好发挥阅读在立德树人中的独特作用。
突出核心内容，夯实立德树人思想基础。“蒙以养正，圣功也。”持之以恒用习近平新时代中国特色社会主义思想培根铸魂，旗帜鲜明地将党的创新理论作为最重要的阅读内容之一。将党的理论、党史故事转化为少年儿童听得懂、能领会、可践行的通俗表达，让孩子们在沉浸式阅读中感悟真理力量、汲取精神养分。牢牢把握马克思主义这个魂脉，将马克思主义中国化时代化的历史过程和最新成果传递给孩子，让孩子们在与思想大家和革命先辈的隔空对话中传承红色基因，在领略真理魅力中铸牢信仰，在感受新时代波澜壮阔的伟大实践中坚定理想信念。牢牢把握中华优秀传统文化这个根脉，让天下为公、革故鼎新、自强不息、讲信修睦等深入孩子内心深处，引领孩子从中华优秀传统经典中感悟民族精神、树立正确价值取向，从中华优秀传统故事中明白做人的道理、构建健全的人格。
构建分级分类体系，打造服务全龄段的阅读格局。教育是由浅到深、由点面到立体的渐进过程，把握不同年龄段少年儿童阅读能力和认知规律，建立分级分类阅读体系是提升立德树人质效的重要方式。综合考量年龄、认知、兴趣等多个维度，制定科学的分级标准，探索建立基础书目数据库，发布权威的分级分类阅读推荐书目并不断更新，将思想道德建设作为书目审核和质量把关的重要依据。启蒙阶段可以以趣味式声像产品和家长陪读为主，让孩子在绘本、童谣中感知美好；低年级阶段以故事图文和教师领读为主，让儿童在美德教育、榜样故事中建立基础认知；中高年级阶段逐步提高读物难度，方法上侧重启发和讨论，引导增强理性思辨能力；更高年龄阶段，提供更有针对性的实践内容。让每一个孩子都能找到合适的读物，让阅读贯穿孩子成长全过程。
数字阅读和传统阅读相结合，形成育人合力。2024年我国0至17周岁未成年人数字化阅读方式接触率为75.1%。数字阅读为孩子们拓展了阅读范围和认知边界，也带来碎片化阅读削弱深度思考、算法推送易致信息茧房等问题。传统阅读更利于培养专注力和思辨能力，但对少年儿童的吸引力不足。习近平总书记指出：“数字阅读要和传统阅读结合起来，守住我们的内核和素养。”少年儿童认知发展具有具象思维主导、注意力易分散等特点，要充分利用数字阅读的便捷性、交互性与丰富性，通过动画、音频等多模态呈现，降低经典文本的理解门槛，借助人工智能（AI）、虚拟现实（VR）、增强现实（AR）等技术推动阅读场景化、立体化，同时以传统阅读训练少年儿童的逻辑理解能力和深度思考能力，由浅入深全面提升阅读质量。
推进全民阅读，厚植立德树人沃土。习近平总书记强调：“书香是一种氛围”。以阅读推进立德树人是一项需要家庭、学校和社会协作完成的立体工程。父母是孩子第一任老师，通过书香家庭建设引导家长以身作则，放下手机、拿起书本，营造亲子共读的良好氛围。发挥学校作为教书育人主阵地的作用，将阅读融入教育教学全过程，推动教师成为孩子阅读兴趣的激发者、阅读方法的指导者和阅读价值的引领者。出版行业要坚持把社会效益放在首位，推出更多培根铸魂、启智增慧的优秀读物；图书馆、文化馆等要进一步强化德育功能，开发更多高质量阅读项目和研学活动；网络平台要开发有益于孩子们身心健康的内容并进行有效推送，以高品质阅读照亮少年儿童的成长之路。
（作者为中国少年儿童新闻出版总社党委副书记）",理论,https://paper.people.com.cn/rmrb/pc/content/202602/09/../../../content/202602/09/content_30139461.html,2026-02-09,"['阅读', '少年儿童', '立德', '孩子', '思想道德', '未成年人', '认知', '习近平', '书香', '建设']","第09版：理论
本版新闻
人民日报2026年02月09日",政治
水袖翩跹，戏音婉转绕之江（解码·提升公共文化服务水平）,"第10版：文化
本版新闻
人民日报2026年02月09日
Mon
头条看点
18个地方剧种同台亮相，各展风华；名角新秀共同献艺，“圈粉”戏迷；11台戏曲精粹剧目、超200场展演，把好戏送到家门口，让舞台延伸至海岛、山乡……2026年“浙里有戏”新春文化惠民活动把戏曲传播与文化服务相结合，在之江大地上演“开年就是戏”的惠民实践。
水袖翩跹、翎子生风，锣鼓铿锵、戏韵飞扬……在浙江台州黄岩区文体中心内，戏曲荟萃《春色满园》火热上演，引得满堂喝彩。
“无戏不成年”。鼓点一响，戏腔一亮，年便有了魂。
2026年“浙里有戏”新春文化惠民活动自元旦启幕，以“开年就是戏”为主题，通过11台戏曲精粹全省大巡演和超过200场精品演出，将舞台延伸至偏远海岛、山区乡镇，让醇厚的戏韵流淌在年味里。
百戏同台
一场创新融合的实验
浙江戏曲底蕴深厚，越剧温婉、婺剧激越、昆曲雅致、绍剧高亢，18个地方剧种各有特色。
活动的重头戏是“浙江戏曲精粹全省大巡演”，旨在让观众一晚看遍“浙”里好戏。1月10日，首场演出在杭州举行，18个剧种同台亮相。整场演出好似一场大型的“融合实验”：越剧、昆剧、京剧与新昌调腔共演《西厢记》，婺剧与绍剧的“悟空”同场竞技；戏歌《牡丹亭·思缘》则将昆曲水磨腔融入流行旋律，以青春语态实现“以歌引戏”。
台上绝活频现，台下目不暇接。婺剧《三打白骨精》一登场，便抓住全场目光——杨霞云饰演的白骨精于数秒内多次变脸易装，“从骨到人”幻化如真；楼胜演绎的唐僧以360度飞旋转体卧鱼、倒插虎等高难动作，展现逃难之惊险……浙江婺剧艺术研究院副院长谢玲慧介绍，该剧自2023年以来已演出160余场，其中海外演出41场，几乎场场爆满。接下来，剧团还将赴义乌、新昌等地，把20多场演出送到群众家门口。
此次同台演出的剧种中，不乏从“濒危”中走出的稀有剧种。杭剧传承人蔡婕说：“杭剧是断档40余年后恢复传承的剧种，从寻访老艺人、挖掘旧本到恢复唱腔，如今已能重排《苏小小》等大戏，社会影响力不断扩大。”
排演也是各个剧种的演员互相学习切磋的机会。“很多小剧种的传承人都是年轻人，这些青年演员基本功扎实、表演生动，小剧种的生命力蓬勃！”蔡婕说，这次与其他剧种一起登上舞台，是对杭剧乃至众多小剧种传承成果的极大肯定。
新秀竞发
青春戏剧圈粉年轻人
名角云集，新秀竞发。众多“文华奖”“梅花奖”“白玉兰奖”得主登台之余，更多青年演员挑起大梁，以青春戏剧圈粉年轻人。
浙江京昆艺术中心95后演员王恒涛最近格外忙碌。1月31日，他主演的《牡丹亭》在杭州蝴蝶剧场登场。尽管已多次饰演柳梦梅，他仍坚持每天早早到排练厅打磨。“每次演出都是新的创作。”王恒涛说，他会尝试适当淡化程式，让人物情感更真切，让古典故事与当代观众共鸣。
1月23日晚，杭州胜利剧院内，经典婺剧《白蛇传》由两名“梅花奖”得主与青年演员共同演绎，青年演员戴丽霜、张莹的表演赢得观众持续不断的掌声。特意从江西上饶赶来追戏的王先生连连称赞：“本来奔着‘大咖’来，没想到新人的表演这么出色！”
令人惊喜的是，不管是首演还是后续演出，观众席中涌现大量年轻面孔，许多年轻人制作了周边文创来看戏。“首演当晚谢幕之热烈，堪比演唱会。这两年爱戏看戏的年轻人越来越多。”蔡婕说。
惠民润心
舞台搭到海岛山乡
把戏唱进群众心里，重点在于文化惠民。首场演出后，11台戏曲精粹剧目奔赴全省11个设区市巡演，配套200余场精品剧目展演，集结95家国有及民营院团，不仅覆盖城市剧院，更深入偏远海岛、山区乡镇，让大家过足戏瘾。
1月20日晚，温州东南剧院座无虚席，平阳木偶戏惠民商演开场。“我们准备了7个节目，包括入围文华奖终评的《春草闯堂·行轿》。”平阳木偶戏保护传承中心副主任裴峰峰说。为提升观赏性，团队特意为春草设计甩手绢的细节，借绢花的快慢起伏传递情绪；又将木偶脚部关节从铁丝改为布条，以更好完成“矮子步”动作。演出后，社交平台上好评不断：“现场太震撼了！”“还想再看！”
在台州椒江区葭沚老街，黄龙越剧团推出《玉蜻蜓·拒子》，唱腔婉转、身段动人，情感刻画丝丝入扣；在杭州清河坊历史街区，“阳台越剧”随机上演，《梁祝》《西厢》声声流转，引得游人驻足流连……“浙里票务”平台推出的优惠票深受欢迎，首场演出1568张门票，在1分20秒内售罄，省外观众购票比例达58%。
为突破场地限制，活动还通过电视、网络直播及户外大屏等多元渠道，将精彩演出触达千家万户。浙江省文化广电和旅游厅艺术处处长陈吉芬说：“省属院团新年展演已持续20余年，成为浙江文化惠民的重要品牌。今年我们在拓展规模、提升品质的同时，更致力于探索戏曲传播与文化服务结合的新路径。”
腊月锣鼓初震，戏音缭绕城乡，“浙里有戏”不只是一场艺术盛宴，更在声声婉转中，酿就之江大地绵长醇厚的文化年味。
“浙里有戏”200余场演出热闹开锣
水袖翩跹，戏音婉转绕之江（解码·提升公共文化服务水平）
本报记者  顾  春《人民日报》（2026年02月09日第 10 版）
头条看点
18个地方剧种同台亮相，各展风华；名角新秀共同献艺，“圈粉”戏迷；11台戏曲精粹剧目、超200场展演，把好戏送到家门口，让舞台延伸至海岛、山乡……2026年“浙里有戏”新春文化惠民活动把戏曲传播与文化服务相结合，在之江大地上演“开年就是戏”的惠民实践。
水袖翩跹、翎子生风，锣鼓铿锵、戏韵飞扬……在浙江台州黄岩区文体中心内，戏曲荟萃《春色满园》火热上演，引得满堂喝彩。
“无戏不成年”。鼓点一响，戏腔一亮，年便有了魂。
2026年“浙里有戏”新春文化惠民活动自元旦启幕，以“开年就是戏”为主题，通过11台戏曲精粹全省大巡演和超过200场精品演出，将舞台延伸至偏远海岛、山区乡镇，让醇厚的戏韵流淌在年味里。
百戏同台
一场创新融合的实验
浙江戏曲底蕴深厚，越剧温婉、婺剧激越、昆曲雅致、绍剧高亢，18个地方剧种各有特色。
活动的重头戏是“浙江戏曲精粹全省大巡演”，旨在让观众一晚看遍“浙”里好戏。1月10日，首场演出在杭州举行，18个剧种同台亮相。整场演出好似一场大型的“融合实验”：越剧、昆剧、京剧与新昌调腔共演《西厢记》，婺剧与绍剧的“悟空”同场竞技；戏歌《牡丹亭·思缘》则将昆曲水磨腔融入流行旋律，以青春语态实现“以歌引戏”。
台上绝活频现，台下目不暇接。婺剧《三打白骨精》一登场，便抓住全场目光——杨霞云饰演的白骨精于数秒内多次变脸易装，“从骨到人”幻化如真；楼胜演绎的唐僧以360度飞旋转体卧鱼、倒插虎等高难动作，展现逃难之惊险……浙江婺剧艺术研究院副院长谢玲慧介绍，该剧自2023年以来已演出160余场，其中海外演出41场，几乎场场爆满。接下来，剧团还将赴义乌、新昌等地，把20多场演出送到群众家门口。
此次同台演出的剧种中，不乏从“濒危”中走出的稀有剧种。杭剧传承人蔡婕说：“杭剧是断档40余年后恢复传承的剧种，从寻访老艺人、挖掘旧本到恢复唱腔，如今已能重排《苏小小》等大戏，社会影响力不断扩大。”
排演也是各个剧种的演员互相学习切磋的机会。“很多小剧种的传承人都是年轻人，这些青年演员基本功扎实、表演生动，小剧种的生命力蓬勃！”蔡婕说，这次与其他剧种一起登上舞台，是对杭剧乃至众多小剧种传承成果的极大肯定。
新秀竞发
青春戏剧圈粉年轻人
名角云集，新秀竞发。众多“文华奖”“梅花奖”“白玉兰奖”得主登台之余，更多青年演员挑起大梁，以青春戏剧圈粉年轻人。
浙江京昆艺术中心95后演员王恒涛最近格外忙碌。1月31日，他主演的《牡丹亭》在杭州蝴蝶剧场登场。尽管已多次饰演柳梦梅，他仍坚持每天早早到排练厅打磨。“每次演出都是新的创作。”王恒涛说，他会尝试适当淡化程式，让人物情感更真切，让古典故事与当代观众共鸣。
1月23日晚，杭州胜利剧院内，经典婺剧《白蛇传》由两名“梅花奖”得主与青年演员共同演绎，青年演员戴丽霜、张莹的表演赢得观众持续不断的掌声。特意从江西上饶赶来追戏的王先生连连称赞：“本来奔着‘大咖’来，没想到新人的表演这么出色！”
令人惊喜的是，不管是首演还是后续演出，观众席中涌现大量年轻面孔，许多年轻人制作了周边文创来看戏。“首演当晚谢幕之热烈，堪比演唱会。这两年爱戏看戏的年轻人越来越多。”蔡婕说。
惠民润心
舞台搭到海岛山乡
把戏唱进群众心里，重点在于文化惠民。首场演出后，11台戏曲精粹剧目奔赴全省11个设区市巡演，配套200余场精品剧目展演，集结95家国有及民营院团，不仅覆盖城市剧院，更深入偏远海岛、山区乡镇，让大家过足戏瘾。
1月20日晚，温州东南剧院座无虚席，平阳木偶戏惠民商演开场。“我们准备了7个节目，包括入围文华奖终评的《春草闯堂·行轿》。”平阳木偶戏保护传承中心副主任裴峰峰说。为提升观赏性，团队特意为春草设计甩手绢的细节，借绢花的快慢起伏传递情绪；又将木偶脚部关节从铁丝改为布条，以更好完成“矮子步”动作。演出后，社交平台上好评不断：“现场太震撼了！”“还想再看！”
在台州椒江区葭沚老街，黄龙越剧团推出《玉蜻蜓·拒子》，唱腔婉转、身段动人，情感刻画丝丝入扣；在杭州清河坊历史街区，“阳台越剧”随机上演，《梁祝》《西厢》声声流转，引得游人驻足流连……“浙里票务”平台推出的优惠票深受欢迎，首场演出1568张门票，在1分20秒内售罄，省外观众购票比例达58%。
为突破场地限制，活动还通过电视、网络直播及户外大屏等多元渠道，将精彩演出触达千家万户。浙江省文化广电和旅游厅艺术处处长陈吉芬说：“省属院团新年展演已持续20余年，成为浙江文化惠民的重要品牌。今年我们在拓展规模、提升品质的同时，更致力于探索戏曲传播与文化服务结合的新路径。”
腊月锣鼓初震，戏音缭绕城乡，“浙里有戏”不只是一场艺术盛宴，更在声声婉转中，酿就之江大地绵长醇厚的文化年味。",文化,https://paper.people.com.cn/rmrb/pc/content/202602/09/../../../content/202602/09/content_30139462.html,2026-02-09,"['剧种', '演出', '惠民', '戏曲', '婺剧', '浙里', '文化', '11', '20', '传承']","第10版：文化
本版新闻
人民日报2026年02月09日",社会
琼岛春信入画来,"第10版：文化
本版新闻
人民日报2026年02月09日
Mon
2月4日，立春。当晚，海南省博物馆内灯火璀璨。“春牛春杖，无限春风来海上……”伴随着清澈的童声，苏轼千年前写下的词句回荡在大厅。一群身着汉服的“花神”款款而行，罗衣飘飘、佩环叮当，与馆内陈列的文物互为映照。
这是海南省博物馆“博物馆之夜”的活动现场，也是跨省份联合大展“是时候了！——寻找文物里的二十四节气”启幕现场。
立春，是二十四节气之首。2016年11月30日，中国申报的“二十四节气”列入联合国教科文组织人类非物质文化遗产代表作名录，今年适逢申遗成功10周年。海南省博物馆携手天津博物馆、湖南省博物馆，通过189件（套）文物展示节气密码。这也是海南自贸港正式启动全岛封关运作之后的首个文博大展。展览将持续至5月31日。
当晚，博物馆里人气旺。夜游活动中，互动解谜成为最大亮点。观众成为“节气寻访使”，在文物纹样中寻找线索，每解开一道谜题，集章本上便多了一枚节气印记。
“没想到竟有一种逛灯会的松弛感。”海口市民陈先生带着刚上小学的女儿参与“立春送福”活动，手里拿着“福”字卷轴，满脸笑意。
“我们尝试打破时间的围墙，让博物馆从静态展示走向活态传承。”海南省博物馆馆长朱磊表示，选择在立春当天举办“博物馆之夜”，就是希望文物能与现代生活发生奇妙的化学反应。
此次展览共设两个展厅。1号厅以海棠花窗为序，徐徐铺展一幅关于时间的画卷。展览以“是时候了”为引，串联起“逢时遇节”“万物春始”“夏长禾肥”“秋收仓实”“冬藏岁安”等不同单元。
“二十四节气不仅是农事指南，更传递着极具中国式浪漫的生活哲学。”朱磊介绍，策展团队意在透过器物与书画，让参观者重温中国人独有的时间哲学。
展厅一侧，是海南省博物馆馆藏的清代钱载《四季花卉图》。桃花、荷花、杜鹃、梅花等13种花卉打破时令界限，竞相怒放于同一纸上，生机盎然。湖南省博物馆珍藏的清代马荃《葡萄螳螂》扇面，累累葡萄垂挂枝头，一只螳螂举臂其间，仿佛随时会破纸而出。
展柜深处，一件清代剔彩春寿圆盒引人驻足。这件天津博物馆的珍品，通体雕红漆，雕工细腻流畅；盖面中心，“春”字跃然居中，寿星端坐其间，松柏双鹿相伴，霞光托举着新岁希冀。
与传统陈列不同，此次展览巧借中国传统园林的花窗元素，一窗一景，让观众在移步间仿佛翻阅一本节气之书。
“观展不仅用眼睛，更要用身体去感知。”来自河南的游客李女士特意换上了一套汉服来打卡。在“圭表测影”互动装置前，她兴致勃勃地体验古人如何通过日影长短定节气。
夜渐深，游人兴致未减。“花间时令”社教活动区，观众以文物釉色为灵感，修剪花枝，编织春意；在“四时风俗”体验区，孩子们兴致勃勃地制作纸鸢和团扇。
博物馆外，椰风拂面，春信跃然入画来。
海南省博物馆启动“二十四节气”主题跨省份联展
琼岛春信入画来
本报记者  孙海天《人民日报》（2026年02月09日第 10 版）
2月4日，立春。当晚，海南省博物馆内灯火璀璨。“春牛春杖，无限春风来海上……”伴随着清澈的童声，苏轼千年前写下的词句回荡在大厅。一群身着汉服的“花神”款款而行，罗衣飘飘、佩环叮当，与馆内陈列的文物互为映照。
这是海南省博物馆“博物馆之夜”的活动现场，也是跨省份联合大展“是时候了！——寻找文物里的二十四节气”启幕现场。
立春，是二十四节气之首。2016年11月30日，中国申报的“二十四节气”列入联合国教科文组织人类非物质文化遗产代表作名录，今年适逢申遗成功10周年。海南省博物馆携手天津博物馆、湖南省博物馆，通过189件（套）文物展示节气密码。这也是海南自贸港正式启动全岛封关运作之后的首个文博大展。展览将持续至5月31日。
当晚，博物馆里人气旺。夜游活动中，互动解谜成为最大亮点。观众成为“节气寻访使”，在文物纹样中寻找线索，每解开一道谜题，集章本上便多了一枚节气印记。
“没想到竟有一种逛灯会的松弛感。”海口市民陈先生带着刚上小学的女儿参与“立春送福”活动，手里拿着“福”字卷轴，满脸笑意。
“我们尝试打破时间的围墙，让博物馆从静态展示走向活态传承。”海南省博物馆馆长朱磊表示，选择在立春当天举办“博物馆之夜”，就是希望文物能与现代生活发生奇妙的化学反应。
此次展览共设两个展厅。1号厅以海棠花窗为序，徐徐铺展一幅关于时间的画卷。展览以“是时候了”为引，串联起“逢时遇节”“万物春始”“夏长禾肥”“秋收仓实”“冬藏岁安”等不同单元。
“二十四节气不仅是农事指南，更传递着极具中国式浪漫的生活哲学。”朱磊介绍，策展团队意在透过器物与书画，让参观者重温中国人独有的时间哲学。
展厅一侧，是海南省博物馆馆藏的清代钱载《四季花卉图》。桃花、荷花、杜鹃、梅花等13种花卉打破时令界限，竞相怒放于同一纸上，生机盎然。湖南省博物馆珍藏的清代马荃《葡萄螳螂》扇面，累累葡萄垂挂枝头，一只螳螂举臂其间，仿佛随时会破纸而出。
展柜深处，一件清代剔彩春寿圆盒引人驻足。这件天津博物馆的珍品，通体雕红漆，雕工细腻流畅；盖面中心，“春”字跃然居中，寿星端坐其间，松柏双鹿相伴，霞光托举着新岁希冀。
与传统陈列不同，此次展览巧借中国传统园林的花窗元素，一窗一景，让观众在移步间仿佛翻阅一本节气之书。
“观展不仅用眼睛，更要用身体去感知。”来自河南的游客李女士特意换上了一套汉服来打卡。在“圭表测影”互动装置前，她兴致勃勃地体验古人如何通过日影长短定节气。
夜渐深，游人兴致未减。“花间时令”社教活动区，观众以文物釉色为灵感，修剪花枝，编织春意；在“四时风俗”体验区，孩子们兴致勃勃地制作纸鸢和团扇。
博物馆外，椰风拂面，春信跃然入画来。",文化,https://paper.people.com.cn/rmrb/pc/content/202602/09/../../../content/202602/09/content_30139463.html,2026-02-09,"['博物馆', '节气', '海南省', '二十四节气', '文物', '展览', '立春', '10', '汉服', '朱磊']","第10版：文化
本版新闻
人民日报2026年02月09日",文化
图片报道,"第10版：文化
本版新闻
人民日报2026年02月09日
Mon
2月8日，在四川省宜宾市叙州区横江古镇，“策马奔新程·古镇焕新春”系列活动举行。图为“关河号子”巡游吸引市民游客前来观赏。
张元戎摄（影像中国）
图片报道
《人民日报》（2026年02月09日第 10 版）
2月8日，在四川省宜宾市叙州区横江古镇，“策马奔新程·古镇焕新春”系列活动举行。图为“关河号子”巡游吸引市民游客前来观赏。
张元戎摄（影像中国）",文化,https://paper.people.com.cn/rmrb/pc/content/202602/09/../../../content/202602/09/content_30139464.html,2026-02-09,"['古镇', '10', '2026', '02', '09', '叙州区', '奔新程', '元戎', '宜宾市', '关河']","第10版：文化
本版新闻
人民日报2026年02月09日",文化
去年北京演出票房、旅游收入等创新高,"第10版：文化
本版新闻
人民日报2026年02月09日
Mon
本报北京2月8日电  （记者施芳）记者从北京市文化和旅游局获悉：2025年，北京文旅产业高质量发展取得实效，全市接待游客3.9亿人次，同比增长4.8%；实现旅游总花费7159.3亿元，同比增长6.5%。全市共接待入境游客548万人次、实现旅游花费505.6亿元，分别增长39%和44.7%，旅游人次和收入、入境游人次和收入等均创历史新高。
首都文艺舞台持续繁荣。全年举办营业性演出超6万场，吸引观众超1400万人次，票房收入突破50亿元，场次、观众、票房分别同比增长5%、9%、27%；其中大型演出277场，吸引观众约487万人次，票房收入约34.4亿元，场次、观众和票房分别同比增长37%、41%和48%，规模创历史新高。
2026年，北京将不断强化业态融合、科技赋能、创新驱动、国际合作，持续健全公共服务体系、精品创作体系、产业发展体系、全球推广体系和市场治理体系，构建大文旅工作格局。
去年北京演出票房、旅游收入等创新高
《人民日报》（2026年02月09日第 10 版）
本报北京2月8日电  （记者施芳）记者从北京市文化和旅游局获悉：2025年，北京文旅产业高质量发展取得实效，全市接待游客3.9亿人次，同比增长4.8%；实现旅游总花费7159.3亿元，同比增长6.5%。全市共接待入境游客548万人次、实现旅游花费505.6亿元，分别增长39%和44.7%，旅游人次和收入、入境游人次和收入等均创历史新高。
首都文艺舞台持续繁荣。全年举办营业性演出超6万场，吸引观众超1400万人次，票房收入突破50亿元，场次、观众、票房分别同比增长5%、9%、27%；其中大型演出277场，吸引观众约487万人次，票房收入约34.4亿元，场次、观众和票房分别同比增长37%、41%和48%，规模创历史新高。
2026年，北京将不断强化业态融合、科技赋能、创新驱动、国际合作，持续健全公共服务体系、精品创作体系、产业发展体系、全球推广体系和市场治理体系，构建大文旅工作格局。",文化,https://paper.people.com.cn/rmrb/pc/content/202602/09/../../../content/202602/09/content_30139465.html,2026-02-09,"['票房', '观众', '体系', '收入', '万人次', '旅游', '2026', '同比', '增长', '场次']","第10版：文化
本版新闻
人民日报2026年02月09日",经济
无锡博物院推出展览“精诚所至  金石为开”,"第10版：文化
本版新闻
人民日报2026年02月09日
Mon
本报南京2月8日电  （记者姚雪青）2月6日，江苏省无锡博物院推出展览“精诚所至  金石为开”，展出著名学者金开诚文献及书法作品。
金开诚生前长期从事中国古代文学、文艺心理学、书法及戏剧等方面的研究，为继承和弘扬中华优秀传统文化作出贡献。本次展览展品共计126件，其中手稿、著作、证书等文献资料90件，书法作品36件。重点展品有金开诚《中华传统文化智慧精华诠释》等手稿及其晚年创作的行书、隶书各体书法代表作。
本次展览将持续至3月20日。
无锡博物院推出展览“精诚所至  金石为开”
《人民日报》（2026年02月09日第 10 版）
本报南京2月8日电  （记者姚雪青）2月6日，江苏省无锡博物院推出展览“精诚所至  金石为开”，展出著名学者金开诚文献及书法作品。
金开诚生前长期从事中国古代文学、文艺心理学、书法及戏剧等方面的研究，为继承和弘扬中华优秀传统文化作出贡献。本次展览展品共计126件，其中手稿、著作、证书等文献资料90件，书法作品36件。重点展品有金开诚《中华传统文化智慧精华诠释》等手稿及其晚年创作的行书、隶书各体书法代表作。
本次展览将持续至3月20日。",文化,https://paper.people.com.cn/rmrb/pc/content/202602/09/../../../content/202602/09/content_30139466.html,2026-02-09,"['金开诚', '展览', '精诚所至', '金石为开', '书法作品', '博物院', '展品', '手稿', '无锡', '书法']","第10版：文化
本版新闻
人民日报2026年02月09日",文化
上海天蟾舞台现址剧场落成开台100年,"第10版：文化
本版新闻
人民日报2026年02月09日
Mon
本报上海2月8日电  （记者曹玲娟）位于上海福州路云南路转角的天蟾舞台6日迎来现址剧场落成开台100年纪念日。当晚，上海京剧院在此献演封箱大反串剧目《拾玉镯·法门寺》，为“好戏再唱一百年——‘百年天蟾’系列演出”拉开序幕。
自2月6日起，天蟾舞台将启动贯穿全年，覆盖“展演、服务、环境、内控”四大板块的“百年天蟾”系列活动。其中，“百年天蟾”演出季以“好戏再唱一百年”为主题，涵盖京、昆、越、沪、淮等主要剧种，并广泛邀请黄梅戏、豫剧、评剧、川剧、粤剧、锡剧、扬剧、梨园戏等戏曲剧种来沪交流。
上海天蟾舞台现址剧场落成开台100年
《人民日报》（2026年02月09日第 10 版）
本报上海2月8日电  （记者曹玲娟）位于上海福州路云南路转角的天蟾舞台6日迎来现址剧场落成开台100年纪念日。当晚，上海京剧院在此献演封箱大反串剧目《拾玉镯·法门寺》，为“好戏再唱一百年——‘百年天蟾’系列演出”拉开序幕。
自2月6日起，天蟾舞台将启动贯穿全年，覆盖“展演、服务、环境、内控”四大板块的“百年天蟾”系列活动。其中，“百年天蟾”演出季以“好戏再唱一百年”为主题，涵盖京、昆、越、沪、淮等主要剧种，并广泛邀请黄梅戏、豫剧、评剧、川剧、粤剧、锡剧、扬剧、梨园戏等戏曲剧种来沪交流。",文化,https://paper.people.com.cn/rmrb/pc/content/202602/09/../../../content/202602/09/content_30139467.html,2026-02-09,"['天蟾', '百年', '开台', '100', '舞台', '现址', '一百年', '好戏', '上海', '落成']","第10版：文化
本版新闻
人民日报2026年02月09日",文化
新疆发现唐代安西都护府副都护尹公墓,"第10版：文化
本版新闻
人民日报2026年02月09日
Mon
本报乌鲁木齐2月8日电  （记者阿尔达克）记者8日从2025年新疆考古工作汇报会上获悉：新疆库车市友谊路墓群发掘出土一座唐代长斜坡墓道砖室墓，通过对墓志铭文的释读，明确墓主是安西都护府副都护尹公，填补了龟兹地区唐代中后期安西都护府官员墓葬的考古空白。
公元640年，唐在西州（今吐鲁番一带）设立安西都护府管理西域，后又将治所迁到龟兹，有效巩固了对西域的治理。
该墓位于库车龟兹故城东100米处，实证龟兹故城是唐安西都护府所在。库车市友谊路墓群考古项目负责人阿里甫江·尼亚孜介绍，这是目前新疆南部地区发现的唯一一座唐代砖室墓。
新疆发现唐代安西都护府副都护尹公墓
《人民日报》（2026年02月09日第 10 版）
本报乌鲁木齐2月8日电  （记者阿尔达克）记者8日从2025年新疆考古工作汇报会上获悉：新疆库车市友谊路墓群发掘出土一座唐代长斜坡墓道砖室墓，通过对墓志铭文的释读，明确墓主是安西都护府副都护尹公，填补了龟兹地区唐代中后期安西都护府官员墓葬的考古空白。
公元640年，唐在西州（今吐鲁番一带）设立安西都护府管理西域，后又将治所迁到龟兹，有效巩固了对西域的治理。
该墓位于库车龟兹故城东100米处，实证龟兹故城是唐安西都护府所在。库车市友谊路墓群考古项目负责人阿里甫江·尼亚孜介绍，这是目前新疆南部地区发现的唯一一座唐代砖室墓。",文化,https://paper.people.com.cn/rmrb/pc/content/202602/09/../../../content/202602/09/content_30139468.html,2026-02-09,"['都护府', '龟兹', '安西', '库车', '友谊路', '新疆', '唐代', '砖室墓', '考古', '墓群']","第10版：文化
本版新闻
人民日报2026年02月09日",文化
广告,"第10版：文化
本版新闻
人民日报2026年02月09日
Mon
广告
《人民日报》（2026年02月09日第 10 版）",文化,https://paper.people.com.cn/rmrb/pc/content/202602/09/../../../content/202602/09/content_30139469.html,2026-02-09,"['10', '2026', '02', '09', '人民日报', '广告', 'Mon', '本版', '新闻', '文化']","第10版：文化
本版新闻
人民日报2026年02月09日",文化
本版责编：曹怡晴  董映雪  赵帅杰,"第10版：文化
本版新闻
人民日报2026年02月09日
Mon
版式设计：张丹峰",文化,https://paper.people.com.cn/rmrb/pc/content/202602/09/../../../content/202602/09/content_30139470.html,2026-02-09,"['本版', '责编', '10', '2026', '02', '09', 'Mon', '张丹峰', '曹怡', '董映']","第10版：文化
本版新闻
人民日报2026年02月09日",文化
步行一刻钟  拥抱好生活（民生一线）,"第11版：社会
本版新闻
人民日报2026年02月09日
Mon
城市“一刻钟便民生活圈”，是以社区居民为服务对象，服务半径在步行15分钟范围内，以满足居民生活消费和品质消费等为目标的社区商圈。建设便民生活圈，是保障民生、扩大消费、畅通国民经济循环的重要举措。
如何推动“一刻钟便民生活圈”扩围升级？居民生活品质有了哪些提升？本报记者进行了采访。
——编  者
北京市丰台区改造旧商场
看居民需求，缺啥补啥
本报记者  潘俊强
“现在日常生活真是方便多了。”75岁老人陈佩英说。陈佩英是北京市丰台区方庄街道芳星园二区居民，在这里住了20多年，方庄街道打造的方庄时代Life“一刻钟便民生活圈”，让她在家门口就能享受到丰富的生活服务。
芳星园二区旁曾有一家老式商场，主营服装鞋帽，业态比较单一。方庄街道结合城市更新行动，将群众的急难愁盼融入便民生活圈建设。“我们广泛征求意见、了解诉求，按照‘缺啥补啥’的原则，对低效存量空间进行改造和业态提升。”方庄街道党工委书记刘际飞说。
这家老式商场改造后，更名为方庄时代Life购物中心。吃饭、逛超市、带着外孙上兴趣班……如今，这里成为陈佩英经常光顾的地方。
同样改造完毕的方庄市场，焕然一新，各类生活服务一应俱全。走进顾记服装修改坊，店主顾爱林正脚踩缝纫机，不一会儿就为顾客改好了裤脚。顾爱林来自江苏南通市，从事改衣行当30多年，很受附近居民欢迎。在方庄市场，不少商家“一店多能”，一家手机维修门店同时提供配钥匙、售卖锁具等服务，让居民的生活更便捷。
方庄街道通过优化布局、丰富业态，推动设施配套化、服务多元化，满足不同群体需求，把“一刻钟便民生活圈”打造成宜居宜业、宜游宜购、宜老宜小的全龄友好型品质生活圈。大力发展健康服务、健身娱乐、新式书店、托育托管等品质提升类新业态。“我们着力将便民生活圈打造成为与周边社区紧密相连的商业圈、服务圈、文化交流圈。”刘际飞说。
在丰台，“一刻钟便民生活圈”智慧电子地图已上线使用，居民通过图标便可知道附近有哪种业态，点击一下，就可以获得具体位置。
截至目前，丰台区已建成“一刻钟便民生活圈”72个，并入选国家第二批城市“一刻钟便民生活圈”全域推进先行区试点。
辽宁省沈阳市增加社区设施
护“一老一小”，优化服务
本报记者  郝迎灿
中午11点半，推门走进辽宁省沈阳市沈河区北站街道山东堡社区幸福长者食堂，一股暖意扑面而来。“今天是红烧肉炖白菜配花卷。”餐桌前，70岁的社区居民王凤啟吃得正香，“价格经济实惠，而且少油少盐，合胃口又健康。”
一日三餐，对不少老年人来说是个麻烦事。“我们社区60岁以上老人有1700多位，不少老年人反映家里人少，做饭不方便。”山东堡社区党委书记曹红娜说。社区幸福长者食堂应需而生。“有了这个食堂，下楼走几步就能解决吃饭问题，遇到刮风下雨，给社区打个电话，还能送餐上门。”王凤啟说。社区还建设了居家养老服务中心，设置老年活动室、爱心理发室、康复理疗室等，为老年人提供专业服务。
“我们不断加强优质服务供给，推动更多资源向社区倾斜，打造‘一刻钟便民生活圈’。”沈阳市商务局相关负责人介绍。
关爱“一老”，也要守护“一小”。新春佳节将至，迈进社区书屋，只见十几个孩子围案而坐，正在书法爱好者、68岁的社区居民范红的指导下一笔一画写春联。“为解决孩子在假期里无人看管、缺少玩伴等问题，我们早在2001年就开始举办社区课堂，到现在已经坚持了20多年。”曹红娜说。
“我和爱人工作比较忙，最头疼的就是孩子放假没人带。”社区居民宋薇说，“如今，学校放假、社区‘开学’，社区课堂不光提供课业托管、课外实践等服务，还邀请周边学校老师来教授书法、手工等兴趣课程。”
以“一老一小”为重点人群，沈阳改造或建设小区及周边适老化和适儿化设施，大力增加养老育幼等社区服务供给，为居民打造更加舒适、便捷的生活环境，山东堡社区是沈阳推进“一刻钟便民生活圈”建设的一个缩影。
“十四五”时期，沈阳全市共建成试点便民生活圈182个，建设社区养老服务站955个、社区卫生服务中心193家，一批社区从“住有所居”变为“住有优居”。
海南省海口市修缮老街区
助市民游客，各得其乐
本报记者  董泽扬
晨光穿过骑楼的雕花窗棂，店面的卷帘门次第升起。家住海南省海口市龙华区中山街道居仁坊社区的吴女士戴上头盔，准备骑电动车出门购物。
“以前商铺外摆，这里堵，那里不让过非机动车，出门买东西很不方便。”吴女士说。
居仁坊社区位于海口骑楼建筑历史文化街区内，发展旅游业给老街区带来活力的同时，也给老街坊们带来了新烦恼——主干道划为步行街，拎着大包小包难通行；新店扎堆入驻，业态单一，便于本地居民生活的店面却少了。
接到居民反映后，中山街道与多部门会商，让街巷里的“一刻钟便民生活圈”更畅通。“我们动态调整交通动线，延长了步行街开放给非机动车通行的时间，让居民购物更方便。街道里要开什么店，大家商量着来。特意保留的两个修鞋点，为的就是方便群众‘小修小补’。”中山街道工委书记刘虹说。
生活圈补了缺，老街巷更添新意。拐进小巷内，既能看到杂货店、五金店等“老熟人”，也能看到智能快递柜、电动车充电棚等“新面孔”。建筑外立面修缮亮化后的水巷口，品牌连锁店的个性标识与骑楼的古朴形制相映成趣；少史巷不再有斑驳的墙面和乱搭的电线，随手一拍就能“出片”。
与主街相连的巷道里，更多设施完善和景观改造工程正在进行，既让本地居民生活更便利，也为引客来、留客住，为高质量发展打下基础。
骑楼老街时装秀、年货节、非遗巡游、文化展览……颇具特色的活动也给老街坊带来新见闻。“不仅注重缺什么、补什么，居民们没想到的，借着发展旅游，我们也要试着办。”刘虹说。
好生活不仅在街巷。近年来，海口市通过实地调研与问卷调研的方式，对主城区内189个社区开展生活服务设施调查。各区结合实际情况，确定包括托育机构、平价菜网点、社区团购站点、养老站等在内的“一刻钟便民生活圈”建设项目。
夜幕降临，动态图案投影在骑楼墙面上，为历史街区增添了几分现代感。逛街看展、品尝小吃，外地游客与本地市民共享海口夜晚的惬意悠闲。
惠民生促消费，多地推进便民生活圈建设
步行一刻钟  拥抱好生活（民生一线）
《人民日报》（2026年02月09日第 11 版）
城市“一刻钟便民生活圈”，是以社区居民为服务对象，服务半径在步行15分钟范围内，以满足居民生活消费和品质消费等为目标的社区商圈。建设便民生活圈，是保障民生、扩大消费、畅通国民经济循环的重要举措。
如何推动“一刻钟便民生活圈”扩围升级？居民生活品质有了哪些提升？本报记者进行了采访。
——编  者
北京市丰台区改造旧商场
看居民需求，缺啥补啥
本报记者  潘俊强
“现在日常生活真是方便多了。”75岁老人陈佩英说。陈佩英是北京市丰台区方庄街道芳星园二区居民，在这里住了20多年，方庄街道打造的方庄时代Life“一刻钟便民生活圈”，让她在家门口就能享受到丰富的生活服务。
芳星园二区旁曾有一家老式商场，主营服装鞋帽，业态比较单一。方庄街道结合城市更新行动，将群众的急难愁盼融入便民生活圈建设。“我们广泛征求意见、了解诉求，按照‘缺啥补啥’的原则，对低效存量空间进行改造和业态提升。”方庄街道党工委书记刘际飞说。
这家老式商场改造后，更名为方庄时代Life购物中心。吃饭、逛超市、带着外孙上兴趣班……如今，这里成为陈佩英经常光顾的地方。
同样改造完毕的方庄市场，焕然一新，各类生活服务一应俱全。走进顾记服装修改坊，店主顾爱林正脚踩缝纫机，不一会儿就为顾客改好了裤脚。顾爱林来自江苏南通市，从事改衣行当30多年，很受附近居民欢迎。在方庄市场，不少商家“一店多能”，一家手机维修门店同时提供配钥匙、售卖锁具等服务，让居民的生活更便捷。
方庄街道通过优化布局、丰富业态，推动设施配套化、服务多元化，满足不同群体需求，把“一刻钟便民生活圈”打造成宜居宜业、宜游宜购、宜老宜小的全龄友好型品质生活圈。大力发展健康服务、健身娱乐、新式书店、托育托管等品质提升类新业态。“我们着力将便民生活圈打造成为与周边社区紧密相连的商业圈、服务圈、文化交流圈。”刘际飞说。
在丰台，“一刻钟便民生活圈”智慧电子地图已上线使用，居民通过图标便可知道附近有哪种业态，点击一下，就可以获得具体位置。
截至目前，丰台区已建成“一刻钟便民生活圈”72个，并入选国家第二批城市“一刻钟便民生活圈”全域推进先行区试点。
辽宁省沈阳市增加社区设施
护“一老一小”，优化服务
本报记者  郝迎灿
中午11点半，推门走进辽宁省沈阳市沈河区北站街道山东堡社区幸福长者食堂，一股暖意扑面而来。“今天是红烧肉炖白菜配花卷。”餐桌前，70岁的社区居民王凤啟吃得正香，“价格经济实惠，而且少油少盐，合胃口又健康。”
一日三餐，对不少老年人来说是个麻烦事。“我们社区60岁以上老人有1700多位，不少老年人反映家里人少，做饭不方便。”山东堡社区党委书记曹红娜说。社区幸福长者食堂应需而生。“有了这个食堂，下楼走几步就能解决吃饭问题，遇到刮风下雨，给社区打个电话，还能送餐上门。”王凤啟说。社区还建设了居家养老服务中心，设置老年活动室、爱心理发室、康复理疗室等，为老年人提供专业服务。
“我们不断加强优质服务供给，推动更多资源向社区倾斜，打造‘一刻钟便民生活圈’。”沈阳市商务局相关负责人介绍。
关爱“一老”，也要守护“一小”。新春佳节将至，迈进社区书屋，只见十几个孩子围案而坐，正在书法爱好者、68岁的社区居民范红的指导下一笔一画写春联。“为解决孩子在假期里无人看管、缺少玩伴等问题，我们早在2001年就开始举办社区课堂，到现在已经坚持了20多年。”曹红娜说。
“我和爱人工作比较忙，最头疼的就是孩子放假没人带。”社区居民宋薇说，“如今，学校放假、社区‘开学’，社区课堂不光提供课业托管、课外实践等服务，还邀请周边学校老师来教授书法、手工等兴趣课程。”
以“一老一小”为重点人群，沈阳改造或建设小区及周边适老化和适儿化设施，大力增加养老育幼等社区服务供给，为居民打造更加舒适、便捷的生活环境，山东堡社区是沈阳推进“一刻钟便民生活圈”建设的一个缩影。
“十四五”时期，沈阳全市共建成试点便民生活圈182个，建设社区养老服务站955个、社区卫生服务中心193家，一批社区从“住有所居”变为“住有优居”。
海南省海口市修缮老街区
助市民游客，各得其乐
本报记者  董泽扬
晨光穿过骑楼的雕花窗棂，店面的卷帘门次第升起。家住海南省海口市龙华区中山街道居仁坊社区的吴女士戴上头盔，准备骑电动车出门购物。
“以前商铺外摆，这里堵，那里不让过非机动车，出门买东西很不方便。”吴女士说。
居仁坊社区位于海口骑楼建筑历史文化街区内，发展旅游业给老街区带来活力的同时，也给老街坊们带来了新烦恼——主干道划为步行街，拎着大包小包难通行；新店扎堆入驻，业态单一，便于本地居民生活的店面却少了。
接到居民反映后，中山街道与多部门会商，让街巷里的“一刻钟便民生活圈”更畅通。“我们动态调整交通动线，延长了步行街开放给非机动车通行的时间，让居民购物更方便。街道里要开什么店，大家商量着来。特意保留的两个修鞋点，为的就是方便群众‘小修小补’。”中山街道工委书记刘虹说。
生活圈补了缺，老街巷更添新意。拐进小巷内，既能看到杂货店、五金店等“老熟人”，也能看到智能快递柜、电动车充电棚等“新面孔”。建筑外立面修缮亮化后的水巷口，品牌连锁店的个性标识与骑楼的古朴形制相映成趣；少史巷不再有斑驳的墙面和乱搭的电线，随手一拍就能“出片”。
与主街相连的巷道里，更多设施完善和景观改造工程正在进行，既让本地居民生活更便利，也为引客来、留客住，为高质量发展打下基础。
骑楼老街时装秀、年货节、非遗巡游、文化展览……颇具特色的活动也给老街坊带来新见闻。“不仅注重缺什么、补什么，居民们没想到的，借着发展旅游，我们也要试着办。”刘虹说。
好生活不仅在街巷。近年来，海口市通过实地调研与问卷调研的方式，对主城区内189个社区开展生活服务设施调查。各区结合实际情况，确定包括托育机构、平价菜网点、社区团购站点、养老站等在内的“一刻钟便民生活圈”建设项目。
夜幕降临，动态图案投影在骑楼墙面上，为历史街区增添了几分现代感。逛街看展、品尝小吃，外地游客与本地市民共享海口夜晚的惬意悠闲。",社会,https://paper.people.com.cn/rmrb/pc/content/202602/09/../../../content/202602/09/content_30139471.html,2026-02-09,"['生活圈', '社区', '便民', '一刻钟', '方庄', '居民', '街道', '骑楼', '业态', '服务']","第11版：社会
本版新闻
人民日报2026年02月09日",政治
添置新衣，别被这些名字忽悠（服务窗）,"第11版：社会
本版新闻
人民日报2026年02月09日
Mon
出现“水洗棉”“亲肤棉”等名称，不代表面料含有棉纤维成分
看到令人困惑的面料名称时，务必查看产品标签上的“纤维成分”信息
在选购衣物时，可根据手感初步判断面料特性
可在反面或接缝处抽取少量纤维，通过燃烧法进一步判断
春节临近，不少消费者忙着添置新衣。市面上很火的“亲肤棉”“水洗棉”究竟是什么材质？“牛奶绒”“石墨烯”这些新面料又有哪些特质？
据国家纺织服装产品质量检验检测中心（浙江）相关负责人介绍，在纺织纤维的规范命名体系中，“亲肤棉”“水洗棉”均属于不规范表述。根据相关国家标准要求，纺织产品必须在吊牌上明确标注纤维成分及含量，但不少商家为提升市场吸引力，会在商品名称或宣传网页上做文章——刻意植入“亲肤”“水洗”等字样，强化产品与“天然棉质感”的联系，误导消费者。
如果产品名称中有“纯棉”“棉混纺”等字样，往往是对原料的表述，且会在吊牌上注明棉的含量；若出现“水洗棉”“亲肤棉”等名称，本质上是商家的营销手段，不代表面料含有棉纤维成分。
除了各种“棉”，市面上还有各种“纶”，消费者可按需选择。氨纶弹性强，经常出现在有弹性的衣物面料中，如紧身裤、瑜伽服、袜子等产品中。锦纶（尼龙）耐磨，手感顺滑，防水、防风，经常出现在羽绒衣的面料、防晒衣、女士丝袜、泳衣泳裤中。涤纶抗皱，结实耐用，经常用于制作运动服、冲锋衣、外套、校服等。腈纶，有“人造羊毛”之称，质地蓬松，不易发霉，耐日晒，保暖性好，经常用于毛衣、围巾、手套、保暖内衣中。
此外，市场上还有“冰丝”“牛奶绒”“石墨烯”等新面料。“冰丝”接触皮肤时能带来清凉顺滑的体感，原料多为粘胶纤维或聚酯纤维混纺；“牛奶绒”本质是聚酯纤维，经过特殊工艺处理后触感丝滑；“石墨烯”通过涂层或混纺将石墨烯加入到纺织纤维中，将石墨烯的抑菌、升温功能嫁接至面料中。
国家纺织服装产品质量检验检测中心（福建）工作人员介绍，有些新产品在原料、工艺达标的前提下，通过技术改良实现了功能升级，但有些噱头产品则是借用营销概念吸引消费者，选购时要注意分辨。专家建议，消费者看到令人困惑的面料名称时，务必查看产品标签上的“纤维成分”信息，切勿被花哨名称所忽悠。
消费者在选购衣物时，可根据手感初步判断面料特性，如棉面料手感柔软，垂坠感弱；粘胶纤维、莫代尔、莱赛尔纤维等面料，柔软细腻，垂坠感强；聚酯纤维、锦纶等化纤面料受生产和后整理工艺影响大，不易简单分辨。
在满足条件时，可在反面或接缝处抽取少量纤维，通过燃烧法进一步判断。棉、粘胶纤维、莫代尔、莱赛尔纤维等纤维素纤维，点燃后燃烧迅速，有类似烧纸的气味，灰烬为松散絮状；聚酯纤维燃烧时会熔缩，有甜味，形成硬疙瘩不易捻碎；锦纶纤维燃烧时会熔缩，有类似芹菜的氨基味，形成硬疙瘩不易捻碎；羊毛、羊绒、蚕丝等蛋白纤维燃烧时，有类似烧毛发的气味，灰烬呈黑色焦炭状，用手指轻轻一捻就能碎成细末。切记这只是辅助判断方法，不要强行破坏面料，不能直接在服装上点燃，而且要选择相对空旷的场地进行。
添置新衣，别被这些名字忽悠（服务窗）
本报记者  林丽鹂《人民日报》（2026年02月09日第 11 版）
出现“水洗棉”“亲肤棉”等名称，不代表面料含有棉纤维成分
看到令人困惑的面料名称时，务必查看产品标签上的“纤维成分”信息
在选购衣物时，可根据手感初步判断面料特性
可在反面或接缝处抽取少量纤维，通过燃烧法进一步判断
春节临近，不少消费者忙着添置新衣。市面上很火的“亲肤棉”“水洗棉”究竟是什么材质？“牛奶绒”“石墨烯”这些新面料又有哪些特质？
据国家纺织服装产品质量检验检测中心（浙江）相关负责人介绍，在纺织纤维的规范命名体系中，“亲肤棉”“水洗棉”均属于不规范表述。根据相关国家标准要求，纺织产品必须在吊牌上明确标注纤维成分及含量，但不少商家为提升市场吸引力，会在商品名称或宣传网页上做文章——刻意植入“亲肤”“水洗”等字样，强化产品与“天然棉质感”的联系，误导消费者。
如果产品名称中有“纯棉”“棉混纺”等字样，往往是对原料的表述，且会在吊牌上注明棉的含量；若出现“水洗棉”“亲肤棉”等名称，本质上是商家的营销手段，不代表面料含有棉纤维成分。
除了各种“棉”，市面上还有各种“纶”，消费者可按需选择。氨纶弹性强，经常出现在有弹性的衣物面料中，如紧身裤、瑜伽服、袜子等产品中。锦纶（尼龙）耐磨，手感顺滑，防水、防风，经常出现在羽绒衣的面料、防晒衣、女士丝袜、泳衣泳裤中。涤纶抗皱，结实耐用，经常用于制作运动服、冲锋衣、外套、校服等。腈纶，有“人造羊毛”之称，质地蓬松，不易发霉，耐日晒，保暖性好，经常用于毛衣、围巾、手套、保暖内衣中。
此外，市场上还有“冰丝”“牛奶绒”“石墨烯”等新面料。“冰丝”接触皮肤时能带来清凉顺滑的体感，原料多为粘胶纤维或聚酯纤维混纺；“牛奶绒”本质是聚酯纤维，经过特殊工艺处理后触感丝滑；“石墨烯”通过涂层或混纺将石墨烯加入到纺织纤维中，将石墨烯的抑菌、升温功能嫁接至面料中。
国家纺织服装产品质量检验检测中心（福建）工作人员介绍，有些新产品在原料、工艺达标的前提下，通过技术改良实现了功能升级，但有些噱头产品则是借用营销概念吸引消费者，选购时要注意分辨。专家建议，消费者看到令人困惑的面料名称时，务必查看产品标签上的“纤维成分”信息，切勿被花哨名称所忽悠。
消费者在选购衣物时，可根据手感初步判断面料特性，如棉面料手感柔软，垂坠感弱；粘胶纤维、莫代尔、莱赛尔纤维等面料，柔软细腻，垂坠感强；聚酯纤维、锦纶等化纤面料受生产和后整理工艺影响大，不易简单分辨。
在满足条件时，可在反面或接缝处抽取少量纤维，通过燃烧法进一步判断。棉、粘胶纤维、莫代尔、莱赛尔纤维等纤维素纤维，点燃后燃烧迅速，有类似烧纸的气味，灰烬为松散絮状；聚酯纤维燃烧时会熔缩，有甜味，形成硬疙瘩不易捻碎；锦纶纤维燃烧时会熔缩，有类似芹菜的氨基味，形成硬疙瘩不易捻碎；羊毛、羊绒、蚕丝等蛋白纤维燃烧时，有类似烧毛发的气味，灰烬呈黑色焦炭状，用手指轻轻一捻就能碎成细末。切记这只是辅助判断方法，不要强行破坏面料，不能直接在服装上点燃，而且要选择相对空旷的场地进行。",社会,https://paper.people.com.cn/rmrb/pc/content/202602/09/../../../content/202602/09/content_30139472.html,2026-02-09,"['面料', '纤维', '亲肤', '水洗', '聚酯纤维', '石墨', '燃烧', '产品', '手感', '消费者']","第11版：社会
本版新闻
人民日报2026年02月09日",政治
春运首周预计全社会跨区域人员流动量超14亿人次,"第11版：社会
本版新闻
人民日报2026年02月09日
Mon
本报北京2月8日电  （记者韩鑫）来自交通运输部的数据显示，2月8日，春运第七天，预计全社会跨区域人员流动量22428万人次，环比增长0.8%，比去年同期增长0.8%。春运首周，预计全社会跨区域人员流动量累计141322.7万人次，日均20189万人次，比去年同期增长2.0%。
预计铁路客运量累计8602.3万人次，日均1228.9万人次，比去年同期增长0.2%。水路客运量累计489.1万人次，日均69.9万人次，比去年同期增长14.7%。民航客运量累计1632.3万人次，日均233.2万人次，比去年同期增长6.1%。
今年春运，自驾出行成为主力。包括高速公路及普通国省道非营业性小客车人员出行量、公路营业性客运量等在内的公路人员流动量累计130599万人次，日均18657万人次，比去年同期增长2.1%。滴滴出行数据显示，春运以来，滴滴异地打车需求较平日已上涨23%，“反向过年”渐成新潮，预计春节前一线城市打车需求将同比上涨21%。
租车出行成为公众出行新选择。预计今年春节假期，全国租车出行日均订单量同比将有两位数增长。神州租车数据显示，春运以来，跨城出行订单增长超70%，新能源车型预订量同比激增6倍。
总体看，春运开始后，客流逐步由中心城市向外辐射扩散，2月4日至8日，全社会跨区域人员流动量连续5天环比增长，且增速有加快趋势，预计2月14日前后将达到春节前客流峰值。
春运首周预计全社会跨区域人员流动量超14亿人次
《人民日报》（2026年02月09日第 11 版）
本报北京2月8日电  （记者韩鑫）来自交通运输部的数据显示，2月8日，春运第七天，预计全社会跨区域人员流动量22428万人次，环比增长0.8%，比去年同期增长0.8%。春运首周，预计全社会跨区域人员流动量累计141322.7万人次，日均20189万人次，比去年同期增长2.0%。
预计铁路客运量累计8602.3万人次，日均1228.9万人次，比去年同期增长0.2%。水路客运量累计489.1万人次，日均69.9万人次，比去年同期增长14.7%。民航客运量累计1632.3万人次，日均233.2万人次，比去年同期增长6.1%。
今年春运，自驾出行成为主力。包括高速公路及普通国省道非营业性小客车人员出行量、公路营业性客运量等在内的公路人员流动量累计130599万人次，日均18657万人次，比去年同期增长2.1%。滴滴出行数据显示，春运以来，滴滴异地打车需求较平日已上涨23%，“反向过年”渐成新潮，预计春节前一线城市打车需求将同比上涨21%。
租车出行成为公众出行新选择。预计今年春节假期，全国租车出行日均订单量同比将有两位数增长。神州租车数据显示，春运以来，跨城出行订单增长超70%，新能源车型预订量同比激增6倍。
总体看，春运开始后，客流逐步由中心城市向外辐射扩散，2月4日至8日，全社会跨区域人员流动量连续5天环比增长，且增速有加快趋势，预计2月14日前后将达到春节前客流峰值。",社会,https://paper.people.com.cn/rmrb/pc/content/202602/09/../../../content/202602/09/content_30139473.html,2026-02-09,"['万人次', '春运', '流动量', '出行', '日均', '去年同期', '增长', '客运量', '预计', '人员']","第11版：社会
本版新闻
人民日报2026年02月09日",社会
图片报道,"第11版：社会
本版新闻
人民日报2026年02月09日
Mon
2月8日，由江西南昌开往九江的D6346次列车上，工作人员手持提示牌，向乘客介绍“静音车厢”特点。“静音车厢”实行“主动遵守、共同维护、适度干预”原则，通过张贴显著标识、播放无声提示视频、放置宣传卡片等方式，引导旅客营造静音氛围。今年春运，有超8000列列车提供“静音车厢”服务。
杨铭鸣摄
图片报道
《人民日报》（2026年02月09日第 11 版）
2月8日，由江西南昌开往九江的D6346次列车上，工作人员手持提示牌，向乘客介绍“静音车厢”特点。“静音车厢”实行“主动遵守、共同维护、适度干预”原则，通过张贴显著标识、播放无声提示视频、放置宣传卡片等方式，引导旅客营造静音氛围。今年春运，有超8000列列车提供“静音车厢”服务。
杨铭鸣摄",社会,https://paper.people.com.cn/rmrb/pc/content/202602/09/../../../content/202602/09/content_30139474.html,2026-02-09,"['静音', '车厢', '11', '2026', '02', '09', 'D6346', '有超', '8000', '杨铭鸣']","第11版：社会
本版新闻
人民日报2026年02月09日",社会
天津发布2026年66项民心实事,"第11版：社会
本版新闻
人民日报2026年02月09日
Mon
本报天津2月8日电  （记者龚相娟）天津市政府新闻办召开新闻发布会，介绍天津市2026年20项民心工程具体任务和亮点特色。20项民心工程共包含66项具体工作，涉及19个牵头部门。
为精准聚焦民忧民盼，民心工程广泛吸纳民智民意。2025年10月，天津市启动“我为民心工程提建议”活动，累计收到建议1402条。经研究吸纳，群众普遍关心关注的物业服务、交通出行、市容环境、住房保障等事项均纳入2026年的民心工程。最终敲定的民心工程总体分为四大类：一是聚焦投资于人，服务“一老一小”，含11项具体工作；二是健全保障体系，强化服务供给，含19项具体工作；三是设施提质升级，保障韧性安全，含25项具体工作；四是提升治理水平，建设宜居城市，含11项具体工作。
天津发布2026年66项民心实事
《人民日报》（2026年02月09日第 11 版）
本报天津2月8日电  （记者龚相娟）天津市政府新闻办召开新闻发布会，介绍天津市2026年20项民心工程具体任务和亮点特色。20项民心工程共包含66项具体工作，涉及19个牵头部门。
为精准聚焦民忧民盼，民心工程广泛吸纳民智民意。2025年10月，天津市启动“我为民心工程提建议”活动，累计收到建议1402条。经研究吸纳，群众普遍关心关注的物业服务、交通出行、市容环境、住房保障等事项均纳入2026年的民心工程。最终敲定的民心工程总体分为四大类：一是聚焦投资于人，服务“一老一小”，含11项具体工作；二是健全保障体系，强化服务供给，含19项具体工作；三是设施提质升级，保障韧性安全，含25项具体工作；四是提升治理水平，建设宜居城市，含11项具体工作。",社会,https://paper.people.com.cn/rmrb/pc/content/202602/09/../../../content/202602/09/content_30139475.html,2026-02-09,"['民心工程', '2026', '11', '具体', '20', '66', '19', '工作', '天津市', '吸纳']","第11版：社会
本版新闻
人民日报2026年02月09日",政治
三部门部署春节假期前后及春季重点传染病防治工作,"第11版：社会
本版新闻
人民日报2026年02月09日
Mon
据新华社北京2月8日电  （记者徐鹏航）国家疾控局综合司、国家卫生健康委办公厅、国家中医药局综合司2月7日联合发文，部署2026年春节假期前后及春季重点传染病防治工作，要求各地相关部门落实落细各项防治政策措施，保障人民群众健康平安过节。
通知要求，强化输入传染病防控，密切关注全球新冠、猴痘、登革热、基孔肯雅热、疟疾、人感染新亚型流感、尼帕病毒病等疫情形势，提前做好防范应对准备。加强对进境人员中新发突发传染病病例的流行病学调查，摸清感染来源，加强密切接触者追踪、排查和管理，严防疫情传播扩散。
通知明确，相关部门指导托幼机构、学校开学前做好教学和生活环境、饮用水卫生；指导养老机构、社会福利机构加强日常防护和健康监测；指导交通运输场站、文化和旅游场所做好客流疏导、密闭场所清洁消毒和通风换气等；指导餐饮单位、海产品销售经营者等加强食品卫生和安全管理。
此外，持续促进儿童、老年人、慢性病患者等高风险人群积极主动接种流感疫苗，不断优化接种服务。加强中西医结合救治，增加重点传染病诊疗服务供给，满足群众春节假期就医用药需求。
据悉，当前我国传染病疫情形势总体平稳。
三部门部署春节假期前后及春季重点传染病防治工作
《人民日报》（2026年02月09日第 11 版）
据新华社北京2月8日电  （记者徐鹏航）国家疾控局综合司、国家卫生健康委办公厅、国家中医药局综合司2月7日联合发文，部署2026年春节假期前后及春季重点传染病防治工作，要求各地相关部门落实落细各项防治政策措施，保障人民群众健康平安过节。
通知要求，强化输入传染病防控，密切关注全球新冠、猴痘、登革热、基孔肯雅热、疟疾、人感染新亚型流感、尼帕病毒病等疫情形势，提前做好防范应对准备。加强对进境人员中新发突发传染病病例的流行病学调查，摸清感染来源，加强密切接触者追踪、排查和管理，严防疫情传播扩散。
通知明确，相关部门指导托幼机构、学校开学前做好教学和生活环境、饮用水卫生；指导养老机构、社会福利机构加强日常防护和健康监测；指导交通运输场站、文化和旅游场所做好客流疏导、密闭场所清洁消毒和通风换气等；指导餐饮单位、海产品销售经营者等加强食品卫生和安全管理。
此外，持续促进儿童、老年人、慢性病患者等高风险人群积极主动接种流感疫苗，不断优化接种服务。加强中西医结合救治，增加重点传染病诊疗服务供给，满足群众春节假期就医用药需求。
据悉，当前我国传染病疫情形势总体平稳。",社会,https://paper.people.com.cn/rmrb/pc/content/202602/09/../../../content/202602/09/content_30139476.html,2026-02-09,"['传染病', '春节假期', '加强', '指导', '疫情', '2026', '综合司', '防治', '做好', '健康']","第11版：社会
本版新闻
人民日报2026年02月09日",政治
江苏常州启动食物驿站公益项目,"第11版：社会
本版新闻
人民日报2026年02月09日
Mon
本报南京2月8日电  （记者尹晓宇）江苏省常州市武进区“食武驿”公益项目已正式启动。“食武驿”首批5个试点，面向城乡最低生活保障对象、低保边缘对象、支出型困难家庭、分散供养特困对象和困境儿童家庭。
“食武驿”公益项目运营方——常州市武晋城市资源运营有限公司相关负责人邵康介绍，“食武驿”采取线上预约、线下领取模式。每天上午微信小程序开放预约，帮扶对象预约成功后可在预约点位扫码领取一份当日食物。开放首日，“食武驿”共上线420份爱心包，有大米、牛奶、方便面、零食等，全部来自爱心企业捐赠。
每天，爱心企业会把食物送到“食武驿”中心仓，由志愿者验收入库，进行专业分拣、贴标打包，再发往各点位的智能柜。“食品安全有三重保障，企业自检、政府抽检、运营方复检，还配套食品安全责任险。”邵康说，每份食物都有专属二维码，可随时溯源，智能柜也配有恒温保鲜系统。
江苏常州启动食物驿站公益项目
《人民日报》（2026年02月09日第 11 版）
本报南京2月8日电  （记者尹晓宇）江苏省常州市武进区“食武驿”公益项目已正式启动。“食武驿”首批5个试点，面向城乡最低生活保障对象、低保边缘对象、支出型困难家庭、分散供养特困对象和困境儿童家庭。
“食武驿”公益项目运营方——常州市武晋城市资源运营有限公司相关负责人邵康介绍，“食武驿”采取线上预约、线下领取模式。每天上午微信小程序开放预约，帮扶对象预约成功后可在预约点位扫码领取一份当日食物。开放首日，“食武驿”共上线420份爱心包，有大米、牛奶、方便面、零食等，全部来自爱心企业捐赠。
每天，爱心企业会把食物送到“食武驿”中心仓，由志愿者验收入库，进行专业分拣、贴标打包，再发往各点位的智能柜。“食品安全有三重保障，企业自检、政府抽检、运营方复检，还配套食品安全责任险。”邵康说，每份食物都有专属二维码，可随时溯源，智能柜也配有恒温保鲜系统。",社会,https://paper.people.com.cn/rmrb/pc/content/202602/09/../../../content/202602/09/content_30139477.html,2026-02-09,"['食武', '预约', '公益', '爱心', '食物', '邵康', '对象', '运营', '常州市', '食品安全']","第11版：社会
本版新闻
人民日报2026年02月09日",政治
一条烤鱼带来的热辣生活,"第11版：社会
本版新闻
人民日报2026年02月09日
Mon
餐饮行业作为贴近民生的消费领域，是观察消费活力的直观窗口，也是提振消费的关键着力点。近年来，随着餐饮消费需求持续升级，消费者既看重味道，也注重体验。
“精心布置的餐桌、可爱的小蛋糕和生日帽、手写贺卡，还有店员帮忙拍照，这个生日我过得很难忘也很温暖。”在位于北京市朝阳区合生汇的烤鱼店烤匠里，顾客小刘说。
在烤匠，类似的暖心情景时常上演。瞄准朋友聚会、生日庆祝等社交需求，烤匠以精心营造的氛围打造别样的消费体验。这些看似微小的仪式感，正是餐饮行业从满足“口腹之欲”到创造“情绪价值”的生动实践。
扎实的产品是餐饮业立身与发展的根本。烤匠深入挖掘川渝本地美食资源，选定“麻辣烤鱼”这一经典品类进行全面重塑与升级。烤匠黑豆花麻辣烤鱼传统制作技艺先后入选四川省成都市武侯区、重庆市江北区非物质文化遗产代表性项目。如今，麻辣烤鱼正成为川渝除火锅外的又一张美食名片。
为确保风味稳定，企业还将品质管控进一步延伸至产业链源头，对关键原料实施全年采购锁定，以高标准订单推动供应链优质化。
这一采购体系也带动产地农民稳定增收。以四川省凉山彝族自治州金阳县芦稿镇为例，烤匠联合供应商与当地合作社签订协议，约定采购量与保底价，引导农户规划种植花椒，并提供技术与农资支持。既保障了原料品质，也使农户免受价格波动影响，实现稳定收益。目前，该镇花椒种植面积达3000亩，带动当地1000多农户增收。一条从田间到餐桌的稳定价值链条逐步形成，美食传承与乡村发展实现同频共振。
在源头通过订单农业赋能乡村、履行企业社会责任，也在终端凭借精准选址与营销策略激活商圈，拓宽市场空间。
烤匠品牌创始人冷艳君介绍，企业在深耕川渝市场10年后才进军北京、上海等地，在北京首店的选址精准落子于朝阳区合生汇这一年轻客流聚集地，吸引了大量本地乃至跨城前来的消费者。
一家持续火爆的餐厅，也像一块磁石，带动整个商圈的客流。在位于合生汇的烤匠门店外，顾客取号后顺带逛街、娱乐，消费溢出至整个商场。
截至目前，烤匠在各地已开设70余家直营店，拥有正式员工3500余名。烤匠的“出圈”之路，是通过优质供给创造新需求，以商业创新承载社会价值，成为提振消费的现象级品牌。这要求企业不仅要埋头夯实供应链与产品，还要抬头洞察市场趋势与消费变迁。
“未来，我们将继续聚焦自身擅长的领域，深入发掘顾客需求，在垂直品类中创造不可替代的体验——这既是行业的机遇，更是品牌发展的关键。”冷艳君表示。
餐饮品牌以优质供给成功“出圈”
一条烤鱼带来的热辣生活
本报记者  王明峰《人民日报》（2026年02月09日第 11 版）
餐饮行业作为贴近民生的消费领域，是观察消费活力的直观窗口，也是提振消费的关键着力点。近年来，随着餐饮消费需求持续升级，消费者既看重味道，也注重体验。
“精心布置的餐桌、可爱的小蛋糕和生日帽、手写贺卡，还有店员帮忙拍照，这个生日我过得很难忘也很温暖。”在位于北京市朝阳区合生汇的烤鱼店烤匠里，顾客小刘说。
在烤匠，类似的暖心情景时常上演。瞄准朋友聚会、生日庆祝等社交需求，烤匠以精心营造的氛围打造别样的消费体验。这些看似微小的仪式感，正是餐饮行业从满足“口腹之欲”到创造“情绪价值”的生动实践。
扎实的产品是餐饮业立身与发展的根本。烤匠深入挖掘川渝本地美食资源，选定“麻辣烤鱼”这一经典品类进行全面重塑与升级。烤匠黑豆花麻辣烤鱼传统制作技艺先后入选四川省成都市武侯区、重庆市江北区非物质文化遗产代表性项目。如今，麻辣烤鱼正成为川渝除火锅外的又一张美食名片。
为确保风味稳定，企业还将品质管控进一步延伸至产业链源头，对关键原料实施全年采购锁定，以高标准订单推动供应链优质化。
这一采购体系也带动产地农民稳定增收。以四川省凉山彝族自治州金阳县芦稿镇为例，烤匠联合供应商与当地合作社签订协议，约定采购量与保底价，引导农户规划种植花椒，并提供技术与农资支持。既保障了原料品质，也使农户免受价格波动影响，实现稳定收益。目前，该镇花椒种植面积达3000亩，带动当地1000多农户增收。一条从田间到餐桌的稳定价值链条逐步形成，美食传承与乡村发展实现同频共振。
在源头通过订单农业赋能乡村、履行企业社会责任，也在终端凭借精准选址与营销策略激活商圈，拓宽市场空间。
烤匠品牌创始人冷艳君介绍，企业在深耕川渝市场10年后才进军北京、上海等地，在北京首店的选址精准落子于朝阳区合生汇这一年轻客流聚集地，吸引了大量本地乃至跨城前来的消费者。
一家持续火爆的餐厅，也像一块磁石，带动整个商圈的客流。在位于合生汇的烤匠门店外，顾客取号后顺带逛街、娱乐，消费溢出至整个商场。
截至目前，烤匠在各地已开设70余家直营店，拥有正式员工3500余名。烤匠的“出圈”之路，是通过优质供给创造新需求，以商业创新承载社会价值，成为提振消费的现象级品牌。这要求企业不仅要埋头夯实供应链与产品，还要抬头洞察市场趋势与消费变迁。
“未来，我们将继续聚焦自身擅长的领域，深入发掘顾客需求，在垂直品类中创造不可替代的体验——这既是行业的机遇，更是品牌发展的关键。”冷艳君表示。",社会,https://paper.people.com.cn/rmrb/pc/content/202602/09/../../../content/202602/09/content_30139478.html,2026-02-09,"['烤匠', '烤鱼', '消费', '合生汇', '麻辣', '美食', '农户', '生日', '提振', '冷艳']","第11版：社会
本版新闻
人民日报2026年02月09日",经济
本版责编：唐天奕  白真智  闵方正,"第11版：社会
本版新闻
人民日报2026年02月09日
Mon
版式设计：张丹峰",社会,https://paper.people.com.cn/rmrb/pc/content/202602/09/../../../content/202602/09/content_30139479.html,2026-02-09,"['本版', '责编', '11', '2026', '02', '09', 'Mon', '张丹峰', '白真智', '唐天']","第11版：社会
本版新闻
人民日报2026年02月09日",社会
广告,"第12版：广告
本版新闻
人民日报2026年02月09日
Mon
广告
《人民日报》（2026年02月09日第 12 版）",广告,https://paper.people.com.cn/rmrb/pc/content/202602/09/../../../content/202602/09/content_30139480.html,2026-02-09,"['12', '2026', '02', '09', '广告', '人民日报', 'Mon', '本版', '新闻']","第12版：广告
本版新闻
人民日报2026年02月09日",其他
单板滑雪进入高难度“超旋时代”（奥运纵横）,"第13版：特别报道
本版新闻
人民日报2026年02月09日
Mon
当地时间2月7日晚，米兰冬奥会单板滑雪男子大跳台项目决赛在利维尼奥雪上公园展开，日本队选手木村葵来和木俣椋真分获金、银牌。中国队选手苏翊鸣发挥出色，摘得铜牌，这也是中国体育代表团在本届冬奥会上获得的首枚奖牌。资格赛第一名日本队选手荻原大翔在决赛中位列最后一名，巨大的成绩落差体现了这个项目比赛的跌宕起伏和不可预知。
当前单板滑雪项目迈入以高难度旋转为特点的“超旋时代”，大跳台与坡面障碍技巧项目的技术极限被持续刷新，动作难度被运动员持续突破。从1980度转体到2160度转体，不少顶尖选手还能完成2340度转体（6周半）的超高难度动作，全面超越了北京冬奥会做出1800度转体动作就能站上领奖台的标准。米兰冬奥会单板滑雪男子大跳台项目决赛的12名选手中，超过半数都选择了1980度转体的动作。
技术跨越式发展，让赛场呈现大浪淘沙之势。曾在北京冬奥会入围该项目决赛的选手，仅剩苏翊鸣一人闯入本届冬奥会决赛，年轻化趋势日益明显。从北京冬奥会的一金一银，到本届冬奥会收获铜牌，苏翊鸣在单板滑雪技术飞速迭代的当下，凭借坚守与热爱，给出了自己的答案。“我一直都把自己当成一个小将，但这次看到决赛名单时才发现，大部分选手比我小。原来我已经是一名老运动员了，有了被大家追赶的感觉。”苏翊鸣说。
在新人辈出、难度飙升的“超旋时代”，走向领奖台的每一步，都需要超乎常人的坚守。这枚意义非凡的铜牌，正是苏翊鸣走出伤病低谷后的最好回报。2024年一整年，苏翊鸣几乎都在与伤病抗争，错过了许多比赛，数次无缘领奖台。他的母亲李蕾回忆起那段艰难的日子，满是心疼：“为了拿到米兰冬奥会的参赛积分，他一直带着伤病辗转各地参赛，我们只能默默支持他、鼓励他。”单板滑雪是苏翊鸣从小的热爱，也是他愿意为之拼尽全力的事业，来自家庭的理解与支持，成为他穿越低谷、直面“超旋时代”的底气。
谈及在决赛中的发挥，苏翊鸣坦言自己并未发挥出最理想的状态。第三轮比赛中，日本队选手接连刷新分数，他最后一跳完成得不错，却因落地稍有瑕疵未能实现反超。“如果有一个完美的落地，总分可能会领先，但比赛就是这样，充满着不确定性。”苏翊鸣说。
“我们几乎每天在一起训练、比赛，分享喜悦与压力，每一个为热爱努力的运动员都值得尊重。”比赛结束后，苏翊鸣向两位日本队选手送上了真挚的祝贺。
在决赛中，荻原大翔和木俣椋真分别挑战了2340度和2160度的动作。苏翊鸣透露，自己在训练中已经完成了很多在赛场上没有出现过的高难度动作，只是此次决赛因状态与战术考量未能展现。这份未竟的期待，也将成为他迎接后续比赛的动力。
“和4年前相比，我并没有感觉到特别的不同，唯一的不同是有了更多责任。很多人都在追求梦想的道路上努力，我希望也能以自己的经历影响更多人。”苏翊鸣说。
苏翊鸣为中国体育代表团夺得本届冬奥会首枚奖牌
单板滑雪进入高难度“超旋时代”（奥运纵横）
本报记者  陈晨曦  曾华锋  王靖远《人民日报》（2026年02月09日第 13 版）
当地时间2月7日晚，米兰冬奥会单板滑雪男子大跳台项目决赛在利维尼奥雪上公园展开，日本队选手木村葵来和木俣椋真分获金、银牌。中国队选手苏翊鸣发挥出色，摘得铜牌，这也是中国体育代表团在本届冬奥会上获得的首枚奖牌。资格赛第一名日本队选手荻原大翔在决赛中位列最后一名，巨大的成绩落差体现了这个项目比赛的跌宕起伏和不可预知。
当前单板滑雪项目迈入以高难度旋转为特点的“超旋时代”，大跳台与坡面障碍技巧项目的技术极限被持续刷新，动作难度被运动员持续突破。从1980度转体到2160度转体，不少顶尖选手还能完成2340度转体（6周半）的超高难度动作，全面超越了北京冬奥会做出1800度转体动作就能站上领奖台的标准。米兰冬奥会单板滑雪男子大跳台项目决赛的12名选手中，超过半数都选择了1980度转体的动作。
技术跨越式发展，让赛场呈现大浪淘沙之势。曾在北京冬奥会入围该项目决赛的选手，仅剩苏翊鸣一人闯入本届冬奥会决赛，年轻化趋势日益明显。从北京冬奥会的一金一银，到本届冬奥会收获铜牌，苏翊鸣在单板滑雪技术飞速迭代的当下，凭借坚守与热爱，给出了自己的答案。“我一直都把自己当成一个小将，但这次看到决赛名单时才发现，大部分选手比我小。原来我已经是一名老运动员了，有了被大家追赶的感觉。”苏翊鸣说。
在新人辈出、难度飙升的“超旋时代”，走向领奖台的每一步，都需要超乎常人的坚守。这枚意义非凡的铜牌，正是苏翊鸣走出伤病低谷后的最好回报。2024年一整年，苏翊鸣几乎都在与伤病抗争，错过了许多比赛，数次无缘领奖台。他的母亲李蕾回忆起那段艰难的日子，满是心疼：“为了拿到米兰冬奥会的参赛积分，他一直带着伤病辗转各地参赛，我们只能默默支持他、鼓励他。”单板滑雪是苏翊鸣从小的热爱，也是他愿意为之拼尽全力的事业，来自家庭的理解与支持，成为他穿越低谷、直面“超旋时代”的底气。
谈及在决赛中的发挥，苏翊鸣坦言自己并未发挥出最理想的状态。第三轮比赛中，日本队选手接连刷新分数，他最后一跳完成得不错，却因落地稍有瑕疵未能实现反超。“如果有一个完美的落地，总分可能会领先，但比赛就是这样，充满着不确定性。”苏翊鸣说。
“我们几乎每天在一起训练、比赛，分享喜悦与压力，每一个为热爱努力的运动员都值得尊重。”比赛结束后，苏翊鸣向两位日本队选手送上了真挚的祝贺。
在决赛中，荻原大翔和木俣椋真分别挑战了2340度和2160度的动作。苏翊鸣透露，自己在训练中已经完成了很多在赛场上没有出现过的高难度动作，只是此次决赛因状态与战术考量未能展现。这份未竟的期待，也将成为他迎接后续比赛的动力。
“和4年前相比，我并没有感觉到特别的不同，唯一的不同是有了更多责任。很多人都在追求梦想的道路上努力，我希望也能以自己的经历影响更多人。”苏翊鸣说。",特别报道,https://paper.people.com.cn/rmrb/pc/content/202602/09/../../../content/202602/09/content_30139519.html,2026-02-09,"['苏翊鸣', '冬奥会', '决赛', '选手', '单板', '滑雪', '转体', '日本队', '比赛', '超旋']","第13版：特别报道
本版新闻
人民日报2026年02月09日",文化
让世界看见中国运动员风采（奥林匹克与我）,"第13版：特别报道
本版新闻
人民日报2026年02月09日
Mon
作为一名曾在奥运赛场上追逐梦想的运动员，我退役后，目光始终未离开拼搏在赛场的中国健儿。在冰雪赛场，一代代追梦者的身影让我动容。他们的执着与拼搏，让中国冰雪运动从默默无闻逐渐站上世界舞台，让更多人感受到冰雪运动的魅力。
体育的真谛在于突破自我、追求卓越，这也是奥林匹克精神的动人内核。2022年北京冬奥会的成功举办，不仅让冰雪运动走进寻常百姓家，更让世界看到了中国对奥林匹克精神的践行与传承。如今米兰冬奥会的大幕已经拉开，中国冰雪健儿正全力拼搏。我深知，每一次站上赛场都是对日复一日训练的检验，每一次奋力冲刺都承载着执着的梦想。期待他们在米兰冬奥会上，既能展现个人竞技体育实力，更传递中国运动员自信从容、坚韧不拔的精神风貌，让世界看见中国体育的力量。
奥林匹克赛场从来不是孤军奋战的舞台。运动员在聚光灯下的每一次闪耀，背后都凝聚着专业训练的积淀、科技保障的支撑与器材研发的精进。从初登冬奥赛场至今，中国运动员的参赛装备发生了翻天覆地的变化——功能设计更贴合运动需求，技术研发更凸显科技赋能。这不仅是体育产业的成长，更是国家综合实力的彰显。我们一直是中国体育坚定的参与者、支持者和践行者，持续贡献自己的力量。当运动员身着凝聚着匠心与科技的装备站上领奖台，那一刻，闪耀的不仅是奖牌的光芒，更是中国运动员的风采与一个国家向上的力量。
冬奥会是运动员的赛场，也是全民参与体育的契机。期待这场冰雪盛会能点燃更多人的运动热情，让他们走进冰场、踏上雪场，在运动中感受快乐、收获成长。当全民健身热潮涌动，当体育精神融入生活肌理，每个人的努力都会成为推动中国体育发展源源不断的动力。
愿中国冰雪健儿在米兰冬奥会赛场绽放光彩，愿奥林匹克精神照亮更多人的追梦之路，让世界持续看见中国运动员的风采，看见一个充满活力与担当的中国。
（中国奥林匹克学院荣誉院长、李宁品牌创始人李宁在米兰冬奥会“中国之家”接受采访时说，本报记者季芳采访整理）
让世界看见中国运动员风采（奥林匹克与我）
《人民日报》（2026年02月09日第 13 版）
作为一名曾在奥运赛场上追逐梦想的运动员，我退役后，目光始终未离开拼搏在赛场的中国健儿。在冰雪赛场，一代代追梦者的身影让我动容。他们的执着与拼搏，让中国冰雪运动从默默无闻逐渐站上世界舞台，让更多人感受到冰雪运动的魅力。
体育的真谛在于突破自我、追求卓越，这也是奥林匹克精神的动人内核。2022年北京冬奥会的成功举办，不仅让冰雪运动走进寻常百姓家，更让世界看到了中国对奥林匹克精神的践行与传承。如今米兰冬奥会的大幕已经拉开，中国冰雪健儿正全力拼搏。我深知，每一次站上赛场都是对日复一日训练的检验，每一次奋力冲刺都承载着执着的梦想。期待他们在米兰冬奥会上，既能展现个人竞技体育实力，更传递中国运动员自信从容、坚韧不拔的精神风貌，让世界看见中国体育的力量。
奥林匹克赛场从来不是孤军奋战的舞台。运动员在聚光灯下的每一次闪耀，背后都凝聚着专业训练的积淀、科技保障的支撑与器材研发的精进。从初登冬奥赛场至今，中国运动员的参赛装备发生了翻天覆地的变化——功能设计更贴合运动需求，技术研发更凸显科技赋能。这不仅是体育产业的成长，更是国家综合实力的彰显。我们一直是中国体育坚定的参与者、支持者和践行者，持续贡献自己的力量。当运动员身着凝聚着匠心与科技的装备站上领奖台，那一刻，闪耀的不仅是奖牌的光芒，更是中国运动员的风采与一个国家向上的力量。
冬奥会是运动员的赛场，也是全民参与体育的契机。期待这场冰雪盛会能点燃更多人的运动热情，让他们走进冰场、踏上雪场，在运动中感受快乐、收获成长。当全民健身热潮涌动，当体育精神融入生活肌理，每个人的努力都会成为推动中国体育发展源源不断的动力。
愿中国冰雪健儿在米兰冬奥会赛场绽放光彩，愿奥林匹克精神照亮更多人的追梦之路，让世界持续看见中国运动员的风采，看见一个充满活力与担当的中国。
（中国奥林匹克学院荣誉院长、李宁品牌创始人李宁在米兰冬奥会“中国之家”接受采访时说，本报记者季芳采访整理）",特别报道,https://paper.people.com.cn/rmrb/pc/content/202602/09/../../../content/202602/09/content_30139520.html,2026-02-09,"['赛场', '冬奥会', '运动员', '冰雪', '奥林匹克', '中国', '体育', '米兰', '健儿', '运动']","第13版：特别报道
本版新闻
人民日报2026年02月09日",政治
杨滨瑜：让热爱更纯粹,"第13版：特别报道
本版新闻
人民日报2026年02月09日
Mon
当地时间2月7日下午，米兰冬奥会速度滑冰女子3000米决赛在米兰速度滑冰馆举行。23岁的中国队选手杨滨瑜以4分07秒62完成比赛，排名第十七。“我没有过多地想成绩，只是尽力把自己的水平发挥出来。”回顾冬奥会首秀，杨滨瑜坦言“还可以”。
成绩和名次或许并不算耀眼，但对于杨滨瑜而言，这一切足够珍贵，又异常艰辛。
2020年1月，在瑞士洛桑冬季青年奥林匹克运动会速度滑冰比赛中，杨滨瑜夺得女子1500米季军，并获得女子集体出发比赛冠军，成为中国体育代表团在该届冬青奥会的首枚金牌。
然而，2023年7月的一天，她在骑行训练课上遭遇事故，被送入重症监护室。全身多处受伤的杨滨瑜一度连说话都不利索，未来能否延续运动生涯，她心中也没有底。
“躺在病床上的每一天，都在想什么时候能回到冰场上训练。”经历过生死的杨滨瑜，对于速度滑冰这项运动有了新的感悟，心里的压力似乎都烟消云散了。
怀着纯粹的热爱，恢复神速的杨滨瑜不到3个月就归队。她在代表中国队踏上哈尔滨亚冬会的赛场时，一举摘得两金一银。如今戴着自己标志性的发箍，杨滨瑜第一次踏上冬奥会赛场。
“这场比赛让我总结了很多经验，希望能给未来的比赛做好更多铺垫。”在本届冬奥会中，她还会参加速度滑冰女子1500米、5000米和集体出发三项比赛，“我还会不断学习，不断超越自己。”
从重症监护室到速度滑冰赛场
杨滨瑜：让热爱更纯粹
本报记者  刘硕阳《人民日报》（2026年02月09日第 13 版）
当地时间2月7日下午，米兰冬奥会速度滑冰女子3000米决赛在米兰速度滑冰馆举行。23岁的中国队选手杨滨瑜以4分07秒62完成比赛，排名第十七。“我没有过多地想成绩，只是尽力把自己的水平发挥出来。”回顾冬奥会首秀，杨滨瑜坦言“还可以”。
成绩和名次或许并不算耀眼，但对于杨滨瑜而言，这一切足够珍贵，又异常艰辛。
2020年1月，在瑞士洛桑冬季青年奥林匹克运动会速度滑冰比赛中，杨滨瑜夺得女子1500米季军，并获得女子集体出发比赛冠军，成为中国体育代表团在该届冬青奥会的首枚金牌。
然而，2023年7月的一天，她在骑行训练课上遭遇事故，被送入重症监护室。全身多处受伤的杨滨瑜一度连说话都不利索，未来能否延续运动生涯，她心中也没有底。
“躺在病床上的每一天，都在想什么时候能回到冰场上训练。”经历过生死的杨滨瑜，对于速度滑冰这项运动有了新的感悟，心里的压力似乎都烟消云散了。
怀着纯粹的热爱，恢复神速的杨滨瑜不到3个月就归队。她在代表中国队踏上哈尔滨亚冬会的赛场时，一举摘得两金一银。如今戴着自己标志性的发箍，杨滨瑜第一次踏上冬奥会赛场。
“这场比赛让我总结了很多经验，希望能给未来的比赛做好更多铺垫。”在本届冬奥会中，她还会参加速度滑冰女子1500米、5000米和集体出发三项比赛，“我还会不断学习，不断超越自己。”",特别报道,https://paper.people.com.cn/rmrb/pc/content/202602/09/../../../content/202602/09/content_30139521.html,2026-02-09,"['杨滨', '冬奥会', '滑冰', '比赛', '速度', '女子', '赛场', '1500', '中国队', '米兰']","第13版：特别报道
本版新闻
人民日报2026年02月09日",文化
“宁愿战斗失败，也不要从未战斗”,"第13版：特别报道
本版新闻
人民日报2026年02月09日
Mon
当地时间2月7日晚，伴随着优美深沉的旋律，中国花样滑冰名将金博洋在团体赛男子单人滑短节目中完成米兰冬奥会的首次亮相。虽然最终中国队未能进入决赛，但金博洋用出色的表现赢得赞誉与尊重。
这是28岁的金博洋第三次踏上冬奥会赛场，同组运动员中，他是年龄最大的选手之一。“在这个年纪还能保持良好的花滑状态，我很自豪。”金博洋说，“从赛前热身开始，我便找到了释放的感觉，能够全身心地享受比赛。”
整场比赛，金博洋感情饱满、动作流畅，得到84.15分。“很高兴他状态这么好。”直播官方解说对金博洋给予很高评价，“他在艺术表现力方面下了很大功夫，可以感觉到他在用心感受音乐。”
作为中国花样滑冰队中的老将，金博洋虽已不在巅峰状态，但依然选择了和自己“较劲”。“宁愿战斗失败，也不要从未战斗”，正如他选择的配乐《战斗与失败》歌词所写，“希望用好的赛场状态，向大家传递花样滑冰运动的魅力以及我的热爱。”
比赛结束，金博洋向全场观众鞠躬致意。赛场边，队友隋文静的眼中泛起了泪光。他们都是第三次走上冬奥舞台，其中的艰辛，他们深有感触。“坚持做自己热爱的事情是一件很了不起的事。”金博洋说。
接下来，金博洋还将参加男子单人滑个人赛，他希望尽快调整状态，在比赛中展现更好的自己。
中国花样滑冰名将金博洋——
“宁愿战斗失败，也不要从未战斗”
本报记者  巩育华  人民网记者  杨  磊《人民日报》（2026年02月09日第 13 版）
当地时间2月7日晚，伴随着优美深沉的旋律，中国花样滑冰名将金博洋在团体赛男子单人滑短节目中完成米兰冬奥会的首次亮相。虽然最终中国队未能进入决赛，但金博洋用出色的表现赢得赞誉与尊重。
这是28岁的金博洋第三次踏上冬奥会赛场，同组运动员中，他是年龄最大的选手之一。“在这个年纪还能保持良好的花滑状态，我很自豪。”金博洋说，“从赛前热身开始，我便找到了释放的感觉，能够全身心地享受比赛。”
整场比赛，金博洋感情饱满、动作流畅，得到84.15分。“很高兴他状态这么好。”直播官方解说对金博洋给予很高评价，“他在艺术表现力方面下了很大功夫，可以感觉到他在用心感受音乐。”
作为中国花样滑冰队中的老将，金博洋虽已不在巅峰状态，但依然选择了和自己“较劲”。“宁愿战斗失败，也不要从未战斗”，正如他选择的配乐《战斗与失败》歌词所写，“希望用好的赛场状态，向大家传递花样滑冰运动的魅力以及我的热爱。”
比赛结束，金博洋向全场观众鞠躬致意。赛场边，队友隋文静的眼中泛起了泪光。他们都是第三次走上冬奥舞台，其中的艰辛，他们深有感触。“坚持做自己热爱的事情是一件很了不起的事。”金博洋说。
接下来，金博洋还将参加男子单人滑个人赛，他希望尽快调整状态，在比赛中展现更好的自己。",特别报道,https://paper.people.com.cn/rmrb/pc/content/202602/09/../../../content/202602/09/content_30139522.html,2026-02-09,"['金博洋', '花样滑冰', '战斗', '赛场', '单人滑', '比赛', '冬奥会', '状态', '失败', '宁愿']","第13版：特别报道
本版新闻
人民日报2026年02月09日",文化
滑雪小镇的冬奥“情缘”（冬奥走笔）,"第13版：特别报道
本版新闻
人民日报2026年02月09日
Mon
苏翊鸣在单板滑雪男子大跳台项目中获得季军，谷爱凌在自由式滑雪女子坡面障碍技巧资格赛中顶住压力顺利晋级……本届冬奥会，自由式滑雪的4个小项障碍追逐、U型场地技巧、坡面障碍技巧、大跳台和单板滑雪项目的比赛，在瓦尔泰利纳赛区的利维尼奥雪上公园进行。开赛以来，这里上演了不少精彩瞬间，吸引了世界观众的目光。
意大利知名滑雪小镇利维尼奥，位于阿尔卑斯山地区，常住人口不足万人，缘何成为世界瞩目的冬奥会赛场？
从米兰到利维尼奥约200公里，车程需要三四个小时。一条盘山公路在高山、雪地、小镇中蛇形而上，公交车、长途巴士、清雪车等络绎不绝。山道蜿蜒起伏，道路两旁群山耸峙，雪道上滑雪者众多。移步换景，记者一时间仿佛置身童话中的冰雪世界。行走在小镇中，随处可见背着雪具的人，浓厚的冰雪运动气息扑面而来。
开展滑雪运动，利维尼奥的自然条件得天独厚，海拔超1800米，是冰雪运动爱好者理想的训练区。利维尼奥冰雪运动配套的基础设施完善，拥有31条缆车设施和总长115公里的雪道系统，涵盖高山滑雪、单板滑雪等多种项目。同时，当地拥有较强的接待能力，酒店类型多样化，餐饮、消费便利。
在阿尔卑斯山地区，滑雪小镇如璀璨星辰密布，孕育出冬奥会这颗冰雪赛事明珠，首届冬奥会就是在阿尔卑斯山勃朗峰下的法国霞慕尼小镇举办。迄今多届冬奥会在阿尔卑斯山地区举办，仅意大利就举办了3届冬奥会，和意大利相邻的瑞士也有举办两届冬奥会的经历。
冬奥会从滑雪小镇中走来，一个个小镇又续写着新的冬奥诗篇，这种自然与人文交织的“情缘”，令冬奥篇章格外动人。
利维尼奥雪上公园上演竞技精彩瞬间
滑雪小镇的冬奥“情缘”（冬奥走笔）
本报记者  曾华锋《人民日报》（2026年02月09日第 13 版）
苏翊鸣在单板滑雪男子大跳台项目中获得季军，谷爱凌在自由式滑雪女子坡面障碍技巧资格赛中顶住压力顺利晋级……本届冬奥会，自由式滑雪的4个小项障碍追逐、U型场地技巧、坡面障碍技巧、大跳台和单板滑雪项目的比赛，在瓦尔泰利纳赛区的利维尼奥雪上公园进行。开赛以来，这里上演了不少精彩瞬间，吸引了世界观众的目光。
意大利知名滑雪小镇利维尼奥，位于阿尔卑斯山地区，常住人口不足万人，缘何成为世界瞩目的冬奥会赛场？
从米兰到利维尼奥约200公里，车程需要三四个小时。一条盘山公路在高山、雪地、小镇中蛇形而上，公交车、长途巴士、清雪车等络绎不绝。山道蜿蜒起伏，道路两旁群山耸峙，雪道上滑雪者众多。移步换景，记者一时间仿佛置身童话中的冰雪世界。行走在小镇中，随处可见背着雪具的人，浓厚的冰雪运动气息扑面而来。
开展滑雪运动，利维尼奥的自然条件得天独厚，海拔超1800米，是冰雪运动爱好者理想的训练区。利维尼奥冰雪运动配套的基础设施完善，拥有31条缆车设施和总长115公里的雪道系统，涵盖高山滑雪、单板滑雪等多种项目。同时，当地拥有较强的接待能力，酒店类型多样化，餐饮、消费便利。
在阿尔卑斯山地区，滑雪小镇如璀璨星辰密布，孕育出冬奥会这颗冰雪赛事明珠，首届冬奥会就是在阿尔卑斯山勃朗峰下的法国霞慕尼小镇举办。迄今多届冬奥会在阿尔卑斯山地区举办，仅意大利就举办了3届冬奥会，和意大利相邻的瑞士也有举办两届冬奥会的经历。
冬奥会从滑雪小镇中走来，一个个小镇又续写着新的冬奥诗篇，这种自然与人文交织的“情缘”，令冬奥篇章格外动人。",特别报道,https://paper.people.com.cn/rmrb/pc/content/202602/09/../../../content/202602/09/content_30139523.html,2026-02-09,"['冬奥会', '滑雪', '维尼奥', '小镇', '冬奥', '冰雪', '阿尔卑斯山', '单板', '雪道', '举办']","第13版：特别报道
本版新闻
人民日报2026年02月09日",国际
本版责编：林  琳  史  哲  王  者,"第13版：特别报道
本版新闻
人民日报2026年02月09日
Mon
版式设计：张丹峰",特别报道,https://paper.people.com.cn/rmrb/pc/content/202602/09/../../../content/202602/09/content_30139524.html,2026-02-09,"['本版', '责编', '13', '2026', '02', '09', 'Mon', '张丹峰', '版式', '人民日报']","第13版：特别报道
本版新闻
人民日报2026年02月09日",其他
绿孔雀回到了保护区（美丽中国）,"第14版：生态
本版新闻
人民日报2026年02月09日
Mon
头条看点
绿孔雀是国家一级保护野生动物，国内仅分布于云南。
多年来，云南大理巍山青华绿孔雀省级自然保护区保护栖息环境、开展野化放归试验、帮助自然繁育……曾消失20多年的绿孔雀重新回到了保护区，当地生物多样性保护有了新突破。
立春刚过，云南大理巍山青华绿孔雀省级自然保护区里，11只绿孔雀安然越冬，保护区管护局科研所所长杨家伟松了口气。不久后，绿孔雀将进入繁殖季，工作人员早早忙碌起来，为绿孔雀调整食谱、补充蛋白质和矿物质。
提起“孔雀”，很多人脑海中浮现的，常常是动物园中蓝孔雀的样貌。其实，蓝孔雀是外来物种，绿孔雀则是我国的本土原生孔雀，是国家一级保护野生动物，国内仅分布于云南。
为了保护绿孔雀及其栖息地，1997年，青华绿孔雀自然保护区升级为省级自然保护区，这也是我国唯一一个以绿孔雀为单一保护对象命名的保护区。然而，自2000年摄影师在保护区拍摄到最后一张绿孔雀图片后，20多年里，再也没有人见过绿孔雀。
“把绿孔雀引回来”，成了杨家伟心中的执念和努力的目标。
监测、保护好栖息环境
2007年、2008年间，有人声称自己在青华保护区见过绿孔雀。但雄孔雀一到繁殖季几乎每天都会鸣叫，如果绿孔雀还在，怎么会听不到叫声？
“有没有可能它们躲着人？”杨家伟怀疑。为了验证这一猜想，保护区工作人员开始在林谷间布设红外相机。他们定期回收存储卡，一帧一帧查看，半年下来，红外相机拍到过豹猫、黄喉貂等野生动物，甚至有国家一级保护野生动物林麝、黑颈长尾雉，却没有绿孔雀。
“保护区内没有绿孔雀，会不会是飞到了周边地区？”杨家伟有了新疑问。为了寻求答案，保护区工作人员顺着河谷，找遍了黑惠江上下游30公里，钻河谷灌丛、蹚山坡草地，甚至到相邻的南涧、凤庆等县，依旧一无所获。
即使心中失落，杨家伟和同事们依然兢兢业业守护着保护区。“保护区保护的不仅仅是绿孔雀，还有其栖息环境。”杨家伟常常问自己：如果有一天它们回来，这里准备好了吗？
2020年，5只被救助的绿孔雀被移交给云南省野生动植物救护繁育中心，中心开始尝试组建人工繁育种群，这点燃了杨家伟和同事们看到绿孔雀回归的希望。
2021年，云南省野生动植物救护繁育中心成功繁育出5只绿孔雀雏鸟。消息传开，杨家伟便坐不住了：“能不能把首个人工繁育绿孔雀的野化放归点放到青华保护区来？”
开展野化放归试验
围绕放归点选址，科研人员进行了系统评估。中国科学院昆明动物研究所副研究员吴飞介绍，存在绿孔雀野外种群的县也就10个左右，近亲繁殖、种群退化风险大。青华保护区恰好位于绿孔雀东西部种群之间的“中心位置”。从长远看，青华保护区有望成为打通绿孔雀各种群交流的关键节点。
专家组前来考察，杨家伟极力推荐：“青华保护区三面环水，便于管控。山上仍有完整的林地，河谷地带保留着绿孔雀偏爱的生态隐蔽带和开阔滩涂地。”终于，经多方论证，2022年7月，在云南省林业和草原局的指导下，大理巍山青华绿孔雀省级自然保护区管护局与中国科学院昆明动物研究所、云南森林自然中心共同开展绿孔雀野化放归试验，在青华保护区联合组建绿孔雀野化放归试验基地。
欣喜之余，杨家伟又有了新的担忧。彼时，绿孔雀人工繁育技术尚未成熟，每年仅能孵化出几只。与繁育中心相隔上百公里的青华保护区，气候、海拔、环境都不同，能不能把绿孔雀养好，他自己也没底。
怎么投喂、怎么消毒、如何救治……保护区先后两次派人去昆明学习绿孔雀养殖技术。
绿孔雀野化点选址也同步进行。背风、向阳，光照充足，远离村庄、又得交通可达；既要避开干扰，又要便于监测……野化点最终选在了保护区试验区内。
2023年5月31日，3只来自云南省野生动植物救护繁育中心的人工繁育绿孔雀——编号04和08的两只雄鸟以及编号02的一只雌鸟，被送到保护区。第一天，绿孔雀整天没有进食；第二天，绿孔雀开始寻找水源；到了第三天，绿孔雀主动进食。知道它们已经逐渐适应放归笼舍，保护区工作人员开始轮班监控。
把绿孔雀养好只是开始，真正的挑战在野化放归。为此，工作人员精心制作“混合饲料”，野外有什么，就给绿孔雀喂什么，还会补充蔬菜、面包虫等，甚至连沙浴池的沙土，都专门从黑惠江采来，只为还原真实的野外环境。
2024年底，保护区第一次打开笼舍大门，绿孔雀进入占地5000平方米的野化场。最初，3只绿孔雀只是小心翼翼地在门口张望。后来，胆子逐渐大了起来，开始到外面找食物。春天新叶抽出，叶片、嫩枝都成了它们的食物；出去一圈，回来吃的食物就变少了，工作人员知道，绿孔雀野化的路走对了。
保护区迎来新生绿孔雀
仅仅是能在野外生存还不够，自然繁育是绿孔雀成功野化放归不可或缺的一环。
2024年，02号雌孔雀接连产下了7枚蛋。杨家伟觉得是个“好兆头”。然而，雌鸟不选巢、没坐窝，工作人员不得不将蛋捡回，让老母鸡代孵。结果让人大失所望：一只绿孔雀都没有被孵出。
待到来年一开春，工作人员就开始给绿孔雀调整饮食，投喂富含蛋白质和矿物质的饲料，确保产蛋质量和数量。2025年3月，02号雌孔雀在一高坡隐蔽处做巢。见此情景，杨家伟信心倍增：“或许能盼来雏鸟！”
4月9日，02号雌孔雀产下第一枚蛋，此后8天里，又接连产下3枚。为了不影响雌孔雀孵蛋，保护区所有人为干预全部停止，只留下必要的食物补充。28天后，监控画面里，第一只小孔雀破壳而出。随后，2只、3只、4只，杨家伟喜出望外。
新的问题接踵而至，08号雄鸟经常会啄刚孵化的小孔雀。工作人员将4只小孔雀和02号雌孔雀再次送回过渡笼舍，以保证小孔雀的安全。不久后，一雌四小5只绿孔雀被送到云南森林自然中心，进行后续研究培育。
这一年，云南森林自然中心的绿孔雀人工繁育技术也取得突破，第二批人工繁育绿孔雀运抵青华保护区——四雄四雌。通过3年多努力，从云南森林自然中心送来的两批绿孔雀适应环境、健康成长。而4只雏鸟的出生，也让人们看到了绿孔雀人工种群放归后自然繁衍的希望。
接下来，杨家伟和同事将对绿孔雀开展评估，为评估达标的绿孔雀佩戴卫星跟踪器，放入保护区核心区。“希望从野化场通向保护区核心区的那扇门，能够早日打开。”杨家伟满怀期待。
（梁婷昱参与采写）
从消失20多年到成功自然繁育
绿孔雀回到了保护区（美丽中国）
本报记者  杨文明《人民日报》（2026年02月09日第 14 版）
头条看点
绿孔雀是国家一级保护野生动物，国内仅分布于云南。
多年来，云南大理巍山青华绿孔雀省级自然保护区保护栖息环境、开展野化放归试验、帮助自然繁育……曾消失20多年的绿孔雀重新回到了保护区，当地生物多样性保护有了新突破。
立春刚过，云南大理巍山青华绿孔雀省级自然保护区里，11只绿孔雀安然越冬，保护区管护局科研所所长杨家伟松了口气。不久后，绿孔雀将进入繁殖季，工作人员早早忙碌起来，为绿孔雀调整食谱、补充蛋白质和矿物质。
提起“孔雀”，很多人脑海中浮现的，常常是动物园中蓝孔雀的样貌。其实，蓝孔雀是外来物种，绿孔雀则是我国的本土原生孔雀，是国家一级保护野生动物，国内仅分布于云南。
为了保护绿孔雀及其栖息地，1997年，青华绿孔雀自然保护区升级为省级自然保护区，这也是我国唯一一个以绿孔雀为单一保护对象命名的保护区。然而，自2000年摄影师在保护区拍摄到最后一张绿孔雀图片后，20多年里，再也没有人见过绿孔雀。
“把绿孔雀引回来”，成了杨家伟心中的执念和努力的目标。
监测、保护好栖息环境
2007年、2008年间，有人声称自己在青华保护区见过绿孔雀。但雄孔雀一到繁殖季几乎每天都会鸣叫，如果绿孔雀还在，怎么会听不到叫声？
“有没有可能它们躲着人？”杨家伟怀疑。为了验证这一猜想，保护区工作人员开始在林谷间布设红外相机。他们定期回收存储卡，一帧一帧查看，半年下来，红外相机拍到过豹猫、黄喉貂等野生动物，甚至有国家一级保护野生动物林麝、黑颈长尾雉，却没有绿孔雀。
“保护区内没有绿孔雀，会不会是飞到了周边地区？”杨家伟有了新疑问。为了寻求答案，保护区工作人员顺着河谷，找遍了黑惠江上下游30公里，钻河谷灌丛、蹚山坡草地，甚至到相邻的南涧、凤庆等县，依旧一无所获。
即使心中失落，杨家伟和同事们依然兢兢业业守护着保护区。“保护区保护的不仅仅是绿孔雀，还有其栖息环境。”杨家伟常常问自己：如果有一天它们回来，这里准备好了吗？
2020年，5只被救助的绿孔雀被移交给云南省野生动植物救护繁育中心，中心开始尝试组建人工繁育种群，这点燃了杨家伟和同事们看到绿孔雀回归的希望。
2021年，云南省野生动植物救护繁育中心成功繁育出5只绿孔雀雏鸟。消息传开，杨家伟便坐不住了：“能不能把首个人工繁育绿孔雀的野化放归点放到青华保护区来？”
开展野化放归试验
围绕放归点选址，科研人员进行了系统评估。中国科学院昆明动物研究所副研究员吴飞介绍，存在绿孔雀野外种群的县也就10个左右，近亲繁殖、种群退化风险大。青华保护区恰好位于绿孔雀东西部种群之间的“中心位置”。从长远看，青华保护区有望成为打通绿孔雀各种群交流的关键节点。
专家组前来考察，杨家伟极力推荐：“青华保护区三面环水，便于管控。山上仍有完整的林地，河谷地带保留着绿孔雀偏爱的生态隐蔽带和开阔滩涂地。”终于，经多方论证，2022年7月，在云南省林业和草原局的指导下，大理巍山青华绿孔雀省级自然保护区管护局与中国科学院昆明动物研究所、云南森林自然中心共同开展绿孔雀野化放归试验，在青华保护区联合组建绿孔雀野化放归试验基地。
欣喜之余，杨家伟又有了新的担忧。彼时，绿孔雀人工繁育技术尚未成熟，每年仅能孵化出几只。与繁育中心相隔上百公里的青华保护区，气候、海拔、环境都不同，能不能把绿孔雀养好，他自己也没底。
怎么投喂、怎么消毒、如何救治……保护区先后两次派人去昆明学习绿孔雀养殖技术。
绿孔雀野化点选址也同步进行。背风、向阳，光照充足，远离村庄、又得交通可达；既要避开干扰，又要便于监测……野化点最终选在了保护区试验区内。
2023年5月31日，3只来自云南省野生动植物救护繁育中心的人工繁育绿孔雀——编号04和08的两只雄鸟以及编号02的一只雌鸟，被送到保护区。第一天，绿孔雀整天没有进食；第二天，绿孔雀开始寻找水源；到了第三天，绿孔雀主动进食。知道它们已经逐渐适应放归笼舍，保护区工作人员开始轮班监控。
把绿孔雀养好只是开始，真正的挑战在野化放归。为此，工作人员精心制作“混合饲料”，野外有什么，就给绿孔雀喂什么，还会补充蔬菜、面包虫等，甚至连沙浴池的沙土，都专门从黑惠江采来，只为还原真实的野外环境。
2024年底，保护区第一次打开笼舍大门，绿孔雀进入占地5000平方米的野化场。最初，3只绿孔雀只是小心翼翼地在门口张望。后来，胆子逐渐大了起来，开始到外面找食物。春天新叶抽出，叶片、嫩枝都成了它们的食物；出去一圈，回来吃的食物就变少了，工作人员知道，绿孔雀野化的路走对了。
保护区迎来新生绿孔雀
仅仅是能在野外生存还不够，自然繁育是绿孔雀成功野化放归不可或缺的一环。
2024年，02号雌孔雀接连产下了7枚蛋。杨家伟觉得是个“好兆头”。然而，雌鸟不选巢、没坐窝，工作人员不得不将蛋捡回，让老母鸡代孵。结果让人大失所望：一只绿孔雀都没有被孵出。
待到来年一开春，工作人员就开始给绿孔雀调整饮食，投喂富含蛋白质和矿物质的饲料，确保产蛋质量和数量。2025年3月，02号雌孔雀在一高坡隐蔽处做巢。见此情景，杨家伟信心倍增：“或许能盼来雏鸟！”
4月9日，02号雌孔雀产下第一枚蛋，此后8天里，又接连产下3枚。为了不影响雌孔雀孵蛋，保护区所有人为干预全部停止，只留下必要的食物补充。28天后，监控画面里，第一只小孔雀破壳而出。随后，2只、3只、4只，杨家伟喜出望外。
新的问题接踵而至，08号雄鸟经常会啄刚孵化的小孔雀。工作人员将4只小孔雀和02号雌孔雀再次送回过渡笼舍，以保证小孔雀的安全。不久后，一雌四小5只绿孔雀被送到云南森林自然中心，进行后续研究培育。
这一年，云南森林自然中心的绿孔雀人工繁育技术也取得突破，第二批人工繁育绿孔雀运抵青华保护区——四雄四雌。通过3年多努力，从云南森林自然中心送来的两批绿孔雀适应环境、健康成长。而4只雏鸟的出生，也让人们看到了绿孔雀人工种群放归后自然繁衍的希望。
接下来，杨家伟和同事将对绿孔雀开展评估，为评估达标的绿孔雀佩戴卫星跟踪器，放入保护区核心区。“希望从野化场通向保护区核心区的那扇门，能够早日打开。”杨家伟满怀期待。
（梁婷昱参与采写）",生态,https://paper.people.com.cn/rmrb/pc/content/202602/09/../../../content/202602/09/content_30139488.html,2026-02-09,"['绿孔雀', '保护区', '杨家', '青华', '繁育', '放归', '孔雀', '野化', '02', '工作人员']","第14版：生态
本版新闻
人民日报2026年02月09日",政治
我国世界自然遗产、自然与文化双遗产均保持良好保护状态,"第14版：生态
本版新闻
人民日报2026年02月09日
Mon
本报北京2月8日电  （记者董丝雨）国家林草局发布的《中国世界自然遗产保护发展报告（1985—2025）》显示：我国所有世界自然遗产、自然与文化双遗产均保持良好保护状态，没有出现严重的人为损坏情况，也没有发现遗产突出价值受到威胁的现象。
2025年是中国正式加入《保护世界文化和自然遗产公约》40年，国家林草局组织第三方对中国世界自然遗产保护成效进行了首次全面系统评估并形成报告。
我国拥有世界自然遗产15项、自然与文化双遗产4项，总数居世界首位。国家林草局自然保护地管理司司长袁继明介绍，这些世界遗产涵盖山岳、森林、草原、湖泊、湿地、沙漠、海岸带等多种生态系统，从东南沿海到青藏高原、西北荒漠都有分布，填补了全球世界遗产多项空白，显著提升了世界遗产的类型多样性与区域平衡性。“根据世界自然保护联盟2014至2025年期间发布的4期《世界遗产展望》，我国世界自然遗产、自然与文化双遗产的保护状况明显好于全球平均水平。”袁继明说。
我国的世界自然遗产、自然与文化双遗产大多数分布在国家公园、自然保护区、风景名胜区等各类自然保护地。袁继明介绍，我国建立了依托自然保护地保护自然遗产、自然与文化双遗产的机制，形成了国家统一指导、地方分级负责、遗产地具体管理的治理体系。颁布国家公园法，修订自然保护区条例、风景名胜区条例等自然保护地法律法规；国家林草局出台《世界自然遗产、自然与文化双遗产保护管理办法》；各地因地制宜出台多项自然遗产、自然与文化双遗产保护管理方面的专项制度，共同构建起我国保护管理世界自然遗产、自然与文化双遗产的制度体系。
多年来，我国世界自然遗产、自然与文化双遗产在做好保护的前提下，积极探索生态价值转化路径，发展生态文化旅游、自然教育研学以及林下经济等产业，让保护成果惠及当地社区，初步走出一条人与自然和谐共生、保护与发展协同共进的路子。
“超过90%的遗产地优先聘用本地居民从事保护工作，九寨沟、黄山、武陵源、南方喀斯特桂林片区等遗产地的旅游综合收入占当地GDP比重50%以上，有力带动了地方经济社会发展。”袁继明说。
40年来，我国持续加大自然遗产的系统性、完整性保护，走出了一条具有中国特色的自然遗产保护管理之路，为全球自然遗产保护管理贡献了中国智慧和中国力量。
总数居世界首位
我国世界自然遗产、自然与文化双遗产均保持良好保护状态
《人民日报》（2026年02月09日第 14 版）
本报北京2月8日电  （记者董丝雨）国家林草局发布的《中国世界自然遗产保护发展报告（1985—2025）》显示：我国所有世界自然遗产、自然与文化双遗产均保持良好保护状态，没有出现严重的人为损坏情况，也没有发现遗产突出价值受到威胁的现象。
2025年是中国正式加入《保护世界文化和自然遗产公约》40年，国家林草局组织第三方对中国世界自然遗产保护成效进行了首次全面系统评估并形成报告。
我国拥有世界自然遗产15项、自然与文化双遗产4项，总数居世界首位。国家林草局自然保护地管理司司长袁继明介绍，这些世界遗产涵盖山岳、森林、草原、湖泊、湿地、沙漠、海岸带等多种生态系统，从东南沿海到青藏高原、西北荒漠都有分布，填补了全球世界遗产多项空白，显著提升了世界遗产的类型多样性与区域平衡性。“根据世界自然保护联盟2014至2025年期间发布的4期《世界遗产展望》，我国世界自然遗产、自然与文化双遗产的保护状况明显好于全球平均水平。”袁继明说。
我国的世界自然遗产、自然与文化双遗产大多数分布在国家公园、自然保护区、风景名胜区等各类自然保护地。袁继明介绍，我国建立了依托自然保护地保护自然遗产、自然与文化双遗产的机制，形成了国家统一指导、地方分级负责、遗产地具体管理的治理体系。颁布国家公园法，修订自然保护区条例、风景名胜区条例等自然保护地法律法规；国家林草局出台《世界自然遗产、自然与文化双遗产保护管理办法》；各地因地制宜出台多项自然遗产、自然与文化双遗产保护管理方面的专项制度，共同构建起我国保护管理世界自然遗产、自然与文化双遗产的制度体系。
多年来，我国世界自然遗产、自然与文化双遗产在做好保护的前提下，积极探索生态价值转化路径，发展生态文化旅游、自然教育研学以及林下经济等产业，让保护成果惠及当地社区，初步走出一条人与自然和谐共生、保护与发展协同共进的路子。
“超过90%的遗产地优先聘用本地居民从事保护工作，九寨沟、黄山、武陵源、南方喀斯特桂林片区等遗产地的旅游综合收入占当地GDP比重50%以上，有力带动了地方经济社会发展。”袁继明说。
40年来，我国持续加大自然遗产的系统性、完整性保护，走出了一条具有中国特色的自然遗产保护管理之路，为全球自然遗产保护管理贡献了中国智慧和中国力量。",生态,https://paper.people.com.cn/rmrb/pc/content/202602/09/../../../content/202602/09/content_30139489.html,2026-02-09,"['自然遗产', '保护', '遗产', '自然', '文化', '世界', '世界遗产', '林草局', '我国', '遗产地']","第14版：生态
本版新闻
人民日报2026年02月09日",政治
到“世界超市”体验“进货式旅游” 浙江义乌打造商贸文旅融合新标杆,"第14版：生态
本版新闻
人民日报2026年02月09日
Mon
作为2026年春晚分会场，浙江省义乌市文旅热度今冬持续攀升。义乌依托“世界超市”的商贸优势，以“义乌好好逛”城市文旅IP为引领，推动商贸与文旅深度融合，打造“品世界美食、买世界商品、交世界朋友”的特色文旅体验。
商贸文旅融合  打造“义乌好好逛”品牌
“跟着春晚游义乌”热潮持续升温，毛绒玩具“哭哭马”迅速走红互联网，受到广大消费者青睐。义乌正将“世界超市”的商贸优势，转化为具有辨识度的文旅资源，文旅发展迎来新机遇。
义乌立足自身商贸基因，以国家4A级旅游景区——中国义乌国际商贸城为依托，推动商贸资源向文旅资源转化，打造“进货式旅游”新场景。为适配游客购物需求，中国义乌国际商贸城商户推行“批零兼营”模式，让普通游客也能体验采购的乐趣。商户还完善配套服务，开通快递到家服务，解决游客购物携带不便的问题，进一步提升游客“进货式旅游”体验。
商贸与文旅的深度交融，衍生出市场里独特的“走播”新业态。在义乌全球数贸中心，多名主播穿梭于商铺之间，实时展示各类商品，实现线下逛购体验与线上带货并行，让商贸活力转化为文旅消费动力，丰富“进货式旅游”内涵。
挖掘文化资源  丰富文旅产品供给
义乌的文旅融合发展不局限于单一的购物体验，而是让游客在游玩之余，体会义乌“六义”文化内涵。
义乌深厚的历史积淀孕育出“六义”文化，为文旅产品供给完善奠定基础。绣湖广场推出“六义”文化灯光秀活动，配套发放“义乌好好逛”攻略手册，引导游客了解义乌文化内涵。
整合全域文旅资源，打造多元化文旅体验场景。佛堂古镇保留青石板路风貌，集聚20余项非遗技艺，开展捏面人、剪纸等展示活动；大寒尖景区结合自然风光，配套开展非遗展演等活动，实现自然与人文资源融合。
推进文旅业态创新，通过“文旅+科技”“文旅+演出”等形式，丰富文旅产品矩阵。2026年元旦，义乌举办“世界共此时·全球24时区派对”，融入歌舞快闪、AR灯展等元素，实现全球文化与本地场景结合。“万国美食街”荟萃世界各地美味，实现多元饮食文化交融，进一步培育“购物旅游+万国美食”新型消费业态，推动义乌文旅从购物游发展到休闲游、文化游、体验游并存的融合发展矩阵。
优化服务保障  推动“流量”向“留量”转化
义乌持续推进文旅服务提质，落实多项便利政策，探索从“流量”变“留量”的义乌答案。
作为浙江省入境旅游创新发展先行试点，义乌着力打造国际化旅游环境，聚焦国际游客接待服务，推出多项便利举措。落实“240小时过境免签”、离境退税“即买即退”等措施，吸引大批国际游客前来，2025年义乌接待入境游客达68.1万人次，同比上升19.74%。
为实现流量持续转化，义乌打造入境游客涉外综合事务服务点，布局“U裹智行”行李托运服务网络，多维度满足不同群体游客需求，同时持续优化消费环境，推动游客以“一次游”向“多次刷”转变。
独特的商贸基因、完善的服务保障与丰富的文旅供给，让“六义”文化随文旅往来广泛传播。借助“跟着春晚游义乌”的热潮，义乌将进一步推动文商旅融合高质量发展，擦亮“有情有义  世界义乌”的城市名片。
数据来源：义乌市融媒体中心
到“世界超市”体验“进货式旅游” 浙江义乌打造商贸文旅融合新标杆
《人民日报》（2026年02月09日第 14 版）
作为2026年春晚分会场，浙江省义乌市文旅热度今冬持续攀升。义乌依托“世界超市”的商贸优势，以“义乌好好逛”城市文旅IP为引领，推动商贸与文旅深度融合，打造“品世界美食、买世界商品、交世界朋友”的特色文旅体验。
商贸文旅融合  打造“义乌好好逛”品牌
“跟着春晚游义乌”热潮持续升温，毛绒玩具“哭哭马”迅速走红互联网，受到广大消费者青睐。义乌正将“世界超市”的商贸优势，转化为具有辨识度的文旅资源，文旅发展迎来新机遇。
义乌立足自身商贸基因，以国家4A级旅游景区——中国义乌国际商贸城为依托，推动商贸资源向文旅资源转化，打造“进货式旅游”新场景。为适配游客购物需求，中国义乌国际商贸城商户推行“批零兼营”模式，让普通游客也能体验采购的乐趣。商户还完善配套服务，开通快递到家服务，解决游客购物携带不便的问题，进一步提升游客“进货式旅游”体验。
商贸与文旅的深度交融，衍生出市场里独特的“走播”新业态。在义乌全球数贸中心，多名主播穿梭于商铺之间，实时展示各类商品，实现线下逛购体验与线上带货并行，让商贸活力转化为文旅消费动力，丰富“进货式旅游”内涵。
挖掘文化资源  丰富文旅产品供给
义乌的文旅融合发展不局限于单一的购物体验，而是让游客在游玩之余，体会义乌“六义”文化内涵。
义乌深厚的历史积淀孕育出“六义”文化，为文旅产品供给完善奠定基础。绣湖广场推出“六义”文化灯光秀活动，配套发放“义乌好好逛”攻略手册，引导游客了解义乌文化内涵。
整合全域文旅资源，打造多元化文旅体验场景。佛堂古镇保留青石板路风貌，集聚20余项非遗技艺，开展捏面人、剪纸等展示活动；大寒尖景区结合自然风光，配套开展非遗展演等活动，实现自然与人文资源融合。
推进文旅业态创新，通过“文旅+科技”“文旅+演出”等形式，丰富文旅产品矩阵。2026年元旦，义乌举办“世界共此时·全球24时区派对”，融入歌舞快闪、AR灯展等元素，实现全球文化与本地场景结合。“万国美食街”荟萃世界各地美味，实现多元饮食文化交融，进一步培育“购物旅游+万国美食”新型消费业态，推动义乌文旅从购物游发展到休闲游、文化游、体验游并存的融合发展矩阵。
优化服务保障  推动“流量”向“留量”转化
义乌持续推进文旅服务提质，落实多项便利政策，探索从“流量”变“留量”的义乌答案。
作为浙江省入境旅游创新发展先行试点，义乌着力打造国际化旅游环境，聚焦国际游客接待服务，推出多项便利举措。落实“240小时过境免签”、离境退税“即买即退”等措施，吸引大批国际游客前来，2025年义乌接待入境游客达68.1万人次，同比上升19.74%。
为实现流量持续转化，义乌打造入境游客涉外综合事务服务点，布局“U裹智行”行李托运服务网络，多维度满足不同群体游客需求，同时持续优化消费环境，推动游客以“一次游”向“多次刷”转变。
独特的商贸基因、完善的服务保障与丰富的文旅供给，让“六义”文化随文旅往来广泛传播。借助“跟着春晚游义乌”的热潮，义乌将进一步推动文商旅融合高质量发展，擦亮“有情有义  世界义乌”的城市名片。
数据来源：义乌市融媒体中心",生态,https://paper.people.com.cn/rmrb/pc/content/202602/09/../../../content/202602/09/content_30139490.html,2026-02-09,"['文旅', '义乌', '游客', '商贸', '体验', '旅游', '打造', '融合', '六义', '文化']","第14版：生态
本版新闻
人民日报2026年02月09日",政治
本版责编：张  晔  何宇澈  张一夫,"第14版：生态
本版新闻
人民日报2026年02月09日
Mon",生态,https://paper.people.com.cn/rmrb/pc/content/202602/09/../../../content/202602/09/content_30139491.html,2026-02-09,"['本版', '责编', '14', '2026', '02', '09', 'Mon', '何宇澈', '一夫', '人民日报']","第14版：生态
本版新闻
人民日报2026年02月09日",其他
影视合作拉紧中非文化交流纽带（国际视点）,"第15版：国际
本版新闻
人民日报2026年02月09日
Mon
“孩子们非常喜欢《熊出没·逆转时空》这部电影！其中时空机器等科幻元素十分吸引眼球，影片讲述的友情故事令人感动。”在南非约翰内斯堡海德公园购物广场的一家电影院，市民帕莱萨带着两个女儿观影后对记者说，“中国动画电影的制作水准很高，精湛的视觉效果让人仿佛身临其境，我和孩子们都很着迷。”该电影院经理塞洛·迈卢拉表示：“这几年，南非观众对中国电影的接受度和喜爱度越来越高。《熊出没·逆转时空》的票房表现超出预期便是例证。”
近年来，越来越多中国影视剧登陆非洲国家荧屏，广受当地观众欢迎。中非加强影视领域节目交流、联合制作、人才培养等多方面合作，不断拉紧中非文化交流和情感相通的纽带。
相互展映优秀电影
2025年下半年以来，中国动画电影《熊出没·逆转时空》在南非多地吸引了众多孩子和家长前来观影，票房不断刷新纪录。据了解，即将到来的2026年春节期间，中国动画电影《熊出没·重启未来》和历史剧情片《南京照相馆》将与南非观众见面，当地观众十分期待领略更多中国优秀影片的魅力。
2025年一年间，多部中国电影相继在非洲国家上映。2月，中国神话电影《封神第二部：战火西岐》在南非、尼日利亚等国上映，成为近10年来非洲上映华语电影中预售票房第一的影片，也是首次登陆西非地区主流商业影院的中国电影。7月，为纪念中国人民抗日战争暨世界反法西斯战争胜利80周年，南非“中国电影之夜”在约翰内斯堡举办，其中，纪录电影《里斯本丸沉没》引发观众强烈共鸣。8月，2025刚果（金）“中国电影周”在金沙萨举办，《流浪地球2》《独行月球》《长津湖之水门桥》等多部中国电影与该国观众见面。南非《每日新闻》网站报道称，越来越多中国优秀电影在南非上映，丰富了当地观众的观影菜单，促进了更深层次的文化交流，许多人由此萌生到访中国、体验中华文化的想法。
中国市场也向非洲电影敞开大门。2024年，第十四届北京国际电影节举办非洲电影推介会，邀请非洲各国的电影制片方代表、电影导演展示最新作品。2025年6月，中非电影周在湖南长沙成功举办，南非电影《永不遗忘的美丽》、坦桑尼亚电影《还愿仪式》等非洲国家影片得到展映，让更多中国民众感受到非洲电影的魅力。非洲电影协会驻华首席代表吕克·本扎表示，电影展映等活动架起了非中文化交流的桥梁，让非洲和中国的观众从影像故事中产生共鸣、感受共同的情感与价值，增进了沟通与理解。
讲述民心相通故事
近年来，中国与非洲国家的广电机构开展各类电视节目合作制作，已经涌现出一批优秀影视作品。从讲述“菌草援外”故事的《幸福草》，到展现中国援外医疗队与埃博拉病毒战斗故事的《埃博拉前线》，中非合拍影视作品凝结着跨越国界、文化、种族的共通情感，将中非友好的故事讲给更多人听。
2023年，在共建“一带一路”倡议提出10周年、中国援外医疗队派遣60周年之际，中国与坦桑尼亚合拍了以中国援外医疗故事为原型的现实题材影视剧《欢迎来到麦乐村》。拍摄期间，主创团队在中国、坦桑尼亚两国7地取景，调动外籍演员超过1400人，展现了中国援外医疗队队员在非洲救死扶伤、与当地人民建立深厚友谊的感人故事。电视剧在中国一经播出，便引发热议。2024年7月，《欢迎来到麦乐村》斯瓦希里语译制版在肯尼亚公民电视台和坦桑尼亚桑给巴尔数字电视台开播。同年8月，该电视剧开始在非洲Azam TV电视台及网络平台播出，覆盖坦桑尼亚、马拉维、卢旺达、津巴布韦、乌干达和肯尼亚等地。坦桑尼亚驻华大使哈米斯·奥马尔评价说：“《欢迎来到麦乐村》展现了非中人民心连心、根连根的友谊。”
贝宁籍青年演员阿拉齐·拉多斯有个美丽的中文名字“木兰”，她曾在中国电影《维和防暴队》、电视剧《幸福草》等影视剧中展现精湛演技。“影视作品是促进文化传播的重要媒介。我希望将非洲的故事带到中国乃至世界，同时将中国先进的电影技术与理念带回非洲，助力本土影视产业发展。”木兰说，她正在筹拍一部贝宁与中国合拍的故事片。“现在非中文化交往密切，我希望用影视作品的形式记录下来，让更多人能够传承好非中友谊。”
拓宽影视合作边界
非洲地区人口众多，互联网普及率逐年提高。2024年通过的《中非合作论坛—北京行动计划（2025—2027）》指出，中方将通过节目交流、联合制作、技术合作、人员互访、人才培养等，促进中非广电视听产业共同发展。
中非影视合作边界不断拓宽。近年来，中国短剧市场迎来高速增长期。经过本土转化，短剧在非洲市场的表现颇为亮眼。例如，传音控股旗下短视频平台Vskit的数据显示，融合非洲酋长文化的中国短剧《战神归来》在尼日利亚付费转化率高达8.7%，远超平均收视水平。
译制与配音也是中国影视剧“出海”非洲市场的重要形式。《山海情》电视剧被译制为斯瓦希里语、法语等20多个语种，在科摩罗等国家和地区播出；《北京爱情故事》《欢乐颂》《三十而已》等电视剧被译制成英语、豪萨语，在非洲数字电视平台及互联网视频平台等广泛传播。
中非双方还积极加强影视人才交流合作。去年10月28日，中非影视研修交流项目在浙江师范大学启动，来自非洲多国的影视从业者与留学生代表参加了为期30天的专业研修与文化交流活动。该项目设置课堂教学、实地考察、文化体验与创作实践等环节。学员不仅学习《中非影视合作》《手机摄影与剪辑》等课程，还前往横店等多处实地研学，在教师指导下完成系列短视频创作。来自“非洲24小时新闻”的学员代表西伦斯·查伦比拉表示，项目为非洲影视人提供深入了解中国影视产业与文化的宝贵机会，相信对美好生活的共同追求将成为连接彼此的桥梁。
“近年来，中非影视合作呈现蓬勃发展态势，有力促进了双方文化交流。”南非“品牌中国”文化基金会董事李小勇表示，希望未来将更多中国优秀影视作品介绍到非洲，让其成为展示中国发展的窗口、促进民心相通的桥梁。
（本报约翰内斯堡2月8日电）
合拍作品凝结共通情感  广电视听产业互动活跃
影视合作拉紧中非文化交流纽带（国际视点）
本报记者  戴楷然《人民日报》（2026年02月09日第 15 版）
“孩子们非常喜欢《熊出没·逆转时空》这部电影！其中时空机器等科幻元素十分吸引眼球，影片讲述的友情故事令人感动。”在南非约翰内斯堡海德公园购物广场的一家电影院，市民帕莱萨带着两个女儿观影后对记者说，“中国动画电影的制作水准很高，精湛的视觉效果让人仿佛身临其境，我和孩子们都很着迷。”该电影院经理塞洛·迈卢拉表示：“这几年，南非观众对中国电影的接受度和喜爱度越来越高。《熊出没·逆转时空》的票房表现超出预期便是例证。”
近年来，越来越多中国影视剧登陆非洲国家荧屏，广受当地观众欢迎。中非加强影视领域节目交流、联合制作、人才培养等多方面合作，不断拉紧中非文化交流和情感相通的纽带。
相互展映优秀电影
2025年下半年以来，中国动画电影《熊出没·逆转时空》在南非多地吸引了众多孩子和家长前来观影，票房不断刷新纪录。据了解，即将到来的2026年春节期间，中国动画电影《熊出没·重启未来》和历史剧情片《南京照相馆》将与南非观众见面，当地观众十分期待领略更多中国优秀影片的魅力。
2025年一年间，多部中国电影相继在非洲国家上映。2月，中国神话电影《封神第二部：战火西岐》在南非、尼日利亚等国上映，成为近10年来非洲上映华语电影中预售票房第一的影片，也是首次登陆西非地区主流商业影院的中国电影。7月，为纪念中国人民抗日战争暨世界反法西斯战争胜利80周年，南非“中国电影之夜”在约翰内斯堡举办，其中，纪录电影《里斯本丸沉没》引发观众强烈共鸣。8月，2025刚果（金）“中国电影周”在金沙萨举办，《流浪地球2》《独行月球》《长津湖之水门桥》等多部中国电影与该国观众见面。南非《每日新闻》网站报道称，越来越多中国优秀电影在南非上映，丰富了当地观众的观影菜单，促进了更深层次的文化交流，许多人由此萌生到访中国、体验中华文化的想法。
中国市场也向非洲电影敞开大门。2024年，第十四届北京国际电影节举办非洲电影推介会，邀请非洲各国的电影制片方代表、电影导演展示最新作品。2025年6月，中非电影周在湖南长沙成功举办，南非电影《永不遗忘的美丽》、坦桑尼亚电影《还愿仪式》等非洲国家影片得到展映，让更多中国民众感受到非洲电影的魅力。非洲电影协会驻华首席代表吕克·本扎表示，电影展映等活动架起了非中文化交流的桥梁，让非洲和中国的观众从影像故事中产生共鸣、感受共同的情感与价值，增进了沟通与理解。
讲述民心相通故事
近年来，中国与非洲国家的广电机构开展各类电视节目合作制作，已经涌现出一批优秀影视作品。从讲述“菌草援外”故事的《幸福草》，到展现中国援外医疗队与埃博拉病毒战斗故事的《埃博拉前线》，中非合拍影视作品凝结着跨越国界、文化、种族的共通情感，将中非友好的故事讲给更多人听。
2023年，在共建“一带一路”倡议提出10周年、中国援外医疗队派遣60周年之际，中国与坦桑尼亚合拍了以中国援外医疗故事为原型的现实题材影视剧《欢迎来到麦乐村》。拍摄期间，主创团队在中国、坦桑尼亚两国7地取景，调动外籍演员超过1400人，展现了中国援外医疗队队员在非洲救死扶伤、与当地人民建立深厚友谊的感人故事。电视剧在中国一经播出，便引发热议。2024年7月，《欢迎来到麦乐村》斯瓦希里语译制版在肯尼亚公民电视台和坦桑尼亚桑给巴尔数字电视台开播。同年8月，该电视剧开始在非洲Azam TV电视台及网络平台播出，覆盖坦桑尼亚、马拉维、卢旺达、津巴布韦、乌干达和肯尼亚等地。坦桑尼亚驻华大使哈米斯·奥马尔评价说：“《欢迎来到麦乐村》展现了非中人民心连心、根连根的友谊。”
贝宁籍青年演员阿拉齐·拉多斯有个美丽的中文名字“木兰”，她曾在中国电影《维和防暴队》、电视剧《幸福草》等影视剧中展现精湛演技。“影视作品是促进文化传播的重要媒介。我希望将非洲的故事带到中国乃至世界，同时将中国先进的电影技术与理念带回非洲，助力本土影视产业发展。”木兰说，她正在筹拍一部贝宁与中国合拍的故事片。“现在非中文化交往密切，我希望用影视作品的形式记录下来，让更多人能够传承好非中友谊。”
拓宽影视合作边界
非洲地区人口众多，互联网普及率逐年提高。2024年通过的《中非合作论坛—北京行动计划（2025—2027）》指出，中方将通过节目交流、联合制作、技术合作、人员互访、人才培养等，促进中非广电视听产业共同发展。
中非影视合作边界不断拓宽。近年来，中国短剧市场迎来高速增长期。经过本土转化，短剧在非洲市场的表现颇为亮眼。例如，传音控股旗下短视频平台Vskit的数据显示，融合非洲酋长文化的中国短剧《战神归来》在尼日利亚付费转化率高达8.7%，远超平均收视水平。
译制与配音也是中国影视剧“出海”非洲市场的重要形式。《山海情》电视剧被译制为斯瓦希里语、法语等20多个语种，在科摩罗等国家和地区播出；《北京爱情故事》《欢乐颂》《三十而已》等电视剧被译制成英语、豪萨语，在非洲数字电视平台及互联网视频平台等广泛传播。
中非双方还积极加强影视人才交流合作。去年10月28日，中非影视研修交流项目在浙江师范大学启动，来自非洲多国的影视从业者与留学生代表参加了为期30天的专业研修与文化交流活动。该项目设置课堂教学、实地考察、文化体验与创作实践等环节。学员不仅学习《中非影视合作》《手机摄影与剪辑》等课程，还前往横店等多处实地研学，在教师指导下完成系列短视频创作。来自“非洲24小时新闻”的学员代表西伦斯·查伦比拉表示，项目为非洲影视人提供深入了解中国影视产业与文化的宝贵机会，相信对美好生活的共同追求将成为连接彼此的桥梁。
“近年来，中非影视合作呈现蓬勃发展态势，有力促进了双方文化交流。”南非“品牌中国”文化基金会董事李小勇表示，希望未来将更多中国优秀影视作品介绍到非洲，让其成为展示中国发展的窗口、促进民心相通的桥梁。
（本报约翰内斯堡2月8日电）",国际,https://paper.people.com.cn/rmrb/pc/content/202602/09/../../../content/202602/09/content_30139492.html,2026-02-09,"['非洲', '电影', '中非', '中国', '影视', '南非', '2025', '观众', '援外', '合作']","第15版：国际
本版新闻
人民日报2026年02月09日",政治
外交部发言人就巴基斯坦首都伊斯兰堡发生严重爆炸事件答记者问,"第15版：国际
本版新闻
人民日报2026年02月09日
Mon
新华社北京2月8日电  外交部发言人2月8日就巴基斯坦首都伊斯兰堡发生严重爆炸事件答记者问。
有记者问：当地时间2月6日下午，巴基斯坦首都伊斯兰堡发生严重爆炸事件，造成重大人员伤亡。请问中方对此有何评论？
发言人表示，中方对巴基斯坦首都伊斯兰堡发生严重爆炸事件造成重大人员伤亡深感震惊，对遇难者表示深切哀悼，向伤者和遇难者家属表示诚挚慰问。
发言人说，中方强烈谴责此次袭击事件，反对一切形式的恐怖主义，坚定支持巴基斯坦政府维护国家安全稳定、保护人民安全的努力。
外交部发言人就巴基斯坦首都伊斯兰堡发生严重爆炸事件答记者问
《人民日报》（2026年02月09日第 15 版）
新华社北京2月8日电  外交部发言人2月8日就巴基斯坦首都伊斯兰堡发生严重爆炸事件答记者问。
有记者问：当地时间2月6日下午，巴基斯坦首都伊斯兰堡发生严重爆炸事件，造成重大人员伤亡。请问中方对此有何评论？
发言人表示，中方对巴基斯坦首都伊斯兰堡发生严重爆炸事件造成重大人员伤亡深感震惊，对遇难者表示深切哀悼，向伤者和遇难者家属表示诚挚慰问。
发言人说，中方强烈谴责此次袭击事件，反对一切形式的恐怖主义，坚定支持巴基斯坦政府维护国家安全稳定、保护人民安全的努力。",国际,https://paper.people.com.cn/rmrb/pc/content/202602/09/../../../content/202602/09/content_30139493.html,2026-02-09,"['伊斯兰堡', '爆炸事件', '巴基斯坦', '发言人', '首都', '中方', '答记者问', '严重', '遇难者', '人员伤亡']","第15版：国际
本版新闻
人民日报2026年02月09日",政治
环球扫描,"第15版：国际
本版新闻
人民日报2026年02月09日
Mon
日本持续强降雪已造成46人死亡
本报东京2月8日电  （记者刘文璋）据日本总务省消防厅8日发布的最新数据，自1月20日以来的强降雪已在日本全国造成46人死亡、543人受伤。
连日来，靠近日本海一侧的日本多地遭遇强降雪，通常降雪较少的东京等地本月7日也出现降雪。新潟县、秋田县、北海道等多地出现人员伤亡，其中，新潟县受灾情况严重，有17人死亡。
日本气象厅提醒民众注意大雪对交通的影响、屋顶落雪及停电等风险。
伊朗外长为伊美谈判划定“红线”
本报伊斯兰堡2月8日电  （记者赵益普）德黑兰消息：伊朗外长阿拉格齐8日表示，伊朗与美国日前的谈判具有试探性质，双方都在评估对方的严肃程度，要求伊朗不得进行铀浓缩活动（即“零浓缩”）对伊朗而言在任何情况下都不可接受。此前一天，阿拉格齐表示，伊朗在伊美谈判中有两条“红线”：伊朗不会放弃铀浓缩，也不会就本国导弹事宜进行谈判。
阿拉格齐强调，禁止铀浓缩不是可谈判的选项。铀浓缩是伊朗的合法权利，必须继续推进。伊朗已准备好就铀浓缩达成一项可靠的协议。此外，无论现在还是将来，伊朗都不可能就导弹事宜进行谈判，这属于伊朗国防范畴。
阿拉格齐表示，伊美谈判是一个良好的开端，但双方建立互信仍有很长的路要走。伊朗核问题只能通过谈判解决。战争始终存在发生的可能性，伊朗已做好准备。如果美国攻击伊朗，伊朗无法攻击美国本土，但伊朗会打击美国在中东地区的军事基地。
古巴宣布措施应对美国新一轮石油封锁
据新华社哈瓦那2月7日电  （记者蒋彪）古巴副总理兼外贸外资部长佩雷斯—奥利瓦等政府官员6日晚在古巴电视台一档节目中宣布对燃料实行限购等一系列措施，以应对美国新一轮石油封锁。
佩雷斯—奥利瓦表示，政府将对燃料实行限购，待情况改善后再逐步恢复正常供应。燃料将优先用于面向民众的基本公共服务和必要经济活动，基本医疗服务将得到保障，国防准备和社会治安相关工作也将继续维持。他同时强调，古巴将继续推进太阳能光伏电站建设，保障国家电力系统可持续运行，减少对进口燃料的依赖，并推动国内石油生产增长。
古巴劳动社会保障部长赫苏斯·奥塔门迪斯·坎波斯表示，政府将进一步推广远程办公和居家办公等灵活用工模式，重点保障面向民众的基本服务、粮食生产和农业活动。古巴交通部长罗德里格斯表示，交通部门将优先保障港口、机场运营，以及食品、燃料和医疗物资等主要货物运输，同时将调整铁路客运服务。
哈马斯谴责以方破坏停火协议
据新华社加沙2月7日电  （记者赵伟宏、黄泽民）巴勒斯坦伊斯兰抵抗运动（哈马斯）7日发表声明说，以色列持续升级在加沙地带的军事行动，严重破坏停火协议，无视调解方及美国政府为推动停火所作的努力。哈马斯发言人哈齐姆·卡西姆在声明中呼吁有关各方对以色列施加切实压力，允许巴勒斯坦技术官僚委员会进入加沙地带，并尽快启动对加沙民众的人道主义援助。
巴勒斯坦加沙地带卫生部门7日发表的一份声明说，目前仍在运转的医院正竭力维持基本医疗服务，但运抵加沙的医疗物资数量有限，难以满足实际需求。66%的医疗耗材和基本药物清单中46%的药品已无库存，实验室及血库相关物资中有84%已经断供。另据报道，自2025年10月10日停火协议生效以来，已有576名巴勒斯坦人在以方军事行动中死亡、1543人受伤。
丹麦：与美国就格陵兰岛谈判未达预期
据新华社格陵兰岛努克2月7日电  （记者姚雨璘、张玉亮）丹麦官员7日表示，尽管已开启与美国的外交对话，丹麦方面同美国就格陵兰岛谈判未达预期。
当天，丹麦外交大臣拉斯穆森与格陵兰岛自治政府外交部长薇薇安·莫茨费尔特同加拿大外交部长阿妮塔·阿南德在格陵兰岛首府努克举行联合记者会，庆祝加拿大驻努克领事馆于6日正式成立。莫茨费尔特说，当前形势较一个月前已“有所好转”，主要得益于与美国建立了直接对话的外交渠道，但格陵兰岛在谈判中未达到预期结果。她说：“还有很长的路要走，所以现在说结果如何还为时尚早”。
伊拉克已接收从叙利亚移交的2250名“伊斯兰国”成员
新华社巴格达2月7日电  （记者段敏夫、李军）伊拉克军方7日说，伊拉克已接收从叙利亚移交的2250名极端组织“伊斯兰国”成员，并启动司法程序开展调查工作。
伊拉克通讯社当天援引伊联合行动指挥部下属安全媒体中心负责人萨阿德·马安的话说，在打击“伊斯兰国”国际联盟协调下，伊方已通过陆路和空运接收了这些“伊斯兰国”成员，并转送至妥善的关押地点。马安表示，伊方已组建专门团队，对被移交的“伊斯兰国”成员展开初步调查和甄别，并根据其“危险程度”分类，曾对伊拉克人民犯下罪行的恐怖分子将在伊拉克接受审判。
美军中央司令部1月21日发布消息说，美军当天开始将关押在叙利亚东北部的“伊斯兰国”成员转移到伊拉克，以确保“恐怖分子继续关在安全的拘押设施里”。美军计划最终转移不超过7000名“伊斯兰国”在押成员。
环球扫描
《人民日报》（2026年02月09日第 15 版）
日本持续强降雪已造成46人死亡
本报东京2月8日电  （记者刘文璋）据日本总务省消防厅8日发布的最新数据，自1月20日以来的强降雪已在日本全国造成46人死亡、543人受伤。
连日来，靠近日本海一侧的日本多地遭遇强降雪，通常降雪较少的东京等地本月7日也出现降雪。新潟县、秋田县、北海道等多地出现人员伤亡，其中，新潟县受灾情况严重，有17人死亡。
日本气象厅提醒民众注意大雪对交通的影响、屋顶落雪及停电等风险。
伊朗外长为伊美谈判划定“红线”
本报伊斯兰堡2月8日电  （记者赵益普）德黑兰消息：伊朗外长阿拉格齐8日表示，伊朗与美国日前的谈判具有试探性质，双方都在评估对方的严肃程度，要求伊朗不得进行铀浓缩活动（即“零浓缩”）对伊朗而言在任何情况下都不可接受。此前一天，阿拉格齐表示，伊朗在伊美谈判中有两条“红线”：伊朗不会放弃铀浓缩，也不会就本国导弹事宜进行谈判。
阿拉格齐强调，禁止铀浓缩不是可谈判的选项。铀浓缩是伊朗的合法权利，必须继续推进。伊朗已准备好就铀浓缩达成一项可靠的协议。此外，无论现在还是将来，伊朗都不可能就导弹事宜进行谈判，这属于伊朗国防范畴。
阿拉格齐表示，伊美谈判是一个良好的开端，但双方建立互信仍有很长的路要走。伊朗核问题只能通过谈判解决。战争始终存在发生的可能性，伊朗已做好准备。如果美国攻击伊朗，伊朗无法攻击美国本土，但伊朗会打击美国在中东地区的军事基地。
古巴宣布措施应对美国新一轮石油封锁
据新华社哈瓦那2月7日电  （记者蒋彪）古巴副总理兼外贸外资部长佩雷斯—奥利瓦等政府官员6日晚在古巴电视台一档节目中宣布对燃料实行限购等一系列措施，以应对美国新一轮石油封锁。
佩雷斯—奥利瓦表示，政府将对燃料实行限购，待情况改善后再逐步恢复正常供应。燃料将优先用于面向民众的基本公共服务和必要经济活动，基本医疗服务将得到保障，国防准备和社会治安相关工作也将继续维持。他同时强调，古巴将继续推进太阳能光伏电站建设，保障国家电力系统可持续运行，减少对进口燃料的依赖，并推动国内石油生产增长。
古巴劳动社会保障部长赫苏斯·奥塔门迪斯·坎波斯表示，政府将进一步推广远程办公和居家办公等灵活用工模式，重点保障面向民众的基本服务、粮食生产和农业活动。古巴交通部长罗德里格斯表示，交通部门将优先保障港口、机场运营，以及食品、燃料和医疗物资等主要货物运输，同时将调整铁路客运服务。
哈马斯谴责以方破坏停火协议
据新华社加沙2月7日电  （记者赵伟宏、黄泽民）巴勒斯坦伊斯兰抵抗运动（哈马斯）7日发表声明说，以色列持续升级在加沙地带的军事行动，严重破坏停火协议，无视调解方及美国政府为推动停火所作的努力。哈马斯发言人哈齐姆·卡西姆在声明中呼吁有关各方对以色列施加切实压力，允许巴勒斯坦技术官僚委员会进入加沙地带，并尽快启动对加沙民众的人道主义援助。
巴勒斯坦加沙地带卫生部门7日发表的一份声明说，目前仍在运转的医院正竭力维持基本医疗服务，但运抵加沙的医疗物资数量有限，难以满足实际需求。66%的医疗耗材和基本药物清单中46%的药品已无库存，实验室及血库相关物资中有84%已经断供。另据报道，自2025年10月10日停火协议生效以来，已有576名巴勒斯坦人在以方军事行动中死亡、1543人受伤。
丹麦：与美国就格陵兰岛谈判未达预期
据新华社格陵兰岛努克2月7日电  （记者姚雨璘、张玉亮）丹麦官员7日表示，尽管已开启与美国的外交对话，丹麦方面同美国就格陵兰岛谈判未达预期。
当天，丹麦外交大臣拉斯穆森与格陵兰岛自治政府外交部长薇薇安·莫茨费尔特同加拿大外交部长阿妮塔·阿南德在格陵兰岛首府努克举行联合记者会，庆祝加拿大驻努克领事馆于6日正式成立。莫茨费尔特说，当前形势较一个月前已“有所好转”，主要得益于与美国建立了直接对话的外交渠道，但格陵兰岛在谈判中未达到预期结果。她说：“还有很长的路要走，所以现在说结果如何还为时尚早”。
伊拉克已接收从叙利亚移交的2250名“伊斯兰国”成员
新华社巴格达2月7日电  （记者段敏夫、李军）伊拉克军方7日说，伊拉克已接收从叙利亚移交的2250名极端组织“伊斯兰国”成员，并启动司法程序开展调查工作。
伊拉克通讯社当天援引伊联合行动指挥部下属安全媒体中心负责人萨阿德·马安的话说，在打击“伊斯兰国”国际联盟协调下，伊方已通过陆路和空运接收了这些“伊斯兰国”成员，并转送至妥善的关押地点。马安表示，伊方已组建专门团队，对被移交的“伊斯兰国”成员展开初步调查和甄别，并根据其“危险程度”分类，曾对伊拉克人民犯下罪行的恐怖分子将在伊拉克接受审判。
美军中央司令部1月21日发布消息说，美军当天开始将关押在叙利亚东北部的“伊斯兰国”成员转移到伊拉克，以确保“恐怖分子继续关在安全的拘押设施里”。美军计划最终转移不超过7000名“伊斯兰国”在押成员。",国际,https://paper.people.com.cn/rmrb/pc/content/202602/09/../../../content/202602/09/content_30139494.html,2026-02-09,"['伊朗', '加沙', '格陵兰岛', '谈判', '伊斯兰', '伊拉克', '浓缩', '古巴', '格齐', '降雪']","第15版：国际
本版新闻
人民日报2026年02月09日",政治
全球变暖趋势并未放缓,"第15版：国际
本版新闻
人民日报2026年02月09日
Mon
丹麦气象研究所近日发布的数据显示，丹麦自治领地、世界第一大岛格陵兰岛今年经历了有史以来气温最高的1月。根据该研究所对格陵兰岛首府努克的气温监测，当地1月平均气温为0.2摄氏度，创下有记录以来最高值。丹麦气象研究所国家气候研究中心负责人雅各布·霍耶表示：“这里的气温上升速度达到全球平均升温速度的4倍。”气候变暖意味着格陵兰岛冬季海冰覆盖范围缩减、冰层变薄，这不仅影响依靠冰面的传统交通，也会改变当地生态系统，进而对渔业构成威胁。
当前，一些国家和地区遭遇极端严寒和暴雪天气，但全球温室气体累积排放不断增加造成的全球变暖趋势并未放缓。欧盟气候监测机构哥白尼气候变化服务局最新发布的《2025年全球气候要点》年度报告显示，2025年成为有记录以来第三热的年份。2023年至2025年三年期全球平均气温较工业化前（1850—1900年）水平高出1.5摄氏度以上，这是有记录以来三年期平均气温首次突破1.5摄氏度阈值。
根据这份最新报告，2025年全球平均气温为14.97摄氏度，较2023年仅低0.01摄氏度，较创纪录的2024年低0.13摄氏度。目前长期全球变暖水平估计比工业化前水平高约1.4摄氏度。报告指出，过去11年是有记录以来最暖的11年。2025年全球地表气温比工业化前水平高1.47摄氏度，2024年这一数值为1.6摄氏度；2025年全球极地外的海表温度为20.73摄氏度，是有记录以来第三热。2025年南极洲年平均气温创纪录，北极地区年平均气温为有记录以来第二高，2025年2月南北两极海冰覆盖面积合计降至20世纪70年代末有卫星观测以来最低水平。
报告分析认为，过去3年全球气温异常偏暖与多重因素有关：一是温室气体在大气中持续累积，自然碳汇对二氧化碳的吸收减弱；二是海洋表面温度达到了异常高的水平，这与厄尔尼诺事件和其他海洋变化因素有关，并因气候变化而加剧。此外，气溶胶、低云及大气环流波动等因素也对气温产生影响。
哥白尼气候变化服务局主任卡洛·布翁滕波表示，全球变暖趋势“确定无疑”，未来必须更好管理可能出现的“升温过头”及其对社会与自然系统的影响。气象学家认为，气候变化的影响并不局限于平均气温的上升，还体现在极端天气事件发生频率和强度变化上。世界气象组织近期发布的相关报告显示，阿拉伯地区多个国家近年来气温屡创新高，部分地区最高气温突破50摄氏度。北非西部在连续多个雨季降水不足后，干旱状况进一步加剧，摩洛哥、阿尔及利亚和突尼斯等国受影响尤为严重。与此同时，在沙特阿拉伯、巴林、阿联酋等原本干旱的国家，极端降雨和突发性洪水造成了人员伤亡和财产损失，凸显气候变化带来的复合型风险。
欧洲中期天气预报中心气候战略负责人萨曼莎·伯吉斯表示：“遏制未来气温继续上升的唯一途径，是迅速削减温室气体排放。”多国专家呼吁，迅速、持续、大幅削减温室气体排放是减缓全球变暖的“最有效途径”，建议加快推动能源结构调整，大幅提升可再生能源比重，同时推动储能、绿色氢能和碳捕集利用与封存等技术的发展。
二〇二五年成为有记录以来第三热年份
全球变暖趋势并未放缓
本报记者  牛瑞飞《人民日报》（2026年02月09日第 15 版）
丹麦气象研究所近日发布的数据显示，丹麦自治领地、世界第一大岛格陵兰岛今年经历了有史以来气温最高的1月。根据该研究所对格陵兰岛首府努克的气温监测，当地1月平均气温为0.2摄氏度，创下有记录以来最高值。丹麦气象研究所国家气候研究中心负责人雅各布·霍耶表示：“这里的气温上升速度达到全球平均升温速度的4倍。”气候变暖意味着格陵兰岛冬季海冰覆盖范围缩减、冰层变薄，这不仅影响依靠冰面的传统交通，也会改变当地生态系统，进而对渔业构成威胁。
当前，一些国家和地区遭遇极端严寒和暴雪天气，但全球温室气体累积排放不断增加造成的全球变暖趋势并未放缓。欧盟气候监测机构哥白尼气候变化服务局最新发布的《2025年全球气候要点》年度报告显示，2025年成为有记录以来第三热的年份。2023年至2025年三年期全球平均气温较工业化前（1850—1900年）水平高出1.5摄氏度以上，这是有记录以来三年期平均气温首次突破1.5摄氏度阈值。
根据这份最新报告，2025年全球平均气温为14.97摄氏度，较2023年仅低0.01摄氏度，较创纪录的2024年低0.13摄氏度。目前长期全球变暖水平估计比工业化前水平高约1.4摄氏度。报告指出，过去11年是有记录以来最暖的11年。2025年全球地表气温比工业化前水平高1.47摄氏度，2024年这一数值为1.6摄氏度；2025年全球极地外的海表温度为20.73摄氏度，是有记录以来第三热。2025年南极洲年平均气温创纪录，北极地区年平均气温为有记录以来第二高，2025年2月南北两极海冰覆盖面积合计降至20世纪70年代末有卫星观测以来最低水平。
报告分析认为，过去3年全球气温异常偏暖与多重因素有关：一是温室气体在大气中持续累积，自然碳汇对二氧化碳的吸收减弱；二是海洋表面温度达到了异常高的水平，这与厄尔尼诺事件和其他海洋变化因素有关，并因气候变化而加剧。此外，气溶胶、低云及大气环流波动等因素也对气温产生影响。
哥白尼气候变化服务局主任卡洛·布翁滕波表示，全球变暖趋势“确定无疑”，未来必须更好管理可能出现的“升温过头”及其对社会与自然系统的影响。气象学家认为，气候变化的影响并不局限于平均气温的上升，还体现在极端天气事件发生频率和强度变化上。世界气象组织近期发布的相关报告显示，阿拉伯地区多个国家近年来气温屡创新高，部分地区最高气温突破50摄氏度。北非西部在连续多个雨季降水不足后，干旱状况进一步加剧，摩洛哥、阿尔及利亚和突尼斯等国受影响尤为严重。与此同时，在沙特阿拉伯、巴林、阿联酋等原本干旱的国家，极端降雨和突发性洪水造成了人员伤亡和财产损失，凸显气候变化带来的复合型风险。
欧洲中期天气预报中心气候战略负责人萨曼莎·伯吉斯表示：“遏制未来气温继续上升的唯一途径，是迅速削减温室气体排放。”多国专家呼吁，迅速、持续、大幅削减温室气体排放是减缓全球变暖的“最有效途径”，建议加快推动能源结构调整，大幅提升可再生能源比重，同时推动储能、绿色氢能和碳捕集利用与封存等技术的发展。",国际,https://paper.people.com.cn/rmrb/pc/content/202602/09/../../../content/202602/09/content_30139495.html,2026-02-09,"['摄氏度', '2025', '气温', '全球', '平均气温', '变暖', '记录', '气候变化', '以来', '格陵兰岛']","第15版：国际
本版新闻
人民日报2026年02月09日",政治
可再生能源与核电2030年将提供全球一半电力,"第15版：国际
本版新闻
人民日报2026年02月09日
Mon
据新华社巴黎电  （记者罗毓）国际能源署日前发布的报告预测，从现在到2030年，全球电力需求年均增速将超过3.5%，到2030年，全球电力结构中可再生能源与核电的合计占比将升至50%。
这份关于全球电力系统与市场的年度报告《电力2026》说，从现在到2030年，电力需求增速预计至少为整体能源需求增速的2.5倍，驱动因素包括工业用电上升、电动汽车持续普及、空调用电增加以及数据中心与人工智能用电增加等。新兴与发展中经济体仍是电力需求增长的主要引擎，发达经济体用电量在经历15年的增长停滞后也开始上升。
报告说，在太阳能发电设施创纪录部署的推动下，全球可再生能源发电正处于超过燃煤发电的进程中，最新数据显示两者在2025年几乎持平。核能发电量也在创下新纪录。预计到2030年，可再生能源与核电合计将提供全球50%的电力，高于目前的42%。随着可再生能源的发展，燃煤发电在全球电力构成中的份额会下降，预计在2030年将回落至2021年的水平。因此，全球发电领域的碳排放预计从目前至2030年间将大致保持稳定。
国际能源署——
可再生能源与核电2030年将提供全球一半电力
《人民日报》（2026年02月09日第 15 版）
据新华社巴黎电  （记者罗毓）国际能源署日前发布的报告预测，从现在到2030年，全球电力需求年均增速将超过3.5%，到2030年，全球电力结构中可再生能源与核电的合计占比将升至50%。
这份关于全球电力系统与市场的年度报告《电力2026》说，从现在到2030年，电力需求增速预计至少为整体能源需求增速的2.5倍，驱动因素包括工业用电上升、电动汽车持续普及、空调用电增加以及数据中心与人工智能用电增加等。新兴与发展中经济体仍是电力需求增长的主要引擎，发达经济体用电量在经历15年的增长停滞后也开始上升。
报告说，在太阳能发电设施创纪录部署的推动下，全球可再生能源发电正处于超过燃煤发电的进程中，最新数据显示两者在2025年几乎持平。核能发电量也在创下新纪录。预计到2030年，可再生能源与核电合计将提供全球50%的电力，高于目前的42%。随着可再生能源的发展，燃煤发电在全球电力构成中的份额会下降，预计在2030年将回落至2021年的水平。因此，全球发电领域的碳排放预计从目前至2030年间将大致保持稳定。",国际,https://paper.people.com.cn/rmrb/pc/content/202602/09/../../../content/202602/09/content_30139496.html,2026-02-09,"['2030', '电力', '再生能源', '全球', '发电', '用电', '核电', '15', '2026', '50%']","第15版：国际
本版新闻
人民日报2026年02月09日",经济
图片报道,"第15版：国际
本版新闻
人民日报2026年02月09日
Mon
数周以来，葡萄牙接连遭受冬季风暴袭击，持续经历强降雨、雷电、暴雪与强风天气，已造成至少14人死亡，数百人受伤或流离失所。葡萄牙政府已宣布68个市镇进入“紧急状态”。气象预报显示，极端天气仍将持续。图为日前在葡萄牙萨尔堡拍摄的被洪水淹没的区域。
新华社发
图片报道
《人民日报》（2026年02月09日第 15 版）
数周以来，葡萄牙接连遭受冬季风暴袭击，持续经历强降雨、雷电、暴雪与强风天气，已造成至少14人死亡，数百人受伤或流离失所。葡萄牙政府已宣布68个市镇进入“紧急状态”。气象预报显示，极端天气仍将持续。图为日前在葡萄牙萨尔堡拍摄的被洪水淹没的区域。
新华社发",国际,https://paper.people.com.cn/rmrb/pc/content/202602/09/../../../content/202602/09/content_30139497.html,2026-02-09,"['葡萄牙', '天气', '强降雨', '15', '2026', '02', '09', '14', '68', '葡萄牙政府']","第15版：国际
本版新闻
人民日报2026年02月09日",政治
韩国加强打击电信诈骗,"第15版：国际
本版新闻
人民日报2026年02月09日
Mon
近日，韩国国会全体会议通过了新修订的《防止电信金融诈骗损失及返还损失特别法》。根据最新修订的法律，金融机构和调查机关可以实时共享电信诈骗可疑账户信息，能够迅速切断账户转账，以预防犯罪手法日益升级的电信诈骗。
根据韩国警察厅最新公布的数据，韩国电信诈骗案件2025年高达23360起，比前一年增加12.1%，涉案金额为12578亿韩元（1元人民币约合210韩元），首次突破1万亿韩元，比前一年增加47.2%。韩国警察厅表示，电信诈骗手法不断翻新，从针对大众的“贷款诈骗型”到谎称是检察机关、金融监督院等“机构冒充型”，各类电诈案件激增。
为打击电信诈骗，韩国政府此前召开跨部门工作组会议，制定了“电信诈骗根治综合对策”。去年9月，韩国政府以警察厅为中心组建全天候、全年无休的“电信诈骗综合应对小组”，科学技术信息通信部、金融监督院等部门派遣人员参与其中，一旦发生电信诈骗，将启动涵盖咨询、分析、阻断、调查的全流程响应措施。
韩国还在落实移动通信运营商和金融机构的管理、赔偿主体责任方面下功夫，同时努力构建电信诈骗人工智能平台，运用人工智能分析电信诈骗相关领域的信息等。为普及防范电信诈骗相关知识，韩国警察厅对原有的“电信诈骗综合举报应对中心”进行了重组，接线员增至54人，24小时全年无休提供服务。
韩国执政党共同民主党与韩国政府官员近日召开特别会议，对预防电信诈骗的相关立法问题进行讨论，并商定继续加大力度打击电信诈骗。共同民主党政策委员会议长韩贞爱在会上表示，“2025年全年电信诈骗涉案金额超过1万亿韩元，令人痛心”。韩国国务调整室负责人尹昌烈表示，政府部门根除电信诈骗的决心很大，将不断完善相关制度和技术，更有效打击电信诈骗。
（本报首尔2月8日电）
韩国加强打击电信诈骗
本报记者  莽九晨《人民日报》（2026年02月09日第 15 版）
近日，韩国国会全体会议通过了新修订的《防止电信金融诈骗损失及返还损失特别法》。根据最新修订的法律，金融机构和调查机关可以实时共享电信诈骗可疑账户信息，能够迅速切断账户转账，以预防犯罪手法日益升级的电信诈骗。
根据韩国警察厅最新公布的数据，韩国电信诈骗案件2025年高达23360起，比前一年增加12.1%，涉案金额为12578亿韩元（1元人民币约合210韩元），首次突破1万亿韩元，比前一年增加47.2%。韩国警察厅表示，电信诈骗手法不断翻新，从针对大众的“贷款诈骗型”到谎称是检察机关、金融监督院等“机构冒充型”，各类电诈案件激增。
为打击电信诈骗，韩国政府此前召开跨部门工作组会议，制定了“电信诈骗根治综合对策”。去年9月，韩国政府以警察厅为中心组建全天候、全年无休的“电信诈骗综合应对小组”，科学技术信息通信部、金融监督院等部门派遣人员参与其中，一旦发生电信诈骗，将启动涵盖咨询、分析、阻断、调查的全流程响应措施。
韩国还在落实移动通信运营商和金融机构的管理、赔偿主体责任方面下功夫，同时努力构建电信诈骗人工智能平台，运用人工智能分析电信诈骗相关领域的信息等。为普及防范电信诈骗相关知识，韩国警察厅对原有的“电信诈骗综合举报应对中心”进行了重组，接线员增至54人，24小时全年无休提供服务。
韩国执政党共同民主党与韩国政府官员近日召开特别会议，对预防电信诈骗的相关立法问题进行讨论，并商定继续加大力度打击电信诈骗。共同民主党政策委员会议长韩贞爱在会上表示，“2025年全年电信诈骗涉案金额超过1万亿韩元，令人痛心”。韩国国务调整室负责人尹昌烈表示，政府部门根除电信诈骗的决心很大，将不断完善相关制度和技术，更有效打击电信诈骗。
（本报首尔2月8日电）",国际,https://paper.people.com.cn/rmrb/pc/content/202602/09/../../../content/202602/09/content_30139498.html,2026-02-09,"['诈骗', '电信', '韩国', '警察厅', '韩国政府', '万亿韩元', '打击', '2025', '比前', '无休']","第15版：国际
本版新闻
人民日报2026年02月09日",政治
本版责编：邹志鹏  张慧中  褚  君,"第15版：国际
本版新闻
人民日报2026年02月09日
Mon",国际,https://paper.people.com.cn/rmrb/pc/content/202602/09/../../../content/202602/09/content_30139499.html,2026-02-09,"['本版', '责编', '15', '2026', '02', '09', 'Mon', '邹志鹏', '张慧中', '人民日报']","第15版：国际
本版新闻
人民日报2026年02月09日",国际
向新而行，未来之城铺展美丽画卷,"第16版：专题
本版新闻
人民日报2026年02月09日
Mon
2023年5月，习近平总书记在河北雄安新区考察并主持召开高标准高质量推进雄安新区建设座谈会时强调，努力建设新功能、形成新形象、发展新产业、聚集新人才、构建新机制，使雄安新区成为新时代的创新高地和创业热土。
这座承载“千年大计、国家大事”的城市，以向新而行的姿态，完成了从“一块地”到“一张图”再到“一座城”的蜕变。
建设新功能
数字城市与现实城市共生
在雄安，红绿灯会“思考”。早高峰的容东片区，红绿灯会根据车流量实时调整——这套AI信号系统，是雄安“数字孪生城市”的生动缩影。
作为数字城市与现实城市共同生长的城市，雄安的发展融入了智慧与创新的基因。
“在雄安，每一栋建筑、每一条道路、每一根管线，都有‘数字身份证’。”雄安城市计算中心工程师赵松介绍，“数字城市，让雄安城市运营治理更精准、更高效。”
走进这个“城市大脑”——雄安城市计算中心，服务器蓝光流转。这里支撑起政务、规划、生态等多维运算。大屏幕上，城市模型在数字运营平台上不断生长。
雄安新区构建基于建筑信息模型、城市信息模型平台的智慧城市标准体系，搭建边云超协同的自主创新城市计算体系，实现IPv6、鸿蒙生态、感知系统全域覆盖。智慧应用从政务、环保到交通、能源，正加速落地。
形成新形象
构筑蓝绿交织生态城
“先植绿、后建城”，雄安新区设立以来，坚持生态优先、绿色发展。构建“一淀、三带、九片、多廊”的生态格局，打造“千年秀林”，推进白洋淀治理，建设环淀、环起步区、环新区的绿化带，奠定了70%蓝绿空间的生态基底。
漫步雄安，中央绿谷与央企总部，绘出“城在林中、水在城中”的未来图景。“中央绿谷是城市的‘绿色呼吸廊道’，承担护蓝、增绿、通风、降尘等功能。”中国雄安集团生态建设投资公司园林事业部负责人吕聚林说，郊野公园、悦容公园相继开放，燕南堤美景“出圈”。数年来，推进千年秀林建设，累计绿化面积达74.3万亩，城市建成区绿化覆盖率达37%、绿道总长85.1公里。
“华北明珠”白洋淀重焕光彩——水草丰茂，淀阔天青。重点实施“清淤疏浚、百淀连通、退耕还淀、科学补水、严密防洪”五大工程，淀区水质由Ⅴ类提升并稳定保持在Ⅲ类，达到1988年恢复蓄水有监测记录以来最好水平。
截至目前，经过四期清淤工程治理，生态清淤总面积达24.86万平方米，已观测到野生鸟类296种，较新区设立前增加了90种。
一座林城相融、水城共融的生态样板之城，正从蓝图走向现实。
发展新产业
培育新质生产力策源地
在雄安新区中关村科技园，“上下楼即上下游”的故事持续更新。擎空智能的国产智能盒与巡飞智能平台携手闯市场，兆福科技与睿哲科技达成IPv6合作意向。
围绕新一代信息技术、生命科学、新材料等方向，雄安正搭建一流平台，构筑全过程创新产业链。
2025年10月22日，首颗“雄安造”卫星——“雄安一号”完成生产下线，雄安新区空天信息产业智能制造能力实现“从0到1”的跨越。
“当年注册、当年建设、当年投产、当年下线——这就是雄安速度！”站在卫星生产线旁，蓝箭鸿擎（雄安）空间科技有限公司总经理史耀中信心满怀，“公司落户雄安以来，新区全程帮办，雄安科技创新成长股权投资基金注资8000万元，为研发与生产按下加速键。”
从支持雄安新区中关村科技园创新发展的若干措施到空间信息产业十条、城市鸿蒙产业十条等，一系列精准政策为创新企业注入强劲动力。
目前，雄安高校协同创新联盟、百家科研院所联盟已投入运行，京津冀国家技术创新中心雄安中心揭牌成立。截至2025年10月，雄安新区高新技术企业达454家，同比增长40.5%。
聚集新人才
构筑创新创业人才家园
“一到雄安，就感受到家的温暖！”2025年10月9日，中国华能、中国中化2000多名员工开启雄安新生活。雄安新区启动区管委会联合社区志愿者、城发公司，提供从“一站式”手续办理到行李搬运、住房指引的全方位服务。
“中国华能将以总部搬迁雄安新区为新起点，加快在雄安新区发展布局，稳妥有序做好第二批子企业疏解工作，积极服务京津冀协同发展、加快雄安新区发展建设。”中国华能集团办公室后勤处处长张勇介绍，中国华能总部及直属单位1000余名员工已在雄安新区进入常态化办公阶段。
“截至目前，雄安新区已累计实现6批共计278项京雄政务服务‘同城化’场景。”雄安新区营商环境局副局长冯琦峰介绍。
此外，“雄安一卡通”实现人社服务、公共交通、就医购药等六大场景两地互通，公积金缴存标准与北京同步。
一栋栋新楼拔地而起，社区食堂、免费书屋、儿童友好基地、青年夜校等设施日臻完善，公共服务持续升级，居民的幸福感与获得感不断增强。
此外，雄安新区还出台“雄才十六条”等政策“组合拳”，从安家落户、子女教育到科研资助，为高层次人才提供全方位保障。
雄安新区本级注册企业已达4000余家，越来越多的企业、人才在此扎根奋斗。
构建新机制
为建设现代化城市护航
去年国庆节前，北京融合环保有限公司副总经理胡刚一度发愁。公司整迁雄安，营业执照地址已改，可生产经营资质地址仍标注北京。两证不一，影响后续投标。
以往，这类资质迁移需要京雄两地多部门辗转，耗时一个半月。
“我们成立4个疏解服务专班，干部多跑腿，企业少跑路，并加强与北京相关部门的沟通，通过数据核验、材料精简等措施，将流程压缩。”冯琦峰说。
“两项关键资质顺利迁移，我们真正在雄安安家了！”胡刚的喜悦溢于言表。
效率提升，源于机构改革的坚实支撑。2024年底，雄安设置21个工作部门、4个片区管委会，坚持大部门制、扁平化管理，真正实现“雄安事雄安办”。
雄安新区优化健全雄安新区领导体制和管理机制，分阶段、分步骤、稳妥有序推动新区向城市管理体制转变。
容东、容西、昝岗、启动区等新建片区，实行“新区—片区”两级管理与“新区—片区—社区”三级服务体系。不设街道，层级精简，资源直沉社区。
“生育登记、社保、医保……这些事在社区就能办，服务离百姓更近了。”启动区管委会副主任田雨介绍。
一张蓝图绘到底，星光不负赶路人。雄安新区正以看得见的“新”，绘出新时代的城市发展美丽画卷。
雄安新区努力建设新功能、形成新形象、发展新产业、聚集新人才、构建新机制
向新而行，未来之城铺展美丽画卷
本报记者  武少民  张腾扬  夏康健《人民日报》（2026年02月09日第 16 版）
2023年5月，习近平总书记在河北雄安新区考察并主持召开高标准高质量推进雄安新区建设座谈会时强调，努力建设新功能、形成新形象、发展新产业、聚集新人才、构建新机制，使雄安新区成为新时代的创新高地和创业热土。
这座承载“千年大计、国家大事”的城市，以向新而行的姿态，完成了从“一块地”到“一张图”再到“一座城”的蜕变。
建设新功能
数字城市与现实城市共生
在雄安，红绿灯会“思考”。早高峰的容东片区，红绿灯会根据车流量实时调整——这套AI信号系统，是雄安“数字孪生城市”的生动缩影。
作为数字城市与现实城市共同生长的城市，雄安的发展融入了智慧与创新的基因。
“在雄安，每一栋建筑、每一条道路、每一根管线，都有‘数字身份证’。”雄安城市计算中心工程师赵松介绍，“数字城市，让雄安城市运营治理更精准、更高效。”
走进这个“城市大脑”——雄安城市计算中心，服务器蓝光流转。这里支撑起政务、规划、生态等多维运算。大屏幕上，城市模型在数字运营平台上不断生长。
雄安新区构建基于建筑信息模型、城市信息模型平台的智慧城市标准体系，搭建边云超协同的自主创新城市计算体系，实现IPv6、鸿蒙生态、感知系统全域覆盖。智慧应用从政务、环保到交通、能源，正加速落地。
形成新形象
构筑蓝绿交织生态城
“先植绿、后建城”，雄安新区设立以来，坚持生态优先、绿色发展。构建“一淀、三带、九片、多廊”的生态格局，打造“千年秀林”，推进白洋淀治理，建设环淀、环起步区、环新区的绿化带，奠定了70%蓝绿空间的生态基底。
漫步雄安，中央绿谷与央企总部，绘出“城在林中、水在城中”的未来图景。“中央绿谷是城市的‘绿色呼吸廊道’，承担护蓝、增绿、通风、降尘等功能。”中国雄安集团生态建设投资公司园林事业部负责人吕聚林说，郊野公园、悦容公园相继开放，燕南堤美景“出圈”。数年来，推进千年秀林建设，累计绿化面积达74.3万亩，城市建成区绿化覆盖率达37%、绿道总长85.1公里。
“华北明珠”白洋淀重焕光彩——水草丰茂，淀阔天青。重点实施“清淤疏浚、百淀连通、退耕还淀、科学补水、严密防洪”五大工程，淀区水质由Ⅴ类提升并稳定保持在Ⅲ类，达到1988年恢复蓄水有监测记录以来最好水平。
截至目前，经过四期清淤工程治理，生态清淤总面积达24.86万平方米，已观测到野生鸟类296种，较新区设立前增加了90种。
一座林城相融、水城共融的生态样板之城，正从蓝图走向现实。
发展新产业
培育新质生产力策源地
在雄安新区中关村科技园，“上下楼即上下游”的故事持续更新。擎空智能的国产智能盒与巡飞智能平台携手闯市场，兆福科技与睿哲科技达成IPv6合作意向。
围绕新一代信息技术、生命科学、新材料等方向，雄安正搭建一流平台，构筑全过程创新产业链。
2025年10月22日，首颗“雄安造”卫星——“雄安一号”完成生产下线，雄安新区空天信息产业智能制造能力实现“从0到1”的跨越。
“当年注册、当年建设、当年投产、当年下线——这就是雄安速度！”站在卫星生产线旁，蓝箭鸿擎（雄安）空间科技有限公司总经理史耀中信心满怀，“公司落户雄安以来，新区全程帮办，雄安科技创新成长股权投资基金注资8000万元，为研发与生产按下加速键。”
从支持雄安新区中关村科技园创新发展的若干措施到空间信息产业十条、城市鸿蒙产业十条等，一系列精准政策为创新企业注入强劲动力。
目前，雄安高校协同创新联盟、百家科研院所联盟已投入运行，京津冀国家技术创新中心雄安中心揭牌成立。截至2025年10月，雄安新区高新技术企业达454家，同比增长40.5%。
聚集新人才
构筑创新创业人才家园
“一到雄安，就感受到家的温暖！”2025年10月9日，中国华能、中国中化2000多名员工开启雄安新生活。雄安新区启动区管委会联合社区志愿者、城发公司，提供从“一站式”手续办理到行李搬运、住房指引的全方位服务。
“中国华能将以总部搬迁雄安新区为新起点，加快在雄安新区发展布局，稳妥有序做好第二批子企业疏解工作，积极服务京津冀协同发展、加快雄安新区发展建设。”中国华能集团办公室后勤处处长张勇介绍，中国华能总部及直属单位1000余名员工已在雄安新区进入常态化办公阶段。
“截至目前，雄安新区已累计实现6批共计278项京雄政务服务‘同城化’场景。”雄安新区营商环境局副局长冯琦峰介绍。
此外，“雄安一卡通”实现人社服务、公共交通、就医购药等六大场景两地互通，公积金缴存标准与北京同步。
一栋栋新楼拔地而起，社区食堂、免费书屋、儿童友好基地、青年夜校等设施日臻完善，公共服务持续升级，居民的幸福感与获得感不断增强。
此外，雄安新区还出台“雄才十六条”等政策“组合拳”，从安家落户、子女教育到科研资助，为高层次人才提供全方位保障。
雄安新区本级注册企业已达4000余家，越来越多的企业、人才在此扎根奋斗。
构建新机制
为建设现代化城市护航
去年国庆节前，北京融合环保有限公司副总经理胡刚一度发愁。公司整迁雄安，营业执照地址已改，可生产经营资质地址仍标注北京。两证不一，影响后续投标。
以往，这类资质迁移需要京雄两地多部门辗转，耗时一个半月。
“我们成立4个疏解服务专班，干部多跑腿，企业少跑路，并加强与北京相关部门的沟通，通过数据核验、材料精简等措施，将流程压缩。”冯琦峰说。
“两项关键资质顺利迁移，我们真正在雄安安家了！”胡刚的喜悦溢于言表。
效率提升，源于机构改革的坚实支撑。2024年底，雄安设置21个工作部门、4个片区管委会，坚持大部门制、扁平化管理，真正实现“雄安事雄安办”。
雄安新区优化健全雄安新区领导体制和管理机制，分阶段、分步骤、稳妥有序推动新区向城市管理体制转变。
容东、容西、昝岗、启动区等新建片区，实行“新区—片区”两级管理与“新区—片区—社区”三级服务体系。不设街道，层级精简，资源直沉社区。
“生育登记、社保、医保……这些事在社区就能办，服务离百姓更近了。”启动区管委会副主任田雨介绍。
一张蓝图绘到底，星光不负赶路人。雄安新区正以看得见的“新”，绘出新时代的城市发展美丽画卷。",专题,https://paper.people.com.cn/rmrb/pc/content/202602/09/../../../content/202602/09/content_30139500.html,2026-02-09,"['雄安', '新区', '城市', '生态', '创新', '片区', '建设', '数字', '社区', '华能']","第16版：专题
本版新闻
人民日报2026年02月09日",政治
“雄安之眼”闪耀数字光芒,"第16版：专题
本版新闻
人民日报2026年02月09日
Mon
夜幕降临，一只深蓝色的“眼睛”凝视远方。雄安新区容东片区西部，雄安城市计算中心静卧于此，因建筑形似人的眼睛，被当地人称为“雄安之眼”。
“雄安城市计算中心采用涵盖边缘计算、云计算、超算、智算在内的计算体系，为整个城市的大数据、区块链、物联网等领域提供计算、存储和网络服务。”雄安城市计算中心工程师赵松说。
“中心能带来啥实惠？”有参观者问。
“实惠可多着哩！”赵松以“雄安一卡通”为例，该项目将相关系统平台部署在雄安城市计算中心，居民凭借第三代社保卡，就可享受政务、人社、医疗、交通、生活消费等领域的服务。如今，“雄安一卡通”累计发行超81万张，累计使用超过600万次。
“雄安城市计算中心有力保障了我们的业务需求。”中国雄安集团数字城市科技有限公司“雄安一卡通”项目经理张徐说，“我们承办的‘乐享暖冬·购在雄安’政府促消费活动中，消费券开抢瞬间，‘雄安一卡通’小程序抢券页面的并发连接数高达4万，这对带宽、云主机等资源的实时保障能力提出了高要求。”
“目前雄安城市计算中心的存储约50PB，总体规划达1000PB。”赵松介绍，在建设过程中，雄安城市计算中心强调绿色、节能、环保理念，地上建筑的超低能耗面积超1万平方米，相关指标国内领先。此外，中心从底层芯片、服务器、云平台、操作系统、数据库、中间件到上层应用，均采用国产技术。
据了解，雄安新区的政务系统均集中在雄安城市计算中心。中国星网、中国时空信息集团、中国雄安集团等企业，中国科学院计算技术研究所、雄安气象人工智能创新研究院等科研机构也将相关业务部署在雄安城市计算中心。目前，雄安城市计算中心累计汇聚数据超380亿条，累计共享接口调用超4亿次。
不仅是政务服务，雄安新区的地下综合管廊也闪烁着数字智慧。
“我们通过数字孪生技术、传感设备和建筑信息模型等，对地下综合管廊水、电、气、暖、网可能出现的各类问题进行监测、预警。”赵松说。
为了保证信息及基础设施安全，雄安城市计算中心设立城市安全运营中心，组建攻防团队，每日监测主机和系统运行情况。
“雄安之眼”闪耀数字光芒
本报记者  夏康健《人民日报》（2026年02月09日第 16 版）
夜幕降临，一只深蓝色的“眼睛”凝视远方。雄安新区容东片区西部，雄安城市计算中心静卧于此，因建筑形似人的眼睛，被当地人称为“雄安之眼”。
“雄安城市计算中心采用涵盖边缘计算、云计算、超算、智算在内的计算体系，为整个城市的大数据、区块链、物联网等领域提供计算、存储和网络服务。”雄安城市计算中心工程师赵松说。
“中心能带来啥实惠？”有参观者问。
“实惠可多着哩！”赵松以“雄安一卡通”为例，该项目将相关系统平台部署在雄安城市计算中心，居民凭借第三代社保卡，就可享受政务、人社、医疗、交通、生活消费等领域的服务。如今，“雄安一卡通”累计发行超81万张，累计使用超过600万次。
“雄安城市计算中心有力保障了我们的业务需求。”中国雄安集团数字城市科技有限公司“雄安一卡通”项目经理张徐说，“我们承办的‘乐享暖冬·购在雄安’政府促消费活动中，消费券开抢瞬间，‘雄安一卡通’小程序抢券页面的并发连接数高达4万，这对带宽、云主机等资源的实时保障能力提出了高要求。”
“目前雄安城市计算中心的存储约50PB，总体规划达1000PB。”赵松介绍，在建设过程中，雄安城市计算中心强调绿色、节能、环保理念，地上建筑的超低能耗面积超1万平方米，相关指标国内领先。此外，中心从底层芯片、服务器、云平台、操作系统、数据库、中间件到上层应用，均采用国产技术。
据了解，雄安新区的政务系统均集中在雄安城市计算中心。中国星网、中国时空信息集团、中国雄安集团等企业，中国科学院计算技术研究所、雄安气象人工智能创新研究院等科研机构也将相关业务部署在雄安城市计算中心。目前，雄安城市计算中心累计汇聚数据超380亿条，累计共享接口调用超4亿次。
不仅是政务服务，雄安新区的地下综合管廊也闪烁着数字智慧。
“我们通过数字孪生技术、传感设备和建筑信息模型等，对地下综合管廊水、电、气、暖、网可能出现的各类问题进行监测、预警。”赵松说。
为了保证信息及基础设施安全，雄安城市计算中心设立城市安全运营中心，组建攻防团队，每日监测主机和系统运行情况。",专题,https://paper.people.com.cn/rmrb/pc/content/202602/09/../../../content/202602/09/content_30139501.html,2026-02-09,"['雄安', '计算中心', '城市', '一卡通', '赵松', '数字', '新区', '累计', '雄安之眼', '管廊']","第16版：专题
本版新闻
人民日报2026年02月09日",政治
产业园集群效应日显,"第16版：专题
本版新闻
人民日报2026年02月09日
Mon
带新入驻企业相关负责人拜访“邻居”企业，回到办公室，又紧接着安排对接会议……一上午，雄安新区中关村科技园总经理助理郝小乐忙得不亦乐乎。这一天，郝小乐服务的企业是雄安白小默科技有限公司。“我们是一家开发导览机器人的企业，来雄安，就是奔着这里的‘集群效应’。”公司负责人黄北云说。
雄安新区中关村科技园位于雄安新区容东片区，是北京中关村与河北雄安新区深化协同发展的重要载体，现已聚集260多家企业，涉及人工智能、生物技术、低空经济等领域，园区规模也从最初的2栋楼扩展至9栋。
“我们的上下楼，可能是产业的上下游。”郝小乐说，“园区内的企业像‘邻居’，我们就是‘管家’。”
该园区采用主题楼宇布局，招商工作则采用“楼长制”，每名“楼长”负责一个主题楼宇的服务管理。
“‘楼长’可难干着哩！”郝小乐说，在园区，“楼长”不仅要承担该领域的招商引资，还需要学习相关政策、了解行业动态。
在这里，“生态上下楼，产业门对门”的景象随处可见：憨猴科技公司与河北雄安易融科技公司联合开发心理咨询人工智能大语言模型；雄安兴元科技公司与智慧康（雄安）养老服务公司携手深耕VR（虚拟现实）领域；兆福（雄安）科技公司与睿哲科技公司就IPv6有关技术项目达成合作意向……
在雄安，像中关村科技园这样的产业园区并非孤例。2024年12月，京津冀国家技术创新中心雄安中心正式揭牌成立，下设6家自有研究所、多个联合实验室、雄安科技成果展示交易与转化中心以及高新区新质生产力创新孵化器等。
产业园集群效应日显
环球时报记者  陶明阳《人民日报》（2026年02月09日第 16 版）
带新入驻企业相关负责人拜访“邻居”企业，回到办公室，又紧接着安排对接会议……一上午，雄安新区中关村科技园总经理助理郝小乐忙得不亦乐乎。这一天，郝小乐服务的企业是雄安白小默科技有限公司。“我们是一家开发导览机器人的企业，来雄安，就是奔着这里的‘集群效应’。”公司负责人黄北云说。
雄安新区中关村科技园位于雄安新区容东片区，是北京中关村与河北雄安新区深化协同发展的重要载体，现已聚集260多家企业，涉及人工智能、生物技术、低空经济等领域，园区规模也从最初的2栋楼扩展至9栋。
“我们的上下楼，可能是产业的上下游。”郝小乐说，“园区内的企业像‘邻居’，我们就是‘管家’。”
该园区采用主题楼宇布局，招商工作则采用“楼长制”，每名“楼长”负责一个主题楼宇的服务管理。
“‘楼长’可难干着哩！”郝小乐说，在园区，“楼长”不仅要承担该领域的招商引资，还需要学习相关政策、了解行业动态。
在这里，“生态上下楼，产业门对门”的景象随处可见：憨猴科技公司与河北雄安易融科技公司联合开发心理咨询人工智能大语言模型；雄安兴元科技公司与智慧康（雄安）养老服务公司携手深耕VR（虚拟现实）领域；兆福（雄安）科技公司与睿哲科技公司就IPv6有关技术项目达成合作意向……
在雄安，像中关村科技园这样的产业园区并非孤例。2024年12月，京津冀国家技术创新中心雄安中心正式揭牌成立，下设6家自有研究所、多个联合实验室、雄安科技成果展示交易与转化中心以及高新区新质生产力创新孵化器等。",专题,https://paper.people.com.cn/rmrb/pc/content/202602/09/../../../content/202602/09/content_30139502.html,2026-02-09,"['雄安', '小乐', '中关村', '楼长', '园区', '科技', '新区', '科技园', '企业', '公司']","第16版：专题
本版新闻
人民日报2026年02月09日",政治
绿意与城市空间交融,"第16版：专题
本版新闻
人民日报2026年02月09日
Mon
从空中俯瞰雄安新区，500公顷的中央绿谷像一道绿脉，把启动区建筑串联在一起。
“5年前，这里还是一大片待建设的土地，现在已是满目皆绿。”中国雄安集团生态建设投资有限公司副总经理武芳芳介绍。
生态宜居之城如何建设？“蓝绿空间占比稳定在70%”“环境景观城景应和、蓝绿交织，凸显淀泊风光”“形成林城相融、林水相依的生态城市”……《河北雄安新区规划纲要》设定了方向。
北起北林带，南接白洋淀，南北长约7公里，东西跨度约3.2公里，中央绿谷是启动区生态空间的核心蓝绿骨架。设计上，以“一廊、双谷、三湖、十八园”为总体结构。“一廊”串联启动区不同功能区与城市组团，“双谷”呈现“疏密有度、水城共融”的景观，“三湖”风光秀美，“十八园”主题鲜明、各具特色，满足不同游憩需求。
在雄安，推窗见绿、漫步入园。160公顷的悦容公园蕴含中式美学精髓，沿中轴线南北铺展如同山水长卷；“千年秀林”层层延伸，大片绿意与城市空间交织相融，尽显自然宁静之美……
“好的公园应该更好融入城市、更贴近百姓。”雄安城市规划设计研究院有限公司总工程师张丽伟介绍，先植绿后建城，是新区建设遵循的原则。规划之初，蓝绿生态底图率先绘制，绿地及公园的位置确定后，再一层层“叠加”道路、用地等各类要素。身处中央绿谷公园，几乎看不到公园的边界，城市道路无障碍连接，游客可以自由穿行其间。
围绕启动区、起步区第五组团和容东、容西、昝岗、雄东等片区，20多个城市公园规划建设，总面积达约6.6万亩。张丽伟说，“3公里进森林，1公里进林带，300米进公园，处处是游园”的目标逐步实现，公园内部复合功能的场地设施不断完善，文化展示日益丰富，“以人为本”的理念落实在细节之处。
绿意与城市空间交融
本报记者  孙龙飞《人民日报》（2026年02月09日第 16 版）
从空中俯瞰雄安新区，500公顷的中央绿谷像一道绿脉，把启动区建筑串联在一起。
“5年前，这里还是一大片待建设的土地，现在已是满目皆绿。”中国雄安集团生态建设投资有限公司副总经理武芳芳介绍。
生态宜居之城如何建设？“蓝绿空间占比稳定在70%”“环境景观城景应和、蓝绿交织，凸显淀泊风光”“形成林城相融、林水相依的生态城市”……《河北雄安新区规划纲要》设定了方向。
北起北林带，南接白洋淀，南北长约7公里，东西跨度约3.2公里，中央绿谷是启动区生态空间的核心蓝绿骨架。设计上，以“一廊、双谷、三湖、十八园”为总体结构。“一廊”串联启动区不同功能区与城市组团，“双谷”呈现“疏密有度、水城共融”的景观，“三湖”风光秀美，“十八园”主题鲜明、各具特色，满足不同游憩需求。
在雄安，推窗见绿、漫步入园。160公顷的悦容公园蕴含中式美学精髓，沿中轴线南北铺展如同山水长卷；“千年秀林”层层延伸，大片绿意与城市空间交织相融，尽显自然宁静之美……
“好的公园应该更好融入城市、更贴近百姓。”雄安城市规划设计研究院有限公司总工程师张丽伟介绍，先植绿后建城，是新区建设遵循的原则。规划之初，蓝绿生态底图率先绘制，绿地及公园的位置确定后，再一层层“叠加”道路、用地等各类要素。身处中央绿谷公园，几乎看不到公园的边界，城市道路无障碍连接，游客可以自由穿行其间。
围绕启动区、起步区第五组团和容东、容西、昝岗、雄东等片区，20多个城市公园规划建设，总面积达约6.6万亩。张丽伟说，“3公里进森林，1公里进林带，300米进公园，处处是游园”的目标逐步实现，公园内部复合功能的场地设施不断完善，文化展示日益丰富，“以人为本”的理念落实在细节之处。",专题,https://paper.people.com.cn/rmrb/pc/content/202602/09/../../../content/202602/09/content_30139503.html,2026-02-09,"['雄安', '公园', '蓝绿', '绿谷', '生态', '新区', '城市', '启动', '公里', '一廊']","第16版：专题
本版新闻
人民日报2026年02月09日",经济
以高质量建设承接高水平疏解,"第16版：专题
本版新闻
人民日报2026年02月09日
Mon
走进雄安新区启动区，塔吊林立、机声隆隆。据介绍，雄安新区新建项目中，绿色建筑占比达100%，一批新建建筑达到绿建三星标准或近零能耗建筑标准。
当前，雄安新区已进入大规模建设与承接北京非首都功能疏解并重阶段，工作重心已转向高质量建设、高水平管理、高质量疏解发展并举。
城市硬件强不强，交通是关键。“我们投资建设的雄安城际站及国贸中心片区，整合了雄忻高铁、京雄快线和城市航站楼等多种城市公共交通方式，可实现‘3分钟同层换乘’。”雄安雄商发展有限公司总经理杨国军说。
目前，京雄快线全线主体结构已完工，正全力推进车站装修、机电安装调试和运营筹备等工作。投运后，从雄安航站楼到北京大兴国际机场仅30分钟，到北京丽泽商务区仅60分钟。
“如果改在雄安站乘坐复兴号高铁列车，19分钟便可抵达北京大兴国际机场。”中国雄安集团党委宣传部干部李菲说。
“高质量建设”承接“高质量疏解”，“高质量疏解”也能促进“高质量建设”。
2025年3月，雄安体育中心正式投入运营，作为雄安新区首个近零能耗场馆，雄安体育中心可再生能源利用率超过40%。
“雄安新区地热能丰富。”华能雄安绿色能源公司党总支书记、执行董事祝海光介绍，公司通过浅层地热地埋井，进行地上建筑与地下地层间的冷热量交换，并配置高效地源热泵机组联合供冷热以保证土壤能量平衡，每年可为中国华能雄安总部园区供冷、热量约1000万千瓦时。此外，华能雄安绿色能源公司还投产了雄安光大产业园光伏项目。
（马松参与采写）
以高质量建设承接高水平疏解
本报记者  夏康健《人民日报》（2026年02月09日第 16 版）
走进雄安新区启动区，塔吊林立、机声隆隆。据介绍，雄安新区新建项目中，绿色建筑占比达100%，一批新建建筑达到绿建三星标准或近零能耗建筑标准。
当前，雄安新区已进入大规模建设与承接北京非首都功能疏解并重阶段，工作重心已转向高质量建设、高水平管理、高质量疏解发展并举。
城市硬件强不强，交通是关键。“我们投资建设的雄安城际站及国贸中心片区，整合了雄忻高铁、京雄快线和城市航站楼等多种城市公共交通方式，可实现‘3分钟同层换乘’。”雄安雄商发展有限公司总经理杨国军说。
目前，京雄快线全线主体结构已完工，正全力推进车站装修、机电安装调试和运营筹备等工作。投运后，从雄安航站楼到北京大兴国际机场仅30分钟，到北京丽泽商务区仅60分钟。
“如果改在雄安站乘坐复兴号高铁列车，19分钟便可抵达北京大兴国际机场。”中国雄安集团党委宣传部干部李菲说。
“高质量建设”承接“高质量疏解”，“高质量疏解”也能促进“高质量建设”。
2025年3月，雄安体育中心正式投入运营，作为雄安新区首个近零能耗场馆，雄安体育中心可再生能源利用率超过40%。
“雄安新区地热能丰富。”华能雄安绿色能源公司党总支书记、执行董事祝海光介绍，公司通过浅层地热地埋井，进行地上建筑与地下地层间的冷热量交换，并配置高效地源热泵机组联合供冷热以保证土壤能量平衡，每年可为中国华能雄安总部园区供冷、热量约1000万千瓦时。此外，华能雄安绿色能源公司还投产了雄安光大产业园光伏项目。
（马松参与采写）",专题,https://paper.people.com.cn/rmrb/pc/content/202602/09/../../../content/202602/09/content_30139504.html,2026-02-09,"['雄安', '高质量', '疏解', '新区', '建设', '华能', '分钟', '承接', '京雄', '快线']","第16版：专题
本版新闻
人民日报2026年02月09日",经济
本版责编：吕钟正  林子夜  韩文榕,"第16版：专题
本版新闻
人民日报2026年02月09日
Mon
版式设计：汪哲平",专题,https://paper.people.com.cn/rmrb/pc/content/202602/09/../../../content/202602/09/content_30139505.html,2026-02-09,"['本版', '责编', '16', '2026', '02', '09', 'Mon', '汪哲平', '吕钟', '版式']","第16版：专题
本版新闻
人民日报2026年02月09日",其他
春节，一扇透视文明之窗（权威论坛）,"第17版：国际
本版新闻
人民日报2026年02月09日
Mon
中国农历马年春节即将到来，丰富多彩的春节庆祝活动将在世界各地举行。春节，这一浸润着东方智慧的传统佳节，正在世界舞台搭建起联结不同文明、凝聚不同民族的文化桥梁，成为文明交流互鉴的生动注脚。本期邀请4位外国汉学家，分享他们和春节的故事、对春节文化的独到见解。
传递温和而坚韧的内在力量
阿莉西亚·雷林克
春节究竟承载着怎样的意义？我认为，它更像是一扇透视文明的窗口。透过这扇窗口，既能窥见中国人民对时间、自然、人际关系的理解，也可以触摸到全人类共通的文明底色。
对我而言，春节首先是一个关于时间与生命的节日。中国人民将农历新年定名为“春节”，给我留下深刻印象。因为春天象征着温暖、光明与白昼渐长，但春节却常常降临在一年中最寒冷的时节。后来我逐渐领悟到，这个名字强调的并不是气候意义上的春天，而是寒冬渐退、生命蓄势待发的转折点。这种对自然节律的深刻洞察，与中华传统文化中“万物循环、生生不息”的思想高度契合，也让我学会以更平和包容的视角看待生命的起伏荣枯。
我的春节体验始于上世纪70年代的马德里。那时我刚开始学习中文，曾跟随老师参加一些春节聚会，与西班牙华人共庆佳节。我们分享传统美食，收下寓意吉祥的礼物，还学着把“福”字倒贴，领悟“福到”的美好期许。大约10年后，我在北京与友人共度春节。我们一同筹备年夜饭、包饺子、走亲访友。我至今仍清晰记得，友人的母亲手把手教我捏紧饺子边，告诉我这象征着情谊牢固。
春节的意义不在节庆本身，而在于人与人之间情感联结的重建与升华。阖家团聚、守岁迎新、登门拜年，这些看似寻常的举动，体现着儒家思想中“人是社会性存在”的核心理念。儒家以“仁”为思想与道德的根基，“仁”字由“人”与“二”构成，本身便昭示着人始终存在于与他人的关联之中。春节，正是这种人际伦理意识最集中、最具情感温度的体现。
近年来，我欣喜地看到，春节在西班牙已从华人社群的内部节日，逐步融入当地民众的集体记忆。我所在的格拉纳达市每年都会举办盛大的春节庆祝活动，舞龙舞狮表演多由华裔武术老师指导，参演者以当地人为主，深受喜爱。大家或许未必全然理解每一个符号的深层寓意，但鲜明的色彩、灵动的舞姿、洋溢街头巷尾的喜庆氛围，让春节极易被感知和参与。这种基于情感与体验的文化共鸣，往往更能拉近不同文明的距离。
几乎所有文明，都拥有围绕新年、新生与光明回归的传统节日。尽管不同文化的庆祝形式各异，但其背后的情感内核却高度相通——人类需要在特定时间节点确认彼此的联结，在共同的仪式中汲取慰藉与希望。从这个意义上说，春节具有鲜明的世界性意义。特别是在分歧加剧、对立频发的当下，春节传递着和合、包容与共生理念，通过相聚相伴、分享喜悦、共庆佳节，让人们自然地体悟“共在”的意义。这种温和而坚韧的内在力量，正是当今世界迫切需要的。
“春节——中国人庆祝传统新年的社会实践”被列入联合国教科文组织人类非物质文化遗产代表作名录，其意义远超对这一节日本身的肯定，更在于承认了世界上存在着多样的庆祝方式、多彩的文化传统与多元的文明认知路径。从长远视角看，春节展现的并非一种“他者文化”，而是一种可被理解、可引发共鸣的人类共同经验。它时刻提醒我们，无论身处何种文明，对团聚的渴望、对未来的期盼、对美好生活的向往，都是全人类共通的情感基石。
春节或许可以成为一座连接不同文明的桥梁。在这座桥上，人们不再急于划分“我们”与“他们”，而是先看见彼此作为“人”的共性。这份基于共同情感的联结，正为人类文明交流互鉴提供深远而持久的价值。
（作者为西班牙汉学家，本报记者颜欢采访整理）
天人和谐理念值得广泛传播
巴勃罗·罗维塔
1975年，我17岁，父母将我和妹妹带到北京生活。次年年初，我们一家受邀去父母同事家里过春节。我当时满心诧异：为什么在那么寒冷的冬季里，有一个以“春”为名的节日？这种好奇萦绕心头，让我迫切想探寻春节的“奥秘”。
那年除夕夜，桌上佳肴琳琅满目，大家围坐一起，在欢声笑语中吃着年夜饭，每个人的脸上都洋溢着幸福的笑容。交谈中，我了解到很多关于春节的知识，以及农历的渊源、生肖的寓意等。我们还一起包饺子——这可不是一件容易事，我笨拙地尝试了很多次，竟没有包出一个成形的。之后的半个世纪里，我在中国又度过了许多个春节。即便不在中国，我也会在除夕夜吃上一盘饺子。在我心中，中国早已是我的第二故乡，春节也成为我生命中不可或缺的节日。
春节是中国数十年来翻天覆地发展变化的生动缩影。几十年前，亲友团聚多在家中，春节是人们改善伙食、慰藉辛劳的期盼。如今，春节前后大小餐馆座无虚席，商场超市内民众排队选购礼品，更有不少人借着春节假期在国内外旅游度假。这些变化反映的，是中国经济社会的飞速发展、基础设施的日趋完善和民众生活水平的显著提升。国家的蓬勃发展，为中国人民欢度传统佳节筑牢了物质基础。
春节也印证了中华优秀传统文化旺盛的生命力。这一节日与中国的农历紧密关联，农历中蕴藏着有关宇宙运行与自然规律的深邃智慧，对中国人民从古至今的农事劳作、饮食作息、养生调理等具有重要指导意义。因此，欢庆春节也是中国人民敬畏时序更替、顺应自然规律的生动体现。我想，这正是2024年“春节”申遗成功的重要原因。这种天人和谐的文化理念，值得向世界广泛传播。
在我看来，春节最核心、最独特的文化内涵，在于中国人民对家庭价值的重视。家庭在中国传统社会结构中占据举足轻重的地位，承载着慎终追远、孝亲敬老、慈爱幼辈等深厚的传统价值观。这份情感以家庭为圆心向外辐射，延伸为对邻里、朋友、同事乃至所有人的关怀与善意，升华为对众生的美好期许和对和谐社会的共同向往。当今世界面临诸多冲突与乱象，我们更应持续深耕春节文化中“和合”等核心理念的传播与推广，让其在促进文明交流互鉴、增进相互理解中发挥更大作用。
乌拉圭是与中国相距最为遥远的国家之一，但随着乌中关系持续升温，两国文化交流日益密切，越来越多乌拉圭人开始领略到春节的魅力。除中国驻乌拉圭大使馆举办的各类新春活动外，乌拉圭东南部的东角市、皮里亚波利斯市等旅游城市也会举办盛大的春节庆祝活动。街头巷尾的舞龙舞狮和功夫等表演精彩纷呈，其中不少表演者还是乌拉圭民众，两国人民在欢声笑语中共享春节的吉祥与喜悦。
农历马年即将到来，乌拉圭的国徽中也有马的图案。勤奋、坚韧、进取等精神特质，是乌拉圭、中国以及世界许多国家对马这一文化符号的共同认知。愿新的一年里，这种精神力量能指引我们携手奋勇前行。
（作者为乌拉圭汉学家、作家，本报记者时元皓采访整理）
烟火气中透着浓浓的团圆之美
培高德
在我看来，春节的核心是家庭团聚。在中国，为了过个“团圆年”，大家从各地赶回家乡，造就了蔚为壮观的春运大潮。正如我儿时学过的德国诗句所言：老幼皆应暂别尘世匆忙，只为共享天伦之乐。此外，“整饬家务迎新春”的理念也为东西方所共有：结清账单、打扫房屋、化解嫌隙，皆为辞旧迎新之举。
当然，春节作为中国传统佳节，其独特性首先体现在日期上。尽管新中国成立后采用公历纪年，但春节始终延续着数千年的农历传统，沿用古老的生肖体系，并结合“五行”文化，承载着人们对新一年的美好期许，成为维系中华传统文化根脉的重要纽带。
我初识春节是在开始学习中文之时，而真正亲身感受春节却要晚得多。跨入千禧年，我受邀参加了德国汉诺威大学中国留学生举办的春节庆祝活动。学校礼堂里，留学生们表演了精彩纷呈的文艺节目，还为到场来宾准备了各式中式点心，吸引了不少德国友人前来体验。
那之后不久，妻子就邀请我同她返回北京老家，让我迎来了人生中第一次在中国过年的经历。我至今还记得当时一家人围坐吃火锅的场景，以及窗外绚烂绽放、令人心潮澎湃的烟花——春节有着专属的声响与气息，让人记忆深刻。最令我欣喜的，是逛地坛庙会。那天虽寒风凛冽，却晴空万里、阳光和煦。庙会现场人潮涌动、暖意融融，糖葫芦、剪纸等春节元素随处可见，处处洋溢着浓浓的喜庆氛围。
在我看来，春节蕴含着不同文明的共通特质，承载着超越国界的普世情感，能够引发全世界人民的心灵共鸣。担任杜塞尔多夫大学孔子学院院长期间，举办春节庆祝活动成为我工作的重要内容之一。春节本就是传播中华优秀传统文化的重要载体，我们也借此契机，汇聚德中友人共庆新春，活动规模与影响力逐年扩大。我坚持每年为春节庆祝活动增加新内容，邀请中国专业艺术团体赴德演出。其中，内蒙古乌兰牧骑精彩表演带来的震撼令人印象尤为深刻。
在这一过程中，我愈发深刻地意识到，中华优秀传统文化并非只是陈列在博物馆中的展品，更在当代生活中以充满活力的新形式不断传承、创新和发展。许多德国朋友告诉我，他们渴望了解当代中国的真实面貌，我也始终致力于将传统与现代交融共生的中国图景呈现给他们。有一年，我特别邀请中阮演奏家冯满天登台献艺。他将现代元素融入传统民乐，让现场观众深切感受到中华传统文化的与时俱进。这正是中华传统文化的核心魅力所在。
当然，除了参加丰富多彩的公共庆祝活动，我们一家人还会在家中欢度春节。妻子包的饺子鲜香可口，深受孩子们的喜爱。对于每一个人而言，春节都是充满温情的，它在烟火气中透着浓浓的团圆之美。
2026年将迎来农历丙午马年。古人云：“骐骥一跃，不能十步；驽马十驾，功在不舍。”审视当下的国际社会，马年的寓意更具现实意义——世上没有立等可取的成果，我们需怀抱耐心、勤勉不懈，坚守规则稳步前行。这种坚韧与务实，或将逐步化解各类冲突，更能凝聚力量、激励世人前行，为世界和平与发展注入正能量。
（作者为德国汉学家，本报记者徐馨采访整理）
守护穿越时空的爱与温暖
米拉·艾哈迈德
春节承载着深厚的文化意蕴，积淀着代代相传、生生不息的丰富历史文化遗产，凝聚着中华传统文化的精髓。它既是缅怀先祖、寻根溯源的重要载体，也是人们传递敬意、传承文脉的重要途径。这种跨越文化与地域疆界的节日情怀，已成为联结人心、增进理解的精神象征，承载着人类对和平与团聚的共同向往。
从事翻译工作让我对中国文化的认知不断加深。我深知，要想真正地读懂中国文化，必先了解中国人的风俗习惯。春节，正是中国人最为珍视的传统节日。
我曾在埃及参与春节庆祝活动，真切感受到跨越国界的喜庆。2017年，第八届“欢乐春节”大庙会在开罗爱资哈尔公园举行。武术的刚健、杂技的精妙、民族舞蹈的灵动、舞龙舞狮的热闹、剪纸书法的雅致、水墨茶艺的清幽，中华传统文化元素齐聚。我如孩童般漫步其间，被这场文化盛宴深深震撼。这正是我一直找寻的，盛满故事与传说、洋溢温暖与欢乐、充满包容与爱的世界。自那以后，每当提及“春节”二字，爱与温暖便会在我心中漾开。
在我眼中，春节象征着新生，寄托着新的开端、新的希望和新的梦想。春节蕴含多元文化内核，以包容、和谐与尊重为特质，既赓续传统根脉，又焕发时代活力。过春节并非单纯的仪式延续或习俗传承，而是在快节奏现代社会中，彰显中华传统文化的精神内核。与家人一起贴春联、吃团圆饭、守岁、拜年，让人们在欢声笑语中相伴相守……中国人民始终坚守春节传统，守护着穿越时空的爱与温暖，为当今世界注入了一种温润可贵的力量。
“春节——中国人庆祝传统新年的社会实践”被列入联合国教科文组织人类非物质文化遗产代表作名录，既凝聚了中华民族的文化认同，更彰显了尊重文明多样性、守护文化遗产的重要意义，为世界文化传承发展提供了宝贵启示。如今，春节庆祝活动在世界各地开展，成为促进文化交流的重要桥梁，生动展现了中华传统文化的深厚底蕴和多元魅力。
搭建文化桥梁不是空洞的口号，而是可感可及的体验，它跨越国界阻隔，以同理心和包容心联结起不同地域的人们，让文明的共鸣直抵人心。中国提出全球文明倡议，呼吁不同文明、文化和民族加强交流互鉴、相互学习。文明因交流而多彩，文明因互鉴而丰富。跨文明的对话交融，是构建相互理解、和平共处世界的关键，既能通过经验共享与多元包容为可持续发展赋能，更能为文明对话开辟崭新视野，为构建人类命运共同体筑牢文化根基。
中国农历马年即将到来，在中国文化中，马象征着勤奋、坚韧与进取。我把自己比作一匹自由奔放的阿拉伯马，在广袤的中国文化天地中驰骋，因为中国文化是我心中的慰藉。我希望自己深耕翻译事业，实现梦想——让优秀的中国文学译作走进更多阿拉伯读者的世界。
（作者为埃及文学翻译家、汉学家、作家，本报记者沈小晓采访整理）
春节，一扇透视文明之窗（权威论坛）
《人民日报》（2026年02月09日第 17 版）
中国农历马年春节即将到来，丰富多彩的春节庆祝活动将在世界各地举行。春节，这一浸润着东方智慧的传统佳节，正在世界舞台搭建起联结不同文明、凝聚不同民族的文化桥梁，成为文明交流互鉴的生动注脚。本期邀请4位外国汉学家，分享他们和春节的故事、对春节文化的独到见解。
传递温和而坚韧的内在力量
阿莉西亚·雷林克
春节究竟承载着怎样的意义？我认为，它更像是一扇透视文明的窗口。透过这扇窗口，既能窥见中国人民对时间、自然、人际关系的理解，也可以触摸到全人类共通的文明底色。
对我而言，春节首先是一个关于时间与生命的节日。中国人民将农历新年定名为“春节”，给我留下深刻印象。因为春天象征着温暖、光明与白昼渐长，但春节却常常降临在一年中最寒冷的时节。后来我逐渐领悟到，这个名字强调的并不是气候意义上的春天，而是寒冬渐退、生命蓄势待发的转折点。这种对自然节律的深刻洞察，与中华传统文化中“万物循环、生生不息”的思想高度契合，也让我学会以更平和包容的视角看待生命的起伏荣枯。
我的春节体验始于上世纪70年代的马德里。那时我刚开始学习中文，曾跟随老师参加一些春节聚会，与西班牙华人共庆佳节。我们分享传统美食，收下寓意吉祥的礼物，还学着把“福”字倒贴，领悟“福到”的美好期许。大约10年后，我在北京与友人共度春节。我们一同筹备年夜饭、包饺子、走亲访友。我至今仍清晰记得，友人的母亲手把手教我捏紧饺子边，告诉我这象征着情谊牢固。
春节的意义不在节庆本身，而在于人与人之间情感联结的重建与升华。阖家团聚、守岁迎新、登门拜年，这些看似寻常的举动，体现着儒家思想中“人是社会性存在”的核心理念。儒家以“仁”为思想与道德的根基，“仁”字由“人”与“二”构成，本身便昭示着人始终存在于与他人的关联之中。春节，正是这种人际伦理意识最集中、最具情感温度的体现。
近年来，我欣喜地看到，春节在西班牙已从华人社群的内部节日，逐步融入当地民众的集体记忆。我所在的格拉纳达市每年都会举办盛大的春节庆祝活动，舞龙舞狮表演多由华裔武术老师指导，参演者以当地人为主，深受喜爱。大家或许未必全然理解每一个符号的深层寓意，但鲜明的色彩、灵动的舞姿、洋溢街头巷尾的喜庆氛围，让春节极易被感知和参与。这种基于情感与体验的文化共鸣，往往更能拉近不同文明的距离。
几乎所有文明，都拥有围绕新年、新生与光明回归的传统节日。尽管不同文化的庆祝形式各异，但其背后的情感内核却高度相通——人类需要在特定时间节点确认彼此的联结，在共同的仪式中汲取慰藉与希望。从这个意义上说，春节具有鲜明的世界性意义。特别是在分歧加剧、对立频发的当下，春节传递着和合、包容与共生理念，通过相聚相伴、分享喜悦、共庆佳节，让人们自然地体悟“共在”的意义。这种温和而坚韧的内在力量，正是当今世界迫切需要的。
“春节——中国人庆祝传统新年的社会实践”被列入联合国教科文组织人类非物质文化遗产代表作名录，其意义远超对这一节日本身的肯定，更在于承认了世界上存在着多样的庆祝方式、多彩的文化传统与多元的文明认知路径。从长远视角看，春节展现的并非一种“他者文化”，而是一种可被理解、可引发共鸣的人类共同经验。它时刻提醒我们，无论身处何种文明，对团聚的渴望、对未来的期盼、对美好生活的向往，都是全人类共通的情感基石。
春节或许可以成为一座连接不同文明的桥梁。在这座桥上，人们不再急于划分“我们”与“他们”，而是先看见彼此作为“人”的共性。这份基于共同情感的联结，正为人类文明交流互鉴提供深远而持久的价值。
（作者为西班牙汉学家，本报记者颜欢采访整理）
天人和谐理念值得广泛传播
巴勃罗·罗维塔
1975年，我17岁，父母将我和妹妹带到北京生活。次年年初，我们一家受邀去父母同事家里过春节。我当时满心诧异：为什么在那么寒冷的冬季里，有一个以“春”为名的节日？这种好奇萦绕心头，让我迫切想探寻春节的“奥秘”。
那年除夕夜，桌上佳肴琳琅满目，大家围坐一起，在欢声笑语中吃着年夜饭，每个人的脸上都洋溢着幸福的笑容。交谈中，我了解到很多关于春节的知识，以及农历的渊源、生肖的寓意等。我们还一起包饺子——这可不是一件容易事，我笨拙地尝试了很多次，竟没有包出一个成形的。之后的半个世纪里，我在中国又度过了许多个春节。即便不在中国，我也会在除夕夜吃上一盘饺子。在我心中，中国早已是我的第二故乡，春节也成为我生命中不可或缺的节日。
春节是中国数十年来翻天覆地发展变化的生动缩影。几十年前，亲友团聚多在家中，春节是人们改善伙食、慰藉辛劳的期盼。如今，春节前后大小餐馆座无虚席，商场超市内民众排队选购礼品，更有不少人借着春节假期在国内外旅游度假。这些变化反映的，是中国经济社会的飞速发展、基础设施的日趋完善和民众生活水平的显著提升。国家的蓬勃发展，为中国人民欢度传统佳节筑牢了物质基础。
春节也印证了中华优秀传统文化旺盛的生命力。这一节日与中国的农历紧密关联，农历中蕴藏着有关宇宙运行与自然规律的深邃智慧，对中国人民从古至今的农事劳作、饮食作息、养生调理等具有重要指导意义。因此，欢庆春节也是中国人民敬畏时序更替、顺应自然规律的生动体现。我想，这正是2024年“春节”申遗成功的重要原因。这种天人和谐的文化理念，值得向世界广泛传播。
在我看来，春节最核心、最独特的文化内涵，在于中国人民对家庭价值的重视。家庭在中国传统社会结构中占据举足轻重的地位，承载着慎终追远、孝亲敬老、慈爱幼辈等深厚的传统价值观。这份情感以家庭为圆心向外辐射，延伸为对邻里、朋友、同事乃至所有人的关怀与善意，升华为对众生的美好期许和对和谐社会的共同向往。当今世界面临诸多冲突与乱象，我们更应持续深耕春节文化中“和合”等核心理念的传播与推广，让其在促进文明交流互鉴、增进相互理解中发挥更大作用。
乌拉圭是与中国相距最为遥远的国家之一，但随着乌中关系持续升温，两国文化交流日益密切，越来越多乌拉圭人开始领略到春节的魅力。除中国驻乌拉圭大使馆举办的各类新春活动外，乌拉圭东南部的东角市、皮里亚波利斯市等旅游城市也会举办盛大的春节庆祝活动。街头巷尾的舞龙舞狮和功夫等表演精彩纷呈，其中不少表演者还是乌拉圭民众，两国人民在欢声笑语中共享春节的吉祥与喜悦。
农历马年即将到来，乌拉圭的国徽中也有马的图案。勤奋、坚韧、进取等精神特质，是乌拉圭、中国以及世界许多国家对马这一文化符号的共同认知。愿新的一年里，这种精神力量能指引我们携手奋勇前行。
（作者为乌拉圭汉学家、作家，本报记者时元皓采访整理）
烟火气中透着浓浓的团圆之美
培高德
在我看来，春节的核心是家庭团聚。在中国，为了过个“团圆年”，大家从各地赶回家乡，造就了蔚为壮观的春运大潮。正如我儿时学过的德国诗句所言：老幼皆应暂别尘世匆忙，只为共享天伦之乐。此外，“整饬家务迎新春”的理念也为东西方所共有：结清账单、打扫房屋、化解嫌隙，皆为辞旧迎新之举。
当然，春节作为中国传统佳节，其独特性首先体现在日期上。尽管新中国成立后采用公历纪年，但春节始终延续着数千年的农历传统，沿用古老的生肖体系，并结合“五行”文化，承载着人们对新一年的美好期许，成为维系中华传统文化根脉的重要纽带。
我初识春节是在开始学习中文之时，而真正亲身感受春节却要晚得多。跨入千禧年，我受邀参加了德国汉诺威大学中国留学生举办的春节庆祝活动。学校礼堂里，留学生们表演了精彩纷呈的文艺节目，还为到场来宾准备了各式中式点心，吸引了不少德国友人前来体验。
那之后不久，妻子就邀请我同她返回北京老家，让我迎来了人生中第一次在中国过年的经历。我至今还记得当时一家人围坐吃火锅的场景，以及窗外绚烂绽放、令人心潮澎湃的烟花——春节有着专属的声响与气息，让人记忆深刻。最令我欣喜的，是逛地坛庙会。那天虽寒风凛冽，却晴空万里、阳光和煦。庙会现场人潮涌动、暖意融融，糖葫芦、剪纸等春节元素随处可见，处处洋溢着浓浓的喜庆氛围。
在我看来，春节蕴含着不同文明的共通特质，承载着超越国界的普世情感，能够引发全世界人民的心灵共鸣。担任杜塞尔多夫大学孔子学院院长期间，举办春节庆祝活动成为我工作的重要内容之一。春节本就是传播中华优秀传统文化的重要载体，我们也借此契机，汇聚德中友人共庆新春，活动规模与影响力逐年扩大。我坚持每年为春节庆祝活动增加新内容，邀请中国专业艺术团体赴德演出。其中，内蒙古乌兰牧骑精彩表演带来的震撼令人印象尤为深刻。
在这一过程中，我愈发深刻地意识到，中华优秀传统文化并非只是陈列在博物馆中的展品，更在当代生活中以充满活力的新形式不断传承、创新和发展。许多德国朋友告诉我，他们渴望了解当代中国的真实面貌，我也始终致力于将传统与现代交融共生的中国图景呈现给他们。有一年，我特别邀请中阮演奏家冯满天登台献艺。他将现代元素融入传统民乐，让现场观众深切感受到中华传统文化的与时俱进。这正是中华传统文化的核心魅力所在。
当然，除了参加丰富多彩的公共庆祝活动，我们一家人还会在家中欢度春节。妻子包的饺子鲜香可口，深受孩子们的喜爱。对于每一个人而言，春节都是充满温情的，它在烟火气中透着浓浓的团圆之美。
2026年将迎来农历丙午马年。古人云：“骐骥一跃，不能十步；驽马十驾，功在不舍。”审视当下的国际社会，马年的寓意更具现实意义——世上没有立等可取的成果，我们需怀抱耐心、勤勉不懈，坚守规则稳步前行。这种坚韧与务实，或将逐步化解各类冲突，更能凝聚力量、激励世人前行，为世界和平与发展注入正能量。
（作者为德国汉学家，本报记者徐馨采访整理）
守护穿越时空的爱与温暖
米拉·艾哈迈德
春节承载着深厚的文化意蕴，积淀着代代相传、生生不息的丰富历史文化遗产，凝聚着中华传统文化的精髓。它既是缅怀先祖、寻根溯源的重要载体，也是人们传递敬意、传承文脉的重要途径。这种跨越文化与地域疆界的节日情怀，已成为联结人心、增进理解的精神象征，承载着人类对和平与团聚的共同向往。
从事翻译工作让我对中国文化的认知不断加深。我深知，要想真正地读懂中国文化，必先了解中国人的风俗习惯。春节，正是中国人最为珍视的传统节日。
我曾在埃及参与春节庆祝活动，真切感受到跨越国界的喜庆。2017年，第八届“欢乐春节”大庙会在开罗爱资哈尔公园举行。武术的刚健、杂技的精妙、民族舞蹈的灵动、舞龙舞狮的热闹、剪纸书法的雅致、水墨茶艺的清幽，中华传统文化元素齐聚。我如孩童般漫步其间，被这场文化盛宴深深震撼。这正是我一直找寻的，盛满故事与传说、洋溢温暖与欢乐、充满包容与爱的世界。自那以后，每当提及“春节”二字，爱与温暖便会在我心中漾开。
在我眼中，春节象征着新生，寄托着新的开端、新的希望和新的梦想。春节蕴含多元文化内核，以包容、和谐与尊重为特质，既赓续传统根脉，又焕发时代活力。过春节并非单纯的仪式延续或习俗传承，而是在快节奏现代社会中，彰显中华传统文化的精神内核。与家人一起贴春联、吃团圆饭、守岁、拜年，让人们在欢声笑语中相伴相守……中国人民始终坚守春节传统，守护着穿越时空的爱与温暖，为当今世界注入了一种温润可贵的力量。
“春节——中国人庆祝传统新年的社会实践”被列入联合国教科文组织人类非物质文化遗产代表作名录，既凝聚了中华民族的文化认同，更彰显了尊重文明多样性、守护文化遗产的重要意义，为世界文化传承发展提供了宝贵启示。如今，春节庆祝活动在世界各地开展，成为促进文化交流的重要桥梁，生动展现了中华传统文化的深厚底蕴和多元魅力。
搭建文化桥梁不是空洞的口号，而是可感可及的体验，它跨越国界阻隔，以同理心和包容心联结起不同地域的人们，让文明的共鸣直抵人心。中国提出全球文明倡议，呼吁不同文明、文化和民族加强交流互鉴、相互学习。文明因交流而多彩，文明因互鉴而丰富。跨文明的对话交融，是构建相互理解、和平共处世界的关键，既能通过经验共享与多元包容为可持续发展赋能，更能为文明对话开辟崭新视野，为构建人类命运共同体筑牢文化根基。
中国农历马年即将到来，在中国文化中，马象征着勤奋、坚韧与进取。我把自己比作一匹自由奔放的阿拉伯马，在广袤的中国文化天地中驰骋，因为中国文化是我心中的慰藉。我希望自己深耕翻译事业，实现梦想——让优秀的中国文学译作走进更多阿拉伯读者的世界。
（作者为埃及文学翻译家、汉学家、作家，本报记者沈小晓采访整理）",国际,https://paper.people.com.cn/rmrb/pc/content/202602/09/../../../content/202602/09/content_30139506.html,2026-02-09,"['春节', '文化', '传统', '文明', '中国', '庆祝', '农历', '中华', '乌拉圭', '马年']","第17版：国际
本版新闻
人民日报2026年02月09日",政治
本版责编：韩秉宸  韩  硕,"第17版：国际
本版新闻
人民日报2026年02月09日
Mon
版式设计：蔡华伟",国际,https://paper.people.com.cn/rmrb/pc/content/202602/09/../../../content/202602/09/content_30139507.html,2026-02-09,"['本版', '责编', '17', '2026', '02', '09', 'Mon', '蔡华伟', '韩秉宸', '版式']","第17版：国际
本版新闻
人民日报2026年02月09日",国际
“带押改建”试点带来的启示（财经观）,"第18版：财经
本版新闻
人民日报2026年02月09日
Mon
原拆原建、重打地基、加装电梯……春节前夕，北京市西城区一栋住宅楼完成改造，这栋老楼的居民陆续住进“新家”。值得一提的是，这处危旧楼改建项目试点探索“带押改建”，部分居民申请到全国首创的个人住房改建贷款，为项目顺利推进起到重要作用。
危旧楼改造，居民是主要出资方之一。有的居民短时间难以拿出这笔钱，想通过抵押房产获得贷款。但原拆原建过程中，房屋一旦拆除，抵押物即灭失，银行和居民将陷入存量贷款“必须收”而新增融资“不能放”的困境。对此，北京金融监管局会同市规自委、住建委等拟定“带押改建”流程，指导银行与不动产登记部门紧密协作，及时与居民签署抵押物变更等协议，连通贷款“断点”，居民更好享受到危旧楼改造政策红利。
“微改革”暖民心，还撬动“大发展”。手头不宽裕的家庭有了资金保障，顺利参与改建，楼体老化、管线混乱等安全隐患有效解决，住户圆了“安居梦”。同时，这项试点为北京市乃至全国范围城市更新同类项目提供可借鉴经验。城市更新进程中，老旧小区改造拉动投资潜能巨大。解决危旧楼原拆原建资金难题、提升居民参与积极性，有望进一步促进区域固定资产投资增长，带动上下游产业发展，既有民生温度，又增发展活力。
住房品质关乎千家万户的幸福感。稳步推进城中村和危旧房改造，是提升百姓住房品质的题中应有之义，亦是推动城市高质量发展的重要部署安排。“致广大而尽精微”，如何将好政策落实落细、推动政策发力显效？从百姓关心事、烦心事上破题求解，是重要的工作抓手、改革方向。“一枝一叶总关情”，推进城市更新过程中，人民有所呼，改革有所应，民生工程更将办成民心工程，更好满足百姓对美好生活的期盼。
把好事办好，既要问需于民、对症下药，解决好政策落地“堵点”“卡点”，也离不开各方拧成“一股绳”。个人消费贷财政贴息政策优化，银行完善服务流程，消费行为智能识别、贷款利息自动扣减；落实好研发费用加计扣除政策，河北税务部门联合科技部门等推出自动化费用归集等服务，扩大研发项目“事前鉴定”试点；医保、商保、院方加强数据共享，为患者提供“无感理赔”……种种实践表明，各领域、各环节加强协同配合，政策“红包”方能精准到位，切实转化成民生福祉、发展动能。
进一步全面深化改革、推动高质量发展，既要大处着眼，加强顶层设计，也需小处着手，探索“微改革”、抓政策落实。聚焦急难愁盼、锚定发展堵点，各部门、各领域密切协作，坚持“问题导向”，用发展和改革的办法一题接着一题解、一茬接着一茬干，定能增进更多民生福祉，以百姓获得感激发更强发展动能。
“带押改建”试点带来的启示（财经观）
屈信明《人民日报》（2026年02月09日第 18 版）
原拆原建、重打地基、加装电梯……春节前夕，北京市西城区一栋住宅楼完成改造，这栋老楼的居民陆续住进“新家”。值得一提的是，这处危旧楼改建项目试点探索“带押改建”，部分居民申请到全国首创的个人住房改建贷款，为项目顺利推进起到重要作用。
危旧楼改造，居民是主要出资方之一。有的居民短时间难以拿出这笔钱，想通过抵押房产获得贷款。但原拆原建过程中，房屋一旦拆除，抵押物即灭失，银行和居民将陷入存量贷款“必须收”而新增融资“不能放”的困境。对此，北京金融监管局会同市规自委、住建委等拟定“带押改建”流程，指导银行与不动产登记部门紧密协作，及时与居民签署抵押物变更等协议，连通贷款“断点”，居民更好享受到危旧楼改造政策红利。
“微改革”暖民心，还撬动“大发展”。手头不宽裕的家庭有了资金保障，顺利参与改建，楼体老化、管线混乱等安全隐患有效解决，住户圆了“安居梦”。同时，这项试点为北京市乃至全国范围城市更新同类项目提供可借鉴经验。城市更新进程中，老旧小区改造拉动投资潜能巨大。解决危旧楼原拆原建资金难题、提升居民参与积极性，有望进一步促进区域固定资产投资增长，带动上下游产业发展，既有民生温度，又增发展活力。
住房品质关乎千家万户的幸福感。稳步推进城中村和危旧房改造，是提升百姓住房品质的题中应有之义，亦是推动城市高质量发展的重要部署安排。“致广大而尽精微”，如何将好政策落实落细、推动政策发力显效？从百姓关心事、烦心事上破题求解，是重要的工作抓手、改革方向。“一枝一叶总关情”，推进城市更新过程中，人民有所呼，改革有所应，民生工程更将办成民心工程，更好满足百姓对美好生活的期盼。
把好事办好，既要问需于民、对症下药，解决好政策落地“堵点”“卡点”，也离不开各方拧成“一股绳”。个人消费贷财政贴息政策优化，银行完善服务流程，消费行为智能识别、贷款利息自动扣减；落实好研发费用加计扣除政策，河北税务部门联合科技部门等推出自动化费用归集等服务，扩大研发项目“事前鉴定”试点；医保、商保、院方加强数据共享，为患者提供“无感理赔”……种种实践表明，各领域、各环节加强协同配合，政策“红包”方能精准到位，切实转化成民生福祉、发展动能。
进一步全面深化改革、推动高质量发展，既要大处着眼，加强顶层设计，也需小处着手，探索“微改革”、抓政策落实。聚焦急难愁盼、锚定发展堵点，各部门、各领域密切协作，坚持“问题导向”，用发展和改革的办法一题接着一题解、一茬接着一茬干，定能增进更多民生福祉，以百姓获得感激发更强发展动能。",财经,https://paper.people.com.cn/rmrb/pc/content/202602/09/../../../content/202602/09/content_30139508.html,2026-02-09,"['改建', '旧楼', '居民', '政策', '原建', '带押', '改造', '发展', '试点', '民生']","第18版：财经
本版新闻
人民日报2026年02月09日",政治
从外贸万亿大省看韧性与活力（财经深一度）,"第18版：财经
本版新闻
人民日报2026年02月09日
Mon
2025年，我国货物贸易进出口总值达45.47万亿元，同比增长3.8%，继续保持全球货物贸易第一大国地位。各省份充分发挥区位优势，立足资源禀赋，积极为我国进出口稳步发展作出贡献。外贸“成绩单”，彰显出中国经济的韧性与活力。
产业升级筑牢外贸新根基
阿根廷萨拉特港，比亚迪自有新能源汽车运输船“常州号”驶抵，5800多辆新能源汽车随船抵达。这是阿根廷历史上单次到港规模最大的中国品牌电动汽车进口，也是中国车企首次以自营船队、直营模式、全系产品组合方式系统性进入阿根廷市场。
外贸高质量发展的核心底气，源于产业竞争力的迭代升级。作为“中国外贸第一省”，2025年广东以9.49万亿元的进出口规模连续40年领跑全国。曾经以“广货”为代名词的轻工产品，如今已迭代为电子信息、高端装备等“新广货”矩阵，“高端化突破”成为鲜明特征。2025年，广东高技术产品出口首次突破1万亿元，达到1.14万亿元。
在江苏江阴综合保税区，远景能源有限公司36支风电叶片在这里起运，即将发往海外。江苏外贸转型路径呈现“集群化升级”特征，2025年该省机电产品出口比重首超七成，电工器材、船舶等优势产品持续领跑。
在浙江义乌，第六代市场的核心标志性项目——义乌全球数贸中心建成投用。2025年，义乌中国小商品城市场预计抽样成交额超3200亿元，日均外商超4000人，创10年新高。2025年，浙江外贸进出口规模达到5.55万亿元，“数字化转型”成为浙江外贸的鲜明标签。
“2025年，广东、江苏、浙江、上海、山东、北京、福建7省市合计进出口34.11万亿元，贡献了我国一半以上的外贸增量，有力稳住外贸基本盘。”商务部研究院副研究员姜照说，透过这份外贸“成绩单”不难发现，我国出口从“数量扩张”逐步向“数量扩张和质量提升并重”转变，高技术产品成为贸易增长的引领力量，技术密集型产品贡献率持续加大。
市场布局构建抗风险新生态
全球贸易环境的复杂多变，倒逼各地加速国际市场多元化布局。我国外贸企业深化传统市场合作、拓展新兴市场空间，有效分散了单一市场的波动风险，为外贸增长开辟了新的增量空间。
经过14天横贯亚欧大陆的长途跋涉，今年从粤港澳大湾区开出的首趟中欧班列顺利抵达波兰马拉舍维奇，110个标准集装箱装满了电子产品、日用百货等商品。这其中，TCL的半导体显示面板和其他关键零部件是本次班列的重头货物，这批货物一靠站即迅速被转运到位于日拉尔杜夫的TCL电视机工厂。
“企业近年来致力于从输出产品转变为输出工业能力，将中国制造的产业优势延伸到全球主要市场，与当地合作伙伴共同构建更加开放、协同、共赢的全球创新合作生态。”TCL创始人、董事长李东生说。
广东的国际市场布局呈现“传统市场稳盘、新兴市场破局”的特征。2025年，广东对东盟、欧盟、中国香港三大贸易伙伴进出口均突破万亿元；对共建“一带一路”国家进出口达3.66万亿元，增长5%。
浙江的国际市场拓展以“新兴市场”为主角，展现出强大的市场适配能力。2025年，东盟首次超越欧盟成为浙江第一大贸易伙伴，进出口8690.7亿元，增长16.5%。义乌小商品通过“义新欧”班列，直达中亚、欧洲的20多个国家，形成了“买全球、卖全球”的小商品贸易网络。
上海作为国际航运中心，市场布局凸显“枢纽辐射+全球配置”优势。2025年，上海对共建“一带一路”国家进出口增长12.1%，通过中欧班列、远洋航线的联动，成为连接国内国际两个市场的重要节点。
多重挑战下，中国外贸结构不断优化、市场多元化迈出新步伐，殊为不易。
姜照表示，身处瞬息万变的国际市场，越来越多外贸企业积极求变、把握主动，多元化的国际市场渠道为企业提供了风险缓冲，也为产品向高端品牌方向转型升级搭建了平台。中国正用扩大进口的满满诚意、“你中有我”的共赢格局，为世界经贸合作提供宝贵的稳定性和确定性。
新业态打通中小企业出海新通道
“一睁眼，微信就有上百条留言，全是催报关的。”这段时间，义乌瑞祥报关公司业务经理李世斌每天早上都要赶到义乌港的监管场地，一边核对集装箱报关单，一边协调集卡车提箱。外贸订单激增，一线争分夺秒，这是义乌外贸人在春节前的写照。
在数字技术赋能、物流体系升级、政策环境优化的助力下，我国外贸企业打破了传统贸易的时空限制，更多企业能够参与全球竞争。
以“高端服务提质+制度开放破局”为核心，上海2025年服务贸易再攀新高。全年服务贸易收支总额超2500亿美元，同比增长2.2%，占全国比重接近30%，持续稳居全国首位。其中，依托数字技术、知识密集型要素，为生产制造和商业运营提供中间服务的新兴生产性服务贸易的发展呈现良好态势。
江苏的创新路径呈现“产业电商+供应链金融”的协同效应。苏州打造的跨境电商综合服务平台，整合了报关、物流、退税、融资等全流程服务，2025年带动中小企业跨境电商出口增长35%。
浙江的业态创新以“数字贸易+市场采购”为双引擎。作为全国数字经济先发省份，2025年，浙江市场采购、跨境电商、保税维修等新业态合计出口超9000亿元，居全国首位。
我国外贸经营主体不断投身新业态，以科技创新激发外贸新动能，在多重挑战下迈出了高质量、多元化的新步伐。专家表示，要继续加快发展跨境电商、海外仓、市场采购贸易等新业态新模式，开拓贸易新空间。
我国外贸高质量发展不是单一维度的提升，而是产业升级、市场多元、业态创新的系统性变革。当前我国面临的外部环境发生深刻复杂的变化，但外贸发展仍然具备诸多有利的条件。近日广东启动了声势浩大的“广货行天下”活动，助力外贸企业拓市场、强产业、树品牌是其主要内容，包括江浙沪在内的国内其他外贸大省稳外贸、稳增长的措施也纷纷出台。
“我国贸易创新发展步伐更加坚实、优势更加彰显、贸易伙伴更加多元、发展韧性更加强劲，将为全球经贸发展注入更多确定性。”广东省社会科学院改革开放与现代化研究所研究员廖炳光说。
从外贸万亿大省看韧性与活力（财经深一度）
本报记者  李  刚  沈文敏  王伟健  窦瀚洋《人民日报》（2026年02月09日第 18 版）
2025年，我国货物贸易进出口总值达45.47万亿元，同比增长3.8%，继续保持全球货物贸易第一大国地位。各省份充分发挥区位优势，立足资源禀赋，积极为我国进出口稳步发展作出贡献。外贸“成绩单”，彰显出中国经济的韧性与活力。
产业升级筑牢外贸新根基
阿根廷萨拉特港，比亚迪自有新能源汽车运输船“常州号”驶抵，5800多辆新能源汽车随船抵达。这是阿根廷历史上单次到港规模最大的中国品牌电动汽车进口，也是中国车企首次以自营船队、直营模式、全系产品组合方式系统性进入阿根廷市场。
外贸高质量发展的核心底气，源于产业竞争力的迭代升级。作为“中国外贸第一省”，2025年广东以9.49万亿元的进出口规模连续40年领跑全国。曾经以“广货”为代名词的轻工产品，如今已迭代为电子信息、高端装备等“新广货”矩阵，“高端化突破”成为鲜明特征。2025年，广东高技术产品出口首次突破1万亿元，达到1.14万亿元。
在江苏江阴综合保税区，远景能源有限公司36支风电叶片在这里起运，即将发往海外。江苏外贸转型路径呈现“集群化升级”特征，2025年该省机电产品出口比重首超七成，电工器材、船舶等优势产品持续领跑。
在浙江义乌，第六代市场的核心标志性项目——义乌全球数贸中心建成投用。2025年，义乌中国小商品城市场预计抽样成交额超3200亿元，日均外商超4000人，创10年新高。2025年，浙江外贸进出口规模达到5.55万亿元，“数字化转型”成为浙江外贸的鲜明标签。
“2025年，广东、江苏、浙江、上海、山东、北京、福建7省市合计进出口34.11万亿元，贡献了我国一半以上的外贸增量，有力稳住外贸基本盘。”商务部研究院副研究员姜照说，透过这份外贸“成绩单”不难发现，我国出口从“数量扩张”逐步向“数量扩张和质量提升并重”转变，高技术产品成为贸易增长的引领力量，技术密集型产品贡献率持续加大。
市场布局构建抗风险新生态
全球贸易环境的复杂多变，倒逼各地加速国际市场多元化布局。我国外贸企业深化传统市场合作、拓展新兴市场空间，有效分散了单一市场的波动风险，为外贸增长开辟了新的增量空间。
经过14天横贯亚欧大陆的长途跋涉，今年从粤港澳大湾区开出的首趟中欧班列顺利抵达波兰马拉舍维奇，110个标准集装箱装满了电子产品、日用百货等商品。这其中，TCL的半导体显示面板和其他关键零部件是本次班列的重头货物，这批货物一靠站即迅速被转运到位于日拉尔杜夫的TCL电视机工厂。
“企业近年来致力于从输出产品转变为输出工业能力，将中国制造的产业优势延伸到全球主要市场，与当地合作伙伴共同构建更加开放、协同、共赢的全球创新合作生态。”TCL创始人、董事长李东生说。
广东的国际市场布局呈现“传统市场稳盘、新兴市场破局”的特征。2025年，广东对东盟、欧盟、中国香港三大贸易伙伴进出口均突破万亿元；对共建“一带一路”国家进出口达3.66万亿元，增长5%。
浙江的国际市场拓展以“新兴市场”为主角，展现出强大的市场适配能力。2025年，东盟首次超越欧盟成为浙江第一大贸易伙伴，进出口8690.7亿元，增长16.5%。义乌小商品通过“义新欧”班列，直达中亚、欧洲的20多个国家，形成了“买全球、卖全球”的小商品贸易网络。
上海作为国际航运中心，市场布局凸显“枢纽辐射+全球配置”优势。2025年，上海对共建“一带一路”国家进出口增长12.1%，通过中欧班列、远洋航线的联动，成为连接国内国际两个市场的重要节点。
多重挑战下，中国外贸结构不断优化、市场多元化迈出新步伐，殊为不易。
姜照表示，身处瞬息万变的国际市场，越来越多外贸企业积极求变、把握主动，多元化的国际市场渠道为企业提供了风险缓冲，也为产品向高端品牌方向转型升级搭建了平台。中国正用扩大进口的满满诚意、“你中有我”的共赢格局，为世界经贸合作提供宝贵的稳定性和确定性。
新业态打通中小企业出海新通道
“一睁眼，微信就有上百条留言，全是催报关的。”这段时间，义乌瑞祥报关公司业务经理李世斌每天早上都要赶到义乌港的监管场地，一边核对集装箱报关单，一边协调集卡车提箱。外贸订单激增，一线争分夺秒，这是义乌外贸人在春节前的写照。
在数字技术赋能、物流体系升级、政策环境优化的助力下，我国外贸企业打破了传统贸易的时空限制，更多企业能够参与全球竞争。
以“高端服务提质+制度开放破局”为核心，上海2025年服务贸易再攀新高。全年服务贸易收支总额超2500亿美元，同比增长2.2%，占全国比重接近30%，持续稳居全国首位。其中，依托数字技术、知识密集型要素，为生产制造和商业运营提供中间服务的新兴生产性服务贸易的发展呈现良好态势。
江苏的创新路径呈现“产业电商+供应链金融”的协同效应。苏州打造的跨境电商综合服务平台，整合了报关、物流、退税、融资等全流程服务，2025年带动中小企业跨境电商出口增长35%。
浙江的业态创新以“数字贸易+市场采购”为双引擎。作为全国数字经济先发省份，2025年，浙江市场采购、跨境电商、保税维修等新业态合计出口超9000亿元，居全国首位。
我国外贸经营主体不断投身新业态，以科技创新激发外贸新动能，在多重挑战下迈出了高质量、多元化的新步伐。专家表示，要继续加快发展跨境电商、海外仓、市场采购贸易等新业态新模式，开拓贸易新空间。
我国外贸高质量发展不是单一维度的提升，而是产业升级、市场多元、业态创新的系统性变革。当前我国面临的外部环境发生深刻复杂的变化，但外贸发展仍然具备诸多有利的条件。近日广东启动了声势浩大的“广货行天下”活动，助力外贸企业拓市场、强产业、树品牌是其主要内容，包括江浙沪在内的国内其他外贸大省稳外贸、稳增长的措施也纷纷出台。
“我国贸易创新发展步伐更加坚实、优势更加彰显、贸易伙伴更加多元、发展韧性更加强劲，将为全球经贸发展注入更多确定性。”广东省社会科学院改革开放与现代化研究所研究员廖炳光说。",财经,https://paper.people.com.cn/rmrb/pc/content/202602/09/../../../content/202602/09/content_30139509.html,2026-02-09,"['外贸', '2025', '市场', '贸易', '义乌', '进出口', '电商', '万亿元', '业态', '我国']","第18版：财经
本版新闻
人民日报2026年02月09日",政治
何以安徽？,"第18版：财经
本版新闻
人民日报2026年02月09日
Mon
走进联宝（合肥）电子科技有限公司生产车间，员工们正在组装笔记本电脑，这里是联想全球最大的智能计算设备研发和制造基地。联宝科技首席执行官丁晓辉说，2025年，联宝科技进出口额达152亿美元，同比增长56%。
合肥海关发布数据显示，2025年安徽全省货物贸易进出口额突破万亿元大关，达10135.6亿元、增长17.3%，成为中部地区第一个、全国第九个外贸站上万亿元台阶的省份。2025年安徽对全国外贸增长贡献率达9.0%，贡献创历史最高。
何以安徽？许多人心里都有这个疑问。
剖析安徽外贸的“万亿”结构，转型升级的轨迹清晰可见。近年来，安徽全力打造“2+2+N”外向型产业矩阵，即汽车及零部件、电子信息两个出口千亿级产业，绿色低碳、装备制造两个出口500亿级产业，智能家居、新材料等N个出口百亿级产业。2025年，汽车整车出口122.8万辆、增长28.7%，出口量稳居全国第一，其中电动汽车出口608.5亿元、增长3.2倍。电动汽车、锂离子电池、光伏等“新三样”出口1018.3亿元、增长1.1倍，出口值居全国第六位。
外贸增长离不开交通物流通达四方。货车川流，塔吊起落，合肥港派河国际物流园内一派繁忙。码头前，一艘满载比亚迪、大众等品牌新能源汽车的滚装船蓄势待发……安徽省派河港国际物流有限公司副总经理王朋介绍，通过“水水中转”，这艘货船将在上海港与国际班轮无缝对接。
安徽支持省港航集团联合奇瑞等汽车企业组建国际滚装公司，运营3艘7000车位远洋滚装船和5艘内河滚装船。“针对新能源汽车整车滚装出口、成套散件集装箱出口等不同需求，我们量身定制监管方案，优化出口锂电池检验监管模式，持续提高通关效率，降低通关成本。”合肥海关关长周荣球说。
承东启西、连南接北……安徽积极构建多层次、广覆盖的“水陆空”立体化国际物流大通道。大力发展江海联运对外大通道，累计开通运营水路集装箱航线69条。2025年中欧班列（合肥）发运量1002标准列、增长10.3%。
支撑外贸稳健前行的，是日益活跃的外贸主体。2025年，安徽有进出口实绩的外贸经营主体达14890家。“我们投入100多亿元，在长丰新建3条生产线，满产后日产轮胎9万条，其中出口占比20%以上。”安徽佳通乘用子午线轮胎有限公司副总经理喻能高说。
截至目前，来自110多个国家和地区的投资者在皖设立外资企业超过5000家，2025年安徽实际使用外资增长23.9%，增速居全国第一位。与此同时，900多家皖企备案在海外设立1540家境外企业，2025年对外投资达到30.5亿美元，增长17.5%。
“安徽将聚焦打造具有重要影响力的改革开放新高地，坚持以开放促改革促发展，深入实施外贸提质增效行动，进一步拓展双向投资合作空间，推动开放型经济发展迈上新台阶。”安徽省商务厅厅长孙东海说。
安徽成为全国第九个进出口总值突破万亿元省份
何以安徽？
本报记者  韩俊杰《人民日报》（2026年02月09日第 18 版）
走进联宝（合肥）电子科技有限公司生产车间，员工们正在组装笔记本电脑，这里是联想全球最大的智能计算设备研发和制造基地。联宝科技首席执行官丁晓辉说，2025年，联宝科技进出口额达152亿美元，同比增长56%。
合肥海关发布数据显示，2025年安徽全省货物贸易进出口额突破万亿元大关，达10135.6亿元、增长17.3%，成为中部地区第一个、全国第九个外贸站上万亿元台阶的省份。2025年安徽对全国外贸增长贡献率达9.0%，贡献创历史最高。
何以安徽？许多人心里都有这个疑问。
剖析安徽外贸的“万亿”结构，转型升级的轨迹清晰可见。近年来，安徽全力打造“2+2+N”外向型产业矩阵，即汽车及零部件、电子信息两个出口千亿级产业，绿色低碳、装备制造两个出口500亿级产业，智能家居、新材料等N个出口百亿级产业。2025年，汽车整车出口122.8万辆、增长28.7%，出口量稳居全国第一，其中电动汽车出口608.5亿元、增长3.2倍。电动汽车、锂离子电池、光伏等“新三样”出口1018.3亿元、增长1.1倍，出口值居全国第六位。
外贸增长离不开交通物流通达四方。货车川流，塔吊起落，合肥港派河国际物流园内一派繁忙。码头前，一艘满载比亚迪、大众等品牌新能源汽车的滚装船蓄势待发……安徽省派河港国际物流有限公司副总经理王朋介绍，通过“水水中转”，这艘货船将在上海港与国际班轮无缝对接。
安徽支持省港航集团联合奇瑞等汽车企业组建国际滚装公司，运营3艘7000车位远洋滚装船和5艘内河滚装船。“针对新能源汽车整车滚装出口、成套散件集装箱出口等不同需求，我们量身定制监管方案，优化出口锂电池检验监管模式，持续提高通关效率，降低通关成本。”合肥海关关长周荣球说。
承东启西、连南接北……安徽积极构建多层次、广覆盖的“水陆空”立体化国际物流大通道。大力发展江海联运对外大通道，累计开通运营水路集装箱航线69条。2025年中欧班列（合肥）发运量1002标准列、增长10.3%。
支撑外贸稳健前行的，是日益活跃的外贸主体。2025年，安徽有进出口实绩的外贸经营主体达14890家。“我们投入100多亿元，在长丰新建3条生产线，满产后日产轮胎9万条，其中出口占比20%以上。”安徽佳通乘用子午线轮胎有限公司副总经理喻能高说。
截至目前，来自110多个国家和地区的投资者在皖设立外资企业超过5000家，2025年安徽实际使用外资增长23.9%，增速居全国第一位。与此同时，900多家皖企备案在海外设立1540家境外企业，2025年对外投资达到30.5亿美元，增长17.5%。
“安徽将聚焦打造具有重要影响力的改革开放新高地，坚持以开放促改革促发展，深入实施外贸提质增效行动，进一步拓展双向投资合作空间，推动开放型经济发展迈上新台阶。”安徽省商务厅厅长孙东海说。",财经,https://paper.people.com.cn/rmrb/pc/content/202602/09/../../../content/202602/09/content_30139510.html,2026-02-09,"['2025', '安徽', '外贸', '出口', '增长', '合肥', '联宝', '滚装船', '全国', '汽车']","第18版：财经
本版新闻
人民日报2026年02月09日",政治
完善面向未来产业的要素供给体系（财经茶座）,"第18版：财经
本版新闻
人民日报2026年02月09日
Mon
习近平总书记指出，“未来产业培育周期长、市场风险大，政策上要支持，政府要做好服务。要完善财税等政策，大力发展科技金融，全方位做好人才培养、引进、使用工作”。构建资本、人才、数据、政策等全方位要素供给体系，是推动未来产业突破发展、加速形成新质生产力的关键。
未来产业要求资本、人才等传统要素实现内涵升级，数据、政策等新型要素发挥关键作用。未来产业发展周期长、风险高，要求资本具备耐心以陪伴企业跨越成长周期，同时具有容错能力，接纳不确定性，以少数成功获取长期投资收益。未来产业依赖技术的原始创新，要求人才具备跨学科创造力和打破框架的突破能力。高质量数据是人工智能等技术的基础并深刻影响其应用效能，数据的高效流通能促进跨领域协同创新。政策需实现包容创新与风险防控的动态平衡。要坚持包容审慎监管，鼓励技术探索、宽容创新失败，完善容错纠错机制，为未来产业创新发展营造宽松有序的环境。
我国在未来产业要素供给方面取得初步成效，但仍面临多重挑战。一是资本矩阵初步构建，但仍面临长期耐心资本不足，资本周期与产业周期错配等问题。二是人才引培体系加速形成，但仍面临复合型人才短缺、评价机制对长周期高风险研究包容性不够等困境。三是数据要素顶层设计基本成形，但数据资产化受产权界定不清制约，跨机构共享存在利益、标准与信任障碍。四是产业政策不断创新，但仍面临传统监管对创新不确定性包容不足等挑战。
政策营造包容安全的制度环境，资本引导资源向高潜力领域集聚，数据赋能智能创新与产业协同，人才引领技术突破到产业升级，共同构建适配未来产业的要素供给体系。一是以敏捷治理的政策优化环境。推行“监管沙盒”与负面清单管理，建立动态规则生成机制。构建以战略价值为核心的容错考核体系，配套尽职免责条款。引导错位发展，建立跨省市产业链共建机制，破解同质化与资源碎片化问题。二是以长期陪伴的资本牵引资源。加大财政对基础研究的支持，鼓励社保等长期资金加大配置。对政府引导基金实施分段考核，对成功培育未来产业核心企业的基金给予奖励。加强对各地产业基金的引导，支持专业化投资。三是以高效流动的优质数据筑牢底座。以场景应用驱动流通，在重点领域建设行业数据空间。强化数据质量与标准化建设。支持隐私计算等技术应用，推动数据“可用不可见”。四是以创新涌流的人才决胜未来。推行学科交叉与项目实践融合模式育才，快速培养复合型人才。建立以创新价值为核心的激励体系用才，优化股权税收政策，使智力回报匹配市场价值。
（作者为中国电子信息产业发展研究院院长）
完善面向未来产业的要素供给体系（财经茶座）
张  立《人民日报》（2026年02月09日第 18 版）
习近平总书记指出，“未来产业培育周期长、市场风险大，政策上要支持，政府要做好服务。要完善财税等政策，大力发展科技金融，全方位做好人才培养、引进、使用工作”。构建资本、人才、数据、政策等全方位要素供给体系，是推动未来产业突破发展、加速形成新质生产力的关键。
未来产业要求资本、人才等传统要素实现内涵升级，数据、政策等新型要素发挥关键作用。未来产业发展周期长、风险高，要求资本具备耐心以陪伴企业跨越成长周期，同时具有容错能力，接纳不确定性，以少数成功获取长期投资收益。未来产业依赖技术的原始创新，要求人才具备跨学科创造力和打破框架的突破能力。高质量数据是人工智能等技术的基础并深刻影响其应用效能，数据的高效流通能促进跨领域协同创新。政策需实现包容创新与风险防控的动态平衡。要坚持包容审慎监管，鼓励技术探索、宽容创新失败，完善容错纠错机制，为未来产业创新发展营造宽松有序的环境。
我国在未来产业要素供给方面取得初步成效，但仍面临多重挑战。一是资本矩阵初步构建，但仍面临长期耐心资本不足，资本周期与产业周期错配等问题。二是人才引培体系加速形成，但仍面临复合型人才短缺、评价机制对长周期高风险研究包容性不够等困境。三是数据要素顶层设计基本成形，但数据资产化受产权界定不清制约，跨机构共享存在利益、标准与信任障碍。四是产业政策不断创新，但仍面临传统监管对创新不确定性包容不足等挑战。
政策营造包容安全的制度环境，资本引导资源向高潜力领域集聚，数据赋能智能创新与产业协同，人才引领技术突破到产业升级，共同构建适配未来产业的要素供给体系。一是以敏捷治理的政策优化环境。推行“监管沙盒”与负面清单管理，建立动态规则生成机制。构建以战略价值为核心的容错考核体系，配套尽职免责条款。引导错位发展，建立跨省市产业链共建机制，破解同质化与资源碎片化问题。二是以长期陪伴的资本牵引资源。加大财政对基础研究的支持，鼓励社保等长期资金加大配置。对政府引导基金实施分段考核，对成功培育未来产业核心企业的基金给予奖励。加强对各地产业基金的引导，支持专业化投资。三是以高效流动的优质数据筑牢底座。以场景应用驱动流通，在重点领域建设行业数据空间。强化数据质量与标准化建设。支持隐私计算等技术应用，推动数据“可用不可见”。四是以创新涌流的人才决胜未来。推行学科交叉与项目实践融合模式育才，快速培养复合型人才。建立以创新价值为核心的激励体系用才，优化股权税收政策，使智力回报匹配市场价值。
（作者为中国电子信息产业发展研究院院长）",财经,https://paper.people.com.cn/rmrb/pc/content/202602/09/../../../content/202602/09/content_30139511.html,2026-02-09,"['产业', '人才', '数据', '创新', '要素', '未来', '资本', '包容', '容错', '体系']","第18版：财经
本版新闻
人民日报2026年02月09日",政治
本版责编：葛孟超,"第18版：财经
本版新闻
人民日报2026年02月09日
Mon
版式设计：张丹峰",财经,https://paper.people.com.cn/rmrb/pc/content/202602/09/../../../content/202602/09/content_30139512.html,2026-02-09,"['本版', '责编', '18', '2026', '02', '09', 'Mon', '张丹峰', '葛孟超', '版式']","第18版：财经
本版新闻
人民日报2026年02月09日",其他
出发，去月球！（“咖”说科技）,"第19版：科技
本版新闻
人民日报2026年02月09日
Mon
“出发，去月球！”
这声呼唤，穿越漫长岁月，凝结着人类对这位地球近邻永恒的好奇与梦想。而今，随着新一轮探月热潮在全球兴起，这句“去月球”已不再仅仅是浪漫的诗意表达，更成为科技前沿竞相追逐、国家实力与创新精神交汇的生动实践。
回望来路，眺望前路，月球探索的每一步跨越，无不深深镌刻着人类勇于突破、协同创新的印记。
从中国古代《周髀算经》以惊人精度测算月行周期，到伽利略用望远镜揭开月表地貌的初步面纱，认识的工具从肉眼走向光学仪器，实现了天文学的第一次革命。我们逐渐知晓，地球对月球的引力不均匀，产生潮汐力；在地球上只能看到月球的“正面”，永远看不到神秘的“背面”……尤其是月球南极那些终年不见阳光的永久阴影区，被认为是可能存在古老水冰的“宝藏之地”，吸引着人类探索的目光。从模糊到清晰，从表象到本质，这些认知的积累，本身就是一部不断质疑、求证与创新的科学史。
真正的“去月球”，则需要将仰望星空的梦想，转化为脚踏实地乃至跨越地月空间的复杂科技工程。进入21世纪，中国探月工程“嫦娥”系列稳步推进。嫦娥一号绕月测绘，嫦娥三号携“玉兔”落月巡视，嫦娥四号实现人类首次月背软着陆，嫦娥五号从月球正面采样返回，中国航天人精心谋划，扎实走好了“绕、落、回”的每一步。特别是嫦娥六号成功实现世界首次月背采样返回，被国际科学界视为“触摸到月球‘黑暗面’的真实地质档案”。中国的探月之路，不仅取得了举世瞩目的成就，更铸就了“追逐梦想、勇于探索、协同攻坚、合作共赢”的探月精神，为人类月球科学知识宝库作出了重要贡献。
展望未来，“去月球”的目标变得更加具体，创新合作的模式也更为多元。2023年，我国宣布载人登月任务规划，长征十号火箭、梦舟飞船、揽月着陆器等关键系统研制正稳步推进，计划在2030年前实现中国人首次登月。另一个显著的新趋势是商业航天力量的加入。目前，我国商业航天蓬勃发展，海南商业航天发射场一、二号发射工位已经建成投用，覆盖产业链的上中下游规模持续扩大。
同时，我们也要清醒地看到，无论是建立月球家园，还是开发潜在资源，背后都需要综合国力与一系列关键技术的坚实支撑。从运载火箭技术，到月球探测轨道；从探测器的“太空平衡术”，到月背寻宝的“AI慧眼”，每一个环节都呼唤着基础研究、工程技术与管理模式的持续创新。这要求我们不仅要有“出发”的勇气，更要有久久为功的定力，以及跨领域、跨机构乃至跨国界的协同攻坚能力。
星空浩瀚无比，探索永无止境。“月球不是终点，而是人类星际航行的起点。”当伽利略的第一架望远镜变身为今天的月球探测器，当美国阿波罗飞船的登月足迹延展至新一轮的探月热潮，人类在探索路上不断创新、进步。也许在不久的将来，月球上会出现第一个人类定居点；也许曾在“流动科学课”上种下科学梦想的小朋友们，会成为月球基地的常驻科学家。今天我们站在地球上呼喊：“出发，去月球！”未来，人类很可能在月面上按下点火发射的按钮，呼喊：“出发，飞往更远的深空！”
每一次伟大的出发，都始于当下坚实的脚步。
（作者为北京航空航天大学宇航学院教授、神舟十六号乘组航天员，本报记者杨远帆整理）
出发，去月球！（“咖”说科技）
桂海潮《人民日报》（2026年02月09日第 19 版）
“出发，去月球！”
这声呼唤，穿越漫长岁月，凝结着人类对这位地球近邻永恒的好奇与梦想。而今，随着新一轮探月热潮在全球兴起，这句“去月球”已不再仅仅是浪漫的诗意表达，更成为科技前沿竞相追逐、国家实力与创新精神交汇的生动实践。
回望来路，眺望前路，月球探索的每一步跨越，无不深深镌刻着人类勇于突破、协同创新的印记。
从中国古代《周髀算经》以惊人精度测算月行周期，到伽利略用望远镜揭开月表地貌的初步面纱，认识的工具从肉眼走向光学仪器，实现了天文学的第一次革命。我们逐渐知晓，地球对月球的引力不均匀，产生潮汐力；在地球上只能看到月球的“正面”，永远看不到神秘的“背面”……尤其是月球南极那些终年不见阳光的永久阴影区，被认为是可能存在古老水冰的“宝藏之地”，吸引着人类探索的目光。从模糊到清晰，从表象到本质，这些认知的积累，本身就是一部不断质疑、求证与创新的科学史。
真正的“去月球”，则需要将仰望星空的梦想，转化为脚踏实地乃至跨越地月空间的复杂科技工程。进入21世纪，中国探月工程“嫦娥”系列稳步推进。嫦娥一号绕月测绘，嫦娥三号携“玉兔”落月巡视，嫦娥四号实现人类首次月背软着陆，嫦娥五号从月球正面采样返回，中国航天人精心谋划，扎实走好了“绕、落、回”的每一步。特别是嫦娥六号成功实现世界首次月背采样返回，被国际科学界视为“触摸到月球‘黑暗面’的真实地质档案”。中国的探月之路，不仅取得了举世瞩目的成就，更铸就了“追逐梦想、勇于探索、协同攻坚、合作共赢”的探月精神，为人类月球科学知识宝库作出了重要贡献。
展望未来，“去月球”的目标变得更加具体，创新合作的模式也更为多元。2023年，我国宣布载人登月任务规划，长征十号火箭、梦舟飞船、揽月着陆器等关键系统研制正稳步推进，计划在2030年前实现中国人首次登月。另一个显著的新趋势是商业航天力量的加入。目前，我国商业航天蓬勃发展，海南商业航天发射场一、二号发射工位已经建成投用，覆盖产业链的上中下游规模持续扩大。
同时，我们也要清醒地看到，无论是建立月球家园，还是开发潜在资源，背后都需要综合国力与一系列关键技术的坚实支撑。从运载火箭技术，到月球探测轨道；从探测器的“太空平衡术”，到月背寻宝的“AI慧眼”，每一个环节都呼唤着基础研究、工程技术与管理模式的持续创新。这要求我们不仅要有“出发”的勇气，更要有久久为功的定力，以及跨领域、跨机构乃至跨国界的协同攻坚能力。
星空浩瀚无比，探索永无止境。“月球不是终点，而是人类星际航行的起点。”当伽利略的第一架望远镜变身为今天的月球探测器，当美国阿波罗飞船的登月足迹延展至新一轮的探月热潮，人类在探索路上不断创新、进步。也许在不久的将来，月球上会出现第一个人类定居点；也许曾在“流动科学课”上种下科学梦想的小朋友们，会成为月球基地的常驻科学家。今天我们站在地球上呼喊：“出发，去月球！”未来，人类很可能在月面上按下点火发射的按钮，呼喊：“出发，飞往更远的深空！”
每一次伟大的出发，都始于当下坚实的脚步。
（作者为北京航空航天大学宇航学院教授、神舟十六号乘组航天员，本报记者杨远帆整理）",科技,https://paper.people.com.cn/rmrb/pc/content/202602/09/../../../content/202602/09/content_30139513.html,2026-02-09,"['月球', '探月', '嫦娥', '人类', '出发', '梦想', '登月', '创新', '探索', '地球']","第19版：科技
本版新闻
人民日报2026年02月09日",政治
且听这片湖的科创“船说”（“镇”在创新）,"第19版：科技
本版新闻
人民日报2026年02月09日
Mon
蓝天、绿林、碧水、清波……冬日的广东东莞松山湖科学城，温暖、惬意。
“快看，这船会自己开！”一个孩子扯着嗓子一喊，引得游客循声望去。眼前，一艘自动驾驶的小艇快速从水面划过，身后拖出两道长长的涟漪。
“松山湖，真有湖。但做梦也没想到，园区能为产品水面测试提供这么大的支持——那会儿还只是5个人的大学生初创团队。”说这话的，是广东逸动科技联合创始人、首席运营官潘宗良，他正和团队伙伴一起测试艇上搭载的电力推进系统。
目光追着测试船，湖面绿树掩映间，华为三丫坡培训中心、华为溪村、松山湖国际创新创业社区、东莞理工学院、大湾区大学（松山湖校区）等次第闪现眼前。“你看这生态，多好！”潘宗良感慨，“可以说，这片湖见证了我们一个个创新产品的诞生，陪伴着企业一天天成长壮大。”
2024年，松山湖GDP突破1000亿元大关，成为继长安镇之后，东莞第二个“千亿元级”镇街（园区）。
岁末年初，探访松山湖，像逸动科技这样的科创“船说”，不绝于耳：“早晨在湖边散个步，都可能碰到三五位院士”“实验室就在隔壁，马上可以改进样品，快速对照结果”“研发新产品，方圆几十公里有的是中试车间，需要的配件，一两个小时就能配齐”……
你一言，我一语，围绕这片湖，“基础研究—技术攻关—成果转化”的全链条创新生态图景渐渐清晰。
“链动”上下游
共享工厂里的“一站式”服务
产品覆盖休闲船艇及商用海事领域，远销60余个国家和地区，电动船外机（小型船用电力推进设备）出货量全球第一……成绩的背后，只有潘宗良等少数几位创始人清楚，企业一路走来，经历了怎样的酸甜苦辣。
“电动化带来的不仅是零排放，更是航行方式的根本改变——安静、平稳、清洁。”2012年，身为香港科技大学研究生的潘宗良，不甘让学科成果留在纸面上，便拉来同学，一起动手，在实验室里“手搓”出了首个电动船外机原型。
破茧而出的成果，急需产业转化的空间。2015年，在老师李泽湘教授的指导下，潘宗良团队转战东莞松山湖。“刚过来时，感觉有点被‘骗’了，地广人稀，吃饭的地方比较少。”他半开玩笑地说。
实际上，此时东莞开发松山湖已有14年，优惠的政策、优质的服务，吸引了不少有“含新量”的产业项目进驻，也引入了一批国内高校主导建设的新型研发机构。但当逸动科技这个年轻的团队一头扎进来，还是蒙住了。“像我们这样初创期的科技企业，缺乏的是产业平台和配套政策支撑。”潘宗良回忆。
“从科技成果到产业转化，途中是接连不断的困难和挑战。”潘宗良举例，“拿逸动科技自主开发的‘三电系统’来说，不少核心零部件，市场上根本没有现成的，只能到处去联络周边的工厂帮忙生产。但我们规模小、单量少，很多工厂不愿意接。”
团队都是年轻的理科生，平时只闷头研发，不懂生产门道。那段时间，几人与供应商反复沟通，坐在厂里陪着调试设备，几乎是用诚意“求”回每一个零件。
公司搬迁进东莞松山湖国际机器人产业基地（XbotPark机器人基地）后，发展进入快车道。电动推进系统从最初的1千瓦到6千瓦、40千瓦持续迭代，如今，覆盖500瓦至1000千瓦功率范围的电动船外机、电动吊舱推进器、电动船内机以及配套电池和控制系统等，获得欧美主流市场青睐。“从前不敢想的大船，正在被电力唤醒。”潘宗良感叹。
“科技创新，我们希望初创企业不再单打独斗，而是‘链动’上下游，完善生态系统，实现从样品到产品的转变。”XbotPark机器人基地相关负责人告诉记者，为帮助初创企业解决产品生产“从0到1”的难题，基地设立了“一站式”服务平台——共享工厂，整合优秀供应链资源，专门支持初创团队进行小批量打样、产品开发与检测试验。
2025年，共享工厂已对接超140家初创企业，并与其中的50家建立业务合作。通过链接超120家供应商，共享工厂已助力创业团队实现超37万台产品的交付。服务内容覆盖电子电路、模具注塑、机加压铸、仓储物流、电池电源等10余个核心环节，构建起支撑科技创业的坚实基础。
拉近“左右邻”
“周二有约”的“化学反应”
逸动科技等初创企业曾经交过的“学费”、XbotPark机器人基地的成功经验，启发着松山湖的管理者。“我们总结了科创企业起步期的共同‘痛点’——松山湖要真正成为科技产业创新的载体，当好东莞动能转换的‘火车头’，必须不断强化平台支撑、完善创新生态，帮助企业实现成果转化。”松山湖管委会相关负责人表示。
前不久，来自香港城市大学（东莞）的吴桢舵团队，依托同在松山湖的中国散裂中子源，顺利完成了一项新材料的研究。令他感慨的是，过去需要前往美国、日本去做实验，非常耽误研究进程。如今，和中国散裂中子源这样一个“超级实验室”做邻居，搞研究近水楼台，有情况随时跟进。
中国散裂中子源是粤港澳大湾区最早的国家重大科技基础设施，落户松山湖是广东省、东莞市前瞻布局的结果。此后，松山湖材料实验室、香港城市大学（东莞）等随之而来，南方先进光源研究测试平台、先进阿秒激光等大科学装置相继建设……
一个“城”里干事业，如何拉近左邻右舍的关系，催化彼此的“化学反应”，管委会上了心。因服务机器人产业应运而生的“周二有约”，被有关部门制度化，成为“政产学研金”沟通的常态化平台，每周一次，雷打不动，一做就是13年。
“相比传统晶体合金，非晶软磁材料具备高频低损耗、高磁导率等优势，是多功能集成应用的理想候选材料。”一次，松山湖科技创新局召集的“周二有约”活动上，来自松山湖材料实验室的绿色非晶团队负责人周靖介绍了自己的科研成果，表达了验证新材料、寻找测试场景的意愿。
了解到新材料的优势，一些企业当即表达合作意向。最终，一家松山湖本土上市企业与团队达成合作，用新材料制作高频器件，解决企业痛点问题。目前，相关样品已通过产品上机验证环节，正在紧锣密鼓进行下一步商业合作洽谈。
从前端研发到后端市场，创新生态的完善是全过程、全链条的。让潘宗良印象深刻的是，园区为初创团队进行产品水面实景测试提供了很大的支持。
“除了为产品测试提供支持，园区还定期了解企业发展难题，帮助企业协调解决问题。”潘宗良感慨，这么多年来，政府的支持一直都在。
培育“大生态”
从“园”到“城”的人才“磁场”
除了逸动科技的电动船之外，松山湖的粼粼波光中还有另一艘船——来自东莞小豚智能技术有限公司的无人船正在执行“巡逻”任务。
“我们的核心是提供无人驾驶的‘大脑’和神经系统。”小豚智能总经理耿涛说，企业的产品已广泛应用于智能航运、水上文旅、水产养殖等领域，覆盖环境感知、自主控制、多艇协同、自主集成等各项技术。
耿涛曾在高校从事学术研究与教学工作，来到松山湖国际创新创业社区是他创业生涯中的重要转折点。
走进松山湖国际创新创业社区，创新的氛围扑面而来。耿涛介绍，入驻当年，小豚智能就申请了社区入驻租金补贴和创业启动资金补贴共38.75万元。从成立产业化公司到规模化生产，其扎根成长，成为松山湖国际创新创业社区培育新动能的另一个生动“船说”。
2020年7月，松山湖科学城和一山之隔的深圳光明科学城，被同时纳入大湾区综合性国家科学中心先行启动区，迈向从“园”到“城”的变革。当月，松山湖国际创新创业社区揭牌，依托松山湖材料实验室、广东省智能机器人研究院等研发平台，打造承接科研成果转化落地的粤港澳创新创业首选地。
5年多来，这片在荔枝林上建起来的社区，已成为粤港澳大湾区科创资源的“强磁场”——12家新型研发机构、200余个研发平台、1200多台共享仪器构筑起强大的创新矩阵，6000余名创新创业人才在此扎根常驻，是大湾区科技源头创新和高层次科研人员最为集聚的区域之一。
“一个创新创业社区，成为人才‘磁场’的核心要素，在于便捷可及的科创资源搭建的干事创业平台。”社区负责人吴碧华介绍。此外，社区还打造舒适的生活环境，2000多套人才公寓、1.6万平方米的商务配套区，配建篮球场、网球场等文体设施；开通“人才服务专线”，举办各类国际高端会议和高层次人才交流活动，营造围绕社区的高层次人才圈层。
距离松山湖国际创新创业社区仅2分钟车程的逸动科技，已从初创期的5名大学生，发展到如今300多名员工，研发人员近150名。“我被松山湖‘科技共山水一色，新城与产业齐飞’的环境吸引而来，来了就不想走了。”青年工程师刘铭笑着说。
2026年1月14日，松山湖管委会发布《东莞松山湖国土空间总体规划（2021—2035年）》，提出将构建“一轴、三带、五心、五片区”的城镇开发格局，2035年的规划常住人口规模为45万人，城镇化率达到95%，住房、教育、医疗等各类设施配套标准按45万常住人口要求配置。
“除构建科技创新‘生态链’外，还要围绕生态文明、公共服务等配套设施，不断完善生产生活‘大生态’，全面排除人才的后顾之忧。”松山湖管委会相关负责人表示。
广东东莞松山湖科学城
且听这片湖的科创“船说”（“镇”在创新）
本报记者  贺林平《人民日报》（2026年02月09日第 19 版）
蓝天、绿林、碧水、清波……冬日的广东东莞松山湖科学城，温暖、惬意。
“快看，这船会自己开！”一个孩子扯着嗓子一喊，引得游客循声望去。眼前，一艘自动驾驶的小艇快速从水面划过，身后拖出两道长长的涟漪。
“松山湖，真有湖。但做梦也没想到，园区能为产品水面测试提供这么大的支持——那会儿还只是5个人的大学生初创团队。”说这话的，是广东逸动科技联合创始人、首席运营官潘宗良，他正和团队伙伴一起测试艇上搭载的电力推进系统。
目光追着测试船，湖面绿树掩映间，华为三丫坡培训中心、华为溪村、松山湖国际创新创业社区、东莞理工学院、大湾区大学（松山湖校区）等次第闪现眼前。“你看这生态，多好！”潘宗良感慨，“可以说，这片湖见证了我们一个个创新产品的诞生，陪伴着企业一天天成长壮大。”
2024年，松山湖GDP突破1000亿元大关，成为继长安镇之后，东莞第二个“千亿元级”镇街（园区）。
岁末年初，探访松山湖，像逸动科技这样的科创“船说”，不绝于耳：“早晨在湖边散个步，都可能碰到三五位院士”“实验室就在隔壁，马上可以改进样品，快速对照结果”“研发新产品，方圆几十公里有的是中试车间，需要的配件，一两个小时就能配齐”……
你一言，我一语，围绕这片湖，“基础研究—技术攻关—成果转化”的全链条创新生态图景渐渐清晰。
“链动”上下游
共享工厂里的“一站式”服务
产品覆盖休闲船艇及商用海事领域，远销60余个国家和地区，电动船外机（小型船用电力推进设备）出货量全球第一……成绩的背后，只有潘宗良等少数几位创始人清楚，企业一路走来，经历了怎样的酸甜苦辣。
“电动化带来的不仅是零排放，更是航行方式的根本改变——安静、平稳、清洁。”2012年，身为香港科技大学研究生的潘宗良，不甘让学科成果留在纸面上，便拉来同学，一起动手，在实验室里“手搓”出了首个电动船外机原型。
破茧而出的成果，急需产业转化的空间。2015年，在老师李泽湘教授的指导下，潘宗良团队转战东莞松山湖。“刚过来时，感觉有点被‘骗’了，地广人稀，吃饭的地方比较少。”他半开玩笑地说。
实际上，此时东莞开发松山湖已有14年，优惠的政策、优质的服务，吸引了不少有“含新量”的产业项目进驻，也引入了一批国内高校主导建设的新型研发机构。但当逸动科技这个年轻的团队一头扎进来，还是蒙住了。“像我们这样初创期的科技企业，缺乏的是产业平台和配套政策支撑。”潘宗良回忆。
“从科技成果到产业转化，途中是接连不断的困难和挑战。”潘宗良举例，“拿逸动科技自主开发的‘三电系统’来说，不少核心零部件，市场上根本没有现成的，只能到处去联络周边的工厂帮忙生产。但我们规模小、单量少，很多工厂不愿意接。”
团队都是年轻的理科生，平时只闷头研发，不懂生产门道。那段时间，几人与供应商反复沟通，坐在厂里陪着调试设备，几乎是用诚意“求”回每一个零件。
公司搬迁进东莞松山湖国际机器人产业基地（XbotPark机器人基地）后，发展进入快车道。电动推进系统从最初的1千瓦到6千瓦、40千瓦持续迭代，如今，覆盖500瓦至1000千瓦功率范围的电动船外机、电动吊舱推进器、电动船内机以及配套电池和控制系统等，获得欧美主流市场青睐。“从前不敢想的大船，正在被电力唤醒。”潘宗良感叹。
“科技创新，我们希望初创企业不再单打独斗，而是‘链动’上下游，完善生态系统，实现从样品到产品的转变。”XbotPark机器人基地相关负责人告诉记者，为帮助初创企业解决产品生产“从0到1”的难题，基地设立了“一站式”服务平台——共享工厂，整合优秀供应链资源，专门支持初创团队进行小批量打样、产品开发与检测试验。
2025年，共享工厂已对接超140家初创企业，并与其中的50家建立业务合作。通过链接超120家供应商，共享工厂已助力创业团队实现超37万台产品的交付。服务内容覆盖电子电路、模具注塑、机加压铸、仓储物流、电池电源等10余个核心环节，构建起支撑科技创业的坚实基础。
拉近“左右邻”
“周二有约”的“化学反应”
逸动科技等初创企业曾经交过的“学费”、XbotPark机器人基地的成功经验，启发着松山湖的管理者。“我们总结了科创企业起步期的共同‘痛点’——松山湖要真正成为科技产业创新的载体，当好东莞动能转换的‘火车头’，必须不断强化平台支撑、完善创新生态，帮助企业实现成果转化。”松山湖管委会相关负责人表示。
前不久，来自香港城市大学（东莞）的吴桢舵团队，依托同在松山湖的中国散裂中子源，顺利完成了一项新材料的研究。令他感慨的是，过去需要前往美国、日本去做实验，非常耽误研究进程。如今，和中国散裂中子源这样一个“超级实验室”做邻居，搞研究近水楼台，有情况随时跟进。
中国散裂中子源是粤港澳大湾区最早的国家重大科技基础设施，落户松山湖是广东省、东莞市前瞻布局的结果。此后，松山湖材料实验室、香港城市大学（东莞）等随之而来，南方先进光源研究测试平台、先进阿秒激光等大科学装置相继建设……
一个“城”里干事业，如何拉近左邻右舍的关系，催化彼此的“化学反应”，管委会上了心。因服务机器人产业应运而生的“周二有约”，被有关部门制度化，成为“政产学研金”沟通的常态化平台，每周一次，雷打不动，一做就是13年。
“相比传统晶体合金，非晶软磁材料具备高频低损耗、高磁导率等优势，是多功能集成应用的理想候选材料。”一次，松山湖科技创新局召集的“周二有约”活动上，来自松山湖材料实验室的绿色非晶团队负责人周靖介绍了自己的科研成果，表达了验证新材料、寻找测试场景的意愿。
了解到新材料的优势，一些企业当即表达合作意向。最终，一家松山湖本土上市企业与团队达成合作，用新材料制作高频器件，解决企业痛点问题。目前，相关样品已通过产品上机验证环节，正在紧锣密鼓进行下一步商业合作洽谈。
从前端研发到后端市场，创新生态的完善是全过程、全链条的。让潘宗良印象深刻的是，园区为初创团队进行产品水面实景测试提供了很大的支持。
“除了为产品测试提供支持，园区还定期了解企业发展难题，帮助企业协调解决问题。”潘宗良感慨，这么多年来，政府的支持一直都在。
培育“大生态”
从“园”到“城”的人才“磁场”
除了逸动科技的电动船之外，松山湖的粼粼波光中还有另一艘船——来自东莞小豚智能技术有限公司的无人船正在执行“巡逻”任务。
“我们的核心是提供无人驾驶的‘大脑’和神经系统。”小豚智能总经理耿涛说，企业的产品已广泛应用于智能航运、水上文旅、水产养殖等领域，覆盖环境感知、自主控制、多艇协同、自主集成等各项技术。
耿涛曾在高校从事学术研究与教学工作，来到松山湖国际创新创业社区是他创业生涯中的重要转折点。
走进松山湖国际创新创业社区，创新的氛围扑面而来。耿涛介绍，入驻当年，小豚智能就申请了社区入驻租金补贴和创业启动资金补贴共38.75万元。从成立产业化公司到规模化生产，其扎根成长，成为松山湖国际创新创业社区培育新动能的另一个生动“船说”。
2020年7月，松山湖科学城和一山之隔的深圳光明科学城，被同时纳入大湾区综合性国家科学中心先行启动区，迈向从“园”到“城”的变革。当月，松山湖国际创新创业社区揭牌，依托松山湖材料实验室、广东省智能机器人研究院等研发平台，打造承接科研成果转化落地的粤港澳创新创业首选地。
5年多来，这片在荔枝林上建起来的社区，已成为粤港澳大湾区科创资源的“强磁场”——12家新型研发机构、200余个研发平台、1200多台共享仪器构筑起强大的创新矩阵，6000余名创新创业人才在此扎根常驻，是大湾区科技源头创新和高层次科研人员最为集聚的区域之一。
“一个创新创业社区，成为人才‘磁场’的核心要素，在于便捷可及的科创资源搭建的干事创业平台。”社区负责人吴碧华介绍。此外，社区还打造舒适的生活环境，2000多套人才公寓、1.6万平方米的商务配套区，配建篮球场、网球场等文体设施；开通“人才服务专线”，举办各类国际高端会议和高层次人才交流活动，营造围绕社区的高层次人才圈层。
距离松山湖国际创新创业社区仅2分钟车程的逸动科技，已从初创期的5名大学生，发展到如今300多名员工，研发人员近150名。“我被松山湖‘科技共山水一色，新城与产业齐飞’的环境吸引而来，来了就不想走了。”青年工程师刘铭笑着说。
2026年1月14日，松山湖管委会发布《东莞松山湖国土空间总体规划（2021—2035年）》，提出将构建“一轴、三带、五心、五片区”的城镇开发格局，2035年的规划常住人口规模为45万人，城镇化率达到95%，住房、教育、医疗等各类设施配套标准按45万常住人口要求配置。
“除构建科技创新‘生态链’外，还要围绕生态文明、公共服务等配套设施，不断完善生产生活‘大生态’，全面排除人才的后顾之忧。”松山湖管委会相关负责人表示。",科技,https://paper.people.com.cn/rmrb/pc/content/202602/09/../../../content/202602/09/content_30139514.html,2026-02-09,"['松山湖', '创新', '潘宗良', '创业', '东莞', '社区', '科技', '团队', '初创', '企业']","第19版：科技
本版新闻
人民日报2026年02月09日",政治
“我”在南极科考站（创新图录·历史跨越）,"第19版：科技
本版新闻
人民日报2026年02月09日
Mon
白雪皑皑，南极冰原。40多年来，我国极地事业从无到有、由弱到强，一代代极地工作者继承发扬极地精神，已经形成“五站两船一基地”的南极考察格局。进入海陆空立体发展时代，中国人自立自强的脚步从南极边缘深入内陆，活动范围和科学考察领域持续拓展。
在冰天雪地的南极建立我国第一座科考站长城站，我们经历了难以想象的艰辛、孤寂和危险，实现“当年建站、当年越冬”的壮举。长城站是我们首次全体科考队员、船员和海军官兵用汗水、泪水甚至鲜血建成的第一座南极丰碑。可以说，没有第一座南极考察基地——中国南极长城站，就没有后面极地科考事业的跨越发展和今天的成就。
——长城站首任南极越冬考察队队长颜其德
当前，我国极地考察正处从极地大国迈向强国的关键历史阶段。“十五五”规划建议提出，强化深海极地考察支撑保障体系。我们将发扬传承南极精神，努力在极地工程装备与技术创新应用方面取得更多成果，支撑开展瞄准前沿、引领国际的科学研究，在极地科考中发出更强的“中国声音”。
——第四十二次南极考察队队员，“雪龙”号船系统工程师王林浩
“我”在南极科考站（创新图录·历史跨越）
本报记者  刘诗瑶《人民日报》（2026年02月09日第 19 版）
白雪皑皑，南极冰原。40多年来，我国极地事业从无到有、由弱到强，一代代极地工作者继承发扬极地精神，已经形成“五站两船一基地”的南极考察格局。进入海陆空立体发展时代，中国人自立自强的脚步从南极边缘深入内陆，活动范围和科学考察领域持续拓展。
在冰天雪地的南极建立我国第一座科考站长城站，我们经历了难以想象的艰辛、孤寂和危险，实现“当年建站、当年越冬”的壮举。长城站是我们首次全体科考队员、船员和海军官兵用汗水、泪水甚至鲜血建成的第一座南极丰碑。可以说，没有第一座南极考察基地——中国南极长城站，就没有后面极地科考事业的跨越发展和今天的成就。
——长城站首任南极越冬考察队队长颜其德
当前，我国极地考察正处从极地大国迈向强国的关键历史阶段。“十五五”规划建议提出，强化深海极地考察支撑保障体系。我们将发扬传承南极精神，努力在极地工程装备与技术创新应用方面取得更多成果，支撑开展瞄准前沿、引领国际的科学研究，在极地科考中发出更强的“中国声音”。
——第四十二次南极考察队队员，“雪龙”号船系统工程师王林浩",科技,https://paper.people.com.cn/rmrb/pc/content/202602/09/../../../content/202602/09/content_30139515.html,2026-02-09,"['南极', '极地', '科考', '长城站', '第一座', '考察', '考察队', '发扬', '越冬', '跨越']","第19版：科技
本版新闻
人民日报2026年02月09日",国际
本版责编：李君强,"第19版：科技
本版新闻
人民日报2026年02月09日
Mon
版式设计：蔡华伟",科技,https://paper.people.com.cn/rmrb/pc/content/202602/09/../../../content/202602/09/content_30139516.html,2026-02-09,"['本版', '责编', '19', '2026', '02', '09', 'Mon', '蔡华伟', '李君强', '版式']","第19版：科技
本版新闻
人民日报2026年02月09日",文化
我的铁路风景,"第20版：副刊
本版新闻
人民日报2026年02月09日
Mon
中宣部文明创建局、中央网信办网络传播局、广电总局宣传司、文化和旅游部资源开发司、中国文联国内联络部、中国作协创作联络部、国家铁路集团党组宣传部联合发起的“我的铁路风景”主题宣传活动，引发广大网友热烈响应，涌现出大量饱含真情、视角独特的优秀作品。这些作品带着泥土的芬芳，富有情感的温度，抒写了普通人为梦想奋斗、为幸福打拼的生动故事，多维度呈现了幸福生活的新图景、美丽中国的新画卷。本期大地副刊从中摘选部分散文与诗歌，以飨读者。
——编  者
陪着母亲坐高铁
张丽萍
母亲今年80岁，一直住在家乡山东省烟台市龙口市的一个小乡村，从未坐过高铁。2018年龙烟铁路通了车，2024年龙口市站又接入潍烟高铁，自此，家乡真正融入胶东半岛铁路网。
上次回家，母亲又念叨起坐高铁的事。我心里一阵惭愧，这话她提过好几回，我从没当真。于是对母亲说：“今天就带你坐高铁。”母亲倏地睁圆了眼，笑得跟个孩子一样：“那我得换件干净衣裳，收拾收拾！”
到了火车站，母亲拉着我的手，站在开阔平坦的广场上，满脸都是笑意。火车站造型优美，银灰色的金属屋面线条流畅，微微上扬，宛如一只展翅欲飞的海鸥。米白色墙体衬着大面积玻璃幕墙，阳光洒在上面亮得晃眼，正中是几个朱红色的大字：龙口市站。
买了车票，我和母亲坐在候车室等车。母亲问我：“这火车站你参与建设了？”
“是呀，不仅是龙口市站，还有芦头、王李、蓬莱、西赵，好几个车站。”我自豪地说，“等会儿进站，你就能看到，那些设备都是我们信号工参与验收开通的。”
正聊着，开始检票了，我们随人群进入站台。整列动车通体洁白，泛着瓷釉般细腻的光，静卧在钢轨上，蓄势欲发。
站台上人流熙攘，每个人脸上都漾着笑意，谁不盼着这一天呢？从前回家，只能坐拥挤的大巴车。如今高铁直达家门口，旅程时间短了，心与家的距离也近了。
进入车厢，母亲拢了拢头发，端正地坐在座位上。我教她如何调整座椅和使用小桌板。调好角度后，母亲靠着椅背说：“当年你去学校，得坐汽车去潍坊转火车，折腾大半天。现在这方便劲儿，以前想都不敢想。”
火车徐徐开动，母亲开心地说：“火车开始跑啦！”看着她眼睛闪着光，我不禁眼眶一热。我是多么不孝顺，自己就是一名铁路工人，却从没想起母亲竟然连高铁都没坐过。母亲隔三岔五就打电话给我，嘘寒问暖，让我注意身体，我却不知道她的牙齿早已掉光了，戴的是假牙。这些年，我亏欠母亲太多了！
车速越来越快，窗外的树木成了流动的墨色剪影，高楼像被风吹着往后退。母亲扒着窗沿，目不转睛地看窗外，嘴里不停念叨：“真快，真快！”
过了一会儿，她悄悄对我说：“我想去厕所。”
“走，我领你去。”
“不是，我想去看看高铁的厕所什么样。”
我起身扶着母亲的胳膊。“不用扶！”母亲拨开我的手，脚步稳稳往前走，“这车开得比家里平地还稳当。”确实，窗外风景飞掠，脚下却没有半点颠簸。我跟在母亲身后，看着她微微前倾着身子，探路似的往车厢那头走。
“妈，你看车门上方的显示屏，那个小人是绿色的，就是厕所没人，红色的就是有人。”
“这么方便，真好。”
这一路上，母亲说了无数个“真好”，表达着她对高铁的喜欢和对生活的满足。
“前方到站烟台站，请下车的旅客携带好随身物品，到车门处等候。”车厢里传来播报声。
“就到烟台了？真好，这一趟没白坐。”
风吹过站台，空气里夹杂着海边特有的鲜腥味道。母亲呢，似乎有点意犹未尽。
“有时间陪我坐高铁去看你姨。”
“好！您想去哪，我就陪您去哪！”
钢轨阅流年
闫日洲
2005年，一纸来自新疆的大学录取通知书，猛地将我推向了那个更为辽阔也更为模糊的远方。我的第一次铁路之旅，献给了那趟名声在外的1085次列车，直抵乌鲁木齐。
那绿色的铁皮车厢，像一条饱经风霜的巨蟒，匍匐在轨道上。车厢里，是人的河流，各种气味、声音，汇成一股滚烫的浪潮，将我紧紧包裹。我蜷在硬座上，身子是动弹不得的，仿佛稍稍一动，便会侵占邻人那本就局促的领地。三日两夜，时间仿佛被这拥挤拉成了黏胶，缓慢地、迟滞地流动着。
这便是我与铁路的初次相逢，带着一种近乎野蛮的、洗礼般的真实。在我尚青涩的心智里，留下了远方固然壮丽，但通往远方的路布满艰辛的“刻痕”。
时间来到2009年，毕业后我被分配到新疆铁路库尔勒供电段。从乌鲁木齐到库尔勒，又是一段不短的铁路旅程。那时，吐库二线还未开通，绿皮火车要在天山的怀抱里，慢悠悠地走上10多个小时。车窗像一卷无尽的画轴，将新疆的瑰丽，毫无保留地展现在我眼前。先是荒凉得令人心悸的戈壁，砾石无边，天地间只有一种纯粹的、残酷的坦荡。而后，火车会奋力攀上白雪覆盖的天山达坂，那凛冽的寒气，似乎能穿透玻璃，直逼眉睫。翻过山去，景致便柔和下来，那是巴音布鲁克的草原，绿得那样不真实，像一块巨大的毯子，偶尔有白色的毡房与成群的牛羊点缀其上。
一趟旅程，四季变化，山川河流，荒漠草原，如诗如画。这10多个小时，不再是单纯的煎熬，而成了一场缓慢的、沉浸式的旅行。铁路像一根银线，串起了这片土地上最璀璨的明珠。我忽然觉得，从前那绿皮车里的苦楚，或许就是为了兑换此刻窗外的无边美景。我多么希望更多人能来新疆瞧一瞧这壮丽河山，哪怕千山万水，路程很远。
进入新时代，发展的步伐仿佛被按下了加速键。2015年，吐库二线电气化铁路通车。我第一次乘坐崭新的列车时，内心是有些恍惚的。车轮与钢轨的撞击声，变得轻快而富有韵律，“哐当哐当”的沉重节奏，被一种流畅的“唰唰”声取代。仅仅5个小时，窗外的风景还未来得及细细品味，便已从戈壁切换到了绿洲。那种速度带来的震撼，是空前的。它不仅仅缩短了地图上的距离，还仿佛缩短了心理上的时间。从前需要郑重其事计划许久的旅程，如今变得像一次寻常的串门。
但这还不是终点。2019年，“绿巨人”动车组上线了。它的名字起得真好，通体翠绿，是对旧时绿皮车的一种致敬，流线型的车头与风驰电掣的速度，却又宣告着一个全新时代的开始。相同的目的地，不同的到达时刻。3个半小时，一杯清茶尚温，几页书卷未竟，广播里便已响起准备下车的温柔提示。车厢里安静得出奇，人人都有一个舒适宽大的座位，可以工作，可以小憩，可以望着窗外发呆。那窗外飞速倒退的景物，已不再是可供凝视的画卷，而化作了一片流动的、斑斓的光影，是时代飞奔时身后扬起的流光溢彩。
时光驶入2025年春节。我从乌鲁木齐回济南，踏上了25小时的归途。这趟车是可细品的佳茗，恰到好处地表达着现代人对速度与从容的双重渴望。车厢温暖如春，窗外是飞驰的冰雪戈壁。入夜，顶灯洒下暖白光晕，车轮发出平稳嗡鸣，让我酣然入睡。
这钢轨上的20年，逝去的是旧日颠簸的尘埃与缓慢的节奏，迎来的是如风的速度与如画的美景。它不只是一段个人的历史，更是一页无声的证词，见证着这片土地上的人们，如何用智慧与汗水将天堑变为通途，将遥远的乡愁化为咫尺的温柔。那一声声清脆的汽笛，是在为每一个平凡的幸福日子，唱着最嘹亮的赞歌。
慢火车上的中国画卷
纪建国
时值中秋、国庆双节，金风送爽。我避开人潮，又一次踏上熟悉的绿皮火车。站台上，复兴号如银色闪电般疾驰而过，而我转身登上的，却是一列将要穿行山野的慢火车。这是我中年后特有的仪式——在高铁飞驰的时代，执意为生命留一段慢时光，对话山河，重逢往事。
“呜——”汽笛长鸣，列车缓缓启动。不同于高铁的寂静，这趟车仍保留特有的节奏：车轮与铁轨合奏的“哐当”声，车厢连接处传来有节奏的晃动，混合着若有若无的方便面的气息。列车驶出城市，一片金黄的稻田在窗外徐徐展开。沉甸甸的稻穗在秋风中摇曳，几个农人正在田埂上行走，身后是白墙黛瓦的村庄。更远处，崭新的高速铁路桥如白色巨龙腾空而过，复兴号瞬间消失在天际。这一快一慢，恰如中国铁路发展的生动注脚——我们既拥有领跑世界的速度，也保留着品味生活的脚步。
“同志，麻烦让一让。”对面座位的大姐端着一碗热气腾腾的方便面回来了。这声久违的“同志”，让我想起第一次坐火车北上求学的时光。那时，车厢拥挤，陌生人坐在一起分享食物、彻夜长谈；如今，条件改善，硬座换了软座，这份人情温度依然在慢火车上延续。
列车员推着小车经过，我买了份盒饭。打开一看，竟是从前的铝制饭盒，两荤两素，还冒着热气。“现在生活条件好了，”列车员笑道，“但很多旅客怀念这个味道。”是啊，变的是盒饭的内容，不变的是记忆。就像窗外不时闪过的老站房，虽已不再办理客运，但修葺一新的站台、保留完好的标语，都在诉说着历史的变迁。
夕阳西斜时，列车开始爬坡。崇山峻岭间，我看见那条著名的老线路——曾经的险峻天堑，如今已是电气化复线。在更高的山巅，新修的高铁桥梁直插云霄。三代铁路在此交会，宛如时光的剖面图。
夜幕降临，车厢里亮起温暖的灯光。有学生借着灯光写作业，有人在电话里叮嘱孩子，有情侣分享一副耳机。在这移动的观景台上，我看见了温暖、真实的中国。我忽然明白，我迷恋的不仅是绿皮火车的慢，更是这种多层次共生的美好。国家的发展从不是单一的突进，而是让每个群体都不被遗忘。这些依然穿行在山水间的慢火车，不就是“一个都不能少”的生动写照吗？
列车缓缓进站，站台上的亲人用力挥手。这就是我们的时代——既能以每小时350公里的速度领跑世界，也愿意为一份乡愁保留每小时60公里的“温度”。这一切，写进了每个普通人的出行记忆里，如窗外月光，温柔而绵长。
开往春天
刘贵高
一列开往春天的高铁
从岁末启程
载着温暖的梦想
和酝酿已久的风雷
在雪花飘飘的大地上
贴地飞行
那些忧愁和哀怨
失意和失落
写满坚韧与重振
那些被流水刻下的清唱
被风雨锻打的骨节
在流逝的岁月里
辉映潋滟的波光
一只逆风飞翔的冬鸟
以倾斜的姿势拍击苍穹
一声尖锐的叫声
刺破寒潮
匍匐的草木
低垂着头颅
一列开往春天的高铁
掠过西北偏北
在山川河岳间穿行
以速度与激情
播撒葳蕤的气象
三张车票
吕  轩
我收藏了三张车票
仿佛攥住三段光阴
它们是无形的尺子
丈量着故乡与梦想的距离
第一张是大学时的红
软纸印着旧迹
五小时的绿皮车
交织着泡面的香气
与天南地北的乡音
时光慢得慷慨
让我能数清窗外稻田的涟漪
能看到夕阳落下时的踪迹
第二张是毕业季的蓝
磁卡映着晨曦
两小时的高铁
将风景拉成流动的“电影”
明亮的车厢让旅途长出从容的羽翼
如今，车票化作手机里的二维码
进站已是快捷无比
早晨还在异乡的街巷里
正午已闻到家的饭菜香
不同模样的三张车票
不仅刻着我的记忆
还仿佛速度的隐喻
让每一份牵挂
都不再经历漫长等待
让每一个身影
都更快抵达心中的家
一辈子的缘分
娄国标
微信的同学群里，有人晒出一张火车票。那是一张老式的硬板车票，出发站是家乡小镇，到达站是城里，车票时间是1995年6月的一天。记忆瞬间被这张旧车票激活。同学群难得热闹起来，大家你一言我一语，纷纷回忆起当年搭乘火车赶考的场景。
30年前，中考考场设在城里。我们一帮乡村中学的孩子，在老师的带领下，乘坐火车去赶考。我们大都是第一次坐火车，一路上既好奇又忐忑。5毛钱的火车票，一列绿皮车带着我们来到城市，参加人生第一场大考。
中考之后，同学们各奔东西，有人继续留在当地读高中，有人去了外地念中专、技校，还有人进入社会打拼。中考，就像铁轨上的道岔，将大家的人生切换到不同的方向。
历经30年的岁月变迁，这张旧车票，仿佛一条看不见的线，在过去与现在之间，牵引着我的思绪与情感。
行走在时光的记忆里，那个夏日午后，沉默的站房，喧闹的站台，远道而来的火车鸣着震耳的汽笛……这些构成了脑海中不可磨灭的印记。我自己的旧车票已经不知所终，那趟火车带给我的感触，却时常叩击心灵。
对我来说，火车就像一匹不知疲倦的骏马，虽然不知它来自哪里，但它带着我来到城里参加考试，又在一个深夜，载着我去省城读书，陪伴我开始漫长的远行之路。一张火车票，打开我人生的一扇窗。机缘巧合，我毕业后成为铁路系统的一员，与火车结下了一辈子的缘分。
此后，因为工作的缘故，我走过了很多地方，见识了形形色色的旅客，也见证着铁路的发展、车票的变迁。很多时候，一张车票，就是一个故事，就是一段人生。
我曾弓着身子钻下地沟，仔细检修火车头走行部的每个零部件，以一身汗水换取它的良好运行状态。我曾在建设中的跨海大桥上，用镜头记录建设高铁的艰辛，为中国铁路的迅猛发展高声放歌。我曾踏上拥挤的春运列车，跟随游子回乡的脚步，书写铁路人的坚守与付出，礼赞乡愁、亲情与守望。我曾在深夜的铁路线上，彻夜不眠参与钢轨和道岔的更换升级，为火车的安全正点运行奉献微薄的力量……
此时此刻，我无比感谢那张旧车票，它上面印着日期、车次、座位号，也印着那一刻我的心情，印着由此而来的奋斗足迹。它不会被删除，不会仅存于云端，它就在我心灵的某个角落，安静地陪着岁月沉淀。
旧人、旧事、旧物，似乎都成了我们一路上不可或缺之物。不管有意无意，一些旧时痕迹，总会闪现出来，勾起回忆。或许每个人都有这么一张旧车票，它浓缩着超越时空的相聚与思念，讲述着人间爱与悲欢的故事……
追寻，从西宁到格尔木（外五首）
刘  钊
脚底板还沾着去年的尘
青藏铁路西宁至格尔木的风
在地图上吹了又吹
我总说“再等等”
等笔力练够
等空闲叠成厚纸
可青春的日子
像指缝漏的沙
越攥，越急着往远方跑
这次终于把背包扣紧
再踏上出发的路
从西宁向格尔木
把“寻”字，刻在鞋尖
坐火车往哈尔盖
车轮碾过星空的投影
昆仑卧在晨光里
露着青灰的背脊
青海湖随着车窗展开
像是谁把天空
叠入一层水的软
风裹着湖的凉
撞在玻璃上
我没敢眨眼
怕错过某片云落在山尖的模样
怕漏了晨光漫过经幡的瞬间
窗外是一卷未合的书
每一根枕木
都写着西北的辽阔
下午到柯柯小镇
从前听人说柯柯
总带着秋天的黄
站在镇口
风裹着棱角峥嵘的冷
把枯枝吹得打颤
冻土下的草籽
还攥着去年的阳光
有一群人
在这里住了一年又一年
不知道还有多少个日夜
能把春的消息
从云里接过来
等那时
山野漫起新绿
连风，都该带着花的香了
夜宿乌兰
云在车顶跑
风裹着行程的急
从火车股道里下来
我不怕汽车颠簸
只怕赶不上乌兰的夜
怕错过一盏能接住疲惫的灯
终于把车停稳，路灯刚好点亮
把影子从地上扶起来
风也慢了
乌兰的夜色，像刚温好的茶
喝一口，就熨平了一路的急
初上大柴旦
风把荒坡的土卷起来
能看见枯草在里面晃
像没站稳的魂
寒冬把春的消息
藏得格外深
连阳光落下来
都带着冷色
目之所及，大地还没醒透
一群驻守的青年
他们的工装在风里飘
像荒坡上刚开的花
红得格外亮
连手里的工具，都裹着暖
把荒芜，慢慢种成了希望
从格尔木返程
去时
快要落下的月亮留在背包上
返程时
星星已落满车顶
火车的车轮没停
从辽阔的湖，到狂风中的山
镜头里存的
不只是风光，还有那群人
若有人问起青藏铁路的模样
我不必说太多
只把镜头打开
风会替我
把那些日子，慢慢讲
我的铁路风景
《人民日报》（2026年02月09日第 20 版）
中宣部文明创建局、中央网信办网络传播局、广电总局宣传司、文化和旅游部资源开发司、中国文联国内联络部、中国作协创作联络部、国家铁路集团党组宣传部联合发起的“我的铁路风景”主题宣传活动，引发广大网友热烈响应，涌现出大量饱含真情、视角独特的优秀作品。这些作品带着泥土的芬芳，富有情感的温度，抒写了普通人为梦想奋斗、为幸福打拼的生动故事，多维度呈现了幸福生活的新图景、美丽中国的新画卷。本期大地副刊从中摘选部分散文与诗歌，以飨读者。
——编  者
陪着母亲坐高铁
张丽萍
母亲今年80岁，一直住在家乡山东省烟台市龙口市的一个小乡村，从未坐过高铁。2018年龙烟铁路通了车，2024年龙口市站又接入潍烟高铁，自此，家乡真正融入胶东半岛铁路网。
上次回家，母亲又念叨起坐高铁的事。我心里一阵惭愧，这话她提过好几回，我从没当真。于是对母亲说：“今天就带你坐高铁。”母亲倏地睁圆了眼，笑得跟个孩子一样：“那我得换件干净衣裳，收拾收拾！”
到了火车站，母亲拉着我的手，站在开阔平坦的广场上，满脸都是笑意。火车站造型优美，银灰色的金属屋面线条流畅，微微上扬，宛如一只展翅欲飞的海鸥。米白色墙体衬着大面积玻璃幕墙，阳光洒在上面亮得晃眼，正中是几个朱红色的大字：龙口市站。
买了车票，我和母亲坐在候车室等车。母亲问我：“这火车站你参与建设了？”
“是呀，不仅是龙口市站，还有芦头、王李、蓬莱、西赵，好几个车站。”我自豪地说，“等会儿进站，你就能看到，那些设备都是我们信号工参与验收开通的。”
正聊着，开始检票了，我们随人群进入站台。整列动车通体洁白，泛着瓷釉般细腻的光，静卧在钢轨上，蓄势欲发。
站台上人流熙攘，每个人脸上都漾着笑意，谁不盼着这一天呢？从前回家，只能坐拥挤的大巴车。如今高铁直达家门口，旅程时间短了，心与家的距离也近了。
进入车厢，母亲拢了拢头发，端正地坐在座位上。我教她如何调整座椅和使用小桌板。调好角度后，母亲靠着椅背说：“当年你去学校，得坐汽车去潍坊转火车，折腾大半天。现在这方便劲儿，以前想都不敢想。”
火车徐徐开动，母亲开心地说：“火车开始跑啦！”看着她眼睛闪着光，我不禁眼眶一热。我是多么不孝顺，自己就是一名铁路工人，却从没想起母亲竟然连高铁都没坐过。母亲隔三岔五就打电话给我，嘘寒问暖，让我注意身体，我却不知道她的牙齿早已掉光了，戴的是假牙。这些年，我亏欠母亲太多了！
车速越来越快，窗外的树木成了流动的墨色剪影，高楼像被风吹着往后退。母亲扒着窗沿，目不转睛地看窗外，嘴里不停念叨：“真快，真快！”
过了一会儿，她悄悄对我说：“我想去厕所。”
“走，我领你去。”
“不是，我想去看看高铁的厕所什么样。”
我起身扶着母亲的胳膊。“不用扶！”母亲拨开我的手，脚步稳稳往前走，“这车开得比家里平地还稳当。”确实，窗外风景飞掠，脚下却没有半点颠簸。我跟在母亲身后，看着她微微前倾着身子，探路似的往车厢那头走。
“妈，你看车门上方的显示屏，那个小人是绿色的，就是厕所没人，红色的就是有人。”
“这么方便，真好。”
这一路上，母亲说了无数个“真好”，表达着她对高铁的喜欢和对生活的满足。
“前方到站烟台站，请下车的旅客携带好随身物品，到车门处等候。”车厢里传来播报声。
“就到烟台了？真好，这一趟没白坐。”
风吹过站台，空气里夹杂着海边特有的鲜腥味道。母亲呢，似乎有点意犹未尽。
“有时间陪我坐高铁去看你姨。”
“好！您想去哪，我就陪您去哪！”
钢轨阅流年
闫日洲
2005年，一纸来自新疆的大学录取通知书，猛地将我推向了那个更为辽阔也更为模糊的远方。我的第一次铁路之旅，献给了那趟名声在外的1085次列车，直抵乌鲁木齐。
那绿色的铁皮车厢，像一条饱经风霜的巨蟒，匍匐在轨道上。车厢里，是人的河流，各种气味、声音，汇成一股滚烫的浪潮，将我紧紧包裹。我蜷在硬座上，身子是动弹不得的，仿佛稍稍一动，便会侵占邻人那本就局促的领地。三日两夜，时间仿佛被这拥挤拉成了黏胶，缓慢地、迟滞地流动着。
这便是我与铁路的初次相逢，带着一种近乎野蛮的、洗礼般的真实。在我尚青涩的心智里，留下了远方固然壮丽，但通往远方的路布满艰辛的“刻痕”。
时间来到2009年，毕业后我被分配到新疆铁路库尔勒供电段。从乌鲁木齐到库尔勒，又是一段不短的铁路旅程。那时，吐库二线还未开通，绿皮火车要在天山的怀抱里，慢悠悠地走上10多个小时。车窗像一卷无尽的画轴，将新疆的瑰丽，毫无保留地展现在我眼前。先是荒凉得令人心悸的戈壁，砾石无边，天地间只有一种纯粹的、残酷的坦荡。而后，火车会奋力攀上白雪覆盖的天山达坂，那凛冽的寒气，似乎能穿透玻璃，直逼眉睫。翻过山去，景致便柔和下来，那是巴音布鲁克的草原，绿得那样不真实，像一块巨大的毯子，偶尔有白色的毡房与成群的牛羊点缀其上。
一趟旅程，四季变化，山川河流，荒漠草原，如诗如画。这10多个小时，不再是单纯的煎熬，而成了一场缓慢的、沉浸式的旅行。铁路像一根银线，串起了这片土地上最璀璨的明珠。我忽然觉得，从前那绿皮车里的苦楚，或许就是为了兑换此刻窗外的无边美景。我多么希望更多人能来新疆瞧一瞧这壮丽河山，哪怕千山万水，路程很远。
进入新时代，发展的步伐仿佛被按下了加速键。2015年，吐库二线电气化铁路通车。我第一次乘坐崭新的列车时，内心是有些恍惚的。车轮与钢轨的撞击声，变得轻快而富有韵律，“哐当哐当”的沉重节奏，被一种流畅的“唰唰”声取代。仅仅5个小时，窗外的风景还未来得及细细品味，便已从戈壁切换到了绿洲。那种速度带来的震撼，是空前的。它不仅仅缩短了地图上的距离，还仿佛缩短了心理上的时间。从前需要郑重其事计划许久的旅程，如今变得像一次寻常的串门。
但这还不是终点。2019年，“绿巨人”动车组上线了。它的名字起得真好，通体翠绿，是对旧时绿皮车的一种致敬，流线型的车头与风驰电掣的速度，却又宣告着一个全新时代的开始。相同的目的地，不同的到达时刻。3个半小时，一杯清茶尚温，几页书卷未竟，广播里便已响起准备下车的温柔提示。车厢里安静得出奇，人人都有一个舒适宽大的座位，可以工作，可以小憩，可以望着窗外发呆。那窗外飞速倒退的景物，已不再是可供凝视的画卷，而化作了一片流动的、斑斓的光影，是时代飞奔时身后扬起的流光溢彩。
时光驶入2025年春节。我从乌鲁木齐回济南，踏上了25小时的归途。这趟车是可细品的佳茗，恰到好处地表达着现代人对速度与从容的双重渴望。车厢温暖如春，窗外是飞驰的冰雪戈壁。入夜，顶灯洒下暖白光晕，车轮发出平稳嗡鸣，让我酣然入睡。
这钢轨上的20年，逝去的是旧日颠簸的尘埃与缓慢的节奏，迎来的是如风的速度与如画的美景。它不只是一段个人的历史，更是一页无声的证词，见证着这片土地上的人们，如何用智慧与汗水将天堑变为通途，将遥远的乡愁化为咫尺的温柔。那一声声清脆的汽笛，是在为每一个平凡的幸福日子，唱着最嘹亮的赞歌。
慢火车上的中国画卷
纪建国
时值中秋、国庆双节，金风送爽。我避开人潮，又一次踏上熟悉的绿皮火车。站台上，复兴号如银色闪电般疾驰而过，而我转身登上的，却是一列将要穿行山野的慢火车。这是我中年后特有的仪式——在高铁飞驰的时代，执意为生命留一段慢时光，对话山河，重逢往事。
“呜——”汽笛长鸣，列车缓缓启动。不同于高铁的寂静，这趟车仍保留特有的节奏：车轮与铁轨合奏的“哐当”声，车厢连接处传来有节奏的晃动，混合着若有若无的方便面的气息。列车驶出城市，一片金黄的稻田在窗外徐徐展开。沉甸甸的稻穗在秋风中摇曳，几个农人正在田埂上行走，身后是白墙黛瓦的村庄。更远处，崭新的高速铁路桥如白色巨龙腾空而过，复兴号瞬间消失在天际。这一快一慢，恰如中国铁路发展的生动注脚——我们既拥有领跑世界的速度，也保留着品味生活的脚步。
“同志，麻烦让一让。”对面座位的大姐端着一碗热气腾腾的方便面回来了。这声久违的“同志”，让我想起第一次坐火车北上求学的时光。那时，车厢拥挤，陌生人坐在一起分享食物、彻夜长谈；如今，条件改善，硬座换了软座，这份人情温度依然在慢火车上延续。
列车员推着小车经过，我买了份盒饭。打开一看，竟是从前的铝制饭盒，两荤两素，还冒着热气。“现在生活条件好了，”列车员笑道，“但很多旅客怀念这个味道。”是啊，变的是盒饭的内容，不变的是记忆。就像窗外不时闪过的老站房，虽已不再办理客运，但修葺一新的站台、保留完好的标语，都在诉说着历史的变迁。
夕阳西斜时，列车开始爬坡。崇山峻岭间，我看见那条著名的老线路——曾经的险峻天堑，如今已是电气化复线。在更高的山巅，新修的高铁桥梁直插云霄。三代铁路在此交会，宛如时光的剖面图。
夜幕降临，车厢里亮起温暖的灯光。有学生借着灯光写作业，有人在电话里叮嘱孩子，有情侣分享一副耳机。在这移动的观景台上，我看见了温暖、真实的中国。我忽然明白，我迷恋的不仅是绿皮火车的慢，更是这种多层次共生的美好。国家的发展从不是单一的突进，而是让每个群体都不被遗忘。这些依然穿行在山水间的慢火车，不就是“一个都不能少”的生动写照吗？
列车缓缓进站，站台上的亲人用力挥手。这就是我们的时代——既能以每小时350公里的速度领跑世界，也愿意为一份乡愁保留每小时60公里的“温度”。这一切，写进了每个普通人的出行记忆里，如窗外月光，温柔而绵长。
开往春天
刘贵高
一列开往春天的高铁
从岁末启程
载着温暖的梦想
和酝酿已久的风雷
在雪花飘飘的大地上
贴地飞行
那些忧愁和哀怨
失意和失落
写满坚韧与重振
那些被流水刻下的清唱
被风雨锻打的骨节
在流逝的岁月里
辉映潋滟的波光
一只逆风飞翔的冬鸟
以倾斜的姿势拍击苍穹
一声尖锐的叫声
刺破寒潮
匍匐的草木
低垂着头颅
一列开往春天的高铁
掠过西北偏北
在山川河岳间穿行
以速度与激情
播撒葳蕤的气象
三张车票
吕  轩
我收藏了三张车票
仿佛攥住三段光阴
它们是无形的尺子
丈量着故乡与梦想的距离
第一张是大学时的红
软纸印着旧迹
五小时的绿皮车
交织着泡面的香气
与天南地北的乡音
时光慢得慷慨
让我能数清窗外稻田的涟漪
能看到夕阳落下时的踪迹
第二张是毕业季的蓝
磁卡映着晨曦
两小时的高铁
将风景拉成流动的“电影”
明亮的车厢让旅途长出从容的羽翼
如今，车票化作手机里的二维码
进站已是快捷无比
早晨还在异乡的街巷里
正午已闻到家的饭菜香
不同模样的三张车票
不仅刻着我的记忆
还仿佛速度的隐喻
让每一份牵挂
都不再经历漫长等待
让每一个身影
都更快抵达心中的家
一辈子的缘分
娄国标
微信的同学群里，有人晒出一张火车票。那是一张老式的硬板车票，出发站是家乡小镇，到达站是城里，车票时间是1995年6月的一天。记忆瞬间被这张旧车票激活。同学群难得热闹起来，大家你一言我一语，纷纷回忆起当年搭乘火车赶考的场景。
30年前，中考考场设在城里。我们一帮乡村中学的孩子，在老师的带领下，乘坐火车去赶考。我们大都是第一次坐火车，一路上既好奇又忐忑。5毛钱的火车票，一列绿皮车带着我们来到城市，参加人生第一场大考。
中考之后，同学们各奔东西，有人继续留在当地读高中，有人去了外地念中专、技校，还有人进入社会打拼。中考，就像铁轨上的道岔，将大家的人生切换到不同的方向。
历经30年的岁月变迁，这张旧车票，仿佛一条看不见的线，在过去与现在之间，牵引着我的思绪与情感。
行走在时光的记忆里，那个夏日午后，沉默的站房，喧闹的站台，远道而来的火车鸣着震耳的汽笛……这些构成了脑海中不可磨灭的印记。我自己的旧车票已经不知所终，那趟火车带给我的感触，却时常叩击心灵。
对我来说，火车就像一匹不知疲倦的骏马，虽然不知它来自哪里，但它带着我来到城里参加考试，又在一个深夜，载着我去省城读书，陪伴我开始漫长的远行之路。一张火车票，打开我人生的一扇窗。机缘巧合，我毕业后成为铁路系统的一员，与火车结下了一辈子的缘分。
此后，因为工作的缘故，我走过了很多地方，见识了形形色色的旅客，也见证着铁路的发展、车票的变迁。很多时候，一张车票，就是一个故事，就是一段人生。
我曾弓着身子钻下地沟，仔细检修火车头走行部的每个零部件，以一身汗水换取它的良好运行状态。我曾在建设中的跨海大桥上，用镜头记录建设高铁的艰辛，为中国铁路的迅猛发展高声放歌。我曾踏上拥挤的春运列车，跟随游子回乡的脚步，书写铁路人的坚守与付出，礼赞乡愁、亲情与守望。我曾在深夜的铁路线上，彻夜不眠参与钢轨和道岔的更换升级，为火车的安全正点运行奉献微薄的力量……
此时此刻，我无比感谢那张旧车票，它上面印着日期、车次、座位号，也印着那一刻我的心情，印着由此而来的奋斗足迹。它不会被删除，不会仅存于云端，它就在我心灵的某个角落，安静地陪着岁月沉淀。
旧人、旧事、旧物，似乎都成了我们一路上不可或缺之物。不管有意无意，一些旧时痕迹，总会闪现出来，勾起回忆。或许每个人都有这么一张旧车票，它浓缩着超越时空的相聚与思念，讲述着人间爱与悲欢的故事……
追寻，从西宁到格尔木（外五首）
刘  钊
脚底板还沾着去年的尘
青藏铁路西宁至格尔木的风
在地图上吹了又吹
我总说“再等等”
等笔力练够
等空闲叠成厚纸
可青春的日子
像指缝漏的沙
越攥，越急着往远方跑
这次终于把背包扣紧
再踏上出发的路
从西宁向格尔木
把“寻”字，刻在鞋尖
坐火车往哈尔盖
车轮碾过星空的投影
昆仑卧在晨光里
露着青灰的背脊
青海湖随着车窗展开
像是谁把天空
叠入一层水的软
风裹着湖的凉
撞在玻璃上
我没敢眨眼
怕错过某片云落在山尖的模样
怕漏了晨光漫过经幡的瞬间
窗外是一卷未合的书
每一根枕木
都写着西北的辽阔
下午到柯柯小镇
从前听人说柯柯
总带着秋天的黄
站在镇口
风裹着棱角峥嵘的冷
把枯枝吹得打颤
冻土下的草籽
还攥着去年的阳光
有一群人
在这里住了一年又一年
不知道还有多少个日夜
能把春的消息
从云里接过来
等那时
山野漫起新绿
连风，都该带着花的香了
夜宿乌兰
云在车顶跑
风裹着行程的急
从火车股道里下来
我不怕汽车颠簸
只怕赶不上乌兰的夜
怕错过一盏能接住疲惫的灯
终于把车停稳，路灯刚好点亮
把影子从地上扶起来
风也慢了
乌兰的夜色，像刚温好的茶
喝一口，就熨平了一路的急
初上大柴旦
风把荒坡的土卷起来
能看见枯草在里面晃
像没站稳的魂
寒冬把春的消息
藏得格外深
连阳光落下来
都带着冷色
目之所及，大地还没醒透
一群驻守的青年
他们的工装在风里飘
像荒坡上刚开的花
红得格外亮
连手里的工具，都裹着暖
把荒芜，慢慢种成了希望
从格尔木返程
去时
快要落下的月亮留在背包上
返程时
星星已落满车顶
火车的车轮没停
从辽阔的湖，到狂风中的山
镜头里存的
不只是风光，还有那群人
若有人问起青藏铁路的模样
我不必说太多
只把镜头打开
风会替我
把那些日子，慢慢讲",副刊,https://paper.people.com.cn/rmrb/pc/content/202602/09/../../../content/202602/09/content_30139517.html,2026-02-09,"['高铁', '火车', '车票', '母亲', '窗外', '车厢', '铁路', '绿皮', '站台', '钢轨']","第20版：副刊
本版新闻
人民日报2026年02月09日",政治
本版责编：张  健,"第20版：副刊
本版新闻
人民日报2026年02月09日
Mon
本版邮箱：dadi@peopledaily.cn
版式设计：蔡华伟",副刊,https://paper.people.com.cn/rmrb/pc/content/202602/09/../../../content/202602/09/content_30139518.html,2026-02-09,"['本版', '责编', '20', '2026', '02', '09', 'Mon', 'dadi', 'peopledaily', 'cn']","第20版：副刊
本版新闻
人民日报2026年02月09日",其他
