title,content,markdown_body,author,plate,series_name,url,date,keywords,summary,category,series_id,series_part,related_titles
新年贺词里的中国信心,"“我们要锚定目标任务，坚定信心、乘势而上，扎实推动高质量发展，进一步全面深化改革开放，推进全体人民共同富裕，续写中国奇迹新篇章。”
一个幸福的约定，一份共同的期待。岁序更替之际，习近平主席发表二〇二六年新年贺词。温暖有力的话语，通过电波和网络传向世界，传递信心、催人奋进。
走过“十四五”、迈入“十五五”，在这样一个历史交汇点品读5年新年贺词，“信心”绵亘其中、愈发坚定——
“我们从来都是在风雨洗礼中成长、在历经考验中壮大，大家要充满信心。”“只要笃定信心、稳中求进，就一定能实现我们的既定目标。”
心有所信，方能行远。新年贺词中，汇聚着中国声音，跃动着中国瞬间，奔涌着中国故事，铺展开一个欣欣向荣的中国。
信心，来自经济实力的拾级而上
习近平主席在二〇二六年新年贺词中指出：“5年来，我们踔厉奋发、勇毅前行，克服重重困难挑战，圆满完成目标任务，在中国式现代化新征程上迈出了稳健步伐。”
艰难方显勇毅，磨砺始得玉成。“十四五”规划收官之年，外部环境变化带来的不利影响加深，国内经济运行仍面临不少困难和挑战。聚精会神抓好高质量发展，人们看到一个奋跃而上的中国——
全年经济总量预计达到140万亿元；粮食产量稳定在1.4万亿斤以上，实现高位增产；区域发展更加协调，脱贫攻坚成果持续巩固拓展；全国统一大市场纵深推进，绿水青山成为亮丽底色……回首这一年，中国经济顶压前行、向新向优发展。
从1年看5年，中国经济总量连续跨越新关口，成为创新力上升最快的经济体之一，经济实力、科技实力、国防实力、综合国力跃上新台阶……无论风高浪急，无惧困难挑战，中国式现代化迈出新的坚实步伐。
难能可贵的发展答卷，根本在于以习近平同志为核心的党中央领航掌舵，在于习近平新时代中国特色社会主义思想科学指引。
产业，观照一国经济的重要维度。时值寒冬，河南洛阳轴承集团股份有限公司车间内热火朝天。从毫米级到10余米级，各类轴承接连下线。70多年紧盯轴承深耕细作，如今洛轴高端轴承产值占比达70%。
实业兴国，实干兴邦。1月，辽宁本钢；5月，河南洛轴；7月，山西阳阀……2025年，习近平总书记多次走进制造业企业，强调：“制造业是国民经济的重要支柱，推进中国式现代化必须保持制造业合理比重。”
沿着总书记指引的方向，“中国制造”提速跃迁升级——
累计建成1260家5G工厂，新能源汽车、锂电池等一批优势产业培育壮大，新一代通信、脑机接口、生物制造等领域进入爆发增长阶段……传统产业“焕新”、新兴产业“领跑”、未来产业“生根”，现代化产业体系建设不断取得新成效。
着眼长远，党的二十届四中全会擘画蓝图，对未来5年经济社会发展作出科学谋划；果断部署，推出一揽子政策举措，着力稳就业、稳企业、稳市场、稳预期……关键时出手、紧要处发力，中国经济航船乘风破浪、行稳致远，高质量发展的确定性不断巩固和增强。
令人鼓舞的丰硕成果，凝结着亿万人的拼搏进取、耕耘奉献。
新年前夕，喜讯传来——历经4年多建设，西安至延安高铁正式开通，陕北革命老区从此迈入“高铁时代”，我国高铁营业里程至此突破5万公里，稳居世界第一。
星光不问赶路人，历史属于奋进者。辛勤劳作的农民、埋头苦干的工人、敢闯敢拼的创业者、乘势而上的企业家……中国式现代化的新征程上，一束束光芒，汇聚成奋进中国的磅礴伟力。
今天的中国，是梦想接连实现的中国。明天的中国，奋斗创造奇迹。
“14亿多中国人心往一处想、劲往一处使，同舟共济、众志成城，就没有干不成的事、迈不过的坎。”
信心，源自发展活力的勃发奔涌
习近平主席在二〇二六年新年贺词中强调：“我们依靠创新为高质量发展赋能”“创新创造催生了新质生产力，也让生活更加多姿多彩”。
回望这一年，中国经济向新而行、活力澎湃——
从年头到年尾，一项项亮眼成果，映照中国经济的创新势能。
登上春晚舞台扭秧歌，亮相半程马拉松赛，走上全球最长猫道，批量“入职”工厂打工……2025年，从“进场”到“进厂”，人形机器人亮出“功夫模式”，中国稳居全球第一大机器人生产国。
2025年初，DeepSeek（深度求索）横空出世；如今，数百款国产大模型已接入千行百业，每3名中国网民就有1名使用大模型……从智能交互到产业赋能，人工智能大模型你追我赶，中国成为全球人工智能专利最大拥有国。
科技与产业深度融合，创新成果竞相涌现——
看向深蓝，首艘电磁弹射型航母正式入列，中国海军迈入“三航母”时代；仰望苍穹，天问二号开启“追星”之旅，无人机演绎绚丽“烟花”；逐新攀高，雅下水电工程开工建设，芯片自主研发有了新突破……回首这一年，以自强不息的精神奋力攀登，到处都是日新月异的创造。
奔涌的创新活力背后，是厚积成势的新质生产力。
“要紧跟新一轮科技革命和产业变革的时代步伐，培育新质生产力”“要统筹推进教育科技人才一体发展，筑牢新质生产力发展的基础性、战略性支撑”……一场场重要会议，一次次地方考察，习近平总书记指方向、明重点，推动各地勇争先、善作为，因地制宜发展新质生产力。
新能源汽车产销量稳居世界首位，网络基础设施规模全球最大、覆盖最广，光伏、风电装机容量居全球第一……回望这5年，“全球之最”加速涌现，科技创新捷报频传，发展新动能愈发壮大。
走过“十四五”，秉持“逐梦星辰大海”的豪情壮志，新质生产力点亮今天的中国，展示出对高质量发展的强劲推动力、支撑力。
迈向“十五五”，把因地制宜发展新质生产力摆在更加突出的战略位置，明天的中国将活力满满、气象日新。
信心，来自开放共赢的大国气度
习近平主席在二〇二六年新年贺词中指出，“我们继续敞开胸怀拥抱世界”“中国始终站在历史正确一边，愿同各国携手促进世界和平发展，推动构建人类命运共同体”。
百年变局加速演进，习近平主席发表的新年贺词中，计利天下的情怀、合作共赢的格局，传递着鲜明的中国主张、为世界发展注入中国信心。
秋天里的两组镜头，传递和平发展的坚定信念——
2025年9月1日，上海合作组织天津峰会上，习近平主席面向世界郑重提出全球治理倡议，成为继全球发展倡议、全球安全倡议、全球文明倡议之后，新时代中国向世界贡献的又一重要公共产品，为动荡不安的世界注入稳定性和确定性。
2025年9月3日，天安门广场，中国人民抗日战争暨世界反法西斯战争胜利80周年纪念活动隆重举行。阅兵式上，受阅方队整装进发。铿锵足音，奔涌出时代的回响：“坚持走和平发展道路，与各国人民携手构建人类命运共同体。”
大道不孤，天下一家。为更好应对气候变化，宣布新一轮国家自主贡献；继“三大倡议”之后，提出全球治理倡议，推动建设更加公正合理的全球治理体系……回首这一年，作为全球第二大经济体、发展中大国的中国，“朋友圈”不断扩大，持续成为世界的和平力量、稳定力量、进步力量。
冬日里的开放脚步，刻录合作共赢的真诚心愿——
潮起海之南，开放新高地。2025年12月18日，海南自由贸易港正式启动全岛封关。
“一线”进口“零关税”享惠货物超4亿元；新增外贸备案企业近2000家，同比增长2.3倍；离岛免税购物金额11亿元，同比增长54.9%……封关首周，多项“升级”版自贸港政策，相继实现业务落地。
开放，中国式现代化的鲜明标识。连续多年保持货物贸易第一大国地位，广交会、服贸会、进博会接连举办，中欧班列累计开行突破12万列，制造业领域外资准入限制措施全面取消……回望这5年，中国开放的大门越开越大，为世界发展带来更多机遇。
天下情怀、开放气度，深藏于文化根脉之中——
2025年末，历经10年修缮，故宫养心殿重新对公众开放，不少外国游客慕名打卡，在一件件文物古迹间流连忘返。持续扩大高水平对外开放，“中国游”持续火热，2025年前三季度，免签入境外国人超2000万人次。
文物连着文明，也连着过去、现在和未来。2025年，“承载着中华民族的文化基因”，故宫博物院迎来建院100周年。百年风雨，百年守护，透过故宫这扇重要窗口，世界看到了赓续不辍的中华文明中包孕的蓬勃发展力量。
文博热、非遗热不断升温，世界遗产再添新员，悟空和哪吒风靡全球，古韵国风成为年轻人眼中的“顶流审美”……回首这一年，我们以文化滋养精神家园。传统与现代交融，中华文化绽放更加灿烂的光芒。
“泱泱中华，历史何其悠久，文明何其博大，这是我们的自信之基、力量之源。”
信心，植根文明、源于道路、成于实践。
东方既白，旭日初升。2026年是“十五五”开局之年。当新年的第一缕曙光跃出地平线，“中国号”巨轮驶入新的海域。回头看，“十四五”的壮阔航程已载入史册；向前看，“十五五”的宏伟蓝图正徐徐铺展。一起为梦想奋斗、为幸福打拼，宏伟愿景终将变成美好现实！
“山海寻梦，不觉其远；前路迢迢，阔步而行。”","# 新年贺词里的中国信心

> 本报记者  韩  鑫  谷业凯  屈信明《人民日报》（2026年01月03日第 01 版）

“我们要锚定目标任务，坚定信心、乘势而上，扎实推动高质量发展，进一步全面深化改革开放，推进全体人民共同富裕，续写中国奇迹新篇章。”

一个幸福的约定，一份共同的期待。岁序更替之际，习近平主席发表二〇二六年新年贺词。温暖有力的话语，通过电波和网络传向世界，传递信心、催人奋进。

走过“十四五”、迈入“十五五”，在这样一个历史交汇点品读5年新年贺词，“信心”绵亘其中、愈发坚定——

“我们从来都是在风雨洗礼中成长、在历经考验中壮大，大家要充满信心。”“只要笃定信心、稳中求进，就一定能实现我们的既定目标。”

心有所信，方能行远。新年贺词中，汇聚着中国声音，跃动着中国瞬间，奔涌着中国故事，铺展开一个欣欣向荣的中国。

**信心，来自经济实力的拾级而上**

习近平主席在二〇二六年新年贺词中指出：“5年来，我们踔厉奋发、勇毅前行，克服重重困难挑战，圆满完成目标任务，在中国式现代化新征程上迈出了稳健步伐。”

艰难方显勇毅，磨砺始得玉成。“十四五”规划收官之年，外部环境变化带来的不利影响加深，国内经济运行仍面临不少困难和挑战。聚精会神抓好高质量发展，人们看到一个奋跃而上的中国——

全年经济总量预计达到140万亿元；粮食产量稳定在1.4万亿斤以上，实现高位增产；区域发展更加协调，脱贫攻坚成果持续巩固拓展；全国统一大市场纵深推进，绿水青山成为亮丽底色……回首这一年，中国经济顶压前行、向新向优发展。

从1年看5年，中国经济总量连续跨越新关口，成为创新力上升最快的经济体之一，经济实力、科技实力、国防实力、综合国力跃上新台阶……无论风高浪急，无惧困难挑战，中国式现代化迈出新的坚实步伐。

难能可贵的发展答卷，根本在于以习近平同志为核心的党中央领航掌舵，在于习近平新时代中国特色社会主义思想科学指引。

产业，观照一国经济的重要维度。时值寒冬，河南洛阳轴承集团股份有限公司车间内热火朝天。从毫米级到10余米级，各类轴承接连下线。70多年紧盯轴承深耕细作，如今洛轴高端轴承产值占比达70%。

实业兴国，实干兴邦。1月，辽宁本钢；5月，河南洛轴；7月，山西阳阀……2025年，习近平总书记多次走进制造业企业，强调：“制造业是国民经济的重要支柱，推进中国式现代化必须保持制造业合理比重。”

沿着总书记指引的方向，“中国制造”提速跃迁升级——

累计建成1260家5G工厂，新能源汽车、锂电池等一批优势产业培育壮大，新一代通信、脑机接口、生物制造等领域进入爆发增长阶段……传统产业“焕新”、新兴产业“领跑”、未来产业“生根”，现代化产业体系建设不断取得新成效。

着眼长远，党的二十届四中全会擘画蓝图，对未来5年经济社会发展作出科学谋划；果断部署，推出一揽子政策举措，着力稳就业、稳企业、稳市场、稳预期……关键时出手、紧要处发力，中国经济航船乘风破浪、行稳致远，高质量发展的确定性不断巩固和增强。

令人鼓舞的丰硕成果，凝结着亿万人的拼搏进取、耕耘奉献。

新年前夕，喜讯传来——历经4年多建设，西安至延安高铁正式开通，陕北革命老区从此迈入“高铁时代”，我国高铁营业里程至此突破5万公里，稳居世界第一。

星光不问赶路人，历史属于奋进者。辛勤劳作的农民、埋头苦干的工人、敢闯敢拼的创业者、乘势而上的企业家……中国式现代化的新征程上，一束束光芒，汇聚成奋进中国的磅礴伟力。

今天的中国，是梦想接连实现的中国。明天的中国，奋斗创造奇迹。

“14亿多中国人心往一处想、劲往一处使，同舟共济、众志成城，就没有干不成的事、迈不过的坎。”

**信心，源自发展活力的勃发奔涌**

习近平主席在二〇二六年新年贺词中强调：“我们依靠创新为高质量发展赋能”“创新创造催生了新质生产力，也让生活更加多姿多彩”。

回望这一年，中国经济向新而行、活力澎湃——

从年头到年尾，一项项亮眼成果，映照中国经济的创新势能。

登上春晚舞台扭秧歌，亮相半程马拉松赛，走上全球最长猫道，批量“入职”工厂打工……2025年，从“进场”到“进厂”，人形机器人亮出“功夫模式”，中国稳居全球第一大机器人生产国。

2025年初，DeepSeek（深度求索）横空出世；如今，数百款国产大模型已接入千行百业，每3名中国网民就有1名使用大模型……从智能交互到产业赋能，人工智能大模型你追我赶，中国成为全球人工智能专利最大拥有国。

科技与产业深度融合，创新成果竞相涌现——

看向深蓝，首艘电磁弹射型航母正式入列，中国海军迈入“三航母”时代；仰望苍穹，天问二号开启“追星”之旅，无人机演绎绚丽“烟花”；逐新攀高，雅下水电工程开工建设，芯片自主研发有了新突破……回首这一年，以自强不息的精神奋力攀登，到处都是日新月异的创造。

奔涌的创新活力背后，是厚积成势的新质生产力。

“要紧跟新一轮科技革命和产业变革的时代步伐，培育新质生产力”“要统筹推进教育科技人才一体发展，筑牢新质生产力发展的基础性、战略性支撑”……一场场重要会议，一次次地方考察，习近平总书记指方向、明重点，推动各地勇争先、善作为，因地制宜发展新质生产力。

新能源汽车产销量稳居世界首位，网络基础设施规模全球最大、覆盖最广，光伏、风电装机容量居全球第一……回望这5年，“全球之最”加速涌现，科技创新捷报频传，发展新动能愈发壮大。

走过“十四五”，秉持“逐梦星辰大海”的豪情壮志，新质生产力点亮今天的中国，展示出对高质量发展的强劲推动力、支撑力。

迈向“十五五”，把因地制宜发展新质生产力摆在更加突出的战略位置，明天的中国将活力满满、气象日新。

**信心，来自开放共赢的大国气度**

习近平主席在二〇二六年新年贺词中指出，“我们继续敞开胸怀拥抱世界”“中国始终站在历史正确一边，愿同各国携手促进世界和平发展，推动构建人类命运共同体”。

百年变局加速演进，习近平主席发表的新年贺词中，计利天下的情怀、合作共赢的格局，传递着鲜明的中国主张、为世界发展注入中国信心。

秋天里的两组镜头，传递和平发展的坚定信念——

2025年9月1日，上海合作组织天津峰会上，习近平主席面向世界郑重提出全球治理倡议，成为继全球发展倡议、全球安全倡议、全球文明倡议之后，新时代中国向世界贡献的又一重要公共产品，为动荡不安的世界注入稳定性和确定性。

2025年9月3日，天安门广场，中国人民抗日战争暨世界反法西斯战争胜利80周年纪念活动隆重举行。阅兵式上，受阅方队整装进发。铿锵足音，奔涌出时代的回响：“坚持走和平发展道路，与各国人民携手构建人类命运共同体。”

大道不孤，天下一家。为更好应对气候变化，宣布新一轮国家自主贡献；继“三大倡议”之后，提出全球治理倡议，推动建设更加公正合理的全球治理体系……回首这一年，作为全球第二大经济体、发展中大国的中国，“朋友圈”不断扩大，持续成为世界的和平力量、稳定力量、进步力量。

冬日里的开放脚步，刻录合作共赢的真诚心愿——

潮起海之南，开放新高地。2025年12月18日，海南自由贸易港正式启动全岛封关。

“一线”进口“零关税”享惠货物超4亿元；新增外贸备案企业近2000家，同比增长2.3倍；离岛免税购物金额11亿元，同比增长54.9%……封关首周，多项“升级”版自贸港政策，相继实现业务落地。

开放，中国式现代化的鲜明标识。连续多年保持货物贸易第一大国地位，广交会、服贸会、进博会接连举办，中欧班列累计开行突破12万列，制造业领域外资准入限制措施全面取消……回望这5年，中国开放的大门越开越大，为世界发展带来更多机遇。

天下情怀、开放气度，深藏于文化根脉之中——

2025年末，历经10年修缮，故宫养心殿重新对公众开放，不少外国游客慕名打卡，在一件件文物古迹间流连忘返。持续扩大高水平对外开放，“中国游”持续火热，2025年前三季度，免签入境外国人超2000万人次。

文物连着文明，也连着过去、现在和未来。2025年，“承载着中华民族的文化基因”，故宫博物院迎来建院100周年。百年风雨，百年守护，透过故宫这扇重要窗口，世界看到了赓续不辍的中华文明中包孕的蓬勃发展力量。

文博热、非遗热不断升温，世界遗产再添新员，悟空和哪吒风靡全球，古韵国风成为年轻人眼中的“顶流审美”……回首这一年，我们以文化滋养精神家园。传统与现代交融，中华文化绽放更加灿烂的光芒。

“泱泱中华，历史何其悠久，文明何其博大，这是我们的自信之基、力量之源。”

信心，植根文明、源于道路、成于实践。

东方既白，旭日初升。2026年是“十五五”开局之年。当新年的第一缕曙光跃出地平线，“中国号”巨轮驶入新的海域。回头看，“十四五”的壮阔航程已载入史册；向前看，“十五五”的宏伟蓝图正徐徐铺展。一起为梦想奋斗、为幸福打拼，宏伟愿景终将变成美好现实！

“山海寻梦，不觉其远；前路迢迢，阔步而行。”",韩  鑫  谷业凯  屈信明,要闻,,https://paper.people.com.cn/rmrb/pc/content/202601/03/content_30128984.html,2026-01-03,"['2025', '中国', '习近平', '新年贺词', '新质', '发展', '全球', '信心', '开放', '倡议']","“我们要锚定目标任务，坚定信心、乘势而上，扎实推动高质量发展，进一步全面深化改革开放，推进全体人民共同富裕，续写中国奇迹新篇章。”
一个幸福的约定，一份共同的期待。岁序更替之际，习近平主席发表二〇二六年新年贺词。温暖有力的话语，通过电波和网络传向世界，传递信心、催人奋进。
走过“十四五”、迈入“十五五”，在这样一个历史交汇点品读5年新年贺词，“信心”绵亘其中、愈发坚定——",政治,,,[]
继续回答好延安“窑洞之问”,"“党兴方能国强。”二〇二六年新年贺词中，习近平主席着眼我们党肩负的历史使命和时代重任，强调“要砥砺初心使命，持之以恒、久久为功，继续回答好延安‘窑洞之问’，书写无愧于人民的时代答卷”。
我们党历史这么长、规模这么大、执政这么久，如何跳出治乱兴衰的历史周期率？从“让人民来监督政府”到“自我革命”，“窑洞之问”的两个答案穿越时空、历久弥新，彰显的是党与人民风雨同舟、血脉相通、生死与共。
过去一年，扎实开展深入贯彻中央八项规定精神学习教育，深入推进风腐同查同治，坚决整治群众身边不正之风和腐败问题……徙木立信从严管党治党，去腐生肌推进自我革命，带来党风政风持续向好、事业发展阔步向前。
这些发生在我们身边的变化看得见、摸得着。
企业从入驻到申领补贴，“没吃过一顿饭，没喝过一顿酒，没送过一根烟”；有问题，政府工作人员上门解决。谈到浙江杭州的营商环境，一名民营企业家不吝赞许。
四川眉山太和镇永丰村，村级“小微权力”实行清单式管理，全流程从严后，干事反而简单了，村“两委”召集村民代表商议，账算得明明白白，事办得漂漂亮亮。当地干部感慨：“心里亮堂了，关系融洽了，干事也更顺了。”
管党治党越有效，经济社会发展的保障就越有力。从推进政治监督具体化、精准化、常态化，到持之以恒加固中央八项规定堤坝，管党治党锻造的是坚强的领导核心，净化的是发展的环境土壤，激发的是干事的磅礴力量。
新的一年，再启新程。要求继续回答好延安“窑洞之问”，体现我们党清醒的历史自觉、坚定的历史主动。
党的二十届四中全会审议通过“十五五”规划建议，为未来5年我国发展擘画蓝图。今年是“十五五”开局之年，党中央已经对全年经济社会发展和其他各项工作作出部署。如何确保党中央决策部署贯彻落实到位、实现“十五五”良好开局？
面对百年变局加速演进，面对老问题、新挑战，尤须保持战略清醒，积极识变应变求变。如何才能保持箭在弦上的备战姿态，随时有效应对风险挑战？
…………
习近平总书记指出：“我们的现代化既是最难的，也是最伟大的。”只有知难而进、迎难而上，主动担重担难，敢于攻坚克难，才能在披荆斩棘中不断开辟伟大事业的通途，我们的时代答卷才会无愧于党、无愧于人民。
当此之际，我们要廓清思想迷雾、纠正错误观念，对党的自我革命认识进一步到位。
“四大考验”“四种危险”长期存在，管党治党一刻也不能放松。从执行中央八项规定，到保持反腐败高压态势，越往后越严，任何人都不要心存侥幸、抱有幻想，更不能有降调变调的错误期待。
全面从严治党和鼓励担当作为内在统一，党的纪律和干事创业内在统一。严并不是要把大家管死，而是要形成风清气正的党内政治生态。党的纪律不是干事创业的枷锁，而是干净干事、大胆干事的准绳。
党进行自我革命，非但不会挫伤党员干部的积极性，反而能够更广泛更充分地调动党员干部的积极性；非但不会影响经济社会发展，反而能够为高质量发展提供坚强政治保证。
把造福人民作为根本价值取向，坚持为人民出政绩、以实干出政绩，走稳“赶考之路”，答好“窑洞之问”，新时代中国共产党人方向坚定、步履铿锵，我们的事业定能劈波斩浪、一往无前。","# 继续回答好延安“窑洞之问”

## ——习近平主席二〇二六年新年贺词启示录③

> 本报评论员《人民日报》（2026年01月03日第 01 版）

“党兴方能国强。”二〇二六年新年贺词中，习近平主席着眼我们党肩负的历史使命和时代重任，强调“要砥砺初心使命，持之以恒、久久为功，继续回答好延安‘窑洞之问’，书写无愧于人民的时代答卷”。

我们党历史这么长、规模这么大、执政这么久，如何跳出治乱兴衰的历史周期率？从“让人民来监督政府”到“自我革命”，“窑洞之问”的两个答案穿越时空、历久弥新，彰显的是党与人民风雨同舟、血脉相通、生死与共。

过去一年，扎实开展深入贯彻中央八项规定精神学习教育，深入推进风腐同查同治，坚决整治群众身边不正之风和腐败问题……徙木立信从严管党治党，去腐生肌推进自我革命，带来党风政风持续向好、事业发展阔步向前。

这些发生在我们身边的变化看得见、摸得着。

企业从入驻到申领补贴，“没吃过一顿饭，没喝过一顿酒，没送过一根烟”；有问题，政府工作人员上门解决。谈到浙江杭州的营商环境，一名民营企业家不吝赞许。

四川眉山太和镇永丰村，村级“小微权力”实行清单式管理，全流程从严后，干事反而简单了，村“两委”召集村民代表商议，账算得明明白白，事办得漂漂亮亮。当地干部感慨：“心里亮堂了，关系融洽了，干事也更顺了。”

管党治党越有效，经济社会发展的保障就越有力。从推进政治监督具体化、精准化、常态化，到持之以恒加固中央八项规定堤坝，管党治党锻造的是坚强的领导核心，净化的是发展的环境土壤，激发的是干事的磅礴力量。

新的一年，再启新程。要求继续回答好延安“窑洞之问”，体现我们党清醒的历史自觉、坚定的历史主动。

党的二十届四中全会审议通过“十五五”规划建议，为未来5年我国发展擘画蓝图。今年是“十五五”开局之年，党中央已经对全年经济社会发展和其他各项工作作出部署。如何确保党中央决策部署贯彻落实到位、实现“十五五”良好开局？

面对百年变局加速演进，面对老问题、新挑战，尤须保持战略清醒，积极识变应变求变。如何才能保持箭在弦上的备战姿态，随时有效应对风险挑战？

…………

习近平总书记指出：“我们的现代化既是最难的，也是最伟大的。”只有知难而进、迎难而上，主动担重担难，敢于攻坚克难，才能在披荆斩棘中不断开辟伟大事业的通途，我们的时代答卷才会无愧于党、无愧于人民。

当此之际，我们要廓清思想迷雾、纠正错误观念，对党的自我革命认识进一步到位。

“四大考验”“四种危险”长期存在，管党治党一刻也不能放松。从执行中央八项规定，到保持反腐败高压态势，越往后越严，任何人都不要心存侥幸、抱有幻想，更不能有降调变调的错误期待。

全面从严治党和鼓励担当作为内在统一，党的纪律和干事创业内在统一。严并不是要把大家管死，而是要形成风清气正的党内政治生态。党的纪律不是干事创业的枷锁，而是干净干事、大胆干事的准绳。

党进行自我革命，非但不会挫伤党员干部的积极性，反而能够更广泛更充分地调动党员干部的积极性；非但不会影响经济社会发展，反而能够为高质量发展提供坚强政治保证。

把造福人民作为根本价值取向，坚持为人民出政绩、以实干出政绩，走稳“赶考之路”，答好“窑洞之问”，新时代中国共产党人方向坚定、步履铿锵，我们的事业定能劈波斩浪、一往无前。",本报评论员,要闻,,https://paper.people.com.cn/rmrb/pc/content/202601/03/content_30128985.html,2026-01-03,"['之问', '干事', '治党', '管党', '窑洞', '无愧于', '人民', '八项', '自我', '我们']","“党兴方能国强。”二〇二六年新年贺词中，习近平主席着眼我们党肩负的历史使命和时代重任，强调“要砥砺初心使命，持之以恒、久久为功，继续回答好延安‘窑洞之问’，书写无愧于人民的时代答卷”。
我们党历史这么长、规模这么大、执政这么久，如何跳出治乱兴衰的历史周期率？从“让人民来监督政府”到“自我革命”，“窑洞之问”的两个答案穿越时空、历久弥新，彰显的是党与人民风雨同舟、血脉相通、生死与共。
过去一年，扎实开展深入贯彻中央八项规定精神学习教育，深入推进风腐同查同治，坚决整治群众身边不正之风和腐败问题……徙木立信从严管党治党，去腐生肌推进自我革命，带来党风政风持续向好、事业发展阔步向前。",政治,,,[]
优化实施“两新”政策“两重”项目（经济新方位）,"2026年，如何优化实施“两新”政策？如何以更大力度稳投资？如何纵深推进全国统一大市场建设？国家发展改革委近日召开新闻发布会，针对当前经济工作部分热点问题，国家发展改革委政策研究室副主任、委新闻发言人李超作了介绍。
“两新”政策将优化资金分配和支持范围等
近日，国家发展改革委、财政部印发通知，提出从支持范围、补贴标准、实施机制等方面优化实施2026年“两新”政策。
消费品以旧换新方面，2025年出现了补贴时断时续且难以预期、骗补套补、“先涨后补”等问题。在此基础上，国家发展改革委会同商务部等部门，进行了集中整治，充分论证、有针对性地完善了2026年的政策实施机制——
优化资金分配方式，在原有资金分配标准的基础上，综合考虑前期政策执行情况、审计发现问题等因素，合理确定各地资金分配规模；同时，对拖欠兑付较严重的地区，将通过适当方式加大督促和惩戒力度。均衡有序使用资金，国家层面，继续合理把握工作节奏，按季度分批次下达资金；地方层面，将指导地方均衡有序支出补贴资金，做好跨周、跨月、跨季度平稳衔接；要求地方建立补贴资金预拨制度，减轻企业垫资压力。严厉打击违法行为，重点做到严格资金审核、严格价格管理、严格执法监管。
设备更新改造方面，一些企业反映因为自有资金短缺、项目投资额达不到申报门槛等原因，没有享受到政策红利。对此，2026年相关工作也将作出针对性优化，以支持更多企业开展设备更新，扩大政策惠及面。一是优化范围。在总体延续2025年支持范围的基础上，主要增加3方面更新补贴：民生领域，增加老旧小区加装电梯、养老机构设备更新；安全领域，增加消防救援、检验检测设备更新；消费基础设施方面，增加商业综合体、购物中心、百货店、大型超市等线下消费商业设施的设备更新。二是进一步优化项目申报机制和审核流程，大幅降低投资额门槛。22个领域中，大部分已没有门槛，只在少部分领域为确保项目质量、提高资金使用效益，设置了较低门槛。三是强化监管。通过线上、线下等多种方式，加强对设备更新项目的全链条监管，切实解决企业诉求、提高资金使用效益。
2026年提前批“两重”建设项目清单已组织下达
近日，按照党中央、国务院决策部署，为进一步扩大有效投资，国家发展改革委组织下达2026年提前批“两重”建设项目清单和中央预算内投资计划，共计约2950亿元。
“两重”建设方面，强化“两重”性质、坚持自上而下、注重软硬结合，共安排约2200亿元，支持城市地下管网、高标准农田、“三北”工程、有效降低全社会物流成本等领域的281个项目，进一步突出“两重”建设的战略性、前瞻性、全局性。
中央预算内投资方面，聚焦需要集中力量、持续投入、补短板调结构惠民生的公共领域，安排超过750亿元，支持城市更新、水利、生态保护修复、污染治理、节能降碳等方面的673个项目，充分发挥政府投资引导带动作用。
与此同时，国家发展改革委还加快推出一批“软建设”举措，推动各类资金财尽其用，不断提高投资效益。比如，推动完善城市地下管网建设改造投融资模式和市政公用事业价费机制，健全灌区农业节水激励机制，加快完善现代物流标准体系，着力构建固体废弃物综合治理体系等，推动形成项目建设实施和运营维护的长效机制。
近期，国家发展改革委还批复或核准多个重大基础设施项目，包括广州新机场、新建湛江至海口跨海轮渡及相关线路工程等交通设施，辽宁省辽东半岛水资源配置工程、云南省丽江市南瓜坪水库工程等水利设施，浙江特高压交流环网工程、四川大渡河丹巴水电站等能源设施，以及怀柔、崖州湾实验室重大科研平台等科研设施。
“这些项目总投资超过4000亿元，将进一步完善我国现代化基础设施体系，为‘十五五’平稳开局提供有力支撑。”李超说。
集中清理2300余件地方违规设置准入壁垒的文件规定
建设全国统一大市场，既是攻坚战，也是持久战。其中，破除市场准入壁垒是重要方面。2025年4月，国家发展改革委部署开展了市场准入壁垒清理整治行动，取得积极进展。
一方面，集中清理了一批地方违规设置准入壁垒的文件规定。全国累计梳理排查3.8万余份文件规定，修订或废止缺乏上位法依据或与上位法相抵触、违规设置准入壁垒的文件规定2300余件。比如，某地级市出台地方性法规，规定可以通过组织论证、召开听证会等方式，确定企业能否进入当地市场，这实质上就是变相设置市场准入壁垒，导致当地企业在申请设立二手车等交易市场时受阻，属于在市场准入负面清单之外违规增设准入事项和准入环节的典型案例。经过督促指导，该市已立行立改，报请市人大常委会全文废止该地方性法规。
另一方面，破除了一批违规设置准入壁垒的做法情形。社会各界和有关媒体反映了有效问题线索372条，查证属实225条，涉及二手车交易、药品零售、建筑施工、交通运输等多个行业领域，已全部完成整改。比如，某县属国企组建本地施工企业库，要求入库企业的工商注册地必须位于本地，限制外地企业公平准入。该县已责令相关企业废止本地施工企业库。又比如，某市辖区交通运输局开展道路运输安全整顿期间，违规暂停混凝土搅拌车申请道路运输许可证，妨碍经营主体依法准入。该市已督促该区整改到位，恢复办理相关业务。
李超表示，下一步，国家发展改革委将坚持问题导向，纵深推进全国统一大市场建设。
一方面，把有利于全国统一大市场建设的各项制度规则立起来。推动出台妨碍建设全国统一大市场事项清单，进一步规范地方政府经济促进行为；研究制定促进招商引资健康发展的政策措施，引导地方政府因地制宜探索高水平招商引资新模式；研究制定全国统一大市场建设条例，完善行政处罚等领域行政裁量权基准制度，加强法治保障；推动健全有利于市场统一的财税体制、统计核算制度和考核评价体系。另一方面，破除不利于全国统一大市场建设的各种障碍。持续推进违规返还财税奖补、招标投标等领域问题整治；广泛征集各类妨碍全国统一大市场建设问题线索，适时公开通报有关典型案例。","### 国家发展改革委解读当前经济热点——

# 优化实施“两新”政策“两重”项目（经济新方位）

> 本报记者  刘志强《人民日报》（2026年01月03日第 02 版）

2026年，如何优化实施“两新”政策？如何以更大力度稳投资？如何纵深推进全国统一大市场建设？国家发展改革委近日召开新闻发布会，针对当前经济工作部分热点问题，国家发展改革委政策研究室副主任、委新闻发言人李超作了介绍。

**“两新”政策将优化资金分配和支持范围等**

近日，国家发展改革委、财政部印发通知，提出从支持范围、补贴标准、实施机制等方面优化实施2026年“两新”政策。

消费品以旧换新方面，2025年出现了补贴时断时续且难以预期、骗补套补、“先涨后补”等问题。在此基础上，国家发展改革委会同商务部等部门，进行了集中整治，充分论证、有针对性地完善了2026年的政策实施机制——

优化资金分配方式，在原有资金分配标准的基础上，综合考虑前期政策执行情况、审计发现问题等因素，合理确定各地资金分配规模；同时，对拖欠兑付较严重的地区，将通过适当方式加大督促和惩戒力度。均衡有序使用资金，国家层面，继续合理把握工作节奏，按季度分批次下达资金；地方层面，将指导地方均衡有序支出补贴资金，做好跨周、跨月、跨季度平稳衔接；要求地方建立补贴资金预拨制度，减轻企业垫资压力。严厉打击违法行为，重点做到严格资金审核、严格价格管理、严格执法监管。

设备更新改造方面，一些企业反映因为自有资金短缺、项目投资额达不到申报门槛等原因，没有享受到政策红利。对此，2026年相关工作也将作出针对性优化，以支持更多企业开展设备更新，扩大政策惠及面。一是优化范围。在总体延续2025年支持范围的基础上，主要增加3方面更新补贴：民生领域，增加老旧小区加装电梯、养老机构设备更新；安全领域，增加消防救援、检验检测设备更新；消费基础设施方面，增加商业综合体、购物中心、百货店、大型超市等线下消费商业设施的设备更新。二是进一步优化项目申报机制和审核流程，大幅降低投资额门槛。22个领域中，大部分已没有门槛，只在少部分领域为确保项目质量、提高资金使用效益，设置了较低门槛。三是强化监管。通过线上、线下等多种方式，加强对设备更新项目的全链条监管，切实解决企业诉求、提高资金使用效益。

**2026年提前批“两重”建设项目清单已组织下达**

近日，按照党中央、国务院决策部署，为进一步扩大有效投资，国家发展改革委组织下达2026年提前批“两重”建设项目清单和中央预算内投资计划，共计约2950亿元。

“两重”建设方面，强化“两重”性质、坚持自上而下、注重软硬结合，共安排约2200亿元，支持城市地下管网、高标准农田、“三北”工程、有效降低全社会物流成本等领域的281个项目，进一步突出“两重”建设的战略性、前瞻性、全局性。

中央预算内投资方面，聚焦需要集中力量、持续投入、补短板调结构惠民生的公共领域，安排超过750亿元，支持城市更新、水利、生态保护修复、污染治理、节能降碳等方面的673个项目，充分发挥政府投资引导带动作用。

与此同时，国家发展改革委还加快推出一批“软建设”举措，推动各类资金财尽其用，不断提高投资效益。比如，推动完善城市地下管网建设改造投融资模式和市政公用事业价费机制，健全灌区农业节水激励机制，加快完善现代物流标准体系，着力构建固体废弃物综合治理体系等，推动形成项目建设实施和运营维护的长效机制。

近期，国家发展改革委还批复或核准多个重大基础设施项目，包括广州新机场、新建湛江至海口跨海轮渡及相关线路工程等交通设施，辽宁省辽东半岛水资源配置工程、云南省丽江市南瓜坪水库工程等水利设施，浙江特高压交流环网工程、四川大渡河丹巴水电站等能源设施，以及怀柔、崖州湾实验室重大科研平台等科研设施。

“这些项目总投资超过4000亿元，将进一步完善我国现代化基础设施体系，为‘十五五’平稳开局提供有力支撑。”李超说。

**集中清理2300余件地方违规设置准入壁垒的文件规定**

建设全国统一大市场，既是攻坚战，也是持久战。其中，破除市场准入壁垒是重要方面。2025年4月，国家发展改革委部署开展了市场准入壁垒清理整治行动，取得积极进展。

一方面，集中清理了一批地方违规设置准入壁垒的文件规定。全国累计梳理排查3.8万余份文件规定，修订或废止缺乏上位法依据或与上位法相抵触、违规设置准入壁垒的文件规定2300余件。比如，某地级市出台地方性法规，规定可以通过组织论证、召开听证会等方式，确定企业能否进入当地市场，这实质上就是变相设置市场准入壁垒，导致当地企业在申请设立二手车等交易市场时受阻，属于在市场准入负面清单之外违规增设准入事项和准入环节的典型案例。经过督促指导，该市已立行立改，报请市人大常委会全文废止该地方性法规。

另一方面，破除了一批违规设置准入壁垒的做法情形。社会各界和有关媒体反映了有效问题线索372条，查证属实225条，涉及二手车交易、药品零售、建筑施工、交通运输等多个行业领域，已全部完成整改。比如，某县属国企组建本地施工企业库，要求入库企业的工商注册地必须位于本地，限制外地企业公平准入。该县已责令相关企业废止本地施工企业库。又比如，某市辖区交通运输局开展道路运输安全整顿期间，违规暂停混凝土搅拌车申请道路运输许可证，妨碍经营主体依法准入。该市已督促该区整改到位，恢复办理相关业务。

李超表示，下一步，国家发展改革委将坚持问题导向，纵深推进全国统一大市场建设。

一方面，把有利于全国统一大市场建设的各项制度规则立起来。推动出台妨碍建设全国统一大市场事项清单，进一步规范地方政府经济促进行为；研究制定促进招商引资健康发展的政策措施，引导地方政府因地制宜探索高水平招商引资新模式；研究制定全国统一大市场建设条例，完善行政处罚等领域行政裁量权基准制度，加强法治保障；推动健全有利于市场统一的财税体制、统计核算制度和考核评价体系。另一方面，破除不利于全国统一大市场建设的各种障碍。持续推进违规返还财税奖补、招标投标等领域问题整治；广泛征集各类妨碍全国统一大市场建设问题线索，适时公开通报有关典型案例。",刘志强,要闻,,https://paper.people.com.cn/rmrb/pc/content/202601/03/content_30128990.html,2026-01-03,"['2026', '准入', '建设', '壁垒', '两重', '优化', '违规', '统一', '项目', '领域']","2026年，如何优化实施“两新”政策？如何以更大力度稳投资？如何纵深推进全国统一大市场建设？国家发展改革委近日召开新闻发布会，针对当前经济工作部分热点问题，国家发展改革委政策研究室副主任、委新闻发言人李超作了介绍。
“两新”政策将优化资金分配和支持范围等
近日，国家发展改革委、财政部印发通知，提出从支持范围、补贴标准、实施机制等方面优化实施2026年“两新”政策。",政治,,,[]
盐碱地上，创业村正创业（迈向“十五五”的发展图景·大国小村）,"坚持产量产能、生产生态、增产增收一起抓，统筹发展科技农业、绿色农业、质量农业、品牌农业，把农业建成现代化大产业。
——摘自“十五五”规划建议
吉林省白城市镇赉县嘎什根乡，有个村得名“创业”。问起原因，村党支部书记李光说：“1998年的一场大水冲垮多个村落，后来合并建村取名‘创业’。”
村民们艰苦“创业”，很快重建家园。但地处苏打盐碱地集中分布区，这里植被稀疏、盐碱斑驳。“那时一公顷地只打三五百斤玉米，种子钱都收不回。”种粮大户李彦君记得，最艰难时，全村1/5的农户戴着贫困“帽子”。
转机来自村东头的一间小楼——吉林省农业科学院苏打盐碱土改良与利用科学实验站。在这里，科研工作者进行盐碱地水稻种植技术研究、试验和推广。
技术治得好“土地病”，却治不好村民的“心病”。“白给都不种！”李光仍记得当年他走家串户劝耕时的窘迫，“大家吃过亏，没信心。路通渠畅的好地，每公顷每年的租金只要1500元，却没人愿意种。”
“效果好不好，咱们要带头先试。”一片质疑声中，村干部带头试种，按照技术细节逐步摸索。秋收时节，见到稻穗沉甸甸，村里人放下顾虑。村中原先在册耕地只有280多公顷，经过多年“创业”，现有的950多公顷土地种满水稻。
产量上来了，卖不上价又成了难题。
时任嘎什根乡农业技术推广站站长的王建国找到村里：“弱碱性大米是咱们这里的特色。”市里和县里出主意：打造绿色农业、品牌农业，让好米卖出好价格。
村民不太懂，更不知道该怎么干。李光再次走家串户做工作：“要把大米做成品牌，得把控质量，科学用药。”
“减产怎么办？我家的地，不用村里管。”
“品牌打出来，售价还能高，这账不亏。”
李光说，那时天天找村民聊，为的就是把好理念转换成一本本农家账，讲给大家听。村里还协调资源引入“订单农业”模式，“村民只管种好米，销路不用愁。”
后顾之忧解决，大家慢慢加入绿色水稻种植行列，这其中也包括李彦君。据他说，绿色大米均价比普通大米高20%，家里13公顷稻田2025年毛收入超40万元。
2024年底，嘎什根乡成功列入全国绿色食品原料标准化生产基地名录。截至目前，镇赉县水稻种植面积已达155.9万亩，9家加工企业、20余家合作社拿到100个绿色大米品牌认证，“镇赉大米”区域公共品牌价值已突破10亿元。
“10多年前村集体账上一分钱没有，2025年已经突破50万元。”李光说，20余万元给村民分红，剩下的用于村里的基础设施建设。如今村中道路干净整洁，文化广场上不时有扭秧歌的人群……
新的一年，李光许下心愿：“再争取些资金，把村子自己的水稻加工厂建起来；加强培训，引进更多农业新技术；把直播带货做起来，进一步打开大米销路……创业兴村，咱创业村得接着创业、接着努力。”
本期统筹：张安宇
（相关新媒体报道见人民日报全国党媒信息公共平台《大国小村》传播云平台、农民日报官方公众号及“学习强国”学习平台同名专题）","# 盐碱地上，创业村正创业（迈向“十五五”的发展图景·大国小村）

> 本报记者  门杰伟《人民日报》（2026年01月03日第 02 版）

坚持产量产能、生产生态、增产增收一起抓，统筹发展科技农业、绿色农业、质量农业、品牌农业，把农业建成现代化大产业。

——摘自“十五五”规划建议

吉林省白城市镇赉县嘎什根乡，有个村得名“创业”。问起原因，村党支部书记李光说：“1998年的一场大水冲垮多个村落，后来合并建村取名‘创业’。”

村民们艰苦“创业”，很快重建家园。但地处苏打盐碱地集中分布区，这里植被稀疏、盐碱斑驳。“那时一公顷地只打三五百斤玉米，种子钱都收不回。”种粮大户李彦君记得，最艰难时，全村1/5的农户戴着贫困“帽子”。

转机来自村东头的一间小楼——吉林省农业科学院苏打盐碱土改良与利用科学实验站。在这里，科研工作者进行盐碱地水稻种植技术研究、试验和推广。

技术治得好“土地病”，却治不好村民的“心病”。“白给都不种！”李光仍记得当年他走家串户劝耕时的窘迫，“大家吃过亏，没信心。路通渠畅的好地，每公顷每年的租金只要1500元，却没人愿意种。”

“效果好不好，咱们要带头先试。”一片质疑声中，村干部带头试种，按照技术细节逐步摸索。秋收时节，见到稻穗沉甸甸，村里人放下顾虑。村中原先在册耕地只有280多公顷，经过多年“创业”，现有的950多公顷土地种满水稻。

产量上来了，卖不上价又成了难题。

时任嘎什根乡农业技术推广站站长的王建国找到村里：“弱碱性大米是咱们这里的特色。”市里和县里出主意：打造绿色农业、品牌农业，让好米卖出好价格。

村民不太懂，更不知道该怎么干。李光再次走家串户做工作：“要把大米做成品牌，得把控质量，科学用药。”

“减产怎么办？我家的地，不用村里管。”

“品牌打出来，售价还能高，这账不亏。”

李光说，那时天天找村民聊，为的就是把好理念转换成一本本农家账，讲给大家听。村里还协调资源引入“订单农业”模式，“村民只管种好米，销路不用愁。”

后顾之忧解决，大家慢慢加入绿色水稻种植行列，这其中也包括李彦君。据他说，绿色大米均价比普通大米高20%，家里13公顷稻田2025年毛收入超40万元。

2024年底，嘎什根乡成功列入全国绿色食品原料标准化生产基地名录。截至目前，镇赉县水稻种植面积已达155.9万亩，9家加工企业、20余家合作社拿到100个绿色大米品牌认证，“镇赉大米”区域公共品牌价值已突破10亿元。

“10多年前村集体账上一分钱没有，2025年已经突破50万元。”李光说，20余万元给村民分红，剩下的用于村里的基础设施建设。如今村中道路干净整洁，文化广场上不时有扭秧歌的人群……

新的一年，李光许下心愿：“再争取些资金，把村子自己的水稻加工厂建起来；加强培训，引进更多农业新技术；把直播带货做起来，进一步打开大米销路……创业兴村，咱创业村得接着创业、接着努力。”

本期统筹：张安宇

（相关新媒体报道见人民日报全国党媒信息公共平台《大国小村》传播云平台、农民日报官方公众号及“学习强国”学习平台同名专题）",门杰伟,要闻,,https://paper.people.com.cn/rmrb/pc/content/202601/03/content_30128991.html,2026-01-03,"['创业', '农业', '李光', '大米', '村民', '什根乡', '水稻', '绿色', '品牌', '盐碱地']","坚持产量产能、生产生态、增产增收一起抓，统筹发展科技农业、绿色农业、质量农业、品牌农业，把农业建成现代化大产业。
——摘自“十五五”规划建议
吉林省白城市镇赉县嘎什根乡，有个村得名“创业”。问起原因，村党支部书记李光说：“1998年的一场大水冲垮多个村落，后来合并建村取名‘创业’。”",经济,,,[]
走好自己的创业路,"我是土生土长的本村人，过去在外打工，攒下些钱，但舍不得家里，就又回到村里种地。
盐碱地里种粮食太难。村里人都笑话，父母也埋怨我，“这地我们年轻时种过，就是白搭。”
回想起来，敢硬着头皮往盐碱地里砸钱，既是看到了农业技术的进步，也是因为村支书李光几次上门说动了我。
一年年过去，靠着不服输的劲儿，还有村里的帮助、农技专家的指导，粮食产量越来越高，收入也水涨船高，我从盐碱地里刨出了“金疙瘩”。怕自己赶不上农业发展的潮流，这些年，我还报名参加了市、县、乡里组织的各类新型职业农民培训，把田管、病虫害防治等水稻种植技术学了个遍，种粮更有底气。
现在，村里修了路、有了路灯，条件好了，但一些年轻人还是觉得回家种地不体面、不赚钱。
我寻思，未来还得靠规模化经营加上大农机；现在村里搞绿色农业、品牌农业，水稻产业链也得向着加工、销售方向延伸。但这背后要钱、要人、要技术，终究得把年轻人吸引回来。
创业村经历一次次创业才有了今天，我也要走好自己的创业路，让年轻人知道，盐碱地里不光能刨出“金疙瘩”，还有职业农民、绿色农业和品牌农业的“金饭碗”。
（本报记者门杰伟采访整理）","# 走好自己的创业路

> 李彦君《人民日报》（2026年01月03日第 02 版）

我是土生土长的本村人，过去在外打工，攒下些钱，但舍不得家里，就又回到村里种地。

盐碱地里种粮食太难。村里人都笑话，父母也埋怨我，“这地我们年轻时种过，就是白搭。”

回想起来，敢硬着头皮往盐碱地里砸钱，既是看到了农业技术的进步，也是因为村支书李光几次上门说动了我。

一年年过去，靠着不服输的劲儿，还有村里的帮助、农技专家的指导，粮食产量越来越高，收入也水涨船高，我从盐碱地里刨出了“金疙瘩”。怕自己赶不上农业发展的潮流，这些年，我还报名参加了市、县、乡里组织的各类新型职业农民培训，把田管、病虫害防治等水稻种植技术学了个遍，种粮更有底气。

现在，村里修了路、有了路灯，条件好了，但一些年轻人还是觉得回家种地不体面、不赚钱。

我寻思，未来还得靠规模化经营加上大农机；现在村里搞绿色农业、品牌农业，水稻产业链也得向着加工、销售方向延伸。但这背后要钱、要人、要技术，终究得把年轻人吸引回来。

创业村经历一次次创业才有了今天，我也要走好自己的创业路，让年轻人知道，盐碱地里不光能刨出“金疙瘩”，还有职业农民、绿色农业和品牌农业的“金饭碗”。

（本报记者门杰伟采访整理）",李彦君,要闻,,https://paper.people.com.cn/rmrb/pc/content/202601/03/content_30128992.html,2026-01-03,"['盐碱地', '农业', '村里', '创业', '年轻人', '种地', '疙瘩', '技术', '水稻', '绿色']","我是土生土长的本村人，过去在外打工，攒下些钱，但舍不得家里，就又回到村里种地。
盐碱地里种粮食太难。村里人都笑话，父母也埋怨我，“这地我们年轻时种过，就是白搭。”
回想起来，敢硬着头皮往盐碱地里砸钱，既是看到了农业技术的进步，也是因为村支书李光几次上门说动了我。",其他,,,[]
加强品牌农业建设（专家点评）,"我国推进农业品牌建设，培育了一批绿色、有机、名特优新和地理标志农产品，提高农民收入、促进农产品供需结构升级。
以吉林的镇赉大米为例。生产端，因地制宜化盐碱地劣势为优势，结合精深加工推出弱碱性大米等高附加值品类。健全利益联结机制，实现农民、企业、科研机构等联动发展。销售端，做好产销衔接，通过精准化定位、品牌化发展与立体化营销，努力做到优质优价。
也应看到，叫得响、实力强、辐射范围广的大品牌还不够多，一些地方“重生产、轻市场”，长远规划不足，农产品质量存在波动，品牌培育的耐心和定力需加强。
“十五五”时期，要加强品牌农业建设。应以质量作为保证，推进农产品标准化体系建设，补齐加工技术、冷链物流、质量追溯等方面短板，让消费者放心购买。加快构建农产品营销服务体系，培育懂农业、会经营、善营销的复合型人才，推动区域公用品牌、企业品牌和产品品牌梯次培育和协同发展，并在渠道对接、金融服务、营销推广等方面形成多部门合力，推动农业由“卖原料”向“卖产品”“卖品牌”转变。
（作者为中国农业科学院农业经济与发展研究所研究员，本报记者郁静娴采访整理）","# 加强品牌农业建设（专家点评）

> 陈秧分《人民日报》（2026年01月03日第 02 版）

我国推进农业品牌建设，培育了一批绿色、有机、名特优新和地理标志农产品，提高农民收入、促进农产品供需结构升级。

以吉林的镇赉大米为例。生产端，因地制宜化盐碱地劣势为优势，结合精深加工推出弱碱性大米等高附加值品类。健全利益联结机制，实现农民、企业、科研机构等联动发展。销售端，做好产销衔接，通过精准化定位、品牌化发展与立体化营销，努力做到优质优价。

也应看到，叫得响、实力强、辐射范围广的大品牌还不够多，一些地方“重生产、轻市场”，长远规划不足，农产品质量存在波动，品牌培育的耐心和定力需加强。

“十五五”时期，要加强品牌农业建设。应以质量作为保证，推进农产品标准化体系建设，补齐加工技术、冷链物流、质量追溯等方面短板，让消费者放心购买。加快构建农产品营销服务体系，培育懂农业、会经营、善营销的复合型人才，推动区域公用品牌、企业品牌和产品品牌梯次培育和协同发展，并在渠道对接、金融服务、营销推广等方面形成多部门合力，推动农业由“卖原料”向“卖产品”“卖品牌”转变。

（作者为中国农业科学院农业经济与发展研究所研究员，本报记者郁静娴采访整理）",陈秧分,要闻,,https://paper.people.com.cn/rmrb/pc/content/202601/03/content_30128993.html,2026-01-03,"['品牌', '农产品', '农业', '营销', '培育', '建设', '质量', '大米', '加强', '发展']","我国推进农业品牌建设，培育了一批绿色、有机、名特优新和地理标志农产品，提高农民收入、促进农产品供需结构升级。
以吉林的镇赉大米为例。生产端，因地制宜化盐碱地劣势为优势，结合精深加工推出弱碱性大米等高附加值品类。健全利益联结机制，实现农民、企业、科研机构等联动发展。销售端，做好产销衔接，通过精准化定位、品牌化发展与立体化营销，努力做到优质优价。
也应看到，叫得响、实力强、辐射范围广的大品牌还不够多，一些地方“重生产、轻市场”，长远规划不足，农产品质量存在波动，品牌培育的耐心和定力需加强。",经济,,,[]
搬出小岛，老人住得稳过得好（迈向“十五五”的民生图景）,"稳步推进基本公共服务均等化。
——摘自“十五五”规划建议
“这么多人聚在一起包饺子，热热闹闹的，真开心！”浙江省舟山市嵊泗县城的迁居廉租房活动室内，蒸汽氤氲、香气弥漫。73岁的王亚球和半个多月前刚从约16海里外的西绿华岛“跨海”而来的老人们，一起享受冬日美味。
看着母亲和大家在一起，王亚球的女儿金建娜也跟着笑了。“爸妈在泗礁本岛有了家，还有那么多老伙伴一起，我心里也踏实了。”金建娜说，几个月前的一个夜晚，母亲在西绿华岛上摔了一跤。由于岛上医疗条件有限，当时只能简单贴敷膏药缓解。直到10天后，她疼痛难忍，到县城医院检查才发现，双侧竟各有5根肋骨骨折。
“父母此前住在小岛上，我们做子女的总是担心。”金建娜说，“现在搬来大岛，我们不用再乘船往小岛上送东西，骑电动车15分钟就能来看他们。”
从家门口步行至公交车站仅需两三分钟，公交车能免费乘坐；家门口几百米外就是“幸福驿家”，志愿者定期给老人理发、剪指甲、表演戏曲……“今后的生活有福享了。”王亚球说。
其实，“搬还是不搬”的想法曾在王亚球的脑海里打转。“虽说小岛上能种种菜、放放网（岸边捕小海鲜），但是年纪大了终归离子女近点好。”王亚球说，岛上的亲戚朋友大都之前就搬了，自己也终于下定了搬的决心，“政策也好，房子每月只要150元租金。”
在舟山，偏远小岛基本只有少量老人留守，岛上养老、医疗、交通等公共服务资源共享性差、供给不均衡。2024年3月，舟山市研究出台保障小岛迁居政策体系，实施“小岛迁、大岛建”工程，逐步引导小岛老人出岛集中安养，并创新实施“权随人（户）走”，保持集体资产收益分配权、土地承包权、宅基地权益等“三不变”，切实消除迁居老人后顾之忧。
舟山市民政局养老服务处处长於玲玲介绍，为确保老人“迁得出、住得稳、过得好”，舟山还配套建设廉租房、公租房、集中安养设施等，加大老人福利、社会救助、身后事等政策集成。
安心出岛、集中养老，大幅缩小了海岛与城区间的养老服务差距。截至目前，舟山16个常住人口100人以下小岛以及工程迁建小岛中，14个已完成迁居工作。同时，全市已建成6个集中安养之家和10余个相对集中安养社区。
“我们将继续以基本公共服务一体化改革为牵引，着力优化县乡村三级养老网络，做深做实‘家门口’养老服务，不断提升海岛老人的获得感、幸福感。”舟山市民政局副局长竺最波说。
老人迁居后，一座座小岛也迎来新发展：西岠岛发展南美对虾养殖产业，虾塘餐厅、透明工厂研学、节庆市集“破土而出”；西蟹峙岛能源储运、造船产业蓬勃壮大；大双山岛联动周边岛屿，构成休闲渔业、特色民宿和水上运动旅游新空间；东绿华岛风电机组输出源源不断的清洁能源……
“各岛资源禀赋不同，我们将通过‘一岛一策’实现精准开发、规范管理。”舟山市发展改革委社会与人口发展处处长王哲介绍，一系列盘活海岛资源、保障生态安全、培育特色产业的实招硬招，让舟山小岛各美其美，发挥更大效益。
（方智斌参与采写）","# 搬出小岛，老人住得稳过得好（迈向“十五五”的民生图景）

> 本报记者  刘军国《人民日报》（2026年01月03日第 04 版）

稳步推进基本公共服务均等化。

——摘自“十五五”规划建议

“这么多人聚在一起包饺子，热热闹闹的，真开心！”浙江省舟山市嵊泗县城的迁居廉租房活动室内，蒸汽氤氲、香气弥漫。73岁的王亚球和半个多月前刚从约16海里外的西绿华岛“跨海”而来的老人们，一起享受冬日美味。

看着母亲和大家在一起，王亚球的女儿金建娜也跟着笑了。“爸妈在泗礁本岛有了家，还有那么多老伙伴一起，我心里也踏实了。”金建娜说，几个月前的一个夜晚，母亲在西绿华岛上摔了一跤。由于岛上医疗条件有限，当时只能简单贴敷膏药缓解。直到10天后，她疼痛难忍，到县城医院检查才发现，双侧竟各有5根肋骨骨折。

“父母此前住在小岛上，我们做子女的总是担心。”金建娜说，“现在搬来大岛，我们不用再乘船往小岛上送东西，骑电动车15分钟就能来看他们。”

从家门口步行至公交车站仅需两三分钟，公交车能免费乘坐；家门口几百米外就是“幸福驿家”，志愿者定期给老人理发、剪指甲、表演戏曲……“今后的生活有福享了。”王亚球说。

其实，“搬还是不搬”的想法曾在王亚球的脑海里打转。“虽说小岛上能种种菜、放放网（岸边捕小海鲜），但是年纪大了终归离子女近点好。”王亚球说，岛上的亲戚朋友大都之前就搬了，自己也终于下定了搬的决心，“政策也好，房子每月只要150元租金。”

在舟山，偏远小岛基本只有少量老人留守，岛上养老、医疗、交通等公共服务资源共享性差、供给不均衡。2024年3月，舟山市研究出台保障小岛迁居政策体系，实施“小岛迁、大岛建”工程，逐步引导小岛老人出岛集中安养，并创新实施“权随人（户）走”，保持集体资产收益分配权、土地承包权、宅基地权益等“三不变”，切实消除迁居老人后顾之忧。

舟山市民政局养老服务处处长於玲玲介绍，为确保老人“迁得出、住得稳、过得好”，舟山还配套建设廉租房、公租房、集中安养设施等，加大老人福利、社会救助、身后事等政策集成。

安心出岛、集中养老，大幅缩小了海岛与城区间的养老服务差距。截至目前，舟山16个常住人口100人以下小岛以及工程迁建小岛中，14个已完成迁居工作。同时，全市已建成6个集中安养之家和10余个相对集中安养社区。

“我们将继续以基本公共服务一体化改革为牵引，着力优化县乡村三级养老网络，做深做实‘家门口’养老服务，不断提升海岛老人的获得感、幸福感。”舟山市民政局副局长竺最波说。

老人迁居后，一座座小岛也迎来新发展：西岠岛发展南美对虾养殖产业，虾塘餐厅、透明工厂研学、节庆市集“破土而出”；西蟹峙岛能源储运、造船产业蓬勃壮大；大双山岛联动周边岛屿，构成休闲渔业、特色民宿和水上运动旅游新空间；东绿华岛风电机组输出源源不断的清洁能源……

“各岛资源禀赋不同，我们将通过‘一岛一策’实现精准开发、规范管理。”舟山市发展改革委社会与人口发展处处长王哲介绍，一系列盘活海岛资源、保障生态安全、培育特色产业的实招硬招，让舟山小岛各美其美，发挥更大效益。

（方智斌参与采写）",刘军国,要闻,编组_20260314_0932_01,https://paper.people.com.cn/rmrb/pc/content/202601/03/content_30129004.html,2026-01-03,"['小岛', '王亚球', '老人', '舟山市', '安养', '养老', '迁居', '舟山', '金建娜', '岛上']","稳步推进基本公共服务均等化。
——摘自“十五五”规划建议
“这么多人聚在一起包饺子，热热闹闹的，真开心！”浙江省舟山市嵊泗县城的迁居廉租房活动室内，蒸汽氤氲、香气弥漫。73岁的王亚球和半个多月前刚从约16海里外的西绿华岛“跨海”而来的老人们，一起享受冬日美味。",政治,series_fd1ca6c0,1.0,['集中迁居里的发展智慧（编辑手记）']
集中迁居里的发展智慧（编辑手记）,"面对偏远小岛老人居住分散、公共服务短缺等问题，浙江舟山创新实施“小岛迁、大岛建”工程，充分发挥规模效应，探索出了一条民生改善与经济发展协同的新路径。
从民生角度看，大岛集中安养提质增效。在大岛建设集中安养社区、完善配套设施，显著降低了公共服务成本，大幅缩小了海岛与城区间的养老服务差距，老人们的生活变得更方便、更安全、更温暖。
从发展角度看，小岛各展所长焕发新生机。在“一岛一策”的引导下，搬迁后的小岛并未“沉睡”，而是立足资源禀赋，实现精准开发，释放出更大的发展活力。
各地坚持系统观念，因地制宜，一定能在民生改善与经济发展之间找到更优解，实现多方共赢，绘就美好生活新图景。","# 集中迁居里的发展智慧（编辑手记）

> 韩春瑶《人民日报》（2026年01月03日第 04 版）

面对偏远小岛老人居住分散、公共服务短缺等问题，浙江舟山创新实施“小岛迁、大岛建”工程，充分发挥规模效应，探索出了一条民生改善与经济发展协同的新路径。

从民生角度看，大岛集中安养提质增效。在大岛建设集中安养社区、完善配套设施，显著降低了公共服务成本，大幅缩小了海岛与城区间的养老服务差距，老人们的生活变得更方便、更安全、更温暖。

从发展角度看，小岛各展所长焕发新生机。在“一岛一策”的引导下，搬迁后的小岛并未“沉睡”，而是立足资源禀赋，实现精准开发，释放出更大的发展活力。

各地坚持系统观念，因地制宜，一定能在民生改善与经济发展之间找到更优解，实现多方共赢，绘就美好生活新图景。",韩春瑶,要闻,编组_20260314_0932_01,https://paper.people.com.cn/rmrb/pc/content/202601/03/content_30129005.html,2026-01-03,"['小岛', '大岛', '安养', '民生', '发展', '公共服务', '集中', '角度看', '提质', '各展所长']","面对偏远小岛老人居住分散、公共服务短缺等问题，浙江舟山创新实施“小岛迁、大岛建”工程，充分发挥规模效应，探索出了一条民生改善与经济发展协同的新路径。
从民生角度看，大岛集中安养提质增效。在大岛建设集中安养社区、完善配套设施，显著降低了公共服务成本，大幅缩小了海岛与城区间的养老服务差距，老人们的生活变得更方便、更安全、更温暖。
从发展角度看，小岛各展所长焕发新生机。在“一岛一策”的引导下，搬迁后的小岛并未“沉睡”，而是立足资源禀赋，实现精准开发，释放出更大的发展活力。",经济,series_fd1ca6c0,2.0,['搬出小岛，老人住得稳过得好（迈向“十五五”的民生图景）']
沉下心来抓落实、办实事（“十五五”开好局起好步）,"开栏的话
“十五五”时期是基本实现社会主义现代化夯实基础、全面发力的关键时期。今年是“十五五”开局之年，习近平总书记强调“确保‘十五五’开好局、起好步”。
前路迢迢，阔步而行。本报今起推出“‘十五五’开好局起好步”专栏，聚焦各地区各部门锚定目标任务、扎实推动高质量发展的有力举措和积极探索，展现广大干部群众坚定信心、乘势而上，不断开创中国式现代化建设新局面的生动实践。
2026年，“十五五”开局之年。开局关系全局，起步决定后势。
习近平总书记在中央经济工作会议上殷殷嘱托：“定了就要落实，各级各部门都要有大局观、执行力。”二〇二六年新年贺词中，总书记深情勉励：“我们要锚定目标任务，坚定信心、乘势而上”。
开年以来，各地区各部门担当作为、奋勇争先，沉下心来抓落实、办实事。神州大地，热气腾腾、蒸蒸日上。
在全国大局中找准定位
开局之年，当有开局之识。
大国之大，体现在各地差异之大。“生物有多样性，地区有差异性，有老年人，有青年人，有的年幼有的年长，为什么都选择干一样的活呢？”
习近平总书记叮嘱各地区各部门要“自觉在大局下行动，下好全国一盘棋”。中央经济工作会议要求“在大局中把握”2026年经济工作的关键着力点。
在全国大局中找准定位，有效结合国家战略、市场需求、地区优势，各地持续探索高质量发展新模式。
南海之滨，开放潮涌。
1月3日9时许，一架来自哈萨克斯坦的客机降落在海南三亚凤凰国际机场。只要1分钟，国际旅客即可“无感通关”、便捷入境。
海南自贸港全岛封关运作以来，政策红利持续释放。发挥叠加优势，海南从全局谋一域，以一域服务全局。
“开局之年，海南将主动对接国际高标准经贸规则，切实把政策优势转变为发展胜势。”海南省发展改革委主任綦树利说。
黄浦江畔，向新争流。
起步、爬坡、轧过碎石路……1月2日，上海临港，智元创新（上海）科技股份有限公司的工厂里，一台台通用具身机器人正在接受行走、负载和关节稳定性测试。
一台机器人通身2万多个部件，几乎都能在长三角百公里范围内找到供应商。控制器来自上海、伺服电机来自浙江、减速器产自江苏、壳体则来自安徽……长三角的机器人产供链日益完善、越发强韧。
对国际科技创新中心的创建，习近平总书记谋深思远：“党中央决定，将北京国际科创中心扩围至京津冀，上海国际科创中心扩围至长三角”“树立以科技支撑引领中国式现代化的标杆”。
“从上海到上海（长三角），不仅是空间的扩展，更凸显我国科技创新区域协同、系统集成的大局观。”上海社会科学院经济研究所所长沈开艳说。
把握定位、服务全局，实践奏出交响。
三晋大地，昔日矿井深处的“废气”煤层气变为清洁能源，山西聚焦国家资源型经济转型综合配套改革试验区建设，澎湃新动能；塞北林海，上万名护林员、护草员巡护来之不易的生态建设成果，助力内蒙古筑牢我国北方重要生态安全屏障；松辽平原，抓住冬闲窗口不断完善机井、沟渠、路网，稳步推进高标准农田建设，吉林扛牢粮食安全责任……
“得其大者可以兼其小”，放眼全局、深谋一域，一域增光、全局添彩。
在解决问题中推动发展
开局之年，当有开局之智。
发展和转型中的许多问题，绕不开、躲不过。坚持问题导向，是习近平总书记反复强调的世界观，也是贯穿其中的方法论：“我们强调增强问题意识、坚持问题导向，就是承认矛盾的普遍性、客观性，就是要善于把认识和化解矛盾作为打开工作局面的突破口。”
正视问题、解决问题，蕴含只争朝夕和久久为功的辩证哲学——
短期能够解决的问题，立行立办、见到实效。
“您好，这里是北京12345市民服务热线……”元旦上午，北京市市民热线服务中心，接线员胡佳慧在键盘上快速敲击。
“村里的路灯昨晚突然不亮了？好的，请告诉我具体地址……”她一边确认信息，一边在系统中操作，工单状态很快跳转为“处理中”。当天，延庆区井庄镇柳沟村的路灯就被修好了。
突发事件2小时内反馈，基本民生保障诉求24小时内反馈，一般诉求7天内反馈……接诉即办，“快”是刚性要求。
“我们将尽心尽力办好群众和企业的诉求，以市民诉求驱动城市治理现代化。”北京市人民政府副秘书长、北京市政务服务和数据管理局局长沈彬华说，今年北京将进一步深化接诉即办改革，加快热线数智化发展，完善市民服务热线平台功能，“狠抓‘每月一题’专项治理，攻坚突破农村污水治理、家政服务市场规范等11个问题。”
一时难以解决的问题，循序渐进，久久为功。
新年的第一个清晨，湖南长沙沩山乡的民宿经营者高正良打开水龙头为住客洗菜做饭。因地势高、水源散，用水难曾是沩山乡的头号难题。“现在水稳了，心也定了，干劲更足。”高正良说。
长沙因地制宜推进农村供水保障工程，对沩山乡这样短期内无法纳入规模化供水的村落，通过建设小型供水工程缓解用水难。今后5年，长沙预计部署101个工程，全面提升农村供水保障能力。
农业农村部帮扶司有关负责人介绍，聚焦巩固拓展脱贫攻坚成果，2026年将统筹建立常态化防止返贫致贫机制，实施常态化精准帮扶，以有力有效的开发式帮扶增强内生发展动力，持续改善欠发达地区基础设施条件，稳步提升公共服务水平，久久为功，扎实推进乡村全面振兴。
过去5年，全国累计改造城镇老旧小区24万个，建设养老机构和设施39.6万个，托育服务机构增加6.6万家……不断增长的数字里凝结着老百姓的获得感、幸福感。
统筹好高效落实与长期坚持，一题一题解，一步一步迈，经济社会不断向前发展。
在同题共答中凝聚合力
开局之年，当有开局之力。
面对错综复杂的国际形势和艰巨繁重的国内改革发展稳定任务，各地区各部门需要同题共答、凝聚合力。
地区间有差异，如何因势利导、凝聚合力？
习近平总书记指明路径：“在各自发展过程中一定要从整体出发”“实现错位发展、协调发展、有机融合，形成整体合力”。
覆盖11省市，横贯东中西三大板块，长江经济带是我国纵深最长、覆盖最广的经济带。辽阔的空间、迥异的地情，共商共建共治共享的轮廓日渐清晰。
长江四川合江段至重庆江津段，川渝两地生态环境部门组建联合执法队伍开展实地巡查、共护一江清水，25个川渝跨界河流国考断面水质达标率100%；沿江而下，苏皖交界，一架无人机沿着滁河的入江河道巡查水面情况，两省滁河横向生态保护补偿机制落实落地……“共抓大保护、不搞大开发”的导向贯穿始终，省际协作、制度衔接的实践创新走深向实。
部门间有分工，如何同题共答、握指成拳？
1月3日深夜，中建·智造（东莞）基地的生产车间仍然机器轰鸣。“这批模块化集成建筑构件，过几天要在香港元朗横洲公营房屋项目吊装，必须抓紧生产。”中建四局投资发展公司科创事业部生产制造中心副经理刘子云介绍，公司今年将重点开拓港澳市场。
曾经，由于缺乏相互认可的技术与操作标准，广东生产的模块化建筑产品较难进入港澳市场。为加速资源要素流动，三地主管部门以及海关、税务等单位携手破题、打通堵点。从原材料进口、加工制造到出口报关及退税的全链条，如今一路“绿灯”。
“在融合发展的过程中，会遇到老问题、新挑战，模块化建筑产业标准互认只是其中一个突破。我们只有立足本职、心系全局，部门之间才能像齿轮般精准咬合，同向发力，助推粤港澳大湾区高质量发展。”广州市住房和城乡建设局副局长王勇说。
大道至简，实干为要；百舸争流，奋楫者先。各地区各部门锚定目标任务、保持攻坚势头，用实干实绩助力“十五五”开好局、起好步，以新的进发刻写新的荣光。
（综合本报记者董泽扬、季觉苏、张枨、刘以晴、王昊男、孙超、郁静娴、王永战、姚雪青、程远州报道）","# 沉下心来抓落实、办实事（“十五五”开好局起好步）

## ——各地区各部门推动经济社会发展开年见闻

> 本报记者  杨  旭《人民日报》（2026年01月04日第 01 版）

开栏的话

“十五五”时期是基本实现社会主义现代化夯实基础、全面发力的关键时期。今年是“十五五”开局之年，习近平总书记强调“确保‘十五五’开好局、起好步”。

前路迢迢，阔步而行。本报今起推出“‘十五五’开好局起好步”专栏，聚焦各地区各部门锚定目标任务、扎实推动高质量发展的有力举措和积极探索，展现广大干部群众坚定信心、乘势而上，不断开创中国式现代化建设新局面的生动实践。

2026年，“十五五”开局之年。开局关系全局，起步决定后势。

习近平总书记在中央经济工作会议上殷殷嘱托：“定了就要落实，各级各部门都要有大局观、执行力。”二〇二六年新年贺词中，总书记深情勉励：“我们要锚定目标任务，坚定信心、乘势而上”。

开年以来，各地区各部门担当作为、奋勇争先，沉下心来抓落实、办实事。神州大地，热气腾腾、蒸蒸日上。

**在全国大局中找准定位**

开局之年，当有开局之识。

大国之大，体现在各地差异之大。“生物有多样性，地区有差异性，有老年人，有青年人，有的年幼有的年长，为什么都选择干一样的活呢？”

习近平总书记叮嘱各地区各部门要“自觉在大局下行动，下好全国一盘棋”。中央经济工作会议要求“在大局中把握”2026年经济工作的关键着力点。

在全国大局中找准定位，有效结合国家战略、市场需求、地区优势，各地持续探索高质量发展新模式。

南海之滨，开放潮涌。

1月3日9时许，一架来自哈萨克斯坦的客机降落在海南三亚凤凰国际机场。只要1分钟，国际旅客即可“无感通关”、便捷入境。

海南自贸港全岛封关运作以来，政策红利持续释放。发挥叠加优势，海南从全局谋一域，以一域服务全局。

“开局之年，海南将主动对接国际高标准经贸规则，切实把政策优势转变为发展胜势。”海南省发展改革委主任綦树利说。

黄浦江畔，向新争流。

起步、爬坡、轧过碎石路……1月2日，上海临港，智元创新（上海）科技股份有限公司的工厂里，一台台通用具身机器人正在接受行走、负载和关节稳定性测试。

一台机器人通身2万多个部件，几乎都能在长三角百公里范围内找到供应商。控制器来自上海、伺服电机来自浙江、减速器产自江苏、壳体则来自安徽……长三角的机器人产供链日益完善、越发强韧。

对国际科技创新中心的创建，习近平总书记谋深思远：“党中央决定，将北京国际科创中心扩围至京津冀，上海国际科创中心扩围至长三角”“树立以科技支撑引领中国式现代化的标杆”。

“从上海到上海（长三角），不仅是空间的扩展，更凸显我国科技创新区域协同、系统集成的大局观。”上海社会科学院经济研究所所长沈开艳说。

把握定位、服务全局，实践奏出交响。

三晋大地，昔日矿井深处的“废气”煤层气变为清洁能源，山西聚焦国家资源型经济转型综合配套改革试验区建设，澎湃新动能；塞北林海，上万名护林员、护草员巡护来之不易的生态建设成果，助力内蒙古筑牢我国北方重要生态安全屏障；松辽平原，抓住冬闲窗口不断完善机井、沟渠、路网，稳步推进高标准农田建设，吉林扛牢粮食安全责任……

“得其大者可以兼其小”，放眼全局、深谋一域，一域增光、全局添彩。

**在解决问题中推动发展**

开局之年，当有开局之智。

发展和转型中的许多问题，绕不开、躲不过。坚持问题导向，是习近平总书记反复强调的世界观，也是贯穿其中的方法论：“我们强调增强问题意识、坚持问题导向，就是承认矛盾的普遍性、客观性，就是要善于把认识和化解矛盾作为打开工作局面的突破口。”

正视问题、解决问题，蕴含只争朝夕和久久为功的辩证哲学——

短期能够解决的问题，立行立办、见到实效。

“您好，这里是北京12345市民服务热线……”元旦上午，北京市市民热线服务中心，接线员胡佳慧在键盘上快速敲击。

“村里的路灯昨晚突然不亮了？好的，请告诉我具体地址……”她一边确认信息，一边在系统中操作，工单状态很快跳转为“处理中”。当天，延庆区井庄镇柳沟村的路灯就被修好了。

突发事件2小时内反馈，基本民生保障诉求24小时内反馈，一般诉求7天内反馈……接诉即办，“快”是刚性要求。

“我们将尽心尽力办好群众和企业的诉求，以市民诉求驱动城市治理现代化。”北京市人民政府副秘书长、北京市政务服务和数据管理局局长沈彬华说，今年北京将进一步深化接诉即办改革，加快热线数智化发展，完善市民服务热线平台功能，“狠抓‘每月一题’专项治理，攻坚突破农村污水治理、家政服务市场规范等11个问题。”

一时难以解决的问题，循序渐进，久久为功。

新年的第一个清晨，湖南长沙沩山乡的民宿经营者高正良打开水龙头为住客洗菜做饭。因地势高、水源散，用水难曾是沩山乡的头号难题。“现在水稳了，心也定了，干劲更足。”高正良说。

长沙因地制宜推进农村供水保障工程，对沩山乡这样短期内无法纳入规模化供水的村落，通过建设小型供水工程缓解用水难。今后5年，长沙预计部署101个工程，全面提升农村供水保障能力。

农业农村部帮扶司有关负责人介绍，聚焦巩固拓展脱贫攻坚成果，2026年将统筹建立常态化防止返贫致贫机制，实施常态化精准帮扶，以有力有效的开发式帮扶增强内生发展动力，持续改善欠发达地区基础设施条件，稳步提升公共服务水平，久久为功，扎实推进乡村全面振兴。

过去5年，全国累计改造城镇老旧小区24万个，建设养老机构和设施39.6万个，托育服务机构增加6.6万家……不断增长的数字里凝结着老百姓的获得感、幸福感。

统筹好高效落实与长期坚持，一题一题解，一步一步迈，经济社会不断向前发展。

**在同题共答中凝聚合力**

开局之年，当有开局之力。

面对错综复杂的国际形势和艰巨繁重的国内改革发展稳定任务，各地区各部门需要同题共答、凝聚合力。

地区间有差异，如何因势利导、凝聚合力？

习近平总书记指明路径：“在各自发展过程中一定要从整体出发”“实现错位发展、协调发展、有机融合，形成整体合力”。

覆盖11省市，横贯东中西三大板块，长江经济带是我国纵深最长、覆盖最广的经济带。辽阔的空间、迥异的地情，共商共建共治共享的轮廓日渐清晰。

长江四川合江段至重庆江津段，川渝两地生态环境部门组建联合执法队伍开展实地巡查、共护一江清水，25个川渝跨界河流国考断面水质达标率100%；沿江而下，苏皖交界，一架无人机沿着滁河的入江河道巡查水面情况，两省滁河横向生态保护补偿机制落实落地……“共抓大保护、不搞大开发”的导向贯穿始终，省际协作、制度衔接的实践创新走深向实。

部门间有分工，如何同题共答、握指成拳？

1月3日深夜，中建·智造（东莞）基地的生产车间仍然机器轰鸣。“这批模块化集成建筑构件，过几天要在香港元朗横洲公营房屋项目吊装，必须抓紧生产。”中建四局投资发展公司科创事业部生产制造中心副经理刘子云介绍，公司今年将重点开拓港澳市场。

曾经，由于缺乏相互认可的技术与操作标准，广东生产的模块化建筑产品较难进入港澳市场。为加速资源要素流动，三地主管部门以及海关、税务等单位携手破题、打通堵点。从原材料进口、加工制造到出口报关及退税的全链条，如今一路“绿灯”。

“在融合发展的过程中，会遇到老问题、新挑战，模块化建筑产业标准互认只是其中一个突破。我们只有立足本职、心系全局，部门之间才能像齿轮般精准咬合，同向发力，助推粤港澳大湾区高质量发展。”广州市住房和城乡建设局副局长王勇说。

大道至简，实干为要；百舸争流，奋楫者先。各地区各部门锚定目标任务、保持攻坚势头，用实干实绩助力“十五五”开好局、起好步，以新的进发刻写新的荣光。

（综合本报记者董泽扬、季觉苏、张枨、刘以晴、王昊男、孙超、郁静娴、王永战、姚雪青、程远州报道）",杨  旭,要闻,,https://paper.people.com.cn/rmrb/pc/content/202601/04/content_30129034.html,2026-01-04,"['开局', '习近平', '全局', '总书记', '十五', '发展', '开好局', '起好步', '部门', '地区']","开栏的话
“十五五”时期是基本实现社会主义现代化夯实基础、全面发力的关键时期。今年是“十五五”开局之年，习近平总书记强调“确保‘十五五’开好局、起好步”。
前路迢迢，阔步而行。本报今起推出“‘十五五’开好局起好步”专栏，聚焦各地区各部门锚定目标任务、扎实推动高质量发展的有力举措和积极探索，展现广大干部群众坚定信心、乘势而上，不断开创中国式现代化建设新局面的生动实践。",政治,,,[]
“现在路子是对的，要继续走下去”,"万里长江，横贯东西，出群山、塑万川，浩荡奔涌，滋养了代代中华儿女，塑造了中华民族的鲜明品格。
依江而兴，长江经济带覆盖11个省市，约占国土面积1/5，人口规模、经济总量约占全国一半。
“推动长江经济带发展必须从中华民族长远利益考虑”“要把修复长江生态环境摆在压倒性位置，共抓大保护，不搞大开发”。2016年1月5日，习近平总书记在重庆召开推动长江经济带发展座谈会并发表重要讲话，全面深刻阐述了推动长江经济带发展的重大战略思想，绘就了长江经济带发展的宏伟蓝图。
从大开发、大建设中毅然转身，“共抓大保护，不搞大开发”的决断激荡神州。这其中，深刻体现了习近平总书记对生态环境保护和经济发展关系的深邃思考，进一步丰富和完善了绿水青山就是金山银山的理念，构成习近平生态文明思想的重要内容。
人与自然和谐共生的辩证法则，不仅为长江经济带的发展把脉定向，也深刻影响着更广阔土地上的中国式现代化进程，书写着永续发展的壮美答卷。
长江更绿、更美了。2020年以来，长江干流连续6年保持Ⅱ类水质，水生生物资源和多样性增加，长江逐步恢复生机活力。
沿江的经济活力更足了。2025年前11月，长江经济带11省市外贸进出口值达19.12万亿元，创历史同期新高，占全国进出口总值的46.4%。黄金经济带，名副其实。
“‘不搞大开发’是不要乱开发、低水平开发、粗放开发、破坏性开发，而是走一条高质量发展的道路、绿色低碳发展的道路。现在路子是对的，要继续走下去。”
把脉——
“一定要给子孙后代留下一条清洁美丽的万里长江”
长江之变，从一条鱼的“旅程”说起。
三峡坝区，长江珍稀鱼类保育中心里，如珍珠般的鱼卵悉数破膜。2025年11月，我国首批全人工繁育子三代中华鲟鱼苗出苗。
“40年接续繁育，从子一代到子三代，中华鲟人工种群‘自我造血’能力终于建立。”三峡集团长江生物多样性研究中心高级工程师郭柏福深感不易。
从“产房”到长江。2025年3月底，长江荆州段，60万尾六月龄中华鲟子二代跃入江水，奔向大海。
从长江到大海。5个月后，在长江入海口，其中一尾中华鲟被监测回捕，这让中国水产科学研究院长江水产研究所研究员杜浩欣喜不已。打开洄游轨迹动态画面，一尾尾中华鲟化作画面中闪光的标记点。“这尾中华鲟个头长了20多厘米，鱼儿装上‘芯片’，迁徙路线和生长情况看得一清二楚。”杜浩说。
从繁育放流到追踪监测，从十年禁渔到生态修复，在江海间洄游的中华鲟不断传来好消息：2025年在近海海域发现59尾中华鲟，在上海、浙江、江苏等省份多处海域监测到中华鲟分布，资源补充成效显著。
中华鲟的生存状况是长江生态健康的“晴雨表”。曾经，中华鲟难觅踪迹，长江生物完整性指数到了最差的“无鱼”等级……
习近平总书记痛心地形容，长江“病了，病得不轻了”。
何止是鱼，化工围江，非法采砂，生态退化……曾经的母亲河，千疮百孔。
“绝不容许长江生态环境在我们这一代人手上继续恶化下去，一定要给子孙后代留下一条清洁美丽的万里长江！”
从中华民族发展的长远观之，从中国式现代化的全局谋之。长江经济带发展，是习近平总书记亲自谋划、亲自部署、亲自推动的区域重大战略。
10年来，从重庆到湖北武汉，从江苏南京到江西南昌，从“推动”到“深入推动”“全面推动”，再到“进一步推动”，4次主持召开以长江经济带发展为主题的座谈会，一以贯之，又与时俱进。
“共抓大保护，不搞大开发”，总书记反复强调的这10个字，振聋发聩。
共抓大保护，不搞大开发，社会主义生态文明重新定义发展和保护的关系。
用几十年时间走完了发达国家几百年才走过的工业化历程，压缩的时间轴上，重塑发展与保护的关系，成为时代课题。长江经济带，犹如一个缩影。快速发展的同时，生态压力不容忽视。
世界从工业文明跃迁到生态文明，大势浩浩汤汤。是以资源环境为代价换取一时的经济增长，还是走人与自然和谐共生之路？
2016年1月召开的推动长江经济带发展座谈会上，习近平总书记开门见山，“这次讨论的不是发展问题，而是保护的问题”，许多参会人员感觉“好像是泼了一盆冷水”。
“当前和今后相当长一个时期，要把修复长江生态环境摆在压倒性位置”。
“要毫不动摇坚持共抓大保护、不搞大开发，在高水平保护上下更大功夫。”
推动长江经济带发展，核心是保护治理。从长江十年禁渔，到开展入河排污口整治、沿江化工污染整治专项行动，从推进洞庭湖、鄱阳湖等重点湖泊综合治理，到推动非法采砂入刑，追根溯源、源头防治、系统治理，长江流域生态环境保护和修复取得重大成就。
共抓大保护、不搞大开发，指明了实现发展和保护协同共生的新路径。
强调大保护，是不是就是不发展了？在2018年4月召开的深入推动长江经济带发展座谈会上，习近平总书记辩证析之，“共抓大保护和生态优先讲的是生态环境保护问题，是前提；不搞大开发和绿色发展讲的是经济发展问题，是结果”“彼此是辩证统一的”。
推动长江经济带发展，要重新审视“老路”和“新路”的关系。
“正确把握生态环境保护和经济发展的关系，探索协同推进生态优先和绿色发展新路子”“使绿水青山产生巨大生态效益、经济效益、社会效益”。
长江江苏常州段，曾经挤着84家化工企业，废水乱排。5年集中整治，45家沿江化工企业被拆除，“工业锈带”变“生态绣带”，催生出“东方碳谷”“创新药谷”新业态。
思想领航，从明确“共抓大保护、不搞大开发”的总基调，到构建“高质量发展、高水平保护”的发展格局，认识愈发清晰，共识深入人心。
“只有把绿色发展的底色铺好，才会有今后发展的高歌猛进。”
“关改搬转”沿江化工企业超9000家，“化工围江”现象基本解决；加快壮大绿色低碳产业，协同推进降碳、减污、扩绿、增长……
人与江，折射人与自然的关系，中国式现代化是人与自然和谐共生的现代化。
“谋长远之势、行长久之策、建久安之基，进一步推动长江经济带高质量发展，更好支撑和服务中国式现代化。”
保护——
“要从生态系统整体性和流域系统性出发”
一根竹子，书写绿色发展的灵动篇章。
冬日的长江重庆忠县段，江面澄净如练，两岸竹林依然耸翠。“这是我们的‘撑绿竹’，也是致富竹！”忠县乌杨街道文峰社区党支部书记冉崇平自豪地说。
忠县地处长江上游，山多坡陡。翠竹根系发达，是保持水土的“好手”。竹林为长江岸线镶绿边，美了环境，更增强了生态结构稳定性。这片新植的17.9万余亩竹林，涵沙固土65.7平方公里，年吸收二氧化碳约16万吨，成为守护母亲河的天然屏障。
绿色屏障，也是绿色银行。走进忠县的重庆瑞竹公司智能车间，小小翠竹正在上演绿色转型。经过粗磨、精磨等18道工序，竹子成了可降解的环保餐盒，边角料100%回收。“产品卖到了30多个国家和地区，春节前都忙不完。”瑞竹公司负责人王建忠说，竹产业创造了3000余个就业岗位，带动4.3万名竹农增收。
“长江病”如何治？格竹问新。
“要科学运用中医整体观，追根溯源、诊断病因、找准病根、分类施策、系统治疗”；
“要继续加强生态环境综合治理，持续强化重点领域污染治理”；
从整体推进到重点突破，从顶层设计到分步推进，长江经济带生态环境保护有了科学的方法论、明确的任务书。这场波澜壮阔的生态保护修复工作，力度之大、规模之广、影响之深，前所未有。
盯着问题，铁腕治污，啃下“硬骨头”。
湖北黄石，长江岸线美景如画，中窑湾排洪港排口的标识牌静静伫立。黄石市生态环境保护综合执法支队二大队队员方金水介绍，“这是排污口的‘电子身份证’。市民通过扫描二维码，就能看到排口的名称、编码等信息。”
曾经，这里商户餐厨废水、居民洗衣水直排港渠等问题严重。如今，经过系统改造整治，该排口水质稳定达到地表水环境质量Ⅳ类标准。
入河排污口一头连着长江，一头连着陆地污染源，是污染物进入长江的最后一道“闸口”。近年来，沿江省市克服污水溢流直排多、基础设施建设欠账多等困难，在摸清底数的基础上分类整治，并加强监督管理。有的省市还依托数字化治理智慧平台，为长江戴上“智慧手环”，让排污行为“看得见、管得住”。
破解“化工围江”、开展“三磷”排查整治、长江岸线综合整治攻坚……一场场生态保护攻坚战接连打响，推动长江经济带生态环境发生绿色蝶变。
系统治理，统筹谋划，加强生态环境系统保护修复。
流域性是江河湖泊最根本、最鲜明的特性，共抓大保护，“要从生态系统整体性和流域系统性出发”。
上游，三江源国家公园实现长江、黄河、澜沧江三江源头整体保护，云、贵、川等多地共同设立横向生态保护补偿资金；中游，鄂赣湘三省建立长江中游地区省际协商合作机制；下游，沪苏浙皖四地在立法、执法、司法等方面紧密协作，形成禁捕执法合力……
在重庆与四川签署的长江流域第二轮补偿协议中，两省市进一步扩面增资，同时还创新引入生态流量、自然岸线率、鱼类多样性等“综合得分”体系。“补偿机制由‘水质水量双向补偿’向‘水环境水资源水生态多维补偿’升级，实现了流域生态保护补偿‘从水里到岸上’，从单一的水环境到更综合全面的生态环境服务效益转变。”四川省财政厅副厅长徐晓驰说。
从“各管一段”到“共管一片”，长江流域各地普遍建立起各类统筹协调机制，协同推进省际水域治理，真正实现“共饮一江水”。
改革创新，绿富同兴，长江大保护“提质增效”。
用改革创新的办法抓长江生态保护。告别“九龙治水”，打破部门壁垒，我国全面建立健全河湖长制，做到每一条河流、每一个湖泊都有人管、有人护。
立足保护治理，各地持续探索实现生态价值转换的有效途径。江西靖安县吸引社会资本打造了10余个特色亲水项目，带动了漂流、桨板、露营等一体发展。“2025年国庆中秋假期，全县旅游人次和旅游收入同比分别增长22.3%和28.3%，绿水青山就是金山银山！”靖安县委副书记、县长刘思说。
10年来，长江经济带的“含绿量”不断刷新。2021年至2024年，长江流域共监测到土著鱼类344种，比禁渔前4年增加36种。鄱阳湖、洞庭湖等湖泊富营养化趋势得到有效遏制，水生态系统功能逐步恢复。
发展——
“走出一条生态优先、绿色发展的新路子”
一辆新能源汽车，跑出长江经济带高质量发展的“加速度”。
4小时，解决所需配套零部件供应。上海开发芯片和智能网联，江苏提供动力电池，浙江完成一体化压铸，安徽组装成整车……长江下游的长三角，4小时车程内，就能集齐一辆新能源汽车所需的“大脑”“心脏”“骨架”等零部件。
40秒，造出一辆崭新的新能源汽车。在理想汽车常州智能制造基地，驱动电机、天窗玻璃、各类螺栓等3000多种零部件可实现智能配送，点焊、激光焊、自冲铆接等连接工艺自动化率达到100%。
江海联运新通道高效便捷。“新能源汽车出口‘芜湖—上海’航线全程直达、无中途挂靠，有效提升了运输链路的连贯性与稳定性。”上港集团市场发展中心多式联运发展室高级经理陈光介绍。
“长江经济带应该走出一条生态优先、绿色发展的新路子。”新能源汽车从出厂到出口的故事，提供了观察这条新路子的一扇窗口。
作为引领我国经济高质量发展的主力军，这条“黄金经济带”已形成电子信息、高端装备、汽车、家电、纺织服装五大超级产业集群；11省市2024年地区生产总值逾63万亿元，增长5.4%。
向创新要动能，塑造发展新优势。
中游湖北，武汉光谷，一间不到10平方米的办公室，能孕育出上亿元的估值。
在毗邻华中科技大学的一座写字楼内，“模态空间”孵化器启用不到两个月，已吸引10余家人工智能初创企业入驻。
“这是我们走出校园的第一站。”“灵境引擎”创始人贺永贤说，政府不仅解决了团队最“头疼”的两件事——资金和人才，还促成了他们与另一家人工智能初创企业的合作。
“我们提供免费办公场所，搭建从高校到市场的全周期孵化链，助力更多人工智能领域创新成果跨越‘实验室到市场’的鸿沟，加速技术产业化进程。”武汉光谷金融控股集团有限公司相关工作人员介绍。
贵州建成全国领先的低成本、高可靠性数据中心基地，依托超强智算能力，为大数据高质量发展筑牢关键底座；安徽全面布局人工智能产业发展，工业人工智能质检系统、人工智能大模型等新产品新应用层出不穷……沿江各省市创新浪潮奔涌向前，一批战略性新兴产业加速成长，科研优势、人才优势持续转化为发展优势。
下好发展“一盘棋”，打造协调发展新样板。
2025年9月，来自云南德宏傣族景颇族自治州和保山市的石斛干枝鲜切花，在第八届上海市对口地区特色商品展销会上备受关注。
“云南有丰富的石斛种质资源，但过去缺乏深加工技术和市场渠道，而上海有科研转化能力和国际化的消费市场。”云南省农科院花卉研究所研究员李涵说。
2024年以来，沪滇两地联手，建立研发—生产—销售全链条，培育出首个观赏石斛专用品牌“斛森林”。云南省农科院花卉研究所也与多家上海商超、文创企业达成初步合作意向，计划推出富有创意的进阶型花卉产品。
江苏省港口集团、重庆物流集团、湖北港口集团签署战略合作协议，打造资源共享、合作共赢的港航高质量发展生态圈；沪渝蓉沿江高铁武宜段、杭衢高铁开通运营，高铁双线齐发，沿江综合交通运输体系更加完备……强化上中下游互动协作，推动绿色产业合作，提升区域交通一体化水平，长江经济带努力打造协调发展新样板。
依托好生态，绘就山水人城和谐共生新画卷。
江西上饶鄱阳县姚公渡村村民胡相彪每天都要沿鄱阳湖走上十几里，查看有无偷捕偷排，劝离违规垂钓人员，提醒岸边游客带走垃圾。
胡相彪从小跟着父亲打鱼，“洗脚上岸”后，他成了一名巡湖协管员，“守护好鄱阳湖，就是守护我们的家园，也是为子孙后代留下绿水青山的家底。”
为让渔民“稳得住、能致富”，姚公渡村干部一对一摸底，建立就业台账，对接县里工业园区的用工需求。焊接、家政、电商直播……县里组织的免费技能培训也开到了村里。
如今，姚公渡村上岸渔民就业率达100%，人均年收入达6万多元。依托好山好水好生态，一些村民将自家小楼改造成民宿，发展乡村旅游。
同饮一江水，共护长江美。从江头到江尾，城市、村庄星罗棋布，依长江而生、因长江而兴。
四川内江整治销号沱江内江段161个排污口，11处黑臭水体变身湿地公园，成为市民休憩娱乐的好去处；建起巨型胶囊式散货仓库、智能喷淋系统，湖南岳阳城陵矶港焕然一新，成为新晋网红打卡点，码头工人可以穿着白衬衣上班……水与人、水与城、人与自然和谐共生，生产空间、生活空间、生态空间互利共荣，人民保护长江、长江造福人民。
*** ***
大江奔流，展现万千气象，激荡时代浪潮。
保持历史耐心和战略定力，一张蓝图绘到底，一茬接着一茬干，把长江经济带建设成为生态更优美、交通更顺畅、经济更协调、市场更统一、机制更科学的黄金经济带，确保一江清水绵延后世、惠泽人民。
（本报记者冯华、王浩、董丝雨、郁静娴、王云杉、刘新吾）","### “共抓大保护，不搞大开发”，长江经济带十年绘就壮美画卷

# “现在路子是对的，要继续走下去”

> 本报记者《人民日报》（2026年01月04日第 01 版）

万里长江，横贯东西，出群山、塑万川，浩荡奔涌，滋养了代代中华儿女，塑造了中华民族的鲜明品格。

依江而兴，长江经济带覆盖11个省市，约占国土面积1/5，人口规模、经济总量约占全国一半。

“推动长江经济带发展必须从中华民族长远利益考虑”“要把修复长江生态环境摆在压倒性位置，共抓大保护，不搞大开发”。2016年1月5日，习近平总书记在重庆召开推动长江经济带发展座谈会并发表重要讲话，全面深刻阐述了推动长江经济带发展的重大战略思想，绘就了长江经济带发展的宏伟蓝图。

从大开发、大建设中毅然转身，“共抓大保护，不搞大开发”的决断激荡神州。这其中，深刻体现了习近平总书记对生态环境保护和经济发展关系的深邃思考，进一步丰富和完善了绿水青山就是金山银山的理念，构成习近平生态文明思想的重要内容。

人与自然和谐共生的辩证法则，不仅为长江经济带的发展把脉定向，也深刻影响着更广阔土地上的中国式现代化进程，书写着永续发展的壮美答卷。

长江更绿、更美了。2020年以来，长江干流连续6年保持Ⅱ类水质，水生生物资源和多样性增加，长江逐步恢复生机活力。

沿江的经济活力更足了。2025年前11月，长江经济带11省市外贸进出口值达19.12万亿元，创历史同期新高，占全国进出口总值的46.4%。黄金经济带，名副其实。

“‘不搞大开发’是不要乱开发、低水平开发、粗放开发、破坏性开发，而是走一条高质量发展的道路、绿色低碳发展的道路。现在路子是对的，要继续走下去。”

**把脉——**

**“一定要给子孙后代留下一条清洁美丽的万里长江”**

长江之变，从一条鱼的“旅程”说起。

三峡坝区，长江珍稀鱼类保育中心里，如珍珠般的鱼卵悉数破膜。2025年11月，我国首批全人工繁育子三代中华鲟鱼苗出苗。

“40年接续繁育，从子一代到子三代，中华鲟人工种群‘自我造血’能力终于建立。”三峡集团长江生物多样性研究中心高级工程师郭柏福深感不易。

从“产房”到长江。2025年3月底，长江荆州段，60万尾六月龄中华鲟子二代跃入江水，奔向大海。

从长江到大海。5个月后，在长江入海口，其中一尾中华鲟被监测回捕，这让中国水产科学研究院长江水产研究所研究员杜浩欣喜不已。打开洄游轨迹动态画面，一尾尾中华鲟化作画面中闪光的标记点。“这尾中华鲟个头长了20多厘米，鱼儿装上‘芯片’，迁徙路线和生长情况看得一清二楚。”杜浩说。

从繁育放流到追踪监测，从十年禁渔到生态修复，在江海间洄游的中华鲟不断传来好消息：2025年在近海海域发现59尾中华鲟，在上海、浙江、江苏等省份多处海域监测到中华鲟分布，资源补充成效显著。

中华鲟的生存状况是长江生态健康的“晴雨表”。曾经，中华鲟难觅踪迹，长江生物完整性指数到了最差的“无鱼”等级……

习近平总书记痛心地形容，长江“病了，病得不轻了”。

何止是鱼，化工围江，非法采砂，生态退化……曾经的母亲河，千疮百孔。

“绝不容许长江生态环境在我们这一代人手上继续恶化下去，一定要给子孙后代留下一条清洁美丽的万里长江！”

从中华民族发展的长远观之，从中国式现代化的全局谋之。长江经济带发展，是习近平总书记亲自谋划、亲自部署、亲自推动的区域重大战略。

10年来，从重庆到湖北武汉，从江苏南京到江西南昌，从“推动”到“深入推动”“全面推动”，再到“进一步推动”，4次主持召开以长江经济带发展为主题的座谈会，一以贯之，又与时俱进。

“共抓大保护，不搞大开发”，总书记反复强调的这10个字，振聋发聩。

共抓大保护，不搞大开发，社会主义生态文明重新定义发展和保护的关系。

用几十年时间走完了发达国家几百年才走过的工业化历程，压缩的时间轴上，重塑发展与保护的关系，成为时代课题。长江经济带，犹如一个缩影。快速发展的同时，生态压力不容忽视。

世界从工业文明跃迁到生态文明，大势浩浩汤汤。是以资源环境为代价换取一时的经济增长，还是走人与自然和谐共生之路？

2016年1月召开的推动长江经济带发展座谈会上，习近平总书记开门见山，“这次讨论的不是发展问题，而是保护的问题”，许多参会人员感觉“好像是泼了一盆冷水”。

“当前和今后相当长一个时期，要把修复长江生态环境摆在压倒性位置”。

“要毫不动摇坚持共抓大保护、不搞大开发，在高水平保护上下更大功夫。”

推动长江经济带发展，核心是保护治理。从长江十年禁渔，到开展入河排污口整治、沿江化工污染整治专项行动，从推进洞庭湖、鄱阳湖等重点湖泊综合治理，到推动非法采砂入刑，追根溯源、源头防治、系统治理，长江流域生态环境保护和修复取得重大成就。

共抓大保护、不搞大开发，指明了实现发展和保护协同共生的新路径。

强调大保护，是不是就是不发展了？在2018年4月召开的深入推动长江经济带发展座谈会上，习近平总书记辩证析之，“共抓大保护和生态优先讲的是生态环境保护问题，是前提；不搞大开发和绿色发展讲的是经济发展问题，是结果”“彼此是辩证统一的”。

推动长江经济带发展，要重新审视“老路”和“新路”的关系。

“正确把握生态环境保护和经济发展的关系，探索协同推进生态优先和绿色发展新路子”“使绿水青山产生巨大生态效益、经济效益、社会效益”。

长江江苏常州段，曾经挤着84家化工企业，废水乱排。5年集中整治，45家沿江化工企业被拆除，“工业锈带”变“生态绣带”，催生出“东方碳谷”“创新药谷”新业态。

思想领航，从明确“共抓大保护、不搞大开发”的总基调，到构建“高质量发展、高水平保护”的发展格局，认识愈发清晰，共识深入人心。

“只有把绿色发展的底色铺好，才会有今后发展的高歌猛进。”

“关改搬转”沿江化工企业超9000家，“化工围江”现象基本解决；加快壮大绿色低碳产业，协同推进降碳、减污、扩绿、增长……

人与江，折射人与自然的关系，中国式现代化是人与自然和谐共生的现代化。

“谋长远之势、行长久之策、建久安之基，进一步推动长江经济带高质量发展，更好支撑和服务中国式现代化。”

**保护——**

**“要从生态系统整体性和流域系统性出发”**

一根竹子，书写绿色发展的灵动篇章。

冬日的长江重庆忠县段，江面澄净如练，两岸竹林依然耸翠。“这是我们的‘撑绿竹’，也是致富竹！”忠县乌杨街道文峰社区党支部书记冉崇平自豪地说。

忠县地处长江上游，山多坡陡。翠竹根系发达，是保持水土的“好手”。竹林为长江岸线镶绿边，美了环境，更增强了生态结构稳定性。这片新植的17.9万余亩竹林，涵沙固土65.7平方公里，年吸收二氧化碳约16万吨，成为守护母亲河的天然屏障。

绿色屏障，也是绿色银行。走进忠县的重庆瑞竹公司智能车间，小小翠竹正在上演绿色转型。经过粗磨、精磨等18道工序，竹子成了可降解的环保餐盒，边角料100%回收。“产品卖到了30多个国家和地区，春节前都忙不完。”瑞竹公司负责人王建忠说，竹产业创造了3000余个就业岗位，带动4.3万名竹农增收。

“长江病”如何治？格竹问新。

“要科学运用中医整体观，追根溯源、诊断病因、找准病根、分类施策、系统治疗”；

“要继续加强生态环境综合治理，持续强化重点领域污染治理”；

从整体推进到重点突破，从顶层设计到分步推进，长江经济带生态环境保护有了科学的方法论、明确的任务书。这场波澜壮阔的生态保护修复工作，力度之大、规模之广、影响之深，前所未有。

盯着问题，铁腕治污，啃下“硬骨头”。

湖北黄石，长江岸线美景如画，中窑湾排洪港排口的标识牌静静伫立。黄石市生态环境保护综合执法支队二大队队员方金水介绍，“这是排污口的‘电子身份证’。市民通过扫描二维码，就能看到排口的名称、编码等信息。”

曾经，这里商户餐厨废水、居民洗衣水直排港渠等问题严重。如今，经过系统改造整治，该排口水质稳定达到地表水环境质量Ⅳ类标准。

入河排污口一头连着长江，一头连着陆地污染源，是污染物进入长江的最后一道“闸口”。近年来，沿江省市克服污水溢流直排多、基础设施建设欠账多等困难，在摸清底数的基础上分类整治，并加强监督管理。有的省市还依托数字化治理智慧平台，为长江戴上“智慧手环”，让排污行为“看得见、管得住”。

破解“化工围江”、开展“三磷”排查整治、长江岸线综合整治攻坚……一场场生态保护攻坚战接连打响，推动长江经济带生态环境发生绿色蝶变。

系统治理，统筹谋划，加强生态环境系统保护修复。

流域性是江河湖泊最根本、最鲜明的特性，共抓大保护，“要从生态系统整体性和流域系统性出发”。

上游，三江源国家公园实现长江、黄河、澜沧江三江源头整体保护，云、贵、川等多地共同设立横向生态保护补偿资金；中游，鄂赣湘三省建立长江中游地区省际协商合作机制；下游，沪苏浙皖四地在立法、执法、司法等方面紧密协作，形成禁捕执法合力……

在重庆与四川签署的长江流域第二轮补偿协议中，两省市进一步扩面增资，同时还创新引入生态流量、自然岸线率、鱼类多样性等“综合得分”体系。“补偿机制由‘水质水量双向补偿’向‘水环境水资源水生态多维补偿’升级，实现了流域生态保护补偿‘从水里到岸上’，从单一的水环境到更综合全面的生态环境服务效益转变。”四川省财政厅副厅长徐晓驰说。

从“各管一段”到“共管一片”，长江流域各地普遍建立起各类统筹协调机制，协同推进省际水域治理，真正实现“共饮一江水”。

改革创新，绿富同兴，长江大保护“提质增效”。

用改革创新的办法抓长江生态保护。告别“九龙治水”，打破部门壁垒，我国全面建立健全河湖长制，做到每一条河流、每一个湖泊都有人管、有人护。

立足保护治理，各地持续探索实现生态价值转换的有效途径。江西靖安县吸引社会资本打造了10余个特色亲水项目，带动了漂流、桨板、露营等一体发展。“2025年国庆中秋假期，全县旅游人次和旅游收入同比分别增长22.3%和28.3%，绿水青山就是金山银山！”靖安县委副书记、县长刘思说。

10年来，长江经济带的“含绿量”不断刷新。2021年至2024年，长江流域共监测到土著鱼类344种，比禁渔前4年增加36种。鄱阳湖、洞庭湖等湖泊富营养化趋势得到有效遏制，水生态系统功能逐步恢复。

**发展——**

**“走出一条生态优先、绿色发展的新路子”**

一辆新能源汽车，跑出长江经济带高质量发展的“加速度”。

4小时，解决所需配套零部件供应。上海开发芯片和智能网联，江苏提供动力电池，浙江完成一体化压铸，安徽组装成整车……长江下游的长三角，4小时车程内，就能集齐一辆新能源汽车所需的“大脑”“心脏”“骨架”等零部件。

40秒，造出一辆崭新的新能源汽车。在理想汽车常州智能制造基地，驱动电机、天窗玻璃、各类螺栓等3000多种零部件可实现智能配送，点焊、激光焊、自冲铆接等连接工艺自动化率达到100%。

江海联运新通道高效便捷。“新能源汽车出口‘芜湖—上海’航线全程直达、无中途挂靠，有效提升了运输链路的连贯性与稳定性。”上港集团市场发展中心多式联运发展室高级经理陈光介绍。

“长江经济带应该走出一条生态优先、绿色发展的新路子。”新能源汽车从出厂到出口的故事，提供了观察这条新路子的一扇窗口。

作为引领我国经济高质量发展的主力军，这条“黄金经济带”已形成电子信息、高端装备、汽车、家电、纺织服装五大超级产业集群；11省市2024年地区生产总值逾63万亿元，增长5.4%。

向创新要动能，塑造发展新优势。

中游湖北，武汉光谷，一间不到10平方米的办公室，能孕育出上亿元的估值。

在毗邻华中科技大学的一座写字楼内，“模态空间”孵化器启用不到两个月，已吸引10余家人工智能初创企业入驻。

“这是我们走出校园的第一站。”“灵境引擎”创始人贺永贤说，政府不仅解决了团队最“头疼”的两件事——资金和人才，还促成了他们与另一家人工智能初创企业的合作。

“我们提供免费办公场所，搭建从高校到市场的全周期孵化链，助力更多人工智能领域创新成果跨越‘实验室到市场’的鸿沟，加速技术产业化进程。”武汉光谷金融控股集团有限公司相关工作人员介绍。

贵州建成全国领先的低成本、高可靠性数据中心基地，依托超强智算能力，为大数据高质量发展筑牢关键底座；安徽全面布局人工智能产业发展，工业人工智能质检系统、人工智能大模型等新产品新应用层出不穷……沿江各省市创新浪潮奔涌向前，一批战略性新兴产业加速成长，科研优势、人才优势持续转化为发展优势。

下好发展“一盘棋”，打造协调发展新样板。

2025年9月，来自云南德宏傣族景颇族自治州和保山市的石斛干枝鲜切花，在第八届上海市对口地区特色商品展销会上备受关注。

“云南有丰富的石斛种质资源，但过去缺乏深加工技术和市场渠道，而上海有科研转化能力和国际化的消费市场。”云南省农科院花卉研究所研究员李涵说。

2024年以来，沪滇两地联手，建立研发—生产—销售全链条，培育出首个观赏石斛专用品牌“斛森林”。云南省农科院花卉研究所也与多家上海商超、文创企业达成初步合作意向，计划推出富有创意的进阶型花卉产品。

江苏省港口集团、重庆物流集团、湖北港口集团签署战略合作协议，打造资源共享、合作共赢的港航高质量发展生态圈；沪渝蓉沿江高铁武宜段、杭衢高铁开通运营，高铁双线齐发，沿江综合交通运输体系更加完备……强化上中下游互动协作，推动绿色产业合作，提升区域交通一体化水平，长江经济带努力打造协调发展新样板。

依托好生态，绘就山水人城和谐共生新画卷。

江西上饶鄱阳县姚公渡村村民胡相彪每天都要沿鄱阳湖走上十几里，查看有无偷捕偷排，劝离违规垂钓人员，提醒岸边游客带走垃圾。

胡相彪从小跟着父亲打鱼，“洗脚上岸”后，他成了一名巡湖协管员，“守护好鄱阳湖，就是守护我们的家园，也是为子孙后代留下绿水青山的家底。”

为让渔民“稳得住、能致富”，姚公渡村干部一对一摸底，建立就业台账，对接县里工业园区的用工需求。焊接、家政、电商直播……县里组织的免费技能培训也开到了村里。

如今，姚公渡村上岸渔民就业率达100%，人均年收入达6万多元。依托好山好水好生态，一些村民将自家小楼改造成民宿，发展乡村旅游。

同饮一江水，共护长江美。从江头到江尾，城市、村庄星罗棋布，依长江而生、因长江而兴。

四川内江整治销号沱江内江段161个排污口，11处黑臭水体变身湿地公园，成为市民休憩娱乐的好去处；建起巨型胶囊式散货仓库、智能喷淋系统，湖南岳阳城陵矶港焕然一新，成为新晋网红打卡点，码头工人可以穿着白衬衣上班……水与人、水与城、人与自然和谐共生，生产空间、生活空间、生态空间互利共荣，人民保护长江、长江造福人民。

*** ***

大江奔流，展现万千气象，激荡时代浪潮。

保持历史耐心和战略定力，一张蓝图绘到底，一茬接着一茬干，把长江经济带建设成为生态更优美、交通更顺畅、经济更协调、市场更统一、机制更科学的黄金经济带，确保一江清水绵延后世、惠泽人民。

（本报记者冯华、王浩、董丝雨、郁静娴、王云杉、刘新吾）",,要闻,,https://paper.people.com.cn/rmrb/pc/content/202601/04/content_30129036.html,2026-01-04,"['长江', '经济带', '生态', '发展', '保护', '中华鲟', '绿色', '推动', '开发', '11']","万里长江，横贯东西，出群山、塑万川，浩荡奔涌，滋养了代代中华儿女，塑造了中华民族的鲜明品格。
依江而兴，长江经济带覆盖11个省市，约占国土面积1/5，人口规模、经济总量约占全国一半。
“推动长江经济带发展必须从中华民族长远利益考虑”“要把修复长江生态环境摆在压倒性位置，共抓大保护，不搞大开发”。2016年1月5日，习近平总书记在重庆召开推动长江经济带发展座谈会并发表重要讲话，全面深刻阐述了推动长江经济带发展的重大战略思想，绘就了长江经济带发展的宏伟蓝图。",政治,,,[]
为人民出政绩  以实干出政绩,"（一）
踏进新的一年、迈入“十五五”时期，面对深刻复杂变化的发展环境，我们要以什么样的奋斗，把今后5年我国发展的新蓝图变成宏阔壮美的新实景？
“脚要踩在大地上。我们干任何事情都有内在规律。”2025年11月，习近平总书记在听取海南自由贸易港建设工作汇报时强调。
“越是伟大的事业，越是充满挑战，越需要知重负重。全党同志都要保持‘越是艰险越向前’的英雄气概，保持‘敢教日月换新天’的昂扬斗志，埋头苦干、攻坚克难，努力创造无愧于党、无愧于人民、无愧于时代的业绩。”
2021年建党百年重大历史节点、“七一勋章”首次颁授仪式上，总书记这段号召全党同志不懈奋斗、永远奋斗的重要讲话，每每读来总是让人更加清醒、更加自信，充满豪情、充满干劲。
以百姓心为心，这是党的初心，也是党的恒心。政绩为人民而创，才能赢得人民衷心拥护。
岁末年初，总书记提出一系列明确要求，“坚持为人民出政绩、以实干出政绩”“主动担重、担难”“书写无愧于人民的时代答卷”，这是全党同志在新的一年再启新程的奋斗号令。
胸怀“国之大者”，“脚踩大地”，因地制宜做好工作，这是我们以科学方法把握规律、以务实作风推进落实，实现“十五五”良好开局的方法指引。
（二）
“找准在全国大局中的战略定位”“结合实际、因地制宜”，才能创造无愧于党的业绩。
习近平总书记指出：“树立和践行正确政绩观，起决定性作用的是党性。”
党性说到底就是立场问题。“任何时候任何情况下都要坚持同党中央保持高度一致，在党中央统一指挥的合奏中形成和声，决不能荒腔走板、变味走调”。
党中央集中统一领导是做好一切工作的根本保证，党中央作出的战略决策必须无条件执行。同时，在党中央统领的大局下，要因地制宜、各展所长。
1996年，东西对口帮扶战略启动，福建与宁夏“结对子”，时任福建省委副书记习近平同志格外重视。
明确“宁夏和福建所处的地理位置和自然环境有着明显不同”，确定“优势互补、互惠互利、长期协作、共同发展”原则；实地调研5个对口帮扶县，提出建设闽宁村的设想；突出产业帮扶，专门批示“菌草是我省之优势”“做自己‘拿手’的”……
一茬接着一茬干，打造出东西部对口扶贫协作帮扶的“闽宁模式”，携手30年的闽宁“山海情”不断书写新篇章，闽宁镇2024年人均可支配收入突破1.9万元。
自觉在大局下行动，发挥比较优势，尊重客观规律，走出适合本地区实际的高质量发展之路，正是创造业绩的重要方法。
看东部，浙江义乌，不靠江、不临海、不沿边，却发展成为“世界小商品之都”。
针对义乌发展遇到的体制机制障碍，在浙江工作时习近平同志曾打过比方：小孩子成长太快，而衣服太小，“得给成长快的孩子换上一件大衣服”。
“把贯彻中央精神、落实省委决策部署同本地实际紧密结合起来”，义乌持续上演换“衣”记。
从开展扩大经济社会管理权限改革，到探索新型国际贸易方式，再到“量身定制”市场采购贸易方式……“义乌人做到了‘无中生有’‘莫名其妙’”，出口额占全国比重从2010年的0.1%提高到2024年的2.3%。
看西部，成渝地区牢固树立一盘棋思想和一体化发展理念，打造区域协作的高水平样板，中欧班列（成渝）累计开行量居全国第一，25个川渝跨界河流国考断面水质达标率100%……川渝双城“破壁”，“西引力”渐强。
“既为一域争光、又为全局添彩”，一个区域梯次联动、新旧动能协同转换、新增长极增长带不断涌现的发展新格局加快形成。
在全国大局中精准定位，跳出“一城一地”谋发展，处理好分工和合作、抢位与错位的关系，中国发展千帆竞发、气象万千。
（三）
“站在人民立场上考虑问题”“把为老百姓办了多少好事实事作为检验政绩的重要标准”，才能创造无愧于人民的业绩。
习近平总书记指出：“共产党人必须牢记，为民造福是最大政绩。”
民心是杆秤，称出的是党员干部在人民心中的分量；人民有把尺子，量出的是为民决策办事的实效。
形式主义、官僚主义之所以是“实现新时代新征程党的使命任务的大敌”，原因就在于行为背离初心。
为民，就得从根本上为民着想，解决关系人民切身利益的根本问题。
宁夏吴忠红寺堡区，何以从过去“不适宜人类生存”的苦瘠之地，变为如今产业兴旺、生活幸福、环境优美的生态新城？
战风沙、斗干旱，20多年来累计造林100多万亩，荒原变绿洲——为民，就要解决生存环境问题。
抬升约100层楼高，把黄河水送进荒原，让人们告别苦咸水，浇灌枸杞田、滋养新产业——为民，就要解决生产生活问题。
酿酒葡萄种植面积10.81万亩，建设黄花菜产业示范村14个，打造交通物流园、清洁能源产业集群——为民，就要解决内生动力问题。
为民，就得将心比心、换位思考，解决好群众的“关键小事”。
“什么是好事实事，要从群众切身需要来考量，不能主观臆断，不能简单化、片面化。”
“扶持经济发展，帮助群众富裕起来是好事实事……甚至远处僻土深山的群众买不到灯泡、肥皂之类针头线脑的小事，得到我们的关心解决，也是好事实事。”
总书记教诲的正是如何把好事实事做到群众心坎上。
上海以“螺蛳壳里做道场”的绣花功夫，用30多年时间一张蓝图绘到底，一锤一锤敲，2025年9月让市民彻底告别“拎马桶”。在静安区蕃瓜弄小区旧房改造过程中，仅“一户一方案”专题讨论会就召开了26场。
北京昌平区着力打通办证路径，一次破解困扰近4500户居民多年的不动产登记难题。全国已累计化解2300多万套房屋不动产登记历史遗留问题。
“要采取更多可感可及的具体举措，着力满足人民群众在就业、教育、社保、住房、医疗、养老、托幼等方面的需求。”
把总书记的嘱托变成为民造福的实际行动，“把人民群众的小事当作自己的大事”，事不避难、义不逃责，就能无愧于民、无愧于心。
（四）
“以历史主动精神克难关、战风险、迎挑战”“追求实实在在、没有水分的增长”，才能创造无愧于时代的业绩。
党中央对“十五五”时期我国发展环境作出重大判断，指出“我国发展处于战略机遇和风险挑战并存、不确定难预料因素增多的时期”。
外部环境变化影响加深，发展中的老问题、新挑战躲不开、绕不过……“有时走到艰难险阻的境界，这是全靠雄健的精神才能够冲过去的”，这是历史的经验，也是未来的需要。
“当好中国式现代化建设的坚定行动派、实干家”，从来不是在风和日丽中耕耘，而是要在疾风骤雨中穿行。唯有保持战略清醒、战略自信、战略主动，葆有“闯”的精神、“创”的劲头、“干”的作风，才能创造经得起历史和人民检验的实绩。
“六小龙”何以出杭州？
2003年，时任浙江省委书记习近平同志第一次提出“数字浙江”战略，同时为杭州把脉定向：“过去是‘风景天堂’‘西湖天堂’，下一步是‘硅谷天堂’‘高科技天堂’。”彼时，杭州每百户居民家用电脑联入互联网还不到2户。
聚焦科技创新这一“难而正确的事”，杭州坚持长期主义，拼出实打实的业绩，连续多年成为国内人才净流入率领先的城市、年轻人创新就业的优选地，跻身创新活力之城。
“准确把握事物发展的必然趋势，敏锐洞悉前进道路上可能出现的机遇和挑战，以科学的战略预见未来、引领未来。”各级领导干部当有这样的战略视野。
培育出世界级家电产业集群，孵化出美的集团等世界500强企业；打造工业机器人之都，全国每生产20台工业机器人就有1台出自北滘……
广东佛山北滘镇以92平方公里之“小”，承载千亿元产值之“大”，实现从制造业起家到制造业当家。
实体经济是以苦练内功来应对外部挑战的重要着力点。
总书记指出：“顶住压力、练好内功、站稳脚跟，没有跨不过去的坎。”不断做强做优做大实体经济，坚定不移把自己的事情办好，才能在惊涛骇浪中始终立于不败之地。
“十五五”规划建议坚持把发展经济的着力点放在实体经济上，把因地制宜发展新质生产力摆在更加突出的战略位置，对构建以先进制造业为骨干的现代化产业体系作出了战略部署。
“脚踩大地”，自觉按规律办事，干实事、出实绩、务实功，这是党员、干部应有的品行与坚守。
“只要我们坚持实干兴邦、实干惠民，就一定能够把全面建设社会主义现代化国家的宏伟蓝图一步步变成现实！”","# 为人民出政绩  以实干出政绩

> 任  平《人民日报》（2026年01月04日第 01 版）

**（一）**

踏进新的一年、迈入“十五五”时期，面对深刻复杂变化的发展环境，我们要以什么样的奋斗，把今后5年我国发展的新蓝图变成宏阔壮美的新实景？

“脚要踩在大地上。我们干任何事情都有内在规律。”2025年11月，习近平总书记在听取海南自由贸易港建设工作汇报时强调。

“越是伟大的事业，越是充满挑战，越需要知重负重。全党同志都要保持‘越是艰险越向前’的英雄气概，保持‘敢教日月换新天’的昂扬斗志，埋头苦干、攻坚克难，努力创造无愧于党、无愧于人民、无愧于时代的业绩。”

2021年建党百年重大历史节点、“七一勋章”首次颁授仪式上，总书记这段号召全党同志不懈奋斗、永远奋斗的重要讲话，每每读来总是让人更加清醒、更加自信，充满豪情、充满干劲。

以百姓心为心，这是党的初心，也是党的恒心。政绩为人民而创，才能赢得人民衷心拥护。

岁末年初，总书记提出一系列明确要求，“坚持为人民出政绩、以实干出政绩”“主动担重、担难”“书写无愧于人民的时代答卷”，这是全党同志在新的一年再启新程的奋斗号令。

胸怀“国之大者”，“脚踩大地”，因地制宜做好工作，这是我们以科学方法把握规律、以务实作风推进落实，实现“十五五”良好开局的方法指引。

**（二）**

“找准在全国大局中的战略定位”“结合实际、因地制宜”，才能创造无愧于党的业绩。

习近平总书记指出：“树立和践行正确政绩观，起决定性作用的是党性。”

党性说到底就是立场问题。“任何时候任何情况下都要坚持同党中央保持高度一致，在党中央统一指挥的合奏中形成和声，决不能荒腔走板、变味走调”。

党中央集中统一领导是做好一切工作的根本保证，党中央作出的战略决策必须无条件执行。同时，在党中央统领的大局下，要因地制宜、各展所长。

1996年，东西对口帮扶战略启动，福建与宁夏“结对子”，时任福建省委副书记习近平同志格外重视。

明确“宁夏和福建所处的地理位置和自然环境有着明显不同”，确定“优势互补、互惠互利、长期协作、共同发展”原则；实地调研5个对口帮扶县，提出建设闽宁村的设想；突出产业帮扶，专门批示“菌草是我省之优势”“做自己‘拿手’的”……

一茬接着一茬干，打造出东西部对口扶贫协作帮扶的“闽宁模式”，携手30年的闽宁“山海情”不断书写新篇章，闽宁镇2024年人均可支配收入突破1.9万元。

自觉在大局下行动，发挥比较优势，尊重客观规律，走出适合本地区实际的高质量发展之路，正是创造业绩的重要方法。

看东部，浙江义乌，不靠江、不临海、不沿边，却发展成为“世界小商品之都”。

针对义乌发展遇到的体制机制障碍，在浙江工作时习近平同志曾打过比方：小孩子成长太快，而衣服太小，“得给成长快的孩子换上一件大衣服”。

“把贯彻中央精神、落实省委决策部署同本地实际紧密结合起来”，义乌持续上演换“衣”记。

从开展扩大经济社会管理权限改革，到探索新型国际贸易方式，再到“量身定制”市场采购贸易方式……“义乌人做到了‘无中生有’‘莫名其妙’”，出口额占全国比重从2010年的0.1%提高到2024年的2.3%。

看西部，成渝地区牢固树立一盘棋思想和一体化发展理念，打造区域协作的高水平样板，中欧班列（成渝）累计开行量居全国第一，25个川渝跨界河流国考断面水质达标率100%……川渝双城“破壁”，“西引力”渐强。

“既为一域争光、又为全局添彩”，一个区域梯次联动、新旧动能协同转换、新增长极增长带不断涌现的发展新格局加快形成。

在全国大局中精准定位，跳出“一城一地”谋发展，处理好分工和合作、抢位与错位的关系，中国发展千帆竞发、气象万千。

**（三）**

“站在人民立场上考虑问题”“把为老百姓办了多少好事实事作为检验政绩的重要标准”，才能创造无愧于人民的业绩。

习近平总书记指出：“共产党人必须牢记，为民造福是最大政绩。”

民心是杆秤，称出的是党员干部在人民心中的分量；人民有把尺子，量出的是为民决策办事的实效。

形式主义、官僚主义之所以是“实现新时代新征程党的使命任务的大敌”，原因就在于行为背离初心。

为民，就得从根本上为民着想，解决关系人民切身利益的根本问题。

宁夏吴忠红寺堡区，何以从过去“不适宜人类生存”的苦瘠之地，变为如今产业兴旺、生活幸福、环境优美的生态新城？

战风沙、斗干旱，20多年来累计造林100多万亩，荒原变绿洲——为民，就要解决生存环境问题。

抬升约100层楼高，把黄河水送进荒原，让人们告别苦咸水，浇灌枸杞田、滋养新产业——为民，就要解决生产生活问题。

酿酒葡萄种植面积10.81万亩，建设黄花菜产业示范村14个，打造交通物流园、清洁能源产业集群——为民，就要解决内生动力问题。

为民，就得将心比心、换位思考，解决好群众的“关键小事”。

“什么是好事实事，要从群众切身需要来考量，不能主观臆断，不能简单化、片面化。”

“扶持经济发展，帮助群众富裕起来是好事实事……甚至远处僻土深山的群众买不到灯泡、肥皂之类针头线脑的小事，得到我们的关心解决，也是好事实事。”

总书记教诲的正是如何把好事实事做到群众心坎上。

上海以“螺蛳壳里做道场”的绣花功夫，用30多年时间一张蓝图绘到底，一锤一锤敲，2025年9月让市民彻底告别“拎马桶”。在静安区蕃瓜弄小区旧房改造过程中，仅“一户一方案”专题讨论会就召开了26场。

北京昌平区着力打通办证路径，一次破解困扰近4500户居民多年的不动产登记难题。全国已累计化解2300多万套房屋不动产登记历史遗留问题。

“要采取更多可感可及的具体举措，着力满足人民群众在就业、教育、社保、住房、医疗、养老、托幼等方面的需求。”

把总书记的嘱托变成为民造福的实际行动，“把人民群众的小事当作自己的大事”，事不避难、义不逃责，就能无愧于民、无愧于心。

**（四）**

“以历史主动精神克难关、战风险、迎挑战”“追求实实在在、没有水分的增长”，才能创造无愧于时代的业绩。

党中央对“十五五”时期我国发展环境作出重大判断，指出“我国发展处于战略机遇和风险挑战并存、不确定难预料因素增多的时期”。

外部环境变化影响加深，发展中的老问题、新挑战躲不开、绕不过……“有时走到艰难险阻的境界，这是全靠雄健的精神才能够冲过去的”，这是历史的经验，也是未来的需要。

“当好中国式现代化建设的坚定行动派、实干家”，从来不是在风和日丽中耕耘，而是要在疾风骤雨中穿行。唯有保持战略清醒、战略自信、战略主动，葆有“闯”的精神、“创”的劲头、“干”的作风，才能创造经得起历史和人民检验的实绩。

“六小龙”何以出杭州？

2003年，时任浙江省委书记习近平同志第一次提出“数字浙江”战略，同时为杭州把脉定向：“过去是‘风景天堂’‘西湖天堂’，下一步是‘硅谷天堂’‘高科技天堂’。”彼时，杭州每百户居民家用电脑联入互联网还不到2户。

聚焦科技创新这一“难而正确的事”，杭州坚持长期主义，拼出实打实的业绩，连续多年成为国内人才净流入率领先的城市、年轻人创新就业的优选地，跻身创新活力之城。

“准确把握事物发展的必然趋势，敏锐洞悉前进道路上可能出现的机遇和挑战，以科学的战略预见未来、引领未来。”各级领导干部当有这样的战略视野。

培育出世界级家电产业集群，孵化出美的集团等世界500强企业；打造工业机器人之都，全国每生产20台工业机器人就有1台出自北滘……

广东佛山北滘镇以92平方公里之“小”，承载千亿元产值之“大”，实现从制造业起家到制造业当家。

实体经济是以苦练内功来应对外部挑战的重要着力点。

总书记指出：“顶住压力、练好内功、站稳脚跟，没有跨不过去的坎。”不断做强做优做大实体经济，坚定不移把自己的事情办好，才能在惊涛骇浪中始终立于不败之地。

“十五五”规划建议坚持把发展经济的着力点放在实体经济上，把因地制宜发展新质生产力摆在更加突出的战略位置，对构建以先进制造业为骨干的现代化产业体系作出了战略部署。

“脚踩大地”，自觉按规律办事，干实事、出实绩、务实功，这是党员、干部应有的品行与坚守。

“只要我们坚持实干兴邦、实干惠民，就一定能够把全面建设社会主义现代化国家的宏伟蓝图一步步变成现实！”",任  平,要闻,,https://paper.people.com.cn/rmrb/pc/content/202601/04/content_30129038.html,2026-01-04,"['无愧于', '人民', '总书记', '政绩', '为民', '习近平', '战略', '发展', '实事', '闽宁']","（一）
踏进新的一年、迈入“十五五”时期，面对深刻复杂变化的发展环境，我们要以什么样的奋斗，把今后5年我国发展的新蓝图变成宏阔壮美的新实景？
“脚要踩在大地上。我们干任何事情都有内在规律。”2025年11月，习近平总书记在听取海南自由贸易港建设工作汇报时强调。",政治,,,[]
坚定信心，续写中国奇迹新篇章,"“锐始者必图其终，成功者先计于始。”在二〇二六年新年贺词中，习近平主席着眼于“十五五”开局，强调“我们要锚定目标任务，坚定信心、乘势而上，扎实推动高质量发展，进一步全面深化改革开放，推进全体人民共同富裕，续写中国奇迹新篇章”。
什么是中国奇迹？如何创造奇迹？历史中有深刻的启迪。
前不久，陕西西安至延安高铁开通运营，中国高铁营业里程突破5万公里，超过全球其他国家总和的两倍。从“现代化的迟到国”，到“现代化的实践中心”，中国的现代化建设成就，成为西方眼中“超出想象力的图景”。
高铁列车飞驰领跑世界，公路纵横牵起城乡，航天成就“可上九天揽月”……谁能想到，一个积贫积弱、饱受欺凌的中国，能用短短几十年时间走完西方发达国家几百年的工业化历程，走出一条人类迈向现代化的新路？抚今追昔、令人感慨：“只有我们中国共产党人实现了。”
面对消除绝对贫困的世界难题，尽锐出战、攻坚克难，我们打赢人类历史上规模最大的脱贫攻坚战，全面建成小康社会；
遭遇前所未有冲击和挑战，统筹国内经济工作和国际经贸斗争，坚定不移办好自己的事，我们以高质量发展的确定性应对各种不确定性；
面对一些关键核心技术受制于人，强化科技创新和产业创新深度融合，DeepSeek（深度求索）、人形机器人等惊艳全球，我们用实践证明“对我们‘卡脖子’是卡不住的”；
…………
亲历新时代以来的历史性成就，“如果奇迹有颜色，那一定是中国红！”成为亿万人民的共同心声。
在砥砺奋进中前行，我们更加懂得：党的领导是不断从胜利走向新胜利的“定海神针”，“两个确立”是我们在新征程上书写中国奇迹的根本保证。
历史接力赛，需要一棒接着一棒跑；阶梯式递进的过程，需要每一步都走稳走实。进入基本实现社会主义现代化夯实基础、全面发力的关键时期，尤需我们鼓足干劲、乘势而进。
续写中国奇迹新篇章，我们要坚定信心。
“什么时候没有困难？一个一个过，年年过、年年好，中华民族5000多年来都是这样。爬坡过坎，关键是提振信心。”习近平主席的一番话道出了发展的常态，也揭示了奋斗的状态。
以大历史观之，今天的中国是“历史中国的延续和发展”，我们所处的时代是大有可为的时代。
“人造太阳”的束流闪烁间，“夸父逐日”的民族神话照亮人类未来；单原子层超薄金属成功制备，“二维金属”重新诠释“微观极限”，“天方夜谭”成为现实；接通脑机接口，动动念头就能控制动作，“心想事成”更加具象……
面向未来，把因地制宜发展新质生产力摆在更加突出位置，以高质量发展全面推进中国式现代化，我们将把更多“不可能”变成“一定能”。
续写中国奇迹新篇章，我们要用好优势。
打赢脱贫攻坚战，离不开“全党全国总动员、五级书记齐上阵”形成的合力；取得生态文明建设的历史性成就，靠的是对绿水青山就是金山银山理念的深入践行；嫦娥揽月、天问探火、羲和逐日等重大科技成果举世瞩目，背后是新型举国体制优势的充分发挥……
奇迹从来不会从天而降，而是在党的领导下亿万人民用汗水浇灌、以奋斗创造的。
面对战略机遇和风险挑战并存、不确定难预料因素增多，坚定信心、用好优势，以高效能治理赢得发展主动，我们定能在新征程上交出新的更加优异的答卷！","# 坚定信心，续写中国奇迹新篇章

## ——习近平主席二〇二六年新年贺词启示录④

> 本报评论员《人民日报》（2026年01月04日第 02 版）

“锐始者必图其终，成功者先计于始。”在二〇二六年新年贺词中，习近平主席着眼于“十五五”开局，强调“我们要锚定目标任务，坚定信心、乘势而上，扎实推动高质量发展，进一步全面深化改革开放，推进全体人民共同富裕，续写中国奇迹新篇章”。

什么是中国奇迹？如何创造奇迹？历史中有深刻的启迪。

前不久，陕西西安至延安高铁开通运营，中国高铁营业里程突破5万公里，超过全球其他国家总和的两倍。从“现代化的迟到国”，到“现代化的实践中心”，中国的现代化建设成就，成为西方眼中“超出想象力的图景”。

高铁列车飞驰领跑世界，公路纵横牵起城乡，航天成就“可上九天揽月”……谁能想到，一个积贫积弱、饱受欺凌的中国，能用短短几十年时间走完西方发达国家几百年的工业化历程，走出一条人类迈向现代化的新路？抚今追昔、令人感慨：“只有我们中国共产党人实现了。”

面对消除绝对贫困的世界难题，尽锐出战、攻坚克难，我们打赢人类历史上规模最大的脱贫攻坚战，全面建成小康社会；

遭遇前所未有冲击和挑战，统筹国内经济工作和国际经贸斗争，坚定不移办好自己的事，我们以高质量发展的确定性应对各种不确定性；

面对一些关键核心技术受制于人，强化科技创新和产业创新深度融合，DeepSeek（深度求索）、人形机器人等惊艳全球，我们用实践证明“对我们‘卡脖子’是卡不住的”；

…………

亲历新时代以来的历史性成就，“如果奇迹有颜色，那一定是中国红！”成为亿万人民的共同心声。

在砥砺奋进中前行，我们更加懂得：党的领导是不断从胜利走向新胜利的“定海神针”，“两个确立”是我们在新征程上书写中国奇迹的根本保证。

历史接力赛，需要一棒接着一棒跑；阶梯式递进的过程，需要每一步都走稳走实。进入基本实现社会主义现代化夯实基础、全面发力的关键时期，尤需我们鼓足干劲、乘势而进。

续写中国奇迹新篇章，我们要坚定信心。

“什么时候没有困难？一个一个过，年年过、年年好，中华民族5000多年来都是这样。爬坡过坎，关键是提振信心。”习近平主席的一番话道出了发展的常态，也揭示了奋斗的状态。

以大历史观之，今天的中国是“历史中国的延续和发展”，我们所处的时代是大有可为的时代。

“人造太阳”的束流闪烁间，“夸父逐日”的民族神话照亮人类未来；单原子层超薄金属成功制备，“二维金属”重新诠释“微观极限”，“天方夜谭”成为现实；接通脑机接口，动动念头就能控制动作，“心想事成”更加具象……

面向未来，把因地制宜发展新质生产力摆在更加突出位置，以高质量发展全面推进中国式现代化，我们将把更多“不可能”变成“一定能”。

续写中国奇迹新篇章，我们要用好优势。

打赢脱贫攻坚战，离不开“全党全国总动员、五级书记齐上阵”形成的合力；取得生态文明建设的历史性成就，靠的是对绿水青山就是金山银山理念的深入践行；嫦娥揽月、天问探火、羲和逐日等重大科技成果举世瞩目，背后是新型举国体制优势的充分发挥……

奇迹从来不会从天而降，而是在党的领导下亿万人民用汗水浇灌、以奋斗创造的。

面对战略机遇和风险挑战并存、不确定难预料因素增多，坚定信心、用好优势，以高效能治理赢得发展主动，我们定能在新征程上交出新的更加优异的答卷！",本报评论员,要闻,,https://paper.people.com.cn/rmrb/pc/content/202601/04/content_30129039.html,2026-01-04,"['奇迹', '我们', '续写', '新篇章', '现代化', '坚定信心', '中国', '高铁', '高质量', '发展']","“锐始者必图其终，成功者先计于始。”在二〇二六年新年贺词中，习近平主席着眼于“十五五”开局，强调“我们要锚定目标任务，坚定信心、乘势而上，扎实推动高质量发展，进一步全面深化改革开放，推进全体人民共同富裕，续写中国奇迹新篇章”。
什么是中国奇迹？如何创造奇迹？历史中有深刻的启迪。
前不久，陕西西安至延安高铁开通运营，中国高铁营业里程突破5万公里，超过全球其他国家总和的两倍。从“现代化的迟到国”，到“现代化的实践中心”，中国的现代化建设成就，成为西方眼中“超出想象力的图景”。",政治,,,[]
新年贺词里的民生牵挂,"“民生无小事，枝叶总关情。”“柴米油盐、三餐四季，每个‘小家’热气腾腾，中国这个‘大家’就蒸蒸日上。”
走过春夏秋冬，经历风雨彩虹，又是不平凡的一年。
新年前夕，习近平主席发表二〇二六年新年贺词。一句句朴实亲切的话语，饱含对民生的深情牵挂，让14亿多人民倍感温暖、深受鼓舞。
中国式现代化，民生为大。品读这些年的新年贺词，人民的幸福生活始终是习近平主席的牵挂。
牵挂里，有努力让人民过上更好日子的务实
“过去一年，新就业群体权益有了进一步保障”。
“家事国事天下事，让人民过上幸福生活是头等大事。”
…………
脱贫群众生活得怎么样、中低收入群众是否增收、重点群体是否就业……收入与就业是百姓生活的大事，也是习近平总书记时时的牵挂。这份牵挂饱含人民情怀。
持续促增收，夯实民生之源。
2025年11月，习近平总书记来到广东省梅州市梅县区雁洋镇南福金柚种植基地考察，同果农和农技人员亲切交流。总书记指出，发展乡村特色产业是推进乡村全面振兴的基础，要加强科技应用，推动农文旅融合，不断延伸产业链、增加附加值，带动更多农民群众增收致富。
总书记的关怀让南福村村民黄宏备受鼓舞。
近年来，黄宏依靠农业技术走上致富道路。在农技专家指导下，他采用“塔形修剪法”和“一果两剪”等技术，使80亩金柚的年产量从2019年的20万斤增加至2025年的70万斤，品质也显著提升。
依靠金柚增收，黄宏住上了“柚子楼”，开上了“柚子车”，儿子也返乡创业，用直播带货拓宽金柚销路。
千方百计抓改革、促发展，群众增收有了坚实基础。“十四五”时期，居民收入稳步增长。2024年，全国居民人均可支配收入达41314元，比2020年增加9125元，其中农村居民人均可支配收入达23119元，城乡居民收入比从2020年的2.56∶1降到了2.34∶1。
居民消费水平和生活品质也在提升。2024年，全国居民人均消费支出28227元，比2020年增加7017元。恩格尔系数由2020年的30.2%下降到2024年的29.8%。教育文化娱乐、交通通信、医疗保健等发展型消费支出2021至2024年年均增长10%。
大力稳就业，筑牢民生之本。
“村里人在外面务工的还多吗？”2025年3月，在贵州省黎平县肇兴侗寨，习近平总书记十分关心村民的就业问题。在得知大部分村民在家门口就业后，总书记很欣慰。
35岁的陆清兰是肇兴侗寨家门口就业的一员。她过去在外务工，与孩子聚少离多。2025年初，陆清兰加入侗品源传统工艺农民专业合作社，成为一名手艺工人。
“每月收入4000元左右，还能照顾孩子，心里很踏实。”做绣活、忙直播，靠着手脚勤快、头脑灵活，不到一年，陆清兰已成为合作社的熟练工。
就业是最基本的民生。坚持把就业工作摆在治国理政的突出位置，强化就业优先导向，出台一系列政策举措稳就业惠民生。
2025年前11月，全国城镇新增就业1210万人，城镇调查失业率均值5.2%。“十四五”时期，我国就业形势总体稳定。2024年末，全国就业人员总量73439万人，其中城镇就业人员47345万人，比2020年末增加1074万人。2024年，全国城镇调查失业率均值为5.1%，比2020年下降0.5个百分点。
牵挂里，有用心用情解决群众急难愁盼的担当
“适老化改造给老年人带来方便，育儿家庭每月多了300元补贴。”
“把老百姓身边的大事小情解决好，让大家笑容更多、心里更暖。”
…………
养老、育幼、就医、住房、上学等群众关心的事，习近平总书记念兹在兹。努力实现幼有所育、学有所教、劳有所得、病有所医、老有所养、住有所居、弱有所扶……近年来，我国民生保障网越织越密。
聚焦“一老一小”，努力提高服务保障水平。
2025年起，我国实施育儿补贴制度。前不久，家住安徽省合肥市长丰县义井镇黄巷村的马祥山正在工地上忙活，手机“叮”地响了一声。他停下来一看，银行卡到账3600元，这是他申请的育儿补贴。
“十四五”时期，我国着力推动幼有所育、老有所养。全国托育服务机构增加了6.6万家，增幅达到110%；托位增加了379万个，增幅达到132%。截至2024年底，全国基本养老保险参保人数超10.7亿。
建设健康中国，努力提升全民健康水平。
徐家兰是四川省遂宁市安居区三家镇山水村村民，2025年11月在家门口就完成了骨折取出钢板的手术。这得益于安居区紧密型县域医共体建设建立的“专家下沉”机制。
“区医院医生带着设备来到镇卫生院为我做手术。”徐家兰说，出院结算时，经医保报销后，个人仅支付800余元，比去区医院节省2000多元。
2024年以来，当地已有50余例类似手术在乡镇卫生院开展，累计为患者节省支出近32万元。
健康是促进人的全面发展的必然要求，是经济社会发展的基础条件。我国建成了世界上规模最大的医疗服务体系、疾病预防控制体系、医疗保障体系。截至2024年底，我国居民的人均预期寿命已达79岁，主要健康指标居于中高收入国家前列。
建设教育强国，办好人民满意的教育。
“建设高质量教育体系，办好人民满意的教育，根本在于深化教育综合改革。”2025年全国两会期间，习近平总书记在看望参加政协会议的民盟民进教育界委员时强调。
教育是国之大计、党之大计。坚持优先发展教育事业，召开全国教育大会，印发实施《教育强国建设规划纲要（2024—2035年）》……“十四五”时期，以习近平同志为核心的党中央采取一系列政策举措推进教育强国建设。截至2024年底，我国基础教育已经达到世界高收入国家平均水平，高等教育在学总规模达4846万人，比2020年增加663万人，构筑起世界最大规模的高等教育体系。
牵挂里，有兜牢困难群众基本生活的关爱
“新年之际，我最牵挂的还是困难群众”。
“一些群众就业、生活遇到困难，一些地方发生洪涝、台风、地震等自然灾害，这些我都牵挂在心。”
…………
兜牢困难群众基本生活，彰显中国特色社会主义制度优势。新年贺词中，饱含习近平总书记对困难群众的深切关爱。震后重建、抗洪抢险、帮扶残疾人、开展社会救助，共同富裕路上一个都不能掉队。
——保障灾后群众基本生活。
2025年1月7日，西藏自治区定日县发生6.8级地震，群众的房屋等生活设施严重损毁，基本生活陷入困境。
“抓紧抢修损毁基础设施，安排好群众基本生活”。习近平总书记第一时间作出重要指示。当地党员干部闻令而动，日夜抢修重建。
新一年的定日县，处处是新气象。森嘎村村民扎西罗布的新家，宽敞明亮，窗明几净，热水24小时供应……
“2025年8月，我们就搬进了建好的新房。”扎西罗布说，“房子亮堂，心里更亮堂。如今日子有奔头，干活更有劲了。”
——提高残疾人保障帮扶力度。
“各级党委和政府要高度重视残疾人工作，持续提升残疾人公共服务质量，积极营造全社会理解、尊重、关心、帮助残疾人的良好氛围和环境。”2025年5月，习近平总书记在第三十五个全国助残日到来之际作出重要指示。
“以前想了解最新的惠残政策，得麻烦家人读新闻、跑社区问，现在打开电视就能听，惠残政策都讲得明明白白！”近日，山东省滨州市沾化区富源街道大王村残疾村民王兴庆打开电视，调到助残频道了解政策。
2025年，沾化区集中开展评残办证、康复托养、助学帮困、志愿服务等各类帮扶活动，惠及1.7万余人次。
2024年末，全国共有2748.9万残疾人参加城乡居民基本养老保险，981万残疾人得到参保缴费资助；1189万困难残疾人享受生活补贴，1636万重度残疾人享受护理补贴；残疾儿童义务教育入学率达到97%……残疾人权益保护网不断织密。
——持续做好困难群众社会救助。
岁末年初，各地积极部署社会救助工作。河南提出健全完善“日常探访+重点帮扶”工作机制，加强对特殊困难群体的全面摸排和走访探视；青海开展困难群众兜底保障冬季攻坚行动，安排困难群众救助补助资金31亿元……
“十四五”时期，全国社会救助力度不断增强，已基本建成分层分类的社会救助体系。2025年，中央财政安排救助补助资金1566.8亿元，为因灾、因病导致生活困难的群众兜底保障。截至2025年5月底，城乡低保平均标准分别为每人每月799.7元、594.9元。
“十五五”规划建议提出，坚持尽力而为、量力而行，加强普惠性、基础性、兜底性民生建设，解决好人民群众急难愁盼问题，畅通社会流动渠道，提高人民生活品质。
“山海寻梦，不觉其远；前路迢迢，阔步而行。”2026年是“十五五”开局之年，也是朝气蓬勃、充满希望的一年。落实民生牵挂，关键在实。唯有以人民为中心，狠抓落实，努力实干，方能书写温暖人心的民生答卷。
（本报记者辛阳、姜晓丹、黄娴、王永战、李俊杰、琼达卓嘎、李蕊参与采写）","# 新年贺词里的民生牵挂

> 本报记者  申少铁  杨彦帆《人民日报》（2026年01月04日第 02 版）

“民生无小事，枝叶总关情。”“柴米油盐、三餐四季，每个‘小家’热气腾腾，中国这个‘大家’就蒸蒸日上。”

走过春夏秋冬，经历风雨彩虹，又是不平凡的一年。

新年前夕，习近平主席发表二〇二六年新年贺词。一句句朴实亲切的话语，饱含对民生的深情牵挂，让14亿多人民倍感温暖、深受鼓舞。

中国式现代化，民生为大。品读这些年的新年贺词，人民的幸福生活始终是习近平主席的牵挂。

**牵挂里，有努力让人民过上更好日子的务实**

“过去一年，新就业群体权益有了进一步保障”。

“家事国事天下事，让人民过上幸福生活是头等大事。”

…………

脱贫群众生活得怎么样、中低收入群众是否增收、重点群体是否就业……收入与就业是百姓生活的大事，也是习近平总书记时时的牵挂。这份牵挂饱含人民情怀。

持续促增收，夯实民生之源。

2025年11月，习近平总书记来到广东省梅州市梅县区雁洋镇南福金柚种植基地考察，同果农和农技人员亲切交流。总书记指出，发展乡村特色产业是推进乡村全面振兴的基础，要加强科技应用，推动农文旅融合，不断延伸产业链、增加附加值，带动更多农民群众增收致富。

总书记的关怀让南福村村民黄宏备受鼓舞。

近年来，黄宏依靠农业技术走上致富道路。在农技专家指导下，他采用“塔形修剪法”和“一果两剪”等技术，使80亩金柚的年产量从2019年的20万斤增加至2025年的70万斤，品质也显著提升。

依靠金柚增收，黄宏住上了“柚子楼”，开上了“柚子车”，儿子也返乡创业，用直播带货拓宽金柚销路。

千方百计抓改革、促发展，群众增收有了坚实基础。“十四五”时期，居民收入稳步增长。2024年，全国居民人均可支配收入达41314元，比2020年增加9125元，其中农村居民人均可支配收入达23119元，城乡居民收入比从2020年的2.56∶1降到了2.34∶1。

居民消费水平和生活品质也在提升。2024年，全国居民人均消费支出28227元，比2020年增加7017元。恩格尔系数由2020年的30.2%下降到2024年的29.8%。教育文化娱乐、交通通信、医疗保健等发展型消费支出2021至2024年年均增长10%。

大力稳就业，筑牢民生之本。

“村里人在外面务工的还多吗？”2025年3月，在贵州省黎平县肇兴侗寨，习近平总书记十分关心村民的就业问题。在得知大部分村民在家门口就业后，总书记很欣慰。

35岁的陆清兰是肇兴侗寨家门口就业的一员。她过去在外务工，与孩子聚少离多。2025年初，陆清兰加入侗品源传统工艺农民专业合作社，成为一名手艺工人。

“每月收入4000元左右，还能照顾孩子，心里很踏实。”做绣活、忙直播，靠着手脚勤快、头脑灵活，不到一年，陆清兰已成为合作社的熟练工。

就业是最基本的民生。坚持把就业工作摆在治国理政的突出位置，强化就业优先导向，出台一系列政策举措稳就业惠民生。

2025年前11月，全国城镇新增就业1210万人，城镇调查失业率均值5.2%。“十四五”时期，我国就业形势总体稳定。2024年末，全国就业人员总量73439万人，其中城镇就业人员47345万人，比2020年末增加1074万人。2024年，全国城镇调查失业率均值为5.1%，比2020年下降0.5个百分点。

**牵挂里，有用心用情解决群众急难愁盼的担当**

“适老化改造给老年人带来方便，育儿家庭每月多了300元补贴。”

“把老百姓身边的大事小情解决好，让大家笑容更多、心里更暖。”

…………

养老、育幼、就医、住房、上学等群众关心的事，习近平总书记念兹在兹。努力实现幼有所育、学有所教、劳有所得、病有所医、老有所养、住有所居、弱有所扶……近年来，我国民生保障网越织越密。

聚焦“一老一小”，努力提高服务保障水平。

2025年起，我国实施育儿补贴制度。前不久，家住安徽省合肥市长丰县义井镇黄巷村的马祥山正在工地上忙活，手机“叮”地响了一声。他停下来一看，银行卡到账3600元，这是他申请的育儿补贴。

“十四五”时期，我国着力推动幼有所育、老有所养。全国托育服务机构增加了6.6万家，增幅达到110%；托位增加了379万个，增幅达到132%。截至2024年底，全国基本养老保险参保人数超10.7亿。

建设健康中国，努力提升全民健康水平。

徐家兰是四川省遂宁市安居区三家镇山水村村民，2025年11月在家门口就完成了骨折取出钢板的手术。这得益于安居区紧密型县域医共体建设建立的“专家下沉”机制。

“区医院医生带着设备来到镇卫生院为我做手术。”徐家兰说，出院结算时，经医保报销后，个人仅支付800余元，比去区医院节省2000多元。

2024年以来，当地已有50余例类似手术在乡镇卫生院开展，累计为患者节省支出近32万元。

健康是促进人的全面发展的必然要求，是经济社会发展的基础条件。我国建成了世界上规模最大的医疗服务体系、疾病预防控制体系、医疗保障体系。截至2024年底，我国居民的人均预期寿命已达79岁，主要健康指标居于中高收入国家前列。

建设教育强国，办好人民满意的教育。

“建设高质量教育体系，办好人民满意的教育，根本在于深化教育综合改革。”2025年全国两会期间，习近平总书记在看望参加政协会议的民盟民进教育界委员时强调。

教育是国之大计、党之大计。坚持优先发展教育事业，召开全国教育大会，印发实施《教育强国建设规划纲要（2024—2035年）》……“十四五”时期，以习近平同志为核心的党中央采取一系列政策举措推进教育强国建设。截至2024年底，我国基础教育已经达到世界高收入国家平均水平，高等教育在学总规模达4846万人，比2020年增加663万人，构筑起世界最大规模的高等教育体系。

**牵挂里，有兜牢困难群众基本生活的关爱**

“新年之际，我最牵挂的还是困难群众”。

“一些群众就业、生活遇到困难，一些地方发生洪涝、台风、地震等自然灾害，这些我都牵挂在心。”

…………

兜牢困难群众基本生活，彰显中国特色社会主义制度优势。新年贺词中，饱含习近平总书记对困难群众的深切关爱。震后重建、抗洪抢险、帮扶残疾人、开展社会救助，共同富裕路上一个都不能掉队。

——保障灾后群众基本生活。

2025年1月7日，西藏自治区定日县发生6.8级地震，群众的房屋等生活设施严重损毁，基本生活陷入困境。

“抓紧抢修损毁基础设施，安排好群众基本生活”。习近平总书记第一时间作出重要指示。当地党员干部闻令而动，日夜抢修重建。

新一年的定日县，处处是新气象。森嘎村村民扎西罗布的新家，宽敞明亮，窗明几净，热水24小时供应……

“2025年8月，我们就搬进了建好的新房。”扎西罗布说，“房子亮堂，心里更亮堂。如今日子有奔头，干活更有劲了。”

——提高残疾人保障帮扶力度。

“各级党委和政府要高度重视残疾人工作，持续提升残疾人公共服务质量，积极营造全社会理解、尊重、关心、帮助残疾人的良好氛围和环境。”2025年5月，习近平总书记在第三十五个全国助残日到来之际作出重要指示。

“以前想了解最新的惠残政策，得麻烦家人读新闻、跑社区问，现在打开电视就能听，惠残政策都讲得明明白白！”近日，山东省滨州市沾化区富源街道大王村残疾村民王兴庆打开电视，调到助残频道了解政策。

2025年，沾化区集中开展评残办证、康复托养、助学帮困、志愿服务等各类帮扶活动，惠及1.7万余人次。

2024年末，全国共有2748.9万残疾人参加城乡居民基本养老保险，981万残疾人得到参保缴费资助；1189万困难残疾人享受生活补贴，1636万重度残疾人享受护理补贴；残疾儿童义务教育入学率达到97%……残疾人权益保护网不断织密。

——持续做好困难群众社会救助。

岁末年初，各地积极部署社会救助工作。河南提出健全完善“日常探访+重点帮扶”工作机制，加强对特殊困难群体的全面摸排和走访探视；青海开展困难群众兜底保障冬季攻坚行动，安排困难群众救助补助资金31亿元……

“十四五”时期，全国社会救助力度不断增强，已基本建成分层分类的社会救助体系。2025年，中央财政安排救助补助资金1566.8亿元，为因灾、因病导致生活困难的群众兜底保障。截至2025年5月底，城乡低保平均标准分别为每人每月799.7元、594.9元。

“十五五”规划建议提出，坚持尽力而为、量力而行，加强普惠性、基础性、兜底性民生建设，解决好人民群众急难愁盼问题，畅通社会流动渠道，提高人民生活品质。

“山海寻梦，不觉其远；前路迢迢，阔步而行。”2026年是“十五五”开局之年，也是朝气蓬勃、充满希望的一年。落实民生牵挂，关键在实。唯有以人民为中心，狠抓落实，努力实干，方能书写温暖人心的民生答卷。

（本报记者辛阳、姜晓丹、黄娴、王永战、李俊杰、琼达卓嘎、李蕊参与采写）",申少铁  杨彦帆,要闻,,https://paper.people.com.cn/rmrb/pc/content/202601/04/content_30129040.html,2026-01-04,"['2025', '2024', '习近平', '就业', '牵挂', '总书记', '残疾人', '2020', '民生', '困难群众']","“民生无小事，枝叶总关情。”“柴米油盐、三餐四季，每个‘小家’热气腾腾，中国这个‘大家’就蒸蒸日上。”
走过春夏秋冬，经历风雨彩虹，又是不平凡的一年。
新年前夕，习近平主席发表二〇二六年新年贺词。一句句朴实亲切的话语，饱含对民生的深情牵挂，让14亿多人民倍感温暖、深受鼓舞。",政治,,,[]
大山里的足球课,"加强体育、美育、劳动教育。
——摘自“十五五”规划建议
一路翻山越岭，景阳小学慢慢出现在道路一侧。推开铁门，很难想象眼前是一所村小：一个标准的足球场，人工草皮在阳光下绿得发亮，外圈塑胶跑道弹性十足。
景阳小学位于贵州省黔东南苗族侗族自治州麻江县景阳村，服务范围包括该村在内的周边5个行政村。下午3点半，放学铃声响起，五年级的杨昌与抱着足球和同学们奔向操场，开始当天的足球训练。
在景阳小学，几乎每一名学生都会踢足球。
早在上世纪末，在部分老师的带动下，景阳小学就形成了踢足球的氛围。2013年，景阳小学搬入被撤并的景阳中学校舍办学，有了标准足球场。从那时起，学校就将足球作为一项特色教育来抓。
“我们通过足球课、足球社团以及班级足球联赛等形式，进行全员足球教学；同时遴选三至六年级学生，组建男女足校队参加比赛。”景阳小学校长杨文健介绍。设课程、建联赛、强设施、造氛围，2015年，景阳小学被评为全国青少年校园足球特色学校，迈入系统化足球教育阶段。
从2016年开始，景阳小学校队便代表麻江县参加黔东南州校园足球三级联赛。在持续参赛的9年间，女队曾获得两届亚军，男队也取得过全州第五名的成绩。其间，校内的班级联赛、跨年级足球赛也陆续开展，“足球不是球队的专属，而是每个班级、每个孩子都能触碰的快乐。”杨文健说。
足球为山村孩子打开了另一扇门。“不少孩子通过足球特长，进入了州、县的优质中学继续学业。”足球教练罗祥国说，足球改变了很多学生的人生轨迹。
为了让足球教育落地生根，景阳小学下足了功夫。“各年级的体育课里专门留一节足球课，低年级主要培养兴趣，高年级则加入技战术训练。”罗祥国介绍，老师们还把颠球、传球的技巧编成足球操，融入30分钟的大课间；运动场围墙上贴满了足球训练图解，孩子们课余时间能随时看、随时练，把课堂搬到“阳光下”。
东西部协作也为景阳小学的足球教育带来了更多资源。在足球场上，有针对射门、传接球、颠球等专项训练的器材，这些都来自广东佛山一所学校的捐赠。每个学期，景阳小学都会有5—10名学生去佛山进行交流训练。“经过3年的轮换，培训活动基本覆盖了所有校队队员。”罗祥国说，佛山的学校教练力量更强，在技战术训练、可持续性培养等方面都给了学生们更专业的指导。
杨昌与四年级进入校队，过去一年多时间里，他随球队去过丹寨、岑巩、锦屏等县，还去了州府所在地凯里市。这些经历拓宽了他的眼界，也塑造了他的梦想，“我觉得外面的世界很大，我想努力学习，好好踢球，以后去更远的地方看看。”","# 大山里的足球课

> 本报记者  陈隽逸《人民日报》（2026年01月04日第 04 版）

加强体育、美育、劳动教育。

——摘自“十五五”规划建议

一路翻山越岭，景阳小学慢慢出现在道路一侧。推开铁门，很难想象眼前是一所村小：一个标准的足球场，人工草皮在阳光下绿得发亮，外圈塑胶跑道弹性十足。

景阳小学位于贵州省黔东南苗族侗族自治州麻江县景阳村，服务范围包括该村在内的周边5个行政村。下午3点半，放学铃声响起，五年级的杨昌与抱着足球和同学们奔向操场，开始当天的足球训练。

在景阳小学，几乎每一名学生都会踢足球。

早在上世纪末，在部分老师的带动下，景阳小学就形成了踢足球的氛围。2013年，景阳小学搬入被撤并的景阳中学校舍办学，有了标准足球场。从那时起，学校就将足球作为一项特色教育来抓。

“我们通过足球课、足球社团以及班级足球联赛等形式，进行全员足球教学；同时遴选三至六年级学生，组建男女足校队参加比赛。”景阳小学校长杨文健介绍。设课程、建联赛、强设施、造氛围，2015年，景阳小学被评为全国青少年校园足球特色学校，迈入系统化足球教育阶段。

从2016年开始，景阳小学校队便代表麻江县参加黔东南州校园足球三级联赛。在持续参赛的9年间，女队曾获得两届亚军，男队也取得过全州第五名的成绩。其间，校内的班级联赛、跨年级足球赛也陆续开展，“足球不是球队的专属，而是每个班级、每个孩子都能触碰的快乐。”杨文健说。

足球为山村孩子打开了另一扇门。“不少孩子通过足球特长，进入了州、县的优质中学继续学业。”足球教练罗祥国说，足球改变了很多学生的人生轨迹。

为了让足球教育落地生根，景阳小学下足了功夫。“各年级的体育课里专门留一节足球课，低年级主要培养兴趣，高年级则加入技战术训练。”罗祥国介绍，老师们还把颠球、传球的技巧编成足球操，融入30分钟的大课间；运动场围墙上贴满了足球训练图解，孩子们课余时间能随时看、随时练，把课堂搬到“阳光下”。

东西部协作也为景阳小学的足球教育带来了更多资源。在足球场上，有针对射门、传接球、颠球等专项训练的器材，这些都来自广东佛山一所学校的捐赠。每个学期，景阳小学都会有5—10名学生去佛山进行交流训练。“经过3年的轮换，培训活动基本覆盖了所有校队队员。”罗祥国说，佛山的学校教练力量更强，在技战术训练、可持续性培养等方面都给了学生们更专业的指导。

杨昌与四年级进入校队，过去一年多时间里，他随球队去过丹寨、岑巩、锦屏等县，还去了州府所在地凯里市。这些经历拓宽了他的眼界，也塑造了他的梦想，“我觉得外面的世界很大，我想努力学习，好好踢球，以后去更远的地方看看。”",陈隽逸,要闻,编组_20260314_0934_02,https://paper.people.com.cn/rmrb/pc/content/202601/04/content_30129056.html,2026-01-04,"['足球', '景阳', '小学', '训练', '罗祥国', '足球场', '学生', '班级', '教育', '麻江县']","加强体育、美育、劳动教育。
——摘自“十五五”规划建议
一路翻山越岭，景阳小学慢慢出现在道路一侧。推开铁门，很难想象眼前是一所村小：一个标准的足球场，人工草皮在阳光下绿得发亮，外圈塑胶跑道弹性十足。",社会,series_cf278c46,1.0,['绿茵场上的育人实践（编辑手记）']
绿茵场上的育人实践（编辑手记）,"发展乡村体育教育有何意义？贵州麻江县景阳小学对足球教育的探索，给出了生动的答案。
在这里，足球不是少数人的特长，而是“每个孩子都能触碰的快乐”。绿茵场上挥洒汗水的身影，不仅凝聚着童年的欢笑声与协作的友谊，也强健了孩子们的体魄。绿茵场，也因此成为他们健康快乐成长最生动的课堂。
足球也为大山深处的孩子打开了一扇窗。“我想努力学习，好好踢球，以后去更远的地方看看。”孩子朴素心愿的背后，是视野的开阔、见识的增长、志向的萌发。足球在幼小的心灵中种下自强不息的种子，一些人的人生轨迹由此改变。
一只小小的足球，蕴含教育的深意。我们期待更多乡村学校找准自身特色优势，为孩子们的健康快乐成长撑起一片天。","# 绿茵场上的育人实践（编辑手记）

> 陈  震《人民日报》（2026年01月04日第 04 版）

发展乡村体育教育有何意义？贵州麻江县景阳小学对足球教育的探索，给出了生动的答案。

在这里，足球不是少数人的特长，而是“每个孩子都能触碰的快乐”。绿茵场上挥洒汗水的身影，不仅凝聚着童年的欢笑声与协作的友谊，也强健了孩子们的体魄。绿茵场，也因此成为他们健康快乐成长最生动的课堂。

足球也为大山深处的孩子打开了一扇窗。“我想努力学习，好好踢球，以后去更远的地方看看。”孩子朴素心愿的背后，是视野的开阔、见识的增长、志向的萌发。足球在幼小的心灵中种下自强不息的种子，一些人的人生轨迹由此改变。

一只小小的足球，蕴含教育的深意。我们期待更多乡村学校找准自身特色优势，为孩子们的健康快乐成长撑起一片天。",陈  震,要闻,编组_20260314_0934_02,https://paper.people.com.cn/rmrb/pc/content/202601/04/content_30129057.html,2026-01-04,"['足球', '绿茵场', '孩子', '快乐', '教育', '乡村', '生动', '麻江县', '成长', '景阳']","发展乡村体育教育有何意义？贵州麻江县景阳小学对足球教育的探索，给出了生动的答案。
在这里，足球不是少数人的特长，而是“每个孩子都能触碰的快乐”。绿茵场上挥洒汗水的身影，不仅凝聚着童年的欢笑声与协作的友谊，也强健了孩子们的体魄。绿茵场，也因此成为他们健康快乐成长最生动的课堂。
足球也为大山深处的孩子打开了一扇窗。“我想努力学习，好好踢球，以后去更远的地方看看。”孩子朴素心愿的背后，是视野的开阔、见识的增长、志向的萌发。足球在幼小的心灵中种下自强不息的种子，一些人的人生轨迹由此改变。",社会,series_cf278c46,2.0,['大山里的足球课']
“小家”与“大家”（人民论坛）,"天南海北的游客没断过，快递点堆满发往全国的包裹……新年伊始，广东梅州南福村的村民，正甜蜜地忙碌着。曾经土路难行，而今公路通达，数字技术、无人机也找到更多应用场景。“过去，是发愁金柚运不出、卖不掉；现在，只愁不够运、不够卖！”这一转变，正是“大家”托举“小家”、“小家”成就“大家”的生动写照。
在二〇二六年新年贺词中，习近平主席指出：“柴米油盐、三餐四季，每个‘小家’热气腾腾，中国这个‘大家’就蒸蒸日上。”深情真挚的话语，道出了亿万人民的心声，成为广大党员、干部奋斗的指引。
这是谋事之法，“把人民群众的小事当作自己的大事”。
在辽宁葫芦岛祝家沟村，对受灾群众说“你们的希望也就是我们的希望”；在辽宁沈阳长安小区，告诉大家“家家户户幸福生活、老老少少开心快乐，就是人间美景”；在梅州南福村，对乡亲们说“很关心这些还需要走得再快一点的地方”……过去一年，习近平总书记步履不停，关心“小家”的点点滴滴，酝酿“大家”的宏图大计。
从“十五五”规划建议，到中央经济工作会议部署今年经济工作的八项重点任务，老百姓最关心的领域都有着墨。答好民生“幸福卷”，我们的信心就在于“大家”与“小家”互融、党心与民心相通。
这是成事之道，“致广大而尽精微”。
“小家”烟火气，得益于“大家”实力提升与政策落实落细。
新就业群体权益有了进一步保障、适老化改造给老年人带来方便、育儿家庭每月多了300元补贴，综合国力的增长推动民生福祉更有保障；人工智能大模型你追我赶、人形机器人亮出“功夫模式”、无人机演绎绚丽“烟花”，新质生产力赋能生活多姿多彩；文博热非遗热不断升温、文旅市场人气火爆、“城超”“村超”热闹非凡，文化创新创造提升百姓精神享受。
实践告诉我们，谋划“大家”时统揽大局，通过调查研究把情况摸清、把问题找准、把对策提实；造福“小家”时操作精当，以绣花功夫把工作做扎实、做到位。
这是共产党人的幸福所在，“世界上最大的幸福莫过于为人民幸福而奋斗。”
一位“洋网红”对中国共产党了解不多，以为党员都是政府官员，当他在上海碰到一位出租车司机党员时，就更好奇“入党有什么好处”。答：“入党没有什么好处，都是奉献。硬要说好处，就是父母会为我自豪。”
若以“好处”视角看，就很难理解王继才坚守孤岛30余年的抉择、李保国太行山扶贫三十五载的决心……
“老百姓的幸福感就是我的成就感”“成就百姓小幸福就是我的小美满”“幸福感和获得感是群众给我的”……从这些党员心语中，就能感悟到他们的幸福是忘我的、奋斗的，是来自人民群众的。洋溢在“小家”里的笑脸有多灿烂，决定着党员干部的幸福程度有多高。
蓝图已经绘就，奋进正当其时。","# “小家”与“大家”（人民论坛）

> 鲍  佳《人民日报》（2026年01月04日第 04 版）

天南海北的游客没断过，快递点堆满发往全国的包裹……新年伊始，广东梅州南福村的村民，正甜蜜地忙碌着。曾经土路难行，而今公路通达，数字技术、无人机也找到更多应用场景。“过去，是发愁金柚运不出、卖不掉；现在，只愁不够运、不够卖！”这一转变，正是“大家”托举“小家”、“小家”成就“大家”的生动写照。

在二〇二六年新年贺词中，习近平主席指出：“柴米油盐、三餐四季，每个‘小家’热气腾腾，中国这个‘大家’就蒸蒸日上。”深情真挚的话语，道出了亿万人民的心声，成为广大党员、干部奋斗的指引。

这是谋事之法，“把人民群众的小事当作自己的大事”。

在辽宁葫芦岛祝家沟村，对受灾群众说“你们的希望也就是我们的希望”；在辽宁沈阳长安小区，告诉大家“家家户户幸福生活、老老少少开心快乐，就是人间美景”；在梅州南福村，对乡亲们说“很关心这些还需要走得再快一点的地方”……过去一年，习近平总书记步履不停，关心“小家”的点点滴滴，酝酿“大家”的宏图大计。

从“十五五”规划建议，到中央经济工作会议部署今年经济工作的八项重点任务，老百姓最关心的领域都有着墨。答好民生“幸福卷”，我们的信心就在于“大家”与“小家”互融、党心与民心相通。

这是成事之道，“致广大而尽精微”。

“小家”烟火气，得益于“大家”实力提升与政策落实落细。

新就业群体权益有了进一步保障、适老化改造给老年人带来方便、育儿家庭每月多了300元补贴，综合国力的增长推动民生福祉更有保障；人工智能大模型你追我赶、人形机器人亮出“功夫模式”、无人机演绎绚丽“烟花”，新质生产力赋能生活多姿多彩；文博热非遗热不断升温、文旅市场人气火爆、“城超”“村超”热闹非凡，文化创新创造提升百姓精神享受。

实践告诉我们，谋划“大家”时统揽大局，通过调查研究把情况摸清、把问题找准、把对策提实；造福“小家”时操作精当，以绣花功夫把工作做扎实、做到位。

这是共产党人的幸福所在，“世界上最大的幸福莫过于为人民幸福而奋斗。”

一位“洋网红”对中国共产党了解不多，以为党员都是政府官员，当他在上海碰到一位出租车司机党员时，就更好奇“入党有什么好处”。答：“入党没有什么好处，都是奉献。硬要说好处，就是父母会为我自豪。”

若以“好处”视角看，就很难理解王继才坚守孤岛30余年的抉择、李保国太行山扶贫三十五载的决心……

“老百姓的幸福感就是我的成就感”“成就百姓小幸福就是我的小美满”“幸福感和获得感是群众给我的”……从这些党员心语中，就能感悟到他们的幸福是忘我的、奋斗的，是来自人民群众的。洋溢在“小家”里的笑脸有多灿烂，决定着党员干部的幸福程度有多高。

蓝图已经绘就，奋进正当其时。",鲍  佳,要闻,,https://paper.people.com.cn/rmrb/pc/content/202601/04/content_30129058.html,2026-01-04,"['小家', '幸福', '大家', '好处', '奋斗', '群众', '南福村', '党员', '梅州', '人民']","天南海北的游客没断过，快递点堆满发往全国的包裹……新年伊始，广东梅州南福村的村民，正甜蜜地忙碌着。曾经土路难行，而今公路通达，数字技术、无人机也找到更多应用场景。“过去，是发愁金柚运不出、卖不掉；现在，只愁不够运、不够卖！”这一转变，正是“大家”托举“小家”、“小家”成就“大家”的生动写照。
在二〇二六年新年贺词中，习近平主席指出：“柴米油盐、三餐四季，每个‘小家’热气腾腾，中国这个‘大家’就蒸蒸日上。”深情真挚的话语，道出了亿万人民的心声，成为广大党员、干部奋斗的指引。
这是谋事之法，“把人民群众的小事当作自己的大事”。",政治,,,[]
青春辉映帕米尔的晨光,"帕米尔高原一景。
帕米尔高原一景。
比比亚斯曼·阿巴米斯林查验入境旅客证件。
比比亚斯曼·阿巴米斯林查验入境旅客证件。
钟明霏（右）核对出境车辆信息。
钟明霏（右）核对出境车辆信息。
林明星正在执勤。以上图片均为本报记者贺勇摄
林明星正在执勤。
以上图片均为本报记者贺勇摄
在祖国版图最西端的帕米尔高原，平均海拔超4500米的雪域之巅，稀薄的空气、凛冽的寒风与漫长的冬季，勾勒出这里的生存底色。然而，一群心怀赤诚的年轻人选择扎根于此，他们中有坚守“世界最高国门”的移民管理警察，有跨越万里乡愁戍边的民警，有在“最忙口岸”与时间赛跑的海关关员。作为祖国边疆青年群体的缩影，他们用日复一日的耕耘，编织出祖国边疆的平安与繁荣。
“5100米的守望，意义重大”
新疆喀什，红其拉甫口岸，海拔5100米。世界上海拔最高的国门在晨曦中缓缓开启。
“您好，欢迎来到中国！”红其拉甫出入境边防检查站民警比比亚斯曼·阿巴米斯林双手接过巴基斯坦旅客的护照，露出标准的微笑。动作流畅、眼神专注，这种查验过程她已重复上万次。
比比亚斯曼是塔吉克族90后青年。2009年，17岁的她瞒着家人报名参军。2015年，从军校毕业的比比亚斯曼站在人生的十字路口。成绩优异的她可以留校，也可以去条件更好的城市。但比比亚斯曼在分配志愿表上只写了一行字：“申请返回帕米尔高原，回到红其拉甫边检站。”
语言是第一关。比比亚斯曼需要熟练掌握边检专用语、英语基础会话，还要了解毗邻国家语言习惯。那些日子，比比亚斯曼每天提前一小时起床，在零下十几摄氏度的院子里，对着雪山练习发音：“请出示您的护照”“祝您旅途愉快”。
2019年，比比亚斯曼脱下军装换上警服，成为首批移民管理警察。她主动加码学习出入境法律法规、证件鉴别知识。
2024年12月1日，红其拉甫口岸由季节性开放转为常年开放，通关量将大幅增长。消息传来时，比比亚斯曼正在执勤。
“让我去一线！”比比亚斯曼主动请缨。
2025年年初的一个下午，口岸接到通知：一批因手续问题滞留境外的中国旅客将折返。比比亚斯曼主动留下等候。
零下25摄氏度，夜色如墨。凌晨两点，大巴车终于驶入口岸。旅客们拖着行李下车时，看到查验大厅依旧灯火通明，比比亚斯曼和同事们正站在门口。
空气凝固了几秒。一位中年旅客先反应过来，声音发颤：“这么晚了，你们还在等我们？”
“欢迎回家。”比比亚斯曼微笑着说。
那一刻，许多人红了眼眶。有人深深鞠躬，有人握紧她的手说不出话。一位老人用粗糙的手拍拍她的肩：“孩子，辛苦你们了。”
回宿舍的路上，月亮正悬在雪山顶上。“那一刻我知道，5100米的守望，意义重大。”比比亚斯曼在日记里写道，“选择了帕米尔高原，就是选择了坚守；穿上警服，就是扛起了责任。”
“我把乡愁种在这里了”
从红其拉甫口岸向西，车在盘山路上颠簸一个多小时，便抵达排依克边境派出所。
“排依克”，柯尔克孜语意为“最高的山”。这里平均海拔4600米，是我国与塔吉克斯坦、阿富汗、巴基斯坦三国交界处，瓦罕走廊的咽喉。对32岁的民警林明星而言，这里是距离家乡海南琼海“最远”的地方——足足有5500多公里。
2022年6月，林明星第一次上高原。越野车在看不到尽头的山路上盘旋，他的头开始剧烈疼痛，恶心感一阵阵涌上来。车终于停下。林明星推开车门，脚下一软，差点摔倒在地。眼前是覆着厚雪的无边群山，风穿过山谷的呼啸声，衬得世界格外寂静。
“这就是排依克。”时任排依克边境派出所所长彭明有拍拍林明星的肩，“欢迎。”
回家，从此成了一件需要精密计算的事。如果清晨6点从派出所出发，坐6小时车到喀什，赶下午的飞机到乌鲁木齐，再转机到海口，最后乘车回琼海——顺利的话，第二天傍晚能推开家门。来回路上，至少要耗去4个整天。
电话里，母亲总问：“习惯吗？苦不苦？”林明星每次都笑答：“挺好的，羊肉特别香。”他从不让父母来探望：“路太远太折腾，等我休假回去。”
真正的考验是巡逻。
排依克边境派出所辖区很多地方海拔在4600米以上，不少地方没有路。车开到无法前进的地方停下，剩下的路，要靠双腿去丈量。
林明星第一次参加巡逻，目标是中阿5号界碑。那是一个近乎60度的碎石坡，林明星跟着老民警向上攀爬，走一步，滑半步。稀薄的空气像无形的海绵，吸走了所有力气。肺部像着了火，每一次呼吸都带着灼痛感。
“别停，一停就更爬不动了。”老民警在前面喊。
他咬着牙，手脚并用。碎石在手下滚动，雪灌进靴子。一个半小时后，当界碑终于出现在视野里时，他的眼泪差点掉下来，眼睛已被风吹得生疼。
那次巡逻回来，他瘫倒在床上，感觉全身骨头都散了架。但第二天，他又站在了出发的队伍里。
时间久了，林明星成了牧民们最熟悉的人。牛羊跑丢了，他和同事们漫山遍野地帮着找；谁家老人需要常备药，他们记在心里，下次巡逻时就捎过来。
在派出所营房后面，有一座民警们自己建起来的阳光温室。温室里，200平方米的种植区，柠檬、山茶、西红柿都活了下来。
林明星在靠墙的一小块地方，埋下了从琼海带来的榴莲蜜种子——那是家乡特有的热带水果。同事们笑他：“这儿连苹果都难活，你还想种热带水果？”
林明星憨笑：“试试嘛。”
每天巡逻回来，林明星都要去温室看看。浇水，松土，和那些不会说话的植物待一会儿。两个月后的一天清晨，他突然发现——那颗榴莲蜜种子，冒出了两片嫩绿的芽。
林明星蹲在那里，看了很久。阳光透过温室塑料膜照进来，在嫩芽上镀了一层金边。那一刻，他想起了家乡高大的榴莲蜜树，想起树下摇着蒲扇的母亲。
“我把乡愁种在这里了。”林明星在日记里写下。
不久前，公安部授予排依克边境派出所全国“公安楷模”称号。授牌那天，高原的阳光明晃晃的，照在每个人肩头的警徽上，反射出耀眼的光。林明星站在队伍里，看着远处的雪山。他突然觉得，自己好像真的在这里扎下了根——像那株榴莲蜜幼苗，虽然长得慢，但每天都在向上。
“我的一天，是精确到分钟的节奏”
卡拉苏口岸是我国海拔4000米以上货运量最大的陆路口岸，连接着中国与塔吉克斯坦。平均每天有超过200辆货运车辆从这里出入境，遇到高峰期这个数字会翻倍。可以说是帕米尔高原上“最忙”的地方。
下午3点，报关大厅像开了锅。电话铃声、对讲机呼叫声、报关员的询问声、打印机的嗡嗡声——各种声音混在一起。钟明霏坐在工位上，目光在3个屏幕间快速切换，手指在键盘上飞舞，同时回答着面前报关员的问题。
语速快，但清晰；动作急，但有序。这个2001年出生的山东姑娘，是卡拉苏海关最年轻的关员之一。
2023年，从济宁医学院毕业的钟明霏，来到了新疆。培训时，老师指着地图说：“我们守的是1/6的国土。”她感到一种澎湃的力量涌上心头。直到分配通知下来——“卡拉苏海关”，她才第一次认真搜索这个地方：口岸海拔3883米，国门海拔4368米，年平均气温零下5摄氏度，冬季长达7个月。
报到那天，钟明霏从喀什市出发，车沿着盖孜河谷上行。景色从绿洲变成戈壁，再变成裸露的岩石，最后是连绵的雪山。海拔表上的数字不断攀升：2000、3000、3500……钟明霏的耳朵开始嗡嗡作响。
最初的适应期是痛苦的。早上起来，鼻腔里带着血丝；走路稍微快一点，心脏就像要跳出胸腔；夜里常常因为缺氧醒来，望着天花板到天明。钟明霏看到同期来的几个年轻人都没叫苦，她也咬牙挺着。
“我的一天，是精确到分钟的节奏。”钟明霏这样描述她的工作。
早上9点，钟明霏和同事从塔什库尔干塔吉克自治县的宿舍出发，乘车一小时前往口岸。路上，车内就是移动会议室：布置当天任务，传达最新要求。
10点，到达口岸。换上制服，整理材料，开始做准备。
11点整，准时上岗。从第一辆货车驶入监管区开始，忙碌就像按下了加速键。
2024年11月的一天，一批出口的工程机械车辆集中抵达。钟明霏和同事们从中午12点忙到晚上11点。走出大厅，寒风一吹，她才感觉到饿——午饭和晚饭都没吃。
回到宿舍，钟明霏泡了碗面。吃着吃着，眼泪突然掉了下来。“也不是委屈，就是有点累。”她在日记里写道。
“要不换个地方？”这个念头闪过。但当钟明霏看到同事中有的来自江南水乡，有的来自东北平原，都在高原上扎下了根，她对自己说，“别人能行，我也能。”
钟明霏也在慢慢成长。现在，她能一眼看出单证中的常见问题；能在嘈杂环境中同时处理多项事务；面对不理解的货主，她能耐心讲解政策依据；遇到突发事件，她能沉着应对。
2024年冬天，一批出口车辆手续需要查验。零下20摄氏度的气温里，钟明霏在监管区连续作业两小时，手冻得通红，但查验记录一笔不错。“小姑娘可以啊！”运输公司的老师傅竖起大拇指。
夜色中，雪山依旧巍峨，国门威严矗立。一代代青年在边疆热土上拼搏耕耘，把最美年华留在祖国最需要的地方。","### 择一域，守一方，他们在边疆平凡岗位上深耕——

# 青春辉映帕米尔的晨光
> 系列：追梦人

> 本报记者  贺  勇  阿尔达克《人民日报》（2026年01月04日第 05 版）

帕米尔高原一景。

帕米尔高原一景。

比比亚斯曼·阿巴米斯林查验入境旅客证件。

比比亚斯曼·阿巴米斯林查验入境旅客证件。

钟明霏（右）核对出境车辆信息。

钟明霏（右）核对出境车辆信息。

林明星正在执勤。　　以上图片均为本报记者贺勇摄

林明星正在执勤。

以上图片均为本报记者贺勇摄

在祖国版图最西端的帕米尔高原，平均海拔超4500米的雪域之巅，稀薄的空气、凛冽的寒风与漫长的冬季，勾勒出这里的生存底色。然而，一群心怀赤诚的年轻人选择扎根于此，他们中有坚守“世界最高国门”的移民管理警察，有跨越万里乡愁戍边的民警，有在“最忙口岸”与时间赛跑的海关关员。作为祖国边疆青年群体的缩影，他们用日复一日的耕耘，编织出祖国边疆的平安与繁荣。

“5100米的守望，意义重大”

新疆喀什，红其拉甫口岸，海拔5100米。世界上海拔最高的国门在晨曦中缓缓开启。

“您好，欢迎来到中国！”红其拉甫出入境边防检查站民警比比亚斯曼·阿巴米斯林双手接过巴基斯坦旅客的护照，露出标准的微笑。动作流畅、眼神专注，这种查验过程她已重复上万次。

比比亚斯曼是塔吉克族90后青年。2009年，17岁的她瞒着家人报名参军。2015年，从军校毕业的比比亚斯曼站在人生的十字路口。成绩优异的她可以留校，也可以去条件更好的城市。但比比亚斯曼在分配志愿表上只写了一行字：“申请返回帕米尔高原，回到红其拉甫边检站。”

语言是第一关。比比亚斯曼需要熟练掌握边检专用语、英语基础会话，还要了解毗邻国家语言习惯。那些日子，比比亚斯曼每天提前一小时起床，在零下十几摄氏度的院子里，对着雪山练习发音：“请出示您的护照”“祝您旅途愉快”。

2019年，比比亚斯曼脱下军装换上警服，成为首批移民管理警察。她主动加码学习出入境法律法规、证件鉴别知识。

2024年12月1日，红其拉甫口岸由季节性开放转为常年开放，通关量将大幅增长。消息传来时，比比亚斯曼正在执勤。

“让我去一线！”比比亚斯曼主动请缨。

2025年年初的一个下午，口岸接到通知：一批因手续问题滞留境外的中国旅客将折返。比比亚斯曼主动留下等候。

零下25摄氏度，夜色如墨。凌晨两点，大巴车终于驶入口岸。旅客们拖着行李下车时，看到查验大厅依旧灯火通明，比比亚斯曼和同事们正站在门口。

空气凝固了几秒。一位中年旅客先反应过来，声音发颤：“这么晚了，你们还在等我们？”

“欢迎回家。”比比亚斯曼微笑着说。

那一刻，许多人红了眼眶。有人深深鞠躬，有人握紧她的手说不出话。一位老人用粗糙的手拍拍她的肩：“孩子，辛苦你们了。”

回宿舍的路上，月亮正悬在雪山顶上。“那一刻我知道，5100米的守望，意义重大。”比比亚斯曼在日记里写道，“选择了帕米尔高原，就是选择了坚守；穿上警服，就是扛起了责任。”

“我把乡愁种在这里了”

从红其拉甫口岸向西，车在盘山路上颠簸一个多小时，便抵达排依克边境派出所。

“排依克”，柯尔克孜语意为“最高的山”。这里平均海拔4600米，是我国与塔吉克斯坦、阿富汗、巴基斯坦三国交界处，瓦罕走廊的咽喉。对32岁的民警林明星而言，这里是距离家乡海南琼海“最远”的地方——足足有5500多公里。

2022年6月，林明星第一次上高原。越野车在看不到尽头的山路上盘旋，他的头开始剧烈疼痛，恶心感一阵阵涌上来。车终于停下。林明星推开车门，脚下一软，差点摔倒在地。眼前是覆着厚雪的无边群山，风穿过山谷的呼啸声，衬得世界格外寂静。

“这就是排依克。”时任排依克边境派出所所长彭明有拍拍林明星的肩，“欢迎。”

回家，从此成了一件需要精密计算的事。如果清晨6点从派出所出发，坐6小时车到喀什，赶下午的飞机到乌鲁木齐，再转机到海口，最后乘车回琼海——顺利的话，第二天傍晚能推开家门。来回路上，至少要耗去4个整天。

电话里，母亲总问：“习惯吗？苦不苦？”林明星每次都笑答：“挺好的，羊肉特别香。”他从不让父母来探望：“路太远太折腾，等我休假回去。”

真正的考验是巡逻。

排依克边境派出所辖区很多地方海拔在4600米以上，不少地方没有路。车开到无法前进的地方停下，剩下的路，要靠双腿去丈量。

林明星第一次参加巡逻，目标是中阿5号界碑。那是一个近乎60度的碎石坡，林明星跟着老民警向上攀爬，走一步，滑半步。稀薄的空气像无形的海绵，吸走了所有力气。肺部像着了火，每一次呼吸都带着灼痛感。

“别停，一停就更爬不动了。”老民警在前面喊。

他咬着牙，手脚并用。碎石在手下滚动，雪灌进靴子。一个半小时后，当界碑终于出现在视野里时，他的眼泪差点掉下来，眼睛已被风吹得生疼。

那次巡逻回来，他瘫倒在床上，感觉全身骨头都散了架。但第二天，他又站在了出发的队伍里。

时间久了，林明星成了牧民们最熟悉的人。牛羊跑丢了，他和同事们漫山遍野地帮着找；谁家老人需要常备药，他们记在心里，下次巡逻时就捎过来。

在派出所营房后面，有一座民警们自己建起来的阳光温室。温室里，200平方米的种植区，柠檬、山茶、西红柿都活了下来。

林明星在靠墙的一小块地方，埋下了从琼海带来的榴莲蜜种子——那是家乡特有的热带水果。同事们笑他：“这儿连苹果都难活，你还想种热带水果？”

林明星憨笑：“试试嘛。”

每天巡逻回来，林明星都要去温室看看。浇水，松土，和那些不会说话的植物待一会儿。两个月后的一天清晨，他突然发现——那颗榴莲蜜种子，冒出了两片嫩绿的芽。

林明星蹲在那里，看了很久。阳光透过温室塑料膜照进来，在嫩芽上镀了一层金边。那一刻，他想起了家乡高大的榴莲蜜树，想起树下摇着蒲扇的母亲。

“我把乡愁种在这里了。”林明星在日记里写下。

不久前，公安部授予排依克边境派出所全国“公安楷模”称号。授牌那天，高原的阳光明晃晃的，照在每个人肩头的警徽上，反射出耀眼的光。林明星站在队伍里，看着远处的雪山。他突然觉得，自己好像真的在这里扎下了根——像那株榴莲蜜幼苗，虽然长得慢，但每天都在向上。

“我的一天，是精确到分钟的节奏”

卡拉苏口岸是我国海拔4000米以上货运量最大的陆路口岸，连接着中国与塔吉克斯坦。平均每天有超过200辆货运车辆从这里出入境，遇到高峰期这个数字会翻倍。可以说是帕米尔高原上“最忙”的地方。

下午3点，报关大厅像开了锅。电话铃声、对讲机呼叫声、报关员的询问声、打印机的嗡嗡声——各种声音混在一起。钟明霏坐在工位上，目光在3个屏幕间快速切换，手指在键盘上飞舞，同时回答着面前报关员的问题。

语速快，但清晰；动作急，但有序。这个2001年出生的山东姑娘，是卡拉苏海关最年轻的关员之一。

2023年，从济宁医学院毕业的钟明霏，来到了新疆。培训时，老师指着地图说：“我们守的是1/6的国土。”她感到一种澎湃的力量涌上心头。直到分配通知下来——“卡拉苏海关”，她才第一次认真搜索这个地方：口岸海拔3883米，国门海拔4368米，年平均气温零下5摄氏度，冬季长达7个月。

报到那天，钟明霏从喀什市出发，车沿着盖孜河谷上行。景色从绿洲变成戈壁，再变成裸露的岩石，最后是连绵的雪山。海拔表上的数字不断攀升：2000、3000、3500……钟明霏的耳朵开始嗡嗡作响。

最初的适应期是痛苦的。早上起来，鼻腔里带着血丝；走路稍微快一点，心脏就像要跳出胸腔；夜里常常因为缺氧醒来，望着天花板到天明。钟明霏看到同期来的几个年轻人都没叫苦，她也咬牙挺着。

“我的一天，是精确到分钟的节奏。”钟明霏这样描述她的工作。

早上9点，钟明霏和同事从塔什库尔干塔吉克自治县的宿舍出发，乘车一小时前往口岸。路上，车内就是移动会议室：布置当天任务，传达最新要求。

10点，到达口岸。换上制服，整理材料，开始做准备。

11点整，准时上岗。从第一辆货车驶入监管区开始，忙碌就像按下了加速键。

2024年11月的一天，一批出口的工程机械车辆集中抵达。钟明霏和同事们从中午12点忙到晚上11点。走出大厅，寒风一吹，她才感觉到饿——午饭和晚饭都没吃。

回到宿舍，钟明霏泡了碗面。吃着吃着，眼泪突然掉了下来。“也不是委屈，就是有点累。”她在日记里写道。

“要不换个地方？”这个念头闪过。但当钟明霏看到同事中有的来自江南水乡，有的来自东北平原，都在高原上扎下了根，她对自己说，“别人能行，我也能。”

钟明霏也在慢慢成长。现在，她能一眼看出单证中的常见问题；能在嘈杂环境中同时处理多项事务；面对不理解的货主，她能耐心讲解政策依据；遇到突发事件，她能沉着应对。

2024年冬天，一批出口车辆手续需要查验。零下20摄氏度的气温里，钟明霏在监管区连续作业两小时，手冻得通红，但查验记录一笔不错。“小姑娘可以啊！”运输公司的老师傅竖起大拇指。

夜色中，雪山依旧巍峨，国门威严矗立。一代代青年在边疆热土上拼搏耕耘，把最美年华留在祖国最需要的地方。",贺  勇  阿尔达克,新青年,编组_20260314_0935_03,https://paper.people.com.cn/rmrb/pc/content/202601/04/content_30129063.html,2026-01-04,"['比亚斯', '钟明', '明星', '口岸', '排依克', '红其拉甫', '查验', '帕米尔高原', '旅客', '派出所']","帕米尔高原一景。
帕米尔高原一景。
比比亚斯曼·阿巴米斯林查验入境旅客证件。",政治,series_e689e6d1,1.0,"['此身立处，即是吾乡（记者手记）', '青春赶路  岁月有暖（青年观）', '在无声世界逐梦奔跑（青春日记）']"
此身立处，即是吾乡,"在帕米尔高原，时间有自己的刻度——是界碑上被风蚀的痕迹，是温室里缓慢生长的绿叶，是验讫章磨损的边角，是年轻面容上悄然出现的高原红。
比比亚斯曼·阿巴米斯林、林明星、钟明霏……这些名字背后，是成百上千扎根高原的年轻人——他们来自天南地北，却选择了扎根高原；他们也有寻常的喜怒哀乐，却扛起了不寻常的责任。
“为什么留下？”每个年轻人都被问过这个问题。
3位年轻人用行动给出最质朴的答案：此身立处，即是吾乡；此心所向，皆为家国。","# 此身立处，即是吾乡
> 系列：记者手记

> 阿尔达克《人民日报》（2026年01月04日第 05 版）

在帕米尔高原，时间有自己的刻度——是界碑上被风蚀的痕迹，是温室里缓慢生长的绿叶，是验讫章磨损的边角，是年轻面容上悄然出现的高原红。

比比亚斯曼·阿巴米斯林、林明星、钟明霏……这些名字背后，是成百上千扎根高原的年轻人——他们来自天南地北，却选择了扎根高原；他们也有寻常的喜怒哀乐，却扛起了不寻常的责任。

“为什么留下？”每个年轻人都被问过这个问题。

3位年轻人用行动给出最质朴的答案：此身立处，即是吾乡；此心所向，皆为家国。",阿尔达克,新青年,编组_20260314_0935_03,https://paper.people.com.cn/rmrb/pc/content/202601/04/content_30129064.html,2026-01-04,"['此身', '立处', '年轻人', '高原', '扎根', '寻常', '比亚斯', '验讫', '钟明', '此心']","在帕米尔高原，时间有自己的刻度——是界碑上被风蚀的痕迹，是温室里缓慢生长的绿叶，是验讫章磨损的边角，是年轻面容上悄然出现的高原红。
比比亚斯曼·阿巴米斯林、林明星、钟明霏……这些名字背后，是成百上千扎根高原的年轻人——他们来自天南地北，却选择了扎根高原；他们也有寻常的喜怒哀乐，却扛起了不寻常的责任。
“为什么留下？”每个年轻人都被问过这个问题。",其他,series_e689e6d1,2.0,"['青春辉映帕米尔的晨光（追梦人）', '青春赶路  岁月有暖（青年观）', '在无声世界逐梦奔跑（青春日记）']"
青春赶路  岁月有暖,"透着墨香的新日历摆上桌，才发现旧的那本已经悄悄翻完了一整年。细数过去一年的朝暮与行止，“新青年”与你一路相伴，青年的身影在时光里跃动。
从2025年的步履不停，到2026年的崭新出发，青年为梦想拼过、闯过、哭过、笑过。他们曾站在毕业的十字路口，放下纠结，选择在田间地头、社区街巷的方寸岗位上稳扎稳打；他们曾在创业路上摔过跟头、遇过坎坷，又一次次尝试摸索，寻到破题的微光；他们曾在深夜望着窗外的万家灯火，思念远方的父母与家乡……回想种种感受，只因梦想在前方，依旧铆足了劲儿，打拼出热气腾腾的美好生活。
广大青年用行动给出答案：迷茫从不是青春的底色，奋斗才是；挫折从不是前行的终点，成长才是。而奋斗与成长，离不开日常点滴映照的那份担当。
敢担当，才有拔节成长。在乡村全面振兴的田野上，中国农业大学曲周科技小院团队的青年学生与乡亲们同吃、同住、同劳动，他们顶着盛夏的烈日蹲守田间测土配方，手把手教农户节水节肥技术，成为田间实验室的科研尖兵和乡亲们信得过的农技教员；在科技攻关的实验室里，南京大学物理学院青年教授杜灵杰带领团队选择了量子物理领域里的“硬骨头”，耐住寂寞、顶住压力，最终在世界范围内首次发现具有引力子特征的准粒子，实现“从0到1”的收获。担当不是口号与空谈，而是实打实的行动。带着这份担当往前走，青春的脚步更稳、方向也更明。
成长从非独行，青年发展离不开社会的支撑与赋能。从青年友好社区、青年友好街区到青年友好城市，青年友好成为一个高频词，不少城市相继出台了诸多举措，想方设法赋能青年人工作顺心、生活舒心；创新创业赛道上，税收减免、创业贷款担保等一系列扶持政策，为青年创业者提供了“及时雨”；育儿补贴、普惠托育等一系列生育支持“组合拳”，让职场青年既能安心打拼事业，又能兼顾家庭；街头巷尾的工会驿站，让外卖骑手、快递员等青年人占多数的新就业群体在风里来雨里去时，心里多一份踏实与温暖。这些看得见、摸得着的支持，都是青年逐梦路上最坚实的后盾。
青年们用担当扛起时代的责任，社会则用温暖的注目托举起他们的梦想。“十五五”规划建议里提到了很多年轻人关心的事，“积极培育新职业新岗位，支持企业稳岗扩岗”“畅通高校、科研院所、企业人才交流通道”“落实生育休假制度”等，都将为青年逐梦之路注入动力。
日历一页页翻过，时代也悄悄递上了新考题。从新能源到具身智能，从智慧城市建设到银发经济蓝海，这些不断解锁的新领域、新赛道，既需要年轻人去闯、去试，也得靠社会方方面面当好“助梦搭子”，把规则摆得更公平、机会分得更均等、渠道铺得更通畅。
愿每个年轻人的脚步都能踩准时代的节奏，把自己的专业本领和时代需求精准匹配；愿每份真心的担当都能收到热烈的回响，在新时代新征程中校准职业规划。青年与社会双向奔赴、互相成就，在日新月异的时光里，一起写下属于这个时代的青春故事。","# 青春赶路  岁月有暖
> 系列：青年观

> 易舒冉《人民日报》（2026年01月04日第 05 版）

透着墨香的新日历摆上桌，才发现旧的那本已经悄悄翻完了一整年。细数过去一年的朝暮与行止，“新青年”与你一路相伴，青年的身影在时光里跃动。

从2025年的步履不停，到2026年的崭新出发，青年为梦想拼过、闯过、哭过、笑过。他们曾站在毕业的十字路口，放下纠结，选择在田间地头、社区街巷的方寸岗位上稳扎稳打；他们曾在创业路上摔过跟头、遇过坎坷，又一次次尝试摸索，寻到破题的微光；他们曾在深夜望着窗外的万家灯火，思念远方的父母与家乡……回想种种感受，只因梦想在前方，依旧铆足了劲儿，打拼出热气腾腾的美好生活。

广大青年用行动给出答案：迷茫从不是青春的底色，奋斗才是；挫折从不是前行的终点，成长才是。而奋斗与成长，离不开日常点滴映照的那份担当。

敢担当，才有拔节成长。在乡村全面振兴的田野上，中国农业大学曲周科技小院团队的青年学生与乡亲们同吃、同住、同劳动，他们顶着盛夏的烈日蹲守田间测土配方，手把手教农户节水节肥技术，成为田间实验室的科研尖兵和乡亲们信得过的农技教员；在科技攻关的实验室里，南京大学物理学院青年教授杜灵杰带领团队选择了量子物理领域里的“硬骨头”，耐住寂寞、顶住压力，最终在世界范围内首次发现具有引力子特征的准粒子，实现“从0到1”的收获。担当不是口号与空谈，而是实打实的行动。带着这份担当往前走，青春的脚步更稳、方向也更明。

成长从非独行，青年发展离不开社会的支撑与赋能。从青年友好社区、青年友好街区到青年友好城市，青年友好成为一个高频词，不少城市相继出台了诸多举措，想方设法赋能青年人工作顺心、生活舒心；创新创业赛道上，税收减免、创业贷款担保等一系列扶持政策，为青年创业者提供了“及时雨”；育儿补贴、普惠托育等一系列生育支持“组合拳”，让职场青年既能安心打拼事业，又能兼顾家庭；街头巷尾的工会驿站，让外卖骑手、快递员等青年人占多数的新就业群体在风里来雨里去时，心里多一份踏实与温暖。这些看得见、摸得着的支持，都是青年逐梦路上最坚实的后盾。

青年们用担当扛起时代的责任，社会则用温暖的注目托举起他们的梦想。“十五五”规划建议里提到了很多年轻人关心的事，“积极培育新职业新岗位，支持企业稳岗扩岗”“畅通高校、科研院所、企业人才交流通道”“落实生育休假制度”等，都将为青年逐梦之路注入动力。

日历一页页翻过，时代也悄悄递上了新考题。从新能源到具身智能，从智慧城市建设到银发经济蓝海，这些不断解锁的新领域、新赛道，既需要年轻人去闯、去试，也得靠社会方方面面当好“助梦搭子”，把规则摆得更公平、机会分得更均等、渠道铺得更通畅。

愿每个年轻人的脚步都能踩准时代的节奏，把自己的专业本领和时代需求精准匹配；愿每份真心的担当都能收到热烈的回响，在新时代新征程中校准职业规划。青年与社会双向奔赴、互相成就，在日新月异的时光里，一起写下属于这个时代的青春故事。",易舒冉,新青年,编组_20260314_0935_03,https://paper.people.com.cn/rmrb/pc/content/202601/04/content_30129065.html,2026-01-04,"['青年', '担当', '时代', '青春', '田间', '成长', '赛道', '赋能', '友好', '梦想']","透着墨香的新日历摆上桌，才发现旧的那本已经悄悄翻完了一整年。细数过去一年的朝暮与行止，“新青年”与你一路相伴，青年的身影在时光里跃动。
从2025年的步履不停，到2026年的崭新出发，青年为梦想拼过、闯过、哭过、笑过。他们曾站在毕业的十字路口，放下纠结，选择在田间地头、社区街巷的方寸岗位上稳扎稳打；他们曾在创业路上摔过跟头、遇过坎坷，又一次次尝试摸索，寻到破题的微光；他们曾在深夜望着窗外的万家灯火，思念远方的父母与家乡……回想种种感受，只因梦想在前方，依旧铆足了劲儿，打拼出热气腾腾的美好生活。
广大青年用行动给出答案：迷茫从不是青春的底色，奋斗才是；挫折从不是前行的终点，成长才是。而奋斗与成长，离不开日常点滴映照的那份担当。",政治,series_e689e6d1,3.0,"['青春辉映帕米尔的晨光（追梦人）', '此身立处，即是吾乡（记者手记）', '在无声世界逐梦奔跑（青春日记）']"
在无声世界逐梦奔跑（青春日记）,"2025年，对我而言最难忘的瞬间，莫过于在全国第十二届残疾人运动会田径项目的赛场上，4次率先冲过终点，斩获金牌。在无声的世界里，我跑出了自己的人生加速度。
我出生在山东临沂沂水县的乡村，小时候常跟着父母上山干活。崎岖的山间小路上，我总爱撒欢似的一路跑在前头，风拂过脸颊的暖意、脚下泥土的踏实触感，悄悄在心底种下了田径的种子。上学后，学校运动会成了我最期待的舞台，每次都主动报名参赛，跑步项目里总少不了我的身影，也常常能捧回第一名的奖状。这份体育上的小天赋，让我在成长路上多了份独有的自信与勇气。
2023年，经人介绍，正在读大学的我来到北京市残联，认识了陈泽斌教练。初次见面时，我连20公斤的杠铃空杆都难以推动，上肢、核心力量薄弱，腹背肌训练更是一片空白。但是陈教练说我弹跳和爆发力都不错，可以参加更专业的训练，有更大突破。
还记得刚开始练核心力量时，腹部肌肉酸痛得连弯腰拾物都费劲，陈教练总会拍一拍我的肩膀，告诉我：“你的爆发力比很多选手都强，再坚持一下，补齐短板，就能突破自己。”简单却有力的话语，像一束光穿透了训练的疲惫与迷茫，让我忽然明白，成长从不是一帆风顺的坦途，所谓突破，正是在咬牙扛过那些难熬的时刻后，才能遇见更强大的自己。
在田径赛场上，我们听障选手听不见发令枪，起跑时需要看发令旗，旗子一落就起跑。这种完全依赖视觉信号的起跑方式，要求我具备极强的专注力和反应能力。因此，起跑反应训练是我平时训练中的重要一课。赛场上，我的眼睛一直盯着红色发令旗，等它一落下，大脑就指挥自己冲出去。
“亚洲飞人”苏炳添是我的偶像，每次看苏炳添的比赛，我都特别兴奋激动。屏幕里，他在赛道上全力冲刺的模样，总能瞬间点燃我内心的斗志。我希望像他一样，通过日复一日的科学训练和不服输的韧劲，克服伤病困扰和体能瓶颈，在更高舞台上证明自己，在赛道上创造更好成绩。
有人问我，拿到4块金牌后，是不是可以歇一歇了？我想说：“梦想没有终点，我的奔跑也不会停止。”在无声的世界里，我用脚步丈量着青春的长度，书写别样的精彩人生。
（作者为北京市残疾人运动员，本报记者易舒冉采访整理）","# 在无声世界逐梦奔跑（青春日记）

> 武  杰《人民日报》（2026年01月04日第 05 版）

2025年，对我而言最难忘的瞬间，莫过于在全国第十二届残疾人运动会田径项目的赛场上，4次率先冲过终点，斩获金牌。在无声的世界里，我跑出了自己的人生加速度。

我出生在山东临沂沂水县的乡村，小时候常跟着父母上山干活。崎岖的山间小路上，我总爱撒欢似的一路跑在前头，风拂过脸颊的暖意、脚下泥土的踏实触感，悄悄在心底种下了田径的种子。上学后，学校运动会成了我最期待的舞台，每次都主动报名参赛，跑步项目里总少不了我的身影，也常常能捧回第一名的奖状。这份体育上的小天赋，让我在成长路上多了份独有的自信与勇气。

2023年，经人介绍，正在读大学的我来到北京市残联，认识了陈泽斌教练。初次见面时，我连20公斤的杠铃空杆都难以推动，上肢、核心力量薄弱，腹背肌训练更是一片空白。但是陈教练说我弹跳和爆发力都不错，可以参加更专业的训练，有更大突破。

还记得刚开始练核心力量时，腹部肌肉酸痛得连弯腰拾物都费劲，陈教练总会拍一拍我的肩膀，告诉我：“你的爆发力比很多选手都强，再坚持一下，补齐短板，就能突破自己。”简单却有力的话语，像一束光穿透了训练的疲惫与迷茫，让我忽然明白，成长从不是一帆风顺的坦途，所谓突破，正是在咬牙扛过那些难熬的时刻后，才能遇见更强大的自己。

在田径赛场上，我们听障选手听不见发令枪，起跑时需要看发令旗，旗子一落就起跑。这种完全依赖视觉信号的起跑方式，要求我具备极强的专注力和反应能力。因此，起跑反应训练是我平时训练中的重要一课。赛场上，我的眼睛一直盯着红色发令旗，等它一落下，大脑就指挥自己冲出去。

“亚洲飞人”苏炳添是我的偶像，每次看苏炳添的比赛，我都特别兴奋激动。屏幕里，他在赛道上全力冲刺的模样，总能瞬间点燃我内心的斗志。我希望像他一样，通过日复一日的科学训练和不服输的韧劲，克服伤病困扰和体能瓶颈，在更高舞台上证明自己，在赛道上创造更好成绩。

有人问我，拿到4块金牌后，是不是可以歇一歇了？我想说：“梦想没有终点，我的奔跑也不会停止。”在无声的世界里，我用脚步丈量着青春的长度，书写别样的精彩人生。

（作者为北京市残疾人运动员，本报记者易舒冉采访整理）",武  杰,新青年,编组_20260314_0935_03,https://paper.people.com.cn/rmrb/pc/content/202601/04/content_30129066.html,2026-01-04,"['起跑', '训练', '教练', '赛道', '无声', '苏炳添', '令旗', '赛场', '爆发力', '自己']","2025年，对我而言最难忘的瞬间，莫过于在全国第十二届残疾人运动会田径项目的赛场上，4次率先冲过终点，斩获金牌。在无声的世界里，我跑出了自己的人生加速度。
我出生在山东临沂沂水县的乡村，小时候常跟着父母上山干活。崎岖的山间小路上，我总爱撒欢似的一路跑在前头，风拂过脸颊的暖意、脚下泥土的踏实触感，悄悄在心底种下了田径的种子。上学后，学校运动会成了我最期待的舞台，每次都主动报名参赛，跑步项目里总少不了我的身影，也常常能捧回第一名的奖状。这份体育上的小天赋，让我在成长路上多了份独有的自信与勇气。
2023年，经人介绍，正在读大学的我来到北京市残联，认识了陈泽斌教练。初次见面时，我连20公斤的杠铃空杆都难以推动，上肢、核心力量薄弱，腹背肌训练更是一片空白。但是陈教练说我弹跳和爆发力都不错，可以参加更专业的训练，有更大突破。",国际,series_e689e6d1,4.0,"['青春辉映帕米尔的晨光（追梦人）', '此身立处，即是吾乡（记者手记）', '青春赶路  岁月有暖（青年观）']"
老杨小杨思想“转弯”记,"“推动长江经济带绿色发展首先要解决思想认识问题”“一定要从思想认识和具体行动上来一个根本转变”。
——习近平
“埋头拉车摔跟头，抬头看路尝甜头。学习新思想方向明，楚源集团认高质量发展这个新时代的硬道理！”
一进楚源厂区，党委书记、董事长杨鹏拉着记者直奔数字监控中心。
近5年记者五进楚源，变化有形又无形。
有形的是旧车间拆除，老烟囱“下岗”，机器人上线，纳米材料中试，新质生产力点亮传统化工业；无形的是企业从上到下的思想之变。
楚源高新科技集团公司，位于湖北荆州石首长江边，曾是全球规模最大的活性染料中间体制造商，在湖北省和全国同行中一直“响当当”。两任董事长杨志成、杨鹏父子，当地人喊作“老杨”“小杨”。
小杨口中的“摔跟头”发生在10年前。2016年初，楚源集团跻身荆州市纳税榜前三，老杨小杨迎来“高光时刻”。两个月后，2700多万元环保罚单砸向楚源集团，创下长江流域“历史之最”。
“天价罚单”震惊湖北，震动沿江。涉事企业违规排污，实则是老杨小杨思想没跟上时代变化：“身子进了新时代，思想还停留在过去。”
2016年1月5日，习近平总书记在重庆召开具有里程碑意义的推动长江经济带发展座谈会，强调“当前和今后相当长一个时期，要把修复长江生态环境摆在压倒性位置，共抓大保护，不搞大开发”。
2018年4月25日，习近平总书记乘船考察长江，从石首登岸。第二天，总书记在武汉主持召开深入推动长江经济带发展座谈会，鲜明指出，“推动长江经济带绿色发展首先要解决思想认识问题”“一定要从思想认识和具体行动上来一个根本转变”。
讲话中，总书记点到了“位于长江‘九曲回肠’石首段的一家临江化工企业，产业规模居世界前三，是当地的纳税大户，但也是排污大户，严重污染问题多年难以解决，周围群众苦不堪言。这两年环保部门动真格严查，开出二千七百多万元的长江流域‘史上最大环保罚单’，倒逼企业关闭污染严重、难以改造的生产线”。
这家企业正是楚源集团。这段话，录入《习近平著作选读》第二卷、《习近平生态文明文选》第一卷。
2025年出版的《习近平生态文明文选》摆在杨鹏案头。“不辜负总书记的牵挂，楚源艰难爬起来，更要坚定走下去！”
思想的力量是无穷的。
从满腹怨气“叫板”、灰心泄气“躺平”，到鼓足勇气“整改”、扬眉吐气“升级”，这10年，老杨小杨经历了一场刻骨铭心的思想转弯。
“思想的转变，最关键也最难”
万里长江，险在荆江。石首江湾，九曲回肠。
长江大拐弯处，占地1800亩的楚源集团，巅峰期，对位酯、H酸产能世界第一。
世界染料市场的“巨无霸”，发家于5间小屋、5口大缸、5个机煤炉子。1982年，30多个洗脚上田的农民投身改革大潮，杨志成是带头人。
“每一步都踩在时代的节拍上”。上世纪90年代，小作坊变身产销双双破亿元的大集团，员工工资比别的厂高一倍。
“那时候能到楚源工作，左邻右舍都羡慕！”楚源对位酯二车间的老职工苏福荣说。
世纪之交，中国叩开世贸组织大门，沿江而生的化工业快速崛起。H酸、对位酯、活性染料产能跃居亚洲第一，楚源也成为湖北省最大的出口创汇民营企业。
老杨呢？当选了湖北省人大代表，先后被评为省劳动模范、优秀企业家。
“那些年GDP论英雄，边罚款边污染，沿着惯性向前冲。”
1999年杨鹏大学毕业，开始跟在父亲身边学管理。一根指挥棒，看增速；一张通关卡，比税收；一个着力点，上项目；一张关系网，少监管。
2016年1月10日，荆州市国税局公布年度纳税过亿元榜单，楚源集团名列第三，蝉联石首市纳税“状元”。
这一年，也是长江保护史上一道分水岭。
2016年1月5日，推动长江经济带发展座谈会召开。“推动长江经济带发展必须从中华民族长远利益考虑，走生态优先、绿色发展之路”“使母亲河永葆生机活力”，总书记的话振聋发聩。
楚源集团一系列违规排放问题再次引起环保部门关注，专班进驻，调查取证。
3月13日，楚源集团被责令全面停产整顿。
3月底，荆州市环保局依照法律对楚源作出处罚决定。2700多万元的行政处罚，成为长江流域“史上最大环保罚单”，在中国环保史上也实属罕见。
“天价罚单”，砸痛老杨小杨。
第一反应，凭老经验，拨小算盘。
楚源是省百强民企，4000多员工。彼时的石首市，11.99%的GDP、约六成税收，来自楚源。
“给地方贡献那么大，有啥子事不能缓一缓，通融通融？”
杨志成一时想不通，心怀侥幸——眼下雷声是大，找找人，“会过去”。
思想“管涌”一旦形成，行为“溃坝”在所难免。
看到找人疏通的路走不通，3月30日，楚源提出听证申请。
4月26日，荆州市环保局公开举行听证会。两个半小时针锋相对，企业陈述申辩意见不予采纳。
6月6日，荆州市环保局下达行政处罚决定。
“集团上市就差临门一脚！认罚，不就等于断自己的路？”老杨开始在网上“喊冤叫屈”，公开质疑环保执法结果和处罚决定。
6月27日，楚源申请行政复议。
8月16日，荆州市政府下达行政复议决定书。楚源仍拒绝接受复议结果，并提起行政诉讼。
9月26日、28日，荆州市中级人民法院分别向荆州市环保局、荆州市政府法制办送达行政诉讼应诉通知。
“思想的转变，最关键也最难。”
时任荆州市环保局局长刘明春感慨，“这么多年执法中，第一次遇到从听证到复议、最后起诉到法院的环保案。”
激烈交锋，搅动石首。
有人惊讶：那可是杨志成哦，路子广、人头熟，真敢管？
有人拍手：监管早该动真格。莫说罚它个底掉，干脆彻底关停！
有人着急：全市几多人靠楚源吃饭，它关了，我们搞么子？！
对于“天价罚单”之争，众说纷纭，感知却一致：干部思想变了，真抓长江大保护了，大形势不一样了。
“高铁时代，出行还坐绿皮车，注定会被别人甩下”
这不是杨志成第一次面对环保难题。
2006年，因违法排污，楚源被挂牌督办。
2007年3月，媒体曝光，楚源集团每日7000吨污水直排长江。如此触目惊心，最终罚款10万元。
法规没长牙，啃不动硬骨头。
不只楚源，不只石首。化工企业临水而生，边罚款边污染，边治理边生产，2010年，中国跃居世界第一化工大国。
与“化工围江”伴生的，是污染困局。
母亲河病了，病症在水中，病根在“先污染后治理、先破坏后修复”的旧观念里。
“只有实行最严格的制度、最严密的法治，才能为生态文明建设提供可靠保障。”
“要扭转只要经济增长不顾其他各项事业发展的思路，扭转为了经济增长数字不顾一切、不计后果、最后得不偿失的做法。”
新时代，新思想，直抵人心，指引方向。
统筹推进“五位一体”总体布局，协调推进“四个全面”战略布局，生态文明建设有了更高站位、更宽视野、更大力度。
2016年2月，全党启动“两学一做”学习教育，思想建设被摆在首要位置。
转变政绩观、发展观，各级党委政府率先思想“转弯”。
牢记总书记的殷殷嘱托，“共抓大保护，不搞大开发”。湖北省委省政府明确提出，“位置是相对的，在整个长江流域，除长江源外，没有绝对的上游，也没有绝对的下游。”着眼长江全流域，跳出湖北看长江，树立“上游意识”，扛起“上游担当”，宁可不进位，也不要“带污染的GDP”。
制度“长牙”，监管“带电”，全面依法治国，基层环保执法感受时代巨变。
时任荆州市环境监察支队县市大队大队长王勇，2016年率队在楚源集团华丽染料公司全面检查。
“整个执法处罚过程中，没有任何人说情打招呼。”王勇回忆。
“总书记重要指示给了底气，新环保法给了武器，基层环保执法，头回这么硬气！”提起当年，荆州市生态环境局石首市分局执法一股股长刘佺依然激动。
转变是形势使然，也是历史必然。企业堵塞的“嗅觉”渐渐苏生。
老杨曾找省环保厅厅长“通融”。厅长爽快送上一本新版《中华人民共和国环境保护法》——“办法在书里”。
小杨夜里也辗转反侧。
推动长江经济带发展座谈会的新闻，他明明关注了。没把自己摆进去，总书记的讲话没有认真学仔细悟，很难真正触动灵魂。“没想到风暴来得这么快，第一个被卷进去的是我们！”
长江在石首段斗折蛇行，历史上曾数次“改道”。改道后，新河道更有生命力。
时任石首市委书记刘忠诚向全市人民承诺：企业整顿不合规决不复产，决不允许“吃祖宗饭砸子孙碗”。
转过身来，刘忠诚敲开楚源大门，和老杨小杨推心置腹——
“提起行政诉讼是企业的合法权益。同时依我看，这个官司很难打赢。生态优先、绿色发展，用新思想新理念指导企业发展，今后就是常态。这就像高铁时代，出行还坐绿皮车，注定会被别人甩下！”
“听懂新时代之音，才能踩准节拍、跟上步伐”
石首调关镇有个调弦河，河边有个伯牙口村，传说中“听弦知音”的故事诞生于此。
思想转变难，难就难在听懂时代之音、生发思想共鸣。
欲知音，先调弦。
老杨小杨是党员，还是楚源党委领导班子成员。发挥好党组织在企业的政治核心作用，用党的创新理论改造主观世界，企业家调准思想的弦，企业才能把准时代的脉。
楚源关门整改，湖北省委相关领导同志“三顾茅庐”。头一回，杨志成没露面；第二回，老杨光听不开言；第三回，敞开心门坦诚交流。
话匣子，就从“听弦知音”的故事打开：
“老杨您是老劳模，当过四届省人大代表。过去楚源为什么能率先发展走在前头？因为老杨特别能学习，点儿踩得准！这次为啥摔了跟头？放松了学习，太依赖惯性。时代前行，听懂新时代之音，才能踩准节拍、跟上步伐。”
石首市委书记、市长将楚源列为联系点，结合“两学一做”学习教育，帮着楚源人把观念扭过来、状态提起来。
一次次谈心，一场场细雨。板结的土地，开始松动。
小杨率先自省：环保之于企业，过去不过“多大点事”，如今就是“天大的事”。
老杨则有一重疑虑：光我一家认罚，其他同行“老打法”，不就亏大了？
陈烈权上门了。
陈烈权，湖北能特科技股份公司董事长。2007年楚源因污染被曝光，陈烈权时任楚源高管，代表企业出镜。尴尬亮相，促其深思，2010年离职创办能特科技，从零开始抓环保，创新驱动搞化工。
在楚源从技术员干起的陈烈权饮水思源，“当年，除了我这个大学生，大家都是放下锄头就进厂，家底就那么几口缸，为啥能做大？听党话、跟党走！”
同在石首，能特科技厂区，中水鱼塘，菜畦染翠，年产8000吨异植物醇，是公认的精细化工佼佼者。
尝到转型甜头的陈烈权，进一步指点：“如今沿江化工都在‘关改搬转’，习近平总书记都说了，要让一江清水向东流，这是大势，再不能脚踩西瓜皮，滑到哪里是哪里，咱得穿新鞋走新路。”
主观世界的改造，外因要通过内因起作用。
9个多月停产整顿。真情、真话、真经，解渴、解惑、解扣。
“不是运气太差，不怨有人找茬。新时代，环保这道关，绕不掉，躲不开，关键得自己把弯转过来。”
“‘天价罚单’当头一棒。现在明白，这一棒不是要打死我们，而是要打醒我们。”
醒过闷儿来的老杨小杨，投资1亿元，整改！
杨鹏带着10多个企业高管，直奔吉林化工取经。这家国企，是楚源多年的竞争对手。
“过去，楚源一些产品能打败吉化，靠的是不规范、打擦边球。今天的我们，最怕遇到昨天的我们……”杨鹏感慨。
心墙一破，天堑通途。
永久性关停10余条生产线，新建雨水收集池，上马污水处理厂二期工程……关停、补漏、升级，统筹发展和安全，楚源一步一个脚印。
送思想、悟思想、转思想。调弦三部曲，收获真知音。
2016年11月，楚源主动撤诉并接受处罚。2016年12月25日，经相关部门考核验收，楚源集团恢复生产。
瘦了15斤的杨志成，精神一下好了。
“相信共产党，跟着时代走。楚源走出去的人，思想要变，荷包要鼓，腰板才能硬。”
“思想转弯，是为了发展转型”
（鱼回）鱼，长江四鲜，石首特产。每年春季，无数（鱼回）鱼逆流而上，阻力越大，生存力越强。
绿色发展的挑战，横在楚源人面前。
2017年，复产后的楚源集团，纳税额仅约7000万元，小杨思想难免打结，“时代是不是不需要我们了？”
信心不足的不只企业。2016年，楚源整改，直接拉低荆州规模以上工业增加值增幅2个百分点，石首地方财政收入少了6700万元。
一部分人觉得罚得“太狠”，“一管就死”，发展与环保难兼容。
另一种声音则主张，化工业高风险，“关停省心”。
如何辩证思考，化危为机？
“推动长江经济带绿色发展首先要解决思想认识问题，特别是不能把生态环境保护和经济发展割裂开来，更不能对立起来。”2018年4月26日，习近平总书记在深入推动长江经济带发展座谈会上指出。
22天后，2018年5月18日，全国生态环境保护大会隆重召开，习近平生态文明思想正式确立。建设人与自然和谐共生的现代化，有了根本遵循和行动指南。
思想的力量在于推动实践。
听说老杨小杨背上思想包袱，省市党委组织部门的同志又一次上门，促膝长谈：“发展是第一要务。思想转弯，是为了发展转型。压力虽大，但你做好了，是不是比别人先走一步？楚源的未来，取决于能否坚定信心，做出个样子来！”
高质量发展没有旁观者，民营企业就是生力军。
“天价罚单”，不能一罚了之。楚源跌倒，是市场调节失灵的结果。“助楚源站起来、强起来，需要有为政府严格监督、及时引导、靠前服务。”石首市委书记王敏说。
坚持政策支持和改革创新并举，投资于物和投资于人紧密结合，既“放得活”又“管得好”。
构建亲清统一的新型政商关系，石首有关部门给楚源送上“大礼包”。政策宣讲、技改支持、科创搭桥、适时纾困……“两个毫不动摇”可感可及，2000多万元奖补环保整治，132件实际困难悄然化解。
再看楚源，2016年至2022年，累计投入约2亿元环保改造，企业能耗下降59%，成为湖北省第一批全国碳交易试点企业。
思想过硬，内心坚定。
曾有农药中间体项目上门谈合作。项目利润率约为100%，一旦上马，重现“纳税亿元户”不是梦。
杨鹏拒绝了。“项目有环境风险，利润再高也不干。今天的楚源，稳中求进更重要。”
转过身，楚源投资4000多万元，改造工艺，建消防站，重大危险源在线监测预警。2025年5月，园区获评安全风险最高标准认证。
漫步今日楚源厂区，中水池清流汩汩，排污数据24小时上传联网。
往南1.7公里，是800户整体搬迁的张城垸社区，当地人称“产业花园小区”。
何善美家老房子，离楚源硫酸车间20米。“过去楚源一开工，家门口就冒黄烟。他要扩张，我要健康，根本没法当邻居。”
政府出面协调，楚源投入5000万元建起绿色共享基金，缴医保，促搬迁，困难户，重点帮。
何善美指着小区绿地，“现在开窗就是好空气，出门花香和鸟语。总书记说的绿色发展，闻得到，看得清！”
楚源厂区往北约1公里，是新洲村。石首人马胜祥投资的共享农庄，稻虾共养，生意红火，还是当地学童的研学乐园。“生态优先、绿色发展，我们也是受益者。”
绿色转型中与获得感一起生长的，还有责任感。
翻看湖北智慧信访信息系统中与楚源有关的各级信访、环保投诉记录：2017年，7件；2018年，3件；2019年，3件；2020年，2件；2021年，1件；2022年至今，0件。
亲清统一、义利统一、高水平保护与高质量发展统一。这条绿色新路，走进小杨心里。
“因地制宜发展新质生产力，方向明、方法灵”
船行石首九曲湾，当地人指点：弯急滩险，顺利转弯，潮平岸阔；转不过去，船倾人覆。
船过弯，考验水性；人过坎，挑战心性。
化工行业近年来下行压力大，复产的楚源，似乎再难领跑。
杨鹏一度动了转行的心思，“干脆一退了之、另起炉灶”。
风电、锂电、光伏，风口项目上门谈合作；新能源、新材料、生物医药，杨鹏全国各地找赛道。
风口行业，人家深耕多年等着乘风，自己贸然进入是否只能喝风？跨界投资，是为了开辟实业新赛道，还是脱实向虚挣快钱？
思想是时代的结晶，又引领时代前行。
2023年，学习贯彻习近平新时代中国特色社会主义思想主题教育在全党深入展开。
这次无需他人督促，杨鹏带领楚源人主动以学增智找感觉。
2023年7月，全国生态环境保护大会再次召开。“对于传统行业，不能简单当成‘低端产业’一退了之、一关了之，而是要推动工艺、技术、装备升级，实现绿色低碳转型。”
这一年10月，以长江经济带发展为主题的座谈会第四次召开。总书记再次指明方向：“‘不搞大开发’是不要乱开发、低水平开发、粗放开发、破坏性开发，而是走一条高质量发展的道路、绿色低碳发展的道路。”
2024年全国两会，习近平总书记“下团组”。“发展新质生产力不是要忽视、放弃传统产业，要防止一哄而上、泡沫化，也不要搞一种模式。”
理论引路，切身感悟，思想的迷雾被彻底驱散。
“总书记的话，点醒了我！转型不等于转行。美好生活离不开化工，传统产业因地制宜改造升级，一样能发展新质生产力。”小杨的心，一下子定了。
先立后破，“含绿量”更高。
聚焦主业延链。投资5000万元将生产废物废液“吃干榨净”，进军循环经济，包袱变财富。
做优主业强链。曾经的拳头产品，尾气难处理，果断关停。投资6000万元，上马氯磺酸新产线，环保性、安全性、经济性“三赢”。
稳中求进，“含新值”更足。
用好“两新”政策推动升级。上新生物质锅炉，拥抱智能制造，机器人上岗使效率提高40%。
整合产学研用融通创新。邀请湖北高校“智囊团”，搭建科技成果转化场，湖北省染料中间体产业技术研究院在楚源集团正式挂牌。
科技赋能，两种活性染料的合成新工艺，填补了国内空白。鑫慧化工、华丽染料两家子公司，升级为国家级、省级专精特新“小巨人”企业。
另一个厂区，无尘中试车间，高性能纳米金属新材料正做量产攻坚。一旦成功，将为半导体等新兴产业供应新材料。
中试仍在试错，小杨并不焦躁。“2025年底召开的中央经济工作会议提出，充分挖掘经济潜能，以苦练内功来应对外部挑战。做强实业，我们有足够耐心。”
顶压前行，向新向优。
复产后一度开开停停的楚源，2024年至今满负荷运转，2025年营收预计约20亿元、纳税额预计突破8000万元，分别比2022年增加55.4%、53.5%。
新质生产力本身就是绿色生产力。
“因地制宜发展新质生产力，方向明、方法灵！”
回首这十年，杨鹏打比喻，新思想是指路明灯，新环保法如同“紧箍咒”，民营经济促进法送上“定心丸”，“还是那句话，法治是最好的营商环境，高质量发展是必由之路。”
书柜里，《习近平新时代中国特色社会主义思想专题摘编》放在醒目处。办公桌上，《习近平生态文明文选》《党的二十届四中全会〈建议〉学习辅导百问》，越读越爱不释手。
“十五五”开局，楚源怎么干？
2026年计划投资4亿元，瞄准循环经济，未来目标打造百年绿色楚源。
石首调关矶。由北向南奔涌而来的长江在这里陡然回旋，成就大江东去浩荡气势。
大江从来万山中，山势尽与江流东。
“全国一盘棋，楚源也要在中国式现代化大局中找定位，在民营经济中争做棋筋。”","# 老杨小杨思想“转弯”记

> 本报记者  禹伟良  陆娅楠  唐露薇《人民日报》（2026年01月05日第 01 版）

“推动长江经济带绿色发展首先要解决思想认识问题”“一定要从思想认识和具体行动上来一个根本转变”。

——习近平

“埋头拉车摔跟头，抬头看路尝甜头。学习新思想方向明，楚源集团认高质量发展这个新时代的硬道理！”

一进楚源厂区，党委书记、董事长杨鹏拉着记者直奔数字监控中心。

近5年记者五进楚源，变化有形又无形。

有形的是旧车间拆除，老烟囱“下岗”，机器人上线，纳米材料中试，新质生产力点亮传统化工业；无形的是企业从上到下的思想之变。

楚源高新科技集团公司，位于湖北荆州石首长江边，曾是全球规模最大的活性染料中间体制造商，在湖北省和全国同行中一直“响当当”。两任董事长杨志成、杨鹏父子，当地人喊作“老杨”“小杨”。

小杨口中的“摔跟头”发生在10年前。2016年初，楚源集团跻身荆州市纳税榜前三，老杨小杨迎来“高光时刻”。两个月后，2700多万元环保罚单砸向楚源集团，创下长江流域“历史之最”。

“天价罚单”震惊湖北，震动沿江。涉事企业违规排污，实则是老杨小杨思想没跟上时代变化：“身子进了新时代，思想还停留在过去。”

2016年1月5日，习近平总书记在重庆召开具有里程碑意义的推动长江经济带发展座谈会，强调“当前和今后相当长一个时期，要把修复长江生态环境摆在压倒性位置，共抓大保护，不搞大开发”。

2018年4月25日，习近平总书记乘船考察长江，从石首登岸。第二天，总书记在武汉主持召开深入推动长江经济带发展座谈会，鲜明指出，“推动长江经济带绿色发展首先要解决思想认识问题”“一定要从思想认识和具体行动上来一个根本转变”。

讲话中，总书记点到了“位于长江‘九曲回肠’石首段的一家临江化工企业，产业规模居世界前三，是当地的纳税大户，但也是排污大户，严重污染问题多年难以解决，周围群众苦不堪言。这两年环保部门动真格严查，开出二千七百多万元的长江流域‘史上最大环保罚单’，倒逼企业关闭污染严重、难以改造的生产线”。

这家企业正是楚源集团。这段话，录入《习近平著作选读》第二卷、《习近平生态文明文选》第一卷。

2025年出版的《习近平生态文明文选》摆在杨鹏案头。“不辜负总书记的牵挂，楚源艰难爬起来，更要坚定走下去！”

思想的力量是无穷的。

从满腹怨气“叫板”、灰心泄气“躺平”，到鼓足勇气“整改”、扬眉吐气“升级”，这10年，老杨小杨经历了一场刻骨铭心的思想转弯。

**“思想的转变，最关键也最难”**

万里长江，险在荆江。石首江湾，九曲回肠。

长江大拐弯处，占地1800亩的楚源集团，巅峰期，对位酯、H酸产能世界第一。

世界染料市场的“巨无霸”，发家于5间小屋、5口大缸、5个机煤炉子。1982年，30多个洗脚上田的农民投身改革大潮，杨志成是带头人。

“每一步都踩在时代的节拍上”。上世纪90年代，小作坊变身产销双双破亿元的大集团，员工工资比别的厂高一倍。

“那时候能到楚源工作，左邻右舍都羡慕！”楚源对位酯二车间的老职工苏福荣说。

世纪之交，中国叩开世贸组织大门，沿江而生的化工业快速崛起。H酸、对位酯、活性染料产能跃居亚洲第一，楚源也成为湖北省最大的出口创汇民营企业。

老杨呢？当选了湖北省人大代表，先后被评为省劳动模范、优秀企业家。

“那些年GDP论英雄，边罚款边污染，沿着惯性向前冲。”

1999年杨鹏大学毕业，开始跟在父亲身边学管理。一根指挥棒，看增速；一张通关卡，比税收；一个着力点，上项目；一张关系网，少监管。

2016年1月10日，荆州市国税局公布年度纳税过亿元榜单，楚源集团名列第三，蝉联石首市纳税“状元”。

这一年，也是长江保护史上一道分水岭。

2016年1月5日，推动长江经济带发展座谈会召开。“推动长江经济带发展必须从中华民族长远利益考虑，走生态优先、绿色发展之路”“使母亲河永葆生机活力”，总书记的话振聋发聩。

楚源集团一系列违规排放问题再次引起环保部门关注，专班进驻，调查取证。

3月13日，楚源集团被责令全面停产整顿。

3月底，荆州市环保局依照法律对楚源作出处罚决定。2700多万元的行政处罚，成为长江流域“史上最大环保罚单”，在中国环保史上也实属罕见。

“天价罚单”，砸痛老杨小杨。

第一反应，凭老经验，拨小算盘。

楚源是省百强民企，4000多员工。彼时的石首市，11.99%的GDP、约六成税收，来自楚源。

“给地方贡献那么大，有啥子事不能缓一缓，通融通融？”

杨志成一时想不通，心怀侥幸——眼下雷声是大，找找人，“会过去”。

思想“管涌”一旦形成，行为“溃坝”在所难免。

看到找人疏通的路走不通，3月30日，楚源提出听证申请。

4月26日，荆州市环保局公开举行听证会。两个半小时针锋相对，企业陈述申辩意见不予采纳。

6月6日，荆州市环保局下达行政处罚决定。

“集团上市就差临门一脚！认罚，不就等于断自己的路？”老杨开始在网上“喊冤叫屈”，公开质疑环保执法结果和处罚决定。

6月27日，楚源申请行政复议。

8月16日，荆州市政府下达行政复议决定书。楚源仍拒绝接受复议结果，并提起行政诉讼。

9月26日、28日，荆州市中级人民法院分别向荆州市环保局、荆州市政府法制办送达行政诉讼应诉通知。

“思想的转变，最关键也最难。”

时任荆州市环保局局长刘明春感慨，“这么多年执法中，第一次遇到从听证到复议、最后起诉到法院的环保案。”

激烈交锋，搅动石首。

有人惊讶：那可是杨志成哦，路子广、人头熟，真敢管？

有人拍手：监管早该动真格。莫说罚它个底掉，干脆彻底关停！

有人着急：全市几多人靠楚源吃饭，它关了，我们搞么子？！

对于“天价罚单”之争，众说纷纭，感知却一致：干部思想变了，真抓长江大保护了，大形势不一样了。

**“高铁时代，出行还坐绿皮车，注定会被别人甩下”**

这不是杨志成第一次面对环保难题。

2006年，因违法排污，楚源被挂牌督办。

2007年3月，媒体曝光，楚源集团每日7000吨污水直排长江。如此触目惊心，最终罚款10万元。

法规没长牙，啃不动硬骨头。

不只楚源，不只石首。化工企业临水而生，边罚款边污染，边治理边生产，2010年，中国跃居世界第一化工大国。

与“化工围江”伴生的，是污染困局。

母亲河病了，病症在水中，病根在“先污染后治理、先破坏后修复”的旧观念里。

“只有实行最严格的制度、最严密的法治，才能为生态文明建设提供可靠保障。”

“要扭转只要经济增长不顾其他各项事业发展的思路，扭转为了经济增长数字不顾一切、不计后果、最后得不偿失的做法。”

新时代，新思想，直抵人心，指引方向。

统筹推进“五位一体”总体布局，协调推进“四个全面”战略布局，生态文明建设有了更高站位、更宽视野、更大力度。

2016年2月，全党启动“两学一做”学习教育，思想建设被摆在首要位置。

转变政绩观、发展观，各级党委政府率先思想“转弯”。

牢记总书记的殷殷嘱托，“共抓大保护，不搞大开发”。湖北省委省政府明确提出，“位置是相对的，在整个长江流域，除长江源外，没有绝对的上游，也没有绝对的下游。”着眼长江全流域，跳出湖北看长江，树立“上游意识”，扛起“上游担当”，宁可不进位，也不要“带污染的GDP”。

制度“长牙”，监管“带电”，全面依法治国，基层环保执法感受时代巨变。

时任荆州市环境监察支队县市大队大队长王勇，2016年率队在楚源集团华丽染料公司全面检查。

“整个执法处罚过程中，没有任何人说情打招呼。”王勇回忆。

“总书记重要指示给了底气，新环保法给了武器，基层环保执法，头回这么硬气！”提起当年，荆州市生态环境局石首市分局执法一股股长刘佺依然激动。

转变是形势使然，也是历史必然。企业堵塞的“嗅觉”渐渐苏生。

老杨曾找省环保厅厅长“通融”。厅长爽快送上一本新版《中华人民共和国环境保护法》——“办法在书里”。

小杨夜里也辗转反侧。

推动长江经济带发展座谈会的新闻，他明明关注了。没把自己摆进去，总书记的讲话没有认真学仔细悟，很难真正触动灵魂。“没想到风暴来得这么快，第一个被卷进去的是我们！”

长江在石首段斗折蛇行，历史上曾数次“改道”。改道后，新河道更有生命力。

时任石首市委书记刘忠诚向全市人民承诺：企业整顿不合规决不复产，决不允许“吃祖宗饭砸子孙碗”。

转过身来，刘忠诚敲开楚源大门，和老杨小杨推心置腹——

“提起行政诉讼是企业的合法权益。同时依我看，这个官司很难打赢。生态优先、绿色发展，用新思想新理念指导企业发展，今后就是常态。这就像高铁时代，出行还坐绿皮车，注定会被别人甩下！”

**“听懂新时代之音，才能踩准节拍、跟上步伐”**

石首调关镇有个调弦河，河边有个伯牙口村，传说中“听弦知音”的故事诞生于此。

思想转变难，难就难在听懂时代之音、生发思想共鸣。

欲知音，先调弦。

老杨小杨是党员，还是楚源党委领导班子成员。发挥好党组织在企业的政治核心作用，用党的创新理论改造主观世界，企业家调准思想的弦，企业才能把准时代的脉。

楚源关门整改，湖北省委相关领导同志“三顾茅庐”。头一回，杨志成没露面；第二回，老杨光听不开言；第三回，敞开心门坦诚交流。

话匣子，就从“听弦知音”的故事打开：

“老杨您是老劳模，当过四届省人大代表。过去楚源为什么能率先发展走在前头？因为老杨特别能学习，点儿踩得准！这次为啥摔了跟头？放松了学习，太依赖惯性。时代前行，听懂新时代之音，才能踩准节拍、跟上步伐。”

石首市委书记、市长将楚源列为联系点，结合“两学一做”学习教育，帮着楚源人把观念扭过来、状态提起来。

一次次谈心，一场场细雨。板结的土地，开始松动。

小杨率先自省：环保之于企业，过去不过“多大点事”，如今就是“天大的事”。

老杨则有一重疑虑：光我一家认罚，其他同行“老打法”，不就亏大了？

陈烈权上门了。

陈烈权，湖北能特科技股份公司董事长。2007年楚源因污染被曝光，陈烈权时任楚源高管，代表企业出镜。尴尬亮相，促其深思，2010年离职创办能特科技，从零开始抓环保，创新驱动搞化工。

在楚源从技术员干起的陈烈权饮水思源，“当年，除了我这个大学生，大家都是放下锄头就进厂，家底就那么几口缸，为啥能做大？听党话、跟党走！”

同在石首，能特科技厂区，中水鱼塘，菜畦染翠，年产8000吨异植物醇，是公认的精细化工佼佼者。

尝到转型甜头的陈烈权，进一步指点：“如今沿江化工都在‘关改搬转’，习近平总书记都说了，要让一江清水向东流，这是大势，再不能脚踩西瓜皮，滑到哪里是哪里，咱得穿新鞋走新路。”

主观世界的改造，外因要通过内因起作用。

9个多月停产整顿。真情、真话、真经，解渴、解惑、解扣。

“不是运气太差，不怨有人找茬。新时代，环保这道关，绕不掉，躲不开，关键得自己把弯转过来。”

“‘天价罚单’当头一棒。现在明白，这一棒不是要打死我们，而是要打醒我们。”

醒过闷儿来的老杨小杨，投资1亿元，整改！

杨鹏带着10多个企业高管，直奔吉林化工取经。这家国企，是楚源多年的竞争对手。

“过去，楚源一些产品能打败吉化，靠的是不规范、打擦边球。今天的我们，最怕遇到昨天的我们……”杨鹏感慨。

心墙一破，天堑通途。

永久性关停10余条生产线，新建雨水收集池，上马污水处理厂二期工程……关停、补漏、升级，统筹发展和安全，楚源一步一个脚印。

送思想、悟思想、转思想。调弦三部曲，收获真知音。

2016年11月，楚源主动撤诉并接受处罚。2016年12月25日，经相关部门考核验收，楚源集团恢复生产。

瘦了15斤的杨志成，精神一下好了。

“相信共产党，跟着时代走。楚源走出去的人，思想要变，荷包要鼓，腰板才能硬。”

**“思想转弯，是为了发展转型”**

（鱼回）鱼，长江四鲜，石首特产。每年春季，无数（鱼回）鱼逆流而上，阻力越大，生存力越强。

绿色发展的挑战，横在楚源人面前。

2017年，复产后的楚源集团，纳税额仅约7000万元，小杨思想难免打结，“时代是不是不需要我们了？”

信心不足的不只企业。2016年，楚源整改，直接拉低荆州规模以上工业增加值增幅2个百分点，石首地方财政收入少了6700万元。

一部分人觉得罚得“太狠”，“一管就死”，发展与环保难兼容。

另一种声音则主张，化工业高风险，“关停省心”。

如何辩证思考，化危为机？

“推动长江经济带绿色发展首先要解决思想认识问题，特别是不能把生态环境保护和经济发展割裂开来，更不能对立起来。”2018年4月26日，习近平总书记在深入推动长江经济带发展座谈会上指出。

22天后，2018年5月18日，全国生态环境保护大会隆重召开，习近平生态文明思想正式确立。建设人与自然和谐共生的现代化，有了根本遵循和行动指南。

思想的力量在于推动实践。

听说老杨小杨背上思想包袱，省市党委组织部门的同志又一次上门，促膝长谈：“发展是第一要务。思想转弯，是为了发展转型。压力虽大，但你做好了，是不是比别人先走一步？楚源的未来，取决于能否坚定信心，做出个样子来！”

高质量发展没有旁观者，民营企业就是生力军。

“天价罚单”，不能一罚了之。楚源跌倒，是市场调节失灵的结果。“助楚源站起来、强起来，需要有为政府严格监督、及时引导、靠前服务。”石首市委书记王敏说。

坚持政策支持和改革创新并举，投资于物和投资于人紧密结合，既“放得活”又“管得好”。

构建亲清统一的新型政商关系，石首有关部门给楚源送上“大礼包”。政策宣讲、技改支持、科创搭桥、适时纾困……“两个毫不动摇”可感可及，2000多万元奖补环保整治，132件实际困难悄然化解。

再看楚源，2016年至2022年，累计投入约2亿元环保改造，企业能耗下降59%，成为湖北省第一批全国碳交易试点企业。

思想过硬，内心坚定。

曾有农药中间体项目上门谈合作。项目利润率约为100%，一旦上马，重现“纳税亿元户”不是梦。

杨鹏拒绝了。“项目有环境风险，利润再高也不干。今天的楚源，稳中求进更重要。”

转过身，楚源投资4000多万元，改造工艺，建消防站，重大危险源在线监测预警。2025年5月，园区获评安全风险最高标准认证。

漫步今日楚源厂区，中水池清流汩汩，排污数据24小时上传联网。

往南1.7公里，是800户整体搬迁的张城垸社区，当地人称“产业花园小区”。

何善美家老房子，离楚源硫酸车间20米。“过去楚源一开工，家门口就冒黄烟。他要扩张，我要健康，根本没法当邻居。”

政府出面协调，楚源投入5000万元建起绿色共享基金，缴医保，促搬迁，困难户，重点帮。

何善美指着小区绿地，“现在开窗就是好空气，出门花香和鸟语。总书记说的绿色发展，闻得到，看得清！”

楚源厂区往北约1公里，是新洲村。石首人马胜祥投资的共享农庄，稻虾共养，生意红火，还是当地学童的研学乐园。“生态优先、绿色发展，我们也是受益者。”

绿色转型中与获得感一起生长的，还有责任感。

翻看湖北智慧信访信息系统中与楚源有关的各级信访、环保投诉记录：2017年，7件；2018年，3件；2019年，3件；2020年，2件；2021年，1件；2022年至今，0件。

亲清统一、义利统一、高水平保护与高质量发展统一。这条绿色新路，走进小杨心里。

**“因地制宜发展新质生产力，方向明、方法灵”**

船行石首九曲湾，当地人指点：弯急滩险，顺利转弯，潮平岸阔；转不过去，船倾人覆。

船过弯，考验水性；人过坎，挑战心性。

化工行业近年来下行压力大，复产的楚源，似乎再难领跑。

杨鹏一度动了转行的心思，“干脆一退了之、另起炉灶”。

风电、锂电、光伏，风口项目上门谈合作；新能源、新材料、生物医药，杨鹏全国各地找赛道。

风口行业，人家深耕多年等着乘风，自己贸然进入是否只能喝风？跨界投资，是为了开辟实业新赛道，还是脱实向虚挣快钱？

思想是时代的结晶，又引领时代前行。

2023年，学习贯彻习近平新时代中国特色社会主义思想主题教育在全党深入展开。

这次无需他人督促，杨鹏带领楚源人主动以学增智找感觉。

2023年7月，全国生态环境保护大会再次召开。“对于传统行业，不能简单当成‘低端产业’一退了之、一关了之，而是要推动工艺、技术、装备升级，实现绿色低碳转型。”

这一年10月，以长江经济带发展为主题的座谈会第四次召开。总书记再次指明方向：“‘不搞大开发’是不要乱开发、低水平开发、粗放开发、破坏性开发，而是走一条高质量发展的道路、绿色低碳发展的道路。”

2024年全国两会，习近平总书记“下团组”。“发展新质生产力不是要忽视、放弃传统产业，要防止一哄而上、泡沫化，也不要搞一种模式。”

理论引路，切身感悟，思想的迷雾被彻底驱散。

“总书记的话，点醒了我！转型不等于转行。美好生活离不开化工，传统产业因地制宜改造升级，一样能发展新质生产力。”小杨的心，一下子定了。

先立后破，“含绿量”更高。

聚焦主业延链。投资5000万元将生产废物废液“吃干榨净”，进军循环经济，包袱变财富。

做优主业强链。曾经的拳头产品，尾气难处理，果断关停。投资6000万元，上马氯磺酸新产线，环保性、安全性、经济性“三赢”。

稳中求进，“含新值”更足。

用好“两新”政策推动升级。上新生物质锅炉，拥抱智能制造，机器人上岗使效率提高40%。

整合产学研用融通创新。邀请湖北高校“智囊团”，搭建科技成果转化场，湖北省染料中间体产业技术研究院在楚源集团正式挂牌。

科技赋能，两种活性染料的合成新工艺，填补了国内空白。鑫慧化工、华丽染料两家子公司，升级为国家级、省级专精特新“小巨人”企业。

另一个厂区，无尘中试车间，高性能纳米金属新材料正做量产攻坚。一旦成功，将为半导体等新兴产业供应新材料。

中试仍在试错，小杨并不焦躁。“2025年底召开的中央经济工作会议提出，充分挖掘经济潜能，以苦练内功来应对外部挑战。做强实业，我们有足够耐心。”

顶压前行，向新向优。

复产后一度开开停停的楚源，2024年至今满负荷运转，2025年营收预计约20亿元、纳税额预计突破8000万元，分别比2022年增加55.4%、53.5%。

新质生产力本身就是绿色生产力。

“因地制宜发展新质生产力，方向明、方法灵！”

回首这十年，杨鹏打比喻，新思想是指路明灯，新环保法如同“紧箍咒”，民营经济促进法送上“定心丸”，“还是那句话，法治是最好的营商环境，高质量发展是必由之路。”

书柜里，《习近平新时代中国特色社会主义思想专题摘编》放在醒目处。办公桌上，《习近平生态文明文选》《党的二十届四中全会〈建议〉学习辅导百问》，越读越爱不释手。

“十五五”开局，楚源怎么干？

2026年计划投资4亿元，瞄准循环经济，未来目标打造百年绿色楚源。

石首调关矶。由北向南奔涌而来的长江在这里陡然回旋，成就大江东去浩荡气势。

大江从来万山中，山势尽与江流东。

“全国一盘棋，楚源也要在中国式现代化大局中找定位，在民营经济中争做棋筋。”",禹伟良  陆娅楠  唐露薇,要闻,,https://paper.people.com.cn/rmrb/pc/content/202601/05/content_30129297.html,2026-01-05,"['楚源', '石首', '思想', '荆州市', '长江', '杨鹏', '习近平', '总书记', '发展', '2016']","“推动长江经济带绿色发展首先要解决思想认识问题”“一定要从思想认识和具体行动上来一个根本转变”。
——习近平
“埋头拉车摔跟头，抬头看路尝甜头。学习新思想方向明，楚源集团认高质量发展这个新时代的硬道理！”",政治,,,[]
凝聚复兴伟力  绘就时代华章,"2025年，是“十四五”收官、“十五五”谋篇布局之年，也是中国人民抗日战争暨世界反法西斯战争胜利80周年。
于时代坐标中擘画蓝图，在历史回响中赓续荣光。这一年，宣传思想文化事业以其深厚的时代底色与鲜明的实践特色，深深熔铸于国家发展之中。
一年来，在习近平文化思想指引下，宣传思想文化战线擎思想火炬照亮前路、以价值纽带凝聚人心、汲文化神韵滋养心灵、搭互鉴桥梁联通世界，奋发有为、开拓进取，书写下无愧于时代的崭新篇章。
高扬思想旗帜深化理论武装
2025年7月28日，溯源新思想论坛在浙江杭州举行。来自全国各地的专家学者齐聚这座历史文化名城，围绕习近平文化思想展开深入交流，探讨思想发展的演进逻辑，思考文化建设的现实课题。
与会专家表示，习近平总书记在地方工作时对于文化工作的思考与实践，深化了对文化规律的认识，反映了理论创新的历史脉络，为习近平文化思想的形成提供了理论基础和实践素材。
把学习宣传习近平文化思想，置于全方位、系统性宣传阐释习近平新时代中国特色社会主义思想的大格局中，一年来，宣传思想文化战线引导广大党员、干部、群众在学懂弄通做实上持续用力，推动当代中国马克思主义、二十一世纪马克思主义深入人心。
深化理论研究，推进体系化、学理化，是加强理论武装的前提和基础。
北京图书大厦一楼大厅内，《习近平谈治国理政》第五卷摆放在醒目位置，吸引了不少读者驻足阅读。
自2025年7月发行以来，这部权威著作在全社会引发学习热潮。宣传思想文化战线将《习近平谈治国理政》第五卷和第一至四卷作为一个整体，推动大家在读原著、学原文、悟原理中不断深化思想认识，感悟真理力量。
一年来，《习近平经济文选》第一卷、《习近平生态文明文选》第一卷、习近平同志《论坚持全面深化改革》第一卷和第二卷、《习近平法治文选》第一卷，《习近平法治思想学习纲要（2025年版）》《习近平外交思想学习纲要（2025年版）》等重要著作纷纷出版，体系化建构更加完备。
与此同时，习近平新时代中国特色社会主义思想研究中心（院）、马克思主义理论研究和建设工程、国家高端智库成果不断涌现，国家社科基金重大项目扎实推进，学理化研究持续深入。
既要在扎实研究中筑牢根基，又要在大众化传播中推动党的创新理论“飞入寻常百姓家”。
2025年11月5日，学习贯彻党的二十届四中全会精神中央宣讲团成员来到四川眉山市太和镇永丰村，与村民代表、基层干部围坐在院坝，聊政策、谈发展、听心声。
把全会“推动农村一二三产业深度融合”等部署与永丰村旅游发展等实际工作结合起来，深入浅出的讲解引发现场听众强烈共鸣：“宣讲把大道理变成大白话，易懂、好记、可落实。”
从中央宣讲团奔赴全国各地同干部群众面对面互动交流，到各地精心组织形式丰富、生动活泼的基层宣讲，科学理论愈发深入基层、入脑入心。
创新表达方式、贴近群众需求，宣传思想文化战线主动作为，在科学理论与人民群众之间架起一座座桥梁。
通俗理论读物《创新实干促发展》说理透彻、文风清新，“80、90、00后”广西青年讲师团把理论讲给青年听，复旦大学“星火”党员志愿服务队传唱“新思想”，信仰的力量不断激发共情。
中央主要媒体以旗帜领方向、以主流立主导，创新打造“和总书记面对面”“总书记的关切·落地的回响”等融媒体栏目，推出“习近平经济思想系列讲读”等节目，不断改文风、优语态、强品质、增效能。
理论之于群众从“单向灌输”转向“双向奔赴”，宣传思想文化战线在守正创新中，推动全党全社会进一步增进对习近平新时代中国特色社会主义思想的政治认同、思想认同、理论认同、情感认同。
思想伟力激荡神州，党的好声音化作社会最强音，直达人民心间、回响在中华大地。
弘扬抗战精神厚植家国情怀
80响礼炮震彻云霄、8万羽和平鸽振翅飞翔，“正义必胜！和平必胜！人民必胜！”的昂扬之声久久回荡。
2025年9月3日，纪念中国人民抗日战争暨世界反法西斯战争胜利80周年大会在天安门广场隆重举行，以国之大典铭记历史、缅怀先烈、珍爱和平、开创未来。
“坚定不移走中国特色社会主义道路，传承和弘扬伟大抗战精神，踔厉奋发、勇毅前行，为以中国式现代化全面推进强国建设、民族复兴伟业而团结奋斗！”习近平总书记在纪念大会上的重要讲话，凝聚起万众一心的强大精神力量。
现场，中央主要媒体综合运用索道摄像机、贴地微型摄像机等设备和规模化国产8K超高清转播系统，搭建近200个拍摄机位，以电影级画面质感、光影效果，全景式呈现盛大场景。直播实时收视4.3亿人次，相关视频全媒体总触达339.4亿人次。
大江南北、长城内外，从白山黑水到南海之滨，从江南水乡到大漠戈壁，恢弘大气的直播画面将现场盛况传遍中国大地，亿万中华儿女的爱国热情达到高潮，从心底迸发的共鸣激昂澎湃。
纪念大会的宣传报道，与贯穿全年的宣传活动紧密呼应、同频共振。
一年来，宣传思想文化战线紧紧围绕抗战胜利80周年主题主线，大力弘扬伟大抗战精神，引导中华儿女厚植爱国之情、砥砺报国之志。
这是历史记忆的接力传承——
卢沟桥畔，晨光洒在宛平城墙。中国人民抗日战争纪念馆门口，人们排成长队，等待着一场对历史的庄严致敬。
馆内，《为了民族解放与世界和平》主题展览上，1525张照片、3237件文物记录下永不屈服的抗争身影，讲述着救亡图存的壮烈往事。
“擦净历史的镜子，走好未来的路”“愿我们以史为鉴，让和平之花常开不败”“复兴之路，吾辈有责”……留言簿上，一句句话语发自肺腑、感人至深。自2025年7月7日开幕以来，纪念馆已接待观众超163万人次。
让抗战记忆凝聚为永恒的丰碑，让抗战精神照亮前行的征途。
从公布第四批34处国家级抗战纪念设施、遗址名录到公布第四批41名著名抗日英烈、2个英雄群体名录，一个个具体的场所和姓名永被铭记。
从在沈阳举行勿忘“九一八”撞钟鸣警仪式，到在南京举行2025年南京大屠杀死难者国家公祭仪式，民族的集体记忆不断深化。
从抗战故事走进思政课堂到多地推出抗战主题研学路线，激励青少年赓续红色血脉，树立远大志向。
这是文艺创作的时代抒写——
胜利纪念日之夜，人民大会堂歌声激昂。当舞台大幕拉开，东北白桦林刺骨的雪、南京城凄冷的“殇”、大江南北的血与泪，化作黄河咆哮般的震天怒吼，唱出中华民族的不屈气概。
这台由年轻文艺工作者担纲主力的文艺晚会《正义必胜》，以音乐、舞蹈、情境戏剧等艺术形式重现烽火连天的抗战岁月，奏响气壮山河的英雄凯歌，受到网上网下一致好评。
一年来，广大文艺工作者潜心创作，以艺术铭记峥嵘岁月、镌刻不朽征程。
《南京照相馆》等电影叫好又叫座、《阵地》等电视剧荧屏热播、《卢沟桥：我们的纪念》等纪录片深耕史料、《怒刺》等微短剧兼具轻盈与厚重……在光影交织中，伟大抗战精神历久弥新。
《暗斗：一个书生的文化抗战》勾勒出文化抗战群像、《车桥  车桥》全景展现华中抗战战略反攻的序幕、《孩子剧团》面向青少年讲好抗战故事……透过鲜活的文字，家国情怀跃然纸上。
这些充满力量的文艺作品，奏响了一曲曲荡气回肠的时代之声、爱国之声、人民之声。
这是新闻一线的躬行实践——
新华社拍摄纪念大会现场照片3000余张，大量图片成为网络“爆款”；中央广播电视总台纪念大会直播被2000余家境外主流电视台及新媒体平台转播报道，创历史新高；人民日报连续推出特刊专版，内容充实、视觉美观。
各级各类媒体围绕一系列纪念活动先后推出报道100多万篇（条），网上点击量超766亿次，讨论量超10.5亿条。
走进历史深处，才能更好讲述老故事、挖掘新故事。
2025年6月以来，“铭记历史  缅怀先烈”“山河见证——我们的抗战记忆”等主题宣传活动相继启动。
扎实采访、深入调研，中央和地方主要媒体走进抗战重大战役、重要会议发生地，探访抗战遗址、抗日根据地所在地，生动讲好抗战故事。
一年来，广大记者编辑在践行“四力”中，积极宣传浴血沙场的将领战士、以笔为剑的知识分子、支援前线的各界民众、并肩抗战的国际友人，深刻揭露日本军国主义侵略罪行，生动讲述80年来的今昔巨变，捍卫历史真相，传播正确史观。
透过真实鲜活的报道，爱国情怀与民族气节充分彰显，英雄气概与必胜信念广泛弘扬。
同时，以此次主题报道为契机，新闻媒体推进资源整合、创新生产传播、强化技术赋能，不仅推出一大批具有政治高度、思想深度、历史跨度、情感温度的新闻力作，也为探索推进主流媒体系统性变革提供了有益借鉴。
强化价值引领　汇聚人心力量
2025年9月16日，党中央印发重要文件——《中国共产党思想政治工作条例》。这是我们党历史上第一部关于思想政治工作的统领性、综合性基础主干法规，是做好新时代思想政治工作的基本遵循。
思想政治工作是做人的工作。着眼引导人、感召人、凝聚人、塑造人，条例从9个方面明确了思想政治工作的主要内容，促进全体人民紧紧团结在党的周围、凝聚在中国特色社会主义伟大旗帜下。
把党中央的宏观指导转化为具体实践，宣传思想文化战线心怀国之大者、坚持“目中有人”、强化价值引领，不断凝聚人心、汇聚力量。
服务大局，提振信心士气——
2025年7月9日上午，国新办新闻发布厅吸引了众多媒体的到来，“高质量完成‘十四五’规划”首场新闻发布会在这里举行。
随后3个多月时间，该系列主题发布会共举办38场，全面介绍各领域5年来的生动实践和伟大成就，展现出高质量发展的广阔前景。
一年来，宣传思想文化战线持续加强舆论引导，团结稳定鼓劲，做好正面宣传特别是经济宣传，不断唱响主旋律、弘扬正能量。
聚焦“十四五”收官，新闻媒体开展“活力中国调研行”等主题采访活动，打造“决胜‘十四五’  打好收官战”等重点栏目，深入挖掘各地在新质生产力、绿色转型、城乡融合、高水平开放等方面的生动案例，切实强信心、鼓实劲、激活力、促发展。
围绕中央经济工作会议、中央农村工作会议等重要会议，一系列正面宣传准确把握党中央政策意图，在唱响经济光明论的同时，讲清楚“发展中的问题”“成长中的烦恼”，引导社会正确认识形势、消除思想困惑、改善心理预期。
结合党中央、国务院部署实施的提振消费专项行动、进一步促进民间投资发展等重要工作，海南自由贸易港封关运作等重大举措，持续深入做好经济政策宣传解读。
针对就业、教育、养老、育儿、住房等民生关切，媒体集中开设“促进高质量充分就业观察”等专栏，积极报道各地区各部门创新举措。
紧扣西藏自治区成立60周年、新疆维吾尔自治区成立70周年节点，发布《新时代西藏人权事业的发展与进步》《新时代党的治疆方略的成功实践》白皮书，推出“辉煌60载  魅力新西藏”“砥砺奋进七十载  天山南北谱华章”系列报道，唱响民族团结“同心曲”。
化风育人，培育文明风尚——
习近平总书记在对精神文明建设工作重要指示中强调，推进城乡精神文明建设融合发展，加强公民道德建设，发挥先进典型示范作用，进一步形成向上向善的社会风尚。
一年来，宣传思想文化战线充分发挥社会主义核心价值观的引领作用，推动社会文明程度不断提高。
陕北大地，红色热土涌动文明新风。2025年10月，以“文明，让乡村更美好”为主题的中国文明乡风大会在延安举办。
在文艺展演中，黄梅小戏《为“甜蜜”减负》、合唱情景表演《我们的故事我们的歌》等群众自编自演的节目聚焦高额彩礼、人情攀比等主题，演绎移风易俗新变化，推动文明理念入人心。
提升社会文明程度，既需要道德感召又依靠法律约束，既需要榜样示范又依靠自我养成，使人们在日用而不觉中提升精神境界。
召开未成年人思想道德建设工作座谈会，推动立德树人“从娃娃抓起”；落实中央城市工作会议精神，着力建设崇德向善的文明城市，更好发挥道德涵育作用。
群众性精神文明创建活动先进典型和道德模范登上全国精神文明建设表彰大会领奖台，“时代楷模”“最美人物”“中国好人”纷纷涌现，榜样的力量引导全社会见贤思齐、争做先锋。
全民阅读大会连续第四年举办、“点亮阅读微心愿”图书漂流活动满足乡村儿童阅读心愿、出台《全民阅读促进条例》筑牢法治保障，爱读书、读好书、善读书的氛围日益浓厚。
全国“诚信兴商宣传月”弘扬诚信文化、“我们的节日”品牌活动让传统民俗走进百姓生活，积极倡导“红白事”简办新俗、坚决反对“舌尖上的浪费”、呼吁文明观赛和文明旅游，公民素养不断提升。
如今，文明愈发成为一种习惯，在落细、落小、落实中化作具体而微的平凡实践，彰显平凡中的非凡力量。
巩固阵地，筑牢网上网下同心圆——
“要加强对网络平台、自媒体和多频道网络机构的引导，促使其担负社会责任，自觉成为正能量传播者。”2025年11月28日，习近平总书记在主持中共中央政治局第二十三次集体学习时指出，要坚持以正面声音、主流价值、时代新风塑造网络空间。
人在哪，凝心聚力的重点就在哪。当前，我国网民规模超11亿人。谁掌握了互联网，谁就把握住了时代主动权。
宣传思想文化战线积极搭建交流平台，成功举办中国网络文明大会、世界互联网大会乌镇峰会、国家网络安全宣传周等活动，分享实践成果、深化国际合作。
开展专项行动，大力整治网络直播打赏乱象、“自媒体”发布不实信息、体育“饭圈”不良行为等问题，网络生态治理持续深化。
一年来，宣传思想文化战线着力培育积极健康的网络文化，网络空间愈发清朗，汇聚向上向善的力量。
赓续中华文脉　激发创造活力
文化的传承，从来不是简单复刻与守成，而是在延续民族精神血脉中开拓前进、创新发展，使中华文脉在时代奔流中焕发新生。
赓续文脉、激发创造，宣传思想文化战线使命如磐、重任在肩。
守护根脉，文化遗产保护成效显著——
洛阳之南、伊水之畔，龙门石窟千龛拱列。崖壁间，北魏的錾痕、盛唐的凿印，镌刻下恒久的文明印记。
2025年5月19日，习近平总书记在河南考察期间来到这里，凝望历史，感慨系之：“要把这些中华文化瑰宝保护好、传承好、传播好。”
不忘本来才能开辟未来，善于继承才能更好创新。
文化遗产，蕴藏着伟大创造、记录着历史烟云、维系着民族情感，不仅生动诉说着过去，也让我们在回望历史中增添走向未来的底气。
保护好文化遗产，宣传思想文化战线为推进文化强国建设积厚蓄势。
过去一年，“西夏陵”成功列入《世界遗产名录》，口头叙事艺术“赫哲族伊玛堪”从急需保护的非遗名录转入人类非遗代表作名录，“‘赫哲族伊玛堪’保护计划”入选优秀保护实践名册，我国文化遗产保护传承赢得世界掌声。
第四次全国文物普查新发现文物数量超13万处，文物资源家底基本摸清；新修订的文物保护法施行，文化遗产保护制度化建设更加完备；海外漂泊79年的国宝——子弹库帛书《五行令》《攻守占》终归故土，我国在流失文物追索返还路上迈出坚实一步。
提质赋能，文化激活经济发展新动能——
以文化赋能经济社会发展，是习近平总书记在2025年全国两会期间提出的重大命题，揭示出文化的深层驱动力。
2025年，《哪吒之魔童闹海》横空出世！这部取材于中国古典神话的电影“上映即爆款”，一路登顶中国影史票房榜、全球动画电影票房榜。
“哪吒”爆火，带动餐饮联名套餐热卖、手办盲盒等文创脱销，“跟着吒儿去旅游”成为新时尚，全方位引发消费溢出效应。
带动经济效益踩上“风火轮”的，又何止于“哪吒”？
以文化创意为“流量”密码，二次元周边商品市场广阔；热门演唱会门票“秒光”，演出经济成为“行走的GDP”；“票根经济”探索“文化引流+商业变现”，激发消费新潜能。
一年来，文化既为消费“添柴加薪”，又不断丰富新场景、新业态，与各经济领域实现跨界融合。
“苏超”成功破圈，将体育的竞技属性、城市的人文属性、文旅的经济属性深度融合，走出了文化赋能经济社会发展新路子。
“村超”“村BA”持续火热，“文化+乡村”带动村民富了口袋富脑袋；数字策展人、研学旅游指导师等职业拓展就业新空间……文化“软实力”正不断转化为助推经济社会发展的“硬实力”。
广泛参与，百姓文化热情日益高涨——
近8630万人次！2025年国庆中秋假期，全国博物馆迎来观展潮。
故宫博物院建院百年之际，“百年守护——从紫禁城到故宫博物院”展览吸引游人纷纷打卡；西安大唐不夜城，游客与“李白”扮演者对诗互动，领略传统文化的魅力；《沉默的荣耀》《生万物》《护宝寻踪》等电视剧热播，掀起追剧热……
一年来，从线下展览到沉浸体验，从荧屏作品到日常话题，百姓的文化热情愈发高涨。
伴随着文化热情不断升温，人民群众正从文化欣赏者转变为积极参与者。
农民诗人在田埂间吟咏生活，素人选手登上脱口秀开放麦舞台，不同年龄、职业、地域的人们借助互联网或分享自创歌舞、小说、散文，或用镜头记录下最平凡的生活。
如今，文艺创作的触角延伸至社会生活的每个角落，亿万被科技赋能、被知识照亮、被时代召唤的普通人，以最鲜活的生活体验、最丰沛的生命情感，汇聚成新大众文艺最磅礴的创造力量。
讲好中国故事　奏响和合之声
2025年12月5日，成都都江堰，习近平总书记同法国总统马克龙进行友好交流。玉垒山下、岷江之畔，“高山流水”再续佳话。
交谈中，习近平总书记介绍了都江堰的历史和意义，坦言“每次来到都江堰都能感受到先人因地制宜、顺势而为、天人合一、治水利民的伟大，从中汲取到治国理政的智慧”。
“中国人民的勤劳智慧令人赞叹。法中两国都有悠久的历史文化，两国人民对美好生活的追求是相通的。”马克龙深有感触。
元首外交，润物无声地向国际社会展现了可信、可爱、可敬的中国形象。在习近平总书记引领下，宣传思想文化战线坚持以文载道、以文传声、以文化人，以更有活力的文明成就贡献世界。
启迪人心的中国理念，为各国携手战胜挑战提供思想指引。
“我愿提出全球治理倡议，同各国一道，推动构建更加公正合理的全球治理体系，携手迈向人类命运共同体。”
2025年9月1日，在天津举行的“上海合作组织+”会议上，习近平总书记郑重提出全球治理倡议，引发国际社会积极响应。
以此为契机，宣传思想文化战线积极宣介全球发展倡议、全球安全倡议、全球文明倡议、全球治理倡议等重要主张，全方位、多角度向世界传递“中国经验”、分享“中国方案”。
从阐释睦邻、安邻、富邻、亲诚惠容、命运与共理念方针，到弘扬金砖精神、“上海精神”、“中国—中亚精神”，这些蕴含中国智慧的理念与愿景通过媒体平台跨越山海，为动荡不安的世界注入信心力量。
既要传播中国理念、充分说理，又要敢于亮剑、旗帜鲜明发出中国声音。
一年来，就美西方在涉疆、涉藏、涉港、涉经贸、涉人权等领域对中国的攻击抹黑，宣传思想文化战线处理好“攻”和“守”、“斗”和“和”的关系，不断提升对外发声能力水平。
特别是针对日本首相高市早苗涉台错误言论，着力抨击其无视历史与法理事实公然为“台独”势力张目的恶劣行径，积极传递中国人民维护国家主权和领土完整的坚强决心，有力引导国际社会认清本质真相。
中国声音响彻寰宇，中华文化惊艳世界。
2025年，拉布布——一个长着小尖牙、一对尖耳朵、有些“丑萌”的中国玩偶风靡全球。外媒评论，中国文化的“柔性力量”正获得海外消费者的喜爱。
现象级文化IP的成功，彰显出我国文化海外影响力的不断提升。
电视剧《藏海传》全球热播，网文小说《上元欢》英文版在海外出版发行，微短剧APP全球下载量持续增长……一年来，越来越多继承优秀传统文化又弘扬时代精神、立足本国又面向世界的多彩文化扬帆出海，赢得世界青睐。
走出去，同时也请进来。新时代中国以海纳百川的胸襟兼容并蓄，讲述着与世界的美美与共：
全球妇女峰会，中国名曲《茉莉花》、加纳乐曲《向往和平》与冰岛乐曲《五月之星》悠扬奏响，艺术之美、文化之韵、友谊之声和弦共鸣；
2025国际青春诗会，唐诗的韵律邂逅魔幻现实主义的激情，中国诗人与拉美诗人以诗为媒，抒发着人类文明的共通情感；
第二届世界中国学大会，1591年科隆出版的《欧几里得几何原理》和1858年上海出版的《几何原本》共同陈列，仿佛诉说着东西交汇的历史过往；
全球南方现代化论坛，“天下大同”的理想与“乌班图精神”交相辉映，共同勾勒出对建设美好世界的愿景与追求；
…………
交流互鉴、博采众长，2025年，不同的文化记忆、文明图景在中华大地上汇集，书写下灿烂绚丽的多彩篇章。
且纵征程迎远浪，扬帆起航赴前行。
2026年的大幕徐徐拉开，伴随着“十五五”开局，一幅波澜壮阔的时代画卷正等待我们执笔挥毫。
面向未来，在以习近平同志为核心的党中央坚强领导下，在习近平文化思想科学指引下，肩负激发全民族文化创新创造活力的重大使命，宣传思想文化战线实干担当、笃行不怠，以更加昂扬的姿态迈上新的征程。
（新华社北京1月4日电  记者王子铭、王思北、邢拓、杨湛菲）","# 凝聚复兴伟力  绘就时代华章

## ——2025年宣传思想文化事业开创新局面

> 新华社记者《人民日报》（2026年01月05日第 01 版）

2025年，是“十四五”收官、“十五五”谋篇布局之年，也是中国人民抗日战争暨世界反法西斯战争胜利80周年。

于时代坐标中擘画蓝图，在历史回响中赓续荣光。这一年，宣传思想文化事业以其深厚的时代底色与鲜明的实践特色，深深熔铸于国家发展之中。

一年来，在习近平文化思想指引下，宣传思想文化战线擎思想火炬照亮前路、以价值纽带凝聚人心、汲文化神韵滋养心灵、搭互鉴桥梁联通世界，奋发有为、开拓进取，书写下无愧于时代的崭新篇章。

**高扬思想旗帜****深化理论武装**

2025年7月28日，溯源新思想论坛在浙江杭州举行。来自全国各地的专家学者齐聚这座历史文化名城，围绕习近平文化思想展开深入交流，探讨思想发展的演进逻辑，思考文化建设的现实课题。

与会专家表示，习近平总书记在地方工作时对于文化工作的思考与实践，深化了对文化规律的认识，反映了理论创新的历史脉络，为习近平文化思想的形成提供了理论基础和实践素材。

把学习宣传习近平文化思想，置于全方位、系统性宣传阐释习近平新时代中国特色社会主义思想的大格局中，一年来，宣传思想文化战线引导广大党员、干部、群众在学懂弄通做实上持续用力，推动当代中国马克思主义、二十一世纪马克思主义深入人心。

深化理论研究，推进体系化、学理化，是加强理论武装的前提和基础。

北京图书大厦一楼大厅内，《习近平谈治国理政》第五卷摆放在醒目位置，吸引了不少读者驻足阅读。

自2025年7月发行以来，这部权威著作在全社会引发学习热潮。宣传思想文化战线将《习近平谈治国理政》第五卷和第一至四卷作为一个整体，推动大家在读原著、学原文、悟原理中不断深化思想认识，感悟真理力量。

一年来，《习近平经济文选》第一卷、《习近平生态文明文选》第一卷、习近平同志《论坚持全面深化改革》第一卷和第二卷、《习近平法治文选》第一卷，《习近平法治思想学习纲要（2025年版）》《习近平外交思想学习纲要（2025年版）》等重要著作纷纷出版，体系化建构更加完备。

与此同时，习近平新时代中国特色社会主义思想研究中心（院）、马克思主义理论研究和建设工程、国家高端智库成果不断涌现，国家社科基金重大项目扎实推进，学理化研究持续深入。

既要在扎实研究中筑牢根基，又要在大众化传播中推动党的创新理论“飞入寻常百姓家”。

2025年11月5日，学习贯彻党的二十届四中全会精神中央宣讲团成员来到四川眉山市太和镇永丰村，与村民代表、基层干部围坐在院坝，聊政策、谈发展、听心声。

把全会“推动农村一二三产业深度融合”等部署与永丰村旅游发展等实际工作结合起来，深入浅出的讲解引发现场听众强烈共鸣：“宣讲把大道理变成大白话，易懂、好记、可落实。”

从中央宣讲团奔赴全国各地同干部群众面对面互动交流，到各地精心组织形式丰富、生动活泼的基层宣讲，科学理论愈发深入基层、入脑入心。

创新表达方式、贴近群众需求，宣传思想文化战线主动作为，在科学理论与人民群众之间架起一座座桥梁。

通俗理论读物《创新实干促发展》说理透彻、文风清新，“80、90、00后”广西青年讲师团把理论讲给青年听，复旦大学“星火”党员志愿服务队传唱“新思想”，信仰的力量不断激发共情。

中央主要媒体以旗帜领方向、以主流立主导，创新打造“和总书记面对面”“总书记的关切·落地的回响”等融媒体栏目，推出“习近平经济思想系列讲读”等节目，不断改文风、优语态、强品质、增效能。

理论之于群众从“单向灌输”转向“双向奔赴”，宣传思想文化战线在守正创新中，推动全党全社会进一步增进对习近平新时代中国特色社会主义思想的政治认同、思想认同、理论认同、情感认同。

思想伟力激荡神州，党的好声音化作社会最强音，直达人民心间、回响在中华大地。

**弘扬抗战精神****厚植家国情怀**

80响礼炮震彻云霄、8万羽和平鸽振翅飞翔，“正义必胜！和平必胜！人民必胜！”的昂扬之声久久回荡。

2025年9月3日，纪念中国人民抗日战争暨世界反法西斯战争胜利80周年大会在天安门广场隆重举行，以国之大典铭记历史、缅怀先烈、珍爱和平、开创未来。

“坚定不移走中国特色社会主义道路，传承和弘扬伟大抗战精神，踔厉奋发、勇毅前行，为以中国式现代化全面推进强国建设、民族复兴伟业而团结奋斗！”习近平总书记在纪念大会上的重要讲话，凝聚起万众一心的强大精神力量。

现场，中央主要媒体综合运用索道摄像机、贴地微型摄像机等设备和规模化国产8K超高清转播系统，搭建近200个拍摄机位，以电影级画面质感、光影效果，全景式呈现盛大场景。直播实时收视4.3亿人次，相关视频全媒体总触达339.4亿人次。

大江南北、长城内外，从白山黑水到南海之滨，从江南水乡到大漠戈壁，恢弘大气的直播画面将现场盛况传遍中国大地，亿万中华儿女的爱国热情达到高潮，从心底迸发的共鸣激昂澎湃。

纪念大会的宣传报道，与贯穿全年的宣传活动紧密呼应、同频共振。

一年来，宣传思想文化战线紧紧围绕抗战胜利80周年主题主线，大力弘扬伟大抗战精神，引导中华儿女厚植爱国之情、砥砺报国之志。

这是历史记忆的接力传承——

卢沟桥畔，晨光洒在宛平城墙。中国人民抗日战争纪念馆门口，人们排成长队，等待着一场对历史的庄严致敬。

馆内，《为了民族解放与世界和平》主题展览上，1525张照片、3237件文物记录下永不屈服的抗争身影，讲述着救亡图存的壮烈往事。

“擦净历史的镜子，走好未来的路”“愿我们以史为鉴，让和平之花常开不败”“复兴之路，吾辈有责”……留言簿上，一句句话语发自肺腑、感人至深。自2025年7月7日开幕以来，纪念馆已接待观众超163万人次。

让抗战记忆凝聚为永恒的丰碑，让抗战精神照亮前行的征途。

从公布第四批34处国家级抗战纪念设施、遗址名录到公布第四批41名著名抗日英烈、2个英雄群体名录，一个个具体的场所和姓名永被铭记。

从在沈阳举行勿忘“九一八”撞钟鸣警仪式，到在南京举行2025年南京大屠杀死难者国家公祭仪式，民族的集体记忆不断深化。

从抗战故事走进思政课堂到多地推出抗战主题研学路线，激励青少年赓续红色血脉，树立远大志向。

这是文艺创作的时代抒写——

胜利纪念日之夜，人民大会堂歌声激昂。当舞台大幕拉开，东北白桦林刺骨的雪、南京城凄冷的“殇”、大江南北的血与泪，化作黄河咆哮般的震天怒吼，唱出中华民族的不屈气概。

这台由年轻文艺工作者担纲主力的文艺晚会《正义必胜》，以音乐、舞蹈、情境戏剧等艺术形式重现烽火连天的抗战岁月，奏响气壮山河的英雄凯歌，受到网上网下一致好评。

一年来，广大文艺工作者潜心创作，以艺术铭记峥嵘岁月、镌刻不朽征程。

《南京照相馆》等电影叫好又叫座、《阵地》等电视剧荧屏热播、《卢沟桥：我们的纪念》等纪录片深耕史料、《怒刺》等微短剧兼具轻盈与厚重……在光影交织中，伟大抗战精神历久弥新。

《暗斗：一个书生的文化抗战》勾勒出文化抗战群像、《车桥  车桥》全景展现华中抗战战略反攻的序幕、《孩子剧团》面向青少年讲好抗战故事……透过鲜活的文字，家国情怀跃然纸上。

这些充满力量的文艺作品，奏响了一曲曲荡气回肠的时代之声、爱国之声、人民之声。

这是新闻一线的躬行实践——

新华社拍摄纪念大会现场照片3000余张，大量图片成为网络“爆款”；中央广播电视总台纪念大会直播被2000余家境外主流电视台及新媒体平台转播报道，创历史新高；人民日报连续推出特刊专版，内容充实、视觉美观。

各级各类媒体围绕一系列纪念活动先后推出报道100多万篇（条），网上点击量超766亿次，讨论量超10.5亿条。

走进历史深处，才能更好讲述老故事、挖掘新故事。

2025年6月以来，“铭记历史  缅怀先烈”“山河见证——我们的抗战记忆”等主题宣传活动相继启动。

扎实采访、深入调研，中央和地方主要媒体走进抗战重大战役、重要会议发生地，探访抗战遗址、抗日根据地所在地，生动讲好抗战故事。

一年来，广大记者编辑在践行“四力”中，积极宣传浴血沙场的将领战士、以笔为剑的知识分子、支援前线的各界民众、并肩抗战的国际友人，深刻揭露日本军国主义侵略罪行，生动讲述80年来的今昔巨变，捍卫历史真相，传播正确史观。

透过真实鲜活的报道，爱国情怀与民族气节充分彰显，英雄气概与必胜信念广泛弘扬。

同时，以此次主题报道为契机，新闻媒体推进资源整合、创新生产传播、强化技术赋能，不仅推出一大批具有政治高度、思想深度、历史跨度、情感温度的新闻力作，也为探索推进主流媒体系统性变革提供了有益借鉴。

**强化价值引领　汇聚人心力量**

2025年9月16日，党中央印发重要文件——《中国共产党思想政治工作条例》。这是我们党历史上第一部关于思想政治工作的统领性、综合性基础主干法规，是做好新时代思想政治工作的基本遵循。

思想政治工作是做人的工作。着眼引导人、感召人、凝聚人、塑造人，条例从9个方面明确了思想政治工作的主要内容，促进全体人民紧紧团结在党的周围、凝聚在中国特色社会主义伟大旗帜下。

把党中央的宏观指导转化为具体实践，宣传思想文化战线心怀国之大者、坚持“目中有人”、强化价值引领，不断凝聚人心、汇聚力量。

服务大局，提振信心士气——

2025年7月9日上午，国新办新闻发布厅吸引了众多媒体的到来，“高质量完成‘十四五’规划”首场新闻发布会在这里举行。

随后3个多月时间，该系列主题发布会共举办38场，全面介绍各领域5年来的生动实践和伟大成就，展现出高质量发展的广阔前景。

一年来，宣传思想文化战线持续加强舆论引导，团结稳定鼓劲，做好正面宣传特别是经济宣传，不断唱响主旋律、弘扬正能量。

聚焦“十四五”收官，新闻媒体开展“活力中国调研行”等主题采访活动，打造“决胜‘十四五’  打好收官战”等重点栏目，深入挖掘各地在新质生产力、绿色转型、城乡融合、高水平开放等方面的生动案例，切实强信心、鼓实劲、激活力、促发展。

围绕中央经济工作会议、中央农村工作会议等重要会议，一系列正面宣传准确把握党中央政策意图，在唱响经济光明论的同时，讲清楚“发展中的问题”“成长中的烦恼”，引导社会正确认识形势、消除思想困惑、改善心理预期。

结合党中央、国务院部署实施的提振消费专项行动、进一步促进民间投资发展等重要工作，海南自由贸易港封关运作等重大举措，持续深入做好经济政策宣传解读。

针对就业、教育、养老、育儿、住房等民生关切，媒体集中开设“促进高质量充分就业观察”等专栏，积极报道各地区各部门创新举措。

紧扣西藏自治区成立60周年、新疆维吾尔自治区成立70周年节点，发布《新时代西藏人权事业的发展与进步》《新时代党的治疆方略的成功实践》白皮书，推出“辉煌60载  魅力新西藏”“砥砺奋进七十载  天山南北谱华章”系列报道，唱响民族团结“同心曲”。

化风育人，培育文明风尚——

习近平总书记在对精神文明建设工作重要指示中强调，推进城乡精神文明建设融合发展，加强公民道德建设，发挥先进典型示范作用，进一步形成向上向善的社会风尚。

一年来，宣传思想文化战线充分发挥社会主义核心价值观的引领作用，推动社会文明程度不断提高。

陕北大地，红色热土涌动文明新风。2025年10月，以“文明，让乡村更美好”为主题的中国文明乡风大会在延安举办。

在文艺展演中，黄梅小戏《为“甜蜜”减负》、合唱情景表演《我们的故事我们的歌》等群众自编自演的节目聚焦高额彩礼、人情攀比等主题，演绎移风易俗新变化，推动文明理念入人心。

提升社会文明程度，既需要道德感召又依靠法律约束，既需要榜样示范又依靠自我养成，使人们在日用而不觉中提升精神境界。

召开未成年人思想道德建设工作座谈会，推动立德树人“从娃娃抓起”；落实中央城市工作会议精神，着力建设崇德向善的文明城市，更好发挥道德涵育作用。

群众性精神文明创建活动先进典型和道德模范登上全国精神文明建设表彰大会领奖台，“时代楷模”“最美人物”“中国好人”纷纷涌现，榜样的力量引导全社会见贤思齐、争做先锋。

全民阅读大会连续第四年举办、“点亮阅读微心愿”图书漂流活动满足乡村儿童阅读心愿、出台《全民阅读促进条例》筑牢法治保障，爱读书、读好书、善读书的氛围日益浓厚。

全国“诚信兴商宣传月”弘扬诚信文化、“我们的节日”品牌活动让传统民俗走进百姓生活，积极倡导“红白事”简办新俗、坚决反对“舌尖上的浪费”、呼吁文明观赛和文明旅游，公民素养不断提升。

如今，文明愈发成为一种习惯，在落细、落小、落实中化作具体而微的平凡实践，彰显平凡中的非凡力量。

巩固阵地，筑牢网上网下同心圆——

“要加强对网络平台、自媒体和多频道网络机构的引导，促使其担负社会责任，自觉成为正能量传播者。”2025年11月28日，习近平总书记在主持中共中央政治局第二十三次集体学习时指出，要坚持以正面声音、主流价值、时代新风塑造网络空间。

人在哪，凝心聚力的重点就在哪。当前，我国网民规模超11亿人。谁掌握了互联网，谁就把握住了时代主动权。

宣传思想文化战线积极搭建交流平台，成功举办中国网络文明大会、世界互联网大会乌镇峰会、国家网络安全宣传周等活动，分享实践成果、深化国际合作。

开展专项行动，大力整治网络直播打赏乱象、“自媒体”发布不实信息、体育“饭圈”不良行为等问题，网络生态治理持续深化。

一年来，宣传思想文化战线着力培育积极健康的网络文化，网络空间愈发清朗，汇聚向上向善的力量。

**赓续中华文脉　激发创造活力**

文化的传承，从来不是简单复刻与守成，而是在延续民族精神血脉中开拓前进、创新发展，使中华文脉在时代奔流中焕发新生。

赓续文脉、激发创造，宣传思想文化战线使命如磐、重任在肩。

守护根脉，文化遗产保护成效显著——

洛阳之南、伊水之畔，龙门石窟千龛拱列。崖壁间，北魏的錾痕、盛唐的凿印，镌刻下恒久的文明印记。

2025年5月19日，习近平总书记在河南考察期间来到这里，凝望历史，感慨系之：“要把这些中华文化瑰宝保护好、传承好、传播好。”

不忘本来才能开辟未来，善于继承才能更好创新。

文化遗产，蕴藏着伟大创造、记录着历史烟云、维系着民族情感，不仅生动诉说着过去，也让我们在回望历史中增添走向未来的底气。

保护好文化遗产，宣传思想文化战线为推进文化强国建设积厚蓄势。

过去一年，“西夏陵”成功列入《世界遗产名录》，口头叙事艺术“赫哲族伊玛堪”从急需保护的非遗名录转入人类非遗代表作名录，“‘赫哲族伊玛堪’保护计划”入选优秀保护实践名册，我国文化遗产保护传承赢得世界掌声。

第四次全国文物普查新发现文物数量超13万处，文物资源家底基本摸清；新修订的文物保护法施行，文化遗产保护制度化建设更加完备；海外漂泊79年的国宝——子弹库帛书《五行令》《攻守占》终归故土，我国在流失文物追索返还路上迈出坚实一步。

提质赋能，文化激活经济发展新动能——

以文化赋能经济社会发展，是习近平总书记在2025年全国两会期间提出的重大命题，揭示出文化的深层驱动力。

2025年，《哪吒之魔童闹海》横空出世！这部取材于中国古典神话的电影“上映即爆款”，一路登顶中国影史票房榜、全球动画电影票房榜。

“哪吒”爆火，带动餐饮联名套餐热卖、手办盲盒等文创脱销，“跟着吒儿去旅游”成为新时尚，全方位引发消费溢出效应。

带动经济效益踩上“风火轮”的，又何止于“哪吒”？

以文化创意为“流量”密码，二次元周边商品市场广阔；热门演唱会门票“秒光”，演出经济成为“行走的GDP”；“票根经济”探索“文化引流+商业变现”，激发消费新潜能。

一年来，文化既为消费“添柴加薪”，又不断丰富新场景、新业态，与各经济领域实现跨界融合。

“苏超”成功破圈，将体育的竞技属性、城市的人文属性、文旅的经济属性深度融合，走出了文化赋能经济社会发展新路子。

“村超”“村BA”持续火热，“文化+乡村”带动村民富了口袋富脑袋；数字策展人、研学旅游指导师等职业拓展就业新空间……文化“软实力”正不断转化为助推经济社会发展的“硬实力”。

广泛参与，百姓文化热情日益高涨——

近8630万人次！2025年国庆中秋假期，全国博物馆迎来观展潮。

故宫博物院建院百年之际，“百年守护——从紫禁城到故宫博物院”展览吸引游人纷纷打卡；西安大唐不夜城，游客与“李白”扮演者对诗互动，领略传统文化的魅力；《沉默的荣耀》《生万物》《护宝寻踪》等电视剧热播，掀起追剧热……

一年来，从线下展览到沉浸体验，从荧屏作品到日常话题，百姓的文化热情愈发高涨。

伴随着文化热情不断升温，人民群众正从文化欣赏者转变为积极参与者。

农民诗人在田埂间吟咏生活，素人选手登上脱口秀开放麦舞台，不同年龄、职业、地域的人们借助互联网或分享自创歌舞、小说、散文，或用镜头记录下最平凡的生活。

如今，文艺创作的触角延伸至社会生活的每个角落，亿万被科技赋能、被知识照亮、被时代召唤的普通人，以最鲜活的生活体验、最丰沛的生命情感，汇聚成新大众文艺最磅礴的创造力量。

**讲好中国故事　奏响和合之声**

2025年12月5日，成都都江堰，习近平总书记同法国总统马克龙进行友好交流。玉垒山下、岷江之畔，“高山流水”再续佳话。

交谈中，习近平总书记介绍了都江堰的历史和意义，坦言“每次来到都江堰都能感受到先人因地制宜、顺势而为、天人合一、治水利民的伟大，从中汲取到治国理政的智慧”。

“中国人民的勤劳智慧令人赞叹。法中两国都有悠久的历史文化，两国人民对美好生活的追求是相通的。”马克龙深有感触。

元首外交，润物无声地向国际社会展现了可信、可爱、可敬的中国形象。在习近平总书记引领下，宣传思想文化战线坚持以文载道、以文传声、以文化人，以更有活力的文明成就贡献世界。

启迪人心的中国理念，为各国携手战胜挑战提供思想指引。

“我愿提出全球治理倡议，同各国一道，推动构建更加公正合理的全球治理体系，携手迈向人类命运共同体。”

2025年9月1日，在天津举行的“上海合作组织+”会议上，习近平总书记郑重提出全球治理倡议，引发国际社会积极响应。

以此为契机，宣传思想文化战线积极宣介全球发展倡议、全球安全倡议、全球文明倡议、全球治理倡议等重要主张，全方位、多角度向世界传递“中国经验”、分享“中国方案”。

从阐释睦邻、安邻、富邻、亲诚惠容、命运与共理念方针，到弘扬金砖精神、“上海精神”、“中国—中亚精神”，这些蕴含中国智慧的理念与愿景通过媒体平台跨越山海，为动荡不安的世界注入信心力量。

既要传播中国理念、充分说理，又要敢于亮剑、旗帜鲜明发出中国声音。

一年来，就美西方在涉疆、涉藏、涉港、涉经贸、涉人权等领域对中国的攻击抹黑，宣传思想文化战线处理好“攻”和“守”、“斗”和“和”的关系，不断提升对外发声能力水平。

特别是针对日本首相高市早苗涉台错误言论，着力抨击其无视历史与法理事实公然为“台独”势力张目的恶劣行径，积极传递中国人民维护国家主权和领土完整的坚强决心，有力引导国际社会认清本质真相。

中国声音响彻寰宇，中华文化惊艳世界。

2025年，拉布布——一个长着小尖牙、一对尖耳朵、有些“丑萌”的中国玩偶风靡全球。外媒评论，中国文化的“柔性力量”正获得海外消费者的喜爱。

现象级文化IP的成功，彰显出我国文化海外影响力的不断提升。

电视剧《藏海传》全球热播，网文小说《上元欢》英文版在海外出版发行，微短剧APP全球下载量持续增长……一年来，越来越多继承优秀传统文化又弘扬时代精神、立足本国又面向世界的多彩文化扬帆出海，赢得世界青睐。

走出去，同时也请进来。新时代中国以海纳百川的胸襟兼容并蓄，讲述着与世界的美美与共：

全球妇女峰会，中国名曲《茉莉花》、加纳乐曲《向往和平》与冰岛乐曲《五月之星》悠扬奏响，艺术之美、文化之韵、友谊之声和弦共鸣；

2025国际青春诗会，唐诗的韵律邂逅魔幻现实主义的激情，中国诗人与拉美诗人以诗为媒，抒发着人类文明的共通情感；

第二届世界中国学大会，1591年科隆出版的《欧几里得几何原理》和1858年上海出版的《几何原本》共同陈列，仿佛诉说着东西交汇的历史过往；

全球南方现代化论坛，“天下大同”的理想与“乌班图精神”交相辉映，共同勾勒出对建设美好世界的愿景与追求；

…………

交流互鉴、博采众长，2025年，不同的文化记忆、文明图景在中华大地上汇集，书写下灿烂绚丽的多彩篇章。

且纵征程迎远浪，扬帆起航赴前行。

2026年的大幕徐徐拉开，伴随着“十五五”开局，一幅波澜壮阔的时代画卷正等待我们执笔挥毫。

面向未来，在以习近平同志为核心的党中央坚强领导下，在习近平文化思想科学指引下，肩负激发全民族文化创新创造活力的重大使命，宣传思想文化战线实干担当、笃行不怠，以更加昂扬的姿态迈上新的征程。

（新华社北京1月4日电  记者王子铭、王思北、邢拓、杨湛菲）",新华社记者,要闻,,https://paper.people.com.cn/rmrb/pc/content/202601/05/content_30129299.html,2026-01-05,"['习近平', '2025', '思想', '文化', '文化战线', '宣传', '抗战', '文明', '时代', '中国']","2025年，是“十四五”收官、“十五五”谋篇布局之年，也是中国人民抗日战争暨世界反法西斯战争胜利80周年。
于时代坐标中擘画蓝图，在历史回响中赓续荣光。这一年，宣传思想文化事业以其深厚的时代底色与鲜明的实践特色，深深熔铸于国家发展之中。
一年来，在习近平文化思想指引下，宣传思想文化战线擎思想火炬照亮前路、以价值纽带凝聚人心、汲文化神韵滋养心灵、搭互鉴桥梁联通世界，奋发有为、开拓进取，书写下无愧于时代的崭新篇章。",政治,,,[]
咬定目标  苦干实干,"2026年是“十五五”开局之年。
1月4日，新年首个工作日，记者深入一线探访，广大干部群众咬定目标、苦干实干，为梦想奋斗、为幸福打拼，一个个热气腾腾的场景，映照出蒸蒸日上的中国。
产品图里的创新活力
浙江杭州，宇树科技股份有限公司。会议室内，工程师和技术团队研讨着细节；展厅里，人形机器人等各种产品排开。约11时，市场经理陈嘉欣接待完参观团队，便赶回测试区。只见G1人形机器人从武术到现代舞，再到穿越障碍，动作行云流水。不过，陈嘉欣的任务正是“挑刺”并反馈给技术团队：“后空翻落地可以再稳一点……”
新年伊始，陈嘉欣的手机已塞满待办事项：筹划的机器人跨界合作陆续推进，最近上线的机器人应用商店需要收集用户反馈……“紧盯技术迭代、拥抱全球伙伴、提升用户体验——让这帮‘铁憨憨’融入大家的生活，是我最期待的事。”陈嘉欣说。
动线图里的开放引力
鸣笛声悠长，满载集装箱的货轮缓缓驶入海南洋浦港。靠泊前，船只及货物的信息已“先行一步”，提前完成审核。
上午，海口海关所属洋浦海关监管处处长黎文和同事忙碌起来——有一批免税化妆品预约了现场查验。途经洋浦国际集装箱码头装卸区，可见岸桥起落、货车穿梭。
海南自贸港全岛封关运作以来，出境、进境，通关动线图越发清晰。综合运用多种查验方式，让对外口岸放得开，也能管得住。
约半小时后，该批货物予以放行，送往海口国际免税城。元旦假期，海口海关共监管离岛免税商品销售44.2万件，同比增长52.4%；购物金额7.12亿元，同比增长128.9%。“自贸港‘朋友圈’越来越大，我们要高效保障、贴心服务。”黎文说。
打版图里的增长潜力
“裁剪线、缝合线错不得……”河南商丘睢阳区坞墙镇共富工坊产业园，千绘服饰有限公司里，负责人宋四化紧盯电脑屏幕确认样板绘图，“这批面料防水又透气，做成的冲锋衣很受登山爱好者青睐。”
“需求越多样、市场越细分，就越有发展潜力。比如冲锋衣，有的为公司定制工装，有的深耕登山、骑行等场景，有的用‘潮’设计吸引年轻人。”当地有关负责人介绍，产业园集聚起冲锋衣全链条产业。
“今年准备投用新面料，升级新技术、新设备，向高端市场‘冲锋’。”宋四化说。
导览图里的服务合力
一楼，社区食堂家常菜香气四溢；三楼，“宝宝屋”里，专业保育员领着小朋友做游戏；四楼，舞蹈活动室，大家踩着节拍，舞步轻快。
56岁的岳萌带着孙女哼哼来到上海市静安区共和新路街道党群服务中心。“哼哼去‘宝宝屋’玩得欢。我跳舞健身结束，接上小娃，下楼吃饭，省心又方便。”岳萌说，“哼哼也可喜欢在二楼的图书馆看绘本、听故事呢！”
这里汇聚了托育、文化、助餐、健身等功能，一张导览图注明分布。“围绕居民关心的‘一老一小’，我们探索提供一站式服务。”新的一年，倾听群众需求、对接有关资源，党群服务中心主任葛捷的脚步不停，“接下来要努力让居民享受到更优质的公共服务。”
树状图里的干事动力
“卓玛，鱼咋样啦？”刚到青海省黄南藏族自治州昂拉乡拉毛村，在州农牧局工作的天津市援青干部尤宏争直奔网箱——自动喂饵机旋转投放饵料，不时有三倍体虹鳟跃出水面。嘴里哈着白气，尤宏争抄起一条细细查看。
“壮，‘攒劲’！”村民卓玛答得干脆。
一句“攒劲”背后，尤宏争没少操心：赴多地调研，请专家“把脉”，“立足自然禀赋，敢闯敢试。”
尤宏争将今年工作捋出个“树状图”，“产品提质”的“树干”旁，“联农带农机制完善”“鱼饲料改良”等“枝杈”逐项列明。“细化标准，改善饲料结构，护好生态养好鱼，让鱼更‘攒劲’、效益更‘支棱’！”尤宏争满是信心。
前路迢迢，阔步而行。神州大地上，亿万人民正奋发进取，不断开创中国式现代化建设新局面。
（综合本报记者黄晓慧、乔栋、朱佩娴、窦皓、董泽扬报道）","# 咬定目标  苦干实干

## ——2026年首个工作日一线见闻

> 本报记者  胡安琪  钱一彬  马  原《人民日报》（2026年01月05日第 01 版）

2026年是“十五五”开局之年。

1月4日，新年首个工作日，记者深入一线探访，广大干部群众咬定目标、苦干实干，为梦想奋斗、为幸福打拼，一个个热气腾腾的场景，映照出蒸蒸日上的中国。

**产品图里的创新活力**

浙江杭州，宇树科技股份有限公司。会议室内，工程师和技术团队研讨着细节；展厅里，人形机器人等各种产品排开。约11时，市场经理陈嘉欣接待完参观团队，便赶回测试区。只见G1人形机器人从武术到现代舞，再到穿越障碍，动作行云流水。不过，陈嘉欣的任务正是“挑刺”并反馈给技术团队：“后空翻落地可以再稳一点……”

新年伊始，陈嘉欣的手机已塞满待办事项：筹划的机器人跨界合作陆续推进，最近上线的机器人应用商店需要收集用户反馈……“紧盯技术迭代、拥抱全球伙伴、提升用户体验——让这帮‘铁憨憨’融入大家的生活，是我最期待的事。”陈嘉欣说。

**动线图里的开放引力**

鸣笛声悠长，满载集装箱的货轮缓缓驶入海南洋浦港。靠泊前，船只及货物的信息已“先行一步”，提前完成审核。

上午，海口海关所属洋浦海关监管处处长黎文和同事忙碌起来——有一批免税化妆品预约了现场查验。途经洋浦国际集装箱码头装卸区，可见岸桥起落、货车穿梭。

海南自贸港全岛封关运作以来，出境、进境，通关动线图越发清晰。综合运用多种查验方式，让对外口岸放得开，也能管得住。

约半小时后，该批货物予以放行，送往海口国际免税城。元旦假期，海口海关共监管离岛免税商品销售44.2万件，同比增长52.4%；购物金额7.12亿元，同比增长128.9%。“自贸港‘朋友圈’越来越大，我们要高效保障、贴心服务。”黎文说。

**打版图里的增长潜力**

“裁剪线、缝合线错不得……”河南商丘睢阳区坞墙镇共富工坊产业园，千绘服饰有限公司里，负责人宋四化紧盯电脑屏幕确认样板绘图，“这批面料防水又透气，做成的冲锋衣很受登山爱好者青睐。”

“需求越多样、市场越细分，就越有发展潜力。比如冲锋衣，有的为公司定制工装，有的深耕登山、骑行等场景，有的用‘潮’设计吸引年轻人。”当地有关负责人介绍，产业园集聚起冲锋衣全链条产业。

“今年准备投用新面料，升级新技术、新设备，向高端市场‘冲锋’。”宋四化说。

**导览图里的服务合力**

一楼，社区食堂家常菜香气四溢；三楼，“宝宝屋”里，专业保育员领着小朋友做游戏；四楼，舞蹈活动室，大家踩着节拍，舞步轻快。

56岁的岳萌带着孙女哼哼来到上海市静安区共和新路街道党群服务中心。“哼哼去‘宝宝屋’玩得欢。我跳舞健身结束，接上小娃，下楼吃饭，省心又方便。”岳萌说，“哼哼也可喜欢在二楼的图书馆看绘本、听故事呢！”

这里汇聚了托育、文化、助餐、健身等功能，一张导览图注明分布。“围绕居民关心的‘一老一小’，我们探索提供一站式服务。”新的一年，倾听群众需求、对接有关资源，党群服务中心主任葛捷的脚步不停，“接下来要努力让居民享受到更优质的公共服务。”

**树状图里的干事动力**

“卓玛，鱼咋样啦？”刚到青海省黄南藏族自治州昂拉乡拉毛村，在州农牧局工作的天津市援青干部尤宏争直奔网箱——自动喂饵机旋转投放饵料，不时有三倍体虹鳟跃出水面。嘴里哈着白气，尤宏争抄起一条细细查看。

“壮，‘攒劲’！”村民卓玛答得干脆。

一句“攒劲”背后，尤宏争没少操心：赴多地调研，请专家“把脉”，“立足自然禀赋，敢闯敢试。”

尤宏争将今年工作捋出个“树状图”，“产品提质”的“树干”旁，“联农带农机制完善”“鱼饲料改良”等“枝杈”逐项列明。“细化标准，改善饲料结构，护好生态养好鱼，让鱼更‘攒劲’、效益更‘支棱’！”尤宏争满是信心。

前路迢迢，阔步而行。神州大地上，亿万人民正奋发进取，不断开创中国式现代化建设新局面。

（综合本报记者黄晓慧、乔栋、朱佩娴、窦皓、董泽扬报道）",胡安琪  钱一彬  马  原,要闻,,https://paper.people.com.cn/rmrb/pc/content/202601/05/content_30129302.html,2026-01-05,"['尤宏争', '陈嘉欣', '冲锋衣', '攒劲', '图里', '机器人', '哼哼', '免税', '党群', '海口']","2026年是“十五五”开局之年。
1月4日，新年首个工作日，记者深入一线探访，广大干部群众咬定目标、苦干实干，为梦想奋斗、为幸福打拼，一个个热气腾腾的场景，映照出蒸蒸日上的中国。
产品图里的创新活力",经济,,,[]
一起为梦想奋斗、为幸福打拼,"“山海寻梦，不觉其远；前路迢迢，阔步而行。”在二〇二六年新年贺词中，习近平主席殷切寄语：“一起为梦想奋斗、为幸福打拼，把宏伟愿景变成美好现实。”
我们脚下这条路，从来不是坦途。
科技工作者埋头攻关，助力我国成为创新力上升最快的经济体之一；广大农民辛勤耕耘，夯实我国粮食生产年年丰收的根基；企业家敢闯敢试、外贸商户不惧风雨，增进我国经济的强大韧性……
中国发展的奇迹，是无数双手拼搏奋斗出来的，是无数双肩膀扛起困难打拼出来的，是无数颗心想在一起、干在一起创造出来的。
走过千山万水，还要跋山涉水。“十五五”蓝图起笔，“两步走”战略稳步推进，我们不能有喘口气、歇歇脚的想法。一起为梦想奋斗、为幸福打拼，才能开辟锦绣前程、绘就壮美画卷。
向未来，让我们“拿出跃马扬鞭的勇气”。
面对更加复杂激烈的大国博弈，如何做到腿肚子不抖、腰杆子不弯？面对“躲不开、绕不过”的老问题、新挑战，如何才能逢山开路、遇水搭桥？面对挺进深水区、开拓无人区的困难和风险，如何才能越沟迈壑、一往无前？
前无古人的开创性事业，没有现成模板可套，没有轻松路径可走。习近平总书记曾说过：“每当辞旧迎新，总会念及中华民族千年传承的浩然之气，倍增前行信心。”
过去5年的艰苦奋斗，我们在砥砺奋进中进一步增强了志气、骨气、底气，彰显了中国人民不惧任何困难和风险的硬核实力。“十五五”开好局起好步，我们要以坚如磐石的信心奋勇搏击、迎难而上。
向未来，让我们“激发万马奔腾的活力”。
活力凝结在科研一线矢志攻坚的专注背影里，也奔涌于“城超”“村超”所点燃的全民热情中；厚植于文博热、非遗热所彰显的文化自信里，也绽放在千万工匠、新农人、新就业群体平凡岗位中……每个人的努力奔跑，成就了繁荣发展的活力中国。
今日中国，创新创造的活力正持续转化为经济动能，成为全球新技术的“推广场”“应用场”。让一切创新创造的源泉充分涌流，让一切向新发展的动能竞相迸发，定能形成百舸争流、千帆竞发的生动局面。
向未来，让我们“保持马不停蹄的干劲”。
攻关者不舍昼夜的灯火，建设者顶风冒雪的身影，奉献者遍布乡野的足迹……每一位劳动者在平凡岗位上的执着坚守，生动诠释着“社会主义是干出来的，新时代是奋斗出来的”道理。
实干是最朴素的方法论，也是攻坚克难的金钥匙。
从因地制宜发展新质生产力，到持续巩固壮大实体经济根基，再到加快补齐民生领域短板，以“看准了就坚定不移抓”的劲头、“一年接着一年干”的韧劲，创造性贯彻落实党中央决策部署，我们定能用实干筑牢发展根基。
披荆斩棘，笃行不怠。在实现现代化的历史长跑中，我们要把拼搏和奋斗镌刻在历史坐标中，把光荣与梦想书写在广阔的中国大地上。","# 一起为梦想奋斗、为幸福打拼

## ——习近平主席二〇二六年新年贺词启示录⑤

> 本报评论员《人民日报》（2026年01月05日第 02 版）

“山海寻梦，不觉其远；前路迢迢，阔步而行。”在二〇二六年新年贺词中，习近平主席殷切寄语：“一起为梦想奋斗、为幸福打拼，把宏伟愿景变成美好现实。”

我们脚下这条路，从来不是坦途。

科技工作者埋头攻关，助力我国成为创新力上升最快的经济体之一；广大农民辛勤耕耘，夯实我国粮食生产年年丰收的根基；企业家敢闯敢试、外贸商户不惧风雨，增进我国经济的强大韧性……

中国发展的奇迹，是无数双手拼搏奋斗出来的，是无数双肩膀扛起困难打拼出来的，是无数颗心想在一起、干在一起创造出来的。

走过千山万水，还要跋山涉水。“十五五”蓝图起笔，“两步走”战略稳步推进，我们不能有喘口气、歇歇脚的想法。一起为梦想奋斗、为幸福打拼，才能开辟锦绣前程、绘就壮美画卷。

向未来，让我们“拿出跃马扬鞭的勇气”。

面对更加复杂激烈的大国博弈，如何做到腿肚子不抖、腰杆子不弯？面对“躲不开、绕不过”的老问题、新挑战，如何才能逢山开路、遇水搭桥？面对挺进深水区、开拓无人区的困难和风险，如何才能越沟迈壑、一往无前？

前无古人的开创性事业，没有现成模板可套，没有轻松路径可走。习近平总书记曾说过：“每当辞旧迎新，总会念及中华民族千年传承的浩然之气，倍增前行信心。”

过去5年的艰苦奋斗，我们在砥砺奋进中进一步增强了志气、骨气、底气，彰显了中国人民不惧任何困难和风险的硬核实力。“十五五”开好局起好步，我们要以坚如磐石的信心奋勇搏击、迎难而上。

向未来，让我们“激发万马奔腾的活力”。

活力凝结在科研一线矢志攻坚的专注背影里，也奔涌于“城超”“村超”所点燃的全民热情中；厚植于文博热、非遗热所彰显的文化自信里，也绽放在千万工匠、新农人、新就业群体平凡岗位中……每个人的努力奔跑，成就了繁荣发展的活力中国。

今日中国，创新创造的活力正持续转化为经济动能，成为全球新技术的“推广场”“应用场”。让一切创新创造的源泉充分涌流，让一切向新发展的动能竞相迸发，定能形成百舸争流、千帆竞发的生动局面。

向未来，让我们“保持马不停蹄的干劲”。

攻关者不舍昼夜的灯火，建设者顶风冒雪的身影，奉献者遍布乡野的足迹……每一位劳动者在平凡岗位上的执着坚守，生动诠释着“社会主义是干出来的，新时代是奋斗出来的”道理。

实干是最朴素的方法论，也是攻坚克难的金钥匙。

从因地制宜发展新质生产力，到持续巩固壮大实体经济根基，再到加快补齐民生领域短板，以“看准了就坚定不移抓”的劲头、“一年接着一年干”的韧劲，创造性贯彻落实党中央决策部署，我们定能用实干筑牢发展根基。

披荆斩棘，笃行不怠。在实现现代化的历史长跑中，我们要把拼搏和奋斗镌刻在历史坐标中，把光荣与梦想书写在广阔的中国大地上。",本报评论员,要闻,,https://paper.people.com.cn/rmrb/pc/content/202601/05/content_30129304.html,2026-01-05,"['奋斗', '打拼', '梦想', '我们', '活力', '根基', '一起', '实干', '出来', '幸福']","“山海寻梦，不觉其远；前路迢迢，阔步而行。”在二〇二六年新年贺词中，习近平主席殷切寄语：“一起为梦想奋斗、为幸福打拼，把宏伟愿景变成美好现实。”
我们脚下这条路，从来不是坦途。
科技工作者埋头攻关，助力我国成为创新力上升最快的经济体之一；广大农民辛勤耕耘，夯实我国粮食生产年年丰收的根基；企业家敢闯敢试、外贸商户不惧风雨，增进我国经济的强大韧性……",政治,,,[]
新年贺词映照奋斗荣光,"“十四五”收官，“十五五”开启。时光刻度间不变的是向上向前的力量。
“我向每一位辛勤付出的奋斗者致敬！”习近平主席在二〇二六年新年贺词中，深情回望中国式现代化的铿锵足迹，热忱点赞强国建设、民族复兴征程上的奋斗身影。
田间地头、工厂车间、科技前沿、边防一线，广大奋斗者用创新创造书写新时代荣光。
“让我们拿出跃马扬鞭的勇气，激发万马奔腾的活力，保持马不停蹄的干劲，一起为梦想奋斗、为幸福打拼，把宏伟愿景变成美好现实。”回顾这些年的新年贺词，我们从中寻得奋进的力量。
勇担奋斗之责：铸就欣欣向荣的中国
浩瀚宇宙，太空逐梦。神舟二十一号航天员乘组顺利进驻“天宫”，圆满完成首次出舱活动。
南海之滨，潮声激荡。海南自贸港，一站式飞机维修产业基地内，工程师们调试检修来自全球多个国家和地区的飞机。
从广袤太空见证中国高度，到全球业务见证开放力度，大家拼搏奋斗，汇聚成新时代中国昂扬奋进的洪流。
习近平主席在二〇二六年新年贺词中指出：“大家拼搏进取、耕耘奉献，铸就了欣欣向荣的中国。”
嫦娥六号首次月背采样，梦想号探秘大洋，天问二号开启“追星”之旅……今天的中国，是梦想接连实现的中国。我们敢于走别人没有走过的路，在星辰大海书写一个又一个传奇。
习近平总书记感慨系之：“这一切，凝结着无数人的辛勤付出和汗水。点点星火，汇聚成炬，这就是中国力量！”
“十四五”以来，我国经济实力、科技实力、国防实力、综合国力跃上新台阶，绿水青山成为亮丽底色，人民群众获得感幸福感安全感不断增强。
人形机器人，新质生产力的具象表达。
登上春晚舞台扭秧歌，亮相机器人运动会，“成建制”进入汽车工厂“打工”……2025年被视为我国人形机器人“量产元年”。作为全球第一大机器人生产国，中国持有的机器人相关有效专利已超19万项，占全球总量约2/3。
人工智能，一项年轻的事业，也是年轻人的事业。
在上海“模速空间”，习近平总书记勉励现场青年创新人才，“要怀爱国之心、立报国之志、增强国之能，把个人奋斗同国家前途命运紧紧联系在一起，跑好历史的接力棒”。
新时代的奋斗者正以智慧与创造，让越来越多的科技创新跑出“加速度”，跑进“决赛圈”，跑上“领奖台”。
“在此，我要向每一位科学家、每一位工程师、每一位‘大国工匠’、每一位建设者和参与者致敬！”新年贺词中，习近平主席为创新点赞、为奋斗鼓劲。
强国必先强军，军强才能国安。
“排雷英雄战士”杜富国，写下“清澈的爱、只为中国”的陈祥榕……“人民子弟兵永远是保卫祖国的钢铁长城，让我们向守护家园的忠诚卫士们致敬！”
九三阅兵，旗帜高扬；福建舰入列，劈波斩浪。过去的一年，人民军队强军建设步履铿锵。
“惟有忠诚使命、不懈奋斗，才能不负统帅信任重托。”福建舰官兵豪情满怀，“我们有信心驾驭新型国产航母，挺进深蓝、搏击海天。”
时间飞驰向前，奋斗者步履不停。
“我们要一往无前、顽强拼搏，让明天的中国更美好”“明天的中国，奋斗创造奇迹”……重温这些年的新年贺词，殷殷寄语，读来温暖有力。
光景越是美好、征途越是光明，越需要我们持续奋斗、勇毅前行。
我们的蓝图是宏伟的，民族复兴的重任是艰巨的。一个个奔跑的追梦人，踔厉奋发、笃行不怠，托举起自立自强的中国。
砥砺奋斗之志：共创共享美好生活
一辈子深藏功名、初心不改的张富清，守岛卫国数十年如一日的王继才，把青春和生命献给脱贫事业的黄文秀……盘点新年贺词，一个个名字耳熟能详，他们咬定青山不放松，用奋斗书写无悔人生。
无论是国家勋章和国家荣誉称号获得者，还是快递小哥、环卫工人、出租车司机，习近平总书记都记挂在心。暖心的问候，细致的关怀，传递着人民领袖对奋斗者的关爱厚望。
“山海寻梦，不觉其远；前路迢迢，阔步而行”“幸福都是奋斗出来的”“天上不会掉馅饼，努力奋斗才能梦想成真”……谆谆话语，澎湃强大精神动力，让奋斗成为新时代最亮丽的底色。
“历经8年，现行标准下近1亿农村贫困人口全部脱贫，832个贫困县全部摘帽。”习近平主席在二〇二一年新年贺词中的郑重宣告让全国人民为之振奋。
打赢脱贫攻坚战、全面建成小康社会，离不开全党全国各族人民的共同奋斗。
“280多万驻村干部、第一书记，工作很投入、很给力，一定要保重身体”“要倾听基层干部心声，让敢担当有作为的干部有干劲、有奔头”……新年贺词中的这些话，暖心提气。
数十年如一日扎根太行山、用科技把荒山秃岭抛进历史的李保国；率众在绝壁凿出“生命渠”、用实干兑现“水过不去、拿命来铺”的黄大发；扎根脱贫一线、担任湖南炎陵县委书记9年走遍全县120个村庄的黄诗燕……幸福生活的背后，是千千万万追梦人的接续奋斗、倾情奉献。
“从雪域高原到天山南北，各族群众心手相连，像石榴籽一样紧紧抱在一起，大家用洁白的哈达、热情的歌舞，表达对祖国的热爱、对幸福的礼赞。”习近平主席在二〇二六年新年贺词中说。
2025年是脱贫攻坚任务完成后5年过渡期的最后一年。脱贫地区广大干部群众齐心协力、善作善成，群众的日子越过越红火。
青年兴则国家兴，中国发展要靠广大青年挺膺担当。
新年贺词中，习近平主席勉励青年“以奋斗姿态激扬青春，不负时代，不负华年”。
好儿女志在四方。这些年，越来越多的有志青年选择到西部、到乡村、到基层，到祖国和人民最需要的地方去建功立业。
今天的中国，是赓续民族精神的中国。
伟大奋斗精神是中华民族最宝贵的精神财富、最丰沛的精神力量。
困难面前豁得出，关键时候顶得上。在地震、洪水、干旱、山火等自然灾害面前，“一幕幕舍生取义、守望相助的场景感人至深，英雄的事迹永远铭记在我们心中”。
平凡铸就伟大，英雄来自人民。“许许多多无怨无悔、倾情奉献的无名英雄，他们以普通人的平凡书写了不平凡的人生。”
大道如砥，奋斗如歌。
习近平主席在二〇二六年新年贺词中指出，“我们依靠创新为高质量发展赋能”“我们以文化滋养精神家园”“我们共创共享美好生活”“我们继续敞开胸怀拥抱世界”。
新时代是奋斗者的时代。有了奋斗精神的强大支撑，才有“当惊世界殊”的发展成就、“平视世界”的从容自信、“没有任何力量能够阻挡”的战略定力。
凝聚奋斗之力：续写中国奇迹新篇章
中国式现代化的新征程上，每一个人都是主角，每一份付出都弥足珍贵，每一束光芒都熠熠生辉。
“柴米油盐、三餐四季，每个‘小家’热气腾腾，中国这个‘大家’就蒸蒸日上。”习近平主席在二〇二六年新年贺词中强调。
寒意渐浓，贵州罗甸县多个标准化蔬菜基地及农户田间，依旧热火朝天。农户们辛勤劳作，或娴熟地整地起垄、覆盖地膜，或精心地进行菜苗移栽定植，好一幅生机盎然的“冬耕生产图”。
岁末年初，广西南宁市一处产业园施工现场，高空车、塔吊等大型机械开足马力，数十名作业人员坚守岗位抢抓施工期，奏响了攻坚奋进的“冬日交响曲”。
辛勤劳作的农民，埋头苦干的工人，敢闯敢拼的创业者……大家一整年忙碌着，付出了，奉献了，也收获了。
光荣属于每一位辛劳的奋斗者。
“这个时候，快递小哥、环卫工人、出租车司机以及千千万万的劳动者，还在辛勤工作，我们要感谢这些美好生活的创造者、守护者。大家辛苦了。”新年贺词里，有人民至上的深情。
“大国之大，也有大国之重。千头万绪的事，说到底是千家万户的事。”
“我们的目标很宏伟，也很朴素，归根到底就是让老百姓过上更好的日子。”
“家事国事天下事，让人民过上幸福生活是头等大事。”
…………
国之所向，家之所盼。人民群众最关心的就是教育、就业、收入、社保、医疗、养老、居住、环境等方面的事情，大家有许多收获，也有不少操心事、烦心事。
在二〇一八年新年贺词中，习近平主席要求各级党委、政府和干部“要把老百姓的安危冷暖时刻放在心上，以造福人民为最大政绩，想群众之所想，急群众之所急，让人民生活更加幸福美满”。
一切伟大成就都是接续奋斗的结果，一切伟大事业都需要在继往开来中推进。
党的二十届四中全会提出，“实现社会主义现代化是一个阶梯式递进、不断发展进步的历史过程，需要不懈努力、接续奋斗。”
征途漫漫，惟有奋斗。
正如习近平总书记所言，“14亿多中国人心往一处想、劲往一处使，同舟共济、众志成城，就没有干不成的事、迈不过的坎。”
2026年是“十五五”开局之年。习近平主席在二〇二六年新年贺词中指出：“锐始者必图其终，成功者先计于始。我们要锚定目标任务，坚定信心、乘势而上，扎实推动高质量发展，进一步全面深化改革开放，推进全体人民共同富裕，续写中国奇迹新篇章。”
时间属于奋进者，历史属于奋进者。我们通过奋斗，披荆斩棘，走过了万水千山。我们还要继续奋斗，勇往直前，创造更加灿烂的辉煌！","# 新年贺词映照奋斗荣光

> 本报记者  李昌禹  亓玉昆《人民日报》（2026年01月05日第 02 版）

“十四五”收官，“十五五”开启。时光刻度间不变的是向上向前的力量。

“我向每一位辛勤付出的奋斗者致敬！”习近平主席在二〇二六年新年贺词中，深情回望中国式现代化的铿锵足迹，热忱点赞强国建设、民族复兴征程上的奋斗身影。

田间地头、工厂车间、科技前沿、边防一线，广大奋斗者用创新创造书写新时代荣光。

“让我们拿出跃马扬鞭的勇气，激发万马奔腾的活力，保持马不停蹄的干劲，一起为梦想奋斗、为幸福打拼，把宏伟愿景变成美好现实。”回顾这些年的新年贺词，我们从中寻得奋进的力量。

**勇担奋斗之责：铸就欣欣向荣的中国**

浩瀚宇宙，太空逐梦。神舟二十一号航天员乘组顺利进驻“天宫”，圆满完成首次出舱活动。

南海之滨，潮声激荡。海南自贸港，一站式飞机维修产业基地内，工程师们调试检修来自全球多个国家和地区的飞机。

从广袤太空见证中国高度，到全球业务见证开放力度，大家拼搏奋斗，汇聚成新时代中国昂扬奋进的洪流。

习近平主席在二〇二六年新年贺词中指出：“大家拼搏进取、耕耘奉献，铸就了欣欣向荣的中国。”

嫦娥六号首次月背采样，梦想号探秘大洋，天问二号开启“追星”之旅……今天的中国，是梦想接连实现的中国。我们敢于走别人没有走过的路，在星辰大海书写一个又一个传奇。

习近平总书记感慨系之：“这一切，凝结着无数人的辛勤付出和汗水。点点星火，汇聚成炬，这就是中国力量！”

“十四五”以来，我国经济实力、科技实力、国防实力、综合国力跃上新台阶，绿水青山成为亮丽底色，人民群众获得感幸福感安全感不断增强。

人形机器人，新质生产力的具象表达。

登上春晚舞台扭秧歌，亮相机器人运动会，“成建制”进入汽车工厂“打工”……2025年被视为我国人形机器人“量产元年”。作为全球第一大机器人生产国，中国持有的机器人相关有效专利已超19万项，占全球总量约2/3。

人工智能，一项年轻的事业，也是年轻人的事业。

在上海“模速空间”，习近平总书记勉励现场青年创新人才，“要怀爱国之心、立报国之志、增强国之能，把个人奋斗同国家前途命运紧紧联系在一起，跑好历史的接力棒”。

新时代的奋斗者正以智慧与创造，让越来越多的科技创新跑出“加速度”，跑进“决赛圈”，跑上“领奖台”。

“在此，我要向每一位科学家、每一位工程师、每一位‘大国工匠’、每一位建设者和参与者致敬！”新年贺词中，习近平主席为创新点赞、为奋斗鼓劲。

强国必先强军，军强才能国安。

“排雷英雄战士”杜富国，写下“清澈的爱、只为中国”的陈祥榕……“人民子弟兵永远是保卫祖国的钢铁长城，让我们向守护家园的忠诚卫士们致敬！”

九三阅兵，旗帜高扬；福建舰入列，劈波斩浪。过去的一年，人民军队强军建设步履铿锵。

“惟有忠诚使命、不懈奋斗，才能不负统帅信任重托。”福建舰官兵豪情满怀，“我们有信心驾驭新型国产航母，挺进深蓝、搏击海天。”

时间飞驰向前，奋斗者步履不停。

“我们要一往无前、顽强拼搏，让明天的中国更美好”“明天的中国，奋斗创造奇迹”……重温这些年的新年贺词，殷殷寄语，读来温暖有力。

光景越是美好、征途越是光明，越需要我们持续奋斗、勇毅前行。

我们的蓝图是宏伟的，民族复兴的重任是艰巨的。一个个奔跑的追梦人，踔厉奋发、笃行不怠，托举起自立自强的中国。

**砥砺奋斗之志：共创共享美好生活**

一辈子深藏功名、初心不改的张富清，守岛卫国数十年如一日的王继才，把青春和生命献给脱贫事业的黄文秀……盘点新年贺词，一个个名字耳熟能详，他们咬定青山不放松，用奋斗书写无悔人生。

无论是国家勋章和国家荣誉称号获得者，还是快递小哥、环卫工人、出租车司机，习近平总书记都记挂在心。暖心的问候，细致的关怀，传递着人民领袖对奋斗者的关爱厚望。

“山海寻梦，不觉其远；前路迢迢，阔步而行”“幸福都是奋斗出来的”“天上不会掉馅饼，努力奋斗才能梦想成真”……谆谆话语，澎湃强大精神动力，让奋斗成为新时代最亮丽的底色。

“历经8年，现行标准下近1亿农村贫困人口全部脱贫，832个贫困县全部摘帽。”习近平主席在二〇二一年新年贺词中的郑重宣告让全国人民为之振奋。

打赢脱贫攻坚战、全面建成小康社会，离不开全党全国各族人民的共同奋斗。

“280多万驻村干部、第一书记，工作很投入、很给力，一定要保重身体”“要倾听基层干部心声，让敢担当有作为的干部有干劲、有奔头”……新年贺词中的这些话，暖心提气。

数十年如一日扎根太行山、用科技把荒山秃岭抛进历史的李保国；率众在绝壁凿出“生命渠”、用实干兑现“水过不去、拿命来铺”的黄大发；扎根脱贫一线、担任湖南炎陵县委书记9年走遍全县120个村庄的黄诗燕……幸福生活的背后，是千千万万追梦人的接续奋斗、倾情奉献。

“从雪域高原到天山南北，各族群众心手相连，像石榴籽一样紧紧抱在一起，大家用洁白的哈达、热情的歌舞，表达对祖国的热爱、对幸福的礼赞。”习近平主席在二〇二六年新年贺词中说。

2025年是脱贫攻坚任务完成后5年过渡期的最后一年。脱贫地区广大干部群众齐心协力、善作善成，群众的日子越过越红火。

青年兴则国家兴，中国发展要靠广大青年挺膺担当。

新年贺词中，习近平主席勉励青年“以奋斗姿态激扬青春，不负时代，不负华年”。

好儿女志在四方。这些年，越来越多的有志青年选择到西部、到乡村、到基层，到祖国和人民最需要的地方去建功立业。

今天的中国，是赓续民族精神的中国。

伟大奋斗精神是中华民族最宝贵的精神财富、最丰沛的精神力量。

困难面前豁得出，关键时候顶得上。在地震、洪水、干旱、山火等自然灾害面前，“一幕幕舍生取义、守望相助的场景感人至深，英雄的事迹永远铭记在我们心中”。

平凡铸就伟大，英雄来自人民。“许许多多无怨无悔、倾情奉献的无名英雄，他们以普通人的平凡书写了不平凡的人生。”

大道如砥，奋斗如歌。

习近平主席在二〇二六年新年贺词中指出，“我们依靠创新为高质量发展赋能”“我们以文化滋养精神家园”“我们共创共享美好生活”“我们继续敞开胸怀拥抱世界”。

新时代是奋斗者的时代。有了奋斗精神的强大支撑，才有“当惊世界殊”的发展成就、“平视世界”的从容自信、“没有任何力量能够阻挡”的战略定力。

**凝聚奋斗之力：续写中国奇迹新篇章**

中国式现代化的新征程上，每一个人都是主角，每一份付出都弥足珍贵，每一束光芒都熠熠生辉。

“柴米油盐、三餐四季，每个‘小家’热气腾腾，中国这个‘大家’就蒸蒸日上。”习近平主席在二〇二六年新年贺词中强调。

寒意渐浓，贵州罗甸县多个标准化蔬菜基地及农户田间，依旧热火朝天。农户们辛勤劳作，或娴熟地整地起垄、覆盖地膜，或精心地进行菜苗移栽定植，好一幅生机盎然的“冬耕生产图”。

岁末年初，广西南宁市一处产业园施工现场，高空车、塔吊等大型机械开足马力，数十名作业人员坚守岗位抢抓施工期，奏响了攻坚奋进的“冬日交响曲”。

辛勤劳作的农民，埋头苦干的工人，敢闯敢拼的创业者……大家一整年忙碌着，付出了，奉献了，也收获了。

光荣属于每一位辛劳的奋斗者。

“这个时候，快递小哥、环卫工人、出租车司机以及千千万万的劳动者，还在辛勤工作，我们要感谢这些美好生活的创造者、守护者。大家辛苦了。”新年贺词里，有人民至上的深情。

“大国之大，也有大国之重。千头万绪的事，说到底是千家万户的事。”

“我们的目标很宏伟，也很朴素，归根到底就是让老百姓过上更好的日子。”

“家事国事天下事，让人民过上幸福生活是头等大事。”

…………

国之所向，家之所盼。人民群众最关心的就是教育、就业、收入、社保、医疗、养老、居住、环境等方面的事情，大家有许多收获，也有不少操心事、烦心事。

在二〇一八年新年贺词中，习近平主席要求各级党委、政府和干部“要把老百姓的安危冷暖时刻放在心上，以造福人民为最大政绩，想群众之所想，急群众之所急，让人民生活更加幸福美满”。

一切伟大成就都是接续奋斗的结果，一切伟大事业都需要在继往开来中推进。

党的二十届四中全会提出，“实现社会主义现代化是一个阶梯式递进、不断发展进步的历史过程，需要不懈努力、接续奋斗。”

征途漫漫，惟有奋斗。

正如习近平总书记所言，“14亿多中国人心往一处想、劲往一处使，同舟共济、众志成城，就没有干不成的事、迈不过的坎。”

2026年是“十五五”开局之年。习近平主席在二〇二六年新年贺词中指出：“锐始者必图其终，成功者先计于始。我们要锚定目标任务，坚定信心、乘势而上，扎实推动高质量发展，进一步全面深化改革开放，推进全体人民共同富裕，续写中国奇迹新篇章。”

时间属于奋进者，历史属于奋进者。我们通过奋斗，披荆斩棘，走过了万水千山。我们还要继续奋斗，勇往直前，创造更加灿烂的辉煌！",李昌禹  亓玉昆,要闻,,https://paper.people.com.cn/rmrb/pc/content/202601/05/content_30129305.html,2026-01-05,"['奋斗', '新年贺词', '习近平', '奋斗者', '脱贫', '人民', '我们', '主席', '中国', '奋进']","“十四五”收官，“十五五”开启。时光刻度间不变的是向上向前的力量。
“我向每一位辛勤付出的奋斗者致敬！”习近平主席在二〇二六年新年贺词中，深情回望中国式现代化的铿锵足迹，热忱点赞强国建设、民族复兴征程上的奋斗身影。
田间地头、工厂车间、科技前沿、边防一线，广大奋斗者用创新创造书写新时代荣光。",政治,,,[]
用好“拉索”，揭示宇宙线起源之谜（奋进“十五五”·一线见闻）,"加强原始创新和关键核心技术攻关。
——摘自“十五五”规划建议
宇宙中充满高能粒子流，即宇宙线。这些来自宇宙深处的“信使”，携带了其诞生地和宇宙极端环境的神秘信息。其中，千万亿电子伏特（拍电子伏特）左右能区的宇宙线数量会断崖式下降，这个结构因为形似人的膝盖，被称为“膝”区。然而，“膝”区的宇宙线稀少，卫星探测器面积有限，探测如同大海捞针。“拉索”如同一双慧眼，能清晰地将质子从纷繁复杂的粒子中筛选出来并进行精确测量。
2025年11月16日，当“‘拉索’破解宇宙线‘膝’形成之谜”科学成果对全社会发布时，我悬着的心终于落了地。
高海拔宇宙线观测站（LHAASO，中文简称“拉索”）在四川稻城县海子山上建成后，我们便投入到了数据分析中。经过多年的观测运行、不断验证，我们终于发现，黑洞吸积驱动的微类星体是银河系中强大的粒子加速器，能够将质子加速至拍电子伏特能段；宇宙线质子能谱“膝”区显现超出预期的高能组分，黑洞正是其最可能的候选源天体。这一发现，不仅揭示了宇宙线起源的关键机制，也为理解黑洞系统的极端物理过程开辟了一条新途径。
一开始，我们对怎么开展研究也没有把握。“拉索”的3个子探测器阵列各自都有坐标系，并且模拟数据和实验数据坐标系初期也没有统一，涉及多个坐标系之间的转化。实验室里，大家反复模拟，终于完成了坐标设置。
当2023年年初看到宇宙线质子能谱的基本形状时，结果出人意料，虽然显示的是“膝”的结构，但“膝”区并非预想中的简单转折，而是“鼓了一个包”。这个“鼓包”意味着存在一类新的、能产生极高能量宇宙线的源头。接下来，就需要充分验证能谱误差，直至最终确定。
“拉索”观测的新结果与其他过往研究共同表明，银河系内存在多种类的加速源，每一类有各自独特的加速能力和能量范围，而“膝”正是产生高能组分的源的加速极限表现。
接下来，我们计划测量能量范围更为宽泛的质子能谱，最终覆盖4个量级的能量区间。展望“十五五”，团队将进一步深耕科学数据、推动技术升级，面向国际基础研究重大前沿问题，不断探索和解答宇宙线研究领域的科学问题。
（作者为中国科学院高能物理研究所副研究员，本报记者游仪采访整理）
■延伸阅读
“拉索”如何探测宇宙高能粒子信号
“拉索”是我国自主建设的大型宇宙线观测装置，位于四川稻城县海拔4410米的海子山上。作为目前全球最灵敏的超高能伽马射线探测装置，“拉索”能帮助人类“解码”来自宇宙深处的高能粒子信号，揭示极端天体活动的物理机制。
宇宙线是来自外太空的高能粒子流，携带着宇宙中天体演化的重要信息。然而，宇宙线能量越高，数量越稀少，探测难度极大。
2019年起，“拉索”采用“边建设、边运行”的模式，探测器阵列逐步分批投入科学运行。通过地面簇射粒子探测器阵列、水切伦科夫探测器阵列以及18台广角大气切伦科夫望远镜，实现了对超高能宇宙线及伽马射线的高精度、全天候观测。
（本报记者游仪整理）","# 用好“拉索”，揭示宇宙线起源之谜（奋进“十五五”·一线见闻）

> 尹丽巧《人民日报》（2026年01月05日第 04 版）

加强原始创新和关键核心技术攻关。

——摘自“十五五”规划建议

宇宙中充满高能粒子流，即宇宙线。这些来自宇宙深处的“信使”，携带了其诞生地和宇宙极端环境的神秘信息。其中，千万亿电子伏特（拍电子伏特）左右能区的宇宙线数量会断崖式下降，这个结构因为形似人的膝盖，被称为“膝”区。然而，“膝”区的宇宙线稀少，卫星探测器面积有限，探测如同大海捞针。“拉索”如同一双慧眼，能清晰地将质子从纷繁复杂的粒子中筛选出来并进行精确测量。

2025年11月16日，当“‘拉索’破解宇宙线‘膝’形成之谜”科学成果对全社会发布时，我悬着的心终于落了地。

高海拔宇宙线观测站（LHAASO，中文简称“拉索”）在四川稻城县海子山上建成后，我们便投入到了数据分析中。经过多年的观测运行、不断验证，我们终于发现，黑洞吸积驱动的微类星体是银河系中强大的粒子加速器，能够将质子加速至拍电子伏特能段；宇宙线质子能谱“膝”区显现超出预期的高能组分，黑洞正是其最可能的候选源天体。这一发现，不仅揭示了宇宙线起源的关键机制，也为理解黑洞系统的极端物理过程开辟了一条新途径。

一开始，我们对怎么开展研究也没有把握。“拉索”的3个子探测器阵列各自都有坐标系，并且模拟数据和实验数据坐标系初期也没有统一，涉及多个坐标系之间的转化。实验室里，大家反复模拟，终于完成了坐标设置。

当2023年年初看到宇宙线质子能谱的基本形状时，结果出人意料，虽然显示的是“膝”的结构，但“膝”区并非预想中的简单转折，而是“鼓了一个包”。这个“鼓包”意味着存在一类新的、能产生极高能量宇宙线的源头。接下来，就需要充分验证能谱误差，直至最终确定。

“拉索”观测的新结果与其他过往研究共同表明，银河系内存在多种类的加速源，每一类有各自独特的加速能力和能量范围，而“膝”正是产生高能组分的源的加速极限表现。

接下来，我们计划测量能量范围更为宽泛的质子能谱，最终覆盖4个量级的能量区间。展望“十五五”，团队将进一步深耕科学数据、推动技术升级，面向国际基础研究重大前沿问题，不断探索和解答宇宙线研究领域的科学问题。

（作者为中国科学院高能物理研究所副研究员，本报记者游仪采访整理）

**■延伸阅读**

**“拉索”如何探测宇宙高能粒子信号**

“拉索”是我国自主建设的大型宇宙线观测装置，位于四川稻城县海拔4410米的海子山上。作为目前全球最灵敏的超高能伽马射线探测装置，“拉索”能帮助人类“解码”来自宇宙深处的高能粒子信号，揭示极端天体活动的物理机制。

宇宙线是来自外太空的高能粒子流，携带着宇宙中天体演化的重要信息。然而，宇宙线能量越高，数量越稀少，探测难度极大。

2019年起，“拉索”采用“边建设、边运行”的模式，探测器阵列逐步分批投入科学运行。通过地面簇射粒子探测器阵列、水切伦科夫探测器阵列以及18台广角大气切伦科夫望远镜，实现了对超高能宇宙线及伽马射线的高精度、全天候观测。

（本报记者游仪整理）",尹丽巧,要闻,编组_20260314_0935_04,https://paper.people.com.cn/rmrb/pc/content/202601/05/content_30129315.html,2026-01-05,"['宇宙线', '拉索', '高能', '宇宙', '探测器', '质子', '阵列', '能谱', '粒子', '电子伏特']","加强原始创新和关键核心技术攻关。
——摘自“十五五”规划建议
宇宙中充满高能粒子流，即宇宙线。这些来自宇宙深处的“信使”，携带了其诞生地和宇宙极端环境的神秘信息。其中，千万亿电子伏特（拍电子伏特）左右能区的宇宙线数量会断崖式下降，这个结构因为形似人的膝盖，被称为“膝”区。然而，“膝”区的宇宙线稀少，卫星探测器面积有限，探测如同大海捞针。“拉索”如同一双慧眼，能清晰地将质子从纷繁复杂的粒子中筛选出来并进行精确测量。",社会,series_2c12df88,1.0,['开辟新径  破解难题（编辑手记）']
开辟新径  破解难题（编辑手记）,"宇宙线如何起源？超高能粒子的加速机制是怎样的？在宇宙探索中有太多谜题待解。
大型宇宙线观测装置“拉索”，正是人类探寻宇宙奥秘的慧眼。实际上，人类能够看到更辽阔的宇宙空间，观测到更细微的物质结构，都有赖于大型科学装置的建设。但在科学研究背后，也离不开科研工作者洞察科学问题的慧眼。面对庞大且复杂的观测数据，“拉索”团队数年如一日反复模拟、抽丝剥茧，破解宇宙线“膝”的形成之谜。
在科学研究中开辟新径、破解难题，既需要先进科学装置的助力，更需要科研人员敏锐的观察能力、缜密的科学思维以及高超的数据处理能力等。面向未来，期待在科研人员的洞察分析与科学装置的配合下，基础研究和原创性、引领性科技攻关能够取得更多突破，为实现高水平科技自立自强注入更强动力。","# 开辟新径  破解难题（编辑手记）

> 张智琪《人民日报》（2026年01月05日第 04 版）

宇宙线如何起源？超高能粒子的加速机制是怎样的？在宇宙探索中有太多谜题待解。

大型宇宙线观测装置“拉索”，正是人类探寻宇宙奥秘的慧眼。实际上，人类能够看到更辽阔的宇宙空间，观测到更细微的物质结构，都有赖于大型科学装置的建设。但在科学研究背后，也离不开科研工作者洞察科学问题的慧眼。面对庞大且复杂的观测数据，“拉索”团队数年如一日反复模拟、抽丝剥茧，破解宇宙线“膝”的形成之谜。

在科学研究中开辟新径、破解难题，既需要先进科学装置的助力，更需要科研人员敏锐的观察能力、缜密的科学思维以及高超的数据处理能力等。面向未来，期待在科研人员的洞察分析与科学装置的配合下，基础研究和原创性、引领性科技攻关能够取得更多突破，为实现高水平科技自立自强注入更强动力。",张智琪,要闻,编组_20260314_0935_04,https://paper.people.com.cn/rmrb/pc/content/202601/05/content_30129316.html,2026-01-05,"['宇宙线', '科学', '破解', '装置', '新径', '拉索', '观测', '慧眼', '科研人员', '洞察']","宇宙线如何起源？超高能粒子的加速机制是怎样的？在宇宙探索中有太多谜题待解。
大型宇宙线观测装置“拉索”，正是人类探寻宇宙奥秘的慧眼。实际上，人类能够看到更辽阔的宇宙空间，观测到更细微的物质结构，都有赖于大型科学装置的建设。但在科学研究背后，也离不开科研工作者洞察科学问题的慧眼。面对庞大且复杂的观测数据，“拉索”团队数年如一日反复模拟、抽丝剥茧，破解宇宙线“膝”的形成之谜。
在科学研究中开辟新径、破解难题，既需要先进科学装置的助力，更需要科研人员敏锐的观察能力、缜密的科学思维以及高超的数据处理能力等。面向未来，期待在科研人员的洞察分析与科学装置的配合下，基础研究和原创性、引领性科技攻关能够取得更多突破，为实现高水平科技自立自强注入更强动力。",文化,series_2c12df88,2.0,['用好“拉索”，揭示宇宙线起源之谜（奋进“十五五”·一线见闻）']
坚持内需主导，建设强大国内市场（稳中求进、提质增效 实现“十五五”良好开局）,"金沙江上游，叶巴滩水电站是我国在建海拔最高的双曲拱坝电站。柴更利摄（影像中国）
金沙江上游，叶巴滩水电站是我国在建海拔最高的双曲拱坝电站。
柴更利摄（影像中国）
位于江苏扬州市的江都高新技术产业开发区，工人在制造重工设备。任  飞摄（影像中国）
位于江苏扬州市的江都高新技术产业开发区，工人在制造重工设备。
任  飞摄（影像中国）
浙江杭州市临安区清凉峰镇大明山万松岭滑雪场迎来客流小高峰。胡建强摄（影像中国）
浙江杭州市临安区清凉峰镇大明山万松岭滑雪场迎来客流小高峰。
胡建强摄（影像中国）
数据来源：国家统计局等
数据来源：国家统计局等
中央经济工作会议着眼于确保“十五五”开好局、起好步，确定了2026年经济工作要抓好的8项重点任务，其中，“坚持内需主导，建设强大国内市场”排在首位。
“十四五”时期，我国持续发力扩大内需，着力畅通供需循环，取得显著成效。新的一年，“两新”政策“两重”项目优化实施，2026年第一批625亿元超长期特别国债支持消费品以旧换新资金计划、2026年提前批“两重”建设项目清单和中央预算内投资计划已下达。做好2026年经济工作，要加快构建完整内需体系，以新需求引领新供给、以新供给创造新需求，促进消费和投资、供给和需求良性互动，增强国内大循环内生动力和可靠性。
内需成为拉动经济增长的主动力和稳定锚
第二十七届哈尔滨冰雪大世界于2025年12月17日开园，迎接八方来客。从北方城市到各地，从冬季到四季，冰雪经济热度不断攀升，成为拉动消费、扩大内需的强劲引擎。美团旅行数据显示：2025年12月以来，“室外滑雪场”搜索量同比增长超3倍。
冰雪经济的火热，是一个缩影。我国坚持立足国内，依托国内大市场优势，政策精准发力，内需潜力更好释放。
消费品以旧换新等政策协同发力，市场持续平稳增长。
“趁着国补下单，节省1000多元。”不久前，上海浦东新区的汪女士订购了一台新款洗碗机。下单后，服务人员很快上门，不仅对橱柜进行了局部改造，把洗碗机嵌入橱柜，还解决了家电回收难题。“2025年前三季度，在以旧换新政策带动下，海尔旗下家电销量增长20%，其中家用空调增幅超过50%。”海尔智家有关负责人说。
2025年，消费品以旧换新政策发力显效，全年以旧换新相关商品销售额超2.6万亿元，惠及超3.6亿人次，支撑消费持续扩大。2025年1至11月，社会消费品零售总额同比增长4.0%，较上年同期加快0.5个百分点。
大规模设备更新政策效应持续显现，设备工器具购置投资较快增长。
近期，湖北宜昌市2025年度75艘老旧营运船舶报废更新工作收官，拨付补贴资金达2.2亿元。“2艘沥青船，共计800万元补贴款。”宜昌三通航运有限公司有关负责人杨悦说。湖北相关市州共申报2025年第一批老旧营运船舶报废更新项目14个，审批下达清单中涉及拆解船舶369艘，下达补贴6.09亿元。
2025年，设备购置投资持续发挥拉动作用：1至11月，设备工器具购置投资同比增长12.2%，拉动全部投资增长1.8个百分点；占全部投资的比重为17.4%。
“两重”建设持续推进，重点领域相关投资继续扩大。2025年1至11月，电力、热力生产和供应业投资同比增长12.5%，互联网和相关服务业、水上运输业投资同比分别增长20.7%和8.9%。
国家发展改革委宏观经济研究院研究员张林山认为，我国内需规模持续扩大、质量持续提升、国际影响力持续增强，内需对经济发展的支撑作用明显增强，成为拉动经济增长的主动力和稳定锚。
扩大内需仍有巨大潜力和空间
专家分析，今后一个时期，我国扩大内需虽面临一些制约因素和困难挑战，但总体上有利因素多于不利因素、机遇大于挑战。
消费升级蕴含巨大潜力——
江西芦溪县南坑镇新坪村，网络主播介绍刚捞起的鲜鱼，并发放优惠券。2025年，芦溪县联动电商平台，组织40余家农特企业、数字经济产业园商户参与“赣品网上行”等活动10场；1至10月，全县网络零售额54397.84万元。
张林山认为，数字技术、人工智能等不断催生新业态新模式新场景，沉浸式、体验式消费场景创新培育，直播经济、在线文娱蓬勃发展，巨大的消费潜力将持续释放。
有效投资空间仍然广阔——
天津飞旋科技股份有限公司，新产线机器轰鸣。“科技型企业研发投入大、周期长，资金周转是痛点。”公司财务负责人李东晖说，邮储银行天津分行投放的1000万元信用贷款，从对接调研到贷款落地，只用了15个工作日，“这笔资金已用于新技术研发和旧产线升级。”
贵州台江县苗苗酸汤食品有限公司，6组不锈钢发酵罐在灯光下格外耀眼。这家公司由中国农业科学院农产品加工研究所与锅圈食品合作投资建设，现代化生产线将酸汤发酵时间由3至6个月缩短到7天，而且全流程可控。
海南的一处中通快递网点，一件件包裹经激光扫描后，系统自动识别目的地信息，从传送带滑入对应格口。2025年8月，网点投资50多万元上线了这套自动化分拣系统，运营效率和处理能力提升明显。2025年，中通快递部署超690套自动化分拣设备。
我国经济正处在转变发展方式、优化经济结构、转换增长动力的攻关期。传统产业转型升级对设备更新、工艺焕新、数智化转型等投资需求很大；关键核心技术领域补短板，新兴产业、未来产业发展，也将形成源源不断的投资发展新动力。
坚定实施扩大内需战略
张林山认为，要准确把握国内市场发展规律，统筹稳就业、稳企业、稳市场、稳预期，进一步做强国内大循环，有效应对外部冲击挑战，推动经济平稳健康可持续发展。
建设强大国内市场，必须把大力提振消费摆在更加突出的位置。
午饭时间，云南宜良县鲜农园宜良烤鸭城，店员忙着分拣菜品、打包订单，美团骑手等待取单。即时零售等商业新模式的发展，带来便捷的购物体验。
消费是最终需求，也是经济增长的持久动力。既要立足当前，把扩大消费与因地制宜发展新质生产力结合起来，顺应消费升级趋势，扩大优质消费品和服务供给，取消消费领域不合理或“一刀切”限制措施，以新供给满足新需求、激发新动能；也要着眼长远，制定实施城乡居民增收计划，切实增强居民消费能力，完善社会保障体系，在保障和改善民生中扩大消费。
建设强大国内市场，要积极扩大有效投资。
渝湘复线高速公路全线贯通，张靖皋长江大桥南航道桥南主塔顺利封顶……我国交通固定资产投资持续高位运行，2025年预计超3.6万亿元。
支持城市地下管网、高标准农田、“三北”工程、有效降低全社会物流成本……2026年提前批“两重”建设项目，突出国家重大战略实施和重点领域安全能力建设性质要求。
支持城市更新、水利、生态保护修复……2026年提前批中央预算内投资计划，聚焦需要集中力量、持续投入、补短板调结构惠民生的公共领域，充分发挥政府投资引导带动作用。
“投资是当前的需求，也决定未来的供给。”国家发展改革委宏观经济研究院研究员杜月说，要保持合理政府投资力度，统筹用好各类政府投资资金，加强项目全过程管理，确保资金用在“刀刃”上；持续激发民间投资活力，深入实施促进民间投资发展的若干措施，完善民营企业参与重大项目建设长效机制，加强对民间投资项目的要素保障和融资支持，努力营造更加稳定、透明、可预期的制度环境。
我们要坚定实施扩大内需战略，坚持内需主导，建设强大国内市场，不断把我国超大规模市场优势转化为竞争优势和发展胜势，为以中国式现代化全面推进强国建设、民族复兴伟业打下坚实基础。","# 坚持内需主导，建设强大国内市场（稳中求进、提质增效 实现“十五五”良好开局）

## ——着力推进全年经济工作八大重点任务①

> 本报记者  王  珂  齐志明  韩  鑫《人民日报》（2026年01月05日第 05 版）

金沙江上游，叶巴滩水电站是我国在建海拔最高的双曲拱坝电站。　　柴更利摄（影像中国）

金沙江上游，叶巴滩水电站是我国在建海拔最高的双曲拱坝电站。

柴更利摄（影像中国）

位于江苏扬州市的江都高新技术产业开发区，工人在制造重工设备。　　任  飞摄（影像中国）

位于江苏扬州市的江都高新技术产业开发区，工人在制造重工设备。

任  飞摄（影像中国）

浙江杭州市临安区清凉峰镇大明山万松岭滑雪场迎来客流小高峰。　　胡建强摄（影像中国）

浙江杭州市临安区清凉峰镇大明山万松岭滑雪场迎来客流小高峰。

胡建强摄（影像中国）

数据来源：国家统计局等

数据来源：国家统计局等

中央经济工作会议着眼于确保“十五五”开好局、起好步，确定了2026年经济工作要抓好的8项重点任务，其中，“坚持内需主导，建设强大国内市场”排在首位。

“十四五”时期，我国持续发力扩大内需，着力畅通供需循环，取得显著成效。新的一年，“两新”政策“两重”项目优化实施，2026年第一批625亿元超长期特别国债支持消费品以旧换新资金计划、2026年提前批“两重”建设项目清单和中央预算内投资计划已下达。做好2026年经济工作，要加快构建完整内需体系，以新需求引领新供给、以新供给创造新需求，促进消费和投资、供给和需求良性互动，增强国内大循环内生动力和可靠性。

内需成为拉动经济增长的主动力和稳定锚

第二十七届哈尔滨冰雪大世界于2025年12月17日开园，迎接八方来客。从北方城市到各地，从冬季到四季，冰雪经济热度不断攀升，成为拉动消费、扩大内需的强劲引擎。美团旅行数据显示：2025年12月以来，“室外滑雪场”搜索量同比增长超3倍。

冰雪经济的火热，是一个缩影。我国坚持立足国内，依托国内大市场优势，政策精准发力，内需潜力更好释放。

消费品以旧换新等政策协同发力，市场持续平稳增长。

“趁着国补下单，节省1000多元。”不久前，上海浦东新区的汪女士订购了一台新款洗碗机。下单后，服务人员很快上门，不仅对橱柜进行了局部改造，把洗碗机嵌入橱柜，还解决了家电回收难题。“2025年前三季度，在以旧换新政策带动下，海尔旗下家电销量增长20%，其中家用空调增幅超过50%。”海尔智家有关负责人说。

2025年，消费品以旧换新政策发力显效，全年以旧换新相关商品销售额超2.6万亿元，惠及超3.6亿人次，支撑消费持续扩大。2025年1至11月，社会消费品零售总额同比增长4.0%，较上年同期加快0.5个百分点。

大规模设备更新政策效应持续显现，设备工器具购置投资较快增长。

近期，湖北宜昌市2025年度75艘老旧营运船舶报废更新工作收官，拨付补贴资金达2.2亿元。“2艘沥青船，共计800万元补贴款。”宜昌三通航运有限公司有关负责人杨悦说。湖北相关市州共申报2025年第一批老旧营运船舶报废更新项目14个，审批下达清单中涉及拆解船舶369艘，下达补贴6.09亿元。

2025年，设备购置投资持续发挥拉动作用：1至11月，设备工器具购置投资同比增长12.2%，拉动全部投资增长1.8个百分点；占全部投资的比重为17.4%。

“两重”建设持续推进，重点领域相关投资继续扩大。2025年1至11月，电力、热力生产和供应业投资同比增长12.5%，互联网和相关服务业、水上运输业投资同比分别增长20.7%和8.9%。

国家发展改革委宏观经济研究院研究员张林山认为，我国内需规模持续扩大、质量持续提升、国际影响力持续增强，内需对经济发展的支撑作用明显增强，成为拉动经济增长的主动力和稳定锚。

扩大内需仍有巨大潜力和空间

专家分析，今后一个时期，我国扩大内需虽面临一些制约因素和困难挑战，但总体上有利因素多于不利因素、机遇大于挑战。

消费升级蕴含巨大潜力——

江西芦溪县南坑镇新坪村，网络主播介绍刚捞起的鲜鱼，并发放优惠券。2025年，芦溪县联动电商平台，组织40余家农特企业、数字经济产业园商户参与“赣品网上行”等活动10场；1至10月，全县网络零售额54397.84万元。

张林山认为，数字技术、人工智能等不断催生新业态新模式新场景，沉浸式、体验式消费场景创新培育，直播经济、在线文娱蓬勃发展，巨大的消费潜力将持续释放。

有效投资空间仍然广阔——

天津飞旋科技股份有限公司，新产线机器轰鸣。“科技型企业研发投入大、周期长，资金周转是痛点。”公司财务负责人李东晖说，邮储银行天津分行投放的1000万元信用贷款，从对接调研到贷款落地，只用了15个工作日，“这笔资金已用于新技术研发和旧产线升级。”

贵州台江县苗苗酸汤食品有限公司，6组不锈钢发酵罐在灯光下格外耀眼。这家公司由中国农业科学院农产品加工研究所与锅圈食品合作投资建设，现代化生产线将酸汤发酵时间由3至6个月缩短到7天，而且全流程可控。

海南的一处中通快递网点，一件件包裹经激光扫描后，系统自动识别目的地信息，从传送带滑入对应格口。2025年8月，网点投资50多万元上线了这套自动化分拣系统，运营效率和处理能力提升明显。2025年，中通快递部署超690套自动化分拣设备。

我国经济正处在转变发展方式、优化经济结构、转换增长动力的攻关期。传统产业转型升级对设备更新、工艺焕新、数智化转型等投资需求很大；关键核心技术领域补短板，新兴产业、未来产业发展，也将形成源源不断的投资发展新动力。

坚定实施扩大内需战略

张林山认为，要准确把握国内市场发展规律，统筹稳就业、稳企业、稳市场、稳预期，进一步做强国内大循环，有效应对外部冲击挑战，推动经济平稳健康可持续发展。

建设强大国内市场，必须把大力提振消费摆在更加突出的位置。

午饭时间，云南宜良县鲜农园宜良烤鸭城，店员忙着分拣菜品、打包订单，美团骑手等待取单。即时零售等商业新模式的发展，带来便捷的购物体验。

消费是最终需求，也是经济增长的持久动力。既要立足当前，把扩大消费与因地制宜发展新质生产力结合起来，顺应消费升级趋势，扩大优质消费品和服务供给，取消消费领域不合理或“一刀切”限制措施，以新供给满足新需求、激发新动能；也要着眼长远，制定实施城乡居民增收计划，切实增强居民消费能力，完善社会保障体系，在保障和改善民生中扩大消费。

建设强大国内市场，要积极扩大有效投资。

渝湘复线高速公路全线贯通，张靖皋长江大桥南航道桥南主塔顺利封顶……我国交通固定资产投资持续高位运行，2025年预计超3.6万亿元。

支持城市地下管网、高标准农田、“三北”工程、有效降低全社会物流成本……2026年提前批“两重”建设项目，突出国家重大战略实施和重点领域安全能力建设性质要求。

支持城市更新、水利、生态保护修复……2026年提前批中央预算内投资计划，聚焦需要集中力量、持续投入、补短板调结构惠民生的公共领域，充分发挥政府投资引导带动作用。

“投资是当前的需求，也决定未来的供给。”国家发展改革委宏观经济研究院研究员杜月说，要保持合理政府投资力度，统筹用好各类政府投资资金，加强项目全过程管理，确保资金用在“刀刃”上；持续激发民间投资活力，深入实施促进民间投资发展的若干措施，完善民营企业参与重大项目建设长效机制，加强对民间投资项目的要素保障和融资支持，努力营造更加稳定、透明、可预期的制度环境。

我们要坚定实施扩大内需战略，坚持内需主导，建设强大国内市场，不断把我国超大规模市场优势转化为竞争优势和发展胜势，为以中国式现代化全面推进强国建设、民族复兴伟业打下坚实基础。",王  珂  齐志明  韩  鑫,特别报道,编组_20260314_0936_05,https://paper.people.com.cn/rmrb/pc/content/202601/05/content_30129319.html,2026-01-05,"['2025', '投资', '2026', '持续', '消费', '内需', '增长', '影像', '经济', '建设']","金沙江上游，叶巴滩水电站是我国在建海拔最高的双曲拱坝电站。柴更利摄（影像中国）
金沙江上游，叶巴滩水电站是我国在建海拔最高的双曲拱坝电站。
柴更利摄（影像中国）",政治,series_8c24acf8,1.0,['潜力足  举措实  动能新（编辑手记）']
潜力足  举措实  动能新（编辑手记）,"高山雪场满是游客，商业街区人来人往，新型基础设施加紧建设……活力涌动的内需市场，正成为中国经济高质量发展的强劲引擎。
内需，我国经济发展的基本动力；强大国内市场，中国式现代化的战略依托。中央经济工作会议将“坚持内需主导，建设强大国内市场”，确定为2026年经济工作8项重点任务之首。
建设强大国内市场，我们潜力足。完备的工业体系筑牢供给根基，14亿多人口和全球最大规模中等收入群体培育需求沃土，科技创新、产业升级、民生改善等领域投资空间广阔。
建设强大国内市场，我们举措实。以旧换新政策发力显效，拉动家电、新能源汽车等产品销售；设备更新助力产业升级，引导企业向绿向新向智；“两重”建设扎实推进，超长期特别国债项目利民生惠长远。
建设强大国内市场，我们动能新。提振消费专项行动深入实施，即时零售、直播电商等新亮点不断涌现；新业态新模式拔节生长，绿色消费、服务消费成为新的增长点；投资向新向优发力，新技术新场景加速落地。
“十五五”开局之年，牢牢把握扩大内需战略基点，坚持消费与投资双轮驱动、供给与需求双向发力、投资于物与投资于人紧密结合，一个更强大的国内市场，将为中国经济发展注入澎湃动力。","# 潜力足  举措实  动能新（编辑手记）

> 郭雪岩《人民日报》（2026年01月05日第 05 版）

高山雪场满是游客，商业街区人来人往，新型基础设施加紧建设……活力涌动的内需市场，正成为中国经济高质量发展的强劲引擎。

内需，我国经济发展的基本动力；强大国内市场，中国式现代化的战略依托。中央经济工作会议将“坚持内需主导，建设强大国内市场”，确定为2026年经济工作8项重点任务之首。

建设强大国内市场，我们潜力足。完备的工业体系筑牢供给根基，14亿多人口和全球最大规模中等收入群体培育需求沃土，科技创新、产业升级、民生改善等领域投资空间广阔。

建设强大国内市场，我们举措实。以旧换新政策发力显效，拉动家电、新能源汽车等产品销售；设备更新助力产业升级，引导企业向绿向新向智；“两重”建设扎实推进，超长期特别国债项目利民生惠长远。

建设强大国内市场，我们动能新。提振消费专项行动深入实施，即时零售、直播电商等新亮点不断涌现；新业态新模式拔节生长，绿色消费、服务消费成为新的增长点；投资向新向优发力，新技术新场景加速落地。

“十五五”开局之年，牢牢把握扩大内需战略基点，坚持消费与投资双轮驱动、供给与需求双向发力、投资于物与投资于人紧密结合，一个更强大的国内市场，将为中国经济发展注入澎湃动力。",郭雪岩,特别报道,编组_20260314_0936_05,https://paper.people.com.cn/rmrb/pc/content/202601/05/content_30129320.html,2026-01-05,"['强大', '建设', '国内', '发力', '市场', '消费', '内需', '投资', '经济', '动能']","高山雪场满是游客，商业街区人来人往，新型基础设施加紧建设……活力涌动的内需市场，正成为中国经济高质量发展的强劲引擎。
内需，我国经济发展的基本动力；强大国内市场，中国式现代化的战略依托。中央经济工作会议将“坚持内需主导，建设强大国内市场”，确定为2026年经济工作8项重点任务之首。
建设强大国内市场，我们潜力足。完备的工业体系筑牢供给根基，14亿多人口和全球最大规模中等收入群体培育需求沃土，科技创新、产业升级、民生改善等领域投资空间广阔。",政治,series_8c24acf8,2.0,['坚持内需主导，建设强大国内市场（稳中求进、提质增效 实现“十五五”良好开局）']
感悟发展的未来感（评论员观察）,"目标感十足的坚定与战略感十足的节奏，持续强化着人们锚定未来发展的信心，也为不确定的世界注入了强大确定性和正能量
把远大目标和务实工作结合起来，既有老黄牛的品格，又有千里马的气势，我们不仅能勇立时代潮头、更能站在创造未来的源头
生活的细节里，往往藏着发展的逻辑。
陪家里老人看病。医生开出检查单，一项特殊检查的千余元费用，让她顿感一惊。缴费时，因之前做了异地就医备案，医保直接结算、个人账户支付后，自己需缴费用并不算多。看着账单的老人，心忧变欣喜。她连连感慨，“没想到”“政策好”。
好政策带来获得感，这是实实在在的民生温度。惠民政策，之所以落地见效、利民有感，也得益于科技赋能。依托信息技术，医保、医疗、医药数据资源被有效整合，就医看病从“卡时代”迈向“码时代”。技术红利，让“想都不敢想的生活”变为“触手可及的日常”。政策托举生活，科技改变生活，幸福感十足。
中国的发展，是值得“惊叹”的。不久前，一位美国记者在体验换电机器人、自动驾驶送货卡车、无人机送餐后，认为“既充满未来感又有些不可思议”。这种被称为“未来愿景下的生活”，为什么出现在中国？中国的发展，为什么充满了未来感？
托举未来，才能看到未来。有人说，预测未来的最好方式就是创造它。中国用实际行动、务实作为、有效成果，生动诠释了这个道理。
打开发展画卷，科技之光是亮色。城市之间，高铁时速达350公里；移动支付遍及大江南北，扫码交易安全便捷；无人机配送、无人驾驶汽车、智慧城市建设，从概念变为现实；5G信号覆盖乡村，数字快车“开”到田间，农副特产通过直播间行销全国。技术不是孤立的存在，而是形成高效协同的生态系统，编织出活力迸发的现代化图景。
擘画未来，才能透视未来。目光有多远，行动有多实，未来才会有多美。不少人将中国视为规划力、执行力超强的国家。前瞻中充满治理智慧，实干中积蓄前行力量。
国强民富，一直是发展规划的追求。智能制造、生物医药、节能环保、消费升级、电商经济……从“十五五”规划建议中，企业家收获机遇清单，普通人看到生活福祉。数十年来，每份规划都精准聚焦国家战略、企业机会与民生关切。正如树苗因园丁精心培育而茁壮成长，中国发展也在科学规划指引下稳步前行，无论投资决策还是个人成长，都能于蓝图中找到坐标。
中国的发展日新月异，世界与之同频。有外国友人说，提前至少5年将政府施政重点、目标任务和实现路径向全社会、全世界公布，几十年坚持这么做的国家，全世界只有中国。读懂中国，就会看好中国。目标感十足的坚定与战略感十足的节奏，持续强化着人们锚定未来发展的信心，也为不确定的世界注入了强大确定性和正能量。
赓续传统，才能涵养未来。中国式现代化，是在五千多年文明的地基上建造摩天大楼。没有断裂式的“推倒重来”，而是“温故而知新”的推陈出新，这让现代化之路更具文明质感。
其实，我们不仅创造未来，更在定义什么样的未来值得追求。今天的美丽中国、数字中国建设，是在“天人合一”“经世致用”等传统哲学观照下的创新实践。汉服与赛博朋克元素融合引领风潮，以区块链技术保护非遗版权，用元宇宙复原“万园之园”圆明园……把发展深植于中华文化之中，传统回响与时代脉动交织成的精神气象，是从历史深处走来、向光明未来奔去的文明自觉。
中国共产党人有这样一种风范，“过去、现在、未来全部规划好、思虑到。”未来的中国，不只是“中国的未来”，更是“中国给世界的未来”。新征程上，把远大目标和务实工作结合起来，既有老黄牛的品格，又有千里马的气势，我们不仅能勇立时代潮头、更能站在创造未来的源头。","# 感悟发展的未来感（评论员观察）

> 李洪兴《人民日报》（2026年01月05日第 06 版）

目标感十足的坚定与战略感十足的节奏，持续强化着人们锚定未来发展的信心，也为不确定的世界注入了强大确定性和正能量

把远大目标和务实工作结合起来，既有老黄牛的品格，又有千里马的气势，我们不仅能勇立时代潮头、更能站在创造未来的源头

生活的细节里，往往藏着发展的逻辑。

陪家里老人看病。医生开出检查单，一项特殊检查的千余元费用，让她顿感一惊。缴费时，因之前做了异地就医备案，医保直接结算、个人账户支付后，自己需缴费用并不算多。看着账单的老人，心忧变欣喜。她连连感慨，“没想到”“政策好”。

好政策带来获得感，这是实实在在的民生温度。惠民政策，之所以落地见效、利民有感，也得益于科技赋能。依托信息技术，医保、医疗、医药数据资源被有效整合，就医看病从“卡时代”迈向“码时代”。技术红利，让“想都不敢想的生活”变为“触手可及的日常”。政策托举生活，科技改变生活，幸福感十足。

中国的发展，是值得“惊叹”的。不久前，一位美国记者在体验换电机器人、自动驾驶送货卡车、无人机送餐后，认为“既充满未来感又有些不可思议”。这种被称为“未来愿景下的生活”，为什么出现在中国？中国的发展，为什么充满了未来感？

托举未来，才能看到未来。有人说，预测未来的最好方式就是创造它。中国用实际行动、务实作为、有效成果，生动诠释了这个道理。

打开发展画卷，科技之光是亮色。城市之间，高铁时速达350公里；移动支付遍及大江南北，扫码交易安全便捷；无人机配送、无人驾驶汽车、智慧城市建设，从概念变为现实；5G信号覆盖乡村，数字快车“开”到田间，农副特产通过直播间行销全国。技术不是孤立的存在，而是形成高效协同的生态系统，编织出活力迸发的现代化图景。

擘画未来，才能透视未来。目光有多远，行动有多实，未来才会有多美。不少人将中国视为规划力、执行力超强的国家。前瞻中充满治理智慧，实干中积蓄前行力量。

国强民富，一直是发展规划的追求。智能制造、生物医药、节能环保、消费升级、电商经济……从“十五五”规划建议中，企业家收获机遇清单，普通人看到生活福祉。数十年来，每份规划都精准聚焦国家战略、企业机会与民生关切。正如树苗因园丁精心培育而茁壮成长，中国发展也在科学规划指引下稳步前行，无论投资决策还是个人成长，都能于蓝图中找到坐标。

中国的发展日新月异，世界与之同频。有外国友人说，提前至少5年将政府施政重点、目标任务和实现路径向全社会、全世界公布，几十年坚持这么做的国家，全世界只有中国。读懂中国，就会看好中国。目标感十足的坚定与战略感十足的节奏，持续强化着人们锚定未来发展的信心，也为不确定的世界注入了强大确定性和正能量。

赓续传统，才能涵养未来。中国式现代化，是在五千多年文明的地基上建造摩天大楼。没有断裂式的“推倒重来”，而是“温故而知新”的推陈出新，这让现代化之路更具文明质感。

其实，我们不仅创造未来，更在定义什么样的未来值得追求。今天的美丽中国、数字中国建设，是在“天人合一”“经世致用”等传统哲学观照下的创新实践。汉服与赛博朋克元素融合引领风潮，以区块链技术保护非遗版权，用元宇宙复原“万园之园”圆明园……把发展深植于中华文化之中，传统回响与时代脉动交织成的精神气象，是从历史深处走来、向光明未来奔去的文明自觉。

中国共产党人有这样一种风范，“过去、现在、未来全部规划好、思虑到。”未来的中国，不只是“中国的未来”，更是“中国给世界的未来”。新征程上，把远大目标和务实工作结合起来，既有老黄牛的品格，又有千里马的气势，我们不仅能勇立时代潮头、更能站在创造未来的源头。",李洪兴,评论,,https://paper.people.com.cn/rmrb/pc/content/202601/05/content_30129325.html,2026-01-05,"['未来', '中国', '十足', '发展', '规划', '生活', '时代', '务实', '远大目标', '老黄牛']","目标感十足的坚定与战略感十足的节奏，持续强化着人们锚定未来发展的信心，也为不确定的世界注入了强大确定性和正能量
把远大目标和务实工作结合起来，既有老黄牛的品格，又有千里马的气势，我们不仅能勇立时代潮头、更能站在创造未来的源头
生活的细节里，往往藏着发展的逻辑。",政治,,,[]
筑牢有效辩护的程序防线（人民时评）,"在一环扣一环的司法实践中，程序被恪守、道理被辨明、权利被尊重，人们对司法的信任将不断提升，对法治的信仰将更加坚定
维护当事人合法权益，依法保障律师执业权利是重要前提。从知情、会见，到阅卷、调查取证、发表辩护意见，任何一个环节保障若有缺失，控辩平等原则就难以落实，司法公正也会受到影响。
为了进一步改善律师执业环境，前不久，最高人民检察院与司法部联合印发《依法保障律师阅卷权利工作规定》，推动构建现场阅卷、异地阅卷、线上阅卷的全场景保障机制。充分保障阅卷权，有助于提升辩护质量，构建更加均衡的诉辩关系，更好筑牢公平正义的程序防线。
保障律师阅卷权，绝非简单的执业便利问题，而是关乎当事人能否获得有效辩护的重要环节。阅卷权作为辩护权的重要内容之一，是有效辩护的基石。唯有全面查阅、梳理案卷，律师才能精准核查事实、掌握案件全貌，找准辩护切入点，为当事人提供有力的法律帮助。
让律师全面掌握案卷材料，对于减少冤假错案、守护司法公信力，是一道不可或缺的重要防线。司法审判中，许多关乎案件性质的关键问题，都需要经过专业审视。比如，证据链条是否牢固，办案程序是否规范，取证手段是否合法。对这些问题的审视越严格越规范，事实的准确认定和法律的正确适用就越有保障。
努力让人民群众在每一个司法案件中感受到公平正义，不仅体现在最终的裁判结果上，更体现在案件办理的全部流程中。每一页得到充分质证的卷宗、每一次依法依规的问询、每一轮客观细致的查勘、每一场有理有据的法庭辩护，都是对公平正义的促进。在一环扣一环的司法实践中，程序被恪守、道理被辨明、权利被尊重，人们对司法的信任将不断提升，对法治的信仰将更加坚定。
近年来，从推进刑事案件律师辩护全覆盖，到最高法首次设立律师工作联络专门机构，再到此次《规定》出台，执业权利保障机制的不断完善，目标正是更好发挥律师群体的作用，以有效辩护助力保障每一个案件的公平审理。
制度的生命在于严格执行，也在于与时俱进。在数字化时代，推广异地阅卷与线上阅卷，是以技术赋能权利保障的生动实践，更是司法工作顺应时代发展的内在要求。这不仅能提高律师的工作效率，也有助于降低当事人的经济负担。
在提供多元便捷渠道之外，当律师行使阅卷权等权利受阻时，提供响应及时、处理公正、反馈顺畅的救济，同样重要。除了开展专项监督、案件回访等行之有效的活动，司法行政机关、律师协会等应协同建立快速联动处置机制，以严格问责来排除对律师执业权利的干预。加快制定配套细则，打通制度衔接的堵点，营造更加健康有序的律师执业环境，必能推动法律职业共同体同向而行、同频共振，凝聚起维护司法公正的磅礴合力。
公平、公正是法治的生命线，也是人民群众感知法治建设的一把尺子。畅通权利行使的渠道，筑牢权利救济的堤坝，让律师底气十足地履行职责，让当事人的合法权益得到专业辩护，让每一起案件都彰显公平正义，法治中国的根基必将坚如磐石。","# 筑牢有效辩护的程序防线（人民时评）

> 倪  弋《人民日报》（2026年01月05日第 06 版）

在一环扣一环的司法实践中，程序被恪守、道理被辨明、权利被尊重，人们对司法的信任将不断提升，对法治的信仰将更加坚定

维护当事人合法权益，依法保障律师执业权利是重要前提。从知情、会见，到阅卷、调查取证、发表辩护意见，任何一个环节保障若有缺失，控辩平等原则就难以落实，司法公正也会受到影响。

为了进一步改善律师执业环境，前不久，最高人民检察院与司法部联合印发《依法保障律师阅卷权利工作规定》，推动构建现场阅卷、异地阅卷、线上阅卷的全场景保障机制。充分保障阅卷权，有助于提升辩护质量，构建更加均衡的诉辩关系，更好筑牢公平正义的程序防线。

保障律师阅卷权，绝非简单的执业便利问题，而是关乎当事人能否获得有效辩护的重要环节。阅卷权作为辩护权的重要内容之一，是有效辩护的基石。唯有全面查阅、梳理案卷，律师才能精准核查事实、掌握案件全貌，找准辩护切入点，为当事人提供有力的法律帮助。

让律师全面掌握案卷材料，对于减少冤假错案、守护司法公信力，是一道不可或缺的重要防线。司法审判中，许多关乎案件性质的关键问题，都需要经过专业审视。比如，证据链条是否牢固，办案程序是否规范，取证手段是否合法。对这些问题的审视越严格越规范，事实的准确认定和法律的正确适用就越有保障。

努力让人民群众在每一个司法案件中感受到公平正义，不仅体现在最终的裁判结果上，更体现在案件办理的全部流程中。每一页得到充分质证的卷宗、每一次依法依规的问询、每一轮客观细致的查勘、每一场有理有据的法庭辩护，都是对公平正义的促进。在一环扣一环的司法实践中，程序被恪守、道理被辨明、权利被尊重，人们对司法的信任将不断提升，对法治的信仰将更加坚定。

近年来，从推进刑事案件律师辩护全覆盖，到最高法首次设立律师工作联络专门机构，再到此次《规定》出台，执业权利保障机制的不断完善，目标正是更好发挥律师群体的作用，以有效辩护助力保障每一个案件的公平审理。

制度的生命在于严格执行，也在于与时俱进。在数字化时代，推广异地阅卷与线上阅卷，是以技术赋能权利保障的生动实践，更是司法工作顺应时代发展的内在要求。这不仅能提高律师的工作效率，也有助于降低当事人的经济负担。

在提供多元便捷渠道之外，当律师行使阅卷权等权利受阻时，提供响应及时、处理公正、反馈顺畅的救济，同样重要。除了开展专项监督、案件回访等行之有效的活动，司法行政机关、律师协会等应协同建立快速联动处置机制，以严格问责来排除对律师执业权利的干预。加快制定配套细则，打通制度衔接的堵点，营造更加健康有序的律师执业环境，必能推动法律职业共同体同向而行、同频共振，凝聚起维护司法公正的磅礴合力。

公平、公正是法治的生命线，也是人民群众感知法治建设的一把尺子。畅通权利行使的渠道，筑牢权利救济的堤坝，让律师底气十足地履行职责，让当事人的合法权益得到专业辩护，让每一起案件都彰显公平正义，法治中国的根基必将坚如磐石。",倪  弋,评论,,https://paper.people.com.cn/rmrb/pc/content/202601/05/content_30129326.html,2026-01-05,"['阅卷', '律师', '辩护', '司法', '权利', '执业', '保障', '案件', '法治', '公平正义']","在一环扣一环的司法实践中，程序被恪守、道理被辨明、权利被尊重，人们对司法的信任将不断提升，对法治的信仰将更加坚定
维护当事人合法权益，依法保障律师执业权利是重要前提。从知情、会见，到阅卷、调查取证、发表辩护意见，任何一个环节保障若有缺失，控辩平等原则就难以落实，司法公正也会受到影响。
为了进一步改善律师执业环境，前不久，最高人民检察院与司法部联合印发《依法保障律师阅卷权利工作规定》，推动构建现场阅卷、异地阅卷、线上阅卷的全场景保障机制。充分保障阅卷权，有助于提升辩护质量，构建更加均衡的诉辩关系，更好筑牢公平正义的程序防线。",经济,,,[]
让向善的涟漪扩散得更远（暖闻热评）,"【事件】前不久，福建师范大学旗山校区旁的小吃街煎饼摊摊主张建武，因确诊癌症向社会发起求助。听闻此消息后，同一条小吃街上的“竞争对手”纷纷伸出援手，有的摊主将收款码更换成张建武的；有的举行义卖，捐出营业额。学生们在爱心摊位前排起了长队，献出自己的一份力量，有的还悄悄多付金额传递心意。这场自发的爱心接力，以朴素的方式，让寒冬里的小吃街温情满溢。
【点评】
从摊主们共献爱心，到学生们奔走支持，再到医院主动协调会诊、民政部门启动跨市救助机制，个体善举与制度保障在此刻同频共振。“福州是座温暖的城，我曾被别人撑起过伞，现在也想为别人挡挡雨。”因妻子重病获全城相助的“锅盔叔叔”胡伟光，道出了这场善意传递的驱动力。在这次爱心接力中，胡伟光第一时间贡献了一份心意。这些行动，如同冬日里的暖阳，为“煎饼叔叔”一家解了燃眉之急，勾勒出一座城市的文明底色。
平凡人之间的守望相助，不亚于一剂治愈“良方”。今天，类似的善意接力，在我们身边时常上演：在浙江杭州，慈善商店融入社区肌理，通过公益积分、旧物循环义卖、残健融合全纳就业等方式助残助困；在辽宁铁岭，村民于艳龙寒冬中两度破冰入水，救援几名掉入冰窟的少年；河北邯郸一家面馆贴出爱心标语，让遇到困难的人群“吃完直接走就好”……这些发生在身边的互助行为，共同构成一幅幅“人人为我，我为人人”的生动图景，映照出中华民族“邻里相扶、患难与共”的道德传统。
这份传统，在今天正与日益完善的社会保障体系相融合，凝聚成更坚实、更可持续的温暖力量。从国家层面推动的大病保险、医疗救助制度，到各地探索建立的“困难群众动态监测”与“先行救助”机制；从覆盖城乡的社区互助服务网络，到“互联网+公益”平台推动的微公益、指尖捐赠，制度之善与人性之光正在交织互补。政策为民生托底，社会善意则为生活增添温度，两者形成合力，不仅帮更多人抵御风险，更抚慰人心。
当然，我们也要清醒地认识到，个体的命运不应仅寄托于自发的爱心接力。因此，在颂扬民间善举的同时，更需持续推动社会保障网织得更密、扎得更牢。这既包括进一步扩大医疗、重疾等保险的覆盖范围与保障水平，也需要探索设立面向灵活就业人员的互助保障机制，社区性、行业性的公益互助项目也可提供有益补充。不断完善制度化、常态化保障，让涓涓善意汇聚成河，就能形成促进社会和谐、推动社会进步的力量。
煎饼摊前的人潮或许会随时间散去，但它所激荡起的向善涟漪却影响深远。当个体善举、社会共济与制度保障形成持久合力，我们便能构筑这样一个社会：风雨来袭时，每个人都能有所依靠；寻常烟火中，人与人之间始终温暖相守。这样的社会，离不开社会文明土壤的培育，离不开你我每一次伸出的援手。在奉献、友爱、互助、进步中，每个人都将走得更稳更远。","# 让向善的涟漪扩散得更远（暖闻热评）

> 刘晓宇《人民日报》（2026年01月05日第 06 版）

【事件】前不久，福建师范大学旗山校区旁的小吃街煎饼摊摊主张建武，因确诊癌症向社会发起求助。听闻此消息后，同一条小吃街上的“竞争对手”纷纷伸出援手，有的摊主将收款码更换成张建武的；有的举行义卖，捐出营业额。学生们在爱心摊位前排起了长队，献出自己的一份力量，有的还悄悄多付金额传递心意。这场自发的爱心接力，以朴素的方式，让寒冬里的小吃街温情满溢。

【点评】

从摊主们共献爱心，到学生们奔走支持，再到医院主动协调会诊、民政部门启动跨市救助机制，个体善举与制度保障在此刻同频共振。“福州是座温暖的城，我曾被别人撑起过伞，现在也想为别人挡挡雨。”因妻子重病获全城相助的“锅盔叔叔”胡伟光，道出了这场善意传递的驱动力。在这次爱心接力中，胡伟光第一时间贡献了一份心意。这些行动，如同冬日里的暖阳，为“煎饼叔叔”一家解了燃眉之急，勾勒出一座城市的文明底色。

平凡人之间的守望相助，不亚于一剂治愈“良方”。今天，类似的善意接力，在我们身边时常上演：在浙江杭州，慈善商店融入社区肌理，通过公益积分、旧物循环义卖、残健融合全纳就业等方式助残助困；在辽宁铁岭，村民于艳龙寒冬中两度破冰入水，救援几名掉入冰窟的少年；河北邯郸一家面馆贴出爱心标语，让遇到困难的人群“吃完直接走就好”……这些发生在身边的互助行为，共同构成一幅幅“人人为我，我为人人”的生动图景，映照出中华民族“邻里相扶、患难与共”的道德传统。

这份传统，在今天正与日益完善的社会保障体系相融合，凝聚成更坚实、更可持续的温暖力量。从国家层面推动的大病保险、医疗救助制度，到各地探索建立的“困难群众动态监测”与“先行救助”机制；从覆盖城乡的社区互助服务网络，到“互联网+公益”平台推动的微公益、指尖捐赠，制度之善与人性之光正在交织互补。政策为民生托底，社会善意则为生活增添温度，两者形成合力，不仅帮更多人抵御风险，更抚慰人心。

当然，我们也要清醒地认识到，个体的命运不应仅寄托于自发的爱心接力。因此，在颂扬民间善举的同时，更需持续推动社会保障网织得更密、扎得更牢。这既包括进一步扩大医疗、重疾等保险的覆盖范围与保障水平，也需要探索设立面向灵活就业人员的互助保障机制，社区性、行业性的公益互助项目也可提供有益补充。不断完善制度化、常态化保障，让涓涓善意汇聚成河，就能形成促进社会和谐、推动社会进步的力量。

煎饼摊前的人潮或许会随时间散去，但它所激荡起的向善涟漪却影响深远。当个体善举、社会共济与制度保障形成持久合力，我们便能构筑这样一个社会：风雨来袭时，每个人都能有所依靠；寻常烟火中，人与人之间始终温暖相守。这样的社会，离不开社会文明土壤的培育，离不开你我每一次伸出的援手。在奉献、友爱、互助、进步中，每个人都将走得更稳更远。",刘晓宇,评论,,https://paper.people.com.cn/rmrb/pc/content/202601/05/content_30129327.html,2026-01-05,"['互助', '爱心', '接力', '善意', '社会', '公益', '善举', '煎饼', '小吃街', '保障']","【事件】前不久，福建师范大学旗山校区旁的小吃街煎饼摊摊主张建武，因确诊癌症向社会发起求助。听闻此消息后，同一条小吃街上的“竞争对手”纷纷伸出援手，有的摊主将收款码更换成张建武的；有的举行义卖，捐出营业额。学生们在爱心摊位前排起了长队，献出自己的一份力量，有的还悄悄多付金额传递心意。这场自发的爱心接力，以朴素的方式，让寒冬里的小吃街温情满溢。
【点评】
从摊主们共献爱心，到学生们奔走支持，再到医院主动协调会诊、民政部门启动跨市救助机制，个体善举与制度保障在此刻同频共振。“福州是座温暖的城，我曾被别人撑起过伞，现在也想为别人挡挡雨。”因妻子重病获全城相助的“锅盔叔叔”胡伟光，道出了这场善意传递的驱动力。在这次爱心接力中，胡伟光第一时间贡献了一份心意。这些行动，如同冬日里的暖阳，为“煎饼叔叔”一家解了燃眉之急，勾勒出一座城市的文明底色。",政治,,,[]
如果奇迹有“算法”（纵横）,"回看过去这一年，百年变局加速演进，世界变乱交织。面对风高浪急甚至惊涛骇浪的重大考验，中国在风险挑战中“深度求索”，在极限压力下韧性生长，为长远发展奠定了坚实的基础。
这一年，中国有很多让世界“想不到”。
想不到，中国经济在顶压前行中向新向优发展，新质生产力加速成长，创新指数排名首次跻身全球前十。想不到，中国开放的大门越开越大，海南自贸港全岛封关运作。想不到，中国进入“创新爆发期”，一系列上天、入地、下海的大国重器竞相涌现……
看似意料之外，实则情理之中。中国为什么能？核心“算法”就在于，以长期主义做难而正确的事。唯其难，无法一蹴而就，需要坚持长期主义；唯其正确，不得不做，需要奉行长期主义。
把时间轴拉长，更能读懂其中的意味。1949年，新中国诞生于一片堪称“废墟”的家底之上。在绝境中重生，并一路逆袭，中国不断创造奇迹的一个秘诀就是坚持长期主义。
今日之中国，亦是长期主义者发展的沃土。
华为每年将20%至30%的研发费用用于基础科学研究，正是这种长期投入，企业扛住多次制裁、熬过数个“寒冬”。杭州以“包容十年不鸣，静待一鸣惊人”的长久耐心培养“数千条锦鲤”，“六小龙”脱颖而出。
再看文化领域，不管是《流浪地球》，还是《黑神话：悟空》，抑或是《哪吒之魔童闹海》，都反复证明“慢工出细活”这句老话并不过时。
以长期主义做难而正确的事，需要一往无前，哪怕“乱花渐欲迷人眼”，依然相信自己在“最优路线”；哪怕感到“很难熬下去”，依然日复一日、年复一年“咬牙扛”；哪怕踏上充满风险的“无人区”，依然敢闯敢试为后来者立路标。
诚然，在算法精准推送的当下，我们正身处信息奔涌、瞬息万变的“快时代”，生活仿佛被上紧了发条，短平快的节奏带动着脚步，即时满足的期待牵扯着神经，不少人追求立竿见影的成效，渴望一招制胜、一役功成。但时间既是一条流逝的河，更是一片沉淀的海。如果奇迹有“算法”，它的代码里一定写满了“难而正确”的词条，而运行环境则是“长期主义”。
2026已来，让我们找准适合自己的“算法”，以恒心致恒进，继续奔跑、努力攀登！
（摘编自《浙江日报》）","# 如果奇迹有“算法”（纵横）

> 陈培浩《人民日报》（2026年01月05日第 06 版）

回看过去这一年，百年变局加速演进，世界变乱交织。面对风高浪急甚至惊涛骇浪的重大考验，中国在风险挑战中“深度求索”，在极限压力下韧性生长，为长远发展奠定了坚实的基础。

这一年，中国有很多让世界“想不到”。

想不到，中国经济在顶压前行中向新向优发展，新质生产力加速成长，创新指数排名首次跻身全球前十。想不到，中国开放的大门越开越大，海南自贸港全岛封关运作。想不到，中国进入“创新爆发期”，一系列上天、入地、下海的大国重器竞相涌现……

看似意料之外，实则情理之中。中国为什么能？核心“算法”就在于，以长期主义做难而正确的事。唯其难，无法一蹴而就，需要坚持长期主义；唯其正确，不得不做，需要奉行长期主义。

把时间轴拉长，更能读懂其中的意味。1949年，新中国诞生于一片堪称“废墟”的家底之上。在绝境中重生，并一路逆袭，中国不断创造奇迹的一个秘诀就是坚持长期主义。

今日之中国，亦是长期主义者发展的沃土。

华为每年将20%至30%的研发费用用于基础科学研究，正是这种长期投入，企业扛住多次制裁、熬过数个“寒冬”。杭州以“包容十年不鸣，静待一鸣惊人”的长久耐心培养“数千条锦鲤”，“六小龙”脱颖而出。

再看文化领域，不管是《流浪地球》，还是《黑神话：悟空》，抑或是《哪吒之魔童闹海》，都反复证明“慢工出细活”这句老话并不过时。

以长期主义做难而正确的事，需要一往无前，哪怕“乱花渐欲迷人眼”，依然相信自己在“最优路线”；哪怕感到“很难熬下去”，依然日复一日、年复一年“咬牙扛”；哪怕踏上充满风险的“无人区”，依然敢闯敢试为后来者立路标。

诚然，在算法精准推送的当下，我们正身处信息奔涌、瞬息万变的“快时代”，生活仿佛被上紧了发条，短平快的节奏带动着脚步，即时满足的期待牵扯着神经，不少人追求立竿见影的成效，渴望一招制胜、一役功成。但时间既是一条流逝的河，更是一片沉淀的海。如果奇迹有“算法”，它的代码里一定写满了“难而正确”的词条，而运行环境则是“长期主义”。

2026已来，让我们找准适合自己的“算法”，以恒心致恒进，继续奔跑、努力攀登！

（摘编自《浙江日报》）",陈培浩,评论,,https://paper.people.com.cn/rmrb/pc/content/202601/05/content_30129329.html,2026-01-05,"['算法', '主义', '长期', '想不到', '中国', '正确', '做难', '奇迹', '唯其', '哪怕']","回看过去这一年，百年变局加速演进，世界变乱交织。面对风高浪急甚至惊涛骇浪的重大考验，中国在风险挑战中“深度求索”，在极限压力下韧性生长，为长远发展奠定了坚实的基础。
这一年，中国有很多让世界“想不到”。
想不到，中国经济在顶压前行中向新向优发展，新质生产力加速成长，创新指数排名首次跻身全球前十。想不到，中国开放的大门越开越大，海南自贸港全岛封关运作。想不到，中国进入“创新爆发期”，一系列上天、入地、下海的大国重器竞相涌现……",经济,,,[]
促“加分项”变“基本项”（微观）,"“10秒钟，让你画的小人儿在屏幕上动起来！”浙江杭州市春晖小学，在2025年秋季新开设的人工智能通识课上，孩子们将刚画好的作品对准摄像头，不一会儿，教室大屏上，手绘卡通人物随着音乐节奏舞动起来。
这一场景，是数字赋能教育教学的生动缩影。一段时间以来，多地中小学纷纷增设人工智能课程，同时推动人工智能技术与语文、数学、地理等学科深度融合，课堂形态发生深刻变革。
人工智能与教育加速融合，不仅技术迭代的节奏在加快，学生适应的速度也比想象中更快，给教师带来的挑战前所未有。一项覆盖31个省份、32.2万名学生、28.4万名教师和5.2万名家长的调研显示，99%的学生接触过人工智能，85.6%的学生尝试过用人工智能辅助写作业。对教师而言，这一次的挑战，不是应用数字技术那么简单，而是相当于换一个“操作系统”。从课程内容的呈现，到教学方法的融合，再到师生互动的方式，都需要同步更新。
人工智能课程进校园，是加速教育数字化的一条“鲇鱼”。它改变的不只是课程表，还包括教师的角色定位。借助人工智能，老师除了教授知识，还可以开展个性化的教学分析，为每一个学生生成专属的知识图谱，制订专门的学习计划。未来，教师能更好扮演指导者和引导者的角色，培养学生的批判性思维和解决问题的能力。
这些年，教师数字素养有了一定提升。2025世界数字教育大会上发布的《中小学教师数字素养报告》显示，我国超70%的教师能多渠道获取数字教育资源，超50%的教师能利用数字技术开展个别化指导。然而，教师数字素养与教育创新的需要和社会的期待相比，仍有不小差距。
全面提升教师数字素养，要在强化能力培养的同时，用好评价这一指挥棒。2025年7月，教育部办公厅印发通知，决定实施数字化赋能教师发展行动，并将数字素养纳入中小学教师资格考试、高校教师教育教学能力的重要方面进行考察。数字素养从“加分项”变为“基本项”，无疑会增强教师自我提升的驱动力。
也要看到，各地教育资源不均，教师能力基础不同，推进时既要坚定方向，也要科学把握节奏，不能搞简单的“齐步走”。
一方面，要提升赋能行动的系统性，同步强化教材、教学工具与平台等资源供给，并完善长期培训体系，实现教师全覆盖。另一方面，应推进差异化评价，建立科学细致的分级量表，分地区分类别进行测评。普遍赋能的同时，着力弥补鸿沟，让不同地区、不同起点的教师都不掉队，才能不断提升教育数字化战略的成色。
教育者先受教育，赋能教师就是赋能未来。在数字化浪潮中，教师是变革的对象，更是推动变革的关键力量。他们如何学习、如何转型，将直接影响教育未来的模样。为他们配备强大的数字工具箱，更好服务于人的成长和全面发展，这将是数字化时代动人的教育图景。","# 促“加分项”变“基本项”（微观）

> 吴  月《人民日报》（2026年01月05日第 06 版）

“10秒钟，让你画的小人儿在屏幕上动起来！”浙江杭州市春晖小学，在2025年秋季新开设的人工智能通识课上，孩子们将刚画好的作品对准摄像头，不一会儿，教室大屏上，手绘卡通人物随着音乐节奏舞动起来。

这一场景，是数字赋能教育教学的生动缩影。一段时间以来，多地中小学纷纷增设人工智能课程，同时推动人工智能技术与语文、数学、地理等学科深度融合，课堂形态发生深刻变革。

人工智能与教育加速融合，不仅技术迭代的节奏在加快，学生适应的速度也比想象中更快，给教师带来的挑战前所未有。一项覆盖31个省份、32.2万名学生、28.4万名教师和5.2万名家长的调研显示，99%的学生接触过人工智能，85.6%的学生尝试过用人工智能辅助写作业。对教师而言，这一次的挑战，不是应用数字技术那么简单，而是相当于换一个“操作系统”。从课程内容的呈现，到教学方法的融合，再到师生互动的方式，都需要同步更新。

人工智能课程进校园，是加速教育数字化的一条“鲇鱼”。它改变的不只是课程表，还包括教师的角色定位。借助人工智能，老师除了教授知识，还可以开展个性化的教学分析，为每一个学生生成专属的知识图谱，制订专门的学习计划。未来，教师能更好扮演指导者和引导者的角色，培养学生的批判性思维和解决问题的能力。

这些年，教师数字素养有了一定提升。2025世界数字教育大会上发布的《中小学教师数字素养报告》显示，我国超70%的教师能多渠道获取数字教育资源，超50%的教师能利用数字技术开展个别化指导。然而，教师数字素养与教育创新的需要和社会的期待相比，仍有不小差距。

全面提升教师数字素养，要在强化能力培养的同时，用好评价这一指挥棒。2025年7月，教育部办公厅印发通知，决定实施数字化赋能教师发展行动，并将数字素养纳入中小学教师资格考试、高校教师教育教学能力的重要方面进行考察。数字素养从“加分项”变为“基本项”，无疑会增强教师自我提升的驱动力。

也要看到，各地教育资源不均，教师能力基础不同，推进时既要坚定方向，也要科学把握节奏，不能搞简单的“齐步走”。

一方面，要提升赋能行动的系统性，同步强化教材、教学工具与平台等资源供给，并完善长期培训体系，实现教师全覆盖。另一方面，应推进差异化评价，建立科学细致的分级量表，分地区分类别进行测评。普遍赋能的同时，着力弥补鸿沟，让不同地区、不同起点的教师都不掉队，才能不断提升教育数字化战略的成色。

教育者先受教育，赋能教师就是赋能未来。在数字化浪潮中，教师是变革的对象，更是推动变革的关键力量。他们如何学习、如何转型，将直接影响教育未来的模样。为他们配备强大的数字工具箱，更好服务于人的成长和全面发展，这将是数字化时代动人的教育图景。",吴  月,评论,,https://paper.people.com.cn/rmrb/pc/content/202601/05/content_30129330.html,2026-01-05,"['教师', '数字', '人工智能', '赋能', '素养', '教育', '数字化', '2025', '学生', '教学']","“10秒钟，让你画的小人儿在屏幕上动起来！”浙江杭州市春晖小学，在2025年秋季新开设的人工智能通识课上，孩子们将刚画好的作品对准摄像头，不一会儿，教室大屏上，手绘卡通人物随着音乐节奏舞动起来。
这一场景，是数字赋能教育教学的生动缩影。一段时间以来，多地中小学纷纷增设人工智能课程，同时推动人工智能技术与语文、数学、地理等学科深度融合，课堂形态发生深刻变革。
人工智能与教育加速融合，不仅技术迭代的节奏在加快，学生适应的速度也比想象中更快，给教师带来的挑战前所未有。一项覆盖31个省份、32.2万名学生、28.4万名教师和5.2万名家长的调研显示，99%的学生接触过人工智能，85.6%的学生尝试过用人工智能辅助写作业。对教师而言，这一次的挑战，不是应用数字技术那么简单，而是相当于换一个“操作系统”。从课程内容的呈现，到教学方法的融合，再到师生互动的方式，都需要同步更新。",社会,,,[]
聚焦真问题  切实解民忧,"岁序更替，华章日新。为走好新时代群众路线，做好舆论监督报道，充分发挥党中央机关报“上连党心，下接民心”的桥梁纽带作用，人民日报政治文化部日前举办了“读者来信”版读者座谈会，邀请读者、学者、部门代表等各界人士聚集一堂，回顾2025、展望2026，为进一步办好“读者来信”版提出意见建议。今日摘登部分发言。
——编  者
与人民同行  为群众发声
国家信访局党组成员、副局长  谢清华
重视群众来信是马克思主义群众观的生动实践，更是深植于我们党执政理念、贯穿我们党奋斗历程的优良传统。
人民日报“读者来信”版近年来不断创新形式，设置“来信调查”“曝光”“身边事”等栏目，直面社会矛盾，坚持客观公正，推出了一系列有分量的报道，充分彰显了鲜明的人民立场、扎实的调查作风和强大的监督效能，有效发挥了党中央机关报“上连党心，下接民心”的桥梁纽带作用。这些报道不仅及时回应群众急难愁盼问题，也是全过程人民民主的生动实践，有利于各级党委和政府发现政策执行中的难点堵点和盲点，真正将群众意见建议转化为推动工作的动力，进一步提升社会治理效能。
信访工作与人民日报在发扬民主监督方面同题共答、同频共振。国家信访局和人民日报虽然工作性质不同，但在反映社情民意、发扬民主监督等方面内在关联、高度契合。信访监督是群众监督的重要形式，人民日报“读者来信”版是媒体监督的重要方式，都坚持人民至上的根本立场，都是党和政府与人民群众密切联系的重要渠道，都是监督各级机关、单位及领导干部、工作人员改进作风的重要途径。因此，国家信访局期盼能与人民日报一同更多研究新情况、新问题，相互配合、协同发力，更好发挥作用。
党的二十届四中全会审议通过的“十五五”规划建议提出，“完善凝聚服务群众工作机制，夯实社会治理群众基础”。新形势下，如何做好新时代党的群众工作，及时回应群众关切、有效维护群众合法权益、更好凝聚服务群众，是我们共同面对的课题。建议人民日报“读者来信”版继续紧紧围绕党中央关心、社会关注、人民关切的热点难点问题，更加聚焦群众在就业、教育、医疗、养老等领域的急难愁盼问题，坚持与人民同行，为群众发声，切实做到为民解难、为党分忧。
（本报记者金歆整理）
看似小问题  实则大民生
自然资源部宣传教育中心主任  夏  俊
舆论监督是加强党的建设和民主政治建设的一项重要内容，也是社会主义新闻事业的重要功能。“读者来信”版是人民日报的重要舆论监督阵地，发挥着“上连党心，下接民心”的重要作用，办好“读者来信”版意义重大。
自然资源工作涉及面广，事关经济社会发展、事关人民生产生活，实际工作中存在不少问题和不足。2025年“读者来信”版刊登了与自然资源部相关的耕地保护力度不足、有些农村地区的古树没有得到有效保护、一些地方存在非法捕猎和贩卖野生鸟类、盗采盗挖砂石、堆埋矿渣垃圾等问题的稿件，有力推动了问题整改和工作开展。
有的读者反映的看似小问题，实则大民生。当前，自然资源部正在深入学习贯彻党的二十届四中全会精神，为促进经济社会高质量发展、建设人与自然和谐共生的中国式现代化作出更大贡献。希望可以和“读者来信”版密切配合，及时沟通，推动工作。
期待“读者来信”版积极拥抱媒体融合，栏目内容不仅在报纸上刊发，更通过客户端、人民网、官方微博、微信公众号等新媒体矩阵形成强势传播。未来可以针对一些典型来信，加入记者调查回访视频，利用多媒体形式展现“来信前后”的变化，展现党和政府解决问题的决心与效率，也让人民日报的舆论监督工作更加立体、深入。
（本报记者史一棋整理）
党报连民心  越办越暖心
重庆巴南区读者  赵正荣
我是人民日报“读者来信”版的忠实读者。2025年版面的新变化让我欣喜。报纸“曝光”栏目和客户端“曝光台”跨平台联动，监督力度更足；监督案例都与老百姓息息相关，“身边事”栏目以小见大、“来信调查”栏目解剖麻雀，读来接地气；追踪报道不再“一报了之”，“反馈”栏目成效清晰可感。
希望新一年“读者来信”版：拓展报道领域，聚焦民生关切策划系列报道。比如，关注外卖骑手、网约车司机等群体的社保缴纳、劳动保护等诉求；回应县城医疗下沉、师资流失、农村养老等诉求；紧盯老旧小区改造、农业面源污染等易忽视情况。
优化舆论监督，做到文风务实、内容深刻。多用群众原声、现场细节，家常话更有亲近感、说服力；邀请专家、基层干部、读者评析典型报道，透视治理逻辑、探讨解决路径，从“解剖一个问题”到“解决一类问题”；明确整改时限和责任单位，对短期难以解决的问题刊发整改进度。
党报连民心，越办越暖心。衷心期盼“读者来信”版持续创新、越办越好！
（本报记者何昭宇整理）
为乡亲发声  温暖又感动
河南太康县读者  黄锦峰
我是河南太康县的农民。2024年12月，村里有人用大型机械清理河道、挖沟取土，在村民不知情的情况下，挖掉了河边的田地，毁坏了庄稼。我们多次向有关部门反映，却均未得到有效回应。我们向人民日报“读者来信”版反映了这个问题。当天就得到了回复，很快就有记者到村里调查采访。
2025年4月21日，人民日报“读者来信”版刊登了《毁坏的耕地亟待恢复》一文，曝光了我们村的事。这篇文章引起当地领导高度重视，以河道清淤之名破坏耕地的行为被立刻叫停。
现在，我们耕地被毁的问题彻底解决了，村民也拿到了赔偿款。感谢人民日报为我们农民发声，我们感到很温暖、很感动。
这次受邀进京参加读者座谈会感到非常荣幸，我将此次报销的车票钱778元捐献给了社会福利基金，希望把这份温暖，传递给更多需要帮助的群体。
（本报记者胡笑源整理）
写信给党报  有望解难题
辽宁大连市甘井子区读者  宫佳依
2011年，大连地铁2号线后革村段开始施工。按照规划，地铁线上方的村子应拆迁后修成道路。然而，在地上还是村民房屋的情况下，地铁却开始爆破施工。
100多户村民的房子被震裂，不少村民的房子出现横向和竖向裂纹，爆破施工的噪声更让我们苦不堪言。2022年，地铁建成通车，我们又饱受地铁运行噪声的折磨，吃不下饭、睡不了觉，村里几乎家家有“病号”。村民曾多次要求搬迁，但希望却屡屡落空。老百姓实在没办法，便向人民日报“读者来信”版反映情况，希望得到关注。接到我们的信后，记者迅速来到后革村，挨家挨户了解情况。几天后“读者来信”版就刊登了《地铁扰民多年，竟因一条路未修》的报道。
现在，政府已经安排重启市政道路建设，拆迁安置已提上日程。感谢人民日报关注并报道我们的难题，为我们带来新希望。
（本报记者胡笑源整理）
监督的价值在于改变
北京大学新闻与传播学院党委书记  田  丽
翻读近几年的人民日报“读者来信”版，感觉这不仅是一个版面，更是一种新闻理念；不仅是一种新闻实践，更是一套正在生成的中国叙事方式和国家治理沟通机制。
“读者来信”版在选题上紧紧锚定党的事业重点，在立场上坚守为民初心，不仅关注群众“看得见、摸得着、急需解决”的显性民意，更发现了那些“群众未必表达、但必须解决”的隐性问题。
“读者来信”版实践的建设性监督，不是制造对立，而是推动解决。舆论监督的价值在于改变。在一个容易被情绪化表达、算法放大冲动信息的时代，“读者来信”版以事实、理性和责任感阐释了主流媒体的价值——引导舆论、促进治理、凝聚共识。
记者们深入基层、采访各方、比对数据、持续追踪，这种调研方式让舆论监督从“批评”变成“求证”。这让我重新确认一个常被忽略的道理：负责任的监督，不靠嗓门，而靠把事情弄明白。这是新闻职业精神的根，也是新闻为治理提供支撑的开始。
希望“读者来信”版继续向下——让信息沉淀下来，建设“群众问题数据库”，把来信、反馈、整改、治理路径系统化沉淀，通过技术手段形成民意问题图谱、群众诉求结构性分析、可复用的治理案例库；继续向上——推动实践经验的理论转化，例如，媒介如何以监督融入治理、建设性监督的理论依据是什么、舆论监督如何从新闻行为转化为治理能力等；继续向内——让案例成为下一代新闻人的精神养料。这些沉入基层、解决问题、服务人民的故事，让新闻学院的学生们看到：做记者，是值得向往的；做党的新闻工作者，是值得骄傲的。
（本报记者史一棋整理）
助力打通政策“最后一公里”
清华大学公共管理学院副院长  钟  玮
从公共治理的视角，以人民日报“读者来信”版为代表的党报舆论监督，超越了新闻报道的范畴，成为国家治理体系中的组成部分。
首先，一个良性的治理循环始于问题的有效识别与输入。我国幅员辽阔、情况复杂，如何精准、及时、全面地感知社会脉搏、捕捉人民心声，是科学决策的首要前提。“读者来信”版促成了自下而上的议题供给；另一方面绕过了科层体系可能存在的信息过滤，将来自基层的声音直接呈现在各级政府的面前。
其次，在政策的执行环节，扮演了监督者与反馈者的角色，尤其对疏通政策执行的“最后一公里”具有重要作用。版面捕捉和诊断政策在最终落地环节出现的“摩擦”与“断点”，并将其精准曝光。党报监督之所以有力量，在于其独特的公开性和直通性。问题一旦在这里被公开报道，就会形成舆论监督和上级关注的双重压力，促使相关部门调查整改，形成“曝光—回应—整改”闭环。
最后，它还是政策效果评估与动态调整的“感应器”。政策的真实效果，不仅要看宏观数据和总结报告，更要看微观个体的实际获得感。读者来信呈现了政策在不同群体、不同地区产生的差异化甚至“意外”效果。这种来自一线的、多元化的反馈，对于科学评估政策的普惠性与公平性至关重要。
希望党报舆论监督的评估从“个案回应”向“扩散追踪”深化，对报道过的问题不能止于“已解决”，而需持续追踪其是否形成长效机制。推动机制从“单点突破”向“制度优化”跨越，鼓励地方与部门不仅公布整改结果，更公开剖析问题产生的制度性根源，将个案监督的成果有效转化为可复制、可推广的治理经验。
（本报记者史一棋整理）","# 聚焦真问题  切实解民忧

> 《人民日报》（2026年01月05日第 07 版）

岁序更替，华章日新。为走好新时代群众路线，做好舆论监督报道，充分发挥党中央机关报“上连党心，下接民心”的桥梁纽带作用，人民日报政治文化部日前举办了“读者来信”版读者座谈会，邀请读者、学者、部门代表等各界人士聚集一堂，回顾2025、展望2026，为进一步办好“读者来信”版提出意见建议。今日摘登部分发言。

——编  者

与人民同行  为群众发声

国家信访局党组成员、副局长  谢清华

重视群众来信是马克思主义群众观的生动实践，更是深植于我们党执政理念、贯穿我们党奋斗历程的优良传统。

人民日报“读者来信”版近年来不断创新形式，设置“来信调查”“曝光”“身边事”等栏目，直面社会矛盾，坚持客观公正，推出了一系列有分量的报道，充分彰显了鲜明的人民立场、扎实的调查作风和强大的监督效能，有效发挥了党中央机关报“上连党心，下接民心”的桥梁纽带作用。这些报道不仅及时回应群众急难愁盼问题，也是全过程人民民主的生动实践，有利于各级党委和政府发现政策执行中的难点堵点和盲点，真正将群众意见建议转化为推动工作的动力，进一步提升社会治理效能。

信访工作与人民日报在发扬民主监督方面同题共答、同频共振。国家信访局和人民日报虽然工作性质不同，但在反映社情民意、发扬民主监督等方面内在关联、高度契合。信访监督是群众监督的重要形式，人民日报“读者来信”版是媒体监督的重要方式，都坚持人民至上的根本立场，都是党和政府与人民群众密切联系的重要渠道，都是监督各级机关、单位及领导干部、工作人员改进作风的重要途径。因此，国家信访局期盼能与人民日报一同更多研究新情况、新问题，相互配合、协同发力，更好发挥作用。

党的二十届四中全会审议通过的“十五五”规划建议提出，“完善凝聚服务群众工作机制，夯实社会治理群众基础”。新形势下，如何做好新时代党的群众工作，及时回应群众关切、有效维护群众合法权益、更好凝聚服务群众，是我们共同面对的课题。建议人民日报“读者来信”版继续紧紧围绕党中央关心、社会关注、人民关切的热点难点问题，更加聚焦群众在就业、教育、医疗、养老等领域的急难愁盼问题，坚持与人民同行，为群众发声，切实做到为民解难、为党分忧。

（本报记者金歆整理）

看似小问题  实则大民生

自然资源部宣传教育中心主任  夏  俊

舆论监督是加强党的建设和民主政治建设的一项重要内容，也是社会主义新闻事业的重要功能。“读者来信”版是人民日报的重要舆论监督阵地，发挥着“上连党心，下接民心”的重要作用，办好“读者来信”版意义重大。

自然资源工作涉及面广，事关经济社会发展、事关人民生产生活，实际工作中存在不少问题和不足。2025年“读者来信”版刊登了与自然资源部相关的耕地保护力度不足、有些农村地区的古树没有得到有效保护、一些地方存在非法捕猎和贩卖野生鸟类、盗采盗挖砂石、堆埋矿渣垃圾等问题的稿件，有力推动了问题整改和工作开展。

有的读者反映的看似小问题，实则大民生。当前，自然资源部正在深入学习贯彻党的二十届四中全会精神，为促进经济社会高质量发展、建设人与自然和谐共生的中国式现代化作出更大贡献。希望可以和“读者来信”版密切配合，及时沟通，推动工作。

期待“读者来信”版积极拥抱媒体融合，栏目内容不仅在报纸上刊发，更通过客户端、人民网、官方微博、微信公众号等新媒体矩阵形成强势传播。未来可以针对一些典型来信，加入记者调查回访视频，利用多媒体形式展现“来信前后”的变化，展现党和政府解决问题的决心与效率，也让人民日报的舆论监督工作更加立体、深入。

（本报记者史一棋整理）

党报连民心  越办越暖心

重庆巴南区读者  赵正荣

我是人民日报“读者来信”版的忠实读者。2025年版面的新变化让我欣喜。报纸“曝光”栏目和客户端“曝光台”跨平台联动，监督力度更足；监督案例都与老百姓息息相关，“身边事”栏目以小见大、“来信调查”栏目解剖麻雀，读来接地气；追踪报道不再“一报了之”，“反馈”栏目成效清晰可感。

希望新一年“读者来信”版：拓展报道领域，聚焦民生关切策划系列报道。比如，关注外卖骑手、网约车司机等群体的社保缴纳、劳动保护等诉求；回应县城医疗下沉、师资流失、农村养老等诉求；紧盯老旧小区改造、农业面源污染等易忽视情况。

优化舆论监督，做到文风务实、内容深刻。多用群众原声、现场细节，家常话更有亲近感、说服力；邀请专家、基层干部、读者评析典型报道，透视治理逻辑、探讨解决路径，从“解剖一个问题”到“解决一类问题”；明确整改时限和责任单位，对短期难以解决的问题刊发整改进度。

党报连民心，越办越暖心。衷心期盼“读者来信”版持续创新、越办越好！

（本报记者何昭宇整理）

为乡亲发声  温暖又感动

河南太康县读者  黄锦峰

我是河南太康县的农民。2024年12月，村里有人用大型机械清理河道、挖沟取土，在村民不知情的情况下，挖掉了河边的田地，毁坏了庄稼。我们多次向有关部门反映，却均未得到有效回应。我们向人民日报“读者来信”版反映了这个问题。当天就得到了回复，很快就有记者到村里调查采访。

2025年4月21日，人民日报“读者来信”版刊登了《毁坏的耕地亟待恢复》一文，曝光了我们村的事。这篇文章引起当地领导高度重视，以河道清淤之名破坏耕地的行为被立刻叫停。

现在，我们耕地被毁的问题彻底解决了，村民也拿到了赔偿款。感谢人民日报为我们农民发声，我们感到很温暖、很感动。

这次受邀进京参加读者座谈会感到非常荣幸，我将此次报销的车票钱778元捐献给了社会福利基金，希望把这份温暖，传递给更多需要帮助的群体。

（本报记者胡笑源整理）

写信给党报  有望解难题

辽宁大连市甘井子区读者  宫佳依

2011年，大连地铁2号线后革村段开始施工。按照规划，地铁线上方的村子应拆迁后修成道路。然而，在地上还是村民房屋的情况下，地铁却开始爆破施工。

100多户村民的房子被震裂，不少村民的房子出现横向和竖向裂纹，爆破施工的噪声更让我们苦不堪言。2022年，地铁建成通车，我们又饱受地铁运行噪声的折磨，吃不下饭、睡不了觉，村里几乎家家有“病号”。村民曾多次要求搬迁，但希望却屡屡落空。老百姓实在没办法，便向人民日报“读者来信”版反映情况，希望得到关注。接到我们的信后，记者迅速来到后革村，挨家挨户了解情况。几天后“读者来信”版就刊登了《地铁扰民多年，竟因一条路未修》的报道。

现在，政府已经安排重启市政道路建设，拆迁安置已提上日程。感谢人民日报关注并报道我们的难题，为我们带来新希望。

（本报记者胡笑源整理）

监督的价值在于改变

北京大学新闻与传播学院党委书记  田  丽

翻读近几年的人民日报“读者来信”版，感觉这不仅是一个版面，更是一种新闻理念；不仅是一种新闻实践，更是一套正在生成的中国叙事方式和国家治理沟通机制。

“读者来信”版在选题上紧紧锚定党的事业重点，在立场上坚守为民初心，不仅关注群众“看得见、摸得着、急需解决”的显性民意，更发现了那些“群众未必表达、但必须解决”的隐性问题。

“读者来信”版实践的建设性监督，不是制造对立，而是推动解决。舆论监督的价值在于改变。在一个容易被情绪化表达、算法放大冲动信息的时代，“读者来信”版以事实、理性和责任感阐释了主流媒体的价值——引导舆论、促进治理、凝聚共识。

记者们深入基层、采访各方、比对数据、持续追踪，这种调研方式让舆论监督从“批评”变成“求证”。这让我重新确认一个常被忽略的道理：负责任的监督，不靠嗓门，而靠把事情弄明白。这是新闻职业精神的根，也是新闻为治理提供支撑的开始。

希望“读者来信”版继续向下——让信息沉淀下来，建设“群众问题数据库”，把来信、反馈、整改、治理路径系统化沉淀，通过技术手段形成民意问题图谱、群众诉求结构性分析、可复用的治理案例库；继续向上——推动实践经验的理论转化，例如，媒介如何以监督融入治理、建设性监督的理论依据是什么、舆论监督如何从新闻行为转化为治理能力等；继续向内——让案例成为下一代新闻人的精神养料。这些沉入基层、解决问题、服务人民的故事，让新闻学院的学生们看到：做记者，是值得向往的；做党的新闻工作者，是值得骄傲的。

（本报记者史一棋整理）

助力打通政策“最后一公里”

清华大学公共管理学院副院长  钟  玮

从公共治理的视角，以人民日报“读者来信”版为代表的党报舆论监督，超越了新闻报道的范畴，成为国家治理体系中的组成部分。

首先，一个良性的治理循环始于问题的有效识别与输入。我国幅员辽阔、情况复杂，如何精准、及时、全面地感知社会脉搏、捕捉人民心声，是科学决策的首要前提。“读者来信”版促成了自下而上的议题供给；另一方面绕过了科层体系可能存在的信息过滤，将来自基层的声音直接呈现在各级政府的面前。

其次，在政策的执行环节，扮演了监督者与反馈者的角色，尤其对疏通政策执行的“最后一公里”具有重要作用。版面捕捉和诊断政策在最终落地环节出现的“摩擦”与“断点”，并将其精准曝光。党报监督之所以有力量，在于其独特的公开性和直通性。问题一旦在这里被公开报道，就会形成舆论监督和上级关注的双重压力，促使相关部门调查整改，形成“曝光—回应—整改”闭环。

最后，它还是政策效果评估与动态调整的“感应器”。政策的真实效果，不仅要看宏观数据和总结报告，更要看微观个体的实际获得感。读者来信呈现了政策在不同群体、不同地区产生的差异化甚至“意外”效果。这种来自一线的、多元化的反馈，对于科学评估政策的普惠性与公平性至关重要。

希望党报舆论监督的评估从“个案回应”向“扩散追踪”深化，对报道过的问题不能止于“已解决”，而需持续追踪其是否形成长效机制。推动机制从“单点突破”向“制度优化”跨越，鼓励地方与部门不仅公布整改结果，更公开剖析问题产生的制度性根源，将个案监督的成果有效转化为可复制、可推广的治理经验。

（本报记者史一棋整理）",,读者来信,,https://paper.people.com.cn/rmrb/pc/content/202601/05/content_30129332.html,2026-01-05,"['读者来信', '人民日报', '舆论监督', '群众', '监督', '治理', '问题', '读者', '党报', '整改']","岁序更替，华章日新。为走好新时代群众路线，做好舆论监督报道，充分发挥党中央机关报“上连党心，下接民心”的桥梁纽带作用，人民日报政治文化部日前举办了“读者来信”版读者座谈会，邀请读者、学者、部门代表等各界人士聚集一堂，回顾2025、展望2026，为进一步办好“读者来信”版提出意见建议。今日摘登部分发言。
——编  者
与人民同行  为群众发声",政治,,,[]
持续发挥舆论监督“前哨”作用,"“2026，脚踏实地，继续努力”
“谢谢人民日报‘读者来信’版的监督报道，我们拖了20多年的房产证拿到手了”“‘读者来信’版曝光后，这条延宕多年的路终于修通了”“报道刊发后，当地有关部门当天就组织土地复耕，给‘读者来信’版点赞”……在本报召开的读者座谈会上，读者们线上线下表达了感谢和祝福，是对我们的肯定，也是对我们的鞭策。
一张报纸“上连党心，下接民心”。人民日报作为党中央机关报，名称里“人民”二字重千钧，“读者来信”版的名称也名副其实，这是读者发表意见建议的平台，是读者反映困难诉求的窗口，也是党和群众的连心桥。
一年来，“读者来信”版通过舆论监督报道，帮助群众解决了一批急难愁盼问题，赢得了群众的赞许。
《交房22年，办不下房产证》刊发后，当地有关部门想方设法解决历史遗留问题，小区居民拿到了期盼多年的房产证；《3600万建客运站，10年未启用》报道刊发后，当地政府成立专班推进工作，目前客运站已经投入运营，开通30条班线；《煤渣倾倒耕地  多年难以恢复》报道刊发后，当地立即组织对倾倒的煤矸石进行处理，对涉及土地进行覆土复垦工作，并对违法占地问题依法查处，同时对村民进行相应补偿……
问题得到解决，矛盾纠纷得以化解，老百姓的心气儿顺了，基层治理的堵点也疏通了。群众感受到了党报舆论监督的力量，也看到了基层党委政府为推动解决问题所付出的努力，加深了干群之间的鱼水情。
有基层干部说，“党报的舆论监督，如一把利刃，戳破了脓疮，排除了潜在风险，让肌体保持康健。”干部的心声，说出了党报舆论监督的职责定位。党报的舆论监督，不是为了博眼球，不是为了赚流量，更不是对基层工作的“挑刺找茬”。
党报的舆论监督，发挥着“前哨”作用。舆论监督是党的新闻舆论工作的重要组成部分，“前哨”作用体现在维护群众利益上，体现在维护党中央权威上。
在监督报道实践中，“读者来信”版聚焦国之大者，重点关注落实党中央决策部署不力、党中央明令禁止、侵害人民群众利益、群众关注度高意见大反映多、明显违法违规违纪、干部不作为或乱作为、形式主义官僚主义、违背社会主义核心价值观等方面突出问题，特别是一些具有普遍性、典型性的问题，以实现舆论监督剖析问题、部门地方正面回应、采取措施解决问题的良性循环。
深入贯彻落实习近平生态文明思想，以报道《野生鸟类在这里公开贩卖》曝光有关地方生态保护不力问题，推动多部委在全国开展护鸟联合行动；
聚焦有关地方贯彻落实党中央关于整治形式主义为基层减负不力的问题，以报道《一份不该制定下发的“红头文件”》揭示当地违规下发“红头文件”摊派任务，给基层带来额外工作负担；
聚焦端稳粮食生产安全饭碗的国之大者，以报道《毁坏的耕地亟待恢复》披露有关地方破坏耕地的问题……
报道刊发后，有关地方立即开展整改，相关部委也立即行动，对有关领域内问题进行系统性排查治理，推动解决问题，促进社会进步，展现了舆论监督在基层治理中的作用，为推动国家治理体系和治理能力现代化贡献了力量。
新的一年，我们将继续努力，办好“读者来信”版。我们将深入贯彻落实习近平总书记重要讲话重要指示批示精神，担负起党中央机关报的职责使命，增强“四个意识”、坚定“四个自信”、做到“两个维护”，持续搭建好党和政府与人民群众连心桥。
在个案监督中，我们将始终坚持人民至上，立场鲜明，脚踏实地，深入基层，将个案监督做成典型案例，推动从解决一个问题，向解决一类问题延伸，化解矛盾，排除风险，夯实党的群众基础，充分发挥舆论监督“前哨”作用。
媒体融合是大势所趋，是时代潮流。舆论监督要取得更好的监督效果，离不开媒体融合发展。我们将在系统性变革中，继续深化整合相关资源力量，报网端微屏协同发力，拓展线索来源，提升传播能力，增强监督质效，擦亮“读者来信”版这一“金字招牌”。","# 持续发挥舆论监督“前哨”作用

> 读者来信编辑室《人民日报》（2026年01月05日第 07 版）

“2026，脚踏实地，继续努力”

“谢谢人民日报‘读者来信’版的监督报道，我们拖了20多年的房产证拿到手了”“‘读者来信’版曝光后，这条延宕多年的路终于修通了”“报道刊发后，当地有关部门当天就组织土地复耕，给‘读者来信’版点赞”……在本报召开的读者座谈会上，读者们线上线下表达了感谢和祝福，是对我们的肯定，也是对我们的鞭策。

一张报纸“上连党心，下接民心”。人民日报作为党中央机关报，名称里“人民”二字重千钧，“读者来信”版的名称也名副其实，这是读者发表意见建议的平台，是读者反映困难诉求的窗口，也是党和群众的连心桥。

一年来，“读者来信”版通过舆论监督报道，帮助群众解决了一批急难愁盼问题，赢得了群众的赞许。

《交房22年，办不下房产证》刊发后，当地有关部门想方设法解决历史遗留问题，小区居民拿到了期盼多年的房产证；《3600万建客运站，10年未启用》报道刊发后，当地政府成立专班推进工作，目前客运站已经投入运营，开通30条班线；《煤渣倾倒耕地  多年难以恢复》报道刊发后，当地立即组织对倾倒的煤矸石进行处理，对涉及土地进行覆土复垦工作，并对违法占地问题依法查处，同时对村民进行相应补偿……

问题得到解决，矛盾纠纷得以化解，老百姓的心气儿顺了，基层治理的堵点也疏通了。群众感受到了党报舆论监督的力量，也看到了基层党委政府为推动解决问题所付出的努力，加深了干群之间的鱼水情。

有基层干部说，“党报的舆论监督，如一把利刃，戳破了脓疮，排除了潜在风险，让肌体保持康健。”干部的心声，说出了党报舆论监督的职责定位。党报的舆论监督，不是为了博眼球，不是为了赚流量，更不是对基层工作的“挑刺找茬”。

党报的舆论监督，发挥着“前哨”作用。舆论监督是党的新闻舆论工作的重要组成部分，“前哨”作用体现在维护群众利益上，体现在维护党中央权威上。

在监督报道实践中，“读者来信”版聚焦国之大者，重点关注落实党中央决策部署不力、党中央明令禁止、侵害人民群众利益、群众关注度高意见大反映多、明显违法违规违纪、干部不作为或乱作为、形式主义官僚主义、违背社会主义核心价值观等方面突出问题，特别是一些具有普遍性、典型性的问题，以实现舆论监督剖析问题、部门地方正面回应、采取措施解决问题的良性循环。

深入贯彻落实习近平生态文明思想，以报道《野生鸟类在这里公开贩卖》曝光有关地方生态保护不力问题，推动多部委在全国开展护鸟联合行动；

聚焦有关地方贯彻落实党中央关于整治形式主义为基层减负不力的问题，以报道《一份不该制定下发的“红头文件”》揭示当地违规下发“红头文件”摊派任务，给基层带来额外工作负担；

聚焦端稳粮食生产安全饭碗的国之大者，以报道《毁坏的耕地亟待恢复》披露有关地方破坏耕地的问题……

报道刊发后，有关地方立即开展整改，相关部委也立即行动，对有关领域内问题进行系统性排查治理，推动解决问题，促进社会进步，展现了舆论监督在基层治理中的作用，为推动国家治理体系和治理能力现代化贡献了力量。

新的一年，我们将继续努力，办好“读者来信”版。我们将深入贯彻落实习近平总书记重要讲话重要指示批示精神，担负起党中央机关报的职责使命，增强“四个意识”、坚定“四个自信”、做到“两个维护”，持续搭建好党和政府与人民群众连心桥。

在个案监督中，我们将始终坚持人民至上，立场鲜明，脚踏实地，深入基层，将个案监督做成典型案例，推动从解决一个问题，向解决一类问题延伸，化解矛盾，排除风险，夯实党的群众基础，充分发挥舆论监督“前哨”作用。

媒体融合是大势所趋，是时代潮流。舆论监督要取得更好的监督效果，离不开媒体融合发展。我们将在系统性变革中，继续深化整合相关资源力量，报网端微屏协同发力，拓展线索来源，提升传播能力，增强监督质效，擦亮“读者来信”版这一“金字招牌”。",读者来信编辑室,读者来信,,https://paper.people.com.cn/rmrb/pc/content/202601/05/content_30129333.html,2026-01-05,"['舆论监督', '读者来信', '报道', '党报', '刊发', '党中央', '问题', '群众', '前哨', '监督']","“2026，脚踏实地，继续努力”
“谢谢人民日报‘读者来信’版的监督报道，我们拖了20多年的房产证拿到手了”“‘读者来信’版曝光后，这条延宕多年的路终于修通了”“报道刊发后，当地有关部门当天就组织土地复耕，给‘读者来信’版点赞”……在本报召开的读者座谈会上，读者们线上线下表达了感谢和祝福，是对我们的肯定，也是对我们的鞭策。
一张报纸“上连党心，下接民心”。人民日报作为党中央机关报，名称里“人民”二字重千钧，“读者来信”版的名称也名副其实，这是读者发表意见建议的平台，是读者反映困难诉求的窗口，也是党和群众的连心桥。",政治,,,[]
五个故事看长江经济带十年非凡成就,"火烈鸟在江苏省东台市条子泥湿地上空飞翔。孙家录摄（新华社发）
火烈鸟在江苏省东台市条子泥湿地上空飞翔。
孙家录摄（新华社发）
浙江省湖州市一所幼儿园里，小朋友们在老师陪伴下参与小游戏。谭云俸摄（人民视觉）
浙江省湖州市一所幼儿园里，小朋友们在老师陪伴下参与小游戏。
谭云俸摄（人民视觉）
湖北省宜昌市秭归县茅坪镇四溪村，光伏电站正在建设。郑家裕摄（人民视觉）
湖北省宜昌市秭归县茅坪镇四溪村，光伏电站正在建设。
郑家裕摄（人民视觉）
在湖北人形机器人创新中心，人形机器人在进行仓库搬货场景数据采集。新华社记者  肖艺九摄
在湖北人形机器人创新中心，人形机器人在进行仓库搬货场景数据采集。
新华社记者  肖艺九摄
长江安徽省芜湖市繁昌区段，船舶往来穿梭。肖本祥摄（人民视觉）
长江安徽省芜湖市繁昌区段，船舶往来穿梭。
肖本祥摄（人民视觉）
长江，中华民族的母亲河，流经11个省份，贡献全国近一半经济总量，是我国经济发展的重要支撑带，也是贯彻新发展理念、推动高质量发展的示范区域。
2016年1月，在重庆召开的推动长江经济带发展座谈会上，习近平总书记发表重要讲话，强调“当前和今后相当长一个时期，要把修复长江生态环境摆在压倒性位置，共抓大保护，不搞大开发”。10年来，沿江11省份始终以新发展理念为引领，破解发展难题、增强发展动力、厚植发展优势，推动长江经济带从“理念共识”迈向“高质量一体化”。今日之长江，水清岸绿的生态画卷徐徐展开，协同发展的澎湃动能持续释放，书写了生态美、产业兴、百姓富的时代答卷。
本版选取沿江省份锚定绿色发展的5个案例，反映10年来长江经济带高质量发展取得的成就，展现长江经济带的新时代美丽新画卷。
——编  者
重庆市江津区油溪镇巡护员刘鸿——
水清了  岸美了  鱼多了
本报记者  刘新吾
鱼群洄游、候鸟展翅，冬日暖阳下，重庆市江津区油溪镇水域一派生机勃勃。
哗啦一声，鱼儿跃出江面。“现在鱼多了，和小时候一样。”巡护员刘鸿笑着向记者介绍。江津区守护着长江上游珍稀特有鱼类国家级自然保护区115.2公里江段，见证了长江从“疲劳透支”到重焕生机的历史转变。
53岁的刘鸿长在长江边，以捕鱼为生。随着经济发展，电鱼船、餐饮船越来越多，污水直排江中，鱼类越来越少，渔民生活不如从前，刘鸿心里也感到不安。
共抓大保护，不搞大开发。近年来，江津区转变思想观念，保护长江岸线，全力筑牢长江上游重要生态屏障。
修复岸线。针对长江消落带存在的非法种植养殖和砂石堆场等问题，江津采取生态修复措施，创新护坡工艺，既稳固岸线又为水生物提供栖息空间，20余公里河岸线焕然一新。
智慧守护。依托智慧监控系统，江津编织起一张立体化的“人防+技防”生态守护网络，67个人工智能预警监控点沿江而立，无人机定期巡航，执法船艇随时待命，重点水域监控基本全覆盖，让港口的繁忙与江流的宁静和谐共生。
放流鱼苗。江津区建设8.3万平方米人工鱼巢和400平方米人工鱼礁，打造鱼类“安居工程”，为鱼类提供稳定且营养丰富的环境，增殖放流各类鱼苗超过1000万尾。还依托西南大学的专项调查，绘制出区内鱼类“三场一通道”地图，让保护与修复行动有的放矢。
经过多方努力，如今，长江之滨美景重现，江水清澈，岸线美丽，鱼群渐丰。刘鸿驾船巡逻江中时，不时有鱼儿跃入船中，中华鲟、中华秋沙鸭等也重现“江湖”。
生态日渐好转，厚植绿色家底。
近日，一批价值23.75万美元的泰国进口纸浆通过西部陆海新通道江津班列顺利运抵重庆市江津区珞璜港。在海关监管下，这批货物在珞璜港完成中转换装，经黄金水道运至永川港完成卸货与验放等手续，标志着江津成功开辟经由珞璜港中转的“海—铁—江”外贸新路径。
海铁江高效联运是珞璜港扩大开放路径的又一次尝试，实现国际货物由海入境、经铁中转、沿江直达内陆港口的无缝衔接，真正实现“一单申报、全程通行”。
生态优先，绿色发展。在保护岸线的同时，近年来，江津积极打造西部陆海新通道江铁海联运“精品线路”，推动港口高质量开放发展，让生态美与产业兴在长江边上交织出美丽图景。
九江石化水务运行部党支部书记徐斌——
不让一滴油污入长江
本报记者  周  欢
冬日的长江九江段，波光潋滟，货船往来如梭。
离中国石化九江分公司不远的江面上，一群江豚时而逐浪嬉戏，时而潜水捕食。6年来，江豚数量从几头到几十头，种群逐步发展壮大。
“水中大熊猫”江豚频频现身，折射的是发展方式的转变。
曾经，长江沿岸化工企业密布，污染问题突出。为守护一江碧水，江西省九江市以“降碳、减污、扩绿、增长”为路径，着力推动产业绿色转型发展。
地处长江之滨、鄱阳湖口，九江石化从源头管控，坚持全过程减污降碳，不让一滴油污入长江。
“氨氮0.08毫克/升，国家标准是8毫克/升。”九江石化水务运行部党支部书记徐斌介绍，公司外排废水各项污染物指标，均远优于国家排放标准。
“秘诀就藏在这栋4层的楼里。”走进公司污水处理厂区，一条条硕大的运污管道四通八达，楼底池子里，正在进行预处理的污水泛出层层白沫，随后“上楼”经过20多个小时层层净化，变成清澈的中水。“中水替代新鲜水作为循环水场的补充水，每年节约新鲜水约350万吨。”徐斌说。
污水处理厂区外，有一处名为“斑鸠园”的水生态景区，水清景美，锦鲤游弋……“这池水就是污水处理后的回用水。”徐斌说，前不久“斑鸠园”还来了一位稀客——国家二级保护动物白鹇。“它们就是最好的‘环境监测师’。”
油污不入江，废气不上天。
走在厂区内，高耸的烟囱和冷却塔不时冒出袅袅白烟。“不是烟，是水蒸气。经过脱硫脱硝处理后，无污染、无异味。”一旁，九江石化安全环保部环保管理高级专家唐安中解释。
为实现废气超洁净排放，九江石化下了一番苦功：研发炼化含硫废气超低硫排放技术，二氧化硫排放量比5年前下降53.81%；应用高效低氮燃烧新技术，完成38台加热炉燃烧器提标改造……“‘十四五’时期，温室气体排放总量同比下降7.66%，废气治理达到行业领先水平。”唐安中说。
“与10年前比较，九江石化原油加工总量同比增加50.5%，污染物同比减排90.7%，获评国家级绿色工厂。”唐安中说。
同时，发挥“链主”优势，带动石化产业上下游企业绿色升级。“九江石化不仅为公司供应产品原料，还提供绿色技术支持，帮助公司实现综合能耗下降8%。”江西八阵能源化工有限公司负责人钟健说。
共抓大保护，不搞大开发。
九江推动以化工为支柱产业的制造业绿色转型升级，沿江1公里内的化工企业坚决“关改搬转”，构建以绿色循环为核心的化工产业体系，全市30多家化工企业向新逐绿。九江累计创建国家级绿色工厂40家、国家级绿色园区2家、国家级能效领跑企业2家。
如今的九江，江豚、锦鲤、白鹇与绿色工业和谐共处，绘就绿色发展的动人篇章。
安徽省奇瑞汽车采购中心供应商管理部部长张群——
“绿色引擎”为发展添动力
本报记者  徐  靖
机械臂灵活舞动，自动化设备衔接流畅，装配、检测、调试……走进位于安徽省芜湖市弋江区的奇瑞新能源四期工厂，多条产线同步开工，车间里一派忙碌。技术工人紧盯着中控屏幕上跳动的参数，随着最后测试程序完成，一辆辆新能源汽车驶下产线。
“这条产线最大的亮点，藏在自动化装配里，生产效率大幅提升，现在平均每一分钟就能下线一台整车。”奇瑞有关负责人表示，在深耕燃油车基本盘的同时，奇瑞坚定把新能源技术和智能技术作为核心技术来打造，推进绿色转型，2025年奇瑞销售新能源汽车90万辆，产销规模、增速稳居行业前列。
坚持共抓大保护、不搞大开发，坚持生态优先、绿色发展，安徽加速布局新能源与节能环保产业，通过龙头企业带动，上下游企业快速集聚，不断延伸产业链，为制造业高质量发展增添“绿色引擎”。
一企带一链，一链集成群。安庆的车灯、池州的镁基新材料、亳州的汽车零部件、马鞍山的动力电池材料、铜陵的铜基新材料、淮南的新能源汽车后市场、六安的新型储能、淮北的陶铝新材料、蚌埠的玻璃、阜阳的装备制造业、黄山的汽车电子……安徽各市纷纷各展所长、加速“入链”。
以奇瑞为龙头，芜湖集聚汽车零部件企业2000余家，形成了从研发、生产到销售的全产业链生态。
“奇瑞与长三角区域供应商建立了稳定协同关系，先后引进了立讯精密、国轩高科等一批关键零部件企业，提升了本地化配套率和供应链韧性，为发展增添动力。”奇瑞汽车采购中心供应商管理部部长张群告诉记者。
推动经济社会发展全面绿色转型，安徽新经济增长点不断涌现。
2025年8月，皖北新能源产业“双招双引”推进会在淮北市举行。
签约仪式上，年产25万吨醋酸酯一体化电子材料、国电投蚌埠龙子湖分散式风电、安徽氧环生物质沼气便携式制氢设备制造及综合能源供应、水系钠离子电池生产基地、高效永磁电机等21个新能源产业项目，分别签约落户淮北、亳州、蚌埠、淮南等市。
从产业版图看，全球近10%的显示面板，全国约8%的工业机器人、11%的新能源汽车、20%的光伏组件、30%的光伏逆变器、50%的光伏玻璃，皆是“安徽造”。战略性新兴产业对安徽工业经济增长的贡献率达60%以上。
逐绿向新，安徽不断厚植制造业绿色本底。2025年，安徽新能源和节能环保产业，产业营收较“十三五”末增长近3倍，环保产业营收跃居全国第二。
浙江省丽水市缙云县仙都街道党工委书记丁艺——
采石坑成了“聚宝盆”
本报记者  窦  皓
浙江省丽水市缙云县仙都景区，鼎湖峰下流水潺潺，四周山峦起伏、风光秀丽。背靠秀山丽水，鼎湖村里的民宿也多了起来。“岩宕改造，加上本来风景就好，吸引了不少周边城市的游客前来度假。”鼎湖村民宿老板李辉说。
缙云被誉为“千年古石城”，凝灰岩储量丰富，采石历史悠久，曾经的鼎湖峰也是灰头土脸。上世纪90年代，为保护山体，缙云县叫停采石业，3000多个因采石活动而形成的岩宕就此“沉睡”。
如何变绿水青山为金山银山？当地招引设计师对废弃岩宕进行微改造，打造成为露天书房、剧场、户外展厅和大型舞台等公共文化空间。
9号岩宕因形似喇叭，铺设隔音材料后化身为演出剧场；10号岩宕成为露天展厅，从3米高的观景台俯瞰中央，一场摄影展正在进行……
“2023年，缙云岩宕向游客开放，带动了周边民宿、咖啡馆、文创店的发展。曾经因采石而伤痕累累的山体，化作‘金山银山’。”缙云县仙都街道党工委书记丁艺说。
在丽水市松阳县，同样依托秀美的自然风光和深厚的人文底蕴，破败的古村落“活”了起来。
在鸟鸣声中睁开眼，打开复古落地窗：苍翠山峦的掩映下，溪水缓缓流淌，百年石拱桥横跨水面。在松阳县三都乡松庄村桃野民宿，来自杭州的游客郭雯，看到这样一幅乡村美景图。“老在城市里的‘钢铁森林’里生活，就想到这样的村庄，闲适地躺着。”郭雯说。
有着600余年历史的松庄村，曾一片萧条——许多村民外出打工，空有一座座陈旧的土房。
2016年，松阳县开展“拯救老屋行动”，松庄村系统修缮古民居、古桥、古道，还建设了观景长廊和游步道。有了更加健全的基础设施，村里也将视野投向了文旅。
“历经风雨的老房子、热气腾腾的烟火气、无限生机的山水，深深地打动了我。”作为桃野民宿的负责人，来自上海的孙培，一口气签下18栋老屋，从此扎根。以桃野民宿为起点，孙培鼓励村民参与涂鸦艺术创作，精心打造文化空间，组织艺术活动，为乡村旅游增添了别样魅力。
目前，丽水全市1662个村庄成为A级景区村，农民在家门口吃上“旅游饭”，“丽水山居”成为区域公用品牌。2024年，全市“丽水山居”农家乐民宿达3329户，从业人员1.2万人。
另一面，则是丽水持续向好的自然环境。2024年，丽水市森林覆盖率达80.3%；9个县（市、区）空气质量优良率均超过97.3%，国控、省控断面水质达标率连续多年保持100%。
丽水市委常委、常务副市长楼志坚表示，丽水将继续以顶格标准保护生态环境，完善生态文明共建共治共享机制，全面落实生态福祉，源源不断释放绿水青山生态红利。
上海市崇明区仙桥村党建督导员管仕忠——
好生态就是最好的广告
本报记者  姜泓冰
连片农田阡陌纵横，农家院里栽花种草，水渠道路处处干净整洁，不见一点垃圾；村头垃圾房里，干湿垃圾箱标识清楚，还有处理湿垃圾的专用设备；村中，村民大食堂、咖吧、茶室、村史馆、蔬果采摘园、农产品展示中心、无人售卖的自助式便利店等一应俱全……
这里，是上海市崇明区竖新镇仙桥村，一座位于崇明岛中部的普通村庄，宁静祥和，又时尚便利，处处显露着勃勃生机。
仙桥村的勃勃生机，得益于生态改善，环境变美。
党的十八大以来，长江经济带走上生态优先、绿色发展之路，共抓大保护，不搞大开发。把守着长江入海口的崇明岛，全面展开世界级生态岛建设，如今岛上地表水水质达标率100%，空气优良率常年保持在90%，森林覆盖率达21.64%，湿地保护率达60.73%，接连获评中国天然氧吧、中国气候宜居城市、国际湿地城市等称号，东滩候鸟栖息地成为上海首个世界自然遗产。
“这些数据、称号落在村民的生活中，是蓝天白云、清水绿岸。空气好了，环境美了，村容村貌焕然一新，村民生活很舒服。”68岁的管仕忠在仙桥村工作、生活了大半辈子，当过仙桥村党总支书记、村委会主任，现在仍是村里的党建督导员，对村里的一草一木、村民生活的点滴变化全都了如指掌。
在上海市区工作和定居的仙桥村年轻人，越来越愿意“常回家看看”。管仕忠的独生女儿在上海市区工作，“以前他们工作忙，嫌折腾，不愿意回村，现在孙子吵着要来，因为村里环境好，有的吃、有的玩，能体验传统习俗，了解播种、插秧、采摘等农业知识。年轻人会带同事同学来玩，大家都喜欢。”管仕忠说。
这两年，村里建起了大食堂，方便村民招待不时回乡的子女和亲朋。遇上结婚办喜酒、生小孩办满月酒等，大食堂也是聚会好场所，省心省力又安全实惠。
好生态、好环境，不断变成好收益。
管仕忠在村党总支书记任上时，陆续为仙桥村引入了适合年轻人生活情趣的咖吧、茶室、土布馆等新空间，游客能在其间享受地道的崇明乡村美食、特色点心、传统工艺。“不用打广告，村里每年就能吸引来七八万人次的游客。”管仕忠说，新的产业收入为仙桥村注入了更多的活力。
“在崇明，人人享有优美生态环境，大家共享发展成果，生活过得越来越好。”管仕忠说。","# 五个故事看长江经济带十年非凡成就

> 《人民日报》（2026年01月05日第 08 版）

火烈鸟在江苏省东台市条子泥湿地上空飞翔。　　孙家录摄（新华社发）

火烈鸟在江苏省东台市条子泥湿地上空飞翔。

孙家录摄（新华社发）

浙江省湖州市一所幼儿园里，小朋友们在老师陪伴下参与小游戏。　　谭云俸摄（人民视觉）

浙江省湖州市一所幼儿园里，小朋友们在老师陪伴下参与小游戏。

谭云俸摄（人民视觉）

湖北省宜昌市秭归县茅坪镇四溪村，光伏电站正在建设。　　郑家裕摄（人民视觉）

湖北省宜昌市秭归县茅坪镇四溪村，光伏电站正在建设。

郑家裕摄（人民视觉）

在湖北人形机器人创新中心，人形机器人在进行仓库搬货场景数据采集。　　新华社记者  肖艺九摄

在湖北人形机器人创新中心，人形机器人在进行仓库搬货场景数据采集。

新华社记者  肖艺九摄

长江安徽省芜湖市繁昌区段，船舶往来穿梭。　　肖本祥摄（人民视觉）

长江安徽省芜湖市繁昌区段，船舶往来穿梭。

肖本祥摄（人民视觉）

长江，中华民族的母亲河，流经11个省份，贡献全国近一半经济总量，是我国经济发展的重要支撑带，也是贯彻新发展理念、推动高质量发展的示范区域。

2016年1月，在重庆召开的推动长江经济带发展座谈会上，习近平总书记发表重要讲话，强调“当前和今后相当长一个时期，要把修复长江生态环境摆在压倒性位置，共抓大保护，不搞大开发”。10年来，沿江11省份始终以新发展理念为引领，破解发展难题、增强发展动力、厚植发展优势，推动长江经济带从“理念共识”迈向“高质量一体化”。今日之长江，水清岸绿的生态画卷徐徐展开，协同发展的澎湃动能持续释放，书写了生态美、产业兴、百姓富的时代答卷。

本版选取沿江省份锚定绿色发展的5个案例，反映10年来长江经济带高质量发展取得的成就，展现长江经济带的新时代美丽新画卷。

——编  者

重庆市江津区油溪镇巡护员刘鸿——

水清了  岸美了  鱼多了

本报记者  刘新吾

鱼群洄游、候鸟展翅，冬日暖阳下，重庆市江津区油溪镇水域一派生机勃勃。

哗啦一声，鱼儿跃出江面。“现在鱼多了，和小时候一样。”巡护员刘鸿笑着向记者介绍。江津区守护着长江上游珍稀特有鱼类国家级自然保护区115.2公里江段，见证了长江从“疲劳透支”到重焕生机的历史转变。

53岁的刘鸿长在长江边，以捕鱼为生。随着经济发展，电鱼船、餐饮船越来越多，污水直排江中，鱼类越来越少，渔民生活不如从前，刘鸿心里也感到不安。

共抓大保护，不搞大开发。近年来，江津区转变思想观念，保护长江岸线，全力筑牢长江上游重要生态屏障。

修复岸线。针对长江消落带存在的非法种植养殖和砂石堆场等问题，江津采取生态修复措施，创新护坡工艺，既稳固岸线又为水生物提供栖息空间，20余公里河岸线焕然一新。

智慧守护。依托智慧监控系统，江津编织起一张立体化的“人防+技防”生态守护网络，67个人工智能预警监控点沿江而立，无人机定期巡航，执法船艇随时待命，重点水域监控基本全覆盖，让港口的繁忙与江流的宁静和谐共生。

放流鱼苗。江津区建设8.3万平方米人工鱼巢和400平方米人工鱼礁，打造鱼类“安居工程”，为鱼类提供稳定且营养丰富的环境，增殖放流各类鱼苗超过1000万尾。还依托西南大学的专项调查，绘制出区内鱼类“三场一通道”地图，让保护与修复行动有的放矢。

经过多方努力，如今，长江之滨美景重现，江水清澈，岸线美丽，鱼群渐丰。刘鸿驾船巡逻江中时，不时有鱼儿跃入船中，中华鲟、中华秋沙鸭等也重现“江湖”。

生态日渐好转，厚植绿色家底。

近日，一批价值23.75万美元的泰国进口纸浆通过西部陆海新通道江津班列顺利运抵重庆市江津区珞璜港。在海关监管下，这批货物在珞璜港完成中转换装，经黄金水道运至永川港完成卸货与验放等手续，标志着江津成功开辟经由珞璜港中转的“海—铁—江”外贸新路径。

海铁江高效联运是珞璜港扩大开放路径的又一次尝试，实现国际货物由海入境、经铁中转、沿江直达内陆港口的无缝衔接，真正实现“一单申报、全程通行”。

生态优先，绿色发展。在保护岸线的同时，近年来，江津积极打造西部陆海新通道江铁海联运“精品线路”，推动港口高质量开放发展，让生态美与产业兴在长江边上交织出美丽图景。

九江石化水务运行部党支部书记徐斌——

不让一滴油污入长江

本报记者  周  欢

冬日的长江九江段，波光潋滟，货船往来如梭。

离中国石化九江分公司不远的江面上，一群江豚时而逐浪嬉戏，时而潜水捕食。6年来，江豚数量从几头到几十头，种群逐步发展壮大。

“水中大熊猫”江豚频频现身，折射的是发展方式的转变。

曾经，长江沿岸化工企业密布，污染问题突出。为守护一江碧水，江西省九江市以“降碳、减污、扩绿、增长”为路径，着力推动产业绿色转型发展。

地处长江之滨、鄱阳湖口，九江石化从源头管控，坚持全过程减污降碳，不让一滴油污入长江。

“氨氮0.08毫克/升，国家标准是8毫克/升。”九江石化水务运行部党支部书记徐斌介绍，公司外排废水各项污染物指标，均远优于国家排放标准。

“秘诀就藏在这栋4层的楼里。”走进公司污水处理厂区，一条条硕大的运污管道四通八达，楼底池子里，正在进行预处理的污水泛出层层白沫，随后“上楼”经过20多个小时层层净化，变成清澈的中水。“中水替代新鲜水作为循环水场的补充水，每年节约新鲜水约350万吨。”徐斌说。

污水处理厂区外，有一处名为“斑鸠园”的水生态景区，水清景美，锦鲤游弋……“这池水就是污水处理后的回用水。”徐斌说，前不久“斑鸠园”还来了一位稀客——国家二级保护动物白鹇。“它们就是最好的‘环境监测师’。”

油污不入江，废气不上天。

走在厂区内，高耸的烟囱和冷却塔不时冒出袅袅白烟。“不是烟，是水蒸气。经过脱硫脱硝处理后，无污染、无异味。”一旁，九江石化安全环保部环保管理高级专家唐安中解释。

为实现废气超洁净排放，九江石化下了一番苦功：研发炼化含硫废气超低硫排放技术，二氧化硫排放量比5年前下降53.81%；应用高效低氮燃烧新技术，完成38台加热炉燃烧器提标改造……“‘十四五’时期，温室气体排放总量同比下降7.66%，废气治理达到行业领先水平。”唐安中说。

“与10年前比较，九江石化原油加工总量同比增加50.5%，污染物同比减排90.7%，获评国家级绿色工厂。”唐安中说。

同时，发挥“链主”优势，带动石化产业上下游企业绿色升级。“九江石化不仅为公司供应产品原料，还提供绿色技术支持，帮助公司实现综合能耗下降8%。”江西八阵能源化工有限公司负责人钟健说。

共抓大保护，不搞大开发。

九江推动以化工为支柱产业的制造业绿色转型升级，沿江1公里内的化工企业坚决“关改搬转”，构建以绿色循环为核心的化工产业体系，全市30多家化工企业向新逐绿。九江累计创建国家级绿色工厂40家、国家级绿色园区2家、国家级能效领跑企业2家。

如今的九江，江豚、锦鲤、白鹇与绿色工业和谐共处，绘就绿色发展的动人篇章。

安徽省奇瑞汽车采购中心供应商管理部部长张群——

“绿色引擎”为发展添动力

本报记者  徐  靖

机械臂灵活舞动，自动化设备衔接流畅，装配、检测、调试……走进位于安徽省芜湖市弋江区的奇瑞新能源四期工厂，多条产线同步开工，车间里一派忙碌。技术工人紧盯着中控屏幕上跳动的参数，随着最后测试程序完成，一辆辆新能源汽车驶下产线。

“这条产线最大的亮点，藏在自动化装配里，生产效率大幅提升，现在平均每一分钟就能下线一台整车。”奇瑞有关负责人表示，在深耕燃油车基本盘的同时，奇瑞坚定把新能源技术和智能技术作为核心技术来打造，推进绿色转型，2025年奇瑞销售新能源汽车90万辆，产销规模、增速稳居行业前列。

坚持共抓大保护、不搞大开发，坚持生态优先、绿色发展，安徽加速布局新能源与节能环保产业，通过龙头企业带动，上下游企业快速集聚，不断延伸产业链，为制造业高质量发展增添“绿色引擎”。

一企带一链，一链集成群。安庆的车灯、池州的镁基新材料、亳州的汽车零部件、马鞍山的动力电池材料、铜陵的铜基新材料、淮南的新能源汽车后市场、六安的新型储能、淮北的陶铝新材料、蚌埠的玻璃、阜阳的装备制造业、黄山的汽车电子……安徽各市纷纷各展所长、加速“入链”。

以奇瑞为龙头，芜湖集聚汽车零部件企业2000余家，形成了从研发、生产到销售的全产业链生态。

“奇瑞与长三角区域供应商建立了稳定协同关系，先后引进了立讯精密、国轩高科等一批关键零部件企业，提升了本地化配套率和供应链韧性，为发展增添动力。”奇瑞汽车采购中心供应商管理部部长张群告诉记者。

推动经济社会发展全面绿色转型，安徽新经济增长点不断涌现。

2025年8月，皖北新能源产业“双招双引”推进会在淮北市举行。

签约仪式上，年产25万吨醋酸酯一体化电子材料、国电投蚌埠龙子湖分散式风电、安徽氧环生物质沼气便携式制氢设备制造及综合能源供应、水系钠离子电池生产基地、高效永磁电机等21个新能源产业项目，分别签约落户淮北、亳州、蚌埠、淮南等市。

从产业版图看，全球近10%的显示面板，全国约8%的工业机器人、11%的新能源汽车、20%的光伏组件、30%的光伏逆变器、50%的光伏玻璃，皆是“安徽造”。战略性新兴产业对安徽工业经济增长的贡献率达60%以上。

逐绿向新，安徽不断厚植制造业绿色本底。2025年，安徽新能源和节能环保产业，产业营收较“十三五”末增长近3倍，环保产业营收跃居全国第二。

浙江省丽水市缙云县仙都街道党工委书记丁艺——

采石坑成了“聚宝盆”

本报记者  窦  皓

浙江省丽水市缙云县仙都景区，鼎湖峰下流水潺潺，四周山峦起伏、风光秀丽。背靠秀山丽水，鼎湖村里的民宿也多了起来。“岩宕改造，加上本来风景就好，吸引了不少周边城市的游客前来度假。”鼎湖村民宿老板李辉说。

缙云被誉为“千年古石城”，凝灰岩储量丰富，采石历史悠久，曾经的鼎湖峰也是灰头土脸。上世纪90年代，为保护山体，缙云县叫停采石业，3000多个因采石活动而形成的岩宕就此“沉睡”。

如何变绿水青山为金山银山？当地招引设计师对废弃岩宕进行微改造，打造成为露天书房、剧场、户外展厅和大型舞台等公共文化空间。

9号岩宕因形似喇叭，铺设隔音材料后化身为演出剧场；10号岩宕成为露天展厅，从3米高的观景台俯瞰中央，一场摄影展正在进行……

“2023年，缙云岩宕向游客开放，带动了周边民宿、咖啡馆、文创店的发展。曾经因采石而伤痕累累的山体，化作‘金山银山’。”缙云县仙都街道党工委书记丁艺说。

在丽水市松阳县，同样依托秀美的自然风光和深厚的人文底蕴，破败的古村落“活”了起来。

在鸟鸣声中睁开眼，打开复古落地窗：苍翠山峦的掩映下，溪水缓缓流淌，百年石拱桥横跨水面。在松阳县三都乡松庄村桃野民宿，来自杭州的游客郭雯，看到这样一幅乡村美景图。“老在城市里的‘钢铁森林’里生活，就想到这样的村庄，闲适地躺着。”郭雯说。

有着600余年历史的松庄村，曾一片萧条——许多村民外出打工，空有一座座陈旧的土房。

2016年，松阳县开展“拯救老屋行动”，松庄村系统修缮古民居、古桥、古道，还建设了观景长廊和游步道。有了更加健全的基础设施，村里也将视野投向了文旅。

“历经风雨的老房子、热气腾腾的烟火气、无限生机的山水，深深地打动了我。”作为桃野民宿的负责人，来自上海的孙培，一口气签下18栋老屋，从此扎根。以桃野民宿为起点，孙培鼓励村民参与涂鸦艺术创作，精心打造文化空间，组织艺术活动，为乡村旅游增添了别样魅力。

目前，丽水全市1662个村庄成为A级景区村，农民在家门口吃上“旅游饭”，“丽水山居”成为区域公用品牌。2024年，全市“丽水山居”农家乐民宿达3329户，从业人员1.2万人。

另一面，则是丽水持续向好的自然环境。2024年，丽水市森林覆盖率达80.3%；9个县（市、区）空气质量优良率均超过97.3%，国控、省控断面水质达标率连续多年保持100%。

丽水市委常委、常务副市长楼志坚表示，丽水将继续以顶格标准保护生态环境，完善生态文明共建共治共享机制，全面落实生态福祉，源源不断释放绿水青山生态红利。

上海市崇明区仙桥村党建督导员管仕忠——

好生态就是最好的广告

本报记者  姜泓冰

连片农田阡陌纵横，农家院里栽花种草，水渠道路处处干净整洁，不见一点垃圾；村头垃圾房里，干湿垃圾箱标识清楚，还有处理湿垃圾的专用设备；村中，村民大食堂、咖吧、茶室、村史馆、蔬果采摘园、农产品展示中心、无人售卖的自助式便利店等一应俱全……

这里，是上海市崇明区竖新镇仙桥村，一座位于崇明岛中部的普通村庄，宁静祥和，又时尚便利，处处显露着勃勃生机。

仙桥村的勃勃生机，得益于生态改善，环境变美。

党的十八大以来，长江经济带走上生态优先、绿色发展之路，共抓大保护，不搞大开发。把守着长江入海口的崇明岛，全面展开世界级生态岛建设，如今岛上地表水水质达标率100%，空气优良率常年保持在90%，森林覆盖率达21.64%，湿地保护率达60.73%，接连获评中国天然氧吧、中国气候宜居城市、国际湿地城市等称号，东滩候鸟栖息地成为上海首个世界自然遗产。

“这些数据、称号落在村民的生活中，是蓝天白云、清水绿岸。空气好了，环境美了，村容村貌焕然一新，村民生活很舒服。”68岁的管仕忠在仙桥村工作、生活了大半辈子，当过仙桥村党总支书记、村委会主任，现在仍是村里的党建督导员，对村里的一草一木、村民生活的点滴变化全都了如指掌。

在上海市区工作和定居的仙桥村年轻人，越来越愿意“常回家看看”。管仕忠的独生女儿在上海市区工作，“以前他们工作忙，嫌折腾，不愿意回村，现在孙子吵着要来，因为村里环境好，有的吃、有的玩，能体验传统习俗，了解播种、插秧、采摘等农业知识。年轻人会带同事同学来玩，大家都喜欢。”管仕忠说。

这两年，村里建起了大食堂，方便村民招待不时回乡的子女和亲朋。遇上结婚办喜酒、生小孩办满月酒等，大食堂也是聚会好场所，省心省力又安全实惠。

好生态、好环境，不断变成好收益。

管仕忠在村党总支书记任上时，陆续为仙桥村引入了适合年轻人生活情趣的咖吧、茶室、土布馆等新空间，游客能在其间享受地道的崇明乡村美食、特色点心、传统工艺。“不用打广告，村里每年就能吸引来七八万人次的游客。”管仕忠说，新的产业收入为仙桥村注入了更多的活力。

“在崇明，人人享有优美生态环境，大家共享发展成果，生活过得越来越好。”管仕忠说。",,绿色,,https://paper.people.com.cn/rmrb/pc/content/202601/05/content_30129335.html,2026-01-05,"['长江', '生态', '绿色', '江津', '九江', '发展', '管仕忠', '仙桥', '丽水', '民宿']","火烈鸟在江苏省东台市条子泥湿地上空飞翔。孙家录摄（新华社发）
火烈鸟在江苏省东台市条子泥湿地上空飞翔。
孙家录摄（新华社发）",政治,,,[]
共创共享美好生活（民生一线）,"山西太原万柏林区，志愿者上门为老人介绍智能适老化产品。万柏林区融媒体中心供图
山西太原万柏林区，志愿者上门为老人介绍智能适老化产品。
万柏林区融媒体中心供图
索南拉旦（左一）向尼玛拉毛（左三）解读育儿补贴政策。受访者供图
索南拉旦（左一）向尼玛拉毛（左三）解读育儿补贴政策。
受访者供图
福建厦门市总工会为新就业形态劳动者提供免费体检。潘书婷摄
福建厦门市总工会为新就业形态劳动者提供免费体检。
潘书婷摄
习近平主席在二〇二六年新年贺词中指出：“民生无小事，枝叶总关情。过去一年，新就业群体权益有了进一步保障，适老化改造给老年人带来方便，育儿家庭每月多了300元补贴。柴米油盐、三餐四季，每个‘小家’热气腾腾，中国这个‘大家’就蒸蒸日上。”
中国式现代化，民生为大。群众的获得感、幸福感、安全感书写在物阜民丰、万家灯火中。今年是“十五五”开局之年，新起点上，我们要继续用心用情解决群众急难愁盼问题，书写温暖人心的民生答卷，共创共享美好生活。
——编  者
福建厦门保障新就业群体权益
“有了骑手友好地图，心里更从容”
本报记者  施  钰
临近饭点，福建厦门的外卖骑手张清源把电动车停在厦门大学附属第一医院的外卖骑手专属停车区域，再去楼内送餐。
“医院里路线复杂、空间狭小，新骑手走错路、找不到地方停车是常有的事，送一单进去再出来，甚至要花上20分钟。”张清源说。
2025年10月开始，厦门大学附属第一医院推出骑手友好地图，明确标注通行路线与禁行区域，并在院区内规划出专门的骑手停车区域，设置醒目的引导标识。如今，骑手在这里的送单时间能节省约两分钟。“别小看这两分钟，订单可能就不会超时，有了骑手友好地图，心里更从容。”张清源说。
“医院就诊量大，对外卖的需求多。”厦门大学附属第一医院党委书记郑林雄介绍，“我们还在病房楼等外卖单量集中的区域开辟了骑手休息点，提供充电、饮水等服务。”
“骑手休息点增加了不少，职业保险可选种类变多了，交社保也更方便了，工会还组织节日活动和免费体检……”细数这两年的变化，张清源真切感受到骑手权益保障越来越完善。
“据不完全统计，目前厦门新就业形态劳动者近50万人，其中配送和快递骑手约10万人。”厦门市人力资源和社会保障局劳动关系处负责人介绍，聚焦新就业形态劳动者急难愁盼问题，厦门从法治保障、体制机制、权益维护、服务供给等方面发力，保障新就业群体权益。
目前，厦门市有20余万人以灵活就业身份参加职工基本养老保险和医疗保险，1300余名快递行业从业人员单独参加工伤保险，职业伤害保障试点覆盖全市出行、即时配送、同城货运三大行业共11.23万人。厦门市开放700余处工会驿站、邮政驿站、暖心聚“新”驿站，在25座人行天桥增设坡道，在重要交通要道增设电动车道，针对新就业形态劳动者广泛开展“惠新房”“爱新餐”活动，推动暖“新”服务提质增效。
【链接】新就业形态劳动者的权益保障机制不断完善。2025年，人力资源社会保障部会同有关部门实施新就业形态劳动者权益保障提升专项行动，多次联合有关部门约谈头部企业平台督促整改突出问题，推动平台企业用工合规意识明显增强，劳动规则算法不断优化。
职业伤害保障覆盖更广。自2025年7月起，人力资源社会保障部在总结此前经验的基础上，从扩容省份、新增企业、拓宽行业分步骤渐进式推进职业伤害保障试点扩围工作，试点范围从7个省份扩大到17个省份，覆盖出行、即时配送、同城货运3个行业的11家平台企业。截至2025年11月底，累计参保人数超过2420万人，参保订单超过619亿单，在试点地区和试点平台企业总体做到“每单必保、每人必保”。
劳动纠纷化解高效推进。人社部门积极参与推进综治中心规范化建设，开展新就业形态劳动纠纷一站式调解工作，已建设一站式调解中心3000余家，构建起覆盖全国的多元联合调解工作网络。全国总工会联合最高人民法院、最高人民检察院共同发布2025年劳动法律监督“一函两书”（《工会劳动法律监督提示函》《工会劳动法律监督意见书》《工会劳动法律监督建议书》）典型案例，推动新就业形态劳动者有关劳动报酬、安全卫生、工伤保险等劳动权益受侵害案件得到及时处理。
平台企业保障更加健全。2025年，各大平台推出针对新就业群体的保障举措，京东为全职骑手缴纳五险一金；美团推出面向全体骑手的养老保险补贴方案，社保补贴覆盖全国。
（本报记者  邱超奕整理）
青海久治县落实育儿补贴政策
“工作人员手把手教，我很快拿到这笔钱”
本报记者  江  萌
“多亏您帮忙，我们顺利领到了二宝的育儿补贴。”一见到索南拉旦，智青松多镇牧民尼玛拉毛便向这名镇卫生院院长表达感谢。
尼玛拉毛生活在青海省果洛藏族自治州久治县，该县平均海拔在4000米以上，是高原牧业县。“牧民居住分散、交通不便，还有不少牧民不懂汉语，育儿补贴政策落地存在客观挑战，我们要克服困难，让牧民及时拿到这笔钱。”久治县卫生健康局副局长才昂拉毛介绍。
为了让育儿补贴精准直达牧区群众，久治县加大宣传力度，将好政策送到家门口。“我们第一时间印制汉藏双语海报，在公众号和视频号上发布藏语视频，在村里用藏语广播循环播放。”才昂拉毛说，“补贴可以直接在线上申请，不会操作还有专人协助。”
“乡政府工作人员在村里的微信群里发了申请指南，工作人员手把手教，我很快拿到这笔钱。”久治县哇尔依乡赛池村牧民班玛托常说，他最小的孩子符合条件，申请后没几天，3600元的育儿补贴就到账了。
“我们加强主动识别，力争不漏一户。每个乡镇都有专干和村医，他们熟悉村情民情，能精准发现符合条件的家庭。”才昂拉毛说。
尼玛拉毛家的情况就是索南拉旦在工作中主动识别出来的。“她家有两个小孩，大宝一岁多，二宝2025年10月刚出生。大宝已经领到了2025年度的3600元补贴，但迟迟没见她提交二宝的申请材料。”索南拉旦说。
眼瞅着申请截止日期临近，索南拉旦从镇卫生院驱车10多公里找上了门。原来，尼玛拉毛夫妻不知道刚出生的二宝也能领补贴，索南拉旦连忙帮他们准备材料，赶在截止日期前提交了申请。
尼玛拉毛很感动：“这笔钱够二宝喝三四个月的奶粉了，帮了我们大忙。”
截至2025年底，青海已为17万名3岁以下婴幼儿发放补贴资金5.4亿元。为确保符合条件的育儿家庭及时足额享受政策，青海将落实育儿补贴政策作为民生实事重点任务推进，印发实施方案，调取卫健、公安、民政等多部门数据，实现信息实时共享，确保政策精准覆盖。
【链接】近年来，我国加快完善生育支持政策体系，推出育儿补贴政策，持续优化托育服务供给，增加普惠托位。进一步降低育儿成本，推动建设生育友好型社会。
2025年7月，中办、国办印发《育儿补贴制度实施方案》，明确从2025年1月1日起，对符合法律、法规规定生育的3周岁以下婴幼儿发放每孩每年3600元补贴，至其年满3周岁。2025年8月以来，各地陆续开放育儿补贴申领。截至2025年底，31个省份已发放育儿补贴，发放人数超过2400万。今年1月5日，2026年育儿补贴将全面开放申领。
托育服务供给不断增加。目前，全国托育服务机构达12.6万家，托位数达665.7万个，每千人口托位数达4.73个，地市级托育综合服务中心达254家，地市级覆盖率达61%。“十四五”时期，全国托育服务机构总数增加了6.6万家，增幅达到110%，托位总数增加了379万个，增幅达到132%。
托育服务价格持续下降。2025年新增的普惠性托位达89万个。“十四五”时期，全国共有9个省份出台托育服务的补贴制度，1315个县（市、区、旗）出台了托育的建设补贴、运营补贴、家庭消费券等支持措施，全国的全日托平均价格降幅达到29%。
托育服务质量有效提升。2025年，全国8万家托育服务机构与医疗卫生机构签约，接受专业的卫生健康指导，为入托的婴幼儿建立健康成长档案，开展健康检查和生长发育监测等服务。
（本报记者  申少铁整理）
山西太原推进适老化改造
“家里装了智能设备，安全感满满”
本报记者  郑洋洋
走进山西太原万柏林区东风社区党群服务中心，暖意扑面而来。服务台前，供借用的拐杖静静倚立；自助办理机可选大字界面，清晰好懂；辅助共享区里，轮椅、一键报警器等整齐摆放。
“我们社区有2200多名60岁以上的老年人，在总人口中占比达27%。”东风社区党委书记岳柱清介绍，社区重点推进独居、伤残、困难老人家庭的适老化改造以及公共服务区域的适老化改造，包括室内便利行走、如厕洗澡安全、居家环境改善、智能监测跟进、辅助器具适配等。社区同步加强信息化建设，探索智慧养老新模式。
68岁的东风社区东风小区居民周绍来，抬手展示智能手表，“能测心率，还能防跌倒报警。”他又按下家门口的智能门铃，“通过远程摄像头，家人随时能看到我，知道我的进出门情况。”
走进万柏林区大王社区美林湾小区居民韩双福家中，淋浴椅、马桶助力架稳稳当当安装在卫生间里；房间地面铺了防滑地垫，墙角加装了扶手。“以前总怕摔倒，现在社区帮我们在家里装了智能设备，安全感满满。”韩双福说。
老人许晔因脑梗行动不便，洗澡成了一大难题。因为老人家属也上了年纪，于是求助社区，很快就迎来了上门服务的工作人员，解了燃眉之急。
智能设备的实时数据、上门服务的精准调度，都依托一个关键枢纽——万柏林区数字养老服务调度指挥中心搭建的智慧养老服务平台。“老人跌倒、心率异常，或是燃气报警，平台会第一时间推送预警信息，同步通知家属和网格员，为社区老人筑起了全天候的安全屏障。”岳柱清说。
“自2021年起，全区已为1500余户老年人安装适老化智能设备，有助于解决独居、空巢老人居家安全难题。”万柏林区民政局副局长任娟介绍，当前正稳步推进惠及3000户家庭的适老化智能化改造工作。
同时，依托山西省“晋孝焕新”行动，适老化改造正从“特惠救助”转向“普惠消费”，6大类25种产品覆盖从居家环境改造到智能辅助的全场景需求，按产品实际销售价格的30%给予补贴，山西省居民每人累计最高可享受1.8万元补贴。
【链接】2025年，覆盖城乡的养老服务体系更加完善，适老化改造持续推进，老年人生活更加便利、舒心。“十四五”时期，我国完成特殊困难老年人家庭适老化改造224万户，建成示范性社区居家养老服务网络500个、示范性老年友好型社区2990个、老年助餐点8.6万个。高龄津贴、经济困难老年人服务补贴、失能老年人护理补贴等各类津补贴惠及5051万老年人。
加大资金投入力度。居家社区养老服务持续深化，中央财政投入9亿元资金支持50个项目地区建设家庭养老床位、提供上门服务，让居家养老的老年人“床边有照护、周边有服务”。为加快补齐农村养老服务短板，国家投入2.96亿元财政资金，支持59个地区开展县域养老服务体制机制创新试点。
科技赋能养老服务。智能陪伴机器人、外骨骼机器人、智能护理床、智能助浴设备等智慧产品和服务触手可及，提升了养老服务质效和老年人生活品质。
2026年1月起，一批重要国家标准开始实施，其中一些标准跟老年人密切相关。《健身器材适老化通用要求》推荐性国家标准规定了健身器材适老化的通用要求；《坐便椅》推荐性国家标准规定了坐便椅的分类、技术要求、检验规则等；《智能多媒体终端适老化水平评价方法》推荐性国家标准规定了智能多媒体终端的适老化功能的测试和评价方法。
（本报记者  孟祥夫整理）","# 共创共享美好生活（民生一线）

> 《人民日报》（2026年01月05日第 10 版）

山西太原万柏林区，志愿者上门为老人介绍智能适老化产品。　　万柏林区融媒体中心供图

山西太原万柏林区，志愿者上门为老人介绍智能适老化产品。

万柏林区融媒体中心供图

索南拉旦（左一）向尼玛拉毛（左三）解读育儿补贴政策。　　受访者供图

索南拉旦（左一）向尼玛拉毛（左三）解读育儿补贴政策。

受访者供图

福建厦门市总工会为新就业形态劳动者提供免费体检。　　潘书婷摄

福建厦门市总工会为新就业形态劳动者提供免费体检。

潘书婷摄

习近平主席在二〇二六年新年贺词中指出：“民生无小事，枝叶总关情。过去一年，新就业群体权益有了进一步保障，适老化改造给老年人带来方便，育儿家庭每月多了300元补贴。柴米油盐、三餐四季，每个‘小家’热气腾腾，中国这个‘大家’就蒸蒸日上。”

中国式现代化，民生为大。群众的获得感、幸福感、安全感书写在物阜民丰、万家灯火中。今年是“十五五”开局之年，新起点上，我们要继续用心用情解决群众急难愁盼问题，书写温暖人心的民生答卷，共创共享美好生活。

——编  者

福建厦门保障新就业群体权益

“有了骑手友好地图，心里更从容”

本报记者  施  钰

临近饭点，福建厦门的外卖骑手张清源把电动车停在厦门大学附属第一医院的外卖骑手专属停车区域，再去楼内送餐。

“医院里路线复杂、空间狭小，新骑手走错路、找不到地方停车是常有的事，送一单进去再出来，甚至要花上20分钟。”张清源说。

2025年10月开始，厦门大学附属第一医院推出骑手友好地图，明确标注通行路线与禁行区域，并在院区内规划出专门的骑手停车区域，设置醒目的引导标识。如今，骑手在这里的送单时间能节省约两分钟。“别小看这两分钟，订单可能就不会超时，有了骑手友好地图，心里更从容。”张清源说。

“医院就诊量大，对外卖的需求多。”厦门大学附属第一医院党委书记郑林雄介绍，“我们还在病房楼等外卖单量集中的区域开辟了骑手休息点，提供充电、饮水等服务。”

“骑手休息点增加了不少，职业保险可选种类变多了，交社保也更方便了，工会还组织节日活动和免费体检……”细数这两年的变化，张清源真切感受到骑手权益保障越来越完善。

“据不完全统计，目前厦门新就业形态劳动者近50万人，其中配送和快递骑手约10万人。”厦门市人力资源和社会保障局劳动关系处负责人介绍，聚焦新就业形态劳动者急难愁盼问题，厦门从法治保障、体制机制、权益维护、服务供给等方面发力，保障新就业群体权益。

目前，厦门市有20余万人以灵活就业身份参加职工基本养老保险和医疗保险，1300余名快递行业从业人员单独参加工伤保险，职业伤害保障试点覆盖全市出行、即时配送、同城货运三大行业共11.23万人。厦门市开放700余处工会驿站、邮政驿站、暖心聚“新”驿站，在25座人行天桥增设坡道，在重要交通要道增设电动车道，针对新就业形态劳动者广泛开展“惠新房”“爱新餐”活动，推动暖“新”服务提质增效。

【链接】新就业形态劳动者的权益保障机制不断完善。2025年，人力资源社会保障部会同有关部门实施新就业形态劳动者权益保障提升专项行动，多次联合有关部门约谈头部企业平台督促整改突出问题，推动平台企业用工合规意识明显增强，劳动规则算法不断优化。

职业伤害保障覆盖更广。自2025年7月起，人力资源社会保障部在总结此前经验的基础上，从扩容省份、新增企业、拓宽行业分步骤渐进式推进职业伤害保障试点扩围工作，试点范围从7个省份扩大到17个省份，覆盖出行、即时配送、同城货运3个行业的11家平台企业。截至2025年11月底，累计参保人数超过2420万人，参保订单超过619亿单，在试点地区和试点平台企业总体做到“每单必保、每人必保”。

劳动纠纷化解高效推进。人社部门积极参与推进综治中心规范化建设，开展新就业形态劳动纠纷一站式调解工作，已建设一站式调解中心3000余家，构建起覆盖全国的多元联合调解工作网络。全国总工会联合最高人民法院、最高人民检察院共同发布2025年劳动法律监督“一函两书”（《工会劳动法律监督提示函》《工会劳动法律监督意见书》《工会劳动法律监督建议书》）典型案例，推动新就业形态劳动者有关劳动报酬、安全卫生、工伤保险等劳动权益受侵害案件得到及时处理。

平台企业保障更加健全。2025年，各大平台推出针对新就业群体的保障举措，京东为全职骑手缴纳五险一金；美团推出面向全体骑手的养老保险补贴方案，社保补贴覆盖全国。

（本报记者  邱超奕整理）

青海久治县落实育儿补贴政策

“工作人员手把手教，我很快拿到这笔钱”

本报记者  江  萌

“多亏您帮忙，我们顺利领到了二宝的育儿补贴。”一见到索南拉旦，智青松多镇牧民尼玛拉毛便向这名镇卫生院院长表达感谢。

尼玛拉毛生活在青海省果洛藏族自治州久治县，该县平均海拔在4000米以上，是高原牧业县。“牧民居住分散、交通不便，还有不少牧民不懂汉语，育儿补贴政策落地存在客观挑战，我们要克服困难，让牧民及时拿到这笔钱。”久治县卫生健康局副局长才昂拉毛介绍。

为了让育儿补贴精准直达牧区群众，久治县加大宣传力度，将好政策送到家门口。“我们第一时间印制汉藏双语海报，在公众号和视频号上发布藏语视频，在村里用藏语广播循环播放。”才昂拉毛说，“补贴可以直接在线上申请，不会操作还有专人协助。”

“乡政府工作人员在村里的微信群里发了申请指南，工作人员手把手教，我很快拿到这笔钱。”久治县哇尔依乡赛池村牧民班玛托常说，他最小的孩子符合条件，申请后没几天，3600元的育儿补贴就到账了。

“我们加强主动识别，力争不漏一户。每个乡镇都有专干和村医，他们熟悉村情民情，能精准发现符合条件的家庭。”才昂拉毛说。

尼玛拉毛家的情况就是索南拉旦在工作中主动识别出来的。“她家有两个小孩，大宝一岁多，二宝2025年10月刚出生。大宝已经领到了2025年度的3600元补贴，但迟迟没见她提交二宝的申请材料。”索南拉旦说。

眼瞅着申请截止日期临近，索南拉旦从镇卫生院驱车10多公里找上了门。原来，尼玛拉毛夫妻不知道刚出生的二宝也能领补贴，索南拉旦连忙帮他们准备材料，赶在截止日期前提交了申请。

尼玛拉毛很感动：“这笔钱够二宝喝三四个月的奶粉了，帮了我们大忙。”

截至2025年底，青海已为17万名3岁以下婴幼儿发放补贴资金5.4亿元。为确保符合条件的育儿家庭及时足额享受政策，青海将落实育儿补贴政策作为民生实事重点任务推进，印发实施方案，调取卫健、公安、民政等多部门数据，实现信息实时共享，确保政策精准覆盖。

【链接】近年来，我国加快完善生育支持政策体系，推出育儿补贴政策，持续优化托育服务供给，增加普惠托位。进一步降低育儿成本，推动建设生育友好型社会。

2025年7月，中办、国办印发《育儿补贴制度实施方案》，明确从2025年1月1日起，对符合法律、法规规定生育的3周岁以下婴幼儿发放每孩每年3600元补贴，至其年满3周岁。2025年8月以来，各地陆续开放育儿补贴申领。截至2025年底，31个省份已发放育儿补贴，发放人数超过2400万。今年1月5日，2026年育儿补贴将全面开放申领。

托育服务供给不断增加。目前，全国托育服务机构达12.6万家，托位数达665.7万个，每千人口托位数达4.73个，地市级托育综合服务中心达254家，地市级覆盖率达61%。“十四五”时期，全国托育服务机构总数增加了6.6万家，增幅达到110%，托位总数增加了379万个，增幅达到132%。

托育服务价格持续下降。2025年新增的普惠性托位达89万个。“十四五”时期，全国共有9个省份出台托育服务的补贴制度，1315个县（市、区、旗）出台了托育的建设补贴、运营补贴、家庭消费券等支持措施，全国的全日托平均价格降幅达到29%。

托育服务质量有效提升。2025年，全国8万家托育服务机构与医疗卫生机构签约，接受专业的卫生健康指导，为入托的婴幼儿建立健康成长档案，开展健康检查和生长发育监测等服务。

（本报记者  申少铁整理）

山西太原推进适老化改造

“家里装了智能设备，安全感满满”

本报记者  郑洋洋

走进山西太原万柏林区东风社区党群服务中心，暖意扑面而来。服务台前，供借用的拐杖静静倚立；自助办理机可选大字界面，清晰好懂；辅助共享区里，轮椅、一键报警器等整齐摆放。

“我们社区有2200多名60岁以上的老年人，在总人口中占比达27%。”东风社区党委书记岳柱清介绍，社区重点推进独居、伤残、困难老人家庭的适老化改造以及公共服务区域的适老化改造，包括室内便利行走、如厕洗澡安全、居家环境改善、智能监测跟进、辅助器具适配等。社区同步加强信息化建设，探索智慧养老新模式。

68岁的东风社区东风小区居民周绍来，抬手展示智能手表，“能测心率，还能防跌倒报警。”他又按下家门口的智能门铃，“通过远程摄像头，家人随时能看到我，知道我的进出门情况。”

走进万柏林区大王社区美林湾小区居民韩双福家中，淋浴椅、马桶助力架稳稳当当安装在卫生间里；房间地面铺了防滑地垫，墙角加装了扶手。“以前总怕摔倒，现在社区帮我们在家里装了智能设备，安全感满满。”韩双福说。

老人许晔因脑梗行动不便，洗澡成了一大难题。因为老人家属也上了年纪，于是求助社区，很快就迎来了上门服务的工作人员，解了燃眉之急。

智能设备的实时数据、上门服务的精准调度，都依托一个关键枢纽——万柏林区数字养老服务调度指挥中心搭建的智慧养老服务平台。“老人跌倒、心率异常，或是燃气报警，平台会第一时间推送预警信息，同步通知家属和网格员，为社区老人筑起了全天候的安全屏障。”岳柱清说。

“自2021年起，全区已为1500余户老年人安装适老化智能设备，有助于解决独居、空巢老人居家安全难题。”万柏林区民政局副局长任娟介绍，当前正稳步推进惠及3000户家庭的适老化智能化改造工作。

同时，依托山西省“晋孝焕新”行动，适老化改造正从“特惠救助”转向“普惠消费”，6大类25种产品覆盖从居家环境改造到智能辅助的全场景需求，按产品实际销售价格的30%给予补贴，山西省居民每人累计最高可享受1.8万元补贴。

【链接】2025年，覆盖城乡的养老服务体系更加完善，适老化改造持续推进，老年人生活更加便利、舒心。“十四五”时期，我国完成特殊困难老年人家庭适老化改造224万户，建成示范性社区居家养老服务网络500个、示范性老年友好型社区2990个、老年助餐点8.6万个。高龄津贴、经济困难老年人服务补贴、失能老年人护理补贴等各类津补贴惠及5051万老年人。

加大资金投入力度。居家社区养老服务持续深化，中央财政投入9亿元资金支持50个项目地区建设家庭养老床位、提供上门服务，让居家养老的老年人“床边有照护、周边有服务”。为加快补齐农村养老服务短板，国家投入2.96亿元财政资金，支持59个地区开展县域养老服务体制机制创新试点。

科技赋能养老服务。智能陪伴机器人、外骨骼机器人、智能护理床、智能助浴设备等智慧产品和服务触手可及，提升了养老服务质效和老年人生活品质。

2026年1月起，一批重要国家标准开始实施，其中一些标准跟老年人密切相关。《健身器材适老化通用要求》推荐性国家标准规定了健身器材适老化的通用要求；《坐便椅》推荐性国家标准规定了坐便椅的分类、技术要求、检验规则等；《智能多媒体终端适老化水平评价方法》推荐性国家标准规定了智能多媒体终端的适老化功能的测试和评价方法。

（本报记者  孟祥夫整理）",,社会,编组_20260314_0936_06,https://paper.people.com.cn/rmrb/pc/content/202601/05/content_30129338.html,2026-01-05,"['补贴', '2025', '育儿', '骑手', '老化', '托育', '服务', '万柏林区', '智能', '社区']","山西太原万柏林区，志愿者上门为老人介绍智能适老化产品。万柏林区融媒体中心供图
山西太原万柏林区，志愿者上门为老人介绍智能适老化产品。
万柏林区融媒体中心供图",政治,series_efb40153,1.0,['善举有温度，更要有精度（民生观）']
善举有温度，更要有精度（民生观）,"细腻而有分寸的关怀，让暂时处于逆境中的人们，重新找回信心与力量
在安徽淮南一所中学，一则黑板上的留言引发广泛关注。留言中写道：“各位高三（1）班的学长学姐，能不能将你们的瓶子集中放在一个地方，我会来收。”
写下留言的是一名高二学生，因为母亲生病，他希望通过收废瓶子攒钱，帮父母减轻负担。“替我们家庭感谢学长学姐，祝学长学姐考上理想大学！”黑板上，这名学生的感谢与祝福，打动了不少人。
短短几句话，勾勒出一个乐观又自强的少年形象：家庭遇到了困难，他没有自怨自艾，而是努力寻找解决问题的办法；坦然说出自己的困境，勇敢向外界寻求帮助；对伸出援手的人真诚表达感谢和祝福……
为了帮助这名学生，学校在每个班级都放置了存放废瓶的容器，便于他在放学后前往各班收走；在社会上的爱心人士表达帮扶意愿后，因学生表示不愿接受资助，学校帮其婉拒；针对学生的实际情况，学校制定了相应的帮扶措施。每一个细节，都体现着对这名同学的尊重，全校师生共同营造了充满温暖与善意的环境，让陷入困难的同学充满力量，不再独行。
人生难免遇到逆境，在逆境中自强不息的精神令人敬佩。在风雨中为受助者的自尊撑一把伞的做法，同样可贵。这样的故事还有很多：一些高校通过大数据分析，默默地把补贴打进困难学生的饭卡里，保护他们的隐私；很多学校提供勤工俭学岗位，让学生通过努力工作支付学费、改善生活……
善举有温度，更要有精度，让暂时处于逆境中的人们，重新找回信心与力量。那些细腻而有分寸的关怀，在陪伴受助者渡过一时的难关之后，更能燃起他们内心深处那盏自爱、自信与自强的灯，持久地照亮人生之路。","# 善举有温度，更要有精度（民生观）

> 白真智《人民日报》（2026年01月05日第 10 版）

细腻而有分寸的关怀，让暂时处于逆境中的人们，重新找回信心与力量

在安徽淮南一所中学，一则黑板上的留言引发广泛关注。留言中写道：“各位高三（1）班的学长学姐，能不能将你们的瓶子集中放在一个地方，我会来收。”

写下留言的是一名高二学生，因为母亲生病，他希望通过收废瓶子攒钱，帮父母减轻负担。“替我们家庭感谢学长学姐，祝学长学姐考上理想大学！”黑板上，这名学生的感谢与祝福，打动了不少人。

短短几句话，勾勒出一个乐观又自强的少年形象：家庭遇到了困难，他没有自怨自艾，而是努力寻找解决问题的办法；坦然说出自己的困境，勇敢向外界寻求帮助；对伸出援手的人真诚表达感谢和祝福……

为了帮助这名学生，学校在每个班级都放置了存放废瓶的容器，便于他在放学后前往各班收走；在社会上的爱心人士表达帮扶意愿后，因学生表示不愿接受资助，学校帮其婉拒；针对学生的实际情况，学校制定了相应的帮扶措施。每一个细节，都体现着对这名同学的尊重，全校师生共同营造了充满温暖与善意的环境，让陷入困难的同学充满力量，不再独行。

人生难免遇到逆境，在逆境中自强不息的精神令人敬佩。在风雨中为受助者的自尊撑一把伞的做法，同样可贵。这样的故事还有很多：一些高校通过大数据分析，默默地把补贴打进困难学生的饭卡里，保护他们的隐私；很多学校提供勤工俭学岗位，让学生通过努力工作支付学费、改善生活……

善举有温度，更要有精度，让暂时处于逆境中的人们，重新找回信心与力量。那些细腻而有分寸的关怀，在陪伴受助者渡过一时的难关之后，更能燃起他们内心深处那盏自爱、自信与自强的灯，持久地照亮人生之路。",白真智,社会,编组_20260314_0936_06,https://paper.people.com.cn/rmrb/pc/content/202601/05/content_30129339.html,2026-01-05,"['逆境', '学姐', '学生', '学长', '留言', '受助者', '这名', '学校', '感谢', '善举']","细腻而有分寸的关怀，让暂时处于逆境中的人们，重新找回信心与力量
在安徽淮南一所中学，一则黑板上的留言引发广泛关注。留言中写道：“各位高三（1）班的学长学姐，能不能将你们的瓶子集中放在一个地方，我会来收。”
写下留言的是一名高二学生，因为母亲生病，他希望通过收废瓶子攒钱，帮父母减轻负担。“替我们家庭感谢学长学姐，祝学长学姐考上理想大学！”黑板上，这名学生的感谢与祝福，打动了不少人。",社会,series_efb40153,2.0,['共创共享美好生活（民生一线）']
加强安全监管，促进人工智能健康发展（法治聚焦）,"制图：张芳曼
制图：张芳曼
2025年10月28日，十四届全国人大常委会第十八次会议表决通过关于修改网络安全法的决定，修改后的法律自2026年1月1日起施行。中央网信办网络法治局有关负责人表示，本次修法回应现实关切，明确支持人工智能发展的措施和安全规定，优化网络安全法律责任，有助于积极应对网络安全风险挑战。
近年来，人工智能技术迅猛发展，成为网络安全风险挑战的新变量，也是提升网络安全保护水平的新增量。新修改的网络安全法第二十条规定：国家支持人工智能基础理论研究和算法等关键技术研发，推进训练数据资源、算力等基础设施建设，完善人工智能伦理规范，加强风险监测评估和安全监管，促进人工智能应用和健康发展。此外，该法同时明确支持运用人工智能提升网络安全保护水平。
“网络安全法的这一修改，体现了统筹发展和安全的立场。”中国政法大学法治政府研究院院长、教授赵鹏表示，“既要支持、鼓励技术的创新与发展，又要推动其平稳地融入社会之中，从而保护受影响的法律权益。”
不久前，北京某企业开发的APP被查明，在后台运行且用户未使用任何功能情况下，收集上传用户应用程序安装、卸载信息。用户使用上传AI头像等功能时，调用非必要存储权限。
网信部门认定，其行为超出了实现个人信息处理目的最小必要范围，同时违反网络安全法、个人信息保护法等法律法规，依法责令其改正，并予以警告、罚款处罚。
网络安全法与数据安全法、个人信息保护法等共同构成我国网络安全和数据安全法律体系，做好法律之间的衔接十分重要。
“本次网络安全法的修改加强与数据安全法、个人信息保护法、行政处罚法等相关法律有机衔接，推动形成治理合力。”中国信息通信研究院互联网法律研究中心主任何波表示。例如，在个人信息保护方面，此次修改做好与民法典、个人信息保护法等法律的衔接，明确网络运营者处理个人信息的法律适用。
当前，一些主体仍然存在依法履行网络安全义务的意识不强、投入不够等问题。完善法律责任制度，确保过罚相当，是网络安全法此次修改的重要内容。
此前，某省税务部门一采购项目进行招投标。某通信运营商原本已经中标，但后被查出所投网络关键设备在开标之日前没有通过国家强制安全认证，不具有销售资格，涉嫌虚假应标，导致中标无效。
新修改的网络安全法对于销售或者提供未经安全认证、安全检测或者安全认证不合格、安全检测不符合要求的网络关键设备和网络安全专用产品的，增设了相应的罚则。这有利于促进有关主体履行义务，保障法律有效实施。
赵鹏表示，新修改的网络安全法提高了处置处罚精度。例如，对于网络运营者怠于履行信息安全管理义务的，其处罚标准在原来“一般违法”“拒不改正或者情节严重”两种情形的基础上，增加了“造成特别严重影响、特别严重后果的”情形，并设定了更高的处罚标准，最高罚款1000万元。这有利于区分不同违法情形的法律责任，也有利于推动相关主体依法履行相应的义务。
中央网信办网络法治局有关负责人表示，此次修改坚持过罚相当、处罚与教育相结合的原则，健全行政处罚适用规则，增加衔接性规定，明确违反网络安全法规定但具有行政处罚法规定的从轻、减轻或者不予处罚情形的，依照其规定从轻、减轻或者不予处罚，切实保障网络执法既有力度又有温度。","### 新修改的网络安全法本月起施行——

# 加强安全监管，促进人工智能健康发展（法治聚焦）

## 对销售或提供未经安全认证的网络关键设备增设罚则

> 本报记者  金  歆《人民日报》（2026年01月05日第 11 版）

制图：张芳曼

制图：张芳曼

2025年10月28日，十四届全国人大常委会第十八次会议表决通过关于修改网络安全法的决定，修改后的法律自2026年1月1日起施行。中央网信办网络法治局有关负责人表示，本次修法回应现实关切，明确支持人工智能发展的措施和安全规定，优化网络安全法律责任，有助于积极应对网络安全风险挑战。

近年来，人工智能技术迅猛发展，成为网络安全风险挑战的新变量，也是提升网络安全保护水平的新增量。新修改的网络安全法第二十条规定：国家支持人工智能基础理论研究和算法等关键技术研发，推进训练数据资源、算力等基础设施建设，完善人工智能伦理规范，加强风险监测评估和安全监管，促进人工智能应用和健康发展。此外，该法同时明确支持运用人工智能提升网络安全保护水平。

“网络安全法的这一修改，体现了统筹发展和安全的立场。”中国政法大学法治政府研究院院长、教授赵鹏表示，“既要支持、鼓励技术的创新与发展，又要推动其平稳地融入社会之中，从而保护受影响的法律权益。”

不久前，北京某企业开发的APP被查明，在后台运行且用户未使用任何功能情况下，收集上传用户应用程序安装、卸载信息。用户使用上传AI头像等功能时，调用非必要存储权限。

网信部门认定，其行为超出了实现个人信息处理目的最小必要范围，同时违反网络安全法、个人信息保护法等法律法规，依法责令其改正，并予以警告、罚款处罚。

网络安全法与数据安全法、个人信息保护法等共同构成我国网络安全和数据安全法律体系，做好法律之间的衔接十分重要。

“本次网络安全法的修改加强与数据安全法、个人信息保护法、行政处罚法等相关法律有机衔接，推动形成治理合力。”中国信息通信研究院互联网法律研究中心主任何波表示。例如，在个人信息保护方面，此次修改做好与民法典、个人信息保护法等法律的衔接，明确网络运营者处理个人信息的法律适用。

当前，一些主体仍然存在依法履行网络安全义务的意识不强、投入不够等问题。完善法律责任制度，确保过罚相当，是网络安全法此次修改的重要内容。

此前，某省税务部门一采购项目进行招投标。某通信运营商原本已经中标，但后被查出所投网络关键设备在开标之日前没有通过国家强制安全认证，不具有销售资格，涉嫌虚假应标，导致中标无效。

新修改的网络安全法对于销售或者提供未经安全认证、安全检测或者安全认证不合格、安全检测不符合要求的网络关键设备和网络安全专用产品的，增设了相应的罚则。这有利于促进有关主体履行义务，保障法律有效实施。

赵鹏表示，新修改的网络安全法提高了处置处罚精度。例如，对于网络运营者怠于履行信息安全管理义务的，其处罚标准在原来“一般违法”“拒不改正或者情节严重”两种情形的基础上，增加了“造成特别严重影响、特别严重后果的”情形，并设定了更高的处罚标准，最高罚款1000万元。这有利于区分不同违法情形的法律责任，也有利于推动相关主体依法履行相应的义务。

中央网信办网络法治局有关负责人表示，此次修改坚持过罚相当、处罚与教育相结合的原则，健全行政处罚适用规则，增加衔接性规定，明确违反网络安全法规定但具有行政处罚法规定的从轻、减轻或者不予处罚情形的，依照其规定从轻、减轻或者不予处罚，切实保障网络执法既有力度又有温度。",金  歆,政治,,https://paper.people.com.cn/rmrb/pc/content/202601/05/content_30129344.html,2026-01-05,"['网络安全', '修改', '人工智能', '个人信息', '处罚', '法律', '保护法', '网络', '安全', '网信']","制图：张芳曼
制图：张芳曼
2025年10月28日，十四届全国人大常委会第十八次会议表决通过关于修改网络安全法的决定，修改后的法律自2026年1月1日起施行。中央网信办网络法治局有关负责人表示，本次修法回应现实关切，明确支持人工智能发展的措施和安全规定，优化网络安全法律责任，有助于积极应对网络安全风险挑战。",政治,,,[]
广告,,"# 广告

> 《人民日报》（2026年01月05日第 12 版）",,广告,,https://paper.people.com.cn/rmrb/pc/content/202601/05/content_30129267.html,2026-01-05,['广告'],,其他,,,[]
与观众的距离，越贴越近（“十五五”文化热词·坚持文化惠民）,"一支竹笛，一个话筒，北京市公园一角，就是一方热闹舞台。连日来，从紫竹院公园，到天桥市民广场，再到北京大运河博物馆共享大厅，中国歌剧舞剧院青年竹笛、排箫演奏员孙楚泊演奏了数十场，线下演出围满观众，线上视频持续“出圈”，观众称赞她“架起了殿堂艺术与市井生活的桥梁”，还有人亲切唤她“国民闺女”。
《赛马》《我爱你中国》《鸿雁》《雪落下的声音》……满怀情感的笛声，时而激越，时而温柔，时而欢快。乐声渐淡，掌声、叫好声随之响起。虽然天气寒冷，公园里却充满热烈的艺术氛围。
不要门票、不用预约，市民、游客散步休憩时，便能与专业演出“撞”个满怀，享受一场面对面、即时互动的公园音乐会。有人举起手机拍摄，有人跟着节奏高歌，有爱好者自发伴奏，还有站在后排的观众干脆打开手机、看起直播……演出有水准，又接地气，打动了在场的每一个人。“我们彼此温暖着。”孙楚泊感慨。
谈起在公园表演的缘起，孙楚泊说，自己之前虽然有不少在基层演出的经历，但地点主要还是剧院、剧场、音乐厅。怎么将艺术带到离观众更近的地方？“艺术是为大众服务的，我琢磨能不能去公园演出，让更多人听到中国传统乐器的声音。”孙楚泊说。
“一开始我还会想，大家会不会喜欢听我吹的曲子。”孙楚泊说。从第一次埋头吹笛，到吸引众多观众，接受大家的互动点曲，再到提前策划下一次的公园“相约”，渐渐地，她受到越来越多人的喜爱。
“在家门口的公园就能欣赏‘国家队’的专业演出，还能点曲、互动，搁以前真是想不到。”60多岁的北京市民李先生是孙楚泊的“铁粉”，即便是寒风凛冽，也阻挡不了他早早蹲守每场演出，“心里暖！有满满的幸福感。”
随着演出越来越多，除了感受到“与观众的心越贴越近”，孙楚泊也有了更多思考。在户外演出，刮风、降温，都会让演奏出现瑕疵；有时观众点的曲目自己并不熟悉，但也因此有更多试奏的机会；还有民间高手会与她探讨一些专业问题……“这些都督促我要保持和舞台上一样的水准，保证一样的完成度，我也给观众承诺‘练好后再交作业’。”孙楚泊说，“我在扎根人民中获得艺术的滋养，收获激励自己不断进步的压力与动力。”
专业演员走入群众生活，与大众对精神文化的需求实现“双向奔赴”。公园的演出里，演员的敬业与群众的热情相映照，这样的场景令人感动——竹笛奏响一曲《北京的金山上》，现场观众不约而同地放声高唱；专业演员与正在学习乐器的孩子合奏，在观众的鼓励声中，展现蓬勃的文化自信、动人的艺术魅力。","### 在北京，专业演员到公园演奏——

# 与观众的距离，越贴越近（“十五五”文化热词·坚持文化惠民）

> 本报记者  郑海鸥《人民日报》（2026年01月05日第 13 版）

一支竹笛，一个话筒，北京市公园一角，就是一方热闹舞台。连日来，从紫竹院公园，到天桥市民广场，再到北京大运河博物馆共享大厅，中国歌剧舞剧院青年竹笛、排箫演奏员孙楚泊演奏了数十场，线下演出围满观众，线上视频持续“出圈”，观众称赞她“架起了殿堂艺术与市井生活的桥梁”，还有人亲切唤她“国民闺女”。

《赛马》《我爱你中国》《鸿雁》《雪落下的声音》……满怀情感的笛声，时而激越，时而温柔，时而欢快。乐声渐淡，掌声、叫好声随之响起。虽然天气寒冷，公园里却充满热烈的艺术氛围。

不要门票、不用预约，市民、游客散步休憩时，便能与专业演出“撞”个满怀，享受一场面对面、即时互动的公园音乐会。有人举起手机拍摄，有人跟着节奏高歌，有爱好者自发伴奏，还有站在后排的观众干脆打开手机、看起直播……演出有水准，又接地气，打动了在场的每一个人。“我们彼此温暖着。”孙楚泊感慨。

谈起在公园表演的缘起，孙楚泊说，自己之前虽然有不少在基层演出的经历，但地点主要还是剧院、剧场、音乐厅。怎么将艺术带到离观众更近的地方？“艺术是为大众服务的，我琢磨能不能去公园演出，让更多人听到中国传统乐器的声音。”孙楚泊说。

“一开始我还会想，大家会不会喜欢听我吹的曲子。”孙楚泊说。从第一次埋头吹笛，到吸引众多观众，接受大家的互动点曲，再到提前策划下一次的公园“相约”，渐渐地，她受到越来越多人的喜爱。

“在家门口的公园就能欣赏‘国家队’的专业演出，还能点曲、互动，搁以前真是想不到。”60多岁的北京市民李先生是孙楚泊的“铁粉”，即便是寒风凛冽，也阻挡不了他早早蹲守每场演出，“心里暖！有满满的幸福感。”

随着演出越来越多，除了感受到“与观众的心越贴越近”，孙楚泊也有了更多思考。在户外演出，刮风、降温，都会让演奏出现瑕疵；有时观众点的曲目自己并不熟悉，但也因此有更多试奏的机会；还有民间高手会与她探讨一些专业问题……“这些都督促我要保持和舞台上一样的水准，保证一样的完成度，我也给观众承诺‘练好后再交作业’。”孙楚泊说，“我在扎根人民中获得艺术的滋养，收获激励自己不断进步的压力与动力。”

专业演员走入群众生活，与大众对精神文化的需求实现“双向奔赴”。公园的演出里，演员的敬业与群众的热情相映照，这样的场景令人感动——竹笛奏响一曲《北京的金山上》，现场观众不约而同地放声高唱；专业演员与正在学习乐器的孩子合奏，在观众的鼓励声中，展现蓬勃的文化自信、动人的艺术魅力。",郑海鸥,文化,编组_20260314_0937_07,https://paper.people.com.cn/rmrb/pc/content/202601/05/content_30129268.html,2026-01-05,"['孙楚泊', '观众', '演出', '公园', '竹笛', '艺术', '专业', '时而', '互动', '点曲']","一支竹笛，一个话筒，北京市公园一角，就是一方热闹舞台。连日来，从紫竹院公园，到天桥市民广场，再到北京大运河博物馆共享大厅，中国歌剧舞剧院青年竹笛、排箫演奏员孙楚泊演奏了数十场，线下演出围满观众，线上视频持续“出圈”，观众称赞她“架起了殿堂艺术与市井生活的桥梁”，还有人亲切唤她“国民闺女”。
《赛马》《我爱你中国》《鸿雁》《雪落下的声音》……满怀情感的笛声，时而激越，时而温柔，时而欢快。乐声渐淡，掌声、叫好声随之响起。虽然天气寒冷，公园里却充满热烈的艺术氛围。
不要门票、不用预约，市民、游客散步休憩时，便能与专业演出“撞”个满怀，享受一场面对面、即时互动的公园音乐会。有人举起手机拍摄，有人跟着节奏高歌，有爱好者自发伴奏，还有站在后排的观众干脆打开手机、看起直播……演出有水准，又接地气，打动了在场的每一个人。“我们彼此温暖着。”孙楚泊感慨。",政治,series_4364f2aa,1.0,"['到基层的脚步，越走越实（“十五五”文化热词·坚持文化惠民）', '坚持文化惠民', '扮靓我们的文艺百花园（快评）']"
到基层的脚步，越走越实（“十五五”文化热词·坚持文化惠民）,"冬阳暖照，笛声悠扬。在河南郑州紫荆山公园，河南民族乐团首席笛箫演奏员于文龙支起话筒，横吹竹笛，欢快旋律很快引来市民围观——身后，乐队伴奏声声入耳；眼前，市民掌声响成一片。
“观众在哪里，舞台就在哪里。离观众更近，才能让大家看到专业水准。”于文龙认为，文艺离不开大众。2025年，乐团所属的河南歌舞演艺集团组织“舞台艺术送基层”活动演出100场，公园成了于文龙爱去的地方。
华灯初上，漯河市梨园春公园又是另一番热闹景象。下沉广场搭起简易戏台。台上，郾城区曲剧团原团长杜香花粉裙轻摆，莲步慢移，一段《桃花庵》唱得婉转细腻。
“唱得真不赖！”老戏迷王爱霞抱着小孙子，听得入神。“小时候在农村，经常追戏班。现在到城里，家门口就有戏。”王爱霞说。
在河南，公园被赋予城市“露天会客厅”的新角色，专业剧团演员的到来，也为城市绿地注入了新活力。
“公园和广场是最接地气的城市公共空间。这里没有围墙、没有门槛，艺术直接走到了市民生活半径里。”豫剧表演艺术家李树建说。从艺数十年，他大部分时间都在剧场演出，也分外珍视乡村、公园等大众场所的共鸣。有一回在公园表演，他看到一位环卫工人站在人群最外侧不住地拍手，“那一刻，‘为民演戏’四个字，有了沉甸甸的分量。”李树建说。
2025年12月，在郑州如意湖文化广场，“咱村有戏”热闹上演。现场，经典豫剧与河南本土喜剧形式“喷空”结合，逗得观众笑声阵阵。南阳宛梆、太康道情等剧种也轮番登场，让冬日里的郑州市民感受到热烈的文化氛围。
河南省文化和旅游厅公共服务处有关负责人介绍，作为河南省戏曲主题群众文化活动，“咱村有戏”在2025年尝试“戏曲+旅游+消费”模式。舞台附近，“非遗市集”摆满文创产品；“扮戏台”前，观众亲手勾画脸谱，体验化装扮角。
受天气、场地等限制，公园和广场难以支撑常态化演出。一些院团负责人反映，公园演出审批流程长、协调环节多，“有时好不容易协调好场地，一场雨就全取消了。”
河南省文化和旅游公共服务专家委员会成员、郑州大学教授汪振军认为，要让专业演员和团体更好地融入群众文化生活，还应兼顾“常”与“新”：既要探索简化审批流程、开辟绿色通道，建立常态化演出保障机制，也需推动形成政府搭台、院团唱戏、社会助力模式，营造“一直在场”的文化生态。
线下扎根，线上延伸。河南歌舞演艺集团副总经理陈静介绍，演艺集团目前已开通社交媒体账号，尝试通过线上直播、短视频等方式突破公园等场所限制、扩大受众覆盖面，助力文化惠民“持久在线”。","### 在河南，舞台艺术送到家门口——

# 到基层的脚步，越走越实（“十五五”文化热词·坚持文化惠民）

> 本报记者  张文豪《人民日报》（2026年01月05日第 13 版）

冬阳暖照，笛声悠扬。在河南郑州紫荆山公园，河南民族乐团首席笛箫演奏员于文龙支起话筒，横吹竹笛，欢快旋律很快引来市民围观——身后，乐队伴奏声声入耳；眼前，市民掌声响成一片。

“观众在哪里，舞台就在哪里。离观众更近，才能让大家看到专业水准。”于文龙认为，文艺离不开大众。2025年，乐团所属的河南歌舞演艺集团组织“舞台艺术送基层”活动演出100场，公园成了于文龙爱去的地方。

华灯初上，漯河市梨园春公园又是另一番热闹景象。下沉广场搭起简易戏台。台上，郾城区曲剧团原团长杜香花粉裙轻摆，莲步慢移，一段《桃花庵》唱得婉转细腻。

“唱得真不赖！”老戏迷王爱霞抱着小孙子，听得入神。“小时候在农村，经常追戏班。现在到城里，家门口就有戏。”王爱霞说。

在河南，公园被赋予城市“露天会客厅”的新角色，专业剧团演员的到来，也为城市绿地注入了新活力。

“公园和广场是最接地气的城市公共空间。这里没有围墙、没有门槛，艺术直接走到了市民生活半径里。”豫剧表演艺术家李树建说。从艺数十年，他大部分时间都在剧场演出，也分外珍视乡村、公园等大众场所的共鸣。有一回在公园表演，他看到一位环卫工人站在人群最外侧不住地拍手，“那一刻，‘为民演戏’四个字，有了沉甸甸的分量。”李树建说。

2025年12月，在郑州如意湖文化广场，“咱村有戏”热闹上演。现场，经典豫剧与河南本土喜剧形式“喷空”结合，逗得观众笑声阵阵。南阳宛梆、太康道情等剧种也轮番登场，让冬日里的郑州市民感受到热烈的文化氛围。

河南省文化和旅游厅公共服务处有关负责人介绍，作为河南省戏曲主题群众文化活动，“咱村有戏”在2025年尝试“戏曲+旅游+消费”模式。舞台附近，“非遗市集”摆满文创产品；“扮戏台”前，观众亲手勾画脸谱，体验化装扮角。

受天气、场地等限制，公园和广场难以支撑常态化演出。一些院团负责人反映，公园演出审批流程长、协调环节多，“有时好不容易协调好场地，一场雨就全取消了。”

河南省文化和旅游公共服务专家委员会成员、郑州大学教授汪振军认为，要让专业演员和团体更好地融入群众文化生活，还应兼顾“常”与“新”：既要探索简化审批流程、开辟绿色通道，建立常态化演出保障机制，也需推动形成政府搭台、院团唱戏、社会助力模式，营造“一直在场”的文化生态。

线下扎根，线上延伸。河南歌舞演艺集团副总经理陈静介绍，演艺集团目前已开通社交媒体账号，尝试通过线上直播、短视频等方式突破公园等场所限制、扩大受众覆盖面，助力文化惠民“持久在线”。",张文豪,文化,编组_20260314_0937_07,https://paper.people.com.cn/rmrb/pc/content/202601/05/content_30129269.html,2026-01-05,"['公园', '文化', '2025', '演出', '有戏', '河南', '文龙', '观众', '演艺', '广场']","冬阳暖照，笛声悠扬。在河南郑州紫荆山公园，河南民族乐团首席笛箫演奏员于文龙支起话筒，横吹竹笛，欢快旋律很快引来市民围观——身后，乐队伴奏声声入耳；眼前，市民掌声响成一片。
“观众在哪里，舞台就在哪里。离观众更近，才能让大家看到专业水准。”于文龙认为，文艺离不开大众。2025年，乐团所属的河南歌舞演艺集团组织“舞台艺术送基层”活动演出100场，公园成了于文龙爱去的地方。
华灯初上，漯河市梨园春公园又是另一番热闹景象。下沉广场搭起简易戏台。台上，郾城区曲剧团原团长杜香花粉裙轻摆，莲步慢移，一段《桃花庵》唱得婉转细腻。",政治,series_4364f2aa,2.0,"['与观众的距离，越贴越近（“十五五”文化热词·坚持文化惠民）', '坚持文化惠民', '扮靓我们的文艺百花园（快评）']"
坚持文化惠民,"“十五五”规划建议提出，坚持文化惠民，实施公共文化服务提质增效行动。提质增效是公共文化服务高质量发展的必然要求。“提质”，重点要解决“好不好”的问题；“增效”，则要提升服务的覆盖面、可及性、满意度。
进一步推广“订单式”“预约式”服务，推动优质文化资源直达基层；通过对接主流通用大模型和专业大模型，助力公共数字文化服务智慧化转型升级；健全社会力量参与公共文化服务机制，完善社会化运营管理承接主体的遴选和退出机制，形成开放性与专业性相结合的格局。
——北京大学国家现代公共文化研究中心教授  李国新","# 坚持文化惠民

> 《人民日报》（2026年01月05日第 13 版）

“十五五”规划建议提出，坚持文化惠民，实施公共文化服务提质增效行动。提质增效是公共文化服务高质量发展的必然要求。“提质”，重点要解决“好不好”的问题；“增效”，则要提升服务的覆盖面、可及性、满意度。

进一步推广“订单式”“预约式”服务，推动优质文化资源直达基层；通过对接主流通用大模型和专业大模型，助力公共数字文化服务智慧化转型升级；健全社会力量参与公共文化服务机制，完善社会化运营管理承接主体的遴选和退出机制，形成开放性与专业性相结合的格局。

——北京大学国家现代公共文化研究中心教授  李国新",,文化,编组_20260314_0937_07,https://paper.people.com.cn/rmrb/pc/content/202601/05/content_30129270.html,2026-01-05,"['文化', '提质', '公共', '增效', '服务', '惠民', '模型', '订单式', '机制', '可及']","“十五五”规划建议提出，坚持文化惠民，实施公共文化服务提质增效行动。提质增效是公共文化服务高质量发展的必然要求。“提质”，重点要解决“好不好”的问题；“增效”，则要提升服务的覆盖面、可及性、满意度。
进一步推广“订单式”“预约式”服务，推动优质文化资源直达基层；通过对接主流通用大模型和专业大模型，助力公共数字文化服务智慧化转型升级；健全社会力量参与公共文化服务机制，完善社会化运营管理承接主体的遴选和退出机制，形成开放性与专业性相结合的格局。
——北京大学国家现代公共文化研究中心教授  李国新",政治,series_4364f2aa,3.0,"['与观众的距离，越贴越近（“十五五”文化热词·坚持文化惠民）', '到基层的脚步，越走越实（“十五五”文化热词·坚持文化惠民）', '扮靓我们的文艺百花园（快评）']"
扮靓我们的文艺百花园（快评）,"人民需要艺术，艺术也需要人民。当艺术家将舞台从聚光灯下挪到公园、广场，为基层观众带来优质文化资源，自身也在汲取艺术营养。
近年来，人民群众的精神文化生活需求日益增长，文艺工作者如何融入大众生活，让优质文化资源更好地直达基层？公园一角的火热互动，既是优秀文艺作品拓宽传播渠道的生动缩影，也是文化资源从“单一供给”转变为“多元供给”“交互供给”的有效探索。
舞台与生活融为一体，专业艺术家与观众彼此滋养的背后，是新大众文艺洋溢的勃勃生机。大众热爱、大众参与、大众共创，在媒介高度融合的背景下，文艺创作传播的范式革新，将持续扮靓我们的文艺百花园，不断激发文化创新创造活力。
（作者为上海社会科学院研究员）","# 扮靓我们的文艺百花园（快评）

> 巫志南《人民日报》（2026年01月05日第 13 版）

人民需要艺术，艺术也需要人民。当艺术家将舞台从聚光灯下挪到公园、广场，为基层观众带来优质文化资源，自身也在汲取艺术营养。

近年来，人民群众的精神文化生活需求日益增长，文艺工作者如何融入大众生活，让优质文化资源更好地直达基层？公园一角的火热互动，既是优秀文艺作品拓宽传播渠道的生动缩影，也是文化资源从“单一供给”转变为“多元供给”“交互供给”的有效探索。

舞台与生活融为一体，专业艺术家与观众彼此滋养的背后，是新大众文艺洋溢的勃勃生机。大众热爱、大众参与、大众共创，在媒介高度融合的背景下，文艺创作传播的范式革新，将持续扮靓我们的文艺百花园，不断激发文化创新创造活力。

（作者为上海社会科学院研究员）",巫志南,文化,编组_20260314_0937_07,https://paper.people.com.cn/rmrb/pc/content/202601/05/content_30129271.html,2026-01-05,"['大众', '百花园', '文化', '扮靓', '文艺', '供给', '艺术', '资源', '艺术家', '人民']","人民需要艺术，艺术也需要人民。当艺术家将舞台从聚光灯下挪到公园、广场，为基层观众带来优质文化资源，自身也在汲取艺术营养。
近年来，人民群众的精神文化生活需求日益增长，文艺工作者如何融入大众生活，让优质文化资源更好地直达基层？公园一角的火热互动，既是优秀文艺作品拓宽传播渠道的生动缩影，也是文化资源从“单一供给”转变为“多元供给”“交互供给”的有效探索。
舞台与生活融为一体，专业艺术家与观众彼此滋养的背后，是新大众文艺洋溢的勃勃生机。大众热爱、大众参与、大众共创，在媒介高度融合的背景下，文艺创作传播的范式革新，将持续扮靓我们的文艺百花园，不断激发文化创新创造活力。",社会,series_4364f2aa,4.0,"['与观众的距离，越贴越近（“十五五”文化热词·坚持文化惠民）', '到基层的脚步，越走越实（“十五五”文化热词·坚持文化惠民）', '坚持文化惠民']"
莫让算法替代成长（新语）,"刚刚过去的跨年夜，许多人在烟花和演唱会之外，选择观看一场关于未来的知识演讲——从“时间的朋友”跨年演讲聚焦“1000天后的世界”，到“北大科学yeah”谈论“数智浪潮中的人文学”等，“AI”不约而同成为高频词。
共同的关注，反映时代变迁的深处。人工智能的浪潮正重塑万物，人的不可替代性何在？面向未来，尤其是正在成长的下一代青少年，该如何自处与前行？
AI精于“算力”，人类贵在“心力”。前不久，174名北大学子与全球顶尖AI模型同场答题，结果耐人寻味。GPT、Gemini、DeepSeek……这些汇聚了海量知识的“最强大脑”，成绩仅与低年级本科生的平均水平相当。应当看到，在复现与推演“已知”领域，AI已是高效的工具；但在需要洞见、联想与理解世界的“未知”前沿，人类的智慧依然无法被替代。
莫让“千变万化”的算法，替代“独一无二”的成长。人工智能的进化，基于对海量“共性”模式的学习。然而面向未来的教育，越是标准化、可预测的能力，越容易被高效替代。《教育强国建设规划纲要（2024—2035年）》提出，“探索数字赋能大规模因材施教、创新性教学的有效途径，主动适应学习方式变革。”人工智能与数字化赋能教育，推进教与学的转型，成为打开新知的“钥匙”，为个性化、大规模因材施教提供底层技术支撑。
回到教育现场。一方面，理想与现实仍有温差。有报告显示，超过七成的AI教育应用集中在智能阅卷、个性题库和口语测评等与“提分”直接相关的环节。另一方面，我们也欣喜地看到，在甘肃山区，支教老师用AI为每个孩子定制试卷；在上海的中学课堂，学生们将传统香囊制作与AI动画相结合，让静态香囊“动起来”。从寻求标准答案，转向注重“提出问题、设计方案、验证猜想”的探索过程，AI时代的教育，应当托举起每个孩子与众不同的好奇心、想象力和内在思辨能力。
值得注意的是，技术越是狂飙突进，越要珍视教育培根铸魂的初心使命。此前，儿童智能手表的AI功能出现“毁三观”回答令人警惕。AI作用于人的同时，我们也要对AI进行“终身教育”。我们担忧AI因数据污染而“偏执”、因信息陈旧而“衰老”，更应警惕用固定的思维模板去窄化年轻心灵本应有的蓬勃与鲜活、去放弃怀抱世界的无限广阔。
得到APP创始人罗振宇在跨年演讲中提到，“AI的本质，或许不是排挤人、替代人，而是往上托举人。”托举的终点，不应指向一个更高效的“工具人”，而应是自在穿行于数字世界，却永葆鲜活的心智，终身学习持续精进、精神健全情感丰富的人。未来已来，一个更具创造力的世界，正呼唤并孕育着这样的下一代。","# 莫让算法替代成长（新语）

> 陈圆圆《人民日报》（2026年01月05日第 13 版）

刚刚过去的跨年夜，许多人在烟花和演唱会之外，选择观看一场关于未来的知识演讲——从“时间的朋友”跨年演讲聚焦“1000天后的世界”，到“北大科学yeah”谈论“数智浪潮中的人文学”等，“AI”不约而同成为高频词。

共同的关注，反映时代变迁的深处。人工智能的浪潮正重塑万物，人的不可替代性何在？面向未来，尤其是正在成长的下一代青少年，该如何自处与前行？

AI精于“算力”，人类贵在“心力”。前不久，174名北大学子与全球顶尖AI模型同场答题，结果耐人寻味。GPT、Gemini、DeepSeek……这些汇聚了海量知识的“最强大脑”，成绩仅与低年级本科生的平均水平相当。应当看到，在复现与推演“已知”领域，AI已是高效的工具；但在需要洞见、联想与理解世界的“未知”前沿，人类的智慧依然无法被替代。

莫让“千变万化”的算法，替代“独一无二”的成长。人工智能的进化，基于对海量“共性”模式的学习。然而面向未来的教育，越是标准化、可预测的能力，越容易被高效替代。《教育强国建设规划纲要（2024—2035年）》提出，“探索数字赋能大规模因材施教、创新性教学的有效途径，主动适应学习方式变革。”人工智能与数字化赋能教育，推进教与学的转型，成为打开新知的“钥匙”，为个性化、大规模因材施教提供底层技术支撑。

回到教育现场。一方面，理想与现实仍有温差。有报告显示，超过七成的AI教育应用集中在智能阅卷、个性题库和口语测评等与“提分”直接相关的环节。另一方面，我们也欣喜地看到，在甘肃山区，支教老师用AI为每个孩子定制试卷；在上海的中学课堂，学生们将传统香囊制作与AI动画相结合，让静态香囊“动起来”。从寻求标准答案，转向注重“提出问题、设计方案、验证猜想”的探索过程，AI时代的教育，应当托举起每个孩子与众不同的好奇心、想象力和内在思辨能力。

值得注意的是，技术越是狂飙突进，越要珍视教育培根铸魂的初心使命。此前，儿童智能手表的AI功能出现“毁三观”回答令人警惕。AI作用于人的同时，我们也要对AI进行“终身教育”。我们担忧AI因数据污染而“偏执”、因信息陈旧而“衰老”，更应警惕用固定的思维模板去窄化年轻心灵本应有的蓬勃与鲜活、去放弃怀抱世界的无限广阔。

得到APP创始人罗振宇在跨年演讲中提到，“AI的本质，或许不是排挤人、替代人，而是往上托举人。”托举的终点，不应指向一个更高效的“工具人”，而应是自在穿行于数字世界，却永葆鲜活的心智，终身学习持续精进、精神健全情感丰富的人。未来已来，一个更具创造力的世界，正呼唤并孕育着这样的下一代。",陈圆圆,文化,,https://paper.people.com.cn/rmrb/pc/content/202601/05/content_30129272.html,2026-01-05,"['AI', '教育', '替代', '人工智能', '演讲', '赋能', '高效', '莫让', '因材施教', '世界']","刚刚过去的跨年夜，许多人在烟花和演唱会之外，选择观看一场关于未来的知识演讲——从“时间的朋友”跨年演讲聚焦“1000天后的世界”，到“北大科学yeah”谈论“数智浪潮中的人文学”等，“AI”不约而同成为高频词。
共同的关注，反映时代变迁的深处。人工智能的浪潮正重塑万物，人的不可替代性何在？面向未来，尤其是正在成长的下一代青少年，该如何自处与前行？
AI精于“算力”，人类贵在“心力”。前不久，174名北大学子与全球顶尖AI模型同场答题，结果耐人寻味。GPT、Gemini、DeepSeek……这些汇聚了海量知识的“最强大脑”，成绩仅与低年级本科生的平均水平相当。应当看到，在复现与推演“已知”领域，AI已是高效的工具；但在需要洞见、联想与理解世界的“未知”前沿，人类的智慧依然无法被替代。",社会,,,[]
杭州高新区（滨江）  争当高质量发展建设共同富裕示范区排头兵,"2025年是浙江省高质量发展建设共同富裕示范区取得明显实质性进展的重要一年。作为浙江省数字经济强区、制造业高质量发展强区，杭州高新区（滨江）以创新为翼、以民生为基、以文化为核，在浙江省高质量发展建设共同富裕示范区征程中奋楫争先，铺展出一幅“产城人”和谐共生的现代图景。
实现产业跃升
筑牢共同富裕物质基础
杭州高新区（滨江）坚持科技创新与产业升级双轮驱动，构建现代化产业体系，为实现共同富裕夯实物质基础。全区系统布局，巩固壮大人工智能、视觉智能等优势产业，提速发展具身智能机器人、集成电路等新兴产业，前瞻培育量子技术、低空经济等未来产业，部署科技创新“强基攻坚”、产业集群“聚势跃升”等五大重点任务，打造从技术攻关到产业生态的全链条支撑体系，培育发展新质生产力。
人工智能产业创新高地建设全面提速。杭州高新区（滨江）将人工智能确立为发展新质生产力的主要方向，对人工智能产业进行系统部署，并高规格举办杭州高新区（滨江）人工智能产业创新高地建设推进大会，配套发布“数据—算力—模型”一体化专项扶持政策，每年安排最高1亿元“算力券”、5000万元“语料券”，对企业数据基础设施使用、模型开源生态建设等给予最高60%、单项最高2000万元的补助，有效降低企业创新成本。2024年，全区人工智能核心产业营收突破2000亿元，占杭州的四成以上，形成从技术突破到场景应用的完整生态链。
未来产业策源地成果加速涌现。国际零磁科学谷作为杭州江南科学城创新的主要载体，按“2年拉开框架，3年基本成形，5年初显规模，9年总体建成”规划推进，构建环大科学装置创新生态圈。零磁医疗设备生产基地实现“拿地不到60天即开工”，并采用“分期建设、先行投用”机制，加速技术规模化生产。浦乐实业西侧地块等项目同步推进，打造国际领先的芯片化量子传感器研发平台。按照规划，到2028年，国际零磁科学谷将集聚不少于5个创新平台、超1000名人才，培育10个以上未来产业项目，为打造千亿级产业奠定坚实基础。
人才引育机制持续完善。杭州高新区（滨江）坚持人才战略与产业发展相结合，探索“高校+平台+企业+产业链”结对合作机制，迭代升级人才创业支持政策“5050政策”，出台“1+5+20”人才新政和“天堂硅谷”分类人才目录，激发企业引才育才主动性，为产业创新提供人才支撑。
区域协同拓宽发展空间。加快杭州高新区（滨江）富阳特别合作区（简称“滨富特别合作区”）、杭州高新区（滨江）萧山特别合作区（简称“滨萧特别合作区”）建设，打造滨富特别合作区“集成电路”、滨萧特别合作区“视觉智能”先进产业集群生态，并持续深化推进与温州市泰顺县的“山海协作”，推动区域协调发展与产业协同共进。
聚焦民生福祉
托起“一老一小一青年”幸福生活
促进共同富裕与促进人的全面发展是高度统一的。杭州高新区（滨江）以“高精度服务”与“全周期人文关怀”为导向，着力解决租房、养老、婚恋、医疗等民生“关键小事”，构建产城人文深度融合的发展范式。
在“一老”关爱方面，创新推出多元化养老服务。“银龄电竞队”丰富老年人数字生活，“老年日托班”提供家门口照料服务，“多代同楼”新型居住模式促进代际融合，打造邻里互助式居家养老样板。一系列有温度、有力度的创新举措，托起老年人“朝夕美好”。
在“一小”服务方面，着力打造优质教育生态。建成全国首条可亲子陪伴上下学的特殊教育智慧专线“云仔专线”，“就便入学”服务覆盖11所中小学和19所幼儿园，14个数字教育项目入选全国智慧教育优秀案例。杭州高新区（滨江）以优质教育资源吸引和留住人才，为区域发展注入教育动能。
针对青年群体需求，集成推出“青年发展二十条”政策，围绕就业创业、人才培育、安居保障、文体生活等领域形成政策“组合拳”。聚焦创新、安居、健康、婚恋、育儿五大方向，明确年度十大青年实事项目，提供最长7天免费住宿、最高3000万元创业支持等政策红利，推动产业发展、城市建设与青年需求深度融合，实现青年与城市共同成长。
推动文化赋能
构筑精神共富多元场景
物质富裕之上，更需精神丰盈。杭州高新区（滨江）以文化融合为主线，构建“1+2+N”发展框架，落地“文化之滨”40条政策，建设“15分钟品质文化生活圈”，推动文化基因融入城市肌理，描绘精神共富新图景。
坚持“文化+科技”融合发展路径。自2004年获批首批国家动画产业基地以来，全区持续推动动漫、游戏、影视、设计等数字内容产业蓬勃发展。区内企业在算力技术、AI游戏、动画渲染等领域实现突破，多项技术与产品处于行业领先水平，形成文化与科技相互赋能的发展格局。
文化“新三样”出海成效显著。电视剧《藏海传》深度融合榫卯、昆曲等非遗元素，登陆190个国家和地区，登顶海外23国榜单。游戏《燕云十六声》还原中华武学与非遗技艺，海外版本上线首日玩家突破1500万，登上Steam游戏平台全球畅销榜Top2。这些作品通过科技赋能与情感共鸣，实现中华文化从“走出去”到“走进去”的跨越，展现“滨江创造”在全球文化叙事中的实力。
公共文化服务体系持续完善。西兴街道滨和社区围绕青年人才需求，打造“日日有活动、周周有主题”的文化氛围，“滨糖节”“淡人运动月”等活动品牌广受好评。浦沿街道彩虹社区科学布局文化家园、文明实践站、老年食堂、婴幼儿成长驿站等多元场景，精准匹配全龄段居民需求。
文旅与城市发展深度融合。杭州奥体中心景区推动“文旅体商”融合发展，聚焦亚运遗产活化、文旅创新和全民健身，打造集体育竞技、文化展演、购物娱乐于一体的综合性景区，实现从国际赛事场馆向城市活力中心的成功转型。滨江星光大道在第十四届杭州当代戏剧季期间化身“未来游园会”，跨界乐队、默剧皮影、非遗滚灯等项目丰富城市生活空间。和“滨滨”一起“樱花跑”、中国国际动漫节等品牌活动持续举办，进一步丰富文旅业态，为市民游客提供高品质的文化旅游体验。
站在新起点，杭州高新区（滨江）将持续推动“八八战略”走深走实，高水平“建设天堂硅谷、打造硅谷天堂”，向着建设世界领先科技园区的奋斗目标勇毅前行，以排头兵的姿态，为浙江省高质量发展建设共同富裕示范区增色添彩。
数据来源：中共杭州市滨江区委宣传部","# 杭州高新区（滨江）  争当高质量发展建设共同富裕示范区排头兵

> 《人民日报》（2026年01月05日第 16 版）

2025年是浙江省高质量发展建设共同富裕示范区取得明显实质性进展的重要一年。作为浙江省数字经济强区、制造业高质量发展强区，杭州高新区（滨江）以创新为翼、以民生为基、以文化为核，在浙江省高质量发展建设共同富裕示范区征程中奋楫争先，铺展出一幅“产城人”和谐共生的现代图景。

实现产业跃升

筑牢共同富裕物质基础

杭州高新区（滨江）坚持科技创新与产业升级双轮驱动，构建现代化产业体系，为实现共同富裕夯实物质基础。全区系统布局，巩固壮大人工智能、视觉智能等优势产业，提速发展具身智能机器人、集成电路等新兴产业，前瞻培育量子技术、低空经济等未来产业，部署科技创新“强基攻坚”、产业集群“聚势跃升”等五大重点任务，打造从技术攻关到产业生态的全链条支撑体系，培育发展新质生产力。

人工智能产业创新高地建设全面提速。杭州高新区（滨江）将人工智能确立为发展新质生产力的主要方向，对人工智能产业进行系统部署，并高规格举办杭州高新区（滨江）人工智能产业创新高地建设推进大会，配套发布“数据—算力—模型”一体化专项扶持政策，每年安排最高1亿元“算力券”、5000万元“语料券”，对企业数据基础设施使用、模型开源生态建设等给予最高60%、单项最高2000万元的补助，有效降低企业创新成本。2024年，全区人工智能核心产业营收突破2000亿元，占杭州的四成以上，形成从技术突破到场景应用的完整生态链。

未来产业策源地成果加速涌现。国际零磁科学谷作为杭州江南科学城创新的主要载体，按“2年拉开框架，3年基本成形，5年初显规模，9年总体建成”规划推进，构建环大科学装置创新生态圈。零磁医疗设备生产基地实现“拿地不到60天即开工”，并采用“分期建设、先行投用”机制，加速技术规模化生产。浦乐实业西侧地块等项目同步推进，打造国际领先的芯片化量子传感器研发平台。按照规划，到2028年，国际零磁科学谷将集聚不少于5个创新平台、超1000名人才，培育10个以上未来产业项目，为打造千亿级产业奠定坚实基础。

人才引育机制持续完善。杭州高新区（滨江）坚持人才战略与产业发展相结合，探索“高校+平台+企业+产业链”结对合作机制，迭代升级人才创业支持政策“5050政策”，出台“1+5+20”人才新政和“天堂硅谷”分类人才目录，激发企业引才育才主动性，为产业创新提供人才支撑。

区域协同拓宽发展空间。加快杭州高新区（滨江）富阳特别合作区（简称“滨富特别合作区”）、杭州高新区（滨江）萧山特别合作区（简称“滨萧特别合作区”）建设，打造滨富特别合作区“集成电路”、滨萧特别合作区“视觉智能”先进产业集群生态，并持续深化推进与温州市泰顺县的“山海协作”，推动区域协调发展与产业协同共进。

聚焦民生福祉

托起“一老一小一青年”幸福生活

促进共同富裕与促进人的全面发展是高度统一的。杭州高新区（滨江）以“高精度服务”与“全周期人文关怀”为导向，着力解决租房、养老、婚恋、医疗等民生“关键小事”，构建产城人文深度融合的发展范式。

在“一老”关爱方面，创新推出多元化养老服务。“银龄电竞队”丰富老年人数字生活，“老年日托班”提供家门口照料服务，“多代同楼”新型居住模式促进代际融合，打造邻里互助式居家养老样板。一系列有温度、有力度的创新举措，托起老年人“朝夕美好”。

在“一小”服务方面，着力打造优质教育生态。建成全国首条可亲子陪伴上下学的特殊教育智慧专线“云仔专线”，“就便入学”服务覆盖11所中小学和19所幼儿园，14个数字教育项目入选全国智慧教育优秀案例。杭州高新区（滨江）以优质教育资源吸引和留住人才，为区域发展注入教育动能。

针对青年群体需求，集成推出“青年发展二十条”政策，围绕就业创业、人才培育、安居保障、文体生活等领域形成政策“组合拳”。聚焦创新、安居、健康、婚恋、育儿五大方向，明确年度十大青年实事项目，提供最长7天免费住宿、最高3000万元创业支持等政策红利，推动产业发展、城市建设与青年需求深度融合，实现青年与城市共同成长。

推动文化赋能

构筑精神共富多元场景

物质富裕之上，更需精神丰盈。杭州高新区（滨江）以文化融合为主线，构建“1+2+N”发展框架，落地“文化之滨”40条政策，建设“15分钟品质文化生活圈”，推动文化基因融入城市肌理，描绘精神共富新图景。

坚持“文化+科技”融合发展路径。自2004年获批首批国家动画产业基地以来，全区持续推动动漫、游戏、影视、设计等数字内容产业蓬勃发展。区内企业在算力技术、AI游戏、动画渲染等领域实现突破，多项技术与产品处于行业领先水平，形成文化与科技相互赋能的发展格局。

文化“新三样”出海成效显著。电视剧《藏海传》深度融合榫卯、昆曲等非遗元素，登陆190个国家和地区，登顶海外23国榜单。游戏《燕云十六声》还原中华武学与非遗技艺，海外版本上线首日玩家突破1500万，登上Steam游戏平台全球畅销榜Top2。这些作品通过科技赋能与情感共鸣，实现中华文化从“走出去”到“走进去”的跨越，展现“滨江创造”在全球文化叙事中的实力。

公共文化服务体系持续完善。西兴街道滨和社区围绕青年人才需求，打造“日日有活动、周周有主题”的文化氛围，“滨糖节”“淡人运动月”等活动品牌广受好评。浦沿街道彩虹社区科学布局文化家园、文明实践站、老年食堂、婴幼儿成长驿站等多元场景，精准匹配全龄段居民需求。

文旅与城市发展深度融合。杭州奥体中心景区推动“文旅体商”融合发展，聚焦亚运遗产活化、文旅创新和全民健身，打造集体育竞技、文化展演、购物娱乐于一体的综合性景区，实现从国际赛事场馆向城市活力中心的成功转型。滨江星光大道在第十四届杭州当代戏剧季期间化身“未来游园会”，跨界乐队、默剧皮影、非遗滚灯等项目丰富城市生活空间。和“滨滨”一起“樱花跑”、中国国际动漫节等品牌活动持续举办，进一步丰富文旅业态，为市民游客提供高品质的文化旅游体验。

站在新起点，杭州高新区（滨江）将持续推动“八八战略”走深走实，高水平“建设天堂硅谷、打造硅谷天堂”，向着建设世界领先科技园区的奋斗目标勇毅前行，以排头兵的姿态，为浙江省高质量发展建设共同富裕示范区增色添彩。

数据来源：中共杭州市滨江区委宣传部",,广告,,https://paper.people.com.cn/rmrb/pc/content/202601/05/content_30129286.html,2026-01-05,"['滨江', '高新区', '产业', '杭州', '创新', '发展', '共同富裕', '文化', '打造', '人才']","2025年是浙江省高质量发展建设共同富裕示范区取得明显实质性进展的重要一年。作为浙江省数字经济强区、制造业高质量发展强区，杭州高新区（滨江）以创新为翼、以民生为基、以文化为核，在浙江省高质量发展建设共同富裕示范区征程中奋楫争先，铺展出一幅“产城人”和谐共生的现代图景。
实现产业跃升
筑牢共同富裕物质基础",政治,,,[]
政策加力，激发民间投资新活力（新年谈“新”·五位民营企业家和金融界人士谈民间投资）,"民间投资是稳增长、调结构、促就业的重要支撑力量。2025年，各地区各部门落实更加积极有为的宏观政策，把政策红利实实在在送到经营主体手中，持续激发民间投资活力，促进民营经济向新向优发展。
2026年，民营企业对国家政策有什么新期待？宏观政策如何更好支持民营企业扩大投资？记者对话民营企业家和金融界人士，聊打算，说心愿，为“十五五”开局之年汇聚发展之力。
——编  者
国家金融监督管理总局重庆监管局局长孙晓明
“一企一策”增强民企投资底气
2025年的调研中，一家从事摩托车出口的小微企业转型实践给我很深触动。适应外部环境变化，该企业着力拓展欧洲、中亚市场订单，购置原材料、模具的资金需求陡然增加。依托支持小微企业融资协调工作机制，中国银行重庆市分行很快了解到企业需求，主动上门走访，结合企业订单结构、回款节奏和跨境业务特点，快速形成综合金融服务方案，480万元贷款从申请到放款仅用5个工作日，并同步配套国际结算和避险服务。
企业负责人告诉我，这笔资金有效保障了关键零部件采购，支持其在订单高峰期稳定生产。哈萨克斯坦一笔订单提前10天交付，客户非常高兴、当即追加新单。在“量身定制”融资服务支持下，2025年公司销售额同比增幅超过30%。订单满满、政策给力，企业扩大生产信心底气更足了。
及时、精准融资支持有利于经营主体稳定预期、增强信心、扩大投资。完善协调工作机制是提升金融服务质效重要一招。通过镇街自下而上摸排、监管自上而下统筹、银行平行推荐相结合的方式，形成“申报清单”和“推荐清单”，有效识别小微企业真实融资需求。同时，通过完善尽职免责等政策安排，更好激发基层“敢贷、愿贷”积极性。截至2025年11月末，依托协调工作机制，全市累计走访和服务小微经营主体280.32万户，完成信贷投放7681.89亿元，新发放贷款利率持续下降，信用贷款和无还本续贷对企业资金周转支撑作用明显增强。
站在“十五五”开局之年新起点，引导金融机构加力支持中小微企业，助力扩大民间投资、增强发展活力，我们将进一步把支持小微企业融资协调机制做深做实。持续完善清单推送和跟踪反馈机制，动态跟踪企业订单变化、经营状况和资金需求，把融资需求识别、对接和落地前移到企业最需要、最关键环节，切实增强企业获得感，更好稳定经营主体预期。
在此基础上，围绕现代化产业体系建设，进一步提升金融支持重点产业链发展效能。依托数据协同、部门合力，加强对地方优势产业、重点产业链运行情况整体研判，把金融资源投向产业链薄弱、关键环节。鼓励金融机构开发符合民间投资需求的融资产品，积极支持民间投资项目。既通过支持链主企业稳链强链，又精准支持大量上下游小微企业，畅通产业链“毛细血管”，增强产业体系整体韧性。
（本报记者屈信明采访整理）
云南理世实业（集团）有限责任公司副总裁刘元省
好政策激励我们持续投资
回顾2025年，最欣慰的是看到我们以马铃薯为核心构建的产业生态更加坚实，我们也真切地感受到了国家政策支持民营经济发展的力度之大。
理世集团的“第一车间”，扎根在海拔2000米的高原梯田，通过“公司+科技+基地（合作社）+农户”模式，将种植大户、合作社与散户组织起来。过去一年，我们不仅与合作社、农户的关系更加紧密，让“云薯304”等品种成为农户增收的可靠来源，更推动“噜咪啦”品牌的市场步伐走得更远。在企业内部，我们持续投入研发，鲜切工艺与锁鲜技术不断升级，2025年新投产的复合薯片生产线也为集团发展注入了新活力。
这份稳步前行离不开利好政策的滋养，过去一年，我们享受到了研发费用加计扣除、先进制造业增值税加计抵减等多项政策支持超百万元。这些真金白银的减负，直接增强了我们投入技术革新的底气。
值得一提的是，我们将“移动财务部”设到马铃薯主产区的田间地头，实现了“采收即过磅、过磅即开票、开票即付款”的全流程无缝衔接，每个品种的收购数量、单价、金额及应纳税额都一目了然。现采现结、当场开票，看着种植户们拿到货款，脸上洋溢着喜悦，我们心里也是暖暖的。
展望2026年，我们将围绕主业进行深度挖掘与广度拓展，持续投资完善供应链体系，进一步强化马铃薯基地建设；加大资源投入，强化“噜咪啦”品牌建设和渠道推广，加快系列产品立足西南、面向全国的拓展步伐，同时不断扩大外贸业务体量，让这颗高原马铃薯香飘更远。
我们还将加快推进延链补链强链的配套项目建设，在2025年复合薯片投产的基础上，全力扩大其市场覆盖与销量；纸品智造和物流仓储等配套项目也已提上日程，力争在2027年上半年建成投产，为企业实现高质量发展夯实基础。
我们深信，将政策支持带来的动能与自身发展积淀相结合，继续扎根乌蒙山区，定能让小小的马铃薯成为“金豆豆”，铺就乡村振兴、产业发展的“致富路”。
（本报记者王观采访整理）
长沙金龙电缆科技有限公司总经理刘爱荣
民营企业要敢投更要会投
2025年，我们新增投资6000多万元，是上一年的3倍；2026年的计划更是排到了8000多万元。很多同行问我，在当前经济环境下，金龙电缆为什么敢投？
我的回答很干脆：关键是“找得到赛道，看得清方向”。
我一直坚信一句话：“算力的尽头是电力，电力的尽头是电缆。”无论是国家布局的特高压电网，还是最近火热的“人工智能+”行动，最终都要靠我们手中这一根根电缆来落地。我们判断，总体需求不降反增，只是对产品的要求今非昔比。
转型说起来容易，做起来难。我们先是花2000多万元，上马了一整套世界一流的测试设备；又组建了一支30多人的中外技术团队。机会很快就来了：一家重要客户把新一代风电机组“高耐扭”铝合金电缆的研发重任交给了我们。
那段时间，我们的实验室灯火通明。选型、测试、报废，再重来……失败了无数次。最终，靠着我们自主研发的稀土专利配方和新型复合导体结构，硬是把电缆的抗扭能力提升了8倍，成本反而降低了60%！产品通过了全球最严苛的全工况4万次扭转验证，一举跻身国际先进水平。
敢投更要会投。比如，人形机器人这个风口，竞争异常激烈。成熟大厂供应链壁垒高筑，国外高端品牌又牢牢占据市场。
所以，我们选择了一条“陪伴式创新”的路，与那些充满活力的初创企业一起成长。现在实验室里测试的样品，就是我们和几家省内外的智能装备、机器人初创公司联合开发的。我们陪他们试错，他们帮我们找到真实的应用场景，这是一种双向奔赴。
2026年，我们投资版图将不断扩展：继续建设特种电缆智能生产线，布局新质生产力；完善高水平的模拟测试平台，夯实研发基础；我们还将在阿联酋筹建首个海外工厂，就是为了能更快、更好地服务共建“一带一路”国家的基建和能源项目。
这份底气，一半来自我们对市场的前瞻判断，另一半，则实实在在来自政策吹来的暖风。
看国家战略，“双碳”目标、新型电力系统、新基建……一个个行动计划密集落地，为我们指明了方向。看湖南行动，2024年，“衡长株潭特高压输变电装备集群”获批国家先进制造业集群，省里还专门出台了三年培育提升方案。
常有人感叹传统产业难做。但我想说：“没有落后的产业，只有落后的技术。”只要外部环境稳、扶持政策实、市场机制活，我们民营企业就敢投、愿投，也能投！
（本报记者孙超采访整理）
上海凯赛生物技术股份有限公司总裁杨晨
唯有加大投入才能赢得未来
自公司2000年在上海张江成立以来，我们只专注一件事：用合成生物学技术，实现生物基材料对传统化工材料的替代。作为一家科技型企业，凯赛生物的健康发展离不开稳定的研发投入与长期的资金支持，唯有持续加大投入，才能赢得未来。
从创业初期的风险资本，到产业化后的政府和贷款资金，公司发展壮大离不开资金活水精准滴灌。随着长链二元酸等系列合成生物制造新产品的成功问世，公司陆续得到了地方政府的产业投资资金和产业配套支持。当我们突破戊二胺和生物基聚酰胺的产业化技术，准备在山西建设合成生物产业园时，资金需求更大，仅仅依靠我们自身的积累远远不够。
这时，交通银行专门组建的赛道经理人团队，深入研究合成生物赛道发展趋势，全面了解公司技术路线和产业化过程，为我们的项目融资出谋划策，政府与金融机构的全力支撑让我们信心倍增。同时我们也在积极对接资本市场，在各方的共同努力下，凯赛生物于2020年8月在上海证券交易所科创板成功上市，募集资金约55亿元，我们的投资布局和生产规模实现了跨越式增长。
2025年，我们与招商局集团达成了战略合作，这为公司引入了一位重要的战略股东，打开了一扇通往广阔应用市场的大门。
民间投资要敢于投向未来，扩大有效投资离不开产业生态伙伴的协同和政府的前瞻性基础设施支持，这样才能形成“研发—中试—产业化和应用”的良性循环。我们希望政府能引导市场为低碳新材料应用打开渠道，在政府采购、重点工程招投标中考虑选用生物基材料，在碳减排认定和绿电使用上能给予企业专项政策支持。
“十五五”规划建议中两次提及“生物制造”。在研发上，公司将继续优化高通量研发平台推出更多新产品。在应用上，更大力度推进生物新材料在新能源、交运物流、现代建筑等领域的商业化应用。在生产上，将继续推进生产基地建设运行。我们坚信，通过政企银多方协同，中国生物制造产业一定能够实现高质量发展，为全球低碳转型贡献坚实的中国力量。
（本报记者葛孟超采访整理）
建设银行福建晋江分行普惠金融工作室负责人曾丽凤
为民企服务要下绣花功夫
作为我国民营经济发轫地之一，晋江拥有超11万家民营企业，数量占到当地企业的97%以上。这些企业构成晋江强大的制造产业集群，包括超3000亿元的鞋服产业、超千亿元的纺织产业，以及多个超500亿元的食品、建材产业集群等，具有数量多、密度大、个性化金融需求的特点。
为进一步提升金融服务适配度，我们打造了全省建行首个普惠金融工作室“普惠金融丽凤工作室”。我们工作室有3个人，开展千企万户大走访、做好企业微信服务，为小微及个体工商户提供融资对接、业务指导和政策辅导，这些都是我们的工作日常。
晋江祥诚新材料科技有限公司便是我们“千企万户大走访”活动对接的。该企业主要从事鞋服新材料技术研发生产，为扩大产能购置了厂房设备，但随之而来的是“成长的烦恼”：购置资产占用大量流动资金，赶上四季度的备货周期，公司日常运营资金捉襟见肘。我们结合企业长期发展潜力及资产结构推荐“厂房快贷”——以企业厂房为抵押物盘活企业固定资产，提供了10年期、利率2.65%的中长期普惠贷款，且支持无还本续贷和随借随还。
“搞实业，不是一年两年的事情，建行给我们长期稳定的资金支持，帮我们把大的投入稳住了，我们就可以更安心去搞品控，更有信心去投资。”正如晋江祥诚新材料科技有限公司负责人林丽丽所言，市场瞬息万变，长期高效的金融保障，能帮助小微企业专注发展，赢得未来。
高效金融保障是激活民间投资活力的“加速器”。在晋江，中小型制造企业数量庞大，厂房是他们最重要的固定资产，也是最容易被盘活的资产。“厂房快贷”没有把厂房单纯当作抵押物，而是结合企业生产经营状况、技术实力综合评估，让符合条件的企业能快速盘活固定资产，让更多民营企业敢投、能投、放心投。
过去的一年，我和团队每天往返于网点园区、商圈社区，重复着授信审批、贷后走访、续贷对接等日常，为超1000家小微企业提供普惠融资超12亿元。
我坚信，每个“小家”热气腾腾，中国这个“大家”就蒸蒸日上。团队将发扬“爱拼才会赢”精神，继续提升专业，练好普惠金融“绣花功”，帮更多小微企业享受到普惠金融红利，让更多民企投资项目第一时间享受国家政策红利，让我们共同拥有的“大家”更加昌盛发达。
（本报记者吴秋余采访整理）","# 政策加力，激发民间投资新活力（新年谈“新”·五位民营企业家和金融界人士谈民间投资）

> 《人民日报》（2026年01月05日第 18 版）

民间投资是稳增长、调结构、促就业的重要支撑力量。2025年，各地区各部门落实更加积极有为的宏观政策，把政策红利实实在在送到经营主体手中，持续激发民间投资活力，促进民营经济向新向优发展。

2026年，民营企业对国家政策有什么新期待？宏观政策如何更好支持民营企业扩大投资？记者对话民营企业家和金融界人士，聊打算，说心愿，为“十五五”开局之年汇聚发展之力。

——编  者

国家金融监督管理总局重庆监管局局长孙晓明

“一企一策”增强民企投资底气

2025年的调研中，一家从事摩托车出口的小微企业转型实践给我很深触动。适应外部环境变化，该企业着力拓展欧洲、中亚市场订单，购置原材料、模具的资金需求陡然增加。依托支持小微企业融资协调工作机制，中国银行重庆市分行很快了解到企业需求，主动上门走访，结合企业订单结构、回款节奏和跨境业务特点，快速形成综合金融服务方案，480万元贷款从申请到放款仅用5个工作日，并同步配套国际结算和避险服务。

企业负责人告诉我，这笔资金有效保障了关键零部件采购，支持其在订单高峰期稳定生产。哈萨克斯坦一笔订单提前10天交付，客户非常高兴、当即追加新单。在“量身定制”融资服务支持下，2025年公司销售额同比增幅超过30%。订单满满、政策给力，企业扩大生产信心底气更足了。

及时、精准融资支持有利于经营主体稳定预期、增强信心、扩大投资。完善协调工作机制是提升金融服务质效重要一招。通过镇街自下而上摸排、监管自上而下统筹、银行平行推荐相结合的方式，形成“申报清单”和“推荐清单”，有效识别小微企业真实融资需求。同时，通过完善尽职免责等政策安排，更好激发基层“敢贷、愿贷”积极性。截至2025年11月末，依托协调工作机制，全市累计走访和服务小微经营主体280.32万户，完成信贷投放7681.89亿元，新发放贷款利率持续下降，信用贷款和无还本续贷对企业资金周转支撑作用明显增强。

站在“十五五”开局之年新起点，引导金融机构加力支持中小微企业，助力扩大民间投资、增强发展活力，我们将进一步把支持小微企业融资协调机制做深做实。持续完善清单推送和跟踪反馈机制，动态跟踪企业订单变化、经营状况和资金需求，把融资需求识别、对接和落地前移到企业最需要、最关键环节，切实增强企业获得感，更好稳定经营主体预期。

在此基础上，围绕现代化产业体系建设，进一步提升金融支持重点产业链发展效能。依托数据协同、部门合力，加强对地方优势产业、重点产业链运行情况整体研判，把金融资源投向产业链薄弱、关键环节。鼓励金融机构开发符合民间投资需求的融资产品，积极支持民间投资项目。既通过支持链主企业稳链强链，又精准支持大量上下游小微企业，畅通产业链“毛细血管”，增强产业体系整体韧性。

（本报记者屈信明采访整理）

云南理世实业（集团）有限责任公司副总裁刘元省

好政策激励我们持续投资

回顾2025年，最欣慰的是看到我们以马铃薯为核心构建的产业生态更加坚实，我们也真切地感受到了国家政策支持民营经济发展的力度之大。

理世集团的“第一车间”，扎根在海拔2000米的高原梯田，通过“公司+科技+基地（合作社）+农户”模式，将种植大户、合作社与散户组织起来。过去一年，我们不仅与合作社、农户的关系更加紧密，让“云薯304”等品种成为农户增收的可靠来源，更推动“噜咪啦”品牌的市场步伐走得更远。在企业内部，我们持续投入研发，鲜切工艺与锁鲜技术不断升级，2025年新投产的复合薯片生产线也为集团发展注入了新活力。

这份稳步前行离不开利好政策的滋养，过去一年，我们享受到了研发费用加计扣除、先进制造业增值税加计抵减等多项政策支持超百万元。这些真金白银的减负，直接增强了我们投入技术革新的底气。

值得一提的是，我们将“移动财务部”设到马铃薯主产区的田间地头，实现了“采收即过磅、过磅即开票、开票即付款”的全流程无缝衔接，每个品种的收购数量、单价、金额及应纳税额都一目了然。现采现结、当场开票，看着种植户们拿到货款，脸上洋溢着喜悦，我们心里也是暖暖的。

展望2026年，我们将围绕主业进行深度挖掘与广度拓展，持续投资完善供应链体系，进一步强化马铃薯基地建设；加大资源投入，强化“噜咪啦”品牌建设和渠道推广，加快系列产品立足西南、面向全国的拓展步伐，同时不断扩大外贸业务体量，让这颗高原马铃薯香飘更远。

我们还将加快推进延链补链强链的配套项目建设，在2025年复合薯片投产的基础上，全力扩大其市场覆盖与销量；纸品智造和物流仓储等配套项目也已提上日程，力争在2027年上半年建成投产，为企业实现高质量发展夯实基础。

我们深信，将政策支持带来的动能与自身发展积淀相结合，继续扎根乌蒙山区，定能让小小的马铃薯成为“金豆豆”，铺就乡村振兴、产业发展的“致富路”。

（本报记者王观采访整理）

长沙金龙电缆科技有限公司总经理刘爱荣

民营企业要敢投更要会投

2025年，我们新增投资6000多万元，是上一年的3倍；2026年的计划更是排到了8000多万元。很多同行问我，在当前经济环境下，金龙电缆为什么敢投？

我的回答很干脆：关键是“找得到赛道，看得清方向”。

我一直坚信一句话：“算力的尽头是电力，电力的尽头是电缆。”无论是国家布局的特高压电网，还是最近火热的“人工智能+”行动，最终都要靠我们手中这一根根电缆来落地。我们判断，总体需求不降反增，只是对产品的要求今非昔比。

转型说起来容易，做起来难。我们先是花2000多万元，上马了一整套世界一流的测试设备；又组建了一支30多人的中外技术团队。机会很快就来了：一家重要客户把新一代风电机组“高耐扭”铝合金电缆的研发重任交给了我们。

那段时间，我们的实验室灯火通明。选型、测试、报废，再重来……失败了无数次。最终，靠着我们自主研发的稀土专利配方和新型复合导体结构，硬是把电缆的抗扭能力提升了8倍，成本反而降低了60%！产品通过了全球最严苛的全工况4万次扭转验证，一举跻身国际先进水平。

敢投更要会投。比如，人形机器人这个风口，竞争异常激烈。成熟大厂供应链壁垒高筑，国外高端品牌又牢牢占据市场。

所以，我们选择了一条“陪伴式创新”的路，与那些充满活力的初创企业一起成长。现在实验室里测试的样品，就是我们和几家省内外的智能装备、机器人初创公司联合开发的。我们陪他们试错，他们帮我们找到真实的应用场景，这是一种双向奔赴。

2026年，我们投资版图将不断扩展：继续建设特种电缆智能生产线，布局新质生产力；完善高水平的模拟测试平台，夯实研发基础；我们还将在阿联酋筹建首个海外工厂，就是为了能更快、更好地服务共建“一带一路”国家的基建和能源项目。

这份底气，一半来自我们对市场的前瞻判断，另一半，则实实在在来自政策吹来的暖风。

看国家战略，“双碳”目标、新型电力系统、新基建……一个个行动计划密集落地，为我们指明了方向。看湖南行动，2024年，“衡长株潭特高压输变电装备集群”获批国家先进制造业集群，省里还专门出台了三年培育提升方案。

常有人感叹传统产业难做。但我想说：“没有落后的产业，只有落后的技术。”只要外部环境稳、扶持政策实、市场机制活，我们民营企业就敢投、愿投，也能投！

（本报记者孙超采访整理）

上海凯赛生物技术股份有限公司总裁杨晨

唯有加大投入才能赢得未来

自公司2000年在上海张江成立以来，我们只专注一件事：用合成生物学技术，实现生物基材料对传统化工材料的替代。作为一家科技型企业，凯赛生物的健康发展离不开稳定的研发投入与长期的资金支持，唯有持续加大投入，才能赢得未来。

从创业初期的风险资本，到产业化后的政府和贷款资金，公司发展壮大离不开资金活水精准滴灌。随着长链二元酸等系列合成生物制造新产品的成功问世，公司陆续得到了地方政府的产业投资资金和产业配套支持。当我们突破戊二胺和生物基聚酰胺的产业化技术，准备在山西建设合成生物产业园时，资金需求更大，仅仅依靠我们自身的积累远远不够。

这时，交通银行专门组建的赛道经理人团队，深入研究合成生物赛道发展趋势，全面了解公司技术路线和产业化过程，为我们的项目融资出谋划策，政府与金融机构的全力支撑让我们信心倍增。同时我们也在积极对接资本市场，在各方的共同努力下，凯赛生物于2020年8月在上海证券交易所科创板成功上市，募集资金约55亿元，我们的投资布局和生产规模实现了跨越式增长。

2025年，我们与招商局集团达成了战略合作，这为公司引入了一位重要的战略股东，打开了一扇通往广阔应用市场的大门。

民间投资要敢于投向未来，扩大有效投资离不开产业生态伙伴的协同和政府的前瞻性基础设施支持，这样才能形成“研发—中试—产业化和应用”的良性循环。我们希望政府能引导市场为低碳新材料应用打开渠道，在政府采购、重点工程招投标中考虑选用生物基材料，在碳减排认定和绿电使用上能给予企业专项政策支持。

“十五五”规划建议中两次提及“生物制造”。在研发上，公司将继续优化高通量研发平台推出更多新产品。在应用上，更大力度推进生物新材料在新能源、交运物流、现代建筑等领域的商业化应用。在生产上，将继续推进生产基地建设运行。我们坚信，通过政企银多方协同，中国生物制造产业一定能够实现高质量发展，为全球低碳转型贡献坚实的中国力量。

（本报记者葛孟超采访整理）

建设银行福建晋江分行普惠金融工作室负责人曾丽凤

为民企服务要下绣花功夫

作为我国民营经济发轫地之一，晋江拥有超11万家民营企业，数量占到当地企业的97%以上。这些企业构成晋江强大的制造产业集群，包括超3000亿元的鞋服产业、超千亿元的纺织产业，以及多个超500亿元的食品、建材产业集群等，具有数量多、密度大、个性化金融需求的特点。

为进一步提升金融服务适配度，我们打造了全省建行首个普惠金融工作室“普惠金融丽凤工作室”。我们工作室有3个人，开展千企万户大走访、做好企业微信服务，为小微及个体工商户提供融资对接、业务指导和政策辅导，这些都是我们的工作日常。

晋江祥诚新材料科技有限公司便是我们“千企万户大走访”活动对接的。该企业主要从事鞋服新材料技术研发生产，为扩大产能购置了厂房设备，但随之而来的是“成长的烦恼”：购置资产占用大量流动资金，赶上四季度的备货周期，公司日常运营资金捉襟见肘。我们结合企业长期发展潜力及资产结构推荐“厂房快贷”——以企业厂房为抵押物盘活企业固定资产，提供了10年期、利率2.65%的中长期普惠贷款，且支持无还本续贷和随借随还。

“搞实业，不是一年两年的事情，建行给我们长期稳定的资金支持，帮我们把大的投入稳住了，我们就可以更安心去搞品控，更有信心去投资。”正如晋江祥诚新材料科技有限公司负责人林丽丽所言，市场瞬息万变，长期高效的金融保障，能帮助小微企业专注发展，赢得未来。

高效金融保障是激活民间投资活力的“加速器”。在晋江，中小型制造企业数量庞大，厂房是他们最重要的固定资产，也是最容易被盘活的资产。“厂房快贷”没有把厂房单纯当作抵押物，而是结合企业生产经营状况、技术实力综合评估，让符合条件的企业能快速盘活固定资产，让更多民营企业敢投、能投、放心投。

过去的一年，我和团队每天往返于网点园区、商圈社区，重复着授信审批、贷后走访、续贷对接等日常，为超1000家小微企业提供普惠融资超12亿元。

我坚信，每个“小家”热气腾腾，中国这个“大家”就蒸蒸日上。团队将发扬“爱拼才会赢”精神，继续提升专业，练好普惠金融“绣花功”，帮更多小微企业享受到普惠金融红利，让更多民企投资项目第一时间享受国家政策红利，让我们共同拥有的“大家”更加昌盛发达。

（本报记者吴秋余采访整理）",,财经,编组_20260314_0938_08,https://paper.people.com.cn/rmrb/pc/content/202601/05/content_30129289.html,2026-01-05,"['我们', '企业', '2025', '支持', '小微', '投资', '产业', '生物', '普惠', '政策']","民间投资是稳增长、调结构、促就业的重要支撑力量。2025年，各地区各部门落实更加积极有为的宏观政策，把政策红利实实在在送到经营主体手中，持续激发民间投资活力，促进民营经济向新向优发展。
2026年，民营企业对国家政策有什么新期待？宏观政策如何更好支持民营企业扩大投资？记者对话民营企业家和金融界人士，聊打算，说心愿，为“十五五”开局之年汇聚发展之力。
——编  者",政治,series_44438925,1.0,['创新创造催生新质生产力（新年谈“新”·五位科技工作者谈创新发展）']
创新创造催生新质生产力（新年谈“新”·五位科技工作者谈创新发展）,"科技创新是高质量发展的核心驱动力。人工智能大模型加速迭代，芯片自主研发不断突破，天问二号叩问深空，人形机器人、无人机走向应用前沿……一系列科技成果，勾勒出新质生产力加快生长的清晰轨迹。创新正从单点突破走向系统跃升，新质生产力愈发厚积成势。
“十五五”规划建议将“科技自立自强水平大幅提高”列为“十五五”时期经济社会发展主要目标之一。牵住科技创新这个“牛鼻子”，更多推动生产方式变革、赋能人民美好生活的新质生产力将加速汇聚，为高质量发展提供澎湃动力。
——编  者
天问二号VLBI测轨分系统总师黄勇
问天追星  行稳致远
2026年元旦，我们负责的VLBI（甚长基线干涉测量）测轨分系统已经完成了52次观测任务。当天问二号飞行在距离地球4300万公里的宇宙空间时，作为VLBI测定轨团队的成员，我时刻牢记“追星”对我们意味着什么——那是一条必须系在探测器身上，看不见却至关重要的宇宙“风筝线”。
VLBI测轨分系统是中国科学院集全院相关力量构建的国之重器。天问二号的目标是探测小行星和彗星，小行星采样返回段约2.5年，主带彗星转移段长达7年。轨道复杂、距离遥远，对系统长时间运行可靠性、网络通信稳定性、资源与人力保障和应急响应处置等，都提出了更高的要求。
上海天文台仅用15个月便同时在高寒和高海拔地区完成射电望远镜及其配套园区建设，并开展了一系列测试和联调联试，为天问二号圆满完成任务打下了坚实的基础。2025年1月，长白山观测站组织了天问二号天地正样对接试验。试验圆满结束后，我们爬到天线最高处，望着雄壮巍峨的长白山。那一刻，我深刻理解了VLBI不仅是一项技术，更是体系与协作的结果，是国家深空测控能力的基石。
VLBI每一次成功的测定轨，都是人类在无尽深邃中的一次精准“扎营”。未来，这条“风筝线”将更坚韧、更灵敏。它牵引的不仅是天问二号，更是中国人探寻宇宙深空的雄心与自信。我们将继续守护这条无形的纽带，让每一个飞向深空的“中国足迹”，都踏得稳、走得远，回传的每一个信号，都清晰而响亮。
（本报记者黄晓慧采访整理）
联合飞机集团董事长田刚印
多元场景  更多可能
2025年底，我们团队迎来了一个重要突破：我们自主研制的全球首款6吨级倾转旋翼无人驾驶飞行器——镧影R6000在四川完成首次飞行。
这次飞行为何令人振奋？通过倾转旋翼设计技术，无人机实现旋翼姿态在垂直起降与高速平飞模态之间的无缝、安全平稳切换，从而融合传统直升机和固定翼飞机的优势，进一步拓展应用场景。过去，该技术被国外垄断，镧影R6000的首飞，意味着我国将倾转旋翼这一关键技术掌握在自己手中。
作为一名深耕无人机行业多年的“老兵”，我见证了中国无人机从“跟跑”到“并跑”甚至“领跑”的发展历程。身处其中，深度参与，我感到无比自豪。
当前，无人机技术正从早期的集中攻坚，向多元场景规模化落地探索迈进，行业发展日渐成熟和规范。演绎绚丽“烟花”、精准投送医疗物资、服务农业植保……无人机与经济社会发展联系越来越紧密，价值日益凸显。
2025年，在西南山区，我和团队带着重载无人机，成功将水果送出大山。看到果农欣慰的笑容，我更加真切体会到发展无人机的意义。
展望“十五五”，无人机将迎来更广阔的发展空间。未来，我和团队将持续攻坚无人机技术，同时，加强与产业链上下游企业、科研院所及终端应用单位等合作，共同营造健康、高效的行业生态。我坚信，在不久的将来，无人机能给更多人带来便利和乐趣。
（本报记者喻思南采访整理）
阿里巴巴集团首席执行官吴泳铭
AI发展  你追我赶
过去一年，中国AI（人工智能）大模型通过开源开放，在全球掀起了一股中国大模型热潮。这股热潮正在推动新质生产力加快发展，为高质量发展赋能，也为全球AI发展贡献中国智慧。
2025年，AI大模型以周甚至以日为周期迭代。中国开源模型打破了闭源AI垄断，在全球广受认可。比如阿里“千问家族”共开源近400个模型，全球下载量突破7亿次，衍生模型数突破18万个，开源可免费下载商用，将AI普惠推向全球。不少国外企业使用“千问”开展业务，还有一些国家在此基础上进行“二次开发”，拥有了自主研发的本土大模型。
开源开放的模型大大加速了中国AI产业化进程，在各领域共享训练模型的算力和知识，让大部分企业只需要专注于垂直领域数据的再训练和应用创新，大幅降低成本。
我们正在打造的全新“AI超级计算机”，将拥有先进的AI基础设施、云计算和开源模型、个人智能助手和各类AI应用。同时，我们正在积极推进投入3800亿元的AI基础设施建设计划，并将持续追加更大的投入，不断探索AI的极限。
步入智能时代，我们将更关注到每一个个体，让AI更好地服务民生福祉。比如，基层医院可以运用AI完成疑难杂症的早期筛查，奶茶店主可以用AI生成促销海报，每一个孩子都可以拥有自己的“AI老师”……随着AI的不断发展，我们坚信这些场景将很快变成现实。
（本报记者谷业凯采访整理）
宇树科技首席市场官王其鑫
身怀绝技  彰显其能
作为在人形机器人领域的创新企业之一，宇树科技的机器人研制之路，是一条充满挑战与突破的修炼之旅。
从实验室到聚光灯下，每一款宇树机器人的诞生，都经历了无数次的“招式”拆解与重构。早期，团队面对人形机器人复杂运动控制这一世界性难题，没有成熟路径可循。研发人员反复优化算法与机械结构，一个个不眠之夜、一次次跌倒重来，最终凝聚成机器人行云流水般的动作。这背后，是技术攻坚的艰辛，更是对“中国创造”的执着信念。
2025年5月，我们的人形机器人登上拳击擂台赛。为应对高动态对抗，团队日夜优化算法参数。当机器人首次流畅完成组合拳连击并稳健回防时，控制中心响起热烈掌声。这标志着我们的机器人具备了可靠的动态平衡与快速反应能力，为人形机器人从实验室走向实际应用迈出关键一步。
宇树机器人之所以能崭露头角，关键在于我们掌握了高性能关节电机、运动控制算法等核心技术。我们坚信，人形机器人将是下一个通用技术平台。展望未来5年，随着人工智能、传感技术的深度融合，人形机器人将从目前的展示与特定场景应用，更深入地走进生活与生产，成为推动经济社会高质量发展的新质生产力。宇树科技将继续潜心研发，推动人形机器人更智能、更可靠、更普及，为科技强国建设贡献力量。
（本报记者刘军国采访整理）
摩尔线程创始人张建中
芯片研发  奋力突破
过去20多年，全功能GPU（图形处理器）持续引领加速计算变革。我们团队坚持自主研发元计算统一系统架构，实现了单芯片架构同时支持人工智能计算加速、图形渲染、物理仿真和科学计算、超高清视频编解码等。
自成立以来，摩尔线程保持着“一年一代架构”的研发节奏，坚持从底层代码和指令集入手，实现全功能GPU的国产化。截至目前，我们已成功推出四代GPU架构，完成5枚芯片的量产，形成了从芯片到集群的全栈产品布局。
为了打造面向先进计算方向的算力基座，2025年，我们与国内伙伴一道攻坚国产万卡训练集群。面对紧张周期与超高复杂度，数百人的核心技术团队到一线驻场，昼夜奋战，最终高效完成了万卡集群从生产、测试、部署到深度调优的全流程工作。通过对硬件、系统软件及平台的全栈协同创新，团队成功突破了技术壁垒。
我们的研发始终坚持“全功能GPU”的技术路线，同步构建完整的软件生态，提升产品的整体性能与兼容性。截至2025年6月，公司已获得授权专利514件，逐渐构筑起自身的技术“护城河”。
新的一年，我们将始终与国家战略同频共振，紧紧围绕赋能高质量发展，持续加大研发投入，继续深耕关键技术，不断完善生态布局，加速国产GPU应用落地，为高水平科技自立自强贡献算力力量。
（本报记者谷业凯采访整理）","# 创新创造催生新质生产力（新年谈“新”·五位科技工作者谈创新发展）

> 《人民日报》（2026年01月05日第 19 版）

科技创新是高质量发展的核心驱动力。人工智能大模型加速迭代，芯片自主研发不断突破，天问二号叩问深空，人形机器人、无人机走向应用前沿……一系列科技成果，勾勒出新质生产力加快生长的清晰轨迹。创新正从单点突破走向系统跃升，新质生产力愈发厚积成势。

“十五五”规划建议将“科技自立自强水平大幅提高”列为“十五五”时期经济社会发展主要目标之一。牵住科技创新这个“牛鼻子”，更多推动生产方式变革、赋能人民美好生活的新质生产力将加速汇聚，为高质量发展提供澎湃动力。

——编  者

天问二号VLBI测轨分系统总师黄勇

问天追星  行稳致远

2026年元旦，我们负责的VLBI（甚长基线干涉测量）测轨分系统已经完成了52次观测任务。当天问二号飞行在距离地球4300万公里的宇宙空间时，作为VLBI测定轨团队的成员，我时刻牢记“追星”对我们意味着什么——那是一条必须系在探测器身上，看不见却至关重要的宇宙“风筝线”。

VLBI测轨分系统是中国科学院集全院相关力量构建的国之重器。天问二号的目标是探测小行星和彗星，小行星采样返回段约2.5年，主带彗星转移段长达7年。轨道复杂、距离遥远，对系统长时间运行可靠性、网络通信稳定性、资源与人力保障和应急响应处置等，都提出了更高的要求。

上海天文台仅用15个月便同时在高寒和高海拔地区完成射电望远镜及其配套园区建设，并开展了一系列测试和联调联试，为天问二号圆满完成任务打下了坚实的基础。2025年1月，长白山观测站组织了天问二号天地正样对接试验。试验圆满结束后，我们爬到天线最高处，望着雄壮巍峨的长白山。那一刻，我深刻理解了VLBI不仅是一项技术，更是体系与协作的结果，是国家深空测控能力的基石。

VLBI每一次成功的测定轨，都是人类在无尽深邃中的一次精准“扎营”。未来，这条“风筝线”将更坚韧、更灵敏。它牵引的不仅是天问二号，更是中国人探寻宇宙深空的雄心与自信。我们将继续守护这条无形的纽带，让每一个飞向深空的“中国足迹”，都踏得稳、走得远，回传的每一个信号，都清晰而响亮。

（本报记者黄晓慧采访整理）

联合飞机集团董事长田刚印

多元场景  更多可能

2025年底，我们团队迎来了一个重要突破：我们自主研制的全球首款6吨级倾转旋翼无人驾驶飞行器——镧影R6000在四川完成首次飞行。

这次飞行为何令人振奋？通过倾转旋翼设计技术，无人机实现旋翼姿态在垂直起降与高速平飞模态之间的无缝、安全平稳切换，从而融合传统直升机和固定翼飞机的优势，进一步拓展应用场景。过去，该技术被国外垄断，镧影R6000的首飞，意味着我国将倾转旋翼这一关键技术掌握在自己手中。

作为一名深耕无人机行业多年的“老兵”，我见证了中国无人机从“跟跑”到“并跑”甚至“领跑”的发展历程。身处其中，深度参与，我感到无比自豪。

当前，无人机技术正从早期的集中攻坚，向多元场景规模化落地探索迈进，行业发展日渐成熟和规范。演绎绚丽“烟花”、精准投送医疗物资、服务农业植保……无人机与经济社会发展联系越来越紧密，价值日益凸显。

2025年，在西南山区，我和团队带着重载无人机，成功将水果送出大山。看到果农欣慰的笑容，我更加真切体会到发展无人机的意义。

展望“十五五”，无人机将迎来更广阔的发展空间。未来，我和团队将持续攻坚无人机技术，同时，加强与产业链上下游企业、科研院所及终端应用单位等合作，共同营造健康、高效的行业生态。我坚信，在不久的将来，无人机能给更多人带来便利和乐趣。

（本报记者喻思南采访整理）

阿里巴巴集团首席执行官吴泳铭

AI发展  你追我赶

过去一年，中国AI（人工智能）大模型通过开源开放，在全球掀起了一股中国大模型热潮。这股热潮正在推动新质生产力加快发展，为高质量发展赋能，也为全球AI发展贡献中国智慧。

2025年，AI大模型以周甚至以日为周期迭代。中国开源模型打破了闭源AI垄断，在全球广受认可。比如阿里“千问家族”共开源近400个模型，全球下载量突破7亿次，衍生模型数突破18万个，开源可免费下载商用，将AI普惠推向全球。不少国外企业使用“千问”开展业务，还有一些国家在此基础上进行“二次开发”，拥有了自主研发的本土大模型。

开源开放的模型大大加速了中国AI产业化进程，在各领域共享训练模型的算力和知识，让大部分企业只需要专注于垂直领域数据的再训练和应用创新，大幅降低成本。

我们正在打造的全新“AI超级计算机”，将拥有先进的AI基础设施、云计算和开源模型、个人智能助手和各类AI应用。同时，我们正在积极推进投入3800亿元的AI基础设施建设计划，并将持续追加更大的投入，不断探索AI的极限。

步入智能时代，我们将更关注到每一个个体，让AI更好地服务民生福祉。比如，基层医院可以运用AI完成疑难杂症的早期筛查，奶茶店主可以用AI生成促销海报，每一个孩子都可以拥有自己的“AI老师”……随着AI的不断发展，我们坚信这些场景将很快变成现实。

（本报记者谷业凯采访整理）

宇树科技首席市场官王其鑫

身怀绝技  彰显其能

作为在人形机器人领域的创新企业之一，宇树科技的机器人研制之路，是一条充满挑战与突破的修炼之旅。

从实验室到聚光灯下，每一款宇树机器人的诞生，都经历了无数次的“招式”拆解与重构。早期，团队面对人形机器人复杂运动控制这一世界性难题，没有成熟路径可循。研发人员反复优化算法与机械结构，一个个不眠之夜、一次次跌倒重来，最终凝聚成机器人行云流水般的动作。这背后，是技术攻坚的艰辛，更是对“中国创造”的执着信念。

2025年5月，我们的人形机器人登上拳击擂台赛。为应对高动态对抗，团队日夜优化算法参数。当机器人首次流畅完成组合拳连击并稳健回防时，控制中心响起热烈掌声。这标志着我们的机器人具备了可靠的动态平衡与快速反应能力，为人形机器人从实验室走向实际应用迈出关键一步。

宇树机器人之所以能崭露头角，关键在于我们掌握了高性能关节电机、运动控制算法等核心技术。我们坚信，人形机器人将是下一个通用技术平台。展望未来5年，随着人工智能、传感技术的深度融合，人形机器人将从目前的展示与特定场景应用，更深入地走进生活与生产，成为推动经济社会高质量发展的新质生产力。宇树科技将继续潜心研发，推动人形机器人更智能、更可靠、更普及，为科技强国建设贡献力量。

（本报记者刘军国采访整理）

摩尔线程创始人张建中

芯片研发  奋力突破

过去20多年，全功能GPU（图形处理器）持续引领加速计算变革。我们团队坚持自主研发元计算统一系统架构，实现了单芯片架构同时支持人工智能计算加速、图形渲染、物理仿真和科学计算、超高清视频编解码等。

自成立以来，摩尔线程保持着“一年一代架构”的研发节奏，坚持从底层代码和指令集入手，实现全功能GPU的国产化。截至目前，我们已成功推出四代GPU架构，完成5枚芯片的量产，形成了从芯片到集群的全栈产品布局。

为了打造面向先进计算方向的算力基座，2025年，我们与国内伙伴一道攻坚国产万卡训练集群。面对紧张周期与超高复杂度，数百人的核心技术团队到一线驻场，昼夜奋战，最终高效完成了万卡集群从生产、测试、部署到深度调优的全流程工作。通过对硬件、系统软件及平台的全栈协同创新，团队成功突破了技术壁垒。

我们的研发始终坚持“全功能GPU”的技术路线，同步构建完整的软件生态，提升产品的整体性能与兼容性。截至2025年6月，公司已获得授权专利514件，逐渐构筑起自身的技术“护城河”。

新的一年，我们将始终与国家战略同频共振，紧紧围绕赋能高质量发展，持续加大研发投入，继续深耕关键技术，不断完善生态布局，加速国产GPU应用落地，为高水平科技自立自强贡献算力力量。

（本报记者谷业凯采访整理）",,科技,编组_20260314_0938_08,https://paper.people.com.cn/rmrb/pc/content/202601/05/content_30129292.html,2026-01-05,"['AI', '机器人', '无人机', '2025', '模型', '人形', 'VLBI', '开源', '二号', '我们']","科技创新是高质量发展的核心驱动力。人工智能大模型加速迭代，芯片自主研发不断突破，天问二号叩问深空，人形机器人、无人机走向应用前沿……一系列科技成果，勾勒出新质生产力加快生长的清晰轨迹。创新正从单点突破走向系统跃升，新质生产力愈发厚积成势。
“十五五”规划建议将“科技自立自强水平大幅提高”列为“十五五”时期经济社会发展主要目标之一。牵住科技创新这个“牛鼻子”，更多推动生产方式变革、赋能人民美好生活的新质生产力将加速汇聚，为高质量发展提供澎湃动力。
——编  者",政治,series_44438925,2.0,['政策加力，激发民间投资新活力（新年谈“新”·五位民营企业家和金融界人士谈民间投资）']
厚植创新发展优势  勇立改革开放潮头 只争朝夕做好“十五五”开局之年工作,"新华社广州1月5日电  （记者邹伟）中共中央政治局常委、国务院总理李强1月3日至5日在广东调研。他强调，迈入新的一年，要深入贯彻习近平总书记在中央经济工作会议上的重要讲话精神，紧紧围绕推动高质量发展这个主题，牢记在全国发展大局中的使命，厚植创新发展优势，勇立改革开放潮头，只争朝夕做好经济社会发展各项工作，奋力实现“十五五”良好开局。
在深圳市，李强听取深港科技创新合作区规划发展等情况汇报，了解园区企业运用人工智能赋能新材料、生物医药等领域研发进展，察看比亚迪公司新能源汽车展示。李强指出，科技创新是赢得未来的关键所在。要强化企业创新主体地位，完善政策、资金、人才等支持，依托粤港澳大湾区优势集聚创新资源，瞄准新兴领域和关键核心技术加强研发合作，取得更多突破性成果。李强来到深圳蛇口邮轮母港直升机场和机器人谷，了解低空经济发展情况，观看机器人企业产品演示，细致询问企业技术转化应用、产业集群发展等方面情况。李强指出，科技的生命在于应用，要进一步完善产业生态，培育拓展应用场景，探索有效的经营模式，推动机器人、无人机等新技术新产品在扩大应用中加快迭代升级，更好赋能千行百业、造福千家万户。
途经深中通道时，李强听取项目运营及珠江口跨海通道规划建设介绍。他强调，要充分运用先进技术，管好用好交通要道，确保安全、顺畅运行，更好促进大湾区互联互通、协同发展。在佛山市，李强考察了广东美的厨房电器制造有限公司，参观数字化智能化生产线。他指出，经济发展和居民生活品质提高带来许多新的消费需求，要深入研究这些新变化，加快研发生产更多优质产品，推动形成需求牵引供给、供给创造需求的良性循环。在佛山国际陆港，李强详细了解跨境电商和保税物流发展运营情况。他强调，要坚定不移扩大高水平对外开放，把基础设施“硬联通”和规则标准“软联通”更好结合起来，统筹布局建设科技创新、服务贸易、产业发展等重大开放合作平台，拓展数字贸易、绿色贸易，有序扩大服务领域自主开放，积极扩大进口，推动进出口平衡发展。
调研中，李强与部分科技企业、深圳市政府有关部门负责人座谈交流。他强调，今年是“十五五”开局之年，希望广大企业抢抓机遇、锐意创新，努力实现更大发展，为经济稳中向好注入强劲动能。各级政府部门要加强协调配合，形成工作合力，各项工作能早则早抓紧抓实。要深化重点领域改革，提升服务效能，优化营商环境，不断激发经济发展内生动力。
黄坤明、吴政隆参加调研。","### 李强在广东调研时强调

# 厚植创新发展优势  勇立改革开放潮头 只争朝夕做好“十五五”开局之年工作

> 《人民日报》（2026年01月06日第 01 版）

新华社广州1月5日电  （记者邹伟）中共中央政治局常委、国务院总理李强1月3日至5日在广东调研。他强调，迈入新的一年，要深入贯彻习近平总书记在中央经济工作会议上的重要讲话精神，紧紧围绕推动高质量发展这个主题，牢记在全国发展大局中的使命，厚植创新发展优势，勇立改革开放潮头，只争朝夕做好经济社会发展各项工作，奋力实现“十五五”良好开局。

在深圳市，李强听取深港科技创新合作区规划发展等情况汇报，了解园区企业运用人工智能赋能新材料、生物医药等领域研发进展，察看比亚迪公司新能源汽车展示。李强指出，科技创新是赢得未来的关键所在。要强化企业创新主体地位，完善政策、资金、人才等支持，依托粤港澳大湾区优势集聚创新资源，瞄准新兴领域和关键核心技术加强研发合作，取得更多突破性成果。李强来到深圳蛇口邮轮母港直升机场和机器人谷，了解低空经济发展情况，观看机器人企业产品演示，细致询问企业技术转化应用、产业集群发展等方面情况。李强指出，科技的生命在于应用，要进一步完善产业生态，培育拓展应用场景，探索有效的经营模式，推动机器人、无人机等新技术新产品在扩大应用中加快迭代升级，更好赋能千行百业、造福千家万户。

途经深中通道时，李强听取项目运营及珠江口跨海通道规划建设介绍。他强调，要充分运用先进技术，管好用好交通要道，确保安全、顺畅运行，更好促进大湾区互联互通、协同发展。在佛山市，李强考察了广东美的厨房电器制造有限公司，参观数字化智能化生产线。他指出，经济发展和居民生活品质提高带来许多新的消费需求，要深入研究这些新变化，加快研发生产更多优质产品，推动形成需求牵引供给、供给创造需求的良性循环。在佛山国际陆港，李强详细了解跨境电商和保税物流发展运营情况。他强调，要坚定不移扩大高水平对外开放，把基础设施“硬联通”和规则标准“软联通”更好结合起来，统筹布局建设科技创新、服务贸易、产业发展等重大开放合作平台，拓展数字贸易、绿色贸易，有序扩大服务领域自主开放，积极扩大进口，推动进出口平衡发展。

调研中，李强与部分科技企业、深圳市政府有关部门负责人座谈交流。他强调，今年是“十五五”开局之年，希望广大企业抢抓机遇、锐意创新，努力实现更大发展，为经济稳中向好注入强劲动能。各级政府部门要加强协调配合，形成工作合力，各项工作能早则早抓紧抓实。要深化重点领域改革，提升服务效能，优化营商环境，不断激发经济发展内生动力。

黄坤明、吴政隆参加调研。",,要闻,,https://paper.people.com.cn/rmrb/pc/content/202601/06/content_30129696.html,2026-01-06,"['李强', '发展', '创新', '开局', '科技', '机器人', '企业', '十五', '厚植', '勇立']","新华社广州1月5日电  （记者邹伟）中共中央政治局常委、国务院总理李强1月3日至5日在广东调研。他强调，迈入新的一年，要深入贯彻习近平总书记在中央经济工作会议上的重要讲话精神，紧紧围绕推动高质量发展这个主题，牢记在全国发展大局中的使命，厚植创新发展优势，勇立改革开放潮头，只争朝夕做好经济社会发展各项工作，奋力实现“十五五”良好开局。
在深圳市，李强听取深港科技创新合作区规划发展等情况汇报，了解园区企业运用人工智能赋能新材料、生物医药等领域研发进展，察看比亚迪公司新能源汽车展示。李强指出，科技创新是赢得未来的关键所在。要强化企业创新主体地位，完善政策、资金、人才等支持，依托粤港澳大湾区优势集聚创新资源，瞄准新兴领域和关键核心技术加强研发合作，取得更多突破性成果。李强来到深圳蛇口邮轮母港直升机场和机器人谷，了解低空经济发展情况，观看机器人企业产品演示，细致询问企业技术转化应用、产业集群发展等方面情况。李强指出，科技的生命在于应用，要进一步完善产业生态，培育拓展应用场景，探索有效的经营模式，推动机器人、无人机等新技术新产品在扩大应用中加快迭代升级，更好赋能千行百业、造福千家万户。
途经深中通道时，李强听取项目运营及珠江口跨海通道规划建设介绍。他强调，要充分运用先进技术，管好用好交通要道，确保安全、顺畅运行，更好促进大湾区互联互通、协同发展。在佛山市，李强考察了广东美的厨房电器制造有限公司，参观数字化智能化生产线。他指出，经济发展和居民生活品质提高带来许多新的消费需求，要深入研究这些新变化，加快研发生产更多优质产品，推动形成需求牵引供给、供给创造需求的良性循环。在佛山国际陆港，李强详细了解跨境电商和保税物流发展运营情况。他强调，要坚定不移扩大高水平对外开放，把基础设施“硬联通”和规则标准“软联通”更好结合起来，统筹布局建设科技创新、服务贸易、产业发展等重大开放合作平台，拓展数字贸易、绿色贸易，有序扩大服务领域自主开放，积极扩大进口，推动进出口平衡发展。",政治,,,[]
坚决不当思想懒汉（人民论坛）,"思想如同燧石，越是在实践中敲击，越能产生火花、绽放光芒。
十年间，湖北楚源集团两任董事长，对党的创新理论没有学深悟透时，企业违法排污长期难以解决，被处罚则“喊冤躺平”；把自己摆进去，及时跟进学、联系实际学后，下决心整改，继而坚定推动绿色发展。
楚源之变有力证明，习近平新时代中国特色社会主义思想是改造主观世界的“营养”，改造客观世界的“钥匙”。对党的创新理论真学真信、入脑入心，就能找准干事创业的突破口，就能在复杂多变的形势中游刃有余。
老问题、新挑战层出不穷，发展中的问题、转型中的烦恼接踵而至，如何始终掌握主动进而引领发展升级？习近平总书记要求广大党员、干部“坚决摒弃一切固守旧思维、旧理念、老套路、老办法的懒汉思想，坚决反对一切不担当不作为、推脱躲绕、不思进取的躺平行为”。这对于确保“十五五”高质量发展，具有重要指导意义。
为啥有人甘当思想懒汉？不学习、不深思，凭着惯性往前冲，舒服、省事。
为何不能做思想懒汉？人是时代的产物，思想跟不上时代，就会脚踩西瓜皮，滑到哪里是哪里。
高质量发展是首要任务，高品质生活是人民期盼。固守“短缺时代”以牺牲环境换增长的旧思维，信奉“经验主义”，认为“过去这么做没问题，现在也不用改”，对新政策、新要求反应迟钝，岂不如同刻舟求剑？
坚持依法治国和依规治党有机统一，党风政风社风焕然一新，倘若不及时掌握作风建设新动态新要求，准确把握党的纪律和干事创业的内在统一，如何把全面从严治党向纵深推进？
古人说，人不学便老而衰。人之老，不仅在年龄，也在头脑。思想懒惰，行动迟缓。唯有全面系统学、及时跟进学、深入思考学、联系实际学，把党的创新理论学到手，才能避免陷入少知而迷、不知而盲、无知而乱。
思想上的“懒汉”，必然是行动中的“矮子”。学习非一日之功，不日新者必日退。活到老、学到老，思想才会赶上趟，行动才能踩准点。
“共抓大保护，不搞大开发”，唱响长江经济带的主旋律。不搞大开发，就是不发展吗？“两山”理念恰恰超越了西方传统的二元对立观点。全面学、客观辩证看，我们走生态优先、绿色发展之路就更加笃定，步伐就更加坚实。
发展新质生产力是推动高质量发展的内在要求和重要着力点，已经形成广泛共识。发展新质生产力，只盯着“新三样”吗？传统产业就要“一退了之”吗？学习浅尝辄止，就容易机械照搬。系统学、联系实际学，才能悟出“因地制宜发展新质生产力”的大智慧。
没有先例可以遵循，没有现成教科书可以照抄，推进中国式现代化决不能守株待兔，而是要在实践中大胆探索，求客观实际之真、务为民造福之实。“如果我们党有一百个至二百个系统地而不是零碎地、实际地而不是空洞地学会了马克思列宁主义的同志，就会大大地提高我们党的战斗力量”！
学习越深入，思想越清明，行动越坚定。把自己摆进去、把工作摆进去、把职责摆进去，把马克思主义看家本领学到手，从党的创新理论中悟规律、明方向、学方法、增智慧，我们的事业定能无往而不胜。","# 坚决不当思想懒汉（人民论坛）

> 肖  鹿《人民日报》（2026年01月06日第 04 版）

思想如同燧石，越是在实践中敲击，越能产生火花、绽放光芒。

十年间，湖北楚源集团两任董事长，对党的创新理论没有学深悟透时，企业违法排污长期难以解决，被处罚则“喊冤躺平”；把自己摆进去，及时跟进学、联系实际学后，下决心整改，继而坚定推动绿色发展。

楚源之变有力证明，习近平新时代中国特色社会主义思想是改造主观世界的“营养”，改造客观世界的“钥匙”。对党的创新理论真学真信、入脑入心，就能找准干事创业的突破口，就能在复杂多变的形势中游刃有余。

老问题、新挑战层出不穷，发展中的问题、转型中的烦恼接踵而至，如何始终掌握主动进而引领发展升级？习近平总书记要求广大党员、干部“坚决摒弃一切固守旧思维、旧理念、老套路、老办法的懒汉思想，坚决反对一切不担当不作为、推脱躲绕、不思进取的躺平行为”。这对于确保“十五五”高质量发展，具有重要指导意义。

为啥有人甘当思想懒汉？不学习、不深思，凭着惯性往前冲，舒服、省事。

为何不能做思想懒汉？人是时代的产物，思想跟不上时代，就会脚踩西瓜皮，滑到哪里是哪里。

高质量发展是首要任务，高品质生活是人民期盼。固守“短缺时代”以牺牲环境换增长的旧思维，信奉“经验主义”，认为“过去这么做没问题，现在也不用改”，对新政策、新要求反应迟钝，岂不如同刻舟求剑？

坚持依法治国和依规治党有机统一，党风政风社风焕然一新，倘若不及时掌握作风建设新动态新要求，准确把握党的纪律和干事创业的内在统一，如何把全面从严治党向纵深推进？

古人说，人不学便老而衰。人之老，不仅在年龄，也在头脑。思想懒惰，行动迟缓。唯有全面系统学、及时跟进学、深入思考学、联系实际学，把党的创新理论学到手，才能避免陷入少知而迷、不知而盲、无知而乱。

思想上的“懒汉”，必然是行动中的“矮子”。学习非一日之功，不日新者必日退。活到老、学到老，思想才会赶上趟，行动才能踩准点。

“共抓大保护，不搞大开发”，唱响长江经济带的主旋律。不搞大开发，就是不发展吗？“两山”理念恰恰超越了西方传统的二元对立观点。全面学、客观辩证看，我们走生态优先、绿色发展之路就更加笃定，步伐就更加坚实。

发展新质生产力是推动高质量发展的内在要求和重要着力点，已经形成广泛共识。发展新质生产力，只盯着“新三样”吗？传统产业就要“一退了之”吗？学习浅尝辄止，就容易机械照搬。系统学、联系实际学，才能悟出“因地制宜发展新质生产力”的大智慧。

没有先例可以遵循，没有现成教科书可以照抄，推进中国式现代化决不能守株待兔，而是要在实践中大胆探索，求客观实际之真、务为民造福之实。“如果我们党有一百个至二百个系统地而不是零碎地、实际地而不是空洞地学会了马克思列宁主义的同志，就会大大地提高我们党的战斗力量”！

学习越深入，思想越清明，行动越坚定。把自己摆进去、把工作摆进去、把职责摆进去，把马克思主义看家本领学到手，从党的创新理论中悟规律、明方向、学方法、增智慧，我们的事业定能无往而不胜。",肖  鹿,要闻,,https://paper.people.com.cn/rmrb/pc/content/202601/06/content_30129715.html,2026-01-06,"['摆进去', '思想', '发展', '思想懒汉', '新质', '联系实际', '躺平', '高质量', '楚源', '对党']","思想如同燧石，越是在实践中敲击，越能产生火花、绽放光芒。
十年间，湖北楚源集团两任董事长，对党的创新理论没有学深悟透时，企业违法排污长期难以解决，被处罚则“喊冤躺平”；把自己摆进去，及时跟进学、联系实际学后，下决心整改，继而坚定推动绿色发展。
楚源之变有力证明，习近平新时代中国特色社会主义思想是改造主观世界的“营养”，改造客观世界的“钥匙”。对党的创新理论真学真信、入脑入心，就能找准干事创业的突破口，就能在复杂多变的形势中游刃有余。",政治,,,[]
以改革筑牢基层健康防线（专家点评）,"县域医共体建设是推动分级诊疗、守护群众“家门口健康”的重要抓手。其关键在于整合县、乡、村三级医疗资源，促进优质资源下沉和县域内资源高效利用，筑牢基层健康防线。
截至2025年底，全国共建设运行3000余个紧密型县域医共体，覆盖人口超9亿人。县域内就诊率与基层诊疗量稳步提升，初步实现了“基层检查、上级诊断”，群众就医便捷性和获得感持续增强。
“十五五”时期，深化县域医共体改革需聚焦关键持续发力。深化体制机制创新，健全医疗、医保、医药协同发展机制，优化医保支付方式，构建责任共担、利益共享的共同体；创新人事薪酬制度，加强人才培养激励，推进数智化转型，促进优质资源均衡下沉；推动服务模式转型，逐步建立以居民健康结果为导向的评价体系，促进医防融合，使县域医共体更好守护群众健康。
（作者为北京师范大学政府管理学院教授，本报记者陈震采访整理）","# 以改革筑牢基层健康防线（专家点评）

> 王晓华《人民日报》（2026年01月06日第 04 版）

县域医共体建设是推动分级诊疗、守护群众“家门口健康”的重要抓手。其关键在于整合县、乡、村三级医疗资源，促进优质资源下沉和县域内资源高效利用，筑牢基层健康防线。

截至2025年底，全国共建设运行3000余个紧密型县域医共体，覆盖人口超9亿人。县域内就诊率与基层诊疗量稳步提升，初步实现了“基层检查、上级诊断”，群众就医便捷性和获得感持续增强。

“十五五”时期，深化县域医共体改革需聚焦关键持续发力。深化体制机制创新，健全医疗、医保、医药协同发展机制，优化医保支付方式，构建责任共担、利益共享的共同体；创新人事薪酬制度，加强人才培养激励，推进数智化转型，促进优质资源均衡下沉；推动服务模式转型，逐步建立以居民健康结果为导向的评价体系，促进医防融合，使县域医共体更好守护群众健康。

（作者为北京师范大学政府管理学院教授，本报记者陈震采访整理）",王晓华,要闻,,https://paper.people.com.cn/rmrb/pc/content/202601/06/content_30129721.html,2026-01-06,"['县域', '医共体', '基层', '健康', '筑牢', '资源', '诊疗', '群众', '守护', '医保']","县域医共体建设是推动分级诊疗、守护群众“家门口健康”的重要抓手。其关键在于整合县、乡、村三级医疗资源，促进优质资源下沉和县域内资源高效利用，筑牢基层健康防线。
截至2025年底，全国共建设运行3000余个紧密型县域医共体，覆盖人口超9亿人。县域内就诊率与基层诊疗量稳步提升，初步实现了“基层检查、上级诊断”，群众就医便捷性和获得感持续增强。
“十五五”时期，深化县域医共体改革需聚焦关键持续发力。深化体制机制创新，健全医疗、医保、医药协同发展机制，优化医保支付方式，构建责任共担、利益共享的共同体；创新人事薪酬制度，加强人才培养激励，推进数智化转型，促进优质资源均衡下沉；推动服务模式转型，逐步建立以居民健康结果为导向的评价体系，促进医防融合，使县域医共体更好守护群众健康。",政治,,,[]
坚持创新驱动，加紧培育壮大新动能（稳中求进、提质增效 实现“十五五”良好开局）,"工作人员在位于四川省稻城县的子午工程二期进行设备运维。新华社记者  江宏景摄
工作人员在位于四川省稻城县的子午工程二期进行设备运维。
新华社记者  江宏景摄
超临界二氧化碳发电机组。中核集团中国核动力研究设计院供图（新华社发）
超临界二氧化碳发电机组。
中核集团中国核动力研究设计院供图（新华社发）
位于广东省东莞市的中国散裂中子源。新华社记者  毛思倩摄
位于广东省东莞市的中国散裂中子源。
新华社记者  毛思倩摄
数据来源：科技部等
数据来源：科技部等
广东江门，地下700米深处，我国牵头的中微子实验装置发布首个物理成果。中国科学院院士王贻芳相信：“未来几十年，它会持续产出重大成果。”
贵州六盘水，全球首台商用超临界二氧化碳发电机组成功商运。在中核集团首席科学家黄彦平看来：“科技创新需要敢于突破的勇气。”
从基础研究到关键核心技术攻关，从场景牵引到应用赋能……中国经济动能更足、活力尽显。
习近平总书记强调：“中国式现代化要靠科技现代化作支撑，实现高质量发展要靠科技创新培育新动能。”2025年底举行的中央经济工作会议提出，“坚持创新驱动，加紧培育壮大新动能。”
培育壮大新动能，既是当下所需，也是未来所系。新年伊始，各地区各部门加快促进新动能集聚、新产业壮大，因地制宜发展新质生产力，为高质量发展注入持久动力。
延伸产业链条，拓宽竞争赛道
扩围提质建设国际科技创新中心
京津冀、长三角、粤港澳大湾区，是引领全国高质量发展的重要动力源。中央经济工作会议提出，“建设北京（京津冀）、上海（长三角）、粤港澳大湾区国际科技创新中心。”
天津天开高教科创园核心区内，一款神经外科手术机器人正加快完成型式检验。“基于全自研的智能规划系统和激光雷达快速配准技术，这款机器人可应用于手术室辅助颅脑穿刺等。”中国医学科学院生物医学工程研究所研究员王宏说。
王宏创办的北天医疗科技（天津）有限公司，是京津冀创新要素深度融合、协同优化的缩影。
“负责园区运营的天开集团联动药监部门提供生产许可‘超前介入’服务，确保拿到注册证即可投产。”王宏表示，北京国际科技创新中心拓展至京津冀，有助于企业对接当地医疗资源，加快拓展应用场景。
“三大中心”扩围提质，上海交通大学讲席教授马紫峰对此深有感触。几年前，通过职务科技成果赋权改革，马紫峰创办了浙江钠创新能源有限公司，“我们加快与宁德时代、比亚迪等企业开展钠离子电池概念验证试验。在浙江绍兴投资建设的年产4万吨钠离子电池电极材料产线（一期）已于2025年投产，将为新能源产业安全提供支撑。”
在广东深圳，有这样一个说法：生产一部手机所需的元器件，在华强北1小时“通勤圈”内可全部配齐。如今，产业链的更新延展，展现着深圳乃至粤港澳大湾区在“新赛道”上的竞争力。
深圳嘉立创科技集团股份有限公司是从华强北“一米柜”成长起来的电子制造企业。“我们的印制电路板助力商业航天航电系统快速迭代，新近上线的自研电气设计软件实现了‘软件定义制造’的新突破。”企业负责人介绍，嘉立创已累计服务180多个国家和地区超710万名用户，覆盖机器人、新能源汽车等新兴产业。
近年来，我国加快推进国际科技创新中心建设。在2025年全球百强创新集群排名中，深圳—香港—广州、北京、上海—苏州分别位居第一、第四、第六位。“国际科技创新中心向地域相连的城市群战略性升级，有利于更好整合资源，打造世界级的创新策源地。”中国科学技术发展战略研究院党委书记刘冬梅说。
数据是有力证明。2025年，我国热点论文数量全球占比首次过半，国内有效发明专利数量突破500万件，我国在全球创新指数排名中从2012年的第三十四位升至2025年的第十位，成为10多年来创新力提升最快的经济体之一。
从“三大中心”放眼全国，原始创新能力显著增强、原创性成果持续涌现，高水平科技供给正成为培育和发展新质生产力、催生高质量发展新动能的重要引擎，为创新驱动提供“源头活水”。
促进转型升级，助力深度融合
加快布局现代化产业体系
高质量发展离不开产业支撑，现代化产业体系是中国式现代化的物质技术基础。
中央经济工作会议提出，“制定服务业扩能提质行动方案”“实施新一轮重点产业链高质量发展行动”“深化拓展‘人工智能+’”，现代化产业体系建设持续推进。
上料、翻转、对齐、定位、焊接……山东方垠智能制造有限公司150米长的生产线上，一块钢板加工成一个“H形”结构件只需1个小时。“我们与浪潮数字企业技术有限公司合作，实现生产要素与数字孪生系统的深度映射、实时反馈，生产成本降低18%，生产效率提升20%。”公司总经理逯兆庆表示。
近年来，信息技术应用创新活跃，加快推动制造业转型升级。“现代服务业与先进制造业深度融合，将有力推动产业链延链增值、智能化数字化水平提升。”浪潮数字企业总经理魏代森说。
当前，我国科技支撑能力不断增强，为产业发展奠定良好基础。2025年11月，我国装备制造业增加值同比增长7.7%，信息传输、软件和信息技术服务业生产指数同比增长12.9%。2025年1至11月，我国规模以上高技术制造业增加值同比增长9.2%。
人工智能、具身智能等科技前沿领域加快突破，对产业升级引领作用增强。2025年前11个月，我国智能消费设备制造业增加值增长7.6%，AI眼镜、AI手机等新产品供不应求。
“基础款要45天以后才能拿到。”上海一家电子产品店内摆放着新款AI眼镜，吸引不少消费者体验。“我们新增的组装生产线已投产，正满状态运转，以便赶上春节消费热潮。”夸克AI眼镜产品经理晋显介绍。
从无人矿山到柔性产线，从智能工厂到零碳码头，传统产业因“新”而兴、新兴产业向“新”而进、未来产业加快布局。其中，企业发挥着越来越重要的作用。
前不久，3名来自民营企业的专家当选中国工程院院士，创下单届民企专家当选院士人数新高。“许多民营企业承担国家重大任务，参与建设国家科技创新平台，投身国际科技创新竞争，逐步成长为科研探索的重要力量。”中国工程院院士、宁德时代新能源科技股份有限公司首席科学家吴凯表示。
在中国科学院科技战略咨询研究院研究员万劲波看来，强化企业创新主体地位，要进一步推动创新资源向企业集聚，不断提升我国科技竞争力、产业基础能力和产业链现代化水平。
找准自身定位，展现集群优势
因地制宜发展新质生产力
发展新质生产力，是推动高质量发展的内在要求和重要着力点。中央经济工作会议提出，“因地制宜发展新质生产力。”
甘肃庆阳“东数西算”产业园内，机柜整齐排列，大屏上的数字实时跳动。瞬息间，海量数据经过复杂运算，让远在广东的创意设计团队完成了3D模型的超精细渲染。
庆阳能源资源富集，但产业结构长期较为单一。“东数西算”工程启动后，庆阳凭借自身优势，跻身全国十大数据中心集群之列。在发展过程中，庆阳聚焦算力基础设施建设，实行统一规划和管理。当地适时推出创新政策，催生智慧医疗、低空经济等新业态新模式。目前，当地数据中心机架规模达3.7万架，算力全部实现“投用即消纳”。
新质生产力成为各地布局重点。河北提出，加快生物医药、电子信息等产业培育；四川提出，做强生物医药、轨道交通装备等国家战略性新兴产业集群……
“在创新发展重大机遇面前，各地需找准自身在国家战略布局中的定位，融入国家创新网络。”中国科学学与科技政策研究会理事长穆荣平说。
坚持创新驱动，加紧培育壮大新动能，新的一年，向“新”而行的中国，必将交出实现“十五五”良好开局的精彩答卷。
（本报记者宋朝军参与采写）","# 坚持创新驱动，加紧培育壮大新动能（稳中求进、提质增效 实现“十五五”良好开局）

## ——着力推进全年经济工作八大重点任务②

> 本报记者  谷业凯《人民日报》（2026年01月06日第 05 版）

工作人员在位于四川省稻城县的子午工程二期进行设备运维。　　新华社记者  江宏景摄

工作人员在位于四川省稻城县的子午工程二期进行设备运维。

新华社记者  江宏景摄

超临界二氧化碳发电机组。　　中核集团中国核动力研究设计院供图（新华社发）

超临界二氧化碳发电机组。

中核集团中国核动力研究设计院供图（新华社发）

位于广东省东莞市的中国散裂中子源。　　新华社记者  毛思倩摄

位于广东省东莞市的中国散裂中子源。

新华社记者  毛思倩摄

数据来源：科技部等

数据来源：科技部等

广东江门，地下700米深处，我国牵头的中微子实验装置发布首个物理成果。中国科学院院士王贻芳相信：“未来几十年，它会持续产出重大成果。”

贵州六盘水，全球首台商用超临界二氧化碳发电机组成功商运。在中核集团首席科学家黄彦平看来：“科技创新需要敢于突破的勇气。”

从基础研究到关键核心技术攻关，从场景牵引到应用赋能……中国经济动能更足、活力尽显。

习近平总书记强调：“中国式现代化要靠科技现代化作支撑，实现高质量发展要靠科技创新培育新动能。”2025年底举行的中央经济工作会议提出，“坚持创新驱动，加紧培育壮大新动能。”

培育壮大新动能，既是当下所需，也是未来所系。新年伊始，各地区各部门加快促进新动能集聚、新产业壮大，因地制宜发展新质生产力，为高质量发展注入持久动力。

延伸产业链条，拓宽竞争赛道

扩围提质建设国际科技创新中心

京津冀、长三角、粤港澳大湾区，是引领全国高质量发展的重要动力源。中央经济工作会议提出，“建设北京（京津冀）、上海（长三角）、粤港澳大湾区国际科技创新中心。”

天津天开高教科创园核心区内，一款神经外科手术机器人正加快完成型式检验。“基于全自研的智能规划系统和激光雷达快速配准技术，这款机器人可应用于手术室辅助颅脑穿刺等。”中国医学科学院生物医学工程研究所研究员王宏说。

王宏创办的北天医疗科技（天津）有限公司，是京津冀创新要素深度融合、协同优化的缩影。

“负责园区运营的天开集团联动药监部门提供生产许可‘超前介入’服务，确保拿到注册证即可投产。”王宏表示，北京国际科技创新中心拓展至京津冀，有助于企业对接当地医疗资源，加快拓展应用场景。

“三大中心”扩围提质，上海交通大学讲席教授马紫峰对此深有感触。几年前，通过职务科技成果赋权改革，马紫峰创办了浙江钠创新能源有限公司，“我们加快与宁德时代、比亚迪等企业开展钠离子电池概念验证试验。在浙江绍兴投资建设的年产4万吨钠离子电池电极材料产线（一期）已于2025年投产，将为新能源产业安全提供支撑。”

在广东深圳，有这样一个说法：生产一部手机所需的元器件，在华强北1小时“通勤圈”内可全部配齐。如今，产业链的更新延展，展现着深圳乃至粤港澳大湾区在“新赛道”上的竞争力。

深圳嘉立创科技集团股份有限公司是从华强北“一米柜”成长起来的电子制造企业。“我们的印制电路板助力商业航天航电系统快速迭代，新近上线的自研电气设计软件实现了‘软件定义制造’的新突破。”企业负责人介绍，嘉立创已累计服务180多个国家和地区超710万名用户，覆盖机器人、新能源汽车等新兴产业。

近年来，我国加快推进国际科技创新中心建设。在2025年全球百强创新集群排名中，深圳—香港—广州、北京、上海—苏州分别位居第一、第四、第六位。“国际科技创新中心向地域相连的城市群战略性升级，有利于更好整合资源，打造世界级的创新策源地。”中国科学技术发展战略研究院党委书记刘冬梅说。

数据是有力证明。2025年，我国热点论文数量全球占比首次过半，国内有效发明专利数量突破500万件，我国在全球创新指数排名中从2012年的第三十四位升至2025年的第十位，成为10多年来创新力提升最快的经济体之一。

从“三大中心”放眼全国，原始创新能力显著增强、原创性成果持续涌现，高水平科技供给正成为培育和发展新质生产力、催生高质量发展新动能的重要引擎，为创新驱动提供“源头活水”。

促进转型升级，助力深度融合

加快布局现代化产业体系

高质量发展离不开产业支撑，现代化产业体系是中国式现代化的物质技术基础。

中央经济工作会议提出，“制定服务业扩能提质行动方案”“实施新一轮重点产业链高质量发展行动”“深化拓展‘人工智能+’”，现代化产业体系建设持续推进。

上料、翻转、对齐、定位、焊接……山东方垠智能制造有限公司150米长的生产线上，一块钢板加工成一个“H形”结构件只需1个小时。“我们与浪潮数字企业技术有限公司合作，实现生产要素与数字孪生系统的深度映射、实时反馈，生产成本降低18%，生产效率提升20%。”公司总经理逯兆庆表示。

近年来，信息技术应用创新活跃，加快推动制造业转型升级。“现代服务业与先进制造业深度融合，将有力推动产业链延链增值、智能化数字化水平提升。”浪潮数字企业总经理魏代森说。

当前，我国科技支撑能力不断增强，为产业发展奠定良好基础。2025年11月，我国装备制造业增加值同比增长7.7%，信息传输、软件和信息技术服务业生产指数同比增长12.9%。2025年1至11月，我国规模以上高技术制造业增加值同比增长9.2%。

人工智能、具身智能等科技前沿领域加快突破，对产业升级引领作用增强。2025年前11个月，我国智能消费设备制造业增加值增长7.6%，AI眼镜、AI手机等新产品供不应求。

“基础款要45天以后才能拿到。”上海一家电子产品店内摆放着新款AI眼镜，吸引不少消费者体验。“我们新增的组装生产线已投产，正满状态运转，以便赶上春节消费热潮。”夸克AI眼镜产品经理晋显介绍。

从无人矿山到柔性产线，从智能工厂到零碳码头，传统产业因“新”而兴、新兴产业向“新”而进、未来产业加快布局。其中，企业发挥着越来越重要的作用。

前不久，3名来自民营企业的专家当选中国工程院院士，创下单届民企专家当选院士人数新高。“许多民营企业承担国家重大任务，参与建设国家科技创新平台，投身国际科技创新竞争，逐步成长为科研探索的重要力量。”中国工程院院士、宁德时代新能源科技股份有限公司首席科学家吴凯表示。

在中国科学院科技战略咨询研究院研究员万劲波看来，强化企业创新主体地位，要进一步推动创新资源向企业集聚，不断提升我国科技竞争力、产业基础能力和产业链现代化水平。

找准自身定位，展现集群优势

因地制宜发展新质生产力

发展新质生产力，是推动高质量发展的内在要求和重要着力点。中央经济工作会议提出，“因地制宜发展新质生产力。”

甘肃庆阳“东数西算”产业园内，机柜整齐排列，大屏上的数字实时跳动。瞬息间，海量数据经过复杂运算，让远在广东的创意设计团队完成了3D模型的超精细渲染。

庆阳能源资源富集，但产业结构长期较为单一。“东数西算”工程启动后，庆阳凭借自身优势，跻身全国十大数据中心集群之列。在发展过程中，庆阳聚焦算力基础设施建设，实行统一规划和管理。当地适时推出创新政策，催生智慧医疗、低空经济等新业态新模式。目前，当地数据中心机架规模达3.7万架，算力全部实现“投用即消纳”。

新质生产力成为各地布局重点。河北提出，加快生物医药、电子信息等产业培育；四川提出，做强生物医药、轨道交通装备等国家战略性新兴产业集群……

“在创新发展重大机遇面前，各地需找准自身在国家战略布局中的定位，融入国家创新网络。”中国科学学与科技政策研究会理事长穆荣平说。

坚持创新驱动，加紧培育壮大新动能，新的一年，向“新”而行的中国，必将交出实现“十五五”良好开局的精彩答卷。

（本报记者宋朝军参与采写）",谷业凯,特别报道,编组_20260314_0938_09,https://paper.people.com.cn/rmrb/pc/content/202601/06/content_30129723.html,2026-01-06,"['创新', '科技', '2025', '新质', '高质量', '动能', '产业', '加快', '发展', '培育']","工作人员在位于四川省稻城县的子午工程二期进行设备运维。新华社记者  江宏景摄
工作人员在位于四川省稻城县的子午工程二期进行设备运维。
新华社记者  江宏景摄",政治,series_6506585b,1.0,['读懂创新中国的底气与朝气（编辑手记）']
读懂创新中国的底气与朝气（编辑手记）,"新，一个读懂今日中国的字眼。
科研纪录接连“刷新”、大国重器持续“上新”、传统产业不断“焕新”……社会之日新，源于奔涌之创新。
一组数字，标注着新时代创新创造的活力：2025年，我国在全球创新指数排名中首次跻身前十，是10多年来创新力提升最快的经济体之一。
创新的底气，有足够的底盘支撑。全球规模最大的研发人员队伍，这是深厚的人才土壤；数量最多的全球百强科技创新集群，这是多年的科技沉淀。生物制造、量子科技、具身智能、6G……众多领域实现从量变到质变、从跟跑到领跑的飞跃，为高水平科技自立自强持续注入“加速度”。
有厚积薄发的沉稳底气，更有生生不息的昂扬朝气。从民营企业专家当选院士，到各类经营主体化身创新主体，科技创新和产业创新深度融合，为经济发展注入蓬勃朝气。放眼将来，建设北京（京津冀）、上海（长三角）、粤港澳大湾区国际科技创新中心，如同嵌入3个发展“引擎”，为培育新质生产力夯实基础、为推动高质量发展提供动能。
一个创新的中国，底气丰沛、朝气飞扬。","# 读懂创新中国的底气与朝气（编辑手记）

> 陈世涵《人民日报》（2026年01月06日第 05 版）

新，一个读懂今日中国的字眼。

科研纪录接连“刷新”、大国重器持续“上新”、传统产业不断“焕新”……社会之日新，源于奔涌之创新。

一组数字，标注着新时代创新创造的活力：2025年，我国在全球创新指数排名中首次跻身前十，是10多年来创新力提升最快的经济体之一。

创新的底气，有足够的底盘支撑。全球规模最大的研发人员队伍，这是深厚的人才土壤；数量最多的全球百强科技创新集群，这是多年的科技沉淀。生物制造、量子科技、具身智能、6G……众多领域实现从量变到质变、从跟跑到领跑的飞跃，为高水平科技自立自强持续注入“加速度”。

有厚积薄发的沉稳底气，更有生生不息的昂扬朝气。从民营企业专家当选院士，到各类经营主体化身创新主体，科技创新和产业创新深度融合，为经济发展注入蓬勃朝气。放眼将来，建设北京（京津冀）、上海（长三角）、粤港澳大湾区国际科技创新中心，如同嵌入3个发展“引擎”，为培育新质生产力夯实基础、为推动高质量发展提供动能。

一个创新的中国，底气丰沛、朝气飞扬。",陈世涵,特别报道,编组_20260314_0938_09,https://paper.people.com.cn/rmrb/pc/content/202601/06/content_30129724.html,2026-01-06,"['创新', '朝气', '底气', '科技', '读懂', '全球', '自立自强', '创新力', '注入', '粤港澳']","新，一个读懂今日中国的字眼。
科研纪录接连“刷新”、大国重器持续“上新”、传统产业不断“焕新”……社会之日新，源于奔涌之创新。
一组数字，标注着新时代创新创造的活力：2025年，我国在全球创新指数排名中首次跻身前十，是10多年来创新力提升最快的经济体之一。",经济,series_6506585b,2.0,['坚持创新驱动，加紧培育壮大新动能（稳中求进、提质增效 实现“十五五”良好开局）']
唤醒城市的“诗心”（金台随笔）,"让高楼广厦有灵魂、让车水马龙有温度，让生活在这里、往来于这里的人们有认同感、归属感，发掘这样的文化之力至关重要
人们常说“诗和远方”，似乎只有远方才有诗。其实，诗不只在远方，也在身旁。这段时间，陕西西安着力打造“唐诗之都”文化品牌。赴一场终南山下的“唐诗之约”，去大唐不夜城“邂逅李白”，到唐城墙遗址公园参加社区诗会……“诗道终南，心意长安”，诗歌穿越岁月的回响，唤醒了千年古都的诗心。
“垂檐灵草影，绕壁古山名。”这是唐代诗人姚合描写玄都观的诗句。2024年西安市区考古挖掘的一处夯土，正是玄都观殿堂基址。古长安与今西安，就这样在诗句中相遇。不仅是玄都观，灞桥折柳、曲池宴饮、雁塔题名……《全唐诗》收录的唐诗中，“长安”之名就出现了千余次。当年长安的城内城外，是一个巨大的诗歌创作现场；今天西安的大街小巷，“每一个地名都藏着一首诗”。诗人们锤炼的诗心，是这座城市独特的历史文脉所在。
中国大地上，一座座城市星罗棋布，超9.4亿人生活在城镇。城市有诗，市民就有诗。“天街小雨润如酥，草色遥看近却无”，这是寻常巷陌中的诗；“长安一片月，万户捣衣声”，这是日常生活中的诗。寻回城市的诗心，其实就是寻回“附近的诗”“身旁的诗”，让人们在休憩劳作之时、柴米油盐之间，能感受到一种“诗性空间”。试想，下班路上，车堵乐游原，忽然想起“万树鸣蝉隔岸虹，乐游原上有西风”的句子，蓦然就在诗歌中找到了歇脚之处。
唤醒城市的诗心，不仅是回应人们的审美需求，也是在赓续“诗教”传统，提升城市文化水准、涵养城市文明风尚。“临行密密缝，意恐迟迟归”，让人感怀凯风；“海内存知己，天涯若比邻”，则让人襟怀坦荡。诗歌如此作用于人心、作用于性情，可谓教化的最精微处。当越来越多人能通过诗歌与最纯粹、最厚重的心灵对话，感受美、弘扬善、体验真，城市就不仅有文气，而且有清气、有和气。
既润泽人心，又滋养文化，唤醒城市的诗心，正合于城市“内涵式发展”的要求。一个城市，如果没有文化的滋养，就不过是楼房、街道的“复制粘贴”。诞生此间、描摹此间，千年一咏、一咏千年，对于西安，唐诗不仅是文化记忆，更是滋养城市的文化活水。让高楼广厦有灵魂、让车水马龙有温度，让生活在这里、往来于这里的人们有认同感、归属感，发掘这样的文化之力至关重要。可以说，跳动的诗心，是城市的文化脉动，也是发展的重要支撑。
如何唤醒城市的诗心？这就需要把“在册之诗”，变成“在地之诗”、化为“在心之诗”。不少地方都有自己的“十景”，独特的形胜是山水之诗；而一方水土上的人、事、物，则是厚重的人文之诗。因景成诗，因诗成景，有形之城与无形之韵互相交融，成就“在地之诗”。诗心，终要扎根人心。晨光里老人悠悠的吟哦，学堂中孩子清脆的诵读——诗歌需要像清泉一样，流进日常生活的缝隙，化成城市呼吸的节奏。打通连接点，找到共鸣点，激活诗歌中跨越时空的力量，方能成就“在心之诗”。诗意涌动街巷、浸润人心，诗心才能蓬勃跳动、生生不息。
“中华文化延续着我们国家和民族的精神血脉，既需要薪火相传、代代守护，也需要与时俱进、推陈出新。”中国是诗的国度，诗在城市，也在乡野；诗在街头，也在阡陌。实现创造性转化、创新性发展，历史长河中沉淀下来的诗篇，一定能焕发新的生机，为我们这个时代的新文化涵养无尽诗意。","# 唤醒城市的“诗心”（金台随笔）

> 张  铁《人民日报》（2026年01月06日第 07 版）

让高楼广厦有灵魂、让车水马龙有温度，让生活在这里、往来于这里的人们有认同感、归属感，发掘这样的文化之力至关重要

人们常说“诗和远方”，似乎只有远方才有诗。其实，诗不只在远方，也在身旁。这段时间，陕西西安着力打造“唐诗之都”文化品牌。赴一场终南山下的“唐诗之约”，去大唐不夜城“邂逅李白”，到唐城墙遗址公园参加社区诗会……“诗道终南，心意长安”，诗歌穿越岁月的回响，唤醒了千年古都的诗心。

“垂檐灵草影，绕壁古山名。”这是唐代诗人姚合描写玄都观的诗句。2024年西安市区考古挖掘的一处夯土，正是玄都观殿堂基址。古长安与今西安，就这样在诗句中相遇。不仅是玄都观，灞桥折柳、曲池宴饮、雁塔题名……《全唐诗》收录的唐诗中，“长安”之名就出现了千余次。当年长安的城内城外，是一个巨大的诗歌创作现场；今天西安的大街小巷，“每一个地名都藏着一首诗”。诗人们锤炼的诗心，是这座城市独特的历史文脉所在。

中国大地上，一座座城市星罗棋布，超9.4亿人生活在城镇。城市有诗，市民就有诗。“天街小雨润如酥，草色遥看近却无”，这是寻常巷陌中的诗；“长安一片月，万户捣衣声”，这是日常生活中的诗。寻回城市的诗心，其实就是寻回“附近的诗”“身旁的诗”，让人们在休憩劳作之时、柴米油盐之间，能感受到一种“诗性空间”。试想，下班路上，车堵乐游原，忽然想起“万树鸣蝉隔岸虹，乐游原上有西风”的句子，蓦然就在诗歌中找到了歇脚之处。

唤醒城市的诗心，不仅是回应人们的审美需求，也是在赓续“诗教”传统，提升城市文化水准、涵养城市文明风尚。“临行密密缝，意恐迟迟归”，让人感怀凯风；“海内存知己，天涯若比邻”，则让人襟怀坦荡。诗歌如此作用于人心、作用于性情，可谓教化的最精微处。当越来越多人能通过诗歌与最纯粹、最厚重的心灵对话，感受美、弘扬善、体验真，城市就不仅有文气，而且有清气、有和气。

既润泽人心，又滋养文化，唤醒城市的诗心，正合于城市“内涵式发展”的要求。一个城市，如果没有文化的滋养，就不过是楼房、街道的“复制粘贴”。诞生此间、描摹此间，千年一咏、一咏千年，对于西安，唐诗不仅是文化记忆，更是滋养城市的文化活水。让高楼广厦有灵魂、让车水马龙有温度，让生活在这里、往来于这里的人们有认同感、归属感，发掘这样的文化之力至关重要。可以说，跳动的诗心，是城市的文化脉动，也是发展的重要支撑。

如何唤醒城市的诗心？这就需要把“在册之诗”，变成“在地之诗”、化为“在心之诗”。不少地方都有自己的“十景”，独特的形胜是山水之诗；而一方水土上的人、事、物，则是厚重的人文之诗。因景成诗，因诗成景，有形之城与无形之韵互相交融，成就“在地之诗”。诗心，终要扎根人心。晨光里老人悠悠的吟哦，学堂中孩子清脆的诵读——诗歌需要像清泉一样，流进日常生活的缝隙，化成城市呼吸的节奏。打通连接点，找到共鸣点，激活诗歌中跨越时空的力量，方能成就“在心之诗”。诗意涌动街巷、浸润人心，诗心才能蓬勃跳动、生生不息。

“中华文化延续着我们国家和民族的精神血脉，既需要薪火相传、代代守护，也需要与时俱进、推陈出新。”中国是诗的国度，诗在城市，也在乡野；诗在街头，也在阡陌。实现创造性转化、创新性发展，历史长河中沉淀下来的诗篇，一定能焕发新的生机，为我们这个时代的新文化涵养无尽诗意。",张  铁,评论,,https://paper.people.com.cn/rmrb/pc/content/202601/06/content_30129738.html,2026-01-06,"['诗心', '城市', '唤醒', '诗歌', '文化', '唐诗', '玄都观', '之诗', '西安', '人心']","让高楼广厦有灵魂、让车水马龙有温度，让生活在这里、往来于这里的人们有认同感、归属感，发掘这样的文化之力至关重要
人们常说“诗和远方”，似乎只有远方才有诗。其实，诗不只在远方，也在身旁。这段时间，陕西西安着力打造“唐诗之都”文化品牌。赴一场终南山下的“唐诗之约”，去大唐不夜城“邂逅李白”，到唐城墙遗址公园参加社区诗会……“诗道终南，心意长安”，诗歌穿越岁月的回响，唤醒了千年古都的诗心。
“垂檐灵草影，绕壁古山名。”这是唐代诗人姚合描写玄都观的诗句。2024年西安市区考古挖掘的一处夯土，正是玄都观殿堂基址。古长安与今西安，就这样在诗句中相遇。不仅是玄都观，灞桥折柳、曲池宴饮、雁塔题名……《全唐诗》收录的唐诗中，“长安”之名就出现了千余次。当年长安的城内城外，是一个巨大的诗歌创作现场；今天西安的大街小巷，“每一个地名都藏着一首诗”。诗人们锤炼的诗心，是这座城市独特的历史文脉所在。",政治,,,[]
抓作风  不能松（大家谈）,"习近平总书记在去年底的中央政治局民主生活会上强调：“要坚持把中央八项规定作为铁规矩、硬杠杠，毫不松懈整治‘四风’顽瘴痼疾，不断推进作风建设常态化长效化。”本期大家谈，我们聚焦作风建设，结合实际工作，选刊3篇来稿，与读者共同思考。
——编  者
要“讲究”莫“将就”
四川省成都市  山石鑫
村、社区是联系服务群众的最前沿，每项工作都连着民心、系着民生。但一些村社干部抱有“将就”心态，认为基层事小、地远、条件差，工作标准可以低一点、要求可以松一点、水平可以差一点。
比如，数据统计不够细、不够实，搞“大概差不多”；服务群众满足于“能办就好”，缺乏提高质效、优化流程、便利群众的主动作为；执行政策只顾“交差”，解决问题把“处理过”当“处理好了”。这背后，有思想懈怠的因素，有能力不足的问题，也有作风不实的原因，但根子上，还是服务群众的宗旨意识不够。
要“讲究”，莫“将就”。解决这一问题，既要在“破”字上下功夫，也要在“立”字上做文章。一方面，需要强化针对性思想教育，增强宗旨意识，推动村社干部自觉破除惰性，解决不想为的思想问题；另一方面，也需要加强培训赋能、实战练兵，补齐不善为的能力短板。引导基层干部在每一项工作、每一个环节上都多“讲究”、少“将就”，真正把好事办好、实事办实，方能不负群众的信任和支持。
摆问题需“对症”
河南省郑州市  段伟利
岁末年初，许多单位都在进行工作总结。其中，查摆问题是必不可少的一项内容。然而，有的干部在查摆问题上，却存在套路化的现象。
这些套路，往往具有几个典型特征。一是虚化，问题表述笼统模糊，轻描淡写、不碰实质。二是软化，对真正触及深层次矛盾、需要攻坚克难的“硬骨头”视而不见，专挑那些不痛不痒的问题来说。三是泛化，以部门问题代替个人问题，以共性问题代替具体问题。
找问题，是对自身的一次全面检视，也是促工作提升的一个起点。问题找得准，才能有的放矢、对症下药，下一步工作才会有方向、整改提升才会有目标。这就要求我们，用好“反光镜”，多听听工作服务对象的意见建议；用好“透视镜”，透过问题表象，深挖问题根源；用好“放大镜”，自觉用规章制度、工作要求等照照自己，看看还有多少差距、存在哪些不足。少摆些无关痛痒的问题，多些直面矛盾的勇气、攻坚克难的行动，才能把解决问题的过程变为推动工作进步的过程，让自己得提升，让工作有进展。
务虚会务必“求实”
山东省滨州市  赵  东
召开务虚会，为发展把脉、谋破题良策、聚改革共识，是推进工作的一个重要方法。实践中，一些地方认为务虚会就是“闲聊”“侃大山”，因此没有做好充分准备，会议内容缺少“干货”，务不出思路、务不出方法。类似情况，值得警惕。
务虚会也要“求实”。务虚会是为了“抬头看路”，明方向、找思路、寻对策，避免一味“埋头拉车”陷入事务主义。倘若将务虚会等同于空议、清谈，满足于坐而论道，就偏离了初衷，也容易滋生形式主义弊病。以“实”为导向，力戒空谈、力避虚浮，务虚会才能开出质量、开出成效。
虚功实做则不虚。这需要立足实践，坚持问题导向，把工作做在前头，带着问题调研、结合实情思考，聚焦发展面临的瓶颈、群众反映强烈的问题，出实招、谋实策，补短板、强弱项。将务虚会形成的思路，细化为可落实的方案，这同样是做好工作的要求。既善思善谋，又善作善成，才能把工作干好，让群众满意。","# 抓作风  不能松（大家谈）

> 《人民日报》（2026年01月06日第 07 版）

习近平总书记在去年底的中央政治局民主生活会上强调：“要坚持把中央八项规定作为铁规矩、硬杠杠，毫不松懈整治‘四风’顽瘴痼疾，不断推进作风建设常态化长效化。”本期大家谈，我们聚焦作风建设，结合实际工作，选刊3篇来稿，与读者共同思考。

——编  者

要“讲究”莫“将就”

四川省成都市  山石鑫

村、社区是联系服务群众的最前沿，每项工作都连着民心、系着民生。但一些村社干部抱有“将就”心态，认为基层事小、地远、条件差，工作标准可以低一点、要求可以松一点、水平可以差一点。

比如，数据统计不够细、不够实，搞“大概差不多”；服务群众满足于“能办就好”，缺乏提高质效、优化流程、便利群众的主动作为；执行政策只顾“交差”，解决问题把“处理过”当“处理好了”。这背后，有思想懈怠的因素，有能力不足的问题，也有作风不实的原因，但根子上，还是服务群众的宗旨意识不够。

要“讲究”，莫“将就”。解决这一问题，既要在“破”字上下功夫，也要在“立”字上做文章。一方面，需要强化针对性思想教育，增强宗旨意识，推动村社干部自觉破除惰性，解决不想为的思想问题；另一方面，也需要加强培训赋能、实战练兵，补齐不善为的能力短板。引导基层干部在每一项工作、每一个环节上都多“讲究”、少“将就”，真正把好事办好、实事办实，方能不负群众的信任和支持。

摆问题需“对症”

河南省郑州市  段伟利

岁末年初，许多单位都在进行工作总结。其中，查摆问题是必不可少的一项内容。然而，有的干部在查摆问题上，却存在套路化的现象。

这些套路，往往具有几个典型特征。一是虚化，问题表述笼统模糊，轻描淡写、不碰实质。二是软化，对真正触及深层次矛盾、需要攻坚克难的“硬骨头”视而不见，专挑那些不痛不痒的问题来说。三是泛化，以部门问题代替个人问题，以共性问题代替具体问题。

找问题，是对自身的一次全面检视，也是促工作提升的一个起点。问题找得准，才能有的放矢、对症下药，下一步工作才会有方向、整改提升才会有目标。这就要求我们，用好“反光镜”，多听听工作服务对象的意见建议；用好“透视镜”，透过问题表象，深挖问题根源；用好“放大镜”，自觉用规章制度、工作要求等照照自己，看看还有多少差距、存在哪些不足。少摆些无关痛痒的问题，多些直面矛盾的勇气、攻坚克难的行动，才能把解决问题的过程变为推动工作进步的过程，让自己得提升，让工作有进展。

务虚会务必“求实”

山东省滨州市  赵  东

召开务虚会，为发展把脉、谋破题良策、聚改革共识，是推进工作的一个重要方法。实践中，一些地方认为务虚会就是“闲聊”“侃大山”，因此没有做好充分准备，会议内容缺少“干货”，务不出思路、务不出方法。类似情况，值得警惕。

务虚会也要“求实”。务虚会是为了“抬头看路”，明方向、找思路、寻对策，避免一味“埋头拉车”陷入事务主义。倘若将务虚会等同于空议、清谈，满足于坐而论道，就偏离了初衷，也容易滋生形式主义弊病。以“实”为导向，力戒空谈、力避虚浮，务虚会才能开出质量、开出成效。

虚功实做则不虚。这需要立足实践，坚持问题导向，把工作做在前头，带着问题调研、结合实情思考，聚焦发展面临的瓶颈、群众反映强烈的问题，出实招、谋实策，补短板、强弱项。将务虚会形成的思路，细化为可落实的方案，这同样是做好工作的要求。既善思善谋，又善作善成，才能把工作干好，让群众满意。",,评论,,https://paper.people.com.cn/rmrb/pc/content/202601/06/content_30129739.html,2026-01-06,"['务虚会', '问题', '工作', '作风', '群众', '查摆', '攻坚克难', '务不出', '求实', '讲究']","习近平总书记在去年底的中央政治局民主生活会上强调：“要坚持把中央八项规定作为铁规矩、硬杠杠，毫不松懈整治‘四风’顽瘴痼疾，不断推进作风建设常态化长效化。”本期大家谈，我们聚焦作风建设，结合实际工作，选刊3篇来稿，与读者共同思考。
——编  者
要“讲究”莫“将就”",政治,,,[]
“预住院”服务的改革深意（新知）,"【现象】为缓解医疗机构“一床难求”，减少患者开支，近年来多地针对诊断明确、病情稳定的择期手术患者推出“预住院”服务。患者可在门诊完成术前检查检验、麻醉评估等准备工作，待床位空出后直接安排入院手术。一些地方还推进“预住院”费用医保支付试点，患者的术前检查检验相关费用可在正式入院后纳入住院费用结算。
【点评】
住院治疗的患者，入院前往往面对床位紧缺等不确定性，入院后需完成系列术前检查，手术也不能立即进行。针对“人等床”的困局，“预住院”模式应运而生，在提高医疗资源使用效率上迈出探索步伐。
“预住院”模式将术前检查、健康评估等环节前移至门诊阶段，对患者而言，最直观的获益是“少跑腿、少等待、少花费”。在湖南长沙，一些医院推出“预住院”服务后，患者平均住院日减少1至3天，费用降低超千元。中南大学湘雅三医院自2020年试点起，患者确诊后在预住院中心完成检查和评估，入院手术时间平均缩短2至3天，等待时间从7天减至3天。
这看似只是流程上的微调，实则触及了医疗资源精细化管理的内核。对医疗机构来说，“预住院”是提升运行效率的有益探索。传统模式下，患者入院后才开始排队检查，制约了床位高效周转。将检查前置后，医院可以更精准地规划床位资源与手术排期，用有限的医疗资源服务好更多患者。
当然，任何创新探索都需直面现实的挑战。
比如，“预住院”将部分服务从住院环节剥离，涉及收费项目、医保报销政策的衔接与调整，尤需强化部门之间的协同和医保部门的深度参与。配套推出更便捷高效的支付与结算机制，才能确保政策红利顺畅惠及患者。
再如，“预住院”主要面向部分择期手术患者，而非所有住院人群。如何科学、合理地界定适用人群，既关乎服务效率，也体现医疗管理的精细化水平。此外，检查前移意味着门诊的压力增大，需要更精细的预约排程、导诊服务，更智能的信息系统支持。在探索过程中，应鼓励医院因地制宜，结合自身专科特点与资源条件，设计合理的实施方案，避免“一刀切”产生负面影响。
近年来，从检查检验结果互认，到日间手术推广，再到多学科诊疗模式普及，一系列创新举措推动医疗服务体系向更高效、更人性化方向迈进。2025年，全国有360个地市的检查检验结果互认达到200种以上。这些以患者需求为导向的“减负”“破壁”之举广受欢迎，带来启示：医疗服务模式创新越是贴合实际、直指问题，越能转化为群众实实在在的看病就医获得感。
往深远看，“预住院”等实践的价值不仅在于资源配置的方式优化、效率提高，还在于理念的转变与更新：医疗服务从“以治病为中心”的片段式管理，转向“以人民健康为中心”的全周期、一体化健康管理。“以人民健康为中心”，不仅要求“治已病”，也需“治未病”；不仅要关注最终的治疗效果，也需重视整个就医流程的细节和体验。打破传统路径依赖，在确保医疗质量与安全的前提下，勇于对流程“动手术”、对体系“调结构”，整体提升医疗服务的舒适化、智慧化、数字化水平，才能更好满足群众不断增长的方便看病、舒心看病需求。
人民健康是社会主义现代化的重要标志。改善就医体验、提升医疗效能永无止境，每一项回应患者急难愁盼的举措创新、制度创新，都将为增进群众健康福祉、推进健康中国建设添砖加瓦。","# “预住院”服务的改革深意（新知）

> 邱  越《人民日报》（2026年01月06日第 07 版）

【现象】为缓解医疗机构“一床难求”，减少患者开支，近年来多地针对诊断明确、病情稳定的择期手术患者推出“预住院”服务。患者可在门诊完成术前检查检验、麻醉评估等准备工作，待床位空出后直接安排入院手术。一些地方还推进“预住院”费用医保支付试点，患者的术前检查检验相关费用可在正式入院后纳入住院费用结算。

【点评】

住院治疗的患者，入院前往往面对床位紧缺等不确定性，入院后需完成系列术前检查，手术也不能立即进行。针对“人等床”的困局，“预住院”模式应运而生，在提高医疗资源使用效率上迈出探索步伐。

“预住院”模式将术前检查、健康评估等环节前移至门诊阶段，对患者而言，最直观的获益是“少跑腿、少等待、少花费”。在湖南长沙，一些医院推出“预住院”服务后，患者平均住院日减少1至3天，费用降低超千元。中南大学湘雅三医院自2020年试点起，患者确诊后在预住院中心完成检查和评估，入院手术时间平均缩短2至3天，等待时间从7天减至3天。

这看似只是流程上的微调，实则触及了医疗资源精细化管理的内核。对医疗机构来说，“预住院”是提升运行效率的有益探索。传统模式下，患者入院后才开始排队检查，制约了床位高效周转。将检查前置后，医院可以更精准地规划床位资源与手术排期，用有限的医疗资源服务好更多患者。

当然，任何创新探索都需直面现实的挑战。

比如，“预住院”将部分服务从住院环节剥离，涉及收费项目、医保报销政策的衔接与调整，尤需强化部门之间的协同和医保部门的深度参与。配套推出更便捷高效的支付与结算机制，才能确保政策红利顺畅惠及患者。

再如，“预住院”主要面向部分择期手术患者，而非所有住院人群。如何科学、合理地界定适用人群，既关乎服务效率，也体现医疗管理的精细化水平。此外，检查前移意味着门诊的压力增大，需要更精细的预约排程、导诊服务，更智能的信息系统支持。在探索过程中，应鼓励医院因地制宜，结合自身专科特点与资源条件，设计合理的实施方案，避免“一刀切”产生负面影响。

近年来，从检查检验结果互认，到日间手术推广，再到多学科诊疗模式普及，一系列创新举措推动医疗服务体系向更高效、更人性化方向迈进。2025年，全国有360个地市的检查检验结果互认达到200种以上。这些以患者需求为导向的“减负”“破壁”之举广受欢迎，带来启示：医疗服务模式创新越是贴合实际、直指问题，越能转化为群众实实在在的看病就医获得感。

往深远看，“预住院”等实践的价值不仅在于资源配置的方式优化、效率提高，还在于理念的转变与更新：医疗服务从“以治病为中心”的片段式管理，转向“以人民健康为中心”的全周期、一体化健康管理。“以人民健康为中心”，不仅要求“治已病”，也需“治未病”；不仅要关注最终的治疗效果，也需重视整个就医流程的细节和体验。打破传统路径依赖，在确保医疗质量与安全的前提下，勇于对流程“动手术”、对体系“调结构”，整体提升医疗服务的舒适化、智慧化、数字化水平，才能更好满足群众不断增长的方便看病、舒心看病需求。

人民健康是社会主义现代化的重要标志。改善就医体验、提升医疗效能永无止境，每一项回应患者急难愁盼的举措创新、制度创新，都将为增进群众健康福祉、推进健康中国建设添砖加瓦。",邱  越,评论,,https://paper.people.com.cn/rmrb/pc/content/202601/06/content_30129740.html,2026-01-06,"['住院', '患者', '医疗', '入院', '检查', '服务', '手术', '健康', '床位', '创新']","【现象】为缓解医疗机构“一床难求”，减少患者开支，近年来多地针对诊断明确、病情稳定的择期手术患者推出“预住院”服务。患者可在门诊完成术前检查检验、麻醉评估等准备工作，待床位空出后直接安排入院手术。一些地方还推进“预住院”费用医保支付试点，患者的术前检查检验相关费用可在正式入院后纳入住院费用结算。
【点评】
住院治疗的患者，入院前往往面对床位紧缺等不确定性，入院后需完成系列术前检查，手术也不能立即进行。针对“人等床”的困局，“预住院”模式应运而生，在提高医疗资源使用效率上迈出探索步伐。",政治,,,[]
看足迹也要看实绩（纵横）,"习近平总书记强调：“善于换位思考，走进群众，真诚倾听群众呼声、真实反映群众愿望、真情关心群众疾苦，准确了解群众的所忧所盼。”如何真正把换位思考落到实处？江苏无锡探索开展“换位跑一次”活动，旨在通过角色互换、流程体验、沉浸感知，推动干部从群众立场、企业视角、实践维度出发，系统检视政府治理能力、服务水平等方面的短板漏洞，形成更多精准高效、可感可及的制度性成果。
“换位跑”，不只是形式上的创新与改进。通过调换看问题的角度和方向，能帮党员干部更好将手中“干的事”与群众“盼的事”精准对接，作出的决策也会更贴合群众意愿，真正把实事好事办到群众和企业心坎上。
“换位跑”的位，是认知之位、感知之位。换位思考，是一次内在的认知重塑。告别“自说自话”的主观判断，共情群众的急难愁盼、体会企业的发展困惑，才能解决“想明白”的首要问题。“换位跑”，还要在行动上真真正正“跑起来”，放下架子走进一线，用实打实的行动代替隔空喊话，用亲身体验代替道听途说。
真换位、真体验，要求党员干部从单纯的“服务者”身份，切换为实实在在的“当事人”，亲身经历办事流程，切身体验政策落实过程。这种“沉浸式”的做法，有助于打破管理者与服务对象之间的壁垒，让党员干部精准定位政策落地存在哪些问题，找准影响群众体验的关键所在。
当然，“换位跑”最终要看实效。群众心中有杆秤，称量的从不是换位的姿态、奔跑的频次，而是问题解决了多少、民生改善了几分、服务贴心了几许。归根结底，以钉钉子精神做实做细每一步，让“换位跑”的足迹延伸至民心深处，才能为群众创造实实在在的福祉。
（摘编自《新华日报》，原题为《“换位跑”，关键要换群众视角》）","# 看足迹也要看实绩（纵横）

> 朱绍岳《人民日报》（2026年01月06日第 07 版）

习近平总书记强调：“善于换位思考，走进群众，真诚倾听群众呼声、真实反映群众愿望、真情关心群众疾苦，准确了解群众的所忧所盼。”如何真正把换位思考落到实处？江苏无锡探索开展“换位跑一次”活动，旨在通过角色互换、流程体验、沉浸感知，推动干部从群众立场、企业视角、实践维度出发，系统检视政府治理能力、服务水平等方面的短板漏洞，形成更多精准高效、可感可及的制度性成果。

“换位跑”，不只是形式上的创新与改进。通过调换看问题的角度和方向，能帮党员干部更好将手中“干的事”与群众“盼的事”精准对接，作出的决策也会更贴合群众意愿，真正把实事好事办到群众和企业心坎上。

“换位跑”的位，是认知之位、感知之位。换位思考，是一次内在的认知重塑。告别“自说自话”的主观判断，共情群众的急难愁盼、体会企业的发展困惑，才能解决“想明白”的首要问题。“换位跑”，还要在行动上真真正正“跑起来”，放下架子走进一线，用实打实的行动代替隔空喊话，用亲身体验代替道听途说。

真换位、真体验，要求党员干部从单纯的“服务者”身份，切换为实实在在的“当事人”，亲身经历办事流程，切身体验政策落实过程。这种“沉浸式”的做法，有助于打破管理者与服务对象之间的壁垒，让党员干部精准定位政策落地存在哪些问题，找准影响群众体验的关键所在。

当然，“换位跑”最终要看实效。群众心中有杆秤，称量的从不是换位的姿态、奔跑的频次，而是问题解决了多少、民生改善了几分、服务贴心了几许。归根结底，以钉钉子精神做实做细每一步，让“换位跑”的足迹延伸至民心深处，才能为群众创造实实在在的福祉。

（摘编自《新华日报》，原题为《“换位跑”，关键要换群众视角》）",朱绍岳,评论,,https://paper.people.com.cn/rmrb/pc/content/202601/06/content_30129742.html,2026-01-06,"['换位', '群众', '体验', '党员干部', '精准', '之位', '思考', '视角', '感知', '认知']","习近平总书记强调：“善于换位思考，走进群众，真诚倾听群众呼声、真实反映群众愿望、真情关心群众疾苦，准确了解群众的所忧所盼。”如何真正把换位思考落到实处？江苏无锡探索开展“换位跑一次”活动，旨在通过角色互换、流程体验、沉浸感知，推动干部从群众立场、企业视角、实践维度出发，系统检视政府治理能力、服务水平等方面的短板漏洞，形成更多精准高效、可感可及的制度性成果。
“换位跑”，不只是形式上的创新与改进。通过调换看问题的角度和方向，能帮党员干部更好将手中“干的事”与群众“盼的事”精准对接，作出的决策也会更贴合群众意愿，真正把实事好事办到群众和企业心坎上。
“换位跑”的位，是认知之位、感知之位。换位思考，是一次内在的认知重塑。告别“自说自话”的主观判断，共情群众的急难愁盼、体会企业的发展困惑，才能解决“想明白”的首要问题。“换位跑”，还要在行动上真真正正“跑起来”，放下架子走进一线，用实打实的行动代替隔空喊话，用亲身体验代替道听途说。",政治,,,[]
从“汗滴禾下土”到“数据入云端”（人民时评）,"四川丘陵山地稻田，智能农机以厘米级精度，完成不规则田块的插秧作业；内蒙古智慧牧场，挤奶机器人、饲喂机器人、清粪机器人协同运转；广东荔枝园，“空天地”多模态监测数据经过智慧农业大脑学习分析，实现花量果情精准监测、灾害及时预警……
这些充满科技感的场景，来自前不久农业农村部发布的2025年智慧农业典型案例。推进农业现代化，根本动能在于农业科技现代化。“十四五”时期，我国智慧农业建设全面提速，农业科技创新持续推进，“让农民用最好的技术种出最好的粮食”正在成为现实。粮食生产精耕“智”作，设施农业“数字种养”，农业全产业链加速“数转智改”，将为农业现代化注入强劲动能。
大力发展智慧农业，是因为其具有重塑农业生产逻辑、要素价值与产业形态的深厚潜力。从实验室里的技术突破到田垄间的落地生根，从数据模型的精准运算到新农人的熟练操作，智慧农业重塑着农业生产的每一个环节，让传统农业焕发出前所未有的生机与活力，为保障粮食安全、推动农业高质量发展、实现共同富裕提供坚实支撑。
在要素价值层面，土地、劳动力等传统要素在数字技术的赋能下被重新定义，推动农业从劳动密集、经验主导的传统产业，迈向以技术为核心的现代化产业。这一转型，不仅有助于降低生产成本、提升单产，更能推动全产业链品质、韧性、效率实现系统性增强。以上海“农业数据+金融创新”探索为例，农业生产过程数据经标准化处理，在数据交易所挂牌交易，应用于保险理赔、融资增信等场景，为农业农村发展探索了数字资产增值的新路径。
产业形态方面，传统农业生产高度依赖经验判断和人力投入，智慧农业打破了农业生产、加工、销售各环节的信息壁垒，推动一二三产业深度融合，催生了农产品电商、休闲农业、农事体验等新业态，延伸了农业产业链条，提升了农业整体竞争力。这种潜力的释放，不仅能够破解当前农业发展面临的资源约束、效率瓶颈等难题，更为乡村全面振兴提供了有力支撑，让农业成为有奔头的产业。
从“汗滴禾下土”到“数据入云端”，沃野千里涌现许多前沿科技集成应用地，汇集了跨区农机手、无人机飞手、云端“田保姆”、农民主播等一批新型劳动者。他们不再是传统意义上的农民，而是靠技能素养、数据思维、市场意识吃饭的“新农人”。农民，正转型为一种融合传统农艺智慧与现代信息技能的复合型职业，吸引越来越多受过良好教育、怀揣创新热情的青年人才返乡入乡创业。
展望未来，智慧农业的全面发展仍需克服关键技术自主化、数据共享壁垒等现实挑战。随着“人工智能+”行动在农业领域走深走实，持续强化标准引领、技术攻关、场景拓展、人才培育与数据整合，一个自主可控、富有韧性的智慧农业生态体系将深刻改变农业，中国人的饭碗必将牢牢端在自己手中。","# 从“汗滴禾下土”到“数据入云端”（人民时评）

> 李  越《人民日报》（2026年01月06日第 07 版）

四川丘陵山地稻田，智能农机以厘米级精度，完成不规则田块的插秧作业；内蒙古智慧牧场，挤奶机器人、饲喂机器人、清粪机器人协同运转；广东荔枝园，“空天地”多模态监测数据经过智慧农业大脑学习分析，实现花量果情精准监测、灾害及时预警……

这些充满科技感的场景，来自前不久农业农村部发布的2025年智慧农业典型案例。推进农业现代化，根本动能在于农业科技现代化。“十四五”时期，我国智慧农业建设全面提速，农业科技创新持续推进，“让农民用最好的技术种出最好的粮食”正在成为现实。粮食生产精耕“智”作，设施农业“数字种养”，农业全产业链加速“数转智改”，将为农业现代化注入强劲动能。

大力发展智慧农业，是因为其具有重塑农业生产逻辑、要素价值与产业形态的深厚潜力。从实验室里的技术突破到田垄间的落地生根，从数据模型的精准运算到新农人的熟练操作，智慧农业重塑着农业生产的每一个环节，让传统农业焕发出前所未有的生机与活力，为保障粮食安全、推动农业高质量发展、实现共同富裕提供坚实支撑。

在要素价值层面，土地、劳动力等传统要素在数字技术的赋能下被重新定义，推动农业从劳动密集、经验主导的传统产业，迈向以技术为核心的现代化产业。这一转型，不仅有助于降低生产成本、提升单产，更能推动全产业链品质、韧性、效率实现系统性增强。以上海“农业数据+金融创新”探索为例，农业生产过程数据经标准化处理，在数据交易所挂牌交易，应用于保险理赔、融资增信等场景，为农业农村发展探索了数字资产增值的新路径。

产业形态方面，传统农业生产高度依赖经验判断和人力投入，智慧农业打破了农业生产、加工、销售各环节的信息壁垒，推动一二三产业深度融合，催生了农产品电商、休闲农业、农事体验等新业态，延伸了农业产业链条，提升了农业整体竞争力。这种潜力的释放，不仅能够破解当前农业发展面临的资源约束、效率瓶颈等难题，更为乡村全面振兴提供了有力支撑，让农业成为有奔头的产业。

从“汗滴禾下土”到“数据入云端”，沃野千里涌现许多前沿科技集成应用地，汇集了跨区农机手、无人机飞手、云端“田保姆”、农民主播等一批新型劳动者。他们不再是传统意义上的农民，而是靠技能素养、数据思维、市场意识吃饭的“新农人”。农民，正转型为一种融合传统农艺智慧与现代信息技能的复合型职业，吸引越来越多受过良好教育、怀揣创新热情的青年人才返乡入乡创业。

展望未来，智慧农业的全面发展仍需克服关键技术自主化、数据共享壁垒等现实挑战。随着“人工智能+”行动在农业领域走深走实，持续强化标准引领、技术攻关、场景拓展、人才培育与数据整合，一个自主可控、富有韧性的智慧农业生态体系将深刻改变农业，中国人的饭碗必将牢牢端在自己手中。",李  越,评论,,https://paper.people.com.cn/rmrb/pc/content/202601/06/content_30129743.html,2026-01-06,"['农业', '智慧', '数据', '云端', '产业', '现代化', '生产', '汗滴禾下土', '机器人', '场景']","四川丘陵山地稻田，智能农机以厘米级精度，完成不规则田块的插秧作业；内蒙古智慧牧场，挤奶机器人、饲喂机器人、清粪机器人协同运转；广东荔枝园，“空天地”多模态监测数据经过智慧农业大脑学习分析，实现花量果情精准监测、灾害及时预警……
这些充满科技感的场景，来自前不久农业农村部发布的2025年智慧农业典型案例。推进农业现代化，根本动能在于农业科技现代化。“十四五”时期，我国智慧农业建设全面提速，农业科技创新持续推进，“让农民用最好的技术种出最好的粮食”正在成为现实。粮食生产精耕“智”作，设施农业“数字种养”，农业全产业链加速“数转智改”，将为农业现代化注入强劲动能。
大力发展智慧农业，是因为其具有重塑农业生产逻辑、要素价值与产业形态的深厚潜力。从实验室里的技术突破到田垄间的落地生根，从数据模型的精准运算到新农人的熟练操作，智慧农业重塑着农业生产的每一个环节，让传统农业焕发出前所未有的生机与活力，为保障粮食安全、推动农业高质量发展、实现共同富裕提供坚实支撑。",经济,,,[]
繁荣发展新时代中国特色社会主义文化（深入学习贯彻习近平新时代中国特色社会主义思想）,"文化繁荣兴盛是中国式现代化的重要标志。推动文化繁荣发展、建成社会主义文化强国，是基本实现社会主义现代化的重要支撑。习近平总书记强调：“不断发展具有强大思想引领力、精神凝聚力、价值感召力、国际影响力的新时代中国特色社会主义文化”。党的二十届四中全会《建议》对此作出系统部署，为“十五五”时期繁荣发展新时代中国特色社会主义文化指明了前进方向和关键着力点。我们要深刻认识新时代中国特色社会主义文化的时代特征和丰富内涵，深入把握习近平文化思想的创新性贡献，以习近平文化思想为指引，繁荣发展具有强大思想引领力、精神凝聚力、价值感召力、国际影响力的新时代中国特色社会主义文化。
中国特色社会主义文化在新时代的丰富和发展
文化是一定时代人类精神活动的积淀、精神世界的结晶。恩格斯指出：“每一个时代的理论思维，包括我们这个时代的理论思维，都是一种历史的产物，它在不同的时代具有完全不同的形式，同时具有完全不同的内容。”一个时代有一个时代的文化。百余年来，中国共产党人总是根据不同时代的特点和需要，团结带领中国人民与时俱进发展新的文化。党的十八大以来，中国特色社会主义进入新时代，“两个大局”加速演进并深度互动，世界文化激荡展现新的态势，中华文明发展提出新的课题，文化强国建设进入新的阶段，社会思想文化呈现新的特点。时代发展新变化和文化领域新形势，呼唤新的文化创造。习近平总书记强调：“共同努力创造属于我们这个时代的新文化”“不断培育和创造新时代中国特色社会主义文化”。新时代中国特色社会主义文化，是需要我们共同努力创造的、属于我们这个时代的新文化。这个新文化，本质上是以马克思主义为指导的，面向现代化、面向世界、面向未来的，民族的科学的大众的社会主义文化，既同新中国成立以来特别是改革开放以来形成的中国特色社会主义文化一脉相承，又在体现中国特色社会主义文化随着时代发展所增添的新内涵。
从发展宗旨上看，新时代中国特色社会主义文化是能够更好满足人民日益增长的美好精神生活需要的新文化。习近平总书记强调：“人民对精神文化生活的需求时时刻刻都存在。”中国特色社会主义文化是着眼于人、落脚于人的文化。进入新时代，我国社会主要矛盾已经转化为人民日益增长的美好生活需要和不平衡不充分的发展之间的矛盾，我国文化供给面临的主要矛盾已经不是缺不缺、够不够的问题，而是好不好、精不精的问题。满足人民日益增长的美好生活需要，一个重要方面是满足人民日益增长的精神文化生活需要；解决发展不平衡不充分的问题，一个重要方面是解决文化发展不平衡不充分的问题。新时代中国特色社会主义文化，正是以时代为观照、以人民为中心培育和创造出来的新文化，它能够适应新时代文化建设领域新变化、满足人民精神文化生活新期待，能够更好保障人民群众文化权益，能够以新风格、高品质、个性化文化供给更好满足人民群众多样化、多层次、多方面的精神文化需求，促进人民精神生活共同富裕。
从主体内容上看，新时代中国特色社会主义文化是由中华优秀传统文化、革命文化和社会主义先进文化共同铸就的新文化。习近平总书记指出：“中国特色社会主义文化，源自于中华民族五千多年文明历史所孕育的中华优秀传统文化，熔铸于党领导人民在革命、建设、改革中创造的革命文化和社会主义先进文化，植根于中国特色社会主义伟大实践。”新时代中国特色社会主义文化是在中国共产党一百多年来领导人民建设中华民族新文化的伟大征程中形成的，是在对中华优秀传统文化的传承发展中形成的。新时代中国特色社会主义文化按照新时代的新特点新要求，推动中华优秀传统文化创造性转化、创新性发展；根据新时代的新发展，对革命文化和社会主义先进文化中的诸多元素进行赓续发扬，形成既具有红色基因又拓展新时代内容的新文化。中华优秀传统文化、革命文化、社会主义先进文化一脉相承，贯通中华民族的过去、当下与未来，在新时代中国特色社会主义的伟大实践中实现融合锻造、创新发展，共同铸就了新时代中国特色社会主义文化。
从表现形态上看，新时代中国特色社会主义文化是作为中国式现代化的文化形态而存在的新文化。马克思主义认为，一个社会的文明形态，是同生产力发展一定阶段相适应的经济基础和上层建筑的统一体，是社会的经济形态、政治形态、文化形态具体的、历史的统一。近代以来，人类通过不同的现代化道路，创造了包括多种文化形态在内的不同社会文明形态。习近平总书记指出：“我们坚持和发展中国特色社会主义，推动物质文明、政治文明、精神文明、社会文明、生态文明协调发展，创造了中国式现代化新道路，创造了人类文明新形态。”新时代我们推进和拓展的中国式现代化，本质上是中国共产党领导的社会主义现代化，既有各国现代化的共同特征，更有基于自己国情的中国特色。这决定了中国式现代化的文化形态，必然是与我国经济基础相适应的观念上层建筑，必然是反映我国经济形态、政治形态的文化形态，必然要体现社会主义性质、具有鲜明中国特色。这样的文化形态，就是我们党团结带领全国各族人民，在新时代坚持和发展中国特色社会主义、沿着中国式现代化康庄大道奋勇前进的过程中，创造出来的新时代中国特色社会主义文化。
从精神特质上看，新时代中国特色社会主义文化是坚定文化自信、秉持开放包容、坚持守正创新的新文化。文化自信是更基础、更广泛、更深厚的自信。坚定文化自信，实质上是坚定对中国特色社会主义文化的自信。新时代中国特色社会主义文化，是新时代中国共产党带领中国人民在中国大地上建立起来的文化，它植根于新时代中国特色社会主义伟大实践，充分彰显新时代中国人民的精神独立性和主体性，能够让中华民族在新时代充满底气、坚定文化自信。开放包容是文明发展的活力来源，也是文化自信的显著标志。秉持开放包容，就是通过积极主动地学习借鉴人类创造的一切优秀文明成果来丰富发展中国特色社会主义文化。新时代中国特色社会主义文化，是在兼容并蓄、博采众长、融通中外、贯通古今中形成的文化，是在推动马克思主义中国化时代化、传承发展中华优秀传统文化、促进外来文化本土化过程中形成的文化。习近平总书记指出：“对文化建设来说，守正才能不迷失自我、不迷失方向，创新才能把握时代、引领时代。”坚持守正创新，就是在守住文化魂脉和根脉的基础上推动新时代中国特色社会主义文化创新发展。新时代中国特色社会主义文化，在坚守中国共产党文化领导权和中华民族文化主体性的同时，不断创新文化发展思路、传播话语、改革机制、呈现形式。
习近平文化思想是新时代中国特色社会主义文化繁荣发展的科学指南
一个时代的文化中最闪亮的标识，往往是该时代最具引领性、主导性的思想。在新时代中国特色社会主义文化建设实践中形成的习近平文化思想，是坚持“两个结合”、推进马克思主义文化理论创新的重大成果，也是新时代中国特色社会主义文化中最具有创造性、标志性的重要内容。繁荣发展新时代中国特色社会主义文化，必须以习近平文化思想为指导，培育和创造新时代的新文化。
习近平文化思想是马克思主义文化理论中国化时代化的最新成果。在原则立场方面，习近平文化思想继承了马克思主义关于文化本质和文化创造主体的理论，特别是其中鲜明的政治原则和人民立场，创造性提出了坚持党的文化领导权，坚持马克思主义在意识形态领域指导地位的根本制度，坚持以人民为中心的工作导向，充分激发全民族文化创新创造活力等重大论断。在原理方法方面，习近平文化思想强调文化对国家、民族和经济社会发展的重要作用，提出建设具有强大凝聚力和引领力的社会主义意识形态、推动物质文明和精神文明协调发展、培育和践行社会主义核心价值观、铸牢中华民族共同体意识、促进文明交流互鉴等重要论述，充分体现并创造性发展了马克思主义关于经济基础和上层建筑辩证关系、意识形态、精神生产、人的全面发展、精神交往等基本原理；提出“两个结合”“创造性转化、创新性发展”“坚定文化自信，秉持开放包容，坚持守正创新”等重要理念，充分体现并创新发展了马克思主义关于文化建设的根本方法。在原创内容方面，习近平文化思想结合新时代文化领域面临的新形势，创造性提出“新时代的文化使命”“文化主体性”“新的文化生命体”“中国哲学社会科学自主知识体系”“信息化条件下文化领域治理能力”“文化建设数字化赋能、信息化转型”“中国话语和中国叙事体系”“全人类共同价值”“人类文明新形态”等新概念、新表述，极大丰富了马克思主义文化理论宝库。
习近平文化思想是推动中华优秀传统文化创造性转化、创新性发展的光辉典范。比如，在文化功能方面，中华优秀传统文化强调“文者，贯道之器也”“观乎人文，以化成天下”。习近平文化思想提出“以文弘业、以文培元，以文立心、以文铸魂”，指出文化文艺工作者、哲学社会科学工作者都肩负着启迪思想、陶冶情操、温润心灵的重要职责，承担着以文化人、以文育人、以文培元的使命，实现了对中华民族关于文以载道、文以化人等思想智慧的传承发展。在文化精神方面，中华优秀传统文化中“先天下之忧而忧，后天下之乐而乐”“人生自古谁无死，留取丹心照汗青”等名句千古流传。习近平文化思想强调，“爱国，是人世间最深层、最持久的情感，是一个人立德之源、立功之本”“要在厚植爱国主义情怀上下功夫”，这包含着对以爱国主义为核心的民族精神的传承发展。在文化修养方面，中华优秀传统文化强调“道之以德，齐之以礼，有耻且格”。习近平文化思想提出实施公民道德建设工程，弘扬中华传统美德，加强家庭家教家风建设，加强和改进未成年人思想道德建设，推动明大德、守公德、严私德，提高人民道德水准和文明素养，体现了对中华民族注重道德与人文修养等文化传统的传承发展。等等。
习近平文化思想坚持“两个结合”，立足新时代中国文化建设具体实际和丰富实践，既继承和创新了马克思主义文化理论，又传承和发展了中华民族历史上关于文化的积极思想成果，在文化的地位意义、立场原则、发展道路、领导力量、创造主体、时代使命、对外传播等方面形成了一系列重大创新观点，以宏阔的历史纵深和文明视野，极大深化和拓展了对社会主义文化建设规律、中华文明发展规律、人类文明进步规律的认识，书写了马克思主义文化理论中国化时代化的新篇章，在马克思主义文化理论发展史上具有开创性、标志性意义，在中国文化思想史上具有重要里程碑意义。这一思想以一系列原则性论断、原理性成果、原创性贡献，系统回答了新时代坚持和发展什么样的中国特色社会主义文化、怎样坚持和发展中国特色社会主义文化的重大课题，为新时代中国特色社会主义文化创新发展提供了科学指南，奠定了文化自信自强的新基石，铸就了社会主义文化的新辉煌，形成了中华文化的新高峰。
着力增强新时代中国特色社会主义文化的思想引领力、精神凝聚力、价值感召力、国际影响力
习近平总书记强调：“文化兴国运兴，文化强民族强。”一个国家、一个民族的文化力量，集中体现了这个国家和民族基于文化而具有的向心力和生命力，以及由此产生的吸引力和辐射力。文化力量的强弱，关系到国运兴衰、民族存续。党的二十届四中全会《建议》提出了“十五五”时期经济社会发展的主要目标，其中就有“社会文明程度明显提升。文化自信更加坚定，主流思想舆论不断巩固壮大，社会主义核心价值观广泛践行，全民族文化创新创造活力不断激发，人民精神文化生活更加丰富，中华民族凝聚力和中华文化影响力显著增强，国家软实力持续提高”。锚定这些目标，要紧紧围绕增强思想引领力、精神凝聚力、价值感召力、国际影响力，繁荣发展新时代中国特色社会主义文化。
加强党对宣传思想文化工作的领导，不断巩固壮大主流思想舆论，增强新时代中国特色社会主义文化的思想引领力。思想引领力，就是用思想理论引导人们按一定方向前进的力量或能力。习近平总书记指出：“一个民族要走在时代前列，就一刻不能没有理论思维，一刻不能没有正确思想指引。”思想是文化中最精华的部分，思想达到的高度集中代表着文化发展的高度。增强文化力量，首先要提升其思想引领力。只有着力增强新时代中国特色社会主义文化的思想引领力，才能确保中华民族始终按照新时代新思想引领的方向走在时代前列，确保全体人民在主流思想舆论的鼓舞下朝着强国建设、民族复兴的宏伟目标不断迈进。要在立足中国国情、把握世界发展大势的基础上不断推进党的理论创新，科学回答中国之问、世界之问、人民之问、时代之问。坚持不懈用习近平新时代中国特色社会主义思想凝心铸魂，深化党的创新理论学习和宣传教育，让党的创新理论真正入脑入心。创新实施马克思主义理论研究和建设工程，深化对马克思主义中国化时代化最新理论成果的体系化学理化研究阐释。加快构建中国哲学社会科学自主知识体系，对中国之路、中国之治、中国之理进行学科化整合、学理化阐释。深化主流媒体系统性变革，推进新闻宣传和网络舆论一体化管理，提高主流舆论引导能力。提升信息化条件下文化领域治理能力，推动文化建设数智化赋能、信息化转型，以先进信息技术增强先进思想文化传播力、引导力。
涵养全民族昂扬奋发的精神气质，进一步丰富人民精神文化生活，增强新时代中国特色社会主义文化的精神凝聚力。精神凝聚力，就是用精神意志把人们凝结聚合到一起的力量或能力。习近平总书记指出：“必须构筑中华民族共有精神家园，使各民族人心归聚、精神相依，形成人心凝聚、团结奋进的强大精神纽带。”精神是文化中基本的、起主导作用的内容。一个民族的文化中一旦形成了共同精神基因，产生了精神凝聚力，就能促进各民族成员统一意志、保持团结。只有着力增强新时代中国特色社会主义文化的精神凝聚力，才能使全党全军全国各族人民团结一心、众志成城，汇聚起奋进强国建设、民族复兴新征程的磅礴力量。要弘扬中国人民的伟大创造精神、伟大奋斗精神、伟大团结精神、伟大梦想精神，弘扬以伟大建党精神为源头的中国共产党人精神谱系，铸牢中华民族共同体意识。统筹推进城乡精神文明建设，提升人民文明素养和社会文明程度，共同建设好守护好中华民族共有精神家园。提升文化原创能力，培育形成高水平文化人才队伍，繁荣互联网条件下新大众文艺。大力繁荣文化事业，实施公共文化服务提质增效行动，广泛开展群众性文化活动。加快发展文化产业，壮大人文经济，推进文化和科技、文化和旅游深度融合。加快完善文化管理体制和生产经营机制，激发全民族文化创新创造活力，用深入人心的精品力作谱写时代华章、凝聚奋进力量。
弘扬和践行社会主义核心价值观，发挥文化养心志、育情操的作用，增强新时代中国特色社会主义文化的价值感召力。价值感召力，就是用价值观念感化召唤人并使之接受响应的力量或能力。习近平总书记指出：“历史和现实都表明，构建具有强大感召力的核心价值观，关系社会和谐稳定，关系国家长治久安。”在一个国家的诸多价值观念中，核心价值观是决定文化性质和方向的最深层次要素。国家文化软实力的强弱，根本上取决于其核心价值观感召力的强弱。只有着力增强新时代中国特色社会主义文化的价值感召力，推动社会主义核心价值观入脑入心，才能有力构筑起强国建设、民族复兴的核心价值支撑。要着力培育和践行社会主义核心价值观，引领新时代中国特色社会主义文化前进方向，坚持以文化人、以文育人，用中华文化涵养价值追求、陶冶道德情操。从完善制度机制、健全工作体系、创新活动载体入手，推动社会主义核心价值观有机融入文化建设各领域，潜移默化地影响当代中国人的精神世界。发挥党员干部、先进典型等表率示范作用，以其模范言行和高尚人格带动群众践行社会主义核心价值观，在全社会营造崇德向善的文化氛围。深入实施中华优秀传统文化传承发展工程，大力弘扬革命文化和社会主义先进文化，为社会主义核心价值观宣传教育提供充沛的文化养料。弘扬诚信文化、廉洁文化，用党的光荣传统和优良作风感召党员。加强和改进思想政治工作，推进校园文化建设，用好红色文化资源，加强理想信念教育，引导青少年做社会主义核心价值观的自觉践行者、社会主义事业的合格建设者。
提升中华文明传播力影响力，持续提高国家文化软实力，增强新时代中国特色社会主义文化的国际影响力。文化意义上的国际影响力，就是文化向全球传播辐射并吸引、说服别国民众的力量或能力。习近平总书记指出：“着力提高国际传播影响力、中华文化感召力、中国形象亲和力、中国话语说服力、国际舆论引导力。”当今世界，文化发展格局和演进态势正经历深刻调整和重塑，增强文化国际影响力是繁荣发展新时代中国特色社会主义文化的必然要求。只有着力增强新时代中国特色社会主义文化的国际影响力，更好地在世界文化格局中占据制高点，才能在激烈的国际文化竞争中站稳脚跟、掌握主动，为强国建设、民族复兴营造积极的外部舆论氛围。要健全统筹协调各方力量资源共同积极参与国际传播工作的体制机制，加快构建多渠道、立体式对外传播格局。创新传播载体和方式，创新开展网上网下外宣。推动部门、地方、媒体、智库、企业、高校等主体协同发力，建强适应新时代国际传播需要的专门人才队伍。研究国际传播理论，掌握国际传播规律，增强主流媒体国际传播能力。加快构建中国话语和中国叙事体系，使当代中国的思想理论、精神标识、价值主张更好走向世界。加强区域国别研究，推进中国故事和中国声音的全球化、区域化、分众化表达，增强国际传播的亲和力和实效性。深入践行全球文明倡议，大力弘扬平等、互鉴、对话、包容的文明观，积极倡导全人类共同价值。广泛开展国际人文交流合作，深化国家间文明对话，促进民间相知相亲。加大文化精品海外推广力度、文化贸易服务支持力度，鼓励文化企业拓展境外业务，使国际社会对中华文化了解得更多更深。
建设社会主义文化强国是我们党作出的重大战略决策，事关中国式现代化建设全局。“十五五”时期是推进社会主义文化强国建设的关键时期，要在“十四五”时期推进文化强国建设成果斐然的基础上，锚定2035年建成文化强国的战略目标，坚持马克思主义在意识形态领域的指导地位，植根博大精深的中华文明，顺应信息技术发展潮流，发展具有强大思想引领力、精神凝聚力、价值感召力、国际影响力的新时代中国特色社会主义文化，扎实推进文化强国建设，筑牢强国建设、民族复兴的文化根基。
（作者为武汉大学马克思主义学院教授）","# 繁荣发展新时代中国特色社会主义文化（深入学习贯彻习近平新时代中国特色社会主义思想）

> 简  繁《人民日报》（2026年01月06日第 09 版）

文化繁荣兴盛是中国式现代化的重要标志。推动文化繁荣发展、建成社会主义文化强国，是基本实现社会主义现代化的重要支撑。习近平总书记强调：“不断发展具有强大思想引领力、精神凝聚力、价值感召力、国际影响力的新时代中国特色社会主义文化”。党的二十届四中全会《建议》对此作出系统部署，为“十五五”时期繁荣发展新时代中国特色社会主义文化指明了前进方向和关键着力点。我们要深刻认识新时代中国特色社会主义文化的时代特征和丰富内涵，深入把握习近平文化思想的创新性贡献，以习近平文化思想为指引，繁荣发展具有强大思想引领力、精神凝聚力、价值感召力、国际影响力的新时代中国特色社会主义文化。

**中国特色社会主义文化在新时代的丰富和发展**

文化是一定时代人类精神活动的积淀、精神世界的结晶。恩格斯指出：“每一个时代的理论思维，包括我们这个时代的理论思维，都是一种历史的产物，它在不同的时代具有完全不同的形式，同时具有完全不同的内容。”一个时代有一个时代的文化。百余年来，中国共产党人总是根据不同时代的特点和需要，团结带领中国人民与时俱进发展新的文化。党的十八大以来，中国特色社会主义进入新时代，“两个大局”加速演进并深度互动，世界文化激荡展现新的态势，中华文明发展提出新的课题，文化强国建设进入新的阶段，社会思想文化呈现新的特点。时代发展新变化和文化领域新形势，呼唤新的文化创造。习近平总书记强调：“共同努力创造属于我们这个时代的新文化”“不断培育和创造新时代中国特色社会主义文化”。新时代中国特色社会主义文化，是需要我们共同努力创造的、属于我们这个时代的新文化。这个新文化，本质上是以马克思主义为指导的，面向现代化、面向世界、面向未来的，民族的科学的大众的社会主义文化，既同新中国成立以来特别是改革开放以来形成的中国特色社会主义文化一脉相承，又在体现中国特色社会主义文化随着时代发展所增添的新内涵。

从发展宗旨上看，新时代中国特色社会主义文化是能够更好满足人民日益增长的美好精神生活需要的新文化。习近平总书记强调：“人民对精神文化生活的需求时时刻刻都存在。”中国特色社会主义文化是着眼于人、落脚于人的文化。进入新时代，我国社会主要矛盾已经转化为人民日益增长的美好生活需要和不平衡不充分的发展之间的矛盾，我国文化供给面临的主要矛盾已经不是缺不缺、够不够的问题，而是好不好、精不精的问题。满足人民日益增长的美好生活需要，一个重要方面是满足人民日益增长的精神文化生活需要；解决发展不平衡不充分的问题，一个重要方面是解决文化发展不平衡不充分的问题。新时代中国特色社会主义文化，正是以时代为观照、以人民为中心培育和创造出来的新文化，它能够适应新时代文化建设领域新变化、满足人民精神文化生活新期待，能够更好保障人民群众文化权益，能够以新风格、高品质、个性化文化供给更好满足人民群众多样化、多层次、多方面的精神文化需求，促进人民精神生活共同富裕。

从主体内容上看，新时代中国特色社会主义文化是由中华优秀传统文化、革命文化和社会主义先进文化共同铸就的新文化。习近平总书记指出：“中国特色社会主义文化，源自于中华民族五千多年文明历史所孕育的中华优秀传统文化，熔铸于党领导人民在革命、建设、改革中创造的革命文化和社会主义先进文化，植根于中国特色社会主义伟大实践。”新时代中国特色社会主义文化是在中国共产党一百多年来领导人民建设中华民族新文化的伟大征程中形成的，是在对中华优秀传统文化的传承发展中形成的。新时代中国特色社会主义文化按照新时代的新特点新要求，推动中华优秀传统文化创造性转化、创新性发展；根据新时代的新发展，对革命文化和社会主义先进文化中的诸多元素进行赓续发扬，形成既具有红色基因又拓展新时代内容的新文化。中华优秀传统文化、革命文化、社会主义先进文化一脉相承，贯通中华民族的过去、当下与未来，在新时代中国特色社会主义的伟大实践中实现融合锻造、创新发展，共同铸就了新时代中国特色社会主义文化。

从表现形态上看，新时代中国特色社会主义文化是作为中国式现代化的文化形态而存在的新文化。马克思主义认为，一个社会的文明形态，是同生产力发展一定阶段相适应的经济基础和上层建筑的统一体，是社会的经济形态、政治形态、文化形态具体的、历史的统一。近代以来，人类通过不同的现代化道路，创造了包括多种文化形态在内的不同社会文明形态。习近平总书记指出：“我们坚持和发展中国特色社会主义，推动物质文明、政治文明、精神文明、社会文明、生态文明协调发展，创造了中国式现代化新道路，创造了人类文明新形态。”新时代我们推进和拓展的中国式现代化，本质上是中国共产党领导的社会主义现代化，既有各国现代化的共同特征，更有基于自己国情的中国特色。这决定了中国式现代化的文化形态，必然是与我国经济基础相适应的观念上层建筑，必然是反映我国经济形态、政治形态的文化形态，必然要体现社会主义性质、具有鲜明中国特色。这样的文化形态，就是我们党团结带领全国各族人民，在新时代坚持和发展中国特色社会主义、沿着中国式现代化康庄大道奋勇前进的过程中，创造出来的新时代中国特色社会主义文化。

从精神特质上看，新时代中国特色社会主义文化是坚定文化自信、秉持开放包容、坚持守正创新的新文化。文化自信是更基础、更广泛、更深厚的自信。坚定文化自信，实质上是坚定对中国特色社会主义文化的自信。新时代中国特色社会主义文化，是新时代中国共产党带领中国人民在中国大地上建立起来的文化，它植根于新时代中国特色社会主义伟大实践，充分彰显新时代中国人民的精神独立性和主体性，能够让中华民族在新时代充满底气、坚定文化自信。开放包容是文明发展的活力来源，也是文化自信的显著标志。秉持开放包容，就是通过积极主动地学习借鉴人类创造的一切优秀文明成果来丰富发展中国特色社会主义文化。新时代中国特色社会主义文化，是在兼容并蓄、博采众长、融通中外、贯通古今中形成的文化，是在推动马克思主义中国化时代化、传承发展中华优秀传统文化、促进外来文化本土化过程中形成的文化。习近平总书记指出：“对文化建设来说，守正才能不迷失自我、不迷失方向，创新才能把握时代、引领时代。”坚持守正创新，就是在守住文化魂脉和根脉的基础上推动新时代中国特色社会主义文化创新发展。新时代中国特色社会主义文化，在坚守中国共产党文化领导权和中华民族文化主体性的同时，不断创新文化发展思路、传播话语、改革机制、呈现形式。

**习近平文化思想是新时代中国特色社会主义文化繁荣发展的科学指南**

一个时代的文化中最闪亮的标识，往往是该时代最具引领性、主导性的思想。在新时代中国特色社会主义文化建设实践中形成的习近平文化思想，是坚持“两个结合”、推进马克思主义文化理论创新的重大成果，也是新时代中国特色社会主义文化中最具有创造性、标志性的重要内容。繁荣发展新时代中国特色社会主义文化，必须以习近平文化思想为指导，培育和创造新时代的新文化。

习近平文化思想是马克思主义文化理论中国化时代化的最新成果。在原则立场方面，习近平文化思想继承了马克思主义关于文化本质和文化创造主体的理论，特别是其中鲜明的政治原则和人民立场，创造性提出了坚持党的文化领导权，坚持马克思主义在意识形态领域指导地位的根本制度，坚持以人民为中心的工作导向，充分激发全民族文化创新创造活力等重大论断。在原理方法方面，习近平文化思想强调文化对国家、民族和经济社会发展的重要作用，提出建设具有强大凝聚力和引领力的社会主义意识形态、推动物质文明和精神文明协调发展、培育和践行社会主义核心价值观、铸牢中华民族共同体意识、促进文明交流互鉴等重要论述，充分体现并创造性发展了马克思主义关于经济基础和上层建筑辩证关系、意识形态、精神生产、人的全面发展、精神交往等基本原理；提出“两个结合”“创造性转化、创新性发展”“坚定文化自信，秉持开放包容，坚持守正创新”等重要理念，充分体现并创新发展了马克思主义关于文化建设的根本方法。在原创内容方面，习近平文化思想结合新时代文化领域面临的新形势，创造性提出“新时代的文化使命”“文化主体性”“新的文化生命体”“中国哲学社会科学自主知识体系”“信息化条件下文化领域治理能力”“文化建设数字化赋能、信息化转型”“中国话语和中国叙事体系”“全人类共同价值”“人类文明新形态”等新概念、新表述，极大丰富了马克思主义文化理论宝库。

习近平文化思想是推动中华优秀传统文化创造性转化、创新性发展的光辉典范。比如，在文化功能方面，中华优秀传统文化强调“文者，贯道之器也”“观乎人文，以化成天下”。习近平文化思想提出“以文弘业、以文培元，以文立心、以文铸魂”，指出文化文艺工作者、哲学社会科学工作者都肩负着启迪思想、陶冶情操、温润心灵的重要职责，承担着以文化人、以文育人、以文培元的使命，实现了对中华民族关于文以载道、文以化人等思想智慧的传承发展。在文化精神方面，中华优秀传统文化中“先天下之忧而忧，后天下之乐而乐”“人生自古谁无死，留取丹心照汗青”等名句千古流传。习近平文化思想强调，“爱国，是人世间最深层、最持久的情感，是一个人立德之源、立功之本”“要在厚植爱国主义情怀上下功夫”，这包含着对以爱国主义为核心的民族精神的传承发展。在文化修养方面，中华优秀传统文化强调“道之以德，齐之以礼，有耻且格”。习近平文化思想提出实施公民道德建设工程，弘扬中华传统美德，加强家庭家教家风建设，加强和改进未成年人思想道德建设，推动明大德、守公德、严私德，提高人民道德水准和文明素养，体现了对中华民族注重道德与人文修养等文化传统的传承发展。等等。

习近平文化思想坚持“两个结合”，立足新时代中国文化建设具体实际和丰富实践，既继承和创新了马克思主义文化理论，又传承和发展了中华民族历史上关于文化的积极思想成果，在文化的地位意义、立场原则、发展道路、领导力量、创造主体、时代使命、对外传播等方面形成了一系列重大创新观点，以宏阔的历史纵深和文明视野，极大深化和拓展了对社会主义文化建设规律、中华文明发展规律、人类文明进步规律的认识，书写了马克思主义文化理论中国化时代化的新篇章，在马克思主义文化理论发展史上具有开创性、标志性意义，在中国文化思想史上具有重要里程碑意义。这一思想以一系列原则性论断、原理性成果、原创性贡献，系统回答了新时代坚持和发展什么样的中国特色社会主义文化、怎样坚持和发展中国特色社会主义文化的重大课题，为新时代中国特色社会主义文化创新发展提供了科学指南，奠定了文化自信自强的新基石，铸就了社会主义文化的新辉煌，形成了中华文化的新高峰。

**着力增强新时代中国特色社会主义文化的思想引领力、精神凝聚力、价值感召力、国际影响力**

习近平总书记强调：“文化兴国运兴，文化强民族强。”一个国家、一个民族的文化力量，集中体现了这个国家和民族基于文化而具有的向心力和生命力，以及由此产生的吸引力和辐射力。文化力量的强弱，关系到国运兴衰、民族存续。党的二十届四中全会《建议》提出了“十五五”时期经济社会发展的主要目标，其中就有“社会文明程度明显提升。文化自信更加坚定，主流思想舆论不断巩固壮大，社会主义核心价值观广泛践行，全民族文化创新创造活力不断激发，人民精神文化生活更加丰富，中华民族凝聚力和中华文化影响力显著增强，国家软实力持续提高”。锚定这些目标，要紧紧围绕增强思想引领力、精神凝聚力、价值感召力、国际影响力，繁荣发展新时代中国特色社会主义文化。

加强党对宣传思想文化工作的领导，不断巩固壮大主流思想舆论，增强新时代中国特色社会主义文化的思想引领力。思想引领力，就是用思想理论引导人们按一定方向前进的力量或能力。习近平总书记指出：“一个民族要走在时代前列，就一刻不能没有理论思维，一刻不能没有正确思想指引。”思想是文化中最精华的部分，思想达到的高度集中代表着文化发展的高度。增强文化力量，首先要提升其思想引领力。只有着力增强新时代中国特色社会主义文化的思想引领力，才能确保中华民族始终按照新时代新思想引领的方向走在时代前列，确保全体人民在主流思想舆论的鼓舞下朝着强国建设、民族复兴的宏伟目标不断迈进。要在立足中国国情、把握世界发展大势的基础上不断推进党的理论创新，科学回答中国之问、世界之问、人民之问、时代之问。坚持不懈用习近平新时代中国特色社会主义思想凝心铸魂，深化党的创新理论学习和宣传教育，让党的创新理论真正入脑入心。创新实施马克思主义理论研究和建设工程，深化对马克思主义中国化时代化最新理论成果的体系化学理化研究阐释。加快构建中国哲学社会科学自主知识体系，对中国之路、中国之治、中国之理进行学科化整合、学理化阐释。深化主流媒体系统性变革，推进新闻宣传和网络舆论一体化管理，提高主流舆论引导能力。提升信息化条件下文化领域治理能力，推动文化建设数智化赋能、信息化转型，以先进信息技术增强先进思想文化传播力、引导力。

涵养全民族昂扬奋发的精神气质，进一步丰富人民精神文化生活，增强新时代中国特色社会主义文化的精神凝聚力。精神凝聚力，就是用精神意志把人们凝结聚合到一起的力量或能力。习近平总书记指出：“必须构筑中华民族共有精神家园，使各民族人心归聚、精神相依，形成人心凝聚、团结奋进的强大精神纽带。”精神是文化中基本的、起主导作用的内容。一个民族的文化中一旦形成了共同精神基因，产生了精神凝聚力，就能促进各民族成员统一意志、保持团结。只有着力增强新时代中国特色社会主义文化的精神凝聚力，才能使全党全军全国各族人民团结一心、众志成城，汇聚起奋进强国建设、民族复兴新征程的磅礴力量。要弘扬中国人民的伟大创造精神、伟大奋斗精神、伟大团结精神、伟大梦想精神，弘扬以伟大建党精神为源头的中国共产党人精神谱系，铸牢中华民族共同体意识。统筹推进城乡精神文明建设，提升人民文明素养和社会文明程度，共同建设好守护好中华民族共有精神家园。提升文化原创能力，培育形成高水平文化人才队伍，繁荣互联网条件下新大众文艺。大力繁荣文化事业，实施公共文化服务提质增效行动，广泛开展群众性文化活动。加快发展文化产业，壮大人文经济，推进文化和科技、文化和旅游深度融合。加快完善文化管理体制和生产经营机制，激发全民族文化创新创造活力，用深入人心的精品力作谱写时代华章、凝聚奋进力量。

弘扬和践行社会主义核心价值观，发挥文化养心志、育情操的作用，增强新时代中国特色社会主义文化的价值感召力。价值感召力，就是用价值观念感化召唤人并使之接受响应的力量或能力。习近平总书记指出：“历史和现实都表明，构建具有强大感召力的核心价值观，关系社会和谐稳定，关系国家长治久安。”在一个国家的诸多价值观念中，核心价值观是决定文化性质和方向的最深层次要素。国家文化软实力的强弱，根本上取决于其核心价值观感召力的强弱。只有着力增强新时代中国特色社会主义文化的价值感召力，推动社会主义核心价值观入脑入心，才能有力构筑起强国建设、民族复兴的核心价值支撑。要着力培育和践行社会主义核心价值观，引领新时代中国特色社会主义文化前进方向，坚持以文化人、以文育人，用中华文化涵养价值追求、陶冶道德情操。从完善制度机制、健全工作体系、创新活动载体入手，推动社会主义核心价值观有机融入文化建设各领域，潜移默化地影响当代中国人的精神世界。发挥党员干部、先进典型等表率示范作用，以其模范言行和高尚人格带动群众践行社会主义核心价值观，在全社会营造崇德向善的文化氛围。深入实施中华优秀传统文化传承发展工程，大力弘扬革命文化和社会主义先进文化，为社会主义核心价值观宣传教育提供充沛的文化养料。弘扬诚信文化、廉洁文化，用党的光荣传统和优良作风感召党员。加强和改进思想政治工作，推进校园文化建设，用好红色文化资源，加强理想信念教育，引导青少年做社会主义核心价值观的自觉践行者、社会主义事业的合格建设者。

提升中华文明传播力影响力，持续提高国家文化软实力，增强新时代中国特色社会主义文化的国际影响力。文化意义上的国际影响力，就是文化向全球传播辐射并吸引、说服别国民众的力量或能力。习近平总书记指出：“着力提高国际传播影响力、中华文化感召力、中国形象亲和力、中国话语说服力、国际舆论引导力。”当今世界，文化发展格局和演进态势正经历深刻调整和重塑，增强文化国际影响力是繁荣发展新时代中国特色社会主义文化的必然要求。只有着力增强新时代中国特色社会主义文化的国际影响力，更好地在世界文化格局中占据制高点，才能在激烈的国际文化竞争中站稳脚跟、掌握主动，为强国建设、民族复兴营造积极的外部舆论氛围。要健全统筹协调各方力量资源共同积极参与国际传播工作的体制机制，加快构建多渠道、立体式对外传播格局。创新传播载体和方式，创新开展网上网下外宣。推动部门、地方、媒体、智库、企业、高校等主体协同发力，建强适应新时代国际传播需要的专门人才队伍。研究国际传播理论，掌握国际传播规律，增强主流媒体国际传播能力。加快构建中国话语和中国叙事体系，使当代中国的思想理论、精神标识、价值主张更好走向世界。加强区域国别研究，推进中国故事和中国声音的全球化、区域化、分众化表达，增强国际传播的亲和力和实效性。深入践行全球文明倡议，大力弘扬平等、互鉴、对话、包容的文明观，积极倡导全人类共同价值。广泛开展国际人文交流合作，深化国家间文明对话，促进民间相知相亲。加大文化精品海外推广力度、文化贸易服务支持力度，鼓励文化企业拓展境外业务，使国际社会对中华文化了解得更多更深。

建设社会主义文化强国是我们党作出的重大战略决策，事关中国式现代化建设全局。“十五五”时期是推进社会主义文化强国建设的关键时期，要在“十四五”时期推进文化强国建设成果斐然的基础上，锚定2035年建成文化强国的战略目标，坚持马克思主义在意识形态领域的指导地位，植根博大精深的中华文明，顺应信息技术发展潮流，发展具有强大思想引领力、精神凝聚力、价值感召力、国际影响力的新时代中国特色社会主义文化，扎实推进文化强国建设，筑牢强国建设、民族复兴的文化根基。

（作者为武汉大学马克思主义学院教授）",简  繁,理论,,https://paper.people.com.cn/rmrb/pc/content/202601/06/content_30129747.html,2026-01-06,"['文化', '社会主义', '时代', '特色', '习近平', '中国', '思想', '精神', '发展', '建设']","文化繁荣兴盛是中国式现代化的重要标志。推动文化繁荣发展、建成社会主义文化强国，是基本实现社会主义现代化的重要支撑。习近平总书记强调：“不断发展具有强大思想引领力、精神凝聚力、价值感召力、国际影响力的新时代中国特色社会主义文化”。党的二十届四中全会《建议》对此作出系统部署，为“十五五”时期繁荣发展新时代中国特色社会主义文化指明了前进方向和关键着力点。我们要深刻认识新时代中国特色社会主义文化的时代特征和丰富内涵，深入把握习近平文化思想的创新性贡献，以习近平文化思想为指引，繁荣发展具有强大思想引领力、精神凝聚力、价值感召力、国际影响力的新时代中国特色社会主义文化。
中国特色社会主义文化在新时代的丰富和发展
文化是一定时代人类精神活动的积淀、精神世界的结晶。恩格斯指出：“每一个时代的理论思维，包括我们这个时代的理论思维，都是一种历史的产物，它在不同的时代具有完全不同的形式，同时具有完全不同的内容。”一个时代有一个时代的文化。百余年来，中国共产党人总是根据不同时代的特点和需要，团结带领中国人民与时俱进发展新的文化。党的十八大以来，中国特色社会主义进入新时代，“两个大局”加速演进并深度互动，世界文化激荡展现新的态势，中华文明发展提出新的课题，文化强国建设进入新的阶段，社会思想文化呈现新的特点。时代发展新变化和文化领域新形势，呼唤新的文化创造。习近平总书记强调：“共同努力创造属于我们这个时代的新文化”“不断培育和创造新时代中国特色社会主义文化”。新时代中国特色社会主义文化，是需要我们共同努力创造的、属于我们这个时代的新文化。这个新文化，本质上是以马克思主义为指导的，面向现代化、面向世界、面向未来的，民族的科学的大众的社会主义文化，既同新中国成立以来特别是改革开放以来形成的中国特色社会主义文化一脉相承，又在体现中国特色社会主义文化随着时代发展所增添的新内涵。",政治,,,[]
追求实实在在的政绩（思想纵横）,"在2025年12月举行的中央经济工作会议上，习近平总书记强调“要树立和践行正确政绩观”，深刻指出“自觉按规律办事”“所有规划都要实事求是，追求实实在在、没有水分的增长”。政绩贵在实。实实在在的政绩不是表面的热闹，而是真正能够推动发展、惠及民生。党员干部必须牢牢把握实事求是这一基本思想方法、工作方法、领导方法，将其贯穿于履职尽责的全过程、各方面，以思想自觉引领行动自觉，用实实在在的政绩书写无愧于人民与时代的答卷。
我国地域辽阔，各地资源禀赋、产业基础、发展水平各不相同，脱离实际的决策必然导致“水土不服”，不仅难以推动发展，还会造成资源浪费。实践中，少数党员干部不顾本地实际条件，在产业布局上盲目跟风，陷入同质化竞争的困境；有的忽视群众实际需求，在推进民生工程中搞“一刀切”，看似轰轰烈烈，实则增加了群众负担。这些问题的根源，都在于没有真正把实事求是作为想问题、作决策、办事情的出发点。
习近平总书记多次强调“因地制宜”的重要性，叮嘱各地“‘一把钥匙开一把锁’，不能刻舟求剑、拿一个模子去套”。追求实实在在的政绩，首先要坚持一切从实际出发，深入研判本地发展的特征，精准把握资源禀赋、基础条件的独特优势，找准发展的切入点和突破口。无论是产业升级、项目建设，还是民生改善、乡村全面振兴等，都要尊重实际条件和客观规律，不搞急功近利、盲目蛮干，而是因地制宜、扬长补短、分类施策，走出符合自身实际、具有本地特色的高质量发展之路。唯有如此，才能让政绩实实在在，经得起实践检验。
如何才能了解和把握实际？关键在于调查研究。毛泽东同志在江西寻乌开展20多天的深入调查，写下《寻乌调查》这一经典著作，为我们党制定正确的商业政策、土地政策提供了坚实依据。习近平总书记7次主持召开中央扶贫工作座谈会，50多次深入基层调研扶贫工作，走遍14个集中连片特困地区，面对面同贫困群众聊家常、算细账，提出精准扶贫战略，为打赢脱贫攻坚战提供制胜法宝。这充分说明，只有通过扎实有效的调查研究，才能摸清方方面面的情况，让各项工作更符合实际、更顺应规律、更贴近群众。
现实中，一些党员干部习惯于坐在办公室里“拍脑袋”决策，对基层情况一知半解，对群众诉求漠不关心。这种脱离实际、脱离群众的工作方式，正是导致虚张浮夸的政绩工程、形象工程出现的重要原因。破解问题的关键在于做好调查研究。党员干部必须深刻认识到“没有调查，就没有发言权，更没有决策权”，主动扑下身子、沉到一线，带着问题去调研、带着思考去走访，看“门面”更看“后院”，听“赞歌”更听“怨言”，在掌握第一手资料的基础上，作出科学决策、推动工作落实。
政绩的根本价值在于增进人民福祉。如果追求政绩只是为个人“贴金”、为升迁“铺路”，必然会陷入急功近利、弄虚作假的误区，最终损害群众利益、影响党的形象。追求实实在在的政绩，要始终坚守为民初心，把惠民生的事办实、暖民心的事办细、顺民意的事办好。从解决群众急难愁盼的问题入手，从改善人居环境、提升公共服务水平等具体事做起，真正让发展成果更多更公平惠及全体人民。
“十五五”时期，我国发展环境面临深刻复杂变化，爬坡过坎，一刻不能松劲。越是攻坚克难，越要坚守实事求是的精神，追求实实在在的政绩。广大党员干部要坚持一切从实际出发，深刻把握因地制宜的方法论，深入调查研究，崇尚实干担当，为民办事、为民造福，以过硬作风创造过硬业绩，为推进中国式现代化作出新的更大贡献。","# 追求实实在在的政绩（思想纵横）

> 伍赳鸠《人民日报》（2026年01月06日第 09 版）

在2025年12月举行的中央经济工作会议上，习近平总书记强调“要树立和践行正确政绩观”，深刻指出“自觉按规律办事”“所有规划都要实事求是，追求实实在在、没有水分的增长”。政绩贵在实。实实在在的政绩不是表面的热闹，而是真正能够推动发展、惠及民生。党员干部必须牢牢把握实事求是这一基本思想方法、工作方法、领导方法，将其贯穿于履职尽责的全过程、各方面，以思想自觉引领行动自觉，用实实在在的政绩书写无愧于人民与时代的答卷。

我国地域辽阔，各地资源禀赋、产业基础、发展水平各不相同，脱离实际的决策必然导致“水土不服”，不仅难以推动发展，还会造成资源浪费。实践中，少数党员干部不顾本地实际条件，在产业布局上盲目跟风，陷入同质化竞争的困境；有的忽视群众实际需求，在推进民生工程中搞“一刀切”，看似轰轰烈烈，实则增加了群众负担。这些问题的根源，都在于没有真正把实事求是作为想问题、作决策、办事情的出发点。

习近平总书记多次强调“因地制宜”的重要性，叮嘱各地“‘一把钥匙开一把锁’，不能刻舟求剑、拿一个模子去套”。追求实实在在的政绩，首先要坚持一切从实际出发，深入研判本地发展的特征，精准把握资源禀赋、基础条件的独特优势，找准发展的切入点和突破口。无论是产业升级、项目建设，还是民生改善、乡村全面振兴等，都要尊重实际条件和客观规律，不搞急功近利、盲目蛮干，而是因地制宜、扬长补短、分类施策，走出符合自身实际、具有本地特色的高质量发展之路。唯有如此，才能让政绩实实在在，经得起实践检验。

如何才能了解和把握实际？关键在于调查研究。毛泽东同志在江西寻乌开展20多天的深入调查，写下《寻乌调查》这一经典著作，为我们党制定正确的商业政策、土地政策提供了坚实依据。习近平总书记7次主持召开中央扶贫工作座谈会，50多次深入基层调研扶贫工作，走遍14个集中连片特困地区，面对面同贫困群众聊家常、算细账，提出精准扶贫战略，为打赢脱贫攻坚战提供制胜法宝。这充分说明，只有通过扎实有效的调查研究，才能摸清方方面面的情况，让各项工作更符合实际、更顺应规律、更贴近群众。

现实中，一些党员干部习惯于坐在办公室里“拍脑袋”决策，对基层情况一知半解，对群众诉求漠不关心。这种脱离实际、脱离群众的工作方式，正是导致虚张浮夸的政绩工程、形象工程出现的重要原因。破解问题的关键在于做好调查研究。党员干部必须深刻认识到“没有调查，就没有发言权，更没有决策权”，主动扑下身子、沉到一线，带着问题去调研、带着思考去走访，看“门面”更看“后院”，听“赞歌”更听“怨言”，在掌握第一手资料的基础上，作出科学决策、推动工作落实。

政绩的根本价值在于增进人民福祉。如果追求政绩只是为个人“贴金”、为升迁“铺路”，必然会陷入急功近利、弄虚作假的误区，最终损害群众利益、影响党的形象。追求实实在在的政绩，要始终坚守为民初心，把惠民生的事办实、暖民心的事办细、顺民意的事办好。从解决群众急难愁盼的问题入手，从改善人居环境、提升公共服务水平等具体事做起，真正让发展成果更多更公平惠及全体人民。

“十五五”时期，我国发展环境面临深刻复杂变化，爬坡过坎，一刻不能松劲。越是攻坚克难，越要坚守实事求是的精神，追求实实在在的政绩。广大党员干部要坚持一切从实际出发，深刻把握因地制宜的方法论，深入调查研究，崇尚实干担当，为民办事、为民造福，以过硬作风创造过硬业绩，为推进中国式现代化作出新的更大贡献。",伍赳鸠,理论,,https://paper.people.com.cn/rmrb/pc/content/202601/06/content_30129748.html,2026-01-06,"['政绩', '实实在在', '追求', '党员干部', '实际', '群众', '实事求是', '习近平', '扶贫', '工作']","在2025年12月举行的中央经济工作会议上，习近平总书记强调“要树立和践行正确政绩观”，深刻指出“自觉按规律办事”“所有规划都要实事求是，追求实实在在、没有水分的增长”。政绩贵在实。实实在在的政绩不是表面的热闹，而是真正能够推动发展、惠及民生。党员干部必须牢牢把握实事求是这一基本思想方法、工作方法、领导方法，将其贯穿于履职尽责的全过程、各方面，以思想自觉引领行动自觉，用实实在在的政绩书写无愧于人民与时代的答卷。
我国地域辽阔，各地资源禀赋、产业基础、发展水平各不相同，脱离实际的决策必然导致“水土不服”，不仅难以推动发展，还会造成资源浪费。实践中，少数党员干部不顾本地实际条件，在产业布局上盲目跟风，陷入同质化竞争的困境；有的忽视群众实际需求，在推进民生工程中搞“一刀切”，看似轰轰烈烈，实则增加了群众负担。这些问题的根源，都在于没有真正把实事求是作为想问题、作决策、办事情的出发点。
习近平总书记多次强调“因地制宜”的重要性，叮嘱各地“‘一把钥匙开一把锁’，不能刻舟求剑、拿一个模子去套”。追求实实在在的政绩，首先要坚持一切从实际出发，深入研判本地发展的特征，精准把握资源禀赋、基础条件的独特优势，找准发展的切入点和突破口。无论是产业升级、项目建设，还是民生改善、乡村全面振兴等，都要尊重实际条件和客观规律，不搞急功近利、盲目蛮干，而是因地制宜、扬长补短、分类施策，走出符合自身实际、具有本地特色的高质量发展之路。唯有如此，才能让政绩实实在在，经得起实践检验。",政治,,,[]
“忙得顾不上，看着问题干着急”，减负！（干部状态新观察·走进一线探作风）,"1月5日，河北省曲阳县永宁社区永宁花园小区内，社区干部（右）向居民了解车棚使用情况。受访者供图
1月5日，河北省曲阳县永宁社区永宁花园小区内，社区干部（右）向居民了解车棚使用情况。
受访者供图
河北省曲阳县永宁社区永宁花园小区内，笑语阵阵。小区8号楼下，居民申淑英利落地将自己的电动自行车停进楼前新建的智能车棚里，取出电瓶充电器，扫码充电。“满电即停，还会推送提醒信息到我的手机上。”说完，申淑英赶忙往家走，“上楼收拾下，还得去跳广场舞呢！”
小区5号楼后，永宁社区干部张晓阳正在巡查场地清理情况，“得赶紧把这块空地整理出来，好让施工队尽快入场施工。”这里建的还是电动自行车智能车棚。“这些年小区电动车数量增长快，新建的几座车棚解了燃眉之急，但还有一部分缺口，我们尽快补上。”张晓阳说。
在永宁花园小区，高峰时段，电动自行车出入拥堵、充电设施高负荷运转、违规停放等问题时有发生。这种情况持续了好几年，当时为啥很难解决？
“我们一直想解决，但人手不够，忙得顾不上，看着问题干着急。”时任永宁社区党支部书记高静敏说。永宁社区成立于2014年，辖内共有10个小区。长期以来，7名社区干部要负责辖区内4000多户1.3万余人的日常管理与服务工作。“要说基本服务，我们多干点也办得过来。”高静敏说，“但要是服务更进一步，事情做得更周全些，就难了。填表、报数、开会，一项接一项，应接不暇。”
高静敏口中的这些表和数，源于社区党群服务中心的牌子。高静敏说：“法律的、就业的……各个部门都来挂个牌，本来社区党群服务中心的‘门脸’就不大，前前后后愣是给挂上了30多块牌子，哪块工作催得紧就先做哪块。”
“一个人得兼着几份‘差’，有时光填表就得忙活一天，连去小区转转的时间都没有。”负责包联永宁花园小区的张晓阳很早就接到了居民关于电动自行车乱停乱放、充电设施不足等问题反馈。张晓阳抽空去小区看了一遍现场后，社区将问题交由物业协调解决。
“小区建设停车棚时，是按3户一个充电口的标准进行规划的。现在几乎户户都有一辆，有些甚至两辆以上。”张晓阳说，物业认为要彻底解决这一难题，必须增建停车棚。可是需要协调住建、消防等多部门，社区又感到力不从心。
张晓阳盘算起来：对接县住建局，申请调整小区局部规划，确认闲置公共空间利用的合法性；对接县消防救援大队，审核车棚建设方案的消防合规性，明确防火间距、消防通道预留、消防设施配置标准，把控施工中的消防安全；对接县供电公司，提交业扩报装接电申请，配合现场勘察，确定供电接入点、线路铺设路径；对接充电桩设备供应商，根据居民需求确定设备型号，协调安装调试……
高静敏说：“说起来就一件事，但做起来流程挺多，我们腾不出专人来负责这件事，事情记在心里，当时觉得只能等等看了。”
上报镇里后，恒州镇党委研究认为，这属于应该做的事情，但跟镇里承接的很多工作相比，又没有那么着急。恒州镇社区建设和物业管理监督办公室主任刘会亮说：“这事儿，我协调的话，也要一个部门一个部门跑。”
问题没法根本解决，但是社区也想了办法：在高峰期，社区发动志愿者力量，尽量引导居民在空闲地方有序停车，保证电动自行车不上楼。
任务过载、人手紧缺、机制不畅，高静敏心里挂着的这件事只能等等了。
转机出现在减牌子上。根据上级要求，永宁社区摘掉了近30块牌子。高静敏说：“社区党群服务中心只保留了5块牌子，‘门脸’干净了，担子减轻了。”这下，增设车棚提上了社区工作日程。社区干部入户走访、发放调查问卷、开展座谈，梳理出“智能充电”“错峰管理”等5大类30余条具体建议。同时，社区将“增设智慧车棚”的调研结果和建设计划上报给了恒州镇党委。
提速得益于“有事找支部”为民服务机制的推行和权责清单的明晰。为打通服务群众“最后一公里”，曲阳县委组织部牵头制定《关于深化“有事找支部”为民服务机制  落实“乡镇吹哨、部门报到”的通知》，明确乡镇党委书记为“吹哨员”、县直部门主要负责同志为“联络员”，根据乡镇需求，涉及人员到现场集中处置镇村难题。对紧急事项，乡镇随时吹哨，包乡镇县级领导和部门立即报到，提高处置效率。2025年8月，曲阳县又制定并发布《曲阳县乡镇履职事项清单》，各乡镇根据实际情况，制定民生服务、经济发展、社会保障等具体事项及每项事项的具体承接部门和工作方式，进一步厘清县乡职责边界。
刘会亮介绍，受益于两项机制，“哨声”在县乡之间吹响，此前增设车棚所面临的每一项难题都有了相应的负责人和对应的解决方案。《曲阳县乡镇履职事项清单》的推出，更是让乡镇负担减轻不少，“相比以前，乡镇工作减少了百余件事项。”
在刘会亮协调下，一场由社区、物业、职能部门、居民代表共同参加的四方协商会在社区党群服务中心会议室顺利举行。会议当场达成一致意见，由永宁花园小区物业出资，在小区1号楼、8号楼旁增设2个智慧车棚，相关部门全程支持配合。审批程序有绿色通道、电网迁建特事特办、施工现场居民监督……白天搭棚顶、夜间铺线路，2处占地1000余平方米的透光性智慧车棚建成，配置280个智能充电接口，同步完善消防设施。
基层治理力量也在不断壮大，曲阳县正加快建立社区工作者职业体系。“2025年县里招录了一批社区工作者，现在全部到岗，我们社区干部达到了25名。”刚接任的永宁社区党支部书记毕栋满怀信心，“未来，我们会有更多力量参与，提升社区治理能力，服务好居民。”","### 河北曲阳县破解基层治理中的“小马拉大车”问题——

# “忙得顾不上，看着问题干着急”，减负！（干部状态新观察·走进一线探作风）

> 本报记者  邵玉姿《人民日报》（2026年01月06日第 11 版）

1月5日，河北省曲阳县永宁社区永宁花园小区内，社区干部（右）向居民了解车棚使用情况。　　受访者供图

1月5日，河北省曲阳县永宁社区永宁花园小区内，社区干部（右）向居民了解车棚使用情况。

受访者供图

河北省曲阳县永宁社区永宁花园小区内，笑语阵阵。小区8号楼下，居民申淑英利落地将自己的电动自行车停进楼前新建的智能车棚里，取出电瓶充电器，扫码充电。“满电即停，还会推送提醒信息到我的手机上。”说完，申淑英赶忙往家走，“上楼收拾下，还得去跳广场舞呢！”

小区5号楼后，永宁社区干部张晓阳正在巡查场地清理情况，“得赶紧把这块空地整理出来，好让施工队尽快入场施工。”这里建的还是电动自行车智能车棚。“这些年小区电动车数量增长快，新建的几座车棚解了燃眉之急，但还有一部分缺口，我们尽快补上。”张晓阳说。

在永宁花园小区，高峰时段，电动自行车出入拥堵、充电设施高负荷运转、违规停放等问题时有发生。这种情况持续了好几年，当时为啥很难解决？

“我们一直想解决，但人手不够，忙得顾不上，看着问题干着急。”时任永宁社区党支部书记高静敏说。永宁社区成立于2014年，辖内共有10个小区。长期以来，7名社区干部要负责辖区内4000多户1.3万余人的日常管理与服务工作。“要说基本服务，我们多干点也办得过来。”高静敏说，“但要是服务更进一步，事情做得更周全些，就难了。填表、报数、开会，一项接一项，应接不暇。”

高静敏口中的这些表和数，源于社区党群服务中心的牌子。高静敏说：“法律的、就业的……各个部门都来挂个牌，本来社区党群服务中心的‘门脸’就不大，前前后后愣是给挂上了30多块牌子，哪块工作催得紧就先做哪块。”

“一个人得兼着几份‘差’，有时光填表就得忙活一天，连去小区转转的时间都没有。”负责包联永宁花园小区的张晓阳很早就接到了居民关于电动自行车乱停乱放、充电设施不足等问题反馈。张晓阳抽空去小区看了一遍现场后，社区将问题交由物业协调解决。

“小区建设停车棚时，是按3户一个充电口的标准进行规划的。现在几乎户户都有一辆，有些甚至两辆以上。”张晓阳说，物业认为要彻底解决这一难题，必须增建停车棚。可是需要协调住建、消防等多部门，社区又感到力不从心。

张晓阳盘算起来：对接县住建局，申请调整小区局部规划，确认闲置公共空间利用的合法性；对接县消防救援大队，审核车棚建设方案的消防合规性，明确防火间距、消防通道预留、消防设施配置标准，把控施工中的消防安全；对接县供电公司，提交业扩报装接电申请，配合现场勘察，确定供电接入点、线路铺设路径；对接充电桩设备供应商，根据居民需求确定设备型号，协调安装调试……

高静敏说：“说起来就一件事，但做起来流程挺多，我们腾不出专人来负责这件事，事情记在心里，当时觉得只能等等看了。”

上报镇里后，恒州镇党委研究认为，这属于应该做的事情，但跟镇里承接的很多工作相比，又没有那么着急。恒州镇社区建设和物业管理监督办公室主任刘会亮说：“这事儿，我协调的话，也要一个部门一个部门跑。”

问题没法根本解决，但是社区也想了办法：在高峰期，社区发动志愿者力量，尽量引导居民在空闲地方有序停车，保证电动自行车不上楼。

任务过载、人手紧缺、机制不畅，高静敏心里挂着的这件事只能等等了。

转机出现在减牌子上。根据上级要求，永宁社区摘掉了近30块牌子。高静敏说：“社区党群服务中心只保留了5块牌子，‘门脸’干净了，担子减轻了。”这下，增设车棚提上了社区工作日程。社区干部入户走访、发放调查问卷、开展座谈，梳理出“智能充电”“错峰管理”等5大类30余条具体建议。同时，社区将“增设智慧车棚”的调研结果和建设计划上报给了恒州镇党委。

提速得益于“有事找支部”为民服务机制的推行和权责清单的明晰。为打通服务群众“最后一公里”，曲阳县委组织部牵头制定《关于深化“有事找支部”为民服务机制  落实“乡镇吹哨、部门报到”的通知》，明确乡镇党委书记为“吹哨员”、县直部门主要负责同志为“联络员”，根据乡镇需求，涉及人员到现场集中处置镇村难题。对紧急事项，乡镇随时吹哨，包乡镇县级领导和部门立即报到，提高处置效率。2025年8月，曲阳县又制定并发布《曲阳县乡镇履职事项清单》，各乡镇根据实际情况，制定民生服务、经济发展、社会保障等具体事项及每项事项的具体承接部门和工作方式，进一步厘清县乡职责边界。

刘会亮介绍，受益于两项机制，“哨声”在县乡之间吹响，此前增设车棚所面临的每一项难题都有了相应的负责人和对应的解决方案。《曲阳县乡镇履职事项清单》的推出，更是让乡镇负担减轻不少，“相比以前，乡镇工作减少了百余件事项。”

在刘会亮协调下，一场由社区、物业、职能部门、居民代表共同参加的四方协商会在社区党群服务中心会议室顺利举行。会议当场达成一致意见，由永宁花园小区物业出资，在小区1号楼、8号楼旁增设2个智慧车棚，相关部门全程支持配合。审批程序有绿色通道、电网迁建特事特办、施工现场居民监督……白天搭棚顶、夜间铺线路，2处占地1000余平方米的透光性智慧车棚建成，配置280个智能充电接口，同步完善消防设施。

基层治理力量也在不断壮大，曲阳县正加快建立社区工作者职业体系。“2025年县里招录了一批社区工作者，现在全部到岗，我们社区干部达到了25名。”刚接任的永宁社区党支部书记毕栋满怀信心，“未来，我们会有更多力量参与，提升社区治理能力，服务好居民。”",邵玉姿,政治,,https://paper.people.com.cn/rmrb/pc/content/202601/06/content_30129758.html,2026-01-06,"['社区', '永宁', '车棚', '小区', '高静敏', '曲阳县', '乡镇', '张晓阳', '充电', '居民']","1月5日，河北省曲阳县永宁社区永宁花园小区内，社区干部（右）向居民了解车棚使用情况。受访者供图
1月5日，河北省曲阳县永宁社区永宁花园小区内，社区干部（右）向居民了解车棚使用情况。
受访者供图",经济,,,[]
摘掉不必要的牌子，扛起办实事的担子（编辑手记）,"基层是政策落地的“最后一公里”，也是服务群众的“最先一公里”。一段时间以来，一些地方形形色色的牌子挂满党群服务中心的“门脸”，文山会海、填表报数等让基层干部疲于应付，更让服务功能虚化、群众需求落空，制约着基层治理效能的提升。
整治形式主义为基层减负，必须通过制度化安排，厘清权责职能，让基层摘掉不必要的牌子，扛起办实事的担子。持续激发解决问题、担当作为的内生动力，让基层干部放开手脚，把更多时间精力放在为群众服务上。
优化基层治理，不仅需要轻装简行，也需要“协同作战”。河北曲阳县推行“乡镇吹哨、部门报到”机制，乡镇、社区与各部门单位齐心协力解决居民的“烦心事”。这一机制打破了条块分割的阻碍，原本需要反复协调、层层审批的复杂问题，得以在协同联动中高效解决，推动基层干部从解难题力不从心向办难事有心有力、用情用力转变。","# 摘掉不必要的牌子，扛起办实事的担子（编辑手记）

> 李佩阳《人民日报》（2026年01月06日第 11 版）

基层是政策落地的“最后一公里”，也是服务群众的“最先一公里”。一段时间以来，一些地方形形色色的牌子挂满党群服务中心的“门脸”，文山会海、填表报数等让基层干部疲于应付，更让服务功能虚化、群众需求落空，制约着基层治理效能的提升。

整治形式主义为基层减负，必须通过制度化安排，厘清权责职能，让基层摘掉不必要的牌子，扛起办实事的担子。持续激发解决问题、担当作为的内生动力，让基层干部放开手脚，把更多时间精力放在为群众服务上。

优化基层治理，不仅需要轻装简行，也需要“协同作战”。河北曲阳县推行“乡镇吹哨、部门报到”机制，乡镇、社区与各部门单位齐心协力解决居民的“烦心事”。这一机制打破了条块分割的阻碍，原本需要反复协调、层层审批的复杂问题，得以在协同联动中高效解决，推动基层干部从解难题力不从心向办难事有心有力、用情用力转变。",李佩阳,政治,,https://paper.people.com.cn/rmrb/pc/content/202601/06/content_30129759.html,2026-01-06,"['基层', '基层干部', '牌子', '办实事', '扛起', '摘掉', '群众', '不必要', '担子', '乡镇']","基层是政策落地的“最后一公里”，也是服务群众的“最先一公里”。一段时间以来，一些地方形形色色的牌子挂满党群服务中心的“门脸”，文山会海、填表报数等让基层干部疲于应付，更让服务功能虚化、群众需求落空，制约着基层治理效能的提升。
整治形式主义为基层减负，必须通过制度化安排，厘清权责职能，让基层摘掉不必要的牌子，扛起办实事的担子。持续激发解决问题、担当作为的内生动力，让基层干部放开手脚，把更多时间精力放在为群众服务上。
优化基层治理，不仅需要轻装简行，也需要“协同作战”。河北曲阳县推行“乡镇吹哨、部门报到”机制，乡镇、社区与各部门单位齐心协力解决居民的“烦心事”。这一机制打破了条块分割的阻碍，原本需要反复协调、层层审批的复杂问题，得以在协同联动中高效解决，推动基层干部从解难题力不从心向办难事有心有力、用情用力转变。",政治,,,[]
监护人应承担家庭教育的主体责任（法治聚焦）,"“父母离婚、子女受伤”的困境如何破解？父母能否放弃对未成年子女的探望？公职监护人如何更好履行家庭教育职责？
针对社会关注热点，最高人民法院发布6个“家庭教育指导令”司法适用典型案例，强调家庭教育从“家事”到“国事”的法律地位升级转变，父母或者其他监护人要树立家庭是第一个课堂、家长是第一任老师的责任意识，承担实施家庭教育的主体责任。
在一起探望纠纷案中，卢某与杜某离婚后，约定杜某每月可探望孩子小杜一次。但10多年来，杜某从未探望。小杜渴望父亲关爱，便诉至法院，请求判令杜某至少每月探望自己一次。然而，杜某拒绝探望，并称对未成年子女探望是一种可以放弃的权利。
针对杜某的错误认识，法官进行释法教育：探望不仅是法定权利，更是履行抚养、教育、保护未成年子女法定义务的延伸。考虑到最有利于未成年人原则以及小杜的情感需要，杜某应当定期探望孩子。
法院审理认为，杜某10余年来从未探望，既违反协议约定，又违背民法典关于父母对子女抚养教育义务的规定，侵害了未成年人的合法权益，依法向杜某发出《家庭教育指导令》，责令其定期探望孩子并接受家庭教育指导。本案调解结束后，法院委托青少年社工协助首次探望，之后实现自主探望。经后续追踪，得知当事人已完成规定家庭教育课程，并且亲子关系融洽，孩子各方面状态良好。
实践中不少案例显示，未成年人违法犯罪行为与家庭教育履职不当高度相关。违法犯罪未成年人的父母或其他监护人绝大多数情况下存在家庭教育缺位、失当或者其他不利于未成年人健康成长的因素。
以李某诉王某等健康权纠纷案为例，9名被告不仅存在欺凌行为，还有吸烟、饮酒、殴打他人等不良行为。从家庭情况看，9名被告大多生活在离异家庭，其中一人父母双亡；父母或监护人有的工作繁忙，疏于对孩子的关心和教育；有的亲子关系紧张，孩子犯错后非打即骂。9名被告的不良行为均与其家庭教育情况密切相关。
法院根据受欺凌者和欺凌者家庭的具体情况，有针对性地开展家庭教育指导工作；同时调动专业社会资源，组织社工提供专业家庭教育指导，促进欺凌者矫正偏差行为。此外，制发司法建议，促进学校整改，预防发生更多欺凌行为。
8岁女童小如生父不详，母亲郭某存在虐待、指使小如偷窃等行为。某社区居委会作为申请人起诉请求撤销郭某监护人资格。法院审理认为，郭某侵害了小如身心健康，遂判决撤销郭某的监护人资格，并指定该社区居委会为小如监护人。
判决后，该社区居委会尊重小如的意愿，委托小如舅妈进行日常照料。法院向该社区居委会出具《家庭教育责任告知书》，要求社区居委会设置专人专岗负责未成年人保护工作；对小如进行定期探访，制定成长档案；保障小如接受并完成义务教育等。
此外，法院联合妇联、公益组织提供帮扶，保障小如生活、教育、医疗等。同时，推动民政、妇联、教育部门协作，破解监护权转移后“谁来管、如何管”难题。最高法表示，本案中，人民法院将《家庭教育责任告知书》的适用对象从父母扩大到公职监护人，丰富了国家监护制度的内涵，传递了公职监护人承担监护责任应确保未成年人能够获得足够良好、健康家庭教育环境的导向。","### 最高法发布“家庭教育指导令”司法适用典型案例

# 监护人应承担家庭教育的主体责任（法治聚焦）

> 本报记者  魏哲哲《人民日报》（2026年01月06日第 11 版）

“父母离婚、子女受伤”的困境如何破解？父母能否放弃对未成年子女的探望？公职监护人如何更好履行家庭教育职责？

针对社会关注热点，最高人民法院发布6个“家庭教育指导令”司法适用典型案例，强调家庭教育从“家事”到“国事”的法律地位升级转变，父母或者其他监护人要树立家庭是第一个课堂、家长是第一任老师的责任意识，承担实施家庭教育的主体责任。

在一起探望纠纷案中，卢某与杜某离婚后，约定杜某每月可探望孩子小杜一次。但10多年来，杜某从未探望。小杜渴望父亲关爱，便诉至法院，请求判令杜某至少每月探望自己一次。然而，杜某拒绝探望，并称对未成年子女探望是一种可以放弃的权利。

针对杜某的错误认识，法官进行释法教育：探望不仅是法定权利，更是履行抚养、教育、保护未成年子女法定义务的延伸。考虑到最有利于未成年人原则以及小杜的情感需要，杜某应当定期探望孩子。

法院审理认为，杜某10余年来从未探望，既违反协议约定，又违背民法典关于父母对子女抚养教育义务的规定，侵害了未成年人的合法权益，依法向杜某发出《家庭教育指导令》，责令其定期探望孩子并接受家庭教育指导。本案调解结束后，法院委托青少年社工协助首次探望，之后实现自主探望。经后续追踪，得知当事人已完成规定家庭教育课程，并且亲子关系融洽，孩子各方面状态良好。

实践中不少案例显示，未成年人违法犯罪行为与家庭教育履职不当高度相关。违法犯罪未成年人的父母或其他监护人绝大多数情况下存在家庭教育缺位、失当或者其他不利于未成年人健康成长的因素。

以李某诉王某等健康权纠纷案为例，9名被告不仅存在欺凌行为，还有吸烟、饮酒、殴打他人等不良行为。从家庭情况看，9名被告大多生活在离异家庭，其中一人父母双亡；父母或监护人有的工作繁忙，疏于对孩子的关心和教育；有的亲子关系紧张，孩子犯错后非打即骂。9名被告的不良行为均与其家庭教育情况密切相关。

法院根据受欺凌者和欺凌者家庭的具体情况，有针对性地开展家庭教育指导工作；同时调动专业社会资源，组织社工提供专业家庭教育指导，促进欺凌者矫正偏差行为。此外，制发司法建议，促进学校整改，预防发生更多欺凌行为。

8岁女童小如生父不详，母亲郭某存在虐待、指使小如偷窃等行为。某社区居委会作为申请人起诉请求撤销郭某监护人资格。法院审理认为，郭某侵害了小如身心健康，遂判决撤销郭某的监护人资格，并指定该社区居委会为小如监护人。

判决后，该社区居委会尊重小如的意愿，委托小如舅妈进行日常照料。法院向该社区居委会出具《家庭教育责任告知书》，要求社区居委会设置专人专岗负责未成年人保护工作；对小如进行定期探访，制定成长档案；保障小如接受并完成义务教育等。

此外，法院联合妇联、公益组织提供帮扶，保障小如生活、教育、医疗等。同时，推动民政、妇联、教育部门协作，破解监护权转移后“谁来管、如何管”难题。最高法表示，本案中，人民法院将《家庭教育责任告知书》的适用对象从父母扩大到公职监护人，丰富了国家监护制度的内涵，传递了公职监护人承担监护责任应确保未成年人能够获得足够良好、健康家庭教育环境的导向。",魏哲哲,政治,,https://paper.people.com.cn/rmrb/pc/content/202601/06/content_30129760.html,2026-01-06,"['家庭教育', '探望', '杜某', '监护人', '小如', '未成年人', '居委会', '欺凌', '法院', '父母']","“父母离婚、子女受伤”的困境如何破解？父母能否放弃对未成年子女的探望？公职监护人如何更好履行家庭教育职责？
针对社会关注热点，最高人民法院发布6个“家庭教育指导令”司法适用典型案例，强调家庭教育从“家事”到“国事”的法律地位升级转变，父母或者其他监护人要树立家庭是第一个课堂、家长是第一任老师的责任意识，承担实施家庭教育的主体责任。
在一起探望纠纷案中，卢某与杜某离婚后，约定杜某每月可探望孩子小杜一次。但10多年来，杜某从未探望。小杜渴望父亲关爱，便诉至法院，请求判令杜某至少每月探望自己一次。然而，杜某拒绝探望，并称对未成年子女探望是一种可以放弃的权利。",政治,,,[]
卸下“包袱”，为民服务干劲足,"“丛所长，在吗？”一大早，居民孙树梅就来到黑龙江绥化市公安局北林分局奋斗派出所门前。她熟门熟路，直奔所长办公室。
“大娘，我在呢！”听到声音，所长丛国成迎出来。孙树梅说：“没啥事，就是好久不见，想你了，过来瞅瞅。”
平日里，丛国成常往片区跑，嘘寒问暖。谁家有难处，也爱找他说说。时间长了，警民之间也不见外。
说起所里的新变化，丛国成感受很深：“基层减负之后，身上‘绳子’松了，杂事少了。大伙儿手脚放得开，脑子也更活络。”从上门帮老人办证，到调解邻里纠纷，从街头巷尾宣传防范，到第一时间响应求助，服务做得更细、更实。民警和群众的心，自然越贴越近。
转变的背后，是一次深刻的整改。
2025年7月，中央层面整治形式主义为基层减负专项工作机制办公室会同中央纪委办公厅通报了绥化市公安局考核指标繁杂、隐形变异加重基层负担的问题。
问题被通报之后，绥化市委、市政府立即研究部署整改。市公安局迅速行动，坚持以案为鉴、以案促改、以案促治。
针对通报指出的问题，绥化市公安局成立整改工作领导小组，制定详细方案，将通报典型问题纳入局领导班子学习教育查摆清单、集中整治台账，以及各级领导干部个人问题清单，凝聚整治合力。目前，已彻底取消“战况统计”等变相考核事项。
整改不止于“点”，更注重“面”。“我们坚决落实省委、市委整改工作部署，推进整改整治、举一反三和自查自纠等工作，除上级统一规定外，取消所有统计报表。实现市局以下的统计报表‘清零’，废止、修订与上级精神不符文件7个，实现制度对标不严问题‘清零’。”绥化市副市长、公安局局长丁然介绍。
长效，关键在机制。绥化市公安局研究制定《车辆使用管理办法》《严禁从基层公安机关借调工作人员执行细则》《机关文件审核管理工作执行细则》等。同时，整合建立会议计划管理制度，优化流程，把规矩立在前头。
“整改工作开展以来，我们坚持问题整改与作风锤炼并重，始终聚焦主责主业，让整改实效真正体现到维护安全、服务百姓的实际中。”丁然列举了一组数字：2025年，全市公安机关累计为群众办实事、提供便民服务3589件次；破获电诈案件77起，拦截挽损96万余元；全市治安类警情同比下降23.2%，命案发案同比下降34.78%。“群众的获得感、幸福感、安全感，是检验整改成效的最好标尺。”","### 黑龙江绥化市深入整改加重基层负担问题

# 卸下“包袱”，为民服务干劲足

> 本报记者  崔  佳  方  圆《人民日报》（2026年01月06日第 11 版）

“丛所长，在吗？”一大早，居民孙树梅就来到黑龙江绥化市公安局北林分局奋斗派出所门前。她熟门熟路，直奔所长办公室。

“大娘，我在呢！”听到声音，所长丛国成迎出来。孙树梅说：“没啥事，就是好久不见，想你了，过来瞅瞅。”

平日里，丛国成常往片区跑，嘘寒问暖。谁家有难处，也爱找他说说。时间长了，警民之间也不见外。

说起所里的新变化，丛国成感受很深：“基层减负之后，身上‘绳子’松了，杂事少了。大伙儿手脚放得开，脑子也更活络。”从上门帮老人办证，到调解邻里纠纷，从街头巷尾宣传防范，到第一时间响应求助，服务做得更细、更实。民警和群众的心，自然越贴越近。

转变的背后，是一次深刻的整改。

2025年7月，中央层面整治形式主义为基层减负专项工作机制办公室会同中央纪委办公厅通报了绥化市公安局考核指标繁杂、隐形变异加重基层负担的问题。

问题被通报之后，绥化市委、市政府立即研究部署整改。市公安局迅速行动，坚持以案为鉴、以案促改、以案促治。

针对通报指出的问题，绥化市公安局成立整改工作领导小组，制定详细方案，将通报典型问题纳入局领导班子学习教育查摆清单、集中整治台账，以及各级领导干部个人问题清单，凝聚整治合力。目前，已彻底取消“战况统计”等变相考核事项。

整改不止于“点”，更注重“面”。“我们坚决落实省委、市委整改工作部署，推进整改整治、举一反三和自查自纠等工作，除上级统一规定外，取消所有统计报表。实现市局以下的统计报表‘清零’，废止、修订与上级精神不符文件7个，实现制度对标不严问题‘清零’。”绥化市副市长、公安局局长丁然介绍。

长效，关键在机制。绥化市公安局研究制定《车辆使用管理办法》《严禁从基层公安机关借调工作人员执行细则》《机关文件审核管理工作执行细则》等。同时，整合建立会议计划管理制度，优化流程，把规矩立在前头。

“整改工作开展以来，我们坚持问题整改与作风锤炼并重，始终聚焦主责主业，让整改实效真正体现到维护安全、服务百姓的实际中。”丁然列举了一组数字：2025年，全市公安机关累计为群众办实事、提供便民服务3589件次；破获电诈案件77起，拦截挽损96万余元；全市治安类警情同比下降23.2%，命案发案同比下降34.78%。“群众的获得感、幸福感、安全感，是检验整改成效的最好标尺。”",崔  佳  方  圆,政治,,https://paper.people.com.cn/rmrb/pc/content/202601/06/content_30129764.html,2026-01-06,"['整改', '绥化市', '公安局', '以案', '通报', '基层', '整治', '问题', '清零', '孙树梅']","“丛所长，在吗？”一大早，居民孙树梅就来到黑龙江绥化市公安局北林分局奋斗派出所门前。她熟门熟路，直奔所长办公室。
“大娘，我在呢！”听到声音，所长丛国成迎出来。孙树梅说：“没啥事，就是好久不见，想你了，过来瞅瞅。”
平日里，丛国成常往片区跑，嘘寒问暖。谁家有难处，也爱找他说说。时间长了，警民之间也不见外。",政治,,,[]
重庆迭代“满天星”行动  探索产业转型升级发展新路径,"自2022年起，一场名为“满天星”的产业行动，让重庆软件和信息服务产业（简称“软信产业”）发展跑出了加速度、展现出新气象，“满天星”逐步成为一块具有全国影响力的金字招牌。
站在新起点，重庆市迭代“满天星”行动。近日，《重庆市进一步推进软件和信息服务业“满天星”行动计划实施方案》正式印发，标志着重庆市软信产业变革进入稳进与提质的新阶段。
高位推动、系统作战
推进软信产业高质量发展
重庆是我国重要的现代制造业基地，“硬”实力是其鲜明标签，汽车、电子信息、装备制造等产业根基深厚。随着数字经济的浪潮奔涌而至，汽车要智能网联、工厂要数字化升级、城市要智慧化运行等发展新趋势，对软信产业提出新要求。重庆软信产业不能仅是独立赛道，更要成为赋能制造业转型升级的“催化剂”。
与此同时，重庆部分商业楼宇闲置，空间资源未能有效利用。在产业升级的迫切需求与存量空间的盘活契机相互碰撞下，“满天星”行动计划顺势而出。其底层逻辑是吸引青年人才和优质企业入驻，汇聚起“人气”，改善人口结构；盘活闲置楼宇，提供优质产业空间，重构城市形态；推动软信产业高质量发展，赋能制造业转型升级和新旧动能平稳转换，带动相关生产性服务业和生活性服务业，重塑城市竞争力。
为推动“满天星”行动计划切实落地，重庆高位推动、系统作战，构建一套让全市上下“动起来、赛起来”的工作机制。市政府主要领导每季度主持召开全市工作推进会；市经济信息委联合大数据、发改、教育、人社等10余个部门协同作战；市级层面建立楼宇、企业、项目、人才、活动、宣传“六本台账”，实施精细管理；各区政府主要负责人打表推进。季度推进会同时也是“案例复盘场”，先进区县分享经验，落后区县剖析原因、提出改进措施。“总体设计+台账管理+赛马比拼+动态优化”的组合机制，让“满天星”行动迅速从文件转化为全域实践。
实现六大跃升
产业规模进入全国第一方阵
重庆将发展软信产业作为推进数字重庆建设的重要抓手和扩能提质生产性服务业的重要内容。“满天星”行动实施3年多以来，重庆以中心城区为主战场，紧扣人才、场所、企业、场景、生态等关键环节，软信产业蓬勃发展，实现六大跃升。
从业人员规模和人才吸引力实现新跃升。全市新增软信产业从业人员26.3万人，总量较2021年实现了翻倍，市外户籍占比提升至30.5%，每3名新增从业人员中就有1名“新重庆人”。
存量楼宇盘活和集聚区建设实现跃升。累计盘活存量楼宇375万平方米，打造软信产业园26个、市级“满天星”示范楼宇29处。两江数字经济产业园入选“2025年度中国软件高质量发展TOP30软件园区”。
企业主体和产品竞争力实现跃升。新增软信企业1.72万家，新增百亿级软信企业3家、十亿级软信企业20家，91项软件产品及应用入选国家级试点示范。
场景开放和应用成效实现跃升。发布应用场景4117个，推动软信产业赋能制造业发展，建成国家卓越级智能工厂22个、数量居西部地区第一，全球灯塔工厂实现零的突破。渝北区获批国家中小企业数字化转型试点城市，渝北区、长寿区获批国家制造业新型技术改造试点城市。
产业生态与发展氛围实现跃升。举办汽车软件开源大赛、数字产业生态大会等活动，连续举办5届中国工业软件大会和2届智能汽车基础软件生态大会，行业影响力显著提升。
产业规模与发展能级实现新跃升。2025年，全市软信产业主营业务收入预计可突破5000亿元，较2021年的2824亿元增长77%，将成为重庆“33618”现代制造业集群体系中率先达到既定目标的支柱产业。
系列跃升的背后，是重庆以深度融合的育人模式夯实人才根基的系统实践。通过整合企业、高校与培训机构资源，打造15家软件人才“超级工厂”，构建起“企业带项目、高校供理论、机构强实训、协会促协同”的培育体系。重庆科技大学与长安汽车等企业共建汽车软件“定制班”，组建一支超过150人的实战型师资队伍，实现人才培养与产业需求有效对接；重庆工业职业技术大学将课堂融入北斗产业链，邀请企业工程师担任“产业导师”，让学生在真实项目中成长。3年来，该模式已汇聚超千名行业导师，开发教材702套，开设课程超过1200门，累计为重庆输送了3.5万名扎根产业的优秀软信人才。
以人才为基础，重庆立足制造业优势，推动软信产业“赋能、添智”千行百业。在工业领域，长安汽车数智工厂通过智能化改造，带动生产自动化率超过90%；天实精工科技完成模组工厂改造后，生产效率大幅提升并成功拓展车载摄像头市场。技术应用更广泛惠及社会治理与民生，菲利信科技运用人工智能、大数据服务医疗行业；立信数据科技构建智慧健康养老平台，守护独居老人安全；联通产业互联网聚焦智慧城市与数字政府领域提供解决方案。在更广阔的行业应用中，软江图灵人工智能科技研发的AI环评系统显著提升环境评估效率；达瓦影像科技建成“永川科技片场”，借助影视大模型大幅缩短影视制作周期。
产业的蓬勃发展，也驱动城市空间焕新与生态集聚。通过“政府引导+行业协同+企业主体”模式，一批“沉睡楼宇”蜕变为产业高地。观音桥重庆网商产业园通过数字化，引入云服务器补贴、资源对接等政策，吸引百余家电商企业入驻，如今已成为日均发件30万件的“电商中枢”，生动诠释了“存量”变“增量”、“沉睡楼宇”向产业高地转变的重庆实践。
紧扣“人工智能+”趋势
接续跑出产业发展量质齐升“加速度”
《重庆市进一步推进软件和信息服务业“满天星”行动计划实施方案》在总结3年多工作成效的基础上，顺应产业发展趋势，抢抓“AI+”发展机遇，提出以集聚软信从业人员为主要任务，以AI智能体为主攻方向，加速“AI+”应用，强化数据赋能，推动“满天星”行动迈上新台阶。
围绕“把集聚人才放在首位”，建立“企业认定、政府认账”的软信人才认定机制。重庆推动校企联合打造“星晖基地”，定向培养产业人才。对软信行业从业人员发放紧缺岗位就业补贴，为软信企业发放社保补贴和一次性吸纳就业补贴。实施百万高校毕业生等青年留渝来渝就业创业行动计划，力争每年为软信产业新增就业10万人。
依托数字重庆建设、超大城市现代化治理和制造业转型升级等丰富场景和数据资源，政府端主动搭台，通过常态化发布“机会清单”与“能力清单”，构建“软件+供应链+制造”场景牵引模式；企业端加强供需对接，让软信企业在真实场景中开展技术攻关与产品迭代，推动场景转化为产业和就业。例如，发挥智能网联新能源汽车之都建设优势，抢抓全国“车路云一体化”应用试点与L3级自动驾驶试点机遇，推动智能驾驶、车载操作系统等软件技术攻关、测试验证及应用推广。
产业空间拓展方面，重庆以城市更新为重要抓手，植入创新创业创意元素，促进宜居宜业，更好兴产聚人。新阶段“满天星”行动将实施范围从中心城区拓展至全市具备条件的区县，构建“市级集聚区+特色集聚区”的集聚发展格局。做强做优环大学创新产业生态圈，建设开源社区，提升能力开放平台、公共服务平台和行业赋能平台能级，打造“线上线下协同、多元融合”的产业载体体系。
强化“AI+”赋能，打造“AI+”产品矩阵。重庆将用好数字重庆底座和AI技术，利用AI智能体和数字孪生体推动超大城市治理能力现代化。突出AI+制造，支持制造业“研产供销服”全流程融合AI技术，推动制造业提质降本增效。支持软信企业面向教育、医疗、科技、低空经济等领域开展产业融合智能体开发应用。促进AI智能体与消费级硬件产品融合创新，培育新型智能产品。
产业兴则人才聚，人才聚则产业强。“人才—载体—业态”的良性循环，正在山城构建起“吸引人、留住人、成就人”的发展生态。
数据来源：重庆市经济和信息化委员会","# 重庆迭代“满天星”行动  探索产业转型升级发展新路径

> 《人民日报》（2026年01月06日第 12 版）

自2022年起，一场名为“满天星”的产业行动，让重庆软件和信息服务产业（简称“软信产业”）发展跑出了加速度、展现出新气象，“满天星”逐步成为一块具有全国影响力的金字招牌。

站在新起点，重庆市迭代“满天星”行动。近日，《重庆市进一步推进软件和信息服务业“满天星”行动计划实施方案》正式印发，标志着重庆市软信产业变革进入稳进与提质的新阶段。

高位推动、系统作战

推进软信产业高质量发展

重庆是我国重要的现代制造业基地，“硬”实力是其鲜明标签，汽车、电子信息、装备制造等产业根基深厚。随着数字经济的浪潮奔涌而至，汽车要智能网联、工厂要数字化升级、城市要智慧化运行等发展新趋势，对软信产业提出新要求。重庆软信产业不能仅是独立赛道，更要成为赋能制造业转型升级的“催化剂”。

与此同时，重庆部分商业楼宇闲置，空间资源未能有效利用。在产业升级的迫切需求与存量空间的盘活契机相互碰撞下，“满天星”行动计划顺势而出。其底层逻辑是吸引青年人才和优质企业入驻，汇聚起“人气”，改善人口结构；盘活闲置楼宇，提供优质产业空间，重构城市形态；推动软信产业高质量发展，赋能制造业转型升级和新旧动能平稳转换，带动相关生产性服务业和生活性服务业，重塑城市竞争力。

为推动“满天星”行动计划切实落地，重庆高位推动、系统作战，构建一套让全市上下“动起来、赛起来”的工作机制。市政府主要领导每季度主持召开全市工作推进会；市经济信息委联合大数据、发改、教育、人社等10余个部门协同作战；市级层面建立楼宇、企业、项目、人才、活动、宣传“六本台账”，实施精细管理；各区政府主要负责人打表推进。季度推进会同时也是“案例复盘场”，先进区县分享经验，落后区县剖析原因、提出改进措施。“总体设计+台账管理+赛马比拼+动态优化”的组合机制，让“满天星”行动迅速从文件转化为全域实践。

实现六大跃升

产业规模进入全国第一方阵

重庆将发展软信产业作为推进数字重庆建设的重要抓手和扩能提质生产性服务业的重要内容。“满天星”行动实施3年多以来，重庆以中心城区为主战场，紧扣人才、场所、企业、场景、生态等关键环节，软信产业蓬勃发展，实现六大跃升。

从业人员规模和人才吸引力实现新跃升。全市新增软信产业从业人员26.3万人，总量较2021年实现了翻倍，市外户籍占比提升至30.5%，每3名新增从业人员中就有1名“新重庆人”。

存量楼宇盘活和集聚区建设实现跃升。累计盘活存量楼宇375万平方米，打造软信产业园26个、市级“满天星”示范楼宇29处。两江数字经济产业园入选“2025年度中国软件高质量发展TOP30软件园区”。

企业主体和产品竞争力实现跃升。新增软信企业1.72万家，新增百亿级软信企业3家、十亿级软信企业20家，91项软件产品及应用入选国家级试点示范。

场景开放和应用成效实现跃升。发布应用场景4117个，推动软信产业赋能制造业发展，建成国家卓越级智能工厂22个、数量居西部地区第一，全球灯塔工厂实现零的突破。渝北区获批国家中小企业数字化转型试点城市，渝北区、长寿区获批国家制造业新型技术改造试点城市。

产业生态与发展氛围实现跃升。举办汽车软件开源大赛、数字产业生态大会等活动，连续举办5届中国工业软件大会和2届智能汽车基础软件生态大会，行业影响力显著提升。

产业规模与发展能级实现新跃升。2025年，全市软信产业主营业务收入预计可突破5000亿元，较2021年的2824亿元增长77%，将成为重庆“33618”现代制造业集群体系中率先达到既定目标的支柱产业。

系列跃升的背后，是重庆以深度融合的育人模式夯实人才根基的系统实践。通过整合企业、高校与培训机构资源，打造15家软件人才“超级工厂”，构建起“企业带项目、高校供理论、机构强实训、协会促协同”的培育体系。重庆科技大学与长安汽车等企业共建汽车软件“定制班”，组建一支超过150人的实战型师资队伍，实现人才培养与产业需求有效对接；重庆工业职业技术大学将课堂融入北斗产业链，邀请企业工程师担任“产业导师”，让学生在真实项目中成长。3年来，该模式已汇聚超千名行业导师，开发教材702套，开设课程超过1200门，累计为重庆输送了3.5万名扎根产业的优秀软信人才。

以人才为基础，重庆立足制造业优势，推动软信产业“赋能、添智”千行百业。在工业领域，长安汽车数智工厂通过智能化改造，带动生产自动化率超过90%；天实精工科技完成模组工厂改造后，生产效率大幅提升并成功拓展车载摄像头市场。技术应用更广泛惠及社会治理与民生，菲利信科技运用人工智能、大数据服务医疗行业；立信数据科技构建智慧健康养老平台，守护独居老人安全；联通产业互联网聚焦智慧城市与数字政府领域提供解决方案。在更广阔的行业应用中，软江图灵人工智能科技研发的AI环评系统显著提升环境评估效率；达瓦影像科技建成“永川科技片场”，借助影视大模型大幅缩短影视制作周期。

产业的蓬勃发展，也驱动城市空间焕新与生态集聚。通过“政府引导+行业协同+企业主体”模式，一批“沉睡楼宇”蜕变为产业高地。观音桥重庆网商产业园通过数字化，引入云服务器补贴、资源对接等政策，吸引百余家电商企业入驻，如今已成为日均发件30万件的“电商中枢”，生动诠释了“存量”变“增量”、“沉睡楼宇”向产业高地转变的重庆实践。

紧扣“人工智能+”趋势

接续跑出产业发展量质齐升“加速度”

《重庆市进一步推进软件和信息服务业“满天星”行动计划实施方案》在总结3年多工作成效的基础上，顺应产业发展趋势，抢抓“AI+”发展机遇，提出以集聚软信从业人员为主要任务，以AI智能体为主攻方向，加速“AI+”应用，强化数据赋能，推动“满天星”行动迈上新台阶。

围绕“把集聚人才放在首位”，建立“企业认定、政府认账”的软信人才认定机制。重庆推动校企联合打造“星晖基地”，定向培养产业人才。对软信行业从业人员发放紧缺岗位就业补贴，为软信企业发放社保补贴和一次性吸纳就业补贴。实施百万高校毕业生等青年留渝来渝就业创业行动计划，力争每年为软信产业新增就业10万人。

依托数字重庆建设、超大城市现代化治理和制造业转型升级等丰富场景和数据资源，政府端主动搭台，通过常态化发布“机会清单”与“能力清单”，构建“软件+供应链+制造”场景牵引模式；企业端加强供需对接，让软信企业在真实场景中开展技术攻关与产品迭代，推动场景转化为产业和就业。例如，发挥智能网联新能源汽车之都建设优势，抢抓全国“车路云一体化”应用试点与L3级自动驾驶试点机遇，推动智能驾驶、车载操作系统等软件技术攻关、测试验证及应用推广。

产业空间拓展方面，重庆以城市更新为重要抓手，植入创新创业创意元素，促进宜居宜业，更好兴产聚人。新阶段“满天星”行动将实施范围从中心城区拓展至全市具备条件的区县，构建“市级集聚区+特色集聚区”的集聚发展格局。做强做优环大学创新产业生态圈，建设开源社区，提升能力开放平台、公共服务平台和行业赋能平台能级，打造“线上线下协同、多元融合”的产业载体体系。

强化“AI+”赋能，打造“AI+”产品矩阵。重庆将用好数字重庆底座和AI技术，利用AI智能体和数字孪生体推动超大城市治理能力现代化。突出AI+制造，支持制造业“研产供销服”全流程融合AI技术，推动制造业提质降本增效。支持软信企业面向教育、医疗、科技、低空经济等领域开展产业融合智能体开发应用。促进AI智能体与消费级硬件产品融合创新，培育新型智能产品。

产业兴则人才聚，人才聚则产业强。“人才—载体—业态”的良性循环，正在山城构建起“吸引人、留住人、成就人”的发展生态。

数据来源：重庆市经济和信息化委员会",,广告,,https://paper.people.com.cn/rmrb/pc/content/202601/06/content_30129766.html,2026-01-06,"['软信', '产业', '重庆', '满天星', 'AI', '人才', '跃升', '赋能', '楼宇', '企业']","自2022年起，一场名为“满天星”的产业行动，让重庆软件和信息服务产业（简称“软信产业”）发展跑出了加速度、展现出新气象，“满天星”逐步成为一块具有全国影响力的金字招牌。
站在新起点，重庆市迭代“满天星”行动。近日，《重庆市进一步推进软件和信息服务业“满天星”行动计划实施方案》正式印发，标志着重庆市软信产业变革进入稳进与提质的新阶段。
高位推动、系统作战",政治,,,[]
算好三笔账，有了“共享药房”（民生一线）,"核心阅读
为探索解决慢特病患者用药不便问题，云南曲靖2025年初推出“慢特病共享药房”，以区级医院药房为重点，乡镇设服务站、村卫生室为延伸点，通过信息化手段实现处方、药品、结算“三贯通”。一年来，曲靖建成17个“慢特病共享药房”，累计接诊18万余人次，让群众用药更便捷、更实惠。
“以前开个降压药，挂号、排队、取药，一套流程下来大半天就过去了。”家住云南省曲靖市马龙区通泉街道启秀社区的赵琼芬，自己患有高血压，还要照顾患糖尿病的母亲，“带她去医院怕交叉感染，不带她又说不清病情。”
如今，她走进马龙区人民医院对面的“慢特病共享药房”，出示电子医保码，不到10分钟就拿到了母女俩的药。“顺路就取了，还不耽误买菜。”赵琼芬说。
变化，始于一次特别的监督。
不能让群众为一盒药反复折腾
2025年初，曲靖市纪委监委驻市卫健委纪检监察组在一次体验式监督中发现，购药时“药品少、耗时长、易感染”是群众反映较多的问题，其中慢特病患者用药不便的问题比较突出。
为摸清实情，纪检监察干部与医保局工作人员一同去医院体验购药流程——仅开一盒常用的降压药硝苯地平，从挂号到取药就耗了将近一上午。慢性病患者大多是续药，又不是初诊，怎么就这么费时费力？
纪检监察组随即跟卫健、医保等部门充分交流，开展专项调研之后，逐渐摸清了问题根源：医院方面，因药品按进价零加成销售，无利润、流动资金占用压力大，不愿大量储备药品；诊疗流程上，依据医院诊疗管理规定，患者购药需按门诊全流程办理，无形中拉长了等待时间；市场端，零售药店部分药品售价普遍高于医院，群众反映买药贵。
调研组走访时还发现：乡镇卫生院和村卫生室药品配备不全，有些药群众想买却没有库存。部分慢性病患者选择自行购药服用，长期缺少专业用药指导，可能导致小病拖成大病。
不能让群众为一盒药反复折腾。相关部门协同发力，将慢特病用药难列入重点监督清单。
要啃“硬骨头”，曲靖市将破局试点选在了马龙区。曲靖市医保局党组书记陈绍全解释：“马龙区人口不多，但到省、市医院购药的患者多，医保基金压力大，探索解决马龙区的难题，能为全市探路。”
在民生需求与现实困难间找平衡
近年来，马龙区医共体的运营压力逐年增大。得知要试点建设“慢特病共享药房”，马龙区人民医院院长张金平不解：“本来就没钱，为何还要额外花钱？”
“医院药品销售必须按进价零加成销售，新建药房涉及场地、装修、人员等，医院的额外投入又增加了。”马龙区人民医院副院长胡文俊说。
民生需求与现实困难如何平衡？多方围坐一起，把经济、健康、民心三笔账摊开细算。
“先算经济账。”陈绍全率先开口，“全区实行紧密型医共体‘打包付费、结余留用’政策，医保基金一次性打包拨给医共体，患者区外就医购药，钱照样从打包额度里出；而共享药房零差率销售，药品进价是多少，卖给患者就是多少，引导患者在区里买不加价的药，基金支出能省30%以上。省下来的钱，其实还是留到了咱们区医院牵头的医共体内。”
“最重要的是健康账。”马龙区副区长符世伟接过话茬，“一个高血压患者规范用药一年只需几百元，一旦拖成脑卒中，抢救要几万元。共享药房让患者按时科学用药，有助于减少并发症。”
“还有一笔民心账不能漏。”曲靖市纪委监委第八监督检查室主任黄艳惠补充，“让老人少跑路、少排队，让子女少操心、少请假，这份便利背后的获得感，直接关系群众对政府和医院的信任。”
账算明白了，2025年1月18日，马龙区首个“慢特病共享药房”在区人民医院对面建成，这里集成了“两站三台”功能：医生工作站可开处方、测血压血糖，医保服务站能办报销、进行慢性病认定；3个服务台提供全流程指导，高效便捷。
针对罕见病、特殊病患者的用药需求，药房实行“预约采购”机制。患者在家门口的村卫生室就能发起预约，药品通常3天内即可配送至该卫生室，真正实现“足不出村、药到村头”。
患者花钱少了，健康管理效果也提升了
“关键不是建多少个药房，而是让现有卫生室都能成为共享药房的一部分，让患者不出村就能取药。”陈绍全介绍。共享药房不搞大拆大建，而是以区级医院药房为重点，乡镇设服务站、村卫生室为延伸点，通过信息化手段实现处方、药品、结算“三贯通”。
“这盒降糖药，以前在药店买要35元，现在只要20元，医保报销后自己只花10块多。”在马龙区旧县街道“慢特病共享药房”，村民杨伟算着刚花的药钱，“单这一种药，一年就能省500多块，也不用专门往城里跑了。”
药价降下来，源于药房的“六个统一”管理：优先统一集中采购、统一药品目录、统一配送管理、统一医保结算、统一服务标准、统一信息平台。优先选用国家集采药品，零差率销售。马龙区人民医院药师杨倩举例：“常用降压药苯磺酸氨氯地平片集采后价格下降，叠加门诊减免和医保报销，患者能省不少钱。”
医保基金也迎来节支增效的良性循环。2025年，马龙区医共体较2024年同期节约410多万元，有效缓解了基层医疗机构的运行压力，也让群众购药更便捷，形成“基金节约—服务提升—患者受益”的良性循环。
健康效益更长远，医师定期随访监测患者病情，药师科学指导患者合理用药，马龙区慢性病患者血压、血糖控制率同比提高2%—15%，慢阻肺管理在全市排名第一。
“要守护好群众看病钱。”黄艳惠说，通过持续跟踪问效，全市医保系统移送的624条问题线索已全部清零。基金安全有了保障，慢特病患者不出村就能取药，群众健康生活更有底气。
从马龙区试点到全市推广，如今曲靖已建成17个“慢特病共享药房”。慢特病患者取药更加便捷：城区患者顺路可取，乡镇患者无需跨区奔波，农村患者家门口遛弯就能拿到药。截至2025年底，曲靖市“慢特病共享药房”配备药品种类最多的达619种，基本能满足群众购药需求；累计接诊18万余人次，为1700名患者预约购药400种。","### 云南曲靖探索解决慢特病患者用药不便问题

# 算好三笔账，有了“共享药房”（民生一线）

> 本报记者  杨文明《人民日报》（2026年01月06日第 13 版）

核心阅读

为探索解决慢特病患者用药不便问题，云南曲靖2025年初推出“慢特病共享药房”，以区级医院药房为重点，乡镇设服务站、村卫生室为延伸点，通过信息化手段实现处方、药品、结算“三贯通”。一年来，曲靖建成17个“慢特病共享药房”，累计接诊18万余人次，让群众用药更便捷、更实惠。

“以前开个降压药，挂号、排队、取药，一套流程下来大半天就过去了。”家住云南省曲靖市马龙区通泉街道启秀社区的赵琼芬，自己患有高血压，还要照顾患糖尿病的母亲，“带她去医院怕交叉感染，不带她又说不清病情。”

如今，她走进马龙区人民医院对面的“慢特病共享药房”，出示电子医保码，不到10分钟就拿到了母女俩的药。“顺路就取了，还不耽误买菜。”赵琼芬说。

变化，始于一次特别的监督。

不能让群众为一盒药反复折腾

2025年初，曲靖市纪委监委驻市卫健委纪检监察组在一次体验式监督中发现，购药时“药品少、耗时长、易感染”是群众反映较多的问题，其中慢特病患者用药不便的问题比较突出。

为摸清实情，纪检监察干部与医保局工作人员一同去医院体验购药流程——仅开一盒常用的降压药硝苯地平，从挂号到取药就耗了将近一上午。慢性病患者大多是续药，又不是初诊，怎么就这么费时费力？

纪检监察组随即跟卫健、医保等部门充分交流，开展专项调研之后，逐渐摸清了问题根源：医院方面，因药品按进价零加成销售，无利润、流动资金占用压力大，不愿大量储备药品；诊疗流程上，依据医院诊疗管理规定，患者购药需按门诊全流程办理，无形中拉长了等待时间；市场端，零售药店部分药品售价普遍高于医院，群众反映买药贵。

调研组走访时还发现：乡镇卫生院和村卫生室药品配备不全，有些药群众想买却没有库存。部分慢性病患者选择自行购药服用，长期缺少专业用药指导，可能导致小病拖成大病。

不能让群众为一盒药反复折腾。相关部门协同发力，将慢特病用药难列入重点监督清单。

要啃“硬骨头”，曲靖市将破局试点选在了马龙区。曲靖市医保局党组书记陈绍全解释：“马龙区人口不多，但到省、市医院购药的患者多，医保基金压力大，探索解决马龙区的难题，能为全市探路。”

在民生需求与现实困难间找平衡

近年来，马龙区医共体的运营压力逐年增大。得知要试点建设“慢特病共享药房”，马龙区人民医院院长张金平不解：“本来就没钱，为何还要额外花钱？”

“医院药品销售必须按进价零加成销售，新建药房涉及场地、装修、人员等，医院的额外投入又增加了。”马龙区人民医院副院长胡文俊说。

民生需求与现实困难如何平衡？多方围坐一起，把经济、健康、民心三笔账摊开细算。

“先算经济账。”陈绍全率先开口，“全区实行紧密型医共体‘打包付费、结余留用’政策，医保基金一次性打包拨给医共体，患者区外就医购药，钱照样从打包额度里出；而共享药房零差率销售，药品进价是多少，卖给患者就是多少，引导患者在区里买不加价的药，基金支出能省30%以上。省下来的钱，其实还是留到了咱们区医院牵头的医共体内。”

“最重要的是健康账。”马龙区副区长符世伟接过话茬，“一个高血压患者规范用药一年只需几百元，一旦拖成脑卒中，抢救要几万元。共享药房让患者按时科学用药，有助于减少并发症。”

“还有一笔民心账不能漏。”曲靖市纪委监委第八监督检查室主任黄艳惠补充，“让老人少跑路、少排队，让子女少操心、少请假，这份便利背后的获得感，直接关系群众对政府和医院的信任。”

账算明白了，2025年1月18日，马龙区首个“慢特病共享药房”在区人民医院对面建成，这里集成了“两站三台”功能：医生工作站可开处方、测血压血糖，医保服务站能办报销、进行慢性病认定；3个服务台提供全流程指导，高效便捷。

针对罕见病、特殊病患者的用药需求，药房实行“预约采购”机制。患者在家门口的村卫生室就能发起预约，药品通常3天内即可配送至该卫生室，真正实现“足不出村、药到村头”。

患者花钱少了，健康管理效果也提升了

“关键不是建多少个药房，而是让现有卫生室都能成为共享药房的一部分，让患者不出村就能取药。”陈绍全介绍。共享药房不搞大拆大建，而是以区级医院药房为重点，乡镇设服务站、村卫生室为延伸点，通过信息化手段实现处方、药品、结算“三贯通”。

“这盒降糖药，以前在药店买要35元，现在只要20元，医保报销后自己只花10块多。”在马龙区旧县街道“慢特病共享药房”，村民杨伟算着刚花的药钱，“单这一种药，一年就能省500多块，也不用专门往城里跑了。”

药价降下来，源于药房的“六个统一”管理：优先统一集中采购、统一药品目录、统一配送管理、统一医保结算、统一服务标准、统一信息平台。优先选用国家集采药品，零差率销售。马龙区人民医院药师杨倩举例：“常用降压药苯磺酸氨氯地平片集采后价格下降，叠加门诊减免和医保报销，患者能省不少钱。”

医保基金也迎来节支增效的良性循环。2025年，马龙区医共体较2024年同期节约410多万元，有效缓解了基层医疗机构的运行压力，也让群众购药更便捷，形成“基金节约—服务提升—患者受益”的良性循环。

健康效益更长远，医师定期随访监测患者病情，药师科学指导患者合理用药，马龙区慢性病患者血压、血糖控制率同比提高2%—15%，慢阻肺管理在全市排名第一。

“要守护好群众看病钱。”黄艳惠说，通过持续跟踪问效，全市医保系统移送的624条问题线索已全部清零。基金安全有了保障，慢特病患者不出村就能取药，群众健康生活更有底气。

从马龙区试点到全市推广，如今曲靖已建成17个“慢特病共享药房”。慢特病患者取药更加便捷：城区患者顺路可取，乡镇患者无需跨区奔波，农村患者家门口遛弯就能拿到药。截至2025年底，曲靖市“慢特病共享药房”配备药品种类最多的达619种，基本能满足群众购药需求；累计接诊18万余人次，为1700名患者预约购药400种。",杨文明,社会,,https://paper.people.com.cn/rmrb/pc/content/202601/06/content_30129767.html,2026-01-06,"['药房', '马龙', '患者', '共享', '慢特病', '医保', '购药', '药品', '医院', '用药']","核心阅读
为探索解决慢特病患者用药不便问题，云南曲靖2025年初推出“慢特病共享药房”，以区级医院药房为重点，乡镇设服务站、村卫生室为延伸点，通过信息化手段实现处方、药品、结算“三贯通”。一年来，曲靖建成17个“慢特病共享药房”，累计接诊18万余人次，让群众用药更便捷、更实惠。
“以前开个降压药，挂号、排队、取药，一套流程下来大半天就过去了。”家住云南省曲靖市马龙区通泉街道启秀社区的赵琼芬，自己患有高血压，还要照顾患糖尿病的母亲，“带她去医院怕交叉感染，不带她又说不清病情。”",政治,,,[]
古戏台上  不只有“戏”（乡见）,"“我将那珍珠塔一座，里面放，拎在手中还算轻。”在江苏南京市高淳老街戏台上，高淳老街艺术团负责人陈良美正排练锡剧《珍珠塔》，一颦一笑拿捏得十分到位。戏台前方是一片开阔地，摆放着桌椅板凳，环戏台三面开着饭店茶馆，头顶的遮阳棚把中间开阔地遮蔽起来，形成一片独立的空间。
“我们这个戏台不只是唱戏，还有很多别的用处。”陈良美掏出手机，朗诵比赛、民俗表演、歌舞活动、“苏超”观赛，各式各样的活动还有很多。“现在这戏台‘很抢手’，需要提前预约。”
高淳流传一句俗语——“出门山歌进门戏”。高淳历史底蕴深厚，明清时期农业发达、商贸活跃，又地处苏浙皖三省交界，外地戏班纷纷进入，这让高淳成为江南古戏台密度最高的地区之一。目前，高淳仍有古戏台92个，其中有4处属于省级文物保护单位。
“原来戏台只用来唱戏。”按照当地习俗，请戏班唱戏主要集中在春分、秋分、春节前后，平日里几乎没有。“大部分戏台一空就会空几个月，考虑到损耗问题，平日也鲜有开放。”高淳区文旅局党委书记、局长毕涛介绍，为了提升古戏台利用率，高淳提出“唱响古戏台”，创新打造新型基层文化空间——“唱响古戏台”文化惠民综合体。
文艺演出、艺术展览、讲座培训、阅读推广，不同种类的文化活动聚集到老戏台上。“戏台多数分布在人流聚集的地方，与群众生活场景物理距离近，是开展文化下乡的不二场地。”毕涛说，高淳将“唱响古戏台”文化惠民综合体的改造纳入公共文化服务体系，保障资金投入，同时引导社会资本参与硬件改造，不断提升文化设施管理水平和公共服务能力，使之成为人民群众文艺排练、表演、出彩的平台。
书法室、阅览室、健身房……走进砖墙镇茅城戏台，可以发现戏台底下的多个房间被改造成多功能文化活动场所，日常对村民开放。“高淳人爱戏，因此戏台一般就建在村上，群众来这里活动既方便，也更有亲切感。”砖墙镇文体站站长史敏说。
沿楼梯走上戏台，台上正在排练由村民自主编排的舞蹈《幸福歌打莲湘》，舞蹈队由热爱舞蹈的村民自发组织成立，有骨干成员12人，带动周边爱好者60余人。“我们每周都会来戏台排练，也会在戏台上定期演出。我们是一支建立在戏台上的舞蹈队。”茅城村舞蹈队队长魏香说。
在高淳区，依托古戏台培育的文艺团队共有21个，他们挖掘整理群众身边的真人真事，创作出不少有情怀、接地气的文艺作品。
如今，戏台一年四季都是繁忙的，朗诵、广场舞、歌唱、戏曲等多个比赛接连开展，各项文艺活动备受欢迎。
“下一步，我们将以‘唱响古戏台’文化惠民综合体建设为抓手，计划每年在古戏台开展文艺演出100场以上；完成古戏台硬件提档升级10个以上；培育当地文化文艺团队10个以上；打造原创节目5个以上，不断提升群众幸福感和满意度。”毕涛说。
古戏台，已成为百姓共享的文化客厅。它们传承了传统，托举起新时代文明实践，凝聚着发展的活力，讲述着乡村文化振兴的生动故事……","# 古戏台上  不只有“戏”（乡见）

> 本报记者  白光迪《人民日报》（2026年01月06日第 16 版）

“我将那珍珠塔一座，里面放，拎在手中还算轻。”在江苏南京市高淳老街戏台上，高淳老街艺术团负责人陈良美正排练锡剧《珍珠塔》，一颦一笑拿捏得十分到位。戏台前方是一片开阔地，摆放着桌椅板凳，环戏台三面开着饭店茶馆，头顶的遮阳棚把中间开阔地遮蔽起来，形成一片独立的空间。

“我们这个戏台不只是唱戏，还有很多别的用处。”陈良美掏出手机，朗诵比赛、民俗表演、歌舞活动、“苏超”观赛，各式各样的活动还有很多。“现在这戏台‘很抢手’，需要提前预约。”

高淳流传一句俗语——“出门山歌进门戏”。高淳历史底蕴深厚，明清时期农业发达、商贸活跃，又地处苏浙皖三省交界，外地戏班纷纷进入，这让高淳成为江南古戏台密度最高的地区之一。目前，高淳仍有古戏台92个，其中有4处属于省级文物保护单位。

“原来戏台只用来唱戏。”按照当地习俗，请戏班唱戏主要集中在春分、秋分、春节前后，平日里几乎没有。“大部分戏台一空就会空几个月，考虑到损耗问题，平日也鲜有开放。”高淳区文旅局党委书记、局长毕涛介绍，为了提升古戏台利用率，高淳提出“唱响古戏台”，创新打造新型基层文化空间——“唱响古戏台”文化惠民综合体。

文艺演出、艺术展览、讲座培训、阅读推广，不同种类的文化活动聚集到老戏台上。“戏台多数分布在人流聚集的地方，与群众生活场景物理距离近，是开展文化下乡的不二场地。”毕涛说，高淳将“唱响古戏台”文化惠民综合体的改造纳入公共文化服务体系，保障资金投入，同时引导社会资本参与硬件改造，不断提升文化设施管理水平和公共服务能力，使之成为人民群众文艺排练、表演、出彩的平台。

书法室、阅览室、健身房……走进砖墙镇茅城戏台，可以发现戏台底下的多个房间被改造成多功能文化活动场所，日常对村民开放。“高淳人爱戏，因此戏台一般就建在村上，群众来这里活动既方便，也更有亲切感。”砖墙镇文体站站长史敏说。

沿楼梯走上戏台，台上正在排练由村民自主编排的舞蹈《幸福歌打莲湘》，舞蹈队由热爱舞蹈的村民自发组织成立，有骨干成员12人，带动周边爱好者60余人。“我们每周都会来戏台排练，也会在戏台上定期演出。我们是一支建立在戏台上的舞蹈队。”茅城村舞蹈队队长魏香说。

在高淳区，依托古戏台培育的文艺团队共有21个，他们挖掘整理群众身边的真人真事，创作出不少有情怀、接地气的文艺作品。

如今，戏台一年四季都是繁忙的，朗诵、广场舞、歌唱、戏曲等多个比赛接连开展，各项文艺活动备受欢迎。

“下一步，我们将以‘唱响古戏台’文化惠民综合体建设为抓手，计划每年在古戏台开展文艺演出100场以上；完成古戏台硬件提档升级10个以上；培育当地文化文艺团队10个以上；打造原创节目5个以上，不断提升群众幸福感和满意度。”毕涛说。

古戏台，已成为百姓共享的文化客厅。它们传承了传统，托举起新时代文明实践，凝聚着发展的活力，讲述着乡村文化振兴的生动故事……",白光迪,人文,,https://paper.people.com.cn/rmrb/pc/content/202601/06/content_30129790.html,2026-01-06,"['戏台', '高淳', '文化', '唱响', '排练', '毕涛', '舞蹈队', '群众', '综合体', '惠民']","“我将那珍珠塔一座，里面放，拎在手中还算轻。”在江苏南京市高淳老街戏台上，高淳老街艺术团负责人陈良美正排练锡剧《珍珠塔》，一颦一笑拿捏得十分到位。戏台前方是一片开阔地，摆放着桌椅板凳，环戏台三面开着饭店茶馆，头顶的遮阳棚把中间开阔地遮蔽起来，形成一片独立的空间。
“我们这个戏台不只是唱戏，还有很多别的用处。”陈良美掏出手机，朗诵比赛、民俗表演、歌舞活动、“苏超”观赛，各式各样的活动还有很多。“现在这戏台‘很抢手’，需要提前预约。”
高淳流传一句俗语——“出门山歌进门戏”。高淳历史底蕴深厚，明清时期农业发达、商贸活跃，又地处苏浙皖三省交界，外地戏班纷纷进入，这让高淳成为江南古戏台密度最高的地区之一。目前，高淳仍有古戏台92个，其中有4处属于省级文物保护单位。",社会,,,[]
监督有力度  民生添温度（前沿观察）,"镇沅彝族哈尼族拉祜族自治县纪检监察干部（前排左、右）走进菜田，向农户了解惠民惠农政策落实情况。刘庆鼎摄
镇沅彝族哈尼族拉祜族自治县纪检监察干部（前排左、右）走进菜田，向农户了解惠民惠农政策落实情况。
刘庆鼎摄
昆明市五华区纪委监委工作人员（右一、右二）到政务服务大厅开展作风监督检查。陆  煜摄
昆明市五华区纪委监委工作人员（右一、右二）到政务服务大厅开展作风监督检查。
陆  煜摄
香格里拉市纪检监察干部（左、中）深入松茸加工企业一线，面对面倾听诉求。杨雪婷摄
香格里拉市纪检监察干部（左、中）深入松茸加工企业一线，面对面倾听诉求。
杨雪婷摄
陆良县纪委监委聚焦高原蔬菜产业种植培育、仓储流通、市场销售等关键环节，织密织牢监督网络。图为芳华镇龙潭社区露天蔬菜种植基地。王  勇摄
陆良县纪委监委聚焦高原蔬菜产业种植培育、仓储流通、市场销售等关键环节，织密织牢监督网络。图为芳华镇龙潭社区露天蔬菜种植基地。
王  勇摄
“现在经费充裕，这几处破损正好一起换新，大家出行不磕碰。”冬日午后，云南省昆明市呈贡区柏枝营社区党总支书记杨丽花忙着推进路面修复工作。
“小修小补”的经费哪里来？“2025年年初开的农村集体‘三资’涉案款集中发还现场会，社区账上多了80多万元，其中30万元专门用于社区服务事业。”杨丽花说，这笔钱能要回来，与近两年区里开展的“三资”清查和案件查办有关。
近年来，云南持续深入整治群众身边不正之风和腐败问题，聚焦重点领域突出问题，一体推进查改治，推动发展、反腐、惠民同促共治，让群众真切感受到正风反腐加力度、清风正气在身边。
群众期盼处，就是工作发力点
80多万元的返还款，与社区的一块集体土地相关。“那块地有三四亩，哪想到租赁价格里有这么多‘猫腻’。”杨丽花回忆。
一块土地，怎成谋私工具？事情得从查处呈贡区缪家营社区原党总支书记吴某明的腐败案件说起。
2023年以来，呈贡区纪委监委发现吴某明涉嫌挪用社区集体公司资金的线索，迅速对其进行立案审查调查。随后，与其紧密相关的两名商人王某某、晋某某接受调查。
一次谈话中，办案人员听到晋某某“抱怨”：“柏枝营那块地，我本想一年5万元租下，有老板花20万元找我转租，就能赚一笔。表哥本来答应我却又反悔……”
晋某某口中的“表哥”，是柏枝营社区原党总支书记李某河。呈贡区纪委监委第二纪检监察室主任杨庆松带人查阅合同发现，土地属于集体所有，合同标明租金一年5万元，租期15年。“明知道能租20万元，怎么还是签了5万元的合同？”
细查之下，端倪显露。原来，知道有人出高价后，李某河打起歪主意。他先找到个体商人董某签订一年5万元的土地租赁合同，随后指使董某找上第三方，以每年20万元的价格把土地转租他人。靠这笔生意，李某河从中获得好处费66.8万元。
从“冰山一角”破局，呈贡区纪委监委先后查处3个街道16名社区干部。“深挖细查中，我们发现一些社区干部违纪违法行为特征很相似，而‘三资’底数不清、有效监管缺位是重要原因。”杨庆松说。
农村集体“三资”事关群众利益。2024年10月起，昆明市纪委监委以呈贡区为试点，全面摸清“家底”、构建科学监管体系，还农村集体“三资”一本“明白账”。
群众期盼处，就是工作发力点。临沧市凤庆县纪委监委以“室组地”联动监督破解“办证难”，132户业主拿到期盼已久的不动产权证书；楚雄彝族自治州大姚县纪委监委联合职能部门对农村饮水工程项目“通管不通水”问题开展拉网式排查，切实保障2.8万余人的饮水安全……2025年以来，云南省各级纪检监察机关共查处腐败和作风问题23208个，立案17647人，留置2342人，给予党纪政务处分10687人。
聚焦薄弱环节，堵塞制度漏洞
“牛肉120公斤、猪肉400公斤、南瓜20公斤、西红柿50公斤……”清晨7点，宣威市第十中学总务主任蔡坐与学校监督员、配送员一起验收当日的“校园餐”食材。
食材放心，源自平台“保驾护航”。宣威市教育体育局副局长范旭登录“宣威市学校食堂数字化管理平台”，向记者展示食材验收、供应商资质管理等信息。“全市公办学校实行食材统一集采，平台下单订货，让孩子们都能吃上营养新鲜的放心餐。”范旭说。
2024年以来，宣威市集中开展“校园餐”专项整治。第一步，便是将所有公办中小学食堂收回学校自主经营或配餐。可经营权收回后，学校面临的难题不少：从哪里采购食材才能保证安全？食材定价多少合理？校园食品膳食经费使用有哪些标准？……
把食堂办好，还得从源头防控风险。2024年7月以来，曲靖市纪委监委联合多部门盘清集中供餐学校、食材供应商和校外供餐单位底数，针对校园食品安全开展4轮监督检查，累计推动解决问题8959个。同时，向市教体局发出纪检监察建议书，推动全市各级各类学校大宗食材进入政府采购范围。
2025年2月，宣威市363所学校的425个食堂所用食材纳入市级大宗食材集中采购，由教体部门发起公开招投标程序，33家供应商中标。“不但食材有保障，价格也在多方参与的询价会上敲定，最大程度让利学生。”范旭说。
问题集中在哪里，监督就推进到哪里。“专项整治帮我们补上了不少制度漏洞。”曲靖市市场监管局食品餐饮安全监管科科长李朝说。一次联合抽查中，有关部门发现一家供应商因抽检不合格被处罚过，却仍有学校准备订餐。原来，尽管行政处罚通知已出具，但教体部门和学校都不清楚供应商资质出了问题。
“在市纪委监委推动下，我们与市教体局制定实施校园食品安全信息通报制度，定期互通信息，严把供应商资质关。”李朝介绍，供餐企业退出评价机制等10余项制度机制也陆续建立起来。
变化实实在在。临近中午，宣威市第十中学的学生们奔向食堂。蔡坐点了蒸排骨、小炒鸡肉、炒苦菜、米饭，共花费8元，然后坐下与学生们一起用餐。“荤菜3.5元一份，素菜1元一份，学生吃得健康实惠，食堂经营有时还能有盈余。”蔡坐说，如今学校正准备提供水果、牛奶等，“膳食经费理应花在学生身上。”
近年来，云南注重用好纪检监察建议等手段，聚焦问题频发多发的高风险环节，不断堵塞制度漏洞，做好集中整治“后半篇文章”。
楚雄州牟定县纪委监委总结梳理村级“小项目”廉政风险点，聘请第三方专业力量，探索建立“小微工程”复盘监督制度；德宏傣族景颇族自治州瑞丽市纪委监委着力打通项目审批、土地手续办理等堵点难点，护航柠檬、咖啡种植等高原特色农业发展……
监督“探头”前移，化被动为主动
“这名村民一年多前已开具死亡证明，为何仍在领取高龄补贴？”听到纪检监察干部的询问，西双版纳傣族自治州勐海县某村民政助理面露不安。
这条线索，原本“埋”在150多万条数据中。“过去，监督工作全靠‘眼睛看、动手翻、张嘴问、查资料’，如今我们有了大数据帮忙。”西双版纳州纪委监委党风政风监督室主任范松梅说。
开展惠民惠农政策落实、养老补贴等民生实事监督，涉及海量数据。“不但补贴类型多、环节多、数据多，部门信息也难以共享，加之监管存在滞后性，资金追回难度也较大。”范松梅说。
如何在“跑冒滴漏”之前发现和解决问题？西双版纳州纪委监委聚焦12种高频惠民惠农补贴，整合17部门补贴数据，构建起20个大数据预警模型。“通过比对分析医保缴费、耕地面积、人口户籍等关联数据，精准锁定异常线索，由‘室组地’联动专班跟进核查。”范松梅介绍。
靠前预警和建章立制相结合，排查出违规领取高龄补贴等69条问题后，西双版纳州纪委监委通过制发纪检监察建议，督促职能部门健全流程制度。
“有了大数据预警模型监督，揪问题的本领强了，监督更高效了。”经过对上千条服务数据的交叉验证和碰撞分析，昆明市官渡区纪检监察干部通过核实送餐服务费用超额支付，快速办结一起私营养老机构虚构服务案件。
监督“探头”前移，还需发动群众力量。在昭通市，鲁甸县纪委监委组织的“群众点题监督会”在院坝里开展，“群众吐槽”转为“满意点赞”；玉溪市纪委监委创新开展“一线遍访”，一线收集群众诉求，推动监督触角直抵末梢……
“开展群众身边不正之风和腐败问题集中整治以来，我们以‘让群众有切身感受’为目标，扎实开展项目化整治、系统化治理，紧盯重大民生实事，以查办案件带动全局，惩、治、防协同发力，不断提升群众的幸福指数。”云南省纪委监委相关负责人表示。","### 云南省持续深入整治群众身边不正之风和腐败问题——

# 监督有力度  民生添温度（前沿观察）

> 本报记者  杨文明  张  驰《人民日报》（2026年01月06日第 19 版）

镇沅彝族哈尼族拉祜族自治县纪检监察干部（前排左、右）走进菜田，向农户了解惠民惠农政策落实情况。　　刘庆鼎摄

镇沅彝族哈尼族拉祜族自治县纪检监察干部（前排左、右）走进菜田，向农户了解惠民惠农政策落实情况。

刘庆鼎摄

昆明市五华区纪委监委工作人员（右一、右二）到政务服务大厅开展作风监督检查。　　陆  煜摄

昆明市五华区纪委监委工作人员（右一、右二）到政务服务大厅开展作风监督检查。

陆  煜摄

香格里拉市纪检监察干部（左、中）深入松茸加工企业一线，面对面倾听诉求。　　杨雪婷摄

香格里拉市纪检监察干部（左、中）深入松茸加工企业一线，面对面倾听诉求。

杨雪婷摄

陆良县纪委监委聚焦高原蔬菜产业种植培育、仓储流通、市场销售等关键环节，织密织牢监督网络。图为芳华镇龙潭社区露天蔬菜种植基地。　　王  勇摄

陆良县纪委监委聚焦高原蔬菜产业种植培育、仓储流通、市场销售等关键环节，织密织牢监督网络。图为芳华镇龙潭社区露天蔬菜种植基地。

王  勇摄

“现在经费充裕，这几处破损正好一起换新，大家出行不磕碰。”冬日午后，云南省昆明市呈贡区柏枝营社区党总支书记杨丽花忙着推进路面修复工作。

“小修小补”的经费哪里来？“2025年年初开的农村集体‘三资’涉案款集中发还现场会，社区账上多了80多万元，其中30万元专门用于社区服务事业。”杨丽花说，这笔钱能要回来，与近两年区里开展的“三资”清查和案件查办有关。

近年来，云南持续深入整治群众身边不正之风和腐败问题，聚焦重点领域突出问题，一体推进查改治，推动发展、反腐、惠民同促共治，让群众真切感受到正风反腐加力度、清风正气在身边。

群众期盼处，就是工作发力点

80多万元的返还款，与社区的一块集体土地相关。“那块地有三四亩，哪想到租赁价格里有这么多‘猫腻’。”杨丽花回忆。

一块土地，怎成谋私工具？事情得从查处呈贡区缪家营社区原党总支书记吴某明的腐败案件说起。

2023年以来，呈贡区纪委监委发现吴某明涉嫌挪用社区集体公司资金的线索，迅速对其进行立案审查调查。随后，与其紧密相关的两名商人王某某、晋某某接受调查。

一次谈话中，办案人员听到晋某某“抱怨”：“柏枝营那块地，我本想一年5万元租下，有老板花20万元找我转租，就能赚一笔。表哥本来答应我却又反悔……”

晋某某口中的“表哥”，是柏枝营社区原党总支书记李某河。呈贡区纪委监委第二纪检监察室主任杨庆松带人查阅合同发现，土地属于集体所有，合同标明租金一年5万元，租期15年。“明知道能租20万元，怎么还是签了5万元的合同？”

细查之下，端倪显露。原来，知道有人出高价后，李某河打起歪主意。他先找到个体商人董某签订一年5万元的土地租赁合同，随后指使董某找上第三方，以每年20万元的价格把土地转租他人。靠这笔生意，李某河从中获得好处费66.8万元。

从“冰山一角”破局，呈贡区纪委监委先后查处3个街道16名社区干部。“深挖细查中，我们发现一些社区干部违纪违法行为特征很相似，而‘三资’底数不清、有效监管缺位是重要原因。”杨庆松说。

农村集体“三资”事关群众利益。2024年10月起，昆明市纪委监委以呈贡区为试点，全面摸清“家底”、构建科学监管体系，还农村集体“三资”一本“明白账”。

群众期盼处，就是工作发力点。临沧市凤庆县纪委监委以“室组地”联动监督破解“办证难”，132户业主拿到期盼已久的不动产权证书；楚雄彝族自治州大姚县纪委监委联合职能部门对农村饮水工程项目“通管不通水”问题开展拉网式排查，切实保障2.8万余人的饮水安全……2025年以来，云南省各级纪检监察机关共查处腐败和作风问题23208个，立案17647人，留置2342人，给予党纪政务处分10687人。

聚焦薄弱环节，堵塞制度漏洞

“牛肉120公斤、猪肉400公斤、南瓜20公斤、西红柿50公斤……”清晨7点，宣威市第十中学总务主任蔡坐与学校监督员、配送员一起验收当日的“校园餐”食材。

食材放心，源自平台“保驾护航”。宣威市教育体育局副局长范旭登录“宣威市学校食堂数字化管理平台”，向记者展示食材验收、供应商资质管理等信息。“全市公办学校实行食材统一集采，平台下单订货，让孩子们都能吃上营养新鲜的放心餐。”范旭说。

2024年以来，宣威市集中开展“校园餐”专项整治。第一步，便是将所有公办中小学食堂收回学校自主经营或配餐。可经营权收回后，学校面临的难题不少：从哪里采购食材才能保证安全？食材定价多少合理？校园食品膳食经费使用有哪些标准？……

把食堂办好，还得从源头防控风险。2024年7月以来，曲靖市纪委监委联合多部门盘清集中供餐学校、食材供应商和校外供餐单位底数，针对校园食品安全开展4轮监督检查，累计推动解决问题8959个。同时，向市教体局发出纪检监察建议书，推动全市各级各类学校大宗食材进入政府采购范围。

2025年2月，宣威市363所学校的425个食堂所用食材纳入市级大宗食材集中采购，由教体部门发起公开招投标程序，33家供应商中标。“不但食材有保障，价格也在多方参与的询价会上敲定，最大程度让利学生。”范旭说。

问题集中在哪里，监督就推进到哪里。“专项整治帮我们补上了不少制度漏洞。”曲靖市市场监管局食品餐饮安全监管科科长李朝说。一次联合抽查中，有关部门发现一家供应商因抽检不合格被处罚过，却仍有学校准备订餐。原来，尽管行政处罚通知已出具，但教体部门和学校都不清楚供应商资质出了问题。

“在市纪委监委推动下，我们与市教体局制定实施校园食品安全信息通报制度，定期互通信息，严把供应商资质关。”李朝介绍，供餐企业退出评价机制等10余项制度机制也陆续建立起来。

变化实实在在。临近中午，宣威市第十中学的学生们奔向食堂。蔡坐点了蒸排骨、小炒鸡肉、炒苦菜、米饭，共花费8元，然后坐下与学生们一起用餐。“荤菜3.5元一份，素菜1元一份，学生吃得健康实惠，食堂经营有时还能有盈余。”蔡坐说，如今学校正准备提供水果、牛奶等，“膳食经费理应花在学生身上。”

近年来，云南注重用好纪检监察建议等手段，聚焦问题频发多发的高风险环节，不断堵塞制度漏洞，做好集中整治“后半篇文章”。

楚雄州牟定县纪委监委总结梳理村级“小项目”廉政风险点，聘请第三方专业力量，探索建立“小微工程”复盘监督制度；德宏傣族景颇族自治州瑞丽市纪委监委着力打通项目审批、土地手续办理等堵点难点，护航柠檬、咖啡种植等高原特色农业发展……

监督“探头”前移，化被动为主动

“这名村民一年多前已开具死亡证明，为何仍在领取高龄补贴？”听到纪检监察干部的询问，西双版纳傣族自治州勐海县某村民政助理面露不安。

这条线索，原本“埋”在150多万条数据中。“过去，监督工作全靠‘眼睛看、动手翻、张嘴问、查资料’，如今我们有了大数据帮忙。”西双版纳州纪委监委党风政风监督室主任范松梅说。

开展惠民惠农政策落实、养老补贴等民生实事监督，涉及海量数据。“不但补贴类型多、环节多、数据多，部门信息也难以共享，加之监管存在滞后性，资金追回难度也较大。”范松梅说。

如何在“跑冒滴漏”之前发现和解决问题？西双版纳州纪委监委聚焦12种高频惠民惠农补贴，整合17部门补贴数据，构建起20个大数据预警模型。“通过比对分析医保缴费、耕地面积、人口户籍等关联数据，精准锁定异常线索，由‘室组地’联动专班跟进核查。”范松梅介绍。

靠前预警和建章立制相结合，排查出违规领取高龄补贴等69条问题后，西双版纳州纪委监委通过制发纪检监察建议，督促职能部门健全流程制度。

“有了大数据预警模型监督，揪问题的本领强了，监督更高效了。”经过对上千条服务数据的交叉验证和碰撞分析，昆明市官渡区纪检监察干部通过核实送餐服务费用超额支付，快速办结一起私营养老机构虚构服务案件。

监督“探头”前移，还需发动群众力量。在昭通市，鲁甸县纪委监委组织的“群众点题监督会”在院坝里开展，“群众吐槽”转为“满意点赞”；玉溪市纪委监委创新开展“一线遍访”，一线收集群众诉求，推动监督触角直抵末梢……

“开展群众身边不正之风和腐败问题集中整治以来，我们以‘让群众有切身感受’为目标，扎实开展项目化整治、系统化治理，紧盯重大民生实事，以查办案件带动全局，惩、治、防协同发力，不断提升群众的幸福指数。”云南省纪委监委相关负责人表示。",杨文明  张  驰,党建,编组_20260314_0939_10,https://paper.people.com.cn/rmrb/pc/content/202601/06/content_30129804.html,2026-01-06,"['监委', '纪委', '食材', '纪检监察', '监督', '呈贡', '宣威市', '社区', '开展', '群众']","镇沅彝族哈尼族拉祜族自治县纪检监察干部（前排左、右）走进菜田，向农户了解惠民惠农政策落实情况。刘庆鼎摄
镇沅彝族哈尼族拉祜族自治县纪检监察干部（前排左、右）走进菜田，向农户了解惠民惠农政策落实情况。
刘庆鼎摄",政治,series_167f583d,2.0,"['强化培育管理  锻造过硬队伍', '为民服务就要讲究认真（金台潮声）']"
强化培育管理  锻造过硬队伍,"“在一线参与办案，帮我克服了以往外查取证办法不多、谈话突破经验不足等短板。”近日，四川省达州市纪委监委派驻市自然资源和规划局纪检监察组年轻干部桂绕从市纪委监委年轻干部塑形铸魂培训班结业后，被安排到专案跟案实训。
2025年以来，达州市纪委监委聚焦队伍建设存在的选人视野不宽、队伍结构不优、专业能力不强等问题，深入实施百名办案骨干重点培塑、百名年轻干部墩苗培育、百名优秀干部定制培养“三百行动”，构建干部选拔、培育、使用、监管、激励闭环培养机制，不断锻造高素质专业化办案骨干、年轻干部、优秀干部“三支队伍”。
实践中，达州市纪委监委按照能量化、可评估、易操作原则，差异化设定18项入库标准、4道评审程序，在系统内外储备办案骨干137名、年轻干部261名、优秀干部139名。在此基础上，搭建政治淬炼、岗位历练、实战锻炼、专业训练培养体系。针对年轻干部办案经验不足，通过师徒结对，常态化开展理论辅导、实景教学、经验分享等。
为筑牢拒腐防变思想防线，达州市纪委监委综合采取廉政谈话、家庭助廉、旁听庭审活动等方式，加强干部监督管理。同时，坚持严管与厚爱相结合，定期开展办案标兵、业务骨干评选活动，并将评选结果与干部选任、评先选优相挂钩。
如今，达州市案件平均办理周期缩短13.1%，自办案件主动发现问题线索成案率提升88.5%。“我们将持续强化源头选苗、精准育苗、动态察苗、用心护苗，不断培养锻造业务精湛、本领高强、作风过硬的监督执纪铁军。”达州市纪委监委有关负责同志说。","### 四川省达州市纪委监委——

# 强化培育管理  锻造过硬队伍

> 本报记者  李林蔚《人民日报》（2026年01月06日第 19 版）

“在一线参与办案，帮我克服了以往外查取证办法不多、谈话突破经验不足等短板。”近日，四川省达州市纪委监委派驻市自然资源和规划局纪检监察组年轻干部桂绕从市纪委监委年轻干部塑形铸魂培训班结业后，被安排到专案跟案实训。

2025年以来，达州市纪委监委聚焦队伍建设存在的选人视野不宽、队伍结构不优、专业能力不强等问题，深入实施百名办案骨干重点培塑、百名年轻干部墩苗培育、百名优秀干部定制培养“三百行动”，构建干部选拔、培育、使用、监管、激励闭环培养机制，不断锻造高素质专业化办案骨干、年轻干部、优秀干部“三支队伍”。

实践中，达州市纪委监委按照能量化、可评估、易操作原则，差异化设定18项入库标准、4道评审程序，在系统内外储备办案骨干137名、年轻干部261名、优秀干部139名。在此基础上，搭建政治淬炼、岗位历练、实战锻炼、专业训练培养体系。针对年轻干部办案经验不足，通过师徒结对，常态化开展理论辅导、实景教学、经验分享等。

为筑牢拒腐防变思想防线，达州市纪委监委综合采取廉政谈话、家庭助廉、旁听庭审活动等方式，加强干部监督管理。同时，坚持严管与厚爱相结合，定期开展办案标兵、业务骨干评选活动，并将评选结果与干部选任、评先选优相挂钩。

如今，达州市案件平均办理周期缩短13.1%，自办案件主动发现问题线索成案率提升88.5%。“我们将持续强化源头选苗、精准育苗、动态察苗、用心护苗，不断培养锻造业务精湛、本领高强、作风过硬的监督执纪铁军。”达州市纪委监委有关负责同志说。",李林蔚,党建,编组_20260314_0939_10,https://paper.people.com.cn/rmrb/pc/content/202601/06/content_30129806.html,2026-01-06,"['达州市', '监委', '年轻干部', '纪委', '办案', '优秀干部', '骨干', '百名', '锻造', '培养']","“在一线参与办案，帮我克服了以往外查取证办法不多、谈话突破经验不足等短板。”近日，四川省达州市纪委监委派驻市自然资源和规划局纪检监察组年轻干部桂绕从市纪委监委年轻干部塑形铸魂培训班结业后，被安排到专案跟案实训。
2025年以来，达州市纪委监委聚焦队伍建设存在的选人视野不宽、队伍结构不优、专业能力不强等问题，深入实施百名办案骨干重点培塑、百名年轻干部墩苗培育、百名优秀干部定制培养“三百行动”，构建干部选拔、培育、使用、监管、激励闭环培养机制，不断锻造高素质专业化办案骨干、年轻干部、优秀干部“三支队伍”。
实践中，达州市纪委监委按照能量化、可评估、易操作原则，差异化设定18项入库标准、4道评审程序，在系统内外储备办案骨干137名、年轻干部261名、优秀干部139名。在此基础上，搭建政治淬炼、岗位历练、实战锻炼、专业训练培养体系。针对年轻干部办案经验不足，通过师徒结对，常态化开展理论辅导、实景教学、经验分享等。",政治,series_167f583d,3.0,"['监督有力度  民生添温度（前沿观察）', '为民服务就要讲究认真（金台潮声）']"
为民服务就要讲究认真（金台潮声）,"前不久，因孩子体育课需要在家练习跳远，笔者特意买了一个充气垫。楼下的邻居找上门来，说噪声给其带来困扰。我虽第一时间撤掉了垫子，但也察觉到邻里关系有了微妙变化。
几天后，我接到社区工作人员的来电。原来，他在走访住户时了解到我们的情况，于是主动找来，希望楼上楼下能坐下来聊一聊。我觉得这不过是小事一桩，便说问题已解决，无需费心。然而，没过几天，他再次来电，关心孩子运动场地、邻里关系进展，还耐心询问我们生活中还有哪些需求……
放下电话，我不禁感慨，这位干部真是认真细致！细品之下，暖意融融。社区工作纷繁复杂，但本质上还是做人的工作。要调和众口、解决难题，不正需要这股劲儿吗？
基层工作中，邻里矛盾、居民需求、“一老一小”……千家万户“柴米油盐”的“小事”，恰是检验基层干部的试金石。记得有次采访，一名街道干部谈起感受：“再小的事，落到具体家庭也是大事，哪一件都容不得‘敷衍’。”在群众觉得“差不多就成”时，坚持多问一句、多想一步，力求“尽善尽美”，讲究认真的背后，是“事事放心不下”的责任感，是想民之所想、急民之所急的初心。
讲究认真，折射出将心比心的治理温度。给笔者打电话的这名社区工作者声音年轻，或许尚未亲身经历育儿的酸甜苦辣，却丝毫不影响他对群众需求的换位思考。群众工作，从来不是“对账销号”，而是以真心换真心。站在群众立场真心倾听、耐心沟通，构筑起干群之间信任的桥梁，社区工作便会更有温度、更见成效。
讲究认真，还蕴含着“心中有数、手中有招”的治理智慧。繁华商业地段常年交通拥堵、事故频发，怎么破题？之前在辽宁抚顺市新抚区站前街道的一次采访中，街道干部和社区工作者道出他们的做法：经过数月蹲守在路口观察车流特点、走访商户了解各方诉求，他们发现，不少市民购物都是即停即走，便拆除路边石墩，划定即停即走区；同时，反复丈量测算，在步行可达范围内增设新停车场；还协调相关部门优化红绿灯变灯时间……一系列举措让交通状况大为改善。沉下心、俯下身，找准问题症结，拿出有效对策，正是做好工作最朴素的“成功之道”。
为民服务讲究认真，让基层治理的“最后一公里”变成“最畅一公里”，群众美好生活的画卷便会不断铺展开来。","# 为民服务就要讲究认真（金台潮声）

> 耿  磊《人民日报》（2026年01月06日第 19 版）

前不久，因孩子体育课需要在家练习跳远，笔者特意买了一个充气垫。楼下的邻居找上门来，说噪声给其带来困扰。我虽第一时间撤掉了垫子，但也察觉到邻里关系有了微妙变化。

几天后，我接到社区工作人员的来电。原来，他在走访住户时了解到我们的情况，于是主动找来，希望楼上楼下能坐下来聊一聊。我觉得这不过是小事一桩，便说问题已解决，无需费心。然而，没过几天，他再次来电，关心孩子运动场地、邻里关系进展，还耐心询问我们生活中还有哪些需求……

放下电话，我不禁感慨，这位干部真是认真细致！细品之下，暖意融融。社区工作纷繁复杂，但本质上还是做人的工作。要调和众口、解决难题，不正需要这股劲儿吗？

基层工作中，邻里矛盾、居民需求、“一老一小”……千家万户“柴米油盐”的“小事”，恰是检验基层干部的试金石。记得有次采访，一名街道干部谈起感受：“再小的事，落到具体家庭也是大事，哪一件都容不得‘敷衍’。”在群众觉得“差不多就成”时，坚持多问一句、多想一步，力求“尽善尽美”，讲究认真的背后，是“事事放心不下”的责任感，是想民之所想、急民之所急的初心。

讲究认真，折射出将心比心的治理温度。给笔者打电话的这名社区工作者声音年轻，或许尚未亲身经历育儿的酸甜苦辣，却丝毫不影响他对群众需求的换位思考。群众工作，从来不是“对账销号”，而是以真心换真心。站在群众立场真心倾听、耐心沟通，构筑起干群之间信任的桥梁，社区工作便会更有温度、更见成效。

讲究认真，还蕴含着“心中有数、手中有招”的治理智慧。繁华商业地段常年交通拥堵、事故频发，怎么破题？之前在辽宁抚顺市新抚区站前街道的一次采访中，街道干部和社区工作者道出他们的做法：经过数月蹲守在路口观察车流特点、走访商户了解各方诉求，他们发现，不少市民购物都是即停即走，便拆除路边石墩，划定即停即走区；同时，反复丈量测算，在步行可达范围内增设新停车场；还协调相关部门优化红绿灯变灯时间……一系列举措让交通状况大为改善。沉下心、俯下身，找准问题症结，拿出有效对策，正是做好工作最朴素的“成功之道”。

为民服务讲究认真，让基层治理的“最后一公里”变成“最畅一公里”，群众美好生活的画卷便会不断铺展开来。",耿  磊,党建,编组_20260314_0939_10,https://paper.people.com.cn/rmrb/pc/content/202601/06/content_30129807.html,2026-01-06,"['社区', '讲究', '认真', '群众', '邻里关系', '真心', '为民服务', '街道', '工作', '治理']","前不久，因孩子体育课需要在家练习跳远，笔者特意买了一个充气垫。楼下的邻居找上门来，说噪声给其带来困扰。我虽第一时间撤掉了垫子，但也察觉到邻里关系有了微妙变化。
几天后，我接到社区工作人员的来电。原来，他在走访住户时了解到我们的情况，于是主动找来，希望楼上楼下能坐下来聊一聊。我觉得这不过是小事一桩，便说问题已解决，无需费心。然而，没过几天，他再次来电，关心孩子运动场地、邻里关系进展，还耐心询问我们生活中还有哪些需求……
放下电话，我不禁感慨，这位干部真是认真细致！细品之下，暖意融融。社区工作纷繁复杂，但本质上还是做人的工作。要调和众口、解决难题，不正需要这股劲儿吗？",国际,series_167f583d,1.0,"['监督有力度  民生添温度（前沿观察）', '强化培育管理  锻造过硬队伍']"
