title,content,markdown_body,author,plate,url,date,keywords,summary,category
沉下心来抓落实、办实事（“十五五”开好局起好步）,"开栏的话
“十五五”时期是基本实现社会主义现代化夯实基础、全面发力的关键时期。今年是“十五五”开局之年，习近平总书记强调“确保‘十五五’开好局、起好步”。
前路迢迢，阔步而行。本报今起推出“‘十五五’开好局起好步”专栏，聚焦各地区各部门锚定目标任务、扎实推动高质量发展的有力举措和积极探索，展现广大干部群众坚定信心、乘势而上，不断开创中国式现代化建设新局面的生动实践。
2026年，“十五五”开局之年。开局关系全局，起步决定后势。
习近平总书记在中央经济工作会议上殷殷嘱托：“定了就要落实，各级各部门都要有大局观、执行力。”二〇二六年新年贺词中，总书记深情勉励：“我们要锚定目标任务，坚定信心、乘势而上”。
开年以来，各地区各部门担当作为、奋勇争先，沉下心来抓落实、办实事。神州大地，热气腾腾、蒸蒸日上。
在全国大局中找准定位
开局之年，当有开局之识。
大国之大，体现在各地差异之大。“生物有多样性，地区有差异性，有老年人，有青年人，有的年幼有的年长，为什么都选择干一样的活呢？”
习近平总书记叮嘱各地区各部门要“自觉在大局下行动，下好全国一盘棋”。中央经济工作会议要求“在大局中把握”2026年经济工作的关键着力点。
在全国大局中找准定位，有效结合国家战略、市场需求、地区优势，各地持续探索高质量发展新模式。
南海之滨，开放潮涌。
1月3日9时许，一架来自哈萨克斯坦的客机降落在海南三亚凤凰国际机场。只要1分钟，国际旅客即可“无感通关”、便捷入境。
海南自贸港全岛封关运作以来，政策红利持续释放。发挥叠加优势，海南从全局谋一域，以一域服务全局。
“开局之年，海南将主动对接国际高标准经贸规则，切实把政策优势转变为发展胜势。”海南省发展改革委主任綦树利说。
黄浦江畔，向新争流。
起步、爬坡、轧过碎石路……1月2日，上海临港，智元创新（上海）科技股份有限公司的工厂里，一台台通用具身机器人正在接受行走、负载和关节稳定性测试。
一台机器人通身2万多个部件，几乎都能在长三角百公里范围内找到供应商。控制器来自上海、伺服电机来自浙江、减速器产自江苏、壳体则来自安徽……长三角的机器人产供链日益完善、越发强韧。
对国际科技创新中心的创建，习近平总书记谋深思远：“党中央决定，将北京国际科创中心扩围至京津冀，上海国际科创中心扩围至长三角”“树立以科技支撑引领中国式现代化的标杆”。
“从上海到上海（长三角），不仅是空间的扩展，更凸显我国科技创新区域协同、系统集成的大局观。”上海社会科学院经济研究所所长沈开艳说。
把握定位、服务全局，实践奏出交响。
三晋大地，昔日矿井深处的“废气”煤层气变为清洁能源，山西聚焦国家资源型经济转型综合配套改革试验区建设，澎湃新动能；塞北林海，上万名护林员、护草员巡护来之不易的生态建设成果，助力内蒙古筑牢我国北方重要生态安全屏障；松辽平原，抓住冬闲窗口不断完善机井、沟渠、路网，稳步推进高标准农田建设，吉林扛牢粮食安全责任……
“得其大者可以兼其小”，放眼全局、深谋一域，一域增光、全局添彩。
在解决问题中推动发展
开局之年，当有开局之智。
发展和转型中的许多问题，绕不开、躲不过。坚持问题导向，是习近平总书记反复强调的世界观，也是贯穿其中的方法论：“我们强调增强问题意识、坚持问题导向，就是承认矛盾的普遍性、客观性，就是要善于把认识和化解矛盾作为打开工作局面的突破口。”
正视问题、解决问题，蕴含只争朝夕和久久为功的辩证哲学——
短期能够解决的问题，立行立办、见到实效。
“您好，这里是北京12345市民服务热线……”元旦上午，北京市市民热线服务中心，接线员胡佳慧在键盘上快速敲击。
“村里的路灯昨晚突然不亮了？好的，请告诉我具体地址……”她一边确认信息，一边在系统中操作，工单状态很快跳转为“处理中”。当天，延庆区井庄镇柳沟村的路灯就被修好了。
突发事件2小时内反馈，基本民生保障诉求24小时内反馈，一般诉求7天内反馈……接诉即办，“快”是刚性要求。
“我们将尽心尽力办好群众和企业的诉求，以市民诉求驱动城市治理现代化。”北京市人民政府副秘书长、北京市政务服务和数据管理局局长沈彬华说，今年北京将进一步深化接诉即办改革，加快热线数智化发展，完善市民服务热线平台功能，“狠抓‘每月一题’专项治理，攻坚突破农村污水治理、家政服务市场规范等11个问题。”
一时难以解决的问题，循序渐进，久久为功。
新年的第一个清晨，湖南长沙沩山乡的民宿经营者高正良打开水龙头为住客洗菜做饭。因地势高、水源散，用水难曾是沩山乡的头号难题。“现在水稳了，心也定了，干劲更足。”高正良说。
长沙因地制宜推进农村供水保障工程，对沩山乡这样短期内无法纳入规模化供水的村落，通过建设小型供水工程缓解用水难。今后5年，长沙预计部署101个工程，全面提升农村供水保障能力。
农业农村部帮扶司有关负责人介绍，聚焦巩固拓展脱贫攻坚成果，2026年将统筹建立常态化防止返贫致贫机制，实施常态化精准帮扶，以有力有效的开发式帮扶增强内生发展动力，持续改善欠发达地区基础设施条件，稳步提升公共服务水平，久久为功，扎实推进乡村全面振兴。
过去5年，全国累计改造城镇老旧小区24万个，建设养老机构和设施39.6万个，托育服务机构增加6.6万家……不断增长的数字里凝结着老百姓的获得感、幸福感。
统筹好高效落实与长期坚持，一题一题解，一步一步迈，经济社会不断向前发展。
在同题共答中凝聚合力
开局之年，当有开局之力。
面对错综复杂的国际形势和艰巨繁重的国内改革发展稳定任务，各地区各部门需要同题共答、凝聚合力。
地区间有差异，如何因势利导、凝聚合力？
习近平总书记指明路径：“在各自发展过程中一定要从整体出发”“实现错位发展、协调发展、有机融合，形成整体合力”。
覆盖11省市，横贯东中西三大板块，长江经济带是我国纵深最长、覆盖最广的经济带。辽阔的空间、迥异的地情，共商共建共治共享的轮廓日渐清晰。
长江四川合江段至重庆江津段，川渝两地生态环境部门组建联合执法队伍开展实地巡查、共护一江清水，25个川渝跨界河流国考断面水质达标率100%；沿江而下，苏皖交界，一架无人机沿着滁河的入江河道巡查水面情况，两省滁河横向生态保护补偿机制落实落地……“共抓大保护、不搞大开发”的导向贯穿始终，省际协作、制度衔接的实践创新走深向实。
部门间有分工，如何同题共答、握指成拳？
1月3日深夜，中建·智造（东莞）基地的生产车间仍然机器轰鸣。“这批模块化集成建筑构件，过几天要在香港元朗横洲公营房屋项目吊装，必须抓紧生产。”中建四局投资发展公司科创事业部生产制造中心副经理刘子云介绍，公司今年将重点开拓港澳市场。
曾经，由于缺乏相互认可的技术与操作标准，广东生产的模块化建筑产品较难进入港澳市场。为加速资源要素流动，三地主管部门以及海关、税务等单位携手破题、打通堵点。从原材料进口、加工制造到出口报关及退税的全链条，如今一路“绿灯”。
“在融合发展的过程中，会遇到老问题、新挑战，模块化建筑产业标准互认只是其中一个突破。我们只有立足本职、心系全局，部门之间才能像齿轮般精准咬合，同向发力，助推粤港澳大湾区高质量发展。”广州市住房和城乡建设局副局长王勇说。
大道至简，实干为要；百舸争流，奋楫者先。各地区各部门锚定目标任务、保持攻坚势头，用实干实绩助力“十五五”开好局、起好步，以新的进发刻写新的荣光。
（综合本报记者董泽扬、季觉苏、张枨、刘以晴、王昊男、孙超、郁静娴、王永战、姚雪青、程远州报道）","# 沉下心来抓落实、办实事（“十五五”开好局起好步）

> 本报记者  杨  旭《人民日报》（2026年01月04日第 01 版）

开栏的话

“十五五”时期是基本实现社会主义现代化夯实基础、全面发力的关键时期。今年是“十五五”开局之年，习近平总书记强调“确保‘十五五’开好局、起好步”。

前路迢迢，阔步而行。本报今起推出“‘十五五’开好局起好步”专栏，聚焦各地区各部门锚定目标任务、扎实推动高质量发展的有力举措和积极探索，展现广大干部群众坚定信心、乘势而上，不断开创中国式现代化建设新局面的生动实践。

2026年，“十五五”开局之年。开局关系全局，起步决定后势。

习近平总书记在中央经济工作会议上殷殷嘱托：“定了就要落实，各级各部门都要有大局观、执行力。”二〇二六年新年贺词中，总书记深情勉励：“我们要锚定目标任务，坚定信心、乘势而上”。

开年以来，各地区各部门担当作为、奋勇争先，沉下心来抓落实、办实事。神州大地，热气腾腾、蒸蒸日上。

**在全国大局中找准定位**

开局之年，当有开局之识。

大国之大，体现在各地差异之大。“生物有多样性，地区有差异性，有老年人，有青年人，有的年幼有的年长，为什么都选择干一样的活呢？”

习近平总书记叮嘱各地区各部门要“自觉在大局下行动，下好全国一盘棋”。中央经济工作会议要求“在大局中把握”2026年经济工作的关键着力点。

在全国大局中找准定位，有效结合国家战略、市场需求、地区优势，各地持续探索高质量发展新模式。

南海之滨，开放潮涌。

1月3日9时许，一架来自哈萨克斯坦的客机降落在海南三亚凤凰国际机场。只要1分钟，国际旅客即可“无感通关”、便捷入境。

海南自贸港全岛封关运作以来，政策红利持续释放。发挥叠加优势，海南从全局谋一域，以一域服务全局。

“开局之年，海南将主动对接国际高标准经贸规则，切实把政策优势转变为发展胜势。”海南省发展改革委主任綦树利说。

黄浦江畔，向新争流。

起步、爬坡、轧过碎石路……1月2日，上海临港，智元创新（上海）科技股份有限公司的工厂里，一台台通用具身机器人正在接受行走、负载和关节稳定性测试。

一台机器人通身2万多个部件，几乎都能在长三角百公里范围内找到供应商。控制器来自上海、伺服电机来自浙江、减速器产自江苏、壳体则来自安徽……长三角的机器人产供链日益完善、越发强韧。

对国际科技创新中心的创建，习近平总书记谋深思远：“党中央决定，将北京国际科创中心扩围至京津冀，上海国际科创中心扩围至长三角”“树立以科技支撑引领中国式现代化的标杆”。

“从上海到上海（长三角），不仅是空间的扩展，更凸显我国科技创新区域协同、系统集成的大局观。”上海社会科学院经济研究所所长沈开艳说。

把握定位、服务全局，实践奏出交响。

三晋大地，昔日矿井深处的“废气”煤层气变为清洁能源，山西聚焦国家资源型经济转型综合配套改革试验区建设，澎湃新动能；塞北林海，上万名护林员、护草员巡护来之不易的生态建设成果，助力内蒙古筑牢我国北方重要生态安全屏障；松辽平原，抓住冬闲窗口不断完善机井、沟渠、路网，稳步推进高标准农田建设，吉林扛牢粮食安全责任……

“得其大者可以兼其小”，放眼全局、深谋一域，一域增光、全局添彩。

**在解决问题中推动发展**

开局之年，当有开局之智。

发展和转型中的许多问题，绕不开、躲不过。坚持问题导向，是习近平总书记反复强调的世界观，也是贯穿其中的方法论：“我们强调增强问题意识、坚持问题导向，就是承认矛盾的普遍性、客观性，就是要善于把认识和化解矛盾作为打开工作局面的突破口。”

正视问题、解决问题，蕴含只争朝夕和久久为功的辩证哲学——

短期能够解决的问题，立行立办、见到实效。

“您好，这里是北京12345市民服务热线……”元旦上午，北京市市民热线服务中心，接线员胡佳慧在键盘上快速敲击。

“村里的路灯昨晚突然不亮了？好的，请告诉我具体地址……”她一边确认信息，一边在系统中操作，工单状态很快跳转为“处理中”。当天，延庆区井庄镇柳沟村的路灯就被修好了。

突发事件2小时内反馈，基本民生保障诉求24小时内反馈，一般诉求7天内反馈……接诉即办，“快”是刚性要求。

“我们将尽心尽力办好群众和企业的诉求，以市民诉求驱动城市治理现代化。”北京市人民政府副秘书长、北京市政务服务和数据管理局局长沈彬华说，今年北京将进一步深化接诉即办改革，加快热线数智化发展，完善市民服务热线平台功能，“狠抓‘每月一题’专项治理，攻坚突破农村污水治理、家政服务市场规范等11个问题。”

一时难以解决的问题，循序渐进，久久为功。

新年的第一个清晨，湖南长沙沩山乡的民宿经营者高正良打开水龙头为住客洗菜做饭。因地势高、水源散，用水难曾是沩山乡的头号难题。“现在水稳了，心也定了，干劲更足。”高正良说。

长沙因地制宜推进农村供水保障工程，对沩山乡这样短期内无法纳入规模化供水的村落，通过建设小型供水工程缓解用水难。今后5年，长沙预计部署101个工程，全面提升农村供水保障能力。

农业农村部帮扶司有关负责人介绍，聚焦巩固拓展脱贫攻坚成果，2026年将统筹建立常态化防止返贫致贫机制，实施常态化精准帮扶，以有力有效的开发式帮扶增强内生发展动力，持续改善欠发达地区基础设施条件，稳步提升公共服务水平，久久为功，扎实推进乡村全面振兴。

过去5年，全国累计改造城镇老旧小区24万个，建设养老机构和设施39.6万个，托育服务机构增加6.6万家……不断增长的数字里凝结着老百姓的获得感、幸福感。

统筹好高效落实与长期坚持，一题一题解，一步一步迈，经济社会不断向前发展。

**在同题共答中凝聚合力**

开局之年，当有开局之力。

面对错综复杂的国际形势和艰巨繁重的国内改革发展稳定任务，各地区各部门需要同题共答、凝聚合力。

地区间有差异，如何因势利导、凝聚合力？

习近平总书记指明路径：“在各自发展过程中一定要从整体出发”“实现错位发展、协调发展、有机融合，形成整体合力”。

覆盖11省市，横贯东中西三大板块，长江经济带是我国纵深最长、覆盖最广的经济带。辽阔的空间、迥异的地情，共商共建共治共享的轮廓日渐清晰。

长江四川合江段至重庆江津段，川渝两地生态环境部门组建联合执法队伍开展实地巡查、共护一江清水，25个川渝跨界河流国考断面水质达标率100%；沿江而下，苏皖交界，一架无人机沿着滁河的入江河道巡查水面情况，两省滁河横向生态保护补偿机制落实落地……“共抓大保护、不搞大开发”的导向贯穿始终，省际协作、制度衔接的实践创新走深向实。

部门间有分工，如何同题共答、握指成拳？

1月3日深夜，中建·智造（东莞）基地的生产车间仍然机器轰鸣。“这批模块化集成建筑构件，过几天要在香港元朗横洲公营房屋项目吊装，必须抓紧生产。”中建四局投资发展公司科创事业部生产制造中心副经理刘子云介绍，公司今年将重点开拓港澳市场。

曾经，由于缺乏相互认可的技术与操作标准，广东生产的模块化建筑产品较难进入港澳市场。为加速资源要素流动，三地主管部门以及海关、税务等单位携手破题、打通堵点。从原材料进口、加工制造到出口报关及退税的全链条，如今一路“绿灯”。

“在融合发展的过程中，会遇到老问题、新挑战，模块化建筑产业标准互认只是其中一个突破。我们只有立足本职、心系全局，部门之间才能像齿轮般精准咬合，同向发力，助推粤港澳大湾区高质量发展。”广州市住房和城乡建设局副局长王勇说。

大道至简，实干为要；百舸争流，奋楫者先。各地区各部门锚定目标任务、保持攻坚势头，用实干实绩助力“十五五”开好局、起好步，以新的进发刻写新的荣光。

（综合本报记者董泽扬、季觉苏、张枨、刘以晴、王昊男、孙超、郁静娴、王永战、姚雪青、程远州报道）",杨  旭,要闻,https://paper.people.com.cn/rmrb/pc/content/202601/04/content_30129034.html,2026-01-04,"['开局', '习近平', '全局', '总书记', '十五', '发展', '开好局', '起好步', '部门', '地区']","开栏的话
“十五五”时期是基本实现社会主义现代化夯实基础、全面发力的关键时期。今年是“十五五”开局之年，习近平总书记强调“确保‘十五五’开好局、起好步”。
前路迢迢，阔步而行。本报今起推出“‘十五五’开好局起好步”专栏，聚焦各地区各部门锚定目标任务、扎实推动高质量发展的有力举措和积极探索，展现广大干部群众坚定信心、乘势而上，不断开创中国式现代化建设新局面的生动实践。",政治
北京推动科技创新和产业创新深度融合（“十五五”开好局起好步）,"走进北京京城增材科技有限公司，生产线上，特制树脂以精密微滴形态，逐层打印在可透气铸造砂材上，结构复杂的砂型模具逐渐成型。
“过去定模到制成得3个月。生产需求倒逼创新研发，我们推出的这款工业级砂型3D打印机让生产周期大幅缩短。”公司总经理庞瑞峰说，公司订单已排到2026年第二季度，客户有需求，产能跟得上。
习近平总书记强调：“科技创新和产业创新，是发展新质生产力的基本路径。”
深入贯彻落实习近平总书记重要指示精神，“十四五”时期，北京市加速构建与新质生产力相适应的现代化产业体系，高精尖产业对经济增长的贡献保持在四成以上，形成3个万亿元级产业集群和7个千亿元级产业集群。
“十五五”规划建议提出：“推动科技创新和产业创新深度融合。”北京市委书记尹力表示，“十五五”时期是基本实现社会主义现代化夯实基础、全面发力的关键时期，北京要加快建设国际科技创新中心，推动科技创新和产业创新深度融合，在发展新质生产力上奋勇争先。
加快重大科技成果高效转化应用——
21家国家级制造业中试平台中，北京占4席。“‘中试’指将处在试制阶段的新产品转化到生产过程的过渡性试验，是科技成果产业化的关键环节。”北京市发展改革委产业处处长李彬介绍。
面向未来，锚定到2027年底高水平中试平台力量进一步壮大的目标，北京按照“做强一批、激活一批、补齐一批”的推进思路，突出公共服务性质和功能，明确建设路径，系统化推动中试平台建设发展。
北京昱栎技术有限公司董事长栗旭锦扎根中试平台业务多年，公司旗下的智能硬件与智能终端概念验证平台能够提供从研发、设计、测试、小试、中试到规模化量产的全链服务。“近年来，中试平台支持政策不断出台，社会知晓度越来越高，很多用户主动跟我们对接。”栗旭锦说。
推动创新资源向企业集聚——
在北京，国家级专精特新“小巨人”企业已超过1000家，1475家企业设立技术创新中心……体量稳步提升，技术需求强烈，企业能够灵敏响应市场需求、引领创新方向，是科技创新应用转化的积极力量。
牵好“红线”，北京用好自然科学基金“市—区—企业”共同出资联合基金模式，企业出资，科研机构解题，双向奔赴动力足。
引好“活水”，构建适应首都科技创新发展的科技金融服务体系，北京股权交易中心搭建集企业培育孵化、股权登记托管等功能于一体的综合服务体系。截至2025年底，北京专精特新专板企业已达千家。
破除“门槛”，北京探索“先使用后付费”模式，为中小微企业高质量发展护航。“依托‘零门槛授权’政策，我们从北京信息科技大学获得专利使用权，不仅让企业资金空间更灵活，也找到了一条技术赋能的新路。”北京星和众智科技有限公司负责人温玉艳借助这一模式，成功签订光伏面板清洁服务合同。北京中小微企业已通过此模式使用高校院所科技成果超过440项。
营造具有全球竞争力的开放创新生态——
中关村科学城等三大科学城活力十足，京西智谷、大兴生物医药产业基地等产业园区星罗棋布……积极营造创新生态，北京一体化推进技术攻关、成果转化、项目落地和生态构建。
“奋进‘十五五’，我们支持跨领域跨平台联合攻关，鼓励不同类型创新主体参与组建创新联合体，瞄准未来产业新方向开展深度合作。”北京市经济和信息化局副局长顾瑾栩说。
生命科学领域国家级实验室昌平实验室新年迎来“开门红”，领衔科学家刘河生团队对帕金森病环路机制的研究成果有望在顶级期刊发表。不仅如此，这项成果已赋能无创脑刺激疗法，并在中南大学湘雅医院等医疗机构投入临床试验。
科研与应用并驾齐驱。“昌平实验室构建开放创新生态，将临床医院、科研团队、工程单位汇聚在同一攻关平台上，产业与科研对接更加顺畅。”刘河生说，“研得出、转得好，这是我们面向未来的坚实底气。”","# 北京推动科技创新和产业创新深度融合（“十五五”开好局起好步）

> 本报记者  王  洲  潘俊强《人民日报》（2026年01月04日第 01 版）

走进北京京城增材科技有限公司，生产线上，特制树脂以精密微滴形态，逐层打印在可透气铸造砂材上，结构复杂的砂型模具逐渐成型。

“过去定模到制成得3个月。生产需求倒逼创新研发，我们推出的这款工业级砂型3D打印机让生产周期大幅缩短。”公司总经理庞瑞峰说，公司订单已排到2026年第二季度，客户有需求，产能跟得上。

习近平总书记强调：“科技创新和产业创新，是发展新质生产力的基本路径。”

深入贯彻落实习近平总书记重要指示精神，“十四五”时期，北京市加速构建与新质生产力相适应的现代化产业体系，高精尖产业对经济增长的贡献保持在四成以上，形成3个万亿元级产业集群和7个千亿元级产业集群。

“十五五”规划建议提出：“推动科技创新和产业创新深度融合。”北京市委书记尹力表示，“十五五”时期是基本实现社会主义现代化夯实基础、全面发力的关键时期，北京要加快建设国际科技创新中心，推动科技创新和产业创新深度融合，在发展新质生产力上奋勇争先。

加快重大科技成果高效转化应用——

21家国家级制造业中试平台中，北京占4席。“‘中试’指将处在试制阶段的新产品转化到生产过程的过渡性试验，是科技成果产业化的关键环节。”北京市发展改革委产业处处长李彬介绍。

面向未来，锚定到2027年底高水平中试平台力量进一步壮大的目标，北京按照“做强一批、激活一批、补齐一批”的推进思路，突出公共服务性质和功能，明确建设路径，系统化推动中试平台建设发展。

北京昱栎技术有限公司董事长栗旭锦扎根中试平台业务多年，公司旗下的智能硬件与智能终端概念验证平台能够提供从研发、设计、测试、小试、中试到规模化量产的全链服务。“近年来，中试平台支持政策不断出台，社会知晓度越来越高，很多用户主动跟我们对接。”栗旭锦说。

推动创新资源向企业集聚——

在北京，国家级专精特新“小巨人”企业已超过1000家，1475家企业设立技术创新中心……体量稳步提升，技术需求强烈，企业能够灵敏响应市场需求、引领创新方向，是科技创新应用转化的积极力量。

牵好“红线”，北京用好自然科学基金“市—区—企业”共同出资联合基金模式，企业出资，科研机构解题，双向奔赴动力足。

引好“活水”，构建适应首都科技创新发展的科技金融服务体系，北京股权交易中心搭建集企业培育孵化、股权登记托管等功能于一体的综合服务体系。截至2025年底，北京专精特新专板企业已达千家。

破除“门槛”，北京探索“先使用后付费”模式，为中小微企业高质量发展护航。“依托‘零门槛授权’政策，我们从北京信息科技大学获得专利使用权，不仅让企业资金空间更灵活，也找到了一条技术赋能的新路。”北京星和众智科技有限公司负责人温玉艳借助这一模式，成功签订光伏面板清洁服务合同。北京中小微企业已通过此模式使用高校院所科技成果超过440项。

营造具有全球竞争力的开放创新生态——

中关村科学城等三大科学城活力十足，京西智谷、大兴生物医药产业基地等产业园区星罗棋布……积极营造创新生态，北京一体化推进技术攻关、成果转化、项目落地和生态构建。

“奋进‘十五五’，我们支持跨领域跨平台联合攻关，鼓励不同类型创新主体参与组建创新联合体，瞄准未来产业新方向开展深度合作。”北京市经济和信息化局副局长顾瑾栩说。

生命科学领域国家级实验室昌平实验室新年迎来“开门红”，领衔科学家刘河生团队对帕金森病环路机制的研究成果有望在顶级期刊发表。不仅如此，这项成果已赋能无创脑刺激疗法，并在中南大学湘雅医院等医疗机构投入临床试验。

科研与应用并驾齐驱。“昌平实验室构建开放创新生态，将临床医院、科研团队、工程单位汇聚在同一攻关平台上，产业与科研对接更加顺畅。”刘河生说，“研得出、转得好，这是我们面向未来的坚实底气。”",王  洲  潘俊强,要闻,https://paper.people.com.cn/rmrb/pc/content/202601/04/content_30129035.html,2026-01-04,"['创新', '中试', '北京', '科技', '产业', '企业', '平台', '新质', '十五', '科技成果']","走进北京京城增材科技有限公司，生产线上，特制树脂以精密微滴形态，逐层打印在可透气铸造砂材上，结构复杂的砂型模具逐渐成型。
“过去定模到制成得3个月。生产需求倒逼创新研发，我们推出的这款工业级砂型3D打印机让生产周期大幅缩短。”公司总经理庞瑞峰说，公司订单已排到2026年第二季度，客户有需求，产能跟得上。
习近平总书记强调：“科技创新和产业创新，是发展新质生产力的基本路径。”",政治
“共抓大保护，不搞大开发”，长江经济带十年绘就壮美画卷,"万里长江，横贯东西，出群山、塑万川，浩荡奔涌，滋养了代代中华儿女，塑造了中华民族的鲜明品格。
依江而兴，长江经济带覆盖11个省市，约占国土面积1/5，人口规模、经济总量约占全国一半。
“推动长江经济带发展必须从中华民族长远利益考虑”“要把修复长江生态环境摆在压倒性位置，共抓大保护，不搞大开发”。2016年1月5日，习近平总书记在重庆召开推动长江经济带发展座谈会并发表重要讲话，全面深刻阐述了推动长江经济带发展的重大战略思想，绘就了长江经济带发展的宏伟蓝图。
从大开发、大建设中毅然转身，“共抓大保护，不搞大开发”的决断激荡神州。这其中，深刻体现了习近平总书记对生态环境保护和经济发展关系的深邃思考，进一步丰富和完善了绿水青山就是金山银山的理念，构成习近平生态文明思想的重要内容。
人与自然和谐共生的辩证法则，不仅为长江经济带的发展把脉定向，也深刻影响着更广阔土地上的中国式现代化进程，书写着永续发展的壮美答卷。
长江更绿、更美了。2020年以来，长江干流连续6年保持Ⅱ类水质，水生生物资源和多样性增加，长江逐步恢复生机活力。
沿江的经济活力更足了。2025年前11月，长江经济带11省市外贸进出口值达19.12万亿元，创历史同期新高，占全国进出口总值的46.4%。黄金经济带，名副其实。
“‘不搞大开发’是不要乱开发、低水平开发、粗放开发、破坏性开发，而是走一条高质量发展的道路、绿色低碳发展的道路。现在路子是对的，要继续走下去。”
把脉——
“一定要给子孙后代留下一条清洁美丽的万里长江”
长江之变，从一条鱼的“旅程”说起。
三峡坝区，长江珍稀鱼类保育中心里，如珍珠般的鱼卵悉数破膜。2025年11月，我国首批全人工繁育子三代中华鲟鱼苗出苗。
“40年接续繁育，从子一代到子三代，中华鲟人工种群‘自我造血’能力终于建立。”三峡集团长江生物多样性研究中心高级工程师郭柏福深感不易。
从“产房”到长江。2025年3月底，长江荆州段，60万尾六月龄中华鲟子二代跃入江水，奔向大海。
从长江到大海。5个月后，在长江入海口，其中一尾中华鲟被监测回捕，这让中国水产科学研究院长江水产研究所研究员杜浩欣喜不已。打开洄游轨迹动态画面，一尾尾中华鲟化作画面中闪光的标记点。“这尾中华鲟个头长了20多厘米，鱼儿装上‘芯片’，迁徙路线和生长情况看得一清二楚。”杜浩说。
从繁育放流到追踪监测，从十年禁渔到生态修复，在江海间洄游的中华鲟不断传来好消息：2025年在近海海域发现59尾中华鲟，在上海、浙江、江苏等省份多处海域监测到中华鲟分布，资源补充成效显著。
中华鲟的生存状况是长江生态健康的“晴雨表”。曾经，中华鲟难觅踪迹，长江生物完整性指数到了最差的“无鱼”等级……
习近平总书记痛心地形容，长江“病了，病得不轻了”。
何止是鱼，化工围江，非法采砂，生态退化……曾经的母亲河，千疮百孔。
“绝不容许长江生态环境在我们这一代人手上继续恶化下去，一定要给子孙后代留下一条清洁美丽的万里长江！”
从中华民族发展的长远观之，从中国式现代化的全局谋之。长江经济带发展，是习近平总书记亲自谋划、亲自部署、亲自推动的区域重大战略。
10年来，从重庆到湖北武汉，从江苏南京到江西南昌，从“推动”到“深入推动”“全面推动”，再到“进一步推动”，4次主持召开以长江经济带发展为主题的座谈会，一以贯之，又与时俱进。
“共抓大保护，不搞大开发”，总书记反复强调的这10个字，振聋发聩。
共抓大保护，不搞大开发，社会主义生态文明重新定义发展和保护的关系。
用几十年时间走完了发达国家几百年才走过的工业化历程，压缩的时间轴上，重塑发展与保护的关系，成为时代课题。长江经济带，犹如一个缩影。快速发展的同时，生态压力不容忽视。
世界从工业文明跃迁到生态文明，大势浩浩汤汤。是以资源环境为代价换取一时的经济增长，还是走人与自然和谐共生之路？
2016年1月召开的推动长江经济带发展座谈会上，习近平总书记开门见山，“这次讨论的不是发展问题，而是保护的问题”，许多参会人员感觉“好像是泼了一盆冷水”。
“当前和今后相当长一个时期，要把修复长江生态环境摆在压倒性位置”。
“要毫不动摇坚持共抓大保护、不搞大开发，在高水平保护上下更大功夫。”
推动长江经济带发展，核心是保护治理。从长江十年禁渔，到开展入河排污口整治、沿江化工污染整治专项行动，从推进洞庭湖、鄱阳湖等重点湖泊综合治理，到推动非法采砂入刑，追根溯源、源头防治、系统治理，长江流域生态环境保护和修复取得重大成就。
共抓大保护、不搞大开发，指明了实现发展和保护协同共生的新路径。
强调大保护，是不是就是不发展了？在2018年4月召开的深入推动长江经济带发展座谈会上，习近平总书记辩证析之，“共抓大保护和生态优先讲的是生态环境保护问题，是前提；不搞大开发和绿色发展讲的是经济发展问题，是结果”“彼此是辩证统一的”。
推动长江经济带发展，要重新审视“老路”和“新路”的关系。
“正确把握生态环境保护和经济发展的关系，探索协同推进生态优先和绿色发展新路子”“使绿水青山产生巨大生态效益、经济效益、社会效益”。
长江江苏常州段，曾经挤着84家化工企业，废水乱排。5年集中整治，45家沿江化工企业被拆除，“工业锈带”变“生态绣带”，催生出“东方碳谷”“创新药谷”新业态。
思想领航，从明确“共抓大保护、不搞大开发”的总基调，到构建“高质量发展、高水平保护”的发展格局，认识愈发清晰，共识深入人心。
“只有把绿色发展的底色铺好，才会有今后发展的高歌猛进。”
“关改搬转”沿江化工企业超9000家，“化工围江”现象基本解决；加快壮大绿色低碳产业，协同推进降碳、减污、扩绿、增长……
人与江，折射人与自然的关系，中国式现代化是人与自然和谐共生的现代化。
“谋长远之势、行长久之策、建久安之基，进一步推动长江经济带高质量发展，更好支撑和服务中国式现代化。”
保护——
“要从生态系统整体性和流域系统性出发”
一根竹子，书写绿色发展的灵动篇章。
冬日的长江重庆忠县段，江面澄净如练，两岸竹林依然耸翠。“这是我们的‘撑绿竹’，也是致富竹！”忠县乌杨街道文峰社区党支部书记冉崇平自豪地说。
忠县地处长江上游，山多坡陡。翠竹根系发达，是保持水土的“好手”。竹林为长江岸线镶绿边，美了环境，更增强了生态结构稳定性。这片新植的17.9万余亩竹林，涵沙固土65.7平方公里，年吸收二氧化碳约16万吨，成为守护母亲河的天然屏障。
绿色屏障，也是绿色银行。走进忠县的重庆瑞竹公司智能车间，小小翠竹正在上演绿色转型。经过粗磨、精磨等18道工序，竹子成了可降解的环保餐盒，边角料100%回收。“产品卖到了30多个国家和地区，春节前都忙不完。”瑞竹公司负责人王建忠说，竹产业创造了3000余个就业岗位，带动4.3万名竹农增收。
“长江病”如何治？格竹问新。
“要科学运用中医整体观，追根溯源、诊断病因、找准病根、分类施策、系统治疗”；
“要继续加强生态环境综合治理，持续强化重点领域污染治理”；
从整体推进到重点突破，从顶层设计到分步推进，长江经济带生态环境保护有了科学的方法论、明确的任务书。这场波澜壮阔的生态保护修复工作，力度之大、规模之广、影响之深，前所未有。
盯着问题，铁腕治污，啃下“硬骨头”。
湖北黄石，长江岸线美景如画，中窑湾排洪港排口的标识牌静静伫立。黄石市生态环境保护综合执法支队二大队队员方金水介绍，“这是排污口的‘电子身份证’。市民通过扫描二维码，就能看到排口的名称、编码等信息。”
曾经，这里商户餐厨废水、居民洗衣水直排港渠等问题严重。如今，经过系统改造整治，该排口水质稳定达到地表水环境质量Ⅳ类标准。
入河排污口一头连着长江，一头连着陆地污染源，是污染物进入长江的最后一道“闸口”。近年来，沿江省市克服污水溢流直排多、基础设施建设欠账多等困难，在摸清底数的基础上分类整治，并加强监督管理。有的省市还依托数字化治理智慧平台，为长江戴上“智慧手环”，让排污行为“看得见、管得住”。
破解“化工围江”、开展“三磷”排查整治、长江岸线综合整治攻坚……一场场生态保护攻坚战接连打响，推动长江经济带生态环境发生绿色蝶变。
系统治理，统筹谋划，加强生态环境系统保护修复。
流域性是江河湖泊最根本、最鲜明的特性，共抓大保护，“要从生态系统整体性和流域系统性出发”。
上游，三江源国家公园实现长江、黄河、澜沧江三江源头整体保护，云、贵、川等多地共同设立横向生态保护补偿资金；中游，鄂赣湘三省建立长江中游地区省际协商合作机制；下游，沪苏浙皖四地在立法、执法、司法等方面紧密协作，形成禁捕执法合力……
在重庆与四川签署的长江流域第二轮补偿协议中，两省市进一步扩面增资，同时还创新引入生态流量、自然岸线率、鱼类多样性等“综合得分”体系。“补偿机制由‘水质水量双向补偿’向‘水环境水资源水生态多维补偿’升级，实现了流域生态保护补偿‘从水里到岸上’，从单一的水环境到更综合全面的生态环境服务效益转变。”四川省财政厅副厅长徐晓驰说。
从“各管一段”到“共管一片”，长江流域各地普遍建立起各类统筹协调机制，协同推进省际水域治理，真正实现“共饮一江水”。
改革创新，绿富同兴，长江大保护“提质增效”。
用改革创新的办法抓长江生态保护。告别“九龙治水”，打破部门壁垒，我国全面建立健全河湖长制，做到每一条河流、每一个湖泊都有人管、有人护。
立足保护治理，各地持续探索实现生态价值转换的有效途径。江西靖安县吸引社会资本打造了10余个特色亲水项目，带动了漂流、桨板、露营等一体发展。“2025年国庆中秋假期，全县旅游人次和旅游收入同比分别增长22.3%和28.3%，绿水青山就是金山银山！”靖安县委副书记、县长刘思说。
10年来，长江经济带的“含绿量”不断刷新。2021年至2024年，长江流域共监测到土著鱼类344种，比禁渔前4年增加36种。鄱阳湖、洞庭湖等湖泊富营养化趋势得到有效遏制，水生态系统功能逐步恢复。
发展——
“走出一条生态优先、绿色发展的新路子”
一辆新能源汽车，跑出长江经济带高质量发展的“加速度”。
4小时，解决所需配套零部件供应。上海开发芯片和智能网联，江苏提供动力电池，浙江完成一体化压铸，安徽组装成整车……长江下游的长三角，4小时车程内，就能集齐一辆新能源汽车所需的“大脑”“心脏”“骨架”等零部件。
40秒，造出一辆崭新的新能源汽车。在理想汽车常州智能制造基地，驱动电机、天窗玻璃、各类螺栓等3000多种零部件可实现智能配送，点焊、激光焊、自冲铆接等连接工艺自动化率达到100%。
江海联运新通道高效便捷。“新能源汽车出口‘芜湖—上海’航线全程直达、无中途挂靠，有效提升了运输链路的连贯性与稳定性。”上港集团市场发展中心多式联运发展室高级经理陈光介绍。
“长江经济带应该走出一条生态优先、绿色发展的新路子。”新能源汽车从出厂到出口的故事，提供了观察这条新路子的一扇窗口。
作为引领我国经济高质量发展的主力军，这条“黄金经济带”已形成电子信息、高端装备、汽车、家电、纺织服装五大超级产业集群；11省市2024年地区生产总值逾63万亿元，增长5.4%。
向创新要动能，塑造发展新优势。
中游湖北，武汉光谷，一间不到10平方米的办公室，能孕育出上亿元的估值。
在毗邻华中科技大学的一座写字楼内，“模态空间”孵化器启用不到两个月，已吸引10余家人工智能初创企业入驻。
“这是我们走出校园的第一站。”“灵境引擎”创始人贺永贤说，政府不仅解决了团队最“头疼”的两件事——资金和人才，还促成了他们与另一家人工智能初创企业的合作。
“我们提供免费办公场所，搭建从高校到市场的全周期孵化链，助力更多人工智能领域创新成果跨越‘实验室到市场’的鸿沟，加速技术产业化进程。”武汉光谷金融控股集团有限公司相关工作人员介绍。
贵州建成全国领先的低成本、高可靠性数据中心基地，依托超强智算能力，为大数据高质量发展筑牢关键底座；安徽全面布局人工智能产业发展，工业人工智能质检系统、人工智能大模型等新产品新应用层出不穷……沿江各省市创新浪潮奔涌向前，一批战略性新兴产业加速成长，科研优势、人才优势持续转化为发展优势。
下好发展“一盘棋”，打造协调发展新样板。
2025年9月，来自云南德宏傣族景颇族自治州和保山市的石斛干枝鲜切花，在第八届上海市对口地区特色商品展销会上备受关注。
“云南有丰富的石斛种质资源，但过去缺乏深加工技术和市场渠道，而上海有科研转化能力和国际化的消费市场。”云南省农科院花卉研究所研究员李涵说。
2024年以来，沪滇两地联手，建立研发—生产—销售全链条，培育出首个观赏石斛专用品牌“斛森林”。云南省农科院花卉研究所也与多家上海商超、文创企业达成初步合作意向，计划推出富有创意的进阶型花卉产品。
江苏省港口集团、重庆物流集团、湖北港口集团签署战略合作协议，打造资源共享、合作共赢的港航高质量发展生态圈；沪渝蓉沿江高铁武宜段、杭衢高铁开通运营，高铁双线齐发，沿江综合交通运输体系更加完备……强化上中下游互动协作，推动绿色产业合作，提升区域交通一体化水平，长江经济带努力打造协调发展新样板。
依托好生态，绘就山水人城和谐共生新画卷。
江西上饶鄱阳县姚公渡村村民胡相彪每天都要沿鄱阳湖走上十几里，查看有无偷捕偷排，劝离违规垂钓人员，提醒岸边游客带走垃圾。
胡相彪从小跟着父亲打鱼，“洗脚上岸”后，他成了一名巡湖协管员，“守护好鄱阳湖，就是守护我们的家园，也是为子孙后代留下绿水青山的家底。”
为让渔民“稳得住、能致富”，姚公渡村干部一对一摸底，建立就业台账，对接县里工业园区的用工需求。焊接、家政、电商直播……县里组织的免费技能培训也开到了村里。
如今，姚公渡村上岸渔民就业率达100%，人均年收入达6万多元。依托好山好水好生态，一些村民将自家小楼改造成民宿，发展乡村旅游。
同饮一江水，共护长江美。从江头到江尾，城市、村庄星罗棋布，依长江而生、因长江而兴。
四川内江整治销号沱江内江段161个排污口，11处黑臭水体变身湿地公园，成为市民休憩娱乐的好去处；建起巨型胶囊式散货仓库、智能喷淋系统，湖南岳阳城陵矶港焕然一新，成为新晋网红打卡点，码头工人可以穿着白衬衣上班……水与人、水与城、人与自然和谐共生，生产空间、生活空间、生态空间互利共荣，人民保护长江、长江造福人民。
*** ***
大江奔流，展现万千气象，激荡时代浪潮。
保持历史耐心和战略定力，一张蓝图绘到底，一茬接着一茬干，把长江经济带建设成为生态更优美、交通更顺畅、经济更协调、市场更统一、机制更科学的黄金经济带，确保一江清水绵延后世、惠泽人民。
（本报记者冯华、王浩、董丝雨、郁静娴、王云杉、刘新吾）","# “共抓大保护，不搞大开发”，长江经济带十年绘就壮美画卷

> 本报记者《人民日报》（2026年01月04日第 01 版）

万里长江，横贯东西，出群山、塑万川，浩荡奔涌，滋养了代代中华儿女，塑造了中华民族的鲜明品格。

依江而兴，长江经济带覆盖11个省市，约占国土面积1/5，人口规模、经济总量约占全国一半。

“推动长江经济带发展必须从中华民族长远利益考虑”“要把修复长江生态环境摆在压倒性位置，共抓大保护，不搞大开发”。2016年1月5日，习近平总书记在重庆召开推动长江经济带发展座谈会并发表重要讲话，全面深刻阐述了推动长江经济带发展的重大战略思想，绘就了长江经济带发展的宏伟蓝图。

从大开发、大建设中毅然转身，“共抓大保护，不搞大开发”的决断激荡神州。这其中，深刻体现了习近平总书记对生态环境保护和经济发展关系的深邃思考，进一步丰富和完善了绿水青山就是金山银山的理念，构成习近平生态文明思想的重要内容。

人与自然和谐共生的辩证法则，不仅为长江经济带的发展把脉定向，也深刻影响着更广阔土地上的中国式现代化进程，书写着永续发展的壮美答卷。

长江更绿、更美了。2020年以来，长江干流连续6年保持Ⅱ类水质，水生生物资源和多样性增加，长江逐步恢复生机活力。

沿江的经济活力更足了。2025年前11月，长江经济带11省市外贸进出口值达19.12万亿元，创历史同期新高，占全国进出口总值的46.4%。黄金经济带，名副其实。

“‘不搞大开发’是不要乱开发、低水平开发、粗放开发、破坏性开发，而是走一条高质量发展的道路、绿色低碳发展的道路。现在路子是对的，要继续走下去。”

**把脉——**

**“一定要给子孙后代留下一条清洁美丽的万里长江”**

长江之变，从一条鱼的“旅程”说起。

三峡坝区，长江珍稀鱼类保育中心里，如珍珠般的鱼卵悉数破膜。2025年11月，我国首批全人工繁育子三代中华鲟鱼苗出苗。

“40年接续繁育，从子一代到子三代，中华鲟人工种群‘自我造血’能力终于建立。”三峡集团长江生物多样性研究中心高级工程师郭柏福深感不易。

从“产房”到长江。2025年3月底，长江荆州段，60万尾六月龄中华鲟子二代跃入江水，奔向大海。

从长江到大海。5个月后，在长江入海口，其中一尾中华鲟被监测回捕，这让中国水产科学研究院长江水产研究所研究员杜浩欣喜不已。打开洄游轨迹动态画面，一尾尾中华鲟化作画面中闪光的标记点。“这尾中华鲟个头长了20多厘米，鱼儿装上‘芯片’，迁徙路线和生长情况看得一清二楚。”杜浩说。

从繁育放流到追踪监测，从十年禁渔到生态修复，在江海间洄游的中华鲟不断传来好消息：2025年在近海海域发现59尾中华鲟，在上海、浙江、江苏等省份多处海域监测到中华鲟分布，资源补充成效显著。

中华鲟的生存状况是长江生态健康的“晴雨表”。曾经，中华鲟难觅踪迹，长江生物完整性指数到了最差的“无鱼”等级……

习近平总书记痛心地形容，长江“病了，病得不轻了”。

何止是鱼，化工围江，非法采砂，生态退化……曾经的母亲河，千疮百孔。

“绝不容许长江生态环境在我们这一代人手上继续恶化下去，一定要给子孙后代留下一条清洁美丽的万里长江！”

从中华民族发展的长远观之，从中国式现代化的全局谋之。长江经济带发展，是习近平总书记亲自谋划、亲自部署、亲自推动的区域重大战略。

10年来，从重庆到湖北武汉，从江苏南京到江西南昌，从“推动”到“深入推动”“全面推动”，再到“进一步推动”，4次主持召开以长江经济带发展为主题的座谈会，一以贯之，又与时俱进。

“共抓大保护，不搞大开发”，总书记反复强调的这10个字，振聋发聩。

共抓大保护，不搞大开发，社会主义生态文明重新定义发展和保护的关系。

用几十年时间走完了发达国家几百年才走过的工业化历程，压缩的时间轴上，重塑发展与保护的关系，成为时代课题。长江经济带，犹如一个缩影。快速发展的同时，生态压力不容忽视。

世界从工业文明跃迁到生态文明，大势浩浩汤汤。是以资源环境为代价换取一时的经济增长，还是走人与自然和谐共生之路？

2016年1月召开的推动长江经济带发展座谈会上，习近平总书记开门见山，“这次讨论的不是发展问题，而是保护的问题”，许多参会人员感觉“好像是泼了一盆冷水”。

“当前和今后相当长一个时期，要把修复长江生态环境摆在压倒性位置”。

“要毫不动摇坚持共抓大保护、不搞大开发，在高水平保护上下更大功夫。”

推动长江经济带发展，核心是保护治理。从长江十年禁渔，到开展入河排污口整治、沿江化工污染整治专项行动，从推进洞庭湖、鄱阳湖等重点湖泊综合治理，到推动非法采砂入刑，追根溯源、源头防治、系统治理，长江流域生态环境保护和修复取得重大成就。

共抓大保护、不搞大开发，指明了实现发展和保护协同共生的新路径。

强调大保护，是不是就是不发展了？在2018年4月召开的深入推动长江经济带发展座谈会上，习近平总书记辩证析之，“共抓大保护和生态优先讲的是生态环境保护问题，是前提；不搞大开发和绿色发展讲的是经济发展问题，是结果”“彼此是辩证统一的”。

推动长江经济带发展，要重新审视“老路”和“新路”的关系。

“正确把握生态环境保护和经济发展的关系，探索协同推进生态优先和绿色发展新路子”“使绿水青山产生巨大生态效益、经济效益、社会效益”。

长江江苏常州段，曾经挤着84家化工企业，废水乱排。5年集中整治，45家沿江化工企业被拆除，“工业锈带”变“生态绣带”，催生出“东方碳谷”“创新药谷”新业态。

思想领航，从明确“共抓大保护、不搞大开发”的总基调，到构建“高质量发展、高水平保护”的发展格局，认识愈发清晰，共识深入人心。

“只有把绿色发展的底色铺好，才会有今后发展的高歌猛进。”

“关改搬转”沿江化工企业超9000家，“化工围江”现象基本解决；加快壮大绿色低碳产业，协同推进降碳、减污、扩绿、增长……

人与江，折射人与自然的关系，中国式现代化是人与自然和谐共生的现代化。

“谋长远之势、行长久之策、建久安之基，进一步推动长江经济带高质量发展，更好支撑和服务中国式现代化。”

**保护——**

**“要从生态系统整体性和流域系统性出发”**

一根竹子，书写绿色发展的灵动篇章。

冬日的长江重庆忠县段，江面澄净如练，两岸竹林依然耸翠。“这是我们的‘撑绿竹’，也是致富竹！”忠县乌杨街道文峰社区党支部书记冉崇平自豪地说。

忠县地处长江上游，山多坡陡。翠竹根系发达，是保持水土的“好手”。竹林为长江岸线镶绿边，美了环境，更增强了生态结构稳定性。这片新植的17.9万余亩竹林，涵沙固土65.7平方公里，年吸收二氧化碳约16万吨，成为守护母亲河的天然屏障。

绿色屏障，也是绿色银行。走进忠县的重庆瑞竹公司智能车间，小小翠竹正在上演绿色转型。经过粗磨、精磨等18道工序，竹子成了可降解的环保餐盒，边角料100%回收。“产品卖到了30多个国家和地区，春节前都忙不完。”瑞竹公司负责人王建忠说，竹产业创造了3000余个就业岗位，带动4.3万名竹农增收。

“长江病”如何治？格竹问新。

“要科学运用中医整体观，追根溯源、诊断病因、找准病根、分类施策、系统治疗”；

“要继续加强生态环境综合治理，持续强化重点领域污染治理”；

从整体推进到重点突破，从顶层设计到分步推进，长江经济带生态环境保护有了科学的方法论、明确的任务书。这场波澜壮阔的生态保护修复工作，力度之大、规模之广、影响之深，前所未有。

盯着问题，铁腕治污，啃下“硬骨头”。

湖北黄石，长江岸线美景如画，中窑湾排洪港排口的标识牌静静伫立。黄石市生态环境保护综合执法支队二大队队员方金水介绍，“这是排污口的‘电子身份证’。市民通过扫描二维码，就能看到排口的名称、编码等信息。”

曾经，这里商户餐厨废水、居民洗衣水直排港渠等问题严重。如今，经过系统改造整治，该排口水质稳定达到地表水环境质量Ⅳ类标准。

入河排污口一头连着长江，一头连着陆地污染源，是污染物进入长江的最后一道“闸口”。近年来，沿江省市克服污水溢流直排多、基础设施建设欠账多等困难，在摸清底数的基础上分类整治，并加强监督管理。有的省市还依托数字化治理智慧平台，为长江戴上“智慧手环”，让排污行为“看得见、管得住”。

破解“化工围江”、开展“三磷”排查整治、长江岸线综合整治攻坚……一场场生态保护攻坚战接连打响，推动长江经济带生态环境发生绿色蝶变。

系统治理，统筹谋划，加强生态环境系统保护修复。

流域性是江河湖泊最根本、最鲜明的特性，共抓大保护，“要从生态系统整体性和流域系统性出发”。

上游，三江源国家公园实现长江、黄河、澜沧江三江源头整体保护，云、贵、川等多地共同设立横向生态保护补偿资金；中游，鄂赣湘三省建立长江中游地区省际协商合作机制；下游，沪苏浙皖四地在立法、执法、司法等方面紧密协作，形成禁捕执法合力……

在重庆与四川签署的长江流域第二轮补偿协议中，两省市进一步扩面增资，同时还创新引入生态流量、自然岸线率、鱼类多样性等“综合得分”体系。“补偿机制由‘水质水量双向补偿’向‘水环境水资源水生态多维补偿’升级，实现了流域生态保护补偿‘从水里到岸上’，从单一的水环境到更综合全面的生态环境服务效益转变。”四川省财政厅副厅长徐晓驰说。

从“各管一段”到“共管一片”，长江流域各地普遍建立起各类统筹协调机制，协同推进省际水域治理，真正实现“共饮一江水”。

改革创新，绿富同兴，长江大保护“提质增效”。

用改革创新的办法抓长江生态保护。告别“九龙治水”，打破部门壁垒，我国全面建立健全河湖长制，做到每一条河流、每一个湖泊都有人管、有人护。

立足保护治理，各地持续探索实现生态价值转换的有效途径。江西靖安县吸引社会资本打造了10余个特色亲水项目，带动了漂流、桨板、露营等一体发展。“2025年国庆中秋假期，全县旅游人次和旅游收入同比分别增长22.3%和28.3%，绿水青山就是金山银山！”靖安县委副书记、县长刘思说。

10年来，长江经济带的“含绿量”不断刷新。2021年至2024年，长江流域共监测到土著鱼类344种，比禁渔前4年增加36种。鄱阳湖、洞庭湖等湖泊富营养化趋势得到有效遏制，水生态系统功能逐步恢复。

**发展——**

**“走出一条生态优先、绿色发展的新路子”**

一辆新能源汽车，跑出长江经济带高质量发展的“加速度”。

4小时，解决所需配套零部件供应。上海开发芯片和智能网联，江苏提供动力电池，浙江完成一体化压铸，安徽组装成整车……长江下游的长三角，4小时车程内，就能集齐一辆新能源汽车所需的“大脑”“心脏”“骨架”等零部件。

40秒，造出一辆崭新的新能源汽车。在理想汽车常州智能制造基地，驱动电机、天窗玻璃、各类螺栓等3000多种零部件可实现智能配送，点焊、激光焊、自冲铆接等连接工艺自动化率达到100%。

江海联运新通道高效便捷。“新能源汽车出口‘芜湖—上海’航线全程直达、无中途挂靠，有效提升了运输链路的连贯性与稳定性。”上港集团市场发展中心多式联运发展室高级经理陈光介绍。

“长江经济带应该走出一条生态优先、绿色发展的新路子。”新能源汽车从出厂到出口的故事，提供了观察这条新路子的一扇窗口。

作为引领我国经济高质量发展的主力军，这条“黄金经济带”已形成电子信息、高端装备、汽车、家电、纺织服装五大超级产业集群；11省市2024年地区生产总值逾63万亿元，增长5.4%。

向创新要动能，塑造发展新优势。

中游湖北，武汉光谷，一间不到10平方米的办公室，能孕育出上亿元的估值。

在毗邻华中科技大学的一座写字楼内，“模态空间”孵化器启用不到两个月，已吸引10余家人工智能初创企业入驻。

“这是我们走出校园的第一站。”“灵境引擎”创始人贺永贤说，政府不仅解决了团队最“头疼”的两件事——资金和人才，还促成了他们与另一家人工智能初创企业的合作。

“我们提供免费办公场所，搭建从高校到市场的全周期孵化链，助力更多人工智能领域创新成果跨越‘实验室到市场’的鸿沟，加速技术产业化进程。”武汉光谷金融控股集团有限公司相关工作人员介绍。

贵州建成全国领先的低成本、高可靠性数据中心基地，依托超强智算能力，为大数据高质量发展筑牢关键底座；安徽全面布局人工智能产业发展，工业人工智能质检系统、人工智能大模型等新产品新应用层出不穷……沿江各省市创新浪潮奔涌向前，一批战略性新兴产业加速成长，科研优势、人才优势持续转化为发展优势。

下好发展“一盘棋”，打造协调发展新样板。

2025年9月，来自云南德宏傣族景颇族自治州和保山市的石斛干枝鲜切花，在第八届上海市对口地区特色商品展销会上备受关注。

“云南有丰富的石斛种质资源，但过去缺乏深加工技术和市场渠道，而上海有科研转化能力和国际化的消费市场。”云南省农科院花卉研究所研究员李涵说。

2024年以来，沪滇两地联手，建立研发—生产—销售全链条，培育出首个观赏石斛专用品牌“斛森林”。云南省农科院花卉研究所也与多家上海商超、文创企业达成初步合作意向，计划推出富有创意的进阶型花卉产品。

江苏省港口集团、重庆物流集团、湖北港口集团签署战略合作协议，打造资源共享、合作共赢的港航高质量发展生态圈；沪渝蓉沿江高铁武宜段、杭衢高铁开通运营，高铁双线齐发，沿江综合交通运输体系更加完备……强化上中下游互动协作，推动绿色产业合作，提升区域交通一体化水平，长江经济带努力打造协调发展新样板。

依托好生态，绘就山水人城和谐共生新画卷。

江西上饶鄱阳县姚公渡村村民胡相彪每天都要沿鄱阳湖走上十几里，查看有无偷捕偷排，劝离违规垂钓人员，提醒岸边游客带走垃圾。

胡相彪从小跟着父亲打鱼，“洗脚上岸”后，他成了一名巡湖协管员，“守护好鄱阳湖，就是守护我们的家园，也是为子孙后代留下绿水青山的家底。”

为让渔民“稳得住、能致富”，姚公渡村干部一对一摸底，建立就业台账，对接县里工业园区的用工需求。焊接、家政、电商直播……县里组织的免费技能培训也开到了村里。

如今，姚公渡村上岸渔民就业率达100%，人均年收入达6万多元。依托好山好水好生态，一些村民将自家小楼改造成民宿，发展乡村旅游。

同饮一江水，共护长江美。从江头到江尾，城市、村庄星罗棋布，依长江而生、因长江而兴。

四川内江整治销号沱江内江段161个排污口，11处黑臭水体变身湿地公园，成为市民休憩娱乐的好去处；建起巨型胶囊式散货仓库、智能喷淋系统，湖南岳阳城陵矶港焕然一新，成为新晋网红打卡点，码头工人可以穿着白衬衣上班……水与人、水与城、人与自然和谐共生，生产空间、生活空间、生态空间互利共荣，人民保护长江、长江造福人民。

*** ***

大江奔流，展现万千气象，激荡时代浪潮。

保持历史耐心和战略定力，一张蓝图绘到底，一茬接着一茬干，把长江经济带建设成为生态更优美、交通更顺畅、经济更协调、市场更统一、机制更科学的黄金经济带，确保一江清水绵延后世、惠泽人民。

（本报记者冯华、王浩、董丝雨、郁静娴、王云杉、刘新吾）",,要闻,https://paper.people.com.cn/rmrb/pc/content/202601/04/content_30129036.html,2026-01-04,"['长江', '经济带', '生态', '发展', '保护', '中华鲟', '绿色', '开发', '推动', '11']","万里长江，横贯东西，出群山、塑万川，浩荡奔涌，滋养了代代中华儿女，塑造了中华民族的鲜明品格。
依江而兴，长江经济带覆盖11个省市，约占国土面积1/5，人口规模、经济总量约占全国一半。
“推动长江经济带发展必须从中华民族长远利益考虑”“要把修复长江生态环境摆在压倒性位置，共抓大保护，不搞大开发”。2016年1月5日，习近平总书记在重庆召开推动长江经济带发展座谈会并发表重要讲话，全面深刻阐述了推动长江经济带发展的重大战略思想，绘就了长江经济带发展的宏伟蓝图。",政治
为人民出政绩  以实干出政绩,"（一）
踏进新的一年、迈入“十五五”时期，面对深刻复杂变化的发展环境，我们要以什么样的奋斗，把今后5年我国发展的新蓝图变成宏阔壮美的新实景？
“脚要踩在大地上。我们干任何事情都有内在规律。”2025年11月，习近平总书记在听取海南自由贸易港建设工作汇报时强调。
“越是伟大的事业，越是充满挑战，越需要知重负重。全党同志都要保持‘越是艰险越向前’的英雄气概，保持‘敢教日月换新天’的昂扬斗志，埋头苦干、攻坚克难，努力创造无愧于党、无愧于人民、无愧于时代的业绩。”
2021年建党百年重大历史节点、“七一勋章”首次颁授仪式上，总书记这段号召全党同志不懈奋斗、永远奋斗的重要讲话，每每读来总是让人更加清醒、更加自信，充满豪情、充满干劲。
以百姓心为心，这是党的初心，也是党的恒心。政绩为人民而创，才能赢得人民衷心拥护。
岁末年初，总书记提出一系列明确要求，“坚持为人民出政绩、以实干出政绩”“主动担重、担难”“书写无愧于人民的时代答卷”，这是全党同志在新的一年再启新程的奋斗号令。
胸怀“国之大者”，“脚踩大地”，因地制宜做好工作，这是我们以科学方法把握规律、以务实作风推进落实，实现“十五五”良好开局的方法指引。
（二）
“找准在全国大局中的战略定位”“结合实际、因地制宜”，才能创造无愧于党的业绩。
习近平总书记指出：“树立和践行正确政绩观，起决定性作用的是党性。”
党性说到底就是立场问题。“任何时候任何情况下都要坚持同党中央保持高度一致，在党中央统一指挥的合奏中形成和声，决不能荒腔走板、变味走调”。
党中央集中统一领导是做好一切工作的根本保证，党中央作出的战略决策必须无条件执行。同时，在党中央统领的大局下，要因地制宜、各展所长。
1996年，东西对口帮扶战略启动，福建与宁夏“结对子”，时任福建省委副书记习近平同志格外重视。
明确“宁夏和福建所处的地理位置和自然环境有着明显不同”，确定“优势互补、互惠互利、长期协作、共同发展”原则；实地调研5个对口帮扶县，提出建设闽宁村的设想；突出产业帮扶，专门批示“菌草是我省之优势”“做自己‘拿手’的”……
一茬接着一茬干，打造出东西部对口扶贫协作帮扶的“闽宁模式”，携手30年的闽宁“山海情”不断书写新篇章，闽宁镇2024年人均可支配收入突破1.9万元。
自觉在大局下行动，发挥比较优势，尊重客观规律，走出适合本地区实际的高质量发展之路，正是创造业绩的重要方法。
看东部，浙江义乌，不靠江、不临海、不沿边，却发展成为“世界小商品之都”。
针对义乌发展遇到的体制机制障碍，在浙江工作时习近平同志曾打过比方：小孩子成长太快，而衣服太小，“得给成长快的孩子换上一件大衣服”。
“把贯彻中央精神、落实省委决策部署同本地实际紧密结合起来”，义乌持续上演换“衣”记。
从开展扩大经济社会管理权限改革，到探索新型国际贸易方式，再到“量身定制”市场采购贸易方式……“义乌人做到了‘无中生有’‘莫名其妙’”，出口额占全国比重从2010年的0.1%提高到2024年的2.3%。
看西部，成渝地区牢固树立一盘棋思想和一体化发展理念，打造区域协作的高水平样板，中欧班列（成渝）累计开行量居全国第一，25个川渝跨界河流国考断面水质达标率100%……川渝双城“破壁”，“西引力”渐强。
“既为一域争光、又为全局添彩”，一个区域梯次联动、新旧动能协同转换、新增长极增长带不断涌现的发展新格局加快形成。
在全国大局中精准定位，跳出“一城一地”谋发展，处理好分工和合作、抢位与错位的关系，中国发展千帆竞发、气象万千。
（三）
“站在人民立场上考虑问题”“把为老百姓办了多少好事实事作为检验政绩的重要标准”，才能创造无愧于人民的业绩。
习近平总书记指出：“共产党人必须牢记，为民造福是最大政绩。”
民心是杆秤，称出的是党员干部在人民心中的分量；人民有把尺子，量出的是为民决策办事的实效。
形式主义、官僚主义之所以是“实现新时代新征程党的使命任务的大敌”，原因就在于行为背离初心。
为民，就得从根本上为民着想，解决关系人民切身利益的根本问题。
宁夏吴忠红寺堡区，何以从过去“不适宜人类生存”的苦瘠之地，变为如今产业兴旺、生活幸福、环境优美的生态新城？
战风沙、斗干旱，20多年来累计造林100多万亩，荒原变绿洲——为民，就要解决生存环境问题。
抬升约100层楼高，把黄河水送进荒原，让人们告别苦咸水，浇灌枸杞田、滋养新产业——为民，就要解决生产生活问题。
酿酒葡萄种植面积10.81万亩，建设黄花菜产业示范村14个，打造交通物流园、清洁能源产业集群——为民，就要解决内生动力问题。
为民，就得将心比心、换位思考，解决好群众的“关键小事”。
“什么是好事实事，要从群众切身需要来考量，不能主观臆断，不能简单化、片面化。”
“扶持经济发展，帮助群众富裕起来是好事实事……甚至远处僻土深山的群众买不到灯泡、肥皂之类针头线脑的小事，得到我们的关心解决，也是好事实事。”
总书记教诲的正是如何把好事实事做到群众心坎上。
上海以“螺蛳壳里做道场”的绣花功夫，用30多年时间一张蓝图绘到底，一锤一锤敲，2025年9月让市民彻底告别“拎马桶”。在静安区蕃瓜弄小区旧房改造过程中，仅“一户一方案”专题讨论会就召开了26场。
北京昌平区着力打通办证路径，一次破解困扰近4500户居民多年的不动产登记难题。全国已累计化解2300多万套房屋不动产登记历史遗留问题。
“要采取更多可感可及的具体举措，着力满足人民群众在就业、教育、社保、住房、医疗、养老、托幼等方面的需求。”
把总书记的嘱托变成为民造福的实际行动，“把人民群众的小事当作自己的大事”，事不避难、义不逃责，就能无愧于民、无愧于心。
（四）
“以历史主动精神克难关、战风险、迎挑战”“追求实实在在、没有水分的增长”，才能创造无愧于时代的业绩。
党中央对“十五五”时期我国发展环境作出重大判断，指出“我国发展处于战略机遇和风险挑战并存、不确定难预料因素增多的时期”。
外部环境变化影响加深，发展中的老问题、新挑战躲不开、绕不过……“有时走到艰难险阻的境界，这是全靠雄健的精神才能够冲过去的”，这是历史的经验，也是未来的需要。
“当好中国式现代化建设的坚定行动派、实干家”，从来不是在风和日丽中耕耘，而是要在疾风骤雨中穿行。唯有保持战略清醒、战略自信、战略主动，葆有“闯”的精神、“创”的劲头、“干”的作风，才能创造经得起历史和人民检验的实绩。
“六小龙”何以出杭州？
2003年，时任浙江省委书记习近平同志第一次提出“数字浙江”战略，同时为杭州把脉定向：“过去是‘风景天堂’‘西湖天堂’，下一步是‘硅谷天堂’‘高科技天堂’。”彼时，杭州每百户居民家用电脑联入互联网还不到2户。
聚焦科技创新这一“难而正确的事”，杭州坚持长期主义，拼出实打实的业绩，连续多年成为国内人才净流入率领先的城市、年轻人创新就业的优选地，跻身创新活力之城。
“准确把握事物发展的必然趋势，敏锐洞悉前进道路上可能出现的机遇和挑战，以科学的战略预见未来、引领未来。”各级领导干部当有这样的战略视野。
培育出世界级家电产业集群，孵化出美的集团等世界500强企业；打造工业机器人之都，全国每生产20台工业机器人就有1台出自北滘……
广东佛山北滘镇以92平方公里之“小”，承载千亿元产值之“大”，实现从制造业起家到制造业当家。
实体经济是以苦练内功来应对外部挑战的重要着力点。
总书记指出：“顶住压力、练好内功、站稳脚跟，没有跨不过去的坎。”不断做强做优做大实体经济，坚定不移把自己的事情办好，才能在惊涛骇浪中始终立于不败之地。
“十五五”规划建议坚持把发展经济的着力点放在实体经济上，把因地制宜发展新质生产力摆在更加突出的战略位置，对构建以先进制造业为骨干的现代化产业体系作出了战略部署。
“脚踩大地”，自觉按规律办事，干实事、出实绩、务实功，这是党员、干部应有的品行与坚守。
“只要我们坚持实干兴邦、实干惠民，就一定能够把全面建设社会主义现代化国家的宏伟蓝图一步步变成现实！”","# 为人民出政绩  以实干出政绩

> 任  平《人民日报》（2026年01月04日第 01 版）

**（一）**

踏进新的一年、迈入“十五五”时期，面对深刻复杂变化的发展环境，我们要以什么样的奋斗，把今后5年我国发展的新蓝图变成宏阔壮美的新实景？

“脚要踩在大地上。我们干任何事情都有内在规律。”2025年11月，习近平总书记在听取海南自由贸易港建设工作汇报时强调。

“越是伟大的事业，越是充满挑战，越需要知重负重。全党同志都要保持‘越是艰险越向前’的英雄气概，保持‘敢教日月换新天’的昂扬斗志，埋头苦干、攻坚克难，努力创造无愧于党、无愧于人民、无愧于时代的业绩。”

2021年建党百年重大历史节点、“七一勋章”首次颁授仪式上，总书记这段号召全党同志不懈奋斗、永远奋斗的重要讲话，每每读来总是让人更加清醒、更加自信，充满豪情、充满干劲。

以百姓心为心，这是党的初心，也是党的恒心。政绩为人民而创，才能赢得人民衷心拥护。

岁末年初，总书记提出一系列明确要求，“坚持为人民出政绩、以实干出政绩”“主动担重、担难”“书写无愧于人民的时代答卷”，这是全党同志在新的一年再启新程的奋斗号令。

胸怀“国之大者”，“脚踩大地”，因地制宜做好工作，这是我们以科学方法把握规律、以务实作风推进落实，实现“十五五”良好开局的方法指引。

**（二）**

“找准在全国大局中的战略定位”“结合实际、因地制宜”，才能创造无愧于党的业绩。

习近平总书记指出：“树立和践行正确政绩观，起决定性作用的是党性。”

党性说到底就是立场问题。“任何时候任何情况下都要坚持同党中央保持高度一致，在党中央统一指挥的合奏中形成和声，决不能荒腔走板、变味走调”。

党中央集中统一领导是做好一切工作的根本保证，党中央作出的战略决策必须无条件执行。同时，在党中央统领的大局下，要因地制宜、各展所长。

1996年，东西对口帮扶战略启动，福建与宁夏“结对子”，时任福建省委副书记习近平同志格外重视。

明确“宁夏和福建所处的地理位置和自然环境有着明显不同”，确定“优势互补、互惠互利、长期协作、共同发展”原则；实地调研5个对口帮扶县，提出建设闽宁村的设想；突出产业帮扶，专门批示“菌草是我省之优势”“做自己‘拿手’的”……

一茬接着一茬干，打造出东西部对口扶贫协作帮扶的“闽宁模式”，携手30年的闽宁“山海情”不断书写新篇章，闽宁镇2024年人均可支配收入突破1.9万元。

自觉在大局下行动，发挥比较优势，尊重客观规律，走出适合本地区实际的高质量发展之路，正是创造业绩的重要方法。

看东部，浙江义乌，不靠江、不临海、不沿边，却发展成为“世界小商品之都”。

针对义乌发展遇到的体制机制障碍，在浙江工作时习近平同志曾打过比方：小孩子成长太快，而衣服太小，“得给成长快的孩子换上一件大衣服”。

“把贯彻中央精神、落实省委决策部署同本地实际紧密结合起来”，义乌持续上演换“衣”记。

从开展扩大经济社会管理权限改革，到探索新型国际贸易方式，再到“量身定制”市场采购贸易方式……“义乌人做到了‘无中生有’‘莫名其妙’”，出口额占全国比重从2010年的0.1%提高到2024年的2.3%。

看西部，成渝地区牢固树立一盘棋思想和一体化发展理念，打造区域协作的高水平样板，中欧班列（成渝）累计开行量居全国第一，25个川渝跨界河流国考断面水质达标率100%……川渝双城“破壁”，“西引力”渐强。

“既为一域争光、又为全局添彩”，一个区域梯次联动、新旧动能协同转换、新增长极增长带不断涌现的发展新格局加快形成。

在全国大局中精准定位，跳出“一城一地”谋发展，处理好分工和合作、抢位与错位的关系，中国发展千帆竞发、气象万千。

**（三）**

“站在人民立场上考虑问题”“把为老百姓办了多少好事实事作为检验政绩的重要标准”，才能创造无愧于人民的业绩。

习近平总书记指出：“共产党人必须牢记，为民造福是最大政绩。”

民心是杆秤，称出的是党员干部在人民心中的分量；人民有把尺子，量出的是为民决策办事的实效。

形式主义、官僚主义之所以是“实现新时代新征程党的使命任务的大敌”，原因就在于行为背离初心。

为民，就得从根本上为民着想，解决关系人民切身利益的根本问题。

宁夏吴忠红寺堡区，何以从过去“不适宜人类生存”的苦瘠之地，变为如今产业兴旺、生活幸福、环境优美的生态新城？

战风沙、斗干旱，20多年来累计造林100多万亩，荒原变绿洲——为民，就要解决生存环境问题。

抬升约100层楼高，把黄河水送进荒原，让人们告别苦咸水，浇灌枸杞田、滋养新产业——为民，就要解决生产生活问题。

酿酒葡萄种植面积10.81万亩，建设黄花菜产业示范村14个，打造交通物流园、清洁能源产业集群——为民，就要解决内生动力问题。

为民，就得将心比心、换位思考，解决好群众的“关键小事”。

“什么是好事实事，要从群众切身需要来考量，不能主观臆断，不能简单化、片面化。”

“扶持经济发展，帮助群众富裕起来是好事实事……甚至远处僻土深山的群众买不到灯泡、肥皂之类针头线脑的小事，得到我们的关心解决，也是好事实事。”

总书记教诲的正是如何把好事实事做到群众心坎上。

上海以“螺蛳壳里做道场”的绣花功夫，用30多年时间一张蓝图绘到底，一锤一锤敲，2025年9月让市民彻底告别“拎马桶”。在静安区蕃瓜弄小区旧房改造过程中，仅“一户一方案”专题讨论会就召开了26场。

北京昌平区着力打通办证路径，一次破解困扰近4500户居民多年的不动产登记难题。全国已累计化解2300多万套房屋不动产登记历史遗留问题。

“要采取更多可感可及的具体举措，着力满足人民群众在就业、教育、社保、住房、医疗、养老、托幼等方面的需求。”

把总书记的嘱托变成为民造福的实际行动，“把人民群众的小事当作自己的大事”，事不避难、义不逃责，就能无愧于民、无愧于心。

**（四）**

“以历史主动精神克难关、战风险、迎挑战”“追求实实在在、没有水分的增长”，才能创造无愧于时代的业绩。

党中央对“十五五”时期我国发展环境作出重大判断，指出“我国发展处于战略机遇和风险挑战并存、不确定难预料因素增多的时期”。

外部环境变化影响加深，发展中的老问题、新挑战躲不开、绕不过……“有时走到艰难险阻的境界，这是全靠雄健的精神才能够冲过去的”，这是历史的经验，也是未来的需要。

“当好中国式现代化建设的坚定行动派、实干家”，从来不是在风和日丽中耕耘，而是要在疾风骤雨中穿行。唯有保持战略清醒、战略自信、战略主动，葆有“闯”的精神、“创”的劲头、“干”的作风，才能创造经得起历史和人民检验的实绩。

“六小龙”何以出杭州？

2003年，时任浙江省委书记习近平同志第一次提出“数字浙江”战略，同时为杭州把脉定向：“过去是‘风景天堂’‘西湖天堂’，下一步是‘硅谷天堂’‘高科技天堂’。”彼时，杭州每百户居民家用电脑联入互联网还不到2户。

聚焦科技创新这一“难而正确的事”，杭州坚持长期主义，拼出实打实的业绩，连续多年成为国内人才净流入率领先的城市、年轻人创新就业的优选地，跻身创新活力之城。

“准确把握事物发展的必然趋势，敏锐洞悉前进道路上可能出现的机遇和挑战，以科学的战略预见未来、引领未来。”各级领导干部当有这样的战略视野。

培育出世界级家电产业集群，孵化出美的集团等世界500强企业；打造工业机器人之都，全国每生产20台工业机器人就有1台出自北滘……

广东佛山北滘镇以92平方公里之“小”，承载千亿元产值之“大”，实现从制造业起家到制造业当家。

实体经济是以苦练内功来应对外部挑战的重要着力点。

总书记指出：“顶住压力、练好内功、站稳脚跟，没有跨不过去的坎。”不断做强做优做大实体经济，坚定不移把自己的事情办好，才能在惊涛骇浪中始终立于不败之地。

“十五五”规划建议坚持把发展经济的着力点放在实体经济上，把因地制宜发展新质生产力摆在更加突出的战略位置，对构建以先进制造业为骨干的现代化产业体系作出了战略部署。

“脚踩大地”，自觉按规律办事，干实事、出实绩、务实功，这是党员、干部应有的品行与坚守。

“只要我们坚持实干兴邦、实干惠民，就一定能够把全面建设社会主义现代化国家的宏伟蓝图一步步变成现实！”",任  平,要闻,https://paper.people.com.cn/rmrb/pc/content/202601/04/content_30129038.html,2026-01-04,"['无愧于', '人民', '总书记', '政绩', '为民', '习近平', '战略', '发展', '实事', '闽宁']","（一）
踏进新的一年、迈入“十五五”时期，面对深刻复杂变化的发展环境，我们要以什么样的奋斗，把今后5年我国发展的新蓝图变成宏阔壮美的新实景？
“脚要踩在大地上。我们干任何事情都有内在规律。”2025年11月，习近平总书记在听取海南自由贸易港建设工作汇报时强调。",政治
坚定信心，续写中国奇迹新篇章,"“锐始者必图其终，成功者先计于始。”在二〇二六年新年贺词中，习近平主席着眼于“十五五”开局，强调“我们要锚定目标任务，坚定信心、乘势而上，扎实推动高质量发展，进一步全面深化改革开放，推进全体人民共同富裕，续写中国奇迹新篇章”。
什么是中国奇迹？如何创造奇迹？历史中有深刻的启迪。
前不久，陕西西安至延安高铁开通运营，中国高铁营业里程突破5万公里，超过全球其他国家总和的两倍。从“现代化的迟到国”，到“现代化的实践中心”，中国的现代化建设成就，成为西方眼中“超出想象力的图景”。
高铁列车飞驰领跑世界，公路纵横牵起城乡，航天成就“可上九天揽月”……谁能想到，一个积贫积弱、饱受欺凌的中国，能用短短几十年时间走完西方发达国家几百年的工业化历程，走出一条人类迈向现代化的新路？抚今追昔、令人感慨：“只有我们中国共产党人实现了。”
面对消除绝对贫困的世界难题，尽锐出战、攻坚克难，我们打赢人类历史上规模最大的脱贫攻坚战，全面建成小康社会；
遭遇前所未有冲击和挑战，统筹国内经济工作和国际经贸斗争，坚定不移办好自己的事，我们以高质量发展的确定性应对各种不确定性；
面对一些关键核心技术受制于人，强化科技创新和产业创新深度融合，DeepSeek（深度求索）、人形机器人等惊艳全球，我们用实践证明“对我们‘卡脖子’是卡不住的”；
…………
亲历新时代以来的历史性成就，“如果奇迹有颜色，那一定是中国红！”成为亿万人民的共同心声。
在砥砺奋进中前行，我们更加懂得：党的领导是不断从胜利走向新胜利的“定海神针”，“两个确立”是我们在新征程上书写中国奇迹的根本保证。
历史接力赛，需要一棒接着一棒跑；阶梯式递进的过程，需要每一步都走稳走实。进入基本实现社会主义现代化夯实基础、全面发力的关键时期，尤需我们鼓足干劲、乘势而进。
续写中国奇迹新篇章，我们要坚定信心。
“什么时候没有困难？一个一个过，年年过、年年好，中华民族5000多年来都是这样。爬坡过坎，关键是提振信心。”习近平主席的一番话道出了发展的常态，也揭示了奋斗的状态。
以大历史观之，今天的中国是“历史中国的延续和发展”，我们所处的时代是大有可为的时代。
“人造太阳”的束流闪烁间，“夸父逐日”的民族神话照亮人类未来；单原子层超薄金属成功制备，“二维金属”重新诠释“微观极限”，“天方夜谭”成为现实；接通脑机接口，动动念头就能控制动作，“心想事成”更加具象……
面向未来，把因地制宜发展新质生产力摆在更加突出位置，以高质量发展全面推进中国式现代化，我们将把更多“不可能”变成“一定能”。
续写中国奇迹新篇章，我们要用好优势。
打赢脱贫攻坚战，离不开“全党全国总动员、五级书记齐上阵”形成的合力；取得生态文明建设的历史性成就，靠的是对绿水青山就是金山银山理念的深入践行；嫦娥揽月、天问探火、羲和逐日等重大科技成果举世瞩目，背后是新型举国体制优势的充分发挥……
奇迹从来不会从天而降，而是在党的领导下亿万人民用汗水浇灌、以奋斗创造的。
面对战略机遇和风险挑战并存、不确定难预料因素增多，坚定信心、用好优势，以高效能治理赢得发展主动，我们定能在新征程上交出新的更加优异的答卷！","# 坚定信心，续写中国奇迹新篇章

> 本报评论员《人民日报》（2026年01月04日第 02 版）

“锐始者必图其终，成功者先计于始。”在二〇二六年新年贺词中，习近平主席着眼于“十五五”开局，强调“我们要锚定目标任务，坚定信心、乘势而上，扎实推动高质量发展，进一步全面深化改革开放，推进全体人民共同富裕，续写中国奇迹新篇章”。

什么是中国奇迹？如何创造奇迹？历史中有深刻的启迪。

前不久，陕西西安至延安高铁开通运营，中国高铁营业里程突破5万公里，超过全球其他国家总和的两倍。从“现代化的迟到国”，到“现代化的实践中心”，中国的现代化建设成就，成为西方眼中“超出想象力的图景”。

高铁列车飞驰领跑世界，公路纵横牵起城乡，航天成就“可上九天揽月”……谁能想到，一个积贫积弱、饱受欺凌的中国，能用短短几十年时间走完西方发达国家几百年的工业化历程，走出一条人类迈向现代化的新路？抚今追昔、令人感慨：“只有我们中国共产党人实现了。”

面对消除绝对贫困的世界难题，尽锐出战、攻坚克难，我们打赢人类历史上规模最大的脱贫攻坚战，全面建成小康社会；

遭遇前所未有冲击和挑战，统筹国内经济工作和国际经贸斗争，坚定不移办好自己的事，我们以高质量发展的确定性应对各种不确定性；

面对一些关键核心技术受制于人，强化科技创新和产业创新深度融合，DeepSeek（深度求索）、人形机器人等惊艳全球，我们用实践证明“对我们‘卡脖子’是卡不住的”；

…………

亲历新时代以来的历史性成就，“如果奇迹有颜色，那一定是中国红！”成为亿万人民的共同心声。

在砥砺奋进中前行，我们更加懂得：党的领导是不断从胜利走向新胜利的“定海神针”，“两个确立”是我们在新征程上书写中国奇迹的根本保证。

历史接力赛，需要一棒接着一棒跑；阶梯式递进的过程，需要每一步都走稳走实。进入基本实现社会主义现代化夯实基础、全面发力的关键时期，尤需我们鼓足干劲、乘势而进。

续写中国奇迹新篇章，我们要坚定信心。

“什么时候没有困难？一个一个过，年年过、年年好，中华民族5000多年来都是这样。爬坡过坎，关键是提振信心。”习近平主席的一番话道出了发展的常态，也揭示了奋斗的状态。

以大历史观之，今天的中国是“历史中国的延续和发展”，我们所处的时代是大有可为的时代。

“人造太阳”的束流闪烁间，“夸父逐日”的民族神话照亮人类未来；单原子层超薄金属成功制备，“二维金属”重新诠释“微观极限”，“天方夜谭”成为现实；接通脑机接口，动动念头就能控制动作，“心想事成”更加具象……

面向未来，把因地制宜发展新质生产力摆在更加突出位置，以高质量发展全面推进中国式现代化，我们将把更多“不可能”变成“一定能”。

续写中国奇迹新篇章，我们要用好优势。

打赢脱贫攻坚战，离不开“全党全国总动员、五级书记齐上阵”形成的合力；取得生态文明建设的历史性成就，靠的是对绿水青山就是金山银山理念的深入践行；嫦娥揽月、天问探火、羲和逐日等重大科技成果举世瞩目，背后是新型举国体制优势的充分发挥……

奇迹从来不会从天而降，而是在党的领导下亿万人民用汗水浇灌、以奋斗创造的。

面对战略机遇和风险挑战并存、不确定难预料因素增多，坚定信心、用好优势，以高效能治理赢得发展主动，我们定能在新征程上交出新的更加优异的答卷！",本报评论员,要闻,https://paper.people.com.cn/rmrb/pc/content/202601/04/content_30129039.html,2026-01-04,"['奇迹', '我们', '续写', '新篇章', '现代化', '坚定信心', '中国', '高铁', '高质量', '发展']","“锐始者必图其终，成功者先计于始。”在二〇二六年新年贺词中，习近平主席着眼于“十五五”开局，强调“我们要锚定目标任务，坚定信心、乘势而上，扎实推动高质量发展，进一步全面深化改革开放，推进全体人民共同富裕，续写中国奇迹新篇章”。
什么是中国奇迹？如何创造奇迹？历史中有深刻的启迪。
前不久，陕西西安至延安高铁开通运营，中国高铁营业里程突破5万公里，超过全球其他国家总和的两倍。从“现代化的迟到国”，到“现代化的实践中心”，中国的现代化建设成就，成为西方眼中“超出想象力的图景”。",政治
新年贺词里的民生牵挂,"“民生无小事，枝叶总关情。”“柴米油盐、三餐四季，每个‘小家’热气腾腾，中国这个‘大家’就蒸蒸日上。”
走过春夏秋冬，经历风雨彩虹，又是不平凡的一年。
新年前夕，习近平主席发表二〇二六年新年贺词。一句句朴实亲切的话语，饱含对民生的深情牵挂，让14亿多人民倍感温暖、深受鼓舞。
中国式现代化，民生为大。品读这些年的新年贺词，人民的幸福生活始终是习近平主席的牵挂。
牵挂里，有努力让人民过上更好日子的务实
“过去一年，新就业群体权益有了进一步保障”。
“家事国事天下事，让人民过上幸福生活是头等大事。”
…………
脱贫群众生活得怎么样、中低收入群众是否增收、重点群体是否就业……收入与就业是百姓生活的大事，也是习近平总书记时时的牵挂。这份牵挂饱含人民情怀。
持续促增收，夯实民生之源。
2025年11月，习近平总书记来到广东省梅州市梅县区雁洋镇南福金柚种植基地考察，同果农和农技人员亲切交流。总书记指出，发展乡村特色产业是推进乡村全面振兴的基础，要加强科技应用，推动农文旅融合，不断延伸产业链、增加附加值，带动更多农民群众增收致富。
总书记的关怀让南福村村民黄宏备受鼓舞。
近年来，黄宏依靠农业技术走上致富道路。在农技专家指导下，他采用“塔形修剪法”和“一果两剪”等技术，使80亩金柚的年产量从2019年的20万斤增加至2025年的70万斤，品质也显著提升。
依靠金柚增收，黄宏住上了“柚子楼”，开上了“柚子车”，儿子也返乡创业，用直播带货拓宽金柚销路。
千方百计抓改革、促发展，群众增收有了坚实基础。“十四五”时期，居民收入稳步增长。2024年，全国居民人均可支配收入达41314元，比2020年增加9125元，其中农村居民人均可支配收入达23119元，城乡居民收入比从2020年的2.56∶1降到了2.34∶1。
居民消费水平和生活品质也在提升。2024年，全国居民人均消费支出28227元，比2020年增加7017元。恩格尔系数由2020年的30.2%下降到2024年的29.8%。教育文化娱乐、交通通信、医疗保健等发展型消费支出2021至2024年年均增长10%。
大力稳就业，筑牢民生之本。
“村里人在外面务工的还多吗？”2025年3月，在贵州省黎平县肇兴侗寨，习近平总书记十分关心村民的就业问题。在得知大部分村民在家门口就业后，总书记很欣慰。
35岁的陆清兰是肇兴侗寨家门口就业的一员。她过去在外务工，与孩子聚少离多。2025年初，陆清兰加入侗品源传统工艺农民专业合作社，成为一名手艺工人。
“每月收入4000元左右，还能照顾孩子，心里很踏实。”做绣活、忙直播，靠着手脚勤快、头脑灵活，不到一年，陆清兰已成为合作社的熟练工。
就业是最基本的民生。坚持把就业工作摆在治国理政的突出位置，强化就业优先导向，出台一系列政策举措稳就业惠民生。
2025年前11月，全国城镇新增就业1210万人，城镇调查失业率均值5.2%。“十四五”时期，我国就业形势总体稳定。2024年末，全国就业人员总量73439万人，其中城镇就业人员47345万人，比2020年末增加1074万人。2024年，全国城镇调查失业率均值为5.1%，比2020年下降0.5个百分点。
牵挂里，有用心用情解决群众急难愁盼的担当
“适老化改造给老年人带来方便，育儿家庭每月多了300元补贴。”
“把老百姓身边的大事小情解决好，让大家笑容更多、心里更暖。”
…………
养老、育幼、就医、住房、上学等群众关心的事，习近平总书记念兹在兹。努力实现幼有所育、学有所教、劳有所得、病有所医、老有所养、住有所居、弱有所扶……近年来，我国民生保障网越织越密。
聚焦“一老一小”，努力提高服务保障水平。
2025年起，我国实施育儿补贴制度。前不久，家住安徽省合肥市长丰县义井镇黄巷村的马祥山正在工地上忙活，手机“叮”地响了一声。他停下来一看，银行卡到账3600元，这是他申请的育儿补贴。
“十四五”时期，我国着力推动幼有所育、老有所养。全国托育服务机构增加了6.6万家，增幅达到110%；托位增加了379万个，增幅达到132%。截至2024年底，全国基本养老保险参保人数超10.7亿。
建设健康中国，努力提升全民健康水平。
徐家兰是四川省遂宁市安居区三家镇山水村村民，2025年11月在家门口就完成了骨折取出钢板的手术。这得益于安居区紧密型县域医共体建设建立的“专家下沉”机制。
“区医院医生带着设备来到镇卫生院为我做手术。”徐家兰说，出院结算时，经医保报销后，个人仅支付800余元，比去区医院节省2000多元。
2024年以来，当地已有50余例类似手术在乡镇卫生院开展，累计为患者节省支出近32万元。
健康是促进人的全面发展的必然要求，是经济社会发展的基础条件。我国建成了世界上规模最大的医疗服务体系、疾病预防控制体系、医疗保障体系。截至2024年底，我国居民的人均预期寿命已达79岁，主要健康指标居于中高收入国家前列。
建设教育强国，办好人民满意的教育。
“建设高质量教育体系，办好人民满意的教育，根本在于深化教育综合改革。”2025年全国两会期间，习近平总书记在看望参加政协会议的民盟民进教育界委员时强调。
教育是国之大计、党之大计。坚持优先发展教育事业，召开全国教育大会，印发实施《教育强国建设规划纲要（2024—2035年）》……“十四五”时期，以习近平同志为核心的党中央采取一系列政策举措推进教育强国建设。截至2024年底，我国基础教育已经达到世界高收入国家平均水平，高等教育在学总规模达4846万人，比2020年增加663万人，构筑起世界最大规模的高等教育体系。
牵挂里，有兜牢困难群众基本生活的关爱
“新年之际，我最牵挂的还是困难群众”。
“一些群众就业、生活遇到困难，一些地方发生洪涝、台风、地震等自然灾害，这些我都牵挂在心。”
…………
兜牢困难群众基本生活，彰显中国特色社会主义制度优势。新年贺词中，饱含习近平总书记对困难群众的深切关爱。震后重建、抗洪抢险、帮扶残疾人、开展社会救助，共同富裕路上一个都不能掉队。
——保障灾后群众基本生活。
2025年1月7日，西藏自治区定日县发生6.8级地震，群众的房屋等生活设施严重损毁，基本生活陷入困境。
“抓紧抢修损毁基础设施，安排好群众基本生活”。习近平总书记第一时间作出重要指示。当地党员干部闻令而动，日夜抢修重建。
新一年的定日县，处处是新气象。森嘎村村民扎西罗布的新家，宽敞明亮，窗明几净，热水24小时供应……
“2025年8月，我们就搬进了建好的新房。”扎西罗布说，“房子亮堂，心里更亮堂。如今日子有奔头，干活更有劲了。”
——提高残疾人保障帮扶力度。
“各级党委和政府要高度重视残疾人工作，持续提升残疾人公共服务质量，积极营造全社会理解、尊重、关心、帮助残疾人的良好氛围和环境。”2025年5月，习近平总书记在第三十五个全国助残日到来之际作出重要指示。
“以前想了解最新的惠残政策，得麻烦家人读新闻、跑社区问，现在打开电视就能听，惠残政策都讲得明明白白！”近日，山东省滨州市沾化区富源街道大王村残疾村民王兴庆打开电视，调到助残频道了解政策。
2025年，沾化区集中开展评残办证、康复托养、助学帮困、志愿服务等各类帮扶活动，惠及1.7万余人次。
2024年末，全国共有2748.9万残疾人参加城乡居民基本养老保险，981万残疾人得到参保缴费资助；1189万困难残疾人享受生活补贴，1636万重度残疾人享受护理补贴；残疾儿童义务教育入学率达到97%……残疾人权益保护网不断织密。
——持续做好困难群众社会救助。
岁末年初，各地积极部署社会救助工作。河南提出健全完善“日常探访+重点帮扶”工作机制，加强对特殊困难群体的全面摸排和走访探视；青海开展困难群众兜底保障冬季攻坚行动，安排困难群众救助补助资金31亿元……
“十四五”时期，全国社会救助力度不断增强，已基本建成分层分类的社会救助体系。2025年，中央财政安排救助补助资金1566.8亿元，为因灾、因病导致生活困难的群众兜底保障。截至2025年5月底，城乡低保平均标准分别为每人每月799.7元、594.9元。
“十五五”规划建议提出，坚持尽力而为、量力而行，加强普惠性、基础性、兜底性民生建设，解决好人民群众急难愁盼问题，畅通社会流动渠道，提高人民生活品质。
“山海寻梦，不觉其远；前路迢迢，阔步而行。”2026年是“十五五”开局之年，也是朝气蓬勃、充满希望的一年。落实民生牵挂，关键在实。唯有以人民为中心，狠抓落实，努力实干，方能书写温暖人心的民生答卷。
（本报记者辛阳、姜晓丹、黄娴、王永战、李俊杰、琼达卓嘎、李蕊参与采写）","# 新年贺词里的民生牵挂

> 本报记者  申少铁  杨彦帆《人民日报》（2026年01月04日第 02 版）

“民生无小事，枝叶总关情。”“柴米油盐、三餐四季，每个‘小家’热气腾腾，中国这个‘大家’就蒸蒸日上。”

走过春夏秋冬，经历风雨彩虹，又是不平凡的一年。

新年前夕，习近平主席发表二〇二六年新年贺词。一句句朴实亲切的话语，饱含对民生的深情牵挂，让14亿多人民倍感温暖、深受鼓舞。

中国式现代化，民生为大。品读这些年的新年贺词，人民的幸福生活始终是习近平主席的牵挂。

**牵挂里，有努力让人民过上更好日子的务实**

“过去一年，新就业群体权益有了进一步保障”。

“家事国事天下事，让人民过上幸福生活是头等大事。”

…………

脱贫群众生活得怎么样、中低收入群众是否增收、重点群体是否就业……收入与就业是百姓生活的大事，也是习近平总书记时时的牵挂。这份牵挂饱含人民情怀。

持续促增收，夯实民生之源。

2025年11月，习近平总书记来到广东省梅州市梅县区雁洋镇南福金柚种植基地考察，同果农和农技人员亲切交流。总书记指出，发展乡村特色产业是推进乡村全面振兴的基础，要加强科技应用，推动农文旅融合，不断延伸产业链、增加附加值，带动更多农民群众增收致富。

总书记的关怀让南福村村民黄宏备受鼓舞。

近年来，黄宏依靠农业技术走上致富道路。在农技专家指导下，他采用“塔形修剪法”和“一果两剪”等技术，使80亩金柚的年产量从2019年的20万斤增加至2025年的70万斤，品质也显著提升。

依靠金柚增收，黄宏住上了“柚子楼”，开上了“柚子车”，儿子也返乡创业，用直播带货拓宽金柚销路。

千方百计抓改革、促发展，群众增收有了坚实基础。“十四五”时期，居民收入稳步增长。2024年，全国居民人均可支配收入达41314元，比2020年增加9125元，其中农村居民人均可支配收入达23119元，城乡居民收入比从2020年的2.56∶1降到了2.34∶1。

居民消费水平和生活品质也在提升。2024年，全国居民人均消费支出28227元，比2020年增加7017元。恩格尔系数由2020年的30.2%下降到2024年的29.8%。教育文化娱乐、交通通信、医疗保健等发展型消费支出2021至2024年年均增长10%。

大力稳就业，筑牢民生之本。

“村里人在外面务工的还多吗？”2025年3月，在贵州省黎平县肇兴侗寨，习近平总书记十分关心村民的就业问题。在得知大部分村民在家门口就业后，总书记很欣慰。

35岁的陆清兰是肇兴侗寨家门口就业的一员。她过去在外务工，与孩子聚少离多。2025年初，陆清兰加入侗品源传统工艺农民专业合作社，成为一名手艺工人。

“每月收入4000元左右，还能照顾孩子，心里很踏实。”做绣活、忙直播，靠着手脚勤快、头脑灵活，不到一年，陆清兰已成为合作社的熟练工。

就业是最基本的民生。坚持把就业工作摆在治国理政的突出位置，强化就业优先导向，出台一系列政策举措稳就业惠民生。

2025年前11月，全国城镇新增就业1210万人，城镇调查失业率均值5.2%。“十四五”时期，我国就业形势总体稳定。2024年末，全国就业人员总量73439万人，其中城镇就业人员47345万人，比2020年末增加1074万人。2024年，全国城镇调查失业率均值为5.1%，比2020年下降0.5个百分点。

**牵挂里，有用心用情解决群众急难愁盼的担当**

“适老化改造给老年人带来方便，育儿家庭每月多了300元补贴。”

“把老百姓身边的大事小情解决好，让大家笑容更多、心里更暖。”

…………

养老、育幼、就医、住房、上学等群众关心的事，习近平总书记念兹在兹。努力实现幼有所育、学有所教、劳有所得、病有所医、老有所养、住有所居、弱有所扶……近年来，我国民生保障网越织越密。

聚焦“一老一小”，努力提高服务保障水平。

2025年起，我国实施育儿补贴制度。前不久，家住安徽省合肥市长丰县义井镇黄巷村的马祥山正在工地上忙活，手机“叮”地响了一声。他停下来一看，银行卡到账3600元，这是他申请的育儿补贴。

“十四五”时期，我国着力推动幼有所育、老有所养。全国托育服务机构增加了6.6万家，增幅达到110%；托位增加了379万个，增幅达到132%。截至2024年底，全国基本养老保险参保人数超10.7亿。

建设健康中国，努力提升全民健康水平。

徐家兰是四川省遂宁市安居区三家镇山水村村民，2025年11月在家门口就完成了骨折取出钢板的手术。这得益于安居区紧密型县域医共体建设建立的“专家下沉”机制。

“区医院医生带着设备来到镇卫生院为我做手术。”徐家兰说，出院结算时，经医保报销后，个人仅支付800余元，比去区医院节省2000多元。

2024年以来，当地已有50余例类似手术在乡镇卫生院开展，累计为患者节省支出近32万元。

健康是促进人的全面发展的必然要求，是经济社会发展的基础条件。我国建成了世界上规模最大的医疗服务体系、疾病预防控制体系、医疗保障体系。截至2024年底，我国居民的人均预期寿命已达79岁，主要健康指标居于中高收入国家前列。

建设教育强国，办好人民满意的教育。

“建设高质量教育体系，办好人民满意的教育，根本在于深化教育综合改革。”2025年全国两会期间，习近平总书记在看望参加政协会议的民盟民进教育界委员时强调。

教育是国之大计、党之大计。坚持优先发展教育事业，召开全国教育大会，印发实施《教育强国建设规划纲要（2024—2035年）》……“十四五”时期，以习近平同志为核心的党中央采取一系列政策举措推进教育强国建设。截至2024年底，我国基础教育已经达到世界高收入国家平均水平，高等教育在学总规模达4846万人，比2020年增加663万人，构筑起世界最大规模的高等教育体系。

**牵挂里，有兜牢困难群众基本生活的关爱**

“新年之际，我最牵挂的还是困难群众”。

“一些群众就业、生活遇到困难，一些地方发生洪涝、台风、地震等自然灾害，这些我都牵挂在心。”

…………

兜牢困难群众基本生活，彰显中国特色社会主义制度优势。新年贺词中，饱含习近平总书记对困难群众的深切关爱。震后重建、抗洪抢险、帮扶残疾人、开展社会救助，共同富裕路上一个都不能掉队。

——保障灾后群众基本生活。

2025年1月7日，西藏自治区定日县发生6.8级地震，群众的房屋等生活设施严重损毁，基本生活陷入困境。

“抓紧抢修损毁基础设施，安排好群众基本生活”。习近平总书记第一时间作出重要指示。当地党员干部闻令而动，日夜抢修重建。

新一年的定日县，处处是新气象。森嘎村村民扎西罗布的新家，宽敞明亮，窗明几净，热水24小时供应……

“2025年8月，我们就搬进了建好的新房。”扎西罗布说，“房子亮堂，心里更亮堂。如今日子有奔头，干活更有劲了。”

——提高残疾人保障帮扶力度。

“各级党委和政府要高度重视残疾人工作，持续提升残疾人公共服务质量，积极营造全社会理解、尊重、关心、帮助残疾人的良好氛围和环境。”2025年5月，习近平总书记在第三十五个全国助残日到来之际作出重要指示。

“以前想了解最新的惠残政策，得麻烦家人读新闻、跑社区问，现在打开电视就能听，惠残政策都讲得明明白白！”近日，山东省滨州市沾化区富源街道大王村残疾村民王兴庆打开电视，调到助残频道了解政策。

2025年，沾化区集中开展评残办证、康复托养、助学帮困、志愿服务等各类帮扶活动，惠及1.7万余人次。

2024年末，全国共有2748.9万残疾人参加城乡居民基本养老保险，981万残疾人得到参保缴费资助；1189万困难残疾人享受生活补贴，1636万重度残疾人享受护理补贴；残疾儿童义务教育入学率达到97%……残疾人权益保护网不断织密。

——持续做好困难群众社会救助。

岁末年初，各地积极部署社会救助工作。河南提出健全完善“日常探访+重点帮扶”工作机制，加强对特殊困难群体的全面摸排和走访探视；青海开展困难群众兜底保障冬季攻坚行动，安排困难群众救助补助资金31亿元……

“十四五”时期，全国社会救助力度不断增强，已基本建成分层分类的社会救助体系。2025年，中央财政安排救助补助资金1566.8亿元，为因灾、因病导致生活困难的群众兜底保障。截至2025年5月底，城乡低保平均标准分别为每人每月799.7元、594.9元。

“十五五”规划建议提出，坚持尽力而为、量力而行，加强普惠性、基础性、兜底性民生建设，解决好人民群众急难愁盼问题，畅通社会流动渠道，提高人民生活品质。

“山海寻梦，不觉其远；前路迢迢，阔步而行。”2026年是“十五五”开局之年，也是朝气蓬勃、充满希望的一年。落实民生牵挂，关键在实。唯有以人民为中心，狠抓落实，努力实干，方能书写温暖人心的民生答卷。

（本报记者辛阳、姜晓丹、黄娴、王永战、李俊杰、琼达卓嘎、李蕊参与采写）",申少铁  杨彦帆,要闻,https://paper.people.com.cn/rmrb/pc/content/202601/04/content_30129040.html,2026-01-04,"['2025', '2024', '习近平', '就业', '牵挂', '总书记', '残疾人', '2020', '民生', '困难群众']","“民生无小事，枝叶总关情。”“柴米油盐、三餐四季，每个‘小家’热气腾腾，中国这个‘大家’就蒸蒸日上。”
走过春夏秋冬，经历风雨彩虹，又是不平凡的一年。
新年前夕，习近平主席发表二〇二六年新年贺词。一句句朴实亲切的话语，饱含对民生的深情牵挂，让14亿多人民倍感温暖、深受鼓舞。",政治
大山里的足球课,"加强体育、美育、劳动教育。
——摘自“十五五”规划建议
一路翻山越岭，景阳小学慢慢出现在道路一侧。推开铁门，很难想象眼前是一所村小：一个标准的足球场，人工草皮在阳光下绿得发亮，外圈塑胶跑道弹性十足。
景阳小学位于贵州省黔东南苗族侗族自治州麻江县景阳村，服务范围包括该村在内的周边5个行政村。下午3点半，放学铃声响起，五年级的杨昌与抱着足球和同学们奔向操场，开始当天的足球训练。
在景阳小学，几乎每一名学生都会踢足球。
早在上世纪末，在部分老师的带动下，景阳小学就形成了踢足球的氛围。2013年，景阳小学搬入被撤并的景阳中学校舍办学，有了标准足球场。从那时起，学校就将足球作为一项特色教育来抓。
“我们通过足球课、足球社团以及班级足球联赛等形式，进行全员足球教学；同时遴选三至六年级学生，组建男女足校队参加比赛。”景阳小学校长杨文健介绍。设课程、建联赛、强设施、造氛围，2015年，景阳小学被评为全国青少年校园足球特色学校，迈入系统化足球教育阶段。
从2016年开始，景阳小学校队便代表麻江县参加黔东南州校园足球三级联赛。在持续参赛的9年间，女队曾获得两届亚军，男队也取得过全州第五名的成绩。其间，校内的班级联赛、跨年级足球赛也陆续开展，“足球不是球队的专属，而是每个班级、每个孩子都能触碰的快乐。”杨文健说。
足球为山村孩子打开了另一扇门。“不少孩子通过足球特长，进入了州、县的优质中学继续学业。”足球教练罗祥国说，足球改变了很多学生的人生轨迹。
为了让足球教育落地生根，景阳小学下足了功夫。“各年级的体育课里专门留一节足球课，低年级主要培养兴趣，高年级则加入技战术训练。”罗祥国介绍，老师们还把颠球、传球的技巧编成足球操，融入30分钟的大课间；运动场围墙上贴满了足球训练图解，孩子们课余时间能随时看、随时练，把课堂搬到“阳光下”。
东西部协作也为景阳小学的足球教育带来了更多资源。在足球场上，有针对射门、传接球、颠球等专项训练的器材，这些都来自广东佛山一所学校的捐赠。每个学期，景阳小学都会有5—10名学生去佛山进行交流训练。“经过3年的轮换，培训活动基本覆盖了所有校队队员。”罗祥国说，佛山的学校教练力量更强，在技战术训练、可持续性培养等方面都给了学生们更专业的指导。
杨昌与四年级进入校队，过去一年多时间里，他随球队去过丹寨、岑巩、锦屏等县，还去了州府所在地凯里市。这些经历拓宽了他的眼界，也塑造了他的梦想，“我觉得外面的世界很大，我想努力学习，好好踢球，以后去更远的地方看看。”","# 大山里的足球课

> 本报记者  陈隽逸《人民日报》（2026年01月04日第 04 版）

加强体育、美育、劳动教育。

——摘自“十五五”规划建议

一路翻山越岭，景阳小学慢慢出现在道路一侧。推开铁门，很难想象眼前是一所村小：一个标准的足球场，人工草皮在阳光下绿得发亮，外圈塑胶跑道弹性十足。

景阳小学位于贵州省黔东南苗族侗族自治州麻江县景阳村，服务范围包括该村在内的周边5个行政村。下午3点半，放学铃声响起，五年级的杨昌与抱着足球和同学们奔向操场，开始当天的足球训练。

在景阳小学，几乎每一名学生都会踢足球。

早在上世纪末，在部分老师的带动下，景阳小学就形成了踢足球的氛围。2013年，景阳小学搬入被撤并的景阳中学校舍办学，有了标准足球场。从那时起，学校就将足球作为一项特色教育来抓。

“我们通过足球课、足球社团以及班级足球联赛等形式，进行全员足球教学；同时遴选三至六年级学生，组建男女足校队参加比赛。”景阳小学校长杨文健介绍。设课程、建联赛、强设施、造氛围，2015年，景阳小学被评为全国青少年校园足球特色学校，迈入系统化足球教育阶段。

从2016年开始，景阳小学校队便代表麻江县参加黔东南州校园足球三级联赛。在持续参赛的9年间，女队曾获得两届亚军，男队也取得过全州第五名的成绩。其间，校内的班级联赛、跨年级足球赛也陆续开展，“足球不是球队的专属，而是每个班级、每个孩子都能触碰的快乐。”杨文健说。

足球为山村孩子打开了另一扇门。“不少孩子通过足球特长，进入了州、县的优质中学继续学业。”足球教练罗祥国说，足球改变了很多学生的人生轨迹。

为了让足球教育落地生根，景阳小学下足了功夫。“各年级的体育课里专门留一节足球课，低年级主要培养兴趣，高年级则加入技战术训练。”罗祥国介绍，老师们还把颠球、传球的技巧编成足球操，融入30分钟的大课间；运动场围墙上贴满了足球训练图解，孩子们课余时间能随时看、随时练，把课堂搬到“阳光下”。

东西部协作也为景阳小学的足球教育带来了更多资源。在足球场上，有针对射门、传接球、颠球等专项训练的器材，这些都来自广东佛山一所学校的捐赠。每个学期，景阳小学都会有5—10名学生去佛山进行交流训练。“经过3年的轮换，培训活动基本覆盖了所有校队队员。”罗祥国说，佛山的学校教练力量更强，在技战术训练、可持续性培养等方面都给了学生们更专业的指导。

杨昌与四年级进入校队，过去一年多时间里，他随球队去过丹寨、岑巩、锦屏等县，还去了州府所在地凯里市。这些经历拓宽了他的眼界，也塑造了他的梦想，“我觉得外面的世界很大，我想努力学习，好好踢球，以后去更远的地方看看。”",陈隽逸,要闻,https://paper.people.com.cn/rmrb/pc/content/202601/04/content_30129056.html,2026-01-04,"['足球', '景阳', '小学', '训练', '罗祥国', '足球场', '学生', '班级', '教育', '麻江县']","加强体育、美育、劳动教育。
——摘自“十五五”规划建议
一路翻山越岭，景阳小学慢慢出现在道路一侧。推开铁门，很难想象眼前是一所村小：一个标准的足球场，人工草皮在阳光下绿得发亮，外圈塑胶跑道弹性十足。",社会
绿茵场上的育人实践（编辑手记）,"发展乡村体育教育有何意义？贵州麻江县景阳小学对足球教育的探索，给出了生动的答案。
在这里，足球不是少数人的特长，而是“每个孩子都能触碰的快乐”。绿茵场上挥洒汗水的身影，不仅凝聚着童年的欢笑声与协作的友谊，也强健了孩子们的体魄。绿茵场，也因此成为他们健康快乐成长最生动的课堂。
足球也为大山深处的孩子打开了一扇窗。“我想努力学习，好好踢球，以后去更远的地方看看。”孩子朴素心愿的背后，是视野的开阔、见识的增长、志向的萌发。足球在幼小的心灵中种下自强不息的种子，一些人的人生轨迹由此改变。
一只小小的足球，蕴含教育的深意。我们期待更多乡村学校找准自身特色优势，为孩子们的健康快乐成长撑起一片天。","# 绿茵场上的育人实践（编辑手记）

> 陈  震《人民日报》（2026年01月04日第 04 版）

发展乡村体育教育有何意义？贵州麻江县景阳小学对足球教育的探索，给出了生动的答案。

在这里，足球不是少数人的特长，而是“每个孩子都能触碰的快乐”。绿茵场上挥洒汗水的身影，不仅凝聚着童年的欢笑声与协作的友谊，也强健了孩子们的体魄。绿茵场，也因此成为他们健康快乐成长最生动的课堂。

足球也为大山深处的孩子打开了一扇窗。“我想努力学习，好好踢球，以后去更远的地方看看。”孩子朴素心愿的背后，是视野的开阔、见识的增长、志向的萌发。足球在幼小的心灵中种下自强不息的种子，一些人的人生轨迹由此改变。

一只小小的足球，蕴含教育的深意。我们期待更多乡村学校找准自身特色优势，为孩子们的健康快乐成长撑起一片天。",陈  震,要闻,https://paper.people.com.cn/rmrb/pc/content/202601/04/content_30129057.html,2026-01-04,"['足球', '绿茵场', '孩子', '快乐', '教育', '乡村', '生动', '麻江县', '成长', '景阳']","发展乡村体育教育有何意义？贵州麻江县景阳小学对足球教育的探索，给出了生动的答案。
在这里，足球不是少数人的特长，而是“每个孩子都能触碰的快乐”。绿茵场上挥洒汗水的身影，不仅凝聚着童年的欢笑声与协作的友谊，也强健了孩子们的体魄。绿茵场，也因此成为他们健康快乐成长最生动的课堂。
足球也为大山深处的孩子打开了一扇窗。“我想努力学习，好好踢球，以后去更远的地方看看。”孩子朴素心愿的背后，是视野的开阔、见识的增长、志向的萌发。足球在幼小的心灵中种下自强不息的种子，一些人的人生轨迹由此改变。",社会
“小家”与“大家”（人民论坛）,"天南海北的游客没断过，快递点堆满发往全国的包裹……新年伊始，广东梅州南福村的村民，正甜蜜地忙碌着。曾经土路难行，而今公路通达，数字技术、无人机也找到更多应用场景。“过去，是发愁金柚运不出、卖不掉；现在，只愁不够运、不够卖！”这一转变，正是“大家”托举“小家”、“小家”成就“大家”的生动写照。
在二〇二六年新年贺词中，习近平主席指出：“柴米油盐、三餐四季，每个‘小家’热气腾腾，中国这个‘大家’就蒸蒸日上。”深情真挚的话语，道出了亿万人民的心声，成为广大党员、干部奋斗的指引。
这是谋事之法，“把人民群众的小事当作自己的大事”。
在辽宁葫芦岛祝家沟村，对受灾群众说“你们的希望也就是我们的希望”；在辽宁沈阳长安小区，告诉大家“家家户户幸福生活、老老少少开心快乐，就是人间美景”；在梅州南福村，对乡亲们说“很关心这些还需要走得再快一点的地方”……过去一年，习近平总书记步履不停，关心“小家”的点点滴滴，酝酿“大家”的宏图大计。
从“十五五”规划建议，到中央经济工作会议部署今年经济工作的八项重点任务，老百姓最关心的领域都有着墨。答好民生“幸福卷”，我们的信心就在于“大家”与“小家”互融、党心与民心相通。
这是成事之道，“致广大而尽精微”。
“小家”烟火气，得益于“大家”实力提升与政策落实落细。
新就业群体权益有了进一步保障、适老化改造给老年人带来方便、育儿家庭每月多了300元补贴，综合国力的增长推动民生福祉更有保障；人工智能大模型你追我赶、人形机器人亮出“功夫模式”、无人机演绎绚丽“烟花”，新质生产力赋能生活多姿多彩；文博热非遗热不断升温、文旅市场人气火爆、“城超”“村超”热闹非凡，文化创新创造提升百姓精神享受。
实践告诉我们，谋划“大家”时统揽大局，通过调查研究把情况摸清、把问题找准、把对策提实；造福“小家”时操作精当，以绣花功夫把工作做扎实、做到位。
这是共产党人的幸福所在，“世界上最大的幸福莫过于为人民幸福而奋斗。”
一位“洋网红”对中国共产党了解不多，以为党员都是政府官员，当他在上海碰到一位出租车司机党员时，就更好奇“入党有什么好处”。答：“入党没有什么好处，都是奉献。硬要说好处，就是父母会为我自豪。”
若以“好处”视角看，就很难理解王继才坚守孤岛30余年的抉择、李保国太行山扶贫三十五载的决心……
“老百姓的幸福感就是我的成就感”“成就百姓小幸福就是我的小美满”“幸福感和获得感是群众给我的”……从这些党员心语中，就能感悟到他们的幸福是忘我的、奋斗的，是来自人民群众的。洋溢在“小家”里的笑脸有多灿烂，决定着党员干部的幸福程度有多高。
蓝图已经绘就，奋进正当其时。","# “小家”与“大家”（人民论坛）

> 鲍  佳《人民日报》（2026年01月04日第 04 版）

天南海北的游客没断过，快递点堆满发往全国的包裹……新年伊始，广东梅州南福村的村民，正甜蜜地忙碌着。曾经土路难行，而今公路通达，数字技术、无人机也找到更多应用场景。“过去，是发愁金柚运不出、卖不掉；现在，只愁不够运、不够卖！”这一转变，正是“大家”托举“小家”、“小家”成就“大家”的生动写照。

在二〇二六年新年贺词中，习近平主席指出：“柴米油盐、三餐四季，每个‘小家’热气腾腾，中国这个‘大家’就蒸蒸日上。”深情真挚的话语，道出了亿万人民的心声，成为广大党员、干部奋斗的指引。

这是谋事之法，“把人民群众的小事当作自己的大事”。

在辽宁葫芦岛祝家沟村，对受灾群众说“你们的希望也就是我们的希望”；在辽宁沈阳长安小区，告诉大家“家家户户幸福生活、老老少少开心快乐，就是人间美景”；在梅州南福村，对乡亲们说“很关心这些还需要走得再快一点的地方”……过去一年，习近平总书记步履不停，关心“小家”的点点滴滴，酝酿“大家”的宏图大计。

从“十五五”规划建议，到中央经济工作会议部署今年经济工作的八项重点任务，老百姓最关心的领域都有着墨。答好民生“幸福卷”，我们的信心就在于“大家”与“小家”互融、党心与民心相通。

这是成事之道，“致广大而尽精微”。

“小家”烟火气，得益于“大家”实力提升与政策落实落细。

新就业群体权益有了进一步保障、适老化改造给老年人带来方便、育儿家庭每月多了300元补贴，综合国力的增长推动民生福祉更有保障；人工智能大模型你追我赶、人形机器人亮出“功夫模式”、无人机演绎绚丽“烟花”，新质生产力赋能生活多姿多彩；文博热非遗热不断升温、文旅市场人气火爆、“城超”“村超”热闹非凡，文化创新创造提升百姓精神享受。

实践告诉我们，谋划“大家”时统揽大局，通过调查研究把情况摸清、把问题找准、把对策提实；造福“小家”时操作精当，以绣花功夫把工作做扎实、做到位。

这是共产党人的幸福所在，“世界上最大的幸福莫过于为人民幸福而奋斗。”

一位“洋网红”对中国共产党了解不多，以为党员都是政府官员，当他在上海碰到一位出租车司机党员时，就更好奇“入党有什么好处”。答：“入党没有什么好处，都是奉献。硬要说好处，就是父母会为我自豪。”

若以“好处”视角看，就很难理解王继才坚守孤岛30余年的抉择、李保国太行山扶贫三十五载的决心……

“老百姓的幸福感就是我的成就感”“成就百姓小幸福就是我的小美满”“幸福感和获得感是群众给我的”……从这些党员心语中，就能感悟到他们的幸福是忘我的、奋斗的，是来自人民群众的。洋溢在“小家”里的笑脸有多灿烂，决定着党员干部的幸福程度有多高。

蓝图已经绘就，奋进正当其时。",鲍  佳,要闻,https://paper.people.com.cn/rmrb/pc/content/202601/04/content_30129058.html,2026-01-04,"['小家', '幸福', '大家', '好处', '奋斗', '群众', '南福村', '党员', '梅州', '人民']","天南海北的游客没断过，快递点堆满发往全国的包裹……新年伊始，广东梅州南福村的村民，正甜蜜地忙碌着。曾经土路难行，而今公路通达，数字技术、无人机也找到更多应用场景。“过去，是发愁金柚运不出、卖不掉；现在，只愁不够运、不够卖！”这一转变，正是“大家”托举“小家”、“小家”成就“大家”的生动写照。
在二〇二六年新年贺词中，习近平主席指出：“柴米油盐、三餐四季，每个‘小家’热气腾腾，中国这个‘大家’就蒸蒸日上。”深情真挚的话语，道出了亿万人民的心声，成为广大党员、干部奋斗的指引。
这是谋事之法，“把人民群众的小事当作自己的大事”。",政治
择一域，守一方，他们在边疆平凡岗位上深耕——,"帕米尔高原一景。
帕米尔高原一景。
比比亚斯曼·阿巴米斯林查验入境旅客证件。
比比亚斯曼·阿巴米斯林查验入境旅客证件。
钟明霏（右）核对出境车辆信息。
钟明霏（右）核对出境车辆信息。
林明星正在执勤。以上图片均为本报记者贺勇摄
林明星正在执勤。
以上图片均为本报记者贺勇摄
在祖国版图最西端的帕米尔高原，平均海拔超4500米的雪域之巅，稀薄的空气、凛冽的寒风与漫长的冬季，勾勒出这里的生存底色。然而，一群心怀赤诚的年轻人选择扎根于此，他们中有坚守“世界最高国门”的移民管理警察，有跨越万里乡愁戍边的民警，有在“最忙口岸”与时间赛跑的海关关员。作为祖国边疆青年群体的缩影，他们用日复一日的耕耘，编织出祖国边疆的平安与繁荣。
“5100米的守望，意义重大”
新疆喀什，红其拉甫口岸，海拔5100米。世界上海拔最高的国门在晨曦中缓缓开启。
“您好，欢迎来到中国！”红其拉甫出入境边防检查站民警比比亚斯曼·阿巴米斯林双手接过巴基斯坦旅客的护照，露出标准的微笑。动作流畅、眼神专注，这种查验过程她已重复上万次。
比比亚斯曼是塔吉克族90后青年。2009年，17岁的她瞒着家人报名参军。2015年，从军校毕业的比比亚斯曼站在人生的十字路口。成绩优异的她可以留校，也可以去条件更好的城市。但比比亚斯曼在分配志愿表上只写了一行字：“申请返回帕米尔高原，回到红其拉甫边检站。”
语言是第一关。比比亚斯曼需要熟练掌握边检专用语、英语基础会话，还要了解毗邻国家语言习惯。那些日子，比比亚斯曼每天提前一小时起床，在零下十几摄氏度的院子里，对着雪山练习发音：“请出示您的护照”“祝您旅途愉快”。
2019年，比比亚斯曼脱下军装换上警服，成为首批移民管理警察。她主动加码学习出入境法律法规、证件鉴别知识。
2024年12月1日，红其拉甫口岸由季节性开放转为常年开放，通关量将大幅增长。消息传来时，比比亚斯曼正在执勤。
“让我去一线！”比比亚斯曼主动请缨。
2025年年初的一个下午，口岸接到通知：一批因手续问题滞留境外的中国旅客将折返。比比亚斯曼主动留下等候。
零下25摄氏度，夜色如墨。凌晨两点，大巴车终于驶入口岸。旅客们拖着行李下车时，看到查验大厅依旧灯火通明，比比亚斯曼和同事们正站在门口。
空气凝固了几秒。一位中年旅客先反应过来，声音发颤：“这么晚了，你们还在等我们？”
“欢迎回家。”比比亚斯曼微笑着说。
那一刻，许多人红了眼眶。有人深深鞠躬，有人握紧她的手说不出话。一位老人用粗糙的手拍拍她的肩：“孩子，辛苦你们了。”
回宿舍的路上，月亮正悬在雪山顶上。“那一刻我知道，5100米的守望，意义重大。”比比亚斯曼在日记里写道，“选择了帕米尔高原，就是选择了坚守；穿上警服，就是扛起了责任。”
“我把乡愁种在这里了”
从红其拉甫口岸向西，车在盘山路上颠簸一个多小时，便抵达排依克边境派出所。
“排依克”，柯尔克孜语意为“最高的山”。这里平均海拔4600米，是我国与塔吉克斯坦、阿富汗、巴基斯坦三国交界处，瓦罕走廊的咽喉。对32岁的民警林明星而言，这里是距离家乡海南琼海“最远”的地方——足足有5500多公里。
2022年6月，林明星第一次上高原。越野车在看不到尽头的山路上盘旋，他的头开始剧烈疼痛，恶心感一阵阵涌上来。车终于停下。林明星推开车门，脚下一软，差点摔倒在地。眼前是覆着厚雪的无边群山，风穿过山谷的呼啸声，衬得世界格外寂静。
“这就是排依克。”时任排依克边境派出所所长彭明有拍拍林明星的肩，“欢迎。”
回家，从此成了一件需要精密计算的事。如果清晨6点从派出所出发，坐6小时车到喀什，赶下午的飞机到乌鲁木齐，再转机到海口，最后乘车回琼海——顺利的话，第二天傍晚能推开家门。来回路上，至少要耗去4个整天。
电话里，母亲总问：“习惯吗？苦不苦？”林明星每次都笑答：“挺好的，羊肉特别香。”他从不让父母来探望：“路太远太折腾，等我休假回去。”
真正的考验是巡逻。
排依克边境派出所辖区很多地方海拔在4600米以上，不少地方没有路。车开到无法前进的地方停下，剩下的路，要靠双腿去丈量。
林明星第一次参加巡逻，目标是中阿5号界碑。那是一个近乎60度的碎石坡，林明星跟着老民警向上攀爬，走一步，滑半步。稀薄的空气像无形的海绵，吸走了所有力气。肺部像着了火，每一次呼吸都带着灼痛感。
“别停，一停就更爬不动了。”老民警在前面喊。
他咬着牙，手脚并用。碎石在手下滚动，雪灌进靴子。一个半小时后，当界碑终于出现在视野里时，他的眼泪差点掉下来，眼睛已被风吹得生疼。
那次巡逻回来，他瘫倒在床上，感觉全身骨头都散了架。但第二天，他又站在了出发的队伍里。
时间久了，林明星成了牧民们最熟悉的人。牛羊跑丢了，他和同事们漫山遍野地帮着找；谁家老人需要常备药，他们记在心里，下次巡逻时就捎过来。
在派出所营房后面，有一座民警们自己建起来的阳光温室。温室里，200平方米的种植区，柠檬、山茶、西红柿都活了下来。
林明星在靠墙的一小块地方，埋下了从琼海带来的榴莲蜜种子——那是家乡特有的热带水果。同事们笑他：“这儿连苹果都难活，你还想种热带水果？”
林明星憨笑：“试试嘛。”
每天巡逻回来，林明星都要去温室看看。浇水，松土，和那些不会说话的植物待一会儿。两个月后的一天清晨，他突然发现——那颗榴莲蜜种子，冒出了两片嫩绿的芽。
林明星蹲在那里，看了很久。阳光透过温室塑料膜照进来，在嫩芽上镀了一层金边。那一刻，他想起了家乡高大的榴莲蜜树，想起树下摇着蒲扇的母亲。
“我把乡愁种在这里了。”林明星在日记里写下。
不久前，公安部授予排依克边境派出所全国“公安楷模”称号。授牌那天，高原的阳光明晃晃的，照在每个人肩头的警徽上，反射出耀眼的光。林明星站在队伍里，看着远处的雪山。他突然觉得，自己好像真的在这里扎下了根——像那株榴莲蜜幼苗，虽然长得慢，但每天都在向上。
“我的一天，是精确到分钟的节奏”
卡拉苏口岸是我国海拔4000米以上货运量最大的陆路口岸，连接着中国与塔吉克斯坦。平均每天有超过200辆货运车辆从这里出入境，遇到高峰期这个数字会翻倍。可以说是帕米尔高原上“最忙”的地方。
下午3点，报关大厅像开了锅。电话铃声、对讲机呼叫声、报关员的询问声、打印机的嗡嗡声——各种声音混在一起。钟明霏坐在工位上，目光在3个屏幕间快速切换，手指在键盘上飞舞，同时回答着面前报关员的问题。
语速快，但清晰；动作急，但有序。这个2001年出生的山东姑娘，是卡拉苏海关最年轻的关员之一。
2023年，从济宁医学院毕业的钟明霏，来到了新疆。培训时，老师指着地图说：“我们守的是1/6的国土。”她感到一种澎湃的力量涌上心头。直到分配通知下来——“卡拉苏海关”，她才第一次认真搜索这个地方：口岸海拔3883米，国门海拔4368米，年平均气温零下5摄氏度，冬季长达7个月。
报到那天，钟明霏从喀什市出发，车沿着盖孜河谷上行。景色从绿洲变成戈壁，再变成裸露的岩石，最后是连绵的雪山。海拔表上的数字不断攀升：2000、3000、3500……钟明霏的耳朵开始嗡嗡作响。
最初的适应期是痛苦的。早上起来，鼻腔里带着血丝；走路稍微快一点，心脏就像要跳出胸腔；夜里常常因为缺氧醒来，望着天花板到天明。钟明霏看到同期来的几个年轻人都没叫苦，她也咬牙挺着。
“我的一天，是精确到分钟的节奏。”钟明霏这样描述她的工作。
早上9点，钟明霏和同事从塔什库尔干塔吉克自治县的宿舍出发，乘车一小时前往口岸。路上，车内就是移动会议室：布置当天任务，传达最新要求。
10点，到达口岸。换上制服，整理材料，开始做准备。
11点整，准时上岗。从第一辆货车驶入监管区开始，忙碌就像按下了加速键。
2024年11月的一天，一批出口的工程机械车辆集中抵达。钟明霏和同事们从中午12点忙到晚上11点。走出大厅，寒风一吹，她才感觉到饿——午饭和晚饭都没吃。
回到宿舍，钟明霏泡了碗面。吃着吃着，眼泪突然掉了下来。“也不是委屈，就是有点累。”她在日记里写道。
“要不换个地方？”这个念头闪过。但当钟明霏看到同事中有的来自江南水乡，有的来自东北平原，都在高原上扎下了根，她对自己说，“别人能行，我也能。”
钟明霏也在慢慢成长。现在，她能一眼看出单证中的常见问题；能在嘈杂环境中同时处理多项事务；面对不理解的货主，她能耐心讲解政策依据；遇到突发事件，她能沉着应对。
2024年冬天，一批出口车辆手续需要查验。零下20摄氏度的气温里，钟明霏在监管区连续作业两小时，手冻得通红，但查验记录一笔不错。“小姑娘可以啊！”运输公司的老师傅竖起大拇指。
夜色中，雪山依旧巍峨，国门威严矗立。一代代青年在边疆热土上拼搏耕耘，把最美年华留在祖国最需要的地方。","# 择一域，守一方，他们在边疆平凡岗位上深耕——

> 本报记者  贺  勇  阿尔达克《人民日报》（2026年01月04日第 05 版）

帕米尔高原一景。

帕米尔高原一景。

比比亚斯曼·阿巴米斯林查验入境旅客证件。

比比亚斯曼·阿巴米斯林查验入境旅客证件。

钟明霏（右）核对出境车辆信息。

钟明霏（右）核对出境车辆信息。

林明星正在执勤。　　以上图片均为本报记者贺勇摄

林明星正在执勤。

以上图片均为本报记者贺勇摄

在祖国版图最西端的帕米尔高原，平均海拔超4500米的雪域之巅，稀薄的空气、凛冽的寒风与漫长的冬季，勾勒出这里的生存底色。然而，一群心怀赤诚的年轻人选择扎根于此，他们中有坚守“世界最高国门”的移民管理警察，有跨越万里乡愁戍边的民警，有在“最忙口岸”与时间赛跑的海关关员。作为祖国边疆青年群体的缩影，他们用日复一日的耕耘，编织出祖国边疆的平安与繁荣。

“5100米的守望，意义重大”

新疆喀什，红其拉甫口岸，海拔5100米。世界上海拔最高的国门在晨曦中缓缓开启。

“您好，欢迎来到中国！”红其拉甫出入境边防检查站民警比比亚斯曼·阿巴米斯林双手接过巴基斯坦旅客的护照，露出标准的微笑。动作流畅、眼神专注，这种查验过程她已重复上万次。

比比亚斯曼是塔吉克族90后青年。2009年，17岁的她瞒着家人报名参军。2015年，从军校毕业的比比亚斯曼站在人生的十字路口。成绩优异的她可以留校，也可以去条件更好的城市。但比比亚斯曼在分配志愿表上只写了一行字：“申请返回帕米尔高原，回到红其拉甫边检站。”

语言是第一关。比比亚斯曼需要熟练掌握边检专用语、英语基础会话，还要了解毗邻国家语言习惯。那些日子，比比亚斯曼每天提前一小时起床，在零下十几摄氏度的院子里，对着雪山练习发音：“请出示您的护照”“祝您旅途愉快”。

2019年，比比亚斯曼脱下军装换上警服，成为首批移民管理警察。她主动加码学习出入境法律法规、证件鉴别知识。

2024年12月1日，红其拉甫口岸由季节性开放转为常年开放，通关量将大幅增长。消息传来时，比比亚斯曼正在执勤。

“让我去一线！”比比亚斯曼主动请缨。

2025年年初的一个下午，口岸接到通知：一批因手续问题滞留境外的中国旅客将折返。比比亚斯曼主动留下等候。

零下25摄氏度，夜色如墨。凌晨两点，大巴车终于驶入口岸。旅客们拖着行李下车时，看到查验大厅依旧灯火通明，比比亚斯曼和同事们正站在门口。

空气凝固了几秒。一位中年旅客先反应过来，声音发颤：“这么晚了，你们还在等我们？”

“欢迎回家。”比比亚斯曼微笑着说。

那一刻，许多人红了眼眶。有人深深鞠躬，有人握紧她的手说不出话。一位老人用粗糙的手拍拍她的肩：“孩子，辛苦你们了。”

回宿舍的路上，月亮正悬在雪山顶上。“那一刻我知道，5100米的守望，意义重大。”比比亚斯曼在日记里写道，“选择了帕米尔高原，就是选择了坚守；穿上警服，就是扛起了责任。”

“我把乡愁种在这里了”

从红其拉甫口岸向西，车在盘山路上颠簸一个多小时，便抵达排依克边境派出所。

“排依克”，柯尔克孜语意为“最高的山”。这里平均海拔4600米，是我国与塔吉克斯坦、阿富汗、巴基斯坦三国交界处，瓦罕走廊的咽喉。对32岁的民警林明星而言，这里是距离家乡海南琼海“最远”的地方——足足有5500多公里。

2022年6月，林明星第一次上高原。越野车在看不到尽头的山路上盘旋，他的头开始剧烈疼痛，恶心感一阵阵涌上来。车终于停下。林明星推开车门，脚下一软，差点摔倒在地。眼前是覆着厚雪的无边群山，风穿过山谷的呼啸声，衬得世界格外寂静。

“这就是排依克。”时任排依克边境派出所所长彭明有拍拍林明星的肩，“欢迎。”

回家，从此成了一件需要精密计算的事。如果清晨6点从派出所出发，坐6小时车到喀什，赶下午的飞机到乌鲁木齐，再转机到海口，最后乘车回琼海——顺利的话，第二天傍晚能推开家门。来回路上，至少要耗去4个整天。

电话里，母亲总问：“习惯吗？苦不苦？”林明星每次都笑答：“挺好的，羊肉特别香。”他从不让父母来探望：“路太远太折腾，等我休假回去。”

真正的考验是巡逻。

排依克边境派出所辖区很多地方海拔在4600米以上，不少地方没有路。车开到无法前进的地方停下，剩下的路，要靠双腿去丈量。

林明星第一次参加巡逻，目标是中阿5号界碑。那是一个近乎60度的碎石坡，林明星跟着老民警向上攀爬，走一步，滑半步。稀薄的空气像无形的海绵，吸走了所有力气。肺部像着了火，每一次呼吸都带着灼痛感。

“别停，一停就更爬不动了。”老民警在前面喊。

他咬着牙，手脚并用。碎石在手下滚动，雪灌进靴子。一个半小时后，当界碑终于出现在视野里时，他的眼泪差点掉下来，眼睛已被风吹得生疼。

那次巡逻回来，他瘫倒在床上，感觉全身骨头都散了架。但第二天，他又站在了出发的队伍里。

时间久了，林明星成了牧民们最熟悉的人。牛羊跑丢了，他和同事们漫山遍野地帮着找；谁家老人需要常备药，他们记在心里，下次巡逻时就捎过来。

在派出所营房后面，有一座民警们自己建起来的阳光温室。温室里，200平方米的种植区，柠檬、山茶、西红柿都活了下来。

林明星在靠墙的一小块地方，埋下了从琼海带来的榴莲蜜种子——那是家乡特有的热带水果。同事们笑他：“这儿连苹果都难活，你还想种热带水果？”

林明星憨笑：“试试嘛。”

每天巡逻回来，林明星都要去温室看看。浇水，松土，和那些不会说话的植物待一会儿。两个月后的一天清晨，他突然发现——那颗榴莲蜜种子，冒出了两片嫩绿的芽。

林明星蹲在那里，看了很久。阳光透过温室塑料膜照进来，在嫩芽上镀了一层金边。那一刻，他想起了家乡高大的榴莲蜜树，想起树下摇着蒲扇的母亲。

“我把乡愁种在这里了。”林明星在日记里写下。

不久前，公安部授予排依克边境派出所全国“公安楷模”称号。授牌那天，高原的阳光明晃晃的，照在每个人肩头的警徽上，反射出耀眼的光。林明星站在队伍里，看着远处的雪山。他突然觉得，自己好像真的在这里扎下了根——像那株榴莲蜜幼苗，虽然长得慢，但每天都在向上。

“我的一天，是精确到分钟的节奏”

卡拉苏口岸是我国海拔4000米以上货运量最大的陆路口岸，连接着中国与塔吉克斯坦。平均每天有超过200辆货运车辆从这里出入境，遇到高峰期这个数字会翻倍。可以说是帕米尔高原上“最忙”的地方。

下午3点，报关大厅像开了锅。电话铃声、对讲机呼叫声、报关员的询问声、打印机的嗡嗡声——各种声音混在一起。钟明霏坐在工位上，目光在3个屏幕间快速切换，手指在键盘上飞舞，同时回答着面前报关员的问题。

语速快，但清晰；动作急，但有序。这个2001年出生的山东姑娘，是卡拉苏海关最年轻的关员之一。

2023年，从济宁医学院毕业的钟明霏，来到了新疆。培训时，老师指着地图说：“我们守的是1/6的国土。”她感到一种澎湃的力量涌上心头。直到分配通知下来——“卡拉苏海关”，她才第一次认真搜索这个地方：口岸海拔3883米，国门海拔4368米，年平均气温零下5摄氏度，冬季长达7个月。

报到那天，钟明霏从喀什市出发，车沿着盖孜河谷上行。景色从绿洲变成戈壁，再变成裸露的岩石，最后是连绵的雪山。海拔表上的数字不断攀升：2000、3000、3500……钟明霏的耳朵开始嗡嗡作响。

最初的适应期是痛苦的。早上起来，鼻腔里带着血丝；走路稍微快一点，心脏就像要跳出胸腔；夜里常常因为缺氧醒来，望着天花板到天明。钟明霏看到同期来的几个年轻人都没叫苦，她也咬牙挺着。

“我的一天，是精确到分钟的节奏。”钟明霏这样描述她的工作。

早上9点，钟明霏和同事从塔什库尔干塔吉克自治县的宿舍出发，乘车一小时前往口岸。路上，车内就是移动会议室：布置当天任务，传达最新要求。

10点，到达口岸。换上制服，整理材料，开始做准备。

11点整，准时上岗。从第一辆货车驶入监管区开始，忙碌就像按下了加速键。

2024年11月的一天，一批出口的工程机械车辆集中抵达。钟明霏和同事们从中午12点忙到晚上11点。走出大厅，寒风一吹，她才感觉到饿——午饭和晚饭都没吃。

回到宿舍，钟明霏泡了碗面。吃着吃着，眼泪突然掉了下来。“也不是委屈，就是有点累。”她在日记里写道。

“要不换个地方？”这个念头闪过。但当钟明霏看到同事中有的来自江南水乡，有的来自东北平原，都在高原上扎下了根，她对自己说，“别人能行，我也能。”

钟明霏也在慢慢成长。现在，她能一眼看出单证中的常见问题；能在嘈杂环境中同时处理多项事务；面对不理解的货主，她能耐心讲解政策依据；遇到突发事件，她能沉着应对。

2024年冬天，一批出口车辆手续需要查验。零下20摄氏度的气温里，钟明霏在监管区连续作业两小时，手冻得通红，但查验记录一笔不错。“小姑娘可以啊！”运输公司的老师傅竖起大拇指。

夜色中，雪山依旧巍峨，国门威严矗立。一代代青年在边疆热土上拼搏耕耘，把最美年华留在祖国最需要的地方。",贺  勇  阿尔达克,新青年,https://paper.people.com.cn/rmrb/pc/content/202601/04/content_30129063.html,2026-01-04,"['比亚斯', '钟明', '明星', '口岸', '排依克', '红其拉甫', '查验', '帕米尔高原', '旅客', '派出所']","帕米尔高原一景。
帕米尔高原一景。
比比亚斯曼·阿巴米斯林查验入境旅客证件。",政治
此身立处，即是吾乡（记者手记）,"在帕米尔高原，时间有自己的刻度——是界碑上被风蚀的痕迹，是温室里缓慢生长的绿叶，是验讫章磨损的边角，是年轻面容上悄然出现的高原红。
比比亚斯曼·阿巴米斯林、林明星、钟明霏……这些名字背后，是成百上千扎根高原的年轻人——他们来自天南地北，却选择了扎根高原；他们也有寻常的喜怒哀乐，却扛起了不寻常的责任。
“为什么留下？”每个年轻人都被问过这个问题。
3位年轻人用行动给出最质朴的答案：此身立处，即是吾乡；此心所向，皆为家国。","# 此身立处，即是吾乡（记者手记）

> 阿尔达克《人民日报》（2026年01月04日第 05 版）

在帕米尔高原，时间有自己的刻度——是界碑上被风蚀的痕迹，是温室里缓慢生长的绿叶，是验讫章磨损的边角，是年轻面容上悄然出现的高原红。

比比亚斯曼·阿巴米斯林、林明星、钟明霏……这些名字背后，是成百上千扎根高原的年轻人——他们来自天南地北，却选择了扎根高原；他们也有寻常的喜怒哀乐，却扛起了不寻常的责任。

“为什么留下？”每个年轻人都被问过这个问题。

3位年轻人用行动给出最质朴的答案：此身立处，即是吾乡；此心所向，皆为家国。",阿尔达克,新青年,https://paper.people.com.cn/rmrb/pc/content/202601/04/content_30129064.html,2026-01-04,"['此身', '立处', '年轻人', '高原', '扎根', '寻常', '比亚斯', '验讫', '钟明', '此心']","在帕米尔高原，时间有自己的刻度——是界碑上被风蚀的痕迹，是温室里缓慢生长的绿叶，是验讫章磨损的边角，是年轻面容上悄然出现的高原红。
比比亚斯曼·阿巴米斯林、林明星、钟明霏……这些名字背后，是成百上千扎根高原的年轻人——他们来自天南地北，却选择了扎根高原；他们也有寻常的喜怒哀乐，却扛起了不寻常的责任。
“为什么留下？”每个年轻人都被问过这个问题。",其他
青春赶路  岁月有暖（青年观）,"透着墨香的新日历摆上桌，才发现旧的那本已经悄悄翻完了一整年。细数过去一年的朝暮与行止，“新青年”与你一路相伴，青年的身影在时光里跃动。
从2025年的步履不停，到2026年的崭新出发，青年为梦想拼过、闯过、哭过、笑过。他们曾站在毕业的十字路口，放下纠结，选择在田间地头、社区街巷的方寸岗位上稳扎稳打；他们曾在创业路上摔过跟头、遇过坎坷，又一次次尝试摸索，寻到破题的微光；他们曾在深夜望着窗外的万家灯火，思念远方的父母与家乡……回想种种感受，只因梦想在前方，依旧铆足了劲儿，打拼出热气腾腾的美好生活。
广大青年用行动给出答案：迷茫从不是青春的底色，奋斗才是；挫折从不是前行的终点，成长才是。而奋斗与成长，离不开日常点滴映照的那份担当。
敢担当，才有拔节成长。在乡村全面振兴的田野上，中国农业大学曲周科技小院团队的青年学生与乡亲们同吃、同住、同劳动，他们顶着盛夏的烈日蹲守田间测土配方，手把手教农户节水节肥技术，成为田间实验室的科研尖兵和乡亲们信得过的农技教员；在科技攻关的实验室里，南京大学物理学院青年教授杜灵杰带领团队选择了量子物理领域里的“硬骨头”，耐住寂寞、顶住压力，最终在世界范围内首次发现具有引力子特征的准粒子，实现“从0到1”的收获。担当不是口号与空谈，而是实打实的行动。带着这份担当往前走，青春的脚步更稳、方向也更明。
成长从非独行，青年发展离不开社会的支撑与赋能。从青年友好社区、青年友好街区到青年友好城市，青年友好成为一个高频词，不少城市相继出台了诸多举措，想方设法赋能青年人工作顺心、生活舒心；创新创业赛道上，税收减免、创业贷款担保等一系列扶持政策，为青年创业者提供了“及时雨”；育儿补贴、普惠托育等一系列生育支持“组合拳”，让职场青年既能安心打拼事业，又能兼顾家庭；街头巷尾的工会驿站，让外卖骑手、快递员等青年人占多数的新就业群体在风里来雨里去时，心里多一份踏实与温暖。这些看得见、摸得着的支持，都是青年逐梦路上最坚实的后盾。
青年们用担当扛起时代的责任，社会则用温暖的注目托举起他们的梦想。“十五五”规划建议里提到了很多年轻人关心的事，“积极培育新职业新岗位，支持企业稳岗扩岗”“畅通高校、科研院所、企业人才交流通道”“落实生育休假制度”等，都将为青年逐梦之路注入动力。
日历一页页翻过，时代也悄悄递上了新考题。从新能源到具身智能，从智慧城市建设到银发经济蓝海，这些不断解锁的新领域、新赛道，既需要年轻人去闯、去试，也得靠社会方方面面当好“助梦搭子”，把规则摆得更公平、机会分得更均等、渠道铺得更通畅。
愿每个年轻人的脚步都能踩准时代的节奏，把自己的专业本领和时代需求精准匹配；愿每份真心的担当都能收到热烈的回响，在新时代新征程中校准职业规划。青年与社会双向奔赴、互相成就，在日新月异的时光里，一起写下属于这个时代的青春故事。","# 青春赶路  岁月有暖（青年观）

> 易舒冉《人民日报》（2026年01月04日第 05 版）

透着墨香的新日历摆上桌，才发现旧的那本已经悄悄翻完了一整年。细数过去一年的朝暮与行止，“新青年”与你一路相伴，青年的身影在时光里跃动。

从2025年的步履不停，到2026年的崭新出发，青年为梦想拼过、闯过、哭过、笑过。他们曾站在毕业的十字路口，放下纠结，选择在田间地头、社区街巷的方寸岗位上稳扎稳打；他们曾在创业路上摔过跟头、遇过坎坷，又一次次尝试摸索，寻到破题的微光；他们曾在深夜望着窗外的万家灯火，思念远方的父母与家乡……回想种种感受，只因梦想在前方，依旧铆足了劲儿，打拼出热气腾腾的美好生活。

广大青年用行动给出答案：迷茫从不是青春的底色，奋斗才是；挫折从不是前行的终点，成长才是。而奋斗与成长，离不开日常点滴映照的那份担当。

敢担当，才有拔节成长。在乡村全面振兴的田野上，中国农业大学曲周科技小院团队的青年学生与乡亲们同吃、同住、同劳动，他们顶着盛夏的烈日蹲守田间测土配方，手把手教农户节水节肥技术，成为田间实验室的科研尖兵和乡亲们信得过的农技教员；在科技攻关的实验室里，南京大学物理学院青年教授杜灵杰带领团队选择了量子物理领域里的“硬骨头”，耐住寂寞、顶住压力，最终在世界范围内首次发现具有引力子特征的准粒子，实现“从0到1”的收获。担当不是口号与空谈，而是实打实的行动。带着这份担当往前走，青春的脚步更稳、方向也更明。

成长从非独行，青年发展离不开社会的支撑与赋能。从青年友好社区、青年友好街区到青年友好城市，青年友好成为一个高频词，不少城市相继出台了诸多举措，想方设法赋能青年人工作顺心、生活舒心；创新创业赛道上，税收减免、创业贷款担保等一系列扶持政策，为青年创业者提供了“及时雨”；育儿补贴、普惠托育等一系列生育支持“组合拳”，让职场青年既能安心打拼事业，又能兼顾家庭；街头巷尾的工会驿站，让外卖骑手、快递员等青年人占多数的新就业群体在风里来雨里去时，心里多一份踏实与温暖。这些看得见、摸得着的支持，都是青年逐梦路上最坚实的后盾。

青年们用担当扛起时代的责任，社会则用温暖的注目托举起他们的梦想。“十五五”规划建议里提到了很多年轻人关心的事，“积极培育新职业新岗位，支持企业稳岗扩岗”“畅通高校、科研院所、企业人才交流通道”“落实生育休假制度”等，都将为青年逐梦之路注入动力。

日历一页页翻过，时代也悄悄递上了新考题。从新能源到具身智能，从智慧城市建设到银发经济蓝海，这些不断解锁的新领域、新赛道，既需要年轻人去闯、去试，也得靠社会方方面面当好“助梦搭子”，把规则摆得更公平、机会分得更均等、渠道铺得更通畅。

愿每个年轻人的脚步都能踩准时代的节奏，把自己的专业本领和时代需求精准匹配；愿每份真心的担当都能收到热烈的回响，在新时代新征程中校准职业规划。青年与社会双向奔赴、互相成就，在日新月异的时光里，一起写下属于这个时代的青春故事。",易舒冉,新青年,https://paper.people.com.cn/rmrb/pc/content/202601/04/content_30129065.html,2026-01-04,"['青年', '担当', '时代', '青春', '田间', '成长', '赛道', '赋能', '友好', '梦想']","透着墨香的新日历摆上桌，才发现旧的那本已经悄悄翻完了一整年。细数过去一年的朝暮与行止，“新青年”与你一路相伴，青年的身影在时光里跃动。
从2025年的步履不停，到2026年的崭新出发，青年为梦想拼过、闯过、哭过、笑过。他们曾站在毕业的十字路口，放下纠结，选择在田间地头、社区街巷的方寸岗位上稳扎稳打；他们曾在创业路上摔过跟头、遇过坎坷，又一次次尝试摸索，寻到破题的微光；他们曾在深夜望着窗外的万家灯火，思念远方的父母与家乡……回想种种感受，只因梦想在前方，依旧铆足了劲儿，打拼出热气腾腾的美好生活。
广大青年用行动给出答案：迷茫从不是青春的底色，奋斗才是；挫折从不是前行的终点，成长才是。而奋斗与成长，离不开日常点滴映照的那份担当。",政治
在无声世界逐梦奔跑（青春日记）,"2025年，对我而言最难忘的瞬间，莫过于在全国第十二届残疾人运动会田径项目的赛场上，4次率先冲过终点，斩获金牌。在无声的世界里，我跑出了自己的人生加速度。
我出生在山东临沂沂水县的乡村，小时候常跟着父母上山干活。崎岖的山间小路上，我总爱撒欢似的一路跑在前头，风拂过脸颊的暖意、脚下泥土的踏实触感，悄悄在心底种下了田径的种子。上学后，学校运动会成了我最期待的舞台，每次都主动报名参赛，跑步项目里总少不了我的身影，也常常能捧回第一名的奖状。这份体育上的小天赋，让我在成长路上多了份独有的自信与勇气。
2023年，经人介绍，正在读大学的我来到北京市残联，认识了陈泽斌教练。初次见面时，我连20公斤的杠铃空杆都难以推动，上肢、核心力量薄弱，腹背肌训练更是一片空白。但是陈教练说我弹跳和爆发力都不错，可以参加更专业的训练，有更大突破。
还记得刚开始练核心力量时，腹部肌肉酸痛得连弯腰拾物都费劲，陈教练总会拍一拍我的肩膀，告诉我：“你的爆发力比很多选手都强，再坚持一下，补齐短板，就能突破自己。”简单却有力的话语，像一束光穿透了训练的疲惫与迷茫，让我忽然明白，成长从不是一帆风顺的坦途，所谓突破，正是在咬牙扛过那些难熬的时刻后，才能遇见更强大的自己。
在田径赛场上，我们听障选手听不见发令枪，起跑时需要看发令旗，旗子一落就起跑。这种完全依赖视觉信号的起跑方式，要求我具备极强的专注力和反应能力。因此，起跑反应训练是我平时训练中的重要一课。赛场上，我的眼睛一直盯着红色发令旗，等它一落下，大脑就指挥自己冲出去。
“亚洲飞人”苏炳添是我的偶像，每次看苏炳添的比赛，我都特别兴奋激动。屏幕里，他在赛道上全力冲刺的模样，总能瞬间点燃我内心的斗志。我希望像他一样，通过日复一日的科学训练和不服输的韧劲，克服伤病困扰和体能瓶颈，在更高舞台上证明自己，在赛道上创造更好成绩。
有人问我，拿到4块金牌后，是不是可以歇一歇了？我想说：“梦想没有终点，我的奔跑也不会停止。”在无声的世界里，我用脚步丈量着青春的长度，书写别样的精彩人生。
（作者为北京市残疾人运动员，本报记者易舒冉采访整理）","# 在无声世界逐梦奔跑（青春日记）

> 武  杰《人民日报》（2026年01月04日第 05 版）

2025年，对我而言最难忘的瞬间，莫过于在全国第十二届残疾人运动会田径项目的赛场上，4次率先冲过终点，斩获金牌。在无声的世界里，我跑出了自己的人生加速度。

我出生在山东临沂沂水县的乡村，小时候常跟着父母上山干活。崎岖的山间小路上，我总爱撒欢似的一路跑在前头，风拂过脸颊的暖意、脚下泥土的踏实触感，悄悄在心底种下了田径的种子。上学后，学校运动会成了我最期待的舞台，每次都主动报名参赛，跑步项目里总少不了我的身影，也常常能捧回第一名的奖状。这份体育上的小天赋，让我在成长路上多了份独有的自信与勇气。

2023年，经人介绍，正在读大学的我来到北京市残联，认识了陈泽斌教练。初次见面时，我连20公斤的杠铃空杆都难以推动，上肢、核心力量薄弱，腹背肌训练更是一片空白。但是陈教练说我弹跳和爆发力都不错，可以参加更专业的训练，有更大突破。

还记得刚开始练核心力量时，腹部肌肉酸痛得连弯腰拾物都费劲，陈教练总会拍一拍我的肩膀，告诉我：“你的爆发力比很多选手都强，再坚持一下，补齐短板，就能突破自己。”简单却有力的话语，像一束光穿透了训练的疲惫与迷茫，让我忽然明白，成长从不是一帆风顺的坦途，所谓突破，正是在咬牙扛过那些难熬的时刻后，才能遇见更强大的自己。

在田径赛场上，我们听障选手听不见发令枪，起跑时需要看发令旗，旗子一落就起跑。这种完全依赖视觉信号的起跑方式，要求我具备极强的专注力和反应能力。因此，起跑反应训练是我平时训练中的重要一课。赛场上，我的眼睛一直盯着红色发令旗，等它一落下，大脑就指挥自己冲出去。

“亚洲飞人”苏炳添是我的偶像，每次看苏炳添的比赛，我都特别兴奋激动。屏幕里，他在赛道上全力冲刺的模样，总能瞬间点燃我内心的斗志。我希望像他一样，通过日复一日的科学训练和不服输的韧劲，克服伤病困扰和体能瓶颈，在更高舞台上证明自己，在赛道上创造更好成绩。

有人问我，拿到4块金牌后，是不是可以歇一歇了？我想说：“梦想没有终点，我的奔跑也不会停止。”在无声的世界里，我用脚步丈量着青春的长度，书写别样的精彩人生。

（作者为北京市残疾人运动员，本报记者易舒冉采访整理）",武  杰,新青年,https://paper.people.com.cn/rmrb/pc/content/202601/04/content_30129066.html,2026-01-04,"['起跑', '训练', '教练', '赛道', '无声', '苏炳添', '令旗', '赛场', '爆发力', '自己']","2025年，对我而言最难忘的瞬间，莫过于在全国第十二届残疾人运动会田径项目的赛场上，4次率先冲过终点，斩获金牌。在无声的世界里，我跑出了自己的人生加速度。
我出生在山东临沂沂水县的乡村，小时候常跟着父母上山干活。崎岖的山间小路上，我总爱撒欢似的一路跑在前头，风拂过脸颊的暖意、脚下泥土的踏实触感，悄悄在心底种下了田径的种子。上学后，学校运动会成了我最期待的舞台，每次都主动报名参赛，跑步项目里总少不了我的身影，也常常能捧回第一名的奖状。这份体育上的小天赋，让我在成长路上多了份独有的自信与勇气。
2023年，经人介绍，正在读大学的我来到北京市残联，认识了陈泽斌教练。初次见面时，我连20公斤的杠铃空杆都难以推动，上肢、核心力量薄弱，腹背肌训练更是一片空白。但是陈教练说我弹跳和爆发力都不错，可以参加更专业的训练，有更大突破。",国际
老杨小杨思想“转弯”记,"“推动长江经济带绿色发展首先要解决思想认识问题”“一定要从思想认识和具体行动上来一个根本转变”。
——习近平
“埋头拉车摔跟头，抬头看路尝甜头。学习新思想方向明，楚源集团认高质量发展这个新时代的硬道理！”
一进楚源厂区，党委书记、董事长杨鹏拉着记者直奔数字监控中心。
近5年记者五进楚源，变化有形又无形。
有形的是旧车间拆除，老烟囱“下岗”，机器人上线，纳米材料中试，新质生产力点亮传统化工业；无形的是企业从上到下的思想之变。
楚源高新科技集团公司，位于湖北荆州石首长江边，曾是全球规模最大的活性染料中间体制造商，在湖北省和全国同行中一直“响当当”。两任董事长杨志成、杨鹏父子，当地人喊作“老杨”“小杨”。
小杨口中的“摔跟头”发生在10年前。2016年初，楚源集团跻身荆州市纳税榜前三，老杨小杨迎来“高光时刻”。两个月后，2700多万元环保罚单砸向楚源集团，创下长江流域“历史之最”。
“天价罚单”震惊湖北，震动沿江。涉事企业违规排污，实则是老杨小杨思想没跟上时代变化：“身子进了新时代，思想还停留在过去。”
2016年1月5日，习近平总书记在重庆召开具有里程碑意义的推动长江经济带发展座谈会，强调“当前和今后相当长一个时期，要把修复长江生态环境摆在压倒性位置，共抓大保护，不搞大开发”。
2018年4月25日，习近平总书记乘船考察长江，从石首登岸。第二天，总书记在武汉主持召开深入推动长江经济带发展座谈会，鲜明指出，“推动长江经济带绿色发展首先要解决思想认识问题”“一定要从思想认识和具体行动上来一个根本转变”。
讲话中，总书记点到了“位于长江‘九曲回肠’石首段的一家临江化工企业，产业规模居世界前三，是当地的纳税大户，但也是排污大户，严重污染问题多年难以解决，周围群众苦不堪言。这两年环保部门动真格严查，开出二千七百多万元的长江流域‘史上最大环保罚单’，倒逼企业关闭污染严重、难以改造的生产线”。
这家企业正是楚源集团。这段话，录入《习近平著作选读》第二卷、《习近平生态文明文选》第一卷。
2025年出版的《习近平生态文明文选》摆在杨鹏案头。“不辜负总书记的牵挂，楚源艰难爬起来，更要坚定走下去！”
思想的力量是无穷的。
从满腹怨气“叫板”、灰心泄气“躺平”，到鼓足勇气“整改”、扬眉吐气“升级”，这10年，老杨小杨经历了一场刻骨铭心的思想转弯。
“思想的转变，最关键也最难”
万里长江，险在荆江。石首江湾，九曲回肠。
长江大拐弯处，占地1800亩的楚源集团，巅峰期，对位酯、H酸产能世界第一。
世界染料市场的“巨无霸”，发家于5间小屋、5口大缸、5个机煤炉子。1982年，30多个洗脚上田的农民投身改革大潮，杨志成是带头人。
“每一步都踩在时代的节拍上”。上世纪90年代，小作坊变身产销双双破亿元的大集团，员工工资比别的厂高一倍。
“那时候能到楚源工作，左邻右舍都羡慕！”楚源对位酯二车间的老职工苏福荣说。
世纪之交，中国叩开世贸组织大门，沿江而生的化工业快速崛起。H酸、对位酯、活性染料产能跃居亚洲第一，楚源也成为湖北省最大的出口创汇民营企业。
老杨呢？当选了湖北省人大代表，先后被评为省劳动模范、优秀企业家。
“那些年GDP论英雄，边罚款边污染，沿着惯性向前冲。”
1999年杨鹏大学毕业，开始跟在父亲身边学管理。一根指挥棒，看增速；一张通关卡，比税收；一个着力点，上项目；一张关系网，少监管。
2016年1月10日，荆州市国税局公布年度纳税过亿元榜单，楚源集团名列第三，蝉联石首市纳税“状元”。
这一年，也是长江保护史上一道分水岭。
2016年1月5日，推动长江经济带发展座谈会召开。“推动长江经济带发展必须从中华民族长远利益考虑，走生态优先、绿色发展之路”“使母亲河永葆生机活力”，总书记的话振聋发聩。
楚源集团一系列违规排放问题再次引起环保部门关注，专班进驻，调查取证。
3月13日，楚源集团被责令全面停产整顿。
3月底，荆州市环保局依照法律对楚源作出处罚决定。2700多万元的行政处罚，成为长江流域“史上最大环保罚单”，在中国环保史上也实属罕见。
“天价罚单”，砸痛老杨小杨。
第一反应，凭老经验，拨小算盘。
楚源是省百强民企，4000多员工。彼时的石首市，11.99%的GDP、约六成税收，来自楚源。
“给地方贡献那么大，有啥子事不能缓一缓，通融通融？”
杨志成一时想不通，心怀侥幸——眼下雷声是大，找找人，“会过去”。
思想“管涌”一旦形成，行为“溃坝”在所难免。
看到找人疏通的路走不通，3月30日，楚源提出听证申请。
4月26日，荆州市环保局公开举行听证会。两个半小时针锋相对，企业陈述申辩意见不予采纳。
6月6日，荆州市环保局下达行政处罚决定。
“集团上市就差临门一脚！认罚，不就等于断自己的路？”老杨开始在网上“喊冤叫屈”，公开质疑环保执法结果和处罚决定。
6月27日，楚源申请行政复议。
8月16日，荆州市政府下达行政复议决定书。楚源仍拒绝接受复议结果，并提起行政诉讼。
9月26日、28日，荆州市中级人民法院分别向荆州市环保局、荆州市政府法制办送达行政诉讼应诉通知。
“思想的转变，最关键也最难。”
时任荆州市环保局局长刘明春感慨，“这么多年执法中，第一次遇到从听证到复议、最后起诉到法院的环保案。”
激烈交锋，搅动石首。
有人惊讶：那可是杨志成哦，路子广、人头熟，真敢管？
有人拍手：监管早该动真格。莫说罚它个底掉，干脆彻底关停！
有人着急：全市几多人靠楚源吃饭，它关了，我们搞么子？！
对于“天价罚单”之争，众说纷纭，感知却一致：干部思想变了，真抓长江大保护了，大形势不一样了。
“高铁时代，出行还坐绿皮车，注定会被别人甩下”
这不是杨志成第一次面对环保难题。
2006年，因违法排污，楚源被挂牌督办。
2007年3月，媒体曝光，楚源集团每日7000吨污水直排长江。如此触目惊心，最终罚款10万元。
法规没长牙，啃不动硬骨头。
不只楚源，不只石首。化工企业临水而生，边罚款边污染，边治理边生产，2010年，中国跃居世界第一化工大国。
与“化工围江”伴生的，是污染困局。
母亲河病了，病症在水中，病根在“先污染后治理、先破坏后修复”的旧观念里。
“只有实行最严格的制度、最严密的法治，才能为生态文明建设提供可靠保障。”
“要扭转只要经济增长不顾其他各项事业发展的思路，扭转为了经济增长数字不顾一切、不计后果、最后得不偿失的做法。”
新时代，新思想，直抵人心，指引方向。
统筹推进“五位一体”总体布局，协调推进“四个全面”战略布局，生态文明建设有了更高站位、更宽视野、更大力度。
2016年2月，全党启动“两学一做”学习教育，思想建设被摆在首要位置。
转变政绩观、发展观，各级党委政府率先思想“转弯”。
牢记总书记的殷殷嘱托，“共抓大保护，不搞大开发”。湖北省委省政府明确提出，“位置是相对的，在整个长江流域，除长江源外，没有绝对的上游，也没有绝对的下游。”着眼长江全流域，跳出湖北看长江，树立“上游意识”，扛起“上游担当”，宁可不进位，也不要“带污染的GDP”。
制度“长牙”，监管“带电”，全面依法治国，基层环保执法感受时代巨变。
时任荆州市环境监察支队县市大队大队长王勇，2016年率队在楚源集团华丽染料公司全面检查。
“整个执法处罚过程中，没有任何人说情打招呼。”王勇回忆。
“总书记重要指示给了底气，新环保法给了武器，基层环保执法，头回这么硬气！”提起当年，荆州市生态环境局石首市分局执法一股股长刘佺依然激动。
转变是形势使然，也是历史必然。企业堵塞的“嗅觉”渐渐苏生。
老杨曾找省环保厅厅长“通融”。厅长爽快送上一本新版《中华人民共和国环境保护法》——“办法在书里”。
小杨夜里也辗转反侧。
推动长江经济带发展座谈会的新闻，他明明关注了。没把自己摆进去，总书记的讲话没有认真学仔细悟，很难真正触动灵魂。“没想到风暴来得这么快，第一个被卷进去的是我们！”
长江在石首段斗折蛇行，历史上曾数次“改道”。改道后，新河道更有生命力。
时任石首市委书记刘忠诚向全市人民承诺：企业整顿不合规决不复产，决不允许“吃祖宗饭砸子孙碗”。
转过身来，刘忠诚敲开楚源大门，和老杨小杨推心置腹——
“提起行政诉讼是企业的合法权益。同时依我看，这个官司很难打赢。生态优先、绿色发展，用新思想新理念指导企业发展，今后就是常态。这就像高铁时代，出行还坐绿皮车，注定会被别人甩下！”
“听懂新时代之音，才能踩准节拍、跟上步伐”
石首调关镇有个调弦河，河边有个伯牙口村，传说中“听弦知音”的故事诞生于此。
思想转变难，难就难在听懂时代之音、生发思想共鸣。
欲知音，先调弦。
老杨小杨是党员，还是楚源党委领导班子成员。发挥好党组织在企业的政治核心作用，用党的创新理论改造主观世界，企业家调准思想的弦，企业才能把准时代的脉。
楚源关门整改，湖北省委相关领导同志“三顾茅庐”。头一回，杨志成没露面；第二回，老杨光听不开言；第三回，敞开心门坦诚交流。
话匣子，就从“听弦知音”的故事打开：
“老杨您是老劳模，当过四届省人大代表。过去楚源为什么能率先发展走在前头？因为老杨特别能学习，点儿踩得准！这次为啥摔了跟头？放松了学习，太依赖惯性。时代前行，听懂新时代之音，才能踩准节拍、跟上步伐。”
石首市委书记、市长将楚源列为联系点，结合“两学一做”学习教育，帮着楚源人把观念扭过来、状态提起来。
一次次谈心，一场场细雨。板结的土地，开始松动。
小杨率先自省：环保之于企业，过去不过“多大点事”，如今就是“天大的事”。
老杨则有一重疑虑：光我一家认罚，其他同行“老打法”，不就亏大了？
陈烈权上门了。
陈烈权，湖北能特科技股份公司董事长。2007年楚源因污染被曝光，陈烈权时任楚源高管，代表企业出镜。尴尬亮相，促其深思，2010年离职创办能特科技，从零开始抓环保，创新驱动搞化工。
在楚源从技术员干起的陈烈权饮水思源，“当年，除了我这个大学生，大家都是放下锄头就进厂，家底就那么几口缸，为啥能做大？听党话、跟党走！”
同在石首，能特科技厂区，中水鱼塘，菜畦染翠，年产8000吨异植物醇，是公认的精细化工佼佼者。
尝到转型甜头的陈烈权，进一步指点：“如今沿江化工都在‘关改搬转’，习近平总书记都说了，要让一江清水向东流，这是大势，再不能脚踩西瓜皮，滑到哪里是哪里，咱得穿新鞋走新路。”
主观世界的改造，外因要通过内因起作用。
9个多月停产整顿。真情、真话、真经，解渴、解惑、解扣。
“不是运气太差，不怨有人找茬。新时代，环保这道关，绕不掉，躲不开，关键得自己把弯转过来。”
“‘天价罚单’当头一棒。现在明白，这一棒不是要打死我们，而是要打醒我们。”
醒过闷儿来的老杨小杨，投资1亿元，整改！
杨鹏带着10多个企业高管，直奔吉林化工取经。这家国企，是楚源多年的竞争对手。
“过去，楚源一些产品能打败吉化，靠的是不规范、打擦边球。今天的我们，最怕遇到昨天的我们……”杨鹏感慨。
心墙一破，天堑通途。
永久性关停10余条生产线，新建雨水收集池，上马污水处理厂二期工程……关停、补漏、升级，统筹发展和安全，楚源一步一个脚印。
送思想、悟思想、转思想。调弦三部曲，收获真知音。
2016年11月，楚源主动撤诉并接受处罚。2016年12月25日，经相关部门考核验收，楚源集团恢复生产。
瘦了15斤的杨志成，精神一下好了。
“相信共产党，跟着时代走。楚源走出去的人，思想要变，荷包要鼓，腰板才能硬。”
“思想转弯，是为了发展转型”
（鱼回）鱼，长江四鲜，石首特产。每年春季，无数（鱼回）鱼逆流而上，阻力越大，生存力越强。
绿色发展的挑战，横在楚源人面前。
2017年，复产后的楚源集团，纳税额仅约7000万元，小杨思想难免打结，“时代是不是不需要我们了？”
信心不足的不只企业。2016年，楚源整改，直接拉低荆州规模以上工业增加值增幅2个百分点，石首地方财政收入少了6700万元。
一部分人觉得罚得“太狠”，“一管就死”，发展与环保难兼容。
另一种声音则主张，化工业高风险，“关停省心”。
如何辩证思考，化危为机？
“推动长江经济带绿色发展首先要解决思想认识问题，特别是不能把生态环境保护和经济发展割裂开来，更不能对立起来。”2018年4月26日，习近平总书记在深入推动长江经济带发展座谈会上指出。
22天后，2018年5月18日，全国生态环境保护大会隆重召开，习近平生态文明思想正式确立。建设人与自然和谐共生的现代化，有了根本遵循和行动指南。
思想的力量在于推动实践。
听说老杨小杨背上思想包袱，省市党委组织部门的同志又一次上门，促膝长谈：“发展是第一要务。思想转弯，是为了发展转型。压力虽大，但你做好了，是不是比别人先走一步？楚源的未来，取决于能否坚定信心，做出个样子来！”
高质量发展没有旁观者，民营企业就是生力军。
“天价罚单”，不能一罚了之。楚源跌倒，是市场调节失灵的结果。“助楚源站起来、强起来，需要有为政府严格监督、及时引导、靠前服务。”石首市委书记王敏说。
坚持政策支持和改革创新并举，投资于物和投资于人紧密结合，既“放得活”又“管得好”。
构建亲清统一的新型政商关系，石首有关部门给楚源送上“大礼包”。政策宣讲、技改支持、科创搭桥、适时纾困……“两个毫不动摇”可感可及，2000多万元奖补环保整治，132件实际困难悄然化解。
再看楚源，2016年至2022年，累计投入约2亿元环保改造，企业能耗下降59%，成为湖北省第一批全国碳交易试点企业。
思想过硬，内心坚定。
曾有农药中间体项目上门谈合作。项目利润率约为100%，一旦上马，重现“纳税亿元户”不是梦。
杨鹏拒绝了。“项目有环境风险，利润再高也不干。今天的楚源，稳中求进更重要。”
转过身，楚源投资4000多万元，改造工艺，建消防站，重大危险源在线监测预警。2025年5月，园区获评安全风险最高标准认证。
漫步今日楚源厂区，中水池清流汩汩，排污数据24小时上传联网。
往南1.7公里，是800户整体搬迁的张城垸社区，当地人称“产业花园小区”。
何善美家老房子，离楚源硫酸车间20米。“过去楚源一开工，家门口就冒黄烟。他要扩张，我要健康，根本没法当邻居。”
政府出面协调，楚源投入5000万元建起绿色共享基金，缴医保，促搬迁，困难户，重点帮。
何善美指着小区绿地，“现在开窗就是好空气，出门花香和鸟语。总书记说的绿色发展，闻得到，看得清！”
楚源厂区往北约1公里，是新洲村。石首人马胜祥投资的共享农庄，稻虾共养，生意红火，还是当地学童的研学乐园。“生态优先、绿色发展，我们也是受益者。”
绿色转型中与获得感一起生长的，还有责任感。
翻看湖北智慧信访信息系统中与楚源有关的各级信访、环保投诉记录：2017年，7件；2018年，3件；2019年，3件；2020年，2件；2021年，1件；2022年至今，0件。
亲清统一、义利统一、高水平保护与高质量发展统一。这条绿色新路，走进小杨心里。
“因地制宜发展新质生产力，方向明、方法灵”
船行石首九曲湾，当地人指点：弯急滩险，顺利转弯，潮平岸阔；转不过去，船倾人覆。
船过弯，考验水性；人过坎，挑战心性。
化工行业近年来下行压力大，复产的楚源，似乎再难领跑。
杨鹏一度动了转行的心思，“干脆一退了之、另起炉灶”。
风电、锂电、光伏，风口项目上门谈合作；新能源、新材料、生物医药，杨鹏全国各地找赛道。
风口行业，人家深耕多年等着乘风，自己贸然进入是否只能喝风？跨界投资，是为了开辟实业新赛道，还是脱实向虚挣快钱？
思想是时代的结晶，又引领时代前行。
2023年，学习贯彻习近平新时代中国特色社会主义思想主题教育在全党深入展开。
这次无需他人督促，杨鹏带领楚源人主动以学增智找感觉。
2023年7月，全国生态环境保护大会再次召开。“对于传统行业，不能简单当成‘低端产业’一退了之、一关了之，而是要推动工艺、技术、装备升级，实现绿色低碳转型。”
这一年10月，以长江经济带发展为主题的座谈会第四次召开。总书记再次指明方向：“‘不搞大开发’是不要乱开发、低水平开发、粗放开发、破坏性开发，而是走一条高质量发展的道路、绿色低碳发展的道路。”
2024年全国两会，习近平总书记“下团组”。“发展新质生产力不是要忽视、放弃传统产业，要防止一哄而上、泡沫化，也不要搞一种模式。”
理论引路，切身感悟，思想的迷雾被彻底驱散。
“总书记的话，点醒了我！转型不等于转行。美好生活离不开化工，传统产业因地制宜改造升级，一样能发展新质生产力。”小杨的心，一下子定了。
先立后破，“含绿量”更高。
聚焦主业延链。投资5000万元将生产废物废液“吃干榨净”，进军循环经济，包袱变财富。
做优主业强链。曾经的拳头产品，尾气难处理，果断关停。投资6000万元，上马氯磺酸新产线，环保性、安全性、经济性“三赢”。
稳中求进，“含新值”更足。
用好“两新”政策推动升级。上新生物质锅炉，拥抱智能制造，机器人上岗使效率提高40%。
整合产学研用融通创新。邀请湖北高校“智囊团”，搭建科技成果转化场，湖北省染料中间体产业技术研究院在楚源集团正式挂牌。
科技赋能，两种活性染料的合成新工艺，填补了国内空白。鑫慧化工、华丽染料两家子公司，升级为国家级、省级专精特新“小巨人”企业。
另一个厂区，无尘中试车间，高性能纳米金属新材料正做量产攻坚。一旦成功，将为半导体等新兴产业供应新材料。
中试仍在试错，小杨并不焦躁。“2025年底召开的中央经济工作会议提出，充分挖掘经济潜能，以苦练内功来应对外部挑战。做强实业，我们有足够耐心。”
顶压前行，向新向优。
复产后一度开开停停的楚源，2024年至今满负荷运转，2025年营收预计约20亿元、纳税额预计突破8000万元，分别比2022年增加55.4%、53.5%。
新质生产力本身就是绿色生产力。
“因地制宜发展新质生产力，方向明、方法灵！”
回首这十年，杨鹏打比喻，新思想是指路明灯，新环保法如同“紧箍咒”，民营经济促进法送上“定心丸”，“还是那句话，法治是最好的营商环境，高质量发展是必由之路。”
书柜里，《习近平新时代中国特色社会主义思想专题摘编》放在醒目处。办公桌上，《习近平生态文明文选》《党的二十届四中全会〈建议〉学习辅导百问》，越读越爱不释手。
“十五五”开局，楚源怎么干？
2026年计划投资4亿元，瞄准循环经济，未来目标打造百年绿色楚源。
石首调关矶。由北向南奔涌而来的长江在这里陡然回旋，成就大江东去浩荡气势。
大江从来万山中，山势尽与江流东。
“全国一盘棋，楚源也要在中国式现代化大局中找定位，在民营经济中争做棋筋。”","# 老杨小杨思想“转弯”记

> 本报记者  禹伟良  陆娅楠  唐露薇《人民日报》（2026年01月05日第 01 版）

“推动长江经济带绿色发展首先要解决思想认识问题”“一定要从思想认识和具体行动上来一个根本转变”。

——习近平

“埋头拉车摔跟头，抬头看路尝甜头。学习新思想方向明，楚源集团认高质量发展这个新时代的硬道理！”

一进楚源厂区，党委书记、董事长杨鹏拉着记者直奔数字监控中心。

近5年记者五进楚源，变化有形又无形。

有形的是旧车间拆除，老烟囱“下岗”，机器人上线，纳米材料中试，新质生产力点亮传统化工业；无形的是企业从上到下的思想之变。

楚源高新科技集团公司，位于湖北荆州石首长江边，曾是全球规模最大的活性染料中间体制造商，在湖北省和全国同行中一直“响当当”。两任董事长杨志成、杨鹏父子，当地人喊作“老杨”“小杨”。

小杨口中的“摔跟头”发生在10年前。2016年初，楚源集团跻身荆州市纳税榜前三，老杨小杨迎来“高光时刻”。两个月后，2700多万元环保罚单砸向楚源集团，创下长江流域“历史之最”。

“天价罚单”震惊湖北，震动沿江。涉事企业违规排污，实则是老杨小杨思想没跟上时代变化：“身子进了新时代，思想还停留在过去。”

2016年1月5日，习近平总书记在重庆召开具有里程碑意义的推动长江经济带发展座谈会，强调“当前和今后相当长一个时期，要把修复长江生态环境摆在压倒性位置，共抓大保护，不搞大开发”。

2018年4月25日，习近平总书记乘船考察长江，从石首登岸。第二天，总书记在武汉主持召开深入推动长江经济带发展座谈会，鲜明指出，“推动长江经济带绿色发展首先要解决思想认识问题”“一定要从思想认识和具体行动上来一个根本转变”。

讲话中，总书记点到了“位于长江‘九曲回肠’石首段的一家临江化工企业，产业规模居世界前三，是当地的纳税大户，但也是排污大户，严重污染问题多年难以解决，周围群众苦不堪言。这两年环保部门动真格严查，开出二千七百多万元的长江流域‘史上最大环保罚单’，倒逼企业关闭污染严重、难以改造的生产线”。

这家企业正是楚源集团。这段话，录入《习近平著作选读》第二卷、《习近平生态文明文选》第一卷。

2025年出版的《习近平生态文明文选》摆在杨鹏案头。“不辜负总书记的牵挂，楚源艰难爬起来，更要坚定走下去！”

思想的力量是无穷的。

从满腹怨气“叫板”、灰心泄气“躺平”，到鼓足勇气“整改”、扬眉吐气“升级”，这10年，老杨小杨经历了一场刻骨铭心的思想转弯。

**“思想的转变，最关键也最难”**

万里长江，险在荆江。石首江湾，九曲回肠。

长江大拐弯处，占地1800亩的楚源集团，巅峰期，对位酯、H酸产能世界第一。

世界染料市场的“巨无霸”，发家于5间小屋、5口大缸、5个机煤炉子。1982年，30多个洗脚上田的农民投身改革大潮，杨志成是带头人。

“每一步都踩在时代的节拍上”。上世纪90年代，小作坊变身产销双双破亿元的大集团，员工工资比别的厂高一倍。

“那时候能到楚源工作，左邻右舍都羡慕！”楚源对位酯二车间的老职工苏福荣说。

世纪之交，中国叩开世贸组织大门，沿江而生的化工业快速崛起。H酸、对位酯、活性染料产能跃居亚洲第一，楚源也成为湖北省最大的出口创汇民营企业。

老杨呢？当选了湖北省人大代表，先后被评为省劳动模范、优秀企业家。

“那些年GDP论英雄，边罚款边污染，沿着惯性向前冲。”

1999年杨鹏大学毕业，开始跟在父亲身边学管理。一根指挥棒，看增速；一张通关卡，比税收；一个着力点，上项目；一张关系网，少监管。

2016年1月10日，荆州市国税局公布年度纳税过亿元榜单，楚源集团名列第三，蝉联石首市纳税“状元”。

这一年，也是长江保护史上一道分水岭。

2016年1月5日，推动长江经济带发展座谈会召开。“推动长江经济带发展必须从中华民族长远利益考虑，走生态优先、绿色发展之路”“使母亲河永葆生机活力”，总书记的话振聋发聩。

楚源集团一系列违规排放问题再次引起环保部门关注，专班进驻，调查取证。

3月13日，楚源集团被责令全面停产整顿。

3月底，荆州市环保局依照法律对楚源作出处罚决定。2700多万元的行政处罚，成为长江流域“史上最大环保罚单”，在中国环保史上也实属罕见。

“天价罚单”，砸痛老杨小杨。

第一反应，凭老经验，拨小算盘。

楚源是省百强民企，4000多员工。彼时的石首市，11.99%的GDP、约六成税收，来自楚源。

“给地方贡献那么大，有啥子事不能缓一缓，通融通融？”

杨志成一时想不通，心怀侥幸——眼下雷声是大，找找人，“会过去”。

思想“管涌”一旦形成，行为“溃坝”在所难免。

看到找人疏通的路走不通，3月30日，楚源提出听证申请。

4月26日，荆州市环保局公开举行听证会。两个半小时针锋相对，企业陈述申辩意见不予采纳。

6月6日，荆州市环保局下达行政处罚决定。

“集团上市就差临门一脚！认罚，不就等于断自己的路？”老杨开始在网上“喊冤叫屈”，公开质疑环保执法结果和处罚决定。

6月27日，楚源申请行政复议。

8月16日，荆州市政府下达行政复议决定书。楚源仍拒绝接受复议结果，并提起行政诉讼。

9月26日、28日，荆州市中级人民法院分别向荆州市环保局、荆州市政府法制办送达行政诉讼应诉通知。

“思想的转变，最关键也最难。”

时任荆州市环保局局长刘明春感慨，“这么多年执法中，第一次遇到从听证到复议、最后起诉到法院的环保案。”

激烈交锋，搅动石首。

有人惊讶：那可是杨志成哦，路子广、人头熟，真敢管？

有人拍手：监管早该动真格。莫说罚它个底掉，干脆彻底关停！

有人着急：全市几多人靠楚源吃饭，它关了，我们搞么子？！

对于“天价罚单”之争，众说纷纭，感知却一致：干部思想变了，真抓长江大保护了，大形势不一样了。

**“高铁时代，出行还坐绿皮车，注定会被别人甩下”**

这不是杨志成第一次面对环保难题。

2006年，因违法排污，楚源被挂牌督办。

2007年3月，媒体曝光，楚源集团每日7000吨污水直排长江。如此触目惊心，最终罚款10万元。

法规没长牙，啃不动硬骨头。

不只楚源，不只石首。化工企业临水而生，边罚款边污染，边治理边生产，2010年，中国跃居世界第一化工大国。

与“化工围江”伴生的，是污染困局。

母亲河病了，病症在水中，病根在“先污染后治理、先破坏后修复”的旧观念里。

“只有实行最严格的制度、最严密的法治，才能为生态文明建设提供可靠保障。”

“要扭转只要经济增长不顾其他各项事业发展的思路，扭转为了经济增长数字不顾一切、不计后果、最后得不偿失的做法。”

新时代，新思想，直抵人心，指引方向。

统筹推进“五位一体”总体布局，协调推进“四个全面”战略布局，生态文明建设有了更高站位、更宽视野、更大力度。

2016年2月，全党启动“两学一做”学习教育，思想建设被摆在首要位置。

转变政绩观、发展观，各级党委政府率先思想“转弯”。

牢记总书记的殷殷嘱托，“共抓大保护，不搞大开发”。湖北省委省政府明确提出，“位置是相对的，在整个长江流域，除长江源外，没有绝对的上游，也没有绝对的下游。”着眼长江全流域，跳出湖北看长江，树立“上游意识”，扛起“上游担当”，宁可不进位，也不要“带污染的GDP”。

制度“长牙”，监管“带电”，全面依法治国，基层环保执法感受时代巨变。

时任荆州市环境监察支队县市大队大队长王勇，2016年率队在楚源集团华丽染料公司全面检查。

“整个执法处罚过程中，没有任何人说情打招呼。”王勇回忆。

“总书记重要指示给了底气，新环保法给了武器，基层环保执法，头回这么硬气！”提起当年，荆州市生态环境局石首市分局执法一股股长刘佺依然激动。

转变是形势使然，也是历史必然。企业堵塞的“嗅觉”渐渐苏生。

老杨曾找省环保厅厅长“通融”。厅长爽快送上一本新版《中华人民共和国环境保护法》——“办法在书里”。

小杨夜里也辗转反侧。

推动长江经济带发展座谈会的新闻，他明明关注了。没把自己摆进去，总书记的讲话没有认真学仔细悟，很难真正触动灵魂。“没想到风暴来得这么快，第一个被卷进去的是我们！”

长江在石首段斗折蛇行，历史上曾数次“改道”。改道后，新河道更有生命力。

时任石首市委书记刘忠诚向全市人民承诺：企业整顿不合规决不复产，决不允许“吃祖宗饭砸子孙碗”。

转过身来，刘忠诚敲开楚源大门，和老杨小杨推心置腹——

“提起行政诉讼是企业的合法权益。同时依我看，这个官司很难打赢。生态优先、绿色发展，用新思想新理念指导企业发展，今后就是常态。这就像高铁时代，出行还坐绿皮车，注定会被别人甩下！”

**“听懂新时代之音，才能踩准节拍、跟上步伐”**

石首调关镇有个调弦河，河边有个伯牙口村，传说中“听弦知音”的故事诞生于此。

思想转变难，难就难在听懂时代之音、生发思想共鸣。

欲知音，先调弦。

老杨小杨是党员，还是楚源党委领导班子成员。发挥好党组织在企业的政治核心作用，用党的创新理论改造主观世界，企业家调准思想的弦，企业才能把准时代的脉。

楚源关门整改，湖北省委相关领导同志“三顾茅庐”。头一回，杨志成没露面；第二回，老杨光听不开言；第三回，敞开心门坦诚交流。

话匣子，就从“听弦知音”的故事打开：

“老杨您是老劳模，当过四届省人大代表。过去楚源为什么能率先发展走在前头？因为老杨特别能学习，点儿踩得准！这次为啥摔了跟头？放松了学习，太依赖惯性。时代前行，听懂新时代之音，才能踩准节拍、跟上步伐。”

石首市委书记、市长将楚源列为联系点，结合“两学一做”学习教育，帮着楚源人把观念扭过来、状态提起来。

一次次谈心，一场场细雨。板结的土地，开始松动。

小杨率先自省：环保之于企业，过去不过“多大点事”，如今就是“天大的事”。

老杨则有一重疑虑：光我一家认罚，其他同行“老打法”，不就亏大了？

陈烈权上门了。

陈烈权，湖北能特科技股份公司董事长。2007年楚源因污染被曝光，陈烈权时任楚源高管，代表企业出镜。尴尬亮相，促其深思，2010年离职创办能特科技，从零开始抓环保，创新驱动搞化工。

在楚源从技术员干起的陈烈权饮水思源，“当年，除了我这个大学生，大家都是放下锄头就进厂，家底就那么几口缸，为啥能做大？听党话、跟党走！”

同在石首，能特科技厂区，中水鱼塘，菜畦染翠，年产8000吨异植物醇，是公认的精细化工佼佼者。

尝到转型甜头的陈烈权，进一步指点：“如今沿江化工都在‘关改搬转’，习近平总书记都说了，要让一江清水向东流，这是大势，再不能脚踩西瓜皮，滑到哪里是哪里，咱得穿新鞋走新路。”

主观世界的改造，外因要通过内因起作用。

9个多月停产整顿。真情、真话、真经，解渴、解惑、解扣。

“不是运气太差，不怨有人找茬。新时代，环保这道关，绕不掉，躲不开，关键得自己把弯转过来。”

“‘天价罚单’当头一棒。现在明白，这一棒不是要打死我们，而是要打醒我们。”

醒过闷儿来的老杨小杨，投资1亿元，整改！

杨鹏带着10多个企业高管，直奔吉林化工取经。这家国企，是楚源多年的竞争对手。

“过去，楚源一些产品能打败吉化，靠的是不规范、打擦边球。今天的我们，最怕遇到昨天的我们……”杨鹏感慨。

心墙一破，天堑通途。

永久性关停10余条生产线，新建雨水收集池，上马污水处理厂二期工程……关停、补漏、升级，统筹发展和安全，楚源一步一个脚印。

送思想、悟思想、转思想。调弦三部曲，收获真知音。

2016年11月，楚源主动撤诉并接受处罚。2016年12月25日，经相关部门考核验收，楚源集团恢复生产。

瘦了15斤的杨志成，精神一下好了。

“相信共产党，跟着时代走。楚源走出去的人，思想要变，荷包要鼓，腰板才能硬。”

**“思想转弯，是为了发展转型”**

（鱼回）鱼，长江四鲜，石首特产。每年春季，无数（鱼回）鱼逆流而上，阻力越大，生存力越强。

绿色发展的挑战，横在楚源人面前。

2017年，复产后的楚源集团，纳税额仅约7000万元，小杨思想难免打结，“时代是不是不需要我们了？”

信心不足的不只企业。2016年，楚源整改，直接拉低荆州规模以上工业增加值增幅2个百分点，石首地方财政收入少了6700万元。

一部分人觉得罚得“太狠”，“一管就死”，发展与环保难兼容。

另一种声音则主张，化工业高风险，“关停省心”。

如何辩证思考，化危为机？

“推动长江经济带绿色发展首先要解决思想认识问题，特别是不能把生态环境保护和经济发展割裂开来，更不能对立起来。”2018年4月26日，习近平总书记在深入推动长江经济带发展座谈会上指出。

22天后，2018年5月18日，全国生态环境保护大会隆重召开，习近平生态文明思想正式确立。建设人与自然和谐共生的现代化，有了根本遵循和行动指南。

思想的力量在于推动实践。

听说老杨小杨背上思想包袱，省市党委组织部门的同志又一次上门，促膝长谈：“发展是第一要务。思想转弯，是为了发展转型。压力虽大，但你做好了，是不是比别人先走一步？楚源的未来，取决于能否坚定信心，做出个样子来！”

高质量发展没有旁观者，民营企业就是生力军。

“天价罚单”，不能一罚了之。楚源跌倒，是市场调节失灵的结果。“助楚源站起来、强起来，需要有为政府严格监督、及时引导、靠前服务。”石首市委书记王敏说。

坚持政策支持和改革创新并举，投资于物和投资于人紧密结合，既“放得活”又“管得好”。

构建亲清统一的新型政商关系，石首有关部门给楚源送上“大礼包”。政策宣讲、技改支持、科创搭桥、适时纾困……“两个毫不动摇”可感可及，2000多万元奖补环保整治，132件实际困难悄然化解。

再看楚源，2016年至2022年，累计投入约2亿元环保改造，企业能耗下降59%，成为湖北省第一批全国碳交易试点企业。

思想过硬，内心坚定。

曾有农药中间体项目上门谈合作。项目利润率约为100%，一旦上马，重现“纳税亿元户”不是梦。

杨鹏拒绝了。“项目有环境风险，利润再高也不干。今天的楚源，稳中求进更重要。”

转过身，楚源投资4000多万元，改造工艺，建消防站，重大危险源在线监测预警。2025年5月，园区获评安全风险最高标准认证。

漫步今日楚源厂区，中水池清流汩汩，排污数据24小时上传联网。

往南1.7公里，是800户整体搬迁的张城垸社区，当地人称“产业花园小区”。

何善美家老房子，离楚源硫酸车间20米。“过去楚源一开工，家门口就冒黄烟。他要扩张，我要健康，根本没法当邻居。”

政府出面协调，楚源投入5000万元建起绿色共享基金，缴医保，促搬迁，困难户，重点帮。

何善美指着小区绿地，“现在开窗就是好空气，出门花香和鸟语。总书记说的绿色发展，闻得到，看得清！”

楚源厂区往北约1公里，是新洲村。石首人马胜祥投资的共享农庄，稻虾共养，生意红火，还是当地学童的研学乐园。“生态优先、绿色发展，我们也是受益者。”

绿色转型中与获得感一起生长的，还有责任感。

翻看湖北智慧信访信息系统中与楚源有关的各级信访、环保投诉记录：2017年，7件；2018年，3件；2019年，3件；2020年，2件；2021年，1件；2022年至今，0件。

亲清统一、义利统一、高水平保护与高质量发展统一。这条绿色新路，走进小杨心里。

**“因地制宜发展新质生产力，方向明、方法灵”**

船行石首九曲湾，当地人指点：弯急滩险，顺利转弯，潮平岸阔；转不过去，船倾人覆。

船过弯，考验水性；人过坎，挑战心性。

化工行业近年来下行压力大，复产的楚源，似乎再难领跑。

杨鹏一度动了转行的心思，“干脆一退了之、另起炉灶”。

风电、锂电、光伏，风口项目上门谈合作；新能源、新材料、生物医药，杨鹏全国各地找赛道。

风口行业，人家深耕多年等着乘风，自己贸然进入是否只能喝风？跨界投资，是为了开辟实业新赛道，还是脱实向虚挣快钱？

思想是时代的结晶，又引领时代前行。

2023年，学习贯彻习近平新时代中国特色社会主义思想主题教育在全党深入展开。

这次无需他人督促，杨鹏带领楚源人主动以学增智找感觉。

2023年7月，全国生态环境保护大会再次召开。“对于传统行业，不能简单当成‘低端产业’一退了之、一关了之，而是要推动工艺、技术、装备升级，实现绿色低碳转型。”

这一年10月，以长江经济带发展为主题的座谈会第四次召开。总书记再次指明方向：“‘不搞大开发’是不要乱开发、低水平开发、粗放开发、破坏性开发，而是走一条高质量发展的道路、绿色低碳发展的道路。”

2024年全国两会，习近平总书记“下团组”。“发展新质生产力不是要忽视、放弃传统产业，要防止一哄而上、泡沫化，也不要搞一种模式。”

理论引路，切身感悟，思想的迷雾被彻底驱散。

“总书记的话，点醒了我！转型不等于转行。美好生活离不开化工，传统产业因地制宜改造升级，一样能发展新质生产力。”小杨的心，一下子定了。

先立后破，“含绿量”更高。

聚焦主业延链。投资5000万元将生产废物废液“吃干榨净”，进军循环经济，包袱变财富。

做优主业强链。曾经的拳头产品，尾气难处理，果断关停。投资6000万元，上马氯磺酸新产线，环保性、安全性、经济性“三赢”。

稳中求进，“含新值”更足。

用好“两新”政策推动升级。上新生物质锅炉，拥抱智能制造，机器人上岗使效率提高40%。

整合产学研用融通创新。邀请湖北高校“智囊团”，搭建科技成果转化场，湖北省染料中间体产业技术研究院在楚源集团正式挂牌。

科技赋能，两种活性染料的合成新工艺，填补了国内空白。鑫慧化工、华丽染料两家子公司，升级为国家级、省级专精特新“小巨人”企业。

另一个厂区，无尘中试车间，高性能纳米金属新材料正做量产攻坚。一旦成功，将为半导体等新兴产业供应新材料。

中试仍在试错，小杨并不焦躁。“2025年底召开的中央经济工作会议提出，充分挖掘经济潜能，以苦练内功来应对外部挑战。做强实业，我们有足够耐心。”

顶压前行，向新向优。

复产后一度开开停停的楚源，2024年至今满负荷运转，2025年营收预计约20亿元、纳税额预计突破8000万元，分别比2022年增加55.4%、53.5%。

新质生产力本身就是绿色生产力。

“因地制宜发展新质生产力，方向明、方法灵！”

回首这十年，杨鹏打比喻，新思想是指路明灯，新环保法如同“紧箍咒”，民营经济促进法送上“定心丸”，“还是那句话，法治是最好的营商环境，高质量发展是必由之路。”

书柜里，《习近平新时代中国特色社会主义思想专题摘编》放在醒目处。办公桌上，《习近平生态文明文选》《党的二十届四中全会〈建议〉学习辅导百问》，越读越爱不释手。

“十五五”开局，楚源怎么干？

2026年计划投资4亿元，瞄准循环经济，未来目标打造百年绿色楚源。

石首调关矶。由北向南奔涌而来的长江在这里陡然回旋，成就大江东去浩荡气势。

大江从来万山中，山势尽与江流东。

“全国一盘棋，楚源也要在中国式现代化大局中找定位，在民营经济中争做棋筋。”",禹伟良  陆娅楠  唐露薇,要闻,https://paper.people.com.cn/rmrb/pc/content/202601/05/content_30129297.html,2026-01-05,"['楚源', '石首', '思想', '荆州市', '长江', '杨鹏', '习近平', '总书记', '发展', '2016']","“推动长江经济带绿色发展首先要解决思想认识问题”“一定要从思想认识和具体行动上来一个根本转变”。
——习近平
“埋头拉车摔跟头，抬头看路尝甜头。学习新思想方向明，楚源集团认高质量发展这个新时代的硬道理！”",政治
咬定目标  苦干实干,"2026年是“十五五”开局之年。
1月4日，新年首个工作日，记者深入一线探访，广大干部群众咬定目标、苦干实干，为梦想奋斗、为幸福打拼，一个个热气腾腾的场景，映照出蒸蒸日上的中国。
产品图里的创新活力
浙江杭州，宇树科技股份有限公司。会议室内，工程师和技术团队研讨着细节；展厅里，人形机器人等各种产品排开。约11时，市场经理陈嘉欣接待完参观团队，便赶回测试区。只见G1人形机器人从武术到现代舞，再到穿越障碍，动作行云流水。不过，陈嘉欣的任务正是“挑刺”并反馈给技术团队：“后空翻落地可以再稳一点……”
新年伊始，陈嘉欣的手机已塞满待办事项：筹划的机器人跨界合作陆续推进，最近上线的机器人应用商店需要收集用户反馈……“紧盯技术迭代、拥抱全球伙伴、提升用户体验——让这帮‘铁憨憨’融入大家的生活，是我最期待的事。”陈嘉欣说。
动线图里的开放引力
鸣笛声悠长，满载集装箱的货轮缓缓驶入海南洋浦港。靠泊前，船只及货物的信息已“先行一步”，提前完成审核。
上午，海口海关所属洋浦海关监管处处长黎文和同事忙碌起来——有一批免税化妆品预约了现场查验。途经洋浦国际集装箱码头装卸区，可见岸桥起落、货车穿梭。
海南自贸港全岛封关运作以来，出境、进境，通关动线图越发清晰。综合运用多种查验方式，让对外口岸放得开，也能管得住。
约半小时后，该批货物予以放行，送往海口国际免税城。元旦假期，海口海关共监管离岛免税商品销售44.2万件，同比增长52.4%；购物金额7.12亿元，同比增长128.9%。“自贸港‘朋友圈’越来越大，我们要高效保障、贴心服务。”黎文说。
打版图里的增长潜力
“裁剪线、缝合线错不得……”河南商丘睢阳区坞墙镇共富工坊产业园，千绘服饰有限公司里，负责人宋四化紧盯电脑屏幕确认样板绘图，“这批面料防水又透气，做成的冲锋衣很受登山爱好者青睐。”
“需求越多样、市场越细分，就越有发展潜力。比如冲锋衣，有的为公司定制工装，有的深耕登山、骑行等场景，有的用‘潮’设计吸引年轻人。”当地有关负责人介绍，产业园集聚起冲锋衣全链条产业。
“今年准备投用新面料，升级新技术、新设备，向高端市场‘冲锋’。”宋四化说。
导览图里的服务合力
一楼，社区食堂家常菜香气四溢；三楼，“宝宝屋”里，专业保育员领着小朋友做游戏；四楼，舞蹈活动室，大家踩着节拍，舞步轻快。
56岁的岳萌带着孙女哼哼来到上海市静安区共和新路街道党群服务中心。“哼哼去‘宝宝屋’玩得欢。我跳舞健身结束，接上小娃，下楼吃饭，省心又方便。”岳萌说，“哼哼也可喜欢在二楼的图书馆看绘本、听故事呢！”
这里汇聚了托育、文化、助餐、健身等功能，一张导览图注明分布。“围绕居民关心的‘一老一小’，我们探索提供一站式服务。”新的一年，倾听群众需求、对接有关资源，党群服务中心主任葛捷的脚步不停，“接下来要努力让居民享受到更优质的公共服务。”
树状图里的干事动力
“卓玛，鱼咋样啦？”刚到青海省黄南藏族自治州昂拉乡拉毛村，在州农牧局工作的天津市援青干部尤宏争直奔网箱——自动喂饵机旋转投放饵料，不时有三倍体虹鳟跃出水面。嘴里哈着白气，尤宏争抄起一条细细查看。
“壮，‘攒劲’！”村民卓玛答得干脆。
一句“攒劲”背后，尤宏争没少操心：赴多地调研，请专家“把脉”，“立足自然禀赋，敢闯敢试。”
尤宏争将今年工作捋出个“树状图”，“产品提质”的“树干”旁，“联农带农机制完善”“鱼饲料改良”等“枝杈”逐项列明。“细化标准，改善饲料结构，护好生态养好鱼，让鱼更‘攒劲’、效益更‘支棱’！”尤宏争满是信心。
前路迢迢，阔步而行。神州大地上，亿万人民正奋发进取，不断开创中国式现代化建设新局面。
（综合本报记者黄晓慧、乔栋、朱佩娴、窦皓、董泽扬报道）","# 咬定目标  苦干实干

> 本报记者  胡安琪  钱一彬  马  原《人民日报》（2026年01月05日第 01 版）

2026年是“十五五”开局之年。

1月4日，新年首个工作日，记者深入一线探访，广大干部群众咬定目标、苦干实干，为梦想奋斗、为幸福打拼，一个个热气腾腾的场景，映照出蒸蒸日上的中国。

**产品图里的创新活力**

浙江杭州，宇树科技股份有限公司。会议室内，工程师和技术团队研讨着细节；展厅里，人形机器人等各种产品排开。约11时，市场经理陈嘉欣接待完参观团队，便赶回测试区。只见G1人形机器人从武术到现代舞，再到穿越障碍，动作行云流水。不过，陈嘉欣的任务正是“挑刺”并反馈给技术团队：“后空翻落地可以再稳一点……”

新年伊始，陈嘉欣的手机已塞满待办事项：筹划的机器人跨界合作陆续推进，最近上线的机器人应用商店需要收集用户反馈……“紧盯技术迭代、拥抱全球伙伴、提升用户体验——让这帮‘铁憨憨’融入大家的生活，是我最期待的事。”陈嘉欣说。

**动线图里的开放引力**

鸣笛声悠长，满载集装箱的货轮缓缓驶入海南洋浦港。靠泊前，船只及货物的信息已“先行一步”，提前完成审核。

上午，海口海关所属洋浦海关监管处处长黎文和同事忙碌起来——有一批免税化妆品预约了现场查验。途经洋浦国际集装箱码头装卸区，可见岸桥起落、货车穿梭。

海南自贸港全岛封关运作以来，出境、进境，通关动线图越发清晰。综合运用多种查验方式，让对外口岸放得开，也能管得住。

约半小时后，该批货物予以放行，送往海口国际免税城。元旦假期，海口海关共监管离岛免税商品销售44.2万件，同比增长52.4%；购物金额7.12亿元，同比增长128.9%。“自贸港‘朋友圈’越来越大，我们要高效保障、贴心服务。”黎文说。

**打版图里的增长潜力**

“裁剪线、缝合线错不得……”河南商丘睢阳区坞墙镇共富工坊产业园，千绘服饰有限公司里，负责人宋四化紧盯电脑屏幕确认样板绘图，“这批面料防水又透气，做成的冲锋衣很受登山爱好者青睐。”

“需求越多样、市场越细分，就越有发展潜力。比如冲锋衣，有的为公司定制工装，有的深耕登山、骑行等场景，有的用‘潮’设计吸引年轻人。”当地有关负责人介绍，产业园集聚起冲锋衣全链条产业。

“今年准备投用新面料，升级新技术、新设备，向高端市场‘冲锋’。”宋四化说。

**导览图里的服务合力**

一楼，社区食堂家常菜香气四溢；三楼，“宝宝屋”里，专业保育员领着小朋友做游戏；四楼，舞蹈活动室，大家踩着节拍，舞步轻快。

56岁的岳萌带着孙女哼哼来到上海市静安区共和新路街道党群服务中心。“哼哼去‘宝宝屋’玩得欢。我跳舞健身结束，接上小娃，下楼吃饭，省心又方便。”岳萌说，“哼哼也可喜欢在二楼的图书馆看绘本、听故事呢！”

这里汇聚了托育、文化、助餐、健身等功能，一张导览图注明分布。“围绕居民关心的‘一老一小’，我们探索提供一站式服务。”新的一年，倾听群众需求、对接有关资源，党群服务中心主任葛捷的脚步不停，“接下来要努力让居民享受到更优质的公共服务。”

**树状图里的干事动力**

“卓玛，鱼咋样啦？”刚到青海省黄南藏族自治州昂拉乡拉毛村，在州农牧局工作的天津市援青干部尤宏争直奔网箱——自动喂饵机旋转投放饵料，不时有三倍体虹鳟跃出水面。嘴里哈着白气，尤宏争抄起一条细细查看。

“壮，‘攒劲’！”村民卓玛答得干脆。

一句“攒劲”背后，尤宏争没少操心：赴多地调研，请专家“把脉”，“立足自然禀赋，敢闯敢试。”

尤宏争将今年工作捋出个“树状图”，“产品提质”的“树干”旁，“联农带农机制完善”“鱼饲料改良”等“枝杈”逐项列明。“细化标准，改善饲料结构，护好生态养好鱼，让鱼更‘攒劲’、效益更‘支棱’！”尤宏争满是信心。

前路迢迢，阔步而行。神州大地上，亿万人民正奋发进取，不断开创中国式现代化建设新局面。

（综合本报记者黄晓慧、乔栋、朱佩娴、窦皓、董泽扬报道）",胡安琪  钱一彬  马  原,要闻,https://paper.people.com.cn/rmrb/pc/content/202601/05/content_30129302.html,2026-01-05,"['尤宏争', '陈嘉欣', '冲锋衣', '攒劲', '图里', '机器人', '哼哼', '免税', '党群', '海口']","2026年是“十五五”开局之年。
1月4日，新年首个工作日，记者深入一线探访，广大干部群众咬定目标、苦干实干，为梦想奋斗、为幸福打拼，一个个热气腾腾的场景，映照出蒸蒸日上的中国。
产品图里的创新活力",经济
一起为梦想奋斗、为幸福打拼,"“山海寻梦，不觉其远；前路迢迢，阔步而行。”在二〇二六年新年贺词中，习近平主席殷切寄语：“一起为梦想奋斗、为幸福打拼，把宏伟愿景变成美好现实。”
我们脚下这条路，从来不是坦途。
科技工作者埋头攻关，助力我国成为创新力上升最快的经济体之一；广大农民辛勤耕耘，夯实我国粮食生产年年丰收的根基；企业家敢闯敢试、外贸商户不惧风雨，增进我国经济的强大韧性……
中国发展的奇迹，是无数双手拼搏奋斗出来的，是无数双肩膀扛起困难打拼出来的，是无数颗心想在一起、干在一起创造出来的。
走过千山万水，还要跋山涉水。“十五五”蓝图起笔，“两步走”战略稳步推进，我们不能有喘口气、歇歇脚的想法。一起为梦想奋斗、为幸福打拼，才能开辟锦绣前程、绘就壮美画卷。
向未来，让我们“拿出跃马扬鞭的勇气”。
面对更加复杂激烈的大国博弈，如何做到腿肚子不抖、腰杆子不弯？面对“躲不开、绕不过”的老问题、新挑战，如何才能逢山开路、遇水搭桥？面对挺进深水区、开拓无人区的困难和风险，如何才能越沟迈壑、一往无前？
前无古人的开创性事业，没有现成模板可套，没有轻松路径可走。习近平总书记曾说过：“每当辞旧迎新，总会念及中华民族千年传承的浩然之气，倍增前行信心。”
过去5年的艰苦奋斗，我们在砥砺奋进中进一步增强了志气、骨气、底气，彰显了中国人民不惧任何困难和风险的硬核实力。“十五五”开好局起好步，我们要以坚如磐石的信心奋勇搏击、迎难而上。
向未来，让我们“激发万马奔腾的活力”。
活力凝结在科研一线矢志攻坚的专注背影里，也奔涌于“城超”“村超”所点燃的全民热情中；厚植于文博热、非遗热所彰显的文化自信里，也绽放在千万工匠、新农人、新就业群体平凡岗位中……每个人的努力奔跑，成就了繁荣发展的活力中国。
今日中国，创新创造的活力正持续转化为经济动能，成为全球新技术的“推广场”“应用场”。让一切创新创造的源泉充分涌流，让一切向新发展的动能竞相迸发，定能形成百舸争流、千帆竞发的生动局面。
向未来，让我们“保持马不停蹄的干劲”。
攻关者不舍昼夜的灯火，建设者顶风冒雪的身影，奉献者遍布乡野的足迹……每一位劳动者在平凡岗位上的执着坚守，生动诠释着“社会主义是干出来的，新时代是奋斗出来的”道理。
实干是最朴素的方法论，也是攻坚克难的金钥匙。
从因地制宜发展新质生产力，到持续巩固壮大实体经济根基，再到加快补齐民生领域短板，以“看准了就坚定不移抓”的劲头、“一年接着一年干”的韧劲，创造性贯彻落实党中央决策部署，我们定能用实干筑牢发展根基。
披荆斩棘，笃行不怠。在实现现代化的历史长跑中，我们要把拼搏和奋斗镌刻在历史坐标中，把光荣与梦想书写在广阔的中国大地上。","# 一起为梦想奋斗、为幸福打拼

> 本报评论员《人民日报》（2026年01月05日第 02 版）

“山海寻梦，不觉其远；前路迢迢，阔步而行。”在二〇二六年新年贺词中，习近平主席殷切寄语：“一起为梦想奋斗、为幸福打拼，把宏伟愿景变成美好现实。”

我们脚下这条路，从来不是坦途。

科技工作者埋头攻关，助力我国成为创新力上升最快的经济体之一；广大农民辛勤耕耘，夯实我国粮食生产年年丰收的根基；企业家敢闯敢试、外贸商户不惧风雨，增进我国经济的强大韧性……

中国发展的奇迹，是无数双手拼搏奋斗出来的，是无数双肩膀扛起困难打拼出来的，是无数颗心想在一起、干在一起创造出来的。

走过千山万水，还要跋山涉水。“十五五”蓝图起笔，“两步走”战略稳步推进，我们不能有喘口气、歇歇脚的想法。一起为梦想奋斗、为幸福打拼，才能开辟锦绣前程、绘就壮美画卷。

向未来，让我们“拿出跃马扬鞭的勇气”。

面对更加复杂激烈的大国博弈，如何做到腿肚子不抖、腰杆子不弯？面对“躲不开、绕不过”的老问题、新挑战，如何才能逢山开路、遇水搭桥？面对挺进深水区、开拓无人区的困难和风险，如何才能越沟迈壑、一往无前？

前无古人的开创性事业，没有现成模板可套，没有轻松路径可走。习近平总书记曾说过：“每当辞旧迎新，总会念及中华民族千年传承的浩然之气，倍增前行信心。”

过去5年的艰苦奋斗，我们在砥砺奋进中进一步增强了志气、骨气、底气，彰显了中国人民不惧任何困难和风险的硬核实力。“十五五”开好局起好步，我们要以坚如磐石的信心奋勇搏击、迎难而上。

向未来，让我们“激发万马奔腾的活力”。

活力凝结在科研一线矢志攻坚的专注背影里，也奔涌于“城超”“村超”所点燃的全民热情中；厚植于文博热、非遗热所彰显的文化自信里，也绽放在千万工匠、新农人、新就业群体平凡岗位中……每个人的努力奔跑，成就了繁荣发展的活力中国。

今日中国，创新创造的活力正持续转化为经济动能，成为全球新技术的“推广场”“应用场”。让一切创新创造的源泉充分涌流，让一切向新发展的动能竞相迸发，定能形成百舸争流、千帆竞发的生动局面。

向未来，让我们“保持马不停蹄的干劲”。

攻关者不舍昼夜的灯火，建设者顶风冒雪的身影，奉献者遍布乡野的足迹……每一位劳动者在平凡岗位上的执着坚守，生动诠释着“社会主义是干出来的，新时代是奋斗出来的”道理。

实干是最朴素的方法论，也是攻坚克难的金钥匙。

从因地制宜发展新质生产力，到持续巩固壮大实体经济根基，再到加快补齐民生领域短板，以“看准了就坚定不移抓”的劲头、“一年接着一年干”的韧劲，创造性贯彻落实党中央决策部署，我们定能用实干筑牢发展根基。

披荆斩棘，笃行不怠。在实现现代化的历史长跑中，我们要把拼搏和奋斗镌刻在历史坐标中，把光荣与梦想书写在广阔的中国大地上。",本报评论员,要闻,https://paper.people.com.cn/rmrb/pc/content/202601/05/content_30129304.html,2026-01-05,"['奋斗', '打拼', '梦想', '我们', '活力', '根基', '一起', '实干', '出来', '幸福']","“山海寻梦，不觉其远；前路迢迢，阔步而行。”在二〇二六年新年贺词中，习近平主席殷切寄语：“一起为梦想奋斗、为幸福打拼，把宏伟愿景变成美好现实。”
我们脚下这条路，从来不是坦途。
科技工作者埋头攻关，助力我国成为创新力上升最快的经济体之一；广大农民辛勤耕耘，夯实我国粮食生产年年丰收的根基；企业家敢闯敢试、外贸商户不惧风雨，增进我国经济的强大韧性……",政治
新年贺词映照奋斗荣光,"“十四五”收官，“十五五”开启。时光刻度间不变的是向上向前的力量。
“我向每一位辛勤付出的奋斗者致敬！”习近平主席在二〇二六年新年贺词中，深情回望中国式现代化的铿锵足迹，热忱点赞强国建设、民族复兴征程上的奋斗身影。
田间地头、工厂车间、科技前沿、边防一线，广大奋斗者用创新创造书写新时代荣光。
“让我们拿出跃马扬鞭的勇气，激发万马奔腾的活力，保持马不停蹄的干劲，一起为梦想奋斗、为幸福打拼，把宏伟愿景变成美好现实。”回顾这些年的新年贺词，我们从中寻得奋进的力量。
勇担奋斗之责：铸就欣欣向荣的中国
浩瀚宇宙，太空逐梦。神舟二十一号航天员乘组顺利进驻“天宫”，圆满完成首次出舱活动。
南海之滨，潮声激荡。海南自贸港，一站式飞机维修产业基地内，工程师们调试检修来自全球多个国家和地区的飞机。
从广袤太空见证中国高度，到全球业务见证开放力度，大家拼搏奋斗，汇聚成新时代中国昂扬奋进的洪流。
习近平主席在二〇二六年新年贺词中指出：“大家拼搏进取、耕耘奉献，铸就了欣欣向荣的中国。”
嫦娥六号首次月背采样，梦想号探秘大洋，天问二号开启“追星”之旅……今天的中国，是梦想接连实现的中国。我们敢于走别人没有走过的路，在星辰大海书写一个又一个传奇。
习近平总书记感慨系之：“这一切，凝结着无数人的辛勤付出和汗水。点点星火，汇聚成炬，这就是中国力量！”
“十四五”以来，我国经济实力、科技实力、国防实力、综合国力跃上新台阶，绿水青山成为亮丽底色，人民群众获得感幸福感安全感不断增强。
人形机器人，新质生产力的具象表达。
登上春晚舞台扭秧歌，亮相机器人运动会，“成建制”进入汽车工厂“打工”……2025年被视为我国人形机器人“量产元年”。作为全球第一大机器人生产国，中国持有的机器人相关有效专利已超19万项，占全球总量约2/3。
人工智能，一项年轻的事业，也是年轻人的事业。
在上海“模速空间”，习近平总书记勉励现场青年创新人才，“要怀爱国之心、立报国之志、增强国之能，把个人奋斗同国家前途命运紧紧联系在一起，跑好历史的接力棒”。
新时代的奋斗者正以智慧与创造，让越来越多的科技创新跑出“加速度”，跑进“决赛圈”，跑上“领奖台”。
“在此，我要向每一位科学家、每一位工程师、每一位‘大国工匠’、每一位建设者和参与者致敬！”新年贺词中，习近平主席为创新点赞、为奋斗鼓劲。
强国必先强军，军强才能国安。
“排雷英雄战士”杜富国，写下“清澈的爱、只为中国”的陈祥榕……“人民子弟兵永远是保卫祖国的钢铁长城，让我们向守护家园的忠诚卫士们致敬！”
九三阅兵，旗帜高扬；福建舰入列，劈波斩浪。过去的一年，人民军队强军建设步履铿锵。
“惟有忠诚使命、不懈奋斗，才能不负统帅信任重托。”福建舰官兵豪情满怀，“我们有信心驾驭新型国产航母，挺进深蓝、搏击海天。”
时间飞驰向前，奋斗者步履不停。
“我们要一往无前、顽强拼搏，让明天的中国更美好”“明天的中国，奋斗创造奇迹”……重温这些年的新年贺词，殷殷寄语，读来温暖有力。
光景越是美好、征途越是光明，越需要我们持续奋斗、勇毅前行。
我们的蓝图是宏伟的，民族复兴的重任是艰巨的。一个个奔跑的追梦人，踔厉奋发、笃行不怠，托举起自立自强的中国。
砥砺奋斗之志：共创共享美好生活
一辈子深藏功名、初心不改的张富清，守岛卫国数十年如一日的王继才，把青春和生命献给脱贫事业的黄文秀……盘点新年贺词，一个个名字耳熟能详，他们咬定青山不放松，用奋斗书写无悔人生。
无论是国家勋章和国家荣誉称号获得者，还是快递小哥、环卫工人、出租车司机，习近平总书记都记挂在心。暖心的问候，细致的关怀，传递着人民领袖对奋斗者的关爱厚望。
“山海寻梦，不觉其远；前路迢迢，阔步而行”“幸福都是奋斗出来的”“天上不会掉馅饼，努力奋斗才能梦想成真”……谆谆话语，澎湃强大精神动力，让奋斗成为新时代最亮丽的底色。
“历经8年，现行标准下近1亿农村贫困人口全部脱贫，832个贫困县全部摘帽。”习近平主席在二〇二一年新年贺词中的郑重宣告让全国人民为之振奋。
打赢脱贫攻坚战、全面建成小康社会，离不开全党全国各族人民的共同奋斗。
“280多万驻村干部、第一书记，工作很投入、很给力，一定要保重身体”“要倾听基层干部心声，让敢担当有作为的干部有干劲、有奔头”……新年贺词中的这些话，暖心提气。
数十年如一日扎根太行山、用科技把荒山秃岭抛进历史的李保国；率众在绝壁凿出“生命渠”、用实干兑现“水过不去、拿命来铺”的黄大发；扎根脱贫一线、担任湖南炎陵县委书记9年走遍全县120个村庄的黄诗燕……幸福生活的背后，是千千万万追梦人的接续奋斗、倾情奉献。
“从雪域高原到天山南北，各族群众心手相连，像石榴籽一样紧紧抱在一起，大家用洁白的哈达、热情的歌舞，表达对祖国的热爱、对幸福的礼赞。”习近平主席在二〇二六年新年贺词中说。
2025年是脱贫攻坚任务完成后5年过渡期的最后一年。脱贫地区广大干部群众齐心协力、善作善成，群众的日子越过越红火。
青年兴则国家兴，中国发展要靠广大青年挺膺担当。
新年贺词中，习近平主席勉励青年“以奋斗姿态激扬青春，不负时代，不负华年”。
好儿女志在四方。这些年，越来越多的有志青年选择到西部、到乡村、到基层，到祖国和人民最需要的地方去建功立业。
今天的中国，是赓续民族精神的中国。
伟大奋斗精神是中华民族最宝贵的精神财富、最丰沛的精神力量。
困难面前豁得出，关键时候顶得上。在地震、洪水、干旱、山火等自然灾害面前，“一幕幕舍生取义、守望相助的场景感人至深，英雄的事迹永远铭记在我们心中”。
平凡铸就伟大，英雄来自人民。“许许多多无怨无悔、倾情奉献的无名英雄，他们以普通人的平凡书写了不平凡的人生。”
大道如砥，奋斗如歌。
习近平主席在二〇二六年新年贺词中指出，“我们依靠创新为高质量发展赋能”“我们以文化滋养精神家园”“我们共创共享美好生活”“我们继续敞开胸怀拥抱世界”。
新时代是奋斗者的时代。有了奋斗精神的强大支撑，才有“当惊世界殊”的发展成就、“平视世界”的从容自信、“没有任何力量能够阻挡”的战略定力。
凝聚奋斗之力：续写中国奇迹新篇章
中国式现代化的新征程上，每一个人都是主角，每一份付出都弥足珍贵，每一束光芒都熠熠生辉。
“柴米油盐、三餐四季，每个‘小家’热气腾腾，中国这个‘大家’就蒸蒸日上。”习近平主席在二〇二六年新年贺词中强调。
寒意渐浓，贵州罗甸县多个标准化蔬菜基地及农户田间，依旧热火朝天。农户们辛勤劳作，或娴熟地整地起垄、覆盖地膜，或精心地进行菜苗移栽定植，好一幅生机盎然的“冬耕生产图”。
岁末年初，广西南宁市一处产业园施工现场，高空车、塔吊等大型机械开足马力，数十名作业人员坚守岗位抢抓施工期，奏响了攻坚奋进的“冬日交响曲”。
辛勤劳作的农民，埋头苦干的工人，敢闯敢拼的创业者……大家一整年忙碌着，付出了，奉献了，也收获了。
光荣属于每一位辛劳的奋斗者。
“这个时候，快递小哥、环卫工人、出租车司机以及千千万万的劳动者，还在辛勤工作，我们要感谢这些美好生活的创造者、守护者。大家辛苦了。”新年贺词里，有人民至上的深情。
“大国之大，也有大国之重。千头万绪的事，说到底是千家万户的事。”
“我们的目标很宏伟，也很朴素，归根到底就是让老百姓过上更好的日子。”
“家事国事天下事，让人民过上幸福生活是头等大事。”
…………
国之所向，家之所盼。人民群众最关心的就是教育、就业、收入、社保、医疗、养老、居住、环境等方面的事情，大家有许多收获，也有不少操心事、烦心事。
在二〇一八年新年贺词中，习近平主席要求各级党委、政府和干部“要把老百姓的安危冷暖时刻放在心上，以造福人民为最大政绩，想群众之所想，急群众之所急，让人民生活更加幸福美满”。
一切伟大成就都是接续奋斗的结果，一切伟大事业都需要在继往开来中推进。
党的二十届四中全会提出，“实现社会主义现代化是一个阶梯式递进、不断发展进步的历史过程，需要不懈努力、接续奋斗。”
征途漫漫，惟有奋斗。
正如习近平总书记所言，“14亿多中国人心往一处想、劲往一处使，同舟共济、众志成城，就没有干不成的事、迈不过的坎。”
2026年是“十五五”开局之年。习近平主席在二〇二六年新年贺词中指出：“锐始者必图其终，成功者先计于始。我们要锚定目标任务，坚定信心、乘势而上，扎实推动高质量发展，进一步全面深化改革开放，推进全体人民共同富裕，续写中国奇迹新篇章。”
时间属于奋进者，历史属于奋进者。我们通过奋斗，披荆斩棘，走过了万水千山。我们还要继续奋斗，勇往直前，创造更加灿烂的辉煌！","# 新年贺词映照奋斗荣光

> 本报记者  李昌禹  亓玉昆《人民日报》（2026年01月05日第 02 版）

“十四五”收官，“十五五”开启。时光刻度间不变的是向上向前的力量。

“我向每一位辛勤付出的奋斗者致敬！”习近平主席在二〇二六年新年贺词中，深情回望中国式现代化的铿锵足迹，热忱点赞强国建设、民族复兴征程上的奋斗身影。

田间地头、工厂车间、科技前沿、边防一线，广大奋斗者用创新创造书写新时代荣光。

“让我们拿出跃马扬鞭的勇气，激发万马奔腾的活力，保持马不停蹄的干劲，一起为梦想奋斗、为幸福打拼，把宏伟愿景变成美好现实。”回顾这些年的新年贺词，我们从中寻得奋进的力量。

**勇担奋斗之责：铸就欣欣向荣的中国**

浩瀚宇宙，太空逐梦。神舟二十一号航天员乘组顺利进驻“天宫”，圆满完成首次出舱活动。

南海之滨，潮声激荡。海南自贸港，一站式飞机维修产业基地内，工程师们调试检修来自全球多个国家和地区的飞机。

从广袤太空见证中国高度，到全球业务见证开放力度，大家拼搏奋斗，汇聚成新时代中国昂扬奋进的洪流。

习近平主席在二〇二六年新年贺词中指出：“大家拼搏进取、耕耘奉献，铸就了欣欣向荣的中国。”

嫦娥六号首次月背采样，梦想号探秘大洋，天问二号开启“追星”之旅……今天的中国，是梦想接连实现的中国。我们敢于走别人没有走过的路，在星辰大海书写一个又一个传奇。

习近平总书记感慨系之：“这一切，凝结着无数人的辛勤付出和汗水。点点星火，汇聚成炬，这就是中国力量！”

“十四五”以来，我国经济实力、科技实力、国防实力、综合国力跃上新台阶，绿水青山成为亮丽底色，人民群众获得感幸福感安全感不断增强。

人形机器人，新质生产力的具象表达。

登上春晚舞台扭秧歌，亮相机器人运动会，“成建制”进入汽车工厂“打工”……2025年被视为我国人形机器人“量产元年”。作为全球第一大机器人生产国，中国持有的机器人相关有效专利已超19万项，占全球总量约2/3。

人工智能，一项年轻的事业，也是年轻人的事业。

在上海“模速空间”，习近平总书记勉励现场青年创新人才，“要怀爱国之心、立报国之志、增强国之能，把个人奋斗同国家前途命运紧紧联系在一起，跑好历史的接力棒”。

新时代的奋斗者正以智慧与创造，让越来越多的科技创新跑出“加速度”，跑进“决赛圈”，跑上“领奖台”。

“在此，我要向每一位科学家、每一位工程师、每一位‘大国工匠’、每一位建设者和参与者致敬！”新年贺词中，习近平主席为创新点赞、为奋斗鼓劲。

强国必先强军，军强才能国安。

“排雷英雄战士”杜富国，写下“清澈的爱、只为中国”的陈祥榕……“人民子弟兵永远是保卫祖国的钢铁长城，让我们向守护家园的忠诚卫士们致敬！”

九三阅兵，旗帜高扬；福建舰入列，劈波斩浪。过去的一年，人民军队强军建设步履铿锵。

“惟有忠诚使命、不懈奋斗，才能不负统帅信任重托。”福建舰官兵豪情满怀，“我们有信心驾驭新型国产航母，挺进深蓝、搏击海天。”

时间飞驰向前，奋斗者步履不停。

“我们要一往无前、顽强拼搏，让明天的中国更美好”“明天的中国，奋斗创造奇迹”……重温这些年的新年贺词，殷殷寄语，读来温暖有力。

光景越是美好、征途越是光明，越需要我们持续奋斗、勇毅前行。

我们的蓝图是宏伟的，民族复兴的重任是艰巨的。一个个奔跑的追梦人，踔厉奋发、笃行不怠，托举起自立自强的中国。

**砥砺奋斗之志：共创共享美好生活**

一辈子深藏功名、初心不改的张富清，守岛卫国数十年如一日的王继才，把青春和生命献给脱贫事业的黄文秀……盘点新年贺词，一个个名字耳熟能详，他们咬定青山不放松，用奋斗书写无悔人生。

无论是国家勋章和国家荣誉称号获得者，还是快递小哥、环卫工人、出租车司机，习近平总书记都记挂在心。暖心的问候，细致的关怀，传递着人民领袖对奋斗者的关爱厚望。

“山海寻梦，不觉其远；前路迢迢，阔步而行”“幸福都是奋斗出来的”“天上不会掉馅饼，努力奋斗才能梦想成真”……谆谆话语，澎湃强大精神动力，让奋斗成为新时代最亮丽的底色。

“历经8年，现行标准下近1亿农村贫困人口全部脱贫，832个贫困县全部摘帽。”习近平主席在二〇二一年新年贺词中的郑重宣告让全国人民为之振奋。

打赢脱贫攻坚战、全面建成小康社会，离不开全党全国各族人民的共同奋斗。

“280多万驻村干部、第一书记，工作很投入、很给力，一定要保重身体”“要倾听基层干部心声，让敢担当有作为的干部有干劲、有奔头”……新年贺词中的这些话，暖心提气。

数十年如一日扎根太行山、用科技把荒山秃岭抛进历史的李保国；率众在绝壁凿出“生命渠”、用实干兑现“水过不去、拿命来铺”的黄大发；扎根脱贫一线、担任湖南炎陵县委书记9年走遍全县120个村庄的黄诗燕……幸福生活的背后，是千千万万追梦人的接续奋斗、倾情奉献。

“从雪域高原到天山南北，各族群众心手相连，像石榴籽一样紧紧抱在一起，大家用洁白的哈达、热情的歌舞，表达对祖国的热爱、对幸福的礼赞。”习近平主席在二〇二六年新年贺词中说。

2025年是脱贫攻坚任务完成后5年过渡期的最后一年。脱贫地区广大干部群众齐心协力、善作善成，群众的日子越过越红火。

青年兴则国家兴，中国发展要靠广大青年挺膺担当。

新年贺词中，习近平主席勉励青年“以奋斗姿态激扬青春，不负时代，不负华年”。

好儿女志在四方。这些年，越来越多的有志青年选择到西部、到乡村、到基层，到祖国和人民最需要的地方去建功立业。

今天的中国，是赓续民族精神的中国。

伟大奋斗精神是中华民族最宝贵的精神财富、最丰沛的精神力量。

困难面前豁得出，关键时候顶得上。在地震、洪水、干旱、山火等自然灾害面前，“一幕幕舍生取义、守望相助的场景感人至深，英雄的事迹永远铭记在我们心中”。

平凡铸就伟大，英雄来自人民。“许许多多无怨无悔、倾情奉献的无名英雄，他们以普通人的平凡书写了不平凡的人生。”

大道如砥，奋斗如歌。

习近平主席在二〇二六年新年贺词中指出，“我们依靠创新为高质量发展赋能”“我们以文化滋养精神家园”“我们共创共享美好生活”“我们继续敞开胸怀拥抱世界”。

新时代是奋斗者的时代。有了奋斗精神的强大支撑，才有“当惊世界殊”的发展成就、“平视世界”的从容自信、“没有任何力量能够阻挡”的战略定力。

**凝聚奋斗之力：续写中国奇迹新篇章**

中国式现代化的新征程上，每一个人都是主角，每一份付出都弥足珍贵，每一束光芒都熠熠生辉。

“柴米油盐、三餐四季，每个‘小家’热气腾腾，中国这个‘大家’就蒸蒸日上。”习近平主席在二〇二六年新年贺词中强调。

寒意渐浓，贵州罗甸县多个标准化蔬菜基地及农户田间，依旧热火朝天。农户们辛勤劳作，或娴熟地整地起垄、覆盖地膜，或精心地进行菜苗移栽定植，好一幅生机盎然的“冬耕生产图”。

岁末年初，广西南宁市一处产业园施工现场，高空车、塔吊等大型机械开足马力，数十名作业人员坚守岗位抢抓施工期，奏响了攻坚奋进的“冬日交响曲”。

辛勤劳作的农民，埋头苦干的工人，敢闯敢拼的创业者……大家一整年忙碌着，付出了，奉献了，也收获了。

光荣属于每一位辛劳的奋斗者。

“这个时候，快递小哥、环卫工人、出租车司机以及千千万万的劳动者，还在辛勤工作，我们要感谢这些美好生活的创造者、守护者。大家辛苦了。”新年贺词里，有人民至上的深情。

“大国之大，也有大国之重。千头万绪的事，说到底是千家万户的事。”

“我们的目标很宏伟，也很朴素，归根到底就是让老百姓过上更好的日子。”

“家事国事天下事，让人民过上幸福生活是头等大事。”

…………

国之所向，家之所盼。人民群众最关心的就是教育、就业、收入、社保、医疗、养老、居住、环境等方面的事情，大家有许多收获，也有不少操心事、烦心事。

在二〇一八年新年贺词中，习近平主席要求各级党委、政府和干部“要把老百姓的安危冷暖时刻放在心上，以造福人民为最大政绩，想群众之所想，急群众之所急，让人民生活更加幸福美满”。

一切伟大成就都是接续奋斗的结果，一切伟大事业都需要在继往开来中推进。

党的二十届四中全会提出，“实现社会主义现代化是一个阶梯式递进、不断发展进步的历史过程，需要不懈努力、接续奋斗。”

征途漫漫，惟有奋斗。

正如习近平总书记所言，“14亿多中国人心往一处想、劲往一处使，同舟共济、众志成城，就没有干不成的事、迈不过的坎。”

2026年是“十五五”开局之年。习近平主席在二〇二六年新年贺词中指出：“锐始者必图其终，成功者先计于始。我们要锚定目标任务，坚定信心、乘势而上，扎实推动高质量发展，进一步全面深化改革开放，推进全体人民共同富裕，续写中国奇迹新篇章。”

时间属于奋进者，历史属于奋进者。我们通过奋斗，披荆斩棘，走过了万水千山。我们还要继续奋斗，勇往直前，创造更加灿烂的辉煌！",李昌禹  亓玉昆,要闻,https://paper.people.com.cn/rmrb/pc/content/202601/05/content_30129305.html,2026-01-05,"['奋斗', '新年贺词', '习近平', '奋斗者', '脱贫', '人民', '我们', '主席', '中国', '奋进']","“十四五”收官，“十五五”开启。时光刻度间不变的是向上向前的力量。
“我向每一位辛勤付出的奋斗者致敬！”习近平主席在二〇二六年新年贺词中，深情回望中国式现代化的铿锵足迹，热忱点赞强国建设、民族复兴征程上的奋斗身影。
田间地头、工厂车间、科技前沿、边防一线，广大奋斗者用创新创造书写新时代荣光。",政治
用好“拉索”，揭示宇宙线起源之谜（奋进“十五五”·一线见闻）,"加强原始创新和关键核心技术攻关。
——摘自“十五五”规划建议
宇宙中充满高能粒子流，即宇宙线。这些来自宇宙深处的“信使”，携带了其诞生地和宇宙极端环境的神秘信息。其中，千万亿电子伏特（拍电子伏特）左右能区的宇宙线数量会断崖式下降，这个结构因为形似人的膝盖，被称为“膝”区。然而，“膝”区的宇宙线稀少，卫星探测器面积有限，探测如同大海捞针。“拉索”如同一双慧眼，能清晰地将质子从纷繁复杂的粒子中筛选出来并进行精确测量。
2025年11月16日，当“‘拉索’破解宇宙线‘膝’形成之谜”科学成果对全社会发布时，我悬着的心终于落了地。
高海拔宇宙线观测站（LHAASO，中文简称“拉索”）在四川稻城县海子山上建成后，我们便投入到了数据分析中。经过多年的观测运行、不断验证，我们终于发现，黑洞吸积驱动的微类星体是银河系中强大的粒子加速器，能够将质子加速至拍电子伏特能段；宇宙线质子能谱“膝”区显现超出预期的高能组分，黑洞正是其最可能的候选源天体。这一发现，不仅揭示了宇宙线起源的关键机制，也为理解黑洞系统的极端物理过程开辟了一条新途径。
一开始，我们对怎么开展研究也没有把握。“拉索”的3个子探测器阵列各自都有坐标系，并且模拟数据和实验数据坐标系初期也没有统一，涉及多个坐标系之间的转化。实验室里，大家反复模拟，终于完成了坐标设置。
当2023年年初看到宇宙线质子能谱的基本形状时，结果出人意料，虽然显示的是“膝”的结构，但“膝”区并非预想中的简单转折，而是“鼓了一个包”。这个“鼓包”意味着存在一类新的、能产生极高能量宇宙线的源头。接下来，就需要充分验证能谱误差，直至最终确定。
“拉索”观测的新结果与其他过往研究共同表明，银河系内存在多种类的加速源，每一类有各自独特的加速能力和能量范围，而“膝”正是产生高能组分的源的加速极限表现。
接下来，我们计划测量能量范围更为宽泛的质子能谱，最终覆盖4个量级的能量区间。展望“十五五”，团队将进一步深耕科学数据、推动技术升级，面向国际基础研究重大前沿问题，不断探索和解答宇宙线研究领域的科学问题。
（作者为中国科学院高能物理研究所副研究员，本报记者游仪采访整理）
■延伸阅读
“拉索”如何探测宇宙高能粒子信号
“拉索”是我国自主建设的大型宇宙线观测装置，位于四川稻城县海拔4410米的海子山上。作为目前全球最灵敏的超高能伽马射线探测装置，“拉索”能帮助人类“解码”来自宇宙深处的高能粒子信号，揭示极端天体活动的物理机制。
宇宙线是来自外太空的高能粒子流，携带着宇宙中天体演化的重要信息。然而，宇宙线能量越高，数量越稀少，探测难度极大。
2019年起，“拉索”采用“边建设、边运行”的模式，探测器阵列逐步分批投入科学运行。通过地面簇射粒子探测器阵列、水切伦科夫探测器阵列以及18台广角大气切伦科夫望远镜，实现了对超高能宇宙线及伽马射线的高精度、全天候观测。
（本报记者游仪整理）","# 用好“拉索”，揭示宇宙线起源之谜（奋进“十五五”·一线见闻）

> 尹丽巧《人民日报》（2026年01月05日第 04 版）

加强原始创新和关键核心技术攻关。

——摘自“十五五”规划建议

宇宙中充满高能粒子流，即宇宙线。这些来自宇宙深处的“信使”，携带了其诞生地和宇宙极端环境的神秘信息。其中，千万亿电子伏特（拍电子伏特）左右能区的宇宙线数量会断崖式下降，这个结构因为形似人的膝盖，被称为“膝”区。然而，“膝”区的宇宙线稀少，卫星探测器面积有限，探测如同大海捞针。“拉索”如同一双慧眼，能清晰地将质子从纷繁复杂的粒子中筛选出来并进行精确测量。

2025年11月16日，当“‘拉索’破解宇宙线‘膝’形成之谜”科学成果对全社会发布时，我悬着的心终于落了地。

高海拔宇宙线观测站（LHAASO，中文简称“拉索”）在四川稻城县海子山上建成后，我们便投入到了数据分析中。经过多年的观测运行、不断验证，我们终于发现，黑洞吸积驱动的微类星体是银河系中强大的粒子加速器，能够将质子加速至拍电子伏特能段；宇宙线质子能谱“膝”区显现超出预期的高能组分，黑洞正是其最可能的候选源天体。这一发现，不仅揭示了宇宙线起源的关键机制，也为理解黑洞系统的极端物理过程开辟了一条新途径。

一开始，我们对怎么开展研究也没有把握。“拉索”的3个子探测器阵列各自都有坐标系，并且模拟数据和实验数据坐标系初期也没有统一，涉及多个坐标系之间的转化。实验室里，大家反复模拟，终于完成了坐标设置。

当2023年年初看到宇宙线质子能谱的基本形状时，结果出人意料，虽然显示的是“膝”的结构，但“膝”区并非预想中的简单转折，而是“鼓了一个包”。这个“鼓包”意味着存在一类新的、能产生极高能量宇宙线的源头。接下来，就需要充分验证能谱误差，直至最终确定。

“拉索”观测的新结果与其他过往研究共同表明，银河系内存在多种类的加速源，每一类有各自独特的加速能力和能量范围，而“膝”正是产生高能组分的源的加速极限表现。

接下来，我们计划测量能量范围更为宽泛的质子能谱，最终覆盖4个量级的能量区间。展望“十五五”，团队将进一步深耕科学数据、推动技术升级，面向国际基础研究重大前沿问题，不断探索和解答宇宙线研究领域的科学问题。

（作者为中国科学院高能物理研究所副研究员，本报记者游仪采访整理）

**■延伸阅读**

**“拉索”如何探测宇宙高能粒子信号**

“拉索”是我国自主建设的大型宇宙线观测装置，位于四川稻城县海拔4410米的海子山上。作为目前全球最灵敏的超高能伽马射线探测装置，“拉索”能帮助人类“解码”来自宇宙深处的高能粒子信号，揭示极端天体活动的物理机制。

宇宙线是来自外太空的高能粒子流，携带着宇宙中天体演化的重要信息。然而，宇宙线能量越高，数量越稀少，探测难度极大。

2019年起，“拉索”采用“边建设、边运行”的模式，探测器阵列逐步分批投入科学运行。通过地面簇射粒子探测器阵列、水切伦科夫探测器阵列以及18台广角大气切伦科夫望远镜，实现了对超高能宇宙线及伽马射线的高精度、全天候观测。

（本报记者游仪整理）",尹丽巧,要闻,https://paper.people.com.cn/rmrb/pc/content/202601/05/content_30129315.html,2026-01-05,"['宇宙线', '拉索', '高能', '宇宙', '探测器', '质子', '阵列', '能谱', '粒子', '电子伏特']","加强原始创新和关键核心技术攻关。
——摘自“十五五”规划建议
宇宙中充满高能粒子流，即宇宙线。这些来自宇宙深处的“信使”，携带了其诞生地和宇宙极端环境的神秘信息。其中，千万亿电子伏特（拍电子伏特）左右能区的宇宙线数量会断崖式下降，这个结构因为形似人的膝盖，被称为“膝”区。然而，“膝”区的宇宙线稀少，卫星探测器面积有限，探测如同大海捞针。“拉索”如同一双慧眼，能清晰地将质子从纷繁复杂的粒子中筛选出来并进行精确测量。",社会
开辟新径  破解难题（编辑手记）,"宇宙线如何起源？超高能粒子的加速机制是怎样的？在宇宙探索中有太多谜题待解。
大型宇宙线观测装置“拉索”，正是人类探寻宇宙奥秘的慧眼。实际上，人类能够看到更辽阔的宇宙空间，观测到更细微的物质结构，都有赖于大型科学装置的建设。但在科学研究背后，也离不开科研工作者洞察科学问题的慧眼。面对庞大且复杂的观测数据，“拉索”团队数年如一日反复模拟、抽丝剥茧，破解宇宙线“膝”的形成之谜。
在科学研究中开辟新径、破解难题，既需要先进科学装置的助力，更需要科研人员敏锐的观察能力、缜密的科学思维以及高超的数据处理能力等。面向未来，期待在科研人员的洞察分析与科学装置的配合下，基础研究和原创性、引领性科技攻关能够取得更多突破，为实现高水平科技自立自强注入更强动力。","# 开辟新径  破解难题（编辑手记）

> 张智琪《人民日报》（2026年01月05日第 04 版）

宇宙线如何起源？超高能粒子的加速机制是怎样的？在宇宙探索中有太多谜题待解。

大型宇宙线观测装置“拉索”，正是人类探寻宇宙奥秘的慧眼。实际上，人类能够看到更辽阔的宇宙空间，观测到更细微的物质结构，都有赖于大型科学装置的建设。但在科学研究背后，也离不开科研工作者洞察科学问题的慧眼。面对庞大且复杂的观测数据，“拉索”团队数年如一日反复模拟、抽丝剥茧，破解宇宙线“膝”的形成之谜。

在科学研究中开辟新径、破解难题，既需要先进科学装置的助力，更需要科研人员敏锐的观察能力、缜密的科学思维以及高超的数据处理能力等。面向未来，期待在科研人员的洞察分析与科学装置的配合下，基础研究和原创性、引领性科技攻关能够取得更多突破，为实现高水平科技自立自强注入更强动力。",张智琪,要闻,https://paper.people.com.cn/rmrb/pc/content/202601/05/content_30129316.html,2026-01-05,"['宇宙线', '科学', '破解', '装置', '新径', '拉索', '观测', '慧眼', '科研人员', '洞察']","宇宙线如何起源？超高能粒子的加速机制是怎样的？在宇宙探索中有太多谜题待解。
大型宇宙线观测装置“拉索”，正是人类探寻宇宙奥秘的慧眼。实际上，人类能够看到更辽阔的宇宙空间，观测到更细微的物质结构，都有赖于大型科学装置的建设。但在科学研究背后，也离不开科研工作者洞察科学问题的慧眼。面对庞大且复杂的观测数据，“拉索”团队数年如一日反复模拟、抽丝剥茧，破解宇宙线“膝”的形成之谜。
在科学研究中开辟新径、破解难题，既需要先进科学装置的助力，更需要科研人员敏锐的观察能力、缜密的科学思维以及高超的数据处理能力等。面向未来，期待在科研人员的洞察分析与科学装置的配合下，基础研究和原创性、引领性科技攻关能够取得更多突破，为实现高水平科技自立自强注入更强动力。",文化
发掘“借景”的智慧（人民论坛）,"冬日，来到北京颐和园，漫步园林间，处处可见古人“借景”的巧思。
苏州街水巷借两岸古树，成林掩水街之观，是为“近借”；昆明湖借玉泉山上玉峰塔，成玉峰塔影之景，是为“远借”；十七孔桥借冬至斜晖轨迹，成金光穿洞之象，是为“应时而借”……作为中国园林的重要设计手法，“借景”既讲究师法自然，又注重融于全局，其中蕴含的思维与智慧，对于地方推动高质量发展颇有启发。
明辨“有”与“能”，借势而上。
“借景”，不是随意纳引，而是基于对自身特色与外部环境的深刻洞察，随形依势，实现一景一境“虽由人作，宛自天开”的效果。地方发展亦然，根据新一轮科技革命与产业变革趋势，厘清“我有什么”与“能干什么”，才能在错位中实现抢位发展。
以贵州为例，能吸引苹果iCloud中国数据中心落户，正是凭借得天独厚的自然禀赋与能源优势，抓住数字经济发展浪潮奋楫笃行。从瞄准数据中心建设抢先机，到聚焦算力赋能产业抢新机，贵州如今成为全国智算资源最多、能力最强的地区之一。从某种意义而言，贵州发展打破了传统产业转移理论。
等风来，不如追风去。洞察发展“风口”，让自身禀赋与国家需要、市场机遇同频共振，“借”才有方向，“力”才能用在刀刃上。
把握“融”与“通”，美美与共。
借他处之景，成此处之境，最忌硬凑突兀，贵在气韵相通、格调相融。同理，地方融入区域协调发展，也要有机融合、机制相通，才能形成同向而行的合力。
集齐一辆新能源汽车的零件要多久？长三角给出答案：4小时。上海提供芯片、软件等组成汽车“大脑”，江苏提供动力电池，浙江提供一体化压铸机……安徽以改革破壁，以整车制造优势链接沪苏浙资源，登顶中国新能源汽车“第一大省”。
如何在区域协调发展中走出特色之路？安徽“逆袭”启示我们，找准定位、主动进位，用好优势、因地制宜，以融合之姿参与协同，就能整合资源为我所用，既为一域增光又为全局添彩。
推动“借景”创“新景”，生生不息。
“借景”的更高境界为“造景”。比如，园林花窗从来不只是为了采光通风，而是每窗一景，四时各有特色。这种“一窗一世界”的创造，使游人在行走中不断领略新的景致。地方发展也是一样，无论是受援之借，还是协作之借，都是为了育新机、开新局。
在对口援疆政策的大力支持下，新疆“借”来了技术、人才、产业、资金等资源，“造”出了荒漠戈壁“风光”无限、文旅产业开启万亿赛道等，也让天山三文鱼“跃”上八闽餐桌、疆电外送累计突破1万亿千瓦时……曾经的边远地带、内陆腹地，如今的枢纽地带、开放前沿，单向帮扶结出双向赋能的硕果。
在协同中创造新优势，在联动中拓展新空间，不断衍生出新产业、新业态、新模式，向新向优就能成为发展的不竭动能。
中国园林，一山一石，一步一景，耐人寻味，富有启迪。奋进“十五五”，汲取中华优秀传统文化的养分，我们走好自己的路，就有无比深厚的底蕴、无比广阔的舞台、无比充沛的动能。","# 发掘“借景”的智慧（人民论坛）

> 龚  利《人民日报》（2026年01月05日第 04 版）

冬日，来到北京颐和园，漫步园林间，处处可见古人“借景”的巧思。

苏州街水巷借两岸古树，成林掩水街之观，是为“近借”；昆明湖借玉泉山上玉峰塔，成玉峰塔影之景，是为“远借”；十七孔桥借冬至斜晖轨迹，成金光穿洞之象，是为“应时而借”……作为中国园林的重要设计手法，“借景”既讲究师法自然，又注重融于全局，其中蕴含的思维与智慧，对于地方推动高质量发展颇有启发。

明辨“有”与“能”，借势而上。

“借景”，不是随意纳引，而是基于对自身特色与外部环境的深刻洞察，随形依势，实现一景一境“虽由人作，宛自天开”的效果。地方发展亦然，根据新一轮科技革命与产业变革趋势，厘清“我有什么”与“能干什么”，才能在错位中实现抢位发展。

以贵州为例，能吸引苹果iCloud中国数据中心落户，正是凭借得天独厚的自然禀赋与能源优势，抓住数字经济发展浪潮奋楫笃行。从瞄准数据中心建设抢先机，到聚焦算力赋能产业抢新机，贵州如今成为全国智算资源最多、能力最强的地区之一。从某种意义而言，贵州发展打破了传统产业转移理论。

等风来，不如追风去。洞察发展“风口”，让自身禀赋与国家需要、市场机遇同频共振，“借”才有方向，“力”才能用在刀刃上。

把握“融”与“通”，美美与共。

借他处之景，成此处之境，最忌硬凑突兀，贵在气韵相通、格调相融。同理，地方融入区域协调发展，也要有机融合、机制相通，才能形成同向而行的合力。

集齐一辆新能源汽车的零件要多久？长三角给出答案：4小时。上海提供芯片、软件等组成汽车“大脑”，江苏提供动力电池，浙江提供一体化压铸机……安徽以改革破壁，以整车制造优势链接沪苏浙资源，登顶中国新能源汽车“第一大省”。

如何在区域协调发展中走出特色之路？安徽“逆袭”启示我们，找准定位、主动进位，用好优势、因地制宜，以融合之姿参与协同，就能整合资源为我所用，既为一域增光又为全局添彩。

推动“借景”创“新景”，生生不息。

“借景”的更高境界为“造景”。比如，园林花窗从来不只是为了采光通风，而是每窗一景，四时各有特色。这种“一窗一世界”的创造，使游人在行走中不断领略新的景致。地方发展也是一样，无论是受援之借，还是协作之借，都是为了育新机、开新局。

在对口援疆政策的大力支持下，新疆“借”来了技术、人才、产业、资金等资源，“造”出了荒漠戈壁“风光”无限、文旅产业开启万亿赛道等，也让天山三文鱼“跃”上八闽餐桌、疆电外送累计突破1万亿千瓦时……曾经的边远地带、内陆腹地，如今的枢纽地带、开放前沿，单向帮扶结出双向赋能的硕果。

在协同中创造新优势，在联动中拓展新空间，不断衍生出新产业、新业态、新模式，向新向优就能成为发展的不竭动能。

中国园林，一山一石，一步一景，耐人寻味，富有启迪。奋进“十五五”，汲取中华优秀传统文化的养分，我们走好自己的路，就有无比深厚的底蕴、无比广阔的舞台、无比充沛的动能。",龚  利,要闻,https://paper.people.com.cn/rmrb/pc/content/202601/05/content_30129317.html,2026-01-05,"['借景', '一景', '发展', '园林', '产业', '赋能', '之借', '优势', '无比', '资源']","冬日，来到北京颐和园，漫步园林间，处处可见古人“借景”的巧思。
苏州街水巷借两岸古树，成林掩水街之观，是为“近借”；昆明湖借玉泉山上玉峰塔，成玉峰塔影之景，是为“远借”；十七孔桥借冬至斜晖轨迹，成金光穿洞之象，是为“应时而借”……作为中国园林的重要设计手法，“借景”既讲究师法自然，又注重融于全局，其中蕴含的思维与智慧，对于地方推动高质量发展颇有启发。
明辨“有”与“能”，借势而上。",政治
凝聚复兴伟力  绘就时代华章,"2025年，是“十四五”收官、“十五五”谋篇布局之年，也是中国人民抗日战争暨世界反法西斯战争胜利80周年。
于时代坐标中擘画蓝图，在历史回响中赓续荣光。这一年，宣传思想文化事业以其深厚的时代底色与鲜明的实践特色，深深熔铸于国家发展之中。
一年来，在习近平文化思想指引下，宣传思想文化战线擎思想火炬照亮前路、以价值纽带凝聚人心、汲文化神韵滋养心灵、搭互鉴桥梁联通世界，奋发有为、开拓进取，书写下无愧于时代的崭新篇章。
高扬思想旗帜深化理论武装
2025年7月28日，溯源新思想论坛在浙江杭州举行。来自全国各地的专家学者齐聚这座历史文化名城，围绕习近平文化思想展开深入交流，探讨思想发展的演进逻辑，思考文化建设的现实课题。
与会专家表示，习近平总书记在地方工作时对于文化工作的思考与实践，深化了对文化规律的认识，反映了理论创新的历史脉络，为习近平文化思想的形成提供了理论基础和实践素材。
把学习宣传习近平文化思想，置于全方位、系统性宣传阐释习近平新时代中国特色社会主义思想的大格局中，一年来，宣传思想文化战线引导广大党员、干部、群众在学懂弄通做实上持续用力，推动当代中国马克思主义、二十一世纪马克思主义深入人心。
深化理论研究，推进体系化、学理化，是加强理论武装的前提和基础。
北京图书大厦一楼大厅内，《习近平谈治国理政》第五卷摆放在醒目位置，吸引了不少读者驻足阅读。
自2025年7月发行以来，这部权威著作在全社会引发学习热潮。宣传思想文化战线将《习近平谈治国理政》第五卷和第一至四卷作为一个整体，推动大家在读原著、学原文、悟原理中不断深化思想认识，感悟真理力量。
一年来，《习近平经济文选》第一卷、《习近平生态文明文选》第一卷、习近平同志《论坚持全面深化改革》第一卷和第二卷、《习近平法治文选》第一卷，《习近平法治思想学习纲要（2025年版）》《习近平外交思想学习纲要（2025年版）》等重要著作纷纷出版，体系化建构更加完备。
与此同时，习近平新时代中国特色社会主义思想研究中心（院）、马克思主义理论研究和建设工程、国家高端智库成果不断涌现，国家社科基金重大项目扎实推进，学理化研究持续深入。
既要在扎实研究中筑牢根基，又要在大众化传播中推动党的创新理论“飞入寻常百姓家”。
2025年11月5日，学习贯彻党的二十届四中全会精神中央宣讲团成员来到四川眉山市太和镇永丰村，与村民代表、基层干部围坐在院坝，聊政策、谈发展、听心声。
把全会“推动农村一二三产业深度融合”等部署与永丰村旅游发展等实际工作结合起来，深入浅出的讲解引发现场听众强烈共鸣：“宣讲把大道理变成大白话，易懂、好记、可落实。”
从中央宣讲团奔赴全国各地同干部群众面对面互动交流，到各地精心组织形式丰富、生动活泼的基层宣讲，科学理论愈发深入基层、入脑入心。
创新表达方式、贴近群众需求，宣传思想文化战线主动作为，在科学理论与人民群众之间架起一座座桥梁。
通俗理论读物《创新实干促发展》说理透彻、文风清新，“80、90、00后”广西青年讲师团把理论讲给青年听，复旦大学“星火”党员志愿服务队传唱“新思想”，信仰的力量不断激发共情。
中央主要媒体以旗帜领方向、以主流立主导，创新打造“和总书记面对面”“总书记的关切·落地的回响”等融媒体栏目，推出“习近平经济思想系列讲读”等节目，不断改文风、优语态、强品质、增效能。
理论之于群众从“单向灌输”转向“双向奔赴”，宣传思想文化战线在守正创新中，推动全党全社会进一步增进对习近平新时代中国特色社会主义思想的政治认同、思想认同、理论认同、情感认同。
思想伟力激荡神州，党的好声音化作社会最强音，直达人民心间、回响在中华大地。
弘扬抗战精神厚植家国情怀
80响礼炮震彻云霄、8万羽和平鸽振翅飞翔，“正义必胜！和平必胜！人民必胜！”的昂扬之声久久回荡。
2025年9月3日，纪念中国人民抗日战争暨世界反法西斯战争胜利80周年大会在天安门广场隆重举行，以国之大典铭记历史、缅怀先烈、珍爱和平、开创未来。
“坚定不移走中国特色社会主义道路，传承和弘扬伟大抗战精神，踔厉奋发、勇毅前行，为以中国式现代化全面推进强国建设、民族复兴伟业而团结奋斗！”习近平总书记在纪念大会上的重要讲话，凝聚起万众一心的强大精神力量。
现场，中央主要媒体综合运用索道摄像机、贴地微型摄像机等设备和规模化国产8K超高清转播系统，搭建近200个拍摄机位，以电影级画面质感、光影效果，全景式呈现盛大场景。直播实时收视4.3亿人次，相关视频全媒体总触达339.4亿人次。
大江南北、长城内外，从白山黑水到南海之滨，从江南水乡到大漠戈壁，恢弘大气的直播画面将现场盛况传遍中国大地，亿万中华儿女的爱国热情达到高潮，从心底迸发的共鸣激昂澎湃。
纪念大会的宣传报道，与贯穿全年的宣传活动紧密呼应、同频共振。
一年来，宣传思想文化战线紧紧围绕抗战胜利80周年主题主线，大力弘扬伟大抗战精神，引导中华儿女厚植爱国之情、砥砺报国之志。
这是历史记忆的接力传承——
卢沟桥畔，晨光洒在宛平城墙。中国人民抗日战争纪念馆门口，人们排成长队，等待着一场对历史的庄严致敬。
馆内，《为了民族解放与世界和平》主题展览上，1525张照片、3237件文物记录下永不屈服的抗争身影，讲述着救亡图存的壮烈往事。
“擦净历史的镜子，走好未来的路”“愿我们以史为鉴，让和平之花常开不败”“复兴之路，吾辈有责”……留言簿上，一句句话语发自肺腑、感人至深。自2025年7月7日开幕以来，纪念馆已接待观众超163万人次。
让抗战记忆凝聚为永恒的丰碑，让抗战精神照亮前行的征途。
从公布第四批34处国家级抗战纪念设施、遗址名录到公布第四批41名著名抗日英烈、2个英雄群体名录，一个个具体的场所和姓名永被铭记。
从在沈阳举行勿忘“九一八”撞钟鸣警仪式，到在南京举行2025年南京大屠杀死难者国家公祭仪式，民族的集体记忆不断深化。
从抗战故事走进思政课堂到多地推出抗战主题研学路线，激励青少年赓续红色血脉，树立远大志向。
这是文艺创作的时代抒写——
胜利纪念日之夜，人民大会堂歌声激昂。当舞台大幕拉开，东北白桦林刺骨的雪、南京城凄冷的“殇”、大江南北的血与泪，化作黄河咆哮般的震天怒吼，唱出中华民族的不屈气概。
这台由年轻文艺工作者担纲主力的文艺晚会《正义必胜》，以音乐、舞蹈、情境戏剧等艺术形式重现烽火连天的抗战岁月，奏响气壮山河的英雄凯歌，受到网上网下一致好评。
一年来，广大文艺工作者潜心创作，以艺术铭记峥嵘岁月、镌刻不朽征程。
《南京照相馆》等电影叫好又叫座、《阵地》等电视剧荧屏热播、《卢沟桥：我们的纪念》等纪录片深耕史料、《怒刺》等微短剧兼具轻盈与厚重……在光影交织中，伟大抗战精神历久弥新。
《暗斗：一个书生的文化抗战》勾勒出文化抗战群像、《车桥  车桥》全景展现华中抗战战略反攻的序幕、《孩子剧团》面向青少年讲好抗战故事……透过鲜活的文字，家国情怀跃然纸上。
这些充满力量的文艺作品，奏响了一曲曲荡气回肠的时代之声、爱国之声、人民之声。
这是新闻一线的躬行实践——
新华社拍摄纪念大会现场照片3000余张，大量图片成为网络“爆款”；中央广播电视总台纪念大会直播被2000余家境外主流电视台及新媒体平台转播报道，创历史新高；人民日报连续推出特刊专版，内容充实、视觉美观。
各级各类媒体围绕一系列纪念活动先后推出报道100多万篇（条），网上点击量超766亿次，讨论量超10.5亿条。
走进历史深处，才能更好讲述老故事、挖掘新故事。
2025年6月以来，“铭记历史  缅怀先烈”“山河见证——我们的抗战记忆”等主题宣传活动相继启动。
扎实采访、深入调研，中央和地方主要媒体走进抗战重大战役、重要会议发生地，探访抗战遗址、抗日根据地所在地，生动讲好抗战故事。
一年来，广大记者编辑在践行“四力”中，积极宣传浴血沙场的将领战士、以笔为剑的知识分子、支援前线的各界民众、并肩抗战的国际友人，深刻揭露日本军国主义侵略罪行，生动讲述80年来的今昔巨变，捍卫历史真相，传播正确史观。
透过真实鲜活的报道，爱国情怀与民族气节充分彰显，英雄气概与必胜信念广泛弘扬。
同时，以此次主题报道为契机，新闻媒体推进资源整合、创新生产传播、强化技术赋能，不仅推出一大批具有政治高度、思想深度、历史跨度、情感温度的新闻力作，也为探索推进主流媒体系统性变革提供了有益借鉴。
强化价值引领　汇聚人心力量
2025年9月16日，党中央印发重要文件——《中国共产党思想政治工作条例》。这是我们党历史上第一部关于思想政治工作的统领性、综合性基础主干法规，是做好新时代思想政治工作的基本遵循。
思想政治工作是做人的工作。着眼引导人、感召人、凝聚人、塑造人，条例从9个方面明确了思想政治工作的主要内容，促进全体人民紧紧团结在党的周围、凝聚在中国特色社会主义伟大旗帜下。
把党中央的宏观指导转化为具体实践，宣传思想文化战线心怀国之大者、坚持“目中有人”、强化价值引领，不断凝聚人心、汇聚力量。
服务大局，提振信心士气——
2025年7月9日上午，国新办新闻发布厅吸引了众多媒体的到来，“高质量完成‘十四五’规划”首场新闻发布会在这里举行。
随后3个多月时间，该系列主题发布会共举办38场，全面介绍各领域5年来的生动实践和伟大成就，展现出高质量发展的广阔前景。
一年来，宣传思想文化战线持续加强舆论引导，团结稳定鼓劲，做好正面宣传特别是经济宣传，不断唱响主旋律、弘扬正能量。
聚焦“十四五”收官，新闻媒体开展“活力中国调研行”等主题采访活动，打造“决胜‘十四五’  打好收官战”等重点栏目，深入挖掘各地在新质生产力、绿色转型、城乡融合、高水平开放等方面的生动案例，切实强信心、鼓实劲、激活力、促发展。
围绕中央经济工作会议、中央农村工作会议等重要会议，一系列正面宣传准确把握党中央政策意图，在唱响经济光明论的同时，讲清楚“发展中的问题”“成长中的烦恼”，引导社会正确认识形势、消除思想困惑、改善心理预期。
结合党中央、国务院部署实施的提振消费专项行动、进一步促进民间投资发展等重要工作，海南自由贸易港封关运作等重大举措，持续深入做好经济政策宣传解读。
针对就业、教育、养老、育儿、住房等民生关切，媒体集中开设“促进高质量充分就业观察”等专栏，积极报道各地区各部门创新举措。
紧扣西藏自治区成立60周年、新疆维吾尔自治区成立70周年节点，发布《新时代西藏人权事业的发展与进步》《新时代党的治疆方略的成功实践》白皮书，推出“辉煌60载  魅力新西藏”“砥砺奋进七十载  天山南北谱华章”系列报道，唱响民族团结“同心曲”。
化风育人，培育文明风尚——
习近平总书记在对精神文明建设工作重要指示中强调，推进城乡精神文明建设融合发展，加强公民道德建设，发挥先进典型示范作用，进一步形成向上向善的社会风尚。
一年来，宣传思想文化战线充分发挥社会主义核心价值观的引领作用，推动社会文明程度不断提高。
陕北大地，红色热土涌动文明新风。2025年10月，以“文明，让乡村更美好”为主题的中国文明乡风大会在延安举办。
在文艺展演中，黄梅小戏《为“甜蜜”减负》、合唱情景表演《我们的故事我们的歌》等群众自编自演的节目聚焦高额彩礼、人情攀比等主题，演绎移风易俗新变化，推动文明理念入人心。
提升社会文明程度，既需要道德感召又依靠法律约束，既需要榜样示范又依靠自我养成，使人们在日用而不觉中提升精神境界。
召开未成年人思想道德建设工作座谈会，推动立德树人“从娃娃抓起”；落实中央城市工作会议精神，着力建设崇德向善的文明城市，更好发挥道德涵育作用。
群众性精神文明创建活动先进典型和道德模范登上全国精神文明建设表彰大会领奖台，“时代楷模”“最美人物”“中国好人”纷纷涌现，榜样的力量引导全社会见贤思齐、争做先锋。
全民阅读大会连续第四年举办、“点亮阅读微心愿”图书漂流活动满足乡村儿童阅读心愿、出台《全民阅读促进条例》筑牢法治保障，爱读书、读好书、善读书的氛围日益浓厚。
全国“诚信兴商宣传月”弘扬诚信文化、“我们的节日”品牌活动让传统民俗走进百姓生活，积极倡导“红白事”简办新俗、坚决反对“舌尖上的浪费”、呼吁文明观赛和文明旅游，公民素养不断提升。
如今，文明愈发成为一种习惯，在落细、落小、落实中化作具体而微的平凡实践，彰显平凡中的非凡力量。
巩固阵地，筑牢网上网下同心圆——
“要加强对网络平台、自媒体和多频道网络机构的引导，促使其担负社会责任，自觉成为正能量传播者。”2025年11月28日，习近平总书记在主持中共中央政治局第二十三次集体学习时指出，要坚持以正面声音、主流价值、时代新风塑造网络空间。
人在哪，凝心聚力的重点就在哪。当前，我国网民规模超11亿人。谁掌握了互联网，谁就把握住了时代主动权。
宣传思想文化战线积极搭建交流平台，成功举办中国网络文明大会、世界互联网大会乌镇峰会、国家网络安全宣传周等活动，分享实践成果、深化国际合作。
开展专项行动，大力整治网络直播打赏乱象、“自媒体”发布不实信息、体育“饭圈”不良行为等问题，网络生态治理持续深化。
一年来，宣传思想文化战线着力培育积极健康的网络文化，网络空间愈发清朗，汇聚向上向善的力量。
赓续中华文脉　激发创造活力
文化的传承，从来不是简单复刻与守成，而是在延续民族精神血脉中开拓前进、创新发展，使中华文脉在时代奔流中焕发新生。
赓续文脉、激发创造，宣传思想文化战线使命如磐、重任在肩。
守护根脉，文化遗产保护成效显著——
洛阳之南、伊水之畔，龙门石窟千龛拱列。崖壁间，北魏的錾痕、盛唐的凿印，镌刻下恒久的文明印记。
2025年5月19日，习近平总书记在河南考察期间来到这里，凝望历史，感慨系之：“要把这些中华文化瑰宝保护好、传承好、传播好。”
不忘本来才能开辟未来，善于继承才能更好创新。
文化遗产，蕴藏着伟大创造、记录着历史烟云、维系着民族情感，不仅生动诉说着过去，也让我们在回望历史中增添走向未来的底气。
保护好文化遗产，宣传思想文化战线为推进文化强国建设积厚蓄势。
过去一年，“西夏陵”成功列入《世界遗产名录》，口头叙事艺术“赫哲族伊玛堪”从急需保护的非遗名录转入人类非遗代表作名录，“‘赫哲族伊玛堪’保护计划”入选优秀保护实践名册，我国文化遗产保护传承赢得世界掌声。
第四次全国文物普查新发现文物数量超13万处，文物资源家底基本摸清；新修订的文物保护法施行，文化遗产保护制度化建设更加完备；海外漂泊79年的国宝——子弹库帛书《五行令》《攻守占》终归故土，我国在流失文物追索返还路上迈出坚实一步。
提质赋能，文化激活经济发展新动能——
以文化赋能经济社会发展，是习近平总书记在2025年全国两会期间提出的重大命题，揭示出文化的深层驱动力。
2025年，《哪吒之魔童闹海》横空出世！这部取材于中国古典神话的电影“上映即爆款”，一路登顶中国影史票房榜、全球动画电影票房榜。
“哪吒”爆火，带动餐饮联名套餐热卖、手办盲盒等文创脱销，“跟着吒儿去旅游”成为新时尚，全方位引发消费溢出效应。
带动经济效益踩上“风火轮”的，又何止于“哪吒”？
以文化创意为“流量”密码，二次元周边商品市场广阔；热门演唱会门票“秒光”，演出经济成为“行走的GDP”；“票根经济”探索“文化引流+商业变现”，激发消费新潜能。
一年来，文化既为消费“添柴加薪”，又不断丰富新场景、新业态，与各经济领域实现跨界融合。
“苏超”成功破圈，将体育的竞技属性、城市的人文属性、文旅的经济属性深度融合，走出了文化赋能经济社会发展新路子。
“村超”“村BA”持续火热，“文化+乡村”带动村民富了口袋富脑袋；数字策展人、研学旅游指导师等职业拓展就业新空间……文化“软实力”正不断转化为助推经济社会发展的“硬实力”。
广泛参与，百姓文化热情日益高涨——
近8630万人次！2025年国庆中秋假期，全国博物馆迎来观展潮。
故宫博物院建院百年之际，“百年守护——从紫禁城到故宫博物院”展览吸引游人纷纷打卡；西安大唐不夜城，游客与“李白”扮演者对诗互动，领略传统文化的魅力；《沉默的荣耀》《生万物》《护宝寻踪》等电视剧热播，掀起追剧热……
一年来，从线下展览到沉浸体验，从荧屏作品到日常话题，百姓的文化热情愈发高涨。
伴随着文化热情不断升温，人民群众正从文化欣赏者转变为积极参与者。
农民诗人在田埂间吟咏生活，素人选手登上脱口秀开放麦舞台，不同年龄、职业、地域的人们借助互联网或分享自创歌舞、小说、散文，或用镜头记录下最平凡的生活。
如今，文艺创作的触角延伸至社会生活的每个角落，亿万被科技赋能、被知识照亮、被时代召唤的普通人，以最鲜活的生活体验、最丰沛的生命情感，汇聚成新大众文艺最磅礴的创造力量。
讲好中国故事　奏响和合之声
2025年12月5日，成都都江堰，习近平总书记同法国总统马克龙进行友好交流。玉垒山下、岷江之畔，“高山流水”再续佳话。
交谈中，习近平总书记介绍了都江堰的历史和意义，坦言“每次来到都江堰都能感受到先人因地制宜、顺势而为、天人合一、治水利民的伟大，从中汲取到治国理政的智慧”。
“中国人民的勤劳智慧令人赞叹。法中两国都有悠久的历史文化，两国人民对美好生活的追求是相通的。”马克龙深有感触。
元首外交，润物无声地向国际社会展现了可信、可爱、可敬的中国形象。在习近平总书记引领下，宣传思想文化战线坚持以文载道、以文传声、以文化人，以更有活力的文明成就贡献世界。
启迪人心的中国理念，为各国携手战胜挑战提供思想指引。
“我愿提出全球治理倡议，同各国一道，推动构建更加公正合理的全球治理体系，携手迈向人类命运共同体。”
2025年9月1日，在天津举行的“上海合作组织+”会议上，习近平总书记郑重提出全球治理倡议，引发国际社会积极响应。
以此为契机，宣传思想文化战线积极宣介全球发展倡议、全球安全倡议、全球文明倡议、全球治理倡议等重要主张，全方位、多角度向世界传递“中国经验”、分享“中国方案”。
从阐释睦邻、安邻、富邻、亲诚惠容、命运与共理念方针，到弘扬金砖精神、“上海精神”、“中国—中亚精神”，这些蕴含中国智慧的理念与愿景通过媒体平台跨越山海，为动荡不安的世界注入信心力量。
既要传播中国理念、充分说理，又要敢于亮剑、旗帜鲜明发出中国声音。
一年来，就美西方在涉疆、涉藏、涉港、涉经贸、涉人权等领域对中国的攻击抹黑，宣传思想文化战线处理好“攻”和“守”、“斗”和“和”的关系，不断提升对外发声能力水平。
特别是针对日本首相高市早苗涉台错误言论，着力抨击其无视历史与法理事实公然为“台独”势力张目的恶劣行径，积极传递中国人民维护国家主权和领土完整的坚强决心，有力引导国际社会认清本质真相。
中国声音响彻寰宇，中华文化惊艳世界。
2025年，拉布布——一个长着小尖牙、一对尖耳朵、有些“丑萌”的中国玩偶风靡全球。外媒评论，中国文化的“柔性力量”正获得海外消费者的喜爱。
现象级文化IP的成功，彰显出我国文化海外影响力的不断提升。
电视剧《藏海传》全球热播，网文小说《上元欢》英文版在海外出版发行，微短剧APP全球下载量持续增长……一年来，越来越多继承优秀传统文化又弘扬时代精神、立足本国又面向世界的多彩文化扬帆出海，赢得世界青睐。
走出去，同时也请进来。新时代中国以海纳百川的胸襟兼容并蓄，讲述着与世界的美美与共：
全球妇女峰会，中国名曲《茉莉花》、加纳乐曲《向往和平》与冰岛乐曲《五月之星》悠扬奏响，艺术之美、文化之韵、友谊之声和弦共鸣；
2025国际青春诗会，唐诗的韵律邂逅魔幻现实主义的激情，中国诗人与拉美诗人以诗为媒，抒发着人类文明的共通情感；
第二届世界中国学大会，1591年科隆出版的《欧几里得几何原理》和1858年上海出版的《几何原本》共同陈列，仿佛诉说着东西交汇的历史过往；
全球南方现代化论坛，“天下大同”的理想与“乌班图精神”交相辉映，共同勾勒出对建设美好世界的愿景与追求；
…………
交流互鉴、博采众长，2025年，不同的文化记忆、文明图景在中华大地上汇集，书写下灿烂绚丽的多彩篇章。
且纵征程迎远浪，扬帆起航赴前行。
2026年的大幕徐徐拉开，伴随着“十五五”开局，一幅波澜壮阔的时代画卷正等待我们执笔挥毫。
面向未来，在以习近平同志为核心的党中央坚强领导下，在习近平文化思想科学指引下，肩负激发全民族文化创新创造活力的重大使命，宣传思想文化战线实干担当、笃行不怠，以更加昂扬的姿态迈上新的征程。
（新华社北京1月4日电  记者王子铭、王思北、邢拓、杨湛菲）","# 凝聚复兴伟力  绘就时代华章

> 新华社记者《人民日报》（2026年01月05日第 04 版）

2025年，是“十四五”收官、“十五五”谋篇布局之年，也是中国人民抗日战争暨世界反法西斯战争胜利80周年。

于时代坐标中擘画蓝图，在历史回响中赓续荣光。这一年，宣传思想文化事业以其深厚的时代底色与鲜明的实践特色，深深熔铸于国家发展之中。

一年来，在习近平文化思想指引下，宣传思想文化战线擎思想火炬照亮前路、以价值纽带凝聚人心、汲文化神韵滋养心灵、搭互鉴桥梁联通世界，奋发有为、开拓进取，书写下无愧于时代的崭新篇章。

**高扬思想旗帜****深化理论武装**

2025年7月28日，溯源新思想论坛在浙江杭州举行。来自全国各地的专家学者齐聚这座历史文化名城，围绕习近平文化思想展开深入交流，探讨思想发展的演进逻辑，思考文化建设的现实课题。

与会专家表示，习近平总书记在地方工作时对于文化工作的思考与实践，深化了对文化规律的认识，反映了理论创新的历史脉络，为习近平文化思想的形成提供了理论基础和实践素材。

把学习宣传习近平文化思想，置于全方位、系统性宣传阐释习近平新时代中国特色社会主义思想的大格局中，一年来，宣传思想文化战线引导广大党员、干部、群众在学懂弄通做实上持续用力，推动当代中国马克思主义、二十一世纪马克思主义深入人心。

深化理论研究，推进体系化、学理化，是加强理论武装的前提和基础。

北京图书大厦一楼大厅内，《习近平谈治国理政》第五卷摆放在醒目位置，吸引了不少读者驻足阅读。

自2025年7月发行以来，这部权威著作在全社会引发学习热潮。宣传思想文化战线将《习近平谈治国理政》第五卷和第一至四卷作为一个整体，推动大家在读原著、学原文、悟原理中不断深化思想认识，感悟真理力量。

一年来，《习近平经济文选》第一卷、《习近平生态文明文选》第一卷、习近平同志《论坚持全面深化改革》第一卷和第二卷、《习近平法治文选》第一卷，《习近平法治思想学习纲要（2025年版）》《习近平外交思想学习纲要（2025年版）》等重要著作纷纷出版，体系化建构更加完备。

与此同时，习近平新时代中国特色社会主义思想研究中心（院）、马克思主义理论研究和建设工程、国家高端智库成果不断涌现，国家社科基金重大项目扎实推进，学理化研究持续深入。

既要在扎实研究中筑牢根基，又要在大众化传播中推动党的创新理论“飞入寻常百姓家”。

2025年11月5日，学习贯彻党的二十届四中全会精神中央宣讲团成员来到四川眉山市太和镇永丰村，与村民代表、基层干部围坐在院坝，聊政策、谈发展、听心声。

把全会“推动农村一二三产业深度融合”等部署与永丰村旅游发展等实际工作结合起来，深入浅出的讲解引发现场听众强烈共鸣：“宣讲把大道理变成大白话，易懂、好记、可落实。”

从中央宣讲团奔赴全国各地同干部群众面对面互动交流，到各地精心组织形式丰富、生动活泼的基层宣讲，科学理论愈发深入基层、入脑入心。

创新表达方式、贴近群众需求，宣传思想文化战线主动作为，在科学理论与人民群众之间架起一座座桥梁。

通俗理论读物《创新实干促发展》说理透彻、文风清新，“80、90、00后”广西青年讲师团把理论讲给青年听，复旦大学“星火”党员志愿服务队传唱“新思想”，信仰的力量不断激发共情。

中央主要媒体以旗帜领方向、以主流立主导，创新打造“和总书记面对面”“总书记的关切·落地的回响”等融媒体栏目，推出“习近平经济思想系列讲读”等节目，不断改文风、优语态、强品质、增效能。

理论之于群众从“单向灌输”转向“双向奔赴”，宣传思想文化战线在守正创新中，推动全党全社会进一步增进对习近平新时代中国特色社会主义思想的政治认同、思想认同、理论认同、情感认同。

思想伟力激荡神州，党的好声音化作社会最强音，直达人民心间、回响在中华大地。

**弘扬抗战精神****厚植家国情怀**

80响礼炮震彻云霄、8万羽和平鸽振翅飞翔，“正义必胜！和平必胜！人民必胜！”的昂扬之声久久回荡。

2025年9月3日，纪念中国人民抗日战争暨世界反法西斯战争胜利80周年大会在天安门广场隆重举行，以国之大典铭记历史、缅怀先烈、珍爱和平、开创未来。

“坚定不移走中国特色社会主义道路，传承和弘扬伟大抗战精神，踔厉奋发、勇毅前行，为以中国式现代化全面推进强国建设、民族复兴伟业而团结奋斗！”习近平总书记在纪念大会上的重要讲话，凝聚起万众一心的强大精神力量。

现场，中央主要媒体综合运用索道摄像机、贴地微型摄像机等设备和规模化国产8K超高清转播系统，搭建近200个拍摄机位，以电影级画面质感、光影效果，全景式呈现盛大场景。直播实时收视4.3亿人次，相关视频全媒体总触达339.4亿人次。

大江南北、长城内外，从白山黑水到南海之滨，从江南水乡到大漠戈壁，恢弘大气的直播画面将现场盛况传遍中国大地，亿万中华儿女的爱国热情达到高潮，从心底迸发的共鸣激昂澎湃。

纪念大会的宣传报道，与贯穿全年的宣传活动紧密呼应、同频共振。

一年来，宣传思想文化战线紧紧围绕抗战胜利80周年主题主线，大力弘扬伟大抗战精神，引导中华儿女厚植爱国之情、砥砺报国之志。

这是历史记忆的接力传承——

卢沟桥畔，晨光洒在宛平城墙。中国人民抗日战争纪念馆门口，人们排成长队，等待着一场对历史的庄严致敬。

馆内，《为了民族解放与世界和平》主题展览上，1525张照片、3237件文物记录下永不屈服的抗争身影，讲述着救亡图存的壮烈往事。

“擦净历史的镜子，走好未来的路”“愿我们以史为鉴，让和平之花常开不败”“复兴之路，吾辈有责”……留言簿上，一句句话语发自肺腑、感人至深。自2025年7月7日开幕以来，纪念馆已接待观众超163万人次。

让抗战记忆凝聚为永恒的丰碑，让抗战精神照亮前行的征途。

从公布第四批34处国家级抗战纪念设施、遗址名录到公布第四批41名著名抗日英烈、2个英雄群体名录，一个个具体的场所和姓名永被铭记。

从在沈阳举行勿忘“九一八”撞钟鸣警仪式，到在南京举行2025年南京大屠杀死难者国家公祭仪式，民族的集体记忆不断深化。

从抗战故事走进思政课堂到多地推出抗战主题研学路线，激励青少年赓续红色血脉，树立远大志向。

这是文艺创作的时代抒写——

胜利纪念日之夜，人民大会堂歌声激昂。当舞台大幕拉开，东北白桦林刺骨的雪、南京城凄冷的“殇”、大江南北的血与泪，化作黄河咆哮般的震天怒吼，唱出中华民族的不屈气概。

这台由年轻文艺工作者担纲主力的文艺晚会《正义必胜》，以音乐、舞蹈、情境戏剧等艺术形式重现烽火连天的抗战岁月，奏响气壮山河的英雄凯歌，受到网上网下一致好评。

一年来，广大文艺工作者潜心创作，以艺术铭记峥嵘岁月、镌刻不朽征程。

《南京照相馆》等电影叫好又叫座、《阵地》等电视剧荧屏热播、《卢沟桥：我们的纪念》等纪录片深耕史料、《怒刺》等微短剧兼具轻盈与厚重……在光影交织中，伟大抗战精神历久弥新。

《暗斗：一个书生的文化抗战》勾勒出文化抗战群像、《车桥  车桥》全景展现华中抗战战略反攻的序幕、《孩子剧团》面向青少年讲好抗战故事……透过鲜活的文字，家国情怀跃然纸上。

这些充满力量的文艺作品，奏响了一曲曲荡气回肠的时代之声、爱国之声、人民之声。

这是新闻一线的躬行实践——

新华社拍摄纪念大会现场照片3000余张，大量图片成为网络“爆款”；中央广播电视总台纪念大会直播被2000余家境外主流电视台及新媒体平台转播报道，创历史新高；人民日报连续推出特刊专版，内容充实、视觉美观。

各级各类媒体围绕一系列纪念活动先后推出报道100多万篇（条），网上点击量超766亿次，讨论量超10.5亿条。

走进历史深处，才能更好讲述老故事、挖掘新故事。

2025年6月以来，“铭记历史  缅怀先烈”“山河见证——我们的抗战记忆”等主题宣传活动相继启动。

扎实采访、深入调研，中央和地方主要媒体走进抗战重大战役、重要会议发生地，探访抗战遗址、抗日根据地所在地，生动讲好抗战故事。

一年来，广大记者编辑在践行“四力”中，积极宣传浴血沙场的将领战士、以笔为剑的知识分子、支援前线的各界民众、并肩抗战的国际友人，深刻揭露日本军国主义侵略罪行，生动讲述80年来的今昔巨变，捍卫历史真相，传播正确史观。

透过真实鲜活的报道，爱国情怀与民族气节充分彰显，英雄气概与必胜信念广泛弘扬。

同时，以此次主题报道为契机，新闻媒体推进资源整合、创新生产传播、强化技术赋能，不仅推出一大批具有政治高度、思想深度、历史跨度、情感温度的新闻力作，也为探索推进主流媒体系统性变革提供了有益借鉴。

**强化价值引领　汇聚人心力量**

2025年9月16日，党中央印发重要文件——《中国共产党思想政治工作条例》。这是我们党历史上第一部关于思想政治工作的统领性、综合性基础主干法规，是做好新时代思想政治工作的基本遵循。

思想政治工作是做人的工作。着眼引导人、感召人、凝聚人、塑造人，条例从9个方面明确了思想政治工作的主要内容，促进全体人民紧紧团结在党的周围、凝聚在中国特色社会主义伟大旗帜下。

把党中央的宏观指导转化为具体实践，宣传思想文化战线心怀国之大者、坚持“目中有人”、强化价值引领，不断凝聚人心、汇聚力量。

服务大局，提振信心士气——

2025年7月9日上午，国新办新闻发布厅吸引了众多媒体的到来，“高质量完成‘十四五’规划”首场新闻发布会在这里举行。

随后3个多月时间，该系列主题发布会共举办38场，全面介绍各领域5年来的生动实践和伟大成就，展现出高质量发展的广阔前景。

一年来，宣传思想文化战线持续加强舆论引导，团结稳定鼓劲，做好正面宣传特别是经济宣传，不断唱响主旋律、弘扬正能量。

聚焦“十四五”收官，新闻媒体开展“活力中国调研行”等主题采访活动，打造“决胜‘十四五’  打好收官战”等重点栏目，深入挖掘各地在新质生产力、绿色转型、城乡融合、高水平开放等方面的生动案例，切实强信心、鼓实劲、激活力、促发展。

围绕中央经济工作会议、中央农村工作会议等重要会议，一系列正面宣传准确把握党中央政策意图，在唱响经济光明论的同时，讲清楚“发展中的问题”“成长中的烦恼”，引导社会正确认识形势、消除思想困惑、改善心理预期。

结合党中央、国务院部署实施的提振消费专项行动、进一步促进民间投资发展等重要工作，海南自由贸易港封关运作等重大举措，持续深入做好经济政策宣传解读。

针对就业、教育、养老、育儿、住房等民生关切，媒体集中开设“促进高质量充分就业观察”等专栏，积极报道各地区各部门创新举措。

紧扣西藏自治区成立60周年、新疆维吾尔自治区成立70周年节点，发布《新时代西藏人权事业的发展与进步》《新时代党的治疆方略的成功实践》白皮书，推出“辉煌60载  魅力新西藏”“砥砺奋进七十载  天山南北谱华章”系列报道，唱响民族团结“同心曲”。

化风育人，培育文明风尚——

习近平总书记在对精神文明建设工作重要指示中强调，推进城乡精神文明建设融合发展，加强公民道德建设，发挥先进典型示范作用，进一步形成向上向善的社会风尚。

一年来，宣传思想文化战线充分发挥社会主义核心价值观的引领作用，推动社会文明程度不断提高。

陕北大地，红色热土涌动文明新风。2025年10月，以“文明，让乡村更美好”为主题的中国文明乡风大会在延安举办。

在文艺展演中，黄梅小戏《为“甜蜜”减负》、合唱情景表演《我们的故事我们的歌》等群众自编自演的节目聚焦高额彩礼、人情攀比等主题，演绎移风易俗新变化，推动文明理念入人心。

提升社会文明程度，既需要道德感召又依靠法律约束，既需要榜样示范又依靠自我养成，使人们在日用而不觉中提升精神境界。

召开未成年人思想道德建设工作座谈会，推动立德树人“从娃娃抓起”；落实中央城市工作会议精神，着力建设崇德向善的文明城市，更好发挥道德涵育作用。

群众性精神文明创建活动先进典型和道德模范登上全国精神文明建设表彰大会领奖台，“时代楷模”“最美人物”“中国好人”纷纷涌现，榜样的力量引导全社会见贤思齐、争做先锋。

全民阅读大会连续第四年举办、“点亮阅读微心愿”图书漂流活动满足乡村儿童阅读心愿、出台《全民阅读促进条例》筑牢法治保障，爱读书、读好书、善读书的氛围日益浓厚。

全国“诚信兴商宣传月”弘扬诚信文化、“我们的节日”品牌活动让传统民俗走进百姓生活，积极倡导“红白事”简办新俗、坚决反对“舌尖上的浪费”、呼吁文明观赛和文明旅游，公民素养不断提升。

如今，文明愈发成为一种习惯，在落细、落小、落实中化作具体而微的平凡实践，彰显平凡中的非凡力量。

巩固阵地，筑牢网上网下同心圆——

“要加强对网络平台、自媒体和多频道网络机构的引导，促使其担负社会责任，自觉成为正能量传播者。”2025年11月28日，习近平总书记在主持中共中央政治局第二十三次集体学习时指出，要坚持以正面声音、主流价值、时代新风塑造网络空间。

人在哪，凝心聚力的重点就在哪。当前，我国网民规模超11亿人。谁掌握了互联网，谁就把握住了时代主动权。

宣传思想文化战线积极搭建交流平台，成功举办中国网络文明大会、世界互联网大会乌镇峰会、国家网络安全宣传周等活动，分享实践成果、深化国际合作。

开展专项行动，大力整治网络直播打赏乱象、“自媒体”发布不实信息、体育“饭圈”不良行为等问题，网络生态治理持续深化。

一年来，宣传思想文化战线着力培育积极健康的网络文化，网络空间愈发清朗，汇聚向上向善的力量。

**赓续中华文脉　激发创造活力**

文化的传承，从来不是简单复刻与守成，而是在延续民族精神血脉中开拓前进、创新发展，使中华文脉在时代奔流中焕发新生。

赓续文脉、激发创造，宣传思想文化战线使命如磐、重任在肩。

守护根脉，文化遗产保护成效显著——

洛阳之南、伊水之畔，龙门石窟千龛拱列。崖壁间，北魏的錾痕、盛唐的凿印，镌刻下恒久的文明印记。

2025年5月19日，习近平总书记在河南考察期间来到这里，凝望历史，感慨系之：“要把这些中华文化瑰宝保护好、传承好、传播好。”

不忘本来才能开辟未来，善于继承才能更好创新。

文化遗产，蕴藏着伟大创造、记录着历史烟云、维系着民族情感，不仅生动诉说着过去，也让我们在回望历史中增添走向未来的底气。

保护好文化遗产，宣传思想文化战线为推进文化强国建设积厚蓄势。

过去一年，“西夏陵”成功列入《世界遗产名录》，口头叙事艺术“赫哲族伊玛堪”从急需保护的非遗名录转入人类非遗代表作名录，“‘赫哲族伊玛堪’保护计划”入选优秀保护实践名册，我国文化遗产保护传承赢得世界掌声。

第四次全国文物普查新发现文物数量超13万处，文物资源家底基本摸清；新修订的文物保护法施行，文化遗产保护制度化建设更加完备；海外漂泊79年的国宝——子弹库帛书《五行令》《攻守占》终归故土，我国在流失文物追索返还路上迈出坚实一步。

提质赋能，文化激活经济发展新动能——

以文化赋能经济社会发展，是习近平总书记在2025年全国两会期间提出的重大命题，揭示出文化的深层驱动力。

2025年，《哪吒之魔童闹海》横空出世！这部取材于中国古典神话的电影“上映即爆款”，一路登顶中国影史票房榜、全球动画电影票房榜。

“哪吒”爆火，带动餐饮联名套餐热卖、手办盲盒等文创脱销，“跟着吒儿去旅游”成为新时尚，全方位引发消费溢出效应。

带动经济效益踩上“风火轮”的，又何止于“哪吒”？

以文化创意为“流量”密码，二次元周边商品市场广阔；热门演唱会门票“秒光”，演出经济成为“行走的GDP”；“票根经济”探索“文化引流+商业变现”，激发消费新潜能。

一年来，文化既为消费“添柴加薪”，又不断丰富新场景、新业态，与各经济领域实现跨界融合。

“苏超”成功破圈，将体育的竞技属性、城市的人文属性、文旅的经济属性深度融合，走出了文化赋能经济社会发展新路子。

“村超”“村BA”持续火热，“文化+乡村”带动村民富了口袋富脑袋；数字策展人、研学旅游指导师等职业拓展就业新空间……文化“软实力”正不断转化为助推经济社会发展的“硬实力”。

广泛参与，百姓文化热情日益高涨——

近8630万人次！2025年国庆中秋假期，全国博物馆迎来观展潮。

故宫博物院建院百年之际，“百年守护——从紫禁城到故宫博物院”展览吸引游人纷纷打卡；西安大唐不夜城，游客与“李白”扮演者对诗互动，领略传统文化的魅力；《沉默的荣耀》《生万物》《护宝寻踪》等电视剧热播，掀起追剧热……

一年来，从线下展览到沉浸体验，从荧屏作品到日常话题，百姓的文化热情愈发高涨。

伴随着文化热情不断升温，人民群众正从文化欣赏者转变为积极参与者。

农民诗人在田埂间吟咏生活，素人选手登上脱口秀开放麦舞台，不同年龄、职业、地域的人们借助互联网或分享自创歌舞、小说、散文，或用镜头记录下最平凡的生活。

如今，文艺创作的触角延伸至社会生活的每个角落，亿万被科技赋能、被知识照亮、被时代召唤的普通人，以最鲜活的生活体验、最丰沛的生命情感，汇聚成新大众文艺最磅礴的创造力量。

**讲好中国故事　奏响和合之声**

2025年12月5日，成都都江堰，习近平总书记同法国总统马克龙进行友好交流。玉垒山下、岷江之畔，“高山流水”再续佳话。

交谈中，习近平总书记介绍了都江堰的历史和意义，坦言“每次来到都江堰都能感受到先人因地制宜、顺势而为、天人合一、治水利民的伟大，从中汲取到治国理政的智慧”。

“中国人民的勤劳智慧令人赞叹。法中两国都有悠久的历史文化，两国人民对美好生活的追求是相通的。”马克龙深有感触。

元首外交，润物无声地向国际社会展现了可信、可爱、可敬的中国形象。在习近平总书记引领下，宣传思想文化战线坚持以文载道、以文传声、以文化人，以更有活力的文明成就贡献世界。

启迪人心的中国理念，为各国携手战胜挑战提供思想指引。

“我愿提出全球治理倡议，同各国一道，推动构建更加公正合理的全球治理体系，携手迈向人类命运共同体。”

2025年9月1日，在天津举行的“上海合作组织+”会议上，习近平总书记郑重提出全球治理倡议，引发国际社会积极响应。

以此为契机，宣传思想文化战线积极宣介全球发展倡议、全球安全倡议、全球文明倡议、全球治理倡议等重要主张，全方位、多角度向世界传递“中国经验”、分享“中国方案”。

从阐释睦邻、安邻、富邻、亲诚惠容、命运与共理念方针，到弘扬金砖精神、“上海精神”、“中国—中亚精神”，这些蕴含中国智慧的理念与愿景通过媒体平台跨越山海，为动荡不安的世界注入信心力量。

既要传播中国理念、充分说理，又要敢于亮剑、旗帜鲜明发出中国声音。

一年来，就美西方在涉疆、涉藏、涉港、涉经贸、涉人权等领域对中国的攻击抹黑，宣传思想文化战线处理好“攻”和“守”、“斗”和“和”的关系，不断提升对外发声能力水平。

特别是针对日本首相高市早苗涉台错误言论，着力抨击其无视历史与法理事实公然为“台独”势力张目的恶劣行径，积极传递中国人民维护国家主权和领土完整的坚强决心，有力引导国际社会认清本质真相。

中国声音响彻寰宇，中华文化惊艳世界。

2025年，拉布布——一个长着小尖牙、一对尖耳朵、有些“丑萌”的中国玩偶风靡全球。外媒评论，中国文化的“柔性力量”正获得海外消费者的喜爱。

现象级文化IP的成功，彰显出我国文化海外影响力的不断提升。

电视剧《藏海传》全球热播，网文小说《上元欢》英文版在海外出版发行，微短剧APP全球下载量持续增长……一年来，越来越多继承优秀传统文化又弘扬时代精神、立足本国又面向世界的多彩文化扬帆出海，赢得世界青睐。

走出去，同时也请进来。新时代中国以海纳百川的胸襟兼容并蓄，讲述着与世界的美美与共：

全球妇女峰会，中国名曲《茉莉花》、加纳乐曲《向往和平》与冰岛乐曲《五月之星》悠扬奏响，艺术之美、文化之韵、友谊之声和弦共鸣；

2025国际青春诗会，唐诗的韵律邂逅魔幻现实主义的激情，中国诗人与拉美诗人以诗为媒，抒发着人类文明的共通情感；

第二届世界中国学大会，1591年科隆出版的《欧几里得几何原理》和1858年上海出版的《几何原本》共同陈列，仿佛诉说着东西交汇的历史过往；

全球南方现代化论坛，“天下大同”的理想与“乌班图精神”交相辉映，共同勾勒出对建设美好世界的愿景与追求；

…………

交流互鉴、博采众长，2025年，不同的文化记忆、文明图景在中华大地上汇集，书写下灿烂绚丽的多彩篇章。

且纵征程迎远浪，扬帆起航赴前行。

2026年的大幕徐徐拉开，伴随着“十五五”开局，一幅波澜壮阔的时代画卷正等待我们执笔挥毫。

面向未来，在以习近平同志为核心的党中央坚强领导下，在习近平文化思想科学指引下，肩负激发全民族文化创新创造活力的重大使命，宣传思想文化战线实干担当、笃行不怠，以更加昂扬的姿态迈上新的征程。

（新华社北京1月4日电  记者王子铭、王思北、邢拓、杨湛菲）",新华社记者,要闻,https://paper.people.com.cn/rmrb/pc/content/202601/05/content_30129318.html,2026-01-05,"['习近平', '2025', '思想', '文化', '文化战线', '宣传', '抗战', '文明', '时代', '中国']","2025年，是“十四五”收官、“十五五”谋篇布局之年，也是中国人民抗日战争暨世界反法西斯战争胜利80周年。
于时代坐标中擘画蓝图，在历史回响中赓续荣光。这一年，宣传思想文化事业以其深厚的时代底色与鲜明的实践特色，深深熔铸于国家发展之中。
一年来，在习近平文化思想指引下，宣传思想文化战线擎思想火炬照亮前路、以价值纽带凝聚人心、汲文化神韵滋养心灵、搭互鉴桥梁联通世界，奋发有为、开拓进取，书写下无愧于时代的崭新篇章。",政治
坚持内需主导，建设强大国内市场（稳中求进、提质增效 实现“十五五”良好开局）,"金沙江上游，叶巴滩水电站是我国在建海拔最高的双曲拱坝电站。柴更利摄（影像中国）
金沙江上游，叶巴滩水电站是我国在建海拔最高的双曲拱坝电站。
柴更利摄（影像中国）
位于江苏扬州市的江都高新技术产业开发区，工人在制造重工设备。任  飞摄（影像中国）
位于江苏扬州市的江都高新技术产业开发区，工人在制造重工设备。
任  飞摄（影像中国）
浙江杭州市临安区清凉峰镇大明山万松岭滑雪场迎来客流小高峰。胡建强摄（影像中国）
浙江杭州市临安区清凉峰镇大明山万松岭滑雪场迎来客流小高峰。
胡建强摄（影像中国）
数据来源：国家统计局等
数据来源：国家统计局等
中央经济工作会议着眼于确保“十五五”开好局、起好步，确定了2026年经济工作要抓好的8项重点任务，其中，“坚持内需主导，建设强大国内市场”排在首位。
“十四五”时期，我国持续发力扩大内需，着力畅通供需循环，取得显著成效。新的一年，“两新”政策“两重”项目优化实施，2026年第一批625亿元超长期特别国债支持消费品以旧换新资金计划、2026年提前批“两重”建设项目清单和中央预算内投资计划已下达。做好2026年经济工作，要加快构建完整内需体系，以新需求引领新供给、以新供给创造新需求，促进消费和投资、供给和需求良性互动，增强国内大循环内生动力和可靠性。
内需成为拉动经济增长的主动力和稳定锚
第二十七届哈尔滨冰雪大世界于2025年12月17日开园，迎接八方来客。从北方城市到各地，从冬季到四季，冰雪经济热度不断攀升，成为拉动消费、扩大内需的强劲引擎。美团旅行数据显示：2025年12月以来，“室外滑雪场”搜索量同比增长超3倍。
冰雪经济的火热，是一个缩影。我国坚持立足国内，依托国内大市场优势，政策精准发力，内需潜力更好释放。
消费品以旧换新等政策协同发力，市场持续平稳增长。
“趁着国补下单，节省1000多元。”不久前，上海浦东新区的汪女士订购了一台新款洗碗机。下单后，服务人员很快上门，不仅对橱柜进行了局部改造，把洗碗机嵌入橱柜，还解决了家电回收难题。“2025年前三季度，在以旧换新政策带动下，海尔旗下家电销量增长20%，其中家用空调增幅超过50%。”海尔智家有关负责人说。
2025年，消费品以旧换新政策发力显效，全年以旧换新相关商品销售额超2.6万亿元，惠及超3.6亿人次，支撑消费持续扩大。2025年1至11月，社会消费品零售总额同比增长4.0%，较上年同期加快0.5个百分点。
大规模设备更新政策效应持续显现，设备工器具购置投资较快增长。
近期，湖北宜昌市2025年度75艘老旧营运船舶报废更新工作收官，拨付补贴资金达2.2亿元。“2艘沥青船，共计800万元补贴款。”宜昌三通航运有限公司有关负责人杨悦说。湖北相关市州共申报2025年第一批老旧营运船舶报废更新项目14个，审批下达清单中涉及拆解船舶369艘，下达补贴6.09亿元。
2025年，设备购置投资持续发挥拉动作用：1至11月，设备工器具购置投资同比增长12.2%，拉动全部投资增长1.8个百分点；占全部投资的比重为17.4%。
“两重”建设持续推进，重点领域相关投资继续扩大。2025年1至11月，电力、热力生产和供应业投资同比增长12.5%，互联网和相关服务业、水上运输业投资同比分别增长20.7%和8.9%。
国家发展改革委宏观经济研究院研究员张林山认为，我国内需规模持续扩大、质量持续提升、国际影响力持续增强，内需对经济发展的支撑作用明显增强，成为拉动经济增长的主动力和稳定锚。
扩大内需仍有巨大潜力和空间
专家分析，今后一个时期，我国扩大内需虽面临一些制约因素和困难挑战，但总体上有利因素多于不利因素、机遇大于挑战。
消费升级蕴含巨大潜力——
江西芦溪县南坑镇新坪村，网络主播介绍刚捞起的鲜鱼，并发放优惠券。2025年，芦溪县联动电商平台，组织40余家农特企业、数字经济产业园商户参与“赣品网上行”等活动10场；1至10月，全县网络零售额54397.84万元。
张林山认为，数字技术、人工智能等不断催生新业态新模式新场景，沉浸式、体验式消费场景创新培育，直播经济、在线文娱蓬勃发展，巨大的消费潜力将持续释放。
有效投资空间仍然广阔——
天津飞旋科技股份有限公司，新产线机器轰鸣。“科技型企业研发投入大、周期长，资金周转是痛点。”公司财务负责人李东晖说，邮储银行天津分行投放的1000万元信用贷款，从对接调研到贷款落地，只用了15个工作日，“这笔资金已用于新技术研发和旧产线升级。”
贵州台江县苗苗酸汤食品有限公司，6组不锈钢发酵罐在灯光下格外耀眼。这家公司由中国农业科学院农产品加工研究所与锅圈食品合作投资建设，现代化生产线将酸汤发酵时间由3至6个月缩短到7天，而且全流程可控。
海南的一处中通快递网点，一件件包裹经激光扫描后，系统自动识别目的地信息，从传送带滑入对应格口。2025年8月，网点投资50多万元上线了这套自动化分拣系统，运营效率和处理能力提升明显。2025年，中通快递部署超690套自动化分拣设备。
我国经济正处在转变发展方式、优化经济结构、转换增长动力的攻关期。传统产业转型升级对设备更新、工艺焕新、数智化转型等投资需求很大；关键核心技术领域补短板，新兴产业、未来产业发展，也将形成源源不断的投资发展新动力。
坚定实施扩大内需战略
张林山认为，要准确把握国内市场发展规律，统筹稳就业、稳企业、稳市场、稳预期，进一步做强国内大循环，有效应对外部冲击挑战，推动经济平稳健康可持续发展。
建设强大国内市场，必须把大力提振消费摆在更加突出的位置。
午饭时间，云南宜良县鲜农园宜良烤鸭城，店员忙着分拣菜品、打包订单，美团骑手等待取单。即时零售等商业新模式的发展，带来便捷的购物体验。
消费是最终需求，也是经济增长的持久动力。既要立足当前，把扩大消费与因地制宜发展新质生产力结合起来，顺应消费升级趋势，扩大优质消费品和服务供给，取消消费领域不合理或“一刀切”限制措施，以新供给满足新需求、激发新动能；也要着眼长远，制定实施城乡居民增收计划，切实增强居民消费能力，完善社会保障体系，在保障和改善民生中扩大消费。
建设强大国内市场，要积极扩大有效投资。
渝湘复线高速公路全线贯通，张靖皋长江大桥南航道桥南主塔顺利封顶……我国交通固定资产投资持续高位运行，2025年预计超3.6万亿元。
支持城市地下管网、高标准农田、“三北”工程、有效降低全社会物流成本……2026年提前批“两重”建设项目，突出国家重大战略实施和重点领域安全能力建设性质要求。
支持城市更新、水利、生态保护修复……2026年提前批中央预算内投资计划，聚焦需要集中力量、持续投入、补短板调结构惠民生的公共领域，充分发挥政府投资引导带动作用。
“投资是当前的需求，也决定未来的供给。”国家发展改革委宏观经济研究院研究员杜月说，要保持合理政府投资力度，统筹用好各类政府投资资金，加强项目全过程管理，确保资金用在“刀刃”上；持续激发民间投资活力，深入实施促进民间投资发展的若干措施，完善民营企业参与重大项目建设长效机制，加强对民间投资项目的要素保障和融资支持，努力营造更加稳定、透明、可预期的制度环境。
我们要坚定实施扩大内需战略，坚持内需主导，建设强大国内市场，不断把我国超大规模市场优势转化为竞争优势和发展胜势，为以中国式现代化全面推进强国建设、民族复兴伟业打下坚实基础。","# 坚持内需主导，建设强大国内市场（稳中求进、提质增效 实现“十五五”良好开局）

> 本报记者  王  珂  齐志明  韩  鑫《人民日报》（2026年01月05日第 05 版）

金沙江上游，叶巴滩水电站是我国在建海拔最高的双曲拱坝电站。　　柴更利摄（影像中国）

金沙江上游，叶巴滩水电站是我国在建海拔最高的双曲拱坝电站。

柴更利摄（影像中国）

位于江苏扬州市的江都高新技术产业开发区，工人在制造重工设备。　　任  飞摄（影像中国）

位于江苏扬州市的江都高新技术产业开发区，工人在制造重工设备。

任  飞摄（影像中国）

浙江杭州市临安区清凉峰镇大明山万松岭滑雪场迎来客流小高峰。　　胡建强摄（影像中国）

浙江杭州市临安区清凉峰镇大明山万松岭滑雪场迎来客流小高峰。

胡建强摄（影像中国）

数据来源：国家统计局等

数据来源：国家统计局等

中央经济工作会议着眼于确保“十五五”开好局、起好步，确定了2026年经济工作要抓好的8项重点任务，其中，“坚持内需主导，建设强大国内市场”排在首位。

“十四五”时期，我国持续发力扩大内需，着力畅通供需循环，取得显著成效。新的一年，“两新”政策“两重”项目优化实施，2026年第一批625亿元超长期特别国债支持消费品以旧换新资金计划、2026年提前批“两重”建设项目清单和中央预算内投资计划已下达。做好2026年经济工作，要加快构建完整内需体系，以新需求引领新供给、以新供给创造新需求，促进消费和投资、供给和需求良性互动，增强国内大循环内生动力和可靠性。

内需成为拉动经济增长的主动力和稳定锚

第二十七届哈尔滨冰雪大世界于2025年12月17日开园，迎接八方来客。从北方城市到各地，从冬季到四季，冰雪经济热度不断攀升，成为拉动消费、扩大内需的强劲引擎。美团旅行数据显示：2025年12月以来，“室外滑雪场”搜索量同比增长超3倍。

冰雪经济的火热，是一个缩影。我国坚持立足国内，依托国内大市场优势，政策精准发力，内需潜力更好释放。

消费品以旧换新等政策协同发力，市场持续平稳增长。

“趁着国补下单，节省1000多元。”不久前，上海浦东新区的汪女士订购了一台新款洗碗机。下单后，服务人员很快上门，不仅对橱柜进行了局部改造，把洗碗机嵌入橱柜，还解决了家电回收难题。“2025年前三季度，在以旧换新政策带动下，海尔旗下家电销量增长20%，其中家用空调增幅超过50%。”海尔智家有关负责人说。

2025年，消费品以旧换新政策发力显效，全年以旧换新相关商品销售额超2.6万亿元，惠及超3.6亿人次，支撑消费持续扩大。2025年1至11月，社会消费品零售总额同比增长4.0%，较上年同期加快0.5个百分点。

大规模设备更新政策效应持续显现，设备工器具购置投资较快增长。

近期，湖北宜昌市2025年度75艘老旧营运船舶报废更新工作收官，拨付补贴资金达2.2亿元。“2艘沥青船，共计800万元补贴款。”宜昌三通航运有限公司有关负责人杨悦说。湖北相关市州共申报2025年第一批老旧营运船舶报废更新项目14个，审批下达清单中涉及拆解船舶369艘，下达补贴6.09亿元。

2025年，设备购置投资持续发挥拉动作用：1至11月，设备工器具购置投资同比增长12.2%，拉动全部投资增长1.8个百分点；占全部投资的比重为17.4%。

“两重”建设持续推进，重点领域相关投资继续扩大。2025年1至11月，电力、热力生产和供应业投资同比增长12.5%，互联网和相关服务业、水上运输业投资同比分别增长20.7%和8.9%。

国家发展改革委宏观经济研究院研究员张林山认为，我国内需规模持续扩大、质量持续提升、国际影响力持续增强，内需对经济发展的支撑作用明显增强，成为拉动经济增长的主动力和稳定锚。

扩大内需仍有巨大潜力和空间

专家分析，今后一个时期，我国扩大内需虽面临一些制约因素和困难挑战，但总体上有利因素多于不利因素、机遇大于挑战。

消费升级蕴含巨大潜力——

江西芦溪县南坑镇新坪村，网络主播介绍刚捞起的鲜鱼，并发放优惠券。2025年，芦溪县联动电商平台，组织40余家农特企业、数字经济产业园商户参与“赣品网上行”等活动10场；1至10月，全县网络零售额54397.84万元。

张林山认为，数字技术、人工智能等不断催生新业态新模式新场景，沉浸式、体验式消费场景创新培育，直播经济、在线文娱蓬勃发展，巨大的消费潜力将持续释放。

有效投资空间仍然广阔——

天津飞旋科技股份有限公司，新产线机器轰鸣。“科技型企业研发投入大、周期长，资金周转是痛点。”公司财务负责人李东晖说，邮储银行天津分行投放的1000万元信用贷款，从对接调研到贷款落地，只用了15个工作日，“这笔资金已用于新技术研发和旧产线升级。”

贵州台江县苗苗酸汤食品有限公司，6组不锈钢发酵罐在灯光下格外耀眼。这家公司由中国农业科学院农产品加工研究所与锅圈食品合作投资建设，现代化生产线将酸汤发酵时间由3至6个月缩短到7天，而且全流程可控。

海南的一处中通快递网点，一件件包裹经激光扫描后，系统自动识别目的地信息，从传送带滑入对应格口。2025年8月，网点投资50多万元上线了这套自动化分拣系统，运营效率和处理能力提升明显。2025年，中通快递部署超690套自动化分拣设备。

我国经济正处在转变发展方式、优化经济结构、转换增长动力的攻关期。传统产业转型升级对设备更新、工艺焕新、数智化转型等投资需求很大；关键核心技术领域补短板，新兴产业、未来产业发展，也将形成源源不断的投资发展新动力。

坚定实施扩大内需战略

张林山认为，要准确把握国内市场发展规律，统筹稳就业、稳企业、稳市场、稳预期，进一步做强国内大循环，有效应对外部冲击挑战，推动经济平稳健康可持续发展。

建设强大国内市场，必须把大力提振消费摆在更加突出的位置。

午饭时间，云南宜良县鲜农园宜良烤鸭城，店员忙着分拣菜品、打包订单，美团骑手等待取单。即时零售等商业新模式的发展，带来便捷的购物体验。

消费是最终需求，也是经济增长的持久动力。既要立足当前，把扩大消费与因地制宜发展新质生产力结合起来，顺应消费升级趋势，扩大优质消费品和服务供给，取消消费领域不合理或“一刀切”限制措施，以新供给满足新需求、激发新动能；也要着眼长远，制定实施城乡居民增收计划，切实增强居民消费能力，完善社会保障体系，在保障和改善民生中扩大消费。

建设强大国内市场，要积极扩大有效投资。

渝湘复线高速公路全线贯通，张靖皋长江大桥南航道桥南主塔顺利封顶……我国交通固定资产投资持续高位运行，2025年预计超3.6万亿元。

支持城市地下管网、高标准农田、“三北”工程、有效降低全社会物流成本……2026年提前批“两重”建设项目，突出国家重大战略实施和重点领域安全能力建设性质要求。

支持城市更新、水利、生态保护修复……2026年提前批中央预算内投资计划，聚焦需要集中力量、持续投入、补短板调结构惠民生的公共领域，充分发挥政府投资引导带动作用。

“投资是当前的需求，也决定未来的供给。”国家发展改革委宏观经济研究院研究员杜月说，要保持合理政府投资力度，统筹用好各类政府投资资金，加强项目全过程管理，确保资金用在“刀刃”上；持续激发民间投资活力，深入实施促进民间投资发展的若干措施，完善民营企业参与重大项目建设长效机制，加强对民间投资项目的要素保障和融资支持，努力营造更加稳定、透明、可预期的制度环境。

我们要坚定实施扩大内需战略，坚持内需主导，建设强大国内市场，不断把我国超大规模市场优势转化为竞争优势和发展胜势，为以中国式现代化全面推进强国建设、民族复兴伟业打下坚实基础。",王  珂  齐志明  韩  鑫,特别报道,https://paper.people.com.cn/rmrb/pc/content/202601/05/content_30129319.html,2026-01-05,"['2025', '投资', '2026', '持续', '消费', '内需', '增长', '影像', '经济', '建设']","金沙江上游，叶巴滩水电站是我国在建海拔最高的双曲拱坝电站。柴更利摄（影像中国）
金沙江上游，叶巴滩水电站是我国在建海拔最高的双曲拱坝电站。
柴更利摄（影像中国）",政治
潜力足  举措实  动能新（编辑手记）,"高山雪场满是游客，商业街区人来人往，新型基础设施加紧建设……活力涌动的内需市场，正成为中国经济高质量发展的强劲引擎。
内需，我国经济发展的基本动力；强大国内市场，中国式现代化的战略依托。中央经济工作会议将“坚持内需主导，建设强大国内市场”，确定为2026年经济工作8项重点任务之首。
建设强大国内市场，我们潜力足。完备的工业体系筑牢供给根基，14亿多人口和全球最大规模中等收入群体培育需求沃土，科技创新、产业升级、民生改善等领域投资空间广阔。
建设强大国内市场，我们举措实。以旧换新政策发力显效，拉动家电、新能源汽车等产品销售；设备更新助力产业升级，引导企业向绿向新向智；“两重”建设扎实推进，超长期特别国债项目利民生惠长远。
建设强大国内市场，我们动能新。提振消费专项行动深入实施，即时零售、直播电商等新亮点不断涌现；新业态新模式拔节生长，绿色消费、服务消费成为新的增长点；投资向新向优发力，新技术新场景加速落地。
“十五五”开局之年，牢牢把握扩大内需战略基点，坚持消费与投资双轮驱动、供给与需求双向发力、投资于物与投资于人紧密结合，一个更强大的国内市场，将为中国经济发展注入澎湃动力。","# 潜力足  举措实  动能新（编辑手记）

> 郭雪岩《人民日报》（2026年01月05日第 05 版）

高山雪场满是游客，商业街区人来人往，新型基础设施加紧建设……活力涌动的内需市场，正成为中国经济高质量发展的强劲引擎。

内需，我国经济发展的基本动力；强大国内市场，中国式现代化的战略依托。中央经济工作会议将“坚持内需主导，建设强大国内市场”，确定为2026年经济工作8项重点任务之首。

建设强大国内市场，我们潜力足。完备的工业体系筑牢供给根基，14亿多人口和全球最大规模中等收入群体培育需求沃土，科技创新、产业升级、民生改善等领域投资空间广阔。

建设强大国内市场，我们举措实。以旧换新政策发力显效，拉动家电、新能源汽车等产品销售；设备更新助力产业升级，引导企业向绿向新向智；“两重”建设扎实推进，超长期特别国债项目利民生惠长远。

建设强大国内市场，我们动能新。提振消费专项行动深入实施，即时零售、直播电商等新亮点不断涌现；新业态新模式拔节生长，绿色消费、服务消费成为新的增长点；投资向新向优发力，新技术新场景加速落地。

“十五五”开局之年，牢牢把握扩大内需战略基点，坚持消费与投资双轮驱动、供给与需求双向发力、投资于物与投资于人紧密结合，一个更强大的国内市场，将为中国经济发展注入澎湃动力。",郭雪岩,特别报道,https://paper.people.com.cn/rmrb/pc/content/202601/05/content_30129320.html,2026-01-05,"['强大', '建设', '国内', '发力', '市场', '消费', '内需', '投资', '经济', '动能']","高山雪场满是游客，商业街区人来人往，新型基础设施加紧建设……活力涌动的内需市场，正成为中国经济高质量发展的强劲引擎。
内需，我国经济发展的基本动力；强大国内市场，中国式现代化的战略依托。中央经济工作会议将“坚持内需主导，建设强大国内市场”，确定为2026年经济工作8项重点任务之首。
建设强大国内市场，我们潜力足。完备的工业体系筑牢供给根基，14亿多人口和全球最大规模中等收入群体培育需求沃土，科技创新、产业升级、民生改善等领域投资空间广阔。",政治
重大项目吸引民企参与,"2025年12月29日，在京杭运河山东济宁段，宁德时代电船科技有限公司与济宁能源发展集团有限公司合作打造的首批5艘纯电动货船顺利交付，并同步完成50艘电动货船签约。
宁德时代电船科技有限公司总经理苏怡怡说：“2025年，深度参与京杭运河绿色智能航运示范项目，让我对民营企业参与国家重大工程、服务扩大内需有了更深切的体会。”
“一开始也面临技术、成本、商业模式等多重挑战。”苏怡怡坦言，内河货运行业对成本高度敏感，推动绿色转型并非易事。山东省与济宁市出台的系列针对性举措，给予企业支持，“从建造补贴、购置补贴，到即将出台的配套设施补贴，以及优先过闸、费用减免等，实打实的举措显著降低了前期投入与运营成本。”
依托政策支持，公司研发的“船—岸—云”一体化全场景技术解决方案从船上动力系统、岸基补能网络到云端智能管理，实现全链条整合，系统破解了电动货船在初期投资、补能效率、运营经济性与全周期权责界定上的瓶颈，为规模化推广探索了可复制的商业模式。
“我们有信心用好用足政策红利，将参与重大项目的经验转化为更多领域的投资与实践，为激发民间投资活力、服务扩大内需战略贡献民营企业的力量。”苏怡怡说。","# 重大项目吸引民企参与

> 本报记者  李  蕊《人民日报》（2026年01月05日第 05 版）

2025年12月29日，在京杭运河山东济宁段，宁德时代电船科技有限公司与济宁能源发展集团有限公司合作打造的首批5艘纯电动货船顺利交付，并同步完成50艘电动货船签约。

宁德时代电船科技有限公司总经理苏怡怡说：“2025年，深度参与京杭运河绿色智能航运示范项目，让我对民营企业参与国家重大工程、服务扩大内需有了更深切的体会。”

“一开始也面临技术、成本、商业模式等多重挑战。”苏怡怡坦言，内河货运行业对成本高度敏感，推动绿色转型并非易事。山东省与济宁市出台的系列针对性举措，给予企业支持，“从建造补贴、购置补贴，到即将出台的配套设施补贴，以及优先过闸、费用减免等，实打实的举措显著降低了前期投入与运营成本。”

依托政策支持，公司研发的“船—岸—云”一体化全场景技术解决方案从船上动力系统、岸基补能网络到云端智能管理，实现全链条整合，系统破解了电动货船在初期投资、补能效率、运营经济性与全周期权责界定上的瓶颈，为规模化推广探索了可复制的商业模式。

“我们有信心用好用足政策红利，将参与重大项目的经验转化为更多领域的投资与实践，为激发民间投资活力、服务扩大内需战略贡献民营企业的力量。”苏怡怡说。",李  蕊,特别报道,https://paper.people.com.cn/rmrb/pc/content/202601/05/content_30129321.html,2026-01-05,"['苏怡怡', '货船', '电船', '2025', '补能', '宁德', '电动', '补贴', '参与', '重大项目']","2025年12月29日，在京杭运河山东济宁段，宁德时代电船科技有限公司与济宁能源发展集团有限公司合作打造的首批5艘纯电动货船顺利交付，并同步完成50艘电动货船签约。
宁德时代电船科技有限公司总经理苏怡怡说：“2025年，深度参与京杭运河绿色智能航运示范项目，让我对民营企业参与国家重大工程、服务扩大内需有了更深切的体会。”
“一开始也面临技术、成本、商业模式等多重挑战。”苏怡怡坦言，内河货运行业对成本高度敏感，推动绿色转型并非易事。山东省与济宁市出台的系列针对性举措，给予企业支持，“从建造补贴、购置补贴，到即将出台的配套设施补贴，以及优先过闸、费用减免等，实打实的举措显著降低了前期投入与运营成本。”",政治
感悟发展的未来感（评论员观察）,"目标感十足的坚定与战略感十足的节奏，持续强化着人们锚定未来发展的信心，也为不确定的世界注入了强大确定性和正能量
把远大目标和务实工作结合起来，既有老黄牛的品格，又有千里马的气势，我们不仅能勇立时代潮头、更能站在创造未来的源头
生活的细节里，往往藏着发展的逻辑。
陪家里老人看病。医生开出检查单，一项特殊检查的千余元费用，让她顿感一惊。缴费时，因之前做了异地就医备案，医保直接结算、个人账户支付后，自己需缴费用并不算多。看着账单的老人，心忧变欣喜。她连连感慨，“没想到”“政策好”。
好政策带来获得感，这是实实在在的民生温度。惠民政策，之所以落地见效、利民有感，也得益于科技赋能。依托信息技术，医保、医疗、医药数据资源被有效整合，就医看病从“卡时代”迈向“码时代”。技术红利，让“想都不敢想的生活”变为“触手可及的日常”。政策托举生活，科技改变生活，幸福感十足。
中国的发展，是值得“惊叹”的。不久前，一位美国记者在体验换电机器人、自动驾驶送货卡车、无人机送餐后，认为“既充满未来感又有些不可思议”。这种被称为“未来愿景下的生活”，为什么出现在中国？中国的发展，为什么充满了未来感？
托举未来，才能看到未来。有人说，预测未来的最好方式就是创造它。中国用实际行动、务实作为、有效成果，生动诠释了这个道理。
打开发展画卷，科技之光是亮色。城市之间，高铁时速达350公里；移动支付遍及大江南北，扫码交易安全便捷；无人机配送、无人驾驶汽车、智慧城市建设，从概念变为现实；5G信号覆盖乡村，数字快车“开”到田间，农副特产通过直播间行销全国。技术不是孤立的存在，而是形成高效协同的生态系统，编织出活力迸发的现代化图景。
擘画未来，才能透视未来。目光有多远，行动有多实，未来才会有多美。不少人将中国视为规划力、执行力超强的国家。前瞻中充满治理智慧，实干中积蓄前行力量。
国强民富，一直是发展规划的追求。智能制造、生物医药、节能环保、消费升级、电商经济……从“十五五”规划建议中，企业家收获机遇清单，普通人看到生活福祉。数十年来，每份规划都精准聚焦国家战略、企业机会与民生关切。正如树苗因园丁精心培育而茁壮成长，中国发展也在科学规划指引下稳步前行，无论投资决策还是个人成长，都能于蓝图中找到坐标。
中国的发展日新月异，世界与之同频。有外国友人说，提前至少5年将政府施政重点、目标任务和实现路径向全社会、全世界公布，几十年坚持这么做的国家，全世界只有中国。读懂中国，就会看好中国。目标感十足的坚定与战略感十足的节奏，持续强化着人们锚定未来发展的信心，也为不确定的世界注入了强大确定性和正能量。
赓续传统，才能涵养未来。中国式现代化，是在五千多年文明的地基上建造摩天大楼。没有断裂式的“推倒重来”，而是“温故而知新”的推陈出新，这让现代化之路更具文明质感。
其实，我们不仅创造未来，更在定义什么样的未来值得追求。今天的美丽中国、数字中国建设，是在“天人合一”“经世致用”等传统哲学观照下的创新实践。汉服与赛博朋克元素融合引领风潮，以区块链技术保护非遗版权，用元宇宙复原“万园之园”圆明园……把发展深植于中华文化之中，传统回响与时代脉动交织成的精神气象，是从历史深处走来、向光明未来奔去的文明自觉。
中国共产党人有这样一种风范，“过去、现在、未来全部规划好、思虑到。”未来的中国，不只是“中国的未来”，更是“中国给世界的未来”。新征程上，把远大目标和务实工作结合起来，既有老黄牛的品格，又有千里马的气势，我们不仅能勇立时代潮头、更能站在创造未来的源头。","# 感悟发展的未来感（评论员观察）

> 李洪兴《人民日报》（2026年01月05日第 06 版）

目标感十足的坚定与战略感十足的节奏，持续强化着人们锚定未来发展的信心，也为不确定的世界注入了强大确定性和正能量

把远大目标和务实工作结合起来，既有老黄牛的品格，又有千里马的气势，我们不仅能勇立时代潮头、更能站在创造未来的源头

生活的细节里，往往藏着发展的逻辑。

陪家里老人看病。医生开出检查单，一项特殊检查的千余元费用，让她顿感一惊。缴费时，因之前做了异地就医备案，医保直接结算、个人账户支付后，自己需缴费用并不算多。看着账单的老人，心忧变欣喜。她连连感慨，“没想到”“政策好”。

好政策带来获得感，这是实实在在的民生温度。惠民政策，之所以落地见效、利民有感，也得益于科技赋能。依托信息技术，医保、医疗、医药数据资源被有效整合，就医看病从“卡时代”迈向“码时代”。技术红利，让“想都不敢想的生活”变为“触手可及的日常”。政策托举生活，科技改变生活，幸福感十足。

中国的发展，是值得“惊叹”的。不久前，一位美国记者在体验换电机器人、自动驾驶送货卡车、无人机送餐后，认为“既充满未来感又有些不可思议”。这种被称为“未来愿景下的生活”，为什么出现在中国？中国的发展，为什么充满了未来感？

托举未来，才能看到未来。有人说，预测未来的最好方式就是创造它。中国用实际行动、务实作为、有效成果，生动诠释了这个道理。

打开发展画卷，科技之光是亮色。城市之间，高铁时速达350公里；移动支付遍及大江南北，扫码交易安全便捷；无人机配送、无人驾驶汽车、智慧城市建设，从概念变为现实；5G信号覆盖乡村，数字快车“开”到田间，农副特产通过直播间行销全国。技术不是孤立的存在，而是形成高效协同的生态系统，编织出活力迸发的现代化图景。

擘画未来，才能透视未来。目光有多远，行动有多实，未来才会有多美。不少人将中国视为规划力、执行力超强的国家。前瞻中充满治理智慧，实干中积蓄前行力量。

国强民富，一直是发展规划的追求。智能制造、生物医药、节能环保、消费升级、电商经济……从“十五五”规划建议中，企业家收获机遇清单，普通人看到生活福祉。数十年来，每份规划都精准聚焦国家战略、企业机会与民生关切。正如树苗因园丁精心培育而茁壮成长，中国发展也在科学规划指引下稳步前行，无论投资决策还是个人成长，都能于蓝图中找到坐标。

中国的发展日新月异，世界与之同频。有外国友人说，提前至少5年将政府施政重点、目标任务和实现路径向全社会、全世界公布，几十年坚持这么做的国家，全世界只有中国。读懂中国，就会看好中国。目标感十足的坚定与战略感十足的节奏，持续强化着人们锚定未来发展的信心，也为不确定的世界注入了强大确定性和正能量。

赓续传统，才能涵养未来。中国式现代化，是在五千多年文明的地基上建造摩天大楼。没有断裂式的“推倒重来”，而是“温故而知新”的推陈出新，这让现代化之路更具文明质感。

其实，我们不仅创造未来，更在定义什么样的未来值得追求。今天的美丽中国、数字中国建设，是在“天人合一”“经世致用”等传统哲学观照下的创新实践。汉服与赛博朋克元素融合引领风潮，以区块链技术保护非遗版权，用元宇宙复原“万园之园”圆明园……把发展深植于中华文化之中，传统回响与时代脉动交织成的精神气象，是从历史深处走来、向光明未来奔去的文明自觉。

中国共产党人有这样一种风范，“过去、现在、未来全部规划好、思虑到。”未来的中国，不只是“中国的未来”，更是“中国给世界的未来”。新征程上，把远大目标和务实工作结合起来，既有老黄牛的品格，又有千里马的气势，我们不仅能勇立时代潮头、更能站在创造未来的源头。",李洪兴,评论,https://paper.people.com.cn/rmrb/pc/content/202601/05/content_30129325.html,2026-01-05,"['未来', '中国', '十足', '发展', '规划', '生活', '时代', '务实', '远大目标', '老黄牛']","目标感十足的坚定与战略感十足的节奏，持续强化着人们锚定未来发展的信心，也为不确定的世界注入了强大确定性和正能量
把远大目标和务实工作结合起来，既有老黄牛的品格，又有千里马的气势，我们不仅能勇立时代潮头、更能站在创造未来的源头
生活的细节里，往往藏着发展的逻辑。",政治
筑牢有效辩护的程序防线（人民时评）,"在一环扣一环的司法实践中，程序被恪守、道理被辨明、权利被尊重，人们对司法的信任将不断提升，对法治的信仰将更加坚定
维护当事人合法权益，依法保障律师执业权利是重要前提。从知情、会见，到阅卷、调查取证、发表辩护意见，任何一个环节保障若有缺失，控辩平等原则就难以落实，司法公正也会受到影响。
为了进一步改善律师执业环境，前不久，最高人民检察院与司法部联合印发《依法保障律师阅卷权利工作规定》，推动构建现场阅卷、异地阅卷、线上阅卷的全场景保障机制。充分保障阅卷权，有助于提升辩护质量，构建更加均衡的诉辩关系，更好筑牢公平正义的程序防线。
保障律师阅卷权，绝非简单的执业便利问题，而是关乎当事人能否获得有效辩护的重要环节。阅卷权作为辩护权的重要内容之一，是有效辩护的基石。唯有全面查阅、梳理案卷，律师才能精准核查事实、掌握案件全貌，找准辩护切入点，为当事人提供有力的法律帮助。
让律师全面掌握案卷材料，对于减少冤假错案、守护司法公信力，是一道不可或缺的重要防线。司法审判中，许多关乎案件性质的关键问题，都需要经过专业审视。比如，证据链条是否牢固，办案程序是否规范，取证手段是否合法。对这些问题的审视越严格越规范，事实的准确认定和法律的正确适用就越有保障。
努力让人民群众在每一个司法案件中感受到公平正义，不仅体现在最终的裁判结果上，更体现在案件办理的全部流程中。每一页得到充分质证的卷宗、每一次依法依规的问询、每一轮客观细致的查勘、每一场有理有据的法庭辩护，都是对公平正义的促进。在一环扣一环的司法实践中，程序被恪守、道理被辨明、权利被尊重，人们对司法的信任将不断提升，对法治的信仰将更加坚定。
近年来，从推进刑事案件律师辩护全覆盖，到最高法首次设立律师工作联络专门机构，再到此次《规定》出台，执业权利保障机制的不断完善，目标正是更好发挥律师群体的作用，以有效辩护助力保障每一个案件的公平审理。
制度的生命在于严格执行，也在于与时俱进。在数字化时代，推广异地阅卷与线上阅卷，是以技术赋能权利保障的生动实践，更是司法工作顺应时代发展的内在要求。这不仅能提高律师的工作效率，也有助于降低当事人的经济负担。
在提供多元便捷渠道之外，当律师行使阅卷权等权利受阻时，提供响应及时、处理公正、反馈顺畅的救济，同样重要。除了开展专项监督、案件回访等行之有效的活动，司法行政机关、律师协会等应协同建立快速联动处置机制，以严格问责来排除对律师执业权利的干预。加快制定配套细则，打通制度衔接的堵点，营造更加健康有序的律师执业环境，必能推动法律职业共同体同向而行、同频共振，凝聚起维护司法公正的磅礴合力。
公平、公正是法治的生命线，也是人民群众感知法治建设的一把尺子。畅通权利行使的渠道，筑牢权利救济的堤坝，让律师底气十足地履行职责，让当事人的合法权益得到专业辩护，让每一起案件都彰显公平正义，法治中国的根基必将坚如磐石。","# 筑牢有效辩护的程序防线（人民时评）

> 倪  弋《人民日报》（2026年01月05日第 06 版）

在一环扣一环的司法实践中，程序被恪守、道理被辨明、权利被尊重，人们对司法的信任将不断提升，对法治的信仰将更加坚定

维护当事人合法权益，依法保障律师执业权利是重要前提。从知情、会见，到阅卷、调查取证、发表辩护意见，任何一个环节保障若有缺失，控辩平等原则就难以落实，司法公正也会受到影响。

为了进一步改善律师执业环境，前不久，最高人民检察院与司法部联合印发《依法保障律师阅卷权利工作规定》，推动构建现场阅卷、异地阅卷、线上阅卷的全场景保障机制。充分保障阅卷权，有助于提升辩护质量，构建更加均衡的诉辩关系，更好筑牢公平正义的程序防线。

保障律师阅卷权，绝非简单的执业便利问题，而是关乎当事人能否获得有效辩护的重要环节。阅卷权作为辩护权的重要内容之一，是有效辩护的基石。唯有全面查阅、梳理案卷，律师才能精准核查事实、掌握案件全貌，找准辩护切入点，为当事人提供有力的法律帮助。

让律师全面掌握案卷材料，对于减少冤假错案、守护司法公信力，是一道不可或缺的重要防线。司法审判中，许多关乎案件性质的关键问题，都需要经过专业审视。比如，证据链条是否牢固，办案程序是否规范，取证手段是否合法。对这些问题的审视越严格越规范，事实的准确认定和法律的正确适用就越有保障。

努力让人民群众在每一个司法案件中感受到公平正义，不仅体现在最终的裁判结果上，更体现在案件办理的全部流程中。每一页得到充分质证的卷宗、每一次依法依规的问询、每一轮客观细致的查勘、每一场有理有据的法庭辩护，都是对公平正义的促进。在一环扣一环的司法实践中，程序被恪守、道理被辨明、权利被尊重，人们对司法的信任将不断提升，对法治的信仰将更加坚定。

近年来，从推进刑事案件律师辩护全覆盖，到最高法首次设立律师工作联络专门机构，再到此次《规定》出台，执业权利保障机制的不断完善，目标正是更好发挥律师群体的作用，以有效辩护助力保障每一个案件的公平审理。

制度的生命在于严格执行，也在于与时俱进。在数字化时代，推广异地阅卷与线上阅卷，是以技术赋能权利保障的生动实践，更是司法工作顺应时代发展的内在要求。这不仅能提高律师的工作效率，也有助于降低当事人的经济负担。

在提供多元便捷渠道之外，当律师行使阅卷权等权利受阻时，提供响应及时、处理公正、反馈顺畅的救济，同样重要。除了开展专项监督、案件回访等行之有效的活动，司法行政机关、律师协会等应协同建立快速联动处置机制，以严格问责来排除对律师执业权利的干预。加快制定配套细则，打通制度衔接的堵点，营造更加健康有序的律师执业环境，必能推动法律职业共同体同向而行、同频共振，凝聚起维护司法公正的磅礴合力。

公平、公正是法治的生命线，也是人民群众感知法治建设的一把尺子。畅通权利行使的渠道，筑牢权利救济的堤坝，让律师底气十足地履行职责，让当事人的合法权益得到专业辩护，让每一起案件都彰显公平正义，法治中国的根基必将坚如磐石。",倪  弋,评论,https://paper.people.com.cn/rmrb/pc/content/202601/05/content_30129326.html,2026-01-05,"['阅卷', '律师', '辩护', '司法', '权利', '执业', '保障', '案件', '法治', '公平正义']","在一环扣一环的司法实践中，程序被恪守、道理被辨明、权利被尊重，人们对司法的信任将不断提升，对法治的信仰将更加坚定
维护当事人合法权益，依法保障律师执业权利是重要前提。从知情、会见，到阅卷、调查取证、发表辩护意见，任何一个环节保障若有缺失，控辩平等原则就难以落实，司法公正也会受到影响。
为了进一步改善律师执业环境，前不久，最高人民检察院与司法部联合印发《依法保障律师阅卷权利工作规定》，推动构建现场阅卷、异地阅卷、线上阅卷的全场景保障机制。充分保障阅卷权，有助于提升辩护质量，构建更加均衡的诉辩关系，更好筑牢公平正义的程序防线。",经济
让向善的涟漪扩散得更远（暖闻热评）,"【事件】前不久，福建师范大学旗山校区旁的小吃街煎饼摊摊主张建武，因确诊癌症向社会发起求助。听闻此消息后，同一条小吃街上的“竞争对手”纷纷伸出援手，有的摊主将收款码更换成张建武的；有的举行义卖，捐出营业额。学生们在爱心摊位前排起了长队，献出自己的一份力量，有的还悄悄多付金额传递心意。这场自发的爱心接力，以朴素的方式，让寒冬里的小吃街温情满溢。
【点评】
从摊主们共献爱心，到学生们奔走支持，再到医院主动协调会诊、民政部门启动跨市救助机制，个体善举与制度保障在此刻同频共振。“福州是座温暖的城，我曾被别人撑起过伞，现在也想为别人挡挡雨。”因妻子重病获全城相助的“锅盔叔叔”胡伟光，道出了这场善意传递的驱动力。在这次爱心接力中，胡伟光第一时间贡献了一份心意。这些行动，如同冬日里的暖阳，为“煎饼叔叔”一家解了燃眉之急，勾勒出一座城市的文明底色。
平凡人之间的守望相助，不亚于一剂治愈“良方”。今天，类似的善意接力，在我们身边时常上演：在浙江杭州，慈善商店融入社区肌理，通过公益积分、旧物循环义卖、残健融合全纳就业等方式助残助困；在辽宁铁岭，村民于艳龙寒冬中两度破冰入水，救援几名掉入冰窟的少年；河北邯郸一家面馆贴出爱心标语，让遇到困难的人群“吃完直接走就好”……这些发生在身边的互助行为，共同构成一幅幅“人人为我，我为人人”的生动图景，映照出中华民族“邻里相扶、患难与共”的道德传统。
这份传统，在今天正与日益完善的社会保障体系相融合，凝聚成更坚实、更可持续的温暖力量。从国家层面推动的大病保险、医疗救助制度，到各地探索建立的“困难群众动态监测”与“先行救助”机制；从覆盖城乡的社区互助服务网络，到“互联网+公益”平台推动的微公益、指尖捐赠，制度之善与人性之光正在交织互补。政策为民生托底，社会善意则为生活增添温度，两者形成合力，不仅帮更多人抵御风险，更抚慰人心。
当然，我们也要清醒地认识到，个体的命运不应仅寄托于自发的爱心接力。因此，在颂扬民间善举的同时，更需持续推动社会保障网织得更密、扎得更牢。这既包括进一步扩大医疗、重疾等保险的覆盖范围与保障水平，也需要探索设立面向灵活就业人员的互助保障机制，社区性、行业性的公益互助项目也可提供有益补充。不断完善制度化、常态化保障，让涓涓善意汇聚成河，就能形成促进社会和谐、推动社会进步的力量。
煎饼摊前的人潮或许会随时间散去，但它所激荡起的向善涟漪却影响深远。当个体善举、社会共济与制度保障形成持久合力，我们便能构筑这样一个社会：风雨来袭时，每个人都能有所依靠；寻常烟火中，人与人之间始终温暖相守。这样的社会，离不开社会文明土壤的培育，离不开你我每一次伸出的援手。在奉献、友爱、互助、进步中，每个人都将走得更稳更远。","# 让向善的涟漪扩散得更远（暖闻热评）

> 刘晓宇《人民日报》（2026年01月05日第 06 版）

【事件】前不久，福建师范大学旗山校区旁的小吃街煎饼摊摊主张建武，因确诊癌症向社会发起求助。听闻此消息后，同一条小吃街上的“竞争对手”纷纷伸出援手，有的摊主将收款码更换成张建武的；有的举行义卖，捐出营业额。学生们在爱心摊位前排起了长队，献出自己的一份力量，有的还悄悄多付金额传递心意。这场自发的爱心接力，以朴素的方式，让寒冬里的小吃街温情满溢。

【点评】

从摊主们共献爱心，到学生们奔走支持，再到医院主动协调会诊、民政部门启动跨市救助机制，个体善举与制度保障在此刻同频共振。“福州是座温暖的城，我曾被别人撑起过伞，现在也想为别人挡挡雨。”因妻子重病获全城相助的“锅盔叔叔”胡伟光，道出了这场善意传递的驱动力。在这次爱心接力中，胡伟光第一时间贡献了一份心意。这些行动，如同冬日里的暖阳，为“煎饼叔叔”一家解了燃眉之急，勾勒出一座城市的文明底色。

平凡人之间的守望相助，不亚于一剂治愈“良方”。今天，类似的善意接力，在我们身边时常上演：在浙江杭州，慈善商店融入社区肌理，通过公益积分、旧物循环义卖、残健融合全纳就业等方式助残助困；在辽宁铁岭，村民于艳龙寒冬中两度破冰入水，救援几名掉入冰窟的少年；河北邯郸一家面馆贴出爱心标语，让遇到困难的人群“吃完直接走就好”……这些发生在身边的互助行为，共同构成一幅幅“人人为我，我为人人”的生动图景，映照出中华民族“邻里相扶、患难与共”的道德传统。

这份传统，在今天正与日益完善的社会保障体系相融合，凝聚成更坚实、更可持续的温暖力量。从国家层面推动的大病保险、医疗救助制度，到各地探索建立的“困难群众动态监测”与“先行救助”机制；从覆盖城乡的社区互助服务网络，到“互联网+公益”平台推动的微公益、指尖捐赠，制度之善与人性之光正在交织互补。政策为民生托底，社会善意则为生活增添温度，两者形成合力，不仅帮更多人抵御风险，更抚慰人心。

当然，我们也要清醒地认识到，个体的命运不应仅寄托于自发的爱心接力。因此，在颂扬民间善举的同时，更需持续推动社会保障网织得更密、扎得更牢。这既包括进一步扩大医疗、重疾等保险的覆盖范围与保障水平，也需要探索设立面向灵活就业人员的互助保障机制，社区性、行业性的公益互助项目也可提供有益补充。不断完善制度化、常态化保障，让涓涓善意汇聚成河，就能形成促进社会和谐、推动社会进步的力量。

煎饼摊前的人潮或许会随时间散去，但它所激荡起的向善涟漪却影响深远。当个体善举、社会共济与制度保障形成持久合力，我们便能构筑这样一个社会：风雨来袭时，每个人都能有所依靠；寻常烟火中，人与人之间始终温暖相守。这样的社会，离不开社会文明土壤的培育，离不开你我每一次伸出的援手。在奉献、友爱、互助、进步中，每个人都将走得更稳更远。",刘晓宇,评论,https://paper.people.com.cn/rmrb/pc/content/202601/05/content_30129327.html,2026-01-05,"['互助', '爱心', '接力', '善意', '社会', '公益', '善举', '煎饼', '小吃街', '保障']","【事件】前不久，福建师范大学旗山校区旁的小吃街煎饼摊摊主张建武，因确诊癌症向社会发起求助。听闻此消息后，同一条小吃街上的“竞争对手”纷纷伸出援手，有的摊主将收款码更换成张建武的；有的举行义卖，捐出营业额。学生们在爱心摊位前排起了长队，献出自己的一份力量，有的还悄悄多付金额传递心意。这场自发的爱心接力，以朴素的方式，让寒冬里的小吃街温情满溢。
【点评】
从摊主们共献爱心，到学生们奔走支持，再到医院主动协调会诊、民政部门启动跨市救助机制，个体善举与制度保障在此刻同频共振。“福州是座温暖的城，我曾被别人撑起过伞，现在也想为别人挡挡雨。”因妻子重病获全城相助的“锅盔叔叔”胡伟光，道出了这场善意传递的驱动力。在这次爱心接力中，胡伟光第一时间贡献了一份心意。这些行动，如同冬日里的暖阳，为“煎饼叔叔”一家解了燃眉之急，勾勒出一座城市的文明底色。",政治
如果奇迹有“算法”（纵横）,"回看过去这一年，百年变局加速演进，世界变乱交织。面对风高浪急甚至惊涛骇浪的重大考验，中国在风险挑战中“深度求索”，在极限压力下韧性生长，为长远发展奠定了坚实的基础。
这一年，中国有很多让世界“想不到”。
想不到，中国经济在顶压前行中向新向优发展，新质生产力加速成长，创新指数排名首次跻身全球前十。想不到，中国开放的大门越开越大，海南自贸港全岛封关运作。想不到，中国进入“创新爆发期”，一系列上天、入地、下海的大国重器竞相涌现……
看似意料之外，实则情理之中。中国为什么能？核心“算法”就在于，以长期主义做难而正确的事。唯其难，无法一蹴而就，需要坚持长期主义；唯其正确，不得不做，需要奉行长期主义。
把时间轴拉长，更能读懂其中的意味。1949年，新中国诞生于一片堪称“废墟”的家底之上。在绝境中重生，并一路逆袭，中国不断创造奇迹的一个秘诀就是坚持长期主义。
今日之中国，亦是长期主义者发展的沃土。
华为每年将20%至30%的研发费用用于基础科学研究，正是这种长期投入，企业扛住多次制裁、熬过数个“寒冬”。杭州以“包容十年不鸣，静待一鸣惊人”的长久耐心培养“数千条锦鲤”，“六小龙”脱颖而出。
再看文化领域，不管是《流浪地球》，还是《黑神话：悟空》，抑或是《哪吒之魔童闹海》，都反复证明“慢工出细活”这句老话并不过时。
以长期主义做难而正确的事，需要一往无前，哪怕“乱花渐欲迷人眼”，依然相信自己在“最优路线”；哪怕感到“很难熬下去”，依然日复一日、年复一年“咬牙扛”；哪怕踏上充满风险的“无人区”，依然敢闯敢试为后来者立路标。
诚然，在算法精准推送的当下，我们正身处信息奔涌、瞬息万变的“快时代”，生活仿佛被上紧了发条，短平快的节奏带动着脚步，即时满足的期待牵扯着神经，不少人追求立竿见影的成效，渴望一招制胜、一役功成。但时间既是一条流逝的河，更是一片沉淀的海。如果奇迹有“算法”，它的代码里一定写满了“难而正确”的词条，而运行环境则是“长期主义”。
2026已来，让我们找准适合自己的“算法”，以恒心致恒进，继续奔跑、努力攀登！
（摘编自《浙江日报》）","# 如果奇迹有“算法”（纵横）

> 陈培浩《人民日报》（2026年01月05日第 06 版）

回看过去这一年，百年变局加速演进，世界变乱交织。面对风高浪急甚至惊涛骇浪的重大考验，中国在风险挑战中“深度求索”，在极限压力下韧性生长，为长远发展奠定了坚实的基础。

这一年，中国有很多让世界“想不到”。

想不到，中国经济在顶压前行中向新向优发展，新质生产力加速成长，创新指数排名首次跻身全球前十。想不到，中国开放的大门越开越大，海南自贸港全岛封关运作。想不到，中国进入“创新爆发期”，一系列上天、入地、下海的大国重器竞相涌现……

看似意料之外，实则情理之中。中国为什么能？核心“算法”就在于，以长期主义做难而正确的事。唯其难，无法一蹴而就，需要坚持长期主义；唯其正确，不得不做，需要奉行长期主义。

把时间轴拉长，更能读懂其中的意味。1949年，新中国诞生于一片堪称“废墟”的家底之上。在绝境中重生，并一路逆袭，中国不断创造奇迹的一个秘诀就是坚持长期主义。

今日之中国，亦是长期主义者发展的沃土。

华为每年将20%至30%的研发费用用于基础科学研究，正是这种长期投入，企业扛住多次制裁、熬过数个“寒冬”。杭州以“包容十年不鸣，静待一鸣惊人”的长久耐心培养“数千条锦鲤”，“六小龙”脱颖而出。

再看文化领域，不管是《流浪地球》，还是《黑神话：悟空》，抑或是《哪吒之魔童闹海》，都反复证明“慢工出细活”这句老话并不过时。

以长期主义做难而正确的事，需要一往无前，哪怕“乱花渐欲迷人眼”，依然相信自己在“最优路线”；哪怕感到“很难熬下去”，依然日复一日、年复一年“咬牙扛”；哪怕踏上充满风险的“无人区”，依然敢闯敢试为后来者立路标。

诚然，在算法精准推送的当下，我们正身处信息奔涌、瞬息万变的“快时代”，生活仿佛被上紧了发条，短平快的节奏带动着脚步，即时满足的期待牵扯着神经，不少人追求立竿见影的成效，渴望一招制胜、一役功成。但时间既是一条流逝的河，更是一片沉淀的海。如果奇迹有“算法”，它的代码里一定写满了“难而正确”的词条，而运行环境则是“长期主义”。

2026已来，让我们找准适合自己的“算法”，以恒心致恒进，继续奔跑、努力攀登！

（摘编自《浙江日报》）",陈培浩,评论,https://paper.people.com.cn/rmrb/pc/content/202601/05/content_30129329.html,2026-01-05,"['算法', '主义', '长期', '想不到', '中国', '正确', '做难', '奇迹', '唯其', '哪怕']","回看过去这一年，百年变局加速演进，世界变乱交织。面对风高浪急甚至惊涛骇浪的重大考验，中国在风险挑战中“深度求索”，在极限压力下韧性生长，为长远发展奠定了坚实的基础。
这一年，中国有很多让世界“想不到”。
想不到，中国经济在顶压前行中向新向优发展，新质生产力加速成长，创新指数排名首次跻身全球前十。想不到，中国开放的大门越开越大，海南自贸港全岛封关运作。想不到，中国进入“创新爆发期”，一系列上天、入地、下海的大国重器竞相涌现……",经济
促“加分项”变“基本项”（微观）,"“10秒钟，让你画的小人儿在屏幕上动起来！”浙江杭州市春晖小学，在2025年秋季新开设的人工智能通识课上，孩子们将刚画好的作品对准摄像头，不一会儿，教室大屏上，手绘卡通人物随着音乐节奏舞动起来。
这一场景，是数字赋能教育教学的生动缩影。一段时间以来，多地中小学纷纷增设人工智能课程，同时推动人工智能技术与语文、数学、地理等学科深度融合，课堂形态发生深刻变革。
人工智能与教育加速融合，不仅技术迭代的节奏在加快，学生适应的速度也比想象中更快，给教师带来的挑战前所未有。一项覆盖31个省份、32.2万名学生、28.4万名教师和5.2万名家长的调研显示，99%的学生接触过人工智能，85.6%的学生尝试过用人工智能辅助写作业。对教师而言，这一次的挑战，不是应用数字技术那么简单，而是相当于换一个“操作系统”。从课程内容的呈现，到教学方法的融合，再到师生互动的方式，都需要同步更新。
人工智能课程进校园，是加速教育数字化的一条“鲇鱼”。它改变的不只是课程表，还包括教师的角色定位。借助人工智能，老师除了教授知识，还可以开展个性化的教学分析，为每一个学生生成专属的知识图谱，制订专门的学习计划。未来，教师能更好扮演指导者和引导者的角色，培养学生的批判性思维和解决问题的能力。
这些年，教师数字素养有了一定提升。2025世界数字教育大会上发布的《中小学教师数字素养报告》显示，我国超70%的教师能多渠道获取数字教育资源，超50%的教师能利用数字技术开展个别化指导。然而，教师数字素养与教育创新的需要和社会的期待相比，仍有不小差距。
全面提升教师数字素养，要在强化能力培养的同时，用好评价这一指挥棒。2025年7月，教育部办公厅印发通知，决定实施数字化赋能教师发展行动，并将数字素养纳入中小学教师资格考试、高校教师教育教学能力的重要方面进行考察。数字素养从“加分项”变为“基本项”，无疑会增强教师自我提升的驱动力。
也要看到，各地教育资源不均，教师能力基础不同，推进时既要坚定方向，也要科学把握节奏，不能搞简单的“齐步走”。
一方面，要提升赋能行动的系统性，同步强化教材、教学工具与平台等资源供给，并完善长期培训体系，实现教师全覆盖。另一方面，应推进差异化评价，建立科学细致的分级量表，分地区分类别进行测评。普遍赋能的同时，着力弥补鸿沟，让不同地区、不同起点的教师都不掉队，才能不断提升教育数字化战略的成色。
教育者先受教育，赋能教师就是赋能未来。在数字化浪潮中，教师是变革的对象，更是推动变革的关键力量。他们如何学习、如何转型，将直接影响教育未来的模样。为他们配备强大的数字工具箱，更好服务于人的成长和全面发展，这将是数字化时代动人的教育图景。","# 促“加分项”变“基本项”（微观）

> 吴  月《人民日报》（2026年01月05日第 06 版）

“10秒钟，让你画的小人儿在屏幕上动起来！”浙江杭州市春晖小学，在2025年秋季新开设的人工智能通识课上，孩子们将刚画好的作品对准摄像头，不一会儿，教室大屏上，手绘卡通人物随着音乐节奏舞动起来。

这一场景，是数字赋能教育教学的生动缩影。一段时间以来，多地中小学纷纷增设人工智能课程，同时推动人工智能技术与语文、数学、地理等学科深度融合，课堂形态发生深刻变革。

人工智能与教育加速融合，不仅技术迭代的节奏在加快，学生适应的速度也比想象中更快，给教师带来的挑战前所未有。一项覆盖31个省份、32.2万名学生、28.4万名教师和5.2万名家长的调研显示，99%的学生接触过人工智能，85.6%的学生尝试过用人工智能辅助写作业。对教师而言，这一次的挑战，不是应用数字技术那么简单，而是相当于换一个“操作系统”。从课程内容的呈现，到教学方法的融合，再到师生互动的方式，都需要同步更新。

人工智能课程进校园，是加速教育数字化的一条“鲇鱼”。它改变的不只是课程表，还包括教师的角色定位。借助人工智能，老师除了教授知识，还可以开展个性化的教学分析，为每一个学生生成专属的知识图谱，制订专门的学习计划。未来，教师能更好扮演指导者和引导者的角色，培养学生的批判性思维和解决问题的能力。

这些年，教师数字素养有了一定提升。2025世界数字教育大会上发布的《中小学教师数字素养报告》显示，我国超70%的教师能多渠道获取数字教育资源，超50%的教师能利用数字技术开展个别化指导。然而，教师数字素养与教育创新的需要和社会的期待相比，仍有不小差距。

全面提升教师数字素养，要在强化能力培养的同时，用好评价这一指挥棒。2025年7月，教育部办公厅印发通知，决定实施数字化赋能教师发展行动，并将数字素养纳入中小学教师资格考试、高校教师教育教学能力的重要方面进行考察。数字素养从“加分项”变为“基本项”，无疑会增强教师自我提升的驱动力。

也要看到，各地教育资源不均，教师能力基础不同，推进时既要坚定方向，也要科学把握节奏，不能搞简单的“齐步走”。

一方面，要提升赋能行动的系统性，同步强化教材、教学工具与平台等资源供给，并完善长期培训体系，实现教师全覆盖。另一方面，应推进差异化评价，建立科学细致的分级量表，分地区分类别进行测评。普遍赋能的同时，着力弥补鸿沟，让不同地区、不同起点的教师都不掉队，才能不断提升教育数字化战略的成色。

教育者先受教育，赋能教师就是赋能未来。在数字化浪潮中，教师是变革的对象，更是推动变革的关键力量。他们如何学习、如何转型，将直接影响教育未来的模样。为他们配备强大的数字工具箱，更好服务于人的成长和全面发展，这将是数字化时代动人的教育图景。",吴  月,评论,https://paper.people.com.cn/rmrb/pc/content/202601/05/content_30129330.html,2026-01-05,"['教师', '数字', '人工智能', '赋能', '素养', '教育', '数字化', '2025', '学生', '教学']","“10秒钟，让你画的小人儿在屏幕上动起来！”浙江杭州市春晖小学，在2025年秋季新开设的人工智能通识课上，孩子们将刚画好的作品对准摄像头，不一会儿，教室大屏上，手绘卡通人物随着音乐节奏舞动起来。
这一场景，是数字赋能教育教学的生动缩影。一段时间以来，多地中小学纷纷增设人工智能课程，同时推动人工智能技术与语文、数学、地理等学科深度融合，课堂形态发生深刻变革。
人工智能与教育加速融合，不仅技术迭代的节奏在加快，学生适应的速度也比想象中更快，给教师带来的挑战前所未有。一项覆盖31个省份、32.2万名学生、28.4万名教师和5.2万名家长的调研显示，99%的学生接触过人工智能，85.6%的学生尝试过用人工智能辅助写作业。对教师而言，这一次的挑战，不是应用数字技术那么简单，而是相当于换一个“操作系统”。从课程内容的呈现，到教学方法的融合，再到师生互动的方式，都需要同步更新。",社会
聚焦真问题  切实解民忧,"岁序更替，华章日新。为走好新时代群众路线，做好舆论监督报道，充分发挥党中央机关报“上连党心，下接民心”的桥梁纽带作用，人民日报政治文化部日前举办了“读者来信”版读者座谈会，邀请读者、学者、部门代表等各界人士聚集一堂，回顾2025、展望2026，为进一步办好“读者来信”版提出意见建议。今日摘登部分发言。
——编  者
与人民同行  为群众发声
国家信访局党组成员、副局长  谢清华
重视群众来信是马克思主义群众观的生动实践，更是深植于我们党执政理念、贯穿我们党奋斗历程的优良传统。
人民日报“读者来信”版近年来不断创新形式，设置“来信调查”“曝光”“身边事”等栏目，直面社会矛盾，坚持客观公正，推出了一系列有分量的报道，充分彰显了鲜明的人民立场、扎实的调查作风和强大的监督效能，有效发挥了党中央机关报“上连党心，下接民心”的桥梁纽带作用。这些报道不仅及时回应群众急难愁盼问题，也是全过程人民民主的生动实践，有利于各级党委和政府发现政策执行中的难点堵点和盲点，真正将群众意见建议转化为推动工作的动力，进一步提升社会治理效能。
信访工作与人民日报在发扬民主监督方面同题共答、同频共振。国家信访局和人民日报虽然工作性质不同，但在反映社情民意、发扬民主监督等方面内在关联、高度契合。信访监督是群众监督的重要形式，人民日报“读者来信”版是媒体监督的重要方式，都坚持人民至上的根本立场，都是党和政府与人民群众密切联系的重要渠道，都是监督各级机关、单位及领导干部、工作人员改进作风的重要途径。因此，国家信访局期盼能与人民日报一同更多研究新情况、新问题，相互配合、协同发力，更好发挥作用。
党的二十届四中全会审议通过的“十五五”规划建议提出，“完善凝聚服务群众工作机制，夯实社会治理群众基础”。新形势下，如何做好新时代党的群众工作，及时回应群众关切、有效维护群众合法权益、更好凝聚服务群众，是我们共同面对的课题。建议人民日报“读者来信”版继续紧紧围绕党中央关心、社会关注、人民关切的热点难点问题，更加聚焦群众在就业、教育、医疗、养老等领域的急难愁盼问题，坚持与人民同行，为群众发声，切实做到为民解难、为党分忧。
（本报记者金歆整理）
看似小问题  实则大民生
自然资源部宣传教育中心主任  夏  俊
舆论监督是加强党的建设和民主政治建设的一项重要内容，也是社会主义新闻事业的重要功能。“读者来信”版是人民日报的重要舆论监督阵地，发挥着“上连党心，下接民心”的重要作用，办好“读者来信”版意义重大。
自然资源工作涉及面广，事关经济社会发展、事关人民生产生活，实际工作中存在不少问题和不足。2025年“读者来信”版刊登了与自然资源部相关的耕地保护力度不足、有些农村地区的古树没有得到有效保护、一些地方存在非法捕猎和贩卖野生鸟类、盗采盗挖砂石、堆埋矿渣垃圾等问题的稿件，有力推动了问题整改和工作开展。
有的读者反映的看似小问题，实则大民生。当前，自然资源部正在深入学习贯彻党的二十届四中全会精神，为促进经济社会高质量发展、建设人与自然和谐共生的中国式现代化作出更大贡献。希望可以和“读者来信”版密切配合，及时沟通，推动工作。
期待“读者来信”版积极拥抱媒体融合，栏目内容不仅在报纸上刊发，更通过客户端、人民网、官方微博、微信公众号等新媒体矩阵形成强势传播。未来可以针对一些典型来信，加入记者调查回访视频，利用多媒体形式展现“来信前后”的变化，展现党和政府解决问题的决心与效率，也让人民日报的舆论监督工作更加立体、深入。
（本报记者史一棋整理）
党报连民心  越办越暖心
重庆巴南区读者  赵正荣
我是人民日报“读者来信”版的忠实读者。2025年版面的新变化让我欣喜。报纸“曝光”栏目和客户端“曝光台”跨平台联动，监督力度更足；监督案例都与老百姓息息相关，“身边事”栏目以小见大、“来信调查”栏目解剖麻雀，读来接地气；追踪报道不再“一报了之”，“反馈”栏目成效清晰可感。
希望新一年“读者来信”版：拓展报道领域，聚焦民生关切策划系列报道。比如，关注外卖骑手、网约车司机等群体的社保缴纳、劳动保护等诉求；回应县城医疗下沉、师资流失、农村养老等诉求；紧盯老旧小区改造、农业面源污染等易忽视情况。
优化舆论监督，做到文风务实、内容深刻。多用群众原声、现场细节，家常话更有亲近感、说服力；邀请专家、基层干部、读者评析典型报道，透视治理逻辑、探讨解决路径，从“解剖一个问题”到“解决一类问题”；明确整改时限和责任单位，对短期难以解决的问题刊发整改进度。
党报连民心，越办越暖心。衷心期盼“读者来信”版持续创新、越办越好！
（本报记者何昭宇整理）
为乡亲发声  温暖又感动
河南太康县读者  黄锦峰
我是河南太康县的农民。2024年12月，村里有人用大型机械清理河道、挖沟取土，在村民不知情的情况下，挖掉了河边的田地，毁坏了庄稼。我们多次向有关部门反映，却均未得到有效回应。我们向人民日报“读者来信”版反映了这个问题。当天就得到了回复，很快就有记者到村里调查采访。
2025年4月21日，人民日报“读者来信”版刊登了《毁坏的耕地亟待恢复》一文，曝光了我们村的事。这篇文章引起当地领导高度重视，以河道清淤之名破坏耕地的行为被立刻叫停。
现在，我们耕地被毁的问题彻底解决了，村民也拿到了赔偿款。感谢人民日报为我们农民发声，我们感到很温暖、很感动。
这次受邀进京参加读者座谈会感到非常荣幸，我将此次报销的车票钱778元捐献给了社会福利基金，希望把这份温暖，传递给更多需要帮助的群体。
（本报记者胡笑源整理）
写信给党报  有望解难题
辽宁大连市甘井子区读者  宫佳依
2011年，大连地铁2号线后革村段开始施工。按照规划，地铁线上方的村子应拆迁后修成道路。然而，在地上还是村民房屋的情况下，地铁却开始爆破施工。
100多户村民的房子被震裂，不少村民的房子出现横向和竖向裂纹，爆破施工的噪声更让我们苦不堪言。2022年，地铁建成通车，我们又饱受地铁运行噪声的折磨，吃不下饭、睡不了觉，村里几乎家家有“病号”。村民曾多次要求搬迁，但希望却屡屡落空。老百姓实在没办法，便向人民日报“读者来信”版反映情况，希望得到关注。接到我们的信后，记者迅速来到后革村，挨家挨户了解情况。几天后“读者来信”版就刊登了《地铁扰民多年，竟因一条路未修》的报道。
现在，政府已经安排重启市政道路建设，拆迁安置已提上日程。感谢人民日报关注并报道我们的难题，为我们带来新希望。
（本报记者胡笑源整理）
监督的价值在于改变
北京大学新闻与传播学院党委书记  田  丽
翻读近几年的人民日报“读者来信”版，感觉这不仅是一个版面，更是一种新闻理念；不仅是一种新闻实践，更是一套正在生成的中国叙事方式和国家治理沟通机制。
“读者来信”版在选题上紧紧锚定党的事业重点，在立场上坚守为民初心，不仅关注群众“看得见、摸得着、急需解决”的显性民意，更发现了那些“群众未必表达、但必须解决”的隐性问题。
“读者来信”版实践的建设性监督，不是制造对立，而是推动解决。舆论监督的价值在于改变。在一个容易被情绪化表达、算法放大冲动信息的时代，“读者来信”版以事实、理性和责任感阐释了主流媒体的价值——引导舆论、促进治理、凝聚共识。
记者们深入基层、采访各方、比对数据、持续追踪，这种调研方式让舆论监督从“批评”变成“求证”。这让我重新确认一个常被忽略的道理：负责任的监督，不靠嗓门，而靠把事情弄明白。这是新闻职业精神的根，也是新闻为治理提供支撑的开始。
希望“读者来信”版继续向下——让信息沉淀下来，建设“群众问题数据库”，把来信、反馈、整改、治理路径系统化沉淀，通过技术手段形成民意问题图谱、群众诉求结构性分析、可复用的治理案例库；继续向上——推动实践经验的理论转化，例如，媒介如何以监督融入治理、建设性监督的理论依据是什么、舆论监督如何从新闻行为转化为治理能力等；继续向内——让案例成为下一代新闻人的精神养料。这些沉入基层、解决问题、服务人民的故事，让新闻学院的学生们看到：做记者，是值得向往的；做党的新闻工作者，是值得骄傲的。
（本报记者史一棋整理）
助力打通政策“最后一公里”
清华大学公共管理学院副院长  钟  玮
从公共治理的视角，以人民日报“读者来信”版为代表的党报舆论监督，超越了新闻报道的范畴，成为国家治理体系中的组成部分。
首先，一个良性的治理循环始于问题的有效识别与输入。我国幅员辽阔、情况复杂，如何精准、及时、全面地感知社会脉搏、捕捉人民心声，是科学决策的首要前提。“读者来信”版促成了自下而上的议题供给；另一方面绕过了科层体系可能存在的信息过滤，将来自基层的声音直接呈现在各级政府的面前。
其次，在政策的执行环节，扮演了监督者与反馈者的角色，尤其对疏通政策执行的“最后一公里”具有重要作用。版面捕捉和诊断政策在最终落地环节出现的“摩擦”与“断点”，并将其精准曝光。党报监督之所以有力量，在于其独特的公开性和直通性。问题一旦在这里被公开报道，就会形成舆论监督和上级关注的双重压力，促使相关部门调查整改，形成“曝光—回应—整改”闭环。
最后，它还是政策效果评估与动态调整的“感应器”。政策的真实效果，不仅要看宏观数据和总结报告，更要看微观个体的实际获得感。读者来信呈现了政策在不同群体、不同地区产生的差异化甚至“意外”效果。这种来自一线的、多元化的反馈，对于科学评估政策的普惠性与公平性至关重要。
希望党报舆论监督的评估从“个案回应”向“扩散追踪”深化，对报道过的问题不能止于“已解决”，而需持续追踪其是否形成长效机制。推动机制从“单点突破”向“制度优化”跨越，鼓励地方与部门不仅公布整改结果，更公开剖析问题产生的制度性根源，将个案监督的成果有效转化为可复制、可推广的治理经验。
（本报记者史一棋整理）","# 聚焦真问题  切实解民忧

> 《人民日报》（2026年01月05日第 07 版）

岁序更替，华章日新。为走好新时代群众路线，做好舆论监督报道，充分发挥党中央机关报“上连党心，下接民心”的桥梁纽带作用，人民日报政治文化部日前举办了“读者来信”版读者座谈会，邀请读者、学者、部门代表等各界人士聚集一堂，回顾2025、展望2026，为进一步办好“读者来信”版提出意见建议。今日摘登部分发言。

——编  者

与人民同行  为群众发声

国家信访局党组成员、副局长  谢清华

重视群众来信是马克思主义群众观的生动实践，更是深植于我们党执政理念、贯穿我们党奋斗历程的优良传统。

人民日报“读者来信”版近年来不断创新形式，设置“来信调查”“曝光”“身边事”等栏目，直面社会矛盾，坚持客观公正，推出了一系列有分量的报道，充分彰显了鲜明的人民立场、扎实的调查作风和强大的监督效能，有效发挥了党中央机关报“上连党心，下接民心”的桥梁纽带作用。这些报道不仅及时回应群众急难愁盼问题，也是全过程人民民主的生动实践，有利于各级党委和政府发现政策执行中的难点堵点和盲点，真正将群众意见建议转化为推动工作的动力，进一步提升社会治理效能。

信访工作与人民日报在发扬民主监督方面同题共答、同频共振。国家信访局和人民日报虽然工作性质不同，但在反映社情民意、发扬民主监督等方面内在关联、高度契合。信访监督是群众监督的重要形式，人民日报“读者来信”版是媒体监督的重要方式，都坚持人民至上的根本立场，都是党和政府与人民群众密切联系的重要渠道，都是监督各级机关、单位及领导干部、工作人员改进作风的重要途径。因此，国家信访局期盼能与人民日报一同更多研究新情况、新问题，相互配合、协同发力，更好发挥作用。

党的二十届四中全会审议通过的“十五五”规划建议提出，“完善凝聚服务群众工作机制，夯实社会治理群众基础”。新形势下，如何做好新时代党的群众工作，及时回应群众关切、有效维护群众合法权益、更好凝聚服务群众，是我们共同面对的课题。建议人民日报“读者来信”版继续紧紧围绕党中央关心、社会关注、人民关切的热点难点问题，更加聚焦群众在就业、教育、医疗、养老等领域的急难愁盼问题，坚持与人民同行，为群众发声，切实做到为民解难、为党分忧。

（本报记者金歆整理）

看似小问题  实则大民生

自然资源部宣传教育中心主任  夏  俊

舆论监督是加强党的建设和民主政治建设的一项重要内容，也是社会主义新闻事业的重要功能。“读者来信”版是人民日报的重要舆论监督阵地，发挥着“上连党心，下接民心”的重要作用，办好“读者来信”版意义重大。

自然资源工作涉及面广，事关经济社会发展、事关人民生产生活，实际工作中存在不少问题和不足。2025年“读者来信”版刊登了与自然资源部相关的耕地保护力度不足、有些农村地区的古树没有得到有效保护、一些地方存在非法捕猎和贩卖野生鸟类、盗采盗挖砂石、堆埋矿渣垃圾等问题的稿件，有力推动了问题整改和工作开展。

有的读者反映的看似小问题，实则大民生。当前，自然资源部正在深入学习贯彻党的二十届四中全会精神，为促进经济社会高质量发展、建设人与自然和谐共生的中国式现代化作出更大贡献。希望可以和“读者来信”版密切配合，及时沟通，推动工作。

期待“读者来信”版积极拥抱媒体融合，栏目内容不仅在报纸上刊发，更通过客户端、人民网、官方微博、微信公众号等新媒体矩阵形成强势传播。未来可以针对一些典型来信，加入记者调查回访视频，利用多媒体形式展现“来信前后”的变化，展现党和政府解决问题的决心与效率，也让人民日报的舆论监督工作更加立体、深入。

（本报记者史一棋整理）

党报连民心  越办越暖心

重庆巴南区读者  赵正荣

我是人民日报“读者来信”版的忠实读者。2025年版面的新变化让我欣喜。报纸“曝光”栏目和客户端“曝光台”跨平台联动，监督力度更足；监督案例都与老百姓息息相关，“身边事”栏目以小见大、“来信调查”栏目解剖麻雀，读来接地气；追踪报道不再“一报了之”，“反馈”栏目成效清晰可感。

希望新一年“读者来信”版：拓展报道领域，聚焦民生关切策划系列报道。比如，关注外卖骑手、网约车司机等群体的社保缴纳、劳动保护等诉求；回应县城医疗下沉、师资流失、农村养老等诉求；紧盯老旧小区改造、农业面源污染等易忽视情况。

优化舆论监督，做到文风务实、内容深刻。多用群众原声、现场细节，家常话更有亲近感、说服力；邀请专家、基层干部、读者评析典型报道，透视治理逻辑、探讨解决路径，从“解剖一个问题”到“解决一类问题”；明确整改时限和责任单位，对短期难以解决的问题刊发整改进度。

党报连民心，越办越暖心。衷心期盼“读者来信”版持续创新、越办越好！

（本报记者何昭宇整理）

为乡亲发声  温暖又感动

河南太康县读者  黄锦峰

我是河南太康县的农民。2024年12月，村里有人用大型机械清理河道、挖沟取土，在村民不知情的情况下，挖掉了河边的田地，毁坏了庄稼。我们多次向有关部门反映，却均未得到有效回应。我们向人民日报“读者来信”版反映了这个问题。当天就得到了回复，很快就有记者到村里调查采访。

2025年4月21日，人民日报“读者来信”版刊登了《毁坏的耕地亟待恢复》一文，曝光了我们村的事。这篇文章引起当地领导高度重视，以河道清淤之名破坏耕地的行为被立刻叫停。

现在，我们耕地被毁的问题彻底解决了，村民也拿到了赔偿款。感谢人民日报为我们农民发声，我们感到很温暖、很感动。

这次受邀进京参加读者座谈会感到非常荣幸，我将此次报销的车票钱778元捐献给了社会福利基金，希望把这份温暖，传递给更多需要帮助的群体。

（本报记者胡笑源整理）

写信给党报  有望解难题

辽宁大连市甘井子区读者  宫佳依

2011年，大连地铁2号线后革村段开始施工。按照规划，地铁线上方的村子应拆迁后修成道路。然而，在地上还是村民房屋的情况下，地铁却开始爆破施工。

100多户村民的房子被震裂，不少村民的房子出现横向和竖向裂纹，爆破施工的噪声更让我们苦不堪言。2022年，地铁建成通车，我们又饱受地铁运行噪声的折磨，吃不下饭、睡不了觉，村里几乎家家有“病号”。村民曾多次要求搬迁，但希望却屡屡落空。老百姓实在没办法，便向人民日报“读者来信”版反映情况，希望得到关注。接到我们的信后，记者迅速来到后革村，挨家挨户了解情况。几天后“读者来信”版就刊登了《地铁扰民多年，竟因一条路未修》的报道。

现在，政府已经安排重启市政道路建设，拆迁安置已提上日程。感谢人民日报关注并报道我们的难题，为我们带来新希望。

（本报记者胡笑源整理）

监督的价值在于改变

北京大学新闻与传播学院党委书记  田  丽

翻读近几年的人民日报“读者来信”版，感觉这不仅是一个版面，更是一种新闻理念；不仅是一种新闻实践，更是一套正在生成的中国叙事方式和国家治理沟通机制。

“读者来信”版在选题上紧紧锚定党的事业重点，在立场上坚守为民初心，不仅关注群众“看得见、摸得着、急需解决”的显性民意，更发现了那些“群众未必表达、但必须解决”的隐性问题。

“读者来信”版实践的建设性监督，不是制造对立，而是推动解决。舆论监督的价值在于改变。在一个容易被情绪化表达、算法放大冲动信息的时代，“读者来信”版以事实、理性和责任感阐释了主流媒体的价值——引导舆论、促进治理、凝聚共识。

记者们深入基层、采访各方、比对数据、持续追踪，这种调研方式让舆论监督从“批评”变成“求证”。这让我重新确认一个常被忽略的道理：负责任的监督，不靠嗓门，而靠把事情弄明白。这是新闻职业精神的根，也是新闻为治理提供支撑的开始。

希望“读者来信”版继续向下——让信息沉淀下来，建设“群众问题数据库”，把来信、反馈、整改、治理路径系统化沉淀，通过技术手段形成民意问题图谱、群众诉求结构性分析、可复用的治理案例库；继续向上——推动实践经验的理论转化，例如，媒介如何以监督融入治理、建设性监督的理论依据是什么、舆论监督如何从新闻行为转化为治理能力等；继续向内——让案例成为下一代新闻人的精神养料。这些沉入基层、解决问题、服务人民的故事，让新闻学院的学生们看到：做记者，是值得向往的；做党的新闻工作者，是值得骄傲的。

（本报记者史一棋整理）

助力打通政策“最后一公里”

清华大学公共管理学院副院长  钟  玮

从公共治理的视角，以人民日报“读者来信”版为代表的党报舆论监督，超越了新闻报道的范畴，成为国家治理体系中的组成部分。

首先，一个良性的治理循环始于问题的有效识别与输入。我国幅员辽阔、情况复杂，如何精准、及时、全面地感知社会脉搏、捕捉人民心声，是科学决策的首要前提。“读者来信”版促成了自下而上的议题供给；另一方面绕过了科层体系可能存在的信息过滤，将来自基层的声音直接呈现在各级政府的面前。

其次，在政策的执行环节，扮演了监督者与反馈者的角色，尤其对疏通政策执行的“最后一公里”具有重要作用。版面捕捉和诊断政策在最终落地环节出现的“摩擦”与“断点”，并将其精准曝光。党报监督之所以有力量，在于其独特的公开性和直通性。问题一旦在这里被公开报道，就会形成舆论监督和上级关注的双重压力，促使相关部门调查整改，形成“曝光—回应—整改”闭环。

最后，它还是政策效果评估与动态调整的“感应器”。政策的真实效果，不仅要看宏观数据和总结报告，更要看微观个体的实际获得感。读者来信呈现了政策在不同群体、不同地区产生的差异化甚至“意外”效果。这种来自一线的、多元化的反馈，对于科学评估政策的普惠性与公平性至关重要。

希望党报舆论监督的评估从“个案回应”向“扩散追踪”深化，对报道过的问题不能止于“已解决”，而需持续追踪其是否形成长效机制。推动机制从“单点突破”向“制度优化”跨越，鼓励地方与部门不仅公布整改结果，更公开剖析问题产生的制度性根源，将个案监督的成果有效转化为可复制、可推广的治理经验。

（本报记者史一棋整理）",,读者来信,https://paper.people.com.cn/rmrb/pc/content/202601/05/content_30129332.html,2026-01-05,"['读者来信', '人民日报', '舆论监督', '群众', '监督', '治理', '问题', '读者', '党报', '整改']","岁序更替，华章日新。为走好新时代群众路线，做好舆论监督报道，充分发挥党中央机关报“上连党心，下接民心”的桥梁纽带作用，人民日报政治文化部日前举办了“读者来信”版读者座谈会，邀请读者、学者、部门代表等各界人士聚集一堂，回顾2025、展望2026，为进一步办好“读者来信”版提出意见建议。今日摘登部分发言。
——编  者
与人民同行  为群众发声",政治
持续发挥舆论监督“前哨”作用,"“2026，脚踏实地，继续努力”
“谢谢人民日报‘读者来信’版的监督报道，我们拖了20多年的房产证拿到手了”“‘读者来信’版曝光后，这条延宕多年的路终于修通了”“报道刊发后，当地有关部门当天就组织土地复耕，给‘读者来信’版点赞”……在本报召开的读者座谈会上，读者们线上线下表达了感谢和祝福，是对我们的肯定，也是对我们的鞭策。
一张报纸“上连党心，下接民心”。人民日报作为党中央机关报，名称里“人民”二字重千钧，“读者来信”版的名称也名副其实，这是读者发表意见建议的平台，是读者反映困难诉求的窗口，也是党和群众的连心桥。
一年来，“读者来信”版通过舆论监督报道，帮助群众解决了一批急难愁盼问题，赢得了群众的赞许。
《交房22年，办不下房产证》刊发后，当地有关部门想方设法解决历史遗留问题，小区居民拿到了期盼多年的房产证；《3600万建客运站，10年未启用》报道刊发后，当地政府成立专班推进工作，目前客运站已经投入运营，开通30条班线；《煤渣倾倒耕地  多年难以恢复》报道刊发后，当地立即组织对倾倒的煤矸石进行处理，对涉及土地进行覆土复垦工作，并对违法占地问题依法查处，同时对村民进行相应补偿……
问题得到解决，矛盾纠纷得以化解，老百姓的心气儿顺了，基层治理的堵点也疏通了。群众感受到了党报舆论监督的力量，也看到了基层党委政府为推动解决问题所付出的努力，加深了干群之间的鱼水情。
有基层干部说，“党报的舆论监督，如一把利刃，戳破了脓疮，排除了潜在风险，让肌体保持康健。”干部的心声，说出了党报舆论监督的职责定位。党报的舆论监督，不是为了博眼球，不是为了赚流量，更不是对基层工作的“挑刺找茬”。
党报的舆论监督，发挥着“前哨”作用。舆论监督是党的新闻舆论工作的重要组成部分，“前哨”作用体现在维护群众利益上，体现在维护党中央权威上。
在监督报道实践中，“读者来信”版聚焦国之大者，重点关注落实党中央决策部署不力、党中央明令禁止、侵害人民群众利益、群众关注度高意见大反映多、明显违法违规违纪、干部不作为或乱作为、形式主义官僚主义、违背社会主义核心价值观等方面突出问题，特别是一些具有普遍性、典型性的问题，以实现舆论监督剖析问题、部门地方正面回应、采取措施解决问题的良性循环。
深入贯彻落实习近平生态文明思想，以报道《野生鸟类在这里公开贩卖》曝光有关地方生态保护不力问题，推动多部委在全国开展护鸟联合行动；
聚焦有关地方贯彻落实党中央关于整治形式主义为基层减负不力的问题，以报道《一份不该制定下发的“红头文件”》揭示当地违规下发“红头文件”摊派任务，给基层带来额外工作负担；
聚焦端稳粮食生产安全饭碗的国之大者，以报道《毁坏的耕地亟待恢复》披露有关地方破坏耕地的问题……
报道刊发后，有关地方立即开展整改，相关部委也立即行动，对有关领域内问题进行系统性排查治理，推动解决问题，促进社会进步，展现了舆论监督在基层治理中的作用，为推动国家治理体系和治理能力现代化贡献了力量。
新的一年，我们将继续努力，办好“读者来信”版。我们将深入贯彻落实习近平总书记重要讲话重要指示批示精神，担负起党中央机关报的职责使命，增强“四个意识”、坚定“四个自信”、做到“两个维护”，持续搭建好党和政府与人民群众连心桥。
在个案监督中，我们将始终坚持人民至上，立场鲜明，脚踏实地，深入基层，将个案监督做成典型案例，推动从解决一个问题，向解决一类问题延伸，化解矛盾，排除风险，夯实党的群众基础，充分发挥舆论监督“前哨”作用。
媒体融合是大势所趋，是时代潮流。舆论监督要取得更好的监督效果，离不开媒体融合发展。我们将在系统性变革中，继续深化整合相关资源力量，报网端微屏协同发力，拓展线索来源，提升传播能力，增强监督质效，擦亮“读者来信”版这一“金字招牌”。","# 持续发挥舆论监督“前哨”作用

> 读者来信编辑室《人民日报》（2026年01月05日第 07 版）

“2026，脚踏实地，继续努力”

“谢谢人民日报‘读者来信’版的监督报道，我们拖了20多年的房产证拿到手了”“‘读者来信’版曝光后，这条延宕多年的路终于修通了”“报道刊发后，当地有关部门当天就组织土地复耕，给‘读者来信’版点赞”……在本报召开的读者座谈会上，读者们线上线下表达了感谢和祝福，是对我们的肯定，也是对我们的鞭策。

一张报纸“上连党心，下接民心”。人民日报作为党中央机关报，名称里“人民”二字重千钧，“读者来信”版的名称也名副其实，这是读者发表意见建议的平台，是读者反映困难诉求的窗口，也是党和群众的连心桥。

一年来，“读者来信”版通过舆论监督报道，帮助群众解决了一批急难愁盼问题，赢得了群众的赞许。

《交房22年，办不下房产证》刊发后，当地有关部门想方设法解决历史遗留问题，小区居民拿到了期盼多年的房产证；《3600万建客运站，10年未启用》报道刊发后，当地政府成立专班推进工作，目前客运站已经投入运营，开通30条班线；《煤渣倾倒耕地  多年难以恢复》报道刊发后，当地立即组织对倾倒的煤矸石进行处理，对涉及土地进行覆土复垦工作，并对违法占地问题依法查处，同时对村民进行相应补偿……

问题得到解决，矛盾纠纷得以化解，老百姓的心气儿顺了，基层治理的堵点也疏通了。群众感受到了党报舆论监督的力量，也看到了基层党委政府为推动解决问题所付出的努力，加深了干群之间的鱼水情。

有基层干部说，“党报的舆论监督，如一把利刃，戳破了脓疮，排除了潜在风险，让肌体保持康健。”干部的心声，说出了党报舆论监督的职责定位。党报的舆论监督，不是为了博眼球，不是为了赚流量，更不是对基层工作的“挑刺找茬”。

党报的舆论监督，发挥着“前哨”作用。舆论监督是党的新闻舆论工作的重要组成部分，“前哨”作用体现在维护群众利益上，体现在维护党中央权威上。

在监督报道实践中，“读者来信”版聚焦国之大者，重点关注落实党中央决策部署不力、党中央明令禁止、侵害人民群众利益、群众关注度高意见大反映多、明显违法违规违纪、干部不作为或乱作为、形式主义官僚主义、违背社会主义核心价值观等方面突出问题，特别是一些具有普遍性、典型性的问题，以实现舆论监督剖析问题、部门地方正面回应、采取措施解决问题的良性循环。

深入贯彻落实习近平生态文明思想，以报道《野生鸟类在这里公开贩卖》曝光有关地方生态保护不力问题，推动多部委在全国开展护鸟联合行动；

聚焦有关地方贯彻落实党中央关于整治形式主义为基层减负不力的问题，以报道《一份不该制定下发的“红头文件”》揭示当地违规下发“红头文件”摊派任务，给基层带来额外工作负担；

聚焦端稳粮食生产安全饭碗的国之大者，以报道《毁坏的耕地亟待恢复》披露有关地方破坏耕地的问题……

报道刊发后，有关地方立即开展整改，相关部委也立即行动，对有关领域内问题进行系统性排查治理，推动解决问题，促进社会进步，展现了舆论监督在基层治理中的作用，为推动国家治理体系和治理能力现代化贡献了力量。

新的一年，我们将继续努力，办好“读者来信”版。我们将深入贯彻落实习近平总书记重要讲话重要指示批示精神，担负起党中央机关报的职责使命，增强“四个意识”、坚定“四个自信”、做到“两个维护”，持续搭建好党和政府与人民群众连心桥。

在个案监督中，我们将始终坚持人民至上，立场鲜明，脚踏实地，深入基层，将个案监督做成典型案例，推动从解决一个问题，向解决一类问题延伸，化解矛盾，排除风险，夯实党的群众基础，充分发挥舆论监督“前哨”作用。

媒体融合是大势所趋，是时代潮流。舆论监督要取得更好的监督效果，离不开媒体融合发展。我们将在系统性变革中，继续深化整合相关资源力量，报网端微屏协同发力，拓展线索来源，提升传播能力，增强监督质效，擦亮“读者来信”版这一“金字招牌”。",读者来信编辑室,读者来信,https://paper.people.com.cn/rmrb/pc/content/202601/05/content_30129333.html,2026-01-05,"['舆论监督', '读者来信', '报道', '党报', '刊发', '党中央', '问题', '群众', '前哨', '监督']","“2026，脚踏实地，继续努力”
“谢谢人民日报‘读者来信’版的监督报道，我们拖了20多年的房产证拿到手了”“‘读者来信’版曝光后，这条延宕多年的路终于修通了”“报道刊发后，当地有关部门当天就组织土地复耕，给‘读者来信’版点赞”……在本报召开的读者座谈会上，读者们线上线下表达了感谢和祝福，是对我们的肯定，也是对我们的鞭策。
一张报纸“上连党心，下接民心”。人民日报作为党中央机关报，名称里“人民”二字重千钧，“读者来信”版的名称也名副其实，这是读者发表意见建议的平台，是读者反映困难诉求的窗口，也是党和群众的连心桥。",政治
共创共享美好生活（民生一线）,"山西太原万柏林区，志愿者上门为老人介绍智能适老化产品。万柏林区融媒体中心供图
山西太原万柏林区，志愿者上门为老人介绍智能适老化产品。
万柏林区融媒体中心供图
索南拉旦（左一）向尼玛拉毛（左三）解读育儿补贴政策。受访者供图
索南拉旦（左一）向尼玛拉毛（左三）解读育儿补贴政策。
受访者供图
福建厦门市总工会为新就业形态劳动者提供免费体检。潘书婷摄
福建厦门市总工会为新就业形态劳动者提供免费体检。
潘书婷摄
习近平主席在二〇二六年新年贺词中指出：“民生无小事，枝叶总关情。过去一年，新就业群体权益有了进一步保障，适老化改造给老年人带来方便，育儿家庭每月多了300元补贴。柴米油盐、三餐四季，每个‘小家’热气腾腾，中国这个‘大家’就蒸蒸日上。”
中国式现代化，民生为大。群众的获得感、幸福感、安全感书写在物阜民丰、万家灯火中。今年是“十五五”开局之年，新起点上，我们要继续用心用情解决群众急难愁盼问题，书写温暖人心的民生答卷，共创共享美好生活。
——编  者
福建厦门保障新就业群体权益
“有了骑手友好地图，心里更从容”
本报记者  施  钰
临近饭点，福建厦门的外卖骑手张清源把电动车停在厦门大学附属第一医院的外卖骑手专属停车区域，再去楼内送餐。
“医院里路线复杂、空间狭小，新骑手走错路、找不到地方停车是常有的事，送一单进去再出来，甚至要花上20分钟。”张清源说。
2025年10月开始，厦门大学附属第一医院推出骑手友好地图，明确标注通行路线与禁行区域，并在院区内规划出专门的骑手停车区域，设置醒目的引导标识。如今，骑手在这里的送单时间能节省约两分钟。“别小看这两分钟，订单可能就不会超时，有了骑手友好地图，心里更从容。”张清源说。
“医院就诊量大，对外卖的需求多。”厦门大学附属第一医院党委书记郑林雄介绍，“我们还在病房楼等外卖单量集中的区域开辟了骑手休息点，提供充电、饮水等服务。”
“骑手休息点增加了不少，职业保险可选种类变多了，交社保也更方便了，工会还组织节日活动和免费体检……”细数这两年的变化，张清源真切感受到骑手权益保障越来越完善。
“据不完全统计，目前厦门新就业形态劳动者近50万人，其中配送和快递骑手约10万人。”厦门市人力资源和社会保障局劳动关系处负责人介绍，聚焦新就业形态劳动者急难愁盼问题，厦门从法治保障、体制机制、权益维护、服务供给等方面发力，保障新就业群体权益。
目前，厦门市有20余万人以灵活就业身份参加职工基本养老保险和医疗保险，1300余名快递行业从业人员单独参加工伤保险，职业伤害保障试点覆盖全市出行、即时配送、同城货运三大行业共11.23万人。厦门市开放700余处工会驿站、邮政驿站、暖心聚“新”驿站，在25座人行天桥增设坡道，在重要交通要道增设电动车道，针对新就业形态劳动者广泛开展“惠新房”“爱新餐”活动，推动暖“新”服务提质增效。
【链接】新就业形态劳动者的权益保障机制不断完善。2025年，人力资源社会保障部会同有关部门实施新就业形态劳动者权益保障提升专项行动，多次联合有关部门约谈头部企业平台督促整改突出问题，推动平台企业用工合规意识明显增强，劳动规则算法不断优化。
职业伤害保障覆盖更广。自2025年7月起，人力资源社会保障部在总结此前经验的基础上，从扩容省份、新增企业、拓宽行业分步骤渐进式推进职业伤害保障试点扩围工作，试点范围从7个省份扩大到17个省份，覆盖出行、即时配送、同城货运3个行业的11家平台企业。截至2025年11月底，累计参保人数超过2420万人，参保订单超过619亿单，在试点地区和试点平台企业总体做到“每单必保、每人必保”。
劳动纠纷化解高效推进。人社部门积极参与推进综治中心规范化建设，开展新就业形态劳动纠纷一站式调解工作，已建设一站式调解中心3000余家，构建起覆盖全国的多元联合调解工作网络。全国总工会联合最高人民法院、最高人民检察院共同发布2025年劳动法律监督“一函两书”（《工会劳动法律监督提示函》《工会劳动法律监督意见书》《工会劳动法律监督建议书》）典型案例，推动新就业形态劳动者有关劳动报酬、安全卫生、工伤保险等劳动权益受侵害案件得到及时处理。
平台企业保障更加健全。2025年，各大平台推出针对新就业群体的保障举措，京东为全职骑手缴纳五险一金；美团推出面向全体骑手的养老保险补贴方案，社保补贴覆盖全国。
（本报记者  邱超奕整理）
青海久治县落实育儿补贴政策
“工作人员手把手教，我很快拿到这笔钱”
本报记者  江  萌
“多亏您帮忙，我们顺利领到了二宝的育儿补贴。”一见到索南拉旦，智青松多镇牧民尼玛拉毛便向这名镇卫生院院长表达感谢。
尼玛拉毛生活在青海省果洛藏族自治州久治县，该县平均海拔在4000米以上，是高原牧业县。“牧民居住分散、交通不便，还有不少牧民不懂汉语，育儿补贴政策落地存在客观挑战，我们要克服困难，让牧民及时拿到这笔钱。”久治县卫生健康局副局长才昂拉毛介绍。
为了让育儿补贴精准直达牧区群众，久治县加大宣传力度，将好政策送到家门口。“我们第一时间印制汉藏双语海报，在公众号和视频号上发布藏语视频，在村里用藏语广播循环播放。”才昂拉毛说，“补贴可以直接在线上申请，不会操作还有专人协助。”
“乡政府工作人员在村里的微信群里发了申请指南，工作人员手把手教，我很快拿到这笔钱。”久治县哇尔依乡赛池村牧民班玛托常说，他最小的孩子符合条件，申请后没几天，3600元的育儿补贴就到账了。
“我们加强主动识别，力争不漏一户。每个乡镇都有专干和村医，他们熟悉村情民情，能精准发现符合条件的家庭。”才昂拉毛说。
尼玛拉毛家的情况就是索南拉旦在工作中主动识别出来的。“她家有两个小孩，大宝一岁多，二宝2025年10月刚出生。大宝已经领到了2025年度的3600元补贴，但迟迟没见她提交二宝的申请材料。”索南拉旦说。
眼瞅着申请截止日期临近，索南拉旦从镇卫生院驱车10多公里找上了门。原来，尼玛拉毛夫妻不知道刚出生的二宝也能领补贴，索南拉旦连忙帮他们准备材料，赶在截止日期前提交了申请。
尼玛拉毛很感动：“这笔钱够二宝喝三四个月的奶粉了，帮了我们大忙。”
截至2025年底，青海已为17万名3岁以下婴幼儿发放补贴资金5.4亿元。为确保符合条件的育儿家庭及时足额享受政策，青海将落实育儿补贴政策作为民生实事重点任务推进，印发实施方案，调取卫健、公安、民政等多部门数据，实现信息实时共享，确保政策精准覆盖。
【链接】近年来，我国加快完善生育支持政策体系，推出育儿补贴政策，持续优化托育服务供给，增加普惠托位。进一步降低育儿成本，推动建设生育友好型社会。
2025年7月，中办、国办印发《育儿补贴制度实施方案》，明确从2025年1月1日起，对符合法律、法规规定生育的3周岁以下婴幼儿发放每孩每年3600元补贴，至其年满3周岁。2025年8月以来，各地陆续开放育儿补贴申领。截至2025年底，31个省份已发放育儿补贴，发放人数超过2400万。今年1月5日，2026年育儿补贴将全面开放申领。
托育服务供给不断增加。目前，全国托育服务机构达12.6万家，托位数达665.7万个，每千人口托位数达4.73个，地市级托育综合服务中心达254家，地市级覆盖率达61%。“十四五”时期，全国托育服务机构总数增加了6.6万家，增幅达到110%，托位总数增加了379万个，增幅达到132%。
托育服务价格持续下降。2025年新增的普惠性托位达89万个。“十四五”时期，全国共有9个省份出台托育服务的补贴制度，1315个县（市、区、旗）出台了托育的建设补贴、运营补贴、家庭消费券等支持措施，全国的全日托平均价格降幅达到29%。
托育服务质量有效提升。2025年，全国8万家托育服务机构与医疗卫生机构签约，接受专业的卫生健康指导，为入托的婴幼儿建立健康成长档案，开展健康检查和生长发育监测等服务。
（本报记者  申少铁整理）
山西太原推进适老化改造
“家里装了智能设备，安全感满满”
本报记者  郑洋洋
走进山西太原万柏林区东风社区党群服务中心，暖意扑面而来。服务台前，供借用的拐杖静静倚立；自助办理机可选大字界面，清晰好懂；辅助共享区里，轮椅、一键报警器等整齐摆放。
“我们社区有2200多名60岁以上的老年人，在总人口中占比达27%。”东风社区党委书记岳柱清介绍，社区重点推进独居、伤残、困难老人家庭的适老化改造以及公共服务区域的适老化改造，包括室内便利行走、如厕洗澡安全、居家环境改善、智能监测跟进、辅助器具适配等。社区同步加强信息化建设，探索智慧养老新模式。
68岁的东风社区东风小区居民周绍来，抬手展示智能手表，“能测心率，还能防跌倒报警。”他又按下家门口的智能门铃，“通过远程摄像头，家人随时能看到我，知道我的进出门情况。”
走进万柏林区大王社区美林湾小区居民韩双福家中，淋浴椅、马桶助力架稳稳当当安装在卫生间里；房间地面铺了防滑地垫，墙角加装了扶手。“以前总怕摔倒，现在社区帮我们在家里装了智能设备，安全感满满。”韩双福说。
老人许晔因脑梗行动不便，洗澡成了一大难题。因为老人家属也上了年纪，于是求助社区，很快就迎来了上门服务的工作人员，解了燃眉之急。
智能设备的实时数据、上门服务的精准调度，都依托一个关键枢纽——万柏林区数字养老服务调度指挥中心搭建的智慧养老服务平台。“老人跌倒、心率异常，或是燃气报警，平台会第一时间推送预警信息，同步通知家属和网格员，为社区老人筑起了全天候的安全屏障。”岳柱清说。
“自2021年起，全区已为1500余户老年人安装适老化智能设备，有助于解决独居、空巢老人居家安全难题。”万柏林区民政局副局长任娟介绍，当前正稳步推进惠及3000户家庭的适老化智能化改造工作。
同时，依托山西省“晋孝焕新”行动，适老化改造正从“特惠救助”转向“普惠消费”，6大类25种产品覆盖从居家环境改造到智能辅助的全场景需求，按产品实际销售价格的30%给予补贴，山西省居民每人累计最高可享受1.8万元补贴。
【链接】2025年，覆盖城乡的养老服务体系更加完善，适老化改造持续推进，老年人生活更加便利、舒心。“十四五”时期，我国完成特殊困难老年人家庭适老化改造224万户，建成示范性社区居家养老服务网络500个、示范性老年友好型社区2990个、老年助餐点8.6万个。高龄津贴、经济困难老年人服务补贴、失能老年人护理补贴等各类津补贴惠及5051万老年人。
加大资金投入力度。居家社区养老服务持续深化，中央财政投入9亿元资金支持50个项目地区建设家庭养老床位、提供上门服务，让居家养老的老年人“床边有照护、周边有服务”。为加快补齐农村养老服务短板，国家投入2.96亿元财政资金，支持59个地区开展县域养老服务体制机制创新试点。
科技赋能养老服务。智能陪伴机器人、外骨骼机器人、智能护理床、智能助浴设备等智慧产品和服务触手可及，提升了养老服务质效和老年人生活品质。
2026年1月起，一批重要国家标准开始实施，其中一些标准跟老年人密切相关。《健身器材适老化通用要求》推荐性国家标准规定了健身器材适老化的通用要求；《坐便椅》推荐性国家标准规定了坐便椅的分类、技术要求、检验规则等；《智能多媒体终端适老化水平评价方法》推荐性国家标准规定了智能多媒体终端的适老化功能的测试和评价方法。
（本报记者  孟祥夫整理）","# 共创共享美好生活（民生一线）

> 《人民日报》（2026年01月05日第 10 版）

山西太原万柏林区，志愿者上门为老人介绍智能适老化产品。　　万柏林区融媒体中心供图

山西太原万柏林区，志愿者上门为老人介绍智能适老化产品。

万柏林区融媒体中心供图

索南拉旦（左一）向尼玛拉毛（左三）解读育儿补贴政策。　　受访者供图

索南拉旦（左一）向尼玛拉毛（左三）解读育儿补贴政策。

受访者供图

福建厦门市总工会为新就业形态劳动者提供免费体检。　　潘书婷摄

福建厦门市总工会为新就业形态劳动者提供免费体检。

潘书婷摄

习近平主席在二〇二六年新年贺词中指出：“民生无小事，枝叶总关情。过去一年，新就业群体权益有了进一步保障，适老化改造给老年人带来方便，育儿家庭每月多了300元补贴。柴米油盐、三餐四季，每个‘小家’热气腾腾，中国这个‘大家’就蒸蒸日上。”

中国式现代化，民生为大。群众的获得感、幸福感、安全感书写在物阜民丰、万家灯火中。今年是“十五五”开局之年，新起点上，我们要继续用心用情解决群众急难愁盼问题，书写温暖人心的民生答卷，共创共享美好生活。

——编  者

福建厦门保障新就业群体权益

“有了骑手友好地图，心里更从容”

本报记者  施  钰

临近饭点，福建厦门的外卖骑手张清源把电动车停在厦门大学附属第一医院的外卖骑手专属停车区域，再去楼内送餐。

“医院里路线复杂、空间狭小，新骑手走错路、找不到地方停车是常有的事，送一单进去再出来，甚至要花上20分钟。”张清源说。

2025年10月开始，厦门大学附属第一医院推出骑手友好地图，明确标注通行路线与禁行区域，并在院区内规划出专门的骑手停车区域，设置醒目的引导标识。如今，骑手在这里的送单时间能节省约两分钟。“别小看这两分钟，订单可能就不会超时，有了骑手友好地图，心里更从容。”张清源说。

“医院就诊量大，对外卖的需求多。”厦门大学附属第一医院党委书记郑林雄介绍，“我们还在病房楼等外卖单量集中的区域开辟了骑手休息点，提供充电、饮水等服务。”

“骑手休息点增加了不少，职业保险可选种类变多了，交社保也更方便了，工会还组织节日活动和免费体检……”细数这两年的变化，张清源真切感受到骑手权益保障越来越完善。

“据不完全统计，目前厦门新就业形态劳动者近50万人，其中配送和快递骑手约10万人。”厦门市人力资源和社会保障局劳动关系处负责人介绍，聚焦新就业形态劳动者急难愁盼问题，厦门从法治保障、体制机制、权益维护、服务供给等方面发力，保障新就业群体权益。

目前，厦门市有20余万人以灵活就业身份参加职工基本养老保险和医疗保险，1300余名快递行业从业人员单独参加工伤保险，职业伤害保障试点覆盖全市出行、即时配送、同城货运三大行业共11.23万人。厦门市开放700余处工会驿站、邮政驿站、暖心聚“新”驿站，在25座人行天桥增设坡道，在重要交通要道增设电动车道，针对新就业形态劳动者广泛开展“惠新房”“爱新餐”活动，推动暖“新”服务提质增效。

【链接】新就业形态劳动者的权益保障机制不断完善。2025年，人力资源社会保障部会同有关部门实施新就业形态劳动者权益保障提升专项行动，多次联合有关部门约谈头部企业平台督促整改突出问题，推动平台企业用工合规意识明显增强，劳动规则算法不断优化。

职业伤害保障覆盖更广。自2025年7月起，人力资源社会保障部在总结此前经验的基础上，从扩容省份、新增企业、拓宽行业分步骤渐进式推进职业伤害保障试点扩围工作，试点范围从7个省份扩大到17个省份，覆盖出行、即时配送、同城货运3个行业的11家平台企业。截至2025年11月底，累计参保人数超过2420万人，参保订单超过619亿单，在试点地区和试点平台企业总体做到“每单必保、每人必保”。

劳动纠纷化解高效推进。人社部门积极参与推进综治中心规范化建设，开展新就业形态劳动纠纷一站式调解工作，已建设一站式调解中心3000余家，构建起覆盖全国的多元联合调解工作网络。全国总工会联合最高人民法院、最高人民检察院共同发布2025年劳动法律监督“一函两书”（《工会劳动法律监督提示函》《工会劳动法律监督意见书》《工会劳动法律监督建议书》）典型案例，推动新就业形态劳动者有关劳动报酬、安全卫生、工伤保险等劳动权益受侵害案件得到及时处理。

平台企业保障更加健全。2025年，各大平台推出针对新就业群体的保障举措，京东为全职骑手缴纳五险一金；美团推出面向全体骑手的养老保险补贴方案，社保补贴覆盖全国。

（本报记者  邱超奕整理）

青海久治县落实育儿补贴政策

“工作人员手把手教，我很快拿到这笔钱”

本报记者  江  萌

“多亏您帮忙，我们顺利领到了二宝的育儿补贴。”一见到索南拉旦，智青松多镇牧民尼玛拉毛便向这名镇卫生院院长表达感谢。

尼玛拉毛生活在青海省果洛藏族自治州久治县，该县平均海拔在4000米以上，是高原牧业县。“牧民居住分散、交通不便，还有不少牧民不懂汉语，育儿补贴政策落地存在客观挑战，我们要克服困难，让牧民及时拿到这笔钱。”久治县卫生健康局副局长才昂拉毛介绍。

为了让育儿补贴精准直达牧区群众，久治县加大宣传力度，将好政策送到家门口。“我们第一时间印制汉藏双语海报，在公众号和视频号上发布藏语视频，在村里用藏语广播循环播放。”才昂拉毛说，“补贴可以直接在线上申请，不会操作还有专人协助。”

“乡政府工作人员在村里的微信群里发了申请指南，工作人员手把手教，我很快拿到这笔钱。”久治县哇尔依乡赛池村牧民班玛托常说，他最小的孩子符合条件，申请后没几天，3600元的育儿补贴就到账了。

“我们加强主动识别，力争不漏一户。每个乡镇都有专干和村医，他们熟悉村情民情，能精准发现符合条件的家庭。”才昂拉毛说。

尼玛拉毛家的情况就是索南拉旦在工作中主动识别出来的。“她家有两个小孩，大宝一岁多，二宝2025年10月刚出生。大宝已经领到了2025年度的3600元补贴，但迟迟没见她提交二宝的申请材料。”索南拉旦说。

眼瞅着申请截止日期临近，索南拉旦从镇卫生院驱车10多公里找上了门。原来，尼玛拉毛夫妻不知道刚出生的二宝也能领补贴，索南拉旦连忙帮他们准备材料，赶在截止日期前提交了申请。

尼玛拉毛很感动：“这笔钱够二宝喝三四个月的奶粉了，帮了我们大忙。”

截至2025年底，青海已为17万名3岁以下婴幼儿发放补贴资金5.4亿元。为确保符合条件的育儿家庭及时足额享受政策，青海将落实育儿补贴政策作为民生实事重点任务推进，印发实施方案，调取卫健、公安、民政等多部门数据，实现信息实时共享，确保政策精准覆盖。

【链接】近年来，我国加快完善生育支持政策体系，推出育儿补贴政策，持续优化托育服务供给，增加普惠托位。进一步降低育儿成本，推动建设生育友好型社会。

2025年7月，中办、国办印发《育儿补贴制度实施方案》，明确从2025年1月1日起，对符合法律、法规规定生育的3周岁以下婴幼儿发放每孩每年3600元补贴，至其年满3周岁。2025年8月以来，各地陆续开放育儿补贴申领。截至2025年底，31个省份已发放育儿补贴，发放人数超过2400万。今年1月5日，2026年育儿补贴将全面开放申领。

托育服务供给不断增加。目前，全国托育服务机构达12.6万家，托位数达665.7万个，每千人口托位数达4.73个，地市级托育综合服务中心达254家，地市级覆盖率达61%。“十四五”时期，全国托育服务机构总数增加了6.6万家，增幅达到110%，托位总数增加了379万个，增幅达到132%。

托育服务价格持续下降。2025年新增的普惠性托位达89万个。“十四五”时期，全国共有9个省份出台托育服务的补贴制度，1315个县（市、区、旗）出台了托育的建设补贴、运营补贴、家庭消费券等支持措施，全国的全日托平均价格降幅达到29%。

托育服务质量有效提升。2025年，全国8万家托育服务机构与医疗卫生机构签约，接受专业的卫生健康指导，为入托的婴幼儿建立健康成长档案，开展健康检查和生长发育监测等服务。

（本报记者  申少铁整理）

山西太原推进适老化改造

“家里装了智能设备，安全感满满”

本报记者  郑洋洋

走进山西太原万柏林区东风社区党群服务中心，暖意扑面而来。服务台前，供借用的拐杖静静倚立；自助办理机可选大字界面，清晰好懂；辅助共享区里，轮椅、一键报警器等整齐摆放。

“我们社区有2200多名60岁以上的老年人，在总人口中占比达27%。”东风社区党委书记岳柱清介绍，社区重点推进独居、伤残、困难老人家庭的适老化改造以及公共服务区域的适老化改造，包括室内便利行走、如厕洗澡安全、居家环境改善、智能监测跟进、辅助器具适配等。社区同步加强信息化建设，探索智慧养老新模式。

68岁的东风社区东风小区居民周绍来，抬手展示智能手表，“能测心率，还能防跌倒报警。”他又按下家门口的智能门铃，“通过远程摄像头，家人随时能看到我，知道我的进出门情况。”

走进万柏林区大王社区美林湾小区居民韩双福家中，淋浴椅、马桶助力架稳稳当当安装在卫生间里；房间地面铺了防滑地垫，墙角加装了扶手。“以前总怕摔倒，现在社区帮我们在家里装了智能设备，安全感满满。”韩双福说。

老人许晔因脑梗行动不便，洗澡成了一大难题。因为老人家属也上了年纪，于是求助社区，很快就迎来了上门服务的工作人员，解了燃眉之急。

智能设备的实时数据、上门服务的精准调度，都依托一个关键枢纽——万柏林区数字养老服务调度指挥中心搭建的智慧养老服务平台。“老人跌倒、心率异常，或是燃气报警，平台会第一时间推送预警信息，同步通知家属和网格员，为社区老人筑起了全天候的安全屏障。”岳柱清说。

“自2021年起，全区已为1500余户老年人安装适老化智能设备，有助于解决独居、空巢老人居家安全难题。”万柏林区民政局副局长任娟介绍，当前正稳步推进惠及3000户家庭的适老化智能化改造工作。

同时，依托山西省“晋孝焕新”行动，适老化改造正从“特惠救助”转向“普惠消费”，6大类25种产品覆盖从居家环境改造到智能辅助的全场景需求，按产品实际销售价格的30%给予补贴，山西省居民每人累计最高可享受1.8万元补贴。

【链接】2025年，覆盖城乡的养老服务体系更加完善，适老化改造持续推进，老年人生活更加便利、舒心。“十四五”时期，我国完成特殊困难老年人家庭适老化改造224万户，建成示范性社区居家养老服务网络500个、示范性老年友好型社区2990个、老年助餐点8.6万个。高龄津贴、经济困难老年人服务补贴、失能老年人护理补贴等各类津补贴惠及5051万老年人。

加大资金投入力度。居家社区养老服务持续深化，中央财政投入9亿元资金支持50个项目地区建设家庭养老床位、提供上门服务，让居家养老的老年人“床边有照护、周边有服务”。为加快补齐农村养老服务短板，国家投入2.96亿元财政资金，支持59个地区开展县域养老服务体制机制创新试点。

科技赋能养老服务。智能陪伴机器人、外骨骼机器人、智能护理床、智能助浴设备等智慧产品和服务触手可及，提升了养老服务质效和老年人生活品质。

2026年1月起，一批重要国家标准开始实施，其中一些标准跟老年人密切相关。《健身器材适老化通用要求》推荐性国家标准规定了健身器材适老化的通用要求；《坐便椅》推荐性国家标准规定了坐便椅的分类、技术要求、检验规则等；《智能多媒体终端适老化水平评价方法》推荐性国家标准规定了智能多媒体终端的适老化功能的测试和评价方法。

（本报记者  孟祥夫整理）",,社会,https://paper.people.com.cn/rmrb/pc/content/202601/05/content_30129338.html,2026-01-05,"['补贴', '2025', '育儿', '骑手', '老化', '托育', '服务', '万柏林区', '智能', '社区']","山西太原万柏林区，志愿者上门为老人介绍智能适老化产品。万柏林区融媒体中心供图
山西太原万柏林区，志愿者上门为老人介绍智能适老化产品。
万柏林区融媒体中心供图",政治
善举有温度，更要有精度（民生观）,"细腻而有分寸的关怀，让暂时处于逆境中的人们，重新找回信心与力量
在安徽淮南一所中学，一则黑板上的留言引发广泛关注。留言中写道：“各位高三（1）班的学长学姐，能不能将你们的瓶子集中放在一个地方，我会来收。”
写下留言的是一名高二学生，因为母亲生病，他希望通过收废瓶子攒钱，帮父母减轻负担。“替我们家庭感谢学长学姐，祝学长学姐考上理想大学！”黑板上，这名学生的感谢与祝福，打动了不少人。
短短几句话，勾勒出一个乐观又自强的少年形象：家庭遇到了困难，他没有自怨自艾，而是努力寻找解决问题的办法；坦然说出自己的困境，勇敢向外界寻求帮助；对伸出援手的人真诚表达感谢和祝福……
为了帮助这名学生，学校在每个班级都放置了存放废瓶的容器，便于他在放学后前往各班收走；在社会上的爱心人士表达帮扶意愿后，因学生表示不愿接受资助，学校帮其婉拒；针对学生的实际情况，学校制定了相应的帮扶措施。每一个细节，都体现着对这名同学的尊重，全校师生共同营造了充满温暖与善意的环境，让陷入困难的同学充满力量，不再独行。
人生难免遇到逆境，在逆境中自强不息的精神令人敬佩。在风雨中为受助者的自尊撑一把伞的做法，同样可贵。这样的故事还有很多：一些高校通过大数据分析，默默地把补贴打进困难学生的饭卡里，保护他们的隐私；很多学校提供勤工俭学岗位，让学生通过努力工作支付学费、改善生活……
善举有温度，更要有精度，让暂时处于逆境中的人们，重新找回信心与力量。那些细腻而有分寸的关怀，在陪伴受助者渡过一时的难关之后，更能燃起他们内心深处那盏自爱、自信与自强的灯，持久地照亮人生之路。","# 善举有温度，更要有精度（民生观）

> 白真智《人民日报》（2026年01月05日第 10 版）

细腻而有分寸的关怀，让暂时处于逆境中的人们，重新找回信心与力量

在安徽淮南一所中学，一则黑板上的留言引发广泛关注。留言中写道：“各位高三（1）班的学长学姐，能不能将你们的瓶子集中放在一个地方，我会来收。”

写下留言的是一名高二学生，因为母亲生病，他希望通过收废瓶子攒钱，帮父母减轻负担。“替我们家庭感谢学长学姐，祝学长学姐考上理想大学！”黑板上，这名学生的感谢与祝福，打动了不少人。

短短几句话，勾勒出一个乐观又自强的少年形象：家庭遇到了困难，他没有自怨自艾，而是努力寻找解决问题的办法；坦然说出自己的困境，勇敢向外界寻求帮助；对伸出援手的人真诚表达感谢和祝福……

为了帮助这名学生，学校在每个班级都放置了存放废瓶的容器，便于他在放学后前往各班收走；在社会上的爱心人士表达帮扶意愿后，因学生表示不愿接受资助，学校帮其婉拒；针对学生的实际情况，学校制定了相应的帮扶措施。每一个细节，都体现着对这名同学的尊重，全校师生共同营造了充满温暖与善意的环境，让陷入困难的同学充满力量，不再独行。

人生难免遇到逆境，在逆境中自强不息的精神令人敬佩。在风雨中为受助者的自尊撑一把伞的做法，同样可贵。这样的故事还有很多：一些高校通过大数据分析，默默地把补贴打进困难学生的饭卡里，保护他们的隐私；很多学校提供勤工俭学岗位，让学生通过努力工作支付学费、改善生活……

善举有温度，更要有精度，让暂时处于逆境中的人们，重新找回信心与力量。那些细腻而有分寸的关怀，在陪伴受助者渡过一时的难关之后，更能燃起他们内心深处那盏自爱、自信与自强的灯，持久地照亮人生之路。",白真智,社会,https://paper.people.com.cn/rmrb/pc/content/202601/05/content_30129339.html,2026-01-05,"['逆境', '学姐', '学生', '学长', '留言', '受助者', '这名', '学校', '感谢', '善举']","细腻而有分寸的关怀，让暂时处于逆境中的人们，重新找回信心与力量
在安徽淮南一所中学，一则黑板上的留言引发广泛关注。留言中写道：“各位高三（1）班的学长学姐，能不能将你们的瓶子集中放在一个地方，我会来收。”
写下留言的是一名高二学生，因为母亲生病，他希望通过收废瓶子攒钱，帮父母减轻负担。“替我们家庭感谢学长学姐，祝学长学姐考上理想大学！”黑板上，这名学生的感谢与祝福，打动了不少人。",社会
新修改的网络安全法本月起施行——,"制图：张芳曼
制图：张芳曼
2025年10月28日，十四届全国人大常委会第十八次会议表决通过关于修改网络安全法的决定，修改后的法律自2026年1月1日起施行。中央网信办网络法治局有关负责人表示，本次修法回应现实关切，明确支持人工智能发展的措施和安全规定，优化网络安全法律责任，有助于积极应对网络安全风险挑战。
近年来，人工智能技术迅猛发展，成为网络安全风险挑战的新变量，也是提升网络安全保护水平的新增量。新修改的网络安全法第二十条规定：国家支持人工智能基础理论研究和算法等关键技术研发，推进训练数据资源、算力等基础设施建设，完善人工智能伦理规范，加强风险监测评估和安全监管，促进人工智能应用和健康发展。此外，该法同时明确支持运用人工智能提升网络安全保护水平。
“网络安全法的这一修改，体现了统筹发展和安全的立场。”中国政法大学法治政府研究院院长、教授赵鹏表示，“既要支持、鼓励技术的创新与发展，又要推动其平稳地融入社会之中，从而保护受影响的法律权益。”
不久前，北京某企业开发的APP被查明，在后台运行且用户未使用任何功能情况下，收集上传用户应用程序安装、卸载信息。用户使用上传AI头像等功能时，调用非必要存储权限。
网信部门认定，其行为超出了实现个人信息处理目的最小必要范围，同时违反网络安全法、个人信息保护法等法律法规，依法责令其改正，并予以警告、罚款处罚。
网络安全法与数据安全法、个人信息保护法等共同构成我国网络安全和数据安全法律体系，做好法律之间的衔接十分重要。
“本次网络安全法的修改加强与数据安全法、个人信息保护法、行政处罚法等相关法律有机衔接，推动形成治理合力。”中国信息通信研究院互联网法律研究中心主任何波表示。例如，在个人信息保护方面，此次修改做好与民法典、个人信息保护法等法律的衔接，明确网络运营者处理个人信息的法律适用。
当前，一些主体仍然存在依法履行网络安全义务的意识不强、投入不够等问题。完善法律责任制度，确保过罚相当，是网络安全法此次修改的重要内容。
此前，某省税务部门一采购项目进行招投标。某通信运营商原本已经中标，但后被查出所投网络关键设备在开标之日前没有通过国家强制安全认证，不具有销售资格，涉嫌虚假应标，导致中标无效。
新修改的网络安全法对于销售或者提供未经安全认证、安全检测或者安全认证不合格、安全检测不符合要求的网络关键设备和网络安全专用产品的，增设了相应的罚则。这有利于促进有关主体履行义务，保障法律有效实施。
赵鹏表示，新修改的网络安全法提高了处置处罚精度。例如，对于网络运营者怠于履行信息安全管理义务的，其处罚标准在原来“一般违法”“拒不改正或者情节严重”两种情形的基础上，增加了“造成特别严重影响、特别严重后果的”情形，并设定了更高的处罚标准，最高罚款1000万元。这有利于区分不同违法情形的法律责任，也有利于推动相关主体依法履行相应的义务。
中央网信办网络法治局有关负责人表示，此次修改坚持过罚相当、处罚与教育相结合的原则，健全行政处罚适用规则，增加衔接性规定，明确违反网络安全法规定但具有行政处罚法规定的从轻、减轻或者不予处罚情形的，依照其规定从轻、减轻或者不予处罚，切实保障网络执法既有力度又有温度。","# 新修改的网络安全法本月起施行——

> 本报记者  金  歆《人民日报》（2026年01月05日第 11 版）

制图：张芳曼

制图：张芳曼

2025年10月28日，十四届全国人大常委会第十八次会议表决通过关于修改网络安全法的决定，修改后的法律自2026年1月1日起施行。中央网信办网络法治局有关负责人表示，本次修法回应现实关切，明确支持人工智能发展的措施和安全规定，优化网络安全法律责任，有助于积极应对网络安全风险挑战。

近年来，人工智能技术迅猛发展，成为网络安全风险挑战的新变量，也是提升网络安全保护水平的新增量。新修改的网络安全法第二十条规定：国家支持人工智能基础理论研究和算法等关键技术研发，推进训练数据资源、算力等基础设施建设，完善人工智能伦理规范，加强风险监测评估和安全监管，促进人工智能应用和健康发展。此外，该法同时明确支持运用人工智能提升网络安全保护水平。

“网络安全法的这一修改，体现了统筹发展和安全的立场。”中国政法大学法治政府研究院院长、教授赵鹏表示，“既要支持、鼓励技术的创新与发展，又要推动其平稳地融入社会之中，从而保护受影响的法律权益。”

不久前，北京某企业开发的APP被查明，在后台运行且用户未使用任何功能情况下，收集上传用户应用程序安装、卸载信息。用户使用上传AI头像等功能时，调用非必要存储权限。

网信部门认定，其行为超出了实现个人信息处理目的最小必要范围，同时违反网络安全法、个人信息保护法等法律法规，依法责令其改正，并予以警告、罚款处罚。

网络安全法与数据安全法、个人信息保护法等共同构成我国网络安全和数据安全法律体系，做好法律之间的衔接十分重要。

“本次网络安全法的修改加强与数据安全法、个人信息保护法、行政处罚法等相关法律有机衔接，推动形成治理合力。”中国信息通信研究院互联网法律研究中心主任何波表示。例如，在个人信息保护方面，此次修改做好与民法典、个人信息保护法等法律的衔接，明确网络运营者处理个人信息的法律适用。

当前，一些主体仍然存在依法履行网络安全义务的意识不强、投入不够等问题。完善法律责任制度，确保过罚相当，是网络安全法此次修改的重要内容。

此前，某省税务部门一采购项目进行招投标。某通信运营商原本已经中标，但后被查出所投网络关键设备在开标之日前没有通过国家强制安全认证，不具有销售资格，涉嫌虚假应标，导致中标无效。

新修改的网络安全法对于销售或者提供未经安全认证、安全检测或者安全认证不合格、安全检测不符合要求的网络关键设备和网络安全专用产品的，增设了相应的罚则。这有利于促进有关主体履行义务，保障法律有效实施。

赵鹏表示，新修改的网络安全法提高了处置处罚精度。例如，对于网络运营者怠于履行信息安全管理义务的，其处罚标准在原来“一般违法”“拒不改正或者情节严重”两种情形的基础上，增加了“造成特别严重影响、特别严重后果的”情形，并设定了更高的处罚标准，最高罚款1000万元。这有利于区分不同违法情形的法律责任，也有利于推动相关主体依法履行相应的义务。

中央网信办网络法治局有关负责人表示，此次修改坚持过罚相当、处罚与教育相结合的原则，健全行政处罚适用规则，增加衔接性规定，明确违反网络安全法规定但具有行政处罚法规定的从轻、减轻或者不予处罚情形的，依照其规定从轻、减轻或者不予处罚，切实保障网络执法既有力度又有温度。",金  歆,政治,https://paper.people.com.cn/rmrb/pc/content/202601/05/content_30129344.html,2026-01-05,"['网络安全', '修改', '个人信息', '人工智能', '处罚', '法律', '保护法', '网络', '安全', '网信']","制图：张芳曼
制图：张芳曼
2025年10月28日，十四届全国人大常委会第十八次会议表决通过关于修改网络安全法的决定，修改后的法律自2026年1月1日起施行。中央网信办网络法治局有关负责人表示，本次修法回应现实关切，明确支持人工智能发展的措施和安全规定，优化网络安全法律责任，有助于积极应对网络安全风险挑战。",政治
修改后的村民委员会组织法、城市居民委员会组织法本月起施行——,"十四届全国人大常委会第十八次会议表决通过关于修改村民委员会组织法的决定、新修订的城市居民委员会组织法，自2026年1月1日起施行。这次统筹修改两部法律，健全了基层党组织领导的基层群众自治机制，为发展基层民主、推进基层治理体系和治理能力现代化提供更完备的法律保障。
基层群众自治制度是我国宪法规定的一项基本政治制度。两部法律的修改强化了党对基层群众自治工作的领导，明确村（居）民委员会工作坚持中国共产党的领导，党在村（社区）的基层组织领导和支持村（居）民委员会开展工作，发挥村（社区）党组织在民主选举、民主协商、民主决策、民主管理、民主监督等关键环节的引领把关作用，并将严把村（居）民委员会成员候选人资格条件政治关、“四议两公开”、“一肩挑”等成熟经验上升为法律制度。
在发展全过程人民民主，进一步保障基层群众依法直接行使民主权利方面，两部法律进一步完善了村（居）民委员会的选举制度，保障村（居）民依法行使选举权。同时，明确和规范村（居）民委员会组织开展民主协商，使群众的诉求表达更加畅通有效，健全了村（居）民会议、村（居）民代表会议等民主决策机制，完善了自治章程、村规民约、居民公约等民主管理规定，以及村（居）务公开、村（居）务监督等民主监督内容。
近年来，基层治理实践面临一些新情况新问题，村（居）民委员会的职责需要进一步规范和细化。针对这一问题，两部法律着重作了要求，在村（居）民委员会的具体职责中，增加了支持和引导村（居）民践行社会主义核心价值观，铸牢中华民族共同体意识；协助组织村（居）民参与群防群治，协助处理信访事项和协调化解矛盾纠纷，协助做好突发事件应对工作；关心关爱老年人、儿童、残疾人和困难村（居）民；支持和引导各类社会力量参与基层治理和服务；指导和协助设立业主大会和选举业委会，协助指导和监督业主大会和业委会依法履责，协助调解物业纠纷等内容。","# 修改后的村民委员会组织法、城市居民委员会组织法本月起施行——

> 本报记者  彭  波《人民日报》（2026年01月05日第 11 版）

十四届全国人大常委会第十八次会议表决通过关于修改村民委员会组织法的决定、新修订的城市居民委员会组织法，自2026年1月1日起施行。这次统筹修改两部法律，健全了基层党组织领导的基层群众自治机制，为发展基层民主、推进基层治理体系和治理能力现代化提供更完备的法律保障。

基层群众自治制度是我国宪法规定的一项基本政治制度。两部法律的修改强化了党对基层群众自治工作的领导，明确村（居）民委员会工作坚持中国共产党的领导，党在村（社区）的基层组织领导和支持村（居）民委员会开展工作，发挥村（社区）党组织在民主选举、民主协商、民主决策、民主管理、民主监督等关键环节的引领把关作用，并将严把村（居）民委员会成员候选人资格条件政治关、“四议两公开”、“一肩挑”等成熟经验上升为法律制度。

在发展全过程人民民主，进一步保障基层群众依法直接行使民主权利方面，两部法律进一步完善了村（居）民委员会的选举制度，保障村（居）民依法行使选举权。同时，明确和规范村（居）民委员会组织开展民主协商，使群众的诉求表达更加畅通有效，健全了村（居）民会议、村（居）民代表会议等民主决策机制，完善了自治章程、村规民约、居民公约等民主管理规定，以及村（居）务公开、村（居）务监督等民主监督内容。

近年来，基层治理实践面临一些新情况新问题，村（居）民委员会的职责需要进一步规范和细化。针对这一问题，两部法律着重作了要求，在村（居）民委员会的具体职责中，增加了支持和引导村（居）民践行社会主义核心价值观，铸牢中华民族共同体意识；协助组织村（居）民参与群防群治，协助处理信访事项和协调化解矛盾纠纷，协助做好突发事件应对工作；关心关爱老年人、儿童、残疾人和困难村（居）民；支持和引导各类社会力量参与基层治理和服务；指导和协助设立业主大会和选举业委会，协助指导和监督业主大会和业委会依法履责，协助调解物业纠纷等内容。",彭  波,政治,https://paper.people.com.cn/rmrb/pc/content/202601/05/content_30129345.html,2026-01-05,"['基层', '委员会', '协助', '组织法', '法律', '两部', '自治', '群众', '业主大会', '民主']","十四届全国人大常委会第十八次会议表决通过关于修改村民委员会组织法的决定、新修订的城市居民委员会组织法，自2026年1月1日起施行。这次统筹修改两部法律，健全了基层党组织领导的基层群众自治机制，为发展基层民主、推进基层治理体系和治理能力现代化提供更完备的法律保障。
基层群众自治制度是我国宪法规定的一项基本政治制度。两部法律的修改强化了党对基层群众自治工作的领导，明确村（居）民委员会工作坚持中国共产党的领导，党在村（社区）的基层组织领导和支持村（居）民委员会开展工作，发挥村（社区）党组织在民主选举、民主协商、民主决策、民主管理、民主监督等关键环节的引领把关作用，并将严把村（居）民委员会成员候选人资格条件政治关、“四议两公开”、“一肩挑”等成熟经验上升为法律制度。
在发展全过程人民民主，进一步保障基层群众依法直接行使民主权利方面，两部法律进一步完善了村（居）民委员会的选举制度，保障村（居）民依法行使选举权。同时，明确和规范村（居）民委员会组织开展民主协商，使群众的诉求表达更加畅通有效，健全了村（居）民会议、村（居）民代表会议等民主决策机制，完善了自治章程、村规民约、居民公约等民主管理规定，以及村（居）务公开、村（居）务监督等民主监督内容。",政治
国家公园法本月起施行——,"十四届全国人大常委会第十七次会议表决通过《中华人民共和国国家公园法》，自2026年1月1日起施行。这是我国首部关于国家公园的专门立法，标志着以国家公园为主体的自然保护地体系建设进入了法治化、规范化新阶段。
国家公园法不仅首次从法律层面明确了我国国家公园的概念，还从国家公园的布局设立、分区管控到保护管理、公众参与，再到法律责任，形成了全链条的规范体系。
“国家公园面积大，建设管理涉及多个层级、多个部门，跨行政区域治理难题尤为突出。”北京林业大学生态文明研究院副院长、生态法研究中心主任杨朝霞表示，国家公园法的亮点之一，就是建立了统一规范高效的管理体制。
该法第四章为“参与和共享”，明确规定“国家公园管理机构根据生态保护需要设立的生态管护岗位应当优先聘用当地居民”“国家鼓励和支持公众参与国家公园保护，开展多种形式的自然和生态环境保护教育”。全国人大宪法和法律委员会委员王瑞贺表示，在该法实施的过程中，应鼓励原有居民参与国家公园经营性服务，引导社会力量通过多种方式参与国家公园的自然资源管理和生态保护。
王瑞贺表示，应及时组织制定、修改相关法规、规章和规范性文件，进一步完善国家公园相关制度，特别是法律中明确授权制定具体办法的，比如国家公园标志保护的具体办法、经营性服务的具体办法、保护管理成效考核评价制度等。","# 国家公园法本月起施行——

> 本报记者  倪  弋《人民日报》（2026年01月05日第 11 版）

十四届全国人大常委会第十七次会议表决通过《中华人民共和国国家公园法》，自2026年1月1日起施行。这是我国首部关于国家公园的专门立法，标志着以国家公园为主体的自然保护地体系建设进入了法治化、规范化新阶段。

国家公园法不仅首次从法律层面明确了我国国家公园的概念，还从国家公园的布局设立、分区管控到保护管理、公众参与，再到法律责任，形成了全链条的规范体系。

“国家公园面积大，建设管理涉及多个层级、多个部门，跨行政区域治理难题尤为突出。”北京林业大学生态文明研究院副院长、生态法研究中心主任杨朝霞表示，国家公园法的亮点之一，就是建立了统一规范高效的管理体制。

该法第四章为“参与和共享”，明确规定“国家公园管理机构根据生态保护需要设立的生态管护岗位应当优先聘用当地居民”“国家鼓励和支持公众参与国家公园保护，开展多种形式的自然和生态环境保护教育”。全国人大宪法和法律委员会委员王瑞贺表示，在该法实施的过程中，应鼓励原有居民参与国家公园经营性服务，引导社会力量通过多种方式参与国家公园的自然资源管理和生态保护。

王瑞贺表示，应及时组织制定、修改相关法规、规章和规范性文件，进一步完善国家公园相关制度，特别是法律中明确授权制定具体办法的，比如国家公园标志保护的具体办法、经营性服务的具体办法、保护管理成效考核评价制度等。",倪  弋,政治,https://paper.people.com.cn/rmrb/pc/content/202601/05/content_30129346.html,2026-01-05,"['公园', '国家', '生态', '保护', '具体办法', '参与', '该法', '王瑞贺', '管理', '经营性']","十四届全国人大常委会第十七次会议表决通过《中华人民共和国国家公园法》，自2026年1月1日起施行。这是我国首部关于国家公园的专门立法，标志着以国家公园为主体的自然保护地体系建设进入了法治化、规范化新阶段。
国家公园法不仅首次从法律层面明确了我国国家公园的概念，还从国家公园的布局设立、分区管控到保护管理、公众参与，再到法律责任，形成了全链条的规范体系。
“国家公园面积大，建设管理涉及多个层级、多个部门，跨行政区域治理难题尤为突出。”北京林业大学生态文明研究院副院长、生态法研究中心主任杨朝霞表示，国家公园法的亮点之一，就是建立了统一规范高效的管理体制。",政治
辽宁出台大力优化营商环境行动方案,"本报沈阳1月4日电  （记者胡婧怡）2026年首个工作日，辽宁召开全省优化营商环境大会，会上发布了《辽宁省大力优化营商环境行动方案（2026版）》，制定6个方面共34条举措。行动方案聚焦建设经营主体全生命周期服务体系、建设综合最优的政策环境、建设公平有序的市场环境、建设高效便利的政务环境、建设公正透明的法治环境、建设亲商安商的人文环境等6个方面，正视突出问题，紧抓重点任务，确保营商环境在短期内实现明显好转、根本好转。
行动方案提出，增强政策一致性、稳定性、可预期性；优化惠企政策兑现服务，出台惠企政策同步明确兑现标准、时限、路径等条件，简化申报流程，实现“一次申报、全程网办、快速兑现”；推动惠企政策和资金“免申即享”“直达快享”。行动方案明确，严格规范涉企行政检查，大力整治乱检查、“吃拿卡要”等问题；进一步规范涉企执法司法，坚决遏制违规异地执法、趋利性执法。防范化解拖欠中小企业账款，加强政府投资项目资金监管、政府采购支付监管，严禁无预算、超预算等行为，严防新增拖欠，实行投诉“受理—转办—处理—反馈”闭环管理。","# 辽宁出台大力优化营商环境行动方案

> 《人民日报》（2026年01月05日第 11 版）

本报沈阳1月4日电  （记者胡婧怡）2026年首个工作日，辽宁召开全省优化营商环境大会，会上发布了《辽宁省大力优化营商环境行动方案（2026版）》，制定6个方面共34条举措。行动方案聚焦建设经营主体全生命周期服务体系、建设综合最优的政策环境、建设公平有序的市场环境、建设高效便利的政务环境、建设公正透明的法治环境、建设亲商安商的人文环境等6个方面，正视突出问题，紧抓重点任务，确保营商环境在短期内实现明显好转、根本好转。

行动方案提出，增强政策一致性、稳定性、可预期性；优化惠企政策兑现服务，出台惠企政策同步明确兑现标准、时限、路径等条件，简化申报流程，实现“一次申报、全程网办、快速兑现”；推动惠企政策和资金“免申即享”“直达快享”。行动方案明确，严格规范涉企行政检查，大力整治乱检查、“吃拿卡要”等问题；进一步规范涉企执法司法，坚决遏制违规异地执法、趋利性执法。防范化解拖欠中小企业账款，加强政府投资项目资金监管、政府采购支付监管，严禁无预算、超预算等行为，严防新增拖欠，实行投诉“受理—转办—处理—反馈”闭环管理。",,政治,https://paper.people.com.cn/rmrb/pc/content/202601/05/content_30129347.html,2026-01-05,"['营商', '环境', '惠企', '建设', '方案', '行动', '涉企', '优化', '2026', '兑现']","本报沈阳1月4日电  （记者胡婧怡）2026年首个工作日，辽宁召开全省优化营商环境大会，会上发布了《辽宁省大力优化营商环境行动方案（2026版）》，制定6个方面共34条举措。行动方案聚焦建设经营主体全生命周期服务体系、建设综合最优的政策环境、建设公平有序的市场环境、建设高效便利的政务环境、建设公正透明的法治环境、建设亲商安商的人文环境等6个方面，正视突出问题，紧抓重点任务，确保营商环境在短期内实现明显好转、根本好转。
行动方案提出，增强政策一致性、稳定性、可预期性；优化惠企政策兑现服务，出台惠企政策同步明确兑现标准、时限、路径等条件，简化申报流程，实现“一次申报、全程网办、快速兑现”；推动惠企政策和资金“免申即享”“直达快享”。行动方案明确，严格规范涉企行政检查，大力整治乱检查、“吃拿卡要”等问题；进一步规范涉企执法司法，坚决遏制违规异地执法、趋利性执法。防范化解拖欠中小企业账款，加强政府投资项目资金监管、政府采购支付监管，严禁无预算、超预算等行为，严防新增拖欠，实行投诉“受理—转办—处理—反馈”闭环管理。",政治
在北京，专业演员到公园演奏——,"一支竹笛，一个话筒，北京市公园一角，就是一方热闹舞台。连日来，从紫竹院公园，到天桥市民广场，再到北京大运河博物馆共享大厅，中国歌剧舞剧院青年竹笛、排箫演奏员孙楚泊演奏了数十场，线下演出围满观众，线上视频持续“出圈”，观众称赞她“架起了殿堂艺术与市井生活的桥梁”，还有人亲切唤她“国民闺女”。
《赛马》《我爱你中国》《鸿雁》《雪落下的声音》……满怀情感的笛声，时而激越，时而温柔，时而欢快。乐声渐淡，掌声、叫好声随之响起。虽然天气寒冷，公园里却充满热烈的艺术氛围。
不要门票、不用预约，市民、游客散步休憩时，便能与专业演出“撞”个满怀，享受一场面对面、即时互动的公园音乐会。有人举起手机拍摄，有人跟着节奏高歌，有爱好者自发伴奏，还有站在后排的观众干脆打开手机、看起直播……演出有水准，又接地气，打动了在场的每一个人。“我们彼此温暖着。”孙楚泊感慨。
谈起在公园表演的缘起，孙楚泊说，自己之前虽然有不少在基层演出的经历，但地点主要还是剧院、剧场、音乐厅。怎么将艺术带到离观众更近的地方？“艺术是为大众服务的，我琢磨能不能去公园演出，让更多人听到中国传统乐器的声音。”孙楚泊说。
“一开始我还会想，大家会不会喜欢听我吹的曲子。”孙楚泊说。从第一次埋头吹笛，到吸引众多观众，接受大家的互动点曲，再到提前策划下一次的公园“相约”，渐渐地，她受到越来越多人的喜爱。
“在家门口的公园就能欣赏‘国家队’的专业演出，还能点曲、互动，搁以前真是想不到。”60多岁的北京市民李先生是孙楚泊的“铁粉”，即便是寒风凛冽，也阻挡不了他早早蹲守每场演出，“心里暖！有满满的幸福感。”
随着演出越来越多，除了感受到“与观众的心越贴越近”，孙楚泊也有了更多思考。在户外演出，刮风、降温，都会让演奏出现瑕疵；有时观众点的曲目自己并不熟悉，但也因此有更多试奏的机会；还有民间高手会与她探讨一些专业问题……“这些都督促我要保持和舞台上一样的水准，保证一样的完成度，我也给观众承诺‘练好后再交作业’。”孙楚泊说，“我在扎根人民中获得艺术的滋养，收获激励自己不断进步的压力与动力。”
专业演员走入群众生活，与大众对精神文化的需求实现“双向奔赴”。公园的演出里，演员的敬业与群众的热情相映照，这样的场景令人感动——竹笛奏响一曲《北京的金山上》，现场观众不约而同地放声高唱；专业演员与正在学习乐器的孩子合奏，在观众的鼓励声中，展现蓬勃的文化自信、动人的艺术魅力。","# 在北京，专业演员到公园演奏——

> 本报记者  郑海鸥《人民日报》（2026年01月05日第 13 版）

一支竹笛，一个话筒，北京市公园一角，就是一方热闹舞台。连日来，从紫竹院公园，到天桥市民广场，再到北京大运河博物馆共享大厅，中国歌剧舞剧院青年竹笛、排箫演奏员孙楚泊演奏了数十场，线下演出围满观众，线上视频持续“出圈”，观众称赞她“架起了殿堂艺术与市井生活的桥梁”，还有人亲切唤她“国民闺女”。

《赛马》《我爱你中国》《鸿雁》《雪落下的声音》……满怀情感的笛声，时而激越，时而温柔，时而欢快。乐声渐淡，掌声、叫好声随之响起。虽然天气寒冷，公园里却充满热烈的艺术氛围。

不要门票、不用预约，市民、游客散步休憩时，便能与专业演出“撞”个满怀，享受一场面对面、即时互动的公园音乐会。有人举起手机拍摄，有人跟着节奏高歌，有爱好者自发伴奏，还有站在后排的观众干脆打开手机、看起直播……演出有水准，又接地气，打动了在场的每一个人。“我们彼此温暖着。”孙楚泊感慨。

谈起在公园表演的缘起，孙楚泊说，自己之前虽然有不少在基层演出的经历，但地点主要还是剧院、剧场、音乐厅。怎么将艺术带到离观众更近的地方？“艺术是为大众服务的，我琢磨能不能去公园演出，让更多人听到中国传统乐器的声音。”孙楚泊说。

“一开始我还会想，大家会不会喜欢听我吹的曲子。”孙楚泊说。从第一次埋头吹笛，到吸引众多观众，接受大家的互动点曲，再到提前策划下一次的公园“相约”，渐渐地，她受到越来越多人的喜爱。

“在家门口的公园就能欣赏‘国家队’的专业演出，还能点曲、互动，搁以前真是想不到。”60多岁的北京市民李先生是孙楚泊的“铁粉”，即便是寒风凛冽，也阻挡不了他早早蹲守每场演出，“心里暖！有满满的幸福感。”

随着演出越来越多，除了感受到“与观众的心越贴越近”，孙楚泊也有了更多思考。在户外演出，刮风、降温，都会让演奏出现瑕疵；有时观众点的曲目自己并不熟悉，但也因此有更多试奏的机会；还有民间高手会与她探讨一些专业问题……“这些都督促我要保持和舞台上一样的水准，保证一样的完成度，我也给观众承诺‘练好后再交作业’。”孙楚泊说，“我在扎根人民中获得艺术的滋养，收获激励自己不断进步的压力与动力。”

专业演员走入群众生活，与大众对精神文化的需求实现“双向奔赴”。公园的演出里，演员的敬业与群众的热情相映照，这样的场景令人感动——竹笛奏响一曲《北京的金山上》，现场观众不约而同地放声高唱；专业演员与正在学习乐器的孩子合奏，在观众的鼓励声中，展现蓬勃的文化自信、动人的艺术魅力。",郑海鸥,文化,https://paper.people.com.cn/rmrb/pc/content/202601/05/content_30129268.html,2026-01-05,"['孙楚泊', '观众', '公园', '演出', '专业', '竹笛', '艺术', '演员', '时而', '互动']","一支竹笛，一个话筒，北京市公园一角，就是一方热闹舞台。连日来，从紫竹院公园，到天桥市民广场，再到北京大运河博物馆共享大厅，中国歌剧舞剧院青年竹笛、排箫演奏员孙楚泊演奏了数十场，线下演出围满观众，线上视频持续“出圈”，观众称赞她“架起了殿堂艺术与市井生活的桥梁”，还有人亲切唤她“国民闺女”。
《赛马》《我爱你中国》《鸿雁》《雪落下的声音》……满怀情感的笛声，时而激越，时而温柔，时而欢快。乐声渐淡，掌声、叫好声随之响起。虽然天气寒冷，公园里却充满热烈的艺术氛围。
不要门票、不用预约，市民、游客散步休憩时，便能与专业演出“撞”个满怀，享受一场面对面、即时互动的公园音乐会。有人举起手机拍摄，有人跟着节奏高歌，有爱好者自发伴奏，还有站在后排的观众干脆打开手机、看起直播……演出有水准，又接地气，打动了在场的每一个人。“我们彼此温暖着。”孙楚泊感慨。",政治
在河南，舞台艺术送到家门口——,"冬阳暖照，笛声悠扬。在河南郑州紫荆山公园，河南民族乐团首席笛箫演奏员于文龙支起话筒，横吹竹笛，欢快旋律很快引来市民围观——身后，乐队伴奏声声入耳；眼前，市民掌声响成一片。
“观众在哪里，舞台就在哪里。离观众更近，才能让大家看到专业水准。”于文龙认为，文艺离不开大众。2025年，乐团所属的河南歌舞演艺集团组织“舞台艺术送基层”活动演出100场，公园成了于文龙爱去的地方。
华灯初上，漯河市梨园春公园又是另一番热闹景象。下沉广场搭起简易戏台。台上，郾城区曲剧团原团长杜香花粉裙轻摆，莲步慢移，一段《桃花庵》唱得婉转细腻。
“唱得真不赖！”老戏迷王爱霞抱着小孙子，听得入神。“小时候在农村，经常追戏班。现在到城里，家门口就有戏。”王爱霞说。
在河南，公园被赋予城市“露天会客厅”的新角色，专业剧团演员的到来，也为城市绿地注入了新活力。
“公园和广场是最接地气的城市公共空间。这里没有围墙、没有门槛，艺术直接走到了市民生活半径里。”豫剧表演艺术家李树建说。从艺数十年，他大部分时间都在剧场演出，也分外珍视乡村、公园等大众场所的共鸣。有一回在公园表演，他看到一位环卫工人站在人群最外侧不住地拍手，“那一刻，‘为民演戏’四个字，有了沉甸甸的分量。”李树建说。
2025年12月，在郑州如意湖文化广场，“咱村有戏”热闹上演。现场，经典豫剧与河南本土喜剧形式“喷空”结合，逗得观众笑声阵阵。南阳宛梆、太康道情等剧种也轮番登场，让冬日里的郑州市民感受到热烈的文化氛围。
河南省文化和旅游厅公共服务处有关负责人介绍，作为河南省戏曲主题群众文化活动，“咱村有戏”在2025年尝试“戏曲+旅游+消费”模式。舞台附近，“非遗市集”摆满文创产品；“扮戏台”前，观众亲手勾画脸谱，体验化装扮角。
受天气、场地等限制，公园和广场难以支撑常态化演出。一些院团负责人反映，公园演出审批流程长、协调环节多，“有时好不容易协调好场地，一场雨就全取消了。”
河南省文化和旅游公共服务专家委员会成员、郑州大学教授汪振军认为，要让专业演员和团体更好地融入群众文化生活，还应兼顾“常”与“新”：既要探索简化审批流程、开辟绿色通道，建立常态化演出保障机制，也需推动形成政府搭台、院团唱戏、社会助力模式，营造“一直在场”的文化生态。
线下扎根，线上延伸。河南歌舞演艺集团副总经理陈静介绍，演艺集团目前已开通社交媒体账号，尝试通过线上直播、短视频等方式突破公园等场所限制、扩大受众覆盖面，助力文化惠民“持久在线”。","# 在河南，舞台艺术送到家门口——

> 本报记者  张文豪《人民日报》（2026年01月05日第 13 版）

冬阳暖照，笛声悠扬。在河南郑州紫荆山公园，河南民族乐团首席笛箫演奏员于文龙支起话筒，横吹竹笛，欢快旋律很快引来市民围观——身后，乐队伴奏声声入耳；眼前，市民掌声响成一片。

“观众在哪里，舞台就在哪里。离观众更近，才能让大家看到专业水准。”于文龙认为，文艺离不开大众。2025年，乐团所属的河南歌舞演艺集团组织“舞台艺术送基层”活动演出100场，公园成了于文龙爱去的地方。

华灯初上，漯河市梨园春公园又是另一番热闹景象。下沉广场搭起简易戏台。台上，郾城区曲剧团原团长杜香花粉裙轻摆，莲步慢移，一段《桃花庵》唱得婉转细腻。

“唱得真不赖！”老戏迷王爱霞抱着小孙子，听得入神。“小时候在农村，经常追戏班。现在到城里，家门口就有戏。”王爱霞说。

在河南，公园被赋予城市“露天会客厅”的新角色，专业剧团演员的到来，也为城市绿地注入了新活力。

“公园和广场是最接地气的城市公共空间。这里没有围墙、没有门槛，艺术直接走到了市民生活半径里。”豫剧表演艺术家李树建说。从艺数十年，他大部分时间都在剧场演出，也分外珍视乡村、公园等大众场所的共鸣。有一回在公园表演，他看到一位环卫工人站在人群最外侧不住地拍手，“那一刻，‘为民演戏’四个字，有了沉甸甸的分量。”李树建说。

2025年12月，在郑州如意湖文化广场，“咱村有戏”热闹上演。现场，经典豫剧与河南本土喜剧形式“喷空”结合，逗得观众笑声阵阵。南阳宛梆、太康道情等剧种也轮番登场，让冬日里的郑州市民感受到热烈的文化氛围。

河南省文化和旅游厅公共服务处有关负责人介绍，作为河南省戏曲主题群众文化活动，“咱村有戏”在2025年尝试“戏曲+旅游+消费”模式。舞台附近，“非遗市集”摆满文创产品；“扮戏台”前，观众亲手勾画脸谱，体验化装扮角。

受天气、场地等限制，公园和广场难以支撑常态化演出。一些院团负责人反映，公园演出审批流程长、协调环节多，“有时好不容易协调好场地，一场雨就全取消了。”

河南省文化和旅游公共服务专家委员会成员、郑州大学教授汪振军认为，要让专业演员和团体更好地融入群众文化生活，还应兼顾“常”与“新”：既要探索简化审批流程、开辟绿色通道，建立常态化演出保障机制，也需推动形成政府搭台、院团唱戏、社会助力模式，营造“一直在场”的文化生态。

线下扎根，线上延伸。河南歌舞演艺集团副总经理陈静介绍，演艺集团目前已开通社交媒体账号，尝试通过线上直播、短视频等方式突破公园等场所限制、扩大受众覆盖面，助力文化惠民“持久在线”。",张文豪,文化,https://paper.people.com.cn/rmrb/pc/content/202601/05/content_30129269.html,2026-01-05,"['公园', '河南', '2025', '文化', '演出', '有戏', '文龙', '观众', '演艺', '广场']","冬阳暖照，笛声悠扬。在河南郑州紫荆山公园，河南民族乐团首席笛箫演奏员于文龙支起话筒，横吹竹笛，欢快旋律很快引来市民围观——身后，乐队伴奏声声入耳；眼前，市民掌声响成一片。
“观众在哪里，舞台就在哪里。离观众更近，才能让大家看到专业水准。”于文龙认为，文艺离不开大众。2025年，乐团所属的河南歌舞演艺集团组织“舞台艺术送基层”活动演出100场，公园成了于文龙爱去的地方。
华灯初上，漯河市梨园春公园又是另一番热闹景象。下沉广场搭起简易戏台。台上，郾城区曲剧团原团长杜香花粉裙轻摆，莲步慢移，一段《桃花庵》唱得婉转细腻。",政治
坚持文化惠民,"“十五五”规划建议提出，坚持文化惠民，实施公共文化服务提质增效行动。提质增效是公共文化服务高质量发展的必然要求。“提质”，重点要解决“好不好”的问题；“增效”，则要提升服务的覆盖面、可及性、满意度。
进一步推广“订单式”“预约式”服务，推动优质文化资源直达基层；通过对接主流通用大模型和专业大模型，助力公共数字文化服务智慧化转型升级；健全社会力量参与公共文化服务机制，完善社会化运营管理承接主体的遴选和退出机制，形成开放性与专业性相结合的格局。
——北京大学国家现代公共文化研究中心教授  李国新","# 坚持文化惠民

> 《人民日报》（2026年01月05日第 13 版）

“十五五”规划建议提出，坚持文化惠民，实施公共文化服务提质增效行动。提质增效是公共文化服务高质量发展的必然要求。“提质”，重点要解决“好不好”的问题；“增效”，则要提升服务的覆盖面、可及性、满意度。

进一步推广“订单式”“预约式”服务，推动优质文化资源直达基层；通过对接主流通用大模型和专业大模型，助力公共数字文化服务智慧化转型升级；健全社会力量参与公共文化服务机制，完善社会化运营管理承接主体的遴选和退出机制，形成开放性与专业性相结合的格局。

——北京大学国家现代公共文化研究中心教授  李国新",,文化,https://paper.people.com.cn/rmrb/pc/content/202601/05/content_30129270.html,2026-01-05,"['文化', '提质', '公共', '增效', '服务', '惠民', '模型', '订单式', '机制', '可及']","“十五五”规划建议提出，坚持文化惠民，实施公共文化服务提质增效行动。提质增效是公共文化服务高质量发展的必然要求。“提质”，重点要解决“好不好”的问题；“增效”，则要提升服务的覆盖面、可及性、满意度。
进一步推广“订单式”“预约式”服务，推动优质文化资源直达基层；通过对接主流通用大模型和专业大模型，助力公共数字文化服务智慧化转型升级；健全社会力量参与公共文化服务机制，完善社会化运营管理承接主体的遴选和退出机制，形成开放性与专业性相结合的格局。
——北京大学国家现代公共文化研究中心教授  李国新",政治
扮靓我们的文艺百花园（快评）,"人民需要艺术，艺术也需要人民。当艺术家将舞台从聚光灯下挪到公园、广场，为基层观众带来优质文化资源，自身也在汲取艺术营养。
近年来，人民群众的精神文化生活需求日益增长，文艺工作者如何融入大众生活，让优质文化资源更好地直达基层？公园一角的火热互动，既是优秀文艺作品拓宽传播渠道的生动缩影，也是文化资源从“单一供给”转变为“多元供给”“交互供给”的有效探索。
舞台与生活融为一体，专业艺术家与观众彼此滋养的背后，是新大众文艺洋溢的勃勃生机。大众热爱、大众参与、大众共创，在媒介高度融合的背景下，文艺创作传播的范式革新，将持续扮靓我们的文艺百花园，不断激发文化创新创造活力。
（作者为上海社会科学院研究员）","# 扮靓我们的文艺百花园（快评）

> 巫志南《人民日报》（2026年01月05日第 13 版）

人民需要艺术，艺术也需要人民。当艺术家将舞台从聚光灯下挪到公园、广场，为基层观众带来优质文化资源，自身也在汲取艺术营养。

近年来，人民群众的精神文化生活需求日益增长，文艺工作者如何融入大众生活，让优质文化资源更好地直达基层？公园一角的火热互动，既是优秀文艺作品拓宽传播渠道的生动缩影，也是文化资源从“单一供给”转变为“多元供给”“交互供给”的有效探索。

舞台与生活融为一体，专业艺术家与观众彼此滋养的背后，是新大众文艺洋溢的勃勃生机。大众热爱、大众参与、大众共创，在媒介高度融合的背景下，文艺创作传播的范式革新，将持续扮靓我们的文艺百花园，不断激发文化创新创造活力。

（作者为上海社会科学院研究员）",巫志南,文化,https://paper.people.com.cn/rmrb/pc/content/202601/05/content_30129271.html,2026-01-05,"['大众', '百花园', '文化', '扮靓', '文艺', '供给', '艺术', '资源', '艺术家', '人民']","人民需要艺术，艺术也需要人民。当艺术家将舞台从聚光灯下挪到公园、广场，为基层观众带来优质文化资源，自身也在汲取艺术营养。
近年来，人民群众的精神文化生活需求日益增长，文艺工作者如何融入大众生活，让优质文化资源更好地直达基层？公园一角的火热互动，既是优秀文艺作品拓宽传播渠道的生动缩影，也是文化资源从“单一供给”转变为“多元供给”“交互供给”的有效探索。
舞台与生活融为一体，专业艺术家与观众彼此滋养的背后，是新大众文艺洋溢的勃勃生机。大众热爱、大众参与、大众共创，在媒介高度融合的背景下，文艺创作传播的范式革新，将持续扮靓我们的文艺百花园，不断激发文化创新创造活力。",社会
莫让算法替代成长（新语）,"刚刚过去的跨年夜，许多人在烟花和演唱会之外，选择观看一场关于未来的知识演讲——从“时间的朋友”跨年演讲聚焦“1000天后的世界”，到“北大科学yeah”谈论“数智浪潮中的人文学”等，“AI”不约而同成为高频词。
共同的关注，反映时代变迁的深处。人工智能的浪潮正重塑万物，人的不可替代性何在？面向未来，尤其是正在成长的下一代青少年，该如何自处与前行？
AI精于“算力”，人类贵在“心力”。前不久，174名北大学子与全球顶尖AI模型同场答题，结果耐人寻味。GPT、Gemini、DeepSeek……这些汇聚了海量知识的“最强大脑”，成绩仅与低年级本科生的平均水平相当。应当看到，在复现与推演“已知”领域，AI已是高效的工具；但在需要洞见、联想与理解世界的“未知”前沿，人类的智慧依然无法被替代。
莫让“千变万化”的算法，替代“独一无二”的成长。人工智能的进化，基于对海量“共性”模式的学习。然而面向未来的教育，越是标准化、可预测的能力，越容易被高效替代。《教育强国建设规划纲要（2024—2035年）》提出，“探索数字赋能大规模因材施教、创新性教学的有效途径，主动适应学习方式变革。”人工智能与数字化赋能教育，推进教与学的转型，成为打开新知的“钥匙”，为个性化、大规模因材施教提供底层技术支撑。
回到教育现场。一方面，理想与现实仍有温差。有报告显示，超过七成的AI教育应用集中在智能阅卷、个性题库和口语测评等与“提分”直接相关的环节。另一方面，我们也欣喜地看到，在甘肃山区，支教老师用AI为每个孩子定制试卷；在上海的中学课堂，学生们将传统香囊制作与AI动画相结合，让静态香囊“动起来”。从寻求标准答案，转向注重“提出问题、设计方案、验证猜想”的探索过程，AI时代的教育，应当托举起每个孩子与众不同的好奇心、想象力和内在思辨能力。
值得注意的是，技术越是狂飙突进，越要珍视教育培根铸魂的初心使命。此前，儿童智能手表的AI功能出现“毁三观”回答令人警惕。AI作用于人的同时，我们也要对AI进行“终身教育”。我们担忧AI因数据污染而“偏执”、因信息陈旧而“衰老”，更应警惕用固定的思维模板去窄化年轻心灵本应有的蓬勃与鲜活、去放弃怀抱世界的无限广阔。
得到APP创始人罗振宇在跨年演讲中提到，“AI的本质，或许不是排挤人、替代人，而是往上托举人。”托举的终点，不应指向一个更高效的“工具人”，而应是自在穿行于数字世界，却永葆鲜活的心智，终身学习持续精进、精神健全情感丰富的人。未来已来，一个更具创造力的世界，正呼唤并孕育着这样的下一代。","# 莫让算法替代成长（新语）

> 陈圆圆《人民日报》（2026年01月05日第 13 版）

刚刚过去的跨年夜，许多人在烟花和演唱会之外，选择观看一场关于未来的知识演讲——从“时间的朋友”跨年演讲聚焦“1000天后的世界”，到“北大科学yeah”谈论“数智浪潮中的人文学”等，“AI”不约而同成为高频词。

共同的关注，反映时代变迁的深处。人工智能的浪潮正重塑万物，人的不可替代性何在？面向未来，尤其是正在成长的下一代青少年，该如何自处与前行？

AI精于“算力”，人类贵在“心力”。前不久，174名北大学子与全球顶尖AI模型同场答题，结果耐人寻味。GPT、Gemini、DeepSeek……这些汇聚了海量知识的“最强大脑”，成绩仅与低年级本科生的平均水平相当。应当看到，在复现与推演“已知”领域，AI已是高效的工具；但在需要洞见、联想与理解世界的“未知”前沿，人类的智慧依然无法被替代。

莫让“千变万化”的算法，替代“独一无二”的成长。人工智能的进化，基于对海量“共性”模式的学习。然而面向未来的教育，越是标准化、可预测的能力，越容易被高效替代。《教育强国建设规划纲要（2024—2035年）》提出，“探索数字赋能大规模因材施教、创新性教学的有效途径，主动适应学习方式变革。”人工智能与数字化赋能教育，推进教与学的转型，成为打开新知的“钥匙”，为个性化、大规模因材施教提供底层技术支撑。

回到教育现场。一方面，理想与现实仍有温差。有报告显示，超过七成的AI教育应用集中在智能阅卷、个性题库和口语测评等与“提分”直接相关的环节。另一方面，我们也欣喜地看到，在甘肃山区，支教老师用AI为每个孩子定制试卷；在上海的中学课堂，学生们将传统香囊制作与AI动画相结合，让静态香囊“动起来”。从寻求标准答案，转向注重“提出问题、设计方案、验证猜想”的探索过程，AI时代的教育，应当托举起每个孩子与众不同的好奇心、想象力和内在思辨能力。

值得注意的是，技术越是狂飙突进，越要珍视教育培根铸魂的初心使命。此前，儿童智能手表的AI功能出现“毁三观”回答令人警惕。AI作用于人的同时，我们也要对AI进行“终身教育”。我们担忧AI因数据污染而“偏执”、因信息陈旧而“衰老”，更应警惕用固定的思维模板去窄化年轻心灵本应有的蓬勃与鲜活、去放弃怀抱世界的无限广阔。

得到APP创始人罗振宇在跨年演讲中提到，“AI的本质，或许不是排挤人、替代人，而是往上托举人。”托举的终点，不应指向一个更高效的“工具人”，而应是自在穿行于数字世界，却永葆鲜活的心智，终身学习持续精进、精神健全情感丰富的人。未来已来，一个更具创造力的世界，正呼唤并孕育着这样的下一代。",陈圆圆,文化,https://paper.people.com.cn/rmrb/pc/content/202601/05/content_30129272.html,2026-01-05,"['AI', '教育', '替代', '人工智能', '演讲', '赋能', '高效', '莫让', '因材施教', '世界']","刚刚过去的跨年夜，许多人在烟花和演唱会之外，选择观看一场关于未来的知识演讲——从“时间的朋友”跨年演讲聚焦“1000天后的世界”，到“北大科学yeah”谈论“数智浪潮中的人文学”等，“AI”不约而同成为高频词。
共同的关注，反映时代变迁的深处。人工智能的浪潮正重塑万物，人的不可替代性何在？面向未来，尤其是正在成长的下一代青少年，该如何自处与前行？
AI精于“算力”，人类贵在“心力”。前不久，174名北大学子与全球顶尖AI模型同场答题，结果耐人寻味。GPT、Gemini、DeepSeek……这些汇聚了海量知识的“最强大脑”，成绩仅与低年级本科生的平均水平相当。应当看到，在复现与推演“已知”领域，AI已是高效的工具；但在需要洞见、联想与理解世界的“未知”前沿，人类的智慧依然无法被替代。",社会
岁末年初，多地赛事活动为发展赋能、为生活添彩,"岁末年初，多地开展赛事活动，文旅市场人气火爆，掀起消费热潮。本报记者走访北京、河北、浙江、云南等地，探访“体育+”如何为地方发展赋能、为群众生活添彩。
——编  者
CBA新年首个比赛日激情四射
一张票根搭载多项优惠
本报记者  范佳元
1月1日晚，北京首钢冰球馆内人声鼎沸，北京队与广东队迎来CBA（中国男子篮球职业联赛）新年首个比赛日。球迷挥舞围巾、高声呐喊，拉开了激情的新年篇章。
看台上，从山东专程赶来的球迷刘女士十分激动，赛前她在球馆门口获得了广东队球员胡明轩的签名。她笑着说：“一张球票不仅能看比赛，还能在首钢园吃喝玩乐享优惠，这趟来得很划算。”
一张球票，正是首钢园元旦假期打造“赛事+消费”新场景的突破口。北京首钢篮球俱乐部联合园区70余家商户推出票根经济活动，球迷凭票根可享受餐饮、住宿、文创产品等优惠。
在北京篮球70周年主题快闪店，球迷们挤在展柜前挑选限量球衣和徽章盲盒。首钢体育商务运营事业部部长刘子伟介绍，元旦假期，冰球馆环廊内整体业态消费额达到14万元，其中球队周边衍生品消费额超10万元。
赛场外的首钢园同样热闹。冬奥场馆“雪飞天”变身冰雪乐园，从无动力玩雪区、雪地小火车、儿童雪地挖宝区到登雪山、雪山岩降及直滑道等10多个项目，小朋友和成年游客都可以享受冰雪乐趣。刘子伟介绍，“雪飞天”冰雪季开场已售票5000余张，深受市民游客喜爱。
借赛事东风，各种业态迎来客流高峰。园区老山咖啡店的服务员一边打包一边说：“我是临时从其他分店调过来帮忙的，今天是比赛日加假期，销售量可观。”旁边的酒店也是客满状态。
以赛事为媒，首钢园通过“篮球+冰雪+文旅”激活假日经济。数据显示，元旦赛事期间，首钢园客流同比提升20%。刘子伟表示，未来将继续深化“赛事引流、消费跟进”模式，打造更多体育消费新场景。
多项赛事活动落地崇礼
一座小城掀起冰雪热潮
本报记者  季  芳
2025—2026雪季，国际雪联世界杯系列赛、高山滑雪远东杯等11项国际赛事、20余项国家级赛事密集落地河北崇礼，这座冬奥小城再度掀起冰雪热潮。雪季启幕至今，崇礼累计接待游客超80万人次，“冷资源”持续释放“热效应”。
近日，国际雪联自由式滑雪U型场地世界杯云顶站举行。看到谷爱凌夺冠，北京观众胡亚辉激动不已。这已经是他这个雪季第三次打卡崇礼，“高铁1个多小时就到了，还能托运雪具，周末来滑雪、看比赛非常方便。”来自广西的林女士在观赛之余，还同家人参加了滑雪课程。她表示：“孩子们对滑雪很有兴趣，这里雪道多，装备选择也多，服务很专业。”
赛事聚人气，冰雪热持续升温。据统计，赛事举办期间，崇礼游客量较平日增幅明显，其中，云顶滑雪公园单日客流量突破8000人次，张家口冬奥村客房入住率近八成，雪场及周边住宿餐饮、休闲娱乐等消费均有明显增加。
富龙滑雪场滑雪教练王安表示，到雪场“观赛+度假”成为时尚，“南方游客能停留三四天，甚至更长。”
崇礼各滑雪场在设施升级、服务优化等方面持续发力。太舞滑雪小镇的“小驴乐园”成为亲子游热门打卡地；富龙滑雪场为初学者提供“首滑专属服务”并升级地形公园；雪如意滑雪场雪道增加到24条，并推出“滑雪+研学”服务；万龙滑雪场不仅修整多条雪道，还为高阶选手打造多处野雪场地。
“一张滑雪票串联起体育运动、餐饮、交通、住宿等消费，点燃冬日出游热情。”太舞滑雪小镇品牌总监任晓强说。
除了举办专业赛事外，崇礼各雪场还结合元旦等节点，推出更多体现当地特色的创意活动。
崇礼区文旅部门负责人表示，崇礼将继续推动冰雪运动与康养旅居、研学旅游、文化展演等产业深度融合，进一步擦亮“去崇礼滑雪”的名片，提升消费者体验，将冬奥带来的“高光时刻”转化为小城发展的“持续动力”。
全国新年登高健身大会已举办30多年
一场活动办成元旦保留“节目”
本报记者  王  亮
1月1日，2026年全国新年登高健身大会主会场活动在浙江江山、山东泰安同步举行。北京居庸关、黑龙江海林、安徽马鞍山等400多个分会场也同期开展活动，人们以登高望远的方式迎接新年。
全国新年登高健身大会始于1996年，如今已成为庆祝元旦的重要标志性体育活动。
在江山江郎山景区，1万余名登山爱好者分批次出发，登上开明禅寺、登天坪、问天亭等景点，寓意“新年登高步步高”。体操奥运冠军管晨辰、攀岩世界冠军伍鹏、国家攀岩队速度组主教练钟齐鑫等与群众一同登高祈福。“尽管当天有降雨，但现场氛围非常热烈，大家精神饱满。”伍鹏说。
泰山风景名胜区作为北方主会场，吸引了近2万名登山者参与。人们从红门广场分时段出发，经万仙楼、中天门、南天门抵达玉皇顶，并在沿途“身体健康”“家庭幸福”等主题打卡点拍照留念。在玉皇顶，数百人齐声喊出“繁荣昌盛，国泰民安”，抒发家国情怀。十五运会男子太极拳太极剑全能冠军刘德文现场宣读《全民健身倡议书》，倡导公众在新的一年强身健体、积极锻炼。
“体育+”活动精彩纷呈。第十一次承办该活动的江山市首次推出江郎山体育嘉年华，涵盖运动装备展、羽毛球制造工艺展示等内容，并融入无人机足球、机器人街舞等元素；同时举办美食市集、体育旅游消费周，拉长消费链条，推动全民健身与体育消费升级深度融合。而在泰山脚下，“泰山非遗文化体验区”成为一大看点，参与者可近距离观赏并体验泰山皮影、葫芦雕刻、泰山拓片等非遗项目，感受传统文化魅力。
“每年新年我都会登山，今年特意带家人从上海赶来江山。”登山爱好者周新民一边打卡拍照，一边分享喜悦。来自杭州的周女士表示：“登完山还能逛嘉年华，感觉假期充实而有意义。”
中国怒江皮划艇野水亚洲锦标赛聚人气
一项赛事“长”成地方发展优势
本报记者  杨文明
挥桨斩浪、竞速险滩。2025年12月20日至22日，“中国交建杯”2025中国怒江皮划艇野水亚洲锦标赛暨国际公开赛在云南省怒江傈僳族自治州泸水市成功举办。办赛多年，怒江皮划艇野水公开赛已从单一体育赛事发展为文体旅融合项目，成为怒江州的重要名片。
本届赛事吸引了43名海外运动员和75名国内选手参赛，并设立大众组。“冬天的怒江水清、气温适宜，非常适合开展皮划艇运动。”大众组选手赵将表示。
尽管项目小众，但影响力持续扩大，更多人感受到怒江的自然之美与赛事激情。黑龙江游客贺玥首次近距离观看野水赛事，怒江的温暖气候与澎湃赛事令她印象深刻。
本届赛事与怒江傈僳阔时文化节同期，实现赛事活动与民族节庆深度融合。“赛场成为展示怒江风貌的窗口。”怒江州文化和旅游局局长茶凌云表示，体育赛事丰富了旅游内涵，延长了游客停留时间，放大了“以赛促旅、以节兴旅”的带动效应。
怒江州还组织了少数民族射弩锦标赛、滑翔伞表演、首届溜索挑战赛等活动，展现了怒江的独特魅力。同时，州文旅局、商务局联合推出“怒江游礼”“畅享阔时”等专项消费券，有效激发消费热情，拉动住宿、餐饮、购物等多元消费。据统计，赛事期间怒江接待游客超21万人次，旅游总花费超2亿元。
怒江锚定“小众、精品、特色、高端”定位，吸引了不少人“跟着赛事游怒江”。怒江充分发挥资源优势，将体育设施建设纳入旅游发展与乡村全面振兴规划。","# 岁末年初，多地赛事活动为发展赋能、为生活添彩

> 《人民日报》（2026年01月05日第 14 版）

岁末年初，多地开展赛事活动，文旅市场人气火爆，掀起消费热潮。本报记者走访北京、河北、浙江、云南等地，探访“体育+”如何为地方发展赋能、为群众生活添彩。

——编  者

CBA新年首个比赛日激情四射

一张票根搭载多项优惠

本报记者  范佳元

1月1日晚，北京首钢冰球馆内人声鼎沸，北京队与广东队迎来CBA（中国男子篮球职业联赛）新年首个比赛日。球迷挥舞围巾、高声呐喊，拉开了激情的新年篇章。

看台上，从山东专程赶来的球迷刘女士十分激动，赛前她在球馆门口获得了广东队球员胡明轩的签名。她笑着说：“一张球票不仅能看比赛，还能在首钢园吃喝玩乐享优惠，这趟来得很划算。”

一张球票，正是首钢园元旦假期打造“赛事+消费”新场景的突破口。北京首钢篮球俱乐部联合园区70余家商户推出票根经济活动，球迷凭票根可享受餐饮、住宿、文创产品等优惠。

在北京篮球70周年主题快闪店，球迷们挤在展柜前挑选限量球衣和徽章盲盒。首钢体育商务运营事业部部长刘子伟介绍，元旦假期，冰球馆环廊内整体业态消费额达到14万元，其中球队周边衍生品消费额超10万元。

赛场外的首钢园同样热闹。冬奥场馆“雪飞天”变身冰雪乐园，从无动力玩雪区、雪地小火车、儿童雪地挖宝区到登雪山、雪山岩降及直滑道等10多个项目，小朋友和成年游客都可以享受冰雪乐趣。刘子伟介绍，“雪飞天”冰雪季开场已售票5000余张，深受市民游客喜爱。

借赛事东风，各种业态迎来客流高峰。园区老山咖啡店的服务员一边打包一边说：“我是临时从其他分店调过来帮忙的，今天是比赛日加假期，销售量可观。”旁边的酒店也是客满状态。

以赛事为媒，首钢园通过“篮球+冰雪+文旅”激活假日经济。数据显示，元旦赛事期间，首钢园客流同比提升20%。刘子伟表示，未来将继续深化“赛事引流、消费跟进”模式，打造更多体育消费新场景。

多项赛事活动落地崇礼

一座小城掀起冰雪热潮

本报记者  季  芳

2025—2026雪季，国际雪联世界杯系列赛、高山滑雪远东杯等11项国际赛事、20余项国家级赛事密集落地河北崇礼，这座冬奥小城再度掀起冰雪热潮。雪季启幕至今，崇礼累计接待游客超80万人次，“冷资源”持续释放“热效应”。

近日，国际雪联自由式滑雪U型场地世界杯云顶站举行。看到谷爱凌夺冠，北京观众胡亚辉激动不已。这已经是他这个雪季第三次打卡崇礼，“高铁1个多小时就到了，还能托运雪具，周末来滑雪、看比赛非常方便。”来自广西的林女士在观赛之余，还同家人参加了滑雪课程。她表示：“孩子们对滑雪很有兴趣，这里雪道多，装备选择也多，服务很专业。”

赛事聚人气，冰雪热持续升温。据统计，赛事举办期间，崇礼游客量较平日增幅明显，其中，云顶滑雪公园单日客流量突破8000人次，张家口冬奥村客房入住率近八成，雪场及周边住宿餐饮、休闲娱乐等消费均有明显增加。

富龙滑雪场滑雪教练王安表示，到雪场“观赛+度假”成为时尚，“南方游客能停留三四天，甚至更长。”

崇礼各滑雪场在设施升级、服务优化等方面持续发力。太舞滑雪小镇的“小驴乐园”成为亲子游热门打卡地；富龙滑雪场为初学者提供“首滑专属服务”并升级地形公园；雪如意滑雪场雪道增加到24条，并推出“滑雪+研学”服务；万龙滑雪场不仅修整多条雪道，还为高阶选手打造多处野雪场地。

“一张滑雪票串联起体育运动、餐饮、交通、住宿等消费，点燃冬日出游热情。”太舞滑雪小镇品牌总监任晓强说。

除了举办专业赛事外，崇礼各雪场还结合元旦等节点，推出更多体现当地特色的创意活动。

崇礼区文旅部门负责人表示，崇礼将继续推动冰雪运动与康养旅居、研学旅游、文化展演等产业深度融合，进一步擦亮“去崇礼滑雪”的名片，提升消费者体验，将冬奥带来的“高光时刻”转化为小城发展的“持续动力”。

全国新年登高健身大会已举办30多年

一场活动办成元旦保留“节目”

本报记者  王  亮

1月1日，2026年全国新年登高健身大会主会场活动在浙江江山、山东泰安同步举行。北京居庸关、黑龙江海林、安徽马鞍山等400多个分会场也同期开展活动，人们以登高望远的方式迎接新年。

全国新年登高健身大会始于1996年，如今已成为庆祝元旦的重要标志性体育活动。

在江山江郎山景区，1万余名登山爱好者分批次出发，登上开明禅寺、登天坪、问天亭等景点，寓意“新年登高步步高”。体操奥运冠军管晨辰、攀岩世界冠军伍鹏、国家攀岩队速度组主教练钟齐鑫等与群众一同登高祈福。“尽管当天有降雨，但现场氛围非常热烈，大家精神饱满。”伍鹏说。

泰山风景名胜区作为北方主会场，吸引了近2万名登山者参与。人们从红门广场分时段出发，经万仙楼、中天门、南天门抵达玉皇顶，并在沿途“身体健康”“家庭幸福”等主题打卡点拍照留念。在玉皇顶，数百人齐声喊出“繁荣昌盛，国泰民安”，抒发家国情怀。十五运会男子太极拳太极剑全能冠军刘德文现场宣读《全民健身倡议书》，倡导公众在新的一年强身健体、积极锻炼。

“体育+”活动精彩纷呈。第十一次承办该活动的江山市首次推出江郎山体育嘉年华，涵盖运动装备展、羽毛球制造工艺展示等内容，并融入无人机足球、机器人街舞等元素；同时举办美食市集、体育旅游消费周，拉长消费链条，推动全民健身与体育消费升级深度融合。而在泰山脚下，“泰山非遗文化体验区”成为一大看点，参与者可近距离观赏并体验泰山皮影、葫芦雕刻、泰山拓片等非遗项目，感受传统文化魅力。

“每年新年我都会登山，今年特意带家人从上海赶来江山。”登山爱好者周新民一边打卡拍照，一边分享喜悦。来自杭州的周女士表示：“登完山还能逛嘉年华，感觉假期充实而有意义。”

中国怒江皮划艇野水亚洲锦标赛聚人气

一项赛事“长”成地方发展优势

本报记者  杨文明

挥桨斩浪、竞速险滩。2025年12月20日至22日，“中国交建杯”2025中国怒江皮划艇野水亚洲锦标赛暨国际公开赛在云南省怒江傈僳族自治州泸水市成功举办。办赛多年，怒江皮划艇野水公开赛已从单一体育赛事发展为文体旅融合项目，成为怒江州的重要名片。

本届赛事吸引了43名海外运动员和75名国内选手参赛，并设立大众组。“冬天的怒江水清、气温适宜，非常适合开展皮划艇运动。”大众组选手赵将表示。

尽管项目小众，但影响力持续扩大，更多人感受到怒江的自然之美与赛事激情。黑龙江游客贺玥首次近距离观看野水赛事，怒江的温暖气候与澎湃赛事令她印象深刻。

本届赛事与怒江傈僳阔时文化节同期，实现赛事活动与民族节庆深度融合。“赛场成为展示怒江风貌的窗口。”怒江州文化和旅游局局长茶凌云表示，体育赛事丰富了旅游内涵，延长了游客停留时间，放大了“以赛促旅、以节兴旅”的带动效应。

怒江州还组织了少数民族射弩锦标赛、滑翔伞表演、首届溜索挑战赛等活动，展现了怒江的独特魅力。同时，州文旅局、商务局联合推出“怒江游礼”“畅享阔时”等专项消费券，有效激发消费热情，拉动住宿、餐饮、购物等多元消费。据统计，赛事期间怒江接待游客超21万人次，旅游总花费超2亿元。

怒江锚定“小众、精品、特色、高端”定位，吸引了不少人“跟着赛事游怒江”。怒江充分发挥资源优势，将体育设施建设纳入旅游发展与乡村全面振兴规划。",,体育,https://paper.people.com.cn/rmrb/pc/content/202601/05/content_30129275.html,2026-01-05,"['赛事', '怒江', '崇礼', '滑雪', '新年', '首钢', '冰雪', '消费', '体育', '活动']","岁末年初，多地开展赛事活动，文旅市场人气火爆，掀起消费热潮。本报记者走访北京、河北、浙江、云南等地，探访“体育+”如何为地方发展赋能、为群众生活添彩。
——编  者
CBA新年首个比赛日激情四射",政治
杭州高新区（滨江）  争当高质量发展建设共同富裕示范区排头兵,"2025年是浙江省高质量发展建设共同富裕示范区取得明显实质性进展的重要一年。作为浙江省数字经济强区、制造业高质量发展强区，杭州高新区（滨江）以创新为翼、以民生为基、以文化为核，在浙江省高质量发展建设共同富裕示范区征程中奋楫争先，铺展出一幅“产城人”和谐共生的现代图景。
实现产业跃升
筑牢共同富裕物质基础
杭州高新区（滨江）坚持科技创新与产业升级双轮驱动，构建现代化产业体系，为实现共同富裕夯实物质基础。全区系统布局，巩固壮大人工智能、视觉智能等优势产业，提速发展具身智能机器人、集成电路等新兴产业，前瞻培育量子技术、低空经济等未来产业，部署科技创新“强基攻坚”、产业集群“聚势跃升”等五大重点任务，打造从技术攻关到产业生态的全链条支撑体系，培育发展新质生产力。
人工智能产业创新高地建设全面提速。杭州高新区（滨江）将人工智能确立为发展新质生产力的主要方向，对人工智能产业进行系统部署，并高规格举办杭州高新区（滨江）人工智能产业创新高地建设推进大会，配套发布“数据—算力—模型”一体化专项扶持政策，每年安排最高1亿元“算力券”、5000万元“语料券”，对企业数据基础设施使用、模型开源生态建设等给予最高60%、单项最高2000万元的补助，有效降低企业创新成本。2024年，全区人工智能核心产业营收突破2000亿元，占杭州的四成以上，形成从技术突破到场景应用的完整生态链。
未来产业策源地成果加速涌现。国际零磁科学谷作为杭州江南科学城创新的主要载体，按“2年拉开框架，3年基本成形，5年初显规模，9年总体建成”规划推进，构建环大科学装置创新生态圈。零磁医疗设备生产基地实现“拿地不到60天即开工”，并采用“分期建设、先行投用”机制，加速技术规模化生产。浦乐实业西侧地块等项目同步推进，打造国际领先的芯片化量子传感器研发平台。按照规划，到2028年，国际零磁科学谷将集聚不少于5个创新平台、超1000名人才，培育10个以上未来产业项目，为打造千亿级产业奠定坚实基础。
人才引育机制持续完善。杭州高新区（滨江）坚持人才战略与产业发展相结合，探索“高校+平台+企业+产业链”结对合作机制，迭代升级人才创业支持政策“5050政策”，出台“1+5+20”人才新政和“天堂硅谷”分类人才目录，激发企业引才育才主动性，为产业创新提供人才支撑。
区域协同拓宽发展空间。加快杭州高新区（滨江）富阳特别合作区（简称“滨富特别合作区”）、杭州高新区（滨江）萧山特别合作区（简称“滨萧特别合作区”）建设，打造滨富特别合作区“集成电路”、滨萧特别合作区“视觉智能”先进产业集群生态，并持续深化推进与温州市泰顺县的“山海协作”，推动区域协调发展与产业协同共进。
聚焦民生福祉
托起“一老一小一青年”幸福生活
促进共同富裕与促进人的全面发展是高度统一的。杭州高新区（滨江）以“高精度服务”与“全周期人文关怀”为导向，着力解决租房、养老、婚恋、医疗等民生“关键小事”，构建产城人文深度融合的发展范式。
在“一老”关爱方面，创新推出多元化养老服务。“银龄电竞队”丰富老年人数字生活，“老年日托班”提供家门口照料服务，“多代同楼”新型居住模式促进代际融合，打造邻里互助式居家养老样板。一系列有温度、有力度的创新举措，托起老年人“朝夕美好”。
在“一小”服务方面，着力打造优质教育生态。建成全国首条可亲子陪伴上下学的特殊教育智慧专线“云仔专线”，“就便入学”服务覆盖11所中小学和19所幼儿园，14个数字教育项目入选全国智慧教育优秀案例。杭州高新区（滨江）以优质教育资源吸引和留住人才，为区域发展注入教育动能。
针对青年群体需求，集成推出“青年发展二十条”政策，围绕就业创业、人才培育、安居保障、文体生活等领域形成政策“组合拳”。聚焦创新、安居、健康、婚恋、育儿五大方向，明确年度十大青年实事项目，提供最长7天免费住宿、最高3000万元创业支持等政策红利，推动产业发展、城市建设与青年需求深度融合，实现青年与城市共同成长。
推动文化赋能
构筑精神共富多元场景
物质富裕之上，更需精神丰盈。杭州高新区（滨江）以文化融合为主线，构建“1+2+N”发展框架，落地“文化之滨”40条政策，建设“15分钟品质文化生活圈”，推动文化基因融入城市肌理，描绘精神共富新图景。
坚持“文化+科技”融合发展路径。自2004年获批首批国家动画产业基地以来，全区持续推动动漫、游戏、影视、设计等数字内容产业蓬勃发展。区内企业在算力技术、AI游戏、动画渲染等领域实现突破，多项技术与产品处于行业领先水平，形成文化与科技相互赋能的发展格局。
文化“新三样”出海成效显著。电视剧《藏海传》深度融合榫卯、昆曲等非遗元素，登陆190个国家和地区，登顶海外23国榜单。游戏《燕云十六声》还原中华武学与非遗技艺，海外版本上线首日玩家突破1500万，登上Steam游戏平台全球畅销榜Top2。这些作品通过科技赋能与情感共鸣，实现中华文化从“走出去”到“走进去”的跨越，展现“滨江创造”在全球文化叙事中的实力。
公共文化服务体系持续完善。西兴街道滨和社区围绕青年人才需求，打造“日日有活动、周周有主题”的文化氛围，“滨糖节”“淡人运动月”等活动品牌广受好评。浦沿街道彩虹社区科学布局文化家园、文明实践站、老年食堂、婴幼儿成长驿站等多元场景，精准匹配全龄段居民需求。
文旅与城市发展深度融合。杭州奥体中心景区推动“文旅体商”融合发展，聚焦亚运遗产活化、文旅创新和全民健身，打造集体育竞技、文化展演、购物娱乐于一体的综合性景区，实现从国际赛事场馆向城市活力中心的成功转型。滨江星光大道在第十四届杭州当代戏剧季期间化身“未来游园会”，跨界乐队、默剧皮影、非遗滚灯等项目丰富城市生活空间。和“滨滨”一起“樱花跑”、中国国际动漫节等品牌活动持续举办，进一步丰富文旅业态，为市民游客提供高品质的文化旅游体验。
站在新起点，杭州高新区（滨江）将持续推动“八八战略”走深走实，高水平“建设天堂硅谷、打造硅谷天堂”，向着建设世界领先科技园区的奋斗目标勇毅前行，以排头兵的姿态，为浙江省高质量发展建设共同富裕示范区增色添彩。
数据来源：中共杭州市滨江区委宣传部","# 杭州高新区（滨江）  争当高质量发展建设共同富裕示范区排头兵

> 《人民日报》（2026年01月05日第 16 版）

2025年是浙江省高质量发展建设共同富裕示范区取得明显实质性进展的重要一年。作为浙江省数字经济强区、制造业高质量发展强区，杭州高新区（滨江）以创新为翼、以民生为基、以文化为核，在浙江省高质量发展建设共同富裕示范区征程中奋楫争先，铺展出一幅“产城人”和谐共生的现代图景。

实现产业跃升

筑牢共同富裕物质基础

杭州高新区（滨江）坚持科技创新与产业升级双轮驱动，构建现代化产业体系，为实现共同富裕夯实物质基础。全区系统布局，巩固壮大人工智能、视觉智能等优势产业，提速发展具身智能机器人、集成电路等新兴产业，前瞻培育量子技术、低空经济等未来产业，部署科技创新“强基攻坚”、产业集群“聚势跃升”等五大重点任务，打造从技术攻关到产业生态的全链条支撑体系，培育发展新质生产力。

人工智能产业创新高地建设全面提速。杭州高新区（滨江）将人工智能确立为发展新质生产力的主要方向，对人工智能产业进行系统部署，并高规格举办杭州高新区（滨江）人工智能产业创新高地建设推进大会，配套发布“数据—算力—模型”一体化专项扶持政策，每年安排最高1亿元“算力券”、5000万元“语料券”，对企业数据基础设施使用、模型开源生态建设等给予最高60%、单项最高2000万元的补助，有效降低企业创新成本。2024年，全区人工智能核心产业营收突破2000亿元，占杭州的四成以上，形成从技术突破到场景应用的完整生态链。

未来产业策源地成果加速涌现。国际零磁科学谷作为杭州江南科学城创新的主要载体，按“2年拉开框架，3年基本成形，5年初显规模，9年总体建成”规划推进，构建环大科学装置创新生态圈。零磁医疗设备生产基地实现“拿地不到60天即开工”，并采用“分期建设、先行投用”机制，加速技术规模化生产。浦乐实业西侧地块等项目同步推进，打造国际领先的芯片化量子传感器研发平台。按照规划，到2028年，国际零磁科学谷将集聚不少于5个创新平台、超1000名人才，培育10个以上未来产业项目，为打造千亿级产业奠定坚实基础。

人才引育机制持续完善。杭州高新区（滨江）坚持人才战略与产业发展相结合，探索“高校+平台+企业+产业链”结对合作机制，迭代升级人才创业支持政策“5050政策”，出台“1+5+20”人才新政和“天堂硅谷”分类人才目录，激发企业引才育才主动性，为产业创新提供人才支撑。

区域协同拓宽发展空间。加快杭州高新区（滨江）富阳特别合作区（简称“滨富特别合作区”）、杭州高新区（滨江）萧山特别合作区（简称“滨萧特别合作区”）建设，打造滨富特别合作区“集成电路”、滨萧特别合作区“视觉智能”先进产业集群生态，并持续深化推进与温州市泰顺县的“山海协作”，推动区域协调发展与产业协同共进。

聚焦民生福祉

托起“一老一小一青年”幸福生活

促进共同富裕与促进人的全面发展是高度统一的。杭州高新区（滨江）以“高精度服务”与“全周期人文关怀”为导向，着力解决租房、养老、婚恋、医疗等民生“关键小事”，构建产城人文深度融合的发展范式。

在“一老”关爱方面，创新推出多元化养老服务。“银龄电竞队”丰富老年人数字生活，“老年日托班”提供家门口照料服务，“多代同楼”新型居住模式促进代际融合，打造邻里互助式居家养老样板。一系列有温度、有力度的创新举措，托起老年人“朝夕美好”。

在“一小”服务方面，着力打造优质教育生态。建成全国首条可亲子陪伴上下学的特殊教育智慧专线“云仔专线”，“就便入学”服务覆盖11所中小学和19所幼儿园，14个数字教育项目入选全国智慧教育优秀案例。杭州高新区（滨江）以优质教育资源吸引和留住人才，为区域发展注入教育动能。

针对青年群体需求，集成推出“青年发展二十条”政策，围绕就业创业、人才培育、安居保障、文体生活等领域形成政策“组合拳”。聚焦创新、安居、健康、婚恋、育儿五大方向，明确年度十大青年实事项目，提供最长7天免费住宿、最高3000万元创业支持等政策红利，推动产业发展、城市建设与青年需求深度融合，实现青年与城市共同成长。

推动文化赋能

构筑精神共富多元场景

物质富裕之上，更需精神丰盈。杭州高新区（滨江）以文化融合为主线，构建“1+2+N”发展框架，落地“文化之滨”40条政策，建设“15分钟品质文化生活圈”，推动文化基因融入城市肌理，描绘精神共富新图景。

坚持“文化+科技”融合发展路径。自2004年获批首批国家动画产业基地以来，全区持续推动动漫、游戏、影视、设计等数字内容产业蓬勃发展。区内企业在算力技术、AI游戏、动画渲染等领域实现突破，多项技术与产品处于行业领先水平，形成文化与科技相互赋能的发展格局。

文化“新三样”出海成效显著。电视剧《藏海传》深度融合榫卯、昆曲等非遗元素，登陆190个国家和地区，登顶海外23国榜单。游戏《燕云十六声》还原中华武学与非遗技艺，海外版本上线首日玩家突破1500万，登上Steam游戏平台全球畅销榜Top2。这些作品通过科技赋能与情感共鸣，实现中华文化从“走出去”到“走进去”的跨越，展现“滨江创造”在全球文化叙事中的实力。

公共文化服务体系持续完善。西兴街道滨和社区围绕青年人才需求，打造“日日有活动、周周有主题”的文化氛围，“滨糖节”“淡人运动月”等活动品牌广受好评。浦沿街道彩虹社区科学布局文化家园、文明实践站、老年食堂、婴幼儿成长驿站等多元场景，精准匹配全龄段居民需求。

文旅与城市发展深度融合。杭州奥体中心景区推动“文旅体商”融合发展，聚焦亚运遗产活化、文旅创新和全民健身，打造集体育竞技、文化展演、购物娱乐于一体的综合性景区，实现从国际赛事场馆向城市活力中心的成功转型。滨江星光大道在第十四届杭州当代戏剧季期间化身“未来游园会”，跨界乐队、默剧皮影、非遗滚灯等项目丰富城市生活空间。和“滨滨”一起“樱花跑”、中国国际动漫节等品牌活动持续举办，进一步丰富文旅业态，为市民游客提供高品质的文化旅游体验。

站在新起点，杭州高新区（滨江）将持续推动“八八战略”走深走实，高水平“建设天堂硅谷、打造硅谷天堂”，向着建设世界领先科技园区的奋斗目标勇毅前行，以排头兵的姿态，为浙江省高质量发展建设共同富裕示范区增色添彩。

数据来源：中共杭州市滨江区委宣传部",,广告,https://paper.people.com.cn/rmrb/pc/content/202601/05/content_30129286.html,2026-01-05,"['滨江', '高新区', '产业', '杭州', '创新', '发展', '共同富裕', '文化', '打造', '人才']","2025年是浙江省高质量发展建设共同富裕示范区取得明显实质性进展的重要一年。作为浙江省数字经济强区、制造业高质量发展强区，杭州高新区（滨江）以创新为翼、以民生为基、以文化为核，在浙江省高质量发展建设共同富裕示范区征程中奋楫争先，铺展出一幅“产城人”和谐共生的现代图景。
实现产业跃升
筑牢共同富裕物质基础",政治
政策加力，激发民间投资新活力（新年谈“新”·五位民营企业家和金融界人士谈民间投资）,"民间投资是稳增长、调结构、促就业的重要支撑力量。2025年，各地区各部门落实更加积极有为的宏观政策，把政策红利实实在在送到经营主体手中，持续激发民间投资活力，促进民营经济向新向优发展。
2026年，民营企业对国家政策有什么新期待？宏观政策如何更好支持民营企业扩大投资？记者对话民营企业家和金融界人士，聊打算，说心愿，为“十五五”开局之年汇聚发展之力。
——编  者
国家金融监督管理总局重庆监管局局长孙晓明
“一企一策”增强民企投资底气
2025年的调研中，一家从事摩托车出口的小微企业转型实践给我很深触动。适应外部环境变化，该企业着力拓展欧洲、中亚市场订单，购置原材料、模具的资金需求陡然增加。依托支持小微企业融资协调工作机制，中国银行重庆市分行很快了解到企业需求，主动上门走访，结合企业订单结构、回款节奏和跨境业务特点，快速形成综合金融服务方案，480万元贷款从申请到放款仅用5个工作日，并同步配套国际结算和避险服务。
企业负责人告诉我，这笔资金有效保障了关键零部件采购，支持其在订单高峰期稳定生产。哈萨克斯坦一笔订单提前10天交付，客户非常高兴、当即追加新单。在“量身定制”融资服务支持下，2025年公司销售额同比增幅超过30%。订单满满、政策给力，企业扩大生产信心底气更足了。
及时、精准融资支持有利于经营主体稳定预期、增强信心、扩大投资。完善协调工作机制是提升金融服务质效重要一招。通过镇街自下而上摸排、监管自上而下统筹、银行平行推荐相结合的方式，形成“申报清单”和“推荐清单”，有效识别小微企业真实融资需求。同时，通过完善尽职免责等政策安排，更好激发基层“敢贷、愿贷”积极性。截至2025年11月末，依托协调工作机制，全市累计走访和服务小微经营主体280.32万户，完成信贷投放7681.89亿元，新发放贷款利率持续下降，信用贷款和无还本续贷对企业资金周转支撑作用明显增强。
站在“十五五”开局之年新起点，引导金融机构加力支持中小微企业，助力扩大民间投资、增强发展活力，我们将进一步把支持小微企业融资协调机制做深做实。持续完善清单推送和跟踪反馈机制，动态跟踪企业订单变化、经营状况和资金需求，把融资需求识别、对接和落地前移到企业最需要、最关键环节，切实增强企业获得感，更好稳定经营主体预期。
在此基础上，围绕现代化产业体系建设，进一步提升金融支持重点产业链发展效能。依托数据协同、部门合力，加强对地方优势产业、重点产业链运行情况整体研判，把金融资源投向产业链薄弱、关键环节。鼓励金融机构开发符合民间投资需求的融资产品，积极支持民间投资项目。既通过支持链主企业稳链强链，又精准支持大量上下游小微企业，畅通产业链“毛细血管”，增强产业体系整体韧性。
（本报记者屈信明采访整理）
云南理世实业（集团）有限责任公司副总裁刘元省
好政策激励我们持续投资
回顾2025年，最欣慰的是看到我们以马铃薯为核心构建的产业生态更加坚实，我们也真切地感受到了国家政策支持民营经济发展的力度之大。
理世集团的“第一车间”，扎根在海拔2000米的高原梯田，通过“公司+科技+基地（合作社）+农户”模式，将种植大户、合作社与散户组织起来。过去一年，我们不仅与合作社、农户的关系更加紧密，让“云薯304”等品种成为农户增收的可靠来源，更推动“噜咪啦”品牌的市场步伐走得更远。在企业内部，我们持续投入研发，鲜切工艺与锁鲜技术不断升级，2025年新投产的复合薯片生产线也为集团发展注入了新活力。
这份稳步前行离不开利好政策的滋养，过去一年，我们享受到了研发费用加计扣除、先进制造业增值税加计抵减等多项政策支持超百万元。这些真金白银的减负，直接增强了我们投入技术革新的底气。
值得一提的是，我们将“移动财务部”设到马铃薯主产区的田间地头，实现了“采收即过磅、过磅即开票、开票即付款”的全流程无缝衔接，每个品种的收购数量、单价、金额及应纳税额都一目了然。现采现结、当场开票，看着种植户们拿到货款，脸上洋溢着喜悦，我们心里也是暖暖的。
展望2026年，我们将围绕主业进行深度挖掘与广度拓展，持续投资完善供应链体系，进一步强化马铃薯基地建设；加大资源投入，强化“噜咪啦”品牌建设和渠道推广，加快系列产品立足西南、面向全国的拓展步伐，同时不断扩大外贸业务体量，让这颗高原马铃薯香飘更远。
我们还将加快推进延链补链强链的配套项目建设，在2025年复合薯片投产的基础上，全力扩大其市场覆盖与销量；纸品智造和物流仓储等配套项目也已提上日程，力争在2027年上半年建成投产，为企业实现高质量发展夯实基础。
我们深信，将政策支持带来的动能与自身发展积淀相结合，继续扎根乌蒙山区，定能让小小的马铃薯成为“金豆豆”，铺就乡村振兴、产业发展的“致富路”。
（本报记者王观采访整理）
长沙金龙电缆科技有限公司总经理刘爱荣
民营企业要敢投更要会投
2025年，我们新增投资6000多万元，是上一年的3倍；2026年的计划更是排到了8000多万元。很多同行问我，在当前经济环境下，金龙电缆为什么敢投？
我的回答很干脆：关键是“找得到赛道，看得清方向”。
我一直坚信一句话：“算力的尽头是电力，电力的尽头是电缆。”无论是国家布局的特高压电网，还是最近火热的“人工智能+”行动，最终都要靠我们手中这一根根电缆来落地。我们判断，总体需求不降反增，只是对产品的要求今非昔比。
转型说起来容易，做起来难。我们先是花2000多万元，上马了一整套世界一流的测试设备；又组建了一支30多人的中外技术团队。机会很快就来了：一家重要客户把新一代风电机组“高耐扭”铝合金电缆的研发重任交给了我们。
那段时间，我们的实验室灯火通明。选型、测试、报废，再重来……失败了无数次。最终，靠着我们自主研发的稀土专利配方和新型复合导体结构，硬是把电缆的抗扭能力提升了8倍，成本反而降低了60%！产品通过了全球最严苛的全工况4万次扭转验证，一举跻身国际先进水平。
敢投更要会投。比如，人形机器人这个风口，竞争异常激烈。成熟大厂供应链壁垒高筑，国外高端品牌又牢牢占据市场。
所以，我们选择了一条“陪伴式创新”的路，与那些充满活力的初创企业一起成长。现在实验室里测试的样品，就是我们和几家省内外的智能装备、机器人初创公司联合开发的。我们陪他们试错，他们帮我们找到真实的应用场景，这是一种双向奔赴。
2026年，我们投资版图将不断扩展：继续建设特种电缆智能生产线，布局新质生产力；完善高水平的模拟测试平台，夯实研发基础；我们还将在阿联酋筹建首个海外工厂，就是为了能更快、更好地服务共建“一带一路”国家的基建和能源项目。
这份底气，一半来自我们对市场的前瞻判断，另一半，则实实在在来自政策吹来的暖风。
看国家战略，“双碳”目标、新型电力系统、新基建……一个个行动计划密集落地，为我们指明了方向。看湖南行动，2024年，“衡长株潭特高压输变电装备集群”获批国家先进制造业集群，省里还专门出台了三年培育提升方案。
常有人感叹传统产业难做。但我想说：“没有落后的产业，只有落后的技术。”只要外部环境稳、扶持政策实、市场机制活，我们民营企业就敢投、愿投，也能投！
（本报记者孙超采访整理）
上海凯赛生物技术股份有限公司总裁杨晨
唯有加大投入才能赢得未来
自公司2000年在上海张江成立以来，我们只专注一件事：用合成生物学技术，实现生物基材料对传统化工材料的替代。作为一家科技型企业，凯赛生物的健康发展离不开稳定的研发投入与长期的资金支持，唯有持续加大投入，才能赢得未来。
从创业初期的风险资本，到产业化后的政府和贷款资金，公司发展壮大离不开资金活水精准滴灌。随着长链二元酸等系列合成生物制造新产品的成功问世，公司陆续得到了地方政府的产业投资资金和产业配套支持。当我们突破戊二胺和生物基聚酰胺的产业化技术，准备在山西建设合成生物产业园时，资金需求更大，仅仅依靠我们自身的积累远远不够。
这时，交通银行专门组建的赛道经理人团队，深入研究合成生物赛道发展趋势，全面了解公司技术路线和产业化过程，为我们的项目融资出谋划策，政府与金融机构的全力支撑让我们信心倍增。同时我们也在积极对接资本市场，在各方的共同努力下，凯赛生物于2020年8月在上海证券交易所科创板成功上市，募集资金约55亿元，我们的投资布局和生产规模实现了跨越式增长。
2025年，我们与招商局集团达成了战略合作，这为公司引入了一位重要的战略股东，打开了一扇通往广阔应用市场的大门。
民间投资要敢于投向未来，扩大有效投资离不开产业生态伙伴的协同和政府的前瞻性基础设施支持，这样才能形成“研发—中试—产业化和应用”的良性循环。我们希望政府能引导市场为低碳新材料应用打开渠道，在政府采购、重点工程招投标中考虑选用生物基材料，在碳减排认定和绿电使用上能给予企业专项政策支持。
“十五五”规划建议中两次提及“生物制造”。在研发上，公司将继续优化高通量研发平台推出更多新产品。在应用上，更大力度推进生物新材料在新能源、交运物流、现代建筑等领域的商业化应用。在生产上，将继续推进生产基地建设运行。我们坚信，通过政企银多方协同，中国生物制造产业一定能够实现高质量发展，为全球低碳转型贡献坚实的中国力量。
（本报记者葛孟超采访整理）
建设银行福建晋江分行普惠金融工作室负责人曾丽凤
为民企服务要下绣花功夫
作为我国民营经济发轫地之一，晋江拥有超11万家民营企业，数量占到当地企业的97%以上。这些企业构成晋江强大的制造产业集群，包括超3000亿元的鞋服产业、超千亿元的纺织产业，以及多个超500亿元的食品、建材产业集群等，具有数量多、密度大、个性化金融需求的特点。
为进一步提升金融服务适配度，我们打造了全省建行首个普惠金融工作室“普惠金融丽凤工作室”。我们工作室有3个人，开展千企万户大走访、做好企业微信服务，为小微及个体工商户提供融资对接、业务指导和政策辅导，这些都是我们的工作日常。
晋江祥诚新材料科技有限公司便是我们“千企万户大走访”活动对接的。该企业主要从事鞋服新材料技术研发生产，为扩大产能购置了厂房设备，但随之而来的是“成长的烦恼”：购置资产占用大量流动资金，赶上四季度的备货周期，公司日常运营资金捉襟见肘。我们结合企业长期发展潜力及资产结构推荐“厂房快贷”——以企业厂房为抵押物盘活企业固定资产，提供了10年期、利率2.65%的中长期普惠贷款，且支持无还本续贷和随借随还。
“搞实业，不是一年两年的事情，建行给我们长期稳定的资金支持，帮我们把大的投入稳住了，我们就可以更安心去搞品控，更有信心去投资。”正如晋江祥诚新材料科技有限公司负责人林丽丽所言，市场瞬息万变，长期高效的金融保障，能帮助小微企业专注发展，赢得未来。
高效金融保障是激活民间投资活力的“加速器”。在晋江，中小型制造企业数量庞大，厂房是他们最重要的固定资产，也是最容易被盘活的资产。“厂房快贷”没有把厂房单纯当作抵押物，而是结合企业生产经营状况、技术实力综合评估，让符合条件的企业能快速盘活固定资产，让更多民营企业敢投、能投、放心投。
过去的一年，我和团队每天往返于网点园区、商圈社区，重复着授信审批、贷后走访、续贷对接等日常，为超1000家小微企业提供普惠融资超12亿元。
我坚信，每个“小家”热气腾腾，中国这个“大家”就蒸蒸日上。团队将发扬“爱拼才会赢”精神，继续提升专业，练好普惠金融“绣花功”，帮更多小微企业享受到普惠金融红利，让更多民企投资项目第一时间享受国家政策红利，让我们共同拥有的“大家”更加昌盛发达。
（本报记者吴秋余采访整理）","# 政策加力，激发民间投资新活力（新年谈“新”·五位民营企业家和金融界人士谈民间投资）

> 《人民日报》（2026年01月05日第 18 版）

民间投资是稳增长、调结构、促就业的重要支撑力量。2025年，各地区各部门落实更加积极有为的宏观政策，把政策红利实实在在送到经营主体手中，持续激发民间投资活力，促进民营经济向新向优发展。

2026年，民营企业对国家政策有什么新期待？宏观政策如何更好支持民营企业扩大投资？记者对话民营企业家和金融界人士，聊打算，说心愿，为“十五五”开局之年汇聚发展之力。

——编  者

国家金融监督管理总局重庆监管局局长孙晓明

“一企一策”增强民企投资底气

2025年的调研中，一家从事摩托车出口的小微企业转型实践给我很深触动。适应外部环境变化，该企业着力拓展欧洲、中亚市场订单，购置原材料、模具的资金需求陡然增加。依托支持小微企业融资协调工作机制，中国银行重庆市分行很快了解到企业需求，主动上门走访，结合企业订单结构、回款节奏和跨境业务特点，快速形成综合金融服务方案，480万元贷款从申请到放款仅用5个工作日，并同步配套国际结算和避险服务。

企业负责人告诉我，这笔资金有效保障了关键零部件采购，支持其在订单高峰期稳定生产。哈萨克斯坦一笔订单提前10天交付，客户非常高兴、当即追加新单。在“量身定制”融资服务支持下，2025年公司销售额同比增幅超过30%。订单满满、政策给力，企业扩大生产信心底气更足了。

及时、精准融资支持有利于经营主体稳定预期、增强信心、扩大投资。完善协调工作机制是提升金融服务质效重要一招。通过镇街自下而上摸排、监管自上而下统筹、银行平行推荐相结合的方式，形成“申报清单”和“推荐清单”，有效识别小微企业真实融资需求。同时，通过完善尽职免责等政策安排，更好激发基层“敢贷、愿贷”积极性。截至2025年11月末，依托协调工作机制，全市累计走访和服务小微经营主体280.32万户，完成信贷投放7681.89亿元，新发放贷款利率持续下降，信用贷款和无还本续贷对企业资金周转支撑作用明显增强。

站在“十五五”开局之年新起点，引导金融机构加力支持中小微企业，助力扩大民间投资、增强发展活力，我们将进一步把支持小微企业融资协调机制做深做实。持续完善清单推送和跟踪反馈机制，动态跟踪企业订单变化、经营状况和资金需求，把融资需求识别、对接和落地前移到企业最需要、最关键环节，切实增强企业获得感，更好稳定经营主体预期。

在此基础上，围绕现代化产业体系建设，进一步提升金融支持重点产业链发展效能。依托数据协同、部门合力，加强对地方优势产业、重点产业链运行情况整体研判，把金融资源投向产业链薄弱、关键环节。鼓励金融机构开发符合民间投资需求的融资产品，积极支持民间投资项目。既通过支持链主企业稳链强链，又精准支持大量上下游小微企业，畅通产业链“毛细血管”，增强产业体系整体韧性。

（本报记者屈信明采访整理）

云南理世实业（集团）有限责任公司副总裁刘元省

好政策激励我们持续投资

回顾2025年，最欣慰的是看到我们以马铃薯为核心构建的产业生态更加坚实，我们也真切地感受到了国家政策支持民营经济发展的力度之大。

理世集团的“第一车间”，扎根在海拔2000米的高原梯田，通过“公司+科技+基地（合作社）+农户”模式，将种植大户、合作社与散户组织起来。过去一年，我们不仅与合作社、农户的关系更加紧密，让“云薯304”等品种成为农户增收的可靠来源，更推动“噜咪啦”品牌的市场步伐走得更远。在企业内部，我们持续投入研发，鲜切工艺与锁鲜技术不断升级，2025年新投产的复合薯片生产线也为集团发展注入了新活力。

这份稳步前行离不开利好政策的滋养，过去一年，我们享受到了研发费用加计扣除、先进制造业增值税加计抵减等多项政策支持超百万元。这些真金白银的减负，直接增强了我们投入技术革新的底气。

值得一提的是，我们将“移动财务部”设到马铃薯主产区的田间地头，实现了“采收即过磅、过磅即开票、开票即付款”的全流程无缝衔接，每个品种的收购数量、单价、金额及应纳税额都一目了然。现采现结、当场开票，看着种植户们拿到货款，脸上洋溢着喜悦，我们心里也是暖暖的。

展望2026年，我们将围绕主业进行深度挖掘与广度拓展，持续投资完善供应链体系，进一步强化马铃薯基地建设；加大资源投入，强化“噜咪啦”品牌建设和渠道推广，加快系列产品立足西南、面向全国的拓展步伐，同时不断扩大外贸业务体量，让这颗高原马铃薯香飘更远。

我们还将加快推进延链补链强链的配套项目建设，在2025年复合薯片投产的基础上，全力扩大其市场覆盖与销量；纸品智造和物流仓储等配套项目也已提上日程，力争在2027年上半年建成投产，为企业实现高质量发展夯实基础。

我们深信，将政策支持带来的动能与自身发展积淀相结合，继续扎根乌蒙山区，定能让小小的马铃薯成为“金豆豆”，铺就乡村振兴、产业发展的“致富路”。

（本报记者王观采访整理）

长沙金龙电缆科技有限公司总经理刘爱荣

民营企业要敢投更要会投

2025年，我们新增投资6000多万元，是上一年的3倍；2026年的计划更是排到了8000多万元。很多同行问我，在当前经济环境下，金龙电缆为什么敢投？

我的回答很干脆：关键是“找得到赛道，看得清方向”。

我一直坚信一句话：“算力的尽头是电力，电力的尽头是电缆。”无论是国家布局的特高压电网，还是最近火热的“人工智能+”行动，最终都要靠我们手中这一根根电缆来落地。我们判断，总体需求不降反增，只是对产品的要求今非昔比。

转型说起来容易，做起来难。我们先是花2000多万元，上马了一整套世界一流的测试设备；又组建了一支30多人的中外技术团队。机会很快就来了：一家重要客户把新一代风电机组“高耐扭”铝合金电缆的研发重任交给了我们。

那段时间，我们的实验室灯火通明。选型、测试、报废，再重来……失败了无数次。最终，靠着我们自主研发的稀土专利配方和新型复合导体结构，硬是把电缆的抗扭能力提升了8倍，成本反而降低了60%！产品通过了全球最严苛的全工况4万次扭转验证，一举跻身国际先进水平。

敢投更要会投。比如，人形机器人这个风口，竞争异常激烈。成熟大厂供应链壁垒高筑，国外高端品牌又牢牢占据市场。

所以，我们选择了一条“陪伴式创新”的路，与那些充满活力的初创企业一起成长。现在实验室里测试的样品，就是我们和几家省内外的智能装备、机器人初创公司联合开发的。我们陪他们试错，他们帮我们找到真实的应用场景，这是一种双向奔赴。

2026年，我们投资版图将不断扩展：继续建设特种电缆智能生产线，布局新质生产力；完善高水平的模拟测试平台，夯实研发基础；我们还将在阿联酋筹建首个海外工厂，就是为了能更快、更好地服务共建“一带一路”国家的基建和能源项目。

这份底气，一半来自我们对市场的前瞻判断，另一半，则实实在在来自政策吹来的暖风。

看国家战略，“双碳”目标、新型电力系统、新基建……一个个行动计划密集落地，为我们指明了方向。看湖南行动，2024年，“衡长株潭特高压输变电装备集群”获批国家先进制造业集群，省里还专门出台了三年培育提升方案。

常有人感叹传统产业难做。但我想说：“没有落后的产业，只有落后的技术。”只要外部环境稳、扶持政策实、市场机制活，我们民营企业就敢投、愿投，也能投！

（本报记者孙超采访整理）

上海凯赛生物技术股份有限公司总裁杨晨

唯有加大投入才能赢得未来

自公司2000年在上海张江成立以来，我们只专注一件事：用合成生物学技术，实现生物基材料对传统化工材料的替代。作为一家科技型企业，凯赛生物的健康发展离不开稳定的研发投入与长期的资金支持，唯有持续加大投入，才能赢得未来。

从创业初期的风险资本，到产业化后的政府和贷款资金，公司发展壮大离不开资金活水精准滴灌。随着长链二元酸等系列合成生物制造新产品的成功问世，公司陆续得到了地方政府的产业投资资金和产业配套支持。当我们突破戊二胺和生物基聚酰胺的产业化技术，准备在山西建设合成生物产业园时，资金需求更大，仅仅依靠我们自身的积累远远不够。

这时，交通银行专门组建的赛道经理人团队，深入研究合成生物赛道发展趋势，全面了解公司技术路线和产业化过程，为我们的项目融资出谋划策，政府与金融机构的全力支撑让我们信心倍增。同时我们也在积极对接资本市场，在各方的共同努力下，凯赛生物于2020年8月在上海证券交易所科创板成功上市，募集资金约55亿元，我们的投资布局和生产规模实现了跨越式增长。

2025年，我们与招商局集团达成了战略合作，这为公司引入了一位重要的战略股东，打开了一扇通往广阔应用市场的大门。

民间投资要敢于投向未来，扩大有效投资离不开产业生态伙伴的协同和政府的前瞻性基础设施支持，这样才能形成“研发—中试—产业化和应用”的良性循环。我们希望政府能引导市场为低碳新材料应用打开渠道，在政府采购、重点工程招投标中考虑选用生物基材料，在碳减排认定和绿电使用上能给予企业专项政策支持。

“十五五”规划建议中两次提及“生物制造”。在研发上，公司将继续优化高通量研发平台推出更多新产品。在应用上，更大力度推进生物新材料在新能源、交运物流、现代建筑等领域的商业化应用。在生产上，将继续推进生产基地建设运行。我们坚信，通过政企银多方协同，中国生物制造产业一定能够实现高质量发展，为全球低碳转型贡献坚实的中国力量。

（本报记者葛孟超采访整理）

建设银行福建晋江分行普惠金融工作室负责人曾丽凤

为民企服务要下绣花功夫

作为我国民营经济发轫地之一，晋江拥有超11万家民营企业，数量占到当地企业的97%以上。这些企业构成晋江强大的制造产业集群，包括超3000亿元的鞋服产业、超千亿元的纺织产业，以及多个超500亿元的食品、建材产业集群等，具有数量多、密度大、个性化金融需求的特点。

为进一步提升金融服务适配度，我们打造了全省建行首个普惠金融工作室“普惠金融丽凤工作室”。我们工作室有3个人，开展千企万户大走访、做好企业微信服务，为小微及个体工商户提供融资对接、业务指导和政策辅导，这些都是我们的工作日常。

晋江祥诚新材料科技有限公司便是我们“千企万户大走访”活动对接的。该企业主要从事鞋服新材料技术研发生产，为扩大产能购置了厂房设备，但随之而来的是“成长的烦恼”：购置资产占用大量流动资金，赶上四季度的备货周期，公司日常运营资金捉襟见肘。我们结合企业长期发展潜力及资产结构推荐“厂房快贷”——以企业厂房为抵押物盘活企业固定资产，提供了10年期、利率2.65%的中长期普惠贷款，且支持无还本续贷和随借随还。

“搞实业，不是一年两年的事情，建行给我们长期稳定的资金支持，帮我们把大的投入稳住了，我们就可以更安心去搞品控，更有信心去投资。”正如晋江祥诚新材料科技有限公司负责人林丽丽所言，市场瞬息万变，长期高效的金融保障，能帮助小微企业专注发展，赢得未来。

高效金融保障是激活民间投资活力的“加速器”。在晋江，中小型制造企业数量庞大，厂房是他们最重要的固定资产，也是最容易被盘活的资产。“厂房快贷”没有把厂房单纯当作抵押物，而是结合企业生产经营状况、技术实力综合评估，让符合条件的企业能快速盘活固定资产，让更多民营企业敢投、能投、放心投。

过去的一年，我和团队每天往返于网点园区、商圈社区，重复着授信审批、贷后走访、续贷对接等日常，为超1000家小微企业提供普惠融资超12亿元。

我坚信，每个“小家”热气腾腾，中国这个“大家”就蒸蒸日上。团队将发扬“爱拼才会赢”精神，继续提升专业，练好普惠金融“绣花功”，帮更多小微企业享受到普惠金融红利，让更多民企投资项目第一时间享受国家政策红利，让我们共同拥有的“大家”更加昌盛发达。

（本报记者吴秋余采访整理）",,财经,https://paper.people.com.cn/rmrb/pc/content/202601/05/content_30129289.html,2026-01-05,"['我们', '企业', '2025', '支持', '小微', '投资', '产业', '生物', '普惠', '政策']","民间投资是稳增长、调结构、促就业的重要支撑力量。2025年，各地区各部门落实更加积极有为的宏观政策，把政策红利实实在在送到经营主体手中，持续激发民间投资活力，促进民营经济向新向优发展。
2026年，民营企业对国家政策有什么新期待？宏观政策如何更好支持民营企业扩大投资？记者对话民营企业家和金融界人士，聊打算，说心愿，为“十五五”开局之年汇聚发展之力。
——编  者",政治
民间投资活力从哪里来,"民间投资对稳就业、稳企业、稳市场、稳预期具有重要作用。随着存量政策和增量政策共同发力，我国民间投资结构持续优化，呈现出向实向新的趋势。不过，当前部分行业领域民间投资仍面临动力不足的问题，进一步提振民间投资，潜力在哪里？
向改革要“牵引力”，为民间资本打开广阔空间——
深化投资体制机制改革，是打破行业准入壁垒、释放民间投资潜力的核心路径。“十五五”规划建议明确提出“完善民营企业参与重大项目建设长效机制”。目前，《市场准入负面清单（2025年版）》已“瘦身”至106项，较2018年版减少45项，保障民企公平竞争权利，让民企可专心创业、放心投资、安心经营；不久前，国务院办公厅印发《关于进一步促进民间投资发展的若干措施》的通知，明确鼓励民间资本参与铁路、核电等重点领域建设，引导其有序流向工业设计、共性技术服务等高价值服务行业关键环节；未来，围绕“投资于物与投资于人紧密结合”的导向，民间资本还有望加快拓展公共服务领域投资场景……“玻璃门”“旋转门”正被一一拆除，随着改革持续深化，民间资本必将舒活筋骨，大显身手。
向营商环境要“吸引力”，为民间资本注入坚定信心——
要瞄准民营企业感受最深、呼声最强烈的营商环境问题，消痛点、破瓶颈、补短板。
强化法治保障“基石”。随着《关于严格规范涉企行政检查的意见》《违法实施经营者集中行政处罚裁量权基准（试行）》等文件的出台落地，“违规异地检查”“违规异地执法和趋利性执法”等企业关切得到回应，民营企业及企业家合法权益有了更坚实的“护盾铠甲”。2025年5月施行的《中华人民共和国民营经济促进法》，明确消除土地、融资等领域所有制歧视，未来，还需针对地方保护主义导致的市场分割等难题，推出切实举措，畅通要素流动。
校正政府行为“准星”。要推进公共资源交易“阳光化”。当前一些地方实行的“采购权责清单”等制度，引入区块链存证、大数据预警等技术，杜绝政府奖补、政府采购“暗箱操作”，压缩权力寻租空间，值得借鉴推广。要强化政府信用建设，对政府失信行为追责问责，防止政府失信挫伤大批民营企业的投资信心，引发民间资本观望退缩。要着力解决拖欠民营企业账款问题，此前的一揽子化债政策中，部分资金被明确要求用于解决拖欠企业账款，这笔钱要用在实处，不能变成糊涂账。要杜绝以断电断贷等方式变相强迫企业“入园”“入城”，应充分尊重民企经营决策的独立性。
政府行为越规范，市场作用就越有效。政府这只“有形之手”，要服务不缺位、管理不越位，悉心涵养营商环境“沃土”，让民企民资有归属感、安全感，愿意生根发芽。
向政策要“托举力”，为民间资本提供坚实支撑——
中央预算内投资加大对民企项目支持力度，新型政策性金融工具投放5000亿元支持民间投资；深化支持小微企业融资协调工作机制，引导金融机构加大信贷投放；建立基础设施领域不动产投资信托基金（REITs）市场并推动进入常态化推荐发行阶段，预计带动新项目总投资超1万亿元……去年以来，我国加大政策力度赋能民企发展、撬动民间投资。
充分发挥政策效能，须提升政策覆盖面，实现“政策找上门”“应享尽享”；须注重发挥政策合力，对重点领域的民间投资重点支持；也要做好政策效能评估，兼顾顺周期与逆周期调节需要，避免大量资本短期内集中涌入特定行业，导致产能过剩、创新动力弱化，而另一些需要耐心培育的行业遭遇“枯水期”等问题。
外力打“辅助”，内力是“引擎”。对扩大投资，民企自身也要坚定信心：挑战是跃升的机遇，只要找准赛道，用好超大规模市场与完整产业链优势，定能在转型升级中实现新突破。","# 民间投资活力从哪里来

> 曲哲涵《人民日报》（2026年01月05日第 18 版）

民间投资对稳就业、稳企业、稳市场、稳预期具有重要作用。随着存量政策和增量政策共同发力，我国民间投资结构持续优化，呈现出向实向新的趋势。不过，当前部分行业领域民间投资仍面临动力不足的问题，进一步提振民间投资，潜力在哪里？

向改革要“牵引力”，为民间资本打开广阔空间——

深化投资体制机制改革，是打破行业准入壁垒、释放民间投资潜力的核心路径。“十五五”规划建议明确提出“完善民营企业参与重大项目建设长效机制”。目前，《市场准入负面清单（2025年版）》已“瘦身”至106项，较2018年版减少45项，保障民企公平竞争权利，让民企可专心创业、放心投资、安心经营；不久前，国务院办公厅印发《关于进一步促进民间投资发展的若干措施》的通知，明确鼓励民间资本参与铁路、核电等重点领域建设，引导其有序流向工业设计、共性技术服务等高价值服务行业关键环节；未来，围绕“投资于物与投资于人紧密结合”的导向，民间资本还有望加快拓展公共服务领域投资场景……“玻璃门”“旋转门”正被一一拆除，随着改革持续深化，民间资本必将舒活筋骨，大显身手。

向营商环境要“吸引力”，为民间资本注入坚定信心——

要瞄准民营企业感受最深、呼声最强烈的营商环境问题，消痛点、破瓶颈、补短板。

强化法治保障“基石”。随着《关于严格规范涉企行政检查的意见》《违法实施经营者集中行政处罚裁量权基准（试行）》等文件的出台落地，“违规异地检查”“违规异地执法和趋利性执法”等企业关切得到回应，民营企业及企业家合法权益有了更坚实的“护盾铠甲”。2025年5月施行的《中华人民共和国民营经济促进法》，明确消除土地、融资等领域所有制歧视，未来，还需针对地方保护主义导致的市场分割等难题，推出切实举措，畅通要素流动。

校正政府行为“准星”。要推进公共资源交易“阳光化”。当前一些地方实行的“采购权责清单”等制度，引入区块链存证、大数据预警等技术，杜绝政府奖补、政府采购“暗箱操作”，压缩权力寻租空间，值得借鉴推广。要强化政府信用建设，对政府失信行为追责问责，防止政府失信挫伤大批民营企业的投资信心，引发民间资本观望退缩。要着力解决拖欠民营企业账款问题，此前的一揽子化债政策中，部分资金被明确要求用于解决拖欠企业账款，这笔钱要用在实处，不能变成糊涂账。要杜绝以断电断贷等方式变相强迫企业“入园”“入城”，应充分尊重民企经营决策的独立性。

政府行为越规范，市场作用就越有效。政府这只“有形之手”，要服务不缺位、管理不越位，悉心涵养营商环境“沃土”，让民企民资有归属感、安全感，愿意生根发芽。

向政策要“托举力”，为民间资本提供坚实支撑——

中央预算内投资加大对民企项目支持力度，新型政策性金融工具投放5000亿元支持民间投资；深化支持小微企业融资协调工作机制，引导金融机构加大信贷投放；建立基础设施领域不动产投资信托基金（REITs）市场并推动进入常态化推荐发行阶段，预计带动新项目总投资超1万亿元……去年以来，我国加大政策力度赋能民企发展、撬动民间投资。

充分发挥政策效能，须提升政策覆盖面，实现“政策找上门”“应享尽享”；须注重发挥政策合力，对重点领域的民间投资重点支持；也要做好政策效能评估，兼顾顺周期与逆周期调节需要，避免大量资本短期内集中涌入特定行业，导致产能过剩、创新动力弱化，而另一些需要耐心培育的行业遭遇“枯水期”等问题。

外力打“辅助”，内力是“引擎”。对扩大投资，民企自身也要坚定信心：挑战是跃升的机遇，只要找准赛道，用好超大规模市场与完整产业链优势，定能在转型升级中实现新突破。",曲哲涵,财经,https://paper.people.com.cn/rmrb/pc/content/202601/05/content_30129290.html,2026-01-05,"['民间', '投资', '民企', '政策', '民营企业', '资本', '营商', '领域', '政府', '2025']","民间投资对稳就业、稳企业、稳市场、稳预期具有重要作用。随着存量政策和增量政策共同发力，我国民间投资结构持续优化，呈现出向实向新的趋势。不过，当前部分行业领域民间投资仍面临动力不足的问题，进一步提振民间投资，潜力在哪里？
向改革要“牵引力”，为民间资本打开广阔空间——
深化投资体制机制改革，是打破行业准入壁垒、释放民间投资潜力的核心路径。“十五五”规划建议明确提出“完善民营企业参与重大项目建设长效机制”。目前，《市场准入负面清单（2025年版）》已“瘦身”至106项，较2018年版减少45项，保障民企公平竞争权利，让民企可专心创业、放心投资、安心经营；不久前，国务院办公厅印发《关于进一步促进民间投资发展的若干措施》的通知，明确鼓励民间资本参与铁路、核电等重点领域建设，引导其有序流向工业设计、共性技术服务等高价值服务行业关键环节；未来，围绕“投资于物与投资于人紧密结合”的导向，民间资本还有望加快拓展公共服务领域投资场景……“玻璃门”“旋转门”正被一一拆除，随着改革持续深化，民间资本必将舒活筋骨，大显身手。",政治
创新创造催生新质生产力（新年谈“新”·五位科技工作者谈创新发展）,"科技创新是高质量发展的核心驱动力。人工智能大模型加速迭代，芯片自主研发不断突破，天问二号叩问深空，人形机器人、无人机走向应用前沿……一系列科技成果，勾勒出新质生产力加快生长的清晰轨迹。创新正从单点突破走向系统跃升，新质生产力愈发厚积成势。
“十五五”规划建议将“科技自立自强水平大幅提高”列为“十五五”时期经济社会发展主要目标之一。牵住科技创新这个“牛鼻子”，更多推动生产方式变革、赋能人民美好生活的新质生产力将加速汇聚，为高质量发展提供澎湃动力。
——编  者
天问二号VLBI测轨分系统总师黄勇
问天追星  行稳致远
2026年元旦，我们负责的VLBI（甚长基线干涉测量）测轨分系统已经完成了52次观测任务。当天问二号飞行在距离地球4300万公里的宇宙空间时，作为VLBI测定轨团队的成员，我时刻牢记“追星”对我们意味着什么——那是一条必须系在探测器身上，看不见却至关重要的宇宙“风筝线”。
VLBI测轨分系统是中国科学院集全院相关力量构建的国之重器。天问二号的目标是探测小行星和彗星，小行星采样返回段约2.5年，主带彗星转移段长达7年。轨道复杂、距离遥远，对系统长时间运行可靠性、网络通信稳定性、资源与人力保障和应急响应处置等，都提出了更高的要求。
上海天文台仅用15个月便同时在高寒和高海拔地区完成射电望远镜及其配套园区建设，并开展了一系列测试和联调联试，为天问二号圆满完成任务打下了坚实的基础。2025年1月，长白山观测站组织了天问二号天地正样对接试验。试验圆满结束后，我们爬到天线最高处，望着雄壮巍峨的长白山。那一刻，我深刻理解了VLBI不仅是一项技术，更是体系与协作的结果，是国家深空测控能力的基石。
VLBI每一次成功的测定轨，都是人类在无尽深邃中的一次精准“扎营”。未来，这条“风筝线”将更坚韧、更灵敏。它牵引的不仅是天问二号，更是中国人探寻宇宙深空的雄心与自信。我们将继续守护这条无形的纽带，让每一个飞向深空的“中国足迹”，都踏得稳、走得远，回传的每一个信号，都清晰而响亮。
（本报记者黄晓慧采访整理）
联合飞机集团董事长田刚印
多元场景  更多可能
2025年底，我们团队迎来了一个重要突破：我们自主研制的全球首款6吨级倾转旋翼无人驾驶飞行器——镧影R6000在四川完成首次飞行。
这次飞行为何令人振奋？通过倾转旋翼设计技术，无人机实现旋翼姿态在垂直起降与高速平飞模态之间的无缝、安全平稳切换，从而融合传统直升机和固定翼飞机的优势，进一步拓展应用场景。过去，该技术被国外垄断，镧影R6000的首飞，意味着我国将倾转旋翼这一关键技术掌握在自己手中。
作为一名深耕无人机行业多年的“老兵”，我见证了中国无人机从“跟跑”到“并跑”甚至“领跑”的发展历程。身处其中，深度参与，我感到无比自豪。
当前，无人机技术正从早期的集中攻坚，向多元场景规模化落地探索迈进，行业发展日渐成熟和规范。演绎绚丽“烟花”、精准投送医疗物资、服务农业植保……无人机与经济社会发展联系越来越紧密，价值日益凸显。
2025年，在西南山区，我和团队带着重载无人机，成功将水果送出大山。看到果农欣慰的笑容，我更加真切体会到发展无人机的意义。
展望“十五五”，无人机将迎来更广阔的发展空间。未来，我和团队将持续攻坚无人机技术，同时，加强与产业链上下游企业、科研院所及终端应用单位等合作，共同营造健康、高效的行业生态。我坚信，在不久的将来，无人机能给更多人带来便利和乐趣。
（本报记者喻思南采访整理）
阿里巴巴集团首席执行官吴泳铭
AI发展  你追我赶
过去一年，中国AI（人工智能）大模型通过开源开放，在全球掀起了一股中国大模型热潮。这股热潮正在推动新质生产力加快发展，为高质量发展赋能，也为全球AI发展贡献中国智慧。
2025年，AI大模型以周甚至以日为周期迭代。中国开源模型打破了闭源AI垄断，在全球广受认可。比如阿里“千问家族”共开源近400个模型，全球下载量突破7亿次，衍生模型数突破18万个，开源可免费下载商用，将AI普惠推向全球。不少国外企业使用“千问”开展业务，还有一些国家在此基础上进行“二次开发”，拥有了自主研发的本土大模型。
开源开放的模型大大加速了中国AI产业化进程，在各领域共享训练模型的算力和知识，让大部分企业只需要专注于垂直领域数据的再训练和应用创新，大幅降低成本。
我们正在打造的全新“AI超级计算机”，将拥有先进的AI基础设施、云计算和开源模型、个人智能助手和各类AI应用。同时，我们正在积极推进投入3800亿元的AI基础设施建设计划，并将持续追加更大的投入，不断探索AI的极限。
步入智能时代，我们将更关注到每一个个体，让AI更好地服务民生福祉。比如，基层医院可以运用AI完成疑难杂症的早期筛查，奶茶店主可以用AI生成促销海报，每一个孩子都可以拥有自己的“AI老师”……随着AI的不断发展，我们坚信这些场景将很快变成现实。
（本报记者谷业凯采访整理）
宇树科技首席市场官王其鑫
身怀绝技  彰显其能
作为在人形机器人领域的创新企业之一，宇树科技的机器人研制之路，是一条充满挑战与突破的修炼之旅。
从实验室到聚光灯下，每一款宇树机器人的诞生，都经历了无数次的“招式”拆解与重构。早期，团队面对人形机器人复杂运动控制这一世界性难题，没有成熟路径可循。研发人员反复优化算法与机械结构，一个个不眠之夜、一次次跌倒重来，最终凝聚成机器人行云流水般的动作。这背后，是技术攻坚的艰辛，更是对“中国创造”的执着信念。
2025年5月，我们的人形机器人登上拳击擂台赛。为应对高动态对抗，团队日夜优化算法参数。当机器人首次流畅完成组合拳连击并稳健回防时，控制中心响起热烈掌声。这标志着我们的机器人具备了可靠的动态平衡与快速反应能力，为人形机器人从实验室走向实际应用迈出关键一步。
宇树机器人之所以能崭露头角，关键在于我们掌握了高性能关节电机、运动控制算法等核心技术。我们坚信，人形机器人将是下一个通用技术平台。展望未来5年，随着人工智能、传感技术的深度融合，人形机器人将从目前的展示与特定场景应用，更深入地走进生活与生产，成为推动经济社会高质量发展的新质生产力。宇树科技将继续潜心研发，推动人形机器人更智能、更可靠、更普及，为科技强国建设贡献力量。
（本报记者刘军国采访整理）
摩尔线程创始人张建中
芯片研发  奋力突破
过去20多年，全功能GPU（图形处理器）持续引领加速计算变革。我们团队坚持自主研发元计算统一系统架构，实现了单芯片架构同时支持人工智能计算加速、图形渲染、物理仿真和科学计算、超高清视频编解码等。
自成立以来，摩尔线程保持着“一年一代架构”的研发节奏，坚持从底层代码和指令集入手，实现全功能GPU的国产化。截至目前，我们已成功推出四代GPU架构，完成5枚芯片的量产，形成了从芯片到集群的全栈产品布局。
为了打造面向先进计算方向的算力基座，2025年，我们与国内伙伴一道攻坚国产万卡训练集群。面对紧张周期与超高复杂度，数百人的核心技术团队到一线驻场，昼夜奋战，最终高效完成了万卡集群从生产、测试、部署到深度调优的全流程工作。通过对硬件、系统软件及平台的全栈协同创新，团队成功突破了技术壁垒。
我们的研发始终坚持“全功能GPU”的技术路线，同步构建完整的软件生态，提升产品的整体性能与兼容性。截至2025年6月，公司已获得授权专利514件，逐渐构筑起自身的技术“护城河”。
新的一年，我们将始终与国家战略同频共振，紧紧围绕赋能高质量发展，持续加大研发投入，继续深耕关键技术，不断完善生态布局，加速国产GPU应用落地，为高水平科技自立自强贡献算力力量。
（本报记者谷业凯采访整理）","# 创新创造催生新质生产力（新年谈“新”·五位科技工作者谈创新发展）

> 《人民日报》（2026年01月05日第 19 版）

科技创新是高质量发展的核心驱动力。人工智能大模型加速迭代，芯片自主研发不断突破，天问二号叩问深空，人形机器人、无人机走向应用前沿……一系列科技成果，勾勒出新质生产力加快生长的清晰轨迹。创新正从单点突破走向系统跃升，新质生产力愈发厚积成势。

“十五五”规划建议将“科技自立自强水平大幅提高”列为“十五五”时期经济社会发展主要目标之一。牵住科技创新这个“牛鼻子”，更多推动生产方式变革、赋能人民美好生活的新质生产力将加速汇聚，为高质量发展提供澎湃动力。

——编  者

天问二号VLBI测轨分系统总师黄勇

问天追星  行稳致远

2026年元旦，我们负责的VLBI（甚长基线干涉测量）测轨分系统已经完成了52次观测任务。当天问二号飞行在距离地球4300万公里的宇宙空间时，作为VLBI测定轨团队的成员，我时刻牢记“追星”对我们意味着什么——那是一条必须系在探测器身上，看不见却至关重要的宇宙“风筝线”。

VLBI测轨分系统是中国科学院集全院相关力量构建的国之重器。天问二号的目标是探测小行星和彗星，小行星采样返回段约2.5年，主带彗星转移段长达7年。轨道复杂、距离遥远，对系统长时间运行可靠性、网络通信稳定性、资源与人力保障和应急响应处置等，都提出了更高的要求。

上海天文台仅用15个月便同时在高寒和高海拔地区完成射电望远镜及其配套园区建设，并开展了一系列测试和联调联试，为天问二号圆满完成任务打下了坚实的基础。2025年1月，长白山观测站组织了天问二号天地正样对接试验。试验圆满结束后，我们爬到天线最高处，望着雄壮巍峨的长白山。那一刻，我深刻理解了VLBI不仅是一项技术，更是体系与协作的结果，是国家深空测控能力的基石。

VLBI每一次成功的测定轨，都是人类在无尽深邃中的一次精准“扎营”。未来，这条“风筝线”将更坚韧、更灵敏。它牵引的不仅是天问二号，更是中国人探寻宇宙深空的雄心与自信。我们将继续守护这条无形的纽带，让每一个飞向深空的“中国足迹”，都踏得稳、走得远，回传的每一个信号，都清晰而响亮。

（本报记者黄晓慧采访整理）

联合飞机集团董事长田刚印

多元场景  更多可能

2025年底，我们团队迎来了一个重要突破：我们自主研制的全球首款6吨级倾转旋翼无人驾驶飞行器——镧影R6000在四川完成首次飞行。

这次飞行为何令人振奋？通过倾转旋翼设计技术，无人机实现旋翼姿态在垂直起降与高速平飞模态之间的无缝、安全平稳切换，从而融合传统直升机和固定翼飞机的优势，进一步拓展应用场景。过去，该技术被国外垄断，镧影R6000的首飞，意味着我国将倾转旋翼这一关键技术掌握在自己手中。

作为一名深耕无人机行业多年的“老兵”，我见证了中国无人机从“跟跑”到“并跑”甚至“领跑”的发展历程。身处其中，深度参与，我感到无比自豪。

当前，无人机技术正从早期的集中攻坚，向多元场景规模化落地探索迈进，行业发展日渐成熟和规范。演绎绚丽“烟花”、精准投送医疗物资、服务农业植保……无人机与经济社会发展联系越来越紧密，价值日益凸显。

2025年，在西南山区，我和团队带着重载无人机，成功将水果送出大山。看到果农欣慰的笑容，我更加真切体会到发展无人机的意义。

展望“十五五”，无人机将迎来更广阔的发展空间。未来，我和团队将持续攻坚无人机技术，同时，加强与产业链上下游企业、科研院所及终端应用单位等合作，共同营造健康、高效的行业生态。我坚信，在不久的将来，无人机能给更多人带来便利和乐趣。

（本报记者喻思南采访整理）

阿里巴巴集团首席执行官吴泳铭

AI发展  你追我赶

过去一年，中国AI（人工智能）大模型通过开源开放，在全球掀起了一股中国大模型热潮。这股热潮正在推动新质生产力加快发展，为高质量发展赋能，也为全球AI发展贡献中国智慧。

2025年，AI大模型以周甚至以日为周期迭代。中国开源模型打破了闭源AI垄断，在全球广受认可。比如阿里“千问家族”共开源近400个模型，全球下载量突破7亿次，衍生模型数突破18万个，开源可免费下载商用，将AI普惠推向全球。不少国外企业使用“千问”开展业务，还有一些国家在此基础上进行“二次开发”，拥有了自主研发的本土大模型。

开源开放的模型大大加速了中国AI产业化进程，在各领域共享训练模型的算力和知识，让大部分企业只需要专注于垂直领域数据的再训练和应用创新，大幅降低成本。

我们正在打造的全新“AI超级计算机”，将拥有先进的AI基础设施、云计算和开源模型、个人智能助手和各类AI应用。同时，我们正在积极推进投入3800亿元的AI基础设施建设计划，并将持续追加更大的投入，不断探索AI的极限。

步入智能时代，我们将更关注到每一个个体，让AI更好地服务民生福祉。比如，基层医院可以运用AI完成疑难杂症的早期筛查，奶茶店主可以用AI生成促销海报，每一个孩子都可以拥有自己的“AI老师”……随着AI的不断发展，我们坚信这些场景将很快变成现实。

（本报记者谷业凯采访整理）

宇树科技首席市场官王其鑫

身怀绝技  彰显其能

作为在人形机器人领域的创新企业之一，宇树科技的机器人研制之路，是一条充满挑战与突破的修炼之旅。

从实验室到聚光灯下，每一款宇树机器人的诞生，都经历了无数次的“招式”拆解与重构。早期，团队面对人形机器人复杂运动控制这一世界性难题，没有成熟路径可循。研发人员反复优化算法与机械结构，一个个不眠之夜、一次次跌倒重来，最终凝聚成机器人行云流水般的动作。这背后，是技术攻坚的艰辛，更是对“中国创造”的执着信念。

2025年5月，我们的人形机器人登上拳击擂台赛。为应对高动态对抗，团队日夜优化算法参数。当机器人首次流畅完成组合拳连击并稳健回防时，控制中心响起热烈掌声。这标志着我们的机器人具备了可靠的动态平衡与快速反应能力，为人形机器人从实验室走向实际应用迈出关键一步。

宇树机器人之所以能崭露头角，关键在于我们掌握了高性能关节电机、运动控制算法等核心技术。我们坚信，人形机器人将是下一个通用技术平台。展望未来5年，随着人工智能、传感技术的深度融合，人形机器人将从目前的展示与特定场景应用，更深入地走进生活与生产，成为推动经济社会高质量发展的新质生产力。宇树科技将继续潜心研发，推动人形机器人更智能、更可靠、更普及，为科技强国建设贡献力量。

（本报记者刘军国采访整理）

摩尔线程创始人张建中

芯片研发  奋力突破

过去20多年，全功能GPU（图形处理器）持续引领加速计算变革。我们团队坚持自主研发元计算统一系统架构，实现了单芯片架构同时支持人工智能计算加速、图形渲染、物理仿真和科学计算、超高清视频编解码等。

自成立以来，摩尔线程保持着“一年一代架构”的研发节奏，坚持从底层代码和指令集入手，实现全功能GPU的国产化。截至目前，我们已成功推出四代GPU架构，完成5枚芯片的量产，形成了从芯片到集群的全栈产品布局。

为了打造面向先进计算方向的算力基座，2025年，我们与国内伙伴一道攻坚国产万卡训练集群。面对紧张周期与超高复杂度，数百人的核心技术团队到一线驻场，昼夜奋战，最终高效完成了万卡集群从生产、测试、部署到深度调优的全流程工作。通过对硬件、系统软件及平台的全栈协同创新，团队成功突破了技术壁垒。

我们的研发始终坚持“全功能GPU”的技术路线，同步构建完整的软件生态，提升产品的整体性能与兼容性。截至2025年6月，公司已获得授权专利514件，逐渐构筑起自身的技术“护城河”。

新的一年，我们将始终与国家战略同频共振，紧紧围绕赋能高质量发展，持续加大研发投入，继续深耕关键技术，不断完善生态布局，加速国产GPU应用落地，为高水平科技自立自强贡献算力力量。

（本报记者谷业凯采访整理）",,科技,https://paper.people.com.cn/rmrb/pc/content/202601/05/content_30129292.html,2026-01-05,"['AI', '机器人', '无人机', '2025', '模型', '人形', 'VLBI', '开源', '二号', '我们']","科技创新是高质量发展的核心驱动力。人工智能大模型加速迭代，芯片自主研发不断突破，天问二号叩问深空，人形机器人、无人机走向应用前沿……一系列科技成果，勾勒出新质生产力加快生长的清晰轨迹。创新正从单点突破走向系统跃升，新质生产力愈发厚积成势。
“十五五”规划建议将“科技自立自强水平大幅提高”列为“十五五”时期经济社会发展主要目标之一。牵住科技创新这个“牛鼻子”，更多推动生产方式变革、赋能人民美好生活的新质生产力将加速汇聚，为高质量发展提供澎湃动力。
——编  者",政治
文艺气象·焕新,"中国画《光芒万丈》，作者籍洪达。
中国画《光芒万丈》，作者籍洪达。
“观妙入真——山西永乐宫文物精粹暨数字艺术大展”展厅一景。资料图片
“观妙入真——山西永乐宫文物精粹暨数字艺术大展”展厅一景。
资料图片
十五运会吉祥物“喜洋洋”“乐融融”。图片来源：十五运会官网
十五运会吉祥物“喜洋洋”“乐融融”。
图片来源：十五运会官网
十五运会火炬手人形机器人“夸父”。新华社记者  江  汉摄
十五运会火炬手人形机器人“夸父”。
新华社记者  江  汉摄
“闪光苏超”海报。江苏省文化和旅游厅供图
“闪光苏超”海报。
江苏省文化和旅游厅供图
“摩登田野4.0：2025新海派乡村艺术节”现场。上海大学上海美术学院供图
“摩登田野4.0：2025新海派乡村艺术节”现场。
上海大学上海美术学院供图
如朝阳初启  迎万象焕新
张晓凌
站在“十四五”与“十五五”交汇的时间节点，回望2025年纷纭盛景，忽而意识到，中国文艺正历经一场前所未有的焕新蝶变，生机竞发：人工智能正从“工具”跃迁为人类灵性的“伙伴”；静默的传统正化为时代的旋律；文艺创作正由专业人士向大众拓展；美育这个百年前先贤的教育理念，正广泛而深入地滋养人们心灵……多维度、多层面焕新思潮的交织互构，从观念、技术、形态乃至底层逻辑上，促使整个文艺生态在科技赋能与人文关怀之间寻求动态平衡，引领文旅融出新天地。不知不觉间，中国文艺以焕新之姿态，自塑为世界上最具活力的精神高地。
新时代的中国，科学技术日新月异，这不仅改变着文化传播的模式，也为文艺创作拓界扩容。2025年，最引人关注的是人工智能突破工具范畴，上升为人类创意的合著者。当人工智能不再满足于复刻《兰亭集序》，而是着力探寻其思逸神超的境界，我们便站在了艺术本体论重构的高崖之上。一个生动的例子是，第二届国际书法嘉年华开幕式上，8台人工智能机器人与200多位书法家同台挥毫。很显然，这并非简单的人机较量，而是人机关于“灵韵”的相互质询。从中央广播电视总台2025年春晚，到第六届北京电影学院国际新媒体艺术三年展，再到第十届中国北京国际美术双年展，“人机共舞”“人机协作”已成常态。智能体的赋能，引发文艺生产深层变革——艺术家的工作不再是将传统符号进行数字化包装，而是尝试以算法、交互、虚拟现实等新语法，重释那些深植于传统美学中的关键命题，比如“意境”的生成。总之，人工智能正以强大的算法与自我意识生成来重塑艺术语言，由此催生了人机合一艺术、生物仿生艺术、多媒介混合艺术、多维交互艺术等新形态，并创生了后人类美学、未来美学、共生美学、新伦理美学等美学新范式。
国潮涌动，文物活化，是文艺界近年来最令人动容的情景。其动人之处，在于让中华优秀传统文化实现了创造性转化、创新性发展，让传统智慧滋养当代创造，让东方美学重回大众生活。中国东方演艺集团打造的舞剧《只此青绿》《永乐未央》，可谓是对传统文化的壮丽赋形。如果说《只此青绿》以“青绿”的视觉结构与独创性舞姿，完成了由“殿堂山水”向“人民山水”的叙事转型，那么《永乐未央》则以双线叙事的方式，在元代画工与现代青年的隔空共舞中，史诗般地诠释了中华美学精神和中国人的宇宙观。国潮涌动的同时，文物保护领域亦进入数字化永生时代。古籍等物质文化遗产与非物质文化遗产，一一在元宇宙中满血复活。当数字技术让壁画化生为天衣飞扬时，当虚拟现实让古画成为可步入的梦境时，我们不得不感叹，传统正经历着一场再生式的“变形记”——这并非简单的符号嫁接，而是对文明深层密码的破译与重组。
新时代的文艺，正日益走向共创共享。过去，文艺创作大多由专业权威主导。如今，自媒体的兴起、短视频的爆发和人工智能的深度融合，正在重塑内容创作和传播格局。技术革新极大降低了文艺创作、传播的门槛，千万普通人正从文艺的朝圣者与消费者，升维为文艺的生产者、传播者，形成新大众文艺浪潮。这场深刻变革，呈现出“破壁”与“生长”的双重景观。“破壁”者如“苏超”这一现象级文化事件，专业和业余作者纷纷为其创作“战歌”等，凭借媒体和网友的“玩梗狂欢”，完成一场波澜壮阔的意义反哺。“生长”者则如10年写、画人生自传获奖的70岁广西奶奶肖大妹，退休后写作并发表《清洁女工笔记》的王瑛等。他们作品中粗粝的生活质感，弥散着泥土的芬芳。更令人惊喜的，是艺术殿堂主动与大众互动。上海美术馆的“素人策展计划”、苏州当代美术馆的“八点半以后：社区艺术画像计划”等，有效引导大众参与到艺术构建之中。概言之，平凡人的力量正在重塑文艺生态，力图使其从“金字塔式”的森严结构，转向“人人都是艺术家”的庞大文化星系。在这里，专业与大众、职业与业余之间不再泾渭分明，而是在相互辉映中，互构为共生的新文艺体系。
百余年前，先贤们如蔡元培、鲁迅、梁启超等，皆力主美育。他们何以如此执着于美育事业？道理很简单，在他们看来，由“美”而识“真”“善”，乃是中华民族迈向现代的文化与伦理逻辑。时至今日，先贤们的理想已转化为“社会大课堂”的多模式普惠实践：它可见于美术馆、博物馆中人们阅读经典时的沉浸式享受，可见于各类艺术夜校闪烁的点点灯火，可见于艺术社区中居民与艺术家的共创，亦可见于孩子们艺术研学时探索的目光……当下之美育，可谓风行水上，自然成文，润物无声地滋养大众的心灵。
更深层的“焕新”，当为文艺与经济社会发展深度耦合。超越“文化搭台，经济唱戏”的陈旧模式，让文化IP深植于城市更新、乡村全面振兴的进程中，已成为文艺焕新的主要价值指向。生动诠释这一指向的案例，如上海深耕4年的“摩登田野”项目，以艺术与设计为桥，不断提质升级，去年不仅以装置艺术点亮田野，还创新融入无人机表演、灯光秀、稻田时装秀、乡村特色市集、田野欢歌会等，让艺术成为推动乡村“文旅商体展农”联动发展的流量入口。拾捡近年此类成功案例，可谓不胜枚举。且不说艺术如何让重庆洪崖洞、福州三坊七巷等在更新中完成产业效益的飞跃，单说上海博物馆“古埃及文明大展”一年之内即斩获数亿元收入，“苏超”赛事期间江苏文旅消费总额突破1200亿元，就足以令人震惊了。
2026年的阳光，映照着新时代的蓬勃气象。值得坚信的是，中国文艺的焕新之潮，正犹如朝阳初启，华光四射。其高世之志将在“苟日新，日日新，又日新”的实践中，与经济社会发展和文化强国建设的大势同向而行，继往开来。
丹青起舞  永乐未央
景小勇
近年来，越来越多源自中华文明深处的文化形态，正以新的方式走进当代生活、走上时代舞台。文物不再只是博物馆中的静态陈列，而是在不断被唤醒、被转译、被创造中迸发出跨越时空的生命力。
壁上丹青，气韵生动。2025年国庆期间首演的舞剧《永乐未央》，让诞生于700多年前的永乐宫壁画，在当代舞台上“活”了起来。真正的焕新，并非对传统的简单复刻，而是在深入理解传统文化内核基础上，用当代语言讲好中国故事。《永乐未央》是文物活化的一次生动实践，也是文艺焕新的一场深度对话。
中华优秀传统文化所蕴含的精神追求、价值理念与审美旨趣，是中华民族绵延不绝的根基。我们扎根历史文化根脉，深挖“守岁华，共丹青”的传承主题，一次次深入永乐宫，聆听亲历者的讲述，触摸时光的痕迹。“永乐”，是中华文明中对安和、繁盛与人民福祉的深情寄望；“未央”，表达的则是时间长河中绵延不绝的创造力与生命力。《永乐未央》选择以青春视角重述这份坚守——80后、90后、00后年轻的创演团队用肢体语言，搭建起一场跨越时空的对答。
如何将静默的文物转化为流动的情感，是中华优秀传统文化在当代审美语境中实现焕新生长的关键所在。我们将元代壁画的绚丽色彩、古建榫卯的精巧结构、琉璃技艺的莹润光泽，转化为舞者衣袂的起落转折，让沉睡于壁上的丹青走下宫墙、走上舞台。古代画工、匠师与当代创作者的坚守形成共鸣，让历史变得可感、可触、可共情。这种从历史中提炼精神、用当代表达呈现价值的创作方式，正是推动中华优秀传统文化创造性转化、创新性发展的应有之义。
年末岁初，《永乐未央》自山西太原启程跨年开启首轮巡演，拉开新一年的序幕。焕新，不仅是赋予过去以未来的形状，也让未来因传统的深厚而更显丰盈。艺术创新传递着中华文脉的精神力量。丹青起舞，永乐未央，中华优秀传统文化将在新时代的“笔墨丹青”中生生不息、历久弥新。
（作者为中国东方演艺集团有限公司党委书记、董事长）
国产文创IP澎湃新活力
高  鹏
回望2025年的文化景观，国产文创IP不断“破圈”，成为亮眼一幕，深深镌刻进大众文化记忆里。“拉布布”凭借“丑萌反叛”设计风靡海内外，全球曾“一布难求”；十五运会吉祥物“喜洋洋”“乐融融”从中华白海豚中汲取灵感，以亲民可爱的造型圈粉无数；我们团队研创的央视蛇年春晚吉祥物“巳升升”，在除夕夜“穿梭”于万家灯火，传递美好期许。一个又一个鲜活的载体，彰显着文化的长久生命力、蓬勃创造力。它们的“破圈”，本质是与受众建立了共情连接，实现了双向的奔赴与共创。
如今，文创正从粗放发展走向精耕细作，在守正与创新的辩证中实现高质量发展。守正，守的是中华文化精神内核：传统纹样的审美智慧、民俗符号的情感密码、民族精神的人文温度，都是文创IP不可动摇的根基。创新，则是表达的破界：将中华民族古老图腾转化为数字场景视觉语言，让文化走出典籍；把传统美好寓意融入日常设计，使情怀触手可及；用年轻人喜闻乐见的叙事，让传播突破时空界限。这种创新绝非浅尝辄止的符号拼接，而是深解文化后的精准转译，让传统文脉在当代社会生长出新的根系、枝丫。
文化如河，奔流不息。焕新，是为古老的河流汇入新的时代活水，使其以更鲜活、更澎湃的姿态，灌溉人们的心田。我们每一位设计师，都应是这时代活水的开掘者，当以敬畏之心承接过去，以创造之志走向未来。
2026年的晨光已至。我仿佛看见，未来的中国文创如一条绵长的星河，它的光，来自无数口向文明深处掘进的井。让我们继续做虔诚的掘井人，做浪漫的摘星者，以契合当代审美与当代情感的形象创造，传承中华文脉。期待更多文创IP扎根中华文明沃土，成为传递中国温度、书写时代气象的文化名片。
（作者为北京师范大学未来设计学院院长）
“苏超”：融合创新的优秀样本
贺云翱
近年来，“体育+文旅+商业”的融合在快速迭代升级，“苏超”便是非常典型的案例。“苏超”魅力究竟何在？比赛纯粹、用地域“文化梗”凝聚和释放“为城市而战”的深层情感，以及传播上利用互联网玩出了新高度，无疑是“苏超”首要的成功密码。
赛场上，南京门将佩戴盐水鸭手套，徐州球衣融入楚汉战甲元素，扬州球员独创“搓背庆祝”……赛场外，各城市通过“票根经济”，纷纷推出各类文旅大招，将本地区的物质文化遗产与非物质文化遗产和足球赛事深度链接。以足球联赛为载体，城市文化作为情感纽带、特色资源，与娱乐需求相融合，充分调动了大众的参与热情。
江苏之所以被网友称为“散装江苏”，其中一个重要原因是其下辖的每个城市都有自己的文化气质和文化特色。“苏超”以“文化梗”将各城市的历史渊源、美食文化进行现代转译和幽默表达，转化为赛场叙事，掀起了一场又一场令人忍俊不禁又饱含深意、全民共情的地域文化狂欢——徐州与宿迁“楚汉争霸”的历史，被转化为球迷互动符号；扬州与镇江的“早茶德比”，以包子、蒸饺论英雄；“常州”被削成“吊州”“巾州”，自黑式幽默成为赛事的情感黏合剂；“海鲜兄弟连”突出南通与连云港的海洋文化共性，弱化竞争性、强调协同性……
从“苏超”中，能看到南京深厚的古都文化，苏州、无锡、常州、镇江的江南“吴韵”文化，扬州、淮安的江淮文化和运河文化，徐州、宿迁的“汉风”文化，南通、盐城、连云港的海洋文化等。雷同者衰，万象者胜，各美其美的地域文化，为足球赛事注入了全新的生命力，从而创造出别具一格的“文化+经济”新业态。
“苏超”的成功启示我们，情感联结优于专业竞技，未来的文化创新必将根植于具体的人群、地域和共同记忆。只有从情感和认同上真正打动参与者，并让文化、体育、传播等融入日常生活，这股创新热潮才不会因赛事落幕而消退。
（作者为南京大学历史学院教授、文化与自然遗产研究所所长）
人机共创开启新空间
姚燕安
2025年众多“名场面”中，具身智能机器人可谓占据重要一席——扭秧歌、写书法、当乐手、跑马拉松……这既为我国“人工智能+”发展写下生动注脚，也让人们对美好未来充满期许与热望。
人工智能正在掀起各行业变革浪潮。在设计、书法、绘画、音乐、影视、舞蹈等艺术领域，“人机共创”新范式不断拓展创意、丰富表达，并贯穿创作、传播等全链条。如今，人工智能创作的音乐，已成为音乐产业中一股不可忽视的力量；人工智能机械臂不仅能精准模仿书法名家的笔触，甚至生成新风格；智能人形机器人的舞蹈表演，在动作精度、编舞复杂度和人机交互方面取得显著进展，且应用场景日益多元。人工智能正在为艺术创作打开更多新空间。
随着机器人越来越智能，其替代人类的可能性已成为科技与社会的重要议题。在我看来，当人工智能深度参与艺术创作，并从根本上改变艺术创作范式时，人类应辩证看待人与机器各自的局限，更加理性并认真地审视人的价值、艺术创作的本质，从而找到弥合之法，让“人机共创”更好发展。艺术创作是人的创造力的体现、情感的抒发、精神的迹化，在这一点上人工智能目前还远不能与人类相媲美，机器人的泛化能力也不足，难以应对高度不确定或需要直觉、道德考量的场景。
人工智能高能，但并非万能。未来，人类与人工智能深度协同是必然发展趋势，我们既需要不断突破技术屏障赋予机器更高智性，也要将人工智能视为助手和诤友，取“机”之长，补己之短，开创更多新的应用场景、开辟新的美学范式。未来已来！让我们怀向美之心，秉和谐之意，与科技牵手，共创富强美好的新生活。
（作者为北京交通大学机器人研究中心主任）","# 文艺气象·焕新

> 《人民日报》（2026年01月05日第 20 版）

中国画《光芒万丈》，作者籍洪达。

中国画《光芒万丈》，作者籍洪达。

“观妙入真——山西永乐宫文物精粹暨数字艺术大展”展厅一景。　　资料图片

“观妙入真——山西永乐宫文物精粹暨数字艺术大展”展厅一景。

资料图片

十五运会吉祥物“喜洋洋”“乐融融”。　　图片来源：十五运会官网

十五运会吉祥物“喜洋洋”“乐融融”。

图片来源：十五运会官网

十五运会火炬手人形机器人“夸父”。　　新华社记者  江  汉摄

十五运会火炬手人形机器人“夸父”。

新华社记者  江  汉摄

“闪光苏超”海报。　　江苏省文化和旅游厅供图

“闪光苏超”海报。

江苏省文化和旅游厅供图

“摩登田野4.0：2025新海派乡村艺术节”现场。　　上海大学上海美术学院供图

“摩登田野4.0：2025新海派乡村艺术节”现场。

上海大学上海美术学院供图

如朝阳初启  迎万象焕新

张晓凌

站在“十四五”与“十五五”交汇的时间节点，回望2025年纷纭盛景，忽而意识到，中国文艺正历经一场前所未有的焕新蝶变，生机竞发：人工智能正从“工具”跃迁为人类灵性的“伙伴”；静默的传统正化为时代的旋律；文艺创作正由专业人士向大众拓展；美育这个百年前先贤的教育理念，正广泛而深入地滋养人们心灵……多维度、多层面焕新思潮的交织互构，从观念、技术、形态乃至底层逻辑上，促使整个文艺生态在科技赋能与人文关怀之间寻求动态平衡，引领文旅融出新天地。不知不觉间，中国文艺以焕新之姿态，自塑为世界上最具活力的精神高地。

新时代的中国，科学技术日新月异，这不仅改变着文化传播的模式，也为文艺创作拓界扩容。2025年，最引人关注的是人工智能突破工具范畴，上升为人类创意的合著者。当人工智能不再满足于复刻《兰亭集序》，而是着力探寻其思逸神超的境界，我们便站在了艺术本体论重构的高崖之上。一个生动的例子是，第二届国际书法嘉年华开幕式上，8台人工智能机器人与200多位书法家同台挥毫。很显然，这并非简单的人机较量，而是人机关于“灵韵”的相互质询。从中央广播电视总台2025年春晚，到第六届北京电影学院国际新媒体艺术三年展，再到第十届中国北京国际美术双年展，“人机共舞”“人机协作”已成常态。智能体的赋能，引发文艺生产深层变革——艺术家的工作不再是将传统符号进行数字化包装，而是尝试以算法、交互、虚拟现实等新语法，重释那些深植于传统美学中的关键命题，比如“意境”的生成。总之，人工智能正以强大的算法与自我意识生成来重塑艺术语言，由此催生了人机合一艺术、生物仿生艺术、多媒介混合艺术、多维交互艺术等新形态，并创生了后人类美学、未来美学、共生美学、新伦理美学等美学新范式。

国潮涌动，文物活化，是文艺界近年来最令人动容的情景。其动人之处，在于让中华优秀传统文化实现了创造性转化、创新性发展，让传统智慧滋养当代创造，让东方美学重回大众生活。中国东方演艺集团打造的舞剧《只此青绿》《永乐未央》，可谓是对传统文化的壮丽赋形。如果说《只此青绿》以“青绿”的视觉结构与独创性舞姿，完成了由“殿堂山水”向“人民山水”的叙事转型，那么《永乐未央》则以双线叙事的方式，在元代画工与现代青年的隔空共舞中，史诗般地诠释了中华美学精神和中国人的宇宙观。国潮涌动的同时，文物保护领域亦进入数字化永生时代。古籍等物质文化遗产与非物质文化遗产，一一在元宇宙中满血复活。当数字技术让壁画化生为天衣飞扬时，当虚拟现实让古画成为可步入的梦境时，我们不得不感叹，传统正经历着一场再生式的“变形记”——这并非简单的符号嫁接，而是对文明深层密码的破译与重组。

新时代的文艺，正日益走向共创共享。过去，文艺创作大多由专业权威主导。如今，自媒体的兴起、短视频的爆发和人工智能的深度融合，正在重塑内容创作和传播格局。技术革新极大降低了文艺创作、传播的门槛，千万普通人正从文艺的朝圣者与消费者，升维为文艺的生产者、传播者，形成新大众文艺浪潮。这场深刻变革，呈现出“破壁”与“生长”的双重景观。“破壁”者如“苏超”这一现象级文化事件，专业和业余作者纷纷为其创作“战歌”等，凭借媒体和网友的“玩梗狂欢”，完成一场波澜壮阔的意义反哺。“生长”者则如10年写、画人生自传获奖的70岁广西奶奶肖大妹，退休后写作并发表《清洁女工笔记》的王瑛等。他们作品中粗粝的生活质感，弥散着泥土的芬芳。更令人惊喜的，是艺术殿堂主动与大众互动。上海美术馆的“素人策展计划”、苏州当代美术馆的“八点半以后：社区艺术画像计划”等，有效引导大众参与到艺术构建之中。概言之，平凡人的力量正在重塑文艺生态，力图使其从“金字塔式”的森严结构，转向“人人都是艺术家”的庞大文化星系。在这里，专业与大众、职业与业余之间不再泾渭分明，而是在相互辉映中，互构为共生的新文艺体系。

百余年前，先贤们如蔡元培、鲁迅、梁启超等，皆力主美育。他们何以如此执着于美育事业？道理很简单，在他们看来，由“美”而识“真”“善”，乃是中华民族迈向现代的文化与伦理逻辑。时至今日，先贤们的理想已转化为“社会大课堂”的多模式普惠实践：它可见于美术馆、博物馆中人们阅读经典时的沉浸式享受，可见于各类艺术夜校闪烁的点点灯火，可见于艺术社区中居民与艺术家的共创，亦可见于孩子们艺术研学时探索的目光……当下之美育，可谓风行水上，自然成文，润物无声地滋养大众的心灵。

更深层的“焕新”，当为文艺与经济社会发展深度耦合。超越“文化搭台，经济唱戏”的陈旧模式，让文化IP深植于城市更新、乡村全面振兴的进程中，已成为文艺焕新的主要价值指向。生动诠释这一指向的案例，如上海深耕4年的“摩登田野”项目，以艺术与设计为桥，不断提质升级，去年不仅以装置艺术点亮田野，还创新融入无人机表演、灯光秀、稻田时装秀、乡村特色市集、田野欢歌会等，让艺术成为推动乡村“文旅商体展农”联动发展的流量入口。拾捡近年此类成功案例，可谓不胜枚举。且不说艺术如何让重庆洪崖洞、福州三坊七巷等在更新中完成产业效益的飞跃，单说上海博物馆“古埃及文明大展”一年之内即斩获数亿元收入，“苏超”赛事期间江苏文旅消费总额突破1200亿元，就足以令人震惊了。

2026年的阳光，映照着新时代的蓬勃气象。值得坚信的是，中国文艺的焕新之潮，正犹如朝阳初启，华光四射。其高世之志将在“苟日新，日日新，又日新”的实践中，与经济社会发展和文化强国建设的大势同向而行，继往开来。

丹青起舞  永乐未央

景小勇

近年来，越来越多源自中华文明深处的文化形态，正以新的方式走进当代生活、走上时代舞台。文物不再只是博物馆中的静态陈列，而是在不断被唤醒、被转译、被创造中迸发出跨越时空的生命力。

壁上丹青，气韵生动。2025年国庆期间首演的舞剧《永乐未央》，让诞生于700多年前的永乐宫壁画，在当代舞台上“活”了起来。真正的焕新，并非对传统的简单复刻，而是在深入理解传统文化内核基础上，用当代语言讲好中国故事。《永乐未央》是文物活化的一次生动实践，也是文艺焕新的一场深度对话。

中华优秀传统文化所蕴含的精神追求、价值理念与审美旨趣，是中华民族绵延不绝的根基。我们扎根历史文化根脉，深挖“守岁华，共丹青”的传承主题，一次次深入永乐宫，聆听亲历者的讲述，触摸时光的痕迹。“永乐”，是中华文明中对安和、繁盛与人民福祉的深情寄望；“未央”，表达的则是时间长河中绵延不绝的创造力与生命力。《永乐未央》选择以青春视角重述这份坚守——80后、90后、00后年轻的创演团队用肢体语言，搭建起一场跨越时空的对答。

如何将静默的文物转化为流动的情感，是中华优秀传统文化在当代审美语境中实现焕新生长的关键所在。我们将元代壁画的绚丽色彩、古建榫卯的精巧结构、琉璃技艺的莹润光泽，转化为舞者衣袂的起落转折，让沉睡于壁上的丹青走下宫墙、走上舞台。古代画工、匠师与当代创作者的坚守形成共鸣，让历史变得可感、可触、可共情。这种从历史中提炼精神、用当代表达呈现价值的创作方式，正是推动中华优秀传统文化创造性转化、创新性发展的应有之义。

年末岁初，《永乐未央》自山西太原启程跨年开启首轮巡演，拉开新一年的序幕。焕新，不仅是赋予过去以未来的形状，也让未来因传统的深厚而更显丰盈。艺术创新传递着中华文脉的精神力量。丹青起舞，永乐未央，中华优秀传统文化将在新时代的“笔墨丹青”中生生不息、历久弥新。

（作者为中国东方演艺集团有限公司党委书记、董事长）

国产文创IP澎湃新活力

高  鹏

回望2025年的文化景观，国产文创IP不断“破圈”，成为亮眼一幕，深深镌刻进大众文化记忆里。“拉布布”凭借“丑萌反叛”设计风靡海内外，全球曾“一布难求”；十五运会吉祥物“喜洋洋”“乐融融”从中华白海豚中汲取灵感，以亲民可爱的造型圈粉无数；我们团队研创的央视蛇年春晚吉祥物“巳升升”，在除夕夜“穿梭”于万家灯火，传递美好期许。一个又一个鲜活的载体，彰显着文化的长久生命力、蓬勃创造力。它们的“破圈”，本质是与受众建立了共情连接，实现了双向的奔赴与共创。

如今，文创正从粗放发展走向精耕细作，在守正与创新的辩证中实现高质量发展。守正，守的是中华文化精神内核：传统纹样的审美智慧、民俗符号的情感密码、民族精神的人文温度，都是文创IP不可动摇的根基。创新，则是表达的破界：将中华民族古老图腾转化为数字场景视觉语言，让文化走出典籍；把传统美好寓意融入日常设计，使情怀触手可及；用年轻人喜闻乐见的叙事，让传播突破时空界限。这种创新绝非浅尝辄止的符号拼接，而是深解文化后的精准转译，让传统文脉在当代社会生长出新的根系、枝丫。

文化如河，奔流不息。焕新，是为古老的河流汇入新的时代活水，使其以更鲜活、更澎湃的姿态，灌溉人们的心田。我们每一位设计师，都应是这时代活水的开掘者，当以敬畏之心承接过去，以创造之志走向未来。

2026年的晨光已至。我仿佛看见，未来的中国文创如一条绵长的星河，它的光，来自无数口向文明深处掘进的井。让我们继续做虔诚的掘井人，做浪漫的摘星者，以契合当代审美与当代情感的形象创造，传承中华文脉。期待更多文创IP扎根中华文明沃土，成为传递中国温度、书写时代气象的文化名片。

（作者为北京师范大学未来设计学院院长）

“苏超”：融合创新的优秀样本

贺云翱

近年来，“体育+文旅+商业”的融合在快速迭代升级，“苏超”便是非常典型的案例。“苏超”魅力究竟何在？比赛纯粹、用地域“文化梗”凝聚和释放“为城市而战”的深层情感，以及传播上利用互联网玩出了新高度，无疑是“苏超”首要的成功密码。

赛场上，南京门将佩戴盐水鸭手套，徐州球衣融入楚汉战甲元素，扬州球员独创“搓背庆祝”……赛场外，各城市通过“票根经济”，纷纷推出各类文旅大招，将本地区的物质文化遗产与非物质文化遗产和足球赛事深度链接。以足球联赛为载体，城市文化作为情感纽带、特色资源，与娱乐需求相融合，充分调动了大众的参与热情。

江苏之所以被网友称为“散装江苏”，其中一个重要原因是其下辖的每个城市都有自己的文化气质和文化特色。“苏超”以“文化梗”将各城市的历史渊源、美食文化进行现代转译和幽默表达，转化为赛场叙事，掀起了一场又一场令人忍俊不禁又饱含深意、全民共情的地域文化狂欢——徐州与宿迁“楚汉争霸”的历史，被转化为球迷互动符号；扬州与镇江的“早茶德比”，以包子、蒸饺论英雄；“常州”被削成“吊州”“巾州”，自黑式幽默成为赛事的情感黏合剂；“海鲜兄弟连”突出南通与连云港的海洋文化共性，弱化竞争性、强调协同性……

从“苏超”中，能看到南京深厚的古都文化，苏州、无锡、常州、镇江的江南“吴韵”文化，扬州、淮安的江淮文化和运河文化，徐州、宿迁的“汉风”文化，南通、盐城、连云港的海洋文化等。雷同者衰，万象者胜，各美其美的地域文化，为足球赛事注入了全新的生命力，从而创造出别具一格的“文化+经济”新业态。

“苏超”的成功启示我们，情感联结优于专业竞技，未来的文化创新必将根植于具体的人群、地域和共同记忆。只有从情感和认同上真正打动参与者，并让文化、体育、传播等融入日常生活，这股创新热潮才不会因赛事落幕而消退。

（作者为南京大学历史学院教授、文化与自然遗产研究所所长）

人机共创开启新空间

姚燕安

2025年众多“名场面”中，具身智能机器人可谓占据重要一席——扭秧歌、写书法、当乐手、跑马拉松……这既为我国“人工智能+”发展写下生动注脚，也让人们对美好未来充满期许与热望。

人工智能正在掀起各行业变革浪潮。在设计、书法、绘画、音乐、影视、舞蹈等艺术领域，“人机共创”新范式不断拓展创意、丰富表达，并贯穿创作、传播等全链条。如今，人工智能创作的音乐，已成为音乐产业中一股不可忽视的力量；人工智能机械臂不仅能精准模仿书法名家的笔触，甚至生成新风格；智能人形机器人的舞蹈表演，在动作精度、编舞复杂度和人机交互方面取得显著进展，且应用场景日益多元。人工智能正在为艺术创作打开更多新空间。

随着机器人越来越智能，其替代人类的可能性已成为科技与社会的重要议题。在我看来，当人工智能深度参与艺术创作，并从根本上改变艺术创作范式时，人类应辩证看待人与机器各自的局限，更加理性并认真地审视人的价值、艺术创作的本质，从而找到弥合之法，让“人机共创”更好发展。艺术创作是人的创造力的体现、情感的抒发、精神的迹化，在这一点上人工智能目前还远不能与人类相媲美，机器人的泛化能力也不足，难以应对高度不确定或需要直觉、道德考量的场景。

人工智能高能，但并非万能。未来，人类与人工智能深度协同是必然发展趋势，我们既需要不断突破技术屏障赋予机器更高智性，也要将人工智能视为助手和诤友，取“机”之长，补己之短，开创更多新的应用场景、开辟新的美学范式。未来已来！让我们怀向美之心，秉和谐之意，与科技牵手，共创富强美好的新生活。

（作者为北京交通大学机器人研究中心主任）",,副刊,https://paper.people.com.cn/rmrb/pc/content/202601/05/content_30129295.html,2026-01-05,"['文化', '人工智能', '苏超', '焕新', '艺术', '文艺', '未央', '2025', '传统', '运会']","中国画《光芒万丈》，作者籍洪达。
中国画《光芒万丈》，作者籍洪达。
“观妙入真——山西永乐宫文物精粹暨数字艺术大展”展厅一景。资料图片",经济
积极发展新质生产力  扎实推进高质量发展,"编者按：近日，中央宣传部、中央和国家机关工委、教育部、中央军委政治工作部、北京市委联合举办形势政策系列报告会。2025年12月25日，国家发展改革委党组书记、主任郑栅洁作了“积极发展新质生产力  扎实推进高质量发展”的专题报告，现以问答形式摘要刊发。
“十五五”时期，必须把因地制宜发展新质生产力摆在更加突出的战略位置
记者：习近平总书记强调，推动高质量发展，最重要是加快高水平科技自立自强，积极发展新质生产力，在推动科技创新、加快培育新动能、促进经济结构优化升级上取得实质性、突破性进展。我们应如何认识发展新质生产力的重要战略意义？
郑栅洁：“十四五”时期，以习近平同志为核心的党中央团结带领全党全国各族人民，迎难而上、砥砺前行，推动经济运行稳中有进，新质生产力稳步发展，高质量发展取得新的历史性成就，我国经济实力、科技实力、综合国力跃上新台阶。习近平总书记站在党和国家事业发展全局高度，对发展新质生产力的理论和实践、内涵和外延、方法和路径，作出全面阐述、系统部署，有力有效引领我国经济社会高质量发展。事实充分印证，发展新质生产力是习近平经济思想中最富有原创性、标识性的概念之一，深化了我们党对于生产力发展规律的科学认识，为新时代新征程上扎实推进高质量发展提供了科学指引。“十五五”时期是基本实现社会主义现代化夯实基础、全面发力的关键时期，发展新质生产力具有重要战略意义。
第一，推动高质量发展需要新的生产力理论来指导。新中国成立后，特别是改革开放以来，我们党创造了经济快速发展和社会长期稳定“两大奇迹”，形成了具有中国特色的生产力理论。随着我国进入新发展阶段，高质量发展成为全面建设社会主义现代化国家的首要任务，迫切需要新的生产力理论来引领推动。在这关键历史时期，习近平总书记创新发展了传统生产力理论，强调新质生产力已经在实践中形成并展示出对高质量发展的强劲推动力、支撑力，发展新质生产力是推动高质量发展的内在要求和重要着力点。“十五五”时期，必须坚持以经济建设为中心，以推动高质量发展为主题，通过因地制宜发展新质生产力改造提升传统动能、培育激发新动能，稳步提升全要素生产率，实现高质量、可持续的发展。
第二，赢得大国博弈战略主动需要发展新质生产力。纵观人类社会发展史，科技革命和产业变革深刻改变了世界经济版图。当前，世界百年变局加速演进，新一轮科技革命和产业变革加速突破，大国博弈更加复杂激烈，占据优势的基础在于生产力的发展，主导竞争的关键在于生产力的比拼。“十五五”时期，必须把发展新质生产力作为确立我国中长期战略优势地位的“胜负手”，因应全球政治格局、经济格局、产业格局、科技格局变化，抓住新一轮科技革命和产业变革历史机遇，加快形成更多标志性、原创性、颠覆性的科技和产业创新成果，塑造发展新动能、积累发展新优势、赢得发展主动权，始终在大国博弈中站稳脚跟。
第三，促进人的全面发展需要发展新质生产力。人是生产力中最具有决定性的力量和最活跃的因素。发展新质生产力将构筑坚实的物质基础和社会基础，一步一步推动实现人的全面发展和全体人民共同富裕。“十五五”时期，必须坚持人民至上，通过因地制宜发展新质生产力，创造更加多元、丰富的就业机会，不断提高人民生活品质，更好满足人民群众对美好生活的向往，充分释放劳动者潜能和全社会创新创造活力，推动经济和社会协调发展、物质文明和精神文明相得益彰，让现代化建设成果更多更公平地惠及全体人民。
“十四五”时期我国综合国力进一步大幅提升，为“十五五”时期发展新质生产力、推动高质量发展提供了坚实有力的支撑
记者：当今世界，围绕新一轮科技革命和产业变革的竞争更加激烈。在发展新质生产力方面，我们有哪些战略优势？
郑栅洁：我们要增强战略自信，保持战略定力，把握体制机制、创新生态、产业体系、增长空间等方面战略优势，坚定不移积极发展新质生产力。
第一，体制机制优势。一是规划体制，我们充分发挥国家发展规划战略导向作用，将党的主张有效转化为国家意志和全社会共同行动，这是我们党治国理政一条重要经验，也是中国特色社会主义一个重要政治优势。二是宏观经济治理体系，我们着力加强规划计划宏观引导，创新和完善宏观调控，增强宏观政策取向一致性，推动财政、货币、产业等各领域政策同向发力、形成合力，加强预期管理，促进创新链产业链资金链人才链深度融合，加快培育壮大新质生产力。三是新型举国体制，我们着力构建协同高效的决策指挥体系和组织实施体系，调配资源、集中力量攻克最难、最高科技领域的关键核心技术，把动员力、凝聚力、创新力源源不断地汇聚转化为新质生产力。同时更要深刻认识到，规划体制、宏观经济治理体系、新型举国体制等优势，归根结底在于坚持和加强党的全面领导，坚定维护党中央权威和集中统一领导，发挥党总揽全局、协调各方的领导核心作用，把党的领导贯穿经济社会发展各方面全过程。
第二，创新生态优势。一是创新要素全，人才、技术、资本、数据等各类先进生产要素向发展新质生产力加速集聚。我国人才资源总量、研发人员总量稳居世界第一，高研发投入、高成长属性的科技企业获得资本市场更多青睐，数据市场快速成长、数字经济成为重要经济形态。二是创新主体活，各类创新主体迸发活力、协同创新，不断增强发展新质生产力的集成效应、乘数效应。在人工智能领域，科创团队、企业与各个行业深度合作、融合发展，不仅发布了多个领跑全球的通用大模型，还发布了一大批行业模型。三是创新环境优，支持全面创新的基础制度和政策体系不断完善，推动全社会形成鼓励大胆创新、勇于创新、包容创新的良好氛围，为发展新质生产力搭建更大舞台、创造更多机会。
第三，产业体系优势。在传统产业方面，加强基础能力建设和重大技术攻关，通过发展新质生产力，推动传统产业从中低端迈向中高端、从量变转为质变，不断焕发新的活力。在新兴产业和未来产业方面，面向世界科技前沿、创新前沿加速突破，新动能快速成长，部分产业已经实现从跟跑到并跑、再到领跑的跨越，推动新质生产力加速发展。在服务业方面，一头托举产业发展、一头托举民生改善，呈现规模大幅跃升、质效不断提升的良好发展态势，通过将专业化服务嵌入产业链各环节，为发展新质生产力提供了越来越多的机遇。在现代化基础设施体系方面，国家综合立体交通网主骨架“6轴7廊8通道”基本贯通，交通“毛细血管”也更发达，拉近了时空距离、畅通了人流物流，支撑新质生产力发展需要的要素顺畅流动、融合集聚。
第四，增长空间优势。从国内市场来看，我国拥有14亿多人口的超大规模市场和全球最完备的制造业体系。从高铁、核电、移动通信、平台经济，到智能汽车、智能手机、智能家居，再到人工智能、低空经济，发展新质生产力将庞大的市场需求与丰富的应用场景、强大的生产能力、多元的商业模式结合起来，将催生更多先进技术、形成更多产业应用、培育更多世界一流企业。从国际市场来看，我国出口结构正在加速升级，机电等高附加值产品已经占据主导，2025年前11个月机电产品出口额同比增长8.8%、占出口总值比重达到60.9%。同时，“走出去”的中国企业，科技含量和竞争实力明显提升，以品质更高的商品、服务与技术，持续为全球市场“上新”，进一步增强了我们发展新质生产力的底气。
“十五五”时期，围绕发展新质生产力、推动高质量发展要重点做好八方面工作
记者：党的二十届四中全会和中央经济工作会议对因地制宜发展新质生产力作出系统部署，下一步将重点开展哪些工作？
郑栅洁：我们将深入学习领会习近平总书记关于发展新质生产力的重要论述，不折不扣贯彻落实好党的二十届四中全会精神和中央经济工作会议部署，坚持全国一盘棋，因时因地制宜、因业分类施策，不断提高发展新质生产力的实践本领和能力，全力以赴推动经济社会高质量发展。
一是加快高水平科技自立自强。强化基础研究战略性、前瞻性、体系化布局，强化科学研究、技术开发原始创新导向，优化有利于原创性、颠覆性创新的环境。完善新型举国体制，采取超常规措施，全链条推动重点领域关键核心技术攻关取得决定性突破，部署实施一批国家重大科技任务。推进科技创新和产业创新深度融合，加快重大科技成果高效转化应用，强化企业科技创新主体地位，建设北京（京津冀）、上海（长三角）、粤港澳大湾区国际科技创新中心。
二是建设现代化产业体系。优化提升传统产业，巩固提升化工、机械、船舶等产业在全球产业分工中的地位和竞争力。加快新能源、新材料、航空航天、低空经济等战略性新兴产业集群发展，推动量子科技、生物制造、氢能和核聚变能、脑机接口、具身智能、第六代移动通信等成为新的经济增长点。实施服务业扩能提质行动，分领域推进生产性服务业向专业化和价值链高端延伸，促进生活性服务业高品质、多样化、便利化发展。加强基础设施统筹规划，优化布局结构，促进集成融合，提升安全韧性和运营可持续性。
三是健全发展新质生产力的体制机制。对标对表“十五五”规划建议，组织起草规划纲要草案及专项规划，将“十五五”规划建议中关于发展新质生产力的部署要求细化为务实举措。实施更加积极有为的宏观政策，将各类经济政策和非经济政策、存量政策和增量政策纳入宏观政策取向一致性评估，健全预期管理机制，形成有利于新质生产力发展的宏观政策环境。构建支持全面创新的体制机制，一体推进教育科技人才发展，加快完善要素市场化配置体制机制以及重大科技创新组织机制、科技成果转化机制、财税金融体制等。
四是建设强大国内市场。深入实施提振消费专项行动，扩大优质消费品和服务供给，优化“两新”政策实施，以放宽准入、业态融合为重点扩大服务消费，推动商品消费扩容升级。优化政府投资结构，提高民生类政府投资比重，高质量推进“两重”建设，不断提高投资综合效益，完善民营企业参与重大项目长效机制。坚决破除阻碍全国统一大市场建设卡点堵点，统一市场基础制度规则，规范地方政府经济促进行为，坚决破除地方保护和市场分割，综合整治“内卷式”竞争，充分释放我国超大规模市场红利。
五是扩大高水平对外开放。稳步扩大制度型开放，对接国际高标准经贸规则，扩大高标准自由贸易区网络，高标准建设海南自由贸易港。推动市场多元化和内外贸一体化，大力发展服务贸易，支持跨境电商等新业态新模式发展。拓展双向投资合作空间，缩减外资准入负面清单，促进外资境内再投资，引导产业链供应链合理有序跨境布局。高质量共建“一带一路”，强化合作规划统筹管理，完善立体互联互通网络布局，提升中欧（亚）班列发展水平。
六是优化区域经济布局。发挥区域协调发展战略、区域重大战略、主体功能区战略、新型城镇化战略叠加效应，构建优势互补、高质量发展的区域经济布局和国土空间体系。鼓励和引导各地找准在全国发展大局中的功能定位，立足自身资源禀赋、产业基础，合理设定目标，找到最佳路径，实现新质生产力差异化发展。促进区域联动发展，健全区域间规划统筹、产业协作、利益共享等机制，形成发展新质生产力的区域协同网络。
七是加快经济社会发展全面绿色转型。新质生产力本身就是绿色生产力，我们将积极稳妥推进和实现碳达峰，实施碳排放总量和强度双控制度，推动煤炭和石油消费达峰，建立健全绿色低碳标准体系。加快建设新型能源体系，持续提高新能源供给比重，加强化石能源清洁高效利用。加快形成绿色生产生活方式，推动重点领域绿色低碳转型，促进循环经济发展，健全绿色消费激励机制，推广绿色低碳生活方式，形成崇尚生态文明的社会氛围。
八是扎实推进全体人民共同富裕。注重在发展中保障和改善民生，在满足民生需求中拓展发展空间，加大投资于人的力度，促进人的全面发展。就业方面，完善就业支持和公共服务体系，稳定和扩大高校毕业生、农民工、退役军人等重点群体就业，推动灵活就业、新就业形态健康发展。教育方面，健全与人口变化相适应的教育资源配置机制，扩大学龄人口净流入城镇的教育资源供给，推动高等教育提质扩容。医疗方面，促进优质医疗资源扩容下沉和区域均衡布局，实施医疗卫生强基工程，支持创新药和医疗器械发展。人口方面，健全覆盖全人群、全生命周期的人口服务体系，促进人口高质量发展。","# 积极发展新质生产力  扎实推进高质量发展

> 本报记者  刘志强《人民日报》（2026年01月06日第 02 版）

编者按：近日，中央宣传部、中央和国家机关工委、教育部、中央军委政治工作部、北京市委联合举办形势政策系列报告会。2025年12月25日，国家发展改革委党组书记、主任郑栅洁作了“积极发展新质生产力  扎实推进高质量发展”的专题报告，现以问答形式摘要刊发。

**“十五五”时期，必须把因地制宜发展新质生产力摆在更加突出的战略位置**

记者：习近平总书记强调，推动高质量发展，最重要是加快高水平科技自立自强，积极发展新质生产力，在推动科技创新、加快培育新动能、促进经济结构优化升级上取得实质性、突破性进展。我们应如何认识发展新质生产力的重要战略意义？

郑栅洁：“十四五”时期，以习近平同志为核心的党中央团结带领全党全国各族人民，迎难而上、砥砺前行，推动经济运行稳中有进，新质生产力稳步发展，高质量发展取得新的历史性成就，我国经济实力、科技实力、综合国力跃上新台阶。习近平总书记站在党和国家事业发展全局高度，对发展新质生产力的理论和实践、内涵和外延、方法和路径，作出全面阐述、系统部署，有力有效引领我国经济社会高质量发展。事实充分印证，发展新质生产力是习近平经济思想中最富有原创性、标识性的概念之一，深化了我们党对于生产力发展规律的科学认识，为新时代新征程上扎实推进高质量发展提供了科学指引。“十五五”时期是基本实现社会主义现代化夯实基础、全面发力的关键时期，发展新质生产力具有重要战略意义。

第一，推动高质量发展需要新的生产力理论来指导。新中国成立后，特别是改革开放以来，我们党创造了经济快速发展和社会长期稳定“两大奇迹”，形成了具有中国特色的生产力理论。随着我国进入新发展阶段，高质量发展成为全面建设社会主义现代化国家的首要任务，迫切需要新的生产力理论来引领推动。在这关键历史时期，习近平总书记创新发展了传统生产力理论，强调新质生产力已经在实践中形成并展示出对高质量发展的强劲推动力、支撑力，发展新质生产力是推动高质量发展的内在要求和重要着力点。“十五五”时期，必须坚持以经济建设为中心，以推动高质量发展为主题，通过因地制宜发展新质生产力改造提升传统动能、培育激发新动能，稳步提升全要素生产率，实现高质量、可持续的发展。

第二，赢得大国博弈战略主动需要发展新质生产力。纵观人类社会发展史，科技革命和产业变革深刻改变了世界经济版图。当前，世界百年变局加速演进，新一轮科技革命和产业变革加速突破，大国博弈更加复杂激烈，占据优势的基础在于生产力的发展，主导竞争的关键在于生产力的比拼。“十五五”时期，必须把发展新质生产力作为确立我国中长期战略优势地位的“胜负手”，因应全球政治格局、经济格局、产业格局、科技格局变化，抓住新一轮科技革命和产业变革历史机遇，加快形成更多标志性、原创性、颠覆性的科技和产业创新成果，塑造发展新动能、积累发展新优势、赢得发展主动权，始终在大国博弈中站稳脚跟。

第三，促进人的全面发展需要发展新质生产力。人是生产力中最具有决定性的力量和最活跃的因素。发展新质生产力将构筑坚实的物质基础和社会基础，一步一步推动实现人的全面发展和全体人民共同富裕。“十五五”时期，必须坚持人民至上，通过因地制宜发展新质生产力，创造更加多元、丰富的就业机会，不断提高人民生活品质，更好满足人民群众对美好生活的向往，充分释放劳动者潜能和全社会创新创造活力，推动经济和社会协调发展、物质文明和精神文明相得益彰，让现代化建设成果更多更公平地惠及全体人民。

**“十四五”时期我国综合国力进一步大幅提升，为“十五五”时期发展新质生产力、推动高质量发展提供了坚实有力的支撑**

记者：当今世界，围绕新一轮科技革命和产业变革的竞争更加激烈。在发展新质生产力方面，我们有哪些战略优势？

郑栅洁：我们要增强战略自信，保持战略定力，把握体制机制、创新生态、产业体系、增长空间等方面战略优势，坚定不移积极发展新质生产力。

第一，体制机制优势。一是规划体制，我们充分发挥国家发展规划战略导向作用，将党的主张有效转化为国家意志和全社会共同行动，这是我们党治国理政一条重要经验，也是中国特色社会主义一个重要政治优势。二是宏观经济治理体系，我们着力加强规划计划宏观引导，创新和完善宏观调控，增强宏观政策取向一致性，推动财政、货币、产业等各领域政策同向发力、形成合力，加强预期管理，促进创新链产业链资金链人才链深度融合，加快培育壮大新质生产力。三是新型举国体制，我们着力构建协同高效的决策指挥体系和组织实施体系，调配资源、集中力量攻克最难、最高科技领域的关键核心技术，把动员力、凝聚力、创新力源源不断地汇聚转化为新质生产力。同时更要深刻认识到，规划体制、宏观经济治理体系、新型举国体制等优势，归根结底在于坚持和加强党的全面领导，坚定维护党中央权威和集中统一领导，发挥党总揽全局、协调各方的领导核心作用，把党的领导贯穿经济社会发展各方面全过程。

第二，创新生态优势。一是创新要素全，人才、技术、资本、数据等各类先进生产要素向发展新质生产力加速集聚。我国人才资源总量、研发人员总量稳居世界第一，高研发投入、高成长属性的科技企业获得资本市场更多青睐，数据市场快速成长、数字经济成为重要经济形态。二是创新主体活，各类创新主体迸发活力、协同创新，不断增强发展新质生产力的集成效应、乘数效应。在人工智能领域，科创团队、企业与各个行业深度合作、融合发展，不仅发布了多个领跑全球的通用大模型，还发布了一大批行业模型。三是创新环境优，支持全面创新的基础制度和政策体系不断完善，推动全社会形成鼓励大胆创新、勇于创新、包容创新的良好氛围，为发展新质生产力搭建更大舞台、创造更多机会。

第三，产业体系优势。在传统产业方面，加强基础能力建设和重大技术攻关，通过发展新质生产力，推动传统产业从中低端迈向中高端、从量变转为质变，不断焕发新的活力。在新兴产业和未来产业方面，面向世界科技前沿、创新前沿加速突破，新动能快速成长，部分产业已经实现从跟跑到并跑、再到领跑的跨越，推动新质生产力加速发展。在服务业方面，一头托举产业发展、一头托举民生改善，呈现规模大幅跃升、质效不断提升的良好发展态势，通过将专业化服务嵌入产业链各环节，为发展新质生产力提供了越来越多的机遇。在现代化基础设施体系方面，国家综合立体交通网主骨架“6轴7廊8通道”基本贯通，交通“毛细血管”也更发达，拉近了时空距离、畅通了人流物流，支撑新质生产力发展需要的要素顺畅流动、融合集聚。

第四，增长空间优势。从国内市场来看，我国拥有14亿多人口的超大规模市场和全球最完备的制造业体系。从高铁、核电、移动通信、平台经济，到智能汽车、智能手机、智能家居，再到人工智能、低空经济，发展新质生产力将庞大的市场需求与丰富的应用场景、强大的生产能力、多元的商业模式结合起来，将催生更多先进技术、形成更多产业应用、培育更多世界一流企业。从国际市场来看，我国出口结构正在加速升级，机电等高附加值产品已经占据主导，2025年前11个月机电产品出口额同比增长8.8%、占出口总值比重达到60.9%。同时，“走出去”的中国企业，科技含量和竞争实力明显提升，以品质更高的商品、服务与技术，持续为全球市场“上新”，进一步增强了我们发展新质生产力的底气。

**“十五五”时期，围绕发展新质生产力、推动高质量发展要重点做好八方面工作**

记者：党的二十届四中全会和中央经济工作会议对因地制宜发展新质生产力作出系统部署，下一步将重点开展哪些工作？

郑栅洁：我们将深入学习领会习近平总书记关于发展新质生产力的重要论述，不折不扣贯彻落实好党的二十届四中全会精神和中央经济工作会议部署，坚持全国一盘棋，因时因地制宜、因业分类施策，不断提高发展新质生产力的实践本领和能力，全力以赴推动经济社会高质量发展。

一是加快高水平科技自立自强。强化基础研究战略性、前瞻性、体系化布局，强化科学研究、技术开发原始创新导向，优化有利于原创性、颠覆性创新的环境。完善新型举国体制，采取超常规措施，全链条推动重点领域关键核心技术攻关取得决定性突破，部署实施一批国家重大科技任务。推进科技创新和产业创新深度融合，加快重大科技成果高效转化应用，强化企业科技创新主体地位，建设北京（京津冀）、上海（长三角）、粤港澳大湾区国际科技创新中心。

二是建设现代化产业体系。优化提升传统产业，巩固提升化工、机械、船舶等产业在全球产业分工中的地位和竞争力。加快新能源、新材料、航空航天、低空经济等战略性新兴产业集群发展，推动量子科技、生物制造、氢能和核聚变能、脑机接口、具身智能、第六代移动通信等成为新的经济增长点。实施服务业扩能提质行动，分领域推进生产性服务业向专业化和价值链高端延伸，促进生活性服务业高品质、多样化、便利化发展。加强基础设施统筹规划，优化布局结构，促进集成融合，提升安全韧性和运营可持续性。

三是健全发展新质生产力的体制机制。对标对表“十五五”规划建议，组织起草规划纲要草案及专项规划，将“十五五”规划建议中关于发展新质生产力的部署要求细化为务实举措。实施更加积极有为的宏观政策，将各类经济政策和非经济政策、存量政策和增量政策纳入宏观政策取向一致性评估，健全预期管理机制，形成有利于新质生产力发展的宏观政策环境。构建支持全面创新的体制机制，一体推进教育科技人才发展，加快完善要素市场化配置体制机制以及重大科技创新组织机制、科技成果转化机制、财税金融体制等。

四是建设强大国内市场。深入实施提振消费专项行动，扩大优质消费品和服务供给，优化“两新”政策实施，以放宽准入、业态融合为重点扩大服务消费，推动商品消费扩容升级。优化政府投资结构，提高民生类政府投资比重，高质量推进“两重”建设，不断提高投资综合效益，完善民营企业参与重大项目长效机制。坚决破除阻碍全国统一大市场建设卡点堵点，统一市场基础制度规则，规范地方政府经济促进行为，坚决破除地方保护和市场分割，综合整治“内卷式”竞争，充分释放我国超大规模市场红利。

五是扩大高水平对外开放。稳步扩大制度型开放，对接国际高标准经贸规则，扩大高标准自由贸易区网络，高标准建设海南自由贸易港。推动市场多元化和内外贸一体化，大力发展服务贸易，支持跨境电商等新业态新模式发展。拓展双向投资合作空间，缩减外资准入负面清单，促进外资境内再投资，引导产业链供应链合理有序跨境布局。高质量共建“一带一路”，强化合作规划统筹管理，完善立体互联互通网络布局，提升中欧（亚）班列发展水平。

六是优化区域经济布局。发挥区域协调发展战略、区域重大战略、主体功能区战略、新型城镇化战略叠加效应，构建优势互补、高质量发展的区域经济布局和国土空间体系。鼓励和引导各地找准在全国发展大局中的功能定位，立足自身资源禀赋、产业基础，合理设定目标，找到最佳路径，实现新质生产力差异化发展。促进区域联动发展，健全区域间规划统筹、产业协作、利益共享等机制，形成发展新质生产力的区域协同网络。

七是加快经济社会发展全面绿色转型。新质生产力本身就是绿色生产力，我们将积极稳妥推进和实现碳达峰，实施碳排放总量和强度双控制度，推动煤炭和石油消费达峰，建立健全绿色低碳标准体系。加快建设新型能源体系，持续提高新能源供给比重，加强化石能源清洁高效利用。加快形成绿色生产生活方式，推动重点领域绿色低碳转型，促进循环经济发展，健全绿色消费激励机制，推广绿色低碳生活方式，形成崇尚生态文明的社会氛围。

八是扎实推进全体人民共同富裕。注重在发展中保障和改善民生，在满足民生需求中拓展发展空间，加大投资于人的力度，促进人的全面发展。就业方面，完善就业支持和公共服务体系，稳定和扩大高校毕业生、农民工、退役军人等重点群体就业，推动灵活就业、新就业形态健康发展。教育方面，健全与人口变化相适应的教育资源配置机制，扩大学龄人口净流入城镇的教育资源供给，推动高等教育提质扩容。医疗方面，促进优质医疗资源扩容下沉和区域均衡布局，实施医疗卫生强基工程，支持创新药和医疗器械发展。人口方面，健全覆盖全人群、全生命周期的人口服务体系，促进人口高质量发展。",刘志强,要闻,https://paper.people.com.cn/rmrb/pc/content/202601/06/content_30129701.html,2026-01-06,"['新质', '生产力', '发展', '高质量', '创新', '推动', '产业', '科技', '体系', '十五']","编者按：近日，中央宣传部、中央和国家机关工委、教育部、中央军委政治工作部、北京市委联合举办形势政策系列报告会。2025年12月25日，国家发展改革委党组书记、主任郑栅洁作了“积极发展新质生产力  扎实推进高质量发展”的专题报告，现以问答形式摘要刊发。
“十五五”时期，必须把因地制宜发展新质生产力摆在更加突出的战略位置
记者：习近平总书记强调，推动高质量发展，最重要是加快高水平科技自立自强，积极发展新质生产力，在推动科技创新、加快培育新动能、促进经济结构优化升级上取得实质性、突破性进展。我们应如何认识发展新质生产力的重要战略意义？",政治
李强在广东调研时强调,"新华社广州1月5日电  （记者邹伟）中共中央政治局常委、国务院总理李强1月3日至5日在广东调研。他强调，迈入新的一年，要深入贯彻习近平总书记在中央经济工作会议上的重要讲话精神，紧紧围绕推动高质量发展这个主题，牢记在全国发展大局中的使命，厚植创新发展优势，勇立改革开放潮头，只争朝夕做好经济社会发展各项工作，奋力实现“十五五”良好开局。
在深圳市，李强听取深港科技创新合作区规划发展等情况汇报，了解园区企业运用人工智能赋能新材料、生物医药等领域研发进展，察看比亚迪公司新能源汽车展示。李强指出，科技创新是赢得未来的关键所在。要强化企业创新主体地位，完善政策、资金、人才等支持，依托粤港澳大湾区优势集聚创新资源，瞄准新兴领域和关键核心技术加强研发合作，取得更多突破性成果。李强来到深圳蛇口邮轮母港直升机场和机器人谷，了解低空经济发展情况，观看机器人企业产品演示，细致询问企业技术转化应用、产业集群发展等方面情况。李强指出，科技的生命在于应用，要进一步完善产业生态，培育拓展应用场景，探索有效的经营模式，推动机器人、无人机等新技术新产品在扩大应用中加快迭代升级，更好赋能千行百业、造福千家万户。
途经深中通道时，李强听取项目运营及珠江口跨海通道规划建设介绍。他强调，要充分运用先进技术，管好用好交通要道，确保安全、顺畅运行，更好促进大湾区互联互通、协同发展。在佛山市，李强考察了广东美的厨房电器制造有限公司，参观数字化智能化生产线。他指出，经济发展和居民生活品质提高带来许多新的消费需求，要深入研究这些新变化，加快研发生产更多优质产品，推动形成需求牵引供给、供给创造需求的良性循环。在佛山国际陆港，李强详细了解跨境电商和保税物流发展运营情况。他强调，要坚定不移扩大高水平对外开放，把基础设施“硬联通”和规则标准“软联通”更好结合起来，统筹布局建设科技创新、服务贸易、产业发展等重大开放合作平台，拓展数字贸易、绿色贸易，有序扩大服务领域自主开放，积极扩大进口，推动进出口平衡发展。
调研中，李强与部分科技企业、深圳市政府有关部门负责人座谈交流。他强调，今年是“十五五”开局之年，希望广大企业抢抓机遇、锐意创新，努力实现更大发展，为经济稳中向好注入强劲动能。各级政府部门要加强协调配合，形成工作合力，各项工作能早则早抓紧抓实。要深化重点领域改革，提升服务效能，优化营商环境，不断激发经济发展内生动力。
黄坤明、吴政隆参加调研。","# 李强在广东调研时强调

> 《人民日报》（2026年01月06日第 02 版）

新华社广州1月5日电  （记者邹伟）中共中央政治局常委、国务院总理李强1月3日至5日在广东调研。他强调，迈入新的一年，要深入贯彻习近平总书记在中央经济工作会议上的重要讲话精神，紧紧围绕推动高质量发展这个主题，牢记在全国发展大局中的使命，厚植创新发展优势，勇立改革开放潮头，只争朝夕做好经济社会发展各项工作，奋力实现“十五五”良好开局。

在深圳市，李强听取深港科技创新合作区规划发展等情况汇报，了解园区企业运用人工智能赋能新材料、生物医药等领域研发进展，察看比亚迪公司新能源汽车展示。李强指出，科技创新是赢得未来的关键所在。要强化企业创新主体地位，完善政策、资金、人才等支持，依托粤港澳大湾区优势集聚创新资源，瞄准新兴领域和关键核心技术加强研发合作，取得更多突破性成果。李强来到深圳蛇口邮轮母港直升机场和机器人谷，了解低空经济发展情况，观看机器人企业产品演示，细致询问企业技术转化应用、产业集群发展等方面情况。李强指出，科技的生命在于应用，要进一步完善产业生态，培育拓展应用场景，探索有效的经营模式，推动机器人、无人机等新技术新产品在扩大应用中加快迭代升级，更好赋能千行百业、造福千家万户。

途经深中通道时，李强听取项目运营及珠江口跨海通道规划建设介绍。他强调，要充分运用先进技术，管好用好交通要道，确保安全、顺畅运行，更好促进大湾区互联互通、协同发展。在佛山市，李强考察了广东美的厨房电器制造有限公司，参观数字化智能化生产线。他指出，经济发展和居民生活品质提高带来许多新的消费需求，要深入研究这些新变化，加快研发生产更多优质产品，推动形成需求牵引供给、供给创造需求的良性循环。在佛山国际陆港，李强详细了解跨境电商和保税物流发展运营情况。他强调，要坚定不移扩大高水平对外开放，把基础设施“硬联通”和规则标准“软联通”更好结合起来，统筹布局建设科技创新、服务贸易、产业发展等重大开放合作平台，拓展数字贸易、绿色贸易，有序扩大服务领域自主开放，积极扩大进口，推动进出口平衡发展。

调研中，李强与部分科技企业、深圳市政府有关部门负责人座谈交流。他强调，今年是“十五五”开局之年，希望广大企业抢抓机遇、锐意创新，努力实现更大发展，为经济稳中向好注入强劲动能。各级政府部门要加强协调配合，形成工作合力，各项工作能早则早抓紧抓实。要深化重点领域改革，提升服务效能，优化营商环境，不断激发经济发展内生动力。

黄坤明、吴政隆参加调研。",,要闻,https://paper.people.com.cn/rmrb/pc/content/202601/06/content_30129703.html,2026-01-06,"['李强', '发展', '创新', '科技', '调研', '强调', '机器人', '企业', '赋能', '应用']","新华社广州1月5日电  （记者邹伟）中共中央政治局常委、国务院总理李强1月3日至5日在广东调研。他强调，迈入新的一年，要深入贯彻习近平总书记在中央经济工作会议上的重要讲话精神，紧紧围绕推动高质量发展这个主题，牢记在全国发展大局中的使命，厚植创新发展优势，勇立改革开放潮头，只争朝夕做好经济社会发展各项工作，奋力实现“十五五”良好开局。
在深圳市，李强听取深港科技创新合作区规划发展等情况汇报，了解园区企业运用人工智能赋能新材料、生物医药等领域研发进展，察看比亚迪公司新能源汽车展示。李强指出，科技创新是赢得未来的关键所在。要强化企业创新主体地位，完善政策、资金、人才等支持，依托粤港澳大湾区优势集聚创新资源，瞄准新兴领域和关键核心技术加强研发合作，取得更多突破性成果。李强来到深圳蛇口邮轮母港直升机场和机器人谷，了解低空经济发展情况，观看机器人企业产品演示，细致询问企业技术转化应用、产业集群发展等方面情况。李强指出，科技的生命在于应用，要进一步完善产业生态，培育拓展应用场景，探索有效的经营模式，推动机器人、无人机等新技术新产品在扩大应用中加快迭代升级，更好赋能千行百业、造福千家万户。
途经深中通道时，李强听取项目运营及珠江口跨海通道规划建设介绍。他强调，要充分运用先进技术，管好用好交通要道，确保安全、顺畅运行，更好促进大湾区互联互通、协同发展。在佛山市，李强考察了广东美的厨房电器制造有限公司，参观数字化智能化生产线。他指出，经济发展和居民生活品质提高带来许多新的消费需求，要深入研究这些新变化，加快研发生产更多优质产品，推动形成需求牵引供给、供给创造需求的良性循环。在佛山国际陆港，李强详细了解跨境电商和保税物流发展运营情况。他强调，要坚定不移扩大高水平对外开放，把基础设施“硬联通”和规则标准“软联通”更好结合起来，统筹布局建设科技创新、服务贸易、产业发展等重大开放合作平台，拓展数字贸易、绿色贸易，有序扩大服务领域自主开放，积极扩大进口，推动进出口平衡发展。",政治
“这封回信是对我艺术生涯最大的激励”（大道之行）,"“习近平主席是一位卓越的大国领导人，对文明交流互鉴有着深刻理解。收到习近平主席的复信，我十分激动。”年届八旬的埃及赫勒万大学美术学院教授、著名画家艾哈迈德·纳瓦尔近日在接受本报记者采访时表示。
2023年4月，在埃及开罗举行的“艺汇丝路——中阿知名艺术家采风作品展”暨中阿艺术家对话沙龙活动上，纳瓦尔作为阿拉伯艺术家代表宣读了他们写给习近平主席的联名信。
“在信中，我们分享了10余年来参加‘艺汇丝路’访华采风活动的所见所感，并表达了对推动阿中文明交流的期待与信心。”纳瓦尔说，习近平主席很快回信，鼓励大家以大美之艺创作更多促进中阿文化交流的艺术作品，分享在中国的经历和感悟，让更多阿拉伯朋友感受中国、了解中国，同中国人民一道，共同谱写新时代中阿文明交流互鉴新篇章。
纳瓦尔表示，一字一句读完习近平主席的复信，他既感动又振奋。“作为一名艺术工作者，我创作时常常思考自己的作品是否具有跨越国界、跨越文化的力量。这封回信是对我艺术生涯最大的激励。从那一刻起，我更坚定了用画笔增进阿中友谊的信念。”纳瓦尔说，“随着阿中文明交流互鉴的不断深化，我相信自己的艺术道路必将越走越宽广。”
在纳瓦尔看来，习近平主席提出的全球文明倡议让人们明白，文明交流从不是一国独奏，而是世界各国的大合唱。中国积极促进不同文明相互尊重、和谐共处，让文明交流互鉴成为增进各国人民友谊的桥梁。阿拉伯国家也始终秉持“知识，虽远在中国，亦当求之”的开放精神。纳瓦尔说：“当我宣读致习近平主席的联名信时，眼前浮现的是故宫与金字塔交映的画面——这不仅是艺术的相遇，更是人类共同价值的回响。”
2013年，纳瓦尔第一次赴中国写生。“在新疆，我被那里丰富多彩的民族文化吸引，深入了解了新疆的社会风貌、风俗习惯、文化遗产和发展成就，受益匪浅。”纳瓦尔表示，新疆的自然风光和风土人情带给了他丰富的创作灵感，他创作了30余幅画作，“我希望通过这些画作，向阿拉伯国家乃至全世界介绍真实的新疆，用画作表达我对中国的热爱和尊重。”
此后，纳瓦尔多次前往中国。他感叹于中华大地的秀美山川、丰富的自然文化遗产，以及中国独特的人文景观和日新月异的社会发展。在中国多地走访的经历也让他对文明交流互鉴有了更深刻的理解。“中国人常说‘各美其美，美美与共’，这恰如阿拉伯谚语所言‘花园因百花齐放而绚烂，夜空因群星交汇而璀璨’。漫步在长城石阶上，泛舟西湖烟雨中，我深切体会到文明对话的真谛——就像尼罗河的晨光与长江的暮色交织成诗。”纳瓦尔说。
“习近平主席在复信中指出，文化能够连接心灵，艺术可以沟通世界。这体现了习近平主席对文化交流的重视，展现了通过促进文明互鉴增进人民友谊、推动世界和平的崇高愿景。”在纳瓦尔看来，艺术交流可以让更多的阿拉伯民众了解中国。“艺术交流等活动不仅丰富了我们的文化视野，也为阿中关系注入了新的活力。”他相信，双方艺术家持续创作和交流，将共同为把阿中关系建设成不同文明和谐共生的典范贡献力量。
“习近平主席对阿中文明交流高度重视，并亲自推动民心相通。”纳瓦尔说，中国提出全球文明倡议，呼吁各国携手推动文明交流对话，在包容互鉴中共同进步。习近平主席的复信是对阿拉伯艺术家艺术创作的认可，更是对阿中未来深化文明交流互鉴的美好期许。“习近平主席的复信让我坚定创作方向，激励我继续以艺术为桥梁推动阿中文明互动。我将通过艺术创作，坚持不懈地讲述中国故事，传递阿中美好友谊。”纳瓦尔说。
“随着合作不断深入，阿中文明交流必将开出更加绚丽的花朵。”纳瓦尔表示，越来越多的阿拉伯艺术家前往中国采风，创作出更多艺术作品，对促进文明交流互鉴具有深远意义。“通过艺术创作，阿拉伯艺术家不仅能够展现中国的多样之美，也能将他们在中国的所见所感传递给更多阿拉伯国家民众。这种艺术的对话，不仅仅是文化上的交流，更是两大文明交流融合的体现。”纳瓦尔说。","# “这封回信是对我艺术生涯最大的激励”（大道之行）

> 本报记者  黄培昭《人民日报》（2026年01月06日第 03 版）

“习近平主席是一位卓越的大国领导人，对文明交流互鉴有着深刻理解。收到习近平主席的复信，我十分激动。”年届八旬的埃及赫勒万大学美术学院教授、著名画家艾哈迈德·纳瓦尔近日在接受本报记者采访时表示。

2023年4月，在埃及开罗举行的“艺汇丝路——中阿知名艺术家采风作品展”暨中阿艺术家对话沙龙活动上，纳瓦尔作为阿拉伯艺术家代表宣读了他们写给习近平主席的联名信。

“在信中，我们分享了10余年来参加‘艺汇丝路’访华采风活动的所见所感，并表达了对推动阿中文明交流的期待与信心。”纳瓦尔说，习近平主席很快回信，鼓励大家以大美之艺创作更多促进中阿文化交流的艺术作品，分享在中国的经历和感悟，让更多阿拉伯朋友感受中国、了解中国，同中国人民一道，共同谱写新时代中阿文明交流互鉴新篇章。

纳瓦尔表示，一字一句读完习近平主席的复信，他既感动又振奋。“作为一名艺术工作者，我创作时常常思考自己的作品是否具有跨越国界、跨越文化的力量。这封回信是对我艺术生涯最大的激励。从那一刻起，我更坚定了用画笔增进阿中友谊的信念。”纳瓦尔说，“随着阿中文明交流互鉴的不断深化，我相信自己的艺术道路必将越走越宽广。”

在纳瓦尔看来，习近平主席提出的全球文明倡议让人们明白，文明交流从不是一国独奏，而是世界各国的大合唱。中国积极促进不同文明相互尊重、和谐共处，让文明交流互鉴成为增进各国人民友谊的桥梁。阿拉伯国家也始终秉持“知识，虽远在中国，亦当求之”的开放精神。纳瓦尔说：“当我宣读致习近平主席的联名信时，眼前浮现的是故宫与金字塔交映的画面——这不仅是艺术的相遇，更是人类共同价值的回响。”

2013年，纳瓦尔第一次赴中国写生。“在新疆，我被那里丰富多彩的民族文化吸引，深入了解了新疆的社会风貌、风俗习惯、文化遗产和发展成就，受益匪浅。”纳瓦尔表示，新疆的自然风光和风土人情带给了他丰富的创作灵感，他创作了30余幅画作，“我希望通过这些画作，向阿拉伯国家乃至全世界介绍真实的新疆，用画作表达我对中国的热爱和尊重。”

此后，纳瓦尔多次前往中国。他感叹于中华大地的秀美山川、丰富的自然文化遗产，以及中国独特的人文景观和日新月异的社会发展。在中国多地走访的经历也让他对文明交流互鉴有了更深刻的理解。“中国人常说‘各美其美，美美与共’，这恰如阿拉伯谚语所言‘花园因百花齐放而绚烂，夜空因群星交汇而璀璨’。漫步在长城石阶上，泛舟西湖烟雨中，我深切体会到文明对话的真谛——就像尼罗河的晨光与长江的暮色交织成诗。”纳瓦尔说。

“习近平主席在复信中指出，文化能够连接心灵，艺术可以沟通世界。这体现了习近平主席对文化交流的重视，展现了通过促进文明互鉴增进人民友谊、推动世界和平的崇高愿景。”在纳瓦尔看来，艺术交流可以让更多的阿拉伯民众了解中国。“艺术交流等活动不仅丰富了我们的文化视野，也为阿中关系注入了新的活力。”他相信，双方艺术家持续创作和交流，将共同为把阿中关系建设成不同文明和谐共生的典范贡献力量。

“习近平主席对阿中文明交流高度重视，并亲自推动民心相通。”纳瓦尔说，中国提出全球文明倡议，呼吁各国携手推动文明交流对话，在包容互鉴中共同进步。习近平主席的复信是对阿拉伯艺术家艺术创作的认可，更是对阿中未来深化文明交流互鉴的美好期许。“习近平主席的复信让我坚定创作方向，激励我继续以艺术为桥梁推动阿中文明互动。我将通过艺术创作，坚持不懈地讲述中国故事，传递阿中美好友谊。”纳瓦尔说。

“随着合作不断深入，阿中文明交流必将开出更加绚丽的花朵。”纳瓦尔表示，越来越多的阿拉伯艺术家前往中国采风，创作出更多艺术作品，对促进文明交流互鉴具有深远意义。“通过艺术创作，阿拉伯艺术家不仅能够展现中国的多样之美，也能将他们在中国的所见所感传递给更多阿拉伯国家民众。这种艺术的对话，不仅仅是文化上的交流，更是两大文明交流融合的体现。”纳瓦尔说。",黄培昭,要闻,https://paper.people.com.cn/rmrb/pc/content/202601/06/content_30129704.html,2026-01-06,"['纳瓦尔', '文明', '阿中', '习近平', '互鉴', '交流', '阿拉伯', '主席', '复信', '艺术家']","“习近平主席是一位卓越的大国领导人，对文明交流互鉴有着深刻理解。收到习近平主席的复信，我十分激动。”年届八旬的埃及赫勒万大学美术学院教授、著名画家艾哈迈德·纳瓦尔近日在接受本报记者采访时表示。
2023年4月，在埃及开罗举行的“艺汇丝路——中阿知名艺术家采风作品展”暨中阿艺术家对话沙龙活动上，纳瓦尔作为阿拉伯艺术家代表宣读了他们写给习近平主席的联名信。
“在信中，我们分享了10余年来参加‘艺汇丝路’访华采风活动的所见所感，并表达了对推动阿中文明交流的期待与信心。”纳瓦尔说，习近平主席很快回信，鼓励大家以大美之艺创作更多促进中阿文化交流的艺术作品，分享在中国的经历和感悟，让更多阿拉伯朋友感受中国、了解中国，同中国人民一道，共同谱写新时代中阿文明交流互鉴新篇章。",政治
坚决不当思想懒汉（人民论坛）,"思想如同燧石，越是在实践中敲击，越能产生火花、绽放光芒。
十年间，湖北楚源集团两任董事长，对党的创新理论没有学深悟透时，企业违法排污长期难以解决，被处罚则“喊冤躺平”；把自己摆进去，及时跟进学、联系实际学后，下决心整改，继而坚定推动绿色发展。
楚源之变有力证明，习近平新时代中国特色社会主义思想是改造主观世界的“营养”，改造客观世界的“钥匙”。对党的创新理论真学真信、入脑入心，就能找准干事创业的突破口，就能在复杂多变的形势中游刃有余。
老问题、新挑战层出不穷，发展中的问题、转型中的烦恼接踵而至，如何始终掌握主动进而引领发展升级？习近平总书记要求广大党员、干部“坚决摒弃一切固守旧思维、旧理念、老套路、老办法的懒汉思想，坚决反对一切不担当不作为、推脱躲绕、不思进取的躺平行为”。这对于确保“十五五”高质量发展，具有重要指导意义。
为啥有人甘当思想懒汉？不学习、不深思，凭着惯性往前冲，舒服、省事。
为何不能做思想懒汉？人是时代的产物，思想跟不上时代，就会脚踩西瓜皮，滑到哪里是哪里。
高质量发展是首要任务，高品质生活是人民期盼。固守“短缺时代”以牺牲环境换增长的旧思维，信奉“经验主义”，认为“过去这么做没问题，现在也不用改”，对新政策、新要求反应迟钝，岂不如同刻舟求剑？
坚持依法治国和依规治党有机统一，党风政风社风焕然一新，倘若不及时掌握作风建设新动态新要求，准确把握党的纪律和干事创业的内在统一，如何把全面从严治党向纵深推进？
古人说，人不学便老而衰。人之老，不仅在年龄，也在头脑。思想懒惰，行动迟缓。唯有全面系统学、及时跟进学、深入思考学、联系实际学，把党的创新理论学到手，才能避免陷入少知而迷、不知而盲、无知而乱。
思想上的“懒汉”，必然是行动中的“矮子”。学习非一日之功，不日新者必日退。活到老、学到老，思想才会赶上趟，行动才能踩准点。
“共抓大保护，不搞大开发”，唱响长江经济带的主旋律。不搞大开发，就是不发展吗？“两山”理念恰恰超越了西方传统的二元对立观点。全面学、客观辩证看，我们走生态优先、绿色发展之路就更加笃定，步伐就更加坚实。
发展新质生产力是推动高质量发展的内在要求和重要着力点，已经形成广泛共识。发展新质生产力，只盯着“新三样”吗？传统产业就要“一退了之”吗？学习浅尝辄止，就容易机械照搬。系统学、联系实际学，才能悟出“因地制宜发展新质生产力”的大智慧。
没有先例可以遵循，没有现成教科书可以照抄，推进中国式现代化决不能守株待兔，而是要在实践中大胆探索，求客观实际之真、务为民造福之实。“如果我们党有一百个至二百个系统地而不是零碎地、实际地而不是空洞地学会了马克思列宁主义的同志，就会大大地提高我们党的战斗力量”！
学习越深入，思想越清明，行动越坚定。把自己摆进去、把工作摆进去、把职责摆进去，把马克思主义看家本领学到手，从党的创新理论中悟规律、明方向、学方法、增智慧，我们的事业定能无往而不胜。","# 坚决不当思想懒汉（人民论坛）

> 肖  鹿《人民日报》（2026年01月06日第 04 版）

思想如同燧石，越是在实践中敲击，越能产生火花、绽放光芒。

十年间，湖北楚源集团两任董事长，对党的创新理论没有学深悟透时，企业违法排污长期难以解决，被处罚则“喊冤躺平”；把自己摆进去，及时跟进学、联系实际学后，下决心整改，继而坚定推动绿色发展。

楚源之变有力证明，习近平新时代中国特色社会主义思想是改造主观世界的“营养”，改造客观世界的“钥匙”。对党的创新理论真学真信、入脑入心，就能找准干事创业的突破口，就能在复杂多变的形势中游刃有余。

老问题、新挑战层出不穷，发展中的问题、转型中的烦恼接踵而至，如何始终掌握主动进而引领发展升级？习近平总书记要求广大党员、干部“坚决摒弃一切固守旧思维、旧理念、老套路、老办法的懒汉思想，坚决反对一切不担当不作为、推脱躲绕、不思进取的躺平行为”。这对于确保“十五五”高质量发展，具有重要指导意义。

为啥有人甘当思想懒汉？不学习、不深思，凭着惯性往前冲，舒服、省事。

为何不能做思想懒汉？人是时代的产物，思想跟不上时代，就会脚踩西瓜皮，滑到哪里是哪里。

高质量发展是首要任务，高品质生活是人民期盼。固守“短缺时代”以牺牲环境换增长的旧思维，信奉“经验主义”，认为“过去这么做没问题，现在也不用改”，对新政策、新要求反应迟钝，岂不如同刻舟求剑？

坚持依法治国和依规治党有机统一，党风政风社风焕然一新，倘若不及时掌握作风建设新动态新要求，准确把握党的纪律和干事创业的内在统一，如何把全面从严治党向纵深推进？

古人说，人不学便老而衰。人之老，不仅在年龄，也在头脑。思想懒惰，行动迟缓。唯有全面系统学、及时跟进学、深入思考学、联系实际学，把党的创新理论学到手，才能避免陷入少知而迷、不知而盲、无知而乱。

思想上的“懒汉”，必然是行动中的“矮子”。学习非一日之功，不日新者必日退。活到老、学到老，思想才会赶上趟，行动才能踩准点。

“共抓大保护，不搞大开发”，唱响长江经济带的主旋律。不搞大开发，就是不发展吗？“两山”理念恰恰超越了西方传统的二元对立观点。全面学、客观辩证看，我们走生态优先、绿色发展之路就更加笃定，步伐就更加坚实。

发展新质生产力是推动高质量发展的内在要求和重要着力点，已经形成广泛共识。发展新质生产力，只盯着“新三样”吗？传统产业就要“一退了之”吗？学习浅尝辄止，就容易机械照搬。系统学、联系实际学，才能悟出“因地制宜发展新质生产力”的大智慧。

没有先例可以遵循，没有现成教科书可以照抄，推进中国式现代化决不能守株待兔，而是要在实践中大胆探索，求客观实际之真、务为民造福之实。“如果我们党有一百个至二百个系统地而不是零碎地、实际地而不是空洞地学会了马克思列宁主义的同志，就会大大地提高我们党的战斗力量”！

学习越深入，思想越清明，行动越坚定。把自己摆进去、把工作摆进去、把职责摆进去，把马克思主义看家本领学到手，从党的创新理论中悟规律、明方向、学方法、增智慧，我们的事业定能无往而不胜。",肖  鹿,要闻,https://paper.people.com.cn/rmrb/pc/content/202601/06/content_30129715.html,2026-01-06,"['摆进去', '思想', '发展', '思想懒汉', '新质', '联系实际', '躺平', '高质量', '楚源', '对党']","思想如同燧石，越是在实践中敲击，越能产生火花、绽放光芒。
十年间，湖北楚源集团两任董事长，对党的创新理论没有学深悟透时，企业违法排污长期难以解决，被处罚则“喊冤躺平”；把自己摆进去，及时跟进学、联系实际学后，下决心整改，继而坚定推动绿色发展。
楚源之变有力证明，习近平新时代中国特色社会主义思想是改造主观世界的“营养”，改造客观世界的“钥匙”。对党的创新理论真学真信、入脑入心，就能找准干事创业的突破口，就能在复杂多变的形势中游刃有余。",政治
坚持创新驱动，加紧培育壮大新动能（稳中求进、提质增效 实现“十五五”良好开局）,"工作人员在位于四川省稻城县的子午工程二期进行设备运维。新华社记者  江宏景摄
工作人员在位于四川省稻城县的子午工程二期进行设备运维。
新华社记者  江宏景摄
超临界二氧化碳发电机组。中核集团中国核动力研究设计院供图（新华社发）
超临界二氧化碳发电机组。
中核集团中国核动力研究设计院供图（新华社发）
位于广东省东莞市的中国散裂中子源。新华社记者  毛思倩摄
位于广东省东莞市的中国散裂中子源。
新华社记者  毛思倩摄
数据来源：科技部等
数据来源：科技部等
广东江门，地下700米深处，我国牵头的中微子实验装置发布首个物理成果。中国科学院院士王贻芳相信：“未来几十年，它会持续产出重大成果。”
贵州六盘水，全球首台商用超临界二氧化碳发电机组成功商运。在中核集团首席科学家黄彦平看来：“科技创新需要敢于突破的勇气。”
从基础研究到关键核心技术攻关，从场景牵引到应用赋能……中国经济动能更足、活力尽显。
习近平总书记强调：“中国式现代化要靠科技现代化作支撑，实现高质量发展要靠科技创新培育新动能。”2025年底举行的中央经济工作会议提出，“坚持创新驱动，加紧培育壮大新动能。”
培育壮大新动能，既是当下所需，也是未来所系。新年伊始，各地区各部门加快促进新动能集聚、新产业壮大，因地制宜发展新质生产力，为高质量发展注入持久动力。
延伸产业链条，拓宽竞争赛道
扩围提质建设国际科技创新中心
京津冀、长三角、粤港澳大湾区，是引领全国高质量发展的重要动力源。中央经济工作会议提出，“建设北京（京津冀）、上海（长三角）、粤港澳大湾区国际科技创新中心。”
天津天开高教科创园核心区内，一款神经外科手术机器人正加快完成型式检验。“基于全自研的智能规划系统和激光雷达快速配准技术，这款机器人可应用于手术室辅助颅脑穿刺等。”中国医学科学院生物医学工程研究所研究员王宏说。
王宏创办的北天医疗科技（天津）有限公司，是京津冀创新要素深度融合、协同优化的缩影。
“负责园区运营的天开集团联动药监部门提供生产许可‘超前介入’服务，确保拿到注册证即可投产。”王宏表示，北京国际科技创新中心拓展至京津冀，有助于企业对接当地医疗资源，加快拓展应用场景。
“三大中心”扩围提质，上海交通大学讲席教授马紫峰对此深有感触。几年前，通过职务科技成果赋权改革，马紫峰创办了浙江钠创新能源有限公司，“我们加快与宁德时代、比亚迪等企业开展钠离子电池概念验证试验。在浙江绍兴投资建设的年产4万吨钠离子电池电极材料产线（一期）已于2025年投产，将为新能源产业安全提供支撑。”
在广东深圳，有这样一个说法：生产一部手机所需的元器件，在华强北1小时“通勤圈”内可全部配齐。如今，产业链的更新延展，展现着深圳乃至粤港澳大湾区在“新赛道”上的竞争力。
深圳嘉立创科技集团股份有限公司是从华强北“一米柜”成长起来的电子制造企业。“我们的印制电路板助力商业航天航电系统快速迭代，新近上线的自研电气设计软件实现了‘软件定义制造’的新突破。”企业负责人介绍，嘉立创已累计服务180多个国家和地区超710万名用户，覆盖机器人、新能源汽车等新兴产业。
近年来，我国加快推进国际科技创新中心建设。在2025年全球百强创新集群排名中，深圳—香港—广州、北京、上海—苏州分别位居第一、第四、第六位。“国际科技创新中心向地域相连的城市群战略性升级，有利于更好整合资源，打造世界级的创新策源地。”中国科学技术发展战略研究院党委书记刘冬梅说。
数据是有力证明。2025年，我国热点论文数量全球占比首次过半，国内有效发明专利数量突破500万件，我国在全球创新指数排名中从2012年的第三十四位升至2025年的第十位，成为10多年来创新力提升最快的经济体之一。
从“三大中心”放眼全国，原始创新能力显著增强、原创性成果持续涌现，高水平科技供给正成为培育和发展新质生产力、催生高质量发展新动能的重要引擎，为创新驱动提供“源头活水”。
促进转型升级，助力深度融合
加快布局现代化产业体系
高质量发展离不开产业支撑，现代化产业体系是中国式现代化的物质技术基础。
中央经济工作会议提出，“制定服务业扩能提质行动方案”“实施新一轮重点产业链高质量发展行动”“深化拓展‘人工智能+’”，现代化产业体系建设持续推进。
上料、翻转、对齐、定位、焊接……山东方垠智能制造有限公司150米长的生产线上，一块钢板加工成一个“H形”结构件只需1个小时。“我们与浪潮数字企业技术有限公司合作，实现生产要素与数字孪生系统的深度映射、实时反馈，生产成本降低18%，生产效率提升20%。”公司总经理逯兆庆表示。
近年来，信息技术应用创新活跃，加快推动制造业转型升级。“现代服务业与先进制造业深度融合，将有力推动产业链延链增值、智能化数字化水平提升。”浪潮数字企业总经理魏代森说。
当前，我国科技支撑能力不断增强，为产业发展奠定良好基础。2025年11月，我国装备制造业增加值同比增长7.7%，信息传输、软件和信息技术服务业生产指数同比增长12.9%。2025年1至11月，我国规模以上高技术制造业增加值同比增长9.2%。
人工智能、具身智能等科技前沿领域加快突破，对产业升级引领作用增强。2025年前11个月，我国智能消费设备制造业增加值增长7.6%，AI眼镜、AI手机等新产品供不应求。
“基础款要45天以后才能拿到。”上海一家电子产品店内摆放着新款AI眼镜，吸引不少消费者体验。“我们新增的组装生产线已投产，正满状态运转，以便赶上春节消费热潮。”夸克AI眼镜产品经理晋显介绍。
从无人矿山到柔性产线，从智能工厂到零碳码头，传统产业因“新”而兴、新兴产业向“新”而进、未来产业加快布局。其中，企业发挥着越来越重要的作用。
前不久，3名来自民营企业的专家当选中国工程院院士，创下单届民企专家当选院士人数新高。“许多民营企业承担国家重大任务，参与建设国家科技创新平台，投身国际科技创新竞争，逐步成长为科研探索的重要力量。”中国工程院院士、宁德时代新能源科技股份有限公司首席科学家吴凯表示。
在中国科学院科技战略咨询研究院研究员万劲波看来，强化企业创新主体地位，要进一步推动创新资源向企业集聚，不断提升我国科技竞争力、产业基础能力和产业链现代化水平。
找准自身定位，展现集群优势
因地制宜发展新质生产力
发展新质生产力，是推动高质量发展的内在要求和重要着力点。中央经济工作会议提出，“因地制宜发展新质生产力。”
甘肃庆阳“东数西算”产业园内，机柜整齐排列，大屏上的数字实时跳动。瞬息间，海量数据经过复杂运算，让远在广东的创意设计团队完成了3D模型的超精细渲染。
庆阳能源资源富集，但产业结构长期较为单一。“东数西算”工程启动后，庆阳凭借自身优势，跻身全国十大数据中心集群之列。在发展过程中，庆阳聚焦算力基础设施建设，实行统一规划和管理。当地适时推出创新政策，催生智慧医疗、低空经济等新业态新模式。目前，当地数据中心机架规模达3.7万架，算力全部实现“投用即消纳”。
新质生产力成为各地布局重点。河北提出，加快生物医药、电子信息等产业培育；四川提出，做强生物医药、轨道交通装备等国家战略性新兴产业集群……
“在创新发展重大机遇面前，各地需找准自身在国家战略布局中的定位，融入国家创新网络。”中国科学学与科技政策研究会理事长穆荣平说。
坚持创新驱动，加紧培育壮大新动能，新的一年，向“新”而行的中国，必将交出实现“十五五”良好开局的精彩答卷。
（本报记者宋朝军参与采写）","# 坚持创新驱动，加紧培育壮大新动能（稳中求进、提质增效 实现“十五五”良好开局）

> 本报记者  谷业凯《人民日报》（2026年01月06日第 05 版）

工作人员在位于四川省稻城县的子午工程二期进行设备运维。　　新华社记者  江宏景摄

工作人员在位于四川省稻城县的子午工程二期进行设备运维。

新华社记者  江宏景摄

超临界二氧化碳发电机组。　　中核集团中国核动力研究设计院供图（新华社发）

超临界二氧化碳发电机组。

中核集团中国核动力研究设计院供图（新华社发）

位于广东省东莞市的中国散裂中子源。　　新华社记者  毛思倩摄

位于广东省东莞市的中国散裂中子源。

新华社记者  毛思倩摄

数据来源：科技部等

数据来源：科技部等

广东江门，地下700米深处，我国牵头的中微子实验装置发布首个物理成果。中国科学院院士王贻芳相信：“未来几十年，它会持续产出重大成果。”

贵州六盘水，全球首台商用超临界二氧化碳发电机组成功商运。在中核集团首席科学家黄彦平看来：“科技创新需要敢于突破的勇气。”

从基础研究到关键核心技术攻关，从场景牵引到应用赋能……中国经济动能更足、活力尽显。

习近平总书记强调：“中国式现代化要靠科技现代化作支撑，实现高质量发展要靠科技创新培育新动能。”2025年底举行的中央经济工作会议提出，“坚持创新驱动，加紧培育壮大新动能。”

培育壮大新动能，既是当下所需，也是未来所系。新年伊始，各地区各部门加快促进新动能集聚、新产业壮大，因地制宜发展新质生产力，为高质量发展注入持久动力。

延伸产业链条，拓宽竞争赛道

扩围提质建设国际科技创新中心

京津冀、长三角、粤港澳大湾区，是引领全国高质量发展的重要动力源。中央经济工作会议提出，“建设北京（京津冀）、上海（长三角）、粤港澳大湾区国际科技创新中心。”

天津天开高教科创园核心区内，一款神经外科手术机器人正加快完成型式检验。“基于全自研的智能规划系统和激光雷达快速配准技术，这款机器人可应用于手术室辅助颅脑穿刺等。”中国医学科学院生物医学工程研究所研究员王宏说。

王宏创办的北天医疗科技（天津）有限公司，是京津冀创新要素深度融合、协同优化的缩影。

“负责园区运营的天开集团联动药监部门提供生产许可‘超前介入’服务，确保拿到注册证即可投产。”王宏表示，北京国际科技创新中心拓展至京津冀，有助于企业对接当地医疗资源，加快拓展应用场景。

“三大中心”扩围提质，上海交通大学讲席教授马紫峰对此深有感触。几年前，通过职务科技成果赋权改革，马紫峰创办了浙江钠创新能源有限公司，“我们加快与宁德时代、比亚迪等企业开展钠离子电池概念验证试验。在浙江绍兴投资建设的年产4万吨钠离子电池电极材料产线（一期）已于2025年投产，将为新能源产业安全提供支撑。”

在广东深圳，有这样一个说法：生产一部手机所需的元器件，在华强北1小时“通勤圈”内可全部配齐。如今，产业链的更新延展，展现着深圳乃至粤港澳大湾区在“新赛道”上的竞争力。

深圳嘉立创科技集团股份有限公司是从华强北“一米柜”成长起来的电子制造企业。“我们的印制电路板助力商业航天航电系统快速迭代，新近上线的自研电气设计软件实现了‘软件定义制造’的新突破。”企业负责人介绍，嘉立创已累计服务180多个国家和地区超710万名用户，覆盖机器人、新能源汽车等新兴产业。

近年来，我国加快推进国际科技创新中心建设。在2025年全球百强创新集群排名中，深圳—香港—广州、北京、上海—苏州分别位居第一、第四、第六位。“国际科技创新中心向地域相连的城市群战略性升级，有利于更好整合资源，打造世界级的创新策源地。”中国科学技术发展战略研究院党委书记刘冬梅说。

数据是有力证明。2025年，我国热点论文数量全球占比首次过半，国内有效发明专利数量突破500万件，我国在全球创新指数排名中从2012年的第三十四位升至2025年的第十位，成为10多年来创新力提升最快的经济体之一。

从“三大中心”放眼全国，原始创新能力显著增强、原创性成果持续涌现，高水平科技供给正成为培育和发展新质生产力、催生高质量发展新动能的重要引擎，为创新驱动提供“源头活水”。

促进转型升级，助力深度融合

加快布局现代化产业体系

高质量发展离不开产业支撑，现代化产业体系是中国式现代化的物质技术基础。

中央经济工作会议提出，“制定服务业扩能提质行动方案”“实施新一轮重点产业链高质量发展行动”“深化拓展‘人工智能+’”，现代化产业体系建设持续推进。

上料、翻转、对齐、定位、焊接……山东方垠智能制造有限公司150米长的生产线上，一块钢板加工成一个“H形”结构件只需1个小时。“我们与浪潮数字企业技术有限公司合作，实现生产要素与数字孪生系统的深度映射、实时反馈，生产成本降低18%，生产效率提升20%。”公司总经理逯兆庆表示。

近年来，信息技术应用创新活跃，加快推动制造业转型升级。“现代服务业与先进制造业深度融合，将有力推动产业链延链增值、智能化数字化水平提升。”浪潮数字企业总经理魏代森说。

当前，我国科技支撑能力不断增强，为产业发展奠定良好基础。2025年11月，我国装备制造业增加值同比增长7.7%，信息传输、软件和信息技术服务业生产指数同比增长12.9%。2025年1至11月，我国规模以上高技术制造业增加值同比增长9.2%。

人工智能、具身智能等科技前沿领域加快突破，对产业升级引领作用增强。2025年前11个月，我国智能消费设备制造业增加值增长7.6%，AI眼镜、AI手机等新产品供不应求。

“基础款要45天以后才能拿到。”上海一家电子产品店内摆放着新款AI眼镜，吸引不少消费者体验。“我们新增的组装生产线已投产，正满状态运转，以便赶上春节消费热潮。”夸克AI眼镜产品经理晋显介绍。

从无人矿山到柔性产线，从智能工厂到零碳码头，传统产业因“新”而兴、新兴产业向“新”而进、未来产业加快布局。其中，企业发挥着越来越重要的作用。

前不久，3名来自民营企业的专家当选中国工程院院士，创下单届民企专家当选院士人数新高。“许多民营企业承担国家重大任务，参与建设国家科技创新平台，投身国际科技创新竞争，逐步成长为科研探索的重要力量。”中国工程院院士、宁德时代新能源科技股份有限公司首席科学家吴凯表示。

在中国科学院科技战略咨询研究院研究员万劲波看来，强化企业创新主体地位，要进一步推动创新资源向企业集聚，不断提升我国科技竞争力、产业基础能力和产业链现代化水平。

找准自身定位，展现集群优势

因地制宜发展新质生产力

发展新质生产力，是推动高质量发展的内在要求和重要着力点。中央经济工作会议提出，“因地制宜发展新质生产力。”

甘肃庆阳“东数西算”产业园内，机柜整齐排列，大屏上的数字实时跳动。瞬息间，海量数据经过复杂运算，让远在广东的创意设计团队完成了3D模型的超精细渲染。

庆阳能源资源富集，但产业结构长期较为单一。“东数西算”工程启动后，庆阳凭借自身优势，跻身全国十大数据中心集群之列。在发展过程中，庆阳聚焦算力基础设施建设，实行统一规划和管理。当地适时推出创新政策，催生智慧医疗、低空经济等新业态新模式。目前，当地数据中心机架规模达3.7万架，算力全部实现“投用即消纳”。

新质生产力成为各地布局重点。河北提出，加快生物医药、电子信息等产业培育；四川提出，做强生物医药、轨道交通装备等国家战略性新兴产业集群……

“在创新发展重大机遇面前，各地需找准自身在国家战略布局中的定位，融入国家创新网络。”中国科学学与科技政策研究会理事长穆荣平说。

坚持创新驱动，加紧培育壮大新动能，新的一年，向“新”而行的中国，必将交出实现“十五五”良好开局的精彩答卷。

（本报记者宋朝军参与采写）",谷业凯,特别报道,https://paper.people.com.cn/rmrb/pc/content/202601/06/content_30129723.html,2026-01-06,"['创新', '科技', '2025', '新质', '高质量', '动能', '产业', '加快', '发展', '培育']","工作人员在位于四川省稻城县的子午工程二期进行设备运维。新华社记者  江宏景摄
工作人员在位于四川省稻城县的子午工程二期进行设备运维。
新华社记者  江宏景摄",政治
读懂创新中国的底气与朝气（编辑手记）,"新，一个读懂今日中国的字眼。
科研纪录接连“刷新”、大国重器持续“上新”、传统产业不断“焕新”……社会之日新，源于奔涌之创新。
一组数字，标注着新时代创新创造的活力：2025年，我国在全球创新指数排名中首次跻身前十，是10多年来创新力提升最快的经济体之一。
创新的底气，有足够的底盘支撑。全球规模最大的研发人员队伍，这是深厚的人才土壤；数量最多的全球百强科技创新集群，这是多年的科技沉淀。生物制造、量子科技、具身智能、6G……众多领域实现从量变到质变、从跟跑到领跑的飞跃，为高水平科技自立自强持续注入“加速度”。
有厚积薄发的沉稳底气，更有生生不息的昂扬朝气。从民营企业专家当选院士，到各类经营主体化身创新主体，科技创新和产业创新深度融合，为经济发展注入蓬勃朝气。放眼将来，建设北京（京津冀）、上海（长三角）、粤港澳大湾区国际科技创新中心，如同嵌入3个发展“引擎”，为培育新质生产力夯实基础、为推动高质量发展提供动能。
一个创新的中国，底气丰沛、朝气飞扬。","# 读懂创新中国的底气与朝气（编辑手记）

> 陈世涵《人民日报》（2026年01月06日第 05 版）

新，一个读懂今日中国的字眼。

科研纪录接连“刷新”、大国重器持续“上新”、传统产业不断“焕新”……社会之日新，源于奔涌之创新。

一组数字，标注着新时代创新创造的活力：2025年，我国在全球创新指数排名中首次跻身前十，是10多年来创新力提升最快的经济体之一。

创新的底气，有足够的底盘支撑。全球规模最大的研发人员队伍，这是深厚的人才土壤；数量最多的全球百强科技创新集群，这是多年的科技沉淀。生物制造、量子科技、具身智能、6G……众多领域实现从量变到质变、从跟跑到领跑的飞跃，为高水平科技自立自强持续注入“加速度”。

有厚积薄发的沉稳底气，更有生生不息的昂扬朝气。从民营企业专家当选院士，到各类经营主体化身创新主体，科技创新和产业创新深度融合，为经济发展注入蓬勃朝气。放眼将来，建设北京（京津冀）、上海（长三角）、粤港澳大湾区国际科技创新中心，如同嵌入3个发展“引擎”，为培育新质生产力夯实基础、为推动高质量发展提供动能。

一个创新的中国，底气丰沛、朝气飞扬。",陈世涵,特别报道,https://paper.people.com.cn/rmrb/pc/content/202601/06/content_30129724.html,2026-01-06,"['创新', '朝气', '底气', '科技', '读懂', '全球', '自立自强', '创新力', '注入', '粤港澳']","新，一个读懂今日中国的字眼。
科研纪录接连“刷新”、大国重器持续“上新”、传统产业不断“焕新”……社会之日新，源于奔涌之创新。
一组数字，标注着新时代创新创造的活力：2025年，我国在全球创新指数排名中首次跻身前十，是10多年来创新力提升最快的经济体之一。",经济
数字技术再现“锦绣敦煌”,"制图：沈亦伶
制图：沈亦伶
阳光抚过甘肃敦煌三危山，我坐在电脑前，屏幕上是由亿万字节织就的“数字藏经洞”数据库平台。作为敦煌研究院文物数字化保护团队的一员，我的工作与这屏幕内的千年光阴紧密相连。
还记得第一次见到真实的藏经洞时，它比我想象中要小得多。当前辈讲述百年前文物从这里流失海外的历史时，我深感痛心。2025年5月，“数字藏经洞”数据库平台发布，让流失海外、尘封已久的藏经洞文物，以数字化的崭新姿态实现“重聚”。
2024年，“数字藏经洞”数据库平台项目正式启动。我们的重点工作是将藏经洞文物转化为可以永久保存，并能被无限共享的数字资产，不仅要原真地记录藏经洞的现状，更要让它成为可访问、可研究、可解读的共享活态资源。截至目前，平台共发布藏经洞文物数字资源9946卷（件）、图像6.2万余幅，完成内容识别780万余字。
面对藏经洞经卷上那些难以辨认的文字，我们利用人工智能技术辅助进行数据的处理和智能检索。字符模糊、笔迹潦草之处，则由研究人员进行审核与校正。我们还在“数字藏经洞”数据库平台开设了“藏经洞出土文献识文释字”栏目，邀请全球专家与古文字爱好者们共同参与解读。目前，已有部分文字通过这一方式实现识别破译。
“数字藏经洞”数据库平台还设有字对照阅读、字读音与纠错、全文对照阅读等功能，帮助使用者读通、读懂。截至目前，数据库访问量已超25万人次，访问者来自33个国家和地区。我们还计划将现有内容翻译成新的语种，建设白话文知识库、敦煌俗语知识库、经卷字典数据集等专属知识库，提高数据库的服务质量。
更让我心潮澎湃的，是让流散海外的敦煌文物实现“数字回家”。我对敦煌遗书《归义军衙府酒破历》的数字化复原印象深刻。这是一卷1000多年前敦煌本地政府公务用酒的“流水账”。在岁月流转中，这份文献被分为3段：第一段保存在敦煌研究院，第二段流落海外后由海外友人捐赠归还，第三段则收藏于法国国家图书馆。借助数字化经卷缀合功能，我们终于将这3段文献在虚拟空间中重新合一，让千年古卷重现完整面貌。
文化遗产数字化不仅是扫描和保存，更要通过数字化手段让文物活起来。“点亮莫高窟”活动，在线重现千年前敦煌人流如织的夜景；“数字敦煌开放素材库”上线，向全球开放创作素材。未来，我们将继续利用数字技术重现历史的锦绣，呵护好、弘扬好、发展好中华文明瑰宝。
（作者为敦煌研究院文物数字化研究所副所长，本报记者曾亦辰采访整理）
■延伸阅读
科技支撑文化遗产活化利用
“十四五”时期，文化遗产保护与现代科技不断融合，推动了文化建设的数智化赋能与信息化转型，为发展新型文化业态注入了新动能。科技在文化遗产保护、管理、研究、展示与传播等环节的作用日益显现。
科技提升文物风险防控能力。卫星遥感、无人机、人工智能等手段与火灾探测、自动灭火、防盗预警等新装备的广泛应用，大幅提升了文物风险监测预警的能力。
科技拓展文化遗产保护路径。在文物病害科学诊断方法和动态监测技术、土遗址病害诊断评估与防风化技术研发等方面均取得重要进展。国家古代壁画与土遗址保护多场耦合实验室投入使用，加速模拟多种自然环境变化，为文化遗产预防性保护提供了重要支撑。
科技助力考古发掘研究。多学科交叉研究助力中华文明探源工程取得重要进展，古基因组捕获技术与沉积物古DNA分析方法助力人类演化研究。丝绸微痕检测技术，成为发现双槐树、三星堆等遗址丝绸残留物的关键手段。
科技支撑文化遗产活化利用。数字化手段推动“数字故宫”“数字敦煌”等创新示范应用不断涌现。由我国牵头发起的世界丝绸互动地图等国际文物科技合作计划吸引了国际学术界的广泛参与，文物在促进人类文明交流互鉴中的价值不断凸显。
（本报记者王珏整理）","# 数字技术再现“锦绣敦煌”

> 丁晓宏《人民日报》（2026年01月06日第 06 版）

制图：沈亦伶

制图：沈亦伶

阳光抚过甘肃敦煌三危山，我坐在电脑前，屏幕上是由亿万字节织就的“数字藏经洞”数据库平台。作为敦煌研究院文物数字化保护团队的一员，我的工作与这屏幕内的千年光阴紧密相连。

还记得第一次见到真实的藏经洞时，它比我想象中要小得多。当前辈讲述百年前文物从这里流失海外的历史时，我深感痛心。2025年5月，“数字藏经洞”数据库平台发布，让流失海外、尘封已久的藏经洞文物，以数字化的崭新姿态实现“重聚”。

2024年，“数字藏经洞”数据库平台项目正式启动。我们的重点工作是将藏经洞文物转化为可以永久保存，并能被无限共享的数字资产，不仅要原真地记录藏经洞的现状，更要让它成为可访问、可研究、可解读的共享活态资源。截至目前，平台共发布藏经洞文物数字资源9946卷（件）、图像6.2万余幅，完成内容识别780万余字。

面对藏经洞经卷上那些难以辨认的文字，我们利用人工智能技术辅助进行数据的处理和智能检索。字符模糊、笔迹潦草之处，则由研究人员进行审核与校正。我们还在“数字藏经洞”数据库平台开设了“藏经洞出土文献识文释字”栏目，邀请全球专家与古文字爱好者们共同参与解读。目前，已有部分文字通过这一方式实现识别破译。

“数字藏经洞”数据库平台还设有字对照阅读、字读音与纠错、全文对照阅读等功能，帮助使用者读通、读懂。截至目前，数据库访问量已超25万人次，访问者来自33个国家和地区。我们还计划将现有内容翻译成新的语种，建设白话文知识库、敦煌俗语知识库、经卷字典数据集等专属知识库，提高数据库的服务质量。

更让我心潮澎湃的，是让流散海外的敦煌文物实现“数字回家”。我对敦煌遗书《归义军衙府酒破历》的数字化复原印象深刻。这是一卷1000多年前敦煌本地政府公务用酒的“流水账”。在岁月流转中，这份文献被分为3段：第一段保存在敦煌研究院，第二段流落海外后由海外友人捐赠归还，第三段则收藏于法国国家图书馆。借助数字化经卷缀合功能，我们终于将这3段文献在虚拟空间中重新合一，让千年古卷重现完整面貌。

文化遗产数字化不仅是扫描和保存，更要通过数字化手段让文物活起来。“点亮莫高窟”活动，在线重现千年前敦煌人流如织的夜景；“数字敦煌开放素材库”上线，向全球开放创作素材。未来，我们将继续利用数字技术重现历史的锦绣，呵护好、弘扬好、发展好中华文明瑰宝。

（作者为敦煌研究院文物数字化研究所副所长，本报记者曾亦辰采访整理）

**■延伸阅读**

**科技支撑文化遗产活化利用**

“十四五”时期，文化遗产保护与现代科技不断融合，推动了文化建设的数智化赋能与信息化转型，为发展新型文化业态注入了新动能。科技在文化遗产保护、管理、研究、展示与传播等环节的作用日益显现。

科技提升文物风险防控能力。卫星遥感、无人机、人工智能等手段与火灾探测、自动灭火、防盗预警等新装备的广泛应用，大幅提升了文物风险监测预警的能力。

科技拓展文化遗产保护路径。在文物病害科学诊断方法和动态监测技术、土遗址病害诊断评估与防风化技术研发等方面均取得重要进展。国家古代壁画与土遗址保护多场耦合实验室投入使用，加速模拟多种自然环境变化，为文化遗产预防性保护提供了重要支撑。

科技助力考古发掘研究。多学科交叉研究助力中华文明探源工程取得重要进展，古基因组捕获技术与沉积物古DNA分析方法助力人类演化研究。丝绸微痕检测技术，成为发现双槐树、三星堆等遗址丝绸残留物的关键手段。

科技支撑文化遗产活化利用。数字化手段推动“数字故宫”“数字敦煌”等创新示范应用不断涌现。由我国牵头发起的世界丝绸互动地图等国际文物科技合作计划吸引了国际学术界的广泛参与，文物在促进人类文明交流互鉴中的价值不断凸显。

（本报记者王珏整理）",丁晓宏,要闻,https://paper.people.com.cn/rmrb/pc/content/202601/06/content_30129735.html,2026-01-06,"['藏经洞', '文物', '数字', '敦煌', '数字化', '文化遗产', '数据库', '科技', '敦煌研究院', '平台']","制图：沈亦伶
制图：沈亦伶
阳光抚过甘肃敦煌三危山，我坐在电脑前，屏幕上是由亿万字节织就的“数字藏经洞”数据库平台。作为敦煌研究院文物数字化保护团队的一员，我的工作与这屏幕内的千年光阴紧密相连。",政治
AI赋能千行百业超级联赛举行,"本报南宁1月5日电  （记者刘泉、祝佳祺）AI赋能千行百业超级联赛“A超之夜”近日在广西南宁举行。本届赛事覆盖31个省份及东盟11个国家，共设20个紧扣经济社会发展需求的赛道，吸引国内外10447支队伍参加，其中东盟队伍604支。经过角逐，涌现93个优秀赛事场景与202项新技术展品，形成揭榜挂帅项目总金额超7400万元，40个项目获资本初步青睐，57项技术进入转化应用通道，一批企业与东盟伙伴达成合作。
广西正协力构建“北上广研发+广西集成+东盟应用”发展路径，构建中国—东盟人工智能产业生态，加快建设面向东盟的人工智能国际合作高地。广西还将举办百业千企AI转型联合大赛，邀请国内外企业、高校、团队共同加快推进人工智能创新应用。","# AI赋能千行百业超级联赛举行

> 《人民日报》（2026年01月06日第 06 版）

本报南宁1月5日电  （记者刘泉、祝佳祺）AI赋能千行百业超级联赛“A超之夜”近日在广西南宁举行。本届赛事覆盖31个省份及东盟11个国家，共设20个紧扣经济社会发展需求的赛道，吸引国内外10447支队伍参加，其中东盟队伍604支。经过角逐，涌现93个优秀赛事场景与202项新技术展品，形成揭榜挂帅项目总金额超7400万元，40个项目获资本初步青睐，57项技术进入转化应用通道，一批企业与东盟伙伴达成合作。

广西正协力构建“北上广研发+广西集成+东盟应用”发展路径，构建中国—东盟人工智能产业生态，加快建设面向东盟的人工智能国际合作高地。广西还将举办百业千企AI转型联合大赛，邀请国内外企业、高校、团队共同加快推进人工智能创新应用。",,要闻,https://paper.people.com.cn/rmrb/pc/content/202601/06/content_30129736.html,2026-01-06,"['东盟', 'AI', '百业', '人工智能', '千行', '赋能', '广西', '赛事', '联赛', '应用']","本报南宁1月5日电  （记者刘泉、祝佳祺）AI赋能千行百业超级联赛“A超之夜”近日在广西南宁举行。本届赛事覆盖31个省份及东盟11个国家，共设20个紧扣经济社会发展需求的赛道，吸引国内外10447支队伍参加，其中东盟队伍604支。经过角逐，涌现93个优秀赛事场景与202项新技术展品，形成揭榜挂帅项目总金额超7400万元，40个项目获资本初步青睐，57项技术进入转化应用通道，一批企业与东盟伙伴达成合作。
广西正协力构建“北上广研发+广西集成+东盟应用”发展路径，构建中国—东盟人工智能产业生态，加快建设面向东盟的人工智能国际合作高地。广西还将举办百业千企AI转型联合大赛，邀请国内外企业、高校、团队共同加快推进人工智能创新应用。",政治
唤醒城市的“诗心”（金台随笔）,"让高楼广厦有灵魂、让车水马龙有温度，让生活在这里、往来于这里的人们有认同感、归属感，发掘这样的文化之力至关重要
人们常说“诗和远方”，似乎只有远方才有诗。其实，诗不只在远方，也在身旁。这段时间，陕西西安着力打造“唐诗之都”文化品牌。赴一场终南山下的“唐诗之约”，去大唐不夜城“邂逅李白”，到唐城墙遗址公园参加社区诗会……“诗道终南，心意长安”，诗歌穿越岁月的回响，唤醒了千年古都的诗心。
“垂檐灵草影，绕壁古山名。”这是唐代诗人姚合描写玄都观的诗句。2024年西安市区考古挖掘的一处夯土，正是玄都观殿堂基址。古长安与今西安，就这样在诗句中相遇。不仅是玄都观，灞桥折柳、曲池宴饮、雁塔题名……《全唐诗》收录的唐诗中，“长安”之名就出现了千余次。当年长安的城内城外，是一个巨大的诗歌创作现场；今天西安的大街小巷，“每一个地名都藏着一首诗”。诗人们锤炼的诗心，是这座城市独特的历史文脉所在。
中国大地上，一座座城市星罗棋布，超9.4亿人生活在城镇。城市有诗，市民就有诗。“天街小雨润如酥，草色遥看近却无”，这是寻常巷陌中的诗；“长安一片月，万户捣衣声”，这是日常生活中的诗。寻回城市的诗心，其实就是寻回“附近的诗”“身旁的诗”，让人们在休憩劳作之时、柴米油盐之间，能感受到一种“诗性空间”。试想，下班路上，车堵乐游原，忽然想起“万树鸣蝉隔岸虹，乐游原上有西风”的句子，蓦然就在诗歌中找到了歇脚之处。
唤醒城市的诗心，不仅是回应人们的审美需求，也是在赓续“诗教”传统，提升城市文化水准、涵养城市文明风尚。“临行密密缝，意恐迟迟归”，让人感怀凯风；“海内存知己，天涯若比邻”，则让人襟怀坦荡。诗歌如此作用于人心、作用于性情，可谓教化的最精微处。当越来越多人能通过诗歌与最纯粹、最厚重的心灵对话，感受美、弘扬善、体验真，城市就不仅有文气，而且有清气、有和气。
既润泽人心，又滋养文化，唤醒城市的诗心，正合于城市“内涵式发展”的要求。一个城市，如果没有文化的滋养，就不过是楼房、街道的“复制粘贴”。诞生此间、描摹此间，千年一咏、一咏千年，对于西安，唐诗不仅是文化记忆，更是滋养城市的文化活水。让高楼广厦有灵魂、让车水马龙有温度，让生活在这里、往来于这里的人们有认同感、归属感，发掘这样的文化之力至关重要。可以说，跳动的诗心，是城市的文化脉动，也是发展的重要支撑。
如何唤醒城市的诗心？这就需要把“在册之诗”，变成“在地之诗”、化为“在心之诗”。不少地方都有自己的“十景”，独特的形胜是山水之诗；而一方水土上的人、事、物，则是厚重的人文之诗。因景成诗，因诗成景，有形之城与无形之韵互相交融，成就“在地之诗”。诗心，终要扎根人心。晨光里老人悠悠的吟哦，学堂中孩子清脆的诵读——诗歌需要像清泉一样，流进日常生活的缝隙，化成城市呼吸的节奏。打通连接点，找到共鸣点，激活诗歌中跨越时空的力量，方能成就“在心之诗”。诗意涌动街巷、浸润人心，诗心才能蓬勃跳动、生生不息。
“中华文化延续着我们国家和民族的精神血脉，既需要薪火相传、代代守护，也需要与时俱进、推陈出新。”中国是诗的国度，诗在城市，也在乡野；诗在街头，也在阡陌。实现创造性转化、创新性发展，历史长河中沉淀下来的诗篇，一定能焕发新的生机，为我们这个时代的新文化涵养无尽诗意。","# 唤醒城市的“诗心”（金台随笔）

> 张  铁《人民日报》（2026年01月06日第 07 版）

让高楼广厦有灵魂、让车水马龙有温度，让生活在这里、往来于这里的人们有认同感、归属感，发掘这样的文化之力至关重要

人们常说“诗和远方”，似乎只有远方才有诗。其实，诗不只在远方，也在身旁。这段时间，陕西西安着力打造“唐诗之都”文化品牌。赴一场终南山下的“唐诗之约”，去大唐不夜城“邂逅李白”，到唐城墙遗址公园参加社区诗会……“诗道终南，心意长安”，诗歌穿越岁月的回响，唤醒了千年古都的诗心。

“垂檐灵草影，绕壁古山名。”这是唐代诗人姚合描写玄都观的诗句。2024年西安市区考古挖掘的一处夯土，正是玄都观殿堂基址。古长安与今西安，就这样在诗句中相遇。不仅是玄都观，灞桥折柳、曲池宴饮、雁塔题名……《全唐诗》收录的唐诗中，“长安”之名就出现了千余次。当年长安的城内城外，是一个巨大的诗歌创作现场；今天西安的大街小巷，“每一个地名都藏着一首诗”。诗人们锤炼的诗心，是这座城市独特的历史文脉所在。

中国大地上，一座座城市星罗棋布，超9.4亿人生活在城镇。城市有诗，市民就有诗。“天街小雨润如酥，草色遥看近却无”，这是寻常巷陌中的诗；“长安一片月，万户捣衣声”，这是日常生活中的诗。寻回城市的诗心，其实就是寻回“附近的诗”“身旁的诗”，让人们在休憩劳作之时、柴米油盐之间，能感受到一种“诗性空间”。试想，下班路上，车堵乐游原，忽然想起“万树鸣蝉隔岸虹，乐游原上有西风”的句子，蓦然就在诗歌中找到了歇脚之处。

唤醒城市的诗心，不仅是回应人们的审美需求，也是在赓续“诗教”传统，提升城市文化水准、涵养城市文明风尚。“临行密密缝，意恐迟迟归”，让人感怀凯风；“海内存知己，天涯若比邻”，则让人襟怀坦荡。诗歌如此作用于人心、作用于性情，可谓教化的最精微处。当越来越多人能通过诗歌与最纯粹、最厚重的心灵对话，感受美、弘扬善、体验真，城市就不仅有文气，而且有清气、有和气。

既润泽人心，又滋养文化，唤醒城市的诗心，正合于城市“内涵式发展”的要求。一个城市，如果没有文化的滋养，就不过是楼房、街道的“复制粘贴”。诞生此间、描摹此间，千年一咏、一咏千年，对于西安，唐诗不仅是文化记忆，更是滋养城市的文化活水。让高楼广厦有灵魂、让车水马龙有温度，让生活在这里、往来于这里的人们有认同感、归属感，发掘这样的文化之力至关重要。可以说，跳动的诗心，是城市的文化脉动，也是发展的重要支撑。

如何唤醒城市的诗心？这就需要把“在册之诗”，变成“在地之诗”、化为“在心之诗”。不少地方都有自己的“十景”，独特的形胜是山水之诗；而一方水土上的人、事、物，则是厚重的人文之诗。因景成诗，因诗成景，有形之城与无形之韵互相交融，成就“在地之诗”。诗心，终要扎根人心。晨光里老人悠悠的吟哦，学堂中孩子清脆的诵读——诗歌需要像清泉一样，流进日常生活的缝隙，化成城市呼吸的节奏。打通连接点，找到共鸣点，激活诗歌中跨越时空的力量，方能成就“在心之诗”。诗意涌动街巷、浸润人心，诗心才能蓬勃跳动、生生不息。

“中华文化延续着我们国家和民族的精神血脉，既需要薪火相传、代代守护，也需要与时俱进、推陈出新。”中国是诗的国度，诗在城市，也在乡野；诗在街头，也在阡陌。实现创造性转化、创新性发展，历史长河中沉淀下来的诗篇，一定能焕发新的生机，为我们这个时代的新文化涵养无尽诗意。",张  铁,评论,https://paper.people.com.cn/rmrb/pc/content/202601/06/content_30129738.html,2026-01-06,"['诗心', '城市', '唤醒', '诗歌', '文化', '唐诗', '玄都观', '之诗', '西安', '人心']","让高楼广厦有灵魂、让车水马龙有温度，让生活在这里、往来于这里的人们有认同感、归属感，发掘这样的文化之力至关重要
人们常说“诗和远方”，似乎只有远方才有诗。其实，诗不只在远方，也在身旁。这段时间，陕西西安着力打造“唐诗之都”文化品牌。赴一场终南山下的“唐诗之约”，去大唐不夜城“邂逅李白”，到唐城墙遗址公园参加社区诗会……“诗道终南，心意长安”，诗歌穿越岁月的回响，唤醒了千年古都的诗心。
“垂檐灵草影，绕壁古山名。”这是唐代诗人姚合描写玄都观的诗句。2024年西安市区考古挖掘的一处夯土，正是玄都观殿堂基址。古长安与今西安，就这样在诗句中相遇。不仅是玄都观，灞桥折柳、曲池宴饮、雁塔题名……《全唐诗》收录的唐诗中，“长安”之名就出现了千余次。当年长安的城内城外，是一个巨大的诗歌创作现场；今天西安的大街小巷，“每一个地名都藏着一首诗”。诗人们锤炼的诗心，是这座城市独特的历史文脉所在。",政治
抓作风  不能松（大家谈）,"习近平总书记在去年底的中央政治局民主生活会上强调：“要坚持把中央八项规定作为铁规矩、硬杠杠，毫不松懈整治‘四风’顽瘴痼疾，不断推进作风建设常态化长效化。”本期大家谈，我们聚焦作风建设，结合实际工作，选刊3篇来稿，与读者共同思考。
——编  者
要“讲究”莫“将就”
四川省成都市  山石鑫
村、社区是联系服务群众的最前沿，每项工作都连着民心、系着民生。但一些村社干部抱有“将就”心态，认为基层事小、地远、条件差，工作标准可以低一点、要求可以松一点、水平可以差一点。
比如，数据统计不够细、不够实，搞“大概差不多”；服务群众满足于“能办就好”，缺乏提高质效、优化流程、便利群众的主动作为；执行政策只顾“交差”，解决问题把“处理过”当“处理好了”。这背后，有思想懈怠的因素，有能力不足的问题，也有作风不实的原因，但根子上，还是服务群众的宗旨意识不够。
要“讲究”，莫“将就”。解决这一问题，既要在“破”字上下功夫，也要在“立”字上做文章。一方面，需要强化针对性思想教育，增强宗旨意识，推动村社干部自觉破除惰性，解决不想为的思想问题；另一方面，也需要加强培训赋能、实战练兵，补齐不善为的能力短板。引导基层干部在每一项工作、每一个环节上都多“讲究”、少“将就”，真正把好事办好、实事办实，方能不负群众的信任和支持。
摆问题需“对症”
河南省郑州市  段伟利
岁末年初，许多单位都在进行工作总结。其中，查摆问题是必不可少的一项内容。然而，有的干部在查摆问题上，却存在套路化的现象。
这些套路，往往具有几个典型特征。一是虚化，问题表述笼统模糊，轻描淡写、不碰实质。二是软化，对真正触及深层次矛盾、需要攻坚克难的“硬骨头”视而不见，专挑那些不痛不痒的问题来说。三是泛化，以部门问题代替个人问题，以共性问题代替具体问题。
找问题，是对自身的一次全面检视，也是促工作提升的一个起点。问题找得准，才能有的放矢、对症下药，下一步工作才会有方向、整改提升才会有目标。这就要求我们，用好“反光镜”，多听听工作服务对象的意见建议；用好“透视镜”，透过问题表象，深挖问题根源；用好“放大镜”，自觉用规章制度、工作要求等照照自己，看看还有多少差距、存在哪些不足。少摆些无关痛痒的问题，多些直面矛盾的勇气、攻坚克难的行动，才能把解决问题的过程变为推动工作进步的过程，让自己得提升，让工作有进展。
务虚会务必“求实”
山东省滨州市  赵  东
召开务虚会，为发展把脉、谋破题良策、聚改革共识，是推进工作的一个重要方法。实践中，一些地方认为务虚会就是“闲聊”“侃大山”，因此没有做好充分准备，会议内容缺少“干货”，务不出思路、务不出方法。类似情况，值得警惕。
务虚会也要“求实”。务虚会是为了“抬头看路”，明方向、找思路、寻对策，避免一味“埋头拉车”陷入事务主义。倘若将务虚会等同于空议、清谈，满足于坐而论道，就偏离了初衷，也容易滋生形式主义弊病。以“实”为导向，力戒空谈、力避虚浮，务虚会才能开出质量、开出成效。
虚功实做则不虚。这需要立足实践，坚持问题导向，把工作做在前头，带着问题调研、结合实情思考，聚焦发展面临的瓶颈、群众反映强烈的问题，出实招、谋实策，补短板、强弱项。将务虚会形成的思路，细化为可落实的方案，这同样是做好工作的要求。既善思善谋，又善作善成，才能把工作干好，让群众满意。","# 抓作风  不能松（大家谈）

> 《人民日报》（2026年01月06日第 07 版）

习近平总书记在去年底的中央政治局民主生活会上强调：“要坚持把中央八项规定作为铁规矩、硬杠杠，毫不松懈整治‘四风’顽瘴痼疾，不断推进作风建设常态化长效化。”本期大家谈，我们聚焦作风建设，结合实际工作，选刊3篇来稿，与读者共同思考。

——编  者

要“讲究”莫“将就”

四川省成都市  山石鑫

村、社区是联系服务群众的最前沿，每项工作都连着民心、系着民生。但一些村社干部抱有“将就”心态，认为基层事小、地远、条件差，工作标准可以低一点、要求可以松一点、水平可以差一点。

比如，数据统计不够细、不够实，搞“大概差不多”；服务群众满足于“能办就好”，缺乏提高质效、优化流程、便利群众的主动作为；执行政策只顾“交差”，解决问题把“处理过”当“处理好了”。这背后，有思想懈怠的因素，有能力不足的问题，也有作风不实的原因，但根子上，还是服务群众的宗旨意识不够。

要“讲究”，莫“将就”。解决这一问题，既要在“破”字上下功夫，也要在“立”字上做文章。一方面，需要强化针对性思想教育，增强宗旨意识，推动村社干部自觉破除惰性，解决不想为的思想问题；另一方面，也需要加强培训赋能、实战练兵，补齐不善为的能力短板。引导基层干部在每一项工作、每一个环节上都多“讲究”、少“将就”，真正把好事办好、实事办实，方能不负群众的信任和支持。

摆问题需“对症”

河南省郑州市  段伟利

岁末年初，许多单位都在进行工作总结。其中，查摆问题是必不可少的一项内容。然而，有的干部在查摆问题上，却存在套路化的现象。

这些套路，往往具有几个典型特征。一是虚化，问题表述笼统模糊，轻描淡写、不碰实质。二是软化，对真正触及深层次矛盾、需要攻坚克难的“硬骨头”视而不见，专挑那些不痛不痒的问题来说。三是泛化，以部门问题代替个人问题，以共性问题代替具体问题。

找问题，是对自身的一次全面检视，也是促工作提升的一个起点。问题找得准，才能有的放矢、对症下药，下一步工作才会有方向、整改提升才会有目标。这就要求我们，用好“反光镜”，多听听工作服务对象的意见建议；用好“透视镜”，透过问题表象，深挖问题根源；用好“放大镜”，自觉用规章制度、工作要求等照照自己，看看还有多少差距、存在哪些不足。少摆些无关痛痒的问题，多些直面矛盾的勇气、攻坚克难的行动，才能把解决问题的过程变为推动工作进步的过程，让自己得提升，让工作有进展。

务虚会务必“求实”

山东省滨州市  赵  东

召开务虚会，为发展把脉、谋破题良策、聚改革共识，是推进工作的一个重要方法。实践中，一些地方认为务虚会就是“闲聊”“侃大山”，因此没有做好充分准备，会议内容缺少“干货”，务不出思路、务不出方法。类似情况，值得警惕。

务虚会也要“求实”。务虚会是为了“抬头看路”，明方向、找思路、寻对策，避免一味“埋头拉车”陷入事务主义。倘若将务虚会等同于空议、清谈，满足于坐而论道，就偏离了初衷，也容易滋生形式主义弊病。以“实”为导向，力戒空谈、力避虚浮，务虚会才能开出质量、开出成效。

虚功实做则不虚。这需要立足实践，坚持问题导向，把工作做在前头，带着问题调研、结合实情思考，聚焦发展面临的瓶颈、群众反映强烈的问题，出实招、谋实策，补短板、强弱项。将务虚会形成的思路，细化为可落实的方案，这同样是做好工作的要求。既善思善谋，又善作善成，才能把工作干好，让群众满意。",,评论,https://paper.people.com.cn/rmrb/pc/content/202601/06/content_30129739.html,2026-01-06,"['务虚会', '问题', '工作', '作风', '群众', '查摆', '攻坚克难', '务不出', '求实', '讲究']","习近平总书记在去年底的中央政治局民主生活会上强调：“要坚持把中央八项规定作为铁规矩、硬杠杠，毫不松懈整治‘四风’顽瘴痼疾，不断推进作风建设常态化长效化。”本期大家谈，我们聚焦作风建设，结合实际工作，选刊3篇来稿，与读者共同思考。
——编  者
要“讲究”莫“将就”",政治
“预住院”服务的改革深意（新知）,"【现象】为缓解医疗机构“一床难求”，减少患者开支，近年来多地针对诊断明确、病情稳定的择期手术患者推出“预住院”服务。患者可在门诊完成术前检查检验、麻醉评估等准备工作，待床位空出后直接安排入院手术。一些地方还推进“预住院”费用医保支付试点，患者的术前检查检验相关费用可在正式入院后纳入住院费用结算。
【点评】
住院治疗的患者，入院前往往面对床位紧缺等不确定性，入院后需完成系列术前检查，手术也不能立即进行。针对“人等床”的困局，“预住院”模式应运而生，在提高医疗资源使用效率上迈出探索步伐。
“预住院”模式将术前检查、健康评估等环节前移至门诊阶段，对患者而言，最直观的获益是“少跑腿、少等待、少花费”。在湖南长沙，一些医院推出“预住院”服务后，患者平均住院日减少1至3天，费用降低超千元。中南大学湘雅三医院自2020年试点起，患者确诊后在预住院中心完成检查和评估，入院手术时间平均缩短2至3天，等待时间从7天减至3天。
这看似只是流程上的微调，实则触及了医疗资源精细化管理的内核。对医疗机构来说，“预住院”是提升运行效率的有益探索。传统模式下，患者入院后才开始排队检查，制约了床位高效周转。将检查前置后，医院可以更精准地规划床位资源与手术排期，用有限的医疗资源服务好更多患者。
当然，任何创新探索都需直面现实的挑战。
比如，“预住院”将部分服务从住院环节剥离，涉及收费项目、医保报销政策的衔接与调整，尤需强化部门之间的协同和医保部门的深度参与。配套推出更便捷高效的支付与结算机制，才能确保政策红利顺畅惠及患者。
再如，“预住院”主要面向部分择期手术患者，而非所有住院人群。如何科学、合理地界定适用人群，既关乎服务效率，也体现医疗管理的精细化水平。此外，检查前移意味着门诊的压力增大，需要更精细的预约排程、导诊服务，更智能的信息系统支持。在探索过程中，应鼓励医院因地制宜，结合自身专科特点与资源条件，设计合理的实施方案，避免“一刀切”产生负面影响。
近年来，从检查检验结果互认，到日间手术推广，再到多学科诊疗模式普及，一系列创新举措推动医疗服务体系向更高效、更人性化方向迈进。2025年，全国有360个地市的检查检验结果互认达到200种以上。这些以患者需求为导向的“减负”“破壁”之举广受欢迎，带来启示：医疗服务模式创新越是贴合实际、直指问题，越能转化为群众实实在在的看病就医获得感。
往深远看，“预住院”等实践的价值不仅在于资源配置的方式优化、效率提高，还在于理念的转变与更新：医疗服务从“以治病为中心”的片段式管理，转向“以人民健康为中心”的全周期、一体化健康管理。“以人民健康为中心”，不仅要求“治已病”，也需“治未病”；不仅要关注最终的治疗效果，也需重视整个就医流程的细节和体验。打破传统路径依赖，在确保医疗质量与安全的前提下，勇于对流程“动手术”、对体系“调结构”，整体提升医疗服务的舒适化、智慧化、数字化水平，才能更好满足群众不断增长的方便看病、舒心看病需求。
人民健康是社会主义现代化的重要标志。改善就医体验、提升医疗效能永无止境，每一项回应患者急难愁盼的举措创新、制度创新，都将为增进群众健康福祉、推进健康中国建设添砖加瓦。","# “预住院”服务的改革深意（新知）

> 邱  越《人民日报》（2026年01月06日第 07 版）

【现象】为缓解医疗机构“一床难求”，减少患者开支，近年来多地针对诊断明确、病情稳定的择期手术患者推出“预住院”服务。患者可在门诊完成术前检查检验、麻醉评估等准备工作，待床位空出后直接安排入院手术。一些地方还推进“预住院”费用医保支付试点，患者的术前检查检验相关费用可在正式入院后纳入住院费用结算。

【点评】

住院治疗的患者，入院前往往面对床位紧缺等不确定性，入院后需完成系列术前检查，手术也不能立即进行。针对“人等床”的困局，“预住院”模式应运而生，在提高医疗资源使用效率上迈出探索步伐。

“预住院”模式将术前检查、健康评估等环节前移至门诊阶段，对患者而言，最直观的获益是“少跑腿、少等待、少花费”。在湖南长沙，一些医院推出“预住院”服务后，患者平均住院日减少1至3天，费用降低超千元。中南大学湘雅三医院自2020年试点起，患者确诊后在预住院中心完成检查和评估，入院手术时间平均缩短2至3天，等待时间从7天减至3天。

这看似只是流程上的微调，实则触及了医疗资源精细化管理的内核。对医疗机构来说，“预住院”是提升运行效率的有益探索。传统模式下，患者入院后才开始排队检查，制约了床位高效周转。将检查前置后，医院可以更精准地规划床位资源与手术排期，用有限的医疗资源服务好更多患者。

当然，任何创新探索都需直面现实的挑战。

比如，“预住院”将部分服务从住院环节剥离，涉及收费项目、医保报销政策的衔接与调整，尤需强化部门之间的协同和医保部门的深度参与。配套推出更便捷高效的支付与结算机制，才能确保政策红利顺畅惠及患者。

再如，“预住院”主要面向部分择期手术患者，而非所有住院人群。如何科学、合理地界定适用人群，既关乎服务效率，也体现医疗管理的精细化水平。此外，检查前移意味着门诊的压力增大，需要更精细的预约排程、导诊服务，更智能的信息系统支持。在探索过程中，应鼓励医院因地制宜，结合自身专科特点与资源条件，设计合理的实施方案，避免“一刀切”产生负面影响。

近年来，从检查检验结果互认，到日间手术推广，再到多学科诊疗模式普及，一系列创新举措推动医疗服务体系向更高效、更人性化方向迈进。2025年，全国有360个地市的检查检验结果互认达到200种以上。这些以患者需求为导向的“减负”“破壁”之举广受欢迎，带来启示：医疗服务模式创新越是贴合实际、直指问题，越能转化为群众实实在在的看病就医获得感。

往深远看，“预住院”等实践的价值不仅在于资源配置的方式优化、效率提高，还在于理念的转变与更新：医疗服务从“以治病为中心”的片段式管理，转向“以人民健康为中心”的全周期、一体化健康管理。“以人民健康为中心”，不仅要求“治已病”，也需“治未病”；不仅要关注最终的治疗效果，也需重视整个就医流程的细节和体验。打破传统路径依赖，在确保医疗质量与安全的前提下，勇于对流程“动手术”、对体系“调结构”，整体提升医疗服务的舒适化、智慧化、数字化水平，才能更好满足群众不断增长的方便看病、舒心看病需求。

人民健康是社会主义现代化的重要标志。改善就医体验、提升医疗效能永无止境，每一项回应患者急难愁盼的举措创新、制度创新，都将为增进群众健康福祉、推进健康中国建设添砖加瓦。",邱  越,评论,https://paper.people.com.cn/rmrb/pc/content/202601/06/content_30129740.html,2026-01-06,"['住院', '患者', '医疗', '入院', '检查', '服务', '手术', '健康', '床位', '创新']","【现象】为缓解医疗机构“一床难求”，减少患者开支，近年来多地针对诊断明确、病情稳定的择期手术患者推出“预住院”服务。患者可在门诊完成术前检查检验、麻醉评估等准备工作，待床位空出后直接安排入院手术。一些地方还推进“预住院”费用医保支付试点，患者的术前检查检验相关费用可在正式入院后纳入住院费用结算。
【点评】
住院治疗的患者，入院前往往面对床位紧缺等不确定性，入院后需完成系列术前检查，手术也不能立即进行。针对“人等床”的困局，“预住院”模式应运而生，在提高医疗资源使用效率上迈出探索步伐。",政治
看足迹也要看实绩（纵横）,"习近平总书记强调：“善于换位思考，走进群众，真诚倾听群众呼声、真实反映群众愿望、真情关心群众疾苦，准确了解群众的所忧所盼。”如何真正把换位思考落到实处？江苏无锡探索开展“换位跑一次”活动，旨在通过角色互换、流程体验、沉浸感知，推动干部从群众立场、企业视角、实践维度出发，系统检视政府治理能力、服务水平等方面的短板漏洞，形成更多精准高效、可感可及的制度性成果。
“换位跑”，不只是形式上的创新与改进。通过调换看问题的角度和方向，能帮党员干部更好将手中“干的事”与群众“盼的事”精准对接，作出的决策也会更贴合群众意愿，真正把实事好事办到群众和企业心坎上。
“换位跑”的位，是认知之位、感知之位。换位思考，是一次内在的认知重塑。告别“自说自话”的主观判断，共情群众的急难愁盼、体会企业的发展困惑，才能解决“想明白”的首要问题。“换位跑”，还要在行动上真真正正“跑起来”，放下架子走进一线，用实打实的行动代替隔空喊话，用亲身体验代替道听途说。
真换位、真体验，要求党员干部从单纯的“服务者”身份，切换为实实在在的“当事人”，亲身经历办事流程，切身体验政策落实过程。这种“沉浸式”的做法，有助于打破管理者与服务对象之间的壁垒，让党员干部精准定位政策落地存在哪些问题，找准影响群众体验的关键所在。
当然，“换位跑”最终要看实效。群众心中有杆秤，称量的从不是换位的姿态、奔跑的频次，而是问题解决了多少、民生改善了几分、服务贴心了几许。归根结底，以钉钉子精神做实做细每一步，让“换位跑”的足迹延伸至民心深处，才能为群众创造实实在在的福祉。
（摘编自《新华日报》，原题为《“换位跑”，关键要换群众视角》）","# 看足迹也要看实绩（纵横）

> 朱绍岳《人民日报》（2026年01月06日第 07 版）

习近平总书记强调：“善于换位思考，走进群众，真诚倾听群众呼声、真实反映群众愿望、真情关心群众疾苦，准确了解群众的所忧所盼。”如何真正把换位思考落到实处？江苏无锡探索开展“换位跑一次”活动，旨在通过角色互换、流程体验、沉浸感知，推动干部从群众立场、企业视角、实践维度出发，系统检视政府治理能力、服务水平等方面的短板漏洞，形成更多精准高效、可感可及的制度性成果。

“换位跑”，不只是形式上的创新与改进。通过调换看问题的角度和方向，能帮党员干部更好将手中“干的事”与群众“盼的事”精准对接，作出的决策也会更贴合群众意愿，真正把实事好事办到群众和企业心坎上。

“换位跑”的位，是认知之位、感知之位。换位思考，是一次内在的认知重塑。告别“自说自话”的主观判断，共情群众的急难愁盼、体会企业的发展困惑，才能解决“想明白”的首要问题。“换位跑”，还要在行动上真真正正“跑起来”，放下架子走进一线，用实打实的行动代替隔空喊话，用亲身体验代替道听途说。

真换位、真体验，要求党员干部从单纯的“服务者”身份，切换为实实在在的“当事人”，亲身经历办事流程，切身体验政策落实过程。这种“沉浸式”的做法，有助于打破管理者与服务对象之间的壁垒，让党员干部精准定位政策落地存在哪些问题，找准影响群众体验的关键所在。

当然，“换位跑”最终要看实效。群众心中有杆秤，称量的从不是换位的姿态、奔跑的频次，而是问题解决了多少、民生改善了几分、服务贴心了几许。归根结底，以钉钉子精神做实做细每一步，让“换位跑”的足迹延伸至民心深处，才能为群众创造实实在在的福祉。

（摘编自《新华日报》，原题为《“换位跑”，关键要换群众视角》）",朱绍岳,评论,https://paper.people.com.cn/rmrb/pc/content/202601/06/content_30129742.html,2026-01-06,"['换位', '群众', '体验', '党员干部', '精准', '之位', '思考', '视角', '感知', '认知']","习近平总书记强调：“善于换位思考，走进群众，真诚倾听群众呼声、真实反映群众愿望、真情关心群众疾苦，准确了解群众的所忧所盼。”如何真正把换位思考落到实处？江苏无锡探索开展“换位跑一次”活动，旨在通过角色互换、流程体验、沉浸感知，推动干部从群众立场、企业视角、实践维度出发，系统检视政府治理能力、服务水平等方面的短板漏洞，形成更多精准高效、可感可及的制度性成果。
“换位跑”，不只是形式上的创新与改进。通过调换看问题的角度和方向，能帮党员干部更好将手中“干的事”与群众“盼的事”精准对接，作出的决策也会更贴合群众意愿，真正把实事好事办到群众和企业心坎上。
“换位跑”的位，是认知之位、感知之位。换位思考，是一次内在的认知重塑。告别“自说自话”的主观判断，共情群众的急难愁盼、体会企业的发展困惑，才能解决“想明白”的首要问题。“换位跑”，还要在行动上真真正正“跑起来”，放下架子走进一线，用实打实的行动代替隔空喊话，用亲身体验代替道听途说。",政治
从“汗滴禾下土”到“数据入云端”（人民时评）,"四川丘陵山地稻田，智能农机以厘米级精度，完成不规则田块的插秧作业；内蒙古智慧牧场，挤奶机器人、饲喂机器人、清粪机器人协同运转；广东荔枝园，“空天地”多模态监测数据经过智慧农业大脑学习分析，实现花量果情精准监测、灾害及时预警……
这些充满科技感的场景，来自前不久农业农村部发布的2025年智慧农业典型案例。推进农业现代化，根本动能在于农业科技现代化。“十四五”时期，我国智慧农业建设全面提速，农业科技创新持续推进，“让农民用最好的技术种出最好的粮食”正在成为现实。粮食生产精耕“智”作，设施农业“数字种养”，农业全产业链加速“数转智改”，将为农业现代化注入强劲动能。
大力发展智慧农业，是因为其具有重塑农业生产逻辑、要素价值与产业形态的深厚潜力。从实验室里的技术突破到田垄间的落地生根，从数据模型的精准运算到新农人的熟练操作，智慧农业重塑着农业生产的每一个环节，让传统农业焕发出前所未有的生机与活力，为保障粮食安全、推动农业高质量发展、实现共同富裕提供坚实支撑。
在要素价值层面，土地、劳动力等传统要素在数字技术的赋能下被重新定义，推动农业从劳动密集、经验主导的传统产业，迈向以技术为核心的现代化产业。这一转型，不仅有助于降低生产成本、提升单产，更能推动全产业链品质、韧性、效率实现系统性增强。以上海“农业数据+金融创新”探索为例，农业生产过程数据经标准化处理，在数据交易所挂牌交易，应用于保险理赔、融资增信等场景，为农业农村发展探索了数字资产增值的新路径。
产业形态方面，传统农业生产高度依赖经验判断和人力投入，智慧农业打破了农业生产、加工、销售各环节的信息壁垒，推动一二三产业深度融合，催生了农产品电商、休闲农业、农事体验等新业态，延伸了农业产业链条，提升了农业整体竞争力。这种潜力的释放，不仅能够破解当前农业发展面临的资源约束、效率瓶颈等难题，更为乡村全面振兴提供了有力支撑，让农业成为有奔头的产业。
从“汗滴禾下土”到“数据入云端”，沃野千里涌现许多前沿科技集成应用地，汇集了跨区农机手、无人机飞手、云端“田保姆”、农民主播等一批新型劳动者。他们不再是传统意义上的农民，而是靠技能素养、数据思维、市场意识吃饭的“新农人”。农民，正转型为一种融合传统农艺智慧与现代信息技能的复合型职业，吸引越来越多受过良好教育、怀揣创新热情的青年人才返乡入乡创业。
展望未来，智慧农业的全面发展仍需克服关键技术自主化、数据共享壁垒等现实挑战。随着“人工智能+”行动在农业领域走深走实，持续强化标准引领、技术攻关、场景拓展、人才培育与数据整合，一个自主可控、富有韧性的智慧农业生态体系将深刻改变农业，中国人的饭碗必将牢牢端在自己手中。","# 从“汗滴禾下土”到“数据入云端”（人民时评）

> 李  越《人民日报》（2026年01月06日第 07 版）

四川丘陵山地稻田，智能农机以厘米级精度，完成不规则田块的插秧作业；内蒙古智慧牧场，挤奶机器人、饲喂机器人、清粪机器人协同运转；广东荔枝园，“空天地”多模态监测数据经过智慧农业大脑学习分析，实现花量果情精准监测、灾害及时预警……

这些充满科技感的场景，来自前不久农业农村部发布的2025年智慧农业典型案例。推进农业现代化，根本动能在于农业科技现代化。“十四五”时期，我国智慧农业建设全面提速，农业科技创新持续推进，“让农民用最好的技术种出最好的粮食”正在成为现实。粮食生产精耕“智”作，设施农业“数字种养”，农业全产业链加速“数转智改”，将为农业现代化注入强劲动能。

大力发展智慧农业，是因为其具有重塑农业生产逻辑、要素价值与产业形态的深厚潜力。从实验室里的技术突破到田垄间的落地生根，从数据模型的精准运算到新农人的熟练操作，智慧农业重塑着农业生产的每一个环节，让传统农业焕发出前所未有的生机与活力，为保障粮食安全、推动农业高质量发展、实现共同富裕提供坚实支撑。

在要素价值层面，土地、劳动力等传统要素在数字技术的赋能下被重新定义，推动农业从劳动密集、经验主导的传统产业，迈向以技术为核心的现代化产业。这一转型，不仅有助于降低生产成本、提升单产，更能推动全产业链品质、韧性、效率实现系统性增强。以上海“农业数据+金融创新”探索为例，农业生产过程数据经标准化处理，在数据交易所挂牌交易，应用于保险理赔、融资增信等场景，为农业农村发展探索了数字资产增值的新路径。

产业形态方面，传统农业生产高度依赖经验判断和人力投入，智慧农业打破了农业生产、加工、销售各环节的信息壁垒，推动一二三产业深度融合，催生了农产品电商、休闲农业、农事体验等新业态，延伸了农业产业链条，提升了农业整体竞争力。这种潜力的释放，不仅能够破解当前农业发展面临的资源约束、效率瓶颈等难题，更为乡村全面振兴提供了有力支撑，让农业成为有奔头的产业。

从“汗滴禾下土”到“数据入云端”，沃野千里涌现许多前沿科技集成应用地，汇集了跨区农机手、无人机飞手、云端“田保姆”、农民主播等一批新型劳动者。他们不再是传统意义上的农民，而是靠技能素养、数据思维、市场意识吃饭的“新农人”。农民，正转型为一种融合传统农艺智慧与现代信息技能的复合型职业，吸引越来越多受过良好教育、怀揣创新热情的青年人才返乡入乡创业。

展望未来，智慧农业的全面发展仍需克服关键技术自主化、数据共享壁垒等现实挑战。随着“人工智能+”行动在农业领域走深走实，持续强化标准引领、技术攻关、场景拓展、人才培育与数据整合，一个自主可控、富有韧性的智慧农业生态体系将深刻改变农业，中国人的饭碗必将牢牢端在自己手中。",李  越,评论,https://paper.people.com.cn/rmrb/pc/content/202601/06/content_30129743.html,2026-01-06,"['农业', '智慧', '数据', '云端', '产业', '现代化', '生产', '汗滴禾下土', '机器人', '场景']","四川丘陵山地稻田，智能农机以厘米级精度，完成不规则田块的插秧作业；内蒙古智慧牧场，挤奶机器人、饲喂机器人、清粪机器人协同运转；广东荔枝园，“空天地”多模态监测数据经过智慧农业大脑学习分析，实现花量果情精准监测、灾害及时预警……
这些充满科技感的场景，来自前不久农业农村部发布的2025年智慧农业典型案例。推进农业现代化，根本动能在于农业科技现代化。“十四五”时期，我国智慧农业建设全面提速，农业科技创新持续推进，“让农民用最好的技术种出最好的粮食”正在成为现实。粮食生产精耕“智”作，设施农业“数字种养”，农业全产业链加速“数转智改”，将为农业现代化注入强劲动能。
大力发展智慧农业，是因为其具有重塑农业生产逻辑、要素价值与产业形态的深厚潜力。从实验室里的技术突破到田垄间的落地生根，从数据模型的精准运算到新农人的熟练操作，智慧农业重塑着农业生产的每一个环节，让传统农业焕发出前所未有的生机与活力，为保障粮食安全、推动农业高质量发展、实现共同富裕提供坚实支撑。",经济
从制造到创造、从速度到质量、从产品到品牌,"LZD900型缆载起重机，额定起重量为900吨。崔永兴摄
LZD900型缆载起重机，额定起重量为900吨。
崔永兴摄
运行在世界首条稀土永磁磁浮轨道交通工程试验线上的“兴国号”列车，设计时速80公里，可无人自动驾驶。潘万齐摄
运行在世界首条稀土永磁磁浮轨道交通工程试验线上的“兴国号”列车，设计时速80公里，可无人自动驾驶。
潘万齐摄
混凝土整平机器人，可实现毫米级高精度整平作业。王天水摄
混凝土整平机器人，可实现毫米级高精度整平作业。
王天水摄
运维巡检机器人，具备火险、水情等自主巡检功能。罗  金摄
运维巡检机器人，具备火险、水情等自主巡检功能。
罗  金摄
全球首台千吨级新能源架桥机“应龙号”，首次将新能源技术应用在架桥机上，燃油消耗可节省40%。朱  广摄
全球首台千吨级新能源架桥机“应龙号”，首次将新能源技术应用在架桥机上，燃油消耗可节省40%。
朱  广摄
腕臂智能化安装车，能够使腕臂安装机械臂自动找正腕臂安装位置。苗  达摄
腕臂智能化安装车，能够使腕臂安装机械臂自动找正腕臂安装位置。
苗  达摄
恒张力放线车，打破国外垄断，架设的接触线每米平直度精度误差整体控制在0.05毫米以内。任富阳摄
恒张力放线车，打破国外垄断，架设的接触线每米平直度精度误差整体控制在0.05毫米以内。
任富阳摄
智能重载拼装机器人，已在多条地铁线路应用。贾  鹏摄
智能重载拼装机器人，已在多条地铁线路应用。
贾  鹏摄
梁端智能喷涂机器人，单片箱梁预制可节约喷涂时间1.5小时。王  昊摄
梁端智能喷涂机器人，单片箱梁预制可节约喷涂时间1.5小时。
王  昊摄
平潭海峡公铁大桥横跨世界三大风口之一的平潭海峡，是我国首座跨海公铁两用桥，也是世界最长跨海公铁两用桥。徐瑞伸摄
平潭海峡公铁大桥横跨世界三大风口之一的平潭海峡，是我国首座跨海公铁两用桥，也是世界最长跨海公铁两用桥。
徐瑞伸摄
秦岭站填补了我国在南极罗斯海区域的考察空白，是我国现有考察站中面积最大的单体建筑，可容纳度夏考察人员80人，越冬考察人员30人。郑  迪摄
秦岭站填补了我国在南极罗斯海区域的考察空白，是我国现有考察站中面积最大的单体建筑，可容纳度夏考察人员80人，越冬考察人员30人。
郑  迪摄
黄茅海跨海通道2024年底通车后，广东珠海至江门的陆路通行时间缩短至30分钟左右。黄茅海大桥建成时是世界跨径最大的三塔斜拉公路桥。冯珠仔摄
黄茅海跨海通道2024年底通车后，广东珠海至江门的陆路通行时间缩短至30分钟左右。黄茅海大桥建成时是世界跨径最大的三塔斜拉公路桥。
冯珠仔摄
拉林铁路是西藏首条电气化铁路，90%以上线路在海拔3000米以上。新华社记者  晋美多吉摄
拉林铁路是西藏首条电气化铁路，90%以上线路在海拔3000米以上。
新华社记者  晋美多吉摄
我国出口海外最大直径盾构机“帕蒂加朗号”，开挖直径达15.7米，将应用于澳大利亚西部港湾项目建设。杨  格摄
我国出口海外最大直径盾构机“帕蒂加朗号”，开挖直径达15.7米，将应用于澳大利亚西部港湾项目建设。
杨  格摄
乌兹别克斯坦卡姆奇克隧道于2016年建成通车，隧道全长19.2公里，解决了乌兹别克斯坦1/3人口的出行问题。张永超摄
乌兹别克斯坦卡姆奇克隧道于2016年建成通车，隧道全长19.2公里，解决了乌兹别克斯坦1/3人口的出行问题。
张永超摄
中马友谊大桥，连接马尔代夫首都马累、机场岛和胡鲁马累岛，于2018年建成通车。这是马尔代夫首座现代化桥梁，也是印度洋上的第一座跨海大桥和首座在珊瑚礁岩体上建造的大型跨海大桥。中国中铁供图
中马友谊大桥，连接马尔代夫首都马累、机场岛和胡鲁马累岛，于2018年建成通车。这是马尔代夫首座现代化桥梁，也是印度洋上的第一座跨海大桥和首座在珊瑚礁岩体上建造的大型跨海大桥。
中国中铁供图
纳尔逊·曼德拉体育场，位于阿尔及利亚首都阿尔及尔郊区，是该国首座能满足包括世界杯在内的国际足联全部赛事标准的国家级体育场。张宏亮摄
纳尔逊·曼德拉体育场，位于阿尔及利亚首都阿尔及尔郊区，是该国首座能满足包括世界杯在内的国际足联全部赛事标准的国家级体育场。
张宏亮摄
一桥飞架，常泰长江大桥创造6个世界之最；铿锵突进，崇太长江隧道成功穿越长江水下最深处；钢轨绵延，匈塞铁路（匈牙利段）开通在即，打造“一带一路”亮丽名片……
习近平总书记在中铁工程装备集团有限公司考察时强调：“推动中国制造向中国创造转变、中国速度向中国质量转变、中国产品向中国品牌转变。”
牢记殷殷嘱托、践行“三个转变”，中国中铁成为全球基础设施建设领域规模最大、实力最强的多功能综合型建设产业集团之一，位列世界500强企业第四十三位。
逐“新”而行，实现中国创造
盾构机，被誉为“地下蛟龙”。从国内首台能爬陡坡的硬岩掘进机，到世界最大直径竖井掘进机，再到全球首台原位可变径盾构机……坚持创新引领，中国中铁盾构机产销量连续8年位居世界第一。
不止盾构机，从世界首创的掘爆机，到焊接机器人、喷涂机器人，再到“应龙号”“越海号”等架桥机，中国中铁特种工程装备频频上新，以“中国创造”助力“穿山越海”。
以“质”致远，铸就中国质量
平潭海峡公铁大桥，成功穿越风暴海域；拉林铁路，16次跨越雅鲁藏布江；南极秦岭站，可抵御零下60摄氏度超低温……一项项标志性工程，不断刷新“中国建造”质量标杆。
参与建设全国2/3的铁路里程，1/2的高速铁路，3/5的城市轨道交通，在“逢山开路、遇水架桥”的历练中，中国中铁荣获132项国家科学技术奖、253项中国建设工程鲁班奖。
向“高”而攀，擦亮中国品牌
从全球招标中胜出，用900天打通中亚地区最长隧道——乌兹别克斯坦卡姆奇克隧道，成就火车900秒穿行大山的奇迹。
历时8年，攻克“在豆腐上插钢筋”建设难题，建成孟加拉国帕德玛大桥，被当地民众称为“梦想之桥”，将原本七八个小时的过河时间缩短至10分钟。
中老铁路、雅万高铁、匈塞铁路、亚吉铁路……中国中铁持续用中国技术、中国标准、中国方案擦亮“中国建造”金名片。","# 从制造到创造、从速度到质量、从产品到品牌

> 本报记者  李心萍《人民日报》（2026年01月06日第 08 版）

LZD900型缆载起重机，额定起重量为900吨。　　崔永兴摄

LZD900型缆载起重机，额定起重量为900吨。

崔永兴摄

运行在世界首条稀土永磁磁浮轨道交通工程试验线上的“兴国号”列车，设计时速80公里，可无人自动驾驶。　　潘万齐摄

运行在世界首条稀土永磁磁浮轨道交通工程试验线上的“兴国号”列车，设计时速80公里，可无人自动驾驶。

潘万齐摄

混凝土整平机器人，可实现毫米级高精度整平作业。　　王天水摄

混凝土整平机器人，可实现毫米级高精度整平作业。

王天水摄

运维巡检机器人，具备火险、水情等自主巡检功能。　　罗  金摄

运维巡检机器人，具备火险、水情等自主巡检功能。

罗  金摄

全球首台千吨级新能源架桥机“应龙号”，首次将新能源技术应用在架桥机上，燃油消耗可节省40%。　　朱  广摄

全球首台千吨级新能源架桥机“应龙号”，首次将新能源技术应用在架桥机上，燃油消耗可节省40%。

朱  广摄

腕臂智能化安装车，能够使腕臂安装机械臂自动找正腕臂安装位置。　　苗  达摄

腕臂智能化安装车，能够使腕臂安装机械臂自动找正腕臂安装位置。

苗  达摄

恒张力放线车，打破国外垄断，架设的接触线每米平直度精度误差整体控制在0.05毫米以内。　　任富阳摄

恒张力放线车，打破国外垄断，架设的接触线每米平直度精度误差整体控制在0.05毫米以内。

任富阳摄

智能重载拼装机器人，已在多条地铁线路应用。　　贾  鹏摄

智能重载拼装机器人，已在多条地铁线路应用。

贾  鹏摄

梁端智能喷涂机器人，单片箱梁预制可节约喷涂时间1.5小时。　　王  昊摄

梁端智能喷涂机器人，单片箱梁预制可节约喷涂时间1.5小时。

王  昊摄

平潭海峡公铁大桥横跨世界三大风口之一的平潭海峡，是我国首座跨海公铁两用桥，也是世界最长跨海公铁两用桥。　　徐瑞伸摄

平潭海峡公铁大桥横跨世界三大风口之一的平潭海峡，是我国首座跨海公铁两用桥，也是世界最长跨海公铁两用桥。

徐瑞伸摄

秦岭站填补了我国在南极罗斯海区域的考察空白，是我国现有考察站中面积最大的单体建筑，可容纳度夏考察人员80人，越冬考察人员30人。　　郑  迪摄

秦岭站填补了我国在南极罗斯海区域的考察空白，是我国现有考察站中面积最大的单体建筑，可容纳度夏考察人员80人，越冬考察人员30人。

郑  迪摄

黄茅海跨海通道2024年底通车后，广东珠海至江门的陆路通行时间缩短至30分钟左右。黄茅海大桥建成时是世界跨径最大的三塔斜拉公路桥。　　冯珠仔摄

黄茅海跨海通道2024年底通车后，广东珠海至江门的陆路通行时间缩短至30分钟左右。黄茅海大桥建成时是世界跨径最大的三塔斜拉公路桥。

冯珠仔摄

拉林铁路是西藏首条电气化铁路，90%以上线路在海拔3000米以上。　　新华社记者  晋美多吉摄

拉林铁路是西藏首条电气化铁路，90%以上线路在海拔3000米以上。

新华社记者  晋美多吉摄

我国出口海外最大直径盾构机“帕蒂加朗号”，开挖直径达15.7米，将应用于澳大利亚西部港湾项目建设。　　杨  格摄

我国出口海外最大直径盾构机“帕蒂加朗号”，开挖直径达15.7米，将应用于澳大利亚西部港湾项目建设。

杨  格摄

乌兹别克斯坦卡姆奇克隧道于2016年建成通车，隧道全长19.2公里，解决了乌兹别克斯坦1/3人口的出行问题。　　张永超摄

乌兹别克斯坦卡姆奇克隧道于2016年建成通车，隧道全长19.2公里，解决了乌兹别克斯坦1/3人口的出行问题。

张永超摄

中马友谊大桥，连接马尔代夫首都马累、机场岛和胡鲁马累岛，于2018年建成通车。这是马尔代夫首座现代化桥梁，也是印度洋上的第一座跨海大桥和首座在珊瑚礁岩体上建造的大型跨海大桥。　　中国中铁供图

中马友谊大桥，连接马尔代夫首都马累、机场岛和胡鲁马累岛，于2018年建成通车。这是马尔代夫首座现代化桥梁，也是印度洋上的第一座跨海大桥和首座在珊瑚礁岩体上建造的大型跨海大桥。

中国中铁供图

纳尔逊·曼德拉体育场，位于阿尔及利亚首都阿尔及尔郊区，是该国首座能满足包括世界杯在内的国际足联全部赛事标准的国家级体育场。　　张宏亮摄

纳尔逊·曼德拉体育场，位于阿尔及利亚首都阿尔及尔郊区，是该国首座能满足包括世界杯在内的国际足联全部赛事标准的国家级体育场。

张宏亮摄

一桥飞架，常泰长江大桥创造6个世界之最；铿锵突进，崇太长江隧道成功穿越长江水下最深处；钢轨绵延，匈塞铁路（匈牙利段）开通在即，打造“一带一路”亮丽名片……

习近平总书记在中铁工程装备集团有限公司考察时强调：“推动中国制造向中国创造转变、中国速度向中国质量转变、中国产品向中国品牌转变。”

牢记殷殷嘱托、践行“三个转变”，中国中铁成为全球基础设施建设领域规模最大、实力最强的多功能综合型建设产业集团之一，位列世界500强企业第四十三位。

逐“新”而行，实现中国创造

盾构机，被誉为“地下蛟龙”。从国内首台能爬陡坡的硬岩掘进机，到世界最大直径竖井掘进机，再到全球首台原位可变径盾构机……坚持创新引领，中国中铁盾构机产销量连续8年位居世界第一。

不止盾构机，从世界首创的掘爆机，到焊接机器人、喷涂机器人，再到“应龙号”“越海号”等架桥机，中国中铁特种工程装备频频上新，以“中国创造”助力“穿山越海”。

以“质”致远，铸就中国质量

平潭海峡公铁大桥，成功穿越风暴海域；拉林铁路，16次跨越雅鲁藏布江；南极秦岭站，可抵御零下60摄氏度超低温……一项项标志性工程，不断刷新“中国建造”质量标杆。

参与建设全国2/3的铁路里程，1/2的高速铁路，3/5的城市轨道交通，在“逢山开路、遇水架桥”的历练中，中国中铁荣获132项国家科学技术奖、253项中国建设工程鲁班奖。

向“高”而攀，擦亮中国品牌

从全球招标中胜出，用900天打通中亚地区最长隧道——乌兹别克斯坦卡姆奇克隧道，成就火车900秒穿行大山的奇迹。

历时8年，攻克“在豆腐上插钢筋”建设难题，建成孟加拉国帕德玛大桥，被当地民众称为“梦想之桥”，将原本七八个小时的过河时间缩短至10分钟。

中老铁路、雅万高铁、匈塞铁路、亚吉铁路……中国中铁持续用中国技术、中国标准、中国方案擦亮“中国建造”金名片。",李心萍,视觉,https://paper.people.com.cn/rmrb/pc/content/202601/06/content_30129745.html,2026-01-06,"['机器人', '公铁', '首座', '中铁', '中国', '大桥', '跨海', '架桥机', '盾构', '隧道']","LZD900型缆载起重机，额定起重量为900吨。崔永兴摄
LZD900型缆载起重机，额定起重量为900吨。
崔永兴摄",政治
繁荣发展新时代中国特色社会主义文化（深入学习贯彻习近平新时代中国特色社会主义思想）,"文化繁荣兴盛是中国式现代化的重要标志。推动文化繁荣发展、建成社会主义文化强国，是基本实现社会主义现代化的重要支撑。习近平总书记强调：“不断发展具有强大思想引领力、精神凝聚力、价值感召力、国际影响力的新时代中国特色社会主义文化”。党的二十届四中全会《建议》对此作出系统部署，为“十五五”时期繁荣发展新时代中国特色社会主义文化指明了前进方向和关键着力点。我们要深刻认识新时代中国特色社会主义文化的时代特征和丰富内涵，深入把握习近平文化思想的创新性贡献，以习近平文化思想为指引，繁荣发展具有强大思想引领力、精神凝聚力、价值感召力、国际影响力的新时代中国特色社会主义文化。
中国特色社会主义文化在新时代的丰富和发展
文化是一定时代人类精神活动的积淀、精神世界的结晶。恩格斯指出：“每一个时代的理论思维，包括我们这个时代的理论思维，都是一种历史的产物，它在不同的时代具有完全不同的形式，同时具有完全不同的内容。”一个时代有一个时代的文化。百余年来，中国共产党人总是根据不同时代的特点和需要，团结带领中国人民与时俱进发展新的文化。党的十八大以来，中国特色社会主义进入新时代，“两个大局”加速演进并深度互动，世界文化激荡展现新的态势，中华文明发展提出新的课题，文化强国建设进入新的阶段，社会思想文化呈现新的特点。时代发展新变化和文化领域新形势，呼唤新的文化创造。习近平总书记强调：“共同努力创造属于我们这个时代的新文化”“不断培育和创造新时代中国特色社会主义文化”。新时代中国特色社会主义文化，是需要我们共同努力创造的、属于我们这个时代的新文化。这个新文化，本质上是以马克思主义为指导的，面向现代化、面向世界、面向未来的，民族的科学的大众的社会主义文化，既同新中国成立以来特别是改革开放以来形成的中国特色社会主义文化一脉相承，又在体现中国特色社会主义文化随着时代发展所增添的新内涵。
从发展宗旨上看，新时代中国特色社会主义文化是能够更好满足人民日益增长的美好精神生活需要的新文化。习近平总书记强调：“人民对精神文化生活的需求时时刻刻都存在。”中国特色社会主义文化是着眼于人、落脚于人的文化。进入新时代，我国社会主要矛盾已经转化为人民日益增长的美好生活需要和不平衡不充分的发展之间的矛盾，我国文化供给面临的主要矛盾已经不是缺不缺、够不够的问题，而是好不好、精不精的问题。满足人民日益增长的美好生活需要，一个重要方面是满足人民日益增长的精神文化生活需要；解决发展不平衡不充分的问题，一个重要方面是解决文化发展不平衡不充分的问题。新时代中国特色社会主义文化，正是以时代为观照、以人民为中心培育和创造出来的新文化，它能够适应新时代文化建设领域新变化、满足人民精神文化生活新期待，能够更好保障人民群众文化权益，能够以新风格、高品质、个性化文化供给更好满足人民群众多样化、多层次、多方面的精神文化需求，促进人民精神生活共同富裕。
从主体内容上看，新时代中国特色社会主义文化是由中华优秀传统文化、革命文化和社会主义先进文化共同铸就的新文化。习近平总书记指出：“中国特色社会主义文化，源自于中华民族五千多年文明历史所孕育的中华优秀传统文化，熔铸于党领导人民在革命、建设、改革中创造的革命文化和社会主义先进文化，植根于中国特色社会主义伟大实践。”新时代中国特色社会主义文化是在中国共产党一百多年来领导人民建设中华民族新文化的伟大征程中形成的，是在对中华优秀传统文化的传承发展中形成的。新时代中国特色社会主义文化按照新时代的新特点新要求，推动中华优秀传统文化创造性转化、创新性发展；根据新时代的新发展，对革命文化和社会主义先进文化中的诸多元素进行赓续发扬，形成既具有红色基因又拓展新时代内容的新文化。中华优秀传统文化、革命文化、社会主义先进文化一脉相承，贯通中华民族的过去、当下与未来，在新时代中国特色社会主义的伟大实践中实现融合锻造、创新发展，共同铸就了新时代中国特色社会主义文化。
从表现形态上看，新时代中国特色社会主义文化是作为中国式现代化的文化形态而存在的新文化。马克思主义认为，一个社会的文明形态，是同生产力发展一定阶段相适应的经济基础和上层建筑的统一体，是社会的经济形态、政治形态、文化形态具体的、历史的统一。近代以来，人类通过不同的现代化道路，创造了包括多种文化形态在内的不同社会文明形态。习近平总书记指出：“我们坚持和发展中国特色社会主义，推动物质文明、政治文明、精神文明、社会文明、生态文明协调发展，创造了中国式现代化新道路，创造了人类文明新形态。”新时代我们推进和拓展的中国式现代化，本质上是中国共产党领导的社会主义现代化，既有各国现代化的共同特征，更有基于自己国情的中国特色。这决定了中国式现代化的文化形态，必然是与我国经济基础相适应的观念上层建筑，必然是反映我国经济形态、政治形态的文化形态，必然要体现社会主义性质、具有鲜明中国特色。这样的文化形态，就是我们党团结带领全国各族人民，在新时代坚持和发展中国特色社会主义、沿着中国式现代化康庄大道奋勇前进的过程中，创造出来的新时代中国特色社会主义文化。
从精神特质上看，新时代中国特色社会主义文化是坚定文化自信、秉持开放包容、坚持守正创新的新文化。文化自信是更基础、更广泛、更深厚的自信。坚定文化自信，实质上是坚定对中国特色社会主义文化的自信。新时代中国特色社会主义文化，是新时代中国共产党带领中国人民在中国大地上建立起来的文化，它植根于新时代中国特色社会主义伟大实践，充分彰显新时代中国人民的精神独立性和主体性，能够让中华民族在新时代充满底气、坚定文化自信。开放包容是文明发展的活力来源，也是文化自信的显著标志。秉持开放包容，就是通过积极主动地学习借鉴人类创造的一切优秀文明成果来丰富发展中国特色社会主义文化。新时代中国特色社会主义文化，是在兼容并蓄、博采众长、融通中外、贯通古今中形成的文化，是在推动马克思主义中国化时代化、传承发展中华优秀传统文化、促进外来文化本土化过程中形成的文化。习近平总书记指出：“对文化建设来说，守正才能不迷失自我、不迷失方向，创新才能把握时代、引领时代。”坚持守正创新，就是在守住文化魂脉和根脉的基础上推动新时代中国特色社会主义文化创新发展。新时代中国特色社会主义文化，在坚守中国共产党文化领导权和中华民族文化主体性的同时，不断创新文化发展思路、传播话语、改革机制、呈现形式。
习近平文化思想是新时代中国特色社会主义文化繁荣发展的科学指南
一个时代的文化中最闪亮的标识，往往是该时代最具引领性、主导性的思想。在新时代中国特色社会主义文化建设实践中形成的习近平文化思想，是坚持“两个结合”、推进马克思主义文化理论创新的重大成果，也是新时代中国特色社会主义文化中最具有创造性、标志性的重要内容。繁荣发展新时代中国特色社会主义文化，必须以习近平文化思想为指导，培育和创造新时代的新文化。
习近平文化思想是马克思主义文化理论中国化时代化的最新成果。在原则立场方面，习近平文化思想继承了马克思主义关于文化本质和文化创造主体的理论，特别是其中鲜明的政治原则和人民立场，创造性提出了坚持党的文化领导权，坚持马克思主义在意识形态领域指导地位的根本制度，坚持以人民为中心的工作导向，充分激发全民族文化创新创造活力等重大论断。在原理方法方面，习近平文化思想强调文化对国家、民族和经济社会发展的重要作用，提出建设具有强大凝聚力和引领力的社会主义意识形态、推动物质文明和精神文明协调发展、培育和践行社会主义核心价值观、铸牢中华民族共同体意识、促进文明交流互鉴等重要论述，充分体现并创造性发展了马克思主义关于经济基础和上层建筑辩证关系、意识形态、精神生产、人的全面发展、精神交往等基本原理；提出“两个结合”“创造性转化、创新性发展”“坚定文化自信，秉持开放包容，坚持守正创新”等重要理念，充分体现并创新发展了马克思主义关于文化建设的根本方法。在原创内容方面，习近平文化思想结合新时代文化领域面临的新形势，创造性提出“新时代的文化使命”“文化主体性”“新的文化生命体”“中国哲学社会科学自主知识体系”“信息化条件下文化领域治理能力”“文化建设数字化赋能、信息化转型”“中国话语和中国叙事体系”“全人类共同价值”“人类文明新形态”等新概念、新表述，极大丰富了马克思主义文化理论宝库。
习近平文化思想是推动中华优秀传统文化创造性转化、创新性发展的光辉典范。比如，在文化功能方面，中华优秀传统文化强调“文者，贯道之器也”“观乎人文，以化成天下”。习近平文化思想提出“以文弘业、以文培元，以文立心、以文铸魂”，指出文化文艺工作者、哲学社会科学工作者都肩负着启迪思想、陶冶情操、温润心灵的重要职责，承担着以文化人、以文育人、以文培元的使命，实现了对中华民族关于文以载道、文以化人等思想智慧的传承发展。在文化精神方面，中华优秀传统文化中“先天下之忧而忧，后天下之乐而乐”“人生自古谁无死，留取丹心照汗青”等名句千古流传。习近平文化思想强调，“爱国，是人世间最深层、最持久的情感，是一个人立德之源、立功之本”“要在厚植爱国主义情怀上下功夫”，这包含着对以爱国主义为核心的民族精神的传承发展。在文化修养方面，中华优秀传统文化强调“道之以德，齐之以礼，有耻且格”。习近平文化思想提出实施公民道德建设工程，弘扬中华传统美德，加强家庭家教家风建设，加强和改进未成年人思想道德建设，推动明大德、守公德、严私德，提高人民道德水准和文明素养，体现了对中华民族注重道德与人文修养等文化传统的传承发展。等等。
习近平文化思想坚持“两个结合”，立足新时代中国文化建设具体实际和丰富实践，既继承和创新了马克思主义文化理论，又传承和发展了中华民族历史上关于文化的积极思想成果，在文化的地位意义、立场原则、发展道路、领导力量、创造主体、时代使命、对外传播等方面形成了一系列重大创新观点，以宏阔的历史纵深和文明视野，极大深化和拓展了对社会主义文化建设规律、中华文明发展规律、人类文明进步规律的认识，书写了马克思主义文化理论中国化时代化的新篇章，在马克思主义文化理论发展史上具有开创性、标志性意义，在中国文化思想史上具有重要里程碑意义。这一思想以一系列原则性论断、原理性成果、原创性贡献，系统回答了新时代坚持和发展什么样的中国特色社会主义文化、怎样坚持和发展中国特色社会主义文化的重大课题，为新时代中国特色社会主义文化创新发展提供了科学指南，奠定了文化自信自强的新基石，铸就了社会主义文化的新辉煌，形成了中华文化的新高峰。
着力增强新时代中国特色社会主义文化的思想引领力、精神凝聚力、价值感召力、国际影响力
习近平总书记强调：“文化兴国运兴，文化强民族强。”一个国家、一个民族的文化力量，集中体现了这个国家和民族基于文化而具有的向心力和生命力，以及由此产生的吸引力和辐射力。文化力量的强弱，关系到国运兴衰、民族存续。党的二十届四中全会《建议》提出了“十五五”时期经济社会发展的主要目标，其中就有“社会文明程度明显提升。文化自信更加坚定，主流思想舆论不断巩固壮大，社会主义核心价值观广泛践行，全民族文化创新创造活力不断激发，人民精神文化生活更加丰富，中华民族凝聚力和中华文化影响力显著增强，国家软实力持续提高”。锚定这些目标，要紧紧围绕增强思想引领力、精神凝聚力、价值感召力、国际影响力，繁荣发展新时代中国特色社会主义文化。
加强党对宣传思想文化工作的领导，不断巩固壮大主流思想舆论，增强新时代中国特色社会主义文化的思想引领力。思想引领力，就是用思想理论引导人们按一定方向前进的力量或能力。习近平总书记指出：“一个民族要走在时代前列，就一刻不能没有理论思维，一刻不能没有正确思想指引。”思想是文化中最精华的部分，思想达到的高度集中代表着文化发展的高度。增强文化力量，首先要提升其思想引领力。只有着力增强新时代中国特色社会主义文化的思想引领力，才能确保中华民族始终按照新时代新思想引领的方向走在时代前列，确保全体人民在主流思想舆论的鼓舞下朝着强国建设、民族复兴的宏伟目标不断迈进。要在立足中国国情、把握世界发展大势的基础上不断推进党的理论创新，科学回答中国之问、世界之问、人民之问、时代之问。坚持不懈用习近平新时代中国特色社会主义思想凝心铸魂，深化党的创新理论学习和宣传教育，让党的创新理论真正入脑入心。创新实施马克思主义理论研究和建设工程，深化对马克思主义中国化时代化最新理论成果的体系化学理化研究阐释。加快构建中国哲学社会科学自主知识体系，对中国之路、中国之治、中国之理进行学科化整合、学理化阐释。深化主流媒体系统性变革，推进新闻宣传和网络舆论一体化管理，提高主流舆论引导能力。提升信息化条件下文化领域治理能力，推动文化建设数智化赋能、信息化转型，以先进信息技术增强先进思想文化传播力、引导力。
涵养全民族昂扬奋发的精神气质，进一步丰富人民精神文化生活，增强新时代中国特色社会主义文化的精神凝聚力。精神凝聚力，就是用精神意志把人们凝结聚合到一起的力量或能力。习近平总书记指出：“必须构筑中华民族共有精神家园，使各民族人心归聚、精神相依，形成人心凝聚、团结奋进的强大精神纽带。”精神是文化中基本的、起主导作用的内容。一个民族的文化中一旦形成了共同精神基因，产生了精神凝聚力，就能促进各民族成员统一意志、保持团结。只有着力增强新时代中国特色社会主义文化的精神凝聚力，才能使全党全军全国各族人民团结一心、众志成城，汇聚起奋进强国建设、民族复兴新征程的磅礴力量。要弘扬中国人民的伟大创造精神、伟大奋斗精神、伟大团结精神、伟大梦想精神，弘扬以伟大建党精神为源头的中国共产党人精神谱系，铸牢中华民族共同体意识。统筹推进城乡精神文明建设，提升人民文明素养和社会文明程度，共同建设好守护好中华民族共有精神家园。提升文化原创能力，培育形成高水平文化人才队伍，繁荣互联网条件下新大众文艺。大力繁荣文化事业，实施公共文化服务提质增效行动，广泛开展群众性文化活动。加快发展文化产业，壮大人文经济，推进文化和科技、文化和旅游深度融合。加快完善文化管理体制和生产经营机制，激发全民族文化创新创造活力，用深入人心的精品力作谱写时代华章、凝聚奋进力量。
弘扬和践行社会主义核心价值观，发挥文化养心志、育情操的作用，增强新时代中国特色社会主义文化的价值感召力。价值感召力，就是用价值观念感化召唤人并使之接受响应的力量或能力。习近平总书记指出：“历史和现实都表明，构建具有强大感召力的核心价值观，关系社会和谐稳定，关系国家长治久安。”在一个国家的诸多价值观念中，核心价值观是决定文化性质和方向的最深层次要素。国家文化软实力的强弱，根本上取决于其核心价值观感召力的强弱。只有着力增强新时代中国特色社会主义文化的价值感召力，推动社会主义核心价值观入脑入心，才能有力构筑起强国建设、民族复兴的核心价值支撑。要着力培育和践行社会主义核心价值观，引领新时代中国特色社会主义文化前进方向，坚持以文化人、以文育人，用中华文化涵养价值追求、陶冶道德情操。从完善制度机制、健全工作体系、创新活动载体入手，推动社会主义核心价值观有机融入文化建设各领域，潜移默化地影响当代中国人的精神世界。发挥党员干部、先进典型等表率示范作用，以其模范言行和高尚人格带动群众践行社会主义核心价值观，在全社会营造崇德向善的文化氛围。深入实施中华优秀传统文化传承发展工程，大力弘扬革命文化和社会主义先进文化，为社会主义核心价值观宣传教育提供充沛的文化养料。弘扬诚信文化、廉洁文化，用党的光荣传统和优良作风感召党员。加强和改进思想政治工作，推进校园文化建设，用好红色文化资源，加强理想信念教育，引导青少年做社会主义核心价值观的自觉践行者、社会主义事业的合格建设者。
提升中华文明传播力影响力，持续提高国家文化软实力，增强新时代中国特色社会主义文化的国际影响力。文化意义上的国际影响力，就是文化向全球传播辐射并吸引、说服别国民众的力量或能力。习近平总书记指出：“着力提高国际传播影响力、中华文化感召力、中国形象亲和力、中国话语说服力、国际舆论引导力。”当今世界，文化发展格局和演进态势正经历深刻调整和重塑，增强文化国际影响力是繁荣发展新时代中国特色社会主义文化的必然要求。只有着力增强新时代中国特色社会主义文化的国际影响力，更好地在世界文化格局中占据制高点，才能在激烈的国际文化竞争中站稳脚跟、掌握主动，为强国建设、民族复兴营造积极的外部舆论氛围。要健全统筹协调各方力量资源共同积极参与国际传播工作的体制机制，加快构建多渠道、立体式对外传播格局。创新传播载体和方式，创新开展网上网下外宣。推动部门、地方、媒体、智库、企业、高校等主体协同发力，建强适应新时代国际传播需要的专门人才队伍。研究国际传播理论，掌握国际传播规律，增强主流媒体国际传播能力。加快构建中国话语和中国叙事体系，使当代中国的思想理论、精神标识、价值主张更好走向世界。加强区域国别研究，推进中国故事和中国声音的全球化、区域化、分众化表达，增强国际传播的亲和力和实效性。深入践行全球文明倡议，大力弘扬平等、互鉴、对话、包容的文明观，积极倡导全人类共同价值。广泛开展国际人文交流合作，深化国家间文明对话，促进民间相知相亲。加大文化精品海外推广力度、文化贸易服务支持力度，鼓励文化企业拓展境外业务，使国际社会对中华文化了解得更多更深。
建设社会主义文化强国是我们党作出的重大战略决策，事关中国式现代化建设全局。“十五五”时期是推进社会主义文化强国建设的关键时期，要在“十四五”时期推进文化强国建设成果斐然的基础上，锚定2035年建成文化强国的战略目标，坚持马克思主义在意识形态领域的指导地位，植根博大精深的中华文明，顺应信息技术发展潮流，发展具有强大思想引领力、精神凝聚力、价值感召力、国际影响力的新时代中国特色社会主义文化，扎实推进文化强国建设，筑牢强国建设、民族复兴的文化根基。
（作者为武汉大学马克思主义学院教授）","# 繁荣发展新时代中国特色社会主义文化（深入学习贯彻习近平新时代中国特色社会主义思想）

> 简  繁《人民日报》（2026年01月06日第 09 版）

文化繁荣兴盛是中国式现代化的重要标志。推动文化繁荣发展、建成社会主义文化强国，是基本实现社会主义现代化的重要支撑。习近平总书记强调：“不断发展具有强大思想引领力、精神凝聚力、价值感召力、国际影响力的新时代中国特色社会主义文化”。党的二十届四中全会《建议》对此作出系统部署，为“十五五”时期繁荣发展新时代中国特色社会主义文化指明了前进方向和关键着力点。我们要深刻认识新时代中国特色社会主义文化的时代特征和丰富内涵，深入把握习近平文化思想的创新性贡献，以习近平文化思想为指引，繁荣发展具有强大思想引领力、精神凝聚力、价值感召力、国际影响力的新时代中国特色社会主义文化。

**中国特色社会主义文化在新时代的丰富和发展**

文化是一定时代人类精神活动的积淀、精神世界的结晶。恩格斯指出：“每一个时代的理论思维，包括我们这个时代的理论思维，都是一种历史的产物，它在不同的时代具有完全不同的形式，同时具有完全不同的内容。”一个时代有一个时代的文化。百余年来，中国共产党人总是根据不同时代的特点和需要，团结带领中国人民与时俱进发展新的文化。党的十八大以来，中国特色社会主义进入新时代，“两个大局”加速演进并深度互动，世界文化激荡展现新的态势，中华文明发展提出新的课题，文化强国建设进入新的阶段，社会思想文化呈现新的特点。时代发展新变化和文化领域新形势，呼唤新的文化创造。习近平总书记强调：“共同努力创造属于我们这个时代的新文化”“不断培育和创造新时代中国特色社会主义文化”。新时代中国特色社会主义文化，是需要我们共同努力创造的、属于我们这个时代的新文化。这个新文化，本质上是以马克思主义为指导的，面向现代化、面向世界、面向未来的，民族的科学的大众的社会主义文化，既同新中国成立以来特别是改革开放以来形成的中国特色社会主义文化一脉相承，又在体现中国特色社会主义文化随着时代发展所增添的新内涵。

从发展宗旨上看，新时代中国特色社会主义文化是能够更好满足人民日益增长的美好精神生活需要的新文化。习近平总书记强调：“人民对精神文化生活的需求时时刻刻都存在。”中国特色社会主义文化是着眼于人、落脚于人的文化。进入新时代，我国社会主要矛盾已经转化为人民日益增长的美好生活需要和不平衡不充分的发展之间的矛盾，我国文化供给面临的主要矛盾已经不是缺不缺、够不够的问题，而是好不好、精不精的问题。满足人民日益增长的美好生活需要，一个重要方面是满足人民日益增长的精神文化生活需要；解决发展不平衡不充分的问题，一个重要方面是解决文化发展不平衡不充分的问题。新时代中国特色社会主义文化，正是以时代为观照、以人民为中心培育和创造出来的新文化，它能够适应新时代文化建设领域新变化、满足人民精神文化生活新期待，能够更好保障人民群众文化权益，能够以新风格、高品质、个性化文化供给更好满足人民群众多样化、多层次、多方面的精神文化需求，促进人民精神生活共同富裕。

从主体内容上看，新时代中国特色社会主义文化是由中华优秀传统文化、革命文化和社会主义先进文化共同铸就的新文化。习近平总书记指出：“中国特色社会主义文化，源自于中华民族五千多年文明历史所孕育的中华优秀传统文化，熔铸于党领导人民在革命、建设、改革中创造的革命文化和社会主义先进文化，植根于中国特色社会主义伟大实践。”新时代中国特色社会主义文化是在中国共产党一百多年来领导人民建设中华民族新文化的伟大征程中形成的，是在对中华优秀传统文化的传承发展中形成的。新时代中国特色社会主义文化按照新时代的新特点新要求，推动中华优秀传统文化创造性转化、创新性发展；根据新时代的新发展，对革命文化和社会主义先进文化中的诸多元素进行赓续发扬，形成既具有红色基因又拓展新时代内容的新文化。中华优秀传统文化、革命文化、社会主义先进文化一脉相承，贯通中华民族的过去、当下与未来，在新时代中国特色社会主义的伟大实践中实现融合锻造、创新发展，共同铸就了新时代中国特色社会主义文化。

从表现形态上看，新时代中国特色社会主义文化是作为中国式现代化的文化形态而存在的新文化。马克思主义认为，一个社会的文明形态，是同生产力发展一定阶段相适应的经济基础和上层建筑的统一体，是社会的经济形态、政治形态、文化形态具体的、历史的统一。近代以来，人类通过不同的现代化道路，创造了包括多种文化形态在内的不同社会文明形态。习近平总书记指出：“我们坚持和发展中国特色社会主义，推动物质文明、政治文明、精神文明、社会文明、生态文明协调发展，创造了中国式现代化新道路，创造了人类文明新形态。”新时代我们推进和拓展的中国式现代化，本质上是中国共产党领导的社会主义现代化，既有各国现代化的共同特征，更有基于自己国情的中国特色。这决定了中国式现代化的文化形态，必然是与我国经济基础相适应的观念上层建筑，必然是反映我国经济形态、政治形态的文化形态，必然要体现社会主义性质、具有鲜明中国特色。这样的文化形态，就是我们党团结带领全国各族人民，在新时代坚持和发展中国特色社会主义、沿着中国式现代化康庄大道奋勇前进的过程中，创造出来的新时代中国特色社会主义文化。

从精神特质上看，新时代中国特色社会主义文化是坚定文化自信、秉持开放包容、坚持守正创新的新文化。文化自信是更基础、更广泛、更深厚的自信。坚定文化自信，实质上是坚定对中国特色社会主义文化的自信。新时代中国特色社会主义文化，是新时代中国共产党带领中国人民在中国大地上建立起来的文化，它植根于新时代中国特色社会主义伟大实践，充分彰显新时代中国人民的精神独立性和主体性，能够让中华民族在新时代充满底气、坚定文化自信。开放包容是文明发展的活力来源，也是文化自信的显著标志。秉持开放包容，就是通过积极主动地学习借鉴人类创造的一切优秀文明成果来丰富发展中国特色社会主义文化。新时代中国特色社会主义文化，是在兼容并蓄、博采众长、融通中外、贯通古今中形成的文化，是在推动马克思主义中国化时代化、传承发展中华优秀传统文化、促进外来文化本土化过程中形成的文化。习近平总书记指出：“对文化建设来说，守正才能不迷失自我、不迷失方向，创新才能把握时代、引领时代。”坚持守正创新，就是在守住文化魂脉和根脉的基础上推动新时代中国特色社会主义文化创新发展。新时代中国特色社会主义文化，在坚守中国共产党文化领导权和中华民族文化主体性的同时，不断创新文化发展思路、传播话语、改革机制、呈现形式。

**习近平文化思想是新时代中国特色社会主义文化繁荣发展的科学指南**

一个时代的文化中最闪亮的标识，往往是该时代最具引领性、主导性的思想。在新时代中国特色社会主义文化建设实践中形成的习近平文化思想，是坚持“两个结合”、推进马克思主义文化理论创新的重大成果，也是新时代中国特色社会主义文化中最具有创造性、标志性的重要内容。繁荣发展新时代中国特色社会主义文化，必须以习近平文化思想为指导，培育和创造新时代的新文化。

习近平文化思想是马克思主义文化理论中国化时代化的最新成果。在原则立场方面，习近平文化思想继承了马克思主义关于文化本质和文化创造主体的理论，特别是其中鲜明的政治原则和人民立场，创造性提出了坚持党的文化领导权，坚持马克思主义在意识形态领域指导地位的根本制度，坚持以人民为中心的工作导向，充分激发全民族文化创新创造活力等重大论断。在原理方法方面，习近平文化思想强调文化对国家、民族和经济社会发展的重要作用，提出建设具有强大凝聚力和引领力的社会主义意识形态、推动物质文明和精神文明协调发展、培育和践行社会主义核心价值观、铸牢中华民族共同体意识、促进文明交流互鉴等重要论述，充分体现并创造性发展了马克思主义关于经济基础和上层建筑辩证关系、意识形态、精神生产、人的全面发展、精神交往等基本原理；提出“两个结合”“创造性转化、创新性发展”“坚定文化自信，秉持开放包容，坚持守正创新”等重要理念，充分体现并创新发展了马克思主义关于文化建设的根本方法。在原创内容方面，习近平文化思想结合新时代文化领域面临的新形势，创造性提出“新时代的文化使命”“文化主体性”“新的文化生命体”“中国哲学社会科学自主知识体系”“信息化条件下文化领域治理能力”“文化建设数字化赋能、信息化转型”“中国话语和中国叙事体系”“全人类共同价值”“人类文明新形态”等新概念、新表述，极大丰富了马克思主义文化理论宝库。

习近平文化思想是推动中华优秀传统文化创造性转化、创新性发展的光辉典范。比如，在文化功能方面，中华优秀传统文化强调“文者，贯道之器也”“观乎人文，以化成天下”。习近平文化思想提出“以文弘业、以文培元，以文立心、以文铸魂”，指出文化文艺工作者、哲学社会科学工作者都肩负着启迪思想、陶冶情操、温润心灵的重要职责，承担着以文化人、以文育人、以文培元的使命，实现了对中华民族关于文以载道、文以化人等思想智慧的传承发展。在文化精神方面，中华优秀传统文化中“先天下之忧而忧，后天下之乐而乐”“人生自古谁无死，留取丹心照汗青”等名句千古流传。习近平文化思想强调，“爱国，是人世间最深层、最持久的情感，是一个人立德之源、立功之本”“要在厚植爱国主义情怀上下功夫”，这包含着对以爱国主义为核心的民族精神的传承发展。在文化修养方面，中华优秀传统文化强调“道之以德，齐之以礼，有耻且格”。习近平文化思想提出实施公民道德建设工程，弘扬中华传统美德，加强家庭家教家风建设，加强和改进未成年人思想道德建设，推动明大德、守公德、严私德，提高人民道德水准和文明素养，体现了对中华民族注重道德与人文修养等文化传统的传承发展。等等。

习近平文化思想坚持“两个结合”，立足新时代中国文化建设具体实际和丰富实践，既继承和创新了马克思主义文化理论，又传承和发展了中华民族历史上关于文化的积极思想成果，在文化的地位意义、立场原则、发展道路、领导力量、创造主体、时代使命、对外传播等方面形成了一系列重大创新观点，以宏阔的历史纵深和文明视野，极大深化和拓展了对社会主义文化建设规律、中华文明发展规律、人类文明进步规律的认识，书写了马克思主义文化理论中国化时代化的新篇章，在马克思主义文化理论发展史上具有开创性、标志性意义，在中国文化思想史上具有重要里程碑意义。这一思想以一系列原则性论断、原理性成果、原创性贡献，系统回答了新时代坚持和发展什么样的中国特色社会主义文化、怎样坚持和发展中国特色社会主义文化的重大课题，为新时代中国特色社会主义文化创新发展提供了科学指南，奠定了文化自信自强的新基石，铸就了社会主义文化的新辉煌，形成了中华文化的新高峰。

**着力增强新时代中国特色社会主义文化的思想引领力、精神凝聚力、价值感召力、国际影响力**

习近平总书记强调：“文化兴国运兴，文化强民族强。”一个国家、一个民族的文化力量，集中体现了这个国家和民族基于文化而具有的向心力和生命力，以及由此产生的吸引力和辐射力。文化力量的强弱，关系到国运兴衰、民族存续。党的二十届四中全会《建议》提出了“十五五”时期经济社会发展的主要目标，其中就有“社会文明程度明显提升。文化自信更加坚定，主流思想舆论不断巩固壮大，社会主义核心价值观广泛践行，全民族文化创新创造活力不断激发，人民精神文化生活更加丰富，中华民族凝聚力和中华文化影响力显著增强，国家软实力持续提高”。锚定这些目标，要紧紧围绕增强思想引领力、精神凝聚力、价值感召力、国际影响力，繁荣发展新时代中国特色社会主义文化。

加强党对宣传思想文化工作的领导，不断巩固壮大主流思想舆论，增强新时代中国特色社会主义文化的思想引领力。思想引领力，就是用思想理论引导人们按一定方向前进的力量或能力。习近平总书记指出：“一个民族要走在时代前列，就一刻不能没有理论思维，一刻不能没有正确思想指引。”思想是文化中最精华的部分，思想达到的高度集中代表着文化发展的高度。增强文化力量，首先要提升其思想引领力。只有着力增强新时代中国特色社会主义文化的思想引领力，才能确保中华民族始终按照新时代新思想引领的方向走在时代前列，确保全体人民在主流思想舆论的鼓舞下朝着强国建设、民族复兴的宏伟目标不断迈进。要在立足中国国情、把握世界发展大势的基础上不断推进党的理论创新，科学回答中国之问、世界之问、人民之问、时代之问。坚持不懈用习近平新时代中国特色社会主义思想凝心铸魂，深化党的创新理论学习和宣传教育，让党的创新理论真正入脑入心。创新实施马克思主义理论研究和建设工程，深化对马克思主义中国化时代化最新理论成果的体系化学理化研究阐释。加快构建中国哲学社会科学自主知识体系，对中国之路、中国之治、中国之理进行学科化整合、学理化阐释。深化主流媒体系统性变革，推进新闻宣传和网络舆论一体化管理，提高主流舆论引导能力。提升信息化条件下文化领域治理能力，推动文化建设数智化赋能、信息化转型，以先进信息技术增强先进思想文化传播力、引导力。

涵养全民族昂扬奋发的精神气质，进一步丰富人民精神文化生活，增强新时代中国特色社会主义文化的精神凝聚力。精神凝聚力，就是用精神意志把人们凝结聚合到一起的力量或能力。习近平总书记指出：“必须构筑中华民族共有精神家园，使各民族人心归聚、精神相依，形成人心凝聚、团结奋进的强大精神纽带。”精神是文化中基本的、起主导作用的内容。一个民族的文化中一旦形成了共同精神基因，产生了精神凝聚力，就能促进各民族成员统一意志、保持团结。只有着力增强新时代中国特色社会主义文化的精神凝聚力，才能使全党全军全国各族人民团结一心、众志成城，汇聚起奋进强国建设、民族复兴新征程的磅礴力量。要弘扬中国人民的伟大创造精神、伟大奋斗精神、伟大团结精神、伟大梦想精神，弘扬以伟大建党精神为源头的中国共产党人精神谱系，铸牢中华民族共同体意识。统筹推进城乡精神文明建设，提升人民文明素养和社会文明程度，共同建设好守护好中华民族共有精神家园。提升文化原创能力，培育形成高水平文化人才队伍，繁荣互联网条件下新大众文艺。大力繁荣文化事业，实施公共文化服务提质增效行动，广泛开展群众性文化活动。加快发展文化产业，壮大人文经济，推进文化和科技、文化和旅游深度融合。加快完善文化管理体制和生产经营机制，激发全民族文化创新创造活力，用深入人心的精品力作谱写时代华章、凝聚奋进力量。

弘扬和践行社会主义核心价值观，发挥文化养心志、育情操的作用，增强新时代中国特色社会主义文化的价值感召力。价值感召力，就是用价值观念感化召唤人并使之接受响应的力量或能力。习近平总书记指出：“历史和现实都表明，构建具有强大感召力的核心价值观，关系社会和谐稳定，关系国家长治久安。”在一个国家的诸多价值观念中，核心价值观是决定文化性质和方向的最深层次要素。国家文化软实力的强弱，根本上取决于其核心价值观感召力的强弱。只有着力增强新时代中国特色社会主义文化的价值感召力，推动社会主义核心价值观入脑入心，才能有力构筑起强国建设、民族复兴的核心价值支撑。要着力培育和践行社会主义核心价值观，引领新时代中国特色社会主义文化前进方向，坚持以文化人、以文育人，用中华文化涵养价值追求、陶冶道德情操。从完善制度机制、健全工作体系、创新活动载体入手，推动社会主义核心价值观有机融入文化建设各领域，潜移默化地影响当代中国人的精神世界。发挥党员干部、先进典型等表率示范作用，以其模范言行和高尚人格带动群众践行社会主义核心价值观，在全社会营造崇德向善的文化氛围。深入实施中华优秀传统文化传承发展工程，大力弘扬革命文化和社会主义先进文化，为社会主义核心价值观宣传教育提供充沛的文化养料。弘扬诚信文化、廉洁文化，用党的光荣传统和优良作风感召党员。加强和改进思想政治工作，推进校园文化建设，用好红色文化资源，加强理想信念教育，引导青少年做社会主义核心价值观的自觉践行者、社会主义事业的合格建设者。

提升中华文明传播力影响力，持续提高国家文化软实力，增强新时代中国特色社会主义文化的国际影响力。文化意义上的国际影响力，就是文化向全球传播辐射并吸引、说服别国民众的力量或能力。习近平总书记指出：“着力提高国际传播影响力、中华文化感召力、中国形象亲和力、中国话语说服力、国际舆论引导力。”当今世界，文化发展格局和演进态势正经历深刻调整和重塑，增强文化国际影响力是繁荣发展新时代中国特色社会主义文化的必然要求。只有着力增强新时代中国特色社会主义文化的国际影响力，更好地在世界文化格局中占据制高点，才能在激烈的国际文化竞争中站稳脚跟、掌握主动，为强国建设、民族复兴营造积极的外部舆论氛围。要健全统筹协调各方力量资源共同积极参与国际传播工作的体制机制，加快构建多渠道、立体式对外传播格局。创新传播载体和方式，创新开展网上网下外宣。推动部门、地方、媒体、智库、企业、高校等主体协同发力，建强适应新时代国际传播需要的专门人才队伍。研究国际传播理论，掌握国际传播规律，增强主流媒体国际传播能力。加快构建中国话语和中国叙事体系，使当代中国的思想理论、精神标识、价值主张更好走向世界。加强区域国别研究，推进中国故事和中国声音的全球化、区域化、分众化表达，增强国际传播的亲和力和实效性。深入践行全球文明倡议，大力弘扬平等、互鉴、对话、包容的文明观，积极倡导全人类共同价值。广泛开展国际人文交流合作，深化国家间文明对话，促进民间相知相亲。加大文化精品海外推广力度、文化贸易服务支持力度，鼓励文化企业拓展境外业务，使国际社会对中华文化了解得更多更深。

建设社会主义文化强国是我们党作出的重大战略决策，事关中国式现代化建设全局。“十五五”时期是推进社会主义文化强国建设的关键时期，要在“十四五”时期推进文化强国建设成果斐然的基础上，锚定2035年建成文化强国的战略目标，坚持马克思主义在意识形态领域的指导地位，植根博大精深的中华文明，顺应信息技术发展潮流，发展具有强大思想引领力、精神凝聚力、价值感召力、国际影响力的新时代中国特色社会主义文化，扎实推进文化强国建设，筑牢强国建设、民族复兴的文化根基。

（作者为武汉大学马克思主义学院教授）",简  繁,理论,https://paper.people.com.cn/rmrb/pc/content/202601/06/content_30129747.html,2026-01-06,"['文化', '社会主义', '时代', '特色', '习近平', '中国', '思想', '精神', '发展', '建设']","文化繁荣兴盛是中国式现代化的重要标志。推动文化繁荣发展、建成社会主义文化强国，是基本实现社会主义现代化的重要支撑。习近平总书记强调：“不断发展具有强大思想引领力、精神凝聚力、价值感召力、国际影响力的新时代中国特色社会主义文化”。党的二十届四中全会《建议》对此作出系统部署，为“十五五”时期繁荣发展新时代中国特色社会主义文化指明了前进方向和关键着力点。我们要深刻认识新时代中国特色社会主义文化的时代特征和丰富内涵，深入把握习近平文化思想的创新性贡献，以习近平文化思想为指引，繁荣发展具有强大思想引领力、精神凝聚力、价值感召力、国际影响力的新时代中国特色社会主义文化。
中国特色社会主义文化在新时代的丰富和发展
文化是一定时代人类精神活动的积淀、精神世界的结晶。恩格斯指出：“每一个时代的理论思维，包括我们这个时代的理论思维，都是一种历史的产物，它在不同的时代具有完全不同的形式，同时具有完全不同的内容。”一个时代有一个时代的文化。百余年来，中国共产党人总是根据不同时代的特点和需要，团结带领中国人民与时俱进发展新的文化。党的十八大以来，中国特色社会主义进入新时代，“两个大局”加速演进并深度互动，世界文化激荡展现新的态势，中华文明发展提出新的课题，文化强国建设进入新的阶段，社会思想文化呈现新的特点。时代发展新变化和文化领域新形势，呼唤新的文化创造。习近平总书记强调：“共同努力创造属于我们这个时代的新文化”“不断培育和创造新时代中国特色社会主义文化”。新时代中国特色社会主义文化，是需要我们共同努力创造的、属于我们这个时代的新文化。这个新文化，本质上是以马克思主义为指导的，面向现代化、面向世界、面向未来的，民族的科学的大众的社会主义文化，既同新中国成立以来特别是改革开放以来形成的中国特色社会主义文化一脉相承，又在体现中国特色社会主义文化随着时代发展所增添的新内涵。",政治
追求实实在在的政绩（思想纵横）,"在2025年12月举行的中央经济工作会议上，习近平总书记强调“要树立和践行正确政绩观”，深刻指出“自觉按规律办事”“所有规划都要实事求是，追求实实在在、没有水分的增长”。政绩贵在实。实实在在的政绩不是表面的热闹，而是真正能够推动发展、惠及民生。党员干部必须牢牢把握实事求是这一基本思想方法、工作方法、领导方法，将其贯穿于履职尽责的全过程、各方面，以思想自觉引领行动自觉，用实实在在的政绩书写无愧于人民与时代的答卷。
我国地域辽阔，各地资源禀赋、产业基础、发展水平各不相同，脱离实际的决策必然导致“水土不服”，不仅难以推动发展，还会造成资源浪费。实践中，少数党员干部不顾本地实际条件，在产业布局上盲目跟风，陷入同质化竞争的困境；有的忽视群众实际需求，在推进民生工程中搞“一刀切”，看似轰轰烈烈，实则增加了群众负担。这些问题的根源，都在于没有真正把实事求是作为想问题、作决策、办事情的出发点。
习近平总书记多次强调“因地制宜”的重要性，叮嘱各地“‘一把钥匙开一把锁’，不能刻舟求剑、拿一个模子去套”。追求实实在在的政绩，首先要坚持一切从实际出发，深入研判本地发展的特征，精准把握资源禀赋、基础条件的独特优势，找准发展的切入点和突破口。无论是产业升级、项目建设，还是民生改善、乡村全面振兴等，都要尊重实际条件和客观规律，不搞急功近利、盲目蛮干，而是因地制宜、扬长补短、分类施策，走出符合自身实际、具有本地特色的高质量发展之路。唯有如此，才能让政绩实实在在，经得起实践检验。
如何才能了解和把握实际？关键在于调查研究。毛泽东同志在江西寻乌开展20多天的深入调查，写下《寻乌调查》这一经典著作，为我们党制定正确的商业政策、土地政策提供了坚实依据。习近平总书记7次主持召开中央扶贫工作座谈会，50多次深入基层调研扶贫工作，走遍14个集中连片特困地区，面对面同贫困群众聊家常、算细账，提出精准扶贫战略，为打赢脱贫攻坚战提供制胜法宝。这充分说明，只有通过扎实有效的调查研究，才能摸清方方面面的情况，让各项工作更符合实际、更顺应规律、更贴近群众。
现实中，一些党员干部习惯于坐在办公室里“拍脑袋”决策，对基层情况一知半解，对群众诉求漠不关心。这种脱离实际、脱离群众的工作方式，正是导致虚张浮夸的政绩工程、形象工程出现的重要原因。破解问题的关键在于做好调查研究。党员干部必须深刻认识到“没有调查，就没有发言权，更没有决策权”，主动扑下身子、沉到一线，带着问题去调研、带着思考去走访，看“门面”更看“后院”，听“赞歌”更听“怨言”，在掌握第一手资料的基础上，作出科学决策、推动工作落实。
政绩的根本价值在于增进人民福祉。如果追求政绩只是为个人“贴金”、为升迁“铺路”，必然会陷入急功近利、弄虚作假的误区，最终损害群众利益、影响党的形象。追求实实在在的政绩，要始终坚守为民初心，把惠民生的事办实、暖民心的事办细、顺民意的事办好。从解决群众急难愁盼的问题入手，从改善人居环境、提升公共服务水平等具体事做起，真正让发展成果更多更公平惠及全体人民。
“十五五”时期，我国发展环境面临深刻复杂变化，爬坡过坎，一刻不能松劲。越是攻坚克难，越要坚守实事求是的精神，追求实实在在的政绩。广大党员干部要坚持一切从实际出发，深刻把握因地制宜的方法论，深入调查研究，崇尚实干担当，为民办事、为民造福，以过硬作风创造过硬业绩，为推进中国式现代化作出新的更大贡献。","# 追求实实在在的政绩（思想纵横）

> 伍赳鸠《人民日报》（2026年01月06日第 09 版）

在2025年12月举行的中央经济工作会议上，习近平总书记强调“要树立和践行正确政绩观”，深刻指出“自觉按规律办事”“所有规划都要实事求是，追求实实在在、没有水分的增长”。政绩贵在实。实实在在的政绩不是表面的热闹，而是真正能够推动发展、惠及民生。党员干部必须牢牢把握实事求是这一基本思想方法、工作方法、领导方法，将其贯穿于履职尽责的全过程、各方面，以思想自觉引领行动自觉，用实实在在的政绩书写无愧于人民与时代的答卷。

我国地域辽阔，各地资源禀赋、产业基础、发展水平各不相同，脱离实际的决策必然导致“水土不服”，不仅难以推动发展，还会造成资源浪费。实践中，少数党员干部不顾本地实际条件，在产业布局上盲目跟风，陷入同质化竞争的困境；有的忽视群众实际需求，在推进民生工程中搞“一刀切”，看似轰轰烈烈，实则增加了群众负担。这些问题的根源，都在于没有真正把实事求是作为想问题、作决策、办事情的出发点。

习近平总书记多次强调“因地制宜”的重要性，叮嘱各地“‘一把钥匙开一把锁’，不能刻舟求剑、拿一个模子去套”。追求实实在在的政绩，首先要坚持一切从实际出发，深入研判本地发展的特征，精准把握资源禀赋、基础条件的独特优势，找准发展的切入点和突破口。无论是产业升级、项目建设，还是民生改善、乡村全面振兴等，都要尊重实际条件和客观规律，不搞急功近利、盲目蛮干，而是因地制宜、扬长补短、分类施策，走出符合自身实际、具有本地特色的高质量发展之路。唯有如此，才能让政绩实实在在，经得起实践检验。

如何才能了解和把握实际？关键在于调查研究。毛泽东同志在江西寻乌开展20多天的深入调查，写下《寻乌调查》这一经典著作，为我们党制定正确的商业政策、土地政策提供了坚实依据。习近平总书记7次主持召开中央扶贫工作座谈会，50多次深入基层调研扶贫工作，走遍14个集中连片特困地区，面对面同贫困群众聊家常、算细账，提出精准扶贫战略，为打赢脱贫攻坚战提供制胜法宝。这充分说明，只有通过扎实有效的调查研究，才能摸清方方面面的情况，让各项工作更符合实际、更顺应规律、更贴近群众。

现实中，一些党员干部习惯于坐在办公室里“拍脑袋”决策，对基层情况一知半解，对群众诉求漠不关心。这种脱离实际、脱离群众的工作方式，正是导致虚张浮夸的政绩工程、形象工程出现的重要原因。破解问题的关键在于做好调查研究。党员干部必须深刻认识到“没有调查，就没有发言权，更没有决策权”，主动扑下身子、沉到一线，带着问题去调研、带着思考去走访，看“门面”更看“后院”，听“赞歌”更听“怨言”，在掌握第一手资料的基础上，作出科学决策、推动工作落实。

政绩的根本价值在于增进人民福祉。如果追求政绩只是为个人“贴金”、为升迁“铺路”，必然会陷入急功近利、弄虚作假的误区，最终损害群众利益、影响党的形象。追求实实在在的政绩，要始终坚守为民初心，把惠民生的事办实、暖民心的事办细、顺民意的事办好。从解决群众急难愁盼的问题入手，从改善人居环境、提升公共服务水平等具体事做起，真正让发展成果更多更公平惠及全体人民。

“十五五”时期，我国发展环境面临深刻复杂变化，爬坡过坎，一刻不能松劲。越是攻坚克难，越要坚守实事求是的精神，追求实实在在的政绩。广大党员干部要坚持一切从实际出发，深刻把握因地制宜的方法论，深入调查研究，崇尚实干担当，为民办事、为民造福，以过硬作风创造过硬业绩，为推进中国式现代化作出新的更大贡献。",伍赳鸠,理论,https://paper.people.com.cn/rmrb/pc/content/202601/06/content_30129748.html,2026-01-06,"['政绩', '实实在在', '追求', '党员干部', '实际', '群众', '实事求是', '习近平', '扶贫', '工作']","在2025年12月举行的中央经济工作会议上，习近平总书记强调“要树立和践行正确政绩观”，深刻指出“自觉按规律办事”“所有规划都要实事求是，追求实实在在、没有水分的增长”。政绩贵在实。实实在在的政绩不是表面的热闹，而是真正能够推动发展、惠及民生。党员干部必须牢牢把握实事求是这一基本思想方法、工作方法、领导方法，将其贯穿于履职尽责的全过程、各方面，以思想自觉引领行动自觉，用实实在在的政绩书写无愧于人民与时代的答卷。
我国地域辽阔，各地资源禀赋、产业基础、发展水平各不相同，脱离实际的决策必然导致“水土不服”，不仅难以推动发展，还会造成资源浪费。实践中，少数党员干部不顾本地实际条件，在产业布局上盲目跟风，陷入同质化竞争的困境；有的忽视群众实际需求，在推进民生工程中搞“一刀切”，看似轰轰烈烈，实则增加了群众负担。这些问题的根源，都在于没有真正把实事求是作为想问题、作决策、办事情的出发点。
习近平总书记多次强调“因地制宜”的重要性，叮嘱各地“‘一把钥匙开一把锁’，不能刻舟求剑、拿一个模子去套”。追求实实在在的政绩，首先要坚持一切从实际出发，深入研判本地发展的特征，精准把握资源禀赋、基础条件的独特优势，找准发展的切入点和突破口。无论是产业升级、项目建设，还是民生改善、乡村全面振兴等，都要尊重实际条件和客观规律，不搞急功近利、盲目蛮干，而是因地制宜、扬长补短、分类施策，走出符合自身实际、具有本地特色的高质量发展之路。唯有如此，才能让政绩实实在在，经得起实践检验。",政治
河北曲阳县破解基层治理中的“小马拉大车”问题——,"1月5日，河北省曲阳县永宁社区永宁花园小区内，社区干部（右）向居民了解车棚使用情况。受访者供图
1月5日，河北省曲阳县永宁社区永宁花园小区内，社区干部（右）向居民了解车棚使用情况。
受访者供图
河北省曲阳县永宁社区永宁花园小区内，笑语阵阵。小区8号楼下，居民申淑英利落地将自己的电动自行车停进楼前新建的智能车棚里，取出电瓶充电器，扫码充电。“满电即停，还会推送提醒信息到我的手机上。”说完，申淑英赶忙往家走，“上楼收拾下，还得去跳广场舞呢！”
小区5号楼后，永宁社区干部张晓阳正在巡查场地清理情况，“得赶紧把这块空地整理出来，好让施工队尽快入场施工。”这里建的还是电动自行车智能车棚。“这些年小区电动车数量增长快，新建的几座车棚解了燃眉之急，但还有一部分缺口，我们尽快补上。”张晓阳说。
在永宁花园小区，高峰时段，电动自行车出入拥堵、充电设施高负荷运转、违规停放等问题时有发生。这种情况持续了好几年，当时为啥很难解决？
“我们一直想解决，但人手不够，忙得顾不上，看着问题干着急。”时任永宁社区党支部书记高静敏说。永宁社区成立于2014年，辖内共有10个小区。长期以来，7名社区干部要负责辖区内4000多户1.3万余人的日常管理与服务工作。“要说基本服务，我们多干点也办得过来。”高静敏说，“但要是服务更进一步，事情做得更周全些，就难了。填表、报数、开会，一项接一项，应接不暇。”
高静敏口中的这些表和数，源于社区党群服务中心的牌子。高静敏说：“法律的、就业的……各个部门都来挂个牌，本来社区党群服务中心的‘门脸’就不大，前前后后愣是给挂上了30多块牌子，哪块工作催得紧就先做哪块。”
“一个人得兼着几份‘差’，有时光填表就得忙活一天，连去小区转转的时间都没有。”负责包联永宁花园小区的张晓阳很早就接到了居民关于电动自行车乱停乱放、充电设施不足等问题反馈。张晓阳抽空去小区看了一遍现场后，社区将问题交由物业协调解决。
“小区建设停车棚时，是按3户一个充电口的标准进行规划的。现在几乎户户都有一辆，有些甚至两辆以上。”张晓阳说，物业认为要彻底解决这一难题，必须增建停车棚。可是需要协调住建、消防等多部门，社区又感到力不从心。
张晓阳盘算起来：对接县住建局，申请调整小区局部规划，确认闲置公共空间利用的合法性；对接县消防救援大队，审核车棚建设方案的消防合规性，明确防火间距、消防通道预留、消防设施配置标准，把控施工中的消防安全；对接县供电公司，提交业扩报装接电申请，配合现场勘察，确定供电接入点、线路铺设路径；对接充电桩设备供应商，根据居民需求确定设备型号，协调安装调试……
高静敏说：“说起来就一件事，但做起来流程挺多，我们腾不出专人来负责这件事，事情记在心里，当时觉得只能等等看了。”
上报镇里后，恒州镇党委研究认为，这属于应该做的事情，但跟镇里承接的很多工作相比，又没有那么着急。恒州镇社区建设和物业管理监督办公室主任刘会亮说：“这事儿，我协调的话，也要一个部门一个部门跑。”
问题没法根本解决，但是社区也想了办法：在高峰期，社区发动志愿者力量，尽量引导居民在空闲地方有序停车，保证电动自行车不上楼。
任务过载、人手紧缺、机制不畅，高静敏心里挂着的这件事只能等等了。
转机出现在减牌子上。根据上级要求，永宁社区摘掉了近30块牌子。高静敏说：“社区党群服务中心只保留了5块牌子，‘门脸’干净了，担子减轻了。”这下，增设车棚提上了社区工作日程。社区干部入户走访、发放调查问卷、开展座谈，梳理出“智能充电”“错峰管理”等5大类30余条具体建议。同时，社区将“增设智慧车棚”的调研结果和建设计划上报给了恒州镇党委。
提速得益于“有事找支部”为民服务机制的推行和权责清单的明晰。为打通服务群众“最后一公里”，曲阳县委组织部牵头制定《关于深化“有事找支部”为民服务机制  落实“乡镇吹哨、部门报到”的通知》，明确乡镇党委书记为“吹哨员”、县直部门主要负责同志为“联络员”，根据乡镇需求，涉及人员到现场集中处置镇村难题。对紧急事项，乡镇随时吹哨，包乡镇县级领导和部门立即报到，提高处置效率。2025年8月，曲阳县又制定并发布《曲阳县乡镇履职事项清单》，各乡镇根据实际情况，制定民生服务、经济发展、社会保障等具体事项及每项事项的具体承接部门和工作方式，进一步厘清县乡职责边界。
刘会亮介绍，受益于两项机制，“哨声”在县乡之间吹响，此前增设车棚所面临的每一项难题都有了相应的负责人和对应的解决方案。《曲阳县乡镇履职事项清单》的推出，更是让乡镇负担减轻不少，“相比以前，乡镇工作减少了百余件事项。”
在刘会亮协调下，一场由社区、物业、职能部门、居民代表共同参加的四方协商会在社区党群服务中心会议室顺利举行。会议当场达成一致意见，由永宁花园小区物业出资，在小区1号楼、8号楼旁增设2个智慧车棚，相关部门全程支持配合。审批程序有绿色通道、电网迁建特事特办、施工现场居民监督……白天搭棚顶、夜间铺线路，2处占地1000余平方米的透光性智慧车棚建成，配置280个智能充电接口，同步完善消防设施。
基层治理力量也在不断壮大，曲阳县正加快建立社区工作者职业体系。“2025年县里招录了一批社区工作者，现在全部到岗，我们社区干部达到了25名。”刚接任的永宁社区党支部书记毕栋满怀信心，“未来，我们会有更多力量参与，提升社区治理能力，服务好居民。”","# 河北曲阳县破解基层治理中的“小马拉大车”问题——

> 本报记者  邵玉姿《人民日报》（2026年01月06日第 11 版）

1月5日，河北省曲阳县永宁社区永宁花园小区内，社区干部（右）向居民了解车棚使用情况。　　受访者供图

1月5日，河北省曲阳县永宁社区永宁花园小区内，社区干部（右）向居民了解车棚使用情况。

受访者供图

河北省曲阳县永宁社区永宁花园小区内，笑语阵阵。小区8号楼下，居民申淑英利落地将自己的电动自行车停进楼前新建的智能车棚里，取出电瓶充电器，扫码充电。“满电即停，还会推送提醒信息到我的手机上。”说完，申淑英赶忙往家走，“上楼收拾下，还得去跳广场舞呢！”

小区5号楼后，永宁社区干部张晓阳正在巡查场地清理情况，“得赶紧把这块空地整理出来，好让施工队尽快入场施工。”这里建的还是电动自行车智能车棚。“这些年小区电动车数量增长快，新建的几座车棚解了燃眉之急，但还有一部分缺口，我们尽快补上。”张晓阳说。

在永宁花园小区，高峰时段，电动自行车出入拥堵、充电设施高负荷运转、违规停放等问题时有发生。这种情况持续了好几年，当时为啥很难解决？

“我们一直想解决，但人手不够，忙得顾不上，看着问题干着急。”时任永宁社区党支部书记高静敏说。永宁社区成立于2014年，辖内共有10个小区。长期以来，7名社区干部要负责辖区内4000多户1.3万余人的日常管理与服务工作。“要说基本服务，我们多干点也办得过来。”高静敏说，“但要是服务更进一步，事情做得更周全些，就难了。填表、报数、开会，一项接一项，应接不暇。”

高静敏口中的这些表和数，源于社区党群服务中心的牌子。高静敏说：“法律的、就业的……各个部门都来挂个牌，本来社区党群服务中心的‘门脸’就不大，前前后后愣是给挂上了30多块牌子，哪块工作催得紧就先做哪块。”

“一个人得兼着几份‘差’，有时光填表就得忙活一天，连去小区转转的时间都没有。”负责包联永宁花园小区的张晓阳很早就接到了居民关于电动自行车乱停乱放、充电设施不足等问题反馈。张晓阳抽空去小区看了一遍现场后，社区将问题交由物业协调解决。

“小区建设停车棚时，是按3户一个充电口的标准进行规划的。现在几乎户户都有一辆，有些甚至两辆以上。”张晓阳说，物业认为要彻底解决这一难题，必须增建停车棚。可是需要协调住建、消防等多部门，社区又感到力不从心。

张晓阳盘算起来：对接县住建局，申请调整小区局部规划，确认闲置公共空间利用的合法性；对接县消防救援大队，审核车棚建设方案的消防合规性，明确防火间距、消防通道预留、消防设施配置标准，把控施工中的消防安全；对接县供电公司，提交业扩报装接电申请，配合现场勘察，确定供电接入点、线路铺设路径；对接充电桩设备供应商，根据居民需求确定设备型号，协调安装调试……

高静敏说：“说起来就一件事，但做起来流程挺多，我们腾不出专人来负责这件事，事情记在心里，当时觉得只能等等看了。”

上报镇里后，恒州镇党委研究认为，这属于应该做的事情，但跟镇里承接的很多工作相比，又没有那么着急。恒州镇社区建设和物业管理监督办公室主任刘会亮说：“这事儿，我协调的话，也要一个部门一个部门跑。”

问题没法根本解决，但是社区也想了办法：在高峰期，社区发动志愿者力量，尽量引导居民在空闲地方有序停车，保证电动自行车不上楼。

任务过载、人手紧缺、机制不畅，高静敏心里挂着的这件事只能等等了。

转机出现在减牌子上。根据上级要求，永宁社区摘掉了近30块牌子。高静敏说：“社区党群服务中心只保留了5块牌子，‘门脸’干净了，担子减轻了。”这下，增设车棚提上了社区工作日程。社区干部入户走访、发放调查问卷、开展座谈，梳理出“智能充电”“错峰管理”等5大类30余条具体建议。同时，社区将“增设智慧车棚”的调研结果和建设计划上报给了恒州镇党委。

提速得益于“有事找支部”为民服务机制的推行和权责清单的明晰。为打通服务群众“最后一公里”，曲阳县委组织部牵头制定《关于深化“有事找支部”为民服务机制  落实“乡镇吹哨、部门报到”的通知》，明确乡镇党委书记为“吹哨员”、县直部门主要负责同志为“联络员”，根据乡镇需求，涉及人员到现场集中处置镇村难题。对紧急事项，乡镇随时吹哨，包乡镇县级领导和部门立即报到，提高处置效率。2025年8月，曲阳县又制定并发布《曲阳县乡镇履职事项清单》，各乡镇根据实际情况，制定民生服务、经济发展、社会保障等具体事项及每项事项的具体承接部门和工作方式，进一步厘清县乡职责边界。

刘会亮介绍，受益于两项机制，“哨声”在县乡之间吹响，此前增设车棚所面临的每一项难题都有了相应的负责人和对应的解决方案。《曲阳县乡镇履职事项清单》的推出，更是让乡镇负担减轻不少，“相比以前，乡镇工作减少了百余件事项。”

在刘会亮协调下，一场由社区、物业、职能部门、居民代表共同参加的四方协商会在社区党群服务中心会议室顺利举行。会议当场达成一致意见，由永宁花园小区物业出资，在小区1号楼、8号楼旁增设2个智慧车棚，相关部门全程支持配合。审批程序有绿色通道、电网迁建特事特办、施工现场居民监督……白天搭棚顶、夜间铺线路，2处占地1000余平方米的透光性智慧车棚建成，配置280个智能充电接口，同步完善消防设施。

基层治理力量也在不断壮大，曲阳县正加快建立社区工作者职业体系。“2025年县里招录了一批社区工作者，现在全部到岗，我们社区干部达到了25名。”刚接任的永宁社区党支部书记毕栋满怀信心，“未来，我们会有更多力量参与，提升社区治理能力，服务好居民。”",邵玉姿,政治,https://paper.people.com.cn/rmrb/pc/content/202601/06/content_30129758.html,2026-01-06,"['社区', '永宁', '车棚', '曲阳县', '小区', '高静敏', '乡镇', '张晓阳', '充电', '居民']","1月5日，河北省曲阳县永宁社区永宁花园小区内，社区干部（右）向居民了解车棚使用情况。受访者供图
1月5日，河北省曲阳县永宁社区永宁花园小区内，社区干部（右）向居民了解车棚使用情况。
受访者供图",经济
摘掉不必要的牌子，扛起办实事的担子（编辑手记）,"基层是政策落地的“最后一公里”，也是服务群众的“最先一公里”。一段时间以来，一些地方形形色色的牌子挂满党群服务中心的“门脸”，文山会海、填表报数等让基层干部疲于应付，更让服务功能虚化、群众需求落空，制约着基层治理效能的提升。
整治形式主义为基层减负，必须通过制度化安排，厘清权责职能，让基层摘掉不必要的牌子，扛起办实事的担子。持续激发解决问题、担当作为的内生动力，让基层干部放开手脚，把更多时间精力放在为群众服务上。
优化基层治理，不仅需要轻装简行，也需要“协同作战”。河北曲阳县推行“乡镇吹哨、部门报到”机制，乡镇、社区与各部门单位齐心协力解决居民的“烦心事”。这一机制打破了条块分割的阻碍，原本需要反复协调、层层审批的复杂问题，得以在协同联动中高效解决，推动基层干部从解难题力不从心向办难事有心有力、用情用力转变。","# 摘掉不必要的牌子，扛起办实事的担子（编辑手记）

> 李佩阳《人民日报》（2026年01月06日第 11 版）

基层是政策落地的“最后一公里”，也是服务群众的“最先一公里”。一段时间以来，一些地方形形色色的牌子挂满党群服务中心的“门脸”，文山会海、填表报数等让基层干部疲于应付，更让服务功能虚化、群众需求落空，制约着基层治理效能的提升。

整治形式主义为基层减负，必须通过制度化安排，厘清权责职能，让基层摘掉不必要的牌子，扛起办实事的担子。持续激发解决问题、担当作为的内生动力，让基层干部放开手脚，把更多时间精力放在为群众服务上。

优化基层治理，不仅需要轻装简行，也需要“协同作战”。河北曲阳县推行“乡镇吹哨、部门报到”机制，乡镇、社区与各部门单位齐心协力解决居民的“烦心事”。这一机制打破了条块分割的阻碍，原本需要反复协调、层层审批的复杂问题，得以在协同联动中高效解决，推动基层干部从解难题力不从心向办难事有心有力、用情用力转变。",李佩阳,政治,https://paper.people.com.cn/rmrb/pc/content/202601/06/content_30129759.html,2026-01-06,"['基层', '基层干部', '牌子', '办实事', '扛起', '摘掉', '群众', '不必要', '担子', '乡镇']","基层是政策落地的“最后一公里”，也是服务群众的“最先一公里”。一段时间以来，一些地方形形色色的牌子挂满党群服务中心的“门脸”，文山会海、填表报数等让基层干部疲于应付，更让服务功能虚化、群众需求落空，制约着基层治理效能的提升。
整治形式主义为基层减负，必须通过制度化安排，厘清权责职能，让基层摘掉不必要的牌子，扛起办实事的担子。持续激发解决问题、担当作为的内生动力，让基层干部放开手脚，把更多时间精力放在为群众服务上。
优化基层治理，不仅需要轻装简行，也需要“协同作战”。河北曲阳县推行“乡镇吹哨、部门报到”机制，乡镇、社区与各部门单位齐心协力解决居民的“烦心事”。这一机制打破了条块分割的阻碍，原本需要反复协调、层层审批的复杂问题，得以在协同联动中高效解决，推动基层干部从解难题力不从心向办难事有心有力、用情用力转变。",政治
最高法发布“家庭教育指导令”司法适用典型案例,"“父母离婚、子女受伤”的困境如何破解？父母能否放弃对未成年子女的探望？公职监护人如何更好履行家庭教育职责？
针对社会关注热点，最高人民法院发布6个“家庭教育指导令”司法适用典型案例，强调家庭教育从“家事”到“国事”的法律地位升级转变，父母或者其他监护人要树立家庭是第一个课堂、家长是第一任老师的责任意识，承担实施家庭教育的主体责任。
在一起探望纠纷案中，卢某与杜某离婚后，约定杜某每月可探望孩子小杜一次。但10多年来，杜某从未探望。小杜渴望父亲关爱，便诉至法院，请求判令杜某至少每月探望自己一次。然而，杜某拒绝探望，并称对未成年子女探望是一种可以放弃的权利。
针对杜某的错误认识，法官进行释法教育：探望不仅是法定权利，更是履行抚养、教育、保护未成年子女法定义务的延伸。考虑到最有利于未成年人原则以及小杜的情感需要，杜某应当定期探望孩子。
法院审理认为，杜某10余年来从未探望，既违反协议约定，又违背民法典关于父母对子女抚养教育义务的规定，侵害了未成年人的合法权益，依法向杜某发出《家庭教育指导令》，责令其定期探望孩子并接受家庭教育指导。本案调解结束后，法院委托青少年社工协助首次探望，之后实现自主探望。经后续追踪，得知当事人已完成规定家庭教育课程，并且亲子关系融洽，孩子各方面状态良好。
实践中不少案例显示，未成年人违法犯罪行为与家庭教育履职不当高度相关。违法犯罪未成年人的父母或其他监护人绝大多数情况下存在家庭教育缺位、失当或者其他不利于未成年人健康成长的因素。
以李某诉王某等健康权纠纷案为例，9名被告不仅存在欺凌行为，还有吸烟、饮酒、殴打他人等不良行为。从家庭情况看，9名被告大多生活在离异家庭，其中一人父母双亡；父母或监护人有的工作繁忙，疏于对孩子的关心和教育；有的亲子关系紧张，孩子犯错后非打即骂。9名被告的不良行为均与其家庭教育情况密切相关。
法院根据受欺凌者和欺凌者家庭的具体情况，有针对性地开展家庭教育指导工作；同时调动专业社会资源，组织社工提供专业家庭教育指导，促进欺凌者矫正偏差行为。此外，制发司法建议，促进学校整改，预防发生更多欺凌行为。
8岁女童小如生父不详，母亲郭某存在虐待、指使小如偷窃等行为。某社区居委会作为申请人起诉请求撤销郭某监护人资格。法院审理认为，郭某侵害了小如身心健康，遂判决撤销郭某的监护人资格，并指定该社区居委会为小如监护人。
判决后，该社区居委会尊重小如的意愿，委托小如舅妈进行日常照料。法院向该社区居委会出具《家庭教育责任告知书》，要求社区居委会设置专人专岗负责未成年人保护工作；对小如进行定期探访，制定成长档案；保障小如接受并完成义务教育等。
此外，法院联合妇联、公益组织提供帮扶，保障小如生活、教育、医疗等。同时，推动民政、妇联、教育部门协作，破解监护权转移后“谁来管、如何管”难题。最高法表示，本案中，人民法院将《家庭教育责任告知书》的适用对象从父母扩大到公职监护人，丰富了国家监护制度的内涵，传递了公职监护人承担监护责任应确保未成年人能够获得足够良好、健康家庭教育环境的导向。","# 最高法发布“家庭教育指导令”司法适用典型案例

> 本报记者  魏哲哲《人民日报》（2026年01月06日第 11 版）

“父母离婚、子女受伤”的困境如何破解？父母能否放弃对未成年子女的探望？公职监护人如何更好履行家庭教育职责？

针对社会关注热点，最高人民法院发布6个“家庭教育指导令”司法适用典型案例，强调家庭教育从“家事”到“国事”的法律地位升级转变，父母或者其他监护人要树立家庭是第一个课堂、家长是第一任老师的责任意识，承担实施家庭教育的主体责任。

在一起探望纠纷案中，卢某与杜某离婚后，约定杜某每月可探望孩子小杜一次。但10多年来，杜某从未探望。小杜渴望父亲关爱，便诉至法院，请求判令杜某至少每月探望自己一次。然而，杜某拒绝探望，并称对未成年子女探望是一种可以放弃的权利。

针对杜某的错误认识，法官进行释法教育：探望不仅是法定权利，更是履行抚养、教育、保护未成年子女法定义务的延伸。考虑到最有利于未成年人原则以及小杜的情感需要，杜某应当定期探望孩子。

法院审理认为，杜某10余年来从未探望，既违反协议约定，又违背民法典关于父母对子女抚养教育义务的规定，侵害了未成年人的合法权益，依法向杜某发出《家庭教育指导令》，责令其定期探望孩子并接受家庭教育指导。本案调解结束后，法院委托青少年社工协助首次探望，之后实现自主探望。经后续追踪，得知当事人已完成规定家庭教育课程，并且亲子关系融洽，孩子各方面状态良好。

实践中不少案例显示，未成年人违法犯罪行为与家庭教育履职不当高度相关。违法犯罪未成年人的父母或其他监护人绝大多数情况下存在家庭教育缺位、失当或者其他不利于未成年人健康成长的因素。

以李某诉王某等健康权纠纷案为例，9名被告不仅存在欺凌行为，还有吸烟、饮酒、殴打他人等不良行为。从家庭情况看，9名被告大多生活在离异家庭，其中一人父母双亡；父母或监护人有的工作繁忙，疏于对孩子的关心和教育；有的亲子关系紧张，孩子犯错后非打即骂。9名被告的不良行为均与其家庭教育情况密切相关。

法院根据受欺凌者和欺凌者家庭的具体情况，有针对性地开展家庭教育指导工作；同时调动专业社会资源，组织社工提供专业家庭教育指导，促进欺凌者矫正偏差行为。此外，制发司法建议，促进学校整改，预防发生更多欺凌行为。

8岁女童小如生父不详，母亲郭某存在虐待、指使小如偷窃等行为。某社区居委会作为申请人起诉请求撤销郭某监护人资格。法院审理认为，郭某侵害了小如身心健康，遂判决撤销郭某的监护人资格，并指定该社区居委会为小如监护人。

判决后，该社区居委会尊重小如的意愿，委托小如舅妈进行日常照料。法院向该社区居委会出具《家庭教育责任告知书》，要求社区居委会设置专人专岗负责未成年人保护工作；对小如进行定期探访，制定成长档案；保障小如接受并完成义务教育等。

此外，法院联合妇联、公益组织提供帮扶，保障小如生活、教育、医疗等。同时，推动民政、妇联、教育部门协作，破解监护权转移后“谁来管、如何管”难题。最高法表示，本案中，人民法院将《家庭教育责任告知书》的适用对象从父母扩大到公职监护人，丰富了国家监护制度的内涵，传递了公职监护人承担监护责任应确保未成年人能够获得足够良好、健康家庭教育环境的导向。",魏哲哲,政治,https://paper.people.com.cn/rmrb/pc/content/202601/06/content_30129760.html,2026-01-06,"['家庭教育', '探望', '杜某', '监护人', '小如', '未成年人', '居委会', '欺凌', '法院', '父母']","“父母离婚、子女受伤”的困境如何破解？父母能否放弃对未成年子女的探望？公职监护人如何更好履行家庭教育职责？
针对社会关注热点，最高人民法院发布6个“家庭教育指导令”司法适用典型案例，强调家庭教育从“家事”到“国事”的法律地位升级转变，父母或者其他监护人要树立家庭是第一个课堂、家长是第一任老师的责任意识，承担实施家庭教育的主体责任。
在一起探望纠纷案中，卢某与杜某离婚后，约定杜某每月可探望孩子小杜一次。但10多年来，杜某从未探望。小杜渴望父亲关爱，便诉至法院，请求判令杜某至少每月探望自己一次。然而，杜某拒绝探望，并称对未成年子女探望是一种可以放弃的权利。",政治
直播助农,"山东省枣庄市山亭区徐庄镇葫芦套村日前开展“电商直播间”活动，干部与村民一起直播销售农产品。杨  青摄（影像中国）
山东省枣庄市山亭区徐庄镇葫芦套村日前开展“电商直播间”活动，干部与村民一起直播销售农产品。
杨  青摄（影像中国）
1月4日，新疆乌苏市西大沟镇科克萨拉村党支部书记（左）和党员志愿者直播销售村民养的土鸡。李仁锡摄（影像中国）
1月4日，新疆乌苏市西大沟镇科克萨拉村党支部书记（左）和党员志愿者直播销售村民养的土鸡。
李仁锡摄（影像中国）
这些年，农村电商迅速发展，手机成为新农具，流量成为新农资，直播成为新农活。如何开拓农产品销售渠道？各地以党建引领乡村全面振兴，不少干部走到镜头前，推广农产品，展示乡村新貌，让村民在直播中尝到甜头，带动乡村产业发展。","# 直播助农

> 《人民日报》（2026年01月06日第 11 版）

山东省枣庄市山亭区徐庄镇葫芦套村日前开展“电商直播间”活动，干部与村民一起直播销售农产品。　　杨  青摄（影像中国）

山东省枣庄市山亭区徐庄镇葫芦套村日前开展“电商直播间”活动，干部与村民一起直播销售农产品。

杨  青摄（影像中国）

1月4日，新疆乌苏市西大沟镇科克萨拉村党支部书记（左）和党员志愿者直播销售村民养的土鸡。　　李仁锡摄（影像中国）

1月4日，新疆乌苏市西大沟镇科克萨拉村党支部书记（左）和党员志愿者直播销售村民养的土鸡。

李仁锡摄（影像中国）

这些年，农村电商迅速发展，手机成为新农具，流量成为新农资，直播成为新农活。如何开拓农产品销售渠道？各地以党建引领乡村全面振兴，不少干部走到镜头前，推广农产品，展示乡村新貌，让村民在直播中尝到甜头，带动乡村产业发展。",,政治,https://paper.people.com.cn/rmrb/pc/content/202601/06/content_30129761.html,2026-01-06,"['直播', '电商', '村民', '影像', '葫芦套', '农产品', '销售', '山亭区', '徐庄镇', '青摄']","山东省枣庄市山亭区徐庄镇葫芦套村日前开展“电商直播间”活动，干部与村民一起直播销售农产品。杨  青摄（影像中国）
山东省枣庄市山亭区徐庄镇葫芦套村日前开展“电商直播间”活动，干部与村民一起直播销售农产品。
杨  青摄（影像中国）",政治
重庆公安推广“渝路通”小程序,"本报重庆1月5日电  （记者王欣悦）早上7点半，重庆市垫江县桂西大道上车流渐密。突然，一辆白色汽车来不及刹车，与前车发生了追尾。垫江县公安局交通管理大队事故处理及对策中队民警程小波通过“渝路通”交通事故快处易赔小程序接入了现场。
在程小波指导下，当事人用手机环绕事故现场，拍摄了车辆位置、车牌号和碰撞细节。证据固定、责任认定，用时5分12秒，双方司机迅速驶离现场，后方车流很快恢复正常。
发生交通事故后，群众使用“渝路通”交通事故快处易赔小程序，可与交警点对点视频连线，线上快速处警定责定损，事故信息同步推送至保险公司，实现交通事故处理与保险理赔无缝衔接。目前，重庆已在全市各区县交管支大队设置视频接警岗位，日均快处轻微交通事故649起，中心城区高峰时段平均车速较2024年提升3.6%，拥堵指数较2024年下降5.8%。
“‘渝路通’把‘报警、定责、定损、理赔、维修、就医’六件事变成一件事集成服务。”重庆市公安局交管总队事故处理及对策支队民警姚毅介绍，“我们打通公安交管和保险公司之间的数据壁垒，实现23类事故有关数据全量实时共享，试点推出单车损失5000元以内和轻微人伤3000元以内保险在线直赔，平均理赔周期由7天缩短为3天。”","# 重庆公安推广“渝路通”小程序

> 《人民日报》（2026年01月06日第 11 版）

本报重庆1月5日电  （记者王欣悦）早上7点半，重庆市垫江县桂西大道上车流渐密。突然，一辆白色汽车来不及刹车，与前车发生了追尾。垫江县公安局交通管理大队事故处理及对策中队民警程小波通过“渝路通”交通事故快处易赔小程序接入了现场。

在程小波指导下，当事人用手机环绕事故现场，拍摄了车辆位置、车牌号和碰撞细节。证据固定、责任认定，用时5分12秒，双方司机迅速驶离现场，后方车流很快恢复正常。

发生交通事故后，群众使用“渝路通”交通事故快处易赔小程序，可与交警点对点视频连线，线上快速处警定责定损，事故信息同步推送至保险公司，实现交通事故处理与保险理赔无缝衔接。目前，重庆已在全市各区县交管支大队设置视频接警岗位，日均快处轻微交通事故649起，中心城区高峰时段平均车速较2024年提升3.6%，拥堵指数较2024年下降5.8%。

“‘渝路通’把‘报警、定责、定损、理赔、维修、就医’六件事变成一件事集成服务。”重庆市公安局交管总队事故处理及对策支队民警姚毅介绍，“我们打通公安交管和保险公司之间的数据壁垒，实现23类事故有关数据全量实时共享，试点推出单车损失5000元以内和轻微人伤3000元以内保险在线直赔，平均理赔周期由7天缩短为3天。”",,政治,https://paper.people.com.cn/rmrb/pc/content/202601/06/content_30129762.html,2026-01-06,"['路通', '交通事故', '交管', '事故', '定责', '理赔', '垫江县', '程小波', '处易', '赔小']","本报重庆1月5日电  （记者王欣悦）早上7点半，重庆市垫江县桂西大道上车流渐密。突然，一辆白色汽车来不及刹车，与前车发生了追尾。垫江县公安局交通管理大队事故处理及对策中队民警程小波通过“渝路通”交通事故快处易赔小程序接入了现场。
在程小波指导下，当事人用手机环绕事故现场，拍摄了车辆位置、车牌号和碰撞细节。证据固定、责任认定，用时5分12秒，双方司机迅速驶离现场，后方车流很快恢复正常。
发生交通事故后，群众使用“渝路通”交通事故快处易赔小程序，可与交警点对点视频连线，线上快速处警定责定损，事故信息同步推送至保险公司，实现交通事故处理与保险理赔无缝衔接。目前，重庆已在全市各区县交管支大队设置视频接警岗位，日均快处轻微交通事故649起，中心城区高峰时段平均车速较2024年提升3.6%，拥堵指数较2024年下降5.8%。",其他
江西奉新县鼓励年轻基层干部“组团”攻坚,"本报南昌1月5日电  （记者周欢）为破解乡村全面振兴、基层治理和项目建设等重点领域的难点问题，江西宜春奉新县结合乡镇公务员绩效管理试点工作，探索“揭榜挂帅”机制，围绕高频重点任务建立项目库，鼓励年轻基层干部结合岗位分工、工作实际和专业特长认领任务，在攻坚克难中提升干事能力。
奉新县开展“干群面对面”活动，收集梳理影响群众获得感的具体事、具体问题，由乡镇党委研究确定“挂榜”项目，明确任务目标和时限要求，基层年轻干部可“组团”参与认领任务。当地有关部门对项目推进情况定期调度，动态掌握进展情况。对于项目推进顺利的干部，在绩效奖金、评优评先、职务职级晋升上予以倾斜，做到“干好干差不一样”。","# 江西奉新县鼓励年轻基层干部“组团”攻坚

> 《人民日报》（2026年01月06日第 11 版）

本报南昌1月5日电  （记者周欢）为破解乡村全面振兴、基层治理和项目建设等重点领域的难点问题，江西宜春奉新县结合乡镇公务员绩效管理试点工作，探索“揭榜挂帅”机制，围绕高频重点任务建立项目库，鼓励年轻基层干部结合岗位分工、工作实际和专业特长认领任务，在攻坚克难中提升干事能力。

奉新县开展“干群面对面”活动，收集梳理影响群众获得感的具体事、具体问题，由乡镇党委研究确定“挂榜”项目，明确任务目标和时限要求，基层年轻干部可“组团”参与认领任务。当地有关部门对项目推进情况定期调度，动态掌握进展情况。对于项目推进顺利的干部，在绩效奖金、评优评先、职务职级晋升上予以倾斜，做到“干好干差不一样”。",,政治,https://paper.people.com.cn/rmrb/pc/content/202601/06/content_30129763.html,2026-01-06,"['奉新县', '项目', '认领', '基层干部', '组团', '任务', '基层', '江西', '攻坚克难', '评先']","本报南昌1月5日电  （记者周欢）为破解乡村全面振兴、基层治理和项目建设等重点领域的难点问题，江西宜春奉新县结合乡镇公务员绩效管理试点工作，探索“揭榜挂帅”机制，围绕高频重点任务建立项目库，鼓励年轻基层干部结合岗位分工、工作实际和专业特长认领任务，在攻坚克难中提升干事能力。
奉新县开展“干群面对面”活动，收集梳理影响群众获得感的具体事、具体问题，由乡镇党委研究确定“挂榜”项目，明确任务目标和时限要求，基层年轻干部可“组团”参与认领任务。当地有关部门对项目推进情况定期调度，动态掌握进展情况。对于项目推进顺利的干部，在绩效奖金、评优评先、职务职级晋升上予以倾斜，做到“干好干差不一样”。",其他
黑龙江绥化市深入整改加重基层负担问题,"“丛所长，在吗？”一大早，居民孙树梅就来到黑龙江绥化市公安局北林分局奋斗派出所门前。她熟门熟路，直奔所长办公室。
“大娘，我在呢！”听到声音，所长丛国成迎出来。孙树梅说：“没啥事，就是好久不见，想你了，过来瞅瞅。”
平日里，丛国成常往片区跑，嘘寒问暖。谁家有难处，也爱找他说说。时间长了，警民之间也不见外。
说起所里的新变化，丛国成感受很深：“基层减负之后，身上‘绳子’松了，杂事少了。大伙儿手脚放得开，脑子也更活络。”从上门帮老人办证，到调解邻里纠纷，从街头巷尾宣传防范，到第一时间响应求助，服务做得更细、更实。民警和群众的心，自然越贴越近。
转变的背后，是一次深刻的整改。
2025年7月，中央层面整治形式主义为基层减负专项工作机制办公室会同中央纪委办公厅通报了绥化市公安局考核指标繁杂、隐形变异加重基层负担的问题。
问题被通报之后，绥化市委、市政府立即研究部署整改。市公安局迅速行动，坚持以案为鉴、以案促改、以案促治。
针对通报指出的问题，绥化市公安局成立整改工作领导小组，制定详细方案，将通报典型问题纳入局领导班子学习教育查摆清单、集中整治台账，以及各级领导干部个人问题清单，凝聚整治合力。目前，已彻底取消“战况统计”等变相考核事项。
整改不止于“点”，更注重“面”。“我们坚决落实省委、市委整改工作部署，推进整改整治、举一反三和自查自纠等工作，除上级统一规定外，取消所有统计报表。实现市局以下的统计报表‘清零’，废止、修订与上级精神不符文件7个，实现制度对标不严问题‘清零’。”绥化市副市长、公安局局长丁然介绍。
长效，关键在机制。绥化市公安局研究制定《车辆使用管理办法》《严禁从基层公安机关借调工作人员执行细则》《机关文件审核管理工作执行细则》等。同时，整合建立会议计划管理制度，优化流程，把规矩立在前头。
“整改工作开展以来，我们坚持问题整改与作风锤炼并重，始终聚焦主责主业，让整改实效真正体现到维护安全、服务百姓的实际中。”丁然列举了一组数字：2025年，全市公安机关累计为群众办实事、提供便民服务3589件次；破获电诈案件77起，拦截挽损96万余元；全市治安类警情同比下降23.2%，命案发案同比下降34.78%。“群众的获得感、幸福感、安全感，是检验整改成效的最好标尺。”","# 黑龙江绥化市深入整改加重基层负担问题

> 本报记者  崔  佳  方  圆《人民日报》（2026年01月06日第 11 版）

“丛所长，在吗？”一大早，居民孙树梅就来到黑龙江绥化市公安局北林分局奋斗派出所门前。她熟门熟路，直奔所长办公室。

“大娘，我在呢！”听到声音，所长丛国成迎出来。孙树梅说：“没啥事，就是好久不见，想你了，过来瞅瞅。”

平日里，丛国成常往片区跑，嘘寒问暖。谁家有难处，也爱找他说说。时间长了，警民之间也不见外。

说起所里的新变化，丛国成感受很深：“基层减负之后，身上‘绳子’松了，杂事少了。大伙儿手脚放得开，脑子也更活络。”从上门帮老人办证，到调解邻里纠纷，从街头巷尾宣传防范，到第一时间响应求助，服务做得更细、更实。民警和群众的心，自然越贴越近。

转变的背后，是一次深刻的整改。

2025年7月，中央层面整治形式主义为基层减负专项工作机制办公室会同中央纪委办公厅通报了绥化市公安局考核指标繁杂、隐形变异加重基层负担的问题。

问题被通报之后，绥化市委、市政府立即研究部署整改。市公安局迅速行动，坚持以案为鉴、以案促改、以案促治。

针对通报指出的问题，绥化市公安局成立整改工作领导小组，制定详细方案，将通报典型问题纳入局领导班子学习教育查摆清单、集中整治台账，以及各级领导干部个人问题清单，凝聚整治合力。目前，已彻底取消“战况统计”等变相考核事项。

整改不止于“点”，更注重“面”。“我们坚决落实省委、市委整改工作部署，推进整改整治、举一反三和自查自纠等工作，除上级统一规定外，取消所有统计报表。实现市局以下的统计报表‘清零’，废止、修订与上级精神不符文件7个，实现制度对标不严问题‘清零’。”绥化市副市长、公安局局长丁然介绍。

长效，关键在机制。绥化市公安局研究制定《车辆使用管理办法》《严禁从基层公安机关借调工作人员执行细则》《机关文件审核管理工作执行细则》等。同时，整合建立会议计划管理制度，优化流程，把规矩立在前头。

“整改工作开展以来，我们坚持问题整改与作风锤炼并重，始终聚焦主责主业，让整改实效真正体现到维护安全、服务百姓的实际中。”丁然列举了一组数字：2025年，全市公安机关累计为群众办实事、提供便民服务3589件次；破获电诈案件77起，拦截挽损96万余元；全市治安类警情同比下降23.2%，命案发案同比下降34.78%。“群众的获得感、幸福感、安全感，是检验整改成效的最好标尺。”",崔  佳  方  圆,政治,https://paper.people.com.cn/rmrb/pc/content/202601/06/content_30129764.html,2026-01-06,"['整改', '绥化市', '公安局', '基层', '以案', '问题', '通报', '整治', '清零', '孙树梅']","“丛所长，在吗？”一大早，居民孙树梅就来到黑龙江绥化市公安局北林分局奋斗派出所门前。她熟门熟路，直奔所长办公室。
“大娘，我在呢！”听到声音，所长丛国成迎出来。孙树梅说：“没啥事，就是好久不见，想你了，过来瞅瞅。”
平日里，丛国成常往片区跑，嘘寒问暖。谁家有难处，也爱找他说说。时间长了，警民之间也不见外。",政治
重庆迭代“满天星”行动  探索产业转型升级发展新路径,"自2022年起，一场名为“满天星”的产业行动，让重庆软件和信息服务产业（简称“软信产业”）发展跑出了加速度、展现出新气象，“满天星”逐步成为一块具有全国影响力的金字招牌。
站在新起点，重庆市迭代“满天星”行动。近日，《重庆市进一步推进软件和信息服务业“满天星”行动计划实施方案》正式印发，标志着重庆市软信产业变革进入稳进与提质的新阶段。
高位推动、系统作战
推进软信产业高质量发展
重庆是我国重要的现代制造业基地，“硬”实力是其鲜明标签，汽车、电子信息、装备制造等产业根基深厚。随着数字经济的浪潮奔涌而至，汽车要智能网联、工厂要数字化升级、城市要智慧化运行等发展新趋势，对软信产业提出新要求。重庆软信产业不能仅是独立赛道，更要成为赋能制造业转型升级的“催化剂”。
与此同时，重庆部分商业楼宇闲置，空间资源未能有效利用。在产业升级的迫切需求与存量空间的盘活契机相互碰撞下，“满天星”行动计划顺势而出。其底层逻辑是吸引青年人才和优质企业入驻，汇聚起“人气”，改善人口结构；盘活闲置楼宇，提供优质产业空间，重构城市形态；推动软信产业高质量发展，赋能制造业转型升级和新旧动能平稳转换，带动相关生产性服务业和生活性服务业，重塑城市竞争力。
为推动“满天星”行动计划切实落地，重庆高位推动、系统作战，构建一套让全市上下“动起来、赛起来”的工作机制。市政府主要领导每季度主持召开全市工作推进会；市经济信息委联合大数据、发改、教育、人社等10余个部门协同作战；市级层面建立楼宇、企业、项目、人才、活动、宣传“六本台账”，实施精细管理；各区政府主要负责人打表推进。季度推进会同时也是“案例复盘场”，先进区县分享经验，落后区县剖析原因、提出改进措施。“总体设计+台账管理+赛马比拼+动态优化”的组合机制，让“满天星”行动迅速从文件转化为全域实践。
实现六大跃升
产业规模进入全国第一方阵
重庆将发展软信产业作为推进数字重庆建设的重要抓手和扩能提质生产性服务业的重要内容。“满天星”行动实施3年多以来，重庆以中心城区为主战场，紧扣人才、场所、企业、场景、生态等关键环节，软信产业蓬勃发展，实现六大跃升。
从业人员规模和人才吸引力实现新跃升。全市新增软信产业从业人员26.3万人，总量较2021年实现了翻倍，市外户籍占比提升至30.5%，每3名新增从业人员中就有1名“新重庆人”。
存量楼宇盘活和集聚区建设实现跃升。累计盘活存量楼宇375万平方米，打造软信产业园26个、市级“满天星”示范楼宇29处。两江数字经济产业园入选“2025年度中国软件高质量发展TOP30软件园区”。
企业主体和产品竞争力实现跃升。新增软信企业1.72万家，新增百亿级软信企业3家、十亿级软信企业20家，91项软件产品及应用入选国家级试点示范。
场景开放和应用成效实现跃升。发布应用场景4117个，推动软信产业赋能制造业发展，建成国家卓越级智能工厂22个、数量居西部地区第一，全球灯塔工厂实现零的突破。渝北区获批国家中小企业数字化转型试点城市，渝北区、长寿区获批国家制造业新型技术改造试点城市。
产业生态与发展氛围实现跃升。举办汽车软件开源大赛、数字产业生态大会等活动，连续举办5届中国工业软件大会和2届智能汽车基础软件生态大会，行业影响力显著提升。
产业规模与发展能级实现新跃升。2025年，全市软信产业主营业务收入预计可突破5000亿元，较2021年的2824亿元增长77%，将成为重庆“33618”现代制造业集群体系中率先达到既定目标的支柱产业。
系列跃升的背后，是重庆以深度融合的育人模式夯实人才根基的系统实践。通过整合企业、高校与培训机构资源，打造15家软件人才“超级工厂”，构建起“企业带项目、高校供理论、机构强实训、协会促协同”的培育体系。重庆科技大学与长安汽车等企业共建汽车软件“定制班”，组建一支超过150人的实战型师资队伍，实现人才培养与产业需求有效对接；重庆工业职业技术大学将课堂融入北斗产业链，邀请企业工程师担任“产业导师”，让学生在真实项目中成长。3年来，该模式已汇聚超千名行业导师，开发教材702套，开设课程超过1200门，累计为重庆输送了3.5万名扎根产业的优秀软信人才。
以人才为基础，重庆立足制造业优势，推动软信产业“赋能、添智”千行百业。在工业领域，长安汽车数智工厂通过智能化改造，带动生产自动化率超过90%；天实精工科技完成模组工厂改造后，生产效率大幅提升并成功拓展车载摄像头市场。技术应用更广泛惠及社会治理与民生，菲利信科技运用人工智能、大数据服务医疗行业；立信数据科技构建智慧健康养老平台，守护独居老人安全；联通产业互联网聚焦智慧城市与数字政府领域提供解决方案。在更广阔的行业应用中，软江图灵人工智能科技研发的AI环评系统显著提升环境评估效率；达瓦影像科技建成“永川科技片场”，借助影视大模型大幅缩短影视制作周期。
产业的蓬勃发展，也驱动城市空间焕新与生态集聚。通过“政府引导+行业协同+企业主体”模式，一批“沉睡楼宇”蜕变为产业高地。观音桥重庆网商产业园通过数字化，引入云服务器补贴、资源对接等政策，吸引百余家电商企业入驻，如今已成为日均发件30万件的“电商中枢”，生动诠释了“存量”变“增量”、“沉睡楼宇”向产业高地转变的重庆实践。
紧扣“人工智能+”趋势
接续跑出产业发展量质齐升“加速度”
《重庆市进一步推进软件和信息服务业“满天星”行动计划实施方案》在总结3年多工作成效的基础上，顺应产业发展趋势，抢抓“AI+”发展机遇，提出以集聚软信从业人员为主要任务，以AI智能体为主攻方向，加速“AI+”应用，强化数据赋能，推动“满天星”行动迈上新台阶。
围绕“把集聚人才放在首位”，建立“企业认定、政府认账”的软信人才认定机制。重庆推动校企联合打造“星晖基地”，定向培养产业人才。对软信行业从业人员发放紧缺岗位就业补贴，为软信企业发放社保补贴和一次性吸纳就业补贴。实施百万高校毕业生等青年留渝来渝就业创业行动计划，力争每年为软信产业新增就业10万人。
依托数字重庆建设、超大城市现代化治理和制造业转型升级等丰富场景和数据资源，政府端主动搭台，通过常态化发布“机会清单”与“能力清单”，构建“软件+供应链+制造”场景牵引模式；企业端加强供需对接，让软信企业在真实场景中开展技术攻关与产品迭代，推动场景转化为产业和就业。例如，发挥智能网联新能源汽车之都建设优势，抢抓全国“车路云一体化”应用试点与L3级自动驾驶试点机遇，推动智能驾驶、车载操作系统等软件技术攻关、测试验证及应用推广。
产业空间拓展方面，重庆以城市更新为重要抓手，植入创新创业创意元素，促进宜居宜业，更好兴产聚人。新阶段“满天星”行动将实施范围从中心城区拓展至全市具备条件的区县，构建“市级集聚区+特色集聚区”的集聚发展格局。做强做优环大学创新产业生态圈，建设开源社区，提升能力开放平台、公共服务平台和行业赋能平台能级，打造“线上线下协同、多元融合”的产业载体体系。
强化“AI+”赋能，打造“AI+”产品矩阵。重庆将用好数字重庆底座和AI技术，利用AI智能体和数字孪生体推动超大城市治理能力现代化。突出AI+制造，支持制造业“研产供销服”全流程融合AI技术，推动制造业提质降本增效。支持软信企业面向教育、医疗、科技、低空经济等领域开展产业融合智能体开发应用。促进AI智能体与消费级硬件产品融合创新，培育新型智能产品。
产业兴则人才聚，人才聚则产业强。“人才—载体—业态”的良性循环，正在山城构建起“吸引人、留住人、成就人”的发展生态。
数据来源：重庆市经济和信息化委员会","# 重庆迭代“满天星”行动  探索产业转型升级发展新路径

> 《人民日报》（2026年01月06日第 12 版）

自2022年起，一场名为“满天星”的产业行动，让重庆软件和信息服务产业（简称“软信产业”）发展跑出了加速度、展现出新气象，“满天星”逐步成为一块具有全国影响力的金字招牌。

站在新起点，重庆市迭代“满天星”行动。近日，《重庆市进一步推进软件和信息服务业“满天星”行动计划实施方案》正式印发，标志着重庆市软信产业变革进入稳进与提质的新阶段。

高位推动、系统作战

推进软信产业高质量发展

重庆是我国重要的现代制造业基地，“硬”实力是其鲜明标签，汽车、电子信息、装备制造等产业根基深厚。随着数字经济的浪潮奔涌而至，汽车要智能网联、工厂要数字化升级、城市要智慧化运行等发展新趋势，对软信产业提出新要求。重庆软信产业不能仅是独立赛道，更要成为赋能制造业转型升级的“催化剂”。

与此同时，重庆部分商业楼宇闲置，空间资源未能有效利用。在产业升级的迫切需求与存量空间的盘活契机相互碰撞下，“满天星”行动计划顺势而出。其底层逻辑是吸引青年人才和优质企业入驻，汇聚起“人气”，改善人口结构；盘活闲置楼宇，提供优质产业空间，重构城市形态；推动软信产业高质量发展，赋能制造业转型升级和新旧动能平稳转换，带动相关生产性服务业和生活性服务业，重塑城市竞争力。

为推动“满天星”行动计划切实落地，重庆高位推动、系统作战，构建一套让全市上下“动起来、赛起来”的工作机制。市政府主要领导每季度主持召开全市工作推进会；市经济信息委联合大数据、发改、教育、人社等10余个部门协同作战；市级层面建立楼宇、企业、项目、人才、活动、宣传“六本台账”，实施精细管理；各区政府主要负责人打表推进。季度推进会同时也是“案例复盘场”，先进区县分享经验，落后区县剖析原因、提出改进措施。“总体设计+台账管理+赛马比拼+动态优化”的组合机制，让“满天星”行动迅速从文件转化为全域实践。

实现六大跃升

产业规模进入全国第一方阵

重庆将发展软信产业作为推进数字重庆建设的重要抓手和扩能提质生产性服务业的重要内容。“满天星”行动实施3年多以来，重庆以中心城区为主战场，紧扣人才、场所、企业、场景、生态等关键环节，软信产业蓬勃发展，实现六大跃升。

从业人员规模和人才吸引力实现新跃升。全市新增软信产业从业人员26.3万人，总量较2021年实现了翻倍，市外户籍占比提升至30.5%，每3名新增从业人员中就有1名“新重庆人”。

存量楼宇盘活和集聚区建设实现跃升。累计盘活存量楼宇375万平方米，打造软信产业园26个、市级“满天星”示范楼宇29处。两江数字经济产业园入选“2025年度中国软件高质量发展TOP30软件园区”。

企业主体和产品竞争力实现跃升。新增软信企业1.72万家，新增百亿级软信企业3家、十亿级软信企业20家，91项软件产品及应用入选国家级试点示范。

场景开放和应用成效实现跃升。发布应用场景4117个，推动软信产业赋能制造业发展，建成国家卓越级智能工厂22个、数量居西部地区第一，全球灯塔工厂实现零的突破。渝北区获批国家中小企业数字化转型试点城市，渝北区、长寿区获批国家制造业新型技术改造试点城市。

产业生态与发展氛围实现跃升。举办汽车软件开源大赛、数字产业生态大会等活动，连续举办5届中国工业软件大会和2届智能汽车基础软件生态大会，行业影响力显著提升。

产业规模与发展能级实现新跃升。2025年，全市软信产业主营业务收入预计可突破5000亿元，较2021年的2824亿元增长77%，将成为重庆“33618”现代制造业集群体系中率先达到既定目标的支柱产业。

系列跃升的背后，是重庆以深度融合的育人模式夯实人才根基的系统实践。通过整合企业、高校与培训机构资源，打造15家软件人才“超级工厂”，构建起“企业带项目、高校供理论、机构强实训、协会促协同”的培育体系。重庆科技大学与长安汽车等企业共建汽车软件“定制班”，组建一支超过150人的实战型师资队伍，实现人才培养与产业需求有效对接；重庆工业职业技术大学将课堂融入北斗产业链，邀请企业工程师担任“产业导师”，让学生在真实项目中成长。3年来，该模式已汇聚超千名行业导师，开发教材702套，开设课程超过1200门，累计为重庆输送了3.5万名扎根产业的优秀软信人才。

以人才为基础，重庆立足制造业优势，推动软信产业“赋能、添智”千行百业。在工业领域，长安汽车数智工厂通过智能化改造，带动生产自动化率超过90%；天实精工科技完成模组工厂改造后，生产效率大幅提升并成功拓展车载摄像头市场。技术应用更广泛惠及社会治理与民生，菲利信科技运用人工智能、大数据服务医疗行业；立信数据科技构建智慧健康养老平台，守护独居老人安全；联通产业互联网聚焦智慧城市与数字政府领域提供解决方案。在更广阔的行业应用中，软江图灵人工智能科技研发的AI环评系统显著提升环境评估效率；达瓦影像科技建成“永川科技片场”，借助影视大模型大幅缩短影视制作周期。

产业的蓬勃发展，也驱动城市空间焕新与生态集聚。通过“政府引导+行业协同+企业主体”模式，一批“沉睡楼宇”蜕变为产业高地。观音桥重庆网商产业园通过数字化，引入云服务器补贴、资源对接等政策，吸引百余家电商企业入驻，如今已成为日均发件30万件的“电商中枢”，生动诠释了“存量”变“增量”、“沉睡楼宇”向产业高地转变的重庆实践。

紧扣“人工智能+”趋势

接续跑出产业发展量质齐升“加速度”

《重庆市进一步推进软件和信息服务业“满天星”行动计划实施方案》在总结3年多工作成效的基础上，顺应产业发展趋势，抢抓“AI+”发展机遇，提出以集聚软信从业人员为主要任务，以AI智能体为主攻方向，加速“AI+”应用，强化数据赋能，推动“满天星”行动迈上新台阶。

围绕“把集聚人才放在首位”，建立“企业认定、政府认账”的软信人才认定机制。重庆推动校企联合打造“星晖基地”，定向培养产业人才。对软信行业从业人员发放紧缺岗位就业补贴，为软信企业发放社保补贴和一次性吸纳就业补贴。实施百万高校毕业生等青年留渝来渝就业创业行动计划，力争每年为软信产业新增就业10万人。

依托数字重庆建设、超大城市现代化治理和制造业转型升级等丰富场景和数据资源，政府端主动搭台，通过常态化发布“机会清单”与“能力清单”，构建“软件+供应链+制造”场景牵引模式；企业端加强供需对接，让软信企业在真实场景中开展技术攻关与产品迭代，推动场景转化为产业和就业。例如，发挥智能网联新能源汽车之都建设优势，抢抓全国“车路云一体化”应用试点与L3级自动驾驶试点机遇，推动智能驾驶、车载操作系统等软件技术攻关、测试验证及应用推广。

产业空间拓展方面，重庆以城市更新为重要抓手，植入创新创业创意元素，促进宜居宜业，更好兴产聚人。新阶段“满天星”行动将实施范围从中心城区拓展至全市具备条件的区县，构建“市级集聚区+特色集聚区”的集聚发展格局。做强做优环大学创新产业生态圈，建设开源社区，提升能力开放平台、公共服务平台和行业赋能平台能级，打造“线上线下协同、多元融合”的产业载体体系。

强化“AI+”赋能，打造“AI+”产品矩阵。重庆将用好数字重庆底座和AI技术，利用AI智能体和数字孪生体推动超大城市治理能力现代化。突出AI+制造，支持制造业“研产供销服”全流程融合AI技术，推动制造业提质降本增效。支持软信企业面向教育、医疗、科技、低空经济等领域开展产业融合智能体开发应用。促进AI智能体与消费级硬件产品融合创新，培育新型智能产品。

产业兴则人才聚，人才聚则产业强。“人才—载体—业态”的良性循环，正在山城构建起“吸引人、留住人、成就人”的发展生态。

数据来源：重庆市经济和信息化委员会",,广告,https://paper.people.com.cn/rmrb/pc/content/202601/06/content_30129766.html,2026-01-06,"['软信', '产业', '重庆', '满天星', 'AI', '人才', '跃升', '赋能', '楼宇', '企业']","自2022年起，一场名为“满天星”的产业行动，让重庆软件和信息服务产业（简称“软信产业”）发展跑出了加速度、展现出新气象，“满天星”逐步成为一块具有全国影响力的金字招牌。
站在新起点，重庆市迭代“满天星”行动。近日，《重庆市进一步推进软件和信息服务业“满天星”行动计划实施方案》正式印发，标志着重庆市软信产业变革进入稳进与提质的新阶段。
高位推动、系统作战",政治
云南曲靖探索解决慢特病患者用药不便问题,"核心阅读
为探索解决慢特病患者用药不便问题，云南曲靖2025年初推出“慢特病共享药房”，以区级医院药房为重点，乡镇设服务站、村卫生室为延伸点，通过信息化手段实现处方、药品、结算“三贯通”。一年来，曲靖建成17个“慢特病共享药房”，累计接诊18万余人次，让群众用药更便捷、更实惠。
“以前开个降压药，挂号、排队、取药，一套流程下来大半天就过去了。”家住云南省曲靖市马龙区通泉街道启秀社区的赵琼芬，自己患有高血压，还要照顾患糖尿病的母亲，“带她去医院怕交叉感染，不带她又说不清病情。”
如今，她走进马龙区人民医院对面的“慢特病共享药房”，出示电子医保码，不到10分钟就拿到了母女俩的药。“顺路就取了，还不耽误买菜。”赵琼芬说。
变化，始于一次特别的监督。
不能让群众为一盒药反复折腾
2025年初，曲靖市纪委监委驻市卫健委纪检监察组在一次体验式监督中发现，购药时“药品少、耗时长、易感染”是群众反映较多的问题，其中慢特病患者用药不便的问题比较突出。
为摸清实情，纪检监察干部与医保局工作人员一同去医院体验购药流程——仅开一盒常用的降压药硝苯地平，从挂号到取药就耗了将近一上午。慢性病患者大多是续药，又不是初诊，怎么就这么费时费力？
纪检监察组随即跟卫健、医保等部门充分交流，开展专项调研之后，逐渐摸清了问题根源：医院方面，因药品按进价零加成销售，无利润、流动资金占用压力大，不愿大量储备药品；诊疗流程上，依据医院诊疗管理规定，患者购药需按门诊全流程办理，无形中拉长了等待时间；市场端，零售药店部分药品售价普遍高于医院，群众反映买药贵。
调研组走访时还发现：乡镇卫生院和村卫生室药品配备不全，有些药群众想买却没有库存。部分慢性病患者选择自行购药服用，长期缺少专业用药指导，可能导致小病拖成大病。
不能让群众为一盒药反复折腾。相关部门协同发力，将慢特病用药难列入重点监督清单。
要啃“硬骨头”，曲靖市将破局试点选在了马龙区。曲靖市医保局党组书记陈绍全解释：“马龙区人口不多，但到省、市医院购药的患者多，医保基金压力大，探索解决马龙区的难题，能为全市探路。”
在民生需求与现实困难间找平衡
近年来，马龙区医共体的运营压力逐年增大。得知要试点建设“慢特病共享药房”，马龙区人民医院院长张金平不解：“本来就没钱，为何还要额外花钱？”
“医院药品销售必须按进价零加成销售，新建药房涉及场地、装修、人员等，医院的额外投入又增加了。”马龙区人民医院副院长胡文俊说。
民生需求与现实困难如何平衡？多方围坐一起，把经济、健康、民心三笔账摊开细算。
“先算经济账。”陈绍全率先开口，“全区实行紧密型医共体‘打包付费、结余留用’政策，医保基金一次性打包拨给医共体，患者区外就医购药，钱照样从打包额度里出；而共享药房零差率销售，药品进价是多少，卖给患者就是多少，引导患者在区里买不加价的药，基金支出能省30%以上。省下来的钱，其实还是留到了咱们区医院牵头的医共体内。”
“最重要的是健康账。”马龙区副区长符世伟接过话茬，“一个高血压患者规范用药一年只需几百元，一旦拖成脑卒中，抢救要几万元。共享药房让患者按时科学用药，有助于减少并发症。”
“还有一笔民心账不能漏。”曲靖市纪委监委第八监督检查室主任黄艳惠补充，“让老人少跑路、少排队，让子女少操心、少请假，这份便利背后的获得感，直接关系群众对政府和医院的信任。”
账算明白了，2025年1月18日，马龙区首个“慢特病共享药房”在区人民医院对面建成，这里集成了“两站三台”功能：医生工作站可开处方、测血压血糖，医保服务站能办报销、进行慢性病认定；3个服务台提供全流程指导，高效便捷。
针对罕见病、特殊病患者的用药需求，药房实行“预约采购”机制。患者在家门口的村卫生室就能发起预约，药品通常3天内即可配送至该卫生室，真正实现“足不出村、药到村头”。
患者花钱少了，健康管理效果也提升了
“关键不是建多少个药房，而是让现有卫生室都能成为共享药房的一部分，让患者不出村就能取药。”陈绍全介绍。共享药房不搞大拆大建，而是以区级医院药房为重点，乡镇设服务站、村卫生室为延伸点，通过信息化手段实现处方、药品、结算“三贯通”。
“这盒降糖药，以前在药店买要35元，现在只要20元，医保报销后自己只花10块多。”在马龙区旧县街道“慢特病共享药房”，村民杨伟算着刚花的药钱，“单这一种药，一年就能省500多块，也不用专门往城里跑了。”
药价降下来，源于药房的“六个统一”管理：优先统一集中采购、统一药品目录、统一配送管理、统一医保结算、统一服务标准、统一信息平台。优先选用国家集采药品，零差率销售。马龙区人民医院药师杨倩举例：“常用降压药苯磺酸氨氯地平片集采后价格下降，叠加门诊减免和医保报销，患者能省不少钱。”
医保基金也迎来节支增效的良性循环。2025年，马龙区医共体较2024年同期节约410多万元，有效缓解了基层医疗机构的运行压力，也让群众购药更便捷，形成“基金节约—服务提升—患者受益”的良性循环。
健康效益更长远，医师定期随访监测患者病情，药师科学指导患者合理用药，马龙区慢性病患者血压、血糖控制率同比提高2%—15%，慢阻肺管理在全市排名第一。
“要守护好群众看病钱。”黄艳惠说，通过持续跟踪问效，全市医保系统移送的624条问题线索已全部清零。基金安全有了保障，慢特病患者不出村就能取药，群众健康生活更有底气。
从马龙区试点到全市推广，如今曲靖已建成17个“慢特病共享药房”。慢特病患者取药更加便捷：城区患者顺路可取，乡镇患者无需跨区奔波，农村患者家门口遛弯就能拿到药。截至2025年底，曲靖市“慢特病共享药房”配备药品种类最多的达619种，基本能满足群众购药需求；累计接诊18万余人次，为1700名患者预约购药400种。","# 云南曲靖探索解决慢特病患者用药不便问题

> 本报记者  杨文明《人民日报》（2026年01月06日第 13 版）

核心阅读

为探索解决慢特病患者用药不便问题，云南曲靖2025年初推出“慢特病共享药房”，以区级医院药房为重点，乡镇设服务站、村卫生室为延伸点，通过信息化手段实现处方、药品、结算“三贯通”。一年来，曲靖建成17个“慢特病共享药房”，累计接诊18万余人次，让群众用药更便捷、更实惠。

“以前开个降压药，挂号、排队、取药，一套流程下来大半天就过去了。”家住云南省曲靖市马龙区通泉街道启秀社区的赵琼芬，自己患有高血压，还要照顾患糖尿病的母亲，“带她去医院怕交叉感染，不带她又说不清病情。”

如今，她走进马龙区人民医院对面的“慢特病共享药房”，出示电子医保码，不到10分钟就拿到了母女俩的药。“顺路就取了，还不耽误买菜。”赵琼芬说。

变化，始于一次特别的监督。

不能让群众为一盒药反复折腾

2025年初，曲靖市纪委监委驻市卫健委纪检监察组在一次体验式监督中发现，购药时“药品少、耗时长、易感染”是群众反映较多的问题，其中慢特病患者用药不便的问题比较突出。

为摸清实情，纪检监察干部与医保局工作人员一同去医院体验购药流程——仅开一盒常用的降压药硝苯地平，从挂号到取药就耗了将近一上午。慢性病患者大多是续药，又不是初诊，怎么就这么费时费力？

纪检监察组随即跟卫健、医保等部门充分交流，开展专项调研之后，逐渐摸清了问题根源：医院方面，因药品按进价零加成销售，无利润、流动资金占用压力大，不愿大量储备药品；诊疗流程上，依据医院诊疗管理规定，患者购药需按门诊全流程办理，无形中拉长了等待时间；市场端，零售药店部分药品售价普遍高于医院，群众反映买药贵。

调研组走访时还发现：乡镇卫生院和村卫生室药品配备不全，有些药群众想买却没有库存。部分慢性病患者选择自行购药服用，长期缺少专业用药指导，可能导致小病拖成大病。

不能让群众为一盒药反复折腾。相关部门协同发力，将慢特病用药难列入重点监督清单。

要啃“硬骨头”，曲靖市将破局试点选在了马龙区。曲靖市医保局党组书记陈绍全解释：“马龙区人口不多，但到省、市医院购药的患者多，医保基金压力大，探索解决马龙区的难题，能为全市探路。”

在民生需求与现实困难间找平衡

近年来，马龙区医共体的运营压力逐年增大。得知要试点建设“慢特病共享药房”，马龙区人民医院院长张金平不解：“本来就没钱，为何还要额外花钱？”

“医院药品销售必须按进价零加成销售，新建药房涉及场地、装修、人员等，医院的额外投入又增加了。”马龙区人民医院副院长胡文俊说。

民生需求与现实困难如何平衡？多方围坐一起，把经济、健康、民心三笔账摊开细算。

“先算经济账。”陈绍全率先开口，“全区实行紧密型医共体‘打包付费、结余留用’政策，医保基金一次性打包拨给医共体，患者区外就医购药，钱照样从打包额度里出；而共享药房零差率销售，药品进价是多少，卖给患者就是多少，引导患者在区里买不加价的药，基金支出能省30%以上。省下来的钱，其实还是留到了咱们区医院牵头的医共体内。”

“最重要的是健康账。”马龙区副区长符世伟接过话茬，“一个高血压患者规范用药一年只需几百元，一旦拖成脑卒中，抢救要几万元。共享药房让患者按时科学用药，有助于减少并发症。”

“还有一笔民心账不能漏。”曲靖市纪委监委第八监督检查室主任黄艳惠补充，“让老人少跑路、少排队，让子女少操心、少请假，这份便利背后的获得感，直接关系群众对政府和医院的信任。”

账算明白了，2025年1月18日，马龙区首个“慢特病共享药房”在区人民医院对面建成，这里集成了“两站三台”功能：医生工作站可开处方、测血压血糖，医保服务站能办报销、进行慢性病认定；3个服务台提供全流程指导，高效便捷。

针对罕见病、特殊病患者的用药需求，药房实行“预约采购”机制。患者在家门口的村卫生室就能发起预约，药品通常3天内即可配送至该卫生室，真正实现“足不出村、药到村头”。

患者花钱少了，健康管理效果也提升了

“关键不是建多少个药房，而是让现有卫生室都能成为共享药房的一部分，让患者不出村就能取药。”陈绍全介绍。共享药房不搞大拆大建，而是以区级医院药房为重点，乡镇设服务站、村卫生室为延伸点，通过信息化手段实现处方、药品、结算“三贯通”。

“这盒降糖药，以前在药店买要35元，现在只要20元，医保报销后自己只花10块多。”在马龙区旧县街道“慢特病共享药房”，村民杨伟算着刚花的药钱，“单这一种药，一年就能省500多块，也不用专门往城里跑了。”

药价降下来，源于药房的“六个统一”管理：优先统一集中采购、统一药品目录、统一配送管理、统一医保结算、统一服务标准、统一信息平台。优先选用国家集采药品，零差率销售。马龙区人民医院药师杨倩举例：“常用降压药苯磺酸氨氯地平片集采后价格下降，叠加门诊减免和医保报销，患者能省不少钱。”

医保基金也迎来节支增效的良性循环。2025年，马龙区医共体较2024年同期节约410多万元，有效缓解了基层医疗机构的运行压力，也让群众购药更便捷，形成“基金节约—服务提升—患者受益”的良性循环。

健康效益更长远，医师定期随访监测患者病情，药师科学指导患者合理用药，马龙区慢性病患者血压、血糖控制率同比提高2%—15%，慢阻肺管理在全市排名第一。

“要守护好群众看病钱。”黄艳惠说，通过持续跟踪问效，全市医保系统移送的624条问题线索已全部清零。基金安全有了保障，慢特病患者不出村就能取药，群众健康生活更有底气。

从马龙区试点到全市推广，如今曲靖已建成17个“慢特病共享药房”。慢特病患者取药更加便捷：城区患者顺路可取，乡镇患者无需跨区奔波，农村患者家门口遛弯就能拿到药。截至2025年底，曲靖市“慢特病共享药房”配备药品种类最多的达619种，基本能满足群众购药需求；累计接诊18万余人次，为1700名患者预约购药400种。",杨文明,社会,https://paper.people.com.cn/rmrb/pc/content/202601/06/content_30129767.html,2026-01-06,"['药房', '马龙', '患者', '慢特病', '医保', '共享', '购药', '药品', '医院', '用药']","核心阅读
为探索解决慢特病患者用药不便问题，云南曲靖2025年初推出“慢特病共享药房”，以区级医院药房为重点，乡镇设服务站、村卫生室为延伸点，通过信息化手段实现处方、药品、结算“三贯通”。一年来，曲靖建成17个“慢特病共享药房”，累计接诊18万余人次，让群众用药更便捷、更实惠。
“以前开个降压药，挂号、排队、取药，一套流程下来大半天就过去了。”家住云南省曲靖市马龙区通泉街道启秀社区的赵琼芬，自己患有高血压，还要照顾患糖尿病的母亲，“带她去医院怕交叉感染，不带她又说不清病情。”",政治
北京推行新业态劳动者职业伤害“小伤快赔”,"在北京市海淀区，骑手小单在送餐途中发生交通事故，造成骨折。小单在平台企业APP上发起“一键报案”，到医院就诊处理后，回家静养。他在线上提交了职业伤害保障伤残待遇申请表、知情同意确认书、诊断书、收费票据和事故责任认定书等5项材料。海淀区职业伤害保障部门协同商业保险机构对接平台企业开展事故调查，确认为“小伤”后，立即启动快赔流程，小单当日便收到了302元的医疗报销费用。
面向外卖员、网约车司机等新业态劳动者，北京在全市范围内推行职业伤害“小伤快赔”。据北京市工伤保险事务管理中心主任董明介绍，“小伤”是指符合职业伤害确认情形，仅在北京市门（急）诊就医且不需要住院治疗，事实清楚、资料齐全，责任划分明确、不存在争议的职业伤害案件。
“小伤快赔”推行后，“小伤”案件将添加特殊标识，各环节置顶优先办理，实行全流程简易审核发放程序。案件赔付申报渠道与普通职业伤害案件相同，都是先通过平台企业的APP进行事故报案，然后由平台企业协助个人发起职业伤害保障待遇给付申请，也可以联系北京市职伤保障服务专线010—86409198办理。收到事故报案信息后，北京市职业伤害保障部门委托商业保险机构安排专人“一对一”服务，主动联系报案人员，提供全流程服务，直至报销钱款到达劳动者个人账户。
职业伤害保障理赔流程包括事故报案、及时就医、发起医药费报销申请、职业伤害确认、医药费审核、医药费拨付6个流程。实施“小伤快赔”后，“小伤”案件中的职业伤害确认、医药费审核、医药费拨付3个流程实现“一次申报、合并办理”，新业态劳动者只需通过平台企业APP提交一次申请，后续流程通过内部信息协同依次进行、联动办理。劳动者需要提交的材料数量由10项压缩至5项，可全部线上提交，提高了申报效率。此外，“小伤快赔”模式优化待遇发放流程，将医疗待遇发放频次由每月3次提高为每日1次，确保报销钱款及时发放到劳动者个人账户。
近年来，北京市在出行、外卖、即时配送和同城货运等风险较高的行业，实施职业伤害保障制度，适应新就业形态自由灵活、流动性大、线上接单等特点，采取按单缴费的参保模式，由平台企业负担支出。目前，北京市职业伤害保障已覆盖出行、即时配送、同城货运3个行业、21家企业的157.28万名新业态劳动者，有力保障了外卖员、网约车司机等群体的合法权益，有效分散了平台企业的用工风险。","# 北京推行新业态劳动者职业伤害“小伤快赔”

> 本报记者  潘俊强《人民日报》（2026年01月06日第 13 版）

在北京市海淀区，骑手小单在送餐途中发生交通事故，造成骨折。小单在平台企业APP上发起“一键报案”，到医院就诊处理后，回家静养。他在线上提交了职业伤害保障伤残待遇申请表、知情同意确认书、诊断书、收费票据和事故责任认定书等5项材料。海淀区职业伤害保障部门协同商业保险机构对接平台企业开展事故调查，确认为“小伤”后，立即启动快赔流程，小单当日便收到了302元的医疗报销费用。

面向外卖员、网约车司机等新业态劳动者，北京在全市范围内推行职业伤害“小伤快赔”。据北京市工伤保险事务管理中心主任董明介绍，“小伤”是指符合职业伤害确认情形，仅在北京市门（急）诊就医且不需要住院治疗，事实清楚、资料齐全，责任划分明确、不存在争议的职业伤害案件。

“小伤快赔”推行后，“小伤”案件将添加特殊标识，各环节置顶优先办理，实行全流程简易审核发放程序。案件赔付申报渠道与普通职业伤害案件相同，都是先通过平台企业的APP进行事故报案，然后由平台企业协助个人发起职业伤害保障待遇给付申请，也可以联系北京市职伤保障服务专线010—86409198办理。收到事故报案信息后，北京市职业伤害保障部门委托商业保险机构安排专人“一对一”服务，主动联系报案人员，提供全流程服务，直至报销钱款到达劳动者个人账户。

职业伤害保障理赔流程包括事故报案、及时就医、发起医药费报销申请、职业伤害确认、医药费审核、医药费拨付6个流程。实施“小伤快赔”后，“小伤”案件中的职业伤害确认、医药费审核、医药费拨付3个流程实现“一次申报、合并办理”，新业态劳动者只需通过平台企业APP提交一次申请，后续流程通过内部信息协同依次进行、联动办理。劳动者需要提交的材料数量由10项压缩至5项，可全部线上提交，提高了申报效率。此外，“小伤快赔”模式优化待遇发放流程，将医疗待遇发放频次由每月3次提高为每日1次，确保报销钱款及时发放到劳动者个人账户。

近年来，北京市在出行、外卖、即时配送和同城货运等风险较高的行业，实施职业伤害保障制度，适应新就业形态自由灵活、流动性大、线上接单等特点，采取按单缴费的参保模式，由平台企业负担支出。目前，北京市职业伤害保障已覆盖出行、即时配送、同城货运3个行业、21家企业的157.28万名新业态劳动者，有力保障了外卖员、网约车司机等群体的合法权益，有效分散了平台企业的用工风险。",潘俊强,社会,https://paper.people.com.cn/rmrb/pc/content/202601/06/content_30129768.html,2026-01-06,"['小伤', '伤害', '职业', '流程', '劳动者', '北京市', '医药费', '报案', '平台', '业态']","在北京市海淀区，骑手小单在送餐途中发生交通事故，造成骨折。小单在平台企业APP上发起“一键报案”，到医院就诊处理后，回家静养。他在线上提交了职业伤害保障伤残待遇申请表、知情同意确认书、诊断书、收费票据和事故责任认定书等5项材料。海淀区职业伤害保障部门协同商业保险机构对接平台企业开展事故调查，确认为“小伤”后，立即启动快赔流程，小单当日便收到了302元的医疗报销费用。
面向外卖员、网约车司机等新业态劳动者，北京在全市范围内推行职业伤害“小伤快赔”。据北京市工伤保险事务管理中心主任董明介绍，“小伤”是指符合职业伤害确认情形，仅在北京市门（急）诊就医且不需要住院治疗，事实清楚、资料齐全，责任划分明确、不存在争议的职业伤害案件。
“小伤快赔”推行后，“小伤”案件将添加特殊标识，各环节置顶优先办理，实行全流程简易审核发放程序。案件赔付申报渠道与普通职业伤害案件相同，都是先通过平台企业的APP进行事故报案，然后由平台企业协助个人发起职业伤害保障待遇给付申请，也可以联系北京市职伤保障服务专线010—86409198办理。收到事故报案信息后，北京市职业伤害保障部门委托商业保险机构安排专人“一对一”服务，主动联系报案人员，提供全流程服务，直至报销钱款到达劳动者个人账户。",经济
江西：以知识产权赋能新质生产力发展  书写赣鄱大地高质量发展新篇章,"截至2025年11月，江西省有效发明专利拥有量达5.8万件，有效注册商标量突破104万件；知识产权质押融资额5年增长超3倍，2025年前三季度达121.83亿元，全国首单“银行保函”增信知识产权证券化产品落地江西；地理标志品牌价值超1200亿元，12个地理标志产品入选中欧地理标志保护与合作互认名录；构建“1+3+N”知识产权快速协同保护网络，专利申请预审周期压缩70%以上；推行知识产权专员制度，培养专业人才近3000名……
一系列突破性数据与标志性成果，清晰勾勒出江西知识产权事业高质量发展的上升轨迹。“十四五”时期，江西将知识产权工作全面融入全省发展大局，坚持以战略引领定向、以产业支撑固本、以金融创新强体、以环境营造护航，走出一条知识产权与经济社会发展同频共振、互促共进的新路，为谱写中国式现代化江西篇章注入强劲动能。
战略引领，制度筑基，统筹发展全局
江西始终坚持高位推动，将知识产权强省建设置于全省创新发展全局中谋划。出台《关于加强知识产权强省建设的行动方案（2022—2035年）》等一系列政策文件，构建起覆盖创造、运用、保护、管理、服务全链条的政策体系。同时，完善省知识产权工作部门联席会议制度，成员单位扩充至27家，有效形成跨部门协同、上下联动的工作格局，以坚实的规划设计和制度保障，引领知识产权事业稳步发展。
产业赋能，转化增效，激活创新引擎
聚焦江西省制造业重点产业链现代化建设“1269”行动计划，江西深入实施知识产权提链行动，推动创新链与产业链深度融合。截至2025年11月，每万人口有效发明专利拥有量12.95件，超额完成“十四五”时期既定目标。转化运用通道持续拓宽，成功举办长江经济带高价值专利转化运用大赛，第二届参赛项目达1410项，辐射范围显著扩大。推动全省高校存量专利全面盘活，累计惠及企业1.43万家，助力300家中小企业通过专利产业化实现成长。在第二十五届中国专利奖评选中斩获14项奖励，创新硬核实力日益凸显。
金融破局，品牌塑形，厚植发展优势
针对创新主体融资难题，江西多地创新推出“赣知贷”“宜知贷”等知识产权金融产品，全省知识产权质押登记金额累计达563.75亿元。继赣州发行全省首单知识产权证券化产品后，全国首单“银行保函”增信知识产权证券化产品在南昌发行，全省首单县域知识产权证券化项目在抚州发行，多地陆续推出知识产权证券化项目，累计为企业融资超5亿元。全力推进品牌建设，深耕地理标志保护与运用，狗牯脑茶、广昌白莲入选国家地理标志保护示范区，赣南脐橙等7件地理标志产品入围区域品牌百强，“井冈山”区域公用品牌实现扩项提质，“景德镇制”品牌建设稳步推进，推动“庐山云雾茶”等特色品牌与文旅产业、推动乡村全面振兴深度融合，打造出一张张闪亮的“江西名片”。
保护协同，服务优化，营造一流生态
江西着力构建高效协同的知识产权保护网络，以江西省国家级知识产权保护中心为主体，南昌、赣州、景德镇三地国家级保护中心为支点，基层工作站为延伸，形成“1+3+N”知识产权快速协同保护体系。成立“赣企出海”知识产权护航博士服务团，设立海外工作站，构建起“博士团巡回服务、先锋队精准服务、工作站定点服务”的三重服务体系，护航企业国际化发展。布局国家级、省级公共服务网点共33家，支持九江打造知识产权公共服务标准化建设试点，实现知识产权公共服务设区市全覆盖。
“十四五”时期，江西知识产权工作实现了从数量积累到质量提升、从分散建设到系统集成的重大转变。站在新起点，江西将持续深化知识产权强省建设，全面强化保护效能、提升运用效益、培育品牌价值、优化服务生态，让知识产权真正成为培育发展新质生产力的“加速器”和支撑江西打造“三大高地”、实施“五大战略”的“硬支撑”，书写赣鄱大地高质量发展更加绚丽的创新篇章。
数据来源：江西省市场监督管理局","# 江西：以知识产权赋能新质生产力发展  书写赣鄱大地高质量发展新篇章

> 《人民日报》（2026年01月06日第 13 版）

截至2025年11月，江西省有效发明专利拥有量达5.8万件，有效注册商标量突破104万件；知识产权质押融资额5年增长超3倍，2025年前三季度达121.83亿元，全国首单“银行保函”增信知识产权证券化产品落地江西；地理标志品牌价值超1200亿元，12个地理标志产品入选中欧地理标志保护与合作互认名录；构建“1+3+N”知识产权快速协同保护网络，专利申请预审周期压缩70%以上；推行知识产权专员制度，培养专业人才近3000名……

一系列突破性数据与标志性成果，清晰勾勒出江西知识产权事业高质量发展的上升轨迹。“十四五”时期，江西将知识产权工作全面融入全省发展大局，坚持以战略引领定向、以产业支撑固本、以金融创新强体、以环境营造护航，走出一条知识产权与经济社会发展同频共振、互促共进的新路，为谱写中国式现代化江西篇章注入强劲动能。

战略引领，制度筑基，统筹发展全局

江西始终坚持高位推动，将知识产权强省建设置于全省创新发展全局中谋划。出台《关于加强知识产权强省建设的行动方案（2022—2035年）》等一系列政策文件，构建起覆盖创造、运用、保护、管理、服务全链条的政策体系。同时，完善省知识产权工作部门联席会议制度，成员单位扩充至27家，有效形成跨部门协同、上下联动的工作格局，以坚实的规划设计和制度保障，引领知识产权事业稳步发展。

产业赋能，转化增效，激活创新引擎

聚焦江西省制造业重点产业链现代化建设“1269”行动计划，江西深入实施知识产权提链行动，推动创新链与产业链深度融合。截至2025年11月，每万人口有效发明专利拥有量12.95件，超额完成“十四五”时期既定目标。转化运用通道持续拓宽，成功举办长江经济带高价值专利转化运用大赛，第二届参赛项目达1410项，辐射范围显著扩大。推动全省高校存量专利全面盘活，累计惠及企业1.43万家，助力300家中小企业通过专利产业化实现成长。在第二十五届中国专利奖评选中斩获14项奖励，创新硬核实力日益凸显。

金融破局，品牌塑形，厚植发展优势

针对创新主体融资难题，江西多地创新推出“赣知贷”“宜知贷”等知识产权金融产品，全省知识产权质押登记金额累计达563.75亿元。继赣州发行全省首单知识产权证券化产品后，全国首单“银行保函”增信知识产权证券化产品在南昌发行，全省首单县域知识产权证券化项目在抚州发行，多地陆续推出知识产权证券化项目，累计为企业融资超5亿元。全力推进品牌建设，深耕地理标志保护与运用，狗牯脑茶、广昌白莲入选国家地理标志保护示范区，赣南脐橙等7件地理标志产品入围区域品牌百强，“井冈山”区域公用品牌实现扩项提质，“景德镇制”品牌建设稳步推进，推动“庐山云雾茶”等特色品牌与文旅产业、推动乡村全面振兴深度融合，打造出一张张闪亮的“江西名片”。

保护协同，服务优化，营造一流生态

江西着力构建高效协同的知识产权保护网络，以江西省国家级知识产权保护中心为主体，南昌、赣州、景德镇三地国家级保护中心为支点，基层工作站为延伸，形成“1+3+N”知识产权快速协同保护体系。成立“赣企出海”知识产权护航博士服务团，设立海外工作站，构建起“博士团巡回服务、先锋队精准服务、工作站定点服务”的三重服务体系，护航企业国际化发展。布局国家级、省级公共服务网点共33家，支持九江打造知识产权公共服务标准化建设试点，实现知识产权公共服务设区市全覆盖。

“十四五”时期，江西知识产权工作实现了从数量积累到质量提升、从分散建设到系统集成的重大转变。站在新起点，江西将持续深化知识产权强省建设，全面强化保护效能、提升运用效益、培育品牌价值、优化服务生态，让知识产权真正成为培育发展新质生产力的“加速器”和支撑江西打造“三大高地”、实施“五大战略”的“硬支撑”，书写赣鄱大地高质量发展更加绚丽的创新篇章。

数据来源：江西省市场监督管理局",,社会,https://paper.people.com.cn/rmrb/pc/content/202601/06/content_30129770.html,2026-01-06,"['知识产权', '江西', '保护', '首单', '创新', '证券化', '地理', '协同', '发展', '建设']","截至2025年11月，江西省有效发明专利拥有量达5.8万件，有效注册商标量突破104万件；知识产权质押融资额5年增长超3倍，2025年前三季度达121.83亿元，全国首单“银行保函”增信知识产权证券化产品落地江西；地理标志品牌价值超1200亿元，12个地理标志产品入选中欧地理标志保护与合作互认名录；构建“1+3+N”知识产权快速协同保护网络，专利申请预审周期压缩70%以上；推行知识产权专员制度，培养专业人才近3000名……
一系列突破性数据与标志性成果，清晰勾勒出江西知识产权事业高质量发展的上升轨迹。“十四五”时期，江西将知识产权工作全面融入全省发展大局，坚持以战略引领定向、以产业支撑固本、以金融创新强体、以环境营造护航，走出一条知识产权与经济社会发展同频共振、互促共进的新路，为谱写中国式现代化江西篇章注入强劲动能。
战略引领，制度筑基，统筹发展全局",政治
中国资环电池公司进口锂离子电池用再生黑粉原料,"核心阅读
2025年，我国明确符合标准的锂离子电池用再生黑粉原料不再被视为固体废物，可实现进口。中国资源循环集团旗下中国资环电池公司完成首单海外业务，让锂电池回收产业链中的再生黑粉实现资源循环利用。
“别小瞧这些看起来普通的黑色粉末，它们可是实实在在的资源。”中国资源循环集团旗下中国资环电池公司党委副书记、总经理白春平展示着样本瓶中的黑色粉末，“这是我们从海外进口的锂离子电池用再生黑粉。”
2025年10月29日，中国资环电池公司从海外进口的47吨再生黑粉原料在天津新港海关顺利通关，其中就有瓶中的这些黑粉——这也是中国资环电池公司组建以来完成的首单海外业务。
再生黑粉包含钴、镍、锰、锂等多种战略性金属资源，是生态富矿
2025年8月1日，《关于规范锂离子电池用再生黑粉原料、再生钢铁原料进口管理有关事项的公告》正式实施。当月，中国资源循环集团从海外引进的40吨再生黑粉原料就运抵浙江宁波并顺利通过海关验收，成为公告实施后我国首批进口的锂离子电池用再生黑粉原料。
再生黑粉是什么？白春平介绍，在锂电池回收产业链中，再生黑粉是经放电、拆解、热解、破碎、分选等多道工序处理后，从废旧锂离子电池中分离出的核心产物，包含钴、镍、锰、锂等多种战略性金属资源。
“再生黑粉的价值远超天然矿产。”白春平算了一笔账，每进口1万吨再生黑粉原料，能减少约3万吨原生矿开采、降低2.5万吨碳排放。而首批进口的40吨黑粉中，镍、钴、锂含量分别可达33%、11%、6.5%，可提炼镍约13.2吨、钴约4.4吨、锂约2.6吨，相当于替代3000吨镍矿、1100吨钴矿、200吨锂矿开采。“这是实实在在的生态富矿、资源富矿。”白春平说。
符合标准的锂离子电池用再生黑粉原料不再被视为固体废物，可实现进口
再生黑粉这么好，为什么之前无法进口？
“既有原先政策限制，也有市场原因。”白春平分析，一方面，再生黑粉原料长期以来被视为固体废物，不能进口。另一方面，随着新能源汽车等行业的快速发展，特别是出口量的节节攀升，以镍、钴、锂为典型代表的资源需求急剧上升，但国内废旧锂电池回收量有限、产能利用率不高。
转机出现在2025年6月，生态环境部、海关总署等六部门联合发布公告，明确自当年8月1日起，符合标准的锂离子电池用再生黑粉原料不再被视为固体废物，可实现进口。这一政策调整，不仅为我国锂电产业开辟了新的资源渠道，更彰显了我国践行绿色发展理念、推动资源循环利用的决心。
吃下政策的“定心丸”，中国资源循环集团迈开了让这一海外“资源富矿”顺利回流的探索。
“最大的挑战是没有先例可循。”白春平坦言，从境内外上下游企业对接、物流方案设计，到通关流程规范等，都需要从零开始摸索，“关键是打通‘采购—物流—通关—生产利用’的全链条。”
多批再生黑粉进口通关顺利完成，推动形成电池全生命周期的资源循环闭环
“黑粉质量是第一道关口。”白春平介绍，海外大多再生黑粉达不到我国进口标准，氟含量以及重金属杂质超标。为了确保进口黑粉的质量符合我国政策标准，中国资源循环集团黑粉进口项目组先后接洽海外多家货源企业，技术团队详细了解电池来源以及电池打粉的工艺步骤。通过对客户样品反复送样检测，再三确认产品符合进口标准后，才最终确定首批进口的工厂和货源。
质量关过了，还要考虑成本。“海外黑粉进口价格定价机制复杂，既要考虑到港日当天海运金属价格，也要考虑到港后通关周期、销售周期等因素。”项目组成员王俊晔说。
货源和成本确定了，新的问题又来了：粉末状的再生黑粉在跨境海运中易发生泄漏、受潮等问题。“我们联合物流企业、海关部门多次研究，最终确定采用密封式集装箱运输，并在集装箱内设置防潮、防震装置，同时购买专项保险，确保货物运输安全。”王俊晔说。
为进口再生黑粉努力的不只有中国资源循环集团，海关部门为通关环节也做了许多准备工作。“再生黑粉成分复杂，需要检测锂、砷、铬等11个项目，检验流程繁多。”天津新港海关综合业务二处负责人介绍，为了提高通关效率，海关部门预先制定审单查验方案和实验室检验规程，对中国资源循环集团提前提交的相关材料开展预检，对镍、钴、锂、磷以及水溶性氟等关键指标进行严格检测，确保产品符合国家标准。
目前，顺利踏入国门的这批再生黑粉已经被交付给材料企业，经过进一步加工提纯后，转化为电池级碳酸锂、磷酸铁等原料，再供应给国内动力电池企业，形成电池全生命周期的资源循环闭环。“未来，企业将布局更多黑粉预处理基地，推动再生黑粉进口向规模化发展。”白春平对于前景信心十足。
政策放开以来，中国资源循环集团及旗下子公司已在天津港、宁波港顺利完成多批再生黑粉进口通关。目前，中国资源循环集团已与海外多家供应商达成长期合作意向，推动行业形成“海外采购—国内加工—循环利用”的闭环模式。
从政策破冰到实践落地，从技术攻坚到链条畅通，进口再生黑粉背后的故事，不仅是一次专业领域的创新探索，更是我国践行绿色发展理念、推动资源循环利用的生动缩影。据悉，中国资源循环集团将以再生黑粉进口为契机，努力畅通资源循环链条，打造全国性、功能性的资源回收再利用平台。","# 中国资环电池公司进口锂离子电池用再生黑粉原料

> 本报记者  靳  博《人民日报》（2026年01月06日第 14 版）

核心阅读

2025年，我国明确符合标准的锂离子电池用再生黑粉原料不再被视为固体废物，可实现进口。中国资源循环集团旗下中国资环电池公司完成首单海外业务，让锂电池回收产业链中的再生黑粉实现资源循环利用。

“别小瞧这些看起来普通的黑色粉末，它们可是实实在在的资源。”中国资源循环集团旗下中国资环电池公司党委副书记、总经理白春平展示着样本瓶中的黑色粉末，“这是我们从海外进口的锂离子电池用再生黑粉。”

2025年10月29日，中国资环电池公司从海外进口的47吨再生黑粉原料在天津新港海关顺利通关，其中就有瓶中的这些黑粉——这也是中国资环电池公司组建以来完成的首单海外业务。

再生黑粉包含钴、镍、锰、锂等多种战略性金属资源，是生态富矿

2025年8月1日，《关于规范锂离子电池用再生黑粉原料、再生钢铁原料进口管理有关事项的公告》正式实施。当月，中国资源循环集团从海外引进的40吨再生黑粉原料就运抵浙江宁波并顺利通过海关验收，成为公告实施后我国首批进口的锂离子电池用再生黑粉原料。

再生黑粉是什么？白春平介绍，在锂电池回收产业链中，再生黑粉是经放电、拆解、热解、破碎、分选等多道工序处理后，从废旧锂离子电池中分离出的核心产物，包含钴、镍、锰、锂等多种战略性金属资源。

“再生黑粉的价值远超天然矿产。”白春平算了一笔账，每进口1万吨再生黑粉原料，能减少约3万吨原生矿开采、降低2.5万吨碳排放。而首批进口的40吨黑粉中，镍、钴、锂含量分别可达33%、11%、6.5%，可提炼镍约13.2吨、钴约4.4吨、锂约2.6吨，相当于替代3000吨镍矿、1100吨钴矿、200吨锂矿开采。“这是实实在在的生态富矿、资源富矿。”白春平说。

符合标准的锂离子电池用再生黑粉原料不再被视为固体废物，可实现进口

再生黑粉这么好，为什么之前无法进口？

“既有原先政策限制，也有市场原因。”白春平分析，一方面，再生黑粉原料长期以来被视为固体废物，不能进口。另一方面，随着新能源汽车等行业的快速发展，特别是出口量的节节攀升，以镍、钴、锂为典型代表的资源需求急剧上升，但国内废旧锂电池回收量有限、产能利用率不高。

转机出现在2025年6月，生态环境部、海关总署等六部门联合发布公告，明确自当年8月1日起，符合标准的锂离子电池用再生黑粉原料不再被视为固体废物，可实现进口。这一政策调整，不仅为我国锂电产业开辟了新的资源渠道，更彰显了我国践行绿色发展理念、推动资源循环利用的决心。

吃下政策的“定心丸”，中国资源循环集团迈开了让这一海外“资源富矿”顺利回流的探索。

“最大的挑战是没有先例可循。”白春平坦言，从境内外上下游企业对接、物流方案设计，到通关流程规范等，都需要从零开始摸索，“关键是打通‘采购—物流—通关—生产利用’的全链条。”

多批再生黑粉进口通关顺利完成，推动形成电池全生命周期的资源循环闭环

“黑粉质量是第一道关口。”白春平介绍，海外大多再生黑粉达不到我国进口标准，氟含量以及重金属杂质超标。为了确保进口黑粉的质量符合我国政策标准，中国资源循环集团黑粉进口项目组先后接洽海外多家货源企业，技术团队详细了解电池来源以及电池打粉的工艺步骤。通过对客户样品反复送样检测，再三确认产品符合进口标准后，才最终确定首批进口的工厂和货源。

质量关过了，还要考虑成本。“海外黑粉进口价格定价机制复杂，既要考虑到港日当天海运金属价格，也要考虑到港后通关周期、销售周期等因素。”项目组成员王俊晔说。

货源和成本确定了，新的问题又来了：粉末状的再生黑粉在跨境海运中易发生泄漏、受潮等问题。“我们联合物流企业、海关部门多次研究，最终确定采用密封式集装箱运输，并在集装箱内设置防潮、防震装置，同时购买专项保险，确保货物运输安全。”王俊晔说。

为进口再生黑粉努力的不只有中国资源循环集团，海关部门为通关环节也做了许多准备工作。“再生黑粉成分复杂，需要检测锂、砷、铬等11个项目，检验流程繁多。”天津新港海关综合业务二处负责人介绍，为了提高通关效率，海关部门预先制定审单查验方案和实验室检验规程，对中国资源循环集团提前提交的相关材料开展预检，对镍、钴、锂、磷以及水溶性氟等关键指标进行严格检测，确保产品符合国家标准。

目前，顺利踏入国门的这批再生黑粉已经被交付给材料企业，经过进一步加工提纯后，转化为电池级碳酸锂、磷酸铁等原料，再供应给国内动力电池企业，形成电池全生命周期的资源循环闭环。“未来，企业将布局更多黑粉预处理基地，推动再生黑粉进口向规模化发展。”白春平对于前景信心十足。

政策放开以来，中国资源循环集团及旗下子公司已在天津港、宁波港顺利完成多批再生黑粉进口通关。目前，中国资源循环集团已与海外多家供应商达成长期合作意向，推动行业形成“海外采购—国内加工—循环利用”的闭环模式。

从政策破冰到实践落地，从技术攻坚到链条畅通，进口再生黑粉背后的故事，不仅是一次专业领域的创新探索，更是我国践行绿色发展理念、推动资源循环利用的生动缩影。据悉，中国资源循环集团将以再生黑粉进口为契机，努力畅通资源循环链条，打造全国性、功能性的资源回收再利用平台。",靳  博,生态,https://paper.people.com.cn/rmrb/pc/content/202601/06/content_30129772.html,2026-01-06,"['黑粉', '再生', '进口', '电池', '资源', '循环', '白春平', '通关', '锂离子', '原料']","核心阅读
2025年，我国明确符合标准的锂离子电池用再生黑粉原料不再被视为固体废物，可实现进口。中国资源循环集团旗下中国资环电池公司完成首单海外业务，让锂电池回收产业链中的再生黑粉实现资源循环利用。
“别小瞧这些看起来普通的黑色粉末，它们可是实实在在的资源。”中国资源循环集团旗下中国资环电池公司党委副书记、总经理白春平展示着样本瓶中的黑色粉末，“这是我们从海外进口的锂离子电池用再生黑粉。”",政治
新一轮找矿突破战略行动取得新成效,"本报北京1月5日电  （记者常钦）记者从5日召开的全国自然资源工作会议上获悉：2025年，新一轮找矿突破战略行动取得新成效。聚焦重点矿种，编制“一矿一策”方案进行攻坚，全面完成“十四五”找矿目标任务，铀、铜、金、锂、钾盐资源量大幅增长，取得辽宁大东沟金矿、湖南鸡脚山锂矿等找矿重大成果。
据介绍，2025年，自然资源系统创新优化自然资源和国土空间规划管理体系，推动自然资源工作取得一批实实在在的成果。强力推进“一张图”建设。有序推进数据归集治理、信息系统优化、应用场景开发，统一地理底图基本建成，部局共同组织开展年度变更调查和林草湿荒普查，统筹遥感影像数据协同共享。
推动耕地数量、质量、生态“三位一体”保护。出台永久基本农田保护红线管理办法，优化耕地调查、耕地保护责任制考核规则。
全力支持经济大省挑大梁。深入一线开展包片蹲点服务，“一省一清单”“一周一调度”，累计解决地方反映问题566个，推动重大项目落地258个。实行“一站式”办理审批事项，创新用地报批“直通车”机制，审查环节压缩2/3、审批时长压缩1/3。
不断提高自然灾害综合防治能力。做实防灾减灾指挥中心，全年成功预报地质灾害666起。
一体化推进自然资源督察执法。一体推进规划、土地、矿产、海洋、林草督察执法，建立国家自然资源督察与林长制落实情况督导协同机制，部局联合通报53个违法违规典型问题。
科技创新领域取得新成果。松辽盆地国际大陆科学钻探工程创造最长连续岩心和超高取心率世界纪录，新增8名国家级人才、392个部高层次科技创新团队，部省一体加强莫干山地信实验室建设。","# 新一轮找矿突破战略行动取得新成效

> 《人民日报》（2026年01月06日第 14 版）

本报北京1月5日电  （记者常钦）记者从5日召开的全国自然资源工作会议上获悉：2025年，新一轮找矿突破战略行动取得新成效。聚焦重点矿种，编制“一矿一策”方案进行攻坚，全面完成“十四五”找矿目标任务，铀、铜、金、锂、钾盐资源量大幅增长，取得辽宁大东沟金矿、湖南鸡脚山锂矿等找矿重大成果。

据介绍，2025年，自然资源系统创新优化自然资源和国土空间规划管理体系，推动自然资源工作取得一批实实在在的成果。强力推进“一张图”建设。有序推进数据归集治理、信息系统优化、应用场景开发，统一地理底图基本建成，部局共同组织开展年度变更调查和林草湿荒普查，统筹遥感影像数据协同共享。

推动耕地数量、质量、生态“三位一体”保护。出台永久基本农田保护红线管理办法，优化耕地调查、耕地保护责任制考核规则。

全力支持经济大省挑大梁。深入一线开展包片蹲点服务，“一省一清单”“一周一调度”，累计解决地方反映问题566个，推动重大项目落地258个。实行“一站式”办理审批事项，创新用地报批“直通车”机制，审查环节压缩2/3、审批时长压缩1/3。

不断提高自然灾害综合防治能力。做实防灾减灾指挥中心，全年成功预报地质灾害666起。

一体化推进自然资源督察执法。一体推进规划、土地、矿产、海洋、林草督察执法，建立国家自然资源督察与林长制落实情况督导协同机制，部局联合通报53个违法违规典型问题。

科技创新领域取得新成果。松辽盆地国际大陆科学钻探工程创造最长连续岩心和超高取心率世界纪录，新增8名国家级人才、392个部高层次科技创新团队，部省一体加强莫干山地信实验室建设。",,生态,https://paper.people.com.cn/rmrb/pc/content/202601/06/content_30129775.html,2026-01-06,"['自然资源', '找矿', '督察', '取得', '林草', '2025', '部局', '创新', '推进', '耕地']","本报北京1月5日电  （记者常钦）记者从5日召开的全国自然资源工作会议上获悉：2025年，新一轮找矿突破战略行动取得新成效。聚焦重点矿种，编制“一矿一策”方案进行攻坚，全面完成“十四五”找矿目标任务，铀、铜、金、锂、钾盐资源量大幅增长，取得辽宁大东沟金矿、湖南鸡脚山锂矿等找矿重大成果。
据介绍，2025年，自然资源系统创新优化自然资源和国土空间规划管理体系，推动自然资源工作取得一批实实在在的成果。强力推进“一张图”建设。有序推进数据归集治理、信息系统优化、应用场景开发，统一地理底图基本建成，部局共同组织开展年度变更调查和林草湿荒普查，统筹遥感影像数据协同共享。
推动耕地数量、质量、生态“三位一体”保护。出台永久基本农田保护红线管理办法，优化耕地调查、耕地保护责任制考核规则。",政治
浙江多地文化馆盘活阵地资源，强化公共文化服务——,"杭州市民在浙江省文化馆钢琴自习室内练习。陈中秋摄
杭州市民在浙江省文化馆钢琴自习室内练习。
陈中秋摄
合唱爱好者在兰溪市文化馆的音乐自习室内排练。浙江省文化馆提供
合唱爱好者在兰溪市文化馆的音乐自习室内排练。
浙江省文化馆提供
在环境优雅的兰溪市文化馆书法自习室，书法爱好者在临帖。浙江省文化馆提供
在环境优雅的兰溪市文化馆书法自习室，书法爱好者在临帖。
浙江省文化馆提供
年轻人在嘉兴市文化馆瑜伽自习室。浙江省文化馆提供
年轻人在嘉兴市文化馆瑜伽自习室。
浙江省文化馆提供
浙江温州苍南县，59岁的戏曲票友蔡玉钗和25岁的街舞爱好者张恩宏遇到了一件“新鲜事”。之前，“居家练习易扰邻、排练缺专业场地”的问题困扰着他们；如今，县文化馆开放“艺术自习室”，优美的室内外环境、专业的设施设备，他们可按需预约、免费使用，“烦恼没了，欢喜得很”。
钢琴房内，指尖跃动琴键，隔音墙锁住流淌的音符；书法区，墨香四溢，众人围案切磋；音乐区，银发族排练合唱；舞蹈室，青年人翩然起舞……在浙江省多地，文化馆“艺术自习室”为人们打开了专业的文艺天地。
“十五五”规划建议提出“实施公共文化服务提质增效行动”。2024年以来，浙江省多地文化馆推出“艺术自习室”，盘活阵地资源，在场馆闲置时段为群众提供免费、优质的艺术自习空间，推动公共文化服务提质增效。
从“无力感”到“幸福感”
市民有了免费且专业的艺术自习空间
“每周都很期待来这里。全免费，没打扰，可以尽情弹。就算弹错了也没关系，非常放松、愉悦。”每周六晚上，95后杭州市民吴欣遥都会坐地铁来到浙江省文化馆，“路途耗费近1小时，只为奔赴‘艺术自习室’之约。”
来到钢琴自习室门口，吴欣遥熟练地打开手机，刷预约二维码，打开灯，然后全身心沉浸在艺术的世界。她点赞说：“现在的文化馆教室，让人人有机会打开艺术之门。”
吴欣遥曾辗转于各大琴行和培训机构练习弹钢琴，不菲的费用、紧张的预约，让她充满“无力感”。其他不少钢琴艺术爱好者则说，“自己舍不得买，担心花钱太多”“没机会免费弹，之前只能把喜欢埋在心底”。
自从有了“艺术自习室”，他们不仅节省了开支，还能在安静专业的环境中享受不受限的学习方式、自定义的学习内容，“艺术梦想，触手可及，幸福感满满”。
90后杭州市民王倩倩的不少朋友也被“圈粉”。钢琴、古筝、书画、合唱、舞蹈、戏曲等自习室都深受欢迎，丰富了年轻人的文化生活选择。王倩倩说：“原来下了班、到了周末，说起文化生活，就是去图书馆看看书、博物馆看看展，现在可好了，还能去文化馆上个自习，练练字、弹弹琴，优雅、舒适。”
同样感到欣喜的还有老年人，书法爱好者祁卫和舞蹈爱好者单斌阳就在其中。
“我从小喜欢书法，退休后又开始练字。比起家中有限的条件，省文化馆的书法自习室宽敞明亮，我的创作心境大不相同。”祁卫说。
单斌阳家住丽水市遂昌县，他坦言：“过去总被排练场地难住——临时找的地方要么空间小、设备差，要么时间不固定，排练总断档。现在预约遂昌县文化馆的‘艺术自习室’，声场、音响都特别专业，大家都能安心练习了。”
面对各年龄段群众的喜爱，为提升自习室预约的便捷性，文化馆通常会提前公布“艺术自习室”的开放时间、开放类型、研习主题、可约时段、容纳人数、场地面积等信息，人们可根据自己的实际需求在线上预约。网友称赞“就像买张电影票一样简单”。
“‘艺’起自习！”“爱了爱了！”社交媒体上，男女老少相互分享着一场场美妙的自习体验。一传十，十传百，“艺术自习室”吸引更多人走进文化馆，拥抱心中的艺术梦。
从空置到抢手
文化馆“沉睡”的设施设备被盘活
“艺术自习室”的好点子从何而来？
“以前，文化馆的服务依赖于培训、活动，其他时间，设施设备多处于空置状态。”浙江省文化馆馆长阮静在文化馆系统工作多年，深知文化馆缺乏常态化服务的短板，“此外，之前不少群众尤其是年轻人不知道文化馆有什么、能去文化馆做什么，所以走进来的意愿并不太高。而随着市民艺术夜校的火爆，更多人来到文化馆参加文化艺术培训，对文艺充满热情，并期待更高质量、更个性化的服务。”
那么，如何补短板，怎样优服务，让文化馆的优质资源惠及更多群众、发挥更大效益？
浙江省文化馆开展深入调研。过程中，不少市民提建议：“抢不到文化馆的夜校培训，能不能让我们走进向往的艺术教室，哪怕上个自习？”
可行！从2024年3月开始，浙江省文化馆“艺术自习室”正式对广大群众开放，为市民群众提供艺术学习、交流和创作的平台。
“一时间，男女老少都积极参与其中。不少网友分享经验、表达支持，也提出各种改进意见。”浙江省文化馆艺术培训部工作人员赵亚倩说。
“艺术自习室”打破过去文化馆上班时间“朝九晚五”的开放方式，错时、延时开放。
“群众线上预约，凭预约成功的二维码扫码进入教室，或者由保安负责开门。自习期间，监控和安保系统全程‘护航’，值班工作人员及时回应需求。几乎没有额外增加人员和资金投入。”赵亚倩说，“过去只能在有限时间内、为少数人指尖跳跃的琴键，如今与更多文艺梦想连接。”
有静有动，可独处可交流——“艺术自习室”独具匠心地把自习教室分为“内向区”和“外向区”。人们可自主选择，或在“内向区”安静的氛围中自主研习、拒绝打扰，或在“外向区”交流切磋，学文艺、交朋友。
“在自习室，我遇到了同样热爱书法的朋友。”祁卫说，“互相交流，传承文化，身心愉悦。”
好经验迅速向浙江全省推广。
台州临海市文化馆“静艺角”日均接待30余人次，市民留言：“比咖啡馆安静，比家里更有氛围”；金华兰溪市文化馆推出6个空间，每个都有落地窗，环境优雅舒适；舟山嵊泗县青沙村的渔嫂们感慨，“过去在岛上找块好场地，比出海捕鱼找鱼群还难，现在好了，动动手指就能找到唱歌的地方”……
“从前，有培训时热热闹闹，没活动后静悄悄。现在开门办馆，盘活资源、再造场景、激发动能，一举多得。”阮静说。据不完全统计，全省“艺术自习室”已惠及群众10万余人次。
从艺术圆梦到反哺社会
推动基层公共文化服务提质增效
白天上班、晚上上课，董丹丹是浙江省文化馆市民艺术夜校古筝课的学员。她坦言，抢到夜校课程不简单，学员们都很珍惜每次课程，纷纷要求老师“拖堂”，“但每周一节课的学习频率，仍然感觉学不够、意犹未尽。”
“拳不离手，曲不离口”，赵亚倩说，对于书法、古筝、戏曲等的学习来说，“一天不练，自己知道；两天不练，别人知道”，要提高学习水平，就需要不断练习和巩固。而许多夜校学员缺乏安静、便利的练习场地，以及一个积极的学习氛围。
了解到学员的诉求和建议，“艺术自习室”专门安排空间与夜校的课程内容相衔接，让学员有了课后自习、练习提升的场所，以及更多切磋交流的机会。
“怀揣热爱，顶着星光上夜校，下班之后还能上自习，感受到了‘学而时习之，不亦说乎’的美妙。”董丹丹说，“一趟趟艺术之旅，太赞了。”
更美好的事情还在发生。夜校学员相约到“艺术自习室”学习时，逐步发展成为志愿者，为其他前来自习的群众提供服务，“艺术自习室”的自习“含金量”不断提升。
宁波市民宋爱婴年近六旬，是一名退休的文艺骨干。她与同伴自发组建文艺小分队，充实退休生活。此前，她们只能在收费场所排练，得知宁波市文化馆开放了“艺术自习室”，舞蹈团成为忠实“粉丝”，高效利用场馆资源打磨节目。
一段时间后，舞蹈团成员们的水平都有了很大提升。更为可贵的是，前来自习的其他群众只要有疑问、有需要，“宋阿姨们”都会悉心指导，说技巧、讲节奏、正形体。这个在公益空间中成长起来的团队，自觉以艺术特长服务社会。
“文化馆提供的自习室，不仅圆了我们的艺术梦，更让我们找到了退休生活的全新价值。”宋爱婴由衷感慨，“能始终发挥余热，特有成就感。”
赵亚倩说：“文化志愿者积极行动，反哺社会，用所学所长服务更多人，成为自习室里的‘助教’，推动基层公共文化服务提质增效。”
致力于让场馆使用零门槛、艺术学习零障碍、文化交流零距离，一间间“艺术自习室”有效解决了文化馆缺乏常态化、基础性服务的问题。阮静说：“我们将进一步发动浙江省各级文化馆开设‘艺术自习室’，让更多的文艺爱好者能在家门口享受一段文艺滋养的动人时光。”","# 浙江多地文化馆盘活阵地资源，强化公共文化服务——

> 本报记者  郑海鸥《人民日报》（2026年01月06日第 16 版）

杭州市民在浙江省文化馆钢琴自习室内练习。　　陈中秋摄

杭州市民在浙江省文化馆钢琴自习室内练习。

陈中秋摄

合唱爱好者在兰溪市文化馆的音乐自习室内排练。　　浙江省文化馆提供

合唱爱好者在兰溪市文化馆的音乐自习室内排练。

浙江省文化馆提供

在环境优雅的兰溪市文化馆书法自习室，书法爱好者在临帖。　　浙江省文化馆提供

在环境优雅的兰溪市文化馆书法自习室，书法爱好者在临帖。

浙江省文化馆提供

年轻人在嘉兴市文化馆瑜伽自习室。　　浙江省文化馆提供

年轻人在嘉兴市文化馆瑜伽自习室。

浙江省文化馆提供

浙江温州苍南县，59岁的戏曲票友蔡玉钗和25岁的街舞爱好者张恩宏遇到了一件“新鲜事”。之前，“居家练习易扰邻、排练缺专业场地”的问题困扰着他们；如今，县文化馆开放“艺术自习室”，优美的室内外环境、专业的设施设备，他们可按需预约、免费使用，“烦恼没了，欢喜得很”。

钢琴房内，指尖跃动琴键，隔音墙锁住流淌的音符；书法区，墨香四溢，众人围案切磋；音乐区，银发族排练合唱；舞蹈室，青年人翩然起舞……在浙江省多地，文化馆“艺术自习室”为人们打开了专业的文艺天地。

“十五五”规划建议提出“实施公共文化服务提质增效行动”。2024年以来，浙江省多地文化馆推出“艺术自习室”，盘活阵地资源，在场馆闲置时段为群众提供免费、优质的艺术自习空间，推动公共文化服务提质增效。

从“无力感”到“幸福感”

市民有了免费且专业的艺术自习空间

“每周都很期待来这里。全免费，没打扰，可以尽情弹。就算弹错了也没关系，非常放松、愉悦。”每周六晚上，95后杭州市民吴欣遥都会坐地铁来到浙江省文化馆，“路途耗费近1小时，只为奔赴‘艺术自习室’之约。”

来到钢琴自习室门口，吴欣遥熟练地打开手机，刷预约二维码，打开灯，然后全身心沉浸在艺术的世界。她点赞说：“现在的文化馆教室，让人人有机会打开艺术之门。”

吴欣遥曾辗转于各大琴行和培训机构练习弹钢琴，不菲的费用、紧张的预约，让她充满“无力感”。其他不少钢琴艺术爱好者则说，“自己舍不得买，担心花钱太多”“没机会免费弹，之前只能把喜欢埋在心底”。

自从有了“艺术自习室”，他们不仅节省了开支，还能在安静专业的环境中享受不受限的学习方式、自定义的学习内容，“艺术梦想，触手可及，幸福感满满”。

90后杭州市民王倩倩的不少朋友也被“圈粉”。钢琴、古筝、书画、合唱、舞蹈、戏曲等自习室都深受欢迎，丰富了年轻人的文化生活选择。王倩倩说：“原来下了班、到了周末，说起文化生活，就是去图书馆看看书、博物馆看看展，现在可好了，还能去文化馆上个自习，练练字、弹弹琴，优雅、舒适。”

同样感到欣喜的还有老年人，书法爱好者祁卫和舞蹈爱好者单斌阳就在其中。

“我从小喜欢书法，退休后又开始练字。比起家中有限的条件，省文化馆的书法自习室宽敞明亮，我的创作心境大不相同。”祁卫说。

单斌阳家住丽水市遂昌县，他坦言：“过去总被排练场地难住——临时找的地方要么空间小、设备差，要么时间不固定，排练总断档。现在预约遂昌县文化馆的‘艺术自习室’，声场、音响都特别专业，大家都能安心练习了。”

面对各年龄段群众的喜爱，为提升自习室预约的便捷性，文化馆通常会提前公布“艺术自习室”的开放时间、开放类型、研习主题、可约时段、容纳人数、场地面积等信息，人们可根据自己的实际需求在线上预约。网友称赞“就像买张电影票一样简单”。

“‘艺’起自习！”“爱了爱了！”社交媒体上，男女老少相互分享着一场场美妙的自习体验。一传十，十传百，“艺术自习室”吸引更多人走进文化馆，拥抱心中的艺术梦。

从空置到抢手

文化馆“沉睡”的设施设备被盘活

“艺术自习室”的好点子从何而来？

“以前，文化馆的服务依赖于培训、活动，其他时间，设施设备多处于空置状态。”浙江省文化馆馆长阮静在文化馆系统工作多年，深知文化馆缺乏常态化服务的短板，“此外，之前不少群众尤其是年轻人不知道文化馆有什么、能去文化馆做什么，所以走进来的意愿并不太高。而随着市民艺术夜校的火爆，更多人来到文化馆参加文化艺术培训，对文艺充满热情，并期待更高质量、更个性化的服务。”

那么，如何补短板，怎样优服务，让文化馆的优质资源惠及更多群众、发挥更大效益？

浙江省文化馆开展深入调研。过程中，不少市民提建议：“抢不到文化馆的夜校培训，能不能让我们走进向往的艺术教室，哪怕上个自习？”

可行！从2024年3月开始，浙江省文化馆“艺术自习室”正式对广大群众开放，为市民群众提供艺术学习、交流和创作的平台。

“一时间，男女老少都积极参与其中。不少网友分享经验、表达支持，也提出各种改进意见。”浙江省文化馆艺术培训部工作人员赵亚倩说。

“艺术自习室”打破过去文化馆上班时间“朝九晚五”的开放方式，错时、延时开放。

“群众线上预约，凭预约成功的二维码扫码进入教室，或者由保安负责开门。自习期间，监控和安保系统全程‘护航’，值班工作人员及时回应需求。几乎没有额外增加人员和资金投入。”赵亚倩说，“过去只能在有限时间内、为少数人指尖跳跃的琴键，如今与更多文艺梦想连接。”

有静有动，可独处可交流——“艺术自习室”独具匠心地把自习教室分为“内向区”和“外向区”。人们可自主选择，或在“内向区”安静的氛围中自主研习、拒绝打扰，或在“外向区”交流切磋，学文艺、交朋友。

“在自习室，我遇到了同样热爱书法的朋友。”祁卫说，“互相交流，传承文化，身心愉悦。”

好经验迅速向浙江全省推广。

台州临海市文化馆“静艺角”日均接待30余人次，市民留言：“比咖啡馆安静，比家里更有氛围”；金华兰溪市文化馆推出6个空间，每个都有落地窗，环境优雅舒适；舟山嵊泗县青沙村的渔嫂们感慨，“过去在岛上找块好场地，比出海捕鱼找鱼群还难，现在好了，动动手指就能找到唱歌的地方”……

“从前，有培训时热热闹闹，没活动后静悄悄。现在开门办馆，盘活资源、再造场景、激发动能，一举多得。”阮静说。据不完全统计，全省“艺术自习室”已惠及群众10万余人次。

从艺术圆梦到反哺社会

推动基层公共文化服务提质增效

白天上班、晚上上课，董丹丹是浙江省文化馆市民艺术夜校古筝课的学员。她坦言，抢到夜校课程不简单，学员们都很珍惜每次课程，纷纷要求老师“拖堂”，“但每周一节课的学习频率，仍然感觉学不够、意犹未尽。”

“拳不离手，曲不离口”，赵亚倩说，对于书法、古筝、戏曲等的学习来说，“一天不练，自己知道；两天不练，别人知道”，要提高学习水平，就需要不断练习和巩固。而许多夜校学员缺乏安静、便利的练习场地，以及一个积极的学习氛围。

了解到学员的诉求和建议，“艺术自习室”专门安排空间与夜校的课程内容相衔接，让学员有了课后自习、练习提升的场所，以及更多切磋交流的机会。

“怀揣热爱，顶着星光上夜校，下班之后还能上自习，感受到了‘学而时习之，不亦说乎’的美妙。”董丹丹说，“一趟趟艺术之旅，太赞了。”

更美好的事情还在发生。夜校学员相约到“艺术自习室”学习时，逐步发展成为志愿者，为其他前来自习的群众提供服务，“艺术自习室”的自习“含金量”不断提升。

宁波市民宋爱婴年近六旬，是一名退休的文艺骨干。她与同伴自发组建文艺小分队，充实退休生活。此前，她们只能在收费场所排练，得知宁波市文化馆开放了“艺术自习室”，舞蹈团成为忠实“粉丝”，高效利用场馆资源打磨节目。

一段时间后，舞蹈团成员们的水平都有了很大提升。更为可贵的是，前来自习的其他群众只要有疑问、有需要，“宋阿姨们”都会悉心指导，说技巧、讲节奏、正形体。这个在公益空间中成长起来的团队，自觉以艺术特长服务社会。

“文化馆提供的自习室，不仅圆了我们的艺术梦，更让我们找到了退休生活的全新价值。”宋爱婴由衷感慨，“能始终发挥余热，特有成就感。”

赵亚倩说：“文化志愿者积极行动，反哺社会，用所学所长服务更多人，成为自习室里的‘助教’，推动基层公共文化服务提质增效。”

致力于让场馆使用零门槛、艺术学习零障碍、文化交流零距离，一间间“艺术自习室”有效解决了文化馆缺乏常态化、基础性服务的问题。阮静说：“我们将进一步发动浙江省各级文化馆开设‘艺术自习室’，让更多的文艺爱好者能在家门口享受一段文艺滋养的动人时光。”",郑海鸥,人文,https://paper.people.com.cn/rmrb/pc/content/202601/06/content_30129788.html,2026-01-06,"['文化馆', '自习室', '艺术', '自习', '浙江省', '夜校', '爱好者', '书法', '预约', '服务']","杭州市民在浙江省文化馆钢琴自习室内练习。陈中秋摄
杭州市民在浙江省文化馆钢琴自习室内练习。
陈中秋摄",社会
一场学术争鸣缘何成为一堂全民历史课（人文茶座）,"矗立河源，补史之缺。去年，在青海黄河源发现的尕日塘秦刻石，经石质文物保护、秦汉考古、古文字学和书法篆刻等领域专家集中论证，被国家文物局认定为我国目前已知唯一存于原址且海拔最高的秦代刻石。
2000余年的岁月风霜，无法湮灭刻石承载的历史，它的发现，引发了一场跨学科的学术争鸣。专家学者们围绕刻石年代、字形、文字内涵、历史价值甚至真伪等问题各抒己见，多篇学术文章引经据典、逻辑严密，将严谨的治学过程真实呈现在公众面前，不少网友在社交媒体感叹“讨论足够热烈”。这场“辩论”，为公众打开了围观“历史研究现场”的窗口，成为一堂生动的全民历史科普课。
历史书上的定义、博物馆里的释文……以往的历史知识，多是以结论的形式呈现在大众面前。而这个多方论证、审慎研究的全过程，则将历史研究的“进行时”完整呈现在公众面前。正如专家所言，“这正是考古学和出土文献的价值所在，给常识以挑战，补充或修正文献常识，而不仅仅是为常识提供佐证”。
研究任何历史问题，都离不开一定的知识传统和概念体系，研究者需从本学科的知识体系中获取资源，构筑有利于思考的知识和思想环境，从而提出合适的问题，进行合理的论证。在这场关于秦刻石的辩论中，专家学者为一个字的解读反复考证，为一个年代的判定多方求证，这种严谨细致的治学态度，反映了对真相孜孜不倦的追求。这也得以让更多普通人理解，学术研究需要艰辛探索和严格论证，体现了对中华文明更深层次的敬畏。
更可贵的是，这场争鸣让“较真”的学术精神破圈。专家们不回避争议，敢于质疑、勇于探索，这种较真精神不仅是学术进步的基石，更是在工作和生活中不可或缺的品质。在科研领域，或许正因较了那一点点的真，才得以实现技术瓶颈突破，取得创新成果；在工作岗位，在每一个工作流程上较真，才能保证完成质量，避免失误；在日常生活中，有时较真是对原则的坚守，是对底线的维护。一场学术争鸣，让较真的精神更鲜活地走进大众，激励着更多人在各自的领域中秉持严谨态度，追求卓越。
从更广阔的视角看，学术争鸣成为历史文化知识普及的一种载体。人们在关注讨论的同时，不仅了解了尕日塘秦刻石本身，更延伸探索起秦代历史、汉字演变、文物数字化采集等相关知识，不断构建立体的知识体系。这种由一件正在发生的历史研究事件、正在争论的学术问题驱动的探索，可能远比直接获取信息来得更为深刻和持久。
围绕尕日塘秦刻石展开的学术争鸣，公众也许希望继续深入讨论。不仅推进着研究，更让公众明白，知识的价值不仅在于寻求答案，更在于求索的过程。在这场全民历史课中培育的批判思维、严谨态度和较真精神，或许是每个人面对世界所需要的智慧与品格。","# 一场学术争鸣缘何成为一堂全民历史课（人文茶座）

> 何思琦《人民日报》（2026年01月06日第 16 版）

矗立河源，补史之缺。去年，在青海黄河源发现的尕日塘秦刻石，经石质文物保护、秦汉考古、古文字学和书法篆刻等领域专家集中论证，被国家文物局认定为我国目前已知唯一存于原址且海拔最高的秦代刻石。

2000余年的岁月风霜，无法湮灭刻石承载的历史，它的发现，引发了一场跨学科的学术争鸣。专家学者们围绕刻石年代、字形、文字内涵、历史价值甚至真伪等问题各抒己见，多篇学术文章引经据典、逻辑严密，将严谨的治学过程真实呈现在公众面前，不少网友在社交媒体感叹“讨论足够热烈”。这场“辩论”，为公众打开了围观“历史研究现场”的窗口，成为一堂生动的全民历史科普课。

历史书上的定义、博物馆里的释文……以往的历史知识，多是以结论的形式呈现在大众面前。而这个多方论证、审慎研究的全过程，则将历史研究的“进行时”完整呈现在公众面前。正如专家所言，“这正是考古学和出土文献的价值所在，给常识以挑战，补充或修正文献常识，而不仅仅是为常识提供佐证”。

研究任何历史问题，都离不开一定的知识传统和概念体系，研究者需从本学科的知识体系中获取资源，构筑有利于思考的知识和思想环境，从而提出合适的问题，进行合理的论证。在这场关于秦刻石的辩论中，专家学者为一个字的解读反复考证，为一个年代的判定多方求证，这种严谨细致的治学态度，反映了对真相孜孜不倦的追求。这也得以让更多普通人理解，学术研究需要艰辛探索和严格论证，体现了对中华文明更深层次的敬畏。

更可贵的是，这场争鸣让“较真”的学术精神破圈。专家们不回避争议，敢于质疑、勇于探索，这种较真精神不仅是学术进步的基石，更是在工作和生活中不可或缺的品质。在科研领域，或许正因较了那一点点的真，才得以实现技术瓶颈突破，取得创新成果；在工作岗位，在每一个工作流程上较真，才能保证完成质量，避免失误；在日常生活中，有时较真是对原则的坚守，是对底线的维护。一场学术争鸣，让较真的精神更鲜活地走进大众，激励着更多人在各自的领域中秉持严谨态度，追求卓越。

从更广阔的视角看，学术争鸣成为历史文化知识普及的一种载体。人们在关注讨论的同时，不仅了解了尕日塘秦刻石本身，更延伸探索起秦代历史、汉字演变、文物数字化采集等相关知识，不断构建立体的知识体系。这种由一件正在发生的历史研究事件、正在争论的学术问题驱动的探索，可能远比直接获取信息来得更为深刻和持久。

围绕尕日塘秦刻石展开的学术争鸣，公众也许希望继续深入讨论。不仅推进着研究，更让公众明白，知识的价值不仅在于寻求答案，更在于求索的过程。在这场全民历史课中培育的批判思维、严谨态度和较真精神，或许是每个人面对世界所需要的智慧与品格。",何思琦,人文,https://paper.people.com.cn/rmrb/pc/content/202601/06/content_30129789.html,2026-01-06,"['刻石', '争鸣', '学术', '知识', '历史', '较真', '日塘', '公众', '严谨', '论证']","矗立河源，补史之缺。去年，在青海黄河源发现的尕日塘秦刻石，经石质文物保护、秦汉考古、古文字学和书法篆刻等领域专家集中论证，被国家文物局认定为我国目前已知唯一存于原址且海拔最高的秦代刻石。
2000余年的岁月风霜，无法湮灭刻石承载的历史，它的发现，引发了一场跨学科的学术争鸣。专家学者们围绕刻石年代、字形、文字内涵、历史价值甚至真伪等问题各抒己见，多篇学术文章引经据典、逻辑严密，将严谨的治学过程真实呈现在公众面前，不少网友在社交媒体感叹“讨论足够热烈”。这场“辩论”，为公众打开了围观“历史研究现场”的窗口，成为一堂生动的全民历史科普课。
历史书上的定义、博物馆里的释文……以往的历史知识，多是以结论的形式呈现在大众面前。而这个多方论证、审慎研究的全过程，则将历史研究的“进行时”完整呈现在公众面前。正如专家所言，“这正是考古学和出土文献的价值所在，给常识以挑战，补充或修正文献常识，而不仅仅是为常识提供佐证”。",政治
古戏台上  不只有“戏”（乡见）,"“我将那珍珠塔一座，里面放，拎在手中还算轻。”在江苏南京市高淳老街戏台上，高淳老街艺术团负责人陈良美正排练锡剧《珍珠塔》，一颦一笑拿捏得十分到位。戏台前方是一片开阔地，摆放着桌椅板凳，环戏台三面开着饭店茶馆，头顶的遮阳棚把中间开阔地遮蔽起来，形成一片独立的空间。
“我们这个戏台不只是唱戏，还有很多别的用处。”陈良美掏出手机，朗诵比赛、民俗表演、歌舞活动、“苏超”观赛，各式各样的活动还有很多。“现在这戏台‘很抢手’，需要提前预约。”
高淳流传一句俗语——“出门山歌进门戏”。高淳历史底蕴深厚，明清时期农业发达、商贸活跃，又地处苏浙皖三省交界，外地戏班纷纷进入，这让高淳成为江南古戏台密度最高的地区之一。目前，高淳仍有古戏台92个，其中有4处属于省级文物保护单位。
“原来戏台只用来唱戏。”按照当地习俗，请戏班唱戏主要集中在春分、秋分、春节前后，平日里几乎没有。“大部分戏台一空就会空几个月，考虑到损耗问题，平日也鲜有开放。”高淳区文旅局党委书记、局长毕涛介绍，为了提升古戏台利用率，高淳提出“唱响古戏台”，创新打造新型基层文化空间——“唱响古戏台”文化惠民综合体。
文艺演出、艺术展览、讲座培训、阅读推广，不同种类的文化活动聚集到老戏台上。“戏台多数分布在人流聚集的地方，与群众生活场景物理距离近，是开展文化下乡的不二场地。”毕涛说，高淳将“唱响古戏台”文化惠民综合体的改造纳入公共文化服务体系，保障资金投入，同时引导社会资本参与硬件改造，不断提升文化设施管理水平和公共服务能力，使之成为人民群众文艺排练、表演、出彩的平台。
书法室、阅览室、健身房……走进砖墙镇茅城戏台，可以发现戏台底下的多个房间被改造成多功能文化活动场所，日常对村民开放。“高淳人爱戏，因此戏台一般就建在村上，群众来这里活动既方便，也更有亲切感。”砖墙镇文体站站长史敏说。
沿楼梯走上戏台，台上正在排练由村民自主编排的舞蹈《幸福歌打莲湘》，舞蹈队由热爱舞蹈的村民自发组织成立，有骨干成员12人，带动周边爱好者60余人。“我们每周都会来戏台排练，也会在戏台上定期演出。我们是一支建立在戏台上的舞蹈队。”茅城村舞蹈队队长魏香说。
在高淳区，依托古戏台培育的文艺团队共有21个，他们挖掘整理群众身边的真人真事，创作出不少有情怀、接地气的文艺作品。
如今，戏台一年四季都是繁忙的，朗诵、广场舞、歌唱、戏曲等多个比赛接连开展，各项文艺活动备受欢迎。
“下一步，我们将以‘唱响古戏台’文化惠民综合体建设为抓手，计划每年在古戏台开展文艺演出100场以上；完成古戏台硬件提档升级10个以上；培育当地文化文艺团队10个以上；打造原创节目5个以上，不断提升群众幸福感和满意度。”毕涛说。
古戏台，已成为百姓共享的文化客厅。它们传承了传统，托举起新时代文明实践，凝聚着发展的活力，讲述着乡村文化振兴的生动故事……","# 古戏台上  不只有“戏”（乡见）

> 本报记者  白光迪《人民日报》（2026年01月06日第 16 版）

“我将那珍珠塔一座，里面放，拎在手中还算轻。”在江苏南京市高淳老街戏台上，高淳老街艺术团负责人陈良美正排练锡剧《珍珠塔》，一颦一笑拿捏得十分到位。戏台前方是一片开阔地，摆放着桌椅板凳，环戏台三面开着饭店茶馆，头顶的遮阳棚把中间开阔地遮蔽起来，形成一片独立的空间。

“我们这个戏台不只是唱戏，还有很多别的用处。”陈良美掏出手机，朗诵比赛、民俗表演、歌舞活动、“苏超”观赛，各式各样的活动还有很多。“现在这戏台‘很抢手’，需要提前预约。”

高淳流传一句俗语——“出门山歌进门戏”。高淳历史底蕴深厚，明清时期农业发达、商贸活跃，又地处苏浙皖三省交界，外地戏班纷纷进入，这让高淳成为江南古戏台密度最高的地区之一。目前，高淳仍有古戏台92个，其中有4处属于省级文物保护单位。

“原来戏台只用来唱戏。”按照当地习俗，请戏班唱戏主要集中在春分、秋分、春节前后，平日里几乎没有。“大部分戏台一空就会空几个月，考虑到损耗问题，平日也鲜有开放。”高淳区文旅局党委书记、局长毕涛介绍，为了提升古戏台利用率，高淳提出“唱响古戏台”，创新打造新型基层文化空间——“唱响古戏台”文化惠民综合体。

文艺演出、艺术展览、讲座培训、阅读推广，不同种类的文化活动聚集到老戏台上。“戏台多数分布在人流聚集的地方，与群众生活场景物理距离近，是开展文化下乡的不二场地。”毕涛说，高淳将“唱响古戏台”文化惠民综合体的改造纳入公共文化服务体系，保障资金投入，同时引导社会资本参与硬件改造，不断提升文化设施管理水平和公共服务能力，使之成为人民群众文艺排练、表演、出彩的平台。

书法室、阅览室、健身房……走进砖墙镇茅城戏台，可以发现戏台底下的多个房间被改造成多功能文化活动场所，日常对村民开放。“高淳人爱戏，因此戏台一般就建在村上，群众来这里活动既方便，也更有亲切感。”砖墙镇文体站站长史敏说。

沿楼梯走上戏台，台上正在排练由村民自主编排的舞蹈《幸福歌打莲湘》，舞蹈队由热爱舞蹈的村民自发组织成立，有骨干成员12人，带动周边爱好者60余人。“我们每周都会来戏台排练，也会在戏台上定期演出。我们是一支建立在戏台上的舞蹈队。”茅城村舞蹈队队长魏香说。

在高淳区，依托古戏台培育的文艺团队共有21个，他们挖掘整理群众身边的真人真事，创作出不少有情怀、接地气的文艺作品。

如今，戏台一年四季都是繁忙的，朗诵、广场舞、歌唱、戏曲等多个比赛接连开展，各项文艺活动备受欢迎。

“下一步，我们将以‘唱响古戏台’文化惠民综合体建设为抓手，计划每年在古戏台开展文艺演出100场以上；完成古戏台硬件提档升级10个以上；培育当地文化文艺团队10个以上；打造原创节目5个以上，不断提升群众幸福感和满意度。”毕涛说。

古戏台，已成为百姓共享的文化客厅。它们传承了传统，托举起新时代文明实践，凝聚着发展的活力，讲述着乡村文化振兴的生动故事……",白光迪,人文,https://paper.people.com.cn/rmrb/pc/content/202601/06/content_30129790.html,2026-01-06,"['戏台', '高淳', '文化', '唱响', '排练', '毕涛', '舞蹈队', '群众', '综合体', '惠民']","“我将那珍珠塔一座，里面放，拎在手中还算轻。”在江苏南京市高淳老街戏台上，高淳老街艺术团负责人陈良美正排练锡剧《珍珠塔》，一颦一笑拿捏得十分到位。戏台前方是一片开阔地，摆放着桌椅板凳，环戏台三面开着饭店茶馆，头顶的遮阳棚把中间开阔地遮蔽起来，形成一片独立的空间。
“我们这个戏台不只是唱戏，还有很多别的用处。”陈良美掏出手机，朗诵比赛、民俗表演、歌舞活动、“苏超”观赛，各式各样的活动还有很多。“现在这戏台‘很抢手’，需要提前预约。”
高淳流传一句俗语——“出门山歌进门戏”。高淳历史底蕴深厚，明清时期农业发达、商贸活跃，又地处苏浙皖三省交界，外地戏班纷纷进入，这让高淳成为江南古戏台密度最高的地区之一。目前，高淳仍有古戏台92个，其中有4处属于省级文物保护单位。",社会
云南省持续深入整治群众身边不正之风和腐败问题——,"镇沅彝族哈尼族拉祜族自治县纪检监察干部（前排左、右）走进菜田，向农户了解惠民惠农政策落实情况。刘庆鼎摄
镇沅彝族哈尼族拉祜族自治县纪检监察干部（前排左、右）走进菜田，向农户了解惠民惠农政策落实情况。
刘庆鼎摄
昆明市五华区纪委监委工作人员（右一、右二）到政务服务大厅开展作风监督检查。陆  煜摄
昆明市五华区纪委监委工作人员（右一、右二）到政务服务大厅开展作风监督检查。
陆  煜摄
香格里拉市纪检监察干部（左、中）深入松茸加工企业一线，面对面倾听诉求。杨雪婷摄
香格里拉市纪检监察干部（左、中）深入松茸加工企业一线，面对面倾听诉求。
杨雪婷摄
陆良县纪委监委聚焦高原蔬菜产业种植培育、仓储流通、市场销售等关键环节，织密织牢监督网络。图为芳华镇龙潭社区露天蔬菜种植基地。王  勇摄
陆良县纪委监委聚焦高原蔬菜产业种植培育、仓储流通、市场销售等关键环节，织密织牢监督网络。图为芳华镇龙潭社区露天蔬菜种植基地。
王  勇摄
“现在经费充裕，这几处破损正好一起换新，大家出行不磕碰。”冬日午后，云南省昆明市呈贡区柏枝营社区党总支书记杨丽花忙着推进路面修复工作。
“小修小补”的经费哪里来？“2025年年初开的农村集体‘三资’涉案款集中发还现场会，社区账上多了80多万元，其中30万元专门用于社区服务事业。”杨丽花说，这笔钱能要回来，与近两年区里开展的“三资”清查和案件查办有关。
近年来，云南持续深入整治群众身边不正之风和腐败问题，聚焦重点领域突出问题，一体推进查改治，推动发展、反腐、惠民同促共治，让群众真切感受到正风反腐加力度、清风正气在身边。
群众期盼处，就是工作发力点
80多万元的返还款，与社区的一块集体土地相关。“那块地有三四亩，哪想到租赁价格里有这么多‘猫腻’。”杨丽花回忆。
一块土地，怎成谋私工具？事情得从查处呈贡区缪家营社区原党总支书记吴某明的腐败案件说起。
2023年以来，呈贡区纪委监委发现吴某明涉嫌挪用社区集体公司资金的线索，迅速对其进行立案审查调查。随后，与其紧密相关的两名商人王某某、晋某某接受调查。
一次谈话中，办案人员听到晋某某“抱怨”：“柏枝营那块地，我本想一年5万元租下，有老板花20万元找我转租，就能赚一笔。表哥本来答应我却又反悔……”
晋某某口中的“表哥”，是柏枝营社区原党总支书记李某河。呈贡区纪委监委第二纪检监察室主任杨庆松带人查阅合同发现，土地属于集体所有，合同标明租金一年5万元，租期15年。“明知道能租20万元，怎么还是签了5万元的合同？”
细查之下，端倪显露。原来，知道有人出高价后，李某河打起歪主意。他先找到个体商人董某签订一年5万元的土地租赁合同，随后指使董某找上第三方，以每年20万元的价格把土地转租他人。靠这笔生意，李某河从中获得好处费66.8万元。
从“冰山一角”破局，呈贡区纪委监委先后查处3个街道16名社区干部。“深挖细查中，我们发现一些社区干部违纪违法行为特征很相似，而‘三资’底数不清、有效监管缺位是重要原因。”杨庆松说。
农村集体“三资”事关群众利益。2024年10月起，昆明市纪委监委以呈贡区为试点，全面摸清“家底”、构建科学监管体系，还农村集体“三资”一本“明白账”。
群众期盼处，就是工作发力点。临沧市凤庆县纪委监委以“室组地”联动监督破解“办证难”，132户业主拿到期盼已久的不动产权证书；楚雄彝族自治州大姚县纪委监委联合职能部门对农村饮水工程项目“通管不通水”问题开展拉网式排查，切实保障2.8万余人的饮水安全……2025年以来，云南省各级纪检监察机关共查处腐败和作风问题23208个，立案17647人，留置2342人，给予党纪政务处分10687人。
聚焦薄弱环节，堵塞制度漏洞
“牛肉120公斤、猪肉400公斤、南瓜20公斤、西红柿50公斤……”清晨7点，宣威市第十中学总务主任蔡坐与学校监督员、配送员一起验收当日的“校园餐”食材。
食材放心，源自平台“保驾护航”。宣威市教育体育局副局长范旭登录“宣威市学校食堂数字化管理平台”，向记者展示食材验收、供应商资质管理等信息。“全市公办学校实行食材统一集采，平台下单订货，让孩子们都能吃上营养新鲜的放心餐。”范旭说。
2024年以来，宣威市集中开展“校园餐”专项整治。第一步，便是将所有公办中小学食堂收回学校自主经营或配餐。可经营权收回后，学校面临的难题不少：从哪里采购食材才能保证安全？食材定价多少合理？校园食品膳食经费使用有哪些标准？……
把食堂办好，还得从源头防控风险。2024年7月以来，曲靖市纪委监委联合多部门盘清集中供餐学校、食材供应商和校外供餐单位底数，针对校园食品安全开展4轮监督检查，累计推动解决问题8959个。同时，向市教体局发出纪检监察建议书，推动全市各级各类学校大宗食材进入政府采购范围。
2025年2月，宣威市363所学校的425个食堂所用食材纳入市级大宗食材集中采购，由教体部门发起公开招投标程序，33家供应商中标。“不但食材有保障，价格也在多方参与的询价会上敲定，最大程度让利学生。”范旭说。
问题集中在哪里，监督就推进到哪里。“专项整治帮我们补上了不少制度漏洞。”曲靖市市场监管局食品餐饮安全监管科科长李朝说。一次联合抽查中，有关部门发现一家供应商因抽检不合格被处罚过，却仍有学校准备订餐。原来，尽管行政处罚通知已出具，但教体部门和学校都不清楚供应商资质出了问题。
“在市纪委监委推动下，我们与市教体局制定实施校园食品安全信息通报制度，定期互通信息，严把供应商资质关。”李朝介绍，供餐企业退出评价机制等10余项制度机制也陆续建立起来。
变化实实在在。临近中午，宣威市第十中学的学生们奔向食堂。蔡坐点了蒸排骨、小炒鸡肉、炒苦菜、米饭，共花费8元，然后坐下与学生们一起用餐。“荤菜3.5元一份，素菜1元一份，学生吃得健康实惠，食堂经营有时还能有盈余。”蔡坐说，如今学校正准备提供水果、牛奶等，“膳食经费理应花在学生身上。”
近年来，云南注重用好纪检监察建议等手段，聚焦问题频发多发的高风险环节，不断堵塞制度漏洞，做好集中整治“后半篇文章”。
楚雄州牟定县纪委监委总结梳理村级“小项目”廉政风险点，聘请第三方专业力量，探索建立“小微工程”复盘监督制度；德宏傣族景颇族自治州瑞丽市纪委监委着力打通项目审批、土地手续办理等堵点难点，护航柠檬、咖啡种植等高原特色农业发展……
监督“探头”前移，化被动为主动
“这名村民一年多前已开具死亡证明，为何仍在领取高龄补贴？”听到纪检监察干部的询问，西双版纳傣族自治州勐海县某村民政助理面露不安。
这条线索，原本“埋”在150多万条数据中。“过去，监督工作全靠‘眼睛看、动手翻、张嘴问、查资料’，如今我们有了大数据帮忙。”西双版纳州纪委监委党风政风监督室主任范松梅说。
开展惠民惠农政策落实、养老补贴等民生实事监督，涉及海量数据。“不但补贴类型多、环节多、数据多，部门信息也难以共享，加之监管存在滞后性，资金追回难度也较大。”范松梅说。
如何在“跑冒滴漏”之前发现和解决问题？西双版纳州纪委监委聚焦12种高频惠民惠农补贴，整合17部门补贴数据，构建起20个大数据预警模型。“通过比对分析医保缴费、耕地面积、人口户籍等关联数据，精准锁定异常线索，由‘室组地’联动专班跟进核查。”范松梅介绍。
靠前预警和建章立制相结合，排查出违规领取高龄补贴等69条问题后，西双版纳州纪委监委通过制发纪检监察建议，督促职能部门健全流程制度。
“有了大数据预警模型监督，揪问题的本领强了，监督更高效了。”经过对上千条服务数据的交叉验证和碰撞分析，昆明市官渡区纪检监察干部通过核实送餐服务费用超额支付，快速办结一起私营养老机构虚构服务案件。
监督“探头”前移，还需发动群众力量。在昭通市，鲁甸县纪委监委组织的“群众点题监督会”在院坝里开展，“群众吐槽”转为“满意点赞”；玉溪市纪委监委创新开展“一线遍访”，一线收集群众诉求，推动监督触角直抵末梢……
“开展群众身边不正之风和腐败问题集中整治以来，我们以‘让群众有切身感受’为目标，扎实开展项目化整治、系统化治理，紧盯重大民生实事，以查办案件带动全局，惩、治、防协同发力，不断提升群众的幸福指数。”云南省纪委监委相关负责人表示。","# 云南省持续深入整治群众身边不正之风和腐败问题——

> 本报记者  杨文明  张  驰《人民日报》（2026年01月06日第 19 版）

镇沅彝族哈尼族拉祜族自治县纪检监察干部（前排左、右）走进菜田，向农户了解惠民惠农政策落实情况。　　刘庆鼎摄

镇沅彝族哈尼族拉祜族自治县纪检监察干部（前排左、右）走进菜田，向农户了解惠民惠农政策落实情况。

刘庆鼎摄

昆明市五华区纪委监委工作人员（右一、右二）到政务服务大厅开展作风监督检查。　　陆  煜摄

昆明市五华区纪委监委工作人员（右一、右二）到政务服务大厅开展作风监督检查。

陆  煜摄

香格里拉市纪检监察干部（左、中）深入松茸加工企业一线，面对面倾听诉求。　　杨雪婷摄

香格里拉市纪检监察干部（左、中）深入松茸加工企业一线，面对面倾听诉求。

杨雪婷摄

陆良县纪委监委聚焦高原蔬菜产业种植培育、仓储流通、市场销售等关键环节，织密织牢监督网络。图为芳华镇龙潭社区露天蔬菜种植基地。　　王  勇摄

陆良县纪委监委聚焦高原蔬菜产业种植培育、仓储流通、市场销售等关键环节，织密织牢监督网络。图为芳华镇龙潭社区露天蔬菜种植基地。

王  勇摄

“现在经费充裕，这几处破损正好一起换新，大家出行不磕碰。”冬日午后，云南省昆明市呈贡区柏枝营社区党总支书记杨丽花忙着推进路面修复工作。

“小修小补”的经费哪里来？“2025年年初开的农村集体‘三资’涉案款集中发还现场会，社区账上多了80多万元，其中30万元专门用于社区服务事业。”杨丽花说，这笔钱能要回来，与近两年区里开展的“三资”清查和案件查办有关。

近年来，云南持续深入整治群众身边不正之风和腐败问题，聚焦重点领域突出问题，一体推进查改治，推动发展、反腐、惠民同促共治，让群众真切感受到正风反腐加力度、清风正气在身边。

群众期盼处，就是工作发力点

80多万元的返还款，与社区的一块集体土地相关。“那块地有三四亩，哪想到租赁价格里有这么多‘猫腻’。”杨丽花回忆。

一块土地，怎成谋私工具？事情得从查处呈贡区缪家营社区原党总支书记吴某明的腐败案件说起。

2023年以来，呈贡区纪委监委发现吴某明涉嫌挪用社区集体公司资金的线索，迅速对其进行立案审查调查。随后，与其紧密相关的两名商人王某某、晋某某接受调查。

一次谈话中，办案人员听到晋某某“抱怨”：“柏枝营那块地，我本想一年5万元租下，有老板花20万元找我转租，就能赚一笔。表哥本来答应我却又反悔……”

晋某某口中的“表哥”，是柏枝营社区原党总支书记李某河。呈贡区纪委监委第二纪检监察室主任杨庆松带人查阅合同发现，土地属于集体所有，合同标明租金一年5万元，租期15年。“明知道能租20万元，怎么还是签了5万元的合同？”

细查之下，端倪显露。原来，知道有人出高价后，李某河打起歪主意。他先找到个体商人董某签订一年5万元的土地租赁合同，随后指使董某找上第三方，以每年20万元的价格把土地转租他人。靠这笔生意，李某河从中获得好处费66.8万元。

从“冰山一角”破局，呈贡区纪委监委先后查处3个街道16名社区干部。“深挖细查中，我们发现一些社区干部违纪违法行为特征很相似，而‘三资’底数不清、有效监管缺位是重要原因。”杨庆松说。

农村集体“三资”事关群众利益。2024年10月起，昆明市纪委监委以呈贡区为试点，全面摸清“家底”、构建科学监管体系，还农村集体“三资”一本“明白账”。

群众期盼处，就是工作发力点。临沧市凤庆县纪委监委以“室组地”联动监督破解“办证难”，132户业主拿到期盼已久的不动产权证书；楚雄彝族自治州大姚县纪委监委联合职能部门对农村饮水工程项目“通管不通水”问题开展拉网式排查，切实保障2.8万余人的饮水安全……2025年以来，云南省各级纪检监察机关共查处腐败和作风问题23208个，立案17647人，留置2342人，给予党纪政务处分10687人。

聚焦薄弱环节，堵塞制度漏洞

“牛肉120公斤、猪肉400公斤、南瓜20公斤、西红柿50公斤……”清晨7点，宣威市第十中学总务主任蔡坐与学校监督员、配送员一起验收当日的“校园餐”食材。

食材放心，源自平台“保驾护航”。宣威市教育体育局副局长范旭登录“宣威市学校食堂数字化管理平台”，向记者展示食材验收、供应商资质管理等信息。“全市公办学校实行食材统一集采，平台下单订货，让孩子们都能吃上营养新鲜的放心餐。”范旭说。

2024年以来，宣威市集中开展“校园餐”专项整治。第一步，便是将所有公办中小学食堂收回学校自主经营或配餐。可经营权收回后，学校面临的难题不少：从哪里采购食材才能保证安全？食材定价多少合理？校园食品膳食经费使用有哪些标准？……

把食堂办好，还得从源头防控风险。2024年7月以来，曲靖市纪委监委联合多部门盘清集中供餐学校、食材供应商和校外供餐单位底数，针对校园食品安全开展4轮监督检查，累计推动解决问题8959个。同时，向市教体局发出纪检监察建议书，推动全市各级各类学校大宗食材进入政府采购范围。

2025年2月，宣威市363所学校的425个食堂所用食材纳入市级大宗食材集中采购，由教体部门发起公开招投标程序，33家供应商中标。“不但食材有保障，价格也在多方参与的询价会上敲定，最大程度让利学生。”范旭说。

问题集中在哪里，监督就推进到哪里。“专项整治帮我们补上了不少制度漏洞。”曲靖市市场监管局食品餐饮安全监管科科长李朝说。一次联合抽查中，有关部门发现一家供应商因抽检不合格被处罚过，却仍有学校准备订餐。原来，尽管行政处罚通知已出具，但教体部门和学校都不清楚供应商资质出了问题。

“在市纪委监委推动下，我们与市教体局制定实施校园食品安全信息通报制度，定期互通信息，严把供应商资质关。”李朝介绍，供餐企业退出评价机制等10余项制度机制也陆续建立起来。

变化实实在在。临近中午，宣威市第十中学的学生们奔向食堂。蔡坐点了蒸排骨、小炒鸡肉、炒苦菜、米饭，共花费8元，然后坐下与学生们一起用餐。“荤菜3.5元一份，素菜1元一份，学生吃得健康实惠，食堂经营有时还能有盈余。”蔡坐说，如今学校正准备提供水果、牛奶等，“膳食经费理应花在学生身上。”

近年来，云南注重用好纪检监察建议等手段，聚焦问题频发多发的高风险环节，不断堵塞制度漏洞，做好集中整治“后半篇文章”。

楚雄州牟定县纪委监委总结梳理村级“小项目”廉政风险点，聘请第三方专业力量，探索建立“小微工程”复盘监督制度；德宏傣族景颇族自治州瑞丽市纪委监委着力打通项目审批、土地手续办理等堵点难点，护航柠檬、咖啡种植等高原特色农业发展……

监督“探头”前移，化被动为主动

“这名村民一年多前已开具死亡证明，为何仍在领取高龄补贴？”听到纪检监察干部的询问，西双版纳傣族自治州勐海县某村民政助理面露不安。

这条线索，原本“埋”在150多万条数据中。“过去，监督工作全靠‘眼睛看、动手翻、张嘴问、查资料’，如今我们有了大数据帮忙。”西双版纳州纪委监委党风政风监督室主任范松梅说。

开展惠民惠农政策落实、养老补贴等民生实事监督，涉及海量数据。“不但补贴类型多、环节多、数据多，部门信息也难以共享，加之监管存在滞后性，资金追回难度也较大。”范松梅说。

如何在“跑冒滴漏”之前发现和解决问题？西双版纳州纪委监委聚焦12种高频惠民惠农补贴，整合17部门补贴数据，构建起20个大数据预警模型。“通过比对分析医保缴费、耕地面积、人口户籍等关联数据，精准锁定异常线索，由‘室组地’联动专班跟进核查。”范松梅介绍。

靠前预警和建章立制相结合，排查出违规领取高龄补贴等69条问题后，西双版纳州纪委监委通过制发纪检监察建议，督促职能部门健全流程制度。

“有了大数据预警模型监督，揪问题的本领强了，监督更高效了。”经过对上千条服务数据的交叉验证和碰撞分析，昆明市官渡区纪检监察干部通过核实送餐服务费用超额支付，快速办结一起私营养老机构虚构服务案件。

监督“探头”前移，还需发动群众力量。在昭通市，鲁甸县纪委监委组织的“群众点题监督会”在院坝里开展，“群众吐槽”转为“满意点赞”；玉溪市纪委监委创新开展“一线遍访”，一线收集群众诉求，推动监督触角直抵末梢……

“开展群众身边不正之风和腐败问题集中整治以来，我们以‘让群众有切身感受’为目标，扎实开展项目化整治、系统化治理，紧盯重大民生实事，以查办案件带动全局，惩、治、防协同发力，不断提升群众的幸福指数。”云南省纪委监委相关负责人表示。",杨文明  张  驰,党建,https://paper.people.com.cn/rmrb/pc/content/202601/06/content_30129804.html,2026-01-06,"['监委', '纪委', '食材', '纪检监察', '监督', '呈贡', '宣威市', '社区', '开展', '群众']","镇沅彝族哈尼族拉祜族自治县纪检监察干部（前排左、右）走进菜田，向农户了解惠民惠农政策落实情况。刘庆鼎摄
镇沅彝族哈尼族拉祜族自治县纪检监察干部（前排左、右）走进菜田，向农户了解惠民惠农政策落实情况。
刘庆鼎摄",政治
西藏自治区日喀则市党员干部奋战在定日地震灾后重建一线——,"“波拉（藏语意为“老爷爷”），您看这个新家怎么样？咱们有什么困难，尽管跟我说！”拉着一位老人的手，小伙次旺不住询问。
次旺是西藏自治区日喀则市拉孜县曲下镇德林村党支部书记。过去的两个月，为了帮助村里120多户群众入住灾后重建的新居，他一直忙个不停。“一些老人行动不便，我们便组织村里的党员帮他们搬行李、挪家具，确保大家都能及时入住新家。”他说。
2025年1月7日，西藏日喀则市定日县发生6.8级地震，德林村受灾严重。地震发生后，次旺第一时间组织驻村干部和党员，及时疏散126户600多名群众；在地震发生后的3天内，又组织村里20多人搭起150多顶帐篷，调配救灾物资；随后的半年多时间，他带着村里党员快速适应角色，将工作重心从救灾转向重建。“经历灾难，党组织就是群众拥抱新生活的依靠，我们的工作就是给大家吃下‘定心丸’。”他说。
眼前崭新的村庄，一砖一瓦都凝结着次旺的心血。房屋设计，图纸怎么看？房屋建设，采用什么标准，使用怎样的浇筑技法？怎么向群众讲解政策？“成了半个盖房子的‘土专家’。”他笑道。
次旺始终记得村民仁增老人家新房封顶的那一天——那时，村干部和仁增一家看着最后一桶水泥浇筑下去。仁增和女儿卓嘎泪眼婆娑，拿来酥油茶、烤饼等食物招待大家，还郑重献上了哈达。“你们就像我的孩子，把我的家当成你们自己的家来建设。”仁增说。
重建工作推进到哪里，党员干部就战斗在哪里。一年来，日喀则市县乡村6600余名党员干部深入建设一线，吃住在现场、蹲点在工地，协调解决各种困难和问题，为灾后重建保驾护航。
在昂仁县卡嘎镇帕吾片区的灾后重建工地上，卡嘎镇包保干部旦增南木加、米玛次仁等5人将被褥搬进工地板房。这里既是他们的临时宿舍，也是灾后重建的“前线指挥部”。“干部就在现场，有事随时反映，很安心。”村民次仁顿珠说。
鲜红的党旗，在灾后重建现场高高飘扬。一年来，这样的故事，在珠峰脚下处处可见：在萨迦县麻布加乡白拉村整村搬迁中，驻村干部德吉拉姆和格桑曲珍为了保护30吨水泥免受雨淋，连夜组织党员突击队抢运；面对新房选址难题，定日县协格尔镇鲁鲁辖村驻村工作队队长张文杰和队员们挨家挨户沟通，用真诚消融隔阂，凝聚起全村共识……
截至2025年10月底，西藏定日地震灾后恢复重建和维修加固的民房已完工并交付。此次灾后恢复重建共涉及7个县47个乡镇486个村，重建民房共计2.2万余户、面积310万平方米，维修加固民房共计1.05万余户、加固面积106万平方米。
“入住是重建的终点，也是带领村民奔向新生活的起点。”面向未来，次旺信心十足。如今，他带着村两委班子和村民一起谋划村集体经济未来的发展方向：“经过这一年，我们和群众的心更近了。”","# 西藏自治区日喀则市党员干部奋战在定日地震灾后重建一线——

> 本报记者  徐驭尧《人民日报》（2026年01月06日第 19 版）

“波拉（藏语意为“老爷爷”），您看这个新家怎么样？咱们有什么困难，尽管跟我说！”拉着一位老人的手，小伙次旺不住询问。

次旺是西藏自治区日喀则市拉孜县曲下镇德林村党支部书记。过去的两个月，为了帮助村里120多户群众入住灾后重建的新居，他一直忙个不停。“一些老人行动不便，我们便组织村里的党员帮他们搬行李、挪家具，确保大家都能及时入住新家。”他说。

2025年1月7日，西藏日喀则市定日县发生6.8级地震，德林村受灾严重。地震发生后，次旺第一时间组织驻村干部和党员，及时疏散126户600多名群众；在地震发生后的3天内，又组织村里20多人搭起150多顶帐篷，调配救灾物资；随后的半年多时间，他带着村里党员快速适应角色，将工作重心从救灾转向重建。“经历灾难，党组织就是群众拥抱新生活的依靠，我们的工作就是给大家吃下‘定心丸’。”他说。

眼前崭新的村庄，一砖一瓦都凝结着次旺的心血。房屋设计，图纸怎么看？房屋建设，采用什么标准，使用怎样的浇筑技法？怎么向群众讲解政策？“成了半个盖房子的‘土专家’。”他笑道。

次旺始终记得村民仁增老人家新房封顶的那一天——那时，村干部和仁增一家看着最后一桶水泥浇筑下去。仁增和女儿卓嘎泪眼婆娑，拿来酥油茶、烤饼等食物招待大家，还郑重献上了哈达。“你们就像我的孩子，把我的家当成你们自己的家来建设。”仁增说。

重建工作推进到哪里，党员干部就战斗在哪里。一年来，日喀则市县乡村6600余名党员干部深入建设一线，吃住在现场、蹲点在工地，协调解决各种困难和问题，为灾后重建保驾护航。

在昂仁县卡嘎镇帕吾片区的灾后重建工地上，卡嘎镇包保干部旦增南木加、米玛次仁等5人将被褥搬进工地板房。这里既是他们的临时宿舍，也是灾后重建的“前线指挥部”。“干部就在现场，有事随时反映，很安心。”村民次仁顿珠说。

鲜红的党旗，在灾后重建现场高高飘扬。一年来，这样的故事，在珠峰脚下处处可见：在萨迦县麻布加乡白拉村整村搬迁中，驻村干部德吉拉姆和格桑曲珍为了保护30吨水泥免受雨淋，连夜组织党员突击队抢运；面对新房选址难题，定日县协格尔镇鲁鲁辖村驻村工作队队长张文杰和队员们挨家挨户沟通，用真诚消融隔阂，凝聚起全村共识……

截至2025年10月底，西藏定日地震灾后恢复重建和维修加固的民房已完工并交付。此次灾后恢复重建共涉及7个县47个乡镇486个村，重建民房共计2.2万余户、面积310万平方米，维修加固民房共计1.05万余户、加固面积106万平方米。

“入住是重建的终点，也是带领村民奔向新生活的起点。”面向未来，次旺信心十足。如今，他带着村两委班子和村民一起谋划村集体经济未来的发展方向：“经过这一年，我们和群众的心更近了。”",徐驭尧,党建,https://paper.people.com.cn/rmrb/pc/content/202601/06/content_30129805.html,2026-01-06,"['灾后', '重建', '次旺', '仁增', '日喀则市', '地震', '党员', '群众', '党员干部', '民房']","“波拉（藏语意为“老爷爷”），您看这个新家怎么样？咱们有什么困难，尽管跟我说！”拉着一位老人的手，小伙次旺不住询问。
次旺是西藏自治区日喀则市拉孜县曲下镇德林村党支部书记。过去的两个月，为了帮助村里120多户群众入住灾后重建的新居，他一直忙个不停。“一些老人行动不便，我们便组织村里的党员帮他们搬行李、挪家具，确保大家都能及时入住新家。”他说。
2025年1月7日，西藏日喀则市定日县发生6.8级地震，德林村受灾严重。地震发生后，次旺第一时间组织驻村干部和党员，及时疏散126户600多名群众；在地震发生后的3天内，又组织村里20多人搭起150多顶帐篷，调配救灾物资；随后的半年多时间，他带着村里党员快速适应角色，将工作重心从救灾转向重建。“经历灾难，党组织就是群众拥抱新生活的依靠，我们的工作就是给大家吃下‘定心丸’。”他说。",政治
四川省达州市纪委监委——,"“在一线参与办案，帮我克服了以往外查取证办法不多、谈话突破经验不足等短板。”近日，四川省达州市纪委监委派驻市自然资源和规划局纪检监察组年轻干部桂绕从市纪委监委年轻干部塑形铸魂培训班结业后，被安排到专案跟案实训。
2025年以来，达州市纪委监委聚焦队伍建设存在的选人视野不宽、队伍结构不优、专业能力不强等问题，深入实施百名办案骨干重点培塑、百名年轻干部墩苗培育、百名优秀干部定制培养“三百行动”，构建干部选拔、培育、使用、监管、激励闭环培养机制，不断锻造高素质专业化办案骨干、年轻干部、优秀干部“三支队伍”。
实践中，达州市纪委监委按照能量化、可评估、易操作原则，差异化设定18项入库标准、4道评审程序，在系统内外储备办案骨干137名、年轻干部261名、优秀干部139名。在此基础上，搭建政治淬炼、岗位历练、实战锻炼、专业训练培养体系。针对年轻干部办案经验不足，通过师徒结对，常态化开展理论辅导、实景教学、经验分享等。
为筑牢拒腐防变思想防线，达州市纪委监委综合采取廉政谈话、家庭助廉、旁听庭审活动等方式，加强干部监督管理。同时，坚持严管与厚爱相结合，定期开展办案标兵、业务骨干评选活动，并将评选结果与干部选任、评先选优相挂钩。
如今，达州市案件平均办理周期缩短13.1%，自办案件主动发现问题线索成案率提升88.5%。“我们将持续强化源头选苗、精准育苗、动态察苗、用心护苗，不断培养锻造业务精湛、本领高强、作风过硬的监督执纪铁军。”达州市纪委监委有关负责同志说。","# 四川省达州市纪委监委——

> 本报记者  李林蔚《人民日报》（2026年01月06日第 19 版）

“在一线参与办案，帮我克服了以往外查取证办法不多、谈话突破经验不足等短板。”近日，四川省达州市纪委监委派驻市自然资源和规划局纪检监察组年轻干部桂绕从市纪委监委年轻干部塑形铸魂培训班结业后，被安排到专案跟案实训。

2025年以来，达州市纪委监委聚焦队伍建设存在的选人视野不宽、队伍结构不优、专业能力不强等问题，深入实施百名办案骨干重点培塑、百名年轻干部墩苗培育、百名优秀干部定制培养“三百行动”，构建干部选拔、培育、使用、监管、激励闭环培养机制，不断锻造高素质专业化办案骨干、年轻干部、优秀干部“三支队伍”。

实践中，达州市纪委监委按照能量化、可评估、易操作原则，差异化设定18项入库标准、4道评审程序，在系统内外储备办案骨干137名、年轻干部261名、优秀干部139名。在此基础上，搭建政治淬炼、岗位历练、实战锻炼、专业训练培养体系。针对年轻干部办案经验不足，通过师徒结对，常态化开展理论辅导、实景教学、经验分享等。

为筑牢拒腐防变思想防线，达州市纪委监委综合采取廉政谈话、家庭助廉、旁听庭审活动等方式，加强干部监督管理。同时，坚持严管与厚爱相结合，定期开展办案标兵、业务骨干评选活动，并将评选结果与干部选任、评先选优相挂钩。

如今，达州市案件平均办理周期缩短13.1%，自办案件主动发现问题线索成案率提升88.5%。“我们将持续强化源头选苗、精准育苗、动态察苗、用心护苗，不断培养锻造业务精湛、本领高强、作风过硬的监督执纪铁军。”达州市纪委监委有关负责同志说。",李林蔚,党建,https://paper.people.com.cn/rmrb/pc/content/202601/06/content_30129806.html,2026-01-06,"['达州市', '监委', '纪委', '年轻干部', '办案', '优秀干部', '骨干', '百名', '培养', '经验不足']","“在一线参与办案，帮我克服了以往外查取证办法不多、谈话突破经验不足等短板。”近日，四川省达州市纪委监委派驻市自然资源和规划局纪检监察组年轻干部桂绕从市纪委监委年轻干部塑形铸魂培训班结业后，被安排到专案跟案实训。
2025年以来，达州市纪委监委聚焦队伍建设存在的选人视野不宽、队伍结构不优、专业能力不强等问题，深入实施百名办案骨干重点培塑、百名年轻干部墩苗培育、百名优秀干部定制培养“三百行动”，构建干部选拔、培育、使用、监管、激励闭环培养机制，不断锻造高素质专业化办案骨干、年轻干部、优秀干部“三支队伍”。
实践中，达州市纪委监委按照能量化、可评估、易操作原则，差异化设定18项入库标准、4道评审程序，在系统内外储备办案骨干137名、年轻干部261名、优秀干部139名。在此基础上，搭建政治淬炼、岗位历练、实战锻炼、专业训练培养体系。针对年轻干部办案经验不足，通过师徒结对，常态化开展理论辅导、实景教学、经验分享等。",政治
为民服务就要讲究认真（金台潮声）,"前不久，因孩子体育课需要在家练习跳远，笔者特意买了一个充气垫。楼下的邻居找上门来，说噪声给其带来困扰。我虽第一时间撤掉了垫子，但也察觉到邻里关系有了微妙变化。
几天后，我接到社区工作人员的来电。原来，他在走访住户时了解到我们的情况，于是主动找来，希望楼上楼下能坐下来聊一聊。我觉得这不过是小事一桩，便说问题已解决，无需费心。然而，没过几天，他再次来电，关心孩子运动场地、邻里关系进展，还耐心询问我们生活中还有哪些需求……
放下电话，我不禁感慨，这位干部真是认真细致！细品之下，暖意融融。社区工作纷繁复杂，但本质上还是做人的工作。要调和众口、解决难题，不正需要这股劲儿吗？
基层工作中，邻里矛盾、居民需求、“一老一小”……千家万户“柴米油盐”的“小事”，恰是检验基层干部的试金石。记得有次采访，一名街道干部谈起感受：“再小的事，落到具体家庭也是大事，哪一件都容不得‘敷衍’。”在群众觉得“差不多就成”时，坚持多问一句、多想一步，力求“尽善尽美”，讲究认真的背后，是“事事放心不下”的责任感，是想民之所想、急民之所急的初心。
讲究认真，折射出将心比心的治理温度。给笔者打电话的这名社区工作者声音年轻，或许尚未亲身经历育儿的酸甜苦辣，却丝毫不影响他对群众需求的换位思考。群众工作，从来不是“对账销号”，而是以真心换真心。站在群众立场真心倾听、耐心沟通，构筑起干群之间信任的桥梁，社区工作便会更有温度、更见成效。
讲究认真，还蕴含着“心中有数、手中有招”的治理智慧。繁华商业地段常年交通拥堵、事故频发，怎么破题？之前在辽宁抚顺市新抚区站前街道的一次采访中，街道干部和社区工作者道出他们的做法：经过数月蹲守在路口观察车流特点、走访商户了解各方诉求，他们发现，不少市民购物都是即停即走，便拆除路边石墩，划定即停即走区；同时，反复丈量测算，在步行可达范围内增设新停车场；还协调相关部门优化红绿灯变灯时间……一系列举措让交通状况大为改善。沉下心、俯下身，找准问题症结，拿出有效对策，正是做好工作最朴素的“成功之道”。
为民服务讲究认真，让基层治理的“最后一公里”变成“最畅一公里”，群众美好生活的画卷便会不断铺展开来。","# 为民服务就要讲究认真（金台潮声）

> 耿  磊《人民日报》（2026年01月06日第 19 版）

前不久，因孩子体育课需要在家练习跳远，笔者特意买了一个充气垫。楼下的邻居找上门来，说噪声给其带来困扰。我虽第一时间撤掉了垫子，但也察觉到邻里关系有了微妙变化。

几天后，我接到社区工作人员的来电。原来，他在走访住户时了解到我们的情况，于是主动找来，希望楼上楼下能坐下来聊一聊。我觉得这不过是小事一桩，便说问题已解决，无需费心。然而，没过几天，他再次来电，关心孩子运动场地、邻里关系进展，还耐心询问我们生活中还有哪些需求……

放下电话，我不禁感慨，这位干部真是认真细致！细品之下，暖意融融。社区工作纷繁复杂，但本质上还是做人的工作。要调和众口、解决难题，不正需要这股劲儿吗？

基层工作中，邻里矛盾、居民需求、“一老一小”……千家万户“柴米油盐”的“小事”，恰是检验基层干部的试金石。记得有次采访，一名街道干部谈起感受：“再小的事，落到具体家庭也是大事，哪一件都容不得‘敷衍’。”在群众觉得“差不多就成”时，坚持多问一句、多想一步，力求“尽善尽美”，讲究认真的背后，是“事事放心不下”的责任感，是想民之所想、急民之所急的初心。

讲究认真，折射出将心比心的治理温度。给笔者打电话的这名社区工作者声音年轻，或许尚未亲身经历育儿的酸甜苦辣，却丝毫不影响他对群众需求的换位思考。群众工作，从来不是“对账销号”，而是以真心换真心。站在群众立场真心倾听、耐心沟通，构筑起干群之间信任的桥梁，社区工作便会更有温度、更见成效。

讲究认真，还蕴含着“心中有数、手中有招”的治理智慧。繁华商业地段常年交通拥堵、事故频发，怎么破题？之前在辽宁抚顺市新抚区站前街道的一次采访中，街道干部和社区工作者道出他们的做法：经过数月蹲守在路口观察车流特点、走访商户了解各方诉求，他们发现，不少市民购物都是即停即走，便拆除路边石墩，划定即停即走区；同时，反复丈量测算，在步行可达范围内增设新停车场；还协调相关部门优化红绿灯变灯时间……一系列举措让交通状况大为改善。沉下心、俯下身，找准问题症结，拿出有效对策，正是做好工作最朴素的“成功之道”。

为民服务讲究认真，让基层治理的“最后一公里”变成“最畅一公里”，群众美好生活的画卷便会不断铺展开来。",耿  磊,党建,https://paper.people.com.cn/rmrb/pc/content/202601/06/content_30129807.html,2026-01-06,"['社区', '讲究', '认真', '群众', '邻里关系', '真心', '为民服务', '街道', '工作', '治理']","前不久，因孩子体育课需要在家练习跳远，笔者特意买了一个充气垫。楼下的邻居找上门来，说噪声给其带来困扰。我虽第一时间撤掉了垫子，但也察觉到邻里关系有了微妙变化。
几天后，我接到社区工作人员的来电。原来，他在走访住户时了解到我们的情况，于是主动找来，希望楼上楼下能坐下来聊一聊。我觉得这不过是小事一桩，便说问题已解决，无需费心。然而，没过几天，他再次来电，关心孩子运动场地、邻里关系进展，还耐心询问我们生活中还有哪些需求……
放下电话，我不禁感慨，这位干部真是认真细致！细品之下，暖意融融。社区工作纷繁复杂，但本质上还是做人的工作。要调和众口、解决难题，不正需要这股劲儿吗？",国际
22项营商环境测评点达全球最优水平，每千人企业数全国第一,"1月4日，《上海市加快打造国际一流营商环境行动方案（2026年）》发布，26项举措涵盖政务服务、市场竞争、产业生态、社会共治等多个方面。上海安谱实验科技股份有限公司总经理吴刚说，“这个新年礼包，含金量足！”
营商环境是企业生存发展的土壤。2023年，习近平总书记在上海考察时强调：“打造国际一流营商环境，激发各类经营主体活力，增强对国内外高端资源的吸引力。”“十五五”规划建议提出，“打造市场化法治化国际化一流营商环境”。
自2018年以来，上海连续9年在新年伊始举行全市大会，着力优化营商环境；每年更新一版行动方案，9年累计推出1200余项改革举措。世界银行最新发布的119个经济体企业调查数据显示，上海22项营商环境测评点达全球最优水平。
2025年前三季度，上海地区生产总值同比增长5.5%，日均诞生320家科技型企业；全年新增企业35.3万户，同比增长2.69%；每1000人就有120户企业，居全国之首。经济韧性、市场活力背后，是上海贯彻落实习近平总书记重要指示精神和党中央决策部署，加力优化营商环境服务高质量发展的坚定实践。
深化改革，让企业可感可及——
打开“浦易达”应用程序，输入法人一证通代码，各部门惠企政策信息一键匹配。“操作简单，好！”景略半导体（上海）有限公司总裁储海琼连连点赞。
过去，分散在不同部门的政策需多平台申报。如今，浦东“浦易达”惠企政策服务平台汇集超20个部门近300条惠企政策，大幅提升运行效率。
企业操作“简化”的背后，是政府改革的“深化”。实现企业准入“一网通办”，上线规划资源“一张图”，提供“安心电”电力服务包……在上海开一家便利店，办证时间从38个工作日压缩到5个工作日。
“解决了办事‘快不快’，还要推动服务‘优不优’、体验‘好不好’。”上海市发展和改革委员会副主任陈彦峰说。
构建生态，为创新筑基赋能——
岁末年初，上海产业创新捷报频传：沐曦股份在科创板挂牌上市，英矽智能、壁仞科技相继登陆港交所，天数智芯、稀宇科技正紧随其后……
“这得益于上海对创新企业的精准服务和政策支持。”上海市经济和信息化委员会主任汤文侃介绍，2025年7月，出台《上海市促进高成长企业加快发展三年行动方案（2025—2027年）》，市委金融办联合上海证监局等部门对拟上市重点企业提供指导。
企业在发展，对营商环境的需求也在持续迭代。《上海市加快打造国际一流营商环境行动方案（2026年）》中，对“反内卷”治理、规制牟利性职业举报、整治网上造谣伤企等，都有及时回应。“产业生态环境”作为新概念，也首次出现在方案框架中。
对标一流，向全球蓄势聚能——
中国企业出口货物清关平均天数为2天，进口货物清关平均天数为7天，低于东亚及太平洋地区经济体的8天和11天。对标世界先进标准，不断提质增效，是上海打造国际一流营商环境的坚定做法。世行发布的2025年相关企业调查数据表明，在电子支付、获得电力、技能培训等领域，上海均达到全球先进水平。
“上海是帮我们做生意的地方。”达索系统公司相关负责人索爱伦感慨。数据显示：2025年1至11月，上海新设外资企业5767家，同比增长4.2%，其中外商独资企业3380家，同比增长11.3%。实际使用外资151.25亿美元，占全国的15.6%。
“牢记习近平总书记殷殷嘱托，上海要把优化营商环境摆在推动高质量发展的突出位置，作为深化高水平改革开放的重要内容、加快‘五个中心’建设的基础抓手。”上海市委书记陈吉宁表示，要持续抓深抓实，进一步优化工作机制、提高工作能力，更好提振市场信心和引导社会预期，为实现“十五五”良好开局提供有力支撑。","# 22项营商环境测评点达全球最优水平，每千人企业数全国第一

> 本报记者  吴  焰  田  泓  王崟欣《人民日报》（2026年01月07日第 01 版）

1月4日，《上海市加快打造国际一流营商环境行动方案（2026年）》发布，26项举措涵盖政务服务、市场竞争、产业生态、社会共治等多个方面。上海安谱实验科技股份有限公司总经理吴刚说，“这个新年礼包，含金量足！”

营商环境是企业生存发展的土壤。2023年，习近平总书记在上海考察时强调：“打造国际一流营商环境，激发各类经营主体活力，增强对国内外高端资源的吸引力。”“十五五”规划建议提出，“打造市场化法治化国际化一流营商环境”。

自2018年以来，上海连续9年在新年伊始举行全市大会，着力优化营商环境；每年更新一版行动方案，9年累计推出1200余项改革举措。世界银行最新发布的119个经济体企业调查数据显示，上海22项营商环境测评点达全球最优水平。

2025年前三季度，上海地区生产总值同比增长5.5%，日均诞生320家科技型企业；全年新增企业35.3万户，同比增长2.69%；每1000人就有120户企业，居全国之首。经济韧性、市场活力背后，是上海贯彻落实习近平总书记重要指示精神和党中央决策部署，加力优化营商环境服务高质量发展的坚定实践。

深化改革，让企业可感可及——

打开“浦易达”应用程序，输入法人一证通代码，各部门惠企政策信息一键匹配。“操作简单，好！”景略半导体（上海）有限公司总裁储海琼连连点赞。

过去，分散在不同部门的政策需多平台申报。如今，浦东“浦易达”惠企政策服务平台汇集超20个部门近300条惠企政策，大幅提升运行效率。

企业操作“简化”的背后，是政府改革的“深化”。实现企业准入“一网通办”，上线规划资源“一张图”，提供“安心电”电力服务包……在上海开一家便利店，办证时间从38个工作日压缩到5个工作日。

“解决了办事‘快不快’，还要推动服务‘优不优’、体验‘好不好’。”上海市发展和改革委员会副主任陈彦峰说。

构建生态，为创新筑基赋能——

岁末年初，上海产业创新捷报频传：沐曦股份在科创板挂牌上市，英矽智能、壁仞科技相继登陆港交所，天数智芯、稀宇科技正紧随其后……

“这得益于上海对创新企业的精准服务和政策支持。”上海市经济和信息化委员会主任汤文侃介绍，2025年7月，出台《上海市促进高成长企业加快发展三年行动方案（2025—2027年）》，市委金融办联合上海证监局等部门对拟上市重点企业提供指导。

企业在发展，对营商环境的需求也在持续迭代。《上海市加快打造国际一流营商环境行动方案（2026年）》中，对“反内卷”治理、规制牟利性职业举报、整治网上造谣伤企等，都有及时回应。“产业生态环境”作为新概念，也首次出现在方案框架中。

对标一流，向全球蓄势聚能——

中国企业出口货物清关平均天数为2天，进口货物清关平均天数为7天，低于东亚及太平洋地区经济体的8天和11天。对标世界先进标准，不断提质增效，是上海打造国际一流营商环境的坚定做法。世行发布的2025年相关企业调查数据表明，在电子支付、获得电力、技能培训等领域，上海均达到全球先进水平。

“上海是帮我们做生意的地方。”达索系统公司相关负责人索爱伦感慨。数据显示：2025年1至11月，上海新设外资企业5767家，同比增长4.2%，其中外商独资企业3380家，同比增长11.3%。实际使用外资151.25亿美元，占全国的15.6%。

“牢记习近平总书记殷殷嘱托，上海要把优化营商环境摆在推动高质量发展的突出位置，作为深化高水平改革开放的重要内容、加快‘五个中心’建设的基础抓手。”上海市委书记陈吉宁表示，要持续抓深抓实，进一步优化工作机制、提高工作能力，更好提振市场信心和引导社会预期，为实现“十五五”良好开局提供有力支撑。",吴  焰  田  泓  王崟欣,要闻,https://paper.people.com.cn/rmrb/pc/content/202601/07/content_30130190.html,2026-01-07,"['营商', '上海', '企业', '环境', '2025', '一流', '打造', '上海市', '习近平', '方案']","1月4日，《上海市加快打造国际一流营商环境行动方案（2026年）》发布，26项举措涵盖政务服务、市场竞争、产业生态、社会共治等多个方面。上海安谱实验科技股份有限公司总经理吴刚说，“这个新年礼包，含金量足！”
营商环境是企业生存发展的土壤。2023年，习近平总书记在上海考察时强调：“打造国际一流营商环境，激发各类经营主体活力，增强对国内外高端资源的吸引力。”“十五五”规划建议提出，“打造市场化法治化国际化一流营商环境”。
自2018年以来，上海连续9年在新年伊始举行全市大会，着力优化营商环境；每年更新一版行动方案，9年累计推出1200余项改革举措。世界银行最新发布的119个经济体企业调查数据显示，上海22项营商环境测评点达全球最优水平。",政治
张国清在内蒙古调研时强调,"新华社呼和浩特1月6日电  中共中央政治局委员、国务院副总理张国清4日至6日在内蒙古调研产业创新发展、质量监管等工作。他强调，要深入贯彻习近平总书记重要指示精神和中央经济工作会议精神，落实党中央、国务院决策部署，扎实推进科技创新和产业创新深度融合，因地制宜发展新质生产力，持续强化质量监管，更好服务高质量发展和高品质生活。
在呼和浩特市和包头市，张国清先后来到内蒙古电力集团大青山实验室、东宝生物技术有限公司，调研新型电力系统研发攻关、生物技术产业创新等情况。他强调，要以科技创新引领产业升级，不断催生新质生产力。要强化企业创新主体地位，坚持正向设计、正向突破，面向产业需求加强应用基础研究和前沿研究，在提高自主创新特别是原始创新能力上持续用力，夯实技术底座。要推动创新链和产业链无缝衔接，突出需求导向、场景牵引，强化中试验证、推广应用，将更多创新成果应用到产业链上，形成技术研发、场景验证、产业转化、迭代升级的良性循环。要用好大规模设备更新和制造业重大技术改造升级等政策，坚持智能化、绿色化、融合化方向，支持企业加快设备更新、工艺升级和数字赋能。要同步推进硬件、软件和标准一体化发展，出硬件的同时出软件、出标准。
张国清来到内蒙古纤维质量监测中心，调研质量监管、检测认证等工作。他强调，要强化质量源头治理，统筹用好产品强制性认证、国家强制性标准等举措，以标准升级带动质量提升。对涉及人民群众生命财产安全和公共安全的产品，要及时纳入生产许可证管理。要坚持抓在日常、严在平时，完善部门联动、异地协同、实时动态、线上线下一体化监管措施，加强风险监控、监督抽查、缺陷召回、产品追溯，严厉打击质量安全违法违规行为。要加强对检测认证机构的监管，督促落实主体责任，发挥好检测认证“守门人”作用。
在内蒙古期间，张国清还就食品安全工作开展调研。他强调，要始终坚持“四个最严”，进一步强化食品安全全链条监管，守护好人民群众“舌尖上的安全”。","# 张国清在内蒙古调研时强调

> 《人民日报》（2026年01月07日第 02 版）

新华社呼和浩特1月6日电  中共中央政治局委员、国务院副总理张国清4日至6日在内蒙古调研产业创新发展、质量监管等工作。他强调，要深入贯彻习近平总书记重要指示精神和中央经济工作会议精神，落实党中央、国务院决策部署，扎实推进科技创新和产业创新深度融合，因地制宜发展新质生产力，持续强化质量监管，更好服务高质量发展和高品质生活。

在呼和浩特市和包头市，张国清先后来到内蒙古电力集团大青山实验室、东宝生物技术有限公司，调研新型电力系统研发攻关、生物技术产业创新等情况。他强调，要以科技创新引领产业升级，不断催生新质生产力。要强化企业创新主体地位，坚持正向设计、正向突破，面向产业需求加强应用基础研究和前沿研究，在提高自主创新特别是原始创新能力上持续用力，夯实技术底座。要推动创新链和产业链无缝衔接，突出需求导向、场景牵引，强化中试验证、推广应用，将更多创新成果应用到产业链上，形成技术研发、场景验证、产业转化、迭代升级的良性循环。要用好大规模设备更新和制造业重大技术改造升级等政策，坚持智能化、绿色化、融合化方向，支持企业加快设备更新、工艺升级和数字赋能。要同步推进硬件、软件和标准一体化发展，出硬件的同时出软件、出标准。

张国清来到内蒙古纤维质量监测中心，调研质量监管、检测认证等工作。他强调，要强化质量源头治理，统筹用好产品强制性认证、国家强制性标准等举措，以标准升级带动质量提升。对涉及人民群众生命财产安全和公共安全的产品，要及时纳入生产许可证管理。要坚持抓在日常、严在平时，完善部门联动、异地协同、实时动态、线上线下一体化监管措施，加强风险监控、监督抽查、缺陷召回、产品追溯，严厉打击质量安全违法违规行为。要加强对检测认证机构的监管，督促落实主体责任，发挥好检测认证“守门人”作用。

在内蒙古期间，张国清还就食品安全工作开展调研。他强调，要始终坚持“四个最严”，进一步强化食品安全全链条监管，守护好人民群众“舌尖上的安全”。",,要闻,https://paper.people.com.cn/rmrb/pc/content/202601/07/content_30130198.html,2026-01-07,"['张国清', '创新', '质量', '监管', '内蒙古', '认证', '升级', '调研', '强调', '产业']","新华社呼和浩特1月6日电  中共中央政治局委员、国务院副总理张国清4日至6日在内蒙古调研产业创新发展、质量监管等工作。他强调，要深入贯彻习近平总书记重要指示精神和中央经济工作会议精神，落实党中央、国务院决策部署，扎实推进科技创新和产业创新深度融合，因地制宜发展新质生产力，持续强化质量监管，更好服务高质量发展和高品质生活。
在呼和浩特市和包头市，张国清先后来到内蒙古电力集团大青山实验室、东宝生物技术有限公司，调研新型电力系统研发攻关、生物技术产业创新等情况。他强调，要以科技创新引领产业升级，不断催生新质生产力。要强化企业创新主体地位，坚持正向设计、正向突破，面向产业需求加强应用基础研究和前沿研究，在提高自主创新特别是原始创新能力上持续用力，夯实技术底座。要推动创新链和产业链无缝衔接，突出需求导向、场景牵引，强化中试验证、推广应用，将更多创新成果应用到产业链上，形成技术研发、场景验证、产业转化、迭代升级的良性循环。要用好大规模设备更新和制造业重大技术改造升级等政策，坚持智能化、绿色化、融合化方向，支持企业加快设备更新、工艺升级和数字赋能。要同步推进硬件、软件和标准一体化发展，出硬件的同时出软件、出标准。
张国清来到内蒙古纤维质量监测中心，调研质量监管、检测认证等工作。他强调，要强化质量源头治理，统筹用好产品强制性认证、国家强制性标准等举措，以标准升级带动质量提升。对涉及人民群众生命财产安全和公共安全的产品，要及时纳入生产许可证管理。要坚持抓在日常、严在平时，完善部门联动、异地协同、实时动态、线上线下一体化监管措施，加强风险监控、监督抽查、缺陷召回、产品追溯，严厉打击质量安全违法违规行为。要加强对检测认证机构的监管，督促落实主体责任，发挥好检测认证“守门人”作用。",政治
三位外媒记者讲述在中国的所见所闻——,"实现现代化是世界各国的普遍追求。从脱贫攻坚到绿色发展，从科技创新到发展新质生产力、挖掘经济新增长点，中国在自身高质量发展的同时，为其他国家发展提供机遇。不少外国媒体记者来中国工作、生活或参观访问，亲身感受中国式现代化的生动实践。近日，3名外媒记者接受本报记者采访，讲述他们在华所见所闻所感。
西班牙记者费尔南多·莫拉莱斯——
“在这里，始终坚持一切为了人民、一切依靠人民”
在位于北京的中国共产党历史展览馆全景影院里，西班牙《全球世界》记者费尔南多·莫拉莱斯被沉浸式展现长征场景的影片深深震撼。“我仿佛置身于这一伟大的历史进程中。”莫拉莱斯说，“中国从来没有忘记自己从哪里来。在这里，始终坚持一切为了人民、一切依靠人民。”
过去一年，莫拉莱斯先后走访北京、杭州、重庆等城市。在北京，比亚迪体验店的一款新能源车不仅能自动泊车、原地转向，还具备应急浮水功能；在杭州，科技园区里人工智能的最新成果从实验室走向日常应用；在重庆，依山而建的洪崖洞在夜晚霓虹耀眼……莫拉莱斯说：“随便哪个场景发到社交媒体上，都会成为引发热议的话题，但对于中国人来说却是生活的日常。”
莫拉莱斯认为，着眼长远的制度设计、高效的执行，让中国的发展具有延续性和整体性。在推动落实一项政策时，中国政府首先考虑的是人民需不需要、是否造福子孙后代。2025年6月随团访问新疆时，他得知当地一个县城在2009年建设了长达160公里的饮水管道，不到一年时间就解决了数十万人的饮水难题。“通过顶层设计和长远规划，中国的发展不局限在某个城市、某个区域，而是触及了每一个角落。”莫拉莱斯说。
2025年8月，莫拉莱斯在北京参加了西班牙媒体人培训班。莫拉莱斯了解到：除了便利发达的公共交通，中国政府还通过政策鼓励民众购买新能源汽车。“我看到了政府在改善空气质量方面切切实实的努力。”莫拉莱斯表示，环境问题关乎全人类，中国的行动不仅改善了自身环境，也惠及全世界。
莫拉莱斯表示，中国是一个“开放、真诚的合作伙伴”。中国的发展经验不只是属于自己，更为其他全球南方国家提供了参考。“中国式现代化最大的启示，就是让发展的成果惠及人民，并与世界分享机遇。这才是真正的繁荣。”莫拉莱斯说。
巴西记者拉斐尔·恩里克·泽尔贝托——
“理论与实践相结合的科学治理，把不可能变为现实”
在中国10余年，巴西记者拉斐尔·恩里克·泽尔贝托走访过多地，赞叹中国的“系统性规划”：一项项政策环环相扣，一个个领域的突破推动着整体进步。他认为，中国式现代化不仅仅是一条属于中国的发展道路，也是一面镜子，映照着全球南方国家的发展选择，为其他国家提供了丰富的启示，“理论与实践相结合的科学治理，把不可能变为现实”。
在内蒙古，泽尔贝托目睹植树造林阻挡沙漠前进，废弃煤矿变身生态公园。“美洲文化有一种观点认为，经济利益不能凌驾于环境保护之上，因为没有环境，生命就无法存续。这与中国提出的绿水青山就是金山银山理念异曲同工。”泽尔贝托认为，中国的生态治理成效不仅为本国民众带来福祉，也为其他全球南方国家提供了重要借鉴，“中国的发展经验表明：只有走绿色发展之路，才能拥抱真正的未来”。
泽尔贝托多次深入中国乡村，采访报道脱贫攻坚、乡村全面振兴。在湖北咸丰县茶叶产区，漫山的茶树和如画的风景，吸引游客纷至沓来，促进了当地产业振兴。他在报道中如是写道：“这里的人们过去连吃饱都困难，如今却能在夜间消费娱乐。这种转变比数据更能打动人心。”泽尔贝托认为，咸丰县的蝶变证明，立足本地经济发展的扶贫路径具有可持续性。
更让泽尔贝托印象深刻的，是中国在数字经济和科技赋能上的探索。他注意到，电商为农产品打开销路，乡村旅游与文化创意结合，越来越多的青年回到了家乡。“在中国，扶贫不仅是提高收入，还包括加强对教育、医疗和住房的保障。”泽尔贝托说，中国政府强调“两不愁三保障”，坚持脱贫人员不再返贫。中国政府还注重“精神脱贫”，让群众通过辛勤劳动获得自信，真正掌握改变命运的钥匙。
莱索托记者莫特巴·楚尼亚内——
“中国利用自身经验助力非洲国家现代化进程”
“在中国参访期间，每到一处，看到当地在农业现代化、绿色产业、智能制造等领域的成就，我深感钦佩的同时，也希望能把这些先进的发展经验介绍给莱索托。”莱索托国家通讯社记者莫特巴·楚尼亚内在接受本报记者采访时表示。
2024年8月至12月，楚尼亚内与来自80多个国家的近百名记者来到中国，深入田间地头、工厂车间采访报道。在吉林调研冰雪经济、在宁夏调研光伏治沙、参与中非合作论坛北京峰会的报道，这些经历都给楚尼亚内留下深刻印象。她说，此行使她加深了对中国的了解，也对现代化的路径选择有了更多思考。
楚尼亚内举例说，在腾格里沙漠，当地利用太阳能资源发展光伏产业，还在光伏板下铺设草方格，实现防风固沙和植被修复。这种新能源开发和生态治理相结合的方式很有启发意义。在吉林，当地政府利用冰雪资源发展旅游业，创造了新的经济增长点。莱索托是南部非洲为数不多有降雪并拥有滑雪场的国家，她希望通过自己的报道向莱索托读者讲述好中国发展冰雪产业的故事。
参观位于北京的中国农业机械化科学研究院，楚尼亚内直观地了解到中国先进的农业发展技术和现代化农机设备。“提高农业效率、实现农业现代化是莱索托的重要发展方向，莱中在农业机械化、农业技术交流等领域有着广阔的合作空间。”她介绍，2025年4月，莱索托国立大学农业科技孔子学院正式揭牌，将在提供中文教育的同时结合当地特色开展农业技术培训。她说：“中国总是能精准把握非洲国家的发展需求，为非洲国家提供有针对性的帮助。”
“中国不断培育新业态、塑造新场景、催生新服务。数字支付、电商平台带来更便捷的生活，冰雪经济推动特色旅游业发展，电动汽车的普及让人们过上更绿色的生活，人工智能的快速发展提高生产效率……中国式现代化体现在方方面面，让每个民众都从中受益。”楚尼亚内表示，“更令人感动的是，中国利用自身经验助力非洲国家现代化进程，通过各种举措为非洲产品提供广阔市场，还在工业化、农业现代化和人才培养等领域积极开展合作。在我看来，这是中国式现代化的独特魅力。”","# 三位外媒记者讲述在中国的所见所闻——

> 本报记者  颜  欢  陈海琪  戴楷然  龚  鸣《人民日报》（2026年01月07日第 03 版）

实现现代化是世界各国的普遍追求。从脱贫攻坚到绿色发展，从科技创新到发展新质生产力、挖掘经济新增长点，中国在自身高质量发展的同时，为其他国家发展提供机遇。不少外国媒体记者来中国工作、生活或参观访问，亲身感受中国式现代化的生动实践。近日，3名外媒记者接受本报记者采访，讲述他们在华所见所闻所感。

**西班牙记者费尔南多·莫拉莱斯——**

**“在这里，始终坚持一切为了人民、一切依靠人民”**

在位于北京的中国共产党历史展览馆全景影院里，西班牙《全球世界》记者费尔南多·莫拉莱斯被沉浸式展现长征场景的影片深深震撼。“我仿佛置身于这一伟大的历史进程中。”莫拉莱斯说，“中国从来没有忘记自己从哪里来。在这里，始终坚持一切为了人民、一切依靠人民。”

过去一年，莫拉莱斯先后走访北京、杭州、重庆等城市。在北京，比亚迪体验店的一款新能源车不仅能自动泊车、原地转向，还具备应急浮水功能；在杭州，科技园区里人工智能的最新成果从实验室走向日常应用；在重庆，依山而建的洪崖洞在夜晚霓虹耀眼……莫拉莱斯说：“随便哪个场景发到社交媒体上，都会成为引发热议的话题，但对于中国人来说却是生活的日常。”

莫拉莱斯认为，着眼长远的制度设计、高效的执行，让中国的发展具有延续性和整体性。在推动落实一项政策时，中国政府首先考虑的是人民需不需要、是否造福子孙后代。2025年6月随团访问新疆时，他得知当地一个县城在2009年建设了长达160公里的饮水管道，不到一年时间就解决了数十万人的饮水难题。“通过顶层设计和长远规划，中国的发展不局限在某个城市、某个区域，而是触及了每一个角落。”莫拉莱斯说。

2025年8月，莫拉莱斯在北京参加了西班牙媒体人培训班。莫拉莱斯了解到：除了便利发达的公共交通，中国政府还通过政策鼓励民众购买新能源汽车。“我看到了政府在改善空气质量方面切切实实的努力。”莫拉莱斯表示，环境问题关乎全人类，中国的行动不仅改善了自身环境，也惠及全世界。

莫拉莱斯表示，中国是一个“开放、真诚的合作伙伴”。中国的发展经验不只是属于自己，更为其他全球南方国家提供了参考。“中国式现代化最大的启示，就是让发展的成果惠及人民，并与世界分享机遇。这才是真正的繁荣。”莫拉莱斯说。

**巴西记者拉斐尔·恩里克·泽尔贝托——**

**“理论与实践相结合的科学治理，把不可能变为现实”**

在中国10余年，巴西记者拉斐尔·恩里克·泽尔贝托走访过多地，赞叹中国的“系统性规划”：一项项政策环环相扣，一个个领域的突破推动着整体进步。他认为，中国式现代化不仅仅是一条属于中国的发展道路，也是一面镜子，映照着全球南方国家的发展选择，为其他国家提供了丰富的启示，“理论与实践相结合的科学治理，把不可能变为现实”。

在内蒙古，泽尔贝托目睹植树造林阻挡沙漠前进，废弃煤矿变身生态公园。“美洲文化有一种观点认为，经济利益不能凌驾于环境保护之上，因为没有环境，生命就无法存续。这与中国提出的绿水青山就是金山银山理念异曲同工。”泽尔贝托认为，中国的生态治理成效不仅为本国民众带来福祉，也为其他全球南方国家提供了重要借鉴，“中国的发展经验表明：只有走绿色发展之路，才能拥抱真正的未来”。

泽尔贝托多次深入中国乡村，采访报道脱贫攻坚、乡村全面振兴。在湖北咸丰县茶叶产区，漫山的茶树和如画的风景，吸引游客纷至沓来，促进了当地产业振兴。他在报道中如是写道：“这里的人们过去连吃饱都困难，如今却能在夜间消费娱乐。这种转变比数据更能打动人心。”泽尔贝托认为，咸丰县的蝶变证明，立足本地经济发展的扶贫路径具有可持续性。

更让泽尔贝托印象深刻的，是中国在数字经济和科技赋能上的探索。他注意到，电商为农产品打开销路，乡村旅游与文化创意结合，越来越多的青年回到了家乡。“在中国，扶贫不仅是提高收入，还包括加强对教育、医疗和住房的保障。”泽尔贝托说，中国政府强调“两不愁三保障”，坚持脱贫人员不再返贫。中国政府还注重“精神脱贫”，让群众通过辛勤劳动获得自信，真正掌握改变命运的钥匙。

**莱索托记者莫特巴·楚尼亚内——**

**“中国利用自身经验助力非洲国家现代化进程”**

“在中国参访期间，每到一处，看到当地在农业现代化、绿色产业、智能制造等领域的成就，我深感钦佩的同时，也希望能把这些先进的发展经验介绍给莱索托。”莱索托国家通讯社记者莫特巴·楚尼亚内在接受本报记者采访时表示。

2024年8月至12月，楚尼亚内与来自80多个国家的近百名记者来到中国，深入田间地头、工厂车间采访报道。在吉林调研冰雪经济、在宁夏调研光伏治沙、参与中非合作论坛北京峰会的报道，这些经历都给楚尼亚内留下深刻印象。她说，此行使她加深了对中国的了解，也对现代化的路径选择有了更多思考。

楚尼亚内举例说，在腾格里沙漠，当地利用太阳能资源发展光伏产业，还在光伏板下铺设草方格，实现防风固沙和植被修复。这种新能源开发和生态治理相结合的方式很有启发意义。在吉林，当地政府利用冰雪资源发展旅游业，创造了新的经济增长点。莱索托是南部非洲为数不多有降雪并拥有滑雪场的国家，她希望通过自己的报道向莱索托读者讲述好中国发展冰雪产业的故事。

参观位于北京的中国农业机械化科学研究院，楚尼亚内直观地了解到中国先进的农业发展技术和现代化农机设备。“提高农业效率、实现农业现代化是莱索托的重要发展方向，莱中在农业机械化、农业技术交流等领域有着广阔的合作空间。”她介绍，2025年4月，莱索托国立大学农业科技孔子学院正式揭牌，将在提供中文教育的同时结合当地特色开展农业技术培训。她说：“中国总是能精准把握非洲国家的发展需求，为非洲国家提供有针对性的帮助。”

“中国不断培育新业态、塑造新场景、催生新服务。数字支付、电商平台带来更便捷的生活，冰雪经济推动特色旅游业发展，电动汽车的普及让人们过上更绿色的生活，人工智能的快速发展提高生产效率……中国式现代化体现在方方面面，让每个民众都从中受益。”楚尼亚内表示，“更令人感动的是，中国利用自身经验助力非洲国家现代化进程，通过各种举措为非洲产品提供广阔市场，还在工业化、农业现代化和人才培养等领域积极开展合作。在我看来，这是中国式现代化的独特魅力。”",颜  欢  陈海琪  戴楷然  龚  鸣,要闻,https://paper.people.com.cn/rmrb/pc/content/202601/07/content_30130205.html,2026-01-07,"['莫拉莱', '中国', '现代化', '泽尔贝托', '发展', '莱索托', '尼亚', '农业', '国家', '斯说']","实现现代化是世界各国的普遍追求。从脱贫攻坚到绿色发展，从科技创新到发展新质生产力、挖掘经济新增长点，中国在自身高质量发展的同时，为其他国家发展提供机遇。不少外国媒体记者来中国工作、生活或参观访问，亲身感受中国式现代化的生动实践。近日，3名外媒记者接受本报记者采访，讲述他们在华所见所闻所感。
西班牙记者费尔南多·莫拉莱斯——
“在这里，始终坚持一切为了人民、一切依靠人民”",政治
潜心科研，提升中微子振荡参数测量精度（奋进“十五五”·一线见闻）,"加强基础研究战略性、前瞻性、体系化布局，提高基础研究投入比重，加大长期稳定支持。
——摘自“十五五”规划建议
2025年8月，当位于广东的江门中微子实验装置顺利建成时，我在实验站现场的控制室里，看着控制屏上的数据流，心中百感交集。这一刻，我们等了10多年。
中微子因极难探测，被称为“幽灵粒子”。作为从大亚湾中微子实验就开始研究“幽灵粒子”的科研人员，我深知江门实验的意义——我们要以全新的精度测量中微子振荡，破解其质量顺序的谜题。项目初期，实验室还是一片正在开挖的“山体”，我们戴着安全帽在施工现场忙碌，通过模拟计算和理论研究，为探测器研发和性能研究做准备。
2022年，随着土建工程结束，地下实验大厅正式交付，我们开始了探测器的安装工作。那段时间，我频繁往返于北京和江门之间。最紧张的是2024年12月到2025年2月，我在江门连续工作了近3个月，每天都要处理探测器的状态监控、任务分配和各种突发状况。那段时间，工作和生活的界限变得非常模糊，脑子里装的都是探测器的事。
2025年8月22日晚上，我记得格外清楚。当时我们正在进行有机玻璃球内液闪的置换工作，依靠传统方法无法精确判断完成时间。我提出了一个方案：利用放射源沿导轨滑动，通过测量计数率变化来反推液面高度。结果令人惊喜——我们不仅看到了液面持续下降的趋势，还预测出完成时间在晚上10点左右。最终，液闪在晚上10点12分被完全抽出，这个方法的精度比传统方法提高了约100倍，让整个团队信心大增。
江门中微子实验是一个国际合作项目，来自17个国家和地区的700多名科研人员参与其中。欧洲团队贡献了不少探测器部件，泰国、巴基斯坦等国家的团队也深度参与，这种跨越国界的科研合作，让我们深深感到了“科学无国界”。
2025年11月19日，我们发布了首个物理成果。通过数据分析，我们将中微子振荡参数的测量精度提高了1.5到1.8倍。这个结果证明，探测器的性能完全符合设计预期。这只是一个开始——未来3到5年，我们有望将测量精度提升到更高水平。
有人问，中微子研究离日常生活那么远，为什么要投入这么多资源？我觉得，基础科学研究的价值往往需要时间来证明。中微子研究不仅能够帮助我们理解宇宙的基本规律，还可能在未来带来意想不到的发现。比如，通过探测地球中微子，我们可以分析地壳和地幔中的放射性元素含量；通过捕捉超新星中微子，能研究恒星爆发的机制。这些研究正在为地球科学和天体物理开辟新的方向。展望“十五五”，我们将继续聚焦中微子质量顺序这个核心问题，同时拓展地球中微子、超新星中微子等交叉研究。
江门中微子实验装置的设计使用寿命是30年，我们将继续攻关，捕捉“幽灵粒子”的踪迹，为探索宇宙的基本规律贡献力量。
（作者为中国科学院高能物理研究所实验物理中心中微子组组长，本报记者姜晓丹采访整理）
■记者手记
探索未知，需要更多勇气与担当
科研探索就像播种，短期难见果实，却在某种程度上延展着人类认知的边界。中微子研究亦如此：它不仅能够揭示宇宙的基本规律，还可能孕育跨界应用，为地球科学与天体物理科学打开全新的研究路径。这些看似遥远的观测，正在悄然为跨学科研究铺设地基。
今天看似“无用”的探索，或许正是解答未来诸多科研问题的关键钥匙。为了捕捉“幽灵粒子”蕴含的信息，江门中微子科研团队勇于拼搏创新，在一次次失败与迭代中不言放弃，用韧劲与智慧把不可能一步步变为可能。面对探测器运行中的复杂状况和关键工艺瓶颈，科研工作者日夜分析数据、反复优化方案，并提出了全新的测量思路，使相关精度大幅提升。坚持的背后，是探索未知的勇气与担当。
基础科学的魅力，恰恰在于以耐心换取可能，用好奇心照亮前路，在时间的沉淀中积蓄科学的力量。
■延伸阅读
中微子实验的研究目标有哪些
中微子是自然界中最基本、最神秘的粒子之一。它不带电、质量极小，几乎不与物质相互作用，能轻松穿透地球、太阳甚至整个星系。研究中微子，不仅能够揭示粒子物理的基本规律，还能为天体物理、地球科学提供全新的研究手段。
江门中微子实验是一个由中国科学院高能物理研究所负责的重大国际合作项目，成员包括来自17个国家和地区、75个科研机构的700多名研究人员。2015年，项目启动隧道和地下实验室建设。2025年8月26日，项目正式运行取数，成为国际上首个运行的超大规模和超高精度中微子专用大科学装置。
除了聚焦中微子质量顺序，江门中微子实验还将继续提升中微子振荡参数测量精度，开展对太阳、超新星、大气及地球中微子的研究，并寻找超出粒子物理标准模型的新现象和新理论。江门中微子实验的设计使用寿命为30年，可升级改造为世界最灵敏的无中微子双贝塔衰变实验，以检验中微子是否为自身的反粒子，并探测中微子的绝对质量。
（本报记者姜晓丹整理）","# 潜心科研，提升中微子振荡参数测量精度（奋进“十五五”·一线见闻）

> 于泽源《人民日报》（2026年01月07日第 04 版）

加强基础研究战略性、前瞻性、体系化布局，提高基础研究投入比重，加大长期稳定支持。

——摘自“十五五”规划建议

2025年8月，当位于广东的江门中微子实验装置顺利建成时，我在实验站现场的控制室里，看着控制屏上的数据流，心中百感交集。这一刻，我们等了10多年。

中微子因极难探测，被称为“幽灵粒子”。作为从大亚湾中微子实验就开始研究“幽灵粒子”的科研人员，我深知江门实验的意义——我们要以全新的精度测量中微子振荡，破解其质量顺序的谜题。项目初期，实验室还是一片正在开挖的“山体”，我们戴着安全帽在施工现场忙碌，通过模拟计算和理论研究，为探测器研发和性能研究做准备。

2022年，随着土建工程结束，地下实验大厅正式交付，我们开始了探测器的安装工作。那段时间，我频繁往返于北京和江门之间。最紧张的是2024年12月到2025年2月，我在江门连续工作了近3个月，每天都要处理探测器的状态监控、任务分配和各种突发状况。那段时间，工作和生活的界限变得非常模糊，脑子里装的都是探测器的事。

2025年8月22日晚上，我记得格外清楚。当时我们正在进行有机玻璃球内液闪的置换工作，依靠传统方法无法精确判断完成时间。我提出了一个方案：利用放射源沿导轨滑动，通过测量计数率变化来反推液面高度。结果令人惊喜——我们不仅看到了液面持续下降的趋势，还预测出完成时间在晚上10点左右。最终，液闪在晚上10点12分被完全抽出，这个方法的精度比传统方法提高了约100倍，让整个团队信心大增。

江门中微子实验是一个国际合作项目，来自17个国家和地区的700多名科研人员参与其中。欧洲团队贡献了不少探测器部件，泰国、巴基斯坦等国家的团队也深度参与，这种跨越国界的科研合作，让我们深深感到了“科学无国界”。

2025年11月19日，我们发布了首个物理成果。通过数据分析，我们将中微子振荡参数的测量精度提高了1.5到1.8倍。这个结果证明，探测器的性能完全符合设计预期。这只是一个开始——未来3到5年，我们有望将测量精度提升到更高水平。

有人问，中微子研究离日常生活那么远，为什么要投入这么多资源？我觉得，基础科学研究的价值往往需要时间来证明。中微子研究不仅能够帮助我们理解宇宙的基本规律，还可能在未来带来意想不到的发现。比如，通过探测地球中微子，我们可以分析地壳和地幔中的放射性元素含量；通过捕捉超新星中微子，能研究恒星爆发的机制。这些研究正在为地球科学和天体物理开辟新的方向。展望“十五五”，我们将继续聚焦中微子质量顺序这个核心问题，同时拓展地球中微子、超新星中微子等交叉研究。

江门中微子实验装置的设计使用寿命是30年，我们将继续攻关，捕捉“幽灵粒子”的踪迹，为探索宇宙的基本规律贡献力量。

（作者为中国科学院高能物理研究所实验物理中心中微子组组长，本报记者姜晓丹采访整理）

**■记者手记**

**探索未知，需要更多勇气与担当**

科研探索就像播种，短期难见果实，却在某种程度上延展着人类认知的边界。中微子研究亦如此：它不仅能够揭示宇宙的基本规律，还可能孕育跨界应用，为地球科学与天体物理科学打开全新的研究路径。这些看似遥远的观测，正在悄然为跨学科研究铺设地基。

今天看似“无用”的探索，或许正是解答未来诸多科研问题的关键钥匙。为了捕捉“幽灵粒子”蕴含的信息，江门中微子科研团队勇于拼搏创新，在一次次失败与迭代中不言放弃，用韧劲与智慧把不可能一步步变为可能。面对探测器运行中的复杂状况和关键工艺瓶颈，科研工作者日夜分析数据、反复优化方案，并提出了全新的测量思路，使相关精度大幅提升。坚持的背后，是探索未知的勇气与担当。

基础科学的魅力，恰恰在于以耐心换取可能，用好奇心照亮前路，在时间的沉淀中积蓄科学的力量。

**■延伸阅读**

**中微子实验的研究目标有哪些**

中微子是自然界中最基本、最神秘的粒子之一。它不带电、质量极小，几乎不与物质相互作用，能轻松穿透地球、太阳甚至整个星系。研究中微子，不仅能够揭示粒子物理的基本规律，还能为天体物理、地球科学提供全新的研究手段。

江门中微子实验是一个由中国科学院高能物理研究所负责的重大国际合作项目，成员包括来自17个国家和地区、75个科研机构的700多名研究人员。2015年，项目启动隧道和地下实验室建设。2025年8月26日，项目正式运行取数，成为国际上首个运行的超大规模和超高精度中微子专用大科学装置。

除了聚焦中微子质量顺序，江门中微子实验还将继续提升中微子振荡参数测量精度，开展对太阳、超新星、大气及地球中微子的研究，并寻找超出粒子物理标准模型的新现象和新理论。江门中微子实验的设计使用寿命为30年，可升级改造为世界最灵敏的无中微子双贝塔衰变实验，以检验中微子是否为自身的反粒子，并探测中微子的绝对质量。

（本报记者姜晓丹整理）",于泽源,要闻,https://paper.people.com.cn/rmrb/pc/content/202601/07/content_30130211.html,2026-01-07,"['中微子', '江门', '研究', '实验', '精度', '探测器', '2025', '粒子', '测量', '我们']","加强基础研究战略性、前瞻性、体系化布局，提高基础研究投入比重，加大长期稳定支持。
——摘自“十五五”规划建议
2025年8月，当位于广东的江门中微子实验装置顺利建成时，我在实验站现场的控制室里，看着控制屏上的数据流，心中百感交集。这一刻，我们等了10多年。",政治
解决思想问题和解决实际问题相结合（人民论坛）,"“读罢此文，这句‘思想转弯，是为了发展转型’，说出了发展实际，道出了干部心声”，有位从事组织工作的同志，在微信朋友圈推荐人民日报通讯《老杨小杨思想“转弯”记》。
从“排污大户”到“全国碳交易试点企业”，从满腹怨气“叫板”到积极主动升级，楚源集团的深刻变革，何为内驱力？
企业家思想转变，促企业发展转型；企业转型让企业家尝到甜头，进一步促进思想转变。实践、认识、再实践、再认识，彰显党的创新理论的思想伟力。
“学习党的创新理论的目的全在于运用。”解决思想问题和解决实际问题相结合，领悟得越深，运用得越好，思想的力量就越强。
从一企看一域，“我们谈高质量发展，不谈新发展理念不行”。
曾经，渴盼与苏南并跑，苏北在发展冲动下引进一些低端产业。当时地区生产总值上去了，但为若干年后的响水特别重大爆炸事故埋下隐患。
痛定思痛，思想转弯。南北教育结对，南北人才流通，“研发在苏南、生产在苏北”……以新发展理念为指挥棒，“四链”深度融合，2025年江苏13个市全部跻身全国百强，是全国区域差距最小的省份之一。
思想转变，带动发展转型；思想主动，赢得发展主动。
“实现技术自立自强，做强做大民族品牌。”思想引领，弯道超车，我国新能源汽车产销规模、核心技术、产业链生态等实现跨越式突破，出口全球第一，成为新时代“国家名片”。
“构建新发展格局的关键在于实现经济循环的畅通无阻。”北京从“大而全”转向“高精尖”，天津以“引得来”巩固“发展好”，河北用“接得住”实现“升级跳”，京津冀协同发展，“谁都得到自己想要的好东西”。
“因地制宜发展新质生产力。”借助“风光”资源，发挥“东数西算”工程枢纽节点的政策优势，内蒙古不再只守着“羊煤土气”，而是打通从清洁能源到绿色算力的全产业链，算力总规模、智算规模全国双第一。
新时代以来，面对复杂多变的内外环境，我国经济之所以展现出强大韧性和活力，最根本的原因就在于，以习近平经济思想引领高质量发展，撬动了关系发展全局的深刻变革。
进入“十五五”时期，战略机遇和风险挑战并存、不确定难预料因素增多。解决发展中的老问题、新挑战，活学活用才能风生水起。
“检验理论学习成效，要看党的创新理论是否入心见行、党员干部是否做到善思善用”。用习近平新时代中国特色社会主义思想凝心铸魂，真学、真懂、真信、真用，我们的思想将有一个更大的转变，我们的事业将有一个更光明的未来。","# 解决思想问题和解决实际问题相结合（人民论坛）

> 萧  雅《人民日报》（2026年01月07日第 04 版）

“读罢此文，这句‘思想转弯，是为了发展转型’，说出了发展实际，道出了干部心声”，有位从事组织工作的同志，在微信朋友圈推荐人民日报通讯《老杨小杨思想“转弯”记》。

从“排污大户”到“全国碳交易试点企业”，从满腹怨气“叫板”到积极主动升级，楚源集团的深刻变革，何为内驱力？

企业家思想转变，促企业发展转型；企业转型让企业家尝到甜头，进一步促进思想转变。实践、认识、再实践、再认识，彰显党的创新理论的思想伟力。

“学习党的创新理论的目的全在于运用。”解决思想问题和解决实际问题相结合，领悟得越深，运用得越好，思想的力量就越强。

从一企看一域，“我们谈高质量发展，不谈新发展理念不行”。

曾经，渴盼与苏南并跑，苏北在发展冲动下引进一些低端产业。当时地区生产总值上去了，但为若干年后的响水特别重大爆炸事故埋下隐患。

痛定思痛，思想转弯。南北教育结对，南北人才流通，“研发在苏南、生产在苏北”……以新发展理念为指挥棒，“四链”深度融合，2025年江苏13个市全部跻身全国百强，是全国区域差距最小的省份之一。

思想转变，带动发展转型；思想主动，赢得发展主动。

“实现技术自立自强，做强做大民族品牌。”思想引领，弯道超车，我国新能源汽车产销规模、核心技术、产业链生态等实现跨越式突破，出口全球第一，成为新时代“国家名片”。

“构建新发展格局的关键在于实现经济循环的畅通无阻。”北京从“大而全”转向“高精尖”，天津以“引得来”巩固“发展好”，河北用“接得住”实现“升级跳”，京津冀协同发展，“谁都得到自己想要的好东西”。

“因地制宜发展新质生产力。”借助“风光”资源，发挥“东数西算”工程枢纽节点的政策优势，内蒙古不再只守着“羊煤土气”，而是打通从清洁能源到绿色算力的全产业链，算力总规模、智算规模全国双第一。

新时代以来，面对复杂多变的内外环境，我国经济之所以展现出强大韧性和活力，最根本的原因就在于，以习近平经济思想引领高质量发展，撬动了关系发展全局的深刻变革。

进入“十五五”时期，战略机遇和风险挑战并存、不确定难预料因素增多。解决发展中的老问题、新挑战，活学活用才能风生水起。

“检验理论学习成效，要看党的创新理论是否入心见行、党员干部是否做到善思善用”。用习近平新时代中国特色社会主义思想凝心铸魂，真学、真懂、真信、真用，我们的思想将有一个更大的转变，我们的事业将有一个更光明的未来。",萧  雅,要闻,https://paper.people.com.cn/rmrb/pc/content/202601/07/content_30130212.html,2026-01-07,"['思想', '发展', '转型', '解决', '转弯', '转变', '算力', '理论', '习近平', '问题']","“读罢此文，这句‘思想转弯，是为了发展转型’，说出了发展实际，道出了干部心声”，有位从事组织工作的同志，在微信朋友圈推荐人民日报通讯《老杨小杨思想“转弯”记》。
从“排污大户”到“全国碳交易试点企业”，从满腹怨气“叫板”到积极主动升级，楚源集团的深刻变革，何为内驱力？
企业家思想转变，促企业发展转型；企业转型让企业家尝到甜头，进一步促进思想转变。实践、认识、再实践、再认识，彰显党的创新理论的思想伟力。",政治
和美乡村产业兴,"1月6日，在安徽省安庆市岳西县响肠镇千佛塔村，草莓大棚错落有致，与田地、民居、道路等构成一幅乡村的冬日画卷。近年来，当地大力发展乡村旅游、生态农业、文化创意等新业态，带动村民增收致富。
吴均奇摄（影像中国）","# 和美乡村产业兴

> 《人民日报》（2026年01月07日第 04 版）

1月6日，在安徽省安庆市岳西县响肠镇千佛塔村，草莓大棚错落有致，与田地、民居、道路等构成一幅乡村的冬日画卷。近年来，当地大力发展乡村旅游、生态农业、文化创意等新业态，带动村民增收致富。

吴均奇摄（影像中国）",,要闻,https://paper.people.com.cn/rmrb/pc/content/202601/07/content_30130213.html,2026-01-07,"['乡村', '岳西县', '响肠镇', '奇摄', '吴均', '安庆市', '错落有致', '生态农业', '大棚', '民居']","1月6日，在安徽省安庆市岳西县响肠镇千佛塔村，草莓大棚错落有致，与田地、民居、道路等构成一幅乡村的冬日画卷。近年来，当地大力发展乡村旅游、生态农业、文化创意等新业态，带动村民增收致富。
吴均奇摄（影像中国）",文化
江苏常州援疆医生陈古一坐诊、带教，开展义诊——,"跨越几千公里，从江苏常州到新疆尼勒克，常州市武进区中医陈古一（见图右二，塔玛夏·也门别尔根摄）像候鸟一样飞越天山，每年如约而至，坐诊、带教，走村入户开展义诊。6年过去，第六次踏上这片土地，他不再是“外面来的专家”，乡亲们见了都笑着喊：“陈院长来啦！”一声称呼，透着亲切，也含着信任。
治病救人，带徒传艺，一点一滴，润物无声。这是一年又一年的坚持，也是写在泥土里的温情。
中医救治，用心用情
清晨，尼勒克县的山间还罩着薄雾。乌拉斯台镇的德玛西缓缓活动着手掌——那双曾僵硬如树根、连筷子都握不住的手，如今已能灵巧地伸展。她仔细包好一面锦旗，准备赶往70多公里外的县中医院，当面感谢帮她治好病的援疆医生陈古一。
尼勒克县位于新疆西北部，四面环山，山顶终年积雪。因昼夜温差大，寒热交替频繁，这里风湿寒湿类疾病高发，许多患者长期饱受病痛之苦。
年近五十的德玛西就是风湿寒湿类疾病患者。当时，她双手关节疼得睡不着觉，见到陈古一，还没开口就掉了泪。丈夫瘫痪在床，孩子还在上学，家里的担子全压在她肩上。“药吃了不少，还是反复疼，像针扎一样。”德玛西说。
“这是‘痹症’，通俗地说，就是寒冷和湿气钻进骨头缝里，关节‘生锈’了，变得僵硬、疼痛。”陈古一把完脉说。他用《金匮要略》里的方子加减调理，开了桂枝芍药知母汤，叮嘱服用14剂，同时忌口寒凉发物，半个月后复诊。
过了两周，德玛西的肿痛开始减轻，夜里能睡整觉，手指也变得灵活了。陈古一回江苏后，也通过视频望诊问诊，慢慢调方子。
坚持治疗半年，德玛西的手好了，能做饭、种地、操持家务。更让她感动的是，陈古一还悄悄托人把自己的援疆补贴转给她，帮她渡过难关。
这天，陈古一刚到医院门口，德玛西就捧着锦旗迎了上来。她动情地说：“谢谢陈院长……我现在能干活，能照顾家人了，日子更有盼头了。”
医者仁心，温暖乡亲
陈古一去新疆，起因很简单。
2020年，武进区援疆工作组找到他：“边疆缺医生，能不能去支援一下？”
当时，像陈古一这样的民营中医诊所的负责人参加援疆，并不多见。他家里四代行医，从小跟着父亲上山采药认药，学习把脉。从成都中医药大学毕业后，他在家乡四川干过，后来到江苏行医，自己开了“古一中医门诊部”。
到了尼勒克之后，陈古一很快赢得了当地患者的信任，被聘为县中医院名誉院长。他看过的病各种各样：不孕不育、风湿、胃病、肿瘤、心脑血管慢性病……一些患者的慢性病通过中药调理，渐渐有了好转。周边新源县的得拉勒·得来西，结婚8年不孕，腰酸腹胀，用当归四物汤加减调理了5个多月，最终自然怀孕。前不久，她抱着孩子来门诊向陈古一道谢：“谢谢陈院长，我终于有自己的孩子了。”
“病治好了，人心就暖了。”陈古一常说。他坚持免费治疗，援疆的来回机票都自掏腰包，援疆补贴也拿去帮助困难患者和上学的孩子。
尼勒克县卫生健康委主任耿媛媛说：“陈院长不只是来看病的，他是用真心换真情，和老百姓的心连在一起。”
薪火相传，培育人才
尼勒克县中医院的门诊楼里，飘着一股淡淡的药香。诊室内，陈古一一边把脉、看舌苔，一边分析病情；儿子陈都边记录，边向助理医生讲解用药。一诊一处方一教学，中医的精髓在门诊带教中传承。
“一个人即便浑身是铁，能打几颗钉？”陈古一说，“看再多病，都不如教会本地医生自己看病。”所以他坚持带徒弟，把自己的知识储备留在当地。
他自己就是这样带儿子的。陈都小时候身子弱，得了几次重病，在接受中医治疗的过程中，他逐渐爱上了中医。他从高中起就跟着父亲出门诊，看怎么把脉，学怎么辨证，背方子记药性，一天天积累下来。如今父子俩一块坐诊，受到当地群众点赞。
“老一辈都是师父带徒弟，现在也需要‘读书+跟诊’两条腿走路。”陈古一毫无保留地教。每天要看上百个患者，他都带着4个年轻医生从头跟到尾。每看完一人，就让他们写下舌苔什么样、脉是什么象、属于什么证型、病根在哪，还常常提问：“同样是类风湿，胖人和瘦人有什么不同？”“夏天和冬天用药该怎样调整？”“病历看得多，琢磨得深，本事自然就上来了。”陈古一叮嘱年轻医生。
他还特别讲究药材的炮制。看病时，他用心沟通，把相对专业的中医表述，换成更通俗的说法，让患者听得明白。
现在，他带的年轻医生已经能自己辨证开方，医院的整体水平也明显提高。
渐渐地，陈古一父子把新疆当成自己的第二个家，年年准时来，即使回了常州，还会通过微信视频继续帮当地群众线上看病。每到夏秋时节，就有当地群众念叨：“陈院长该回来了！”","# 江苏常州援疆医生陈古一坐诊、带教，开展义诊——

> 本报记者  李晓宏《人民日报》（2026年01月07日第 04 版）

跨越几千公里，从江苏常州到新疆尼勒克，常州市武进区中医陈古一（见图右二，塔玛夏·也门别尔根摄）像候鸟一样飞越天山，每年如约而至，坐诊、带教，走村入户开展义诊。6年过去，第六次踏上这片土地，他不再是“外面来的专家”，乡亲们见了都笑着喊：“陈院长来啦！”一声称呼，透着亲切，也含着信任。

治病救人，带徒传艺，一点一滴，润物无声。这是一年又一年的坚持，也是写在泥土里的温情。

**中医救治，用心用情**

清晨，尼勒克县的山间还罩着薄雾。乌拉斯台镇的德玛西缓缓活动着手掌——那双曾僵硬如树根、连筷子都握不住的手，如今已能灵巧地伸展。她仔细包好一面锦旗，准备赶往70多公里外的县中医院，当面感谢帮她治好病的援疆医生陈古一。

尼勒克县位于新疆西北部，四面环山，山顶终年积雪。因昼夜温差大，寒热交替频繁，这里风湿寒湿类疾病高发，许多患者长期饱受病痛之苦。

年近五十的德玛西就是风湿寒湿类疾病患者。当时，她双手关节疼得睡不着觉，见到陈古一，还没开口就掉了泪。丈夫瘫痪在床，孩子还在上学，家里的担子全压在她肩上。“药吃了不少，还是反复疼，像针扎一样。”德玛西说。

“这是‘痹症’，通俗地说，就是寒冷和湿气钻进骨头缝里，关节‘生锈’了，变得僵硬、疼痛。”陈古一把完脉说。他用《金匮要略》里的方子加减调理，开了桂枝芍药知母汤，叮嘱服用14剂，同时忌口寒凉发物，半个月后复诊。

过了两周，德玛西的肿痛开始减轻，夜里能睡整觉，手指也变得灵活了。陈古一回江苏后，也通过视频望诊问诊，慢慢调方子。

坚持治疗半年，德玛西的手好了，能做饭、种地、操持家务。更让她感动的是，陈古一还悄悄托人把自己的援疆补贴转给她，帮她渡过难关。

这天，陈古一刚到医院门口，德玛西就捧着锦旗迎了上来。她动情地说：“谢谢陈院长……我现在能干活，能照顾家人了，日子更有盼头了。”

**医者仁心，温暖乡亲**

陈古一去新疆，起因很简单。

2020年，武进区援疆工作组找到他：“边疆缺医生，能不能去支援一下？”

当时，像陈古一这样的民营中医诊所的负责人参加援疆，并不多见。他家里四代行医，从小跟着父亲上山采药认药，学习把脉。从成都中医药大学毕业后，他在家乡四川干过，后来到江苏行医，自己开了“古一中医门诊部”。

到了尼勒克之后，陈古一很快赢得了当地患者的信任，被聘为县中医院名誉院长。他看过的病各种各样：不孕不育、风湿、胃病、肿瘤、心脑血管慢性病……一些患者的慢性病通过中药调理，渐渐有了好转。周边新源县的得拉勒·得来西，结婚8年不孕，腰酸腹胀，用当归四物汤加减调理了5个多月，最终自然怀孕。前不久，她抱着孩子来门诊向陈古一道谢：“谢谢陈院长，我终于有自己的孩子了。”

“病治好了，人心就暖了。”陈古一常说。他坚持免费治疗，援疆的来回机票都自掏腰包，援疆补贴也拿去帮助困难患者和上学的孩子。

尼勒克县卫生健康委主任耿媛媛说：“陈院长不只是来看病的，他是用真心换真情，和老百姓的心连在一起。”

**薪火相传，培育人才**

尼勒克县中医院的门诊楼里，飘着一股淡淡的药香。诊室内，陈古一一边把脉、看舌苔，一边分析病情；儿子陈都边记录，边向助理医生讲解用药。一诊一处方一教学，中医的精髓在门诊带教中传承。

“一个人即便浑身是铁，能打几颗钉？”陈古一说，“看再多病，都不如教会本地医生自己看病。”所以他坚持带徒弟，把自己的知识储备留在当地。

他自己就是这样带儿子的。陈都小时候身子弱，得了几次重病，在接受中医治疗的过程中，他逐渐爱上了中医。他从高中起就跟着父亲出门诊，看怎么把脉，学怎么辨证，背方子记药性，一天天积累下来。如今父子俩一块坐诊，受到当地群众点赞。

“老一辈都是师父带徒弟，现在也需要‘读书+跟诊’两条腿走路。”陈古一毫无保留地教。每天要看上百个患者，他都带着4个年轻医生从头跟到尾。每看完一人，就让他们写下舌苔什么样、脉是什么象、属于什么证型、病根在哪，还常常提问：“同样是类风湿，胖人和瘦人有什么不同？”“夏天和冬天用药该怎样调整？”“病历看得多，琢磨得深，本事自然就上来了。”陈古一叮嘱年轻医生。

他还特别讲究药材的炮制。看病时，他用心沟通，把相对专业的中医表述，换成更通俗的说法，让患者听得明白。

现在，他带的年轻医生已经能自己辨证开方，医院的整体水平也明显提高。

渐渐地，陈古一父子把新疆当成自己的第二个家，年年准时来，即使回了常州，还会通过微信视频继续帮当地群众线上看病。每到夏秋时节，就有当地群众念叨：“陈院长该回来了！”",李晓宏,要闻,https://paper.people.com.cn/rmrb/pc/content/202601/07/content_30130215.html,2026-01-07,"['陈古一', '援疆', '德玛西', '陈古', '中医', '陈院长', '尼勒克县', '医生', '患者', '坐诊']","跨越几千公里，从江苏常州到新疆尼勒克，常州市武进区中医陈古一（见图右二，塔玛夏·也门别尔根摄）像候鸟一样飞越天山，每年如约而至，坐诊、带教，走村入户开展义诊。6年过去，第六次踏上这片土地，他不再是“外面来的专家”，乡亲们见了都笑着喊：“陈院长来啦！”一声称呼，透着亲切，也含着信任。
治病救人，带徒传艺，一点一滴，润物无声。这是一年又一年的坚持，也是写在泥土里的温情。
中医救治，用心用情",其他
因地制宜做好经济工作,"习近平总书记在中央经济工作会议上强调：“因地制宜，本质是实事求是。”因地制宜，是正确政绩观，是科学方法论，是各地各部门结合实际贯彻落实中央经济工作会议精神的关键之举和重要遵循。
因地制宜是习近平总书记反复强调的工作方法。早在地方工作时，习近平同志就坚持因地制宜开展工作。在河北工作期间，根据正定县区位特点提出了“半城郊型”经济发展的新路子。在福建，提出发展林下经济、耕海牧渔，念好“山海经”，把丰富的山海资源转化为发展优势。在浙江，针对全省农村地区发展不平衡，亲自谋划、亲自部署、亲自推动“千万工程”，让万千乡村找到了各美其美、美美与共的最优解。在上海，明确提出以“四个放在”思考和谋划上海未来发展。
党的十八大以来，习近平总书记把因地制宜的要求贯穿治国理政的多个方面。总书记强调，“扶贫要实事求是，因地制宜”；乡村振兴要“科学把握乡村的差异性，因村制宜，精准施策，打造各具特色的现代版‘富春山居图’”；生态治理要“宜林则林、宜草则草、宜沙则沙、宜荒则荒”；区域协调发展要“宜水则水、宜山则山，宜粮则粮、宜农则农，宜工则工、宜商则商”。近两年在发展新质生产力上，总书记更是反复强调要因地制宜。
因地制宜在当前具有更加突出的现实意义。这是“十五五”开局起步的必然要求。“十五五”时期我国发展环境面临深刻复杂变化，许多矛盾问题的破解没有先例可循。越是过去没有干过，越不能简单照搬照抄，必须因地制宜、立足实际确定发展思路、破解发展难题。“十五五”开局之年，不少地区和部门在编制五年规划、谋划推进一批重大项目，都需要从各地实际出发，一把钥匙开一把锁，不能刻舟求剑、拿一个模子去套。
这是践行正确政绩观的必然要求。今年一些地方陆续开始换届，树立和践行正确的政绩观非常重要。要推动干部坚持因地制宜，力戒在政绩上搞急功近利、弄虚作假、盲目蛮干那一套，防止“新官上任三把火”，杜绝新官不理旧账和“形象工程”“政绩工程”。
这是新时代推进高质量发展的必然要求。我国幅员辽阔，地区之间、城乡之间的发展不平衡问题依然突出，推进高质量发展没有“一招鲜”，否则，就会出现“千城一面”、盲目内卷。“一花独放不是春，百花齐放春满园”，要把握矛盾普遍性和特殊性的统一，用因地制宜的办法激发各地的发展活力，为基本实现社会主义现代化取得决定性进展注入更加持久的内生动力。
因地制宜抓好党中央重大决策部署的贯彻落实，首先要吃透中央精神。因地制宜是党中央集中统一领导下的各司其职、各负其责、各展其长。要完整、准确、全面贯彻落实党中央决策部署，防止在落实中选择性执行、打折扣、搞变通，搞本位主义、各行其是。要胸怀全局，牢固树立全国一盘棋思想，在大局中找准定位，努力做到既为一域争光、更为全局添彩。
要按规律办事。要坚持市场化、法治化原则，“有为不乱为”“补位不越位”，优化营商环境，增强地方经济发展内生动力。要立足自身发展阶段，尽力而为、量力而行，不能急于求成、大干快上，也不能“穿新鞋走老路”，跟不上发展要求。
要善于发挥比较优势。各地区各领域各有特点，要立足主体功能定位，加强调查研究，精准把握资源禀赋、区位优势、历史文化、产业基础，扬长避短，探索差异化特色化发展路径。要坚持有所为、有所不为，不能盲目跟风、片面求“新”追“高”，一哄而上，又一哄而散，造成“烂摊子”。
要把为民造福作为出发点和落脚点。坚持以人民为中心的发展思想，深入了解当地群众的所思所想所盼，追求实实在在、没有水分的增长，实现高质量、有效益、可持续的发展。要明确实的目标，推进实的举措，务求实的成效。
能否做到因地制宜，考核指挥棒很重要。要健全激励约束机制，完善差异化考核评价体系，注重考核的精准性、实效性、协同性，防止滥用考核、变相考核、机械考核。坚持考人考事相结合，让想干事、会干事的干部能干事、干成事。","# 因地制宜做好经济工作

> 钟才平《人民日报》（2026年01月07日第 04 版）

习近平总书记在中央经济工作会议上强调：“因地制宜，本质是实事求是。”因地制宜，是正确政绩观，是科学方法论，是各地各部门结合实际贯彻落实中央经济工作会议精神的关键之举和重要遵循。

因地制宜是习近平总书记反复强调的工作方法。早在地方工作时，习近平同志就坚持因地制宜开展工作。在河北工作期间，根据正定县区位特点提出了“半城郊型”经济发展的新路子。在福建，提出发展林下经济、耕海牧渔，念好“山海经”，把丰富的山海资源转化为发展优势。在浙江，针对全省农村地区发展不平衡，亲自谋划、亲自部署、亲自推动“千万工程”，让万千乡村找到了各美其美、美美与共的最优解。在上海，明确提出以“四个放在”思考和谋划上海未来发展。

党的十八大以来，习近平总书记把因地制宜的要求贯穿治国理政的多个方面。总书记强调，“扶贫要实事求是，因地制宜”；乡村振兴要“科学把握乡村的差异性，因村制宜，精准施策，打造各具特色的现代版‘富春山居图’”；生态治理要“宜林则林、宜草则草、宜沙则沙、宜荒则荒”；区域协调发展要“宜水则水、宜山则山，宜粮则粮、宜农则农，宜工则工、宜商则商”。近两年在发展新质生产力上，总书记更是反复强调要因地制宜。

因地制宜在当前具有更加突出的现实意义。这是“十五五”开局起步的必然要求。“十五五”时期我国发展环境面临深刻复杂变化，许多矛盾问题的破解没有先例可循。越是过去没有干过，越不能简单照搬照抄，必须因地制宜、立足实际确定发展思路、破解发展难题。“十五五”开局之年，不少地区和部门在编制五年规划、谋划推进一批重大项目，都需要从各地实际出发，一把钥匙开一把锁，不能刻舟求剑、拿一个模子去套。

这是践行正确政绩观的必然要求。今年一些地方陆续开始换届，树立和践行正确的政绩观非常重要。要推动干部坚持因地制宜，力戒在政绩上搞急功近利、弄虚作假、盲目蛮干那一套，防止“新官上任三把火”，杜绝新官不理旧账和“形象工程”“政绩工程”。

这是新时代推进高质量发展的必然要求。我国幅员辽阔，地区之间、城乡之间的发展不平衡问题依然突出，推进高质量发展没有“一招鲜”，否则，就会出现“千城一面”、盲目内卷。“一花独放不是春，百花齐放春满园”，要把握矛盾普遍性和特殊性的统一，用因地制宜的办法激发各地的发展活力，为基本实现社会主义现代化取得决定性进展注入更加持久的内生动力。

因地制宜抓好党中央重大决策部署的贯彻落实，首先要吃透中央精神。因地制宜是党中央集中统一领导下的各司其职、各负其责、各展其长。要完整、准确、全面贯彻落实党中央决策部署，防止在落实中选择性执行、打折扣、搞变通，搞本位主义、各行其是。要胸怀全局，牢固树立全国一盘棋思想，在大局中找准定位，努力做到既为一域争光、更为全局添彩。

要按规律办事。要坚持市场化、法治化原则，“有为不乱为”“补位不越位”，优化营商环境，增强地方经济发展内生动力。要立足自身发展阶段，尽力而为、量力而行，不能急于求成、大干快上，也不能“穿新鞋走老路”，跟不上发展要求。

要善于发挥比较优势。各地区各领域各有特点，要立足主体功能定位，加强调查研究，精准把握资源禀赋、区位优势、历史文化、产业基础，扬长避短，探索差异化特色化发展路径。要坚持有所为、有所不为，不能盲目跟风、片面求“新”追“高”，一哄而上，又一哄而散，造成“烂摊子”。

要把为民造福作为出发点和落脚点。坚持以人民为中心的发展思想，深入了解当地群众的所思所想所盼，追求实实在在、没有水分的增长，实现高质量、有效益、可持续的发展。要明确实的目标，推进实的举措，务求实的成效。

能否做到因地制宜，考核指挥棒很重要。要健全激励约束机制，完善差异化考核评价体系，注重考核的精准性、实效性、协同性，防止滥用考核、变相考核、机械考核。坚持考人考事相结合，让想干事、会干事的干部能干事、干成事。",钟才平,要闻,https://paper.people.com.cn/rmrb/pc/content/202601/07/content_30130217.html,2026-01-07,"['因地制宜', '发展', '考核', '总书记', '习近平', '政绩观', '坚持', '工作', '精准', '高质量']","习近平总书记在中央经济工作会议上强调：“因地制宜，本质是实事求是。”因地制宜，是正确政绩观，是科学方法论，是各地各部门结合实际贯彻落实中央经济工作会议精神的关键之举和重要遵循。
因地制宜是习近平总书记反复强调的工作方法。早在地方工作时，习近平同志就坚持因地制宜开展工作。在河北工作期间，根据正定县区位特点提出了“半城郊型”经济发展的新路子。在福建，提出发展林下经济、耕海牧渔，念好“山海经”，把丰富的山海资源转化为发展优势。在浙江，针对全省农村地区发展不平衡，亲自谋划、亲自部署、亲自推动“千万工程”，让万千乡村找到了各美其美、美美与共的最优解。在上海，明确提出以“四个放在”思考和谋划上海未来发展。
党的十八大以来，习近平总书记把因地制宜的要求贯穿治国理政的多个方面。总书记强调，“扶贫要实事求是，因地制宜”；乡村振兴要“科学把握乡村的差异性，因村制宜，精准施策，打造各具特色的现代版‘富春山居图’”；生态治理要“宜林则林、宜草则草、宜沙则沙、宜荒则荒”；区域协调发展要“宜水则水、宜山则山，宜粮则粮、宜农则农，宜工则工、宜商则商”。近两年在发展新质生产力上，总书记更是反复强调要因地制宜。",政治
坚持改革攻坚，增强高质量发展动力活力（稳中求进、提质增效 实现“十五五”良好开局）,"河南省洛阳市，洛轴集团智能工厂生产线。新华社记者  李嘉南摄
河南省洛阳市，洛轴集团智能工厂生产线。
新华社记者  李嘉南摄
安徽省阜阳市颍州区为企服务中心，工作人员在为企业办理业务。王  彪摄（影像中国）
安徽省阜阳市颍州区为企服务中心，工作人员在为企业办理业务。
王  彪摄（影像中国）
江苏省连云港市公共配送中心，工作人员分拣快递包裹。耿玉和摄（影像中国）
江苏省连云港市公共配送中心，工作人员分拣快递包裹。
耿玉和摄（影像中国）
沪苏湖高速铁路上的列车飞驰而过。屠旭东摄（影像中国）
沪苏湖高速铁路上的列车飞驰而过。
屠旭东摄（影像中国）
数据来源：国家统计局等
数据来源：国家统计局等
改革，推动国家发展的根本动力。
“十五五”规划建议将“进一步全面深化改革取得新突破”列入“十五五”时期经济社会发展的主要目标。
“十五五”开局之年，改革如何向纵深推进？围绕“坚持改革攻坚，增强高质量发展动力活力”，中央经济工作会议在建设全国统一大市场、深化国资国企改革、发展壮大民营经济等方面提出一系列政策举措。注重运用改革办法破解发展难题，坚持进一步全面深化改革，将持续为发展增动力、激活力。
畅通经济循环，建设全国统一大市场
中国汽车工业协会发出倡议，呼吁“优势企业不为垄断市场，挤压其他主体生存空间”；多家车企公开承诺“供应商支付账期不超过60天”……过去一年，在政府企业共同努力下，汽车、光伏、快递、外卖等多个行业“反内卷”形成合力。
国家统计局数据显示，2025年11月份，光伏设备及元器件制造、锂离子电池制造、新能源汽车整车制造价格同比降幅分别比上月收窄2.0、0.7和0.6个百分点；工业生产者出厂价格同比下降2.2%，自2025年8月份以来降幅总体呈现收窄态势，表明综合整治“内卷式”竞争的成效正在显现。
大国经济的优势就是内部可循环。建设全国统一大市场，不仅是构建新发展格局、推动高质量发展的需要，而且是赢得国际竞争主动权的需要。
2025年7月1日，习近平总书记主持召开中央财经委员会第六次会议，研究纵深推进全国统一大市场建设，提出“五统一、一开放”的基本要求。
实施《公平竞争审查条例实施办法》，在全国部分地区实施要素市场化配置综合改革试点，完善价格治理机制，健全守信激励和失信惩戒机制……围绕“五统一、一开放”，有关部门出台实施一系列政策和改革举措，全国统一大市场建设向纵深推进。2025年前三季度，社会物流总费用与GDP的比率为14%，继续保持有统计以来最低水平。
中央财办有关负责同志表示，今年要采取更具针对性的措施，进一步增强统一大市场的建设成效。市场层面，要搭建起统一大市场的基础性制度架构，完善市场准入、公平竞争、质量标准等基础制度。政府层面，要持续规范地方政府经济促进行为。企业层面，要综合运用信用监管、价格执法、反垄断和反不正当竞争等监管手段，着力规范市场竞争秩序。
纵深推进全国统一大市场建设，我国经济循环将更加畅通，超大规模市场优势潜力将得到进一步激发。
纵深推进改革，做强做优做大国有企业和国有资本
亚洲第一！数据显示，央企邮轮运营平台公司——华夏国际邮轮有限公司已拥有“爱达·魔都号”“爱达·地中海号”等邮轮资源，船队规模居亚洲第一。
这是央企邮轮运营资源专业化整合的结果。2023年，中国旅游集团牵头，联合中远海运、招商局两家央企及上海地方国企，组建新公司；2024年、2025年先后签署两次专业化整合协议，划转纳入央企邮轮资产……“下一步，我们将开展专业化、市场化、国际化运营，推动邮轮产业高质量发展。”华夏国际邮轮有限公司有关负责人说。
2025年，是国有企业改革深化提升行动收官之年。国务院国资委和中央企业坚持既抓进度、更重质量，重点领域改革进一步走深走实。
有序推进专业化整合，战略功能更加明确突出。2025年，国务院国资委先后组建了中国雅江集团、中国长安汽车集团，持续推进动力电池、卫星通信等领域专业化整合，8组17家单位实现集中签约。2025年前11月，中央企业主业投资占比达98%。
深化三项制度改革，企业治理更加规范高效。截至2025年底，管理人员末等调整和不胜任退出比例超过6%。中央企业管理层级全部控制在4级以内。
中央经济工作会议提出，制定和实施进一步深化国资国企改革方案。迈入2026年，国资国企改革如何进一步深化？
“下一步，我们将着力推进新一轮国资国企改革，坚持问题导向，更加注重改革质效，在更高起点上把改革不断引向深入。”国务院国资委有关负责同志说。
进一步完善中国特色现代企业制度，关键要进一步健全企业党委（党组）发挥领导作用的制度机制，强化党委（党组）前置研究实质性把关，进一步厘清各治理主体的权责事项，差异化推进董事会建设。
进一步完善企业管理运营体系，深化三项制度改革，持续提升经理层成员任期制契约化管理水平，严格落实管理人员末等调整和不胜任退出制度。健全市场化用工模式，按照“规范、激励、倾斜”一体推进。同时，扎实开展世界一流企业以评促建，加大专业领军企业培育力度，争取更多企业纳入第二批国家培育库。
进一步完善国资监管体制，要着重健全分类考核评价体系，深化“一企一策”考核，加快构建智能化穿透式监管体系。同时，完善国有企业增加值核算方法，真实客观反映国有经济宏观贡献度。
完善政策举措，促进民营经济发展壮大
韩某某集资诈骗涉案财产处置再审案中，法院改判解封非赃款购买且已合法转移的财产，杜绝了“一查全封”“一扣全冻”；某电缆公司与某建设公司纠纷案中，法院认定损害中小民企利益的“背靠背”条款无效……2025年，最高人民法院发布5批以保护民营经济为主题的31个司法典型案例，彰显了政策与法律关于依法平等保护民营经济的精神实质。
对于广大民营企业来说，2025年是充满暖意的一年。
鲜明信号更加强烈。2025年2月17日，习近平总书记出席民营企业座谈会并发表重要讲话，深刻阐明事关民营经济发展的一系列根本性、方向性问题，为推进民营经济健康发展、高质量发展指明了前进方向。
法治护航更加有力。2025年5月20日，我国第一部专门关于民营经济发展的基础性法律《中华人民共和国民营经济促进法》正式实施，将坚持“两个毫不动摇”明确为法律制度。2025年8月8日，最高人民法院发布《关于贯彻落实〈中华人民共和国民营经济促进法〉的指导意见》，从25个方面细化司法举措。
支持政策更加完善。持续压减市场准入负面清单，出台实施“民间投资13条”，持续纠治涉企行政执法突出问题，进一步完善国家、省、市、县多层次与民营企业常态化沟通交流和问题解决机制……为支持民营经济发展壮大，各地各部门采取了一系列务实管用的举措。
沐浴阳光雨露，民营经济茁壮成长。目前，民营企业数占企业总数的92%以上，民营企业对进出口和税收的贡献都在五成以上，对城镇就业的贡献达到八成以上。
做好2026年经济工作，如何进一步促进民营经济发展壮大？国家发展改革委有关负责同志从三方面介绍了下一步重点工作：
拓宽市场准入空间，重点是着力消除资质认定、招标投标等方面壁垒，清理不合理的准入限制，提高新业态新领域准入效率。
强化要素支持保障，重点是加大中央预算内投资对民间投资项目的支持力度，支持有能力的民营企业牵头承担国家重大技术攻关任务。
加强合法权益保护，重点是加快形成以民营经济促进法为基础、相关法律法规规章为支撑的制度体系，依法保护民营企业和民营企业家合法权益。
“这些年，有中国经济的沃土加持，有一以贯之的政策支持，民营经济总体发展向新向好。”中国企业联合会研究部副主任高蕊表示，“展望2026年，随着一系列务实管用的政策相继落地，民营企业将站上更加广阔的舞台。”","# 坚持改革攻坚，增强高质量发展动力活力（稳中求进、提质增效 实现“十五五”良好开局）

> 本报记者  刘志强  李心萍《人民日报》（2026年01月07日第 05 版）

河南省洛阳市，洛轴集团智能工厂生产线。　　新华社记者  李嘉南摄

河南省洛阳市，洛轴集团智能工厂生产线。

新华社记者  李嘉南摄

安徽省阜阳市颍州区为企服务中心，工作人员在为企业办理业务。　　王  彪摄（影像中国）

安徽省阜阳市颍州区为企服务中心，工作人员在为企业办理业务。

王  彪摄（影像中国）

江苏省连云港市公共配送中心，工作人员分拣快递包裹。　　耿玉和摄（影像中国）

江苏省连云港市公共配送中心，工作人员分拣快递包裹。

耿玉和摄（影像中国）

沪苏湖高速铁路上的列车飞驰而过。　　屠旭东摄（影像中国）

沪苏湖高速铁路上的列车飞驰而过。

屠旭东摄（影像中国）

数据来源：国家统计局等

数据来源：国家统计局等

改革，推动国家发展的根本动力。

“十五五”规划建议将“进一步全面深化改革取得新突破”列入“十五五”时期经济社会发展的主要目标。

“十五五”开局之年，改革如何向纵深推进？围绕“坚持改革攻坚，增强高质量发展动力活力”，中央经济工作会议在建设全国统一大市场、深化国资国企改革、发展壮大民营经济等方面提出一系列政策举措。注重运用改革办法破解发展难题，坚持进一步全面深化改革，将持续为发展增动力、激活力。

畅通经济循环，建设全国统一大市场

中国汽车工业协会发出倡议，呼吁“优势企业不为垄断市场，挤压其他主体生存空间”；多家车企公开承诺“供应商支付账期不超过60天”……过去一年，在政府企业共同努力下，汽车、光伏、快递、外卖等多个行业“反内卷”形成合力。

国家统计局数据显示，2025年11月份，光伏设备及元器件制造、锂离子电池制造、新能源汽车整车制造价格同比降幅分别比上月收窄2.0、0.7和0.6个百分点；工业生产者出厂价格同比下降2.2%，自2025年8月份以来降幅总体呈现收窄态势，表明综合整治“内卷式”竞争的成效正在显现。

大国经济的优势就是内部可循环。建设全国统一大市场，不仅是构建新发展格局、推动高质量发展的需要，而且是赢得国际竞争主动权的需要。

2025年7月1日，习近平总书记主持召开中央财经委员会第六次会议，研究纵深推进全国统一大市场建设，提出“五统一、一开放”的基本要求。

实施《公平竞争审查条例实施办法》，在全国部分地区实施要素市场化配置综合改革试点，完善价格治理机制，健全守信激励和失信惩戒机制……围绕“五统一、一开放”，有关部门出台实施一系列政策和改革举措，全国统一大市场建设向纵深推进。2025年前三季度，社会物流总费用与GDP的比率为14%，继续保持有统计以来最低水平。

中央财办有关负责同志表示，今年要采取更具针对性的措施，进一步增强统一大市场的建设成效。市场层面，要搭建起统一大市场的基础性制度架构，完善市场准入、公平竞争、质量标准等基础制度。政府层面，要持续规范地方政府经济促进行为。企业层面，要综合运用信用监管、价格执法、反垄断和反不正当竞争等监管手段，着力规范市场竞争秩序。

纵深推进全国统一大市场建设，我国经济循环将更加畅通，超大规模市场优势潜力将得到进一步激发。

纵深推进改革，做强做优做大国有企业和国有资本

亚洲第一！数据显示，央企邮轮运营平台公司——华夏国际邮轮有限公司已拥有“爱达·魔都号”“爱达·地中海号”等邮轮资源，船队规模居亚洲第一。

这是央企邮轮运营资源专业化整合的结果。2023年，中国旅游集团牵头，联合中远海运、招商局两家央企及上海地方国企，组建新公司；2024年、2025年先后签署两次专业化整合协议，划转纳入央企邮轮资产……“下一步，我们将开展专业化、市场化、国际化运营，推动邮轮产业高质量发展。”华夏国际邮轮有限公司有关负责人说。

2025年，是国有企业改革深化提升行动收官之年。国务院国资委和中央企业坚持既抓进度、更重质量，重点领域改革进一步走深走实。

有序推进专业化整合，战略功能更加明确突出。2025年，国务院国资委先后组建了中国雅江集团、中国长安汽车集团，持续推进动力电池、卫星通信等领域专业化整合，8组17家单位实现集中签约。2025年前11月，中央企业主业投资占比达98%。

深化三项制度改革，企业治理更加规范高效。截至2025年底，管理人员末等调整和不胜任退出比例超过6%。中央企业管理层级全部控制在4级以内。

中央经济工作会议提出，制定和实施进一步深化国资国企改革方案。迈入2026年，国资国企改革如何进一步深化？

“下一步，我们将着力推进新一轮国资国企改革，坚持问题导向，更加注重改革质效，在更高起点上把改革不断引向深入。”国务院国资委有关负责同志说。

进一步完善中国特色现代企业制度，关键要进一步健全企业党委（党组）发挥领导作用的制度机制，强化党委（党组）前置研究实质性把关，进一步厘清各治理主体的权责事项，差异化推进董事会建设。

进一步完善企业管理运营体系，深化三项制度改革，持续提升经理层成员任期制契约化管理水平，严格落实管理人员末等调整和不胜任退出制度。健全市场化用工模式，按照“规范、激励、倾斜”一体推进。同时，扎实开展世界一流企业以评促建，加大专业领军企业培育力度，争取更多企业纳入第二批国家培育库。

进一步完善国资监管体制，要着重健全分类考核评价体系，深化“一企一策”考核，加快构建智能化穿透式监管体系。同时，完善国有企业增加值核算方法，真实客观反映国有经济宏观贡献度。

完善政策举措，促进民营经济发展壮大

韩某某集资诈骗涉案财产处置再审案中，法院改判解封非赃款购买且已合法转移的财产，杜绝了“一查全封”“一扣全冻”；某电缆公司与某建设公司纠纷案中，法院认定损害中小民企利益的“背靠背”条款无效……2025年，最高人民法院发布5批以保护民营经济为主题的31个司法典型案例，彰显了政策与法律关于依法平等保护民营经济的精神实质。

对于广大民营企业来说，2025年是充满暖意的一年。

鲜明信号更加强烈。2025年2月17日，习近平总书记出席民营企业座谈会并发表重要讲话，深刻阐明事关民营经济发展的一系列根本性、方向性问题，为推进民营经济健康发展、高质量发展指明了前进方向。

法治护航更加有力。2025年5月20日，我国第一部专门关于民营经济发展的基础性法律《中华人民共和国民营经济促进法》正式实施，将坚持“两个毫不动摇”明确为法律制度。2025年8月8日，最高人民法院发布《关于贯彻落实〈中华人民共和国民营经济促进法〉的指导意见》，从25个方面细化司法举措。

支持政策更加完善。持续压减市场准入负面清单，出台实施“民间投资13条”，持续纠治涉企行政执法突出问题，进一步完善国家、省、市、县多层次与民营企业常态化沟通交流和问题解决机制……为支持民营经济发展壮大，各地各部门采取了一系列务实管用的举措。

沐浴阳光雨露，民营经济茁壮成长。目前，民营企业数占企业总数的92%以上，民营企业对进出口和税收的贡献都在五成以上，对城镇就业的贡献达到八成以上。

做好2026年经济工作，如何进一步促进民营经济发展壮大？国家发展改革委有关负责同志从三方面介绍了下一步重点工作：

拓宽市场准入空间，重点是着力消除资质认定、招标投标等方面壁垒，清理不合理的准入限制，提高新业态新领域准入效率。

强化要素支持保障，重点是加大中央预算内投资对民间投资项目的支持力度，支持有能力的民营企业牵头承担国家重大技术攻关任务。

加强合法权益保护，重点是加快形成以民营经济促进法为基础、相关法律法规规章为支撑的制度体系，依法保护民营企业和民营企业家合法权益。

“这些年，有中国经济的沃土加持，有一以贯之的政策支持，民营经济总体发展向新向好。”中国企业联合会研究部副主任高蕊表示，“展望2026年，随着一系列务实管用的政策相继落地，民营企业将站上更加广阔的舞台。”",刘志强  李心萍,特别报道,https://paper.people.com.cn/rmrb/pc/content/202601/07/content_30130218.html,2026-01-07,"['2025', '民营', '经济', '邮轮', '改革', '进一步', '企业', '民营企业', '推进', '统一']","河南省洛阳市，洛轴集团智能工厂生产线。新华社记者  李嘉南摄
河南省洛阳市，洛轴集团智能工厂生产线。
新华社记者  李嘉南摄",政治
向最难之处攻坚（编辑手记）,"很不平凡的一年，难能可贵的成绩。
2025年，面对国内外形势深刻复杂的变化，我国经济顶压前行、向新向优发展，展现出强大的韧性和活力。
这张来之不易的答卷，离不开重点领域、关键环节的改革攻坚。
从发布《全国统一大市场建设指引（试行）》、向“妨碍公平竞争的政策措施”开刀，到深入实施国有企业改革深化提升行动、优化国有经济布局，再到实施民营经济促进法、打破阻碍民营经济发展的各类“卷帘门”“玻璃门”“旋转门”……一项项政策举措破壁垒、强内核、优生态，持续释放改革红利、不断激发市场活力。
“十五五”开启序幕，中国式现代化航船又行至新的关键一程。建设统一大市场还有“中梗阻”要破，整治“内卷式”竞争还有“硬骨头”要啃，深化要素市场化改革还有“腊子口”要闯……当前，我国经济发展中老问题、新挑战仍然不少，只有进一步全面深化改革，才能不断增强高质量发展的动力活力。
犯其至难而图其至远。让我们向最难之处攻坚，哪里的矛盾和问题最突出，哪里的疙瘩最难解，就把改革指向哪里，通过改革攻坚破解发展中、转型中的问题，不断巩固拓展经济稳中向好势头，奋力书写中国经济的崭新篇章。","# 向最难之处攻坚（编辑手记）

> 刘静文《人民日报》（2026年01月07日第 05 版）

很不平凡的一年，难能可贵的成绩。

2025年，面对国内外形势深刻复杂的变化，我国经济顶压前行、向新向优发展，展现出强大的韧性和活力。

这张来之不易的答卷，离不开重点领域、关键环节的改革攻坚。

从发布《全国统一大市场建设指引（试行）》、向“妨碍公平竞争的政策措施”开刀，到深入实施国有企业改革深化提升行动、优化国有经济布局，再到实施民营经济促进法、打破阻碍民营经济发展的各类“卷帘门”“玻璃门”“旋转门”……一项项政策举措破壁垒、强内核、优生态，持续释放改革红利、不断激发市场活力。

“十五五”开启序幕，中国式现代化航船又行至新的关键一程。建设统一大市场还有“中梗阻”要破，整治“内卷式”竞争还有“硬骨头”要啃，深化要素市场化改革还有“腊子口”要闯……当前，我国经济发展中老问题、新挑战仍然不少，只有进一步全面深化改革，才能不断增强高质量发展的动力活力。

犯其至难而图其至远。让我们向最难之处攻坚，哪里的矛盾和问题最突出，哪里的疙瘩最难解，就把改革指向哪里，通过改革攻坚破解发展中、转型中的问题，不断巩固拓展经济稳中向好势头，奋力书写中国经济的崭新篇章。",刘静文,特别报道,https://paper.people.com.cn/rmrb/pc/content/202601/07/content_30130219.html,2026-01-07,"['攻坚', '改革', '活力', '经济', '最难', '发展', '哪里', '民营', '深化', '不断']","很不平凡的一年，难能可贵的成绩。
2025年，面对国内外形势深刻复杂的变化，我国经济顶压前行、向新向优发展，展现出强大的韧性和活力。
这张来之不易的答卷，离不开重点领域、关键环节的改革攻坚。",政治
异地“双盲”评标 公平透明投标,"江西赣州赣县区医疗机构服务能力提升工程项目评标现场，一场远程异地“双盲”评标正在进行，主场设在赣县区，副场设在南昌市。
“参与评标的专家都是当日通过系统，在专家库中线上随机抽取、临时通知的，评标过程全程保密。”赣县区行政审批局相关负责人林显彬说。
2025年开始，赣县区行政审批局采用“双盲”评标，由系统随机匹配评标副场，随机抽取专家，专家根据投标文件内容打分。
“以前投标时难免会担心，外地企业会不会吃亏？现在避免人为干预，最终受益的是整个市场。”刚中标的辰海（江苏）净化技术有限公司负责人谈凯说。
据介绍，赣县区2025年共开展“双盲”评标58次，涉及项目58个，全部由区外企业中标。“我们将持续推广和完善‘双盲’评标机制，让竞争回归到比谁产品更好、服务更专业，营造一个清清爽爽的公共资源交易环境。”赣州市公共资源交易中心主任明经华说。","# 异地“双盲”评标 公平透明投标

> 本报记者  杨颜菲《人民日报》（2026年01月07日第 05 版）

江西赣州赣县区医疗机构服务能力提升工程项目评标现场，一场远程异地“双盲”评标正在进行，主场设在赣县区，副场设在南昌市。

“参与评标的专家都是当日通过系统，在专家库中线上随机抽取、临时通知的，评标过程全程保密。”赣县区行政审批局相关负责人林显彬说。

2025年开始，赣县区行政审批局采用“双盲”评标，由系统随机匹配评标副场，随机抽取专家，专家根据投标文件内容打分。

“以前投标时难免会担心，外地企业会不会吃亏？现在避免人为干预，最终受益的是整个市场。”刚中标的辰海（江苏）净化技术有限公司负责人谈凯说。

据介绍，赣县区2025年共开展“双盲”评标58次，涉及项目58个，全部由区外企业中标。“我们将持续推广和完善‘双盲’评标机制，让竞争回归到比谁产品更好、服务更专业，营造一个清清爽爽的公共资源交易环境。”赣州市公共资源交易中心主任明经华说。",杨颜菲,特别报道,https://paper.people.com.cn/rmrb/pc/content/202601/07/content_30130220.html,2026-01-07,"['评标', '双盲', '赣县', '投标', '随机', '2025', '58', '公共资源', '抽取', '异地']","江西赣州赣县区医疗机构服务能力提升工程项目评标现场，一场远程异地“双盲”评标正在进行，主场设在赣县区，副场设在南昌市。
“参与评标的专家都是当日通过系统，在专家库中线上随机抽取、临时通知的，评标过程全程保密。”赣县区行政审批局相关负责人林显彬说。
2025年开始，赣县区行政审批局采用“双盲”评标，由系统随机匹配评标副场，随机抽取专家，专家根据投标文件内容打分。",经济
盘活存量专利  加快成果转化,"19项专利，作价1亿元，占股22.73%，带动5000万元雷达生命探测仪产线建设——在湖南长沙，中南大学与湖南正申科技有限公司的一次握手，结出丰硕成果。
近年来，中南大学专利转化数量持续增长，2025年专利转化数量超过500项。中南大学知识产权中心在这一过程中承担了关键角色。
“我们盘点学校1.4万余项技术专利，识别出一批应用价值高的专利。”中南大学知识产权中心相关负责人介绍，中心围绕应用场景，梳理出19件专利，搭建3个高价值组合，随后开展市场调研，最终与正申科技达成合作，按照市场化原则确认增资入股作价金额、所占股比、收益分配等。
完善高价值专利识别、组合、转化全过程盘活机制，长沙推进高校知识产权中心建设覆盖面持续扩大。当地相关高校知识产权中心已引导1万余家企业深度参与存量专利盘活，一批中小企业依托专利产业化走上发展快速路。","# 盘活存量专利  加快成果转化

> 本报记者  申智林《人民日报》（2026年01月07日第 05 版）

19项专利，作价1亿元，占股22.73%，带动5000万元雷达生命探测仪产线建设——在湖南长沙，中南大学与湖南正申科技有限公司的一次握手，结出丰硕成果。

近年来，中南大学专利转化数量持续增长，2025年专利转化数量超过500项。中南大学知识产权中心在这一过程中承担了关键角色。

“我们盘点学校1.4万余项技术专利，识别出一批应用价值高的专利。”中南大学知识产权中心相关负责人介绍，中心围绕应用场景，梳理出19件专利，搭建3个高价值组合，随后开展市场调研，最终与正申科技达成合作，按照市场化原则确认增资入股作价金额、所占股比、收益分配等。

完善高价值专利识别、组合、转化全过程盘活机制，长沙推进高校知识产权中心建设覆盖面持续扩大。当地相关高校知识产权中心已引导1万余家企业深度参与存量专利盘活，一批中小企业依托专利产业化走上发展快速路。",申智林,特别报道,https://paper.people.com.cn/rmrb/pc/content/202601/07/content_30130221.html,2026-01-07,"['专利', '中南大学', '知识产权', '盘活', '转化', '中心', '19', '正申', '作价', '存量']","19项专利，作价1亿元，占股22.73%，带动5000万元雷达生命探测仪产线建设——在湖南长沙，中南大学与湖南正申科技有限公司的一次握手，结出丰硕成果。
近年来，中南大学专利转化数量持续增长，2025年专利转化数量超过500项。中南大学知识产权中心在这一过程中承担了关键角色。
“我们盘点学校1.4万余项技术专利，识别出一批应用价值高的专利。”中南大学知识产权中心相关负责人介绍，中心围绕应用场景，梳理出19件专利，搭建3个高价值组合，随后开展市场调研，最终与正申科技达成合作，按照市场化原则确认增资入股作价金额、所占股比、收益分配等。",经济
创新激励制度  研发干劲十足,"辽宁沈阳，沈鼓集团研究院的实验室里，沈鼓集团研究院气动室高级主任研发师王金生和力学室高级主任研发师邱百军紧盯屏幕。一款燃料电池空气压缩机，如何既保证气动性能，又将转子设计得尽量小？两个部门分工协作，设计、验证、推翻、重新设计……历时半年，改良10多个版本，终于找到最优解。
团队动力十足，原因何在？王金生坦言，一方面是研发设计“大国重器”的使命感；另一方面，“是公司对研发人员的激励制度推着我们往前跑。”
沈鼓集团持续深化国企改革，多措并举激发活力，特别是推动管理和技术骨干员工参与持股，持股员工比例超过15%。“研发项目数量越多、成果质量越高，职业发展等级评分就越高，股权认购份额也就相应增加。”邱百军说。
集团近5年累计完成100余项重大科研任务，为能源与化工行业提供众多重大装备，助推我国能源化工产业高质量发展。","# 创新激励制度  研发干劲十足

> 本报记者  刘佳华《人民日报》（2026年01月07日第 05 版）

辽宁沈阳，沈鼓集团研究院的实验室里，沈鼓集团研究院气动室高级主任研发师王金生和力学室高级主任研发师邱百军紧盯屏幕。一款燃料电池空气压缩机，如何既保证气动性能，又将转子设计得尽量小？两个部门分工协作，设计、验证、推翻、重新设计……历时半年，改良10多个版本，终于找到最优解。

团队动力十足，原因何在？王金生坦言，一方面是研发设计“大国重器”的使命感；另一方面，“是公司对研发人员的激励制度推着我们往前跑。”

沈鼓集团持续深化国企改革，多措并举激发活力，特别是推动管理和技术骨干员工参与持股，持股员工比例超过15%。“研发项目数量越多、成果质量越高，职业发展等级评分就越高，股权认购份额也就相应增加。”邱百军说。

集团近5年累计完成100余项重大科研任务，为能源与化工行业提供众多重大装备，助推我国能源化工产业高质量发展。",刘佳华,特别报道,https://paper.people.com.cn/rmrb/pc/content/202601/07/content_30130222.html,2026-01-07,"['研发', '沈鼓', '邱百军', '设计', '集团', '气动', '激励', '研究院', '员工', '干劲十足']","辽宁沈阳，沈鼓集团研究院的实验室里，沈鼓集团研究院气动室高级主任研发师王金生和力学室高级主任研发师邱百军紧盯屏幕。一款燃料电池空气压缩机，如何既保证气动性能，又将转子设计得尽量小？两个部门分工协作，设计、验证、推翻、重新设计……历时半年，改良10多个版本，终于找到最优解。
团队动力十足，原因何在？王金生坦言，一方面是研发设计“大国重器”的使命感；另一方面，“是公司对研发人员的激励制度推着我们往前跑。”
沈鼓集团持续深化国企改革，多措并举激发活力，特别是推动管理和技术骨干员工参与持股，持股员工比例超过15%。“研发项目数量越多、成果质量越高，职业发展等级评分就越高，股权认购份额也就相应增加。”邱百军说。",其他
“十四五”时期，辽宁沈阳累计改造老旧小区1823个,"数据来源：住房城乡建设部沈阳市委宣传部制图：张芳曼
数据来源：住房城乡建设部
沈阳市委宣传部
制图：张芳曼
加快推进城市更新，改造提升老旧小区、老旧厂区、老旧街区和城中村等存量片区功能，推进老旧楼宇改造，积极扩建新建停车场、充电桩。
——摘自“十四五”规划纲要
坚持城市内涵式发展，大力实施城市更新，建设创新、宜居、美丽、韧性、文明、智慧的现代化人民城市。
——摘自“十五五”规划建议
“我也算是住上电梯房了，别提有多方便了！”在辽宁省沈阳市铁西区实久花园小区，78岁的居民刘桂兰对新加装的电梯赞不绝口。
老旧小区没电梯，“买菜扛不动、看病下不来”成了居民的心病。瞄准民生痛点，“十四五”时期，沈阳累计加装、更新电梯1600多部，受益居民达11万余人。
作为老工业城市，沈阳建城时间早、城镇化率高，在城市发展过程中面临公共设施老化、功能配套不足、城市绿化品质不高等问题。
2025年1月，习近平总书记在沈阳考察时指出，“城市更新要因地制宜，同社区建设结合起来，一切着眼于便民、利民、安民，特别要更好地关心呵护‘一老一小’。”
如何以城市更新为抓手，探索一条内涵式发展新路？沈阳以实际行动，将人民城市理念落细落实。
补齐民生短板，生活更舒心
“外墙新做保温、管网重新铺设、楼梯间加装扶手，废弃的锅炉房改造成了社区活动中心……”沈阳市大东区长安社区居民孙佳宝细数身边的种种新变化。长安社区建成已有30多年，一度成为“脏乱差”的代名词。2023年，得益于老旧小区改造项目的实施，“老破小”旧貌换新颜。
打好城市更新攻坚战，老旧小区改造是重要一环。“沈阳老城区多，6500多个住宅小区中，老旧小区占比超过一半。”沈阳市房产局局长徐强表示，“十四五”时期，沈阳累计改造老旧小区1823个，惠及居民80.3万户。
硬件升级，服务也要跟上。“我们推出品质养老‘三张清单’——需求清单、资源清单、服务清单，提供助餐、助浴、康复训练等25项无偿、低偿的专业化服务。”长安社区党委书记曹雪介绍。
注重呵护“一老一小”，沈阳大力推进养老育幼等社区服务供给，2021年以来共建设社区养老服务站955个、社区卫生服务中心193家、城市书房（书屋）208个。
城市有机更新，不仅要“面子”亮丽，更要“里子”厚实。
“接通了燃气管线，再也不用扛罐上楼了！”铁西区青城小区居民张军对“燃气入户”工程很满意。2024年9月以来，沈阳铺设燃气管网252公里，2万户居民不再需要用液化气做饭，一年内预计还有3万户居民用上管道天然气。
老旧管网改造提升同样重要。“全市燃气管网总长度达1万余公里，其中部分管网运行年代久远，存在一定安全风险。”沈阳市城乡建设局副局长郭正学介绍，“十四五”时期，沈阳共改造老化燃气管网超1350公里，2025年燃气安全事故相比2021年下降70%以上，安全用气水平大幅提升。
一根管道，连起民生温暖。2021年以来，沈阳累计完成改造供水管网1933公里、排水管网393公里、供热管网844公里，城市安全韧性水平大为提升。
加快绿色转型，环境更宜居
午饭后，72岁的市民张景振走出家门，来到卫工明渠一侧的休闲步道散步。“这条人工水渠原本是铁西区众多工业企业的排污渠道，水体黑臭难闻。经过治理，水渠干净了、周边绿化跟上了，成为市民休闲的好去处。”张景振说。
嬗变，不止于卫工明渠。在沈阳，南运河、新开河、卫工河3条人工河如一条玉带环抱主城区。随着岁月流逝，淤泥沉积、雨水调蓄能力不足等问题日渐突出，不仅影响市容，还埋下汛期安全隐患。
明确“病灶”，精准“开方”：清运淤泥28.4万立方米，修建护岸12.55公里，恢复绿化4万多平方米……沈阳市城市管理综合行政执法局局长王文勇介绍，随着浑北环城水系排涝能力提升改造和新开河防洪排涝安全提升改造两大项目有序实施，城区滨水空间重焕生机。
水系疏通由以往的“简单修补”变为“系统施治”，折射城市治理观念之变。“我们厚植生态理念，坚持治山、治水、治城一体推进，科学合理规划城市的生产空间、生活空间、生态空间，绘就生态宜居新画卷。”沈阳市副市长刘旭辉说。
在沈阳市和平区文体西路南侧，一块闲置多年的荒地被打造成了口袋公园。漫步其中，小路蜿蜒，还设有吧台、座椅等。如今，3198座小巧精致、功能多样的口袋公园散落在沈阳的大街小巷。据统计，“十四五”时期，沈阳共新增城区绿地16.9平方公里，城市绿地率达40.74%。
从“增绿”到“常绿”，考验城市精细化管理水平。在沈阳市城市精细化管理“一网统管”指挥中心，电子大屏幕上实时更新各区域公园、绿地的养护数据信息，公园位置、植被长势等一目了然。
“平台通过建立综合性数据库，对251类城市管理问题确权定责，构建问题‘发现—推送—处置—反馈—评估’闭环管理流程。”王文勇介绍，2023年平台正式运行以来，已累计处置城市管理问题超279万件，处置率达96.34%。
探索保护传承，底蕴更丰厚
沈阳方城历史文化街区，不仅坐落着沈阳故宫、张学良旧居、东三省总督府旧址等一批文物保护单位和历史建筑，还居住着1.6万多户群众，集景区、街区、社区于一体。
历史文化街区如何实现有机更新？“通过反复论证，我们打破原有改造思路，变‘拆改留’为‘留改拆’，坚持保护为主、修旧如旧，最大限度延续历史文脉。”刘旭辉说。
美化修缮建筑立面359栋、拆除废弃线缆135万多米、增设小品设施1100余处，67条历史胡同成为特色文化体验带，东三省总督府旧址等41处文博场馆对外开放……“方形城池、井字格局”的空间形态、“坊巷堂院、青砖灰瓦”的建筑特色，在修复中逐渐苏醒。
形态蝶变，业态升级。“截至目前，方城区域共引进品牌首店54家、品牌旗舰店和体验店170余家，打造民俗文化主题园区等3个夜经济场景，体验式文旅新业态占比由原来的3%增长至46%。”刘旭辉介绍。
沈阳历史文脉悠长，工业文化积淀丰厚。如何让工业遗存焕发新活力，是城市更新面临的另一个重要课题。
在铁西区兴华北街，矗立着一座锯齿形房顶的钢结构老厂房。这里是原沈阳重型机器厂的第二金工车间，如今已变身为文化创意园，人们前来看展览、观演出，感受艺术气息。
“老旧厂房是凝固的历史，也是促进城市有机更新的宝贵资源。只要改造、运营得当，‘工业锈带’也能变成‘生活秀场’。”沈阳市副市长刘克斌说，截至目前，沈阳共划定70万平方米工业遗存保护区，不少老厂房、老车间通过改造重新焕发生机。
城市更新，一头连着发展，一头连着民生。“要把‘人民城市人民建、人民城市为人民’的理念贯穿始终，坚持便民、利民、安民，建设现代化人民城市，让群众生活更方便、更舒心、更美好。”沈阳市委主要负责同志表示。","# “十四五”时期，辽宁沈阳累计改造老旧小区1823个

> 本报记者  郝迎灿《人民日报》（2026年01月07日第 06 版）

数据来源：住房城乡建设部　　沈阳市委宣传部　　制图：张芳曼

数据来源：住房城乡建设部

沈阳市委宣传部

制图：张芳曼

加快推进城市更新，改造提升老旧小区、老旧厂区、老旧街区和城中村等存量片区功能，推进老旧楼宇改造，积极扩建新建停车场、充电桩。

——摘自“十四五”规划纲要

坚持城市内涵式发展，大力实施城市更新，建设创新、宜居、美丽、韧性、文明、智慧的现代化人民城市。

——摘自“十五五”规划建议

“我也算是住上电梯房了，别提有多方便了！”在辽宁省沈阳市铁西区实久花园小区，78岁的居民刘桂兰对新加装的电梯赞不绝口。

老旧小区没电梯，“买菜扛不动、看病下不来”成了居民的心病。瞄准民生痛点，“十四五”时期，沈阳累计加装、更新电梯1600多部，受益居民达11万余人。

作为老工业城市，沈阳建城时间早、城镇化率高，在城市发展过程中面临公共设施老化、功能配套不足、城市绿化品质不高等问题。

2025年1月，习近平总书记在沈阳考察时指出，“城市更新要因地制宜，同社区建设结合起来，一切着眼于便民、利民、安民，特别要更好地关心呵护‘一老一小’。”

如何以城市更新为抓手，探索一条内涵式发展新路？沈阳以实际行动，将人民城市理念落细落实。

**补齐民生短板，生活更舒心**

“外墙新做保温、管网重新铺设、楼梯间加装扶手，废弃的锅炉房改造成了社区活动中心……”沈阳市大东区长安社区居民孙佳宝细数身边的种种新变化。长安社区建成已有30多年，一度成为“脏乱差”的代名词。2023年，得益于老旧小区改造项目的实施，“老破小”旧貌换新颜。

打好城市更新攻坚战，老旧小区改造是重要一环。“沈阳老城区多，6500多个住宅小区中，老旧小区占比超过一半。”沈阳市房产局局长徐强表示，“十四五”时期，沈阳累计改造老旧小区1823个，惠及居民80.3万户。

硬件升级，服务也要跟上。“我们推出品质养老‘三张清单’——需求清单、资源清单、服务清单，提供助餐、助浴、康复训练等25项无偿、低偿的专业化服务。”长安社区党委书记曹雪介绍。

注重呵护“一老一小”，沈阳大力推进养老育幼等社区服务供给，2021年以来共建设社区养老服务站955个、社区卫生服务中心193家、城市书房（书屋）208个。

城市有机更新，不仅要“面子”亮丽，更要“里子”厚实。

“接通了燃气管线，再也不用扛罐上楼了！”铁西区青城小区居民张军对“燃气入户”工程很满意。2024年9月以来，沈阳铺设燃气管网252公里，2万户居民不再需要用液化气做饭，一年内预计还有3万户居民用上管道天然气。

老旧管网改造提升同样重要。“全市燃气管网总长度达1万余公里，其中部分管网运行年代久远，存在一定安全风险。”沈阳市城乡建设局副局长郭正学介绍，“十四五”时期，沈阳共改造老化燃气管网超1350公里，2025年燃气安全事故相比2021年下降70%以上，安全用气水平大幅提升。

一根管道，连起民生温暖。2021年以来，沈阳累计完成改造供水管网1933公里、排水管网393公里、供热管网844公里，城市安全韧性水平大为提升。

**加快绿色转型，环境更宜居**

午饭后，72岁的市民张景振走出家门，来到卫工明渠一侧的休闲步道散步。“这条人工水渠原本是铁西区众多工业企业的排污渠道，水体黑臭难闻。经过治理，水渠干净了、周边绿化跟上了，成为市民休闲的好去处。”张景振说。

嬗变，不止于卫工明渠。在沈阳，南运河、新开河、卫工河3条人工河如一条玉带环抱主城区。随着岁月流逝，淤泥沉积、雨水调蓄能力不足等问题日渐突出，不仅影响市容，还埋下汛期安全隐患。

明确“病灶”，精准“开方”：清运淤泥28.4万立方米，修建护岸12.55公里，恢复绿化4万多平方米……沈阳市城市管理综合行政执法局局长王文勇介绍，随着浑北环城水系排涝能力提升改造和新开河防洪排涝安全提升改造两大项目有序实施，城区滨水空间重焕生机。

水系疏通由以往的“简单修补”变为“系统施治”，折射城市治理观念之变。“我们厚植生态理念，坚持治山、治水、治城一体推进，科学合理规划城市的生产空间、生活空间、生态空间，绘就生态宜居新画卷。”沈阳市副市长刘旭辉说。

在沈阳市和平区文体西路南侧，一块闲置多年的荒地被打造成了口袋公园。漫步其中，小路蜿蜒，还设有吧台、座椅等。如今，3198座小巧精致、功能多样的口袋公园散落在沈阳的大街小巷。据统计，“十四五”时期，沈阳共新增城区绿地16.9平方公里，城市绿地率达40.74%。

从“增绿”到“常绿”，考验城市精细化管理水平。在沈阳市城市精细化管理“一网统管”指挥中心，电子大屏幕上实时更新各区域公园、绿地的养护数据信息，公园位置、植被长势等一目了然。

“平台通过建立综合性数据库，对251类城市管理问题确权定责，构建问题‘发现—推送—处置—反馈—评估’闭环管理流程。”王文勇介绍，2023年平台正式运行以来，已累计处置城市管理问题超279万件，处置率达96.34%。

**探索保护传承，底蕴更丰厚**

沈阳方城历史文化街区，不仅坐落着沈阳故宫、张学良旧居、东三省总督府旧址等一批文物保护单位和历史建筑，还居住着1.6万多户群众，集景区、街区、社区于一体。

历史文化街区如何实现有机更新？“通过反复论证，我们打破原有改造思路，变‘拆改留’为‘留改拆’，坚持保护为主、修旧如旧，最大限度延续历史文脉。”刘旭辉说。

美化修缮建筑立面359栋、拆除废弃线缆135万多米、增设小品设施1100余处，67条历史胡同成为特色文化体验带，东三省总督府旧址等41处文博场馆对外开放……“方形城池、井字格局”的空间形态、“坊巷堂院、青砖灰瓦”的建筑特色，在修复中逐渐苏醒。

形态蝶变，业态升级。“截至目前，方城区域共引进品牌首店54家、品牌旗舰店和体验店170余家，打造民俗文化主题园区等3个夜经济场景，体验式文旅新业态占比由原来的3%增长至46%。”刘旭辉介绍。

沈阳历史文脉悠长，工业文化积淀丰厚。如何让工业遗存焕发新活力，是城市更新面临的另一个重要课题。

在铁西区兴华北街，矗立着一座锯齿形房顶的钢结构老厂房。这里是原沈阳重型机器厂的第二金工车间，如今已变身为文化创意园，人们前来看展览、观演出，感受艺术气息。

“老旧厂房是凝固的历史，也是促进城市有机更新的宝贵资源。只要改造、运营得当，‘工业锈带’也能变成‘生活秀场’。”沈阳市副市长刘克斌说，截至目前，沈阳共划定70万平方米工业遗存保护区，不少老厂房、老车间通过改造重新焕发生机。

城市更新，一头连着发展，一头连着民生。“要把‘人民城市人民建、人民城市为人民’的理念贯穿始终，坚持便民、利民、安民，建设现代化人民城市，让群众生活更方便、更舒心、更美好。”沈阳市委主要负责同志表示。",郝迎灿,要闻,https://paper.people.com.cn/rmrb/pc/content/202601/07/content_30130224.html,2026-01-07,"['沈阳', '老旧', '城市', '改造', '城市更新', '沈阳市', '十四五', '小区', '社区', '铁西区']","数据来源：住房城乡建设部沈阳市委宣传部制图：张芳曼
数据来源：住房城乡建设部
沈阳市委宣传部",政治
让城市成为安居乐业的幸福家园（专家点评）,"行走在城市里，改造后的老旧小区展露新颜，工业遗址变身文创园区，古城街巷融入现代生活……“十四五”时期，通过出政策、明底线、推试点、抓项目，我国城市更新交出了一份兼具速度与温度的亮眼答卷。
民生短板着力补齐。全国累计改造城镇老旧小区24万多个，惠及4000多万户、1.1亿人；加装电梯12.9万部，增设停车位340多万个、养老托育等社区服务设施6.4万个；打造口袋公园1.8万多个、城市绿道2.5万公里。许多曾经的“老破小”变身“幸福院”。
安全韧性有效提升。更新改造供水、燃气、供热等地下管网84万公里，启动城市危旧房改造17.5万套（间），这些工作有效消除了群众身边的不少安全隐患，让城市“里子”更实、抗风险能力更强。
发展动力切实增强。通过改造老旧街区、老旧厂区等，创造更新的消费场景、更多的创业空间，有力拉动了投资，为城市注入新的产业活力。新型城市基础设施建设加快推进，各类新技术的运用提升了城市管理效能。
这些成绩的取得，离不开城市更新实施机制的建立健全，尤其是坚持体检先行、规划统筹，找准城市更新着力点；也离不开各地区各有关部门协同联动、完善制度政策。围绕可持续的城市更新模式与政策机制，我国出台了一系列政策文件，明确了城市更新的方向原则和底线要求；同时研究土地、金融、财税等相关支持政策和协同机制，鼓励地方试点探索，努力破解城市更新难点堵点，构建可持续的城市建设运营投融资体系。
“十五五”规划建议提出，“坚持城市内涵式发展，大力实施城市更新”。以城市更新为重要抓手，现代化人民城市高质量发展有望取得更大进展。要勇于改革创新，不断完善城市更新体制机制，使城市安全发展基础更加牢固、服务效能不断提高、人居环境明显改善、经济业态更加丰富、文化遗产得到保护、风貌特色更加彰显，让城市成为人民群众安居乐业的幸福家园。
（作者为中国城市规划设计研究院城市更新分院院长，本报记者丁怡婷采访整理）","# 让城市成为安居乐业的幸福家园（专家点评）

> 范嗣斌《人民日报》（2026年01月07日第 06 版）

行走在城市里，改造后的老旧小区展露新颜，工业遗址变身文创园区，古城街巷融入现代生活……“十四五”时期，通过出政策、明底线、推试点、抓项目，我国城市更新交出了一份兼具速度与温度的亮眼答卷。

民生短板着力补齐。全国累计改造城镇老旧小区24万多个，惠及4000多万户、1.1亿人；加装电梯12.9万部，增设停车位340多万个、养老托育等社区服务设施6.4万个；打造口袋公园1.8万多个、城市绿道2.5万公里。许多曾经的“老破小”变身“幸福院”。

安全韧性有效提升。更新改造供水、燃气、供热等地下管网84万公里，启动城市危旧房改造17.5万套（间），这些工作有效消除了群众身边的不少安全隐患，让城市“里子”更实、抗风险能力更强。

发展动力切实增强。通过改造老旧街区、老旧厂区等，创造更新的消费场景、更多的创业空间，有力拉动了投资，为城市注入新的产业活力。新型城市基础设施建设加快推进，各类新技术的运用提升了城市管理效能。

这些成绩的取得，离不开城市更新实施机制的建立健全，尤其是坚持体检先行、规划统筹，找准城市更新着力点；也离不开各地区各有关部门协同联动、完善制度政策。围绕可持续的城市更新模式与政策机制，我国出台了一系列政策文件，明确了城市更新的方向原则和底线要求；同时研究土地、金融、财税等相关支持政策和协同机制，鼓励地方试点探索，努力破解城市更新难点堵点，构建可持续的城市建设运营投融资体系。

“十五五”规划建议提出，“坚持城市内涵式发展，大力实施城市更新”。以城市更新为重要抓手，现代化人民城市高质量发展有望取得更大进展。要勇于改革创新，不断完善城市更新体制机制，使城市安全发展基础更加牢固、服务效能不断提高、人居环境明显改善、经济业态更加丰富、文化遗产得到保护、风貌特色更加彰显，让城市成为人民群众安居乐业的幸福家园。

（作者为中国城市规划设计研究院城市更新分院院长，本报记者丁怡婷采访整理）",范嗣斌,要闻,https://paper.people.com.cn/rmrb/pc/content/202601/07/content_30130225.html,2026-01-07,"['城市更新', '城市', '老旧', '改造', '机制', '政策', '幸福', '万多个', '安居乐业', '万公里']","行走在城市里，改造后的老旧小区展露新颜，工业遗址变身文创园区，古城街巷融入现代生活……“十四五”时期，通过出政策、明底线、推试点、抓项目，我国城市更新交出了一份兼具速度与温度的亮眼答卷。
民生短板着力补齐。全国累计改造城镇老旧小区24万多个，惠及4000多万户、1.1亿人；加装电梯12.9万部，增设停车位340多万个、养老托育等社区服务设施6.4万个；打造口袋公园1.8万多个、城市绿道2.5万公里。许多曾经的“老破小”变身“幸福院”。
安全韧性有效提升。更新改造供水、燃气、供热等地下管网84万公里，启动城市危旧房改造17.5万套（间），这些工作有效消除了群众身边的不少安全隐患，让城市“里子”更实、抗风险能力更强。",政治
从创新突破看发展突围（评论员观察）,"创新，鼓励“一花独放”，更喜“满园春色”。推进科创项目、重大工程，尤其离不开系统思维、区域协同
一段时间以来，有关“突破”的消息接踵而至——
我国高铁营业里程突破5万公里，织就全球最大、最先进的高铁网；
藏粮于地、藏粮于技，2025年全国粮食产量14297.5亿斤，再创新高；
山东2025年地区生产总值预计突破10万亿元，新质生产力蓬勃涌动，展现“经济大省挑大梁”风采；
海南自由贸易港绿色低碳发展迎来重要技术突破，二氧化碳捕集液化装置顺利运行……
无论全局还是一域，一项项坚实的突破，为中国经济顶压前行、向新向优发展写下生动注脚。
中央经济工作会议指出，“在质的有效提升上取得更大突破”。站在新的更高起点上，如何成就更多含金量高、有后劲的创新突破，为高质量发展添动能？不妨从几个视角出发，解一解这道思考题。
锚定自主创新，既打攻坚战，也打持久战，一张蓝图绘到底。
新一轮科技革命和产业变革加速突破，拼创新要只争朝夕，也要久久为功。以高铁为例，试验期间跑出相对交会时速896公里新纪录的CR450动车组，由科研院所、高校、企业等优势科研力量夜以继日联合攻关而成。从“十一五”规划到“十四五”规划，中国高铁从无到有，在稳扎稳打中攀爬至世界最先进水平。
外媒刊文称，“中国科技创新得益于经过精心设计、旨在确保平稳转型的长期国家战略”。保持定力，步步为营，一茬接着一茬干，积小胜为大胜，这是成就创新跃迁的密码。
坚持因地制宜，既锻长板，也补短板，解决“卡脖子”难题。
我国是全世界唯一拥有联合国产业分类中全部工业门类的国家，制造业规模与产业生态完备性优势突出，但高端制造仍有短板弱项。锚定高端化智能化升级，我国具身智能产业活力迸发，在制造人形机器人领域，中国过去5年相关专利量位列世界第一；坚持自主创新，从国产电磁弹射型航母、国产大型邮轮到全球领先的大型LNG运输船，我们集齐船舶工业皇冠上的“三颗明珠”。
关键核心技术要不来、买不来、讨不来。从空间站“天宫”全面建成，到“深地塔科1井”完成万米钻探；从全球首座第四代核电站投入商业运行，到国产大模型跻身行业第一梯队……推动科技创新和产业创新深度融合，为我们增厚了发展底气。
激发协同效应，既独立作战，也系统集成，集中力量办大事。
创新，鼓励“一花独放”，更喜“满园春色”。推进科创项目、重大工程，尤其离不开系统思维、区域协同。
看“一架飞机”。20多个省份，1000余家科研院所、高校、企业，30多万人参与研制；前机身大部段在江西南昌制造，百余零部件由湖北武汉企业供应，总装在上海完成……C919大飞机翱翔蓝天，靠的是全国上下大力协同、合力攻关。
实践中，我们一次次将集中力量办大事的制度优势，转化为科技创新的乘数效应。北斗卫星导航系统攻克160多项关键核心技术，突破500余种核心器件的国产化研制，“是党和国家调动千军万马干出来的”。嫦娥工程近10万人参与，以“上下一条心”的协同干出“万人一杆枪”的事业。用好新型举国体制优势，这是我们的信心所在、力量所在。
中国创新指数排名首次跻身世界前十；《科学》杂志公布2025年度十大科学突破，4项中国成果入围……当“中国创新”成为全球热词，我们更有壮志与雄心，以创新突破成就发展突围，为中国经济风雨无阻向前行注入强劲动力。","# 从创新突破看发展突围（评论员观察）

> 李浩燃《人民日报》（2026年01月07日第 07 版）

创新，鼓励“一花独放”，更喜“满园春色”。推进科创项目、重大工程，尤其离不开系统思维、区域协同

一段时间以来，有关“突破”的消息接踵而至——

我国高铁营业里程突破5万公里，织就全球最大、最先进的高铁网；

藏粮于地、藏粮于技，2025年全国粮食产量14297.5亿斤，再创新高；

山东2025年地区生产总值预计突破10万亿元，新质生产力蓬勃涌动，展现“经济大省挑大梁”风采；

海南自由贸易港绿色低碳发展迎来重要技术突破，二氧化碳捕集液化装置顺利运行……

无论全局还是一域，一项项坚实的突破，为中国经济顶压前行、向新向优发展写下生动注脚。

中央经济工作会议指出，“在质的有效提升上取得更大突破”。站在新的更高起点上，如何成就更多含金量高、有后劲的创新突破，为高质量发展添动能？不妨从几个视角出发，解一解这道思考题。

锚定自主创新，既打攻坚战，也打持久战，一张蓝图绘到底。

新一轮科技革命和产业变革加速突破，拼创新要只争朝夕，也要久久为功。以高铁为例，试验期间跑出相对交会时速896公里新纪录的CR450动车组，由科研院所、高校、企业等优势科研力量夜以继日联合攻关而成。从“十一五”规划到“十四五”规划，中国高铁从无到有，在稳扎稳打中攀爬至世界最先进水平。

外媒刊文称，“中国科技创新得益于经过精心设计、旨在确保平稳转型的长期国家战略”。保持定力，步步为营，一茬接着一茬干，积小胜为大胜，这是成就创新跃迁的密码。

坚持因地制宜，既锻长板，也补短板，解决“卡脖子”难题。

我国是全世界唯一拥有联合国产业分类中全部工业门类的国家，制造业规模与产业生态完备性优势突出，但高端制造仍有短板弱项。锚定高端化智能化升级，我国具身智能产业活力迸发，在制造人形机器人领域，中国过去5年相关专利量位列世界第一；坚持自主创新，从国产电磁弹射型航母、国产大型邮轮到全球领先的大型LNG运输船，我们集齐船舶工业皇冠上的“三颗明珠”。

关键核心技术要不来、买不来、讨不来。从空间站“天宫”全面建成，到“深地塔科1井”完成万米钻探；从全球首座第四代核电站投入商业运行，到国产大模型跻身行业第一梯队……推动科技创新和产业创新深度融合，为我们增厚了发展底气。

激发协同效应，既独立作战，也系统集成，集中力量办大事。

创新，鼓励“一花独放”，更喜“满园春色”。推进科创项目、重大工程，尤其离不开系统思维、区域协同。

看“一架飞机”。20多个省份，1000余家科研院所、高校、企业，30多万人参与研制；前机身大部段在江西南昌制造，百余零部件由湖北武汉企业供应，总装在上海完成……C919大飞机翱翔蓝天，靠的是全国上下大力协同、合力攻关。

实践中，我们一次次将集中力量办大事的制度优势，转化为科技创新的乘数效应。北斗卫星导航系统攻克160多项关键核心技术，突破500余种核心器件的国产化研制，“是党和国家调动千军万马干出来的”。嫦娥工程近10万人参与，以“上下一条心”的协同干出“万人一杆枪”的事业。用好新型举国体制优势，这是我们的信心所在、力量所在。

中国创新指数排名首次跻身世界前十；《科学》杂志公布2025年度十大科学突破，4项中国成果入围……当“中国创新”成为全球热词，我们更有壮志与雄心，以创新突破成就发展突围，为中国经济风雨无阻向前行注入强劲动力。",李浩燃,评论,https://paper.people.com.cn/rmrb/pc/content/202601/07/content_30130233.html,2026-01-07,"['创新', '突破', '高铁', '2025', '协同', '一花独放', '产业', '中国', '满园春色', '更喜']","创新，鼓励“一花独放”，更喜“满园春色”。推进科创项目、重大工程，尤其离不开系统思维、区域协同
一段时间以来，有关“突破”的消息接踵而至——
我国高铁营业里程突破5万公里，织就全球最大、最先进的高铁网；",政治
唯有真心最动人（暖闻热评）,"【关键词】怀念挚友
【事件】前段时间，广州大学教授张河清的一篇悼友文“刷屏”网络，感动无数网友。他用平实的文字缅怀殉职的大学室友刘一周，字里行间满是深情。文末一句“没有人会对一捧土产生情感，直到自己亲手垒起了一座”，更让网友感慨“直戳心窝”。没有惊天壮举，无需宏大叙事，这份跨越近40年的纯粹与真挚，让一种朴素却极其厚重的情谊击中人们内心最柔软的地方。
【点评】
写下《怀念挚友刘一周》时，张河清大概不会预料到，将近40年前的青春碎片，像一枚石子投入今天的互联网，激起层层涟漪。年轻人调侃“老一辈写东西就是没个轻重”——字字质朴，却偏偏能让人隔着屏幕湿了眼眶。
一篇悼念同窗的文章，何以引发共鸣？
答案，莫过于真情。张河清的一句“这辈子，我最骄傲的不是评上了教授，不是住上了大房子，而是遇到了一个真的把我放在心上的哥们”，道尽同窗之情在他心中的分量。从初次见面时刘一周咧嘴递来的鸡蛋，到后来张河清抽屉里常年放着几个煮鸡蛋；从“一条藤上的两个苦瓜”平分九毛钱的饭费，到毕业时皱巴巴的零钱与“好好照顾自己”的叮嘱；从每年不曾间断的探望，到时常浮现在眼前的身影……一个个画面拼凑出一段贯穿几十年的金子般的友谊。
有网友留言：“哭的是他的故事，想的是自己的‘刘一周’。”张河清的文字，不同的人读来，眼前或许会浮现出不同的身影。每个人的青春年华里，大概都曾邂逅不计成本的付出、不求回报的善意、不曾褪色的信任。也许光阴荏苒，快节奏的生活里，人与人的生命轨迹相交又分开，但那留在心底的并肩携手的故事，不仅是个体成长的来时路，更是值得珍藏一生的财富。
答案，更在于实干。两个家境贫寒、成长励志的普通人，用一生诠释着对初心的坚守。刘一周大学毕业回到老家扎根基层，像一头踏实肯干的“老黄牛”，勤奋工作，不仅扛起九口之家的重担，还将岁月书写在服务家乡人民的一片赤诚里。张河清在三尺讲台耕耘三十余载，带着挚友“让村里孩子走出大山”的心愿，帮助一届届学生带着“踏实、勤勉、坚韧”的品质，奔赴人生的远方。
有着理想的光芒却不空谈理想，扎根脚下的土壤却不止步平庸。这平凡中的不凡，属于每个热爱生活、向上向善的人。这以真情交换真心、以实干赢得实绩的力量，恰恰是一个社会坚实的精神根基。从扎根边疆的支教教师到躬身一线的驻村干部，从攻坚克难的科研人员到精益求精的技术工人……无数人脚踏实地、日复一日的坚守，汇聚成的是一个国家、一个民族蓬勃的活力与强大的韧性。
无论是朴素的友谊，还是朴实的坚守，背后都是一颗真诚待人、真诚奉献的真心。社交媒体上，“爱看，大数据请多推”的评论，每一份自发点赞、分享、收藏的情感共鸣，折射出人们心底对真与善炙热的向往。我们为每一颗真心而动容，也为千千万万不平凡的普通人而喝彩。期待更多这般扎根于生活细微处的真情被看见、被传递，让温暖和善意成为时代的深厚底色。","# 唯有真心最动人（暖闻热评）

> 何思琦《人民日报》（2026年01月07日第 07 版）

【关键词】怀念挚友

【事件】前段时间，广州大学教授张河清的一篇悼友文“刷屏”网络，感动无数网友。他用平实的文字缅怀殉职的大学室友刘一周，字里行间满是深情。文末一句“没有人会对一捧土产生情感，直到自己亲手垒起了一座”，更让网友感慨“直戳心窝”。没有惊天壮举，无需宏大叙事，这份跨越近40年的纯粹与真挚，让一种朴素却极其厚重的情谊击中人们内心最柔软的地方。

【点评】

写下《怀念挚友刘一周》时，张河清大概不会预料到，将近40年前的青春碎片，像一枚石子投入今天的互联网，激起层层涟漪。年轻人调侃“老一辈写东西就是没个轻重”——字字质朴，却偏偏能让人隔着屏幕湿了眼眶。

一篇悼念同窗的文章，何以引发共鸣？

答案，莫过于真情。张河清的一句“这辈子，我最骄傲的不是评上了教授，不是住上了大房子，而是遇到了一个真的把我放在心上的哥们”，道尽同窗之情在他心中的分量。从初次见面时刘一周咧嘴递来的鸡蛋，到后来张河清抽屉里常年放着几个煮鸡蛋；从“一条藤上的两个苦瓜”平分九毛钱的饭费，到毕业时皱巴巴的零钱与“好好照顾自己”的叮嘱；从每年不曾间断的探望，到时常浮现在眼前的身影……一个个画面拼凑出一段贯穿几十年的金子般的友谊。

有网友留言：“哭的是他的故事，想的是自己的‘刘一周’。”张河清的文字，不同的人读来，眼前或许会浮现出不同的身影。每个人的青春年华里，大概都曾邂逅不计成本的付出、不求回报的善意、不曾褪色的信任。也许光阴荏苒，快节奏的生活里，人与人的生命轨迹相交又分开，但那留在心底的并肩携手的故事，不仅是个体成长的来时路，更是值得珍藏一生的财富。

答案，更在于实干。两个家境贫寒、成长励志的普通人，用一生诠释着对初心的坚守。刘一周大学毕业回到老家扎根基层，像一头踏实肯干的“老黄牛”，勤奋工作，不仅扛起九口之家的重担，还将岁月书写在服务家乡人民的一片赤诚里。张河清在三尺讲台耕耘三十余载，带着挚友“让村里孩子走出大山”的心愿，帮助一届届学生带着“踏实、勤勉、坚韧”的品质，奔赴人生的远方。

有着理想的光芒却不空谈理想，扎根脚下的土壤却不止步平庸。这平凡中的不凡，属于每个热爱生活、向上向善的人。这以真情交换真心、以实干赢得实绩的力量，恰恰是一个社会坚实的精神根基。从扎根边疆的支教教师到躬身一线的驻村干部，从攻坚克难的科研人员到精益求精的技术工人……无数人脚踏实地、日复一日的坚守，汇聚成的是一个国家、一个民族蓬勃的活力与强大的韧性。

无论是朴素的友谊，还是朴实的坚守，背后都是一颗真诚待人、真诚奉献的真心。社交媒体上，“爱看，大数据请多推”的评论，每一份自发点赞、分享、收藏的情感共鸣，折射出人们心底对真与善炙热的向往。我们为每一颗真心而动容，也为千千万万不平凡的普通人而喝彩。期待更多这般扎根于生活细微处的真情被看见、被传递，让温暖和善意成为时代的深厚底色。",何思琦,评论,https://paper.people.com.cn/rmrb/pc/content/202601/07/content_30130234.html,2026-01-07,"['河清', '扎根', '真心', '一周', '挚友', '真情', '40', '坚守', '实干', '同窗']","【关键词】怀念挚友
【事件】前段时间，广州大学教授张河清的一篇悼友文“刷屏”网络，感动无数网友。他用平实的文字缅怀殉职的大学室友刘一周，字里行间满是深情。文末一句“没有人会对一捧土产生情感，直到自己亲手垒起了一座”，更让网友感慨“直戳心窝”。没有惊天壮举，无需宏大叙事，这份跨越近40年的纯粹与真挚，让一种朴素却极其厚重的情谊击中人们内心最柔软的地方。
【点评】",政治
让民族元素“潮”起来（现场评论）,"贵州黎平县肇兴侗寨，“耶啰耶”旋律响起，原生态侗族大歌在飞檐翘角间回荡，在侗家姑娘、小伙的热情带动下，天南海北的游客尽情舞动，全场欢快地蹦起“侗迪”。
拥有17个世居少数民族，贵州的民族文化多姿多彩。古老曲调唱响文旅新声，传统与现代交融共鸣，绽放出跨越时光的魅力。2025年3月，习近平总书记在贵州考察时指出：“既要保护有形的村落、民居、特色建筑风貌，传承无形的非物质文化遗产，又要推动其创造性转化、创新性发展，让民族特色在利用中更加鲜亮，不断焕发新的光彩。”何以焕发新的光彩？关键在于激发民族文化创新创造活力。
正确认识和处理传统与现代的关系，让民族元素“潮”起来。
背竹篓的萌娃、扛木犁的老农、佩戴银饰的绣娘……夜幕降临，凯里市苗侗风情园中，身穿民族服饰的男女老少踩着音乐节拍，自信从容地走上T台。这群“草根模特”，还走上中国国际时装周、伦敦时装周等全球时尚舞台，用质朴步伐走出动人时尚。“村T”发起人杨春林坦言，“我们只是把田间地头的故事搬到了T台”。原汁原味的民族风情，尽显时尚迷人的现代风范。
民族的就是世界的，传统也能很时尚，要在保留传统底蕴的基础上，通过跨界融合、科技赋能等方式，引导民族符号融入现代审美体系。将苗绣、蜡染等非遗技艺，以及飞歌、芦笙舞等特色文化元素与现代时尚巧妙融合，既是多民族生活美学的创新表达，也是民族文化走向世界的生动实践。当人们穿上民族风服饰、聆听民族音乐、分享民族故事，灿烂的中华文化便展现出新的蓬勃活力。
善于做转化文章，将“沉睡资源”变成“活水源头”。
拥有苗族蜡染、古法造纸等30项国家级与省级非物质文化遗产，丹寨县被誉为“苗族文化活态博物馆”。分散在丹寨各地的非遗项目和传承人，汇聚于“银匠村”非遗工坊群，生产展示、研学互动成为文旅体验的重要一环。如今，“银匠村”年接待游客达20万人次，辐射区域内综合产值上千万元。抱团发展的尝试，既带动相关产业集聚发展，也提升县域文旅产业竞争力。
民族特色是精神财富，更是可转化的经济资源。推动民族文化资源变文化产业，要在“活”字上下功夫。顺应产业跨界融合和生态构建趋势，培育新型文化业态和消费模式，就能更好推动优秀传统文化与现代化产业体系深度融合。
做好协同保护与创新传承，构建民族文化可持续发展的良好生态。
水书是流传千百年的水族文字，一度面临传承人年龄断层、保护措施缺位等问题。雷山县人民检察院发挥公益诉讼检察职能，从制定专项保护方案、落实资金保障、培育传承人才等方面，督促相关部门搭建水书“活态传承”机制。一纸检察建议，牵引整改保护，助濒临断档的民族瑰宝重焕生机。
繁荣发展民族文化，守住根脉是基础。启动非遗保护公益诉讼专项监督行动，建立民族文化生态保护区……围绕法治保障、人才培育、空间规划等主题，贵州打出民族传统文化保护传承的“组合拳”。切实做到在保护中发展、在发展中保护，民族特色才能向活而生。
“十五五”规划建议提出，“激发全民族文化创新创造活力”。从民族与潮流的碰撞融合，到文化与经济的双向奔赴，再到发展与保护的相辅相成，在这片多民族共生共荣的土地上，我们以文化为笔、创新为墨，正书写文化繁荣发展的生动篇章。
（作者为本报贵州分社记者）","# 让民族元素“潮”起来（现场评论）

> 程  焕《人民日报》（2026年01月07日第 07 版）

贵州黎平县肇兴侗寨，“耶啰耶”旋律响起，原生态侗族大歌在飞檐翘角间回荡，在侗家姑娘、小伙的热情带动下，天南海北的游客尽情舞动，全场欢快地蹦起“侗迪”。

拥有17个世居少数民族，贵州的民族文化多姿多彩。古老曲调唱响文旅新声，传统与现代交融共鸣，绽放出跨越时光的魅力。2025年3月，习近平总书记在贵州考察时指出：“既要保护有形的村落、民居、特色建筑风貌，传承无形的非物质文化遗产，又要推动其创造性转化、创新性发展，让民族特色在利用中更加鲜亮，不断焕发新的光彩。”何以焕发新的光彩？关键在于激发民族文化创新创造活力。

正确认识和处理传统与现代的关系，让民族元素“潮”起来。

背竹篓的萌娃、扛木犁的老农、佩戴银饰的绣娘……夜幕降临，凯里市苗侗风情园中，身穿民族服饰的男女老少踩着音乐节拍，自信从容地走上T台。这群“草根模特”，还走上中国国际时装周、伦敦时装周等全球时尚舞台，用质朴步伐走出动人时尚。“村T”发起人杨春林坦言，“我们只是把田间地头的故事搬到了T台”。原汁原味的民族风情，尽显时尚迷人的现代风范。

民族的就是世界的，传统也能很时尚，要在保留传统底蕴的基础上，通过跨界融合、科技赋能等方式，引导民族符号融入现代审美体系。将苗绣、蜡染等非遗技艺，以及飞歌、芦笙舞等特色文化元素与现代时尚巧妙融合，既是多民族生活美学的创新表达，也是民族文化走向世界的生动实践。当人们穿上民族风服饰、聆听民族音乐、分享民族故事，灿烂的中华文化便展现出新的蓬勃活力。

善于做转化文章，将“沉睡资源”变成“活水源头”。

拥有苗族蜡染、古法造纸等30项国家级与省级非物质文化遗产，丹寨县被誉为“苗族文化活态博物馆”。分散在丹寨各地的非遗项目和传承人，汇聚于“银匠村”非遗工坊群，生产展示、研学互动成为文旅体验的重要一环。如今，“银匠村”年接待游客达20万人次，辐射区域内综合产值上千万元。抱团发展的尝试，既带动相关产业集聚发展，也提升县域文旅产业竞争力。

民族特色是精神财富，更是可转化的经济资源。推动民族文化资源变文化产业，要在“活”字上下功夫。顺应产业跨界融合和生态构建趋势，培育新型文化业态和消费模式，就能更好推动优秀传统文化与现代化产业体系深度融合。

做好协同保护与创新传承，构建民族文化可持续发展的良好生态。

水书是流传千百年的水族文字，一度面临传承人年龄断层、保护措施缺位等问题。雷山县人民检察院发挥公益诉讼检察职能，从制定专项保护方案、落实资金保障、培育传承人才等方面，督促相关部门搭建水书“活态传承”机制。一纸检察建议，牵引整改保护，助濒临断档的民族瑰宝重焕生机。

繁荣发展民族文化，守住根脉是基础。启动非遗保护公益诉讼专项监督行动，建立民族文化生态保护区……围绕法治保障、人才培育、空间规划等主题，贵州打出民族传统文化保护传承的“组合拳”。切实做到在保护中发展、在发展中保护，民族特色才能向活而生。

“十五五”规划建议提出，“激发全民族文化创新创造活力”。从民族与潮流的碰撞融合，到文化与经济的双向奔赴，再到发展与保护的相辅相成，在这片多民族共生共荣的土地上，我们以文化为笔、创新为墨，正书写文化繁荣发展的生动篇章。

（作者为本报贵州分社记者）",程  焕,评论,https://paper.people.com.cn/rmrb/pc/content/202601/07/content_30130236.html,2026-01-07,"['民族', '文化', '传承', '保护', '时尚', '文旅', '融合', '贵州', '发展', '传统']","贵州黎平县肇兴侗寨，“耶啰耶”旋律响起，原生态侗族大歌在飞檐翘角间回荡，在侗家姑娘、小伙的热情带动下，天南海北的游客尽情舞动，全场欢快地蹦起“侗迪”。
拥有17个世居少数民族，贵州的民族文化多姿多彩。古老曲调唱响文旅新声，传统与现代交融共鸣，绽放出跨越时光的魅力。2025年3月，习近平总书记在贵州考察时指出：“既要保护有形的村落、民居、特色建筑风貌，传承无形的非物质文化遗产，又要推动其创造性转化、创新性发展，让民族特色在利用中更加鲜亮，不断焕发新的光彩。”何以焕发新的光彩？关键在于激发民族文化创新创造活力。
正确认识和处理传统与现代的关系，让民族元素“潮”起来。",政治
“讲座热”折射知识渴求（纵横）,"“提前三小时排队，只为抢到讲座的前排座位”“跨校两小时通勤，不愿错过一场脑机接口前沿论坛”……如今在大学校园里，“追讲座”场景愈发常见。
“讲座热”源于对知识的渴求。一些实用性与前瞻性强的讲座，恰恰是课堂学习的重要补充。相比于一些说教式、填鸭式的课堂教学，沙龙、论坛分享等互动式讲座，为青年学子提供更多交流的机会，实现及时答疑解惑。讲座也是学生融入社会、拓宽视野的重要途径。一些返校校友的职业讲述、创业纪实，让学生们得以通过真实的案例了解不同职业生态，为未来择业提供参考。
一场场火爆讲座，让我们感叹时代的进步、教育的提升，也让更多人意识到青年对成长的期待。学校在组织讲座时，进一步精准对接需求，优化资源供给，防止主题空泛，才能更好引导青年身上这种向上的力量。这种主动学习、积极拥抱时代的精神，也将成为推动社会创新前行的重要驱动。
（摘编自《中国教育报》，原题为《“讲座热”折射青年知识渴求》）","# “讲座热”折射知识渴求（纵横）

> 刘义杰《人民日报》（2026年01月07日第 07 版）

“提前三小时排队，只为抢到讲座的前排座位”“跨校两小时通勤，不愿错过一场脑机接口前沿论坛”……如今在大学校园里，“追讲座”场景愈发常见。

“讲座热”源于对知识的渴求。一些实用性与前瞻性强的讲座，恰恰是课堂学习的重要补充。相比于一些说教式、填鸭式的课堂教学，沙龙、论坛分享等互动式讲座，为青年学子提供更多交流的机会，实现及时答疑解惑。讲座也是学生融入社会、拓宽视野的重要途径。一些返校校友的职业讲述、创业纪实，让学生们得以通过真实的案例了解不同职业生态，为未来择业提供参考。

一场场火爆讲座，让我们感叹时代的进步、教育的提升，也让更多人意识到青年对成长的期待。学校在组织讲座时，进一步精准对接需求，优化资源供给，防止主题空泛，才能更好引导青年身上这种向上的力量。这种主动学习、积极拥抱时代的精神，也将成为推动社会创新前行的重要驱动。

（摘编自《中国教育报》，原题为《“讲座热”折射青年知识渴求》）",刘义杰,评论,https://paper.people.com.cn/rmrb/pc/content/202601/07/content_30130237.html,2026-01-07,"['讲座', '渴求', '青年', '知识', '折射', '职业', '互动式', '论坛', '说教式', '通勤']","“提前三小时排队，只为抢到讲座的前排座位”“跨校两小时通勤，不愿错过一场脑机接口前沿论坛”……如今在大学校园里，“追讲座”场景愈发常见。
“讲座热”源于对知识的渴求。一些实用性与前瞻性强的讲座，恰恰是课堂学习的重要补充。相比于一些说教式、填鸭式的课堂教学，沙龙、论坛分享等互动式讲座，为青年学子提供更多交流的机会，实现及时答疑解惑。讲座也是学生融入社会、拓宽视野的重要途径。一些返校校友的职业讲述、创业纪实，让学生们得以通过真实的案例了解不同职业生态，为未来择业提供参考。
一场场火爆讲座，让我们感叹时代的进步、教育的提升，也让更多人意识到青年对成长的期待。学校在组织讲座时，进一步精准对接需求，优化资源供给，防止主题空泛，才能更好引导青年身上这种向上的力量。这种主动学习、积极拥抱时代的精神，也将成为推动社会创新前行的重要驱动。",社会
吉林  让资源优势成为产业胜势  激活冰雪产业发展新动能,"2026年1月6日，第十二届全国大众冰雪季于吉林省长春市启动，以“冰雪启新程•燃情向未来”为主题，在肆季南河岸线公园掀起全民冰雪热潮。这场涵盖300余项赛事的国家级盛会，是吉林冰雪产业蓬勃发展的缩影。
从长白山粉雪到查干湖冬捕，从中国长春净月潭瓦萨国际滑雪节到第十二届全国大众冰雪季，从世界级滑雪赛事到“冰雪+文旅”多元融合，吉林正以“东雪西冰”格局撬动消费增量，将“冷资源”转化为“热经济”，书写“冰天雪地也是金山银山”的生动实践。
第十二届全国大众冰雪季内容涵盖启动仪式、冰雪赛事和首届冰雪运动嘉年华三大板块，呈现五大亮点：一是于长春肆季南河岸线公园打造城市冰雪运动乐园，实现“出门即上雪道”；二是开展冰雪赛事与节庆活动，结合雪雕、烟花秀等营造百日狂欢氛围；三是推动“冰雪+”融合发展，整合研学、露营、演艺、文创等内容，提升文旅体验；四是邀请冬奥冠军参与互动，激发青少年冰雪热情；五是融入智慧服务与吉林智造装备，展示冰雪产业创新成果。活动旨在全方位展现冰雪运动价值，助力全民健身与区域发展。
肆季南河岸线公园
作为长春市重点打造的2025—2026雪季新文旅IP，肆季南河粉雪嘉年华于2025年12月27日在净月高新区伊通河河面开园。项目引入国民级IP“蛋仔派对”，打造了30万平方米无动力空间、百米光影雪城堡，开创了全国首个体育主题冰雪乐园，设有5.7公里城市越野滑雪灯光雪道，并作为第十二届全国大众冰雪季主场地，采用“免费观赏+收费体验”模式，打造全民冰雪乐园。
万峰通化滑雪度假区
万峰通化滑雪度假区坐落于“中国滑雪之乡”吉林省通化市，前身为1957年建成的通化滑雪场，是新中国第一座高山滑雪场，被誉为“新中国滑雪运动的摇篮”。
万峰通化滑雪度假区现已发展成为集滑雪运动、度假休闲与康养体验于一体的国家级滑雪旅游度假地。其滑雪场造雪面积达117万平方米，海拔960米，有效落差560米。为不同水平的滑雪爱好者规划初、中、高级雪道33条，配套4条高速索道，总运力达14000人次/小时。设有6座不同风格特色的星级酒店，可满足游客休闲度假的多元需求。2025—2026雪季增设萌宠乐园项目，进一步升级了服务设施，可为家庭亲子游提供更丰富的娱乐选择。
长春冰雪新天地
第七届长春冰雪新天地于2025年12月19日开园，以“冰雪福耀中华·民族大团结”为主题，园区占地面积达156万平方米，是融合冰雪观光、冰雪游乐、冰雪运动、冰雪民俗的第三代冰雪经济综合体。
长春冰雪新天地将全国多地地标建筑以冰雪艺术形式呈现，并打造了《千里江山图》冰瀑、北极冰川等互动场景。园区内设有1314米雪漂流、520米冰滑梯等项目，并与天定山民宿、滑雪场联动，首创“中国雪里屯”冰雪生活圈品牌，提供涵盖冰雪观光、游乐到民俗体验的全时段、全场景服务。
中旅松花湖度假区
中旅松花湖度假区坐落于吉林省吉林市，是国家4A级旅游景区和国家级滑雪旅游度假地，连续多年荣获“中国最佳滑雪度假区”称号。
2025—2026雪季，中旅松花湖度假区滑雪面积达230万平方米，50条雪道总长55公里，含4条国际雪联认证赛道。此外，度假区新增15万平方米地形雪道，涵盖林间道、蘑菇道等多种自由式玩法，为游客提供丰富的滑雪体验。
庙香山滑雪场
国家4A级旅游景区庙香山滑雪场凭借专业完备的滑雪配套与多元趣味的冰雪体验，稳居区域滑雪胜地前列。雪场拥有13条雪道，总长超17公里，既能助力滑雪新手夯实基础、稳步提升，也能满足中高级玩家驰骋雪道、畅快“刷坡”的需求。庙香山滑雪场首创“小庙夜滑”特色夜场滑雪品牌，为雪友们解锁白天、夜晚皆可畅滑的双重欢乐，收获一众好评。
数据来源：中共吉林省委宣传部","# 吉林  让资源优势成为产业胜势  激活冰雪产业发展新动能

> 《人民日报》（2026年01月07日第 08 版）

2026年1月6日，第十二届全国大众冰雪季于吉林省长春市启动，以“冰雪启新程•燃情向未来”为主题，在肆季南河岸线公园掀起全民冰雪热潮。这场涵盖300余项赛事的国家级盛会，是吉林冰雪产业蓬勃发展的缩影。

从长白山粉雪到查干湖冬捕，从中国长春净月潭瓦萨国际滑雪节到第十二届全国大众冰雪季，从世界级滑雪赛事到“冰雪+文旅”多元融合，吉林正以“东雪西冰”格局撬动消费增量，将“冷资源”转化为“热经济”，书写“冰天雪地也是金山银山”的生动实践。

第十二届全国大众冰雪季内容涵盖启动仪式、冰雪赛事和首届冰雪运动嘉年华三大板块，呈现五大亮点：一是于长春肆季南河岸线公园打造城市冰雪运动乐园，实现“出门即上雪道”；二是开展冰雪赛事与节庆活动，结合雪雕、烟花秀等营造百日狂欢氛围；三是推动“冰雪+”融合发展，整合研学、露营、演艺、文创等内容，提升文旅体验；四是邀请冬奥冠军参与互动，激发青少年冰雪热情；五是融入智慧服务与吉林智造装备，展示冰雪产业创新成果。活动旨在全方位展现冰雪运动价值，助力全民健身与区域发展。

肆季南河岸线公园

作为长春市重点打造的2025—2026雪季新文旅IP，肆季南河粉雪嘉年华于2025年12月27日在净月高新区伊通河河面开园。项目引入国民级IP“蛋仔派对”，打造了30万平方米无动力空间、百米光影雪城堡，开创了全国首个体育主题冰雪乐园，设有5.7公里城市越野滑雪灯光雪道，并作为第十二届全国大众冰雪季主场地，采用“免费观赏+收费体验”模式，打造全民冰雪乐园。

万峰通化滑雪度假区

万峰通化滑雪度假区坐落于“中国滑雪之乡”吉林省通化市，前身为1957年建成的通化滑雪场，是新中国第一座高山滑雪场，被誉为“新中国滑雪运动的摇篮”。

万峰通化滑雪度假区现已发展成为集滑雪运动、度假休闲与康养体验于一体的国家级滑雪旅游度假地。其滑雪场造雪面积达117万平方米，海拔960米，有效落差560米。为不同水平的滑雪爱好者规划初、中、高级雪道33条，配套4条高速索道，总运力达14000人次/小时。设有6座不同风格特色的星级酒店，可满足游客休闲度假的多元需求。2025—2026雪季增设萌宠乐园项目，进一步升级了服务设施，可为家庭亲子游提供更丰富的娱乐选择。

长春冰雪新天地

第七届长春冰雪新天地于2025年12月19日开园，以“冰雪福耀中华·民族大团结”为主题，园区占地面积达156万平方米，是融合冰雪观光、冰雪游乐、冰雪运动、冰雪民俗的第三代冰雪经济综合体。

长春冰雪新天地将全国多地地标建筑以冰雪艺术形式呈现，并打造了《千里江山图》冰瀑、北极冰川等互动场景。园区内设有1314米雪漂流、520米冰滑梯等项目，并与天定山民宿、滑雪场联动，首创“中国雪里屯”冰雪生活圈品牌，提供涵盖冰雪观光、游乐到民俗体验的全时段、全场景服务。

中旅松花湖度假区

中旅松花湖度假区坐落于吉林省吉林市，是国家4A级旅游景区和国家级滑雪旅游度假地，连续多年荣获“中国最佳滑雪度假区”称号。

2025—2026雪季，中旅松花湖度假区滑雪面积达230万平方米，50条雪道总长55公里，含4条国际雪联认证赛道。此外，度假区新增15万平方米地形雪道，涵盖林间道、蘑菇道等多种自由式玩法，为游客提供丰富的滑雪体验。

庙香山滑雪场

国家4A级旅游景区庙香山滑雪场凭借专业完备的滑雪配套与多元趣味的冰雪体验，稳居区域滑雪胜地前列。雪场拥有13条雪道，总长超17公里，既能助力滑雪新手夯实基础、稳步提升，也能满足中高级玩家驰骋雪道、畅快“刷坡”的需求。庙香山滑雪场首创“小庙夜滑”特色夜场滑雪品牌，为雪友们解锁白天、夜晚皆可畅滑的双重欢乐，收获一众好评。

数据来源：中共吉林省委宣传部",,广告,https://paper.people.com.cn/rmrb/pc/content/202601/07/content_30130240.html,2026-01-07,"['冰雪', '滑雪', '度假区', '滑雪场', '2025', '雪道', '2026', '肆季', '体验', '南河']","2026年1月6日，第十二届全国大众冰雪季于吉林省长春市启动，以“冰雪启新程•燃情向未来”为主题，在肆季南河岸线公园掀起全民冰雪热潮。这场涵盖300余项赛事的国家级盛会，是吉林冰雪产业蓬勃发展的缩影。
从长白山粉雪到查干湖冬捕，从中国长春净月潭瓦萨国际滑雪节到第十二届全国大众冰雪季，从世界级滑雪赛事到“冰雪+文旅”多元融合，吉林正以“东雪西冰”格局撬动消费增量，将“冷资源”转化为“热经济”，书写“冰天雪地也是金山银山”的生动实践。
第十二届全国大众冰雪季内容涵盖启动仪式、冰雪赛事和首届冰雪运动嘉年华三大板块，呈现五大亮点：一是于长春肆季南河岸线公园打造城市冰雪运动乐园，实现“出门即上雪道”；二是开展冰雪赛事与节庆活动，结合雪雕、烟花秀等营造百日狂欢氛围；三是推动“冰雪+”融合发展，整合研学、露营、演艺、文创等内容，提升文旅体验；四是邀请冬奥冠军参与互动，激发青少年冰雪热情；五是融入智慧服务与吉林智造装备，展示冰雪产业创新成果。活动旨在全方位展现冰雪运动价值，助力全民健身与区域发展。",政治
把党的领导贯穿经济社会发展各方面全过程（深入学习贯彻习近平新时代中国特色社会主义思想）,"党的二十届四中全会《建议》把“坚持党的全面领导”置于“十五五”时期经济社会发展必须遵循的原则首位，旗帜鲜明、意义重大。我们要充分认识党的领导是直接关系中国式现代化根本方向、前途命运、最终成败的头等重要问题，把党的领导贯穿经济社会发展各方面全过程，为我国社会主义现代化建设提供根本保证。
坚持和加强党的全面领导是推进中国式现代化的根本保证
中国共产党的领导是中国特色社会主义最本质的特征，是中国特色社会主义制度的最大优势，是中国式现代化的本质要求之一。习近平总书记指出：“没有中国共产党，哪有社会主义中国？哪有中国特色社会主义？哪有中华民族伟大复兴？”这一重要论断科学总结了中国共产党百余年来的伟大实践和宝贵经验，深刻揭示了只有坚持党的领导才能开创、推进直至实现中国式现代化的历史真理。
中国共产党是中国式现代化道路的开拓者。实现现代化是各国人民的一致追求，也是近代以来中华民族梦寐以求的奋斗目标。鸦片战争以后，中国的仁人志士曾设想过通过学习西方现代化、走西方发展道路来实现民族独立和国家富强，并进行了各种尝试，但都以失败告终。中国共产党成立后，团结带领中国人民革故鼎新、改天换地，走出了一条中国式现代化道路。中国式现代化之所以能够创造人类文明新形态，就在于它是中国共产党领导的社会主义现代化，历史性地克服了西方现代化与资本主义生产方式相联系的先天性弊端，使中国式现代化既有各国现代化的共同特征，更有基于自己国情的鲜明特色，开辟了人类迈向现代化的全新路径。
中国共产党是中国式现代化理论的创立者。百余年来，我们党坚持把马克思主义基本原理同中国具体实际相结合、同中华优秀传统文化相结合，不断深化对共产党执政规律、社会主义建设规律、人类社会发展规律的认识，不断开辟马克思主义中国化时代化新境界，为中国式现代化提供了科学指引。在新时代推进中国式现代化的伟大实践中，习近平总书记鲜明提出“中国式现代化”这一标识性概念，深入阐述中国式现代化理论，持续深化概括中国式现代化的中国特色、本质要求和重大原则，初步构建中国式现代化的理论体系，把我们党对什么是中国式现代化、怎样建设中国式现代化的认识提高到前所未有的高度，创新发展了马克思主义现代化理论，为新时代推进中国式现代化提供了根本遵循和行动指南。
中国共产党是中国式现代化力量的凝聚者。现代化作为社会发展的整体变迁过程，需要最大限度地将各种力量组织起来，形成推进现代化建设的强大动能。我们党的根本宗旨是全心全意为人民服务，初心和使命是为中国人民谋幸福、为中华民族谋复兴，党的生命线和根本工作路线是群众路线。党的这些先进性犹如强大的精神纽带，不仅将全体共产党员紧密相连，而且吸引着无数中华儿女汇聚于党的旗帜之下，使党具有强大的组织动员力，进而凝聚起亿万人民共同推进中国式现代化的磅礴力量。中国共产党建立的覆盖各个地方、各个领域、各个方面的组织体系，使全党形成一个上下贯通、执行有力的统一整体，能够迅速而且有效地传达贯彻党中央决策部署和方针政策。新征程上，只有中国共产党能够充分调动全社会各方面的积极性、主动性、创造性，实现资源的优化配置与高效利用，汇聚各方力量开辟中国式现代化更加广阔的前景。
中国共产党是中国式现代化事业的领导者。经过百余年的不懈奋斗，我们党开创和领导中国式现代化，引领中华民族迎来了从站起来、富起来到强起来的伟大飞跃，创造了人类现代化历史上前所未有的成就。党的十八大以来，我们党用8年时间让近1亿农村贫困人口实现脱贫，历史性地解决了绝对贫困问题，致力于让14亿多人口整体迈入现代化，成就了人类社会发展史上前所未有的壮举。这两个“前所未有”充分证明，中国式现代化“既是最难的，也是最伟大的”。中国这样一个曾经积贫积弱、饱受欺凌的国家，之所以能够取得如此伟大的成就，根本原因在于中国共产党的坚强领导。没有中国共产党，不可能开辟和拓展中国式现代化道路，更不可能实现中国式现代化。
坚持和加强党中央集中统一领导，把坚强的政治保证贯穿经济社会发展各方面全过程
坚持和加强党的全面领导，首先要坚持和加强党中央集中统一领导。党中央是全党的大脑和中枢。习近平总书记指出：“我们这么大一个党、这么大一个国家，如果党中央不能实行坚强有力的集中统一领导，就会出现各自为政、自行其是的局面，那就什么事情也干不成。”坚持党中央集中统一领导，是我们不断取得胜利的根本所在，必须作为最高政治原则来坚守。
中国共产党是一个大党，中国是一个大国。大党领导大国，大国走向强国，必须在党中央层面有一个在实践中形成的坚强有力的领导集体，在这个领导集体中必须有一个核心。没有这样的领导集体和核心，党和人民的事业就不能取得胜利。党的十八大以来，我们党确立习近平同志党中央的核心、全党的核心地位，确立习近平新时代中国特色社会主义思想的指导地位，坚持和完善党的领导制度体系，把党中央集中统一领导贯穿治国理政各方面全过程，推动党和国家事业取得历史性成就、发生历史性变革，中华民族伟大复兴势不可挡。顺利实现《建议》确定的“十五五”时期经济社会发展目标，最紧要的就是要深刻领悟“两个确立”的决定性意义，增强“四个意识”、坚定“四个自信”、做到“两个维护”，始终在政治立场、政治方向、政治原则、政治道路上同以习近平同志为核心的党中央保持高度一致。
坚持和加强党中央集中统一领导，刚性的制度要求和有力的落实机制至关重要。党的十八大以来，我们党在坚持和加强党的全面领导特别是党中央集中统一领导方面制定了一系列重大举措，进一步健全了党中央集中统一领导的制度体系和体制机制，必须长期坚持并结合新的实践和要求不断完善。一分部署，九分落实。要把贯彻落实党中央重大决策部署作为首要职责，进一步完善党中央重大决策部署落实机制，健全任务分工、督促检查、情况通报、监督问责等制度体系，推动中央和国家机关、地方党委、基层党组织把对标党中央要求、落实党中央部署具体体现到各项工作中，确保政令畅通、令行禁止，确保上下贯通、执行有力。
坚持和加强党中央集中统一领导，必须加强党的政治建设，推动全党提高政治判断力、政治领悟力、政治执行力，保证全党服从中央。习近平总书记指出：“在领导干部的所有能力中，政治能力是第一位的。”要在坚定政治信仰、强化政治领导、严明政治纪律、规范政治生活、净化政治生态等方面着力，不断提高全党特别是各级领导干部的政治能力。引导和帮助领导干部加强理论学习、注重政治历练、积累政治经验，不断增强维护党中央集中统一领导的政治自觉、思想自觉、行动自觉。
推进党的理论武装和理论创新，把坚强的思想保证贯穿经济社会发展各方面全过程
注重思想建党、理论强党是我们党的光荣传统和鲜明特色。正是因为始终重视思想建党、理论强党，我们党才能够像钢铁般团结统一，才能够历经艰难困苦而不断发展壮大，才能够领导革命、建设、改革和新时代伟大实践不断取得胜利。习近平新时代中国特色社会主义思想集中体现了新时代我们党对中国特色社会主义建设规律认识深化和理论创新的重大成果，为我们认识世界和改造世界提供了强大思想武器。面对“十五五”时期我国复杂的发展环境和艰巨的发展任务，必须深入学习贯彻习近平新时代中国特色社会主义思想，坚持学思用贯通、知信行统一，确保以党的创新理论指引我国经济社会发展取得新的更大成就。
坚持不懈用习近平新时代中国特色社会主义思想凝心铸魂。我们党的党员人数超过1亿，统一思想非常重要。党的十八大以来，我们党接续开展8次党内集中教育，都以学习党的创新理论打头，注重解决实际问题，对引导党员干部不断夯实思想根基，走好新的赶考之路发挥了重要作用。踏上“十五五”新征程，要持续深化习近平新时代中国特色社会主义思想学习宣传教育，坚持理论联系实际的优良学风，推动理论武装走深走实，引导党员干部全面系统掌握这一重要思想的核心要义、精神实质、丰富内涵和实践要求，不断提高运用党的创新理论解决实际问题的能力和水平。
坚持用党的创新理论指导意识形态工作。马克思主义是我们立党立国、兴党兴国的根本指导思想，是社会主义意识形态的旗帜和灵魂。意识形态工作的根本任务，就是巩固马克思主义在意识形态领域的指导地位，巩固全党全国各族人民团结奋斗的共同思想基础。在集中精力进行经济建设的同时，一定要高度重视意识形态工作，坚持以立为本、立破并举，坚持马克思主义在意识形态领域指导地位的根本制度，全面落实意识形态工作责任制，加强阵地建设和管理，旗帜鲜明反对和抵制各种错误观点，不断增强意识形态领域主导权和话语权，着力建设具有强大凝聚力和引领力的社会主义意识形态，建设具有强大生命力和创造力的社会主义精神文明，建设具有强大感召力和影响力的中华文化软实力，为中国式现代化行稳致远提供坚强思想保证。
守正创新推进马克思主义中国化时代化。马克思主义是随着实践发展而不断发展的科学理论。我们党之所以始终拥有澎湃的生机活力，一个重要原因就是以科学的态度对待科学、以真理的精神追求真理，不断推进实践基础上的理论创新，并用以指导新的实践。纵观新时代以来的历年中央经济工作会议，以习近平同志为核心的党中央不断深化对经济社会发展规律的认识，每年都对实践中形成的规律性认识进行深入总结，精辟作出一系列新的理论概括，为进一步全面深化改革、推进中国式现代化提供科学理论指引。当代中国正在经历人类历史上最为宏大而独特的实践创新，我们所面临问题的复杂程度、解决问题的艰巨程度明显加大，必须紧跟时代步伐，顺应时代发展，坚持问题导向，继续推进“两个结合”，敢于说前人没有说过的新话，敢于干前人没有干过的事情，续写马克思主义中国化时代化新篇章。
加强党的组织建设，把坚强的组织保证贯穿经济社会发展各方面全过程
习近平总书记指出：“党的力量来自组织。党的全面领导、党的全部工作要靠党的坚强组织体系去实现。”组织建设是党的建设的重要基础。加强党的组织建设，根本目的是坚持和加强党的全面领导，为推进中国式现代化提供坚强保证。我们党一路走来，总是围绕不同历史时期党的中心任务加强组织建设，发挥组织作用、落实组织责任、锻造党的队伍，使党始终充满活力。“十五五”时期是基本实现社会主义现代化夯实基础、全面发力的关键时期，必须靠党的坚强组织体系发挥保障和推动作用，不断厚植党执政的组织基础。
建设堪当民族复兴重任的高素质干部队伍。党的十八大以来，经过全面从严治党的革命性锻造，党的干部队伍理想信念更加坚定，素质能力不断提高，纪律作风更加过硬，精神斗志愈发昂扬，在新时代大战大考中勇于冲锋在前，彰显出强大的组织力、行动力和战斗力。党的二十届四中全会锚定确保基本实现社会主义现代化取得决定性进展，从七个方面提出“十五五”时期经济社会发展的主要目标。越是目标远大、任务繁重，越需要建设一支政治过硬、适应新时代要求、具备领导现代化建设能力的干部队伍。要深化干部人事制度改革，鲜明树立选人用人正确导向，牢牢把政治标准放在首位，做深做实干部政治素质考察，切实加强党性鉴别，注重考察干部的境界格局和忠诚度、廉洁度。完善干部考核评价机制，坚持重担当、重实干、重实绩，注重在现代化建设一线考察选拔干部，激励广大干部挺膺担当、开拓进取。强化干部应对复杂形势、处理复杂问题的能力，努力成为经济社会发展各个领域的行家里手。引导干部树立和践行正确政绩观，健全有效防范和纠治政绩观偏差的工作机制，把从严管理和激励担当统一起来。
增强党组织政治功能和组织功能。中国共产党是政治组织，政治属性是党组织的根本属性，政治功能是党组织的基本功能。组织功能是发挥党组织政治功能的基础和保证，既服务于政治功能，又源源不断为党组织增肌聚力。政治功能和组织功能相辅相成、内在统一，共同构成党组织的“坚强内核”。中国共产党组织庞大、党员众多，基层基础建设尤为重要。习近平总书记指出：“党的工作最坚实的力量支撑在基层，经济社会发展和民生最突出的矛盾和问题也在基层，必须把抓基层打基础作为长远之计和固本之策，丝毫不能放松。”对中国共产党这座宏伟大厦、这棵参天大树来说，基层党组织和党员干部就是基石、就是根须。只有基石稳固、根须繁茂，党才能更加坚强有力。必须加强党的基层组织建设，落实主体责任，发挥好基层党组织的政治功能和服务功能，使广大基层党组织真正成为服务人民的坚强阵地。要处理好党员规模和质量的关系，把党员质量放在突出位置，推动党员充分发挥先锋模范作用。
持之以恒推进全面从严治党，把党的自我革命贯穿经济社会发展各方面全过程
全面从严治党是以习近平同志为核心的党中央科学应对世情国情党情变化作出的重大战略决策，是党永葆生机活力、走好新的赶考之路的必由之路。新时代以来，全面从严治党取得了历史性、开创性成就，产生了全方位、深层次影响，成为我们党治国理政的一个鲜明特征。“十五五”时期坚持党对经济社会发展的全面领导，要求将全面从严治党方针贯彻体现到中国式现代化建设各方面全过程，充分发挥政治引领和政治保障作用。
持续推进党的自我革命。党的十八大以来，以习近平同志为核心的党中央带领全党以前所未有的决心力度推进全面从严治党，不断深化对党的自我革命的规律性认识，明确提出推进自我革命“九个以”的实践要求，系统回答了我们党为什么要自我革命、为什么能自我革命、怎样推进自我革命等重大问题，让我们党找到了跳出治乱兴衰历史周期率的第二个答案。从抓作风入手推进全面从严治党，是新时代党的自我革命一条重要经验。新时代全面从严治党从制定和落实中央八项规定开局破题，徙木立信、久久为功，抓铁有痕、踏石留印，刹住了一些长期没有刹住的歪风，纠治了一些多年未除的顽瘴痼疾，赢得了党心民心，带动了社风民风向上向善。要锲而不舍落实中央八项规定精神，推进作风建设常态化长效化，保持以党的自我革命引领社会革命的高度自觉，认真落实习近平总书记关于推进党的自我革命“五个进一步到位”的重要要求，不断增强党的政治领导力、思想引领力、群众组织力、社会号召力，确保党永葆旺盛生命力和强大战斗力。
坚持用改革精神和严的标准管党治党。习近平总书记在二十届中央纪委四次全会上明确指出：“新时代新征程，必须坚持用改革精神和严的标准管党治党，努力取得更大成效，确保党的二十大和二十届三中全会部署落地落实，确保党始终成为中国特色社会主义事业的坚强领导核心，推动中国式现代化行稳致远。”这一重要论述为切实提高管党治党水平提供了科学思路和方向指引。以改革精神和严的标准管党治党，是推进党的自我净化、自我完善、自我革新、自我提高的重要体现。管党治党所要改革的是党的自身建设和党的工作中那些不适应、不符合新时代新任务新要求的东西；所要破除的是党内那些损害党的先进性和纯洁性的思想观念和体制机制障碍；所要创新的是那些具体的体制机制、执政方式、组织方式和思维观念；等等，目的在于以创新的理念、思路、办法、手段解决好党内存在的问题，不断提高管党治党水平和实效。治国必先治党，治党务必从严，从严必依法度。新时代以来，我们党注重运用党内法规管党治党，坚持把严的要求、严的措施、严的基调贯彻和体现到党内法规制度建设的顶层设计和具体建章立制之中，实现了从严管党治党有规可依、有章可循。严格执行党内法规制度体系，就是在坚定落实管党治党严的标准；持续完善党内法规制度体系，就是在不断筑牢管党治党严的标准堤坝。
管党治党的改革精神和严的标准是相辅相成、有机统一的。改革精神倡导创新和进取，为严的标准提供动力，推动探索从严管党治党新方法、新路径；严的标准要求党内法规制度体系严谨、完备、有效，为改革精神的落实提供保障。要把二者结合起来协同推进，以改革精神破解党的建设中的难题，以严的标准确保改革措施的落实，使党的建设在改革创新中不断改进加强，在严管严治中不断提质增效，推动全面从严治党不断向纵深发展。
（作者为中央党校（国家行政学院）习近平新时代中国特色社会主义思想研究中心研究员）","# 把党的领导贯穿经济社会发展各方面全过程（深入学习贯彻习近平新时代中国特色社会主义思想）

> 何毅亭《人民日报》（2026年01月07日第 09 版）

党的二十届四中全会《建议》把“坚持党的全面领导”置于“十五五”时期经济社会发展必须遵循的原则首位，旗帜鲜明、意义重大。我们要充分认识党的领导是直接关系中国式现代化根本方向、前途命运、最终成败的头等重要问题，把党的领导贯穿经济社会发展各方面全过程，为我国社会主义现代化建设提供根本保证。

**坚持和加强党的全面领导是推进中国式现代化的根本保证**

中国共产党的领导是中国特色社会主义最本质的特征，是中国特色社会主义制度的最大优势，是中国式现代化的本质要求之一。习近平总书记指出：“没有中国共产党，哪有社会主义中国？哪有中国特色社会主义？哪有中华民族伟大复兴？”这一重要论断科学总结了中国共产党百余年来的伟大实践和宝贵经验，深刻揭示了只有坚持党的领导才能开创、推进直至实现中国式现代化的历史真理。

中国共产党是中国式现代化道路的开拓者。实现现代化是各国人民的一致追求，也是近代以来中华民族梦寐以求的奋斗目标。鸦片战争以后，中国的仁人志士曾设想过通过学习西方现代化、走西方发展道路来实现民族独立和国家富强，并进行了各种尝试，但都以失败告终。中国共产党成立后，团结带领中国人民革故鼎新、改天换地，走出了一条中国式现代化道路。中国式现代化之所以能够创造人类文明新形态，就在于它是中国共产党领导的社会主义现代化，历史性地克服了西方现代化与资本主义生产方式相联系的先天性弊端，使中国式现代化既有各国现代化的共同特征，更有基于自己国情的鲜明特色，开辟了人类迈向现代化的全新路径。

中国共产党是中国式现代化理论的创立者。百余年来，我们党坚持把马克思主义基本原理同中国具体实际相结合、同中华优秀传统文化相结合，不断深化对共产党执政规律、社会主义建设规律、人类社会发展规律的认识，不断开辟马克思主义中国化时代化新境界，为中国式现代化提供了科学指引。在新时代推进中国式现代化的伟大实践中，习近平总书记鲜明提出“中国式现代化”这一标识性概念，深入阐述中国式现代化理论，持续深化概括中国式现代化的中国特色、本质要求和重大原则，初步构建中国式现代化的理论体系，把我们党对什么是中国式现代化、怎样建设中国式现代化的认识提高到前所未有的高度，创新发展了马克思主义现代化理论，为新时代推进中国式现代化提供了根本遵循和行动指南。

中国共产党是中国式现代化力量的凝聚者。现代化作为社会发展的整体变迁过程，需要最大限度地将各种力量组织起来，形成推进现代化建设的强大动能。我们党的根本宗旨是全心全意为人民服务，初心和使命是为中国人民谋幸福、为中华民族谋复兴，党的生命线和根本工作路线是群众路线。党的这些先进性犹如强大的精神纽带，不仅将全体共产党员紧密相连，而且吸引着无数中华儿女汇聚于党的旗帜之下，使党具有强大的组织动员力，进而凝聚起亿万人民共同推进中国式现代化的磅礴力量。中国共产党建立的覆盖各个地方、各个领域、各个方面的组织体系，使全党形成一个上下贯通、执行有力的统一整体，能够迅速而且有效地传达贯彻党中央决策部署和方针政策。新征程上，只有中国共产党能够充分调动全社会各方面的积极性、主动性、创造性，实现资源的优化配置与高效利用，汇聚各方力量开辟中国式现代化更加广阔的前景。

中国共产党是中国式现代化事业的领导者。经过百余年的不懈奋斗，我们党开创和领导中国式现代化，引领中华民族迎来了从站起来、富起来到强起来的伟大飞跃，创造了人类现代化历史上前所未有的成就。党的十八大以来，我们党用8年时间让近1亿农村贫困人口实现脱贫，历史性地解决了绝对贫困问题，致力于让14亿多人口整体迈入现代化，成就了人类社会发展史上前所未有的壮举。这两个“前所未有”充分证明，中国式现代化“既是最难的，也是最伟大的”。中国这样一个曾经积贫积弱、饱受欺凌的国家，之所以能够取得如此伟大的成就，根本原因在于中国共产党的坚强领导。没有中国共产党，不可能开辟和拓展中国式现代化道路，更不可能实现中国式现代化。

**坚持和加强党中央集中统一领导，把坚强的政治保证贯穿经济社会发展各方面全过程**

坚持和加强党的全面领导，首先要坚持和加强党中央集中统一领导。党中央是全党的大脑和中枢。习近平总书记指出：“我们这么大一个党、这么大一个国家，如果党中央不能实行坚强有力的集中统一领导，就会出现各自为政、自行其是的局面，那就什么事情也干不成。”坚持党中央集中统一领导，是我们不断取得胜利的根本所在，必须作为最高政治原则来坚守。

中国共产党是一个大党，中国是一个大国。大党领导大国，大国走向强国，必须在党中央层面有一个在实践中形成的坚强有力的领导集体，在这个领导集体中必须有一个核心。没有这样的领导集体和核心，党和人民的事业就不能取得胜利。党的十八大以来，我们党确立习近平同志党中央的核心、全党的核心地位，确立习近平新时代中国特色社会主义思想的指导地位，坚持和完善党的领导制度体系，把党中央集中统一领导贯穿治国理政各方面全过程，推动党和国家事业取得历史性成就、发生历史性变革，中华民族伟大复兴势不可挡。顺利实现《建议》确定的“十五五”时期经济社会发展目标，最紧要的就是要深刻领悟“两个确立”的决定性意义，增强“四个意识”、坚定“四个自信”、做到“两个维护”，始终在政治立场、政治方向、政治原则、政治道路上同以习近平同志为核心的党中央保持高度一致。

坚持和加强党中央集中统一领导，刚性的制度要求和有力的落实机制至关重要。党的十八大以来，我们党在坚持和加强党的全面领导特别是党中央集中统一领导方面制定了一系列重大举措，进一步健全了党中央集中统一领导的制度体系和体制机制，必须长期坚持并结合新的实践和要求不断完善。一分部署，九分落实。要把贯彻落实党中央重大决策部署作为首要职责，进一步完善党中央重大决策部署落实机制，健全任务分工、督促检查、情况通报、监督问责等制度体系，推动中央和国家机关、地方党委、基层党组织把对标党中央要求、落实党中央部署具体体现到各项工作中，确保政令畅通、令行禁止，确保上下贯通、执行有力。

坚持和加强党中央集中统一领导，必须加强党的政治建设，推动全党提高政治判断力、政治领悟力、政治执行力，保证全党服从中央。习近平总书记指出：“在领导干部的所有能力中，政治能力是第一位的。”要在坚定政治信仰、强化政治领导、严明政治纪律、规范政治生活、净化政治生态等方面着力，不断提高全党特别是各级领导干部的政治能力。引导和帮助领导干部加强理论学习、注重政治历练、积累政治经验，不断增强维护党中央集中统一领导的政治自觉、思想自觉、行动自觉。

**推进党的理论武装和理论创新，把坚强的思想保证贯穿经济社会发展各方面全过程**

注重思想建党、理论强党是我们党的光荣传统和鲜明特色。正是因为始终重视思想建党、理论强党，我们党才能够像钢铁般团结统一，才能够历经艰难困苦而不断发展壮大，才能够领导革命、建设、改革和新时代伟大实践不断取得胜利。习近平新时代中国特色社会主义思想集中体现了新时代我们党对中国特色社会主义建设规律认识深化和理论创新的重大成果，为我们认识世界和改造世界提供了强大思想武器。面对“十五五”时期我国复杂的发展环境和艰巨的发展任务，必须深入学习贯彻习近平新时代中国特色社会主义思想，坚持学思用贯通、知信行统一，确保以党的创新理论指引我国经济社会发展取得新的更大成就。

坚持不懈用习近平新时代中国特色社会主义思想凝心铸魂。我们党的党员人数超过1亿，统一思想非常重要。党的十八大以来，我们党接续开展8次党内集中教育，都以学习党的创新理论打头，注重解决实际问题，对引导党员干部不断夯实思想根基，走好新的赶考之路发挥了重要作用。踏上“十五五”新征程，要持续深化习近平新时代中国特色社会主义思想学习宣传教育，坚持理论联系实际的优良学风，推动理论武装走深走实，引导党员干部全面系统掌握这一重要思想的核心要义、精神实质、丰富内涵和实践要求，不断提高运用党的创新理论解决实际问题的能力和水平。

坚持用党的创新理论指导意识形态工作。马克思主义是我们立党立国、兴党兴国的根本指导思想，是社会主义意识形态的旗帜和灵魂。意识形态工作的根本任务，就是巩固马克思主义在意识形态领域的指导地位，巩固全党全国各族人民团结奋斗的共同思想基础。在集中精力进行经济建设的同时，一定要高度重视意识形态工作，坚持以立为本、立破并举，坚持马克思主义在意识形态领域指导地位的根本制度，全面落实意识形态工作责任制，加强阵地建设和管理，旗帜鲜明反对和抵制各种错误观点，不断增强意识形态领域主导权和话语权，着力建设具有强大凝聚力和引领力的社会主义意识形态，建设具有强大生命力和创造力的社会主义精神文明，建设具有强大感召力和影响力的中华文化软实力，为中国式现代化行稳致远提供坚强思想保证。

守正创新推进马克思主义中国化时代化。马克思主义是随着实践发展而不断发展的科学理论。我们党之所以始终拥有澎湃的生机活力，一个重要原因就是以科学的态度对待科学、以真理的精神追求真理，不断推进实践基础上的理论创新，并用以指导新的实践。纵观新时代以来的历年中央经济工作会议，以习近平同志为核心的党中央不断深化对经济社会发展规律的认识，每年都对实践中形成的规律性认识进行深入总结，精辟作出一系列新的理论概括，为进一步全面深化改革、推进中国式现代化提供科学理论指引。当代中国正在经历人类历史上最为宏大而独特的实践创新，我们所面临问题的复杂程度、解决问题的艰巨程度明显加大，必须紧跟时代步伐，顺应时代发展，坚持问题导向，继续推进“两个结合”，敢于说前人没有说过的新话，敢于干前人没有干过的事情，续写马克思主义中国化时代化新篇章。

**加强党的组织建设，把坚强的组织保证贯穿经济社会发展各方面全过程**

习近平总书记指出：“党的力量来自组织。党的全面领导、党的全部工作要靠党的坚强组织体系去实现。”组织建设是党的建设的重要基础。加强党的组织建设，根本目的是坚持和加强党的全面领导，为推进中国式现代化提供坚强保证。我们党一路走来，总是围绕不同历史时期党的中心任务加强组织建设，发挥组织作用、落实组织责任、锻造党的队伍，使党始终充满活力。“十五五”时期是基本实现社会主义现代化夯实基础、全面发力的关键时期，必须靠党的坚强组织体系发挥保障和推动作用，不断厚植党执政的组织基础。

建设堪当民族复兴重任的高素质干部队伍。党的十八大以来，经过全面从严治党的革命性锻造，党的干部队伍理想信念更加坚定，素质能力不断提高，纪律作风更加过硬，精神斗志愈发昂扬，在新时代大战大考中勇于冲锋在前，彰显出强大的组织力、行动力和战斗力。党的二十届四中全会锚定确保基本实现社会主义现代化取得决定性进展，从七个方面提出“十五五”时期经济社会发展的主要目标。越是目标远大、任务繁重，越需要建设一支政治过硬、适应新时代要求、具备领导现代化建设能力的干部队伍。要深化干部人事制度改革，鲜明树立选人用人正确导向，牢牢把政治标准放在首位，做深做实干部政治素质考察，切实加强党性鉴别，注重考察干部的境界格局和忠诚度、廉洁度。完善干部考核评价机制，坚持重担当、重实干、重实绩，注重在现代化建设一线考察选拔干部，激励广大干部挺膺担当、开拓进取。强化干部应对复杂形势、处理复杂问题的能力，努力成为经济社会发展各个领域的行家里手。引导干部树立和践行正确政绩观，健全有效防范和纠治政绩观偏差的工作机制，把从严管理和激励担当统一起来。

增强党组织政治功能和组织功能。中国共产党是政治组织，政治属性是党组织的根本属性，政治功能是党组织的基本功能。组织功能是发挥党组织政治功能的基础和保证，既服务于政治功能，又源源不断为党组织增肌聚力。政治功能和组织功能相辅相成、内在统一，共同构成党组织的“坚强内核”。中国共产党组织庞大、党员众多，基层基础建设尤为重要。习近平总书记指出：“党的工作最坚实的力量支撑在基层，经济社会发展和民生最突出的矛盾和问题也在基层，必须把抓基层打基础作为长远之计和固本之策，丝毫不能放松。”对中国共产党这座宏伟大厦、这棵参天大树来说，基层党组织和党员干部就是基石、就是根须。只有基石稳固、根须繁茂，党才能更加坚强有力。必须加强党的基层组织建设，落实主体责任，发挥好基层党组织的政治功能和服务功能，使广大基层党组织真正成为服务人民的坚强阵地。要处理好党员规模和质量的关系，把党员质量放在突出位置，推动党员充分发挥先锋模范作用。

**持之以恒推进全面从严治党，把党的自我革命贯穿经济社会发展各方面全过程**

全面从严治党是以习近平同志为核心的党中央科学应对世情国情党情变化作出的重大战略决策，是党永葆生机活力、走好新的赶考之路的必由之路。新时代以来，全面从严治党取得了历史性、开创性成就，产生了全方位、深层次影响，成为我们党治国理政的一个鲜明特征。“十五五”时期坚持党对经济社会发展的全面领导，要求将全面从严治党方针贯彻体现到中国式现代化建设各方面全过程，充分发挥政治引领和政治保障作用。

持续推进党的自我革命。党的十八大以来，以习近平同志为核心的党中央带领全党以前所未有的决心力度推进全面从严治党，不断深化对党的自我革命的规律性认识，明确提出推进自我革命“九个以”的实践要求，系统回答了我们党为什么要自我革命、为什么能自我革命、怎样推进自我革命等重大问题，让我们党找到了跳出治乱兴衰历史周期率的第二个答案。从抓作风入手推进全面从严治党，是新时代党的自我革命一条重要经验。新时代全面从严治党从制定和落实中央八项规定开局破题，徙木立信、久久为功，抓铁有痕、踏石留印，刹住了一些长期没有刹住的歪风，纠治了一些多年未除的顽瘴痼疾，赢得了党心民心，带动了社风民风向上向善。要锲而不舍落实中央八项规定精神，推进作风建设常态化长效化，保持以党的自我革命引领社会革命的高度自觉，认真落实习近平总书记关于推进党的自我革命“五个进一步到位”的重要要求，不断增强党的政治领导力、思想引领力、群众组织力、社会号召力，确保党永葆旺盛生命力和强大战斗力。

坚持用改革精神和严的标准管党治党。习近平总书记在二十届中央纪委四次全会上明确指出：“新时代新征程，必须坚持用改革精神和严的标准管党治党，努力取得更大成效，确保党的二十大和二十届三中全会部署落地落实，确保党始终成为中国特色社会主义事业的坚强领导核心，推动中国式现代化行稳致远。”这一重要论述为切实提高管党治党水平提供了科学思路和方向指引。以改革精神和严的标准管党治党，是推进党的自我净化、自我完善、自我革新、自我提高的重要体现。管党治党所要改革的是党的自身建设和党的工作中那些不适应、不符合新时代新任务新要求的东西；所要破除的是党内那些损害党的先进性和纯洁性的思想观念和体制机制障碍；所要创新的是那些具体的体制机制、执政方式、组织方式和思维观念；等等，目的在于以创新的理念、思路、办法、手段解决好党内存在的问题，不断提高管党治党水平和实效。治国必先治党，治党务必从严，从严必依法度。新时代以来，我们党注重运用党内法规管党治党，坚持把严的要求、严的措施、严的基调贯彻和体现到党内法规制度建设的顶层设计和具体建章立制之中，实现了从严管党治党有规可依、有章可循。严格执行党内法规制度体系，就是在坚定落实管党治党严的标准；持续完善党内法规制度体系，就是在不断筑牢管党治党严的标准堤坝。

管党治党的改革精神和严的标准是相辅相成、有机统一的。改革精神倡导创新和进取，为严的标准提供动力，推动探索从严管党治党新方法、新路径；严的标准要求党内法规制度体系严谨、完备、有效，为改革精神的落实提供保障。要把二者结合起来协同推进，以改革精神破解党的建设中的难题，以严的标准确保改革措施的落实，使党的建设在改革创新中不断改进加强，在严管严治中不断提质增效，推动全面从严治党不断向纵深发展。

（作者为中央党校（国家行政学院）习近平新时代中国特色社会主义思想研究中心研究员）",何毅亭,理论,https://paper.people.com.cn/rmrb/pc/content/202601/07/content_30130241.html,2026-01-07,"['现代化', '中国式', '习近平', '治党', '党中央', '政治', '领导', '坚持', '管党', '社会主义']","党的二十届四中全会《建议》把“坚持党的全面领导”置于“十五五”时期经济社会发展必须遵循的原则首位，旗帜鲜明、意义重大。我们要充分认识党的领导是直接关系中国式现代化根本方向、前途命运、最终成败的头等重要问题，把党的领导贯穿经济社会发展各方面全过程，为我国社会主义现代化建设提供根本保证。
坚持和加强党的全面领导是推进中国式现代化的根本保证
中国共产党的领导是中国特色社会主义最本质的特征，是中国特色社会主义制度的最大优势，是中国式现代化的本质要求之一。习近平总书记指出：“没有中国共产党，哪有社会主义中国？哪有中国特色社会主义？哪有中华民族伟大复兴？”这一重要论断科学总结了中国共产党百余年来的伟大实践和宝贵经验，深刻揭示了只有坚持党的领导才能开创、推进直至实现中国式现代化的历史真理。",政治
以城为媒  融通中外,"国际友好城市工作是民间外交工作的重要组成部分，是践行人类命运共同体理念、增进中外民心相通的重要载体，也是地方和城市参与国际交流合作的重要渠道。习近平总书记高度重视城市外交和国际友好城市工作，强调“更好推进民间外交、城市外交、公共外交”“要大力开展中国国际友好城市工作，促进中外地方政府交流，推动实现资源共享、优势互补、合作共赢”。当前，世界百年变局加速演进，国际友好城市工作面临的外部环境、工作要求等都发生了深刻变化。这既为开展国际友好城市工作开辟了新空间，也提出了新任务。我们要深入学习贯彻习近平外交思想，坚持问题导向与目标导向相统一，持续深化对国际友好城市工作的规律性认识，高质量开展国际友好城市工作，为更好服务经济社会发展和总体外交全局作出更大贡献。
践行共赢理念，筑牢民心相通根基。习近平总书记指出：“我们愿意同国际社会分享中国发展的机遇，合作共赢，共同发展。”国际友好城市工作是联结中外地方、融通民心民意的重要纽带，体现了各国合作共赢、共同发展的时代要求。截至2025年底，我国已经与150多个国家建立了3000多对友好城市（省州）关系，编织起跨越五大洲的“朋友圈”，形成了重点突出、层次分明、覆盖广泛的友好网络，有效助力民生合作。我们在非洲推动菌草技术项目落地，帮助当地民众实现增收；在东南亚、中亚等地区打造鲁班工坊，为当地培育专业技术人才；与中东国家携手推进绿色技术等领域的国际合作，共同探索绿色发展路径。新征程上，高质量开展国际友好城市工作，要着眼于服务元首外交，主动对接构建人类命运共同体、四大全球倡议等新理念新主张新倡议，在工作布局上进一步深化与周边国家、“一带一路”共建国家城市的交往交流，在合作内容上继续聚焦减贫、教育、绿色发展等“接地气”的民生项目，让务实合作成果更多更公平惠及各国民众。
加强系统谋划，提升协同联动效能。国际友好城市工作涉及地域广、覆盖领域大、参与主体多，是一项复杂的系统工程。推进这一系统工程，要充分发挥中国特色社会主义制度的显著优势，既完善顶层设计，科学制定国际友好城市工作的发展规划，明确各阶段目标任务、重点方向、合作领域和实施路径，确保一张蓝图绘到底，始终服务党和国家中心工作；又实现集中力量办大事，有效统筹各方资源，做到分工协作、密切配合。中国国际友好城市大会是国内与友好城市相关规模最大、规格最高的机制性会议，至今已成功举办七届。2024年中国国际友好城市大会期间，来自中外40多个国家60多个省州120多个城市以及60多个地方政府组织或友好组织的代表共计700余人参会，会议聚焦智慧城市、绿色发展、文化传承、交通互联等议题，在深化国际友好城市交流合作、促进区域经济一体化、服务地区经济社会发展和民生福祉等方面发挥积极作用。
立足城市资源，深化精准务实合作。各国城市具有独特的历史积淀和文化底蕴，在发展诉求、产业根基等方面因地域禀赋不同也呈现出一定的差异性。高质量开展国际友好城市工作，要坚持“一国一策、一城一策”，结合自身实际、深耕特色领域、精准对接供需，推动国际友好城市合作从广覆盖走向高质量、可持续。比如，广西、云南等地把握与东盟国家地缘毗邻、人文相通的独特优势，将东盟国家作为国际友好城市合作的重要方向，通过制定交流计划、搭建沟通平台等举措，持续深化务实合作。要紧扣地方禀赋精准发力，依托具有本地特色的品牌项目，有针对性地与外国地方政府寻对结好、开辟商机，放大品牌项目的辐射效应。比如，沿海地区可凸显对外开放、绿色航运等海洋经济特色，边疆地区可深耕跨境贸易、人文交流等毗邻合作特色，产业强市可增强产业链供应链互嵌、技术研发等实业合作特色，让国际友好城市合作更接地气、更具辨识度，成为地方经济社会发展的重要推动因素。
依托地方政府，调动多方主体参与。地方政府是开展国际友好城市工作的重要主体，承担着衔接国家总体外交全局、服务地方经济社会发展的双重职责，在凝聚多方主体合力、高质量推进国际友好城市建设中发挥积极作用。要以地方政府为依托，坚持人民主体地位，在开展国际友好城市工作中充分体现人民意志、保障人民权益、激发人民创造活力，广泛动员工商界、学术界、文化界、侨界等各界人士，有效整合企业、商会、科研院所、社会组织等各类资源，促进地方政府间资源共享、互利共赢，为经济社会发展注入强劲动力。比如，RCEP地方政府暨友城合作（黄山）论坛作为国家级机制性论坛，汇聚了来自《区域全面经济伙伴关系协定》（RCEP）成员国的政府官员、友好城市代表、专家学者、企业及商会代表等社会各界人士，围绕经贸合作、人文交流和友城结好等主题共绘区域合作蓝图，成为RCEP成员国之间增进了解、开展合作、寻对结好的有益平台，是依托地方政府、汇聚多方力量开展国际友好城市工作的生动实践。
（作者单位：中国人民对外友好协会民间外交战略研究中心）","# 以城为媒  融通中外

> 吴雨娜  王  玮《人民日报》（2026年01月07日第 09 版）

国际友好城市工作是民间外交工作的重要组成部分，是践行人类命运共同体理念、增进中外民心相通的重要载体，也是地方和城市参与国际交流合作的重要渠道。习近平总书记高度重视城市外交和国际友好城市工作，强调“更好推进民间外交、城市外交、公共外交”“要大力开展中国国际友好城市工作，促进中外地方政府交流，推动实现资源共享、优势互补、合作共赢”。当前，世界百年变局加速演进，国际友好城市工作面临的外部环境、工作要求等都发生了深刻变化。这既为开展国际友好城市工作开辟了新空间，也提出了新任务。我们要深入学习贯彻习近平外交思想，坚持问题导向与目标导向相统一，持续深化对国际友好城市工作的规律性认识，高质量开展国际友好城市工作，为更好服务经济社会发展和总体外交全局作出更大贡献。

践行共赢理念，筑牢民心相通根基。习近平总书记指出：“我们愿意同国际社会分享中国发展的机遇，合作共赢，共同发展。”国际友好城市工作是联结中外地方、融通民心民意的重要纽带，体现了各国合作共赢、共同发展的时代要求。截至2025年底，我国已经与150多个国家建立了3000多对友好城市（省州）关系，编织起跨越五大洲的“朋友圈”，形成了重点突出、层次分明、覆盖广泛的友好网络，有效助力民生合作。我们在非洲推动菌草技术项目落地，帮助当地民众实现增收；在东南亚、中亚等地区打造鲁班工坊，为当地培育专业技术人才；与中东国家携手推进绿色技术等领域的国际合作，共同探索绿色发展路径。新征程上，高质量开展国际友好城市工作，要着眼于服务元首外交，主动对接构建人类命运共同体、四大全球倡议等新理念新主张新倡议，在工作布局上进一步深化与周边国家、“一带一路”共建国家城市的交往交流，在合作内容上继续聚焦减贫、教育、绿色发展等“接地气”的民生项目，让务实合作成果更多更公平惠及各国民众。

加强系统谋划，提升协同联动效能。国际友好城市工作涉及地域广、覆盖领域大、参与主体多，是一项复杂的系统工程。推进这一系统工程，要充分发挥中国特色社会主义制度的显著优势，既完善顶层设计，科学制定国际友好城市工作的发展规划，明确各阶段目标任务、重点方向、合作领域和实施路径，确保一张蓝图绘到底，始终服务党和国家中心工作；又实现集中力量办大事，有效统筹各方资源，做到分工协作、密切配合。中国国际友好城市大会是国内与友好城市相关规模最大、规格最高的机制性会议，至今已成功举办七届。2024年中国国际友好城市大会期间，来自中外40多个国家60多个省州120多个城市以及60多个地方政府组织或友好组织的代表共计700余人参会，会议聚焦智慧城市、绿色发展、文化传承、交通互联等议题，在深化国际友好城市交流合作、促进区域经济一体化、服务地区经济社会发展和民生福祉等方面发挥积极作用。

立足城市资源，深化精准务实合作。各国城市具有独特的历史积淀和文化底蕴，在发展诉求、产业根基等方面因地域禀赋不同也呈现出一定的差异性。高质量开展国际友好城市工作，要坚持“一国一策、一城一策”，结合自身实际、深耕特色领域、精准对接供需，推动国际友好城市合作从广覆盖走向高质量、可持续。比如，广西、云南等地把握与东盟国家地缘毗邻、人文相通的独特优势，将东盟国家作为国际友好城市合作的重要方向，通过制定交流计划、搭建沟通平台等举措，持续深化务实合作。要紧扣地方禀赋精准发力，依托具有本地特色的品牌项目，有针对性地与外国地方政府寻对结好、开辟商机，放大品牌项目的辐射效应。比如，沿海地区可凸显对外开放、绿色航运等海洋经济特色，边疆地区可深耕跨境贸易、人文交流等毗邻合作特色，产业强市可增强产业链供应链互嵌、技术研发等实业合作特色，让国际友好城市合作更接地气、更具辨识度，成为地方经济社会发展的重要推动因素。

依托地方政府，调动多方主体参与。地方政府是开展国际友好城市工作的重要主体，承担着衔接国家总体外交全局、服务地方经济社会发展的双重职责，在凝聚多方主体合力、高质量推进国际友好城市建设中发挥积极作用。要以地方政府为依托，坚持人民主体地位，在开展国际友好城市工作中充分体现人民意志、保障人民权益、激发人民创造活力，广泛动员工商界、学术界、文化界、侨界等各界人士，有效整合企业、商会、科研院所、社会组织等各类资源，促进地方政府间资源共享、互利共赢，为经济社会发展注入强劲动力。比如，RCEP地方政府暨友城合作（黄山）论坛作为国家级机制性论坛，汇聚了来自《区域全面经济伙伴关系协定》（RCEP）成员国的政府官员、友好城市代表、专家学者、企业及商会代表等社会各界人士，围绕经贸合作、人文交流和友城结好等主题共绘区域合作蓝图，成为RCEP成员国之间增进了解、开展合作、寻对结好的有益平台，是依托地方政府、汇聚多方力量开展国际友好城市工作的生动实践。

（作者单位：中国人民对外友好协会民间外交战略研究中心）",吴雨娜  王  玮,理论,https://paper.people.com.cn/rmrb/pc/content/202601/07/content_30130242.html,2026-01-07,"['友好城市', '国际', '合作', '工作', '外交', '地方', '共赢', '开展', '发展', '政府']","国际友好城市工作是民间外交工作的重要组成部分，是践行人类命运共同体理念、增进中外民心相通的重要载体，也是地方和城市参与国际交流合作的重要渠道。习近平总书记高度重视城市外交和国际友好城市工作，强调“更好推进民间外交、城市外交、公共外交”“要大力开展中国国际友好城市工作，促进中外地方政府交流，推动实现资源共享、优势互补、合作共赢”。当前，世界百年变局加速演进，国际友好城市工作面临的外部环境、工作要求等都发生了深刻变化。这既为开展国际友好城市工作开辟了新空间，也提出了新任务。我们要深入学习贯彻习近平外交思想，坚持问题导向与目标导向相统一，持续深化对国际友好城市工作的规律性认识，高质量开展国际友好城市工作，为更好服务经济社会发展和总体外交全局作出更大贡献。
践行共赢理念，筑牢民心相通根基。习近平总书记指出：“我们愿意同国际社会分享中国发展的机遇，合作共赢，共同发展。”国际友好城市工作是联结中外地方、融通民心民意的重要纽带，体现了各国合作共赢、共同发展的时代要求。截至2025年底，我国已经与150多个国家建立了3000多对友好城市（省州）关系，编织起跨越五大洲的“朋友圈”，形成了重点突出、层次分明、覆盖广泛的友好网络，有效助力民生合作。我们在非洲推动菌草技术项目落地，帮助当地民众实现增收；在东南亚、中亚等地区打造鲁班工坊，为当地培育专业技术人才；与中东国家携手推进绿色技术等领域的国际合作，共同探索绿色发展路径。新征程上，高质量开展国际友好城市工作，要着眼于服务元首外交，主动对接构建人类命运共同体、四大全球倡议等新理念新主张新倡议，在工作布局上进一步深化与周边国家、“一带一路”共建国家城市的交往交流，在合作内容上继续聚焦减贫、教育、绿色发展等“接地气”的民生项目，让务实合作成果更多更公平惠及各国民众。
加强系统谋划，提升协同联动效能。国际友好城市工作涉及地域广、覆盖领域大、参与主体多，是一项复杂的系统工程。推进这一系统工程，要充分发挥中国特色社会主义制度的显著优势，既完善顶层设计，科学制定国际友好城市工作的发展规划，明确各阶段目标任务、重点方向、合作领域和实施路径，确保一张蓝图绘到底，始终服务党和国家中心工作；又实现集中力量办大事，有效统筹各方资源，做到分工协作、密切配合。中国国际友好城市大会是国内与友好城市相关规模最大、规格最高的机制性会议，至今已成功举办七届。2024年中国国际友好城市大会期间，来自中外40多个国家60多个省州120多个城市以及60多个地方政府组织或友好组织的代表共计700余人参会，会议聚焦智慧城市、绿色发展、文化传承、交通互联等议题，在深化国际友好城市交流合作、促进区域经济一体化、服务地区经济社会发展和民生福祉等方面发挥积极作用。",政治
传统元素为新年文化活动增色,"图①：凤冠冰箱贴。张晓曦摄图②：沈阳故宫文创雪糕。施  觉摄图③：安徽黄山屯溪老街沉浸式活动。施亚磊摄图④：“新韵重庆”无人机灯光秀。何蓬磊摄图⑤：舞剧《牡丹亭》剧照。资料图片
图①：凤冠冰箱贴。
张晓曦摄
图②：沈阳故宫文创雪糕。
施  觉摄
图③：安徽黄山屯溪老街沉浸式活动。
施亚磊摄
图④：“新韵重庆”无人机灯光秀。
何蓬磊摄
图⑤：舞剧《牡丹亭》剧照。
资料图片
数据来源：中国国家博物馆、文化和旅游部非遗司
数据来源：中国国家博物馆、文化和旅游部非遗司
习近平主席在二〇二六年新年贺词中指出：“文博热、非遗热不断升温，世界遗产再添新员，悟空和哪吒风靡全球，古韵国风成为年轻人眼中的‘顶流审美’。”
将拙政园的花窗文创带回家，透过“国色”看中华之美，让传统纹样在生活中绽放……在数字科技助力下，底蕴深厚的中华美学正日渐走进年轻人的生活。本版今起开设“古韵国风  顶流审美”栏目，聚焦当下丰富多彩的审美实践，展现中华美学风范与创新创造活力的“双向奔赴”。
——编  者
舞剧《牡丹亭》亮相跨年演出舞台
古典诗意“跳”出屏幕
本报记者  姚雪青
这是一幅画，还是一个梦境？
6分钟时间，苏式园林里，群舞舞者在氤氲水雾中衣袂翩跹。镜面一般的舞台，倒映着曼妙舞姿，与背景融为一体。一声“不到园林，怎知春色如许”，似穿越400年时空，在屏幕前的观众心中留下古韵回响。
2025年B站跨年晚会上演的舞剧《牡丹亭》片段，被很多网友评价“移不开眼睛”“美出新高度”。这段由江苏省苏州文投集团和禾戏剧联合出品、制作，苏州市歌舞剧院演出的舞剧，改编自明代剧作家汤显祖名作《牡丹亭》，由青年舞蹈艺术家黎星与青年编导黄佳园联袂执导。该剧以当代舞蹈语汇，重新讲述了“因梦生情”的传统戏曲故事。
舞剧《牡丹亭》出品方、苏州文投集团董事长陈龙介绍，首演以来，该剧已在17城巡演56场，近七成是35岁以下的年轻观众。
在这场跨年晚会上，舞剧《牡丹亭》的《游园》片段是唯一的舞蹈节目。陈龙介绍，从色彩和舞美看，这段舞蹈视觉冲击力最强，契合跨年氛围：延伸到观众席的镜面舞台和不断变幻的多媒体背景，构成了“牡丹亭”的场景；从演员造型看，杜丽娘身穿淡粉色，春香身穿明黄色，花神则是艳红色，色彩缤纷、饱和度高，反光的镜面地板投射出波光粼粼的渐变效果。
黎星介绍，舞剧《牡丹亭》在尊重原作的基础上，将全剧分为“梦卷”与“画卷”上下两篇。“梦卷”聚焦杜丽娘走出深闺、惊梦寻真的经历；“画卷”则勾勒柳梦梅踏梦而来、为情坚守的执着追寻。作品通过当代舞剧的叙事与审美，让“情不知所起，一往而深”的美好情感，在剧场中获得新的共鸣。
昆曲可以用唱词表达感情，舞剧如何用肢体语言展现内心世界？黄佳园举例，演员的裙子旋转翻飞，象征着像绽放的花朵一样热烈的生命力。舞台空间的处理也颇具匠心：水雾弥漫全场，随舞者动作流动，模糊了现实与梦境的界限。园林不再是实体场景，而成为心灵的投影。
“结尾处，杜丽娘走进园林，不仅看到春天来了，也将怒放的生命力传递给更多人，让观众透过角色照见自己。”黄佳园说。
在中华优秀传统文化的浸润中，当代年轻人的精神世界日渐丰盈。“古韵国风成为年轻人眼中的‘顶流审美’，是文化自信的表现。我们不仅要传承好传统文化，更要在求新求变中出彩出新。”陈龙说。
【专家点评】
一朵大红的牡丹，在舞台上主宰着自由、性灵，用简练和唯美的场面，映射出当下国风创作的成就与进展。
以舞剧《牡丹亭》为代表的作品，是中华优秀传统文化创造性转化和创新性发展的生动案例。
近年来，一些备受瞩目的文艺作品不再局限于剧场，而是借助短视频、直播等，形成广泛传播的文化景观。越来越多的文艺爱好者尝试二次创作与场景重构，逐步形成深层次的文化参与和艺术共创，体现出观众从被动接受者到主动传播者的身份转变。
这不仅彰显了中华优秀传统文化的强大生命力，也预示着当代舞台创作将以更具互动性、共情力和时代感的方式，持续走进大众生活深处。
——一级导演  陈薪伊
设计更精细  产业更完善
汉服“穿”出消费时尚
本报记者  宋豪新  李  蕊
青砖黛瓦间，多彩迤逦的汉服与古色古香的建筑，构成一幅流动的画卷；锦巷古街中，市民、游客的嬉笑声与氤氲的烟火气，织就一幅和谐的“蜀绣图”……岁末年初，四川成都文殊坊古街，第四届“衣起锦官城”（成都）汉服周在这里开启。
漫步街头，和“李白”对诗联句，跟“薛涛”学习制作花笺，在“司马相如”的琴台前聆听一曲《凤求凰》……与志愿者全程沉浸式互动，更让人一秒入戏。在这里，传统文化可触摸、可参与。
活动现场，红墙前的梅花、飞檐下的许愿墙、转角处的艺术装置，营造出节日氛围。主题墙旁，环拍设备提升“出片”体验，随手一拍，市民、游客就能收获新年限定美照。
汉服爱好者张雪的衣柜里收藏了十几套汉服，从襦裙到褙子，每一件都承载着她对传统服饰的热爱。“衣袂飘飘间，既能与古人隔空对话，也能沉浸式感受历史的厚重与温度，这种感觉很奇妙。”张雪说。
近年来，无论是漫步商场，还是参观景点，穿汉服已是融入日常的生活方式。从小众爱好到频繁“出圈”，汉服的市场需求不断提高。而完善的产业基础，则为古韵国风的兴起提供了保障。
一件汉服，连起了相隔千里的四川与山东。“早上订，隔天到，价格实在，款式还新。”成都宽窄巷子，游客陈雨身穿明制立领长衫拍照打卡。而她身上这件汉服，正是3天前从山东曹县电商店铺下单的。据介绍，2025年，曹县汉服线上线下销售额突破130亿元。
产业的活力，来自不断自我更新的从业者。毕业于山东服装职业学院的00后设计师张子晨，一直在家乡曹县从事服装设计。“一开始大家都做传统形制，但现在我们更注重与现代元素的融合。”张子晨说。
在尊重传统的基础上，不少设计者推出适应多场景的改良产品，让汉服真正“穿”进日常生活。从购买延伸至深度参与，年轻人是这股风潮的重要推动者。每逢假期，汉服体验店便迎来大量年轻顾客，或量身定制，或“来图定制”：年轻人将自己设计的纹样与款式交由工厂制作，实现了从消费者到共创者的转变。同时，通过设立快速维权中心，当地将汉服专利申请时间从180天缩短至10天，呵护原创热情。
东方风雅也已扬帆出海。曹县汉服产品远销30多个国家和地区。曹县丹雅集新中式汉服展厅负责人感慨：“如今汉服成为文化载体，每一笔海外订单的成交也是一次文化对话。”由万千经纬织就的汉服，正成为连接古与今、中国与世界的纽带。
【专家点评】
从穿汉服、化唐妆到练八段锦、品中式茶饮，年轻人从这些活动中感受到了中华优秀传统文化的魅力。融合现代元素，传统古韵尽显时代魅力，积极回应着年轻消费者的期待：一些老字号企业跨界联名打造咖啡、奶茶、冰淇淋等产品；在网络直播间和社交媒体，别具匠心的设计师产品、国货“潮品”，一经上架就“秒空”。
传统文化不是过去的影子，正重新参与、塑造着当代生活。随着文化传承发展不断开创新局面，未来将有更多的“轻量化”产品推动传统文化元素融入日常消费，培育出更多消费热点。
——四川省民族研究会副会长、四川省民间文艺家协会副主席  杨  环
传统意象融入无人机表演
东方纹样“飞”入赛博秀场
本报记者  王欣悦
“5，4，3，2，1——新年快乐！”随着2026年元旦到来，重庆的夜空被“烟花”点亮。
数千个光点从江面升起，在上空“画”出一只巨大的手。巨手缓缓举起魔术棒，轻轻一挥，刹那间，山城灯火次第亮起。“哇！”人群中爆发出一片惊叹……“新韵重庆”无人机灯光秀的开场表演为城市献上了科技感十足的新年礼物。
“花开富贵”的“蝶恋花”、“振翅凌云”的“冲天鹰”、“福禄天降”的“宝葫芦”……无人机不断变换位置，组装出传统意象。媒体屏还同步播放吊脚楼、山茶花、红梅等文化元素，搭配AI、航空卫星等现代科技符号，叠加国风与电子音乐——古今碰撞的赛博秀场，彰显出“承古焕新”的城市气质。2025年，“新韵重庆”无人机灯光秀在南岸区南滨路常态化演出63场，累计吸引600万人次现场观看。
两江环抱、山峦起伏、桥隧连绵，重庆素有“8D城市”之称。立体的地理空间，为无人机表演提供了独一无二的舞台。本次跨年夜，8000架无人机腾空，配合江面上3艘表演船的水幕、激光与光束灯，首次实现了“水陆空三维联动”，为市民、游客带来了一场长达50分钟的感官体验。
东方纹样如何“飞”入现代舞台？“我们通过水幕与激光投影融合，采用无人机与城市光影联动模式，将传统美学巧妙融入灯光秀表演。”跨年夜无人机创意团队负责人张阳雪介绍，本次展演运用新型灯笼无人机、软幕表演无人机等新载体，精心设计中式文化图案，用东方美学点亮跨年夜空。
夜色渐浓，一朵“牡丹”缓缓升空，全然盛放的刹那，一只流光溢彩的“蝴蝶”翩然飞来，与花朵交相辉映——这便是“蝶恋花”篇目。“我们不想让‘蝶恋花’成为静止的符号。”张阳雪说。团队用编程精心设计，让无人机尾翼流淌着光电波纹，变身巨型蝴蝶舞入花间，让“花开富贵”的传统祝福呈现出震撼的视觉效果。
色彩运用同样暗藏巧思。传统文化符号“宝葫芦”披上了粉色外衣，勾勒出祥云纹路。“一台无人机可以呈现256种颜色，我们选用更明快、更受年轻人青睐的色彩体系。”张阳雪说。
让不少观众会心一笑的，是专为跨年设计的“马上”系列图案。“不同形态的小马，将网络流行梗用浪漫和幽默的方式视觉化，刷屏重庆人的朋友圈。”张阳雪说，在科技加持下，古韵国风正以更鲜活的姿态登场，让年轻人在轻松氛围中走近传统文化。
【专家点评】
近来，“国风+科技”的融合已从视觉呈现迈入系统化创新阶段。以重庆无人机灯光秀为例，技术不仅复现传统纹样，更通过数据化采集、动态化编程与实时交互，使“蝶恋花”“宝葫芦”等传统意象转化为可参与、可传播的情感载体。
展望未来，该领域将呈现数据驱动、算法活化的趋势。一方面，利用三维扫描、光影捕捉等技术对文物、非遗进行高精度数字化存档，实现文化资源的保护与共享。另一方面，通过人工智能对文化数据进行风格分析、重塑意象，生成既符合传统美学又具备当代审美的全新表达。这不仅能为传统文化注入持续科技活力，也能让科技因文化的赋能获得更丰富的应用场景、更温暖的人文关怀，实现共赢与共进。
——重庆社会科学院城市与区域经济研究所所长  邓  靖","# 传统元素为新年文化活动增色

> 《人民日报》（2026年01月07日第 10 版）

图①：凤冠冰箱贴。　　张晓曦摄　　图②：沈阳故宫文创雪糕。　　施  觉摄　　图③：安徽黄山屯溪老街沉浸式活动。　　施亚磊摄　　图④：“新韵重庆”无人机灯光秀。　　何蓬磊摄　　图⑤：舞剧《牡丹亭》剧照。　　资料图片

图①：凤冠冰箱贴。

张晓曦摄

图②：沈阳故宫文创雪糕。

施  觉摄

图③：安徽黄山屯溪老街沉浸式活动。

施亚磊摄

图④：“新韵重庆”无人机灯光秀。

何蓬磊摄

图⑤：舞剧《牡丹亭》剧照。

资料图片

数据来源：中国国家博物馆、文化和旅游部非遗司

数据来源：中国国家博物馆、文化和旅游部非遗司

习近平主席在二〇二六年新年贺词中指出：“文博热、非遗热不断升温，世界遗产再添新员，悟空和哪吒风靡全球，古韵国风成为年轻人眼中的‘顶流审美’。”

将拙政园的花窗文创带回家，透过“国色”看中华之美，让传统纹样在生活中绽放……在数字科技助力下，底蕴深厚的中华美学正日渐走进年轻人的生活。本版今起开设“古韵国风  顶流审美”栏目，聚焦当下丰富多彩的审美实践，展现中华美学风范与创新创造活力的“双向奔赴”。

——编  者

舞剧《牡丹亭》亮相跨年演出舞台

古典诗意“跳”出屏幕

本报记者  姚雪青

这是一幅画，还是一个梦境？

6分钟时间，苏式园林里，群舞舞者在氤氲水雾中衣袂翩跹。镜面一般的舞台，倒映着曼妙舞姿，与背景融为一体。一声“不到园林，怎知春色如许”，似穿越400年时空，在屏幕前的观众心中留下古韵回响。

2025年B站跨年晚会上演的舞剧《牡丹亭》片段，被很多网友评价“移不开眼睛”“美出新高度”。这段由江苏省苏州文投集团和禾戏剧联合出品、制作，苏州市歌舞剧院演出的舞剧，改编自明代剧作家汤显祖名作《牡丹亭》，由青年舞蹈艺术家黎星与青年编导黄佳园联袂执导。该剧以当代舞蹈语汇，重新讲述了“因梦生情”的传统戏曲故事。

舞剧《牡丹亭》出品方、苏州文投集团董事长陈龙介绍，首演以来，该剧已在17城巡演56场，近七成是35岁以下的年轻观众。

在这场跨年晚会上，舞剧《牡丹亭》的《游园》片段是唯一的舞蹈节目。陈龙介绍，从色彩和舞美看，这段舞蹈视觉冲击力最强，契合跨年氛围：延伸到观众席的镜面舞台和不断变幻的多媒体背景，构成了“牡丹亭”的场景；从演员造型看，杜丽娘身穿淡粉色，春香身穿明黄色，花神则是艳红色，色彩缤纷、饱和度高，反光的镜面地板投射出波光粼粼的渐变效果。

黎星介绍，舞剧《牡丹亭》在尊重原作的基础上，将全剧分为“梦卷”与“画卷”上下两篇。“梦卷”聚焦杜丽娘走出深闺、惊梦寻真的经历；“画卷”则勾勒柳梦梅踏梦而来、为情坚守的执着追寻。作品通过当代舞剧的叙事与审美，让“情不知所起，一往而深”的美好情感，在剧场中获得新的共鸣。

昆曲可以用唱词表达感情，舞剧如何用肢体语言展现内心世界？黄佳园举例，演员的裙子旋转翻飞，象征着像绽放的花朵一样热烈的生命力。舞台空间的处理也颇具匠心：水雾弥漫全场，随舞者动作流动，模糊了现实与梦境的界限。园林不再是实体场景，而成为心灵的投影。

“结尾处，杜丽娘走进园林，不仅看到春天来了，也将怒放的生命力传递给更多人，让观众透过角色照见自己。”黄佳园说。

在中华优秀传统文化的浸润中，当代年轻人的精神世界日渐丰盈。“古韵国风成为年轻人眼中的‘顶流审美’，是文化自信的表现。我们不仅要传承好传统文化，更要在求新求变中出彩出新。”陈龙说。

【专家点评】

一朵大红的牡丹，在舞台上主宰着自由、性灵，用简练和唯美的场面，映射出当下国风创作的成就与进展。

以舞剧《牡丹亭》为代表的作品，是中华优秀传统文化创造性转化和创新性发展的生动案例。

近年来，一些备受瞩目的文艺作品不再局限于剧场，而是借助短视频、直播等，形成广泛传播的文化景观。越来越多的文艺爱好者尝试二次创作与场景重构，逐步形成深层次的文化参与和艺术共创，体现出观众从被动接受者到主动传播者的身份转变。

这不仅彰显了中华优秀传统文化的强大生命力，也预示着当代舞台创作将以更具互动性、共情力和时代感的方式，持续走进大众生活深处。

——一级导演  陈薪伊

设计更精细  产业更完善

汉服“穿”出消费时尚

本报记者  宋豪新  李  蕊

青砖黛瓦间，多彩迤逦的汉服与古色古香的建筑，构成一幅流动的画卷；锦巷古街中，市民、游客的嬉笑声与氤氲的烟火气，织就一幅和谐的“蜀绣图”……岁末年初，四川成都文殊坊古街，第四届“衣起锦官城”（成都）汉服周在这里开启。

漫步街头，和“李白”对诗联句，跟“薛涛”学习制作花笺，在“司马相如”的琴台前聆听一曲《凤求凰》……与志愿者全程沉浸式互动，更让人一秒入戏。在这里，传统文化可触摸、可参与。

活动现场，红墙前的梅花、飞檐下的许愿墙、转角处的艺术装置，营造出节日氛围。主题墙旁，环拍设备提升“出片”体验，随手一拍，市民、游客就能收获新年限定美照。

汉服爱好者张雪的衣柜里收藏了十几套汉服，从襦裙到褙子，每一件都承载着她对传统服饰的热爱。“衣袂飘飘间，既能与古人隔空对话，也能沉浸式感受历史的厚重与温度，这种感觉很奇妙。”张雪说。

近年来，无论是漫步商场，还是参观景点，穿汉服已是融入日常的生活方式。从小众爱好到频繁“出圈”，汉服的市场需求不断提高。而完善的产业基础，则为古韵国风的兴起提供了保障。

一件汉服，连起了相隔千里的四川与山东。“早上订，隔天到，价格实在，款式还新。”成都宽窄巷子，游客陈雨身穿明制立领长衫拍照打卡。而她身上这件汉服，正是3天前从山东曹县电商店铺下单的。据介绍，2025年，曹县汉服线上线下销售额突破130亿元。

产业的活力，来自不断自我更新的从业者。毕业于山东服装职业学院的00后设计师张子晨，一直在家乡曹县从事服装设计。“一开始大家都做传统形制，但现在我们更注重与现代元素的融合。”张子晨说。

在尊重传统的基础上，不少设计者推出适应多场景的改良产品，让汉服真正“穿”进日常生活。从购买延伸至深度参与，年轻人是这股风潮的重要推动者。每逢假期，汉服体验店便迎来大量年轻顾客，或量身定制，或“来图定制”：年轻人将自己设计的纹样与款式交由工厂制作，实现了从消费者到共创者的转变。同时，通过设立快速维权中心，当地将汉服专利申请时间从180天缩短至10天，呵护原创热情。

东方风雅也已扬帆出海。曹县汉服产品远销30多个国家和地区。曹县丹雅集新中式汉服展厅负责人感慨：“如今汉服成为文化载体，每一笔海外订单的成交也是一次文化对话。”由万千经纬织就的汉服，正成为连接古与今、中国与世界的纽带。

【专家点评】

从穿汉服、化唐妆到练八段锦、品中式茶饮，年轻人从这些活动中感受到了中华优秀传统文化的魅力。融合现代元素，传统古韵尽显时代魅力，积极回应着年轻消费者的期待：一些老字号企业跨界联名打造咖啡、奶茶、冰淇淋等产品；在网络直播间和社交媒体，别具匠心的设计师产品、国货“潮品”，一经上架就“秒空”。

传统文化不是过去的影子，正重新参与、塑造着当代生活。随着文化传承发展不断开创新局面，未来将有更多的“轻量化”产品推动传统文化元素融入日常消费，培育出更多消费热点。

——四川省民族研究会副会长、四川省民间文艺家协会副主席  杨  环

传统意象融入无人机表演

东方纹样“飞”入赛博秀场

本报记者  王欣悦

“5，4，3，2，1——新年快乐！”随着2026年元旦到来，重庆的夜空被“烟花”点亮。

数千个光点从江面升起，在上空“画”出一只巨大的手。巨手缓缓举起魔术棒，轻轻一挥，刹那间，山城灯火次第亮起。“哇！”人群中爆发出一片惊叹……“新韵重庆”无人机灯光秀的开场表演为城市献上了科技感十足的新年礼物。

“花开富贵”的“蝶恋花”、“振翅凌云”的“冲天鹰”、“福禄天降”的“宝葫芦”……无人机不断变换位置，组装出传统意象。媒体屏还同步播放吊脚楼、山茶花、红梅等文化元素，搭配AI、航空卫星等现代科技符号，叠加国风与电子音乐——古今碰撞的赛博秀场，彰显出“承古焕新”的城市气质。2025年，“新韵重庆”无人机灯光秀在南岸区南滨路常态化演出63场，累计吸引600万人次现场观看。

两江环抱、山峦起伏、桥隧连绵，重庆素有“8D城市”之称。立体的地理空间，为无人机表演提供了独一无二的舞台。本次跨年夜，8000架无人机腾空，配合江面上3艘表演船的水幕、激光与光束灯，首次实现了“水陆空三维联动”，为市民、游客带来了一场长达50分钟的感官体验。

东方纹样如何“飞”入现代舞台？“我们通过水幕与激光投影融合，采用无人机与城市光影联动模式，将传统美学巧妙融入灯光秀表演。”跨年夜无人机创意团队负责人张阳雪介绍，本次展演运用新型灯笼无人机、软幕表演无人机等新载体，精心设计中式文化图案，用东方美学点亮跨年夜空。

夜色渐浓，一朵“牡丹”缓缓升空，全然盛放的刹那，一只流光溢彩的“蝴蝶”翩然飞来，与花朵交相辉映——这便是“蝶恋花”篇目。“我们不想让‘蝶恋花’成为静止的符号。”张阳雪说。团队用编程精心设计，让无人机尾翼流淌着光电波纹，变身巨型蝴蝶舞入花间，让“花开富贵”的传统祝福呈现出震撼的视觉效果。

色彩运用同样暗藏巧思。传统文化符号“宝葫芦”披上了粉色外衣，勾勒出祥云纹路。“一台无人机可以呈现256种颜色，我们选用更明快、更受年轻人青睐的色彩体系。”张阳雪说。

让不少观众会心一笑的，是专为跨年设计的“马上”系列图案。“不同形态的小马，将网络流行梗用浪漫和幽默的方式视觉化，刷屏重庆人的朋友圈。”张阳雪说，在科技加持下，古韵国风正以更鲜活的姿态登场，让年轻人在轻松氛围中走近传统文化。

【专家点评】

近来，“国风+科技”的融合已从视觉呈现迈入系统化创新阶段。以重庆无人机灯光秀为例，技术不仅复现传统纹样，更通过数据化采集、动态化编程与实时交互，使“蝶恋花”“宝葫芦”等传统意象转化为可参与、可传播的情感载体。

展望未来，该领域将呈现数据驱动、算法活化的趋势。一方面，利用三维扫描、光影捕捉等技术对文物、非遗进行高精度数字化存档，实现文化资源的保护与共享。另一方面，通过人工智能对文化数据进行风格分析、重塑意象，生成既符合传统美学又具备当代审美的全新表达。这不仅能为传统文化注入持续科技活力，也能让科技因文化的赋能获得更丰富的应用场景、更温暖的人文关怀，实现共赢与共进。

——重庆社会科学院城市与区域经济研究所所长  邓  靖",,文化,https://paper.people.com.cn/rmrb/pc/content/202601/07/content_30130243.html,2026-01-07,"['汉服', '无人机', '传统', '文化', '牡丹亭', '舞剧', '国风', '古韵', '跨年', '年轻人']","图①：凤冠冰箱贴。张晓曦摄图②：沈阳故宫文创雪糕。施  觉摄图③：安徽黄山屯溪老街沉浸式活动。施亚磊摄图④：“新韵重庆”无人机灯光秀。何蓬磊摄图⑤：舞剧《牡丹亭》剧照。资料图片
图①：凤冠冰箱贴。
张晓曦摄",政治
传统也流行  古韵更青春（新语）,"演奏传统乐器、唱响戏曲声腔、融合流行说唱……近年来，国风音乐成为很多年轻人心中的“顶流”。在词曲格律、编曲配器等音乐形态和表现意蕴上，国风音乐呈现出浓郁的传统文化气息。沉浸于国风音乐的唯美意境，年轻人感慨：“血脉里的DNA觉醒了”“古人审美在线”，饱含真挚的热爱、浓浓的自信。
如何让传统的成为更流行的，让古老的变成更时尚的？仅将诗词歌赋与传统乐器简单叠加，难以引发共鸣。要赢得当代观众的喜爱，国风音乐须以中华传统音乐文化为“根脉”，以当代音乐的丰富表现为“枝叶”，在火热生活中深扎根、广开掘，方能有底气、显生气、聚人气。
回归大自然、寻访古村落、走进博物馆……在电视节目《国风超有戏·寻风季》中，传统“采诗观风”的现实主义创作智慧得以充分展现。
先秦时期，采诗官们在乡野阡陌之间“采诗观风”，记录下生活最本源的艺术表现。《诗经》中的《国风》通过采诗制度收集诗歌，反映劳动、爱情、婚姻等日常生活与真挚情感，成为文艺宝库里的璀璨明珠。此后，汉代乐府诗的“感于哀乐，缘事而发”，唐代新乐府运动的“文章合为时而著，歌诗合为事而作”等，皆强调艺术与生活的紧密联系。
可见，“国风”脚踩坚实的大地，赓续着现实主义创作传统。不过，当前部分国风音乐作品，往往流于辞藻堆砌、旋律套路，为何？缘于对这片土地缺乏深入的了解，没有动真情，因此作品传不开、留不下。创作者不能仅从古典文学中寻章摘句，须走向广阔天地，真真切切地触摸生活、感受时代、观照内心。我们倡导“寻风”，意在让创作回归产生文化、孕育情感和想象力的土壤，并保持一份追根溯源的文化敬意。
生活的沃土，也是艺术创作的源泉。在非遗市集体验民俗，到历史文化名村采集民歌，与戏曲、文物、古建等不同文化元素展开“对话”，实地体悟传统艺术与诗词共通的韵律美学与精神内核……一路走来，虽然辛苦，但收获满满。创作者深入探索文化宝藏，更追问背后的历史渊源、流转脉络、时代发展和生活情趣。咀嚼、消化从而内化于心，再外化成具有历史细节、普遍情感的音乐作品。
在这片辽阔的土地上，历史厚重、文化绚烂、生活多彩，等待着创作者去发现、去体悟、去吟唱。这也让我们期待：当越来越多的创作者走上“寻风”之路，当更多历史文化通过当代表达释放动人魅力，“最炫中国风”必将吹向更广阔的未来。
（作者为南京师范大学文学院教授）","# 传统也流行  古韵更青春（新语）

> 郦  波《人民日报》（2026年01月07日第 10 版）

演奏传统乐器、唱响戏曲声腔、融合流行说唱……近年来，国风音乐成为很多年轻人心中的“顶流”。在词曲格律、编曲配器等音乐形态和表现意蕴上，国风音乐呈现出浓郁的传统文化气息。沉浸于国风音乐的唯美意境，年轻人感慨：“血脉里的DNA觉醒了”“古人审美在线”，饱含真挚的热爱、浓浓的自信。

如何让传统的成为更流行的，让古老的变成更时尚的？仅将诗词歌赋与传统乐器简单叠加，难以引发共鸣。要赢得当代观众的喜爱，国风音乐须以中华传统音乐文化为“根脉”，以当代音乐的丰富表现为“枝叶”，在火热生活中深扎根、广开掘，方能有底气、显生气、聚人气。

回归大自然、寻访古村落、走进博物馆……在电视节目《国风超有戏·寻风季》中，传统“采诗观风”的现实主义创作智慧得以充分展现。

先秦时期，采诗官们在乡野阡陌之间“采诗观风”，记录下生活最本源的艺术表现。《诗经》中的《国风》通过采诗制度收集诗歌，反映劳动、爱情、婚姻等日常生活与真挚情感，成为文艺宝库里的璀璨明珠。此后，汉代乐府诗的“感于哀乐，缘事而发”，唐代新乐府运动的“文章合为时而著，歌诗合为事而作”等，皆强调艺术与生活的紧密联系。

可见，“国风”脚踩坚实的大地，赓续着现实主义创作传统。不过，当前部分国风音乐作品，往往流于辞藻堆砌、旋律套路，为何？缘于对这片土地缺乏深入的了解，没有动真情，因此作品传不开、留不下。创作者不能仅从古典文学中寻章摘句，须走向广阔天地，真真切切地触摸生活、感受时代、观照内心。我们倡导“寻风”，意在让创作回归产生文化、孕育情感和想象力的土壤，并保持一份追根溯源的文化敬意。

生活的沃土，也是艺术创作的源泉。在非遗市集体验民俗，到历史文化名村采集民歌，与戏曲、文物、古建等不同文化元素展开“对话”，实地体悟传统艺术与诗词共通的韵律美学与精神内核……一路走来，虽然辛苦，但收获满满。创作者深入探索文化宝藏，更追问背后的历史渊源、流转脉络、时代发展和生活情趣。咀嚼、消化从而内化于心，再外化成具有历史细节、普遍情感的音乐作品。

在这片辽阔的土地上，历史厚重、文化绚烂、生活多彩，等待着创作者去发现、去体悟、去吟唱。这也让我们期待：当越来越多的创作者走上“寻风”之路，当更多历史文化通过当代表达释放动人魅力，“最炫中国风”必将吹向更广阔的未来。

（作者为南京师范大学文学院教授）",郦  波,文化,https://paper.people.com.cn/rmrb/pc/content/202601/07/content_30130244.html,2026-01-07,"['国风', '采诗', '传统', '音乐', '文化', '创作者', '生活', '观风', '寻风', '体悟']","演奏传统乐器、唱响戏曲声腔、融合流行说唱……近年来，国风音乐成为很多年轻人心中的“顶流”。在词曲格律、编曲配器等音乐形态和表现意蕴上，国风音乐呈现出浓郁的传统文化气息。沉浸于国风音乐的唯美意境，年轻人感慨：“血脉里的DNA觉醒了”“古人审美在线”，饱含真挚的热爱、浓浓的自信。
如何让传统的成为更流行的，让古老的变成更时尚的？仅将诗词歌赋与传统乐器简单叠加，难以引发共鸣。要赢得当代观众的喜爱，国风音乐须以中华传统音乐文化为“根脉”，以当代音乐的丰富表现为“枝叶”，在火热生活中深扎根、广开掘，方能有底气、显生气、聚人气。
回归大自然、寻访古村落、走进博物馆……在电视节目《国风超有戏·寻风季》中，传统“采诗观风”的现实主义创作智慧得以充分展现。",文化
《丙午年》特种邮票首发仪式举行,"“从东汉铜奔马到徐悲鸿笔下的墨马，‘马’驰骋于中华文化的历史长卷，承载着奋进不止、行稳致远的精神内核。《丙午年》生肖邮票正是这种精神的现代表达。”中国邮政集团有限公司党组书记、董事长刘爱力表示。
一匹金色“骏马”从主屏幕深处腾跃而出，在活动现场“奔跑”一周，带来新年龙马精神的美好寓意……这是1月5日在人民日报社举行的“驰跃宏图  万骏臻福——中国邮政《丙午年》特种邮票首发仪式”现场。这也是中国邮政第四十六次发行生肖邮票，来自文化艺术、教育、邮政、金融等领域的嘉宾出席了本次活动。
2025年7月，中国邮政首次面向全社会征集《丙午年》生肖邮票图稿，吸引了众多艺术从业者和邮票爱好者参与。经过评审，一系列优秀图稿脱颖而出。活动现场展出了这些优秀作品。
从1980年的“庚申猴”到2026年的“丙午马”，生肖邮票经历了从黄永玉等艺术大家执笔设计，到社会各界人士共同参与创作的变迁，成为中华优秀传统文化创造性转化和创新性发展的生动样本。2026年“丙午马”造型饱满，极富动感，昂首嘶鸣，四蹄生风，充满向上奔腾的势能。
“生肖邮票不仅展现了动物的姿态，更是在方寸之间展现了时代气象。”邮票设计师阎炳武说。设计理念如何展现？这就需要雕刻师的技艺。邮票雕刻师徐喆介绍，以前的老师傅们雕刻主要靠手和眼，1980年首枚生肖邮票——“猴票”发行时，老师傅们甚至雕刻出了猴子立起来的毛发。“时代在进步，我们现在借助激光雕刻机，把设计好的图案变成数字线条，用激光就能将线条雕刻出来。纸张是邮票的‘皮肤’，我们对这次的邮票纸张添加了特别的荧光纤维。在紫光灯的照射下，同一根纤维，一面是红色的，翻过来就变成了绿色。”徐喆说。
清华大学美术学院原院长马赛认为，这匹马的昂扬姿态象征着一往无前的开拓精神；在整体的构图和线条运用上，又融入了中国传统绘画的写意手法，传递出东方美学的典雅与从容。北京印刷学院院长田忠利说，“丙午马”精细而精美，它让印刷成为增强艺术表现的再创作。
方寸之间，尽显龙马精神。随着《丙午年》特种邮票的亮相，“丙午马”将“奔跑”在亿万人的信封上、生活中、记忆里，传递思念与祝福，连接岁月的温情与远方的期盼。","# 《丙午年》特种邮票首发仪式举行

> 《环球人物》记者  田  亮《人民日报》（2026年01月07日第 10 版）

“从东汉铜奔马到徐悲鸿笔下的墨马，‘马’驰骋于中华文化的历史长卷，承载着奋进不止、行稳致远的精神内核。《丙午年》生肖邮票正是这种精神的现代表达。”中国邮政集团有限公司党组书记、董事长刘爱力表示。

一匹金色“骏马”从主屏幕深处腾跃而出，在活动现场“奔跑”一周，带来新年龙马精神的美好寓意……这是1月5日在人民日报社举行的“驰跃宏图  万骏臻福——中国邮政《丙午年》特种邮票首发仪式”现场。这也是中国邮政第四十六次发行生肖邮票，来自文化艺术、教育、邮政、金融等领域的嘉宾出席了本次活动。

2025年7月，中国邮政首次面向全社会征集《丙午年》生肖邮票图稿，吸引了众多艺术从业者和邮票爱好者参与。经过评审，一系列优秀图稿脱颖而出。活动现场展出了这些优秀作品。

从1980年的“庚申猴”到2026年的“丙午马”，生肖邮票经历了从黄永玉等艺术大家执笔设计，到社会各界人士共同参与创作的变迁，成为中华优秀传统文化创造性转化和创新性发展的生动样本。2026年“丙午马”造型饱满，极富动感，昂首嘶鸣，四蹄生风，充满向上奔腾的势能。

“生肖邮票不仅展现了动物的姿态，更是在方寸之间展现了时代气象。”邮票设计师阎炳武说。设计理念如何展现？这就需要雕刻师的技艺。邮票雕刻师徐喆介绍，以前的老师傅们雕刻主要靠手和眼，1980年首枚生肖邮票——“猴票”发行时，老师傅们甚至雕刻出了猴子立起来的毛发。“时代在进步，我们现在借助激光雕刻机，把设计好的图案变成数字线条，用激光就能将线条雕刻出来。纸张是邮票的‘皮肤’，我们对这次的邮票纸张添加了特别的荧光纤维。在紫光灯的照射下，同一根纤维，一面是红色的，翻过来就变成了绿色。”徐喆说。

清华大学美术学院原院长马赛认为，这匹马的昂扬姿态象征着一往无前的开拓精神；在整体的构图和线条运用上，又融入了中国传统绘画的写意手法，传递出东方美学的典雅与从容。北京印刷学院院长田忠利说，“丙午马”精细而精美，它让印刷成为增强艺术表现的再创作。

方寸之间，尽显龙马精神。随着《丙午年》特种邮票的亮相，“丙午马”将“奔跑”在亿万人的信封上、生活中、记忆里，传递思念与祝福，连接岁月的温情与远方的期盼。",《环球人物》记者  田  亮,文化,https://paper.people.com.cn/rmrb/pc/content/202601/07/content_30130245.html,2026-01-07,"['丙午', '邮票', '生肖', '中国邮政', '特种邮票', '图稿', '雕刻师', '龙马精神', '方寸之间', '展现']","“从东汉铜奔马到徐悲鸿笔下的墨马，‘马’驰骋于中华文化的历史长卷，承载着奋进不止、行稳致远的精神内核。《丙午年》生肖邮票正是这种精神的现代表达。”中国邮政集团有限公司党组书记、董事长刘爱力表示。
一匹金色“骏马”从主屏幕深处腾跃而出，在活动现场“奔跑”一周，带来新年龙马精神的美好寓意……这是1月5日在人民日报社举行的“驰跃宏图  万骏臻福——中国邮政《丙午年》特种邮票首发仪式”现场。这也是中国邮政第四十六次发行生肖邮票，来自文化艺术、教育、邮政、金融等领域的嘉宾出席了本次活动。
2025年7月，中国邮政首次面向全社会征集《丙午年》生肖邮票图稿，吸引了众多艺术从业者和邮票爱好者参与。经过评审，一系列优秀图稿脱颖而出。活动现场展出了这些优秀作品。",经济
一笔救助金，这样送到群众手中（关心困难群众生产生活）,"2025年底举行的中央经济工作会议提出，“加强对困难群体的关爱帮扶”“关心困难群众生产生活”。
小康路上“一个都不能少”，共同富裕路上“一个都不能掉队”。在发展中保障和改善民生，百姓幸福生活的底色将更加鲜亮。
即日起，本版推出“关心困难群众生产生活”系列报道，探访各地区各部门为群众办实事解难事，把惠民生、暖民心、顺民意的工作做到群众心坎上，进一步增强群众的获得感、幸福感、安全感。
——编  者
“陈大哥的临时救助金到账了，共计16296元，留意查收。”电话那头，街道民政员的声音清晰又温暖。2025年8月28日，浙江温州龙湾区居民陈大哥刚出院不到一周，爱人王大姐正忙着帮他擦拭身体，接到这通来电。
一时没反应过来，她赶忙凑近听筒，反复向对方确认了好几遍，“就是前段时间你帮我们申请的那笔钱吗”“这也没过多少时间呀”……言语间，王大姐既兴奋惊喜，又有点半信半疑。
她打开手机银行，查完账心里踏实了不少。就在几分钟前，这笔16296元的临时救助金，已通过温州市的利民补助“一键达”系统汇入陈大哥的银行账户。
“为了老陈和孩子，我必须硬着头皮扛下去”
陈大哥今年62岁，一家人住在龙湾区永中街道前街村。几年前，陈大哥因工作时的一场意外导致肢体一级残疾。他失去了自理能力，日常照料更离不开人，家里的顶梁柱垮了。
“起初几年，家里还有积蓄，生活也能过得去。后面老陈身体越来越差，治病的开销变多，日子越来越难。”王大姐说，“好在村里给我介绍了一些手工零活，每月有个1000多元收入。可女儿还在读大学，这点钱根本不够。”
2024年，陈大哥一家被认定为低保户，按当年标准，每月能领到3330元低保金和857元残疾人补贴。然而，2024年底陈大哥又因一场大病住了院，8个多月的医药费就有21.8万元，日子雪上加霜。
回忆那段时间，为了给陈大哥治病，王大姐东拼西凑、到处借钱：“刨去医保承担的部分，还要自付7.5万余元，我把能想到的亲戚朋友和邻居都借了个遍。为了老陈和孩子，我必须硬着头皮扛下去。虽然人家都说不着急还钱，但我总惦记这事，成了心病。”
“出院不到一周，我们就收到了救助金”
王大姐没想到，几天后出现转机。2025年8月22日陈大哥出院，医保结算完成后，8月25日，龙湾区社会救助服务中心办公室的电脑屏幕上，浙江省大救助信息系统的预警监测模块弹出实时通知：低保对象陈某的医疗支出数据异常，系统自动标记“医疗支出增加”预警。
龙湾区社会救助服务中心主任林慧慧介绍，浙江省大救助信息系统于2019年上线，由省民政部门牵头，住房、医保、卫健等20多个相关部门共同参与，打通部门间数据壁垒，通过监测家庭收入、财产、医保支出、人口情况等信息，对家庭人均年收入低于同期最低生活保障标准3倍的低收入人口实现动态监测预警。
“系统可以帮助我们主动筛查疑似困难家庭，使救助服务从传统的‘人找政策’变成‘政策找人’，更及时精准。”林慧慧举例：共享卫健部门的新生儿登记信息后，某低保户家里添了人口，系统就会跳出预警，让工作人员第一时间把新增家庭成员纳入社会救助保障；通过不动产登记中心、车管所等部门的共享信息，针对车辆、房产、存款等财产变动也会跳出预警，合理退出或及时纳入低收入监测对象。
陈大哥的医疗支出触发了预警。当天，龙湾区民政局在第一时间将相关情况传递给永中街道，街道民政员黄董燕随即与王大姐取得了联系。
“起初听到可以申请临时救助，我以为接到了诈骗电话，结果对方向我耐心解释政策。”谈起当时的情形，王大姐有些不好意思。黄董燕讲明情况后，约好第二天登门拜访，王大姐终于放了心，“我这才知道政府有这项帮扶政策。”
在黄董燕指导下，王大姐点开“浙里办”APP，搜索“浙里救”平台，选择临时救助申请办事事项，直接在线填写陈大哥的个人身份信息、家庭困难情况，顺利提交了临时救助申请。仅用时2天，街道就完成审核、审批，区民政局启动“一键达”发放资金，这才有了开头一幕。
拮据生活里照进一束光，陈大哥一家感受到了温暖和力量。“出院不到一周，我们就收到了救助金，1.6万多元能填补家里很多窟窿。”王大姐难掩激动，计划着用途，“要拿出6000元还给邻居。剩下的1万多元主要留给孩子当大学生活费和学费……”
“为暂时陷入困境的家庭增添底气”
认定即救助、申请零跑腿，救助实现全流程快速响应。仅2025年，龙湾区就收到各种预警信息373件次，累计帮扶103个困难家庭。
家住沙城街道的项大哥一家也拿到了救助金。项大哥几年前因脑梗落下肢体三级残疾，虽然医疗开销不小，但根据过往家庭收入低于低保标准的“收入型低保”要求，项大哥一家并不符合低保户的认定条件。
近年来，龙湾区将医疗、教育、护理等支出纳入刚性支出扣减范围，根据困难情况增加了考量家庭支出的“支出型低保”“支出型低边”。2025年11月，《龙湾区刚性支出困难家庭认定和分类救助协同帮扶实施办法（试行）》出台，将刚性支出纳入评判标准，其中明确提出“家庭刚性支出总额占家庭总收入比例超过70%”的关键标准，扩大了救助范围。
林慧慧算起一笔账：项大哥无业，妻子李大姐每月工资4812元，大儿子读高一，小儿子读初三，一家四口人均月收入为1203元，虽超出当地传统低保线的1190元，但其申请前6个月的家庭总收入为2.89万元，再扣除医疗刚性支出4.2万元，根据现行办法，符合“支出型低保”认定条件。
拿到低保认定通知书的那一刻，李大姐红了眼眶。曾经，她想劝大儿子放弃读书，早点打工扛起家里的担子。“现在每月多了4760元的低保金，日子多了份底气。”李大姐的眼里多了憧憬，“更重要的是，大儿子能安心上学了，期待他未来考上大学。”
龙湾区民政局党组成员项光荣介绍，“十四五”时期，龙湾逐渐建立“精准识别、协同帮扶、动态管理”的三维救助体系。截至目前，全区已累计开展救助复核6.5万余次，精准退出不符合条件对象2152人，联动10余家慈善组织、50余支义工队伍，支出慈善资金1.16亿元，惠及困难群体5万余人次。
项光荣表示，今年是“十五五”开局之年，“我们将以更精准、更有效率的帮扶，为暂时陷入困境的家庭增添底气。”","# 一笔救助金，这样送到群众手中（关心困难群众生产生活）

> 本报记者  窦瀚洋《人民日报》（2026年01月07日第 11 版）

2025年底举行的中央经济工作会议提出，“加强对困难群体的关爱帮扶”“关心困难群众生产生活”。

小康路上“一个都不能少”，共同富裕路上“一个都不能掉队”。在发展中保障和改善民生，百姓幸福生活的底色将更加鲜亮。

即日起，本版推出“关心困难群众生产生活”系列报道，探访各地区各部门为群众办实事解难事，把惠民生、暖民心、顺民意的工作做到群众心坎上，进一步增强群众的获得感、幸福感、安全感。

——编  者

“陈大哥的临时救助金到账了，共计16296元，留意查收。”电话那头，街道民政员的声音清晰又温暖。2025年8月28日，浙江温州龙湾区居民陈大哥刚出院不到一周，爱人王大姐正忙着帮他擦拭身体，接到这通来电。

一时没反应过来，她赶忙凑近听筒，反复向对方确认了好几遍，“就是前段时间你帮我们申请的那笔钱吗”“这也没过多少时间呀”……言语间，王大姐既兴奋惊喜，又有点半信半疑。

她打开手机银行，查完账心里踏实了不少。就在几分钟前，这笔16296元的临时救助金，已通过温州市的利民补助“一键达”系统汇入陈大哥的银行账户。

“为了老陈和孩子，我必须硬着头皮扛下去”

陈大哥今年62岁，一家人住在龙湾区永中街道前街村。几年前，陈大哥因工作时的一场意外导致肢体一级残疾。他失去了自理能力，日常照料更离不开人，家里的顶梁柱垮了。

“起初几年，家里还有积蓄，生活也能过得去。后面老陈身体越来越差，治病的开销变多，日子越来越难。”王大姐说，“好在村里给我介绍了一些手工零活，每月有个1000多元收入。可女儿还在读大学，这点钱根本不够。”

2024年，陈大哥一家被认定为低保户，按当年标准，每月能领到3330元低保金和857元残疾人补贴。然而，2024年底陈大哥又因一场大病住了院，8个多月的医药费就有21.8万元，日子雪上加霜。

回忆那段时间，为了给陈大哥治病，王大姐东拼西凑、到处借钱：“刨去医保承担的部分，还要自付7.5万余元，我把能想到的亲戚朋友和邻居都借了个遍。为了老陈和孩子，我必须硬着头皮扛下去。虽然人家都说不着急还钱，但我总惦记这事，成了心病。”

“出院不到一周，我们就收到了救助金”

王大姐没想到，几天后出现转机。2025年8月22日陈大哥出院，医保结算完成后，8月25日，龙湾区社会救助服务中心办公室的电脑屏幕上，浙江省大救助信息系统的预警监测模块弹出实时通知：低保对象陈某的医疗支出数据异常，系统自动标记“医疗支出增加”预警。

龙湾区社会救助服务中心主任林慧慧介绍，浙江省大救助信息系统于2019年上线，由省民政部门牵头，住房、医保、卫健等20多个相关部门共同参与，打通部门间数据壁垒，通过监测家庭收入、财产、医保支出、人口情况等信息，对家庭人均年收入低于同期最低生活保障标准3倍的低收入人口实现动态监测预警。

“系统可以帮助我们主动筛查疑似困难家庭，使救助服务从传统的‘人找政策’变成‘政策找人’，更及时精准。”林慧慧举例：共享卫健部门的新生儿登记信息后，某低保户家里添了人口，系统就会跳出预警，让工作人员第一时间把新增家庭成员纳入社会救助保障；通过不动产登记中心、车管所等部门的共享信息，针对车辆、房产、存款等财产变动也会跳出预警，合理退出或及时纳入低收入监测对象。

陈大哥的医疗支出触发了预警。当天，龙湾区民政局在第一时间将相关情况传递给永中街道，街道民政员黄董燕随即与王大姐取得了联系。

“起初听到可以申请临时救助，我以为接到了诈骗电话，结果对方向我耐心解释政策。”谈起当时的情形，王大姐有些不好意思。黄董燕讲明情况后，约好第二天登门拜访，王大姐终于放了心，“我这才知道政府有这项帮扶政策。”

在黄董燕指导下，王大姐点开“浙里办”APP，搜索“浙里救”平台，选择临时救助申请办事事项，直接在线填写陈大哥的个人身份信息、家庭困难情况，顺利提交了临时救助申请。仅用时2天，街道就完成审核、审批，区民政局启动“一键达”发放资金，这才有了开头一幕。

拮据生活里照进一束光，陈大哥一家感受到了温暖和力量。“出院不到一周，我们就收到了救助金，1.6万多元能填补家里很多窟窿。”王大姐难掩激动，计划着用途，“要拿出6000元还给邻居。剩下的1万多元主要留给孩子当大学生活费和学费……”

“为暂时陷入困境的家庭增添底气”

认定即救助、申请零跑腿，救助实现全流程快速响应。仅2025年，龙湾区就收到各种预警信息373件次，累计帮扶103个困难家庭。

家住沙城街道的项大哥一家也拿到了救助金。项大哥几年前因脑梗落下肢体三级残疾，虽然医疗开销不小，但根据过往家庭收入低于低保标准的“收入型低保”要求，项大哥一家并不符合低保户的认定条件。

近年来，龙湾区将医疗、教育、护理等支出纳入刚性支出扣减范围，根据困难情况增加了考量家庭支出的“支出型低保”“支出型低边”。2025年11月，《龙湾区刚性支出困难家庭认定和分类救助协同帮扶实施办法（试行）》出台，将刚性支出纳入评判标准，其中明确提出“家庭刚性支出总额占家庭总收入比例超过70%”的关键标准，扩大了救助范围。

林慧慧算起一笔账：项大哥无业，妻子李大姐每月工资4812元，大儿子读高一，小儿子读初三，一家四口人均月收入为1203元，虽超出当地传统低保线的1190元，但其申请前6个月的家庭总收入为2.89万元，再扣除医疗刚性支出4.2万元，根据现行办法，符合“支出型低保”认定条件。

拿到低保认定通知书的那一刻，李大姐红了眼眶。曾经，她想劝大儿子放弃读书，早点打工扛起家里的担子。“现在每月多了4760元的低保金，日子多了份底气。”李大姐的眼里多了憧憬，“更重要的是，大儿子能安心上学了，期待他未来考上大学。”

龙湾区民政局党组成员项光荣介绍，“十四五”时期，龙湾逐渐建立“精准识别、协同帮扶、动态管理”的三维救助体系。截至目前，全区已累计开展救助复核6.5万余次，精准退出不符合条件对象2152人，联动10余家慈善组织、50余支义工队伍，支出慈善资金1.16亿元，惠及困难群体5万余人次。

项光荣表示，今年是“十五五”开局之年，“我们将以更精准、更有效率的帮扶，为暂时陷入困境的家庭增添底气。”",窦瀚洋,社会,https://paper.people.com.cn/rmrb/pc/content/202601/07/content_30130247.html,2026-01-07,"['陈大哥', '救助', '龙湾区', '大姐', '支出', '低保', '救助金', '家庭', '2025', '帮扶']","2025年底举行的中央经济工作会议提出，“加强对困难群体的关爱帮扶”“关心困难群众生产生活”。
小康路上“一个都不能少”，共同富裕路上“一个都不能掉队”。在发展中保障和改善民生，百姓幸福生活的底色将更加鲜亮。
即日起，本版推出“关心困难群众生产生活”系列报道，探访各地区各部门为群众办实事解难事，把惠民生、暖民心、顺民意的工作做到群众心坎上，进一步增强群众的获得感、幸福感、安全感。",政治
上门帮扶  救急又贴心（编辑手记）,"当家庭成员身患重病或遭遇意外，整个家庭都会面临较大压力。浙江省利用大救助信息系统，动态监测困难群众的实际情况，使救助服务从传统的“人找政策”变成“政策找人”，让帮扶靠前一步、递进一层。
锁定帮扶对象后，工作人员主动上门解释政策、指导操作，将救助金及时发放到受助人手中。精准的政策、精细的流程、精心的服务，为暂时陷入困境的家庭编织起牢固的兜底保障网。
主动服务，彰显治理智慧。好政策落地才能见实效，提升政策落实的精准度和效率，才能让群众有实实在在的获得感。
主动服务，体现民生温度。当暖心帮扶主动抵达，群众多了被尊重被关切的归属感和幸福感，更增添了战胜困难的力量。
从“管理”到“服务”，从“被动接招”到“主动作为”，上门帮扶，救急又贴心。","# 上门帮扶  救急又贴心（编辑手记）

> 白真智《人民日报》（2026年01月07日第 11 版）

当家庭成员身患重病或遭遇意外，整个家庭都会面临较大压力。浙江省利用大救助信息系统，动态监测困难群众的实际情况，使救助服务从传统的“人找政策”变成“政策找人”，让帮扶靠前一步、递进一层。

锁定帮扶对象后，工作人员主动上门解释政策、指导操作，将救助金及时发放到受助人手中。精准的政策、精细的流程、精心的服务，为暂时陷入困境的家庭编织起牢固的兜底保障网。

主动服务，彰显治理智慧。好政策落地才能见实效，提升政策落实的精准度和效率，才能让群众有实实在在的获得感。

主动服务，体现民生温度。当暖心帮扶主动抵达，群众多了被尊重被关切的归属感和幸福感，更增添了战胜困难的力量。

从“管理”到“服务”，从“被动接招”到“主动作为”，上门帮扶，救急又贴心。",白真智,社会,https://paper.people.com.cn/rmrb/pc/content/202601/07/content_30130248.html,2026-01-07,"['帮扶', '主动', '政策', '服务', '上门', '救急', '贴心', '救助', '精准度', '群众']","当家庭成员身患重病或遭遇意外，整个家庭都会面临较大压力。浙江省利用大救助信息系统，动态监测困难群众的实际情况，使救助服务从传统的“人找政策”变成“政策找人”，让帮扶靠前一步、递进一层。
锁定帮扶对象后，工作人员主动上门解释政策、指导操作，将救助金及时发放到受助人手中。精准的政策、精细的流程、精心的服务，为暂时陷入困境的家庭编织起牢固的兜底保障网。
主动服务，彰显治理智慧。好政策落地才能见实效，提升政策落实的精准度和效率，才能让群众有实实在在的获得感。",政治
工会驿站既要建得好，更要用得好（民生观）,"建好用好工会驿站，让劳动者在劳作之余，能够享受到更多有温度、接地气的暖心服务
近日，有网友发视频称，某地工会驿站外观崭新，却在大白天“闭门谢客”。当地工会工作人员回应称，该驿站无偿提供服务，要兼顾管理员休息，因此只在工作日开放。此事引发关注，既有表示理解的声音，也有不少对驿站服务效能的探讨。
据全国总工会统计，全国目前已建工会驿站18.61万个，覆盖服务职工群众1.93亿人。近年来，多地工会驿站不断创新服务，既为劳动者提供纳凉取暖、饮水就餐的歇脚处，更成为他们的“加油站”。如贵州毕节将工会驿站升级为智慧就业服务综合体，通过精准对接和技能培训，探索出工会就业服务的新路径；河南南阳在工会驿站中设驻点法律援助律师或设置工会法律援助律师联系牌，让维权服务质量更高……
伴随数量增长，一些工会驿站在服务质量上与群众期待还有一些差距，比如出现药品过期、设备上锁等情况。工会驿站既要建得好，更要用得好。如何在发展中不断完善？
海纳百川，积极吸纳社会力量。为了办好驿站，各地各级工会在保证服务质量的前提下，通过“一日站长”“开门办驿站”等活动，积极吸纳社会力量参与驿站管理，既能缓解驿站的运维压力，又能提升社会知晓度。
去芜存菁，提升资源配置效率。北京、山东等地通过建立运行监测机制、暗访工作机制和评价退出机制等，实现驿站建设的优胜劣汰。各地驿站的建设、运营模式虽有差别，但可设立最基本的标准，进行动态“体检”，并适当吸纳服务对象加入暗访制度，及时关停低效、不达标站点，以实事求是的工作态度和严格的标准推动驿站从数量提升向质量跃升转变。
科技赋能，以新技术提升运维能力。智能化改造，是办好工会驿站的良方。江苏泰兴通过“智慧门禁+视频监控”打造24小时无人值守驿站；四川成都创新打通“站点地图+链上普惠+驿站服务”数字化服务链路……因地制宜、因场景制宜推动驿站智能化改造，一方面可实现驿站的可管、可视、可控，另一方面提升驿站的可持续运营能力。
建好用好工会驿站，让劳动者在劳作之余，能够享受到更多有温度、接地气的暖心服务。","# 工会驿站既要建得好，更要用得好（民生观）

> 闵方正《人民日报》（2026年01月07日第 11 版）

建好用好工会驿站，让劳动者在劳作之余，能够享受到更多有温度、接地气的暖心服务

近日，有网友发视频称，某地工会驿站外观崭新，却在大白天“闭门谢客”。当地工会工作人员回应称，该驿站无偿提供服务，要兼顾管理员休息，因此只在工作日开放。此事引发关注，既有表示理解的声音，也有不少对驿站服务效能的探讨。

据全国总工会统计，全国目前已建工会驿站18.61万个，覆盖服务职工群众1.93亿人。近年来，多地工会驿站不断创新服务，既为劳动者提供纳凉取暖、饮水就餐的歇脚处，更成为他们的“加油站”。如贵州毕节将工会驿站升级为智慧就业服务综合体，通过精准对接和技能培训，探索出工会就业服务的新路径；河南南阳在工会驿站中设驻点法律援助律师或设置工会法律援助律师联系牌，让维权服务质量更高……

伴随数量增长，一些工会驿站在服务质量上与群众期待还有一些差距，比如出现药品过期、设备上锁等情况。工会驿站既要建得好，更要用得好。如何在发展中不断完善？

海纳百川，积极吸纳社会力量。为了办好驿站，各地各级工会在保证服务质量的前提下，通过“一日站长”“开门办驿站”等活动，积极吸纳社会力量参与驿站管理，既能缓解驿站的运维压力，又能提升社会知晓度。

去芜存菁，提升资源配置效率。北京、山东等地通过建立运行监测机制、暗访工作机制和评价退出机制等，实现驿站建设的优胜劣汰。各地驿站的建设、运营模式虽有差别，但可设立最基本的标准，进行动态“体检”，并适当吸纳服务对象加入暗访制度，及时关停低效、不达标站点，以实事求是的工作态度和严格的标准推动驿站从数量提升向质量跃升转变。

科技赋能，以新技术提升运维能力。智能化改造，是办好工会驿站的良方。江苏泰兴通过“智慧门禁+视频监控”打造24小时无人值守驿站；四川成都创新打通“站点地图+链上普惠+驿站服务”数字化服务链路……因地制宜、因场景制宜推动驿站智能化改造，一方面可实现驿站的可管、可视、可控，另一方面提升驿站的可持续运营能力。

建好用好工会驿站，让劳动者在劳作之余，能够享受到更多有温度、接地气的暖心服务。",闵方正,社会,https://paper.people.com.cn/rmrb/pc/content/202601/07/content_30130249.html,2026-01-07,"['驿站', '工会', '服务', '服务质量', '提升', '吸纳', '建得', '运维', '劳动者', '法律援助']","建好用好工会驿站，让劳动者在劳作之余，能够享受到更多有温度、接地气的暖心服务
近日，有网友发视频称，某地工会驿站外观崭新，却在大白天“闭门谢客”。当地工会工作人员回应称，该驿站无偿提供服务，要兼顾管理员休息，因此只在工作日开放。此事引发关注，既有表示理解的声音，也有不少对驿站服务效能的探讨。
据全国总工会统计，全国目前已建工会驿站18.61万个，覆盖服务职工群众1.93亿人。近年来，多地工会驿站不断创新服务，既为劳动者提供纳凉取暖、饮水就餐的歇脚处，更成为他们的“加油站”。如贵州毕节将工会驿站升级为智慧就业服务综合体，通过精准对接和技能培训，探索出工会就业服务的新路径；河南南阳在工会驿站中设驻点法律援助律师或设置工会法律援助律师联系牌，让维权服务质量更高……",社会
儿童青少年“五健”促进行动计划发布,"本报北京1月6日电  （记者白剑峰）国家卫生健康委等13部门近日联合发布《儿童青少年“五健”促进行动计划（2026—2030年）》，旨在加强儿童青少年肥胖、近视、心理行为异常、脊柱弯曲异常和龋齿等防治，促进儿童青少年体重、视力、心理、骨骼、口腔健康。
该计划要求，围绕体重、视力、心理、骨骼、口腔等5个方面开展儿童青少年健康促进工作，全面提升儿童青少年健康水平。
围绕儿童青少年肥胖，实施健康体重促进行动。通过加强儿童青少年体重管理，强化体育锻炼，使儿童青少年肥胖得到有效干预，推动实现到2030年中小学生国家学生体质健康标准达标优良率达到60%以上的目标。
围绕儿童青少年近视，实施视力健康促进行动。强化儿童眼保健和视力检查，加强学生视力监测，强调家庭在儿童青少年近视防控中的重要作用，营造良好视觉环境，推动儿童青少年近视率持续下降。
围绕儿童青少年心理行为异常，实施心理健康促进行动。开展学龄前儿童心理行为发育监测与指导。强化中小学生心理健康服务，要求学校每学年至少开展一次心理健康讲座或相关教育活动，到2030年实现学校配备专（兼）职心理健康教育教师全覆盖。加强妇幼保健等医疗机构儿童心理保健专科建设，强化服务网络。
围绕儿童青少年脊柱弯曲异常，实施骨骼健康促进行动。指导学校、家长引导儿童加强体育锻炼，降低课业负担，保持良好体态。推动中小学脊柱弯曲异常筛查普遍开展，加强评估和干预。
围绕儿童青少年龋齿，实施口腔健康促进行动。强调开展科普宣传和健康促进，指导家长督促儿童青少年养成良好护齿习惯。妇幼保健等医疗机构做好儿童口腔保健，协助学校为在校学生每年开展一次口腔健康检查。积极推广适宜技术，促进儿童青少年患龋得到有效干预。","# 儿童青少年“五健”促进行动计划发布

> 《人民日报》（2026年01月07日第 11 版）

本报北京1月6日电  （记者白剑峰）国家卫生健康委等13部门近日联合发布《儿童青少年“五健”促进行动计划（2026—2030年）》，旨在加强儿童青少年肥胖、近视、心理行为异常、脊柱弯曲异常和龋齿等防治，促进儿童青少年体重、视力、心理、骨骼、口腔健康。

该计划要求，围绕体重、视力、心理、骨骼、口腔等5个方面开展儿童青少年健康促进工作，全面提升儿童青少年健康水平。

围绕儿童青少年肥胖，实施健康体重促进行动。通过加强儿童青少年体重管理，强化体育锻炼，使儿童青少年肥胖得到有效干预，推动实现到2030年中小学生国家学生体质健康标准达标优良率达到60%以上的目标。

围绕儿童青少年近视，实施视力健康促进行动。强化儿童眼保健和视力检查，加强学生视力监测，强调家庭在儿童青少年近视防控中的重要作用，营造良好视觉环境，推动儿童青少年近视率持续下降。

围绕儿童青少年心理行为异常，实施心理健康促进行动。开展学龄前儿童心理行为发育监测与指导。强化中小学生心理健康服务，要求学校每学年至少开展一次心理健康讲座或相关教育活动，到2030年实现学校配备专（兼）职心理健康教育教师全覆盖。加强妇幼保健等医疗机构儿童心理保健专科建设，强化服务网络。

围绕儿童青少年脊柱弯曲异常，实施骨骼健康促进行动。指导学校、家长引导儿童加强体育锻炼，降低课业负担，保持良好体态。推动中小学脊柱弯曲异常筛查普遍开展，加强评估和干预。

围绕儿童青少年龋齿，实施口腔健康促进行动。强调开展科普宣传和健康促进，指导家长督促儿童青少年养成良好护齿习惯。妇幼保健等医疗机构做好儿童口腔保健，协助学校为在校学生每年开展一次口腔健康检查。积极推广适宜技术，促进儿童青少年患龋得到有效干预。",,社会,https://paper.people.com.cn/rmrb/pc/content/202601/07/content_30130250.html,2026-01-07,"['青少年', '儿童', '促进', '健康', '心理健康', '口腔', '视力', '围绕', '开展', '近视']","本报北京1月6日电  （记者白剑峰）国家卫生健康委等13部门近日联合发布《儿童青少年“五健”促进行动计划（2026—2030年）》，旨在加强儿童青少年肥胖、近视、心理行为异常、脊柱弯曲异常和龋齿等防治，促进儿童青少年体重、视力、心理、骨骼、口腔健康。
该计划要求，围绕体重、视力、心理、骨骼、口腔等5个方面开展儿童青少年健康促进工作，全面提升儿童青少年健康水平。
围绕儿童青少年肥胖，实施健康体重促进行动。通过加强儿童青少年体重管理，强化体育锻炼，使儿童青少年肥胖得到有效干预，推动实现到2030年中小学生国家学生体质健康标准达标优良率达到60%以上的目标。",政治
安全生产治本攻坚三年行动将于2026年全面完成,"本报北京1月6日电  （记者刘温馨）记者从全国应急管理工作会议上获悉：安全生产治本攻坚三年行动任务将于2026年全面完成。
应急管理部有关负责人表示，2026年将抓好重大事故隐患判定标准查漏补缺和提质升级，加大重点地区重点行业指导帮扶力度，推进企业安全管理体系建设。加大重点行业领域安全风险监测预警系统建设应用和升级改造力度，加快落后工艺设备淘汰退出，推动传统高危产业转型升级。深化城市安全风险综合监测预警工作体系建设。
同时，还将创新开展2026年度中央安全生产考核巡查，优化指标体系，完善线索收集与处置，加强考核巡查专业队伍能力建设，充分彰显权威性和震慑力。健全事故挂牌督办、现场督办工作机制，提高调查质量，确保按期结案、及时公布。","# 安全生产治本攻坚三年行动将于2026年全面完成

> 《人民日报》（2026年01月07日第 11 版）

本报北京1月6日电  （记者刘温馨）记者从全国应急管理工作会议上获悉：安全生产治本攻坚三年行动任务将于2026年全面完成。

应急管理部有关负责人表示，2026年将抓好重大事故隐患判定标准查漏补缺和提质升级，加大重点地区重点行业指导帮扶力度，推进企业安全管理体系建设。加大重点行业领域安全风险监测预警系统建设应用和升级改造力度，加快落后工艺设备淘汰退出，推动传统高危产业转型升级。深化城市安全风险综合监测预警工作体系建设。

同时，还将创新开展2026年度中央安全生产考核巡查，优化指标体系，完善线索收集与处置，加强考核巡查专业队伍能力建设，充分彰显权威性和震慑力。健全事故挂牌督办、现场督办工作机制，提高调查质量，确保按期结案、及时公布。",,社会,https://paper.people.com.cn/rmrb/pc/content/202601/07/content_30130251.html,2026-01-07,"['2026', '安全', '升级', '治本', '全面完成', '攻坚', '建设', '巡查', '督办', '应急']","本报北京1月6日电  （记者刘温馨）记者从全国应急管理工作会议上获悉：安全生产治本攻坚三年行动任务将于2026年全面完成。
应急管理部有关负责人表示，2026年将抓好重大事故隐患判定标准查漏补缺和提质升级，加大重点地区重点行业指导帮扶力度，推进企业安全管理体系建设。加大重点行业领域安全风险监测预警系统建设应用和升级改造力度，加快落后工艺设备淘汰退出，推动传统高危产业转型升级。深化城市安全风险综合监测预警工作体系建设。
同时，还将创新开展2026年度中央安全生产考核巡查，优化指标体系，完善线索收集与处置，加强考核巡查专业队伍能力建设，充分彰显权威性和震慑力。健全事故挂牌督办、现场督办工作机制，提高调查质量，确保按期结案、及时公布。",经济
黑龙江哈尔滨，路人合力陪伴走失女童,"1月2日上午，黑龙江哈尔滨双城区市民李成程驾驶车辆等待信号灯时，目光被对向人行横道上的粉色身影吸引——那是一名身高还不到1米的女童。零下20摄氏度的天气里，孩子正独自在寒风中行走。
“小女孩看上去最多3岁，这么冷的天，咋能独自出门？是不是走丢了？”李成程察觉到异常。来不及多想，他打开双闪停稳汽车，追出百米将小女孩拦下。看到孩子没戴手套和围巾，李成程判断她的父母就在附近，他选择守在原地陪孩子等。
与此同时，越来越多的路人驻足。店铺里的大哥放下手中活计，买菜的阿姨提着黏豆包留步，出租车司机也暂缓接单，大家围着小女孩，一场特殊的守护悄然展开……
市民轮流安抚小女孩，有人轻声哄劝，有人留意着过往行人。有市民表示可以开车将孩子送到派出所，却被众人谨慎否决——“我们都不放心。”李成程笑着说。大家报了警，一起等警察到来。李成程担心小女孩着凉，便提议将孩子抱到车内取暖。大家紧随其后，出租车也缓缓随行。
没多久，得知消息的孩子父母匆匆赶来。路人们却不让他们把孩子带走，坚持“等民警来确认”。直到孩子主动扑向母亲怀抱，父亲出示满是孩子照片的手机，大伙儿才放下心。
原来，孩子父母去银行办业务时，将她单独留在车内等候，不料孩子自己下车玩耍后走失。看到一家三口离开，守护孩子的市民们也默默散去。“合力陪伴，是大家最温暖的善意。”李成程感慨。","# 黑龙江哈尔滨，路人合力陪伴走失女童

> 本报记者  郭晓龙《人民日报》（2026年01月07日第 11 版）

1月2日上午，黑龙江哈尔滨双城区市民李成程驾驶车辆等待信号灯时，目光被对向人行横道上的粉色身影吸引——那是一名身高还不到1米的女童。零下20摄氏度的天气里，孩子正独自在寒风中行走。

“小女孩看上去最多3岁，这么冷的天，咋能独自出门？是不是走丢了？”李成程察觉到异常。来不及多想，他打开双闪停稳汽车，追出百米将小女孩拦下。看到孩子没戴手套和围巾，李成程判断她的父母就在附近，他选择守在原地陪孩子等。

与此同时，越来越多的路人驻足。店铺里的大哥放下手中活计，买菜的阿姨提着黏豆包留步，出租车司机也暂缓接单，大家围着小女孩，一场特殊的守护悄然展开……

市民轮流安抚小女孩，有人轻声哄劝，有人留意着过往行人。有市民表示可以开车将孩子送到派出所，却被众人谨慎否决——“我们都不放心。”李成程笑着说。大家报了警，一起等警察到来。李成程担心小女孩着凉，便提议将孩子抱到车内取暖。大家紧随其后，出租车也缓缓随行。

没多久，得知消息的孩子父母匆匆赶来。路人们却不让他们把孩子带走，坚持“等民警来确认”。直到孩子主动扑向母亲怀抱，父亲出示满是孩子照片的手机，大伙儿才放下心。

原来，孩子父母去银行办业务时，将她单独留在车内等候，不料孩子自己下车玩耍后走失。看到一家三口离开，守护孩子的市民们也默默散去。“合力陪伴，是大家最温暖的善意。”李成程感慨。",郭晓龙,社会,https://paper.people.com.cn/rmrb/pc/content/202601/07/content_30130252.html,2026-01-07,"['孩子', '李成', '小女孩', '市民', '走失', '女童', '大家', '父母', '陪伴', '守护']","1月2日上午，黑龙江哈尔滨双城区市民李成程驾驶车辆等待信号灯时，目光被对向人行横道上的粉色身影吸引——那是一名身高还不到1米的女童。零下20摄氏度的天气里，孩子正独自在寒风中行走。
“小女孩看上去最多3岁，这么冷的天，咋能独自出门？是不是走丢了？”李成程察觉到异常。来不及多想，他打开双闪停稳汽车，追出百米将小女孩拦下。看到孩子没戴手套和围巾，李成程判断她的父母就在附近，他选择守在原地陪孩子等。
与此同时，越来越多的路人驻足。店铺里的大哥放下手中活计，买菜的阿姨提着黏豆包留步，出租车司机也暂缓接单，大家围着小女孩，一场特殊的守护悄然展开……",社会
青海省海西州  瀚海长歌织锦绣  诗与远方迎宾朋,"冬季的昆仑山麓银装素裹，伴着晨光中的柴达木盆地，共同勾勒出辽阔的轮廓。近年来，青海省海西蒙古族藏族自治州将壮美的自然景观与深厚的文化底蕴有机融合，探索出一条从依赖传统资源开发到发展生态旅游的创新路径。
“十四五”时期，海西州生态旅游发展实现系统性突破。截至2025年底，全州A级旅游景区达22个；据不完全统计，2025年全州接待游客2497.44万人次，较2020年的1349.67万人次增长1147.77万人次，增幅达85.04%，游客花费从70.31亿元增长至130.1亿元、增长85.04%。“大美青海·全景海西”品牌日益响亮，一幅以生态为底色、以旅游为载体的高质量发展新画卷，正在这片辽阔的土地上徐徐展开。
坚守生态底线，绿色发展释放红利
生态保护是不可逾越的底线。海西州创新建立“1+7”游客承载力监测平台，运用大数据和人工智能技术，实现对重点景区游客流量的实时监测与精准调控。黑独山、茶卡盐湖等景区通过科学测算确定合理容量，2025年重点景区游客承载量始终控制在合理范围内，标志着海西州在生态保护与旅游发展之间找到了平衡。
全州重点景区实现垃圾分类、污水收集全覆盖，塑料污染实现“零增量”。在大柴旦翡翠湖景区，生态保护工程让湖水更加清澈透亮；在乌素特（水上）雅丹景区，科学的游览路线设计大幅减少了对脆弱地貌的影响。这些细致入微的保护措施，让游客在欣赏美景的同时，也能感受到海西州对自然的敬畏之心。
海西州拥有独特的“盐湖+雅丹+戈壁+星空”复合生态系统，并对这些生态资源进行系统性保护与合理利用，打造出多个生态旅游示范区，不仅为游客提供了视觉盛宴，也为全省发展生态旅游提供了可复制、可推广的经验，成为践行“两山”理念的生动典型。
推动产业融合，新兴业态蓬勃兴起
海西州将自身生态旅游发展深度融入青甘大环线。通过精心打造“火星探险”等特色旅游线路，培育州内精品小环线，串联青藏线、青新线、青川线和青海湖环线，形成了内容丰富、特色鲜明、体验多样的旅游产品体系。这些线路不仅涵盖了海西州的代表性自然景观，还融入了丰富的人文元素，让游客在旅途中既能领略自然奇观，又能感受文化魅力。
“柴达木1号”和“昆仑1号”生态旅游景观大道的建设，是青海省“交通+旅游”深度融合的重要实践。项目建成后将大幅提升海西州旅游景区的通达性。
道路延伸之处，业态也随之生长。海西州“旅游+”战略的深入推进，让枸杞采摘、红色研学等一系列新体验从概念走向现实，让传统资源在旅游语境中被重新激活。“路边排球”、柴达木星球挑战赛等品牌赛事的举办，不仅点燃了消费热情，更让区域特色文旅IP与发展动能焕发新的生命力。
文旅融合的深化，还体现在公共文化服务的提升与历史文脉的延续上。全州四级公共文化设施实现零门槛开放，格尔木市成功创建国家公共文化服务体系示范区，文化惠民落到实处。热水墓群考古遗址公园入选第四批国家考古遗址公园立项名单，新发现的46处文物点再现历史厚度，共同讲述“让文物活起来”的当代故事。
筑牢法治基础，项目投资双轮驱动
发展需要航标，更需要动力。海西州以法治为生态旅游高质量发展校准方向。出台《海西蒙古族藏族自治州生态旅游高质量发展促进条例》，高质量编制《海西蒙古族藏族自治州黑独山地质遗迹保护管理条例（草案）》，从法律层面为生态旅游提供坚实保障，为全省推进生态旅游高质量发展提供可借鉴的“海西经验”。
法治护航下，海西州的发展动能不断增强。5年来，海西州累计完成文旅投资32.37亿元，社会资本占比由55%提升到68%；撬动比由1∶1.8跃升至1∶2.2，市场信心与政策引领实现同频共振。
这些投资加速海西州景区提档升级，茶卡盐湖全力创建国家5A级旅游景区，乌素特（水上）雅丹、察尔汗盐湖5A级景区培育工程和热水墓群国家考古遗址公园等251个项目建设取得扎实成效。新建1.1万个停车泊位、18处观景平台、10座旅游厕所，青甘大环线海西段630公里5G信号连续覆盖，基础设施不断完善，旅游体验持续提升，还带动了相关产业链发展。从交通配套到信息服务，从环境整治到文化设施，一系列项目的实施让海西州旅游的硬实力全面提升。
发展的背后，离不开健康有序的市场环境。旅游消费纠纷处置维权机制，以98.2%的满意率诠释了服务温度；安全生产事故、重大负面舆情、生态破坏事件“三个零发生”，让游客尽享放心、安心、舒心的旅游体验，“大美青海·全景海西”品牌愈发闪亮。
站在新的历史起点，海西州将构建“一环双翼多带”的文旅发展空间格局，努力实现“1347”的阶段目标，即围绕打造国际生态旅游目的地这一中心，实施文旅项目建设、消费能级扩容和服务质量提升“三项行动”，实现产业发展、产品创新、品牌提升和宣传推介“四大突破”，推动州内七个地区组团发展、多能互补、协同共进。
在海西州，壮丽的风景、如画的山水、独特的文化、丰富的体验令人流连忘返。海西州诚邀远方来客，在这里感受真诚服务和用心守护，寻找“诗与远方”。
数据来源：海西蒙古族藏族自治州文体旅游广电局","# 青海省海西州  瀚海长歌织锦绣  诗与远方迎宾朋

> 《人民日报》（2026年01月07日第 12 版）

冬季的昆仑山麓银装素裹，伴着晨光中的柴达木盆地，共同勾勒出辽阔的轮廓。近年来，青海省海西蒙古族藏族自治州将壮美的自然景观与深厚的文化底蕴有机融合，探索出一条从依赖传统资源开发到发展生态旅游的创新路径。

“十四五”时期，海西州生态旅游发展实现系统性突破。截至2025年底，全州A级旅游景区达22个；据不完全统计，2025年全州接待游客2497.44万人次，较2020年的1349.67万人次增长1147.77万人次，增幅达85.04%，游客花费从70.31亿元增长至130.1亿元、增长85.04%。“大美青海·全景海西”品牌日益响亮，一幅以生态为底色、以旅游为载体的高质量发展新画卷，正在这片辽阔的土地上徐徐展开。

坚守生态底线，绿色发展释放红利

生态保护是不可逾越的底线。海西州创新建立“1+7”游客承载力监测平台，运用大数据和人工智能技术，实现对重点景区游客流量的实时监测与精准调控。黑独山、茶卡盐湖等景区通过科学测算确定合理容量，2025年重点景区游客承载量始终控制在合理范围内，标志着海西州在生态保护与旅游发展之间找到了平衡。

全州重点景区实现垃圾分类、污水收集全覆盖，塑料污染实现“零增量”。在大柴旦翡翠湖景区，生态保护工程让湖水更加清澈透亮；在乌素特（水上）雅丹景区，科学的游览路线设计大幅减少了对脆弱地貌的影响。这些细致入微的保护措施，让游客在欣赏美景的同时，也能感受到海西州对自然的敬畏之心。

海西州拥有独特的“盐湖+雅丹+戈壁+星空”复合生态系统，并对这些生态资源进行系统性保护与合理利用，打造出多个生态旅游示范区，不仅为游客提供了视觉盛宴，也为全省发展生态旅游提供了可复制、可推广的经验，成为践行“两山”理念的生动典型。

推动产业融合，新兴业态蓬勃兴起

海西州将自身生态旅游发展深度融入青甘大环线。通过精心打造“火星探险”等特色旅游线路，培育州内精品小环线，串联青藏线、青新线、青川线和青海湖环线，形成了内容丰富、特色鲜明、体验多样的旅游产品体系。这些线路不仅涵盖了海西州的代表性自然景观，还融入了丰富的人文元素，让游客在旅途中既能领略自然奇观，又能感受文化魅力。

“柴达木1号”和“昆仑1号”生态旅游景观大道的建设，是青海省“交通+旅游”深度融合的重要实践。项目建成后将大幅提升海西州旅游景区的通达性。

道路延伸之处，业态也随之生长。海西州“旅游+”战略的深入推进，让枸杞采摘、红色研学等一系列新体验从概念走向现实，让传统资源在旅游语境中被重新激活。“路边排球”、柴达木星球挑战赛等品牌赛事的举办，不仅点燃了消费热情，更让区域特色文旅IP与发展动能焕发新的生命力。

文旅融合的深化，还体现在公共文化服务的提升与历史文脉的延续上。全州四级公共文化设施实现零门槛开放，格尔木市成功创建国家公共文化服务体系示范区，文化惠民落到实处。热水墓群考古遗址公园入选第四批国家考古遗址公园立项名单，新发现的46处文物点再现历史厚度，共同讲述“让文物活起来”的当代故事。

筑牢法治基础，项目投资双轮驱动

发展需要航标，更需要动力。海西州以法治为生态旅游高质量发展校准方向。出台《海西蒙古族藏族自治州生态旅游高质量发展促进条例》，高质量编制《海西蒙古族藏族自治州黑独山地质遗迹保护管理条例（草案）》，从法律层面为生态旅游提供坚实保障，为全省推进生态旅游高质量发展提供可借鉴的“海西经验”。

法治护航下，海西州的发展动能不断增强。5年来，海西州累计完成文旅投资32.37亿元，社会资本占比由55%提升到68%；撬动比由1∶1.8跃升至1∶2.2，市场信心与政策引领实现同频共振。

这些投资加速海西州景区提档升级，茶卡盐湖全力创建国家5A级旅游景区，乌素特（水上）雅丹、察尔汗盐湖5A级景区培育工程和热水墓群国家考古遗址公园等251个项目建设取得扎实成效。新建1.1万个停车泊位、18处观景平台、10座旅游厕所，青甘大环线海西段630公里5G信号连续覆盖，基础设施不断完善，旅游体验持续提升，还带动了相关产业链发展。从交通配套到信息服务，从环境整治到文化设施，一系列项目的实施让海西州旅游的硬实力全面提升。

发展的背后，离不开健康有序的市场环境。旅游消费纠纷处置维权机制，以98.2%的满意率诠释了服务温度；安全生产事故、重大负面舆情、生态破坏事件“三个零发生”，让游客尽享放心、安心、舒心的旅游体验，“大美青海·全景海西”品牌愈发闪亮。

站在新的历史起点，海西州将构建“一环双翼多带”的文旅发展空间格局，努力实现“1347”的阶段目标，即围绕打造国际生态旅游目的地这一中心，实施文旅项目建设、消费能级扩容和服务质量提升“三项行动”，实现产业发展、产品创新、品牌提升和宣传推介“四大突破”，推动州内七个地区组团发展、多能互补、协同共进。

在海西州，壮丽的风景、如画的山水、独特的文化、丰富的体验令人流连忘返。海西州诚邀远方来客，在这里感受真诚服务和用心守护，寻找“诗与远方”。

数据来源：海西蒙古族藏族自治州文体旅游广电局",,广告,https://paper.people.com.cn/rmrb/pc/content/202601/07/content_30130255.html,2026-01-07,"['海西州', '生态旅游', '旅游', '景区', '游客', '发展', '文旅', '生态', '高质量', '海西蒙古族藏族自治州']","冬季的昆仑山麓银装素裹，伴着晨光中的柴达木盆地，共同勾勒出辽阔的轮廓。近年来，青海省海西蒙古族藏族自治州将壮美的自然景观与深厚的文化底蕴有机融合，探索出一条从依赖传统资源开发到发展生态旅游的创新路径。
“十四五”时期，海西州生态旅游发展实现系统性突破。截至2025年底，全州A级旅游景区达22个；据不完全统计，2025年全州接待游客2497.44万人次，较2020年的1349.67万人次增长1147.77万人次，增幅达85.04%，游客花费从70.31亿元增长至130.1亿元、增长85.04%。“大美青海·全景海西”品牌日益响亮，一幅以生态为底色、以旅游为载体的高质量发展新画卷，正在这片辽阔的土地上徐徐展开。
坚守生态底线，绿色发展释放红利",政治
粤享暖冬  乐游广东  邀您共赴岭南新春之约,"2026年1月至3月，广东省文化和旅游厅策划推出“粤享暖冬 乐游广东”2026年跨年推广计划，通过融合方言创意、枢纽投放与客源互送的组合模式，打破传统旅游营销模式，通过文化共鸣与精准渠道触达，向海内外游客发出“来粤享暖冬，过大年”的诚挚邀约，让这个冬天因岭南风情更显温暖，让新春佳节因粤式韵味更具新意。
方言破圈  粤语文案拉近情感距离
粤语文案的创新使用，让本次跨年推广计划不仅完成了信息传递，更由此开启一场“粤式对话”。
在上海虹桥国际机场，“‘得闲饮茶’唔係客气，係‘我掛住你’”发出“得闲饮茶不是客气，是我想你”的文旅邀约，一句温情脉脉的粤语问候，拉近了心与心的距离。
在哈尔滨太平国际机场，“又见雪飘过，飘于……广东的‘雪’是豆腐花上的白砂糖”用富有诗意的文案，将北方冰雪与岭南美食意象碰撞，激发游客对暖冬风物的好奇心。“方言+场景”的创意，既保留本土文化自信，又保持交流同频，让粤式温情实现“软性触达”，让游客感受到广东的热情与诚意。
枢纽投放  在机场地铁站精准引流
今年1月至3月，广东文旅深度布局客流枢纽，在北京大兴国际机场、上海虹桥国际机场、哈尔滨太平国际机场三大重点交通节点实施差异化投放策略。北京大兴国际机场国际到达区、国内出发区灯箱广告锁定出行人群视线；上海虹桥国际机场的14块灯箱组合覆盖T2航站楼主通道，形成视觉矩阵。
通过地铁站精准投放，广东文旅的暖冬邀约覆盖北京王府井、西单等商圈，深入上海衡山路、四平路等生活圈，旨在向更广泛人群发出“请到广东过大年”的盛情邀约。
客源互送  南北联动撬动双向流量
哈尔滨一直是广东游客冬季旅游的主要目的地，也是北方游客来粤过冬的重要客源地。今年1月至3月，广东文旅将在哈尔滨冰雪大世界、中央大街等热门景区开展快闪活动，以“老铁们，冰雪大世界留给游客，请到广东过大年”的趣味喊话，吸引当地游客反向流动。
线上线下同步发力，去哪儿网、大众点评设置专属话题页，超150名网络达人和游客共创优质内容，构建立体化传播矩阵；联动携程旅行、飞猪旅行、同程旅行等在线旅游平台发放文旅消费券，形成从推广到消费的营销闭环。
为强化线下互动，广东文旅将于2026年1月在北京、上海、哈尔滨策划6场快闪活动，结合“财神派红包”“花篮妹妹赠礼”等民俗元素，让游客未至广东，先感其暖。同时，广东文旅还将与海南航空联合开展机上快闪活动，携手海南航空推出北京、上海、哈尔滨往返广州或深圳的机票抽奖活动，与顺丰开展战略合作，通过“送机票+送行李快递服务”等活动，让游客感受广东暖暖情意。
暖冬赴粤，邂逅别样年味。近年来，广东持续深耕“请到广东过大年”节庆品牌，以多元文化、特色美食、温暖气候为依托，打造春节出游新选择。这个冬天，诚邀海内外游客走进广东，在茶香氤氲中感受粤式温情，在烟火市井中品味岭南年味，在暖阳清风中解锁暖冬体验，让广东成为您新春旅行的心仪之选，共赴一场温暖与欢乐交织的岭南之约！
数据来源：广东省文化和旅游厅","# 粤享暖冬  乐游广东  邀您共赴岭南新春之约

> 《人民日报》（2026年01月07日第 16 版）

2026年1月至3月，广东省文化和旅游厅策划推出“粤享暖冬 乐游广东”2026年跨年推广计划，通过融合方言创意、枢纽投放与客源互送的组合模式，打破传统旅游营销模式，通过文化共鸣与精准渠道触达，向海内外游客发出“来粤享暖冬，过大年”的诚挚邀约，让这个冬天因岭南风情更显温暖，让新春佳节因粤式韵味更具新意。

方言破圈  粤语文案拉近情感距离

粤语文案的创新使用，让本次跨年推广计划不仅完成了信息传递，更由此开启一场“粤式对话”。

在上海虹桥国际机场，“‘得闲饮茶’唔係客气，係‘我掛住你’”发出“得闲饮茶不是客气，是我想你”的文旅邀约，一句温情脉脉的粤语问候，拉近了心与心的距离。

在哈尔滨太平国际机场，“又见雪飘过，飘于……广东的‘雪’是豆腐花上的白砂糖”用富有诗意的文案，将北方冰雪与岭南美食意象碰撞，激发游客对暖冬风物的好奇心。“方言+场景”的创意，既保留本土文化自信，又保持交流同频，让粤式温情实现“软性触达”，让游客感受到广东的热情与诚意。

枢纽投放  在机场地铁站精准引流

今年1月至3月，广东文旅深度布局客流枢纽，在北京大兴国际机场、上海虹桥国际机场、哈尔滨太平国际机场三大重点交通节点实施差异化投放策略。北京大兴国际机场国际到达区、国内出发区灯箱广告锁定出行人群视线；上海虹桥国际机场的14块灯箱组合覆盖T2航站楼主通道，形成视觉矩阵。

通过地铁站精准投放，广东文旅的暖冬邀约覆盖北京王府井、西单等商圈，深入上海衡山路、四平路等生活圈，旨在向更广泛人群发出“请到广东过大年”的盛情邀约。

客源互送  南北联动撬动双向流量

哈尔滨一直是广东游客冬季旅游的主要目的地，也是北方游客来粤过冬的重要客源地。今年1月至3月，广东文旅将在哈尔滨冰雪大世界、中央大街等热门景区开展快闪活动，以“老铁们，冰雪大世界留给游客，请到广东过大年”的趣味喊话，吸引当地游客反向流动。

线上线下同步发力，去哪儿网、大众点评设置专属话题页，超150名网络达人和游客共创优质内容，构建立体化传播矩阵；联动携程旅行、飞猪旅行、同程旅行等在线旅游平台发放文旅消费券，形成从推广到消费的营销闭环。

为强化线下互动，广东文旅将于2026年1月在北京、上海、哈尔滨策划6场快闪活动，结合“财神派红包”“花篮妹妹赠礼”等民俗元素，让游客未至广东，先感其暖。同时，广东文旅还将与海南航空联合开展机上快闪活动，携手海南航空推出北京、上海、哈尔滨往返广州或深圳的机票抽奖活动，与顺丰开展战略合作，通过“送机票+送行李快递服务”等活动，让游客感受广东暖暖情意。

暖冬赴粤，邂逅别样年味。近年来，广东持续深耕“请到广东过大年”节庆品牌，以多元文化、特色美食、温暖气候为依托，打造春节出游新选择。这个冬天，诚邀海内外游客走进广东，在茶香氤氲中感受粤式温情，在烟火市井中品味岭南年味，在暖阳清风中解锁暖冬体验，让广东成为您新春旅行的心仪之选，共赴一场温暖与欢乐交织的岭南之约！

数据来源：广东省文化和旅游厅",,广告,https://paper.people.com.cn/rmrb/pc/content/202601/07/content_30130267.html,2026-01-07,"['广东', '文旅', '游客', '暖冬', '机场', '过大年', '哈尔滨', '粤式', '邀约', '岭南']","2026年1月至3月，广东省文化和旅游厅策划推出“粤享暖冬 乐游广东”2026年跨年推广计划，通过融合方言创意、枢纽投放与客源互送的组合模式，打破传统旅游营销模式，通过文化共鸣与精准渠道触达，向海内外游客发出“来粤享暖冬，过大年”的诚挚邀约，让这个冬天因岭南风情更显温暖，让新春佳节因粤式韵味更具新意。
方言破圈  粤语文案拉近情感距离
粤语文案的创新使用，让本次跨年推广计划不仅完成了信息传递，更由此开启一场“粤式对话”。",国际
依靠创新为高质量发展赋能（新年谈“新”·五位企业研发负责人谈科技与产业深度融合）,"科技创新和产业创新，是发展新质生产力的基本路径。2025年，我们依靠创新为高质量发展赋能，科技与产业深度融合，中国经济顶压前行、向新向优发展，现代化产业体系建设持续推进。
迈入2026年，如何以科技创新引领产业创新？如何放大二者深度融合的乘数效应？产业界如何把握机遇、再谱新篇？让我们一起听听企业研发负责人的声音。
——编  者
航空工业特飞所AS700项目总师周雷
新型飞艇将飞得更高更远
我来自中国航空工业集团所属特种飞行器研究所。研究生毕业时，不少同学投身大飞机等热门项目，我却因一个“特”字选择加入特飞所。入职后才懂，“特”字背后意味着冷门——聚焦水面飞行器、浮空器等小众领域，无成熟经验可循，技术路径全靠自主摸索。不过，特飞所包容创新的氛围让我迅速扎根，深耕各型号设计研发与专项课题研究。
10年前，我与“祥云”AS700飞艇结缘，伴随它走过设计、试制、试飞、取证直至应用的全过程。今天，我可以自豪地介绍，AS700是我国首个按适航规范研制且拥有完全自主知识产权的短距/垂直起降载人飞艇。
回顾2025年，2月，我们圆满完成电动型AS700D科研首飞；9月，AS700在贵州飞越“世界第一高桥”花江峡谷大桥，验证了飞艇在高原的环境适配性；12月，AS700取得全国首张国产载人飞艇生产许可证。
在一些人眼里，飞艇可能还是“上个世纪的产物”，但随着新科技、新场景加速迭代，新型飞艇迎来了发展机遇。在低空经济的细分领域，飞艇的高安全可靠、低空慢速、长滞留、绿色环保等优势，都将找到用武之地。
一路走来，我们以“板凳坐得十年冷”的科研韧劲，推动AS700完成从技术验证到市场应用的跨越，正式拉开了飞艇量产的大幕。
AS700在技术上取得多个首次，例如，首次实现飞艇主要材料的国产化、首次突破轻质低成本囊体结构设计、首次掌握飞艇推力矢量同步伺服控制关键技术、首次装备国产飞艇专用的综合航电系统等。我们依托新型举国体制优势，联合高校、科研院所组建跨领域团队，攻克了一道道难关。可以说，这朵“祥云”的每一次起飞，都不是孤军奋战，而是一群人、同一颗心，朝着同一个目标奔赴。
从“实验室”走进“大市场”，AS700已经“开花结果”，目前累计签约42架，在贵州关岭、浙江绍兴、江苏太仓、广西阳朔等多地都已有应用案例。
新的一年，愿“祥云”飞得更高、更远。我们将聚焦“兑现订单，验证模式”，推动AS700在低空旅游、应急救援等场景加快落地，让“空中服务”惠及寻常生活、助力乡村全面振兴，以硬核创新赋能低空经济高质量发展。
（本报记者邱超奕采访整理）
中国中铁装备集团总工程师贾连辉
把图纸和代码写在工地上
万里长江入海口，新建上海至南京至合肥高铁崇太长江隧道施工正酣。
崇太长江隧道，是“两重”项目沿江高铁的关键控制性工程，也是我国首条设计时速350公里的过江隧道，负责掘进任务的正是我们研发的世界最大直径高铁盾构机“领航号”。
2025年，“领航号”闯过多个关口：成功穿越长江水下最深处，距离江面89米，实现了对长江生态的“零扰动”；掘进突破1万米大关，刷新了15米级盾构机一次性连续掘进的世界纪录。
随着崇太长江隧道施工迈向“最后一公里”，为了确保工程高质量、高效率建设，我们又推出新装备：全球最大直径竖井掘进机“启明号”。
为什么要研发“启明号”？这是为了破解工程现场的施工痛点。崇太长江隧道分为水域段掘进和陆域段掘进。水陆两段，地质截然不同，盾构机所需技能也不同。因此，完成水域段施工后，需要开挖一个设备检修竖井，让工程师们来到“领航号”主机正上方，对其进行维修保养。
传统的竖井一般采用“人工+半机械”的工法，施工人员需进入基坑作业，随时可能面临塌方、突涌等安全风险，不仅施工风险高，而且工期较长。
立足这一现实需求，中铁装备自2019年起便启动竖井掘进机的前瞻性研发。从破解竖井机械化施工的工法难题、提出装备需求到拆解研发任务、逐一攻关关键核心部件，中铁装备从小直径做起，推动竖井掘进机产品逐步成熟。
正是依托6年来的技术储备，再加上与产业链客户中铁隧道局密切协作，我们仅用1年时间便完成“启明号”的研发。“启明号”开挖直径24米，最大开挖深度150米，可实现“有人值守、无人操作”的高效掘进。
根据计划，2026年1月，“启明号”将始发。这一全新的研发成果将转化为现实生产力，助力竖井作业效率提升3倍、人员数量减少3/4，从根源上规避了井下作业的各类安全隐患。
展望2026年，我们将坚持需求牵引创新，推动研发中心与产业场景深度联动，把图纸和代码写在工地上，不仅助力企业实现更好发展，也解决下游产业的痛点、堵点，持续擦亮“中国建造”的金名片。
未来一段时间，中铁装备将着力推动盾构机产业实现智能化、绿色化、融合化发展。通过构建垂直领域大模型，助力盾构机实现自主决策掘进；通过工艺创新、设备升级，实现绿色建造；通过开拓多元运用场景，推动盾构机从交通领域向矿山、水利、水电等领域拓展，为我国充分开发地下空间提供装备助力。
（本报记者李心萍采访整理）
大连融科储能技术发展有限公司副总经理王世宇
新型储能扬“钒”远航
上方一台电堆集装箱、下方两台电解液集装箱，拼叠起来就是我们生产的钒液流电池储能系统，每组产品能够储存3000千瓦时电能，相当于一户家庭约一年的用电量。
钒液流电池是新型储能的一类技术路线，使用寿命可超20年，储能时长在4小时以上，且耐高低温。此前由于原材料、成本等限制，离大规模应用尚有距离。这两年，研发团队实现了钒液流电池电极材料国产化，并且研发出钒电解液高效添加剂，助力钒液流电池加快走向市场。
电极是电池的核心材料，它越薄电池能量密度越高、材料成本越低。过去，电极材料从国外企业进口，需要提前3至6个月，还得签订长期协议大量采购。通过持续研发，我们研发的电极材料厚度从6毫米优化至2毫米，用更少材料实现了更好性能，性价比大幅提升。
不仅如此，研发团队自主研发的一款添加剂，能够提升电解液的稳定性和可靠性，客户停机运维频次大幅缩减，从而提升产品的全生命周期收益。当前，我们已建成全球规模最大的钒电解液生产基地，钒电池产品占全球市场的60%左右。
企业所取得的成绩，既得益于自身创新能力的提升，也离不开产学研合作。比如，我们与中国科学院大连化学物理研究所等科研院所深度合作，利用各自资源、技术优势进行市场前沿产品和技术的开发合作，加快推动科技创新成果转化为现实生产力；又如，我们组建了一支涵盖高性能钒材料、电堆核心部件与电池系统开发的跨学科专业研发团队，依托于持续高强度的研发投入，系统推进前瞻性技术布局、产品迭代与工艺优化。
当前全国新型储能装机已突破1亿千瓦，占全球比重超过40%。随着新能源全面入市，倒逼发电企业要巧发电、发好电，进一步提升竞争力。新型储能作为重要的调节手段，未来发展前景值得期待。
接下来，我们希望通过技术攻坚、结构设计升级、规模化生产等，进一步提高电堆功率密度、降本增效，争取在这几年推动度电成本降至目前的约1/3。同时，加强科技研发、应用场景建设等环节融通创新，把更多科技创新成果运用到产业链上，推广到工业园区、算力设施、通信基站等，扩展更多细分市场。
科技与产业深度融合，既需要市场推动，也需要政策引导。这些年，有关部门和地方在资源、平台等方面给予了不少支持，我们也期待进一步强化对长时储能的前瞻性布局和政策支持力度，将中国领先的储能技术推向世界。
（本报记者丁怡婷采访整理）
云鲸智能创始人兼首席执行官张峻彬
变服务盲点为增长亮点
北美市场销量同比增长48%，欧洲市场营收同比增长67%……2025年“黑色星期五”购物季，云鲸智能扫地机器人交出了一份亮眼的成绩单。
扫地机器人能从“新物种”变“抢手货”，背后是对创新一以贯之的坚守。早在3年前，云鲸智能研发团队经过上百次预研和测试，发现相较于传统的滚筒式结构，活水履带结构清洁效率更高，用户使用体验更好。从“会自己洗拖布”到“像洗衣机一样自动上下水”，再到“边拖地边用热活水实时清洗拖布”，我们的产品不断推陈出新，热销50多个国家和地区。
经过40多年的发展，我国家电行业已进入增量扩张和存量更新并重的阶段。为了寻找新增长点，我们向创新要答案，努力从差异化中寻找市场增量。
一方面，发力攻关核心技术。这几年，云鲸智能依靠自主研发，构建起双目视觉技术、人工智能大模型等核心技术图谱，累计申请超1400项专利成果。2025年还组建了专门的具身智能团队，研发人员占比超过40%。另一方面，优化供应链管理。目前，公司核心元器件已实现全面国产化。
目前，我们的工程师正全力研发一种家庭具身智能产品，该机器人不仅能沿着既定路线做清洁，还能伸出机械臂，顺手整理散落的物品。
中国经济越是向高质量迈进，对于创新的要求就越高。2026年，我们将持续深耕机器人领域，以技术创新与智能制造双轮驱动，不断提升市场竞争力，助推中国制造迈向更高水平。
今日之中国，拥有超大规模市场和完整产业体系优势，这是我们应对挑战、攻坚克难的坚实底气，也为加快培育壮大新质生产力、以创新谋发展提供了最佳土壤。我们坚信，持续攻克技术难点，不断消除服务盲点，当下的市场痛点必将蜕变为未来的增长亮点，汇聚成加快建设制造强国的有力支点。
（本报记者韩鑫采访整理）
云知声创始人兼首席执行官黄伟
让大模型更懂行更好用
当下，人工智能技术正加速与实体经济深度融合。举个例子，在北京友谊医院顺义院区肝病门诊室，当主治医生完成问诊，医疗门诊“智能体”便自动生成了电子病历，主诉、现病史、既往史、检查建议等一应俱全。医生只需轻点鼠标，系统直接归档。
这套“智能体”，便是我们公司基于云知声山海大模型打造的融合项目。2025年是大模型从能用到好用、从通用到专用的跃升之年。过去，大模型虽具备广泛通识能力，但在医疗、政务、制造等高专业门槛领域常常“答非所问”。过去的一年里，我们通过注入百万级行业专业数据，让云知声山海大模型真正“懂行”。截至目前，云知声山海大模型已在医疗、交通、政务等多元场景中实现落地应用，其中，云知声智慧医疗解决方案已在400家医院实现应用。
老一辈中国企业家解决了“有没有”的问题，我们这一代科技企业家，要回应“强不强”的问题，要敢于做深入产业毛细血管的“特种兵”——不求规模宏大，但能在关键环节卡得准、钻得深、打得透。
要想在垂直领域形成长期积累的“硬功夫”，靠的就是创新。截至目前，我们研发投入占营收比重超过35%，累计申请发明专利1300余项，其中90%以上聚焦底层技术。
“十五五”规划建议提出“推动科技创新和产业创新深度融合”“强化企业科技创新主体地位”。这让我更加深刻地认识到，必须加强原始创新和关键核心技术攻关，产出更多标志性原创成果，并加快科技成果在具体应用场景中的转化应用，让大模型真正服务产业一线。
未来3年，人工智能将进一步从工具向智能体发展，呈现出能感知、会思考、可执行、自进化的趋势。云知声将着力向能源、金融、高端智造等新赛道拓展，继续以通用人工智能技术打造实用好用的行业智能体，赋能产业发展。
（本报记者刘温馨采访整理）","# 依靠创新为高质量发展赋能（新年谈“新”·五位企业研发负责人谈科技与产业深度融合）

> 《人民日报》（2026年01月07日第 18 版）

科技创新和产业创新，是发展新质生产力的基本路径。2025年，我们依靠创新为高质量发展赋能，科技与产业深度融合，中国经济顶压前行、向新向优发展，现代化产业体系建设持续推进。

迈入2026年，如何以科技创新引领产业创新？如何放大二者深度融合的乘数效应？产业界如何把握机遇、再谱新篇？让我们一起听听企业研发负责人的声音。

——编  者

航空工业特飞所AS700项目总师周雷

新型飞艇将飞得更高更远

我来自中国航空工业集团所属特种飞行器研究所。研究生毕业时，不少同学投身大飞机等热门项目，我却因一个“特”字选择加入特飞所。入职后才懂，“特”字背后意味着冷门——聚焦水面飞行器、浮空器等小众领域，无成熟经验可循，技术路径全靠自主摸索。不过，特飞所包容创新的氛围让我迅速扎根，深耕各型号设计研发与专项课题研究。

10年前，我与“祥云”AS700飞艇结缘，伴随它走过设计、试制、试飞、取证直至应用的全过程。今天，我可以自豪地介绍，AS700是我国首个按适航规范研制且拥有完全自主知识产权的短距/垂直起降载人飞艇。

回顾2025年，2月，我们圆满完成电动型AS700D科研首飞；9月，AS700在贵州飞越“世界第一高桥”花江峡谷大桥，验证了飞艇在高原的环境适配性；12月，AS700取得全国首张国产载人飞艇生产许可证。

在一些人眼里，飞艇可能还是“上个世纪的产物”，但随着新科技、新场景加速迭代，新型飞艇迎来了发展机遇。在低空经济的细分领域，飞艇的高安全可靠、低空慢速、长滞留、绿色环保等优势，都将找到用武之地。

一路走来，我们以“板凳坐得十年冷”的科研韧劲，推动AS700完成从技术验证到市场应用的跨越，正式拉开了飞艇量产的大幕。

AS700在技术上取得多个首次，例如，首次实现飞艇主要材料的国产化、首次突破轻质低成本囊体结构设计、首次掌握飞艇推力矢量同步伺服控制关键技术、首次装备国产飞艇专用的综合航电系统等。我们依托新型举国体制优势，联合高校、科研院所组建跨领域团队，攻克了一道道难关。可以说，这朵“祥云”的每一次起飞，都不是孤军奋战，而是一群人、同一颗心，朝着同一个目标奔赴。

从“实验室”走进“大市场”，AS700已经“开花结果”，目前累计签约42架，在贵州关岭、浙江绍兴、江苏太仓、广西阳朔等多地都已有应用案例。

新的一年，愿“祥云”飞得更高、更远。我们将聚焦“兑现订单，验证模式”，推动AS700在低空旅游、应急救援等场景加快落地，让“空中服务”惠及寻常生活、助力乡村全面振兴，以硬核创新赋能低空经济高质量发展。

（本报记者邱超奕采访整理）

中国中铁装备集团总工程师贾连辉

把图纸和代码写在工地上

万里长江入海口，新建上海至南京至合肥高铁崇太长江隧道施工正酣。

崇太长江隧道，是“两重”项目沿江高铁的关键控制性工程，也是我国首条设计时速350公里的过江隧道，负责掘进任务的正是我们研发的世界最大直径高铁盾构机“领航号”。

2025年，“领航号”闯过多个关口：成功穿越长江水下最深处，距离江面89米，实现了对长江生态的“零扰动”；掘进突破1万米大关，刷新了15米级盾构机一次性连续掘进的世界纪录。

随着崇太长江隧道施工迈向“最后一公里”，为了确保工程高质量、高效率建设，我们又推出新装备：全球最大直径竖井掘进机“启明号”。

为什么要研发“启明号”？这是为了破解工程现场的施工痛点。崇太长江隧道分为水域段掘进和陆域段掘进。水陆两段，地质截然不同，盾构机所需技能也不同。因此，完成水域段施工后，需要开挖一个设备检修竖井，让工程师们来到“领航号”主机正上方，对其进行维修保养。

传统的竖井一般采用“人工+半机械”的工法，施工人员需进入基坑作业，随时可能面临塌方、突涌等安全风险，不仅施工风险高，而且工期较长。

立足这一现实需求，中铁装备自2019年起便启动竖井掘进机的前瞻性研发。从破解竖井机械化施工的工法难题、提出装备需求到拆解研发任务、逐一攻关关键核心部件，中铁装备从小直径做起，推动竖井掘进机产品逐步成熟。

正是依托6年来的技术储备，再加上与产业链客户中铁隧道局密切协作，我们仅用1年时间便完成“启明号”的研发。“启明号”开挖直径24米，最大开挖深度150米，可实现“有人值守、无人操作”的高效掘进。

根据计划，2026年1月，“启明号”将始发。这一全新的研发成果将转化为现实生产力，助力竖井作业效率提升3倍、人员数量减少3/4，从根源上规避了井下作业的各类安全隐患。

展望2026年，我们将坚持需求牵引创新，推动研发中心与产业场景深度联动，把图纸和代码写在工地上，不仅助力企业实现更好发展，也解决下游产业的痛点、堵点，持续擦亮“中国建造”的金名片。

未来一段时间，中铁装备将着力推动盾构机产业实现智能化、绿色化、融合化发展。通过构建垂直领域大模型，助力盾构机实现自主决策掘进；通过工艺创新、设备升级，实现绿色建造；通过开拓多元运用场景，推动盾构机从交通领域向矿山、水利、水电等领域拓展，为我国充分开发地下空间提供装备助力。

（本报记者李心萍采访整理）

大连融科储能技术发展有限公司副总经理王世宇

新型储能扬“钒”远航

上方一台电堆集装箱、下方两台电解液集装箱，拼叠起来就是我们生产的钒液流电池储能系统，每组产品能够储存3000千瓦时电能，相当于一户家庭约一年的用电量。

钒液流电池是新型储能的一类技术路线，使用寿命可超20年，储能时长在4小时以上，且耐高低温。此前由于原材料、成本等限制，离大规模应用尚有距离。这两年，研发团队实现了钒液流电池电极材料国产化，并且研发出钒电解液高效添加剂，助力钒液流电池加快走向市场。

电极是电池的核心材料，它越薄电池能量密度越高、材料成本越低。过去，电极材料从国外企业进口，需要提前3至6个月，还得签订长期协议大量采购。通过持续研发，我们研发的电极材料厚度从6毫米优化至2毫米，用更少材料实现了更好性能，性价比大幅提升。

不仅如此，研发团队自主研发的一款添加剂，能够提升电解液的稳定性和可靠性，客户停机运维频次大幅缩减，从而提升产品的全生命周期收益。当前，我们已建成全球规模最大的钒电解液生产基地，钒电池产品占全球市场的60%左右。

企业所取得的成绩，既得益于自身创新能力的提升，也离不开产学研合作。比如，我们与中国科学院大连化学物理研究所等科研院所深度合作，利用各自资源、技术优势进行市场前沿产品和技术的开发合作，加快推动科技创新成果转化为现实生产力；又如，我们组建了一支涵盖高性能钒材料、电堆核心部件与电池系统开发的跨学科专业研发团队，依托于持续高强度的研发投入，系统推进前瞻性技术布局、产品迭代与工艺优化。

当前全国新型储能装机已突破1亿千瓦，占全球比重超过40%。随着新能源全面入市，倒逼发电企业要巧发电、发好电，进一步提升竞争力。新型储能作为重要的调节手段，未来发展前景值得期待。

接下来，我们希望通过技术攻坚、结构设计升级、规模化生产等，进一步提高电堆功率密度、降本增效，争取在这几年推动度电成本降至目前的约1/3。同时，加强科技研发、应用场景建设等环节融通创新，把更多科技创新成果运用到产业链上，推广到工业园区、算力设施、通信基站等，扩展更多细分市场。

科技与产业深度融合，既需要市场推动，也需要政策引导。这些年，有关部门和地方在资源、平台等方面给予了不少支持，我们也期待进一步强化对长时储能的前瞻性布局和政策支持力度，将中国领先的储能技术推向世界。

（本报记者丁怡婷采访整理）

云鲸智能创始人兼首席执行官张峻彬

变服务盲点为增长亮点

北美市场销量同比增长48%，欧洲市场营收同比增长67%……2025年“黑色星期五”购物季，云鲸智能扫地机器人交出了一份亮眼的成绩单。

扫地机器人能从“新物种”变“抢手货”，背后是对创新一以贯之的坚守。早在3年前，云鲸智能研发团队经过上百次预研和测试，发现相较于传统的滚筒式结构，活水履带结构清洁效率更高，用户使用体验更好。从“会自己洗拖布”到“像洗衣机一样自动上下水”，再到“边拖地边用热活水实时清洗拖布”，我们的产品不断推陈出新，热销50多个国家和地区。

经过40多年的发展，我国家电行业已进入增量扩张和存量更新并重的阶段。为了寻找新增长点，我们向创新要答案，努力从差异化中寻找市场增量。

一方面，发力攻关核心技术。这几年，云鲸智能依靠自主研发，构建起双目视觉技术、人工智能大模型等核心技术图谱，累计申请超1400项专利成果。2025年还组建了专门的具身智能团队，研发人员占比超过40%。另一方面，优化供应链管理。目前，公司核心元器件已实现全面国产化。

目前，我们的工程师正全力研发一种家庭具身智能产品，该机器人不仅能沿着既定路线做清洁，还能伸出机械臂，顺手整理散落的物品。

中国经济越是向高质量迈进，对于创新的要求就越高。2026年，我们将持续深耕机器人领域，以技术创新与智能制造双轮驱动，不断提升市场竞争力，助推中国制造迈向更高水平。

今日之中国，拥有超大规模市场和完整产业体系优势，这是我们应对挑战、攻坚克难的坚实底气，也为加快培育壮大新质生产力、以创新谋发展提供了最佳土壤。我们坚信，持续攻克技术难点，不断消除服务盲点，当下的市场痛点必将蜕变为未来的增长亮点，汇聚成加快建设制造强国的有力支点。

（本报记者韩鑫采访整理）

云知声创始人兼首席执行官黄伟

让大模型更懂行更好用

当下，人工智能技术正加速与实体经济深度融合。举个例子，在北京友谊医院顺义院区肝病门诊室，当主治医生完成问诊，医疗门诊“智能体”便自动生成了电子病历，主诉、现病史、既往史、检查建议等一应俱全。医生只需轻点鼠标，系统直接归档。

这套“智能体”，便是我们公司基于云知声山海大模型打造的融合项目。2025年是大模型从能用到好用、从通用到专用的跃升之年。过去，大模型虽具备广泛通识能力，但在医疗、政务、制造等高专业门槛领域常常“答非所问”。过去的一年里，我们通过注入百万级行业专业数据，让云知声山海大模型真正“懂行”。截至目前，云知声山海大模型已在医疗、交通、政务等多元场景中实现落地应用，其中，云知声智慧医疗解决方案已在400家医院实现应用。

老一辈中国企业家解决了“有没有”的问题，我们这一代科技企业家，要回应“强不强”的问题，要敢于做深入产业毛细血管的“特种兵”——不求规模宏大，但能在关键环节卡得准、钻得深、打得透。

要想在垂直领域形成长期积累的“硬功夫”，靠的就是创新。截至目前，我们研发投入占营收比重超过35%，累计申请发明专利1300余项，其中90%以上聚焦底层技术。

“十五五”规划建议提出“推动科技创新和产业创新深度融合”“强化企业科技创新主体地位”。这让我更加深刻地认识到，必须加强原始创新和关键核心技术攻关，产出更多标志性原创成果，并加快科技成果在具体应用场景中的转化应用，让大模型真正服务产业一线。

未来3年，人工智能将进一步从工具向智能体发展，呈现出能感知、会思考、可执行、自进化的趋势。云知声将着力向能源、金融、高端智造等新赛道拓展，继续以通用人工智能技术打造实用好用的行业智能体，赋能产业发展。

（本报记者刘温馨采访整理）",,产经,https://paper.people.com.cn/rmrb/pc/content/202601/07/content_30130271.html,2026-01-07,"['研发', '飞艇', '创新', 'AS700', '储能', '我们', '智能', '产业', '2025', '科技']","科技创新和产业创新，是发展新质生产力的基本路径。2025年，我们依靠创新为高质量发展赋能，科技与产业深度融合，中国经济顶压前行、向新向优发展，现代化产业体系建设持续推进。
迈入2026年，如何以科技创新引领产业创新？如何放大二者深度融合的乘数效应？产业界如何把握机遇、再谱新篇？让我们一起听听企业研发负责人的声音。
——编  者",政治
做好融合这篇大文章,"习近平主席在二〇二六年新年贺词中指出：“科技与产业深度融合，创新成果竞相涌现，人工智能大模型你追我赶，芯片自主研发有了新突破，我国成为创新力上升最快的经济体之一。”
走过“十四五”，科技与产业深度融合结出累累硕果，实体经济更加枝繁叶茂——
科技实力与日俱增。“嫦娥”落月、“天和”驻空、“北斗”组网，C919大飞机实现商飞……重大科技成果相继涌现，创新型国家建设蹄疾步稳。2024年，我国全社会研发经费投入超过3.6万亿元。
产业升级稳步向前。汽车年产销量屡创新高，造船业市场份额领跑全球，量子技术、脑机接口等未来产业蓬勃兴起。装备制造业和高技术制造业增加值占规上工业比重持续提升。
科技创新与产业创新更加紧密。一方面，企业的科技创新主体地位实现新跃升。2024年，524家中国大陆企业进入全球工业研发投入2000强，占上榜企业比重为26.2%，较2020年增加4.8个百分点。另一方面，创新成果产业化迈出新步伐。“十四五”时期，全国技术合同成交额连续多年保持两位数增长。
走进“十五五”，我国发展环境面临深刻复杂变化，科技创新、产业创新将面临更多压力与挑战。当此之时，我们要坚定不移点燃创新引擎，为产业升级注入源源不断的动力。
坚定不移攻克创新瓶颈，让产业升级底气更足。关键核心技术要不来、买不来、讨不来，唯有靠自主创新才能解决“卡脖子”难题。近年来，我们深耕5G、高铁、核电、北斗导航等领域，攻克一批关键核心技术，但在集成电路、工业母机、基础软件、先进材料等领域，仍存在不少短板。为此，要聚焦这些领域，充分发挥新型举国体制优势，加大力度、协同攻关，加快取得决定性突破，从而在激烈的国际竞争中掌握主动。
坚定不移促进创新融合，让产业升级动能更强。科技创新与产业创新相互交叉、相辅相成。没有科技创新，产业创新便缺少源头活水；离开产业创新，科技创新也缺乏“用武之地”。“十五五”时期，我们要进一步解决科技与产业“两张皮”问题，通过推动场景创新、构建中试平台、健全标准体系等举措，打通技术和产品从“实验室”走向“生产线”的堵点卡点，推动更多科技成果加快转化为现实生产力，为产业发展开拓更大空间。
坚定不移优化创新生态，让产业升级活力更旺。近年来，依托技术创新的日积月累以及应用场景、人才资源等优势，我国人工智能、机器人等研发应用已经走在世界前列。其中一个重要表现，就是相关领域企业如雨后春笋般勃发兴起。企业是创新的主体。我们要通过政策引导、机制创新、生态优化，促进人才、资金、技术等创新要素加速向企业流动，推动一批科技领军企业和高新技术企业脱颖而出，进而带动产业链上下游、产学研各领域实现“集体跃升”。
逐新向高，登攀不止。今天的中国，正从制造大国阔步迈向制造强国。一体推进科技创新和产业创新，打通从科技强到产业强、经济强、国家强的通道，中国制造将蒸蒸日上，中国式现代化将收获更为坚实的物质技术基础。","# 做好融合这篇大文章

> 刘志强《人民日报》（2026年01月07日第 18 版）

习近平主席在二〇二六年新年贺词中指出：“科技与产业深度融合，创新成果竞相涌现，人工智能大模型你追我赶，芯片自主研发有了新突破，我国成为创新力上升最快的经济体之一。”

走过“十四五”，科技与产业深度融合结出累累硕果，实体经济更加枝繁叶茂——

科技实力与日俱增。“嫦娥”落月、“天和”驻空、“北斗”组网，C919大飞机实现商飞……重大科技成果相继涌现，创新型国家建设蹄疾步稳。2024年，我国全社会研发经费投入超过3.6万亿元。

产业升级稳步向前。汽车年产销量屡创新高，造船业市场份额领跑全球，量子技术、脑机接口等未来产业蓬勃兴起。装备制造业和高技术制造业增加值占规上工业比重持续提升。

科技创新与产业创新更加紧密。一方面，企业的科技创新主体地位实现新跃升。2024年，524家中国大陆企业进入全球工业研发投入2000强，占上榜企业比重为26.2%，较2020年增加4.8个百分点。另一方面，创新成果产业化迈出新步伐。“十四五”时期，全国技术合同成交额连续多年保持两位数增长。

走进“十五五”，我国发展环境面临深刻复杂变化，科技创新、产业创新将面临更多压力与挑战。当此之时，我们要坚定不移点燃创新引擎，为产业升级注入源源不断的动力。

坚定不移攻克创新瓶颈，让产业升级底气更足。关键核心技术要不来、买不来、讨不来，唯有靠自主创新才能解决“卡脖子”难题。近年来，我们深耕5G、高铁、核电、北斗导航等领域，攻克一批关键核心技术，但在集成电路、工业母机、基础软件、先进材料等领域，仍存在不少短板。为此，要聚焦这些领域，充分发挥新型举国体制优势，加大力度、协同攻关，加快取得决定性突破，从而在激烈的国际竞争中掌握主动。

坚定不移促进创新融合，让产业升级动能更强。科技创新与产业创新相互交叉、相辅相成。没有科技创新，产业创新便缺少源头活水；离开产业创新，科技创新也缺乏“用武之地”。“十五五”时期，我们要进一步解决科技与产业“两张皮”问题，通过推动场景创新、构建中试平台、健全标准体系等举措，打通技术和产品从“实验室”走向“生产线”的堵点卡点，推动更多科技成果加快转化为现实生产力，为产业发展开拓更大空间。

坚定不移优化创新生态，让产业升级活力更旺。近年来，依托技术创新的日积月累以及应用场景、人才资源等优势，我国人工智能、机器人等研发应用已经走在世界前列。其中一个重要表现，就是相关领域企业如雨后春笋般勃发兴起。企业是创新的主体。我们要通过政策引导、机制创新、生态优化，促进人才、资金、技术等创新要素加速向企业流动，推动一批科技领军企业和高新技术企业脱颖而出，进而带动产业链上下游、产学研各领域实现“集体跃升”。

逐新向高，登攀不止。今天的中国，正从制造大国阔步迈向制造强国。一体推进科技创新和产业创新，打通从科技强到产业强、经济强、国家强的通道，中国制造将蒸蒸日上，中国式现代化将收获更为坚实的物质技术基础。",刘志强,产经,https://paper.people.com.cn/rmrb/pc/content/202601/07/content_30130272.html,2026-01-07,"['创新', '产业', '科技', '坚定不移', '企业', '升级', '融合', '研发', '领域', '2024']","习近平主席在二〇二六年新年贺词中指出：“科技与产业深度融合，创新成果竞相涌现，人工智能大模型你追我赶，芯片自主研发有了新突破，我国成为创新力上升最快的经济体之一。”
走过“十四五”，科技与产业深度融合结出累累硕果，实体经济更加枝繁叶茂——
科技实力与日俱增。“嫦娥”落月、“天和”驻空、“北斗”组网，C919大飞机实现商飞……重大科技成果相继涌现，创新型国家建设蹄疾步稳。2024年，我国全社会研发经费投入超过3.6万亿元。",政治
传统与现代交融，释放消费更大潜力（新年谈“新”·五位文旅从业人士谈文旅深度融合）,"数据来源：文化和旅游部等
数据来源：文化和旅游部等
文化和旅游深度融合发展，对满足人民美好生活需要、赋能经济社会发展、建设文化强国和旅游强国具有重要意义。良渚遗址溯源文明根脉，三星堆文物彰显古蜀瑰丽，英歌舞、簪花围等非遗焕发新生……一系列文旅深度融合发展的鲜活实践，勾勒出“诗和远方”相得益彰、浑然一体的蓬勃图景，更好地满足了人民群众对美好生活的期待。
“十五五”规划建议提出，“推进文旅深度融合，大力发展文化旅游业，以文化赋能经济社会发展。”坚持“以文塑旅、以旅彰文”，推动文旅融合向更深层次迈进，让文化自信浸润生活、凝聚力量，为美好生活持续添彩，为民族复兴注入精神动能。
——编  者
山西恒山风景名胜区管理中心悬空寺景区负责人麻斌
“悟空”带火古建游
“壮观！”元旦假期，山西大同浑源县恒山悬空寺前，游客们驻足最佳拍照点，望着崖壁间的千年古建，不时发出由衷赞叹。始建于北魏、现存主体为明清遗存的悬空寺，是中国古代建筑艺术的杰作。
步入金龙峡谷，翠屏峰西侧崖壁腰间，三层古楼阁静静伫立。斗拱飞檐仿佛是从崖壁中“生长”而出，只有碗口粗的一排木柱凌空支撑，上载危岩、下临深谷。走廊上，游客如长龙，望着这座“空中楼阁”的奇险精巧，让每个人都心生震撼。
“大家不要着急，古建承载有限，请有序排队参观。”52岁的山西恒山风景名胜区管理中心悬空寺景区负责人麻斌在这里坚守了28年，“变化可以说是翻天覆地的。”
这两年随着《黑神话：悟空》爆火，让作为取景地的这座千年古寺迎来了全球游客。2024年，景区接待游客230余万人次；2025年突破300万，旅游收入达9000多万元，较2020年前各项数据均上涨超50%。
流量的背后是文旅融合的精准发力。2024年，山西省推出“跟着悟空游山西”活动，以热门IP为纽带，串联起恒山悬空寺、云冈石窟等山西特色文旅资源，为游客设计专属游览线路。活动配套推出“通关文牒”等文创产品，游客手持文牒，在各景点打卡盖章的同时，也了解了古建历史文化。
“这几年外国游客明显多起来了。”麻斌介绍，随着免签政策红利持续释放，不少海外游客专程前来参观悬空寺，“很多外国人都被中国古建艺术折服，对中华传统文化的兴趣越来越浓厚。”
这两年新潮文创频频出圈，景区自主开发的“流沙冰箱贴”火遍全网。麻斌晃了晃手中的冰箱贴，只见冰箱贴比手机略窄，黑色背景图案里的悟空，手持金箍棒遥望悬空寺。随冰箱贴翻转，金色流沙缓缓褪去，金沙覆盖的古建图案缓缓显现。“这件文创跻身全国文创单品销量前三，线上销售更是供不应求！”
游客激增，考验景区接待能力。“以前，日承载量仅1.5万人，如今日接待量可达4.6万人。”麻斌说，现在景区打通循环游览线，优化摆渡车调度，告别了“进出口合一”的拥堵，让游览体验更舒心。
古建热带动了县城游。如今的浑源，古城街巷游人如织，浑源凉粉香气四溢，悬空寺的文旅效应持续辐射，形成“一处火、全域热”的消费格局。
“IP引流，业态升级，文旅热让我们本地的单点打卡正在变成全域消费。”麻斌对未来充满期待，“希望有更多火爆的文化IP，让千年古建持续焕发新生，让更多人爱上山西、读懂中国。”
（本报记者  郑洋洋）
秦始皇帝陵博物院社会教育部讲解组组长刘璐
中外观众共赏文明瑰宝
隆冬时节，关中瑞雪初霁。位于陕西省西安市临潼区的秦始皇帝陵博物院里，人流如织。
早晨8点半，秦始皇帝陵博物院社会教育部讲解组组长、中英双语一级讲解员刘璐，接待了一个来自北京的团队，开始了一天的工作。
来到兵马俑军阵前，一件件陶俑无声诉说着千年历史。团队里，观众或驻足端详，或低声交流，沉浸在大秦帝国的恢宏气象中。兵马俑千人千面、工艺精湛，每尊秦俑的装束和神态都独具特点，让人深受震撼。
“遇到喜欢文物的观众，我会随着他们的兴趣点，创新讲解方式、增加互动环节。”刘璐说，“在文博人眼里，每一个兵马俑都是有生命、有感情的‘人’，值得人们去深入了解。”
2026年，西安旅游市场迎来良好开局。元旦假期，西安跻身全国十大热门旅游目的地之列，其中，秦始皇帝陵博物院（兵马俑）排在西安本地热门景区首位。“元旦假期，我们实行每日6.5万张门票的承载量控制，以提升观众体验感。”刘璐说。
2025年，秦始皇帝陵博物院累计接待观众1097万余人次，其中外宾接待量68万余人次。数字背后，是“文博热”的持续升温与中华文化国际影响力的不断提升。
“这几年，入境游升温，外国观众明显增多了。”刘璐介绍，面对日益增长的国际客流量，2024年4月，秦始皇帝陵博物院上线“境外融合服务平台”，支持34种货币结算、24种语言服务，覆盖全球39个国家和地区。截至2025年底，该平台已吸引14.62万余名外国观众预订门票，带动机票、酒店等关联订单约61.51万个，凸显了文化资源对旅游经济的激活能力。
线上预约很便捷，现场讲解也很专业。随着“文博热”升温，文创店也成为“热门打卡点”。秦俑造型的象棋、印有饕餮纹的保温杯……走进秦始皇帝陵博物院文创店，琳琅满目的文创产品让人爱不释手，来自世界各地的观众将文创产品作为“文化信物”带往世界各地。2025年，秦始皇帝陵博物院推出文创新品80余件。其中，爆款单品“兵猫俑”，成为年度最受欢迎秦俑文创。
“兵马俑，是中华文明的一张‘金色名片’。”谈及新一年打算，刘璐信心满满，“希望通过我们专业的讲解，向世界讲好兵马俑故事，也让更多人读懂中国。”
（高  炳  王三合）
江苏南京秦淮河建设开发有限公司总经理张健
“苏超”燃起消费热
1月4日晚7点，南京秦淮河畔的“鼓楼水岸·南艺后街”五人制足球场灯火通明。场内，球员们传球、射门、扑救，一系列动作行云流水；场外，街区店铺林立，霓虹闪烁，浓浓的烟火气扑面而来。2025年“苏超”落幕已两个多月，但赛事引爆的“第二现场”依然热度不减，足球激情与市井生活交融升腾。
负责街区运营的南京秦淮河建设开发有限公司总经理张健介绍，这片临河之地曾是一处古玩市场，客流以中老年群体为主，2020年，街区改造升级、焕新开街，成为集“文、旅、商、体、艺”于一体的滨水艺术生活地标。“苏超”联赛的举办，进一步为街区注入了强大的文旅体融合发展动能。活动期间街区日均客流量突破1.5万人次，一个活力四射的“南京球迷集聚区”应运而生。
回忆起2025年那个火热的夏天，张健介绍，不少餐厅敏锐捕捉到赛事带来的巨大商机，在餐厅醒目位置安装高清电子大屏，实时直播精彩赛事；采购荧光棒、加油棒、贴纸、气球等氛围营造物品；店员们统一身着足球服，化身“足球宝贝”，精心将整个店面打造成沉浸式观赛空间。同时，很多餐厅适时推出融合特色菜品与观赛优惠的“苏超球迷套餐”。
比赛期间，街区内“成都娃娃”等餐厅就成了热门的观赛点。比如，每次比赛的前几天，“成都娃娃”餐厅店长徐康的手机都会被“打爆”，只为抢一个观赛位。火热的场面也转化为亮眼的经营数据：平日该餐厅日均营业额稳定在两万元左右，而在“苏超”比赛日，日营业额接近翻倍。
在“苏超”期间，“南艺后街”创新性地将赛事与自有活动IP如“冰淇淋节”“青木画室音乐节”融合，成功打造了集文化、旅游、体育、商业、艺术、展览于一体的沉浸式观赛目的地。“苏超”赛事累计拉动街区商户营业额约700万元，较平日增长约45%。
张健介绍，几个月后第二届“苏超”又将登场，为此，“南艺后街”商家们正积极谋划，有的餐饮门店准备在菜品上推陈出新，尝试将食材巧妙雕琢成足球形状，在餐桌上点缀微型球门模型，于方寸之间营造“微型绿茵场”的趣味。
“南艺后街”的变化，是南京市以高水平体育赛事赋能文旅消费升级、激发城市发展新动能的一个缩影。张健表示，期待2026年更多像“南艺后街”这样的高品质“第二现场”涌现出来，为包括广大球迷在内的市民游客准备更丰富的观赛体验“礼包”，精准引导观赛流量向街区、景区集聚，持续推动赛事“流量”转化为经济“增量”。
（本报记者  王伟健）
西夏陵博物馆馆长师培轶
区域联动构建文旅新格局
2025年7月，“西夏陵”成功列入《世界遗产名录》，成为中国第六十项世界遗产，这片沉寂了数百年的遗址焕发出新的生机。
“古老的西夏陵如今正借助科技的力量，打破历史与游客之间的‘玻璃幕墙’，让历史可感可触可互动。”西夏陵博物馆馆长师培轶介绍。
数字技术深度融入游览全流程。游客们戴上AR眼镜漫步遗址，眼前的夯土陵台将被数字孪生技术“还原”为数百年前殿宇巍峨、守卫森严的皇家陵园原貌。游客能在虚拟场景中“触摸”鎏金铜牛等国宝级文物，感受其温润质感，还能参与“文物修复”互动，拼接陶片、临摹壁画，感受考古工作的乐趣。
业态融合为西夏陵打造全链条文化消费场景。西夏陵博物馆从西夏文典籍、壁画纹样中汲取灵感创作制造成冰箱贴、印章等文物周边，让游客“把西夏文化带回家”。为吸引更多青年群体，西夏陵博物馆推出“考古探方体验”“西夏建筑营造”等精品课程，让其成为名副其实的“活态历史课堂”。
区域联动放大文旅价值，构建起全域旅游格局。师培轶介绍，未来，西夏陵将与周边的镇北堡影视城、葡萄酒庄等景点形成文旅联动带，推出“探秘西夏—影视寻踪—红酒品鉴”的特色线路。在西夏陵触摸历史，到酒庄品尝贺兰山东麓佳酿，傍晚在影视城追寻光影记忆，夜晚再到腾格里沙漠感受荒漠星空，形成“一日穿越古今，全域感受风情”的旅游体验。“这样不仅能延长游客停留时间，更能带动周边乡村发展，让村民通过民宿经营、特色农产品售卖等方式共享文旅发展红利，实现文化保护与乡村振兴的双向赋能。”师培轶说。
保护第一，活化利用。师培轶介绍，西夏陵通过建立文物数据库和完备的遗产监测系统，实现对遗址的全方位、实时监测保护。
未来西夏陵将成为文明交流互鉴的平台。多语言的数字导览、国际化的文化展演，将吸引全球游客前来探寻这个“丝绸之路上的神秘王国”，感受中华文明多元一体的独特魅力。“西夏陵不再是孤立的遗址群，而是充满活力的文化空间。在这里，历史不再遥远，传统融入生活，每一名游客都能成为西夏文化的感知者与传承者。当千年陵塔与现代科技相遇，当厚重历史与鲜活业态交融，西夏陵必将在文旅融合的浪潮中绽放出更加璀璨的光芒。”师培轶介绍。
（本报记者  张  文）
深圳华发冰雪世界商业经营有限公司总经理李鸣镝
“冰雪＋”业态满足新需求
推开大门，零下6摄氏度的清新空气夹杂着雪粒扑面而来，眼前相当于14个标准足球场大小的滑雪场里雪友云集，热闹非凡。开业3个多月，深圳前海华发冰雪世界已成为粤港澳大湾区滑雪爱好者们的热门打卡地。
“我们开业前就通过了国际滑雪联合会官方赛事赛道认证，成为国内首批获此认证、具备举办国际雪联职业滑雪赛事资质的室内雪场。”深圳华发冰雪世界商业经营有限公司总经理李鸣镝介绍，作为世界规模最大、垂直落差最大、纬度最低的室内滑雪综合体，前海华发冰雪世界雪场面积超过10万平方米，拥有5条满足专业赛事的滑道。
雪场打造了超4000平方米的冰雪乐园，设有雪圈滑道、冰雕城堡、雪上卡丁车等10余种冰雪娱乐项目。许多家长带着小孩在雪场体验雪上卡丁车等亲子项目，小孩们常常要一口气玩好几轮才作罢。“冰雪乐园深受家庭客群的喜爱，平均每天接待上千个家庭。”李鸣镝说。
对不少游客来说，与雪场相连的超5万平方米的商场很有吸引力。在这个以冰雪为主题的超级综合体里，滑雪、潜水、攀岩、冲浪等运动场景与酒店、商场、餐饮、休闲等多种业态融合，为游客提供一站式的消费体验。
除了冰雪运动，前海华发冰雪世界正在建设极限运动社区——超感公园，建设有33米深的室内深潜池以及攀岩等运动场所。“夏季滑雪、冬季潜水，全年无淡季。深潜池里通过光影模拟日出日落、深海蓝光等场景，结合水下音响系统，模拟出沉浸式的深海环境。”李鸣镝介绍，这座深潜池可满足专业潜水训练、休闲探索等多元需求。
李鸣镝介绍，目前前海华发冰雪世界成为粤港澳大湾区新的体育消费地标。消费者中超过30%来自香港，40%以上来自深圳本地。雪场开通了香港巴士直通车，一个小时直达，对当地居民来说非常方便。
（本报记者  程远州）","# 传统与现代交融，释放消费更大潜力（新年谈“新”·五位文旅从业人士谈文旅深度融合）

> 《人民日报》（2026年01月07日第 19 版）

数据来源：文化和旅游部等

数据来源：文化和旅游部等

文化和旅游深度融合发展，对满足人民美好生活需要、赋能经济社会发展、建设文化强国和旅游强国具有重要意义。良渚遗址溯源文明根脉，三星堆文物彰显古蜀瑰丽，英歌舞、簪花围等非遗焕发新生……一系列文旅深度融合发展的鲜活实践，勾勒出“诗和远方”相得益彰、浑然一体的蓬勃图景，更好地满足了人民群众对美好生活的期待。

“十五五”规划建议提出，“推进文旅深度融合，大力发展文化旅游业，以文化赋能经济社会发展。”坚持“以文塑旅、以旅彰文”，推动文旅融合向更深层次迈进，让文化自信浸润生活、凝聚力量，为美好生活持续添彩，为民族复兴注入精神动能。

——编  者

山西恒山风景名胜区管理中心悬空寺景区负责人麻斌

“悟空”带火古建游

“壮观！”元旦假期，山西大同浑源县恒山悬空寺前，游客们驻足最佳拍照点，望着崖壁间的千年古建，不时发出由衷赞叹。始建于北魏、现存主体为明清遗存的悬空寺，是中国古代建筑艺术的杰作。

步入金龙峡谷，翠屏峰西侧崖壁腰间，三层古楼阁静静伫立。斗拱飞檐仿佛是从崖壁中“生长”而出，只有碗口粗的一排木柱凌空支撑，上载危岩、下临深谷。走廊上，游客如长龙，望着这座“空中楼阁”的奇险精巧，让每个人都心生震撼。

“大家不要着急，古建承载有限，请有序排队参观。”52岁的山西恒山风景名胜区管理中心悬空寺景区负责人麻斌在这里坚守了28年，“变化可以说是翻天覆地的。”

这两年随着《黑神话：悟空》爆火，让作为取景地的这座千年古寺迎来了全球游客。2024年，景区接待游客230余万人次；2025年突破300万，旅游收入达9000多万元，较2020年前各项数据均上涨超50%。

流量的背后是文旅融合的精准发力。2024年，山西省推出“跟着悟空游山西”活动，以热门IP为纽带，串联起恒山悬空寺、云冈石窟等山西特色文旅资源，为游客设计专属游览线路。活动配套推出“通关文牒”等文创产品，游客手持文牒，在各景点打卡盖章的同时，也了解了古建历史文化。

“这几年外国游客明显多起来了。”麻斌介绍，随着免签政策红利持续释放，不少海外游客专程前来参观悬空寺，“很多外国人都被中国古建艺术折服，对中华传统文化的兴趣越来越浓厚。”

这两年新潮文创频频出圈，景区自主开发的“流沙冰箱贴”火遍全网。麻斌晃了晃手中的冰箱贴，只见冰箱贴比手机略窄，黑色背景图案里的悟空，手持金箍棒遥望悬空寺。随冰箱贴翻转，金色流沙缓缓褪去，金沙覆盖的古建图案缓缓显现。“这件文创跻身全国文创单品销量前三，线上销售更是供不应求！”

游客激增，考验景区接待能力。“以前，日承载量仅1.5万人，如今日接待量可达4.6万人。”麻斌说，现在景区打通循环游览线，优化摆渡车调度，告别了“进出口合一”的拥堵，让游览体验更舒心。

古建热带动了县城游。如今的浑源，古城街巷游人如织，浑源凉粉香气四溢，悬空寺的文旅效应持续辐射，形成“一处火、全域热”的消费格局。

“IP引流，业态升级，文旅热让我们本地的单点打卡正在变成全域消费。”麻斌对未来充满期待，“希望有更多火爆的文化IP，让千年古建持续焕发新生，让更多人爱上山西、读懂中国。”

（本报记者  郑洋洋）

秦始皇帝陵博物院社会教育部讲解组组长刘璐

中外观众共赏文明瑰宝

隆冬时节，关中瑞雪初霁。位于陕西省西安市临潼区的秦始皇帝陵博物院里，人流如织。

早晨8点半，秦始皇帝陵博物院社会教育部讲解组组长、中英双语一级讲解员刘璐，接待了一个来自北京的团队，开始了一天的工作。

来到兵马俑军阵前，一件件陶俑无声诉说着千年历史。团队里，观众或驻足端详，或低声交流，沉浸在大秦帝国的恢宏气象中。兵马俑千人千面、工艺精湛，每尊秦俑的装束和神态都独具特点，让人深受震撼。

“遇到喜欢文物的观众，我会随着他们的兴趣点，创新讲解方式、增加互动环节。”刘璐说，“在文博人眼里，每一个兵马俑都是有生命、有感情的‘人’，值得人们去深入了解。”

2026年，西安旅游市场迎来良好开局。元旦假期，西安跻身全国十大热门旅游目的地之列，其中，秦始皇帝陵博物院（兵马俑）排在西安本地热门景区首位。“元旦假期，我们实行每日6.5万张门票的承载量控制，以提升观众体验感。”刘璐说。

2025年，秦始皇帝陵博物院累计接待观众1097万余人次，其中外宾接待量68万余人次。数字背后，是“文博热”的持续升温与中华文化国际影响力的不断提升。

“这几年，入境游升温，外国观众明显增多了。”刘璐介绍，面对日益增长的国际客流量，2024年4月，秦始皇帝陵博物院上线“境外融合服务平台”，支持34种货币结算、24种语言服务，覆盖全球39个国家和地区。截至2025年底，该平台已吸引14.62万余名外国观众预订门票，带动机票、酒店等关联订单约61.51万个，凸显了文化资源对旅游经济的激活能力。

线上预约很便捷，现场讲解也很专业。随着“文博热”升温，文创店也成为“热门打卡点”。秦俑造型的象棋、印有饕餮纹的保温杯……走进秦始皇帝陵博物院文创店，琳琅满目的文创产品让人爱不释手，来自世界各地的观众将文创产品作为“文化信物”带往世界各地。2025年，秦始皇帝陵博物院推出文创新品80余件。其中，爆款单品“兵猫俑”，成为年度最受欢迎秦俑文创。

“兵马俑，是中华文明的一张‘金色名片’。”谈及新一年打算，刘璐信心满满，“希望通过我们专业的讲解，向世界讲好兵马俑故事，也让更多人读懂中国。”

（高  炳  王三合）

江苏南京秦淮河建设开发有限公司总经理张健

“苏超”燃起消费热

1月4日晚7点，南京秦淮河畔的“鼓楼水岸·南艺后街”五人制足球场灯火通明。场内，球员们传球、射门、扑救，一系列动作行云流水；场外，街区店铺林立，霓虹闪烁，浓浓的烟火气扑面而来。2025年“苏超”落幕已两个多月，但赛事引爆的“第二现场”依然热度不减，足球激情与市井生活交融升腾。

负责街区运营的南京秦淮河建设开发有限公司总经理张健介绍，这片临河之地曾是一处古玩市场，客流以中老年群体为主，2020年，街区改造升级、焕新开街，成为集“文、旅、商、体、艺”于一体的滨水艺术生活地标。“苏超”联赛的举办，进一步为街区注入了强大的文旅体融合发展动能。活动期间街区日均客流量突破1.5万人次，一个活力四射的“南京球迷集聚区”应运而生。

回忆起2025年那个火热的夏天，张健介绍，不少餐厅敏锐捕捉到赛事带来的巨大商机，在餐厅醒目位置安装高清电子大屏，实时直播精彩赛事；采购荧光棒、加油棒、贴纸、气球等氛围营造物品；店员们统一身着足球服，化身“足球宝贝”，精心将整个店面打造成沉浸式观赛空间。同时，很多餐厅适时推出融合特色菜品与观赛优惠的“苏超球迷套餐”。

比赛期间，街区内“成都娃娃”等餐厅就成了热门的观赛点。比如，每次比赛的前几天，“成都娃娃”餐厅店长徐康的手机都会被“打爆”，只为抢一个观赛位。火热的场面也转化为亮眼的经营数据：平日该餐厅日均营业额稳定在两万元左右，而在“苏超”比赛日，日营业额接近翻倍。

在“苏超”期间，“南艺后街”创新性地将赛事与自有活动IP如“冰淇淋节”“青木画室音乐节”融合，成功打造了集文化、旅游、体育、商业、艺术、展览于一体的沉浸式观赛目的地。“苏超”赛事累计拉动街区商户营业额约700万元，较平日增长约45%。

张健介绍，几个月后第二届“苏超”又将登场，为此，“南艺后街”商家们正积极谋划，有的餐饮门店准备在菜品上推陈出新，尝试将食材巧妙雕琢成足球形状，在餐桌上点缀微型球门模型，于方寸之间营造“微型绿茵场”的趣味。

“南艺后街”的变化，是南京市以高水平体育赛事赋能文旅消费升级、激发城市发展新动能的一个缩影。张健表示，期待2026年更多像“南艺后街”这样的高品质“第二现场”涌现出来，为包括广大球迷在内的市民游客准备更丰富的观赛体验“礼包”，精准引导观赛流量向街区、景区集聚，持续推动赛事“流量”转化为经济“增量”。

（本报记者  王伟健）

西夏陵博物馆馆长师培轶

区域联动构建文旅新格局

2025年7月，“西夏陵”成功列入《世界遗产名录》，成为中国第六十项世界遗产，这片沉寂了数百年的遗址焕发出新的生机。

“古老的西夏陵如今正借助科技的力量，打破历史与游客之间的‘玻璃幕墙’，让历史可感可触可互动。”西夏陵博物馆馆长师培轶介绍。

数字技术深度融入游览全流程。游客们戴上AR眼镜漫步遗址，眼前的夯土陵台将被数字孪生技术“还原”为数百年前殿宇巍峨、守卫森严的皇家陵园原貌。游客能在虚拟场景中“触摸”鎏金铜牛等国宝级文物，感受其温润质感，还能参与“文物修复”互动，拼接陶片、临摹壁画，感受考古工作的乐趣。

业态融合为西夏陵打造全链条文化消费场景。西夏陵博物馆从西夏文典籍、壁画纹样中汲取灵感创作制造成冰箱贴、印章等文物周边，让游客“把西夏文化带回家”。为吸引更多青年群体，西夏陵博物馆推出“考古探方体验”“西夏建筑营造”等精品课程，让其成为名副其实的“活态历史课堂”。

区域联动放大文旅价值，构建起全域旅游格局。师培轶介绍，未来，西夏陵将与周边的镇北堡影视城、葡萄酒庄等景点形成文旅联动带，推出“探秘西夏—影视寻踪—红酒品鉴”的特色线路。在西夏陵触摸历史，到酒庄品尝贺兰山东麓佳酿，傍晚在影视城追寻光影记忆，夜晚再到腾格里沙漠感受荒漠星空，形成“一日穿越古今，全域感受风情”的旅游体验。“这样不仅能延长游客停留时间，更能带动周边乡村发展，让村民通过民宿经营、特色农产品售卖等方式共享文旅发展红利，实现文化保护与乡村振兴的双向赋能。”师培轶说。

保护第一，活化利用。师培轶介绍，西夏陵通过建立文物数据库和完备的遗产监测系统，实现对遗址的全方位、实时监测保护。

未来西夏陵将成为文明交流互鉴的平台。多语言的数字导览、国际化的文化展演，将吸引全球游客前来探寻这个“丝绸之路上的神秘王国”，感受中华文明多元一体的独特魅力。“西夏陵不再是孤立的遗址群，而是充满活力的文化空间。在这里，历史不再遥远，传统融入生活，每一名游客都能成为西夏文化的感知者与传承者。当千年陵塔与现代科技相遇，当厚重历史与鲜活业态交融，西夏陵必将在文旅融合的浪潮中绽放出更加璀璨的光芒。”师培轶介绍。

（本报记者  张  文）

深圳华发冰雪世界商业经营有限公司总经理李鸣镝

“冰雪＋”业态满足新需求

推开大门，零下6摄氏度的清新空气夹杂着雪粒扑面而来，眼前相当于14个标准足球场大小的滑雪场里雪友云集，热闹非凡。开业3个多月，深圳前海华发冰雪世界已成为粤港澳大湾区滑雪爱好者们的热门打卡地。

“我们开业前就通过了国际滑雪联合会官方赛事赛道认证，成为国内首批获此认证、具备举办国际雪联职业滑雪赛事资质的室内雪场。”深圳华发冰雪世界商业经营有限公司总经理李鸣镝介绍，作为世界规模最大、垂直落差最大、纬度最低的室内滑雪综合体，前海华发冰雪世界雪场面积超过10万平方米，拥有5条满足专业赛事的滑道。

雪场打造了超4000平方米的冰雪乐园，设有雪圈滑道、冰雕城堡、雪上卡丁车等10余种冰雪娱乐项目。许多家长带着小孩在雪场体验雪上卡丁车等亲子项目，小孩们常常要一口气玩好几轮才作罢。“冰雪乐园深受家庭客群的喜爱，平均每天接待上千个家庭。”李鸣镝说。

对不少游客来说，与雪场相连的超5万平方米的商场很有吸引力。在这个以冰雪为主题的超级综合体里，滑雪、潜水、攀岩、冲浪等运动场景与酒店、商场、餐饮、休闲等多种业态融合，为游客提供一站式的消费体验。

除了冰雪运动，前海华发冰雪世界正在建设极限运动社区——超感公园，建设有33米深的室内深潜池以及攀岩等运动场所。“夏季滑雪、冬季潜水，全年无淡季。深潜池里通过光影模拟日出日落、深海蓝光等场景，结合水下音响系统，模拟出沉浸式的深海环境。”李鸣镝介绍，这座深潜池可满足专业潜水训练、休闲探索等多元需求。

李鸣镝介绍，目前前海华发冰雪世界成为粤港澳大湾区新的体育消费地标。消费者中超过30%来自香港，40%以上来自深圳本地。雪场开通了香港巴士直通车，一个小时直达，对当地居民来说非常方便。

（本报记者  程远州）",,消费,https://paper.people.com.cn/rmrb/pc/content/202601/07/content_30130274.html,2026-01-07,"['文旅', '西夏', '游客', '古建', '观赛', '文化', '苏超', '冰雪', '悬空寺', '融合']","数据来源：文化和旅游部等
数据来源：文化和旅游部等
文化和旅游深度融合发展，对满足人民美好生活需要、赋能经济社会发展、建设文化强国和旅游强国具有重要意义。良渚遗址溯源文明根脉，三星堆文物彰显古蜀瑰丽，英歌舞、簪花围等非遗焕发新生……一系列文旅深度融合发展的鲜活实践，勾勒出“诗和远方”相得益彰、浑然一体的蓬勃图景，更好地满足了人民群众对美好生活的期待。",政治
文旅融合添彩美好生活,"习近平主席在二〇二六年新年贺词中指出：“我们以文化滋养精神家园。文博热、非遗热不断升温，世界遗产再添新员，悟空和哪吒风靡全球，古韵国风成为年轻人眼中的‘顶流审美’。文旅市场人气火爆，‘城超’‘村超’热闹非凡，冰雪运动点燃冬日激情。传统与现代交融，中华文化绽放更加灿烂的光芒。”
岁序更替，华章日新。元旦假期，全国文旅消费市场活力迸发，1.42亿人次国内出游、847.89亿元国内出游总花费的亮眼数据，勾勒出文旅融合发展的生动图景。冰雪游与避寒游交相辉映，城市休闲与乡村漫游相得益彰，微度假产品与特色文旅活动精彩纷呈，不仅彰显了我国文旅产业的强劲韧性，更折射出文化自信浸润下人们对美好生活的新期待。
“十四五”以来，文旅融合深入推进，“以文塑旅、以旅彰文”双向赋能，为文旅产业培育新动能、塑造新优势。从文化遗产游、红色旅游的持续升温，到研学旅游、旅游演艺的创新出彩，文旅供给侧结构性改革不断深化，“文旅+百业”“百业+文旅”的融合发展模式，不仅丰富了人们的生活，更让文旅产业成为拉动消费、带动就业的重要引擎，为经济社会高质量发展持续注入新动能。
文化资源的充分挖掘与活化利用，让文旅融合更有深度、更有温度。我国将文旅融合纳入5A级旅游景区、国家级旅游度假区等级划分标准，引导各地打造了一批富有文化内涵的旅游目的地，推出了诸多特色鲜明的休闲街区与乡村旅游目的地。良渚古城遗址的文明溯源、殷墟甲骨的文字魅力、三星堆文物的神秘瑰丽，让历史文化“活起来”，带动旅游人次大幅增长；三峡大坝的雄奇壮阔、港珠澳大桥的跨海雄姿、中国天眼的深空探索，让现代化建设成就成为文旅名片。这些实践不仅让旅游摆脱了“走马观花”的浅层模式，更让广大游客在旅游中领略自然之美、感悟文化之美、陶冶心灵之美。
文旅融合的纵深发展，正在重塑消费场景、丰富美好生活内涵。随着人民群众精神文化需求不断升级，文旅消费已从传统的观光游览转向高品质的体验式消费。“跟着演出去旅行”成为新风尚，演唱会、音乐节等大型演出跨城观演率超60%，彰显了文化IP对旅游的强大带动作用；“文物游”“非遗游”“博物馆游”持续升温，全国博物馆接待观众量持续创新高，广东英歌舞、福建簪花围、安徽鱼灯等非遗项目走红，让群众在沉浸式体验中感受中华优秀传统文化的生命力；文旅与科技深度融合催生的互动式、沉浸式产品，以创新形式满足了群众多样化的消费需求。这一系列变化，印证了文旅融合在满足人民日益增长的美好生活需要中的重要作用，也让文化自信在供需两端的良性互动中不断增强。
人民对美好生活的向往，是文旅发展的出发点和落脚点。坚持旅游为民、旅游乐民，持续优化产品结构、丰富供给体系，是文旅产业高质量发展的必然要求。新的一年，要持续推进文化和旅游在更大范围、更高层次、更高水平上的融合发展，充分释放文旅融合的溢出效应，更好赋能经济社会发展，让文化自信扎根更深、枝叶更茂，为民族复兴凝聚精神力量。","# 文旅融合添彩美好生活

> 王  珂《人民日报》（2026年01月07日第 19 版）

习近平主席在二〇二六年新年贺词中指出：“我们以文化滋养精神家园。文博热、非遗热不断升温，世界遗产再添新员，悟空和哪吒风靡全球，古韵国风成为年轻人眼中的‘顶流审美’。文旅市场人气火爆，‘城超’‘村超’热闹非凡，冰雪运动点燃冬日激情。传统与现代交融，中华文化绽放更加灿烂的光芒。”

岁序更替，华章日新。元旦假期，全国文旅消费市场活力迸发，1.42亿人次国内出游、847.89亿元国内出游总花费的亮眼数据，勾勒出文旅融合发展的生动图景。冰雪游与避寒游交相辉映，城市休闲与乡村漫游相得益彰，微度假产品与特色文旅活动精彩纷呈，不仅彰显了我国文旅产业的强劲韧性，更折射出文化自信浸润下人们对美好生活的新期待。

“十四五”以来，文旅融合深入推进，“以文塑旅、以旅彰文”双向赋能，为文旅产业培育新动能、塑造新优势。从文化遗产游、红色旅游的持续升温，到研学旅游、旅游演艺的创新出彩，文旅供给侧结构性改革不断深化，“文旅+百业”“百业+文旅”的融合发展模式，不仅丰富了人们的生活，更让文旅产业成为拉动消费、带动就业的重要引擎，为经济社会高质量发展持续注入新动能。

文化资源的充分挖掘与活化利用，让文旅融合更有深度、更有温度。我国将文旅融合纳入5A级旅游景区、国家级旅游度假区等级划分标准，引导各地打造了一批富有文化内涵的旅游目的地，推出了诸多特色鲜明的休闲街区与乡村旅游目的地。良渚古城遗址的文明溯源、殷墟甲骨的文字魅力、三星堆文物的神秘瑰丽，让历史文化“活起来”，带动旅游人次大幅增长；三峡大坝的雄奇壮阔、港珠澳大桥的跨海雄姿、中国天眼的深空探索，让现代化建设成就成为文旅名片。这些实践不仅让旅游摆脱了“走马观花”的浅层模式，更让广大游客在旅游中领略自然之美、感悟文化之美、陶冶心灵之美。

文旅融合的纵深发展，正在重塑消费场景、丰富美好生活内涵。随着人民群众精神文化需求不断升级，文旅消费已从传统的观光游览转向高品质的体验式消费。“跟着演出去旅行”成为新风尚，演唱会、音乐节等大型演出跨城观演率超60%，彰显了文化IP对旅游的强大带动作用；“文物游”“非遗游”“博物馆游”持续升温，全国博物馆接待观众量持续创新高，广东英歌舞、福建簪花围、安徽鱼灯等非遗项目走红，让群众在沉浸式体验中感受中华优秀传统文化的生命力；文旅与科技深度融合催生的互动式、沉浸式产品，以创新形式满足了群众多样化的消费需求。这一系列变化，印证了文旅融合在满足人民日益增长的美好生活需要中的重要作用，也让文化自信在供需两端的良性互动中不断增强。

人民对美好生活的向往，是文旅发展的出发点和落脚点。坚持旅游为民、旅游乐民，持续优化产品结构、丰富供给体系，是文旅产业高质量发展的必然要求。新的一年，要持续推进文化和旅游在更大范围、更高层次、更高水平上的融合发展，充分释放文旅融合的溢出效应，更好赋能经济社会发展，让文化自信扎根更深、枝叶更茂，为民族复兴凝聚精神力量。",王  珂,消费,https://paper.people.com.cn/rmrb/pc/content/202601/07/content_30130275.html,2026-01-07,"['文旅', '旅游', '融合', '文化', '美好生活', '之美', '持续', '发展', '消费', '赋能']","习近平主席在二〇二六年新年贺词中指出：“我们以文化滋养精神家园。文博热、非遗热不断升温，世界遗产再添新员，悟空和哪吒风靡全球，古韵国风成为年轻人眼中的‘顶流审美’。文旅市场人气火爆，‘城超’‘村超’热闹非凡，冰雪运动点燃冬日激情。传统与现代交融，中华文化绽放更加灿烂的光芒。”
岁序更替，华章日新。元旦假期，全国文旅消费市场活力迸发，1.42亿人次国内出游、847.89亿元国内出游总花费的亮眼数据，勾勒出文旅融合发展的生动图景。冰雪游与避寒游交相辉映，城市休闲与乡村漫游相得益彰，微度假产品与特色文旅活动精彩纷呈，不仅彰显了我国文旅产业的强劲韧性，更折射出文化自信浸润下人们对美好生活的新期待。
“十四五”以来，文旅融合深入推进，“以文塑旅、以旅彰文”双向赋能，为文旅产业培育新动能、塑造新优势。从文化遗产游、红色旅游的持续升温，到研学旅游、旅游演艺的创新出彩，文旅供给侧结构性改革不断深化，“文旅+百业”“百业+文旅”的融合发展模式，不仅丰富了人们的生活，更让文旅产业成为拉动消费、带动就业的重要引擎，为经济社会高质量发展持续注入新动能。",政治
向新向优发展，中国经济向好,"中国经济，从来都是在风雨洗礼中成长，在历经考验中壮大。2025年，在以习近平同志为核心的党中央坚强领导下，我们始终以高质量发展的确定性应对国际环境的不确定性，坚定不移办好自己的事，以苦练内功来应对外部挑战，推动中国经济实现质的有效提升和量的合理增长。
面对风高浪急的国际环境，我们沉着应对，顶压前行。
去年初以来，美国政府先后以所谓“芬太尼问题”“对等关税”为由，对我轮番升级多轮关税打压，加征的关税税率一度达到145%。我们在党中央的统一部署下，坚持“两手抓”。
一方面，针锋相对地予以还击。针对美国霸凌行径，打出5轮关税和非关税反制的“组合拳”，迫使美国主动提出与我谈判。双方经过多轮会谈，特别是两国元首釜山会晤后，中美关税战、贸易战按下“暂停键”，中美经贸关系出现了阶段性缓和。
另一方面，积极推动外贸“突围”。通过实施出口多元化战略，2025年前11个月，对东盟、欧盟出口分别增长14.6%和8.9%，对共建“一带一路”国家出口增长11.3%。尽管对美货物贸易出口同比下降18.3%，但以美元计价的全部出口仍增长5.4%，有效抵御了关税战、贸易战的冲击。
实践充分证明，中国经济底盘坚实、韧性强劲，完全能够经受住风高浪急甚至惊涛骇浪的重大考验。
面对艰巨繁重的国内改革发展稳定任务，我们实施更加积极有为的宏观政策，着力稳就业、稳企业、稳市场、稳预期，推动经济向新向优发展。
经济运行稳中有进。2025年全年经济增长预计在5%左右，继续位居世界主要经济体前列，经济总量将达到140万亿元，顺利完成全年经济社会发展主要目标任务。
产业结构不断优化。2025年前11个月，规模以上装备制造业和高技术制造业增加值分别增长9.3%和9.2%，快于规上工业增加值3.3和3.2个百分点。装备制造业增加值和高技术制造业增加值占规上工业的比重分别达到36.4%、16.7%，比2020年提高2.7和1.6个百分点。产业结构向新向优持续攀升，助力我们在全球产业链重构中占得先机。
创新成果大量涌出。美国越是遏制打压，越是激发我们的自主创新能力。“卡脖子”清单越来越短，自主可控清单越来越长。2025年前11个月，我国高技术产品出口表现亮眼。其中，集成电路出口1.29万亿元，增长25.6%。我国人工智能、生物医药、机器人等研发应用走在全球前列，成为继“新三样”后涌现出的新亮点。《黑神话：悟空》游戏、拉布布玩偶等中国产品在国际上掀起一波又一波“中国热”。
改革开放迈出新步伐。出台实施民营经济促进法，进一步缩减市场准入负面清单，综合整治“内卷式”竞争，建设全国统一大市场，全面深化改革向纵深推进。扩大来华单方面免签政策适用国家范围，海南自由贸易港全岛封关运作，自主开放、单边开放有序推进，高水平对外开放稳步扩大。美国《外交家》杂志不久前发文称，中国电动汽车产业的崛起之路就是开放战胜保护主义的生动案例。
生态环境质量明显改善。“用能”更加清洁，建成全球最大的可再生能源体系，每用3度电中就有1度是绿电。“治污”成效显著，2025年前11个月京津冀空气中PM2.5浓度降至31微克/立方米，比10年前下降54%。“扩绿”领先世界，我国贡献了全球1/4的新增绿化面积。中国生态环境建设成就得到国内外高度认同。
民生保障更加有力。脱贫攻坚成果持续巩固拓展，赢得世界普遍赞誉。社会保障支出占GDP比重已由2012年的4%翻倍至现在的约8%，与中高收入国家水平大体相当，且保持持续较快增长。人均预期寿命达到79岁，与美国相当。2024年我国每10万人命案发生数0.44起，破案率为99.94%，“平安中国”成为亮丽的国家名片。我国已建成世界规模最大的教育、医疗和社会保障体系，基本公共服务水平不断提升，全体人民共同富裕稳步推进。
从2025年四季度经济运行情况看，价格、效益、预期等诸多指标明显改善，积极因素还在积累增多，中国经济向新向优发展的良好势头仍将持续。
2025年11月，居民消费价格指数涨幅连续3个月回升，工业生产者出厂价格自8月份之后降幅总体收窄；前11个月，规模以上工业企业利润同比增长0.1%，累计增速连续4个月保持增长；作为先行指数的制造业采购经理指数，12月份为50.1%，比11月上升0.9个百分点，时隔8个月再度升至扩张区间，非制造业商务活动指数时隔1个月也回升至扩张区间。
“千磨万击还坚劲，任尔东西南北风。”中国经济之所以能够顶压前行、向新向好，根本在于习近平总书记领航掌舵和党中央集中统一领导，这是我们战胜一切艰难险阻的最大信心和最大底气。只要全国人民紧密团结在以习近平同志为核心的党中央周围，中国经济这艘巨轮就一定能够乘风破浪、行稳致远。","# 向新向优发展，中国经济向好

> 钟才平《人民日报》（2026年01月08日第 01 版）

中国经济，从来都是在风雨洗礼中成长，在历经考验中壮大。2025年，在以习近平同志为核心的党中央坚强领导下，我们始终以高质量发展的确定性应对国际环境的不确定性，坚定不移办好自己的事，以苦练内功来应对外部挑战，推动中国经济实现质的有效提升和量的合理增长。

面对风高浪急的国际环境，我们沉着应对，顶压前行。

去年初以来，美国政府先后以所谓“芬太尼问题”“对等关税”为由，对我轮番升级多轮关税打压，加征的关税税率一度达到145%。我们在党中央的统一部署下，坚持“两手抓”。

一方面，针锋相对地予以还击。针对美国霸凌行径，打出5轮关税和非关税反制的“组合拳”，迫使美国主动提出与我谈判。双方经过多轮会谈，特别是两国元首釜山会晤后，中美关税战、贸易战按下“暂停键”，中美经贸关系出现了阶段性缓和。

另一方面，积极推动外贸“突围”。通过实施出口多元化战略，2025年前11个月，对东盟、欧盟出口分别增长14.6%和8.9%，对共建“一带一路”国家出口增长11.3%。尽管对美货物贸易出口同比下降18.3%，但以美元计价的全部出口仍增长5.4%，有效抵御了关税战、贸易战的冲击。

实践充分证明，中国经济底盘坚实、韧性强劲，完全能够经受住风高浪急甚至惊涛骇浪的重大考验。

面对艰巨繁重的国内改革发展稳定任务，我们实施更加积极有为的宏观政策，着力稳就业、稳企业、稳市场、稳预期，推动经济向新向优发展。

经济运行稳中有进。2025年全年经济增长预计在5%左右，继续位居世界主要经济体前列，经济总量将达到140万亿元，顺利完成全年经济社会发展主要目标任务。

产业结构不断优化。2025年前11个月，规模以上装备制造业和高技术制造业增加值分别增长9.3%和9.2%，快于规上工业增加值3.3和3.2个百分点。装备制造业增加值和高技术制造业增加值占规上工业的比重分别达到36.4%、16.7%，比2020年提高2.7和1.6个百分点。产业结构向新向优持续攀升，助力我们在全球产业链重构中占得先机。

创新成果大量涌出。美国越是遏制打压，越是激发我们的自主创新能力。“卡脖子”清单越来越短，自主可控清单越来越长。2025年前11个月，我国高技术产品出口表现亮眼。其中，集成电路出口1.29万亿元，增长25.6%。我国人工智能、生物医药、机器人等研发应用走在全球前列，成为继“新三样”后涌现出的新亮点。《黑神话：悟空》游戏、拉布布玩偶等中国产品在国际上掀起一波又一波“中国热”。

改革开放迈出新步伐。出台实施民营经济促进法，进一步缩减市场准入负面清单，综合整治“内卷式”竞争，建设全国统一大市场，全面深化改革向纵深推进。扩大来华单方面免签政策适用国家范围，海南自由贸易港全岛封关运作，自主开放、单边开放有序推进，高水平对外开放稳步扩大。美国《外交家》杂志不久前发文称，中国电动汽车产业的崛起之路就是开放战胜保护主义的生动案例。

生态环境质量明显改善。“用能”更加清洁，建成全球最大的可再生能源体系，每用3度电中就有1度是绿电。“治污”成效显著，2025年前11个月京津冀空气中PM2.5浓度降至31微克/立方米，比10年前下降54%。“扩绿”领先世界，我国贡献了全球1/4的新增绿化面积。中国生态环境建设成就得到国内外高度认同。

民生保障更加有力。脱贫攻坚成果持续巩固拓展，赢得世界普遍赞誉。社会保障支出占GDP比重已由2012年的4%翻倍至现在的约8%，与中高收入国家水平大体相当，且保持持续较快增长。人均预期寿命达到79岁，与美国相当。2024年我国每10万人命案发生数0.44起，破案率为99.94%，“平安中国”成为亮丽的国家名片。我国已建成世界规模最大的教育、医疗和社会保障体系，基本公共服务水平不断提升，全体人民共同富裕稳步推进。

从2025年四季度经济运行情况看，价格、效益、预期等诸多指标明显改善，积极因素还在积累增多，中国经济向新向优发展的良好势头仍将持续。

2025年11月，居民消费价格指数涨幅连续3个月回升，工业生产者出厂价格自8月份之后降幅总体收窄；前11个月，规模以上工业企业利润同比增长0.1%，累计增速连续4个月保持增长；作为先行指数的制造业采购经理指数，12月份为50.1%，比11月上升0.9个百分点，时隔8个月再度升至扩张区间，非制造业商务活动指数时隔1个月也回升至扩张区间。

“千磨万击还坚劲，任尔东西南北风。”中国经济之所以能够顶压前行、向新向好，根本在于习近平总书记领航掌舵和党中央集中统一领导，这是我们战胜一切艰难险阻的最大信心和最大底气。只要全国人民紧密团结在以习近平同志为核心的党中央周围，中国经济这艘巨轮就一定能够乘风破浪、行稳致远。",钟才平,要闻,https://paper.people.com.cn/rmrb/pc/content/202601/08/content_30130424.html,2026-01-08,"['2025', '11', '关税', '增长', '制造业', '出口', '中国', '经济', '年前', '增加值']","中国经济，从来都是在风雨洗礼中成长，在历经考验中壮大。2025年，在以习近平同志为核心的党中央坚强领导下，我们始终以高质量发展的确定性应对国际环境的不确定性，坚定不移办好自己的事，以苦练内功来应对外部挑战，推动中国经济实现质的有效提升和量的合理增长。
面对风高浪急的国际环境，我们沉着应对，顶压前行。
去年初以来，美国政府先后以所谓“芬太尼问题”“对等关税”为由，对我轮番升级多轮关税打压，加征的关税税率一度达到145%。我们在党中央的统一部署下，坚持“两手抓”。",政治
把惠民利民的好事办实（今日谈）,"2026年育儿补贴1月5日起正式全面开放申领。自去年7月制定出台实施方案以来，这项惠民利民的好政策惠及上千万个家庭。
育儿是家庭大事，也是国之大事。通过财政资金的精准发放，育儿家庭每孩每月能领300元补贴，既能直接减轻生育养育负担，推动建设生育友好型社会，也能以“小切口”撬动“大民生”，助力人口高质量发展和人民高品质生活，体现的正是“投资于人”的内在要求。
民生改善只有进行时。“十五五”规划建议围绕加大保障和改善民生力度部署了一系列重大举措。在发展中保障和改善民生，关键要以钉钉子精神抓落实，把教育、医疗、养老等惠民利民的一件件好事办实，让现代化建设成果更好惠及全体人民。
“每个‘小家’热气腾腾，中国这个‘大家’就蒸蒸日上。”坚持惠民生和促消费、投资于物和投资于人紧密结合，我们定能书写温暖人心的民生答卷、令人振奋的发展新篇。","# 把惠民利民的好事办实（今日谈）

> 申少铁《人民日报》（2026年01月08日第 01 版）

2026年育儿补贴1月5日起正式全面开放申领。自去年7月制定出台实施方案以来，这项惠民利民的好政策惠及上千万个家庭。

育儿是家庭大事，也是国之大事。通过财政资金的精准发放，育儿家庭每孩每月能领300元补贴，既能直接减轻生育养育负担，推动建设生育友好型社会，也能以“小切口”撬动“大民生”，助力人口高质量发展和人民高品质生活，体现的正是“投资于人”的内在要求。

民生改善只有进行时。“十五五”规划建议围绕加大保障和改善民生力度部署了一系列重大举措。在发展中保障和改善民生，关键要以钉钉子精神抓落实，把教育、医疗、养老等惠民利民的一件件好事办实，让现代化建设成果更好惠及全体人民。

“每个‘小家’热气腾腾，中国这个‘大家’就蒸蒸日上。”坚持惠民生和促消费、投资于物和投资于人紧密结合，我们定能书写温暖人心的民生答卷、令人振奋的发展新篇。",申少铁,要闻,https://paper.people.com.cn/rmrb/pc/content/202601/08/content_30130429.html,2026-01-08,"['惠民', '民生', '利民', '育儿', '办实', '惠及', '家庭', '改善', '生育', '好事']","2026年育儿补贴1月5日起正式全面开放申领。自去年7月制定出台实施方案以来，这项惠民利民的好政策惠及上千万个家庭。
育儿是家庭大事，也是国之大事。通过财政资金的精准发放，育儿家庭每孩每月能领300元补贴，既能直接减轻生育养育负担，推动建设生育友好型社会，也能以“小切口”撬动“大民生”，助力人口高质量发展和人民高品质生活，体现的正是“投资于人”的内在要求。
民生改善只有进行时。“十五五”规划建议围绕加大保障和改善民生力度部署了一系列重大举措。在发展中保障和改善民生，关键要以钉钉子精神抓落实，把教育、医疗、养老等惠民利民的一件件好事办实，让现代化建设成果更好惠及全体人民。",政治
刘国中在河南调研时强调,"新华社郑州1月7日电  中共中央政治局委员、国务院副总理刘国中6日至7日到河南调研。他强调，要深入学习贯彻习近平总书记重要指示精神，全面贯彻中央经济工作会议和中央农村工作会议部署，落实粮食安全党政同责和“菜篮子”市长负责制，着力抓好小麦田管促苗情转化升级，扎实做好“菜篮子”产品稳产保供，确保粮食和重要农产品稳定安全供给，为“十五五”开好局起好步提供有力保障。
刘国中先后来到安阳市安阳县、内黄县，深入田间地头和为农服务中心，实地了解冬小麦苗情、防寒抗旱、农资供应保障等情况。他说，全国冬小麦播种面积保持稳定，但部分地区当前苗情偏弱，必须坚持底线思维，立足抗灾夺丰收，抢前抓早、科学指导做好田间管理，夯实夏粮生产基础。要密切监测苗情墒情，有效防范寒潮、干旱等灾害性天气，确保冬小麦安全越冬。要坚持措施前移、分类施策、压茬推进、一促到底，切实将促弱转壮关键技术措施落实到具体田块、落实到县乡村和责任人，促进苗情转化升级。要扎实做好化肥、农药、种子等农资保供稳价，切实保障春耕需求。要完善高效便捷的农业社会化服务体系，促进小农户和现代农业发展有机衔接，推动大面积均衡增产。要落实好粮食生产各项支持政策，提前预拨相关资金，支持开展田间管理和春耕备耕。
刘国中还来到蔬菜种植基地和农产品批发市场，调研设施农业和“菜篮子”产品供应情况。他强调，春节前后是“菜篮子”产品消费旺季，要加强蔬菜、水果、肉蛋奶、水产品价格监测和信息发布，统筹抓好生产供应、质量检测等工作，确保量足价稳、质量安全。要有效推进生猪产能综合调控，持续抓好肉牛奶牛产业纾困，加强动物疫病防治，促进产业提质增效。要因地制宜发展设施农业，提高多元化食物供给能力，更好带动农民增收。","# 刘国中在河南调研时强调

> 《人民日报》（2026年01月08日第 02 版）

新华社郑州1月7日电  中共中央政治局委员、国务院副总理刘国中6日至7日到河南调研。他强调，要深入学习贯彻习近平总书记重要指示精神，全面贯彻中央经济工作会议和中央农村工作会议部署，落实粮食安全党政同责和“菜篮子”市长负责制，着力抓好小麦田管促苗情转化升级，扎实做好“菜篮子”产品稳产保供，确保粮食和重要农产品稳定安全供给，为“十五五”开好局起好步提供有力保障。

刘国中先后来到安阳市安阳县、内黄县，深入田间地头和为农服务中心，实地了解冬小麦苗情、防寒抗旱、农资供应保障等情况。他说，全国冬小麦播种面积保持稳定，但部分地区当前苗情偏弱，必须坚持底线思维，立足抗灾夺丰收，抢前抓早、科学指导做好田间管理，夯实夏粮生产基础。要密切监测苗情墒情，有效防范寒潮、干旱等灾害性天气，确保冬小麦安全越冬。要坚持措施前移、分类施策、压茬推进、一促到底，切实将促弱转壮关键技术措施落实到具体田块、落实到县乡村和责任人，促进苗情转化升级。要扎实做好化肥、农药、种子等农资保供稳价，切实保障春耕需求。要完善高效便捷的农业社会化服务体系，促进小农户和现代农业发展有机衔接，推动大面积均衡增产。要落实好粮食生产各项支持政策，提前预拨相关资金，支持开展田间管理和春耕备耕。

刘国中还来到蔬菜种植基地和农产品批发市场，调研设施农业和“菜篮子”产品供应情况。他强调，春节前后是“菜篮子”产品消费旺季，要加强蔬菜、水果、肉蛋奶、水产品价格监测和信息发布，统筹抓好生产供应、质量检测等工作，确保量足价稳、质量安全。要有效推进生猪产能综合调控，持续抓好肉牛奶牛产业纾困，加强动物疫病防治，促进产业提质增效。要因地制宜发展设施农业，提高多元化食物供给能力，更好带动农民增收。",,要闻,https://paper.people.com.cn/rmrb/pc/content/202601/08/content_30130430.html,2026-01-08,"['苗情', '菜篮子', '刘国', '冬小麦', '落实', '抓好', '保供', '田间管理', '调研', '春耕']","新华社郑州1月7日电  中共中央政治局委员、国务院副总理刘国中6日至7日到河南调研。他强调，要深入学习贯彻习近平总书记重要指示精神，全面贯彻中央经济工作会议和中央农村工作会议部署，落实粮食安全党政同责和“菜篮子”市长负责制，着力抓好小麦田管促苗情转化升级，扎实做好“菜篮子”产品稳产保供，确保粮食和重要农产品稳定安全供给，为“十五五”开好局起好步提供有力保障。
刘国中先后来到安阳市安阳县、内黄县，深入田间地头和为农服务中心，实地了解冬小麦苗情、防寒抗旱、农资供应保障等情况。他说，全国冬小麦播种面积保持稳定，但部分地区当前苗情偏弱，必须坚持底线思维，立足抗灾夺丰收，抢前抓早、科学指导做好田间管理，夯实夏粮生产基础。要密切监测苗情墒情，有效防范寒潮、干旱等灾害性天气，确保冬小麦安全越冬。要坚持措施前移、分类施策、压茬推进、一促到底，切实将促弱转壮关键技术措施落实到具体田块、落实到县乡村和责任人，促进苗情转化升级。要扎实做好化肥、农药、种子等农资保供稳价，切实保障春耕需求。要完善高效便捷的农业社会化服务体系，促进小农户和现代农业发展有机衔接，推动大面积均衡增产。要落实好粮食生产各项支持政策，提前预拨相关资金，支持开展田间管理和春耕备耕。
刘国中还来到蔬菜种植基地和农产品批发市场，调研设施农业和“菜篮子”产品供应情况。他强调，春节前后是“菜篮子”产品消费旺季，要加强蔬菜、水果、肉蛋奶、水产品价格监测和信息发布，统筹抓好生产供应、质量检测等工作，确保量足价稳、质量安全。要有效推进生猪产能综合调控，持续抓好肉牛奶牛产业纾困，加强动物疫病防治，促进产业提质增效。要因地制宜发展设施农业，提高多元化食物供给能力，更好带动农民增收。",政治
让好政策能落地、见成效（编辑手记）,"购物、出行、育儿、办企……年初岁首，从消费到服务，从发展到民生，一系列操作性强、效果好、群众企业可感可及的政策举措落地实施、优化升级，彰显改革力度、传递民生温暖。新年伊始的中国，正展现出高质量发展的澎湃动能与活力。
2026年是“十五五”开局之年。中央经济工作会议着眼于确保“十五五”开好局、起好步，确定了2026年经济工作的总体要求、政策取向，提出了8项重点任务，方向明确、路径清晰。
蓝图已经绘就，奋进正当其时。在这承上启下、继往开来的一年，各地区各部门要锚定目标任务，结合实际、因地制宜，积极打通政策落地最后一公里，让好政策能落地、见成效，传递积极信号、稳定发展预期。
站在新年新起点，让我们坚定信心、乘势而上，以实干苦干的作风和锲而不舍的精神，扎实做好各项工作，奋力实现全年经济社会发展目标任务，推进高质量发展和民生福祉再上新台阶。","# 让好政策能落地、见成效（编辑手记）

> 祁嘉润《人民日报》（2026年01月08日第 02 版）

购物、出行、育儿、办企……年初岁首，从消费到服务，从发展到民生，一系列操作性强、效果好、群众企业可感可及的政策举措落地实施、优化升级，彰显改革力度、传递民生温暖。新年伊始的中国，正展现出高质量发展的澎湃动能与活力。

2026年是“十五五”开局之年。中央经济工作会议着眼于确保“十五五”开好局、起好步，确定了2026年经济工作的总体要求、政策取向，提出了8项重点任务，方向明确、路径清晰。

蓝图已经绘就，奋进正当其时。在这承上启下、继往开来的一年，各地区各部门要锚定目标任务，结合实际、因地制宜，积极打通政策落地最后一公里，让好政策能落地、见成效，传递积极信号、稳定发展预期。

站在新年新起点，让我们坚定信心、乘势而上，以实干苦干的作风和锲而不舍的精神，扎实做好各项工作，奋力实现全年经济社会发展目标任务，推进高质量发展和民生福祉再上新台阶。",祁嘉润,要闻,https://paper.people.com.cn/rmrb/pc/content/202601/08/content_30130432.html,2026-01-08,"['落地', '2026', '政策', '民生', '见成效', '高质量', '发展', '任务', '十五', '传递']","购物、出行、育儿、办企……年初岁首，从消费到服务，从发展到民生，一系列操作性强、效果好、群众企业可感可及的政策举措落地实施、优化升级，彰显改革力度、传递民生温暖。新年伊始的中国，正展现出高质量发展的澎湃动能与活力。
2026年是“十五五”开局之年。中央经济工作会议着眼于确保“十五五”开好局、起好步，确定了2026年经济工作的总体要求、政策取向，提出了8项重点任务，方向明确、路径清晰。
蓝图已经绘就，奋进正当其时。在这承上启下、继往开来的一年，各地区各部门要锚定目标任务，结合实际、因地制宜，积极打通政策落地最后一公里，让好政策能落地、见成效，传递积极信号、稳定发展预期。",政治
驶入新赛道，这家“老”企业年收15亿元（奋进“十五五”·一线见闻）,"促进制造业数智化转型，发展智能制造、绿色制造、服务型制造，加快产业模式和企业组织形态变革。
——摘自“十五五”规划建议
元旦假期刚结束，四川省绵阳科技城新区机器人智能制造产业园内，员工乘坐无人驾驶公交车、接驳车回归岗位，装满包裹的无人配送车奔忙送货，各种自动驾驶场景已融入日常。数据运营中心里，人工智能自动分解任务，为无人车辆规划路线。
“园区的50多台无人设备实现‘一脑多控’，运营成本降低，管理效率提高。”四川九洲投资控股集团旗下九洲软件有限公司产品经理王若铃介绍，公司为机器人产业园定制智能网联云控平台，满足园区自动驾驶场景需求。
九洲集团始建于1958年，是一家传统制造企业。近年来，除了生产电子系统装备、通信与智能终端等硬件产品，还“生产”起自然灾害监测预警平台、生产管理系统等数字化方案与产品，拓展软件服务业务，发展服务型制造。
为何拓展软件服务业务？
“集团和许多客户在发展中都有数字化转型需求。”九洲集团战略发展部副部长杨志坤说，传统制造业的“接订单”模式利润空间有限，开拓信息技术服务业板块，能进入整体解决方案等业务领域，附加值更高。
2022年，九洲软件成立。角色的真正转换却不容易：企业管理平台搭载了先进算法，却不贴合传统企业使用习惯；精心研制的智能体刚交付，客户就提出功能不全要升级……
“思维方式要转变。”九洲软件副总经理宋晓晨说，公司成立初期，大家还是“制造思维”：专注研发、尽快交付。但在服务领域，紧贴需求、跟进服务，才更有竞争力。
接手机器人产业园项目后，王若铃与同事调研数月：了解客户需求、摸排园区周边道路情况，判断无人设备能否进场；走访园区企业、公交公司和快递公司，收集实用建议细化方案。
最终，自动驾驶场景成形落地。园区企业通过小程序预约无人配送车收发包裹，无人清扫车、巡逻车成为“新员工”。“平台还能接入多种无人设备，园区企业生产的无人机、机器狗都可以在这里验证、展示。”王若铃说，智能网联云控平台可赋能园区的商业和产业。
项目交付不是结束，驻场服务一年多，九洲软件持续提供服务升级。“不仅要调试现有系统以保障运行，还要开发新功能。”王若铃向记者展示运行成本管理、报告自动生成等新模块，“现在还用不上，但自动驾驶发展迅猛，很快就可能有需要。”
说话间，一辆无人驾驶公交车行至路口。数据运营中心的屏幕中央，数字孪生画面实时还原车路情况，事故预警分析同步进行。“得益于硬件支持，平台运行流畅。”九洲软件解决方案工程师吕伟介绍，无人设备搭载的雷达、路侧设备的边缘计算盒子等均为九洲集团制造。
九洲软件提供的数字化方案，所需硬件设备多数产自九洲集团。“服务方案在集团内经过大量测试。‘软硬资源共享’模式让硬件的适配度更高，并能根据软件需求及时调整。”吕伟说，自己曾遇到算法对违规变道识别不够精准的难题，部分原因在于路侧雷达、摄像头分设，获取的数据无法打通分析；软件团队提出需求后，九洲集团很快提供更先进的雷摄一体机，解决了问题。
“制造筑基、软件增值”，让这家传统企业焕发新活力。2025年，九洲软件营业收入预计达15亿元。“新赛道充满新机遇。奋进‘十五五’，我们既要发挥好硬件制造的优势，也要加强服务技术投入，攻关行业大模型等关键产品，开拓增量市场。”宋晓晨干劲十足。
本期统筹：郭雪岩","# 驶入新赛道，这家“老”企业年收15亿元（奋进“十五五”·一线见闻）

> 本报记者  李凯旋《人民日报》（2026年01月08日第 02 版）

促进制造业数智化转型，发展智能制造、绿色制造、服务型制造，加快产业模式和企业组织形态变革。

——摘自“十五五”规划建议

元旦假期刚结束，四川省绵阳科技城新区机器人智能制造产业园内，员工乘坐无人驾驶公交车、接驳车回归岗位，装满包裹的无人配送车奔忙送货，各种自动驾驶场景已融入日常。数据运营中心里，人工智能自动分解任务，为无人车辆规划路线。

“园区的50多台无人设备实现‘一脑多控’，运营成本降低，管理效率提高。”四川九洲投资控股集团旗下九洲软件有限公司产品经理王若铃介绍，公司为机器人产业园定制智能网联云控平台，满足园区自动驾驶场景需求。

九洲集团始建于1958年，是一家传统制造企业。近年来，除了生产电子系统装备、通信与智能终端等硬件产品，还“生产”起自然灾害监测预警平台、生产管理系统等数字化方案与产品，拓展软件服务业务，发展服务型制造。

为何拓展软件服务业务？

“集团和许多客户在发展中都有数字化转型需求。”九洲集团战略发展部副部长杨志坤说，传统制造业的“接订单”模式利润空间有限，开拓信息技术服务业板块，能进入整体解决方案等业务领域，附加值更高。

2022年，九洲软件成立。角色的真正转换却不容易：企业管理平台搭载了先进算法，却不贴合传统企业使用习惯；精心研制的智能体刚交付，客户就提出功能不全要升级……

“思维方式要转变。”九洲软件副总经理宋晓晨说，公司成立初期，大家还是“制造思维”：专注研发、尽快交付。但在服务领域，紧贴需求、跟进服务，才更有竞争力。

接手机器人产业园项目后，王若铃与同事调研数月：了解客户需求、摸排园区周边道路情况，判断无人设备能否进场；走访园区企业、公交公司和快递公司，收集实用建议细化方案。

最终，自动驾驶场景成形落地。园区企业通过小程序预约无人配送车收发包裹，无人清扫车、巡逻车成为“新员工”。“平台还能接入多种无人设备，园区企业生产的无人机、机器狗都可以在这里验证、展示。”王若铃说，智能网联云控平台可赋能园区的商业和产业。

项目交付不是结束，驻场服务一年多，九洲软件持续提供服务升级。“不仅要调试现有系统以保障运行，还要开发新功能。”王若铃向记者展示运行成本管理、报告自动生成等新模块，“现在还用不上，但自动驾驶发展迅猛，很快就可能有需要。”

说话间，一辆无人驾驶公交车行至路口。数据运营中心的屏幕中央，数字孪生画面实时还原车路情况，事故预警分析同步进行。“得益于硬件支持，平台运行流畅。”九洲软件解决方案工程师吕伟介绍，无人设备搭载的雷达、路侧设备的边缘计算盒子等均为九洲集团制造。

九洲软件提供的数字化方案，所需硬件设备多数产自九洲集团。“服务方案在集团内经过大量测试。‘软硬资源共享’模式让硬件的适配度更高，并能根据软件需求及时调整。”吕伟说，自己曾遇到算法对违规变道识别不够精准的难题，部分原因在于路侧雷达、摄像头分设，获取的数据无法打通分析；软件团队提出需求后，九洲集团很快提供更先进的雷摄一体机，解决了问题。

“制造筑基、软件增值”，让这家传统企业焕发新活力。2025年，九洲软件营业收入预计达15亿元。“新赛道充满新机遇。奋进‘十五五’，我们既要发挥好硬件制造的优势，也要加强服务技术投入，攻关行业大模型等关键产品，开拓增量市场。”宋晓晨干劲十足。

本期统筹：郭雪岩",李凯旋,要闻,https://paper.people.com.cn/rmrb/pc/content/202601/08/content_30130433.html,2026-01-08,"['九洲', '软件', '园区', '无人', '制造', '王若铃', '服务', '硬件', '自动', '企业']","促进制造业数智化转型，发展智能制造、绿色制造、服务型制造，加快产业模式和企业组织形态变革。
——摘自“十五五”规划建议
元旦假期刚结束，四川省绵阳科技城新区机器人智能制造产业园内，员工乘坐无人驾驶公交车、接驳车回归岗位，装满包裹的无人配送车奔忙送货，各种自动驾驶场景已融入日常。数据运营中心里，人工智能自动分解任务，为无人车辆规划路线。",经济
加强服务型制造关键共性技术攻关和模式创新（专家点评）,"发展服务型制造是推动先进制造业与现代服务业深度融合、促进信息化和工业化深度融合、加快建设现代化产业体系的重要举措。2025年9月，工业和信息化部等7部门联合印发《深入推动服务型制造创新发展实施方案（2025—2028年）》，明确发展服务型制造的目标和任务。
“十四五”以来，服务型制造在企业实践探索中不断创新发展，促进我国制造业发展质效持续提升。投资方面，提供丰富场景，促进新一代信息技术的深度应用，有效激发大数据、人工智能、工业互联网等领域新型基础设施的投资。消费方面，着力破解消费供给的结构性矛盾，改善供给体系、扩大市场需求。出口方面，通过差异化、定制化、全周期的服务提升我国企业国际竞争力，推动服务贸易量质齐升。
未来，要以系统性、整体性、协同性的思路推动服务型制造创新发展。加强服务型制造关键共性技术攻关和模式创新，培育壮大重点生产性服务业，分类推进服务型制造典型模式推广应用，推进标准体系建设，激发经营主体活力，打造服务型制造创新发展高地，夯实服务型制造发展数智技术底座。着力开展共享制造培育提升行动、服务型制造品牌提升行动、融合应用场景创新示范行动。此外，从强化政策支持、完善公共服务、壮大人才队伍、推进国际合作等方面发力，推动服务型制造发展不断迈上新台阶。
（作者为工业和信息化部电子第五研究所所长、党委副书记，本报记者刘温馨采访整理）","# 加强服务型制造关键共性技术攻关和模式创新（专家点评）

> 杨建军《人民日报》（2026年01月08日第 02 版）

发展服务型制造是推动先进制造业与现代服务业深度融合、促进信息化和工业化深度融合、加快建设现代化产业体系的重要举措。2025年9月，工业和信息化部等7部门联合印发《深入推动服务型制造创新发展实施方案（2025—2028年）》，明确发展服务型制造的目标和任务。

“十四五”以来，服务型制造在企业实践探索中不断创新发展，促进我国制造业发展质效持续提升。投资方面，提供丰富场景，促进新一代信息技术的深度应用，有效激发大数据、人工智能、工业互联网等领域新型基础设施的投资。消费方面，着力破解消费供给的结构性矛盾，改善供给体系、扩大市场需求。出口方面，通过差异化、定制化、全周期的服务提升我国企业国际竞争力，推动服务贸易量质齐升。

未来，要以系统性、整体性、协同性的思路推动服务型制造创新发展。加强服务型制造关键共性技术攻关和模式创新，培育壮大重点生产性服务业，分类推进服务型制造典型模式推广应用，推进标准体系建设，激发经营主体活力，打造服务型制造创新发展高地，夯实服务型制造发展数智技术底座。着力开展共享制造培育提升行动、服务型制造品牌提升行动、融合应用场景创新示范行动。此外，从强化政策支持、完善公共服务、壮大人才队伍、推进国际合作等方面发力，推动服务型制造发展不断迈上新台阶。

（作者为工业和信息化部电子第五研究所所长、党委副书记，本报记者刘温馨采访整理）",杨建军,要闻,https://paper.people.com.cn/rmrb/pc/content/202601/08/content_30130434.html,2026-01-08,"['服务型', '制造', '创新', '发展', '推动', '2025', '信息化', '提升', '融合', '深度']","发展服务型制造是推动先进制造业与现代服务业深度融合、促进信息化和工业化深度融合、加快建设现代化产业体系的重要举措。2025年9月，工业和信息化部等7部门联合印发《深入推动服务型制造创新发展实施方案（2025—2028年）》，明确发展服务型制造的目标和任务。
“十四五”以来，服务型制造在企业实践探索中不断创新发展，促进我国制造业发展质效持续提升。投资方面，提供丰富场景，促进新一代信息技术的深度应用，有效激发大数据、人工智能、工业互联网等领域新型基础设施的投资。消费方面，着力破解消费供给的结构性矛盾，改善供给体系、扩大市场需求。出口方面，通过差异化、定制化、全周期的服务提升我国企业国际竞争力，推动服务贸易量质齐升。
未来，要以系统性、整体性、协同性的思路推动服务型制造创新发展。加强服务型制造关键共性技术攻关和模式创新，培育壮大重点生产性服务业，分类推进服务型制造典型模式推广应用，推进标准体系建设，激发经营主体活力，打造服务型制造创新发展高地，夯实服务型制造发展数智技术底座。着力开展共享制造培育提升行动、服务型制造品牌提升行动、融合应用场景创新示范行动。此外，从强化政策支持、完善公共服务、壮大人才队伍、推进国际合作等方面发力，推动服务型制造发展不断迈上新台阶。",政治
福建推动300多个公共数据社会化应用场景上线,"数据来源：国家数据局福建省数据管理局制图：张芳曼
数据来源：国家数据局
福建省数据管理局
制图：张芳曼
扩大基础公共信息数据安全有序开放，探索将公共数据服务纳入公共服务体系。
——摘自“十四五”规划纲要
健全数据要素基础制度，建设开放共享安全的全国一体化数据市场，深化数据资源开发利用。
——摘自“十五五”规划建议
退役军人许传宗，在景区闸机前“刷脸”就能免票进入；企业员工贺敏娜，发现申请贷款需要的材料少了、到账时间快了；工程师林涛，对强降雨情况下城市有效防洪排涝更有信心……在福建，公共数据应用场景不断丰富，为生产生活带来许多便利。
福建省数据管理局相关负责人介绍，目前福建共开放4.5万多个公共数据目录，开放公共数据超百亿条，推动300多个公共数据社会化应用场景上线。福建已建立公共数据授权运营价格形成机制，完成公共数据资源市场化配置从登记管理、服务供给到定价收费的政策闭环，充分释放公共数据资源价值。
公共数据如何“跑起来”“用起来”？放眼全国，“十四五”时期全面深化数据要素市场化配置改革，数据资源管理制度建设及开发利用达到全新高度，数字中国建设取得显著成就。
优化民生服务
数据多流通，群众少跑路
福州市三坊七巷历史文化街区，游人如织、热闹非凡。
打开手机小程序，填写个人实名信息，一键授权退役军人认证……“没想到手机上点一点就能直接进景区，很方便很暖心。”许传宗说，这比专门到窗口亮证免票节省了不少时间。
“退役军人、优抚对象、残疾人、老年人、学生等可享受旅游优惠的人群数量庞大，景区人工窗口在旅游旺季时压力不小。”三坊七巷景区交易数据要素化文旅部技术创新中心主任苏万生介绍，为提升相关人群入园便利度，中心2025年推出“旅游景区特定人群免证便捷入园”应用，通过公共数据平台调取省退役军人事务、人社、残联、教育等部门数据，相关人群在手机上完成数据授权与认证，就能依据景区购票规定享受优惠，实现“免证入园”。目前，免证便捷入园应用已在福建12家5A级旅游景区落地试运行，2025年累计覆盖实名认证用户近60万名。
“数据多流通，群众少跑路。”在福建省数据管理局副局长刘民杰看来，在信息安全前提下，根据不同社会服务需求开发公共数据应用场景，能有效提升群众办事便利度。
80多岁的陈阿伯不会使用智能手机，但也感受到数据流通带来的方便。他家住南平市，每隔3周就要到福州的医院配药。“在老家医院做完检查，再来福州配药，当天就能来回，省下了住宿费。”
“每次配药前，我们都会根据血常规和肝肾功能检查结果调整用药。”陈阿伯的主治医生、福州大学附属省立医院肿瘤内科主任医师张桂枫介绍，过去，不少外地患者需要过夜等待检查结果。2021年，福建推出医疗检查检验结果互认信息系统，许多外地患者可以提前在当地医院做完检查，再拿着结果到福州的医院看诊配药。该系统上线以来，已实现171项检查检验结果互认，共有654家医院纳入互认机构。
促进融资对接
联通银企信息，加速资金流动
登录福建“金服云”平台网站，进入专精特新企业贷款页面，填写申请额度、期限、担保方式、指定金融机构、贷款种类等信息，福建阿石创新材料股份有限公司审计负责人贺敏娜熟练演示着贷款申请流程。
“点击提交，就能发布融资需求，完成贷款以后直接享受财政贴息后的利率。”贺敏娜说，2025年初，该公司通过“金服云”平台从兴业银行贷得3000万元一年期信用贷款，用于购置原材料。“以前要等上1个月，提供一堆证明材料，贴息资金还要重新向政府申请。”贺敏娜说，这次贷款所需材料数量明显减少，从申请到放款只用了5个工作日，贴息后融资成本较之前下降30%。
企业希望快速获得贷款，金融机构需要充分评估放贷条件，如何兼顾双方需求？
“靠数据打通银企之间的信息通道。”福建省金服云征信有限责任公司董事长陈智超介绍，以这次发放的专精特新专项贷款为例，平台导入专精特新企业名单，就能直接认证企业申请资格。
调用更多数据搭建评估模型，还能为金融机构快速授信放款提供决策支持。
“小微企业登录申请界面，填写基本信息，进行数据调用授权，我们就能根据数据快速计算企业可贷额度，并开展企业信用评估。企业上午申请，最快当天下午就能拿到贷款。”福建省农村信用社联合社普惠金融部工作人员杨超介绍，面向小微企业与个体工商户融资需求，该社与“金服云”平台联合开发“微e贷”产品，在公共数据平台内调用工商、税务、电力、社保等数据，自动生成企业授信意见，成为发放信用贷款的重要依据。
“以前业务员天天忙着收企业证明材料、走审批流程、给信贷档案归档。现在有了数据模型辅助，企业更省心，业务员也有更多时间深入服务客户。”杨超介绍，“微e贷”试点以来，已服务142户客户，贷款余额约1.37亿元。
“根据金融机构不同需求，我们利用公共数据生成多种企业信用评估模型，让金融机构‘敢贷、愿贷、能贷、会贷’。”陈智超说，截至2025年12月末，“金服云”平台已服务撮合近110万笔企业融资，融资金额超1.57万亿元，金融机构调用各类相关征信报告超330万次。
辅助城市治理
实时采集监测，智慧联合调度
公共数据还能成为城市治理的“眼睛”和“大脑”。
一组数据对比，让福州市城区水系联排联调中心调度办工程师林涛看到数据“治水”的能力——
2016年台风“鲇鱼”登陆时，24小时最大雨量241.2毫米，城区大面积积水，多个小区、地下车库被淹。而2024年台风“格美”登陆期间，24小时最大雨量达327.5毫米，城区降水过程中却全时段基本无积水，交通正常通行。
“之前，城区内涉水管理职能分散在5家单位，各管各的。强降雨来临时，全凭人工测量上报和经验处置，效率不高。”林涛介绍，2017年，福州整合各涉水管理部门，成立城区水系联排联调中心，从部门分而治之变为合力共管，各项涉水数据也随之打通。
福州市城区水系联排联调中心科技信息处处长徐涛介绍，该中心的城区水系科学调度系统已接入133个雨量站、589个水质水位、750个路面积水、1604个管网水位监测点，并共享整合气象、水文、水利、交警等部门数据，实时掌握市内重点水系运行状况。“路面一旦出现积水，就会自动触发警报，附近的工作人员能迅速到达处置。”徐涛说。
实时数据助力快速响应，历史数据还能用于训练大数据预测模型，进而辅助决策。
“在持续降水时，既要保证下游河水不倒灌，又要让上游水库科学泄洪。”林涛说，水系调度是系统工程，动态变化的降水量、管网水位等情况都会影响调度决策。
“有了分析模型，输入各项实时数据，我们就能预测未来各时段河道水位上涨情况。”林涛介绍，在过去多次强降雨过程中，该模型发挥了重要作用。
借助数据采集与分析，联排联调机制建立以来，福州城区排水防涝应急处置效率提升50%以上，库湖河调蓄水量提高30%以上。
“公共数据有巨大的经济和社会价值。”刘民杰表示，“十五五”时期，将建立适合本地的数据保护和利用机制，拓展更丰富的应用场景，让数据释放更大潜力、惠及更多主体。","# 福建推动300多个公共数据社会化应用场景上线

> 本报记者  施  钰《人民日报》（2026年01月08日第 06 版）

数据来源：国家数据局　　福建省数据管理局　　制图：张芳曼

数据来源：国家数据局

福建省数据管理局

制图：张芳曼

扩大基础公共信息数据安全有序开放，探索将公共数据服务纳入公共服务体系。

——摘自“十四五”规划纲要

健全数据要素基础制度，建设开放共享安全的全国一体化数据市场，深化数据资源开发利用。

——摘自“十五五”规划建议

退役军人许传宗，在景区闸机前“刷脸”就能免票进入；企业员工贺敏娜，发现申请贷款需要的材料少了、到账时间快了；工程师林涛，对强降雨情况下城市有效防洪排涝更有信心……在福建，公共数据应用场景不断丰富，为生产生活带来许多便利。

福建省数据管理局相关负责人介绍，目前福建共开放4.5万多个公共数据目录，开放公共数据超百亿条，推动300多个公共数据社会化应用场景上线。福建已建立公共数据授权运营价格形成机制，完成公共数据资源市场化配置从登记管理、服务供给到定价收费的政策闭环，充分释放公共数据资源价值。

公共数据如何“跑起来”“用起来”？放眼全国，“十四五”时期全面深化数据要素市场化配置改革，数据资源管理制度建设及开发利用达到全新高度，数字中国建设取得显著成就。

**优化民生服务**

**数据多流通，群众少跑路**

福州市三坊七巷历史文化街区，游人如织、热闹非凡。

打开手机小程序，填写个人实名信息，一键授权退役军人认证……“没想到手机上点一点就能直接进景区，很方便很暖心。”许传宗说，这比专门到窗口亮证免票节省了不少时间。

“退役军人、优抚对象、残疾人、老年人、学生等可享受旅游优惠的人群数量庞大，景区人工窗口在旅游旺季时压力不小。”三坊七巷景区交易数据要素化文旅部技术创新中心主任苏万生介绍，为提升相关人群入园便利度，中心2025年推出“旅游景区特定人群免证便捷入园”应用，通过公共数据平台调取省退役军人事务、人社、残联、教育等部门数据，相关人群在手机上完成数据授权与认证，就能依据景区购票规定享受优惠，实现“免证入园”。目前，免证便捷入园应用已在福建12家5A级旅游景区落地试运行，2025年累计覆盖实名认证用户近60万名。

“数据多流通，群众少跑路。”在福建省数据管理局副局长刘民杰看来，在信息安全前提下，根据不同社会服务需求开发公共数据应用场景，能有效提升群众办事便利度。

80多岁的陈阿伯不会使用智能手机，但也感受到数据流通带来的方便。他家住南平市，每隔3周就要到福州的医院配药。“在老家医院做完检查，再来福州配药，当天就能来回，省下了住宿费。”

“每次配药前，我们都会根据血常规和肝肾功能检查结果调整用药。”陈阿伯的主治医生、福州大学附属省立医院肿瘤内科主任医师张桂枫介绍，过去，不少外地患者需要过夜等待检查结果。2021年，福建推出医疗检查检验结果互认信息系统，许多外地患者可以提前在当地医院做完检查，再拿着结果到福州的医院看诊配药。该系统上线以来，已实现171项检查检验结果互认，共有654家医院纳入互认机构。

**促进融资对接**

**联通银企信息，加速资金流动**

登录福建“金服云”平台网站，进入专精特新企业贷款页面，填写申请额度、期限、担保方式、指定金融机构、贷款种类等信息，福建阿石创新材料股份有限公司审计负责人贺敏娜熟练演示着贷款申请流程。

“点击提交，就能发布融资需求，完成贷款以后直接享受财政贴息后的利率。”贺敏娜说，2025年初，该公司通过“金服云”平台从兴业银行贷得3000万元一年期信用贷款，用于购置原材料。“以前要等上1个月，提供一堆证明材料，贴息资金还要重新向政府申请。”贺敏娜说，这次贷款所需材料数量明显减少，从申请到放款只用了5个工作日，贴息后融资成本较之前下降30%。

企业希望快速获得贷款，金融机构需要充分评估放贷条件，如何兼顾双方需求？

“靠数据打通银企之间的信息通道。”福建省金服云征信有限责任公司董事长陈智超介绍，以这次发放的专精特新专项贷款为例，平台导入专精特新企业名单，就能直接认证企业申请资格。

调用更多数据搭建评估模型，还能为金融机构快速授信放款提供决策支持。

“小微企业登录申请界面，填写基本信息，进行数据调用授权，我们就能根据数据快速计算企业可贷额度，并开展企业信用评估。企业上午申请，最快当天下午就能拿到贷款。”福建省农村信用社联合社普惠金融部工作人员杨超介绍，面向小微企业与个体工商户融资需求，该社与“金服云”平台联合开发“微e贷”产品，在公共数据平台内调用工商、税务、电力、社保等数据，自动生成企业授信意见，成为发放信用贷款的重要依据。

“以前业务员天天忙着收企业证明材料、走审批流程、给信贷档案归档。现在有了数据模型辅助，企业更省心，业务员也有更多时间深入服务客户。”杨超介绍，“微e贷”试点以来，已服务142户客户，贷款余额约1.37亿元。

“根据金融机构不同需求，我们利用公共数据生成多种企业信用评估模型，让金融机构‘敢贷、愿贷、能贷、会贷’。”陈智超说，截至2025年12月末，“金服云”平台已服务撮合近110万笔企业融资，融资金额超1.57万亿元，金融机构调用各类相关征信报告超330万次。

**辅助城市治理**

**实时采集监测，智慧联合调度**

公共数据还能成为城市治理的“眼睛”和“大脑”。

一组数据对比，让福州市城区水系联排联调中心调度办工程师林涛看到数据“治水”的能力——

2016年台风“鲇鱼”登陆时，24小时最大雨量241.2毫米，城区大面积积水，多个小区、地下车库被淹。而2024年台风“格美”登陆期间，24小时最大雨量达327.5毫米，城区降水过程中却全时段基本无积水，交通正常通行。

“之前，城区内涉水管理职能分散在5家单位，各管各的。强降雨来临时，全凭人工测量上报和经验处置，效率不高。”林涛介绍，2017年，福州整合各涉水管理部门，成立城区水系联排联调中心，从部门分而治之变为合力共管，各项涉水数据也随之打通。

福州市城区水系联排联调中心科技信息处处长徐涛介绍，该中心的城区水系科学调度系统已接入133个雨量站、589个水质水位、750个路面积水、1604个管网水位监测点，并共享整合气象、水文、水利、交警等部门数据，实时掌握市内重点水系运行状况。“路面一旦出现积水，就会自动触发警报，附近的工作人员能迅速到达处置。”徐涛说。

实时数据助力快速响应，历史数据还能用于训练大数据预测模型，进而辅助决策。

“在持续降水时，既要保证下游河水不倒灌，又要让上游水库科学泄洪。”林涛说，水系调度是系统工程，动态变化的降水量、管网水位等情况都会影响调度决策。

“有了分析模型，输入各项实时数据，我们就能预测未来各时段河道水位上涨情况。”林涛介绍，在过去多次强降雨过程中，该模型发挥了重要作用。

借助数据采集与分析，联排联调机制建立以来，福州城区排水防涝应急处置效率提升50%以上，库湖河调蓄水量提高30%以上。

“公共数据有巨大的经济和社会价值。”刘民杰表示，“十五五”时期，将建立适合本地的数据保护和利用机制，拓展更丰富的应用场景，让数据释放更大潜力、惠及更多主体。",施  钰,要闻,https://paper.people.com.cn/rmrb/pc/content/202601/08/content_30130464.html,2026-01-08,"['公共数据', '数据', '城区', '林涛', '金服', '贷款', '景区', '福建', '企业', '介绍']","数据来源：国家数据局福建省数据管理局制图：张芳曼
数据来源：国家数据局
福建省数据管理局",政治
充分释放公共数据价值（专家点评）,"公共数据是数据要素的重要组成部分，蕴含巨大价值。“十四五”时期，我国持续建立健全公共数据开发利用政策体系，让公共数据“跑起来”“用起来”，取得了积极进展。
“横向贯通、纵向联动”的共享体系基本建成。横向看，浙江、福建、重庆等多地加快构建一体化政务大数据体系，支撑跨层级、跨部门、跨业务数据调用，让数据赋能基层减负、便利企业群众办事。纵向看，全国一体化政务数据共享枢纽推动部门数据向地方回流，支撑各地区各部门共享调用超5400亿次，有效支撑“高效办成一件事”清单落地，企业群众获得感不断增强。
公共数据开放“数林”茁壮成长。2024年，全国地市级以上地方公共数据开放平台数量增长7.5%，开放的数据量增长7.1%。公共数据开放“数林”的“根系”持续向基层延伸，广东、江苏、山东等11个省级开放平台实现与地市开放平台数据互联互通。
授权运营成为公共数据供给新亮点。福建推进整体授权模式落地，基本跑通了登记、授权运营、产品和服务定价全流程。北京深化公共数据分领域授权模式应用，已向60余家金融机构、70多万户市场经营主体提供服务超过4亿次。在保障安全可控的前提下，授权运营向市场提供数据资源、产品和服务，正成为推动公共数据资源开发利用的重要方式。
公共数据开发利用的应用场景不断丰富。国家数据局累计发布100个公共数据“跑起来”示范场景，一批可推广、可复制的模式做法正在加快形成。例如，文化和旅游部积极推动“旅游景区入园便利”服务，强化退役军人、港澳台同胞等群体数据共享和身份核验，已覆盖上千家景区。中国气象局构建气象数据流通安全监管平台，已实现对气象领域1.4万个数据产品的统一管理，支撑了近13万个应用场景。
展望“十五五”，公共数据在供给环节将从机制探索走向规模运营，在应用环节将从场景示范迈向全域赋能。随着数据要素市场化配置改革深入推进，公共数据价值将得到充分释放，数字中国建设活力将更加澎湃。
（作者为中央财经大学中国互联网经济研究院副院长、国家数据专家咨询委员会委员，本报记者王云杉采访整理）","# 充分释放公共数据价值（专家点评）

> 欧阳日辉《人民日报》（2026年01月08日第 06 版）

公共数据是数据要素的重要组成部分，蕴含巨大价值。“十四五”时期，我国持续建立健全公共数据开发利用政策体系，让公共数据“跑起来”“用起来”，取得了积极进展。

“横向贯通、纵向联动”的共享体系基本建成。横向看，浙江、福建、重庆等多地加快构建一体化政务大数据体系，支撑跨层级、跨部门、跨业务数据调用，让数据赋能基层减负、便利企业群众办事。纵向看，全国一体化政务数据共享枢纽推动部门数据向地方回流，支撑各地区各部门共享调用超5400亿次，有效支撑“高效办成一件事”清单落地，企业群众获得感不断增强。

公共数据开放“数林”茁壮成长。2024年，全国地市级以上地方公共数据开放平台数量增长7.5%，开放的数据量增长7.1%。公共数据开放“数林”的“根系”持续向基层延伸，广东、江苏、山东等11个省级开放平台实现与地市开放平台数据互联互通。

授权运营成为公共数据供给新亮点。福建推进整体授权模式落地，基本跑通了登记、授权运营、产品和服务定价全流程。北京深化公共数据分领域授权模式应用，已向60余家金融机构、70多万户市场经营主体提供服务超过4亿次。在保障安全可控的前提下，授权运营向市场提供数据资源、产品和服务，正成为推动公共数据资源开发利用的重要方式。

公共数据开发利用的应用场景不断丰富。国家数据局累计发布100个公共数据“跑起来”示范场景，一批可推广、可复制的模式做法正在加快形成。例如，文化和旅游部积极推动“旅游景区入园便利”服务，强化退役军人、港澳台同胞等群体数据共享和身份核验，已覆盖上千家景区。中国气象局构建气象数据流通安全监管平台，已实现对气象领域1.4万个数据产品的统一管理，支撑了近13万个应用场景。

展望“十五五”，公共数据在供给环节将从机制探索走向规模运营，在应用环节将从场景示范迈向全域赋能。随着数据要素市场化配置改革深入推进，公共数据价值将得到充分释放，数字中国建设活力将更加澎湃。

（作者为中央财经大学中国互联网经济研究院副院长、国家数据专家咨询委员会委员，本报记者王云杉采访整理）",欧阳日辉,要闻,https://paper.people.com.cn/rmrb/pc/content/202601/08/content_30130465.html,2026-01-08,"['公共数据', '数据', '授权', '开放平台', '场景', '运营', '数据共享', '开发利用', '赋能', '数林']","公共数据是数据要素的重要组成部分，蕴含巨大价值。“十四五”时期，我国持续建立健全公共数据开发利用政策体系，让公共数据“跑起来”“用起来”，取得了积极进展。
“横向贯通、纵向联动”的共享体系基本建成。横向看，浙江、福建、重庆等多地加快构建一体化政务大数据体系，支撑跨层级、跨部门、跨业务数据调用，让数据赋能基层减负、便利企业群众办事。纵向看，全国一体化政务数据共享枢纽推动部门数据向地方回流，支撑各地区各部门共享调用超5400亿次，有效支撑“高效办成一件事”清单落地，企业群众获得感不断增强。
公共数据开放“数林”茁壮成长。2024年，全国地市级以上地方公共数据开放平台数量增长7.5%，开放的数据量增长7.1%。公共数据开放“数林”的“根系”持续向基层延伸，广东、江苏、山东等11个省级开放平台实现与地市开放平台数据互联互通。",政治
让非遗被更多人看见,"前不久的元旦假期，许多中小学生来新疆维吾尔自治区非物质文化遗产馆参观。孩子们看得入迷，还在非遗手工艺体验区过了把瘾。2025年9月14日试运行以来，新疆非遗馆已累计接待观众近10万人次。为非遗传承人提供更大的舞台，让更多人感受非遗魅力，正是我们的目标。
2010年起，我到新疆非遗保护研究中心工作。从自治区级非遗代表性项目名录建设到非遗资源普查，我都参与其中。我们到各地州市做田野调查，了解非遗项目在基层的保护传承情况，我也因此见证了新疆非遗从自发性传承到系统性保护的转变。
当时，我们去喀什地区莎车县寻访非遗十二木卡姆的传承人。十二木卡姆是集歌、舞、乐等于一体的大型综合艺术形式，我们扛着摄像机做口述史，同时邀请传承人走出莎车县，去学校授课，到全国各地甚至国外展演。每到一处，他们总是被热情的观众包围，大家渐渐了解了这项非遗的价值。这让我们更深刻地感受到非遗保护传承的意义。
截至2024年底，新疆共有国家级非遗代表性项目141项、自治区级非遗代表性项目567项、地州市级非遗代表性项目2803项、县市区级非遗代表性项目5933项。但是，非遗传承人缺少一个能集中展示、传承和开展培训的地方。作为各民族共同的文化记忆，非遗应该被更多人看见，非遗传承人们应该有更专业的舞台。于是，新疆非遗馆应运而生。
新疆非遗馆开设“节庆中的非遗”“生活中的非遗”“礼俗中的非遗”“各省区市的非遗”四大基本陈列展，策划“玉出昆冈”“锦绣地毯”“抟埴之工”“弦歌不辍”“丝路上的非遗”五大专题展，馆藏作品近3000件（套）。
活态传承是新疆非遗馆的亮点。为了践行见人、见物、见生活的理念，非遗馆定期邀请传承人前来展演互动。有一次，我们邀请了3名来自伊犁哈萨克自治州特克斯县的《玛纳斯》传承人。他们已经六七十岁了，但听完来由特别高兴，从村里一路奔波来到乌鲁木齐市，只为让观众现场领略英雄史诗《玛纳斯》的风采。非遗馆还和新疆艺术学院签署了合作协议，学生们加入非遗传承人的队伍，定期展演，确保非遗传承保护不断线。
接下来，我们打算多带领新疆非遗传承人走出去，同时邀请其他省份的非遗传承人走进来，增进交流、学习经验。还计划和高校打造产学研基地共建项目，在志愿者招募、讲解员培训等方面展开合作；同时，推进文旅融合，创立文创品牌，打造研学项目，努力让新疆非遗馆成为热门打卡地。
（作者为新疆维吾尔自治区非物质文化遗产馆副馆长，本报记者尚嵘峥采访整理）
■延伸阅读
参与非遗保护传承渐成社会风尚
“十四五”时期，我国非遗保护成果突出，非遗保护传承队伍更加壮大、保护传承水平进一步提升，非遗持续融入现代生活，满足人民日益增长的美好生活需要。
系统性保护扎实推进。14个国家级文化生态保护实验区通过验收，276个国家级、省级文化生态保护区对非遗及其依托的人文和自然环境进行整体性保护，望得见山、看得见水、记得住乡愁。中国非遗馆及浙江、广东、新疆等9个省级非遗馆开放运营，累计对2290名国家级非遗代表性传承人开展记录。非遗保护机构达2397个、从业人员1.7万余人。
非遗传承后继有人。文化和旅游部联合教育部、人力资源和社会保障部推出中国非遗传承人研修培训计划，10年来集结149所高校力量，举办1400多期培训班，覆盖1300多项国家级非遗代表性项目。100余所高校设立非遗保护本科专业和相关研究方向。
旅游与非遗碰撞出消费新火花。北京庙会、潮汕英歌舞、广东醒狮……各地纷纷举办非遗民俗文化、非遗手工技艺等体验活动，“非遗+演艺”“非遗+旅游商品”“非遗+民宿”等业态不断孵化，非遗主题旅游线路持续上新。
跨界融合现代元素，非遗“潮”起来。短视频平台上，非遗相关视频日益增多；非遗融合时尚、动漫、游戏等，有了更多“打开方式”；国潮、新中式不断“圈粉”年轻人，参与非遗保护传承渐成社会风尚。
（本报记者尚嵘峥整理）","# 让非遗被更多人看见

> 王开玉《人民日报》（2026年01月08日第 06 版）

前不久的元旦假期，许多中小学生来新疆维吾尔自治区非物质文化遗产馆参观。孩子们看得入迷，还在非遗手工艺体验区过了把瘾。2025年9月14日试运行以来，新疆非遗馆已累计接待观众近10万人次。为非遗传承人提供更大的舞台，让更多人感受非遗魅力，正是我们的目标。

2010年起，我到新疆非遗保护研究中心工作。从自治区级非遗代表性项目名录建设到非遗资源普查，我都参与其中。我们到各地州市做田野调查，了解非遗项目在基层的保护传承情况，我也因此见证了新疆非遗从自发性传承到系统性保护的转变。

当时，我们去喀什地区莎车县寻访非遗十二木卡姆的传承人。十二木卡姆是集歌、舞、乐等于一体的大型综合艺术形式，我们扛着摄像机做口述史，同时邀请传承人走出莎车县，去学校授课，到全国各地甚至国外展演。每到一处，他们总是被热情的观众包围，大家渐渐了解了这项非遗的价值。这让我们更深刻地感受到非遗保护传承的意义。

截至2024年底，新疆共有国家级非遗代表性项目141项、自治区级非遗代表性项目567项、地州市级非遗代表性项目2803项、县市区级非遗代表性项目5933项。但是，非遗传承人缺少一个能集中展示、传承和开展培训的地方。作为各民族共同的文化记忆，非遗应该被更多人看见，非遗传承人们应该有更专业的舞台。于是，新疆非遗馆应运而生。

新疆非遗馆开设“节庆中的非遗”“生活中的非遗”“礼俗中的非遗”“各省区市的非遗”四大基本陈列展，策划“玉出昆冈”“锦绣地毯”“抟埴之工”“弦歌不辍”“丝路上的非遗”五大专题展，馆藏作品近3000件（套）。

活态传承是新疆非遗馆的亮点。为了践行见人、见物、见生活的理念，非遗馆定期邀请传承人前来展演互动。有一次，我们邀请了3名来自伊犁哈萨克自治州特克斯县的《玛纳斯》传承人。他们已经六七十岁了，但听完来由特别高兴，从村里一路奔波来到乌鲁木齐市，只为让观众现场领略英雄史诗《玛纳斯》的风采。非遗馆还和新疆艺术学院签署了合作协议，学生们加入非遗传承人的队伍，定期展演，确保非遗传承保护不断线。

接下来，我们打算多带领新疆非遗传承人走出去，同时邀请其他省份的非遗传承人走进来，增进交流、学习经验。还计划和高校打造产学研基地共建项目，在志愿者招募、讲解员培训等方面展开合作；同时，推进文旅融合，创立文创品牌，打造研学项目，努力让新疆非遗馆成为热门打卡地。

（作者为新疆维吾尔自治区非物质文化遗产馆副馆长，本报记者尚嵘峥采访整理）

**■延伸阅读**

**参与非遗保护传承渐成社会风尚**

“十四五”时期，我国非遗保护成果突出，非遗保护传承队伍更加壮大、保护传承水平进一步提升，非遗持续融入现代生活，满足人民日益增长的美好生活需要。

系统性保护扎实推进。14个国家级文化生态保护实验区通过验收，276个国家级、省级文化生态保护区对非遗及其依托的人文和自然环境进行整体性保护，望得见山、看得见水、记得住乡愁。中国非遗馆及浙江、广东、新疆等9个省级非遗馆开放运营，累计对2290名国家级非遗代表性传承人开展记录。非遗保护机构达2397个、从业人员1.7万余人。

非遗传承后继有人。文化和旅游部联合教育部、人力资源和社会保障部推出中国非遗传承人研修培训计划，10年来集结149所高校力量，举办1400多期培训班，覆盖1300多项国家级非遗代表性项目。100余所高校设立非遗保护本科专业和相关研究方向。

旅游与非遗碰撞出消费新火花。北京庙会、潮汕英歌舞、广东醒狮……各地纷纷举办非遗民俗文化、非遗手工技艺等体验活动，“非遗+演艺”“非遗+旅游商品”“非遗+民宿”等业态不断孵化，非遗主题旅游线路持续上新。

跨界融合现代元素，非遗“潮”起来。短视频平台上，非遗相关视频日益增多；非遗融合时尚、动漫、游戏等，有了更多“打开方式”；国潮、新中式不断“圈粉”年轻人，参与非遗保护传承渐成社会风尚。

（本报记者尚嵘峥整理）",王开玉,要闻,https://paper.people.com.cn/rmrb/pc/content/202601/08/content_30130466.html,2026-01-08,"['非遗', '传承', '遗馆', '保护', '新疆', '承人', '遗传', '代表性', '项目', '国家级']","前不久的元旦假期，许多中小学生来新疆维吾尔自治区非物质文化遗产馆参观。孩子们看得入迷，还在非遗手工艺体验区过了把瘾。2025年9月14日试运行以来，新疆非遗馆已累计接待观众近10万人次。为非遗传承人提供更大的舞台，让更多人感受非遗魅力，正是我们的目标。
2010年起，我到新疆非遗保护研究中心工作。从自治区级非遗代表性项目名录建设到非遗资源普查，我都参与其中。我们到各地州市做田野调查，了解非遗项目在基层的保护传承情况，我也因此见证了新疆非遗从自发性传承到系统性保护的转变。
当时，我们去喀什地区莎车县寻访非遗十二木卡姆的传承人。十二木卡姆是集歌、舞、乐等于一体的大型综合艺术形式，我们扛着摄像机做口述史，同时邀请传承人走出莎车县，去学校授课，到全国各地甚至国外展演。每到一处，他们总是被热情的观众包围，大家渐渐了解了这项非遗的价值。这让我们更深刻地感受到非遗保护传承的意义。",政治
看内蒙古根河如何将寒冷转化为新资源,"游客在根河林区体验文化活动。
游客在根河林区体验文化活动。
游客与驯鹿互动。以上图片均为根河市融媒体中心提供
游客与驯鹿互动。
以上图片均为根河市融媒体中心提供
冰天雪地也是金山银山。多地因地制宜，将自然禀赋的“特点”转化为推动高质量发展的“支点”。这既是区域经济转型的缩影，更是新发展理念在基层的生动实践，为推动产业振兴、实现共同富裕提供了新思路。即日起，本版推出“冷资源成热产业”系列报道，带您探寻各地将“冷资源”转化为“热产业”的故事。
——编  者
2025年12月的内蒙古呼伦贝尔根河市，最低气温已降至零下40摄氏度。清晨7点，天色未明，驯鹿人古木森提着装有干苔藓的桦皮桶，踩着厚厚的积雪走向森林边缘的鹿圈。他身后，来自广东的游客文刚正小心翼翼地迈出木屋，呼出的白气在睫毛上瞬间结霜。
这次，文刚来到了有“中国冷极”之称的根河，在大兴安岭森林深处，邂逅了难得一见的驯鹿。
“这头鹿宝宝很壮实，你喂它，它会记得你的。”古木森对文刚说。一头左耳有星形斑点的驯鹿缓步走来，温顺地低下头，这是文刚第一次见到驯鹿：“如果有机会，我还会再来看看它们。”
根河，蒙古语意为“清澈透明的河”，这座位于大兴安岭北麓的小城，长达7个月的冰雪期曾被视为发展的障碍。“现在我们不再回避‘冷’，而是将‘冷’重新阐释——冷到极致，便成了一种稀缺体验。”根河市文化旅游广电局局长松岭说。
2022年，根河市启动“认养一头驯鹿”项目。游客通过签订认养协议，获得认养证书，并可随时来到根河实地探访。项目推出后，进一步带动了当地冬季游客量增长。
“这不仅是旅游项目，更是文化纽带。”松岭介绍，每头被认养的驯鹿，都关联着一个鄂温克族家庭。游客支付的认养费用，大部分直接归养鹿家庭，用于鹿群保护和森林维护，还有一部分用于文化传承。
认养驯鹿项目的背后，是一条完整的文化体验链：探访使鹿部落、学习鄂温克族桦树皮制作技艺、体验林区冬居生活……
这些体验都根植于真实生活。古木森告诉记者：“过去我们只把驯鹿当作交通工具和生产资料，现在，它们成了连接文化的桥梁。”
跟随文刚的行程，能直观感受到这条文化体验链的运作。
清晨，在鄂温克族向导带领下，他学习用斧头破冰取水，为驯鹿准备“早餐”。室外温度计指向零下32摄氏度，但喂食过程中，他一直俯下身，与驯鹿亲近。
上午10点，他穿上鄂温克民族服饰，体验“冷极挑战”：在零下30摄氏度的户外，用传统方法生火煮茶。当燃起的火焰舔舐着铁壶底部，他笑着说：“原来在极寒中，一小堆火就能让人如此幸福。”
根河的故事，有着更深的转型背景。曾经因林而兴的小城，2015年全面停止天然林商业性采伐后面临艰难转型。如何将“寒冷”和“偏远”转化为新资源？根河的选择是：深度文旅融合。
“我们不做常规冰雪旅游。”松岭说，“我们要做的是冰雪文化深度体验。”
寒冷，成了根河的独特生产力。
在根河市冷极村，村民将院子改造成“低温实验场”：泼水成冰的瞬间摄影、不同材质衣物的保温性能对比……这些“实验”成为热门体验项目。
冷极村运营部部长马德新告诉记者，这个冬季，客房需求量很大，有的时候需要提前一个星期预订。“客人来，正是为了体验如何在严寒中温暖生活。”马德新说。
数据显示，2025年9月至12月，根河市实现旅游收入13.16亿元，同比增长12%；接待游客人数达90.36万人次，同比增长14.2%。
根河的转型仍在继续。当地正在打造以温泉康养为重点、辅以沉浸式餐饮体验的延伸消费链条，助推全年旅游目标的实现。“寒冷不是终点，而是起点。”松岭说，“我们要让世界看到，在这么寒冷的地方，有一种新的体验。”
又一个清晨，文刚即将离开。汽车驶离时，文刚回头望去，木屋升起炊烟，鹿群在雪地漫步。这个以“冷”闻名的地方，正用别具温暖的方式，重新定义寒冷的意义。","# 看内蒙古根河如何将寒冷转化为新资源

> 呼伦贝尔日报记者  张梁诚《人民日报》（2026年01月08日第 07 版）

游客在根河林区体验文化活动。

游客在根河林区体验文化活动。

游客与驯鹿互动。　　以上图片均为根河市融媒体中心提供

游客与驯鹿互动。

以上图片均为根河市融媒体中心提供

冰天雪地也是金山银山。多地因地制宜，将自然禀赋的“特点”转化为推动高质量发展的“支点”。这既是区域经济转型的缩影，更是新发展理念在基层的生动实践，为推动产业振兴、实现共同富裕提供了新思路。即日起，本版推出“冷资源成热产业”系列报道，带您探寻各地将“冷资源”转化为“热产业”的故事。

——编  者

2025年12月的内蒙古呼伦贝尔根河市，最低气温已降至零下40摄氏度。清晨7点，天色未明，驯鹿人古木森提着装有干苔藓的桦皮桶，踩着厚厚的积雪走向森林边缘的鹿圈。他身后，来自广东的游客文刚正小心翼翼地迈出木屋，呼出的白气在睫毛上瞬间结霜。

这次，文刚来到了有“中国冷极”之称的根河，在大兴安岭森林深处，邂逅了难得一见的驯鹿。

“这头鹿宝宝很壮实，你喂它，它会记得你的。”古木森对文刚说。一头左耳有星形斑点的驯鹿缓步走来，温顺地低下头，这是文刚第一次见到驯鹿：“如果有机会，我还会再来看看它们。”

根河，蒙古语意为“清澈透明的河”，这座位于大兴安岭北麓的小城，长达7个月的冰雪期曾被视为发展的障碍。“现在我们不再回避‘冷’，而是将‘冷’重新阐释——冷到极致，便成了一种稀缺体验。”根河市文化旅游广电局局长松岭说。

2022年，根河市启动“认养一头驯鹿”项目。游客通过签订认养协议，获得认养证书，并可随时来到根河实地探访。项目推出后，进一步带动了当地冬季游客量增长。

“这不仅是旅游项目，更是文化纽带。”松岭介绍，每头被认养的驯鹿，都关联着一个鄂温克族家庭。游客支付的认养费用，大部分直接归养鹿家庭，用于鹿群保护和森林维护，还有一部分用于文化传承。

认养驯鹿项目的背后，是一条完整的文化体验链：探访使鹿部落、学习鄂温克族桦树皮制作技艺、体验林区冬居生活……

这些体验都根植于真实生活。古木森告诉记者：“过去我们只把驯鹿当作交通工具和生产资料，现在，它们成了连接文化的桥梁。”

跟随文刚的行程，能直观感受到这条文化体验链的运作。

清晨，在鄂温克族向导带领下，他学习用斧头破冰取水，为驯鹿准备“早餐”。室外温度计指向零下32摄氏度，但喂食过程中，他一直俯下身，与驯鹿亲近。

上午10点，他穿上鄂温克民族服饰，体验“冷极挑战”：在零下30摄氏度的户外，用传统方法生火煮茶。当燃起的火焰舔舐着铁壶底部，他笑着说：“原来在极寒中，一小堆火就能让人如此幸福。”

根河的故事，有着更深的转型背景。曾经因林而兴的小城，2015年全面停止天然林商业性采伐后面临艰难转型。如何将“寒冷”和“偏远”转化为新资源？根河的选择是：深度文旅融合。

“我们不做常规冰雪旅游。”松岭说，“我们要做的是冰雪文化深度体验。”

寒冷，成了根河的独特生产力。

在根河市冷极村，村民将院子改造成“低温实验场”：泼水成冰的瞬间摄影、不同材质衣物的保温性能对比……这些“实验”成为热门体验项目。

冷极村运营部部长马德新告诉记者，这个冬季，客房需求量很大，有的时候需要提前一个星期预订。“客人来，正是为了体验如何在严寒中温暖生活。”马德新说。

数据显示，2025年9月至12月，根河市实现旅游收入13.16亿元，同比增长12%；接待游客人数达90.36万人次，同比增长14.2%。

根河的转型仍在继续。当地正在打造以温泉康养为重点、辅以沉浸式餐饮体验的延伸消费链条，助推全年旅游目标的实现。“寒冷不是终点，而是起点。”松岭说，“我们要让世界看到，在这么寒冷的地方，有一种新的体验。”

又一个清晨，文刚即将离开。汽车驶离时，文刚回头望去，木屋升起炊烟，鹿群在雪地漫步。这个以“冷”闻名的地方，正用别具温暖的方式，重新定义寒冷的意义。",呼伦贝尔日报记者  张梁诚,各地传真,https://paper.people.com.cn/rmrb/pc/content/202601/08/content_30130470.html,2026-01-08,"['根河', '驯鹿', '根河市', '体验', '文刚', '认养', '游客', '文化', '松岭', '寒冷']","游客在根河林区体验文化活动。
游客在根河林区体验文化活动。
游客与驯鹿互动。以上图片均为根河市融媒体中心提供",经济
村里有了产业飞地,"“这是村集体从村外产业飞地收获的第一笔分红！”江西吉安市永丰县中村乡义溪村村支书陈辉拿着分红账单，难掩喜悦。
义溪村地处永丰县南部山区，机械化耕作、产业规模化发展难度大，村子产业发展受限。
2024年以来，永丰县构建“党建+公司+集体+农户”发展模式，成立1家县级“共富公司”与40多家乡村“共富公司”。县级“共富公司”承担资源整合、市场对接任务，摸排各乡村资源禀赋与产业需求，搭建跨区域资源交互的桥梁。
中村乡与佐龙乡的甘薯产业合作成为永丰县首个落地的“产业飞地”项目。经县级“共富公司”牵线，义溪村整合村集体资金入股佐龙乡甘薯产业基地，共建滴灌设施，联合开拓市场。如今，基地培育的红薯苗远销海南、山东等地。
（据新华社电）","# 村里有了产业飞地

> 新华社记者  熊家林《人民日报》（2026年01月08日第 07 版）

“这是村集体从村外产业飞地收获的第一笔分红！”江西吉安市永丰县中村乡义溪村村支书陈辉拿着分红账单，难掩喜悦。

义溪村地处永丰县南部山区，机械化耕作、产业规模化发展难度大，村子产业发展受限。

2024年以来，永丰县构建“党建+公司+集体+农户”发展模式，成立1家县级“共富公司”与40多家乡村“共富公司”。县级“共富公司”承担资源整合、市场对接任务，摸排各乡村资源禀赋与产业需求，搭建跨区域资源交互的桥梁。

中村乡与佐龙乡的甘薯产业合作成为永丰县首个落地的“产业飞地”项目。经县级“共富公司”牵线，义溪村整合村集体资金入股佐龙乡甘薯产业基地，共建滴灌设施，联合开拓市场。如今，基地培育的红薯苗远销海南、山东等地。

（据新华社电）",新华社记者  熊家林,各地传真,https://paper.people.com.cn/rmrb/pc/content/202601/08/content_30130471.html,2026-01-08,"['永丰县', '共富', '产业', '飞地', '中村', '县级', '义溪村', '佐龙乡', '集体', '公司']","“这是村集体从村外产业飞地收获的第一笔分红！”江西吉安市永丰县中村乡义溪村村支书陈辉拿着分红账单，难掩喜悦。
义溪村地处永丰县南部山区，机械化耕作、产业规模化发展难度大，村子产业发展受限。
2024年以来，永丰县构建“党建+公司+集体+农户”发展模式，成立1家县级“共富公司”与40多家乡村“共富公司”。县级“共富公司”承担资源整合、市场对接任务，摸排各乡村资源禀赋与产业需求，搭建跨区域资源交互的桥梁。",政治
“土”总结，写出实干答卷（四海听音）,"维修老旧水渠400余米；硬化村内泥泞道路，改造老旧窄桥；新修建拦河坝4座；200余户村民家中接通自来水……2025年底，山东枣庄藤花峪村00后党支部书记王浩的年终总结视频在网络走红，被网友亲切称为“土”总结。
这份总结，没有高超的剪辑技术、没有夸张的表现形式，但藤花峪村一年来的大小变化，在王浩平静的叙述中有了具象化呈现，也让网友为这一件件民生实事竖起大拇指。
这份总结走红，靠的是饱满的工作内容。视频中，每一件实事，都有真实的画面佐证，展现的是村里发生的实实在在的变化。不仅是王浩，在基层，还有许多这样的干部。江苏淮安90后村干部李浩发布在互联网的系列视频中，热闹的乡村大集、宽敞的乡村道路，构成乡村发展的年度记忆。
这份总结走红，靠的是实干的工作作风。修水渠、硬化路面、接通自来水，这些“关键小事”，关乎村民日常出行、生产生活，是推进宜居宜业和美乡村建设、提升乡村治理水平的“大事”。把群众的“小事”当做头等大事，以真抓实干的优良作风积极推进，取得的每一项成果，都是为群众的获得感、幸福感添砖加瓦。
这份总结走红，靠的是创新的工作思路。过去一年，王浩和两名年轻干部组成助农团队，直播带货带动村民增收。在农村，这样的年轻干部还有很多，他们扎根农村，引产业、强文化、研技术，工作方法不断推陈出新。
年终总结，是以往工作的复盘，是未来工作的打算，也是初心的回望与坚守。王浩们的年终总结，以实际行动证明，在广袤乡村大地上，新时代青年大有可为，也将大有作为。","# “土”总结，写出实干答卷（四海听音）

> 董汶鑫《人民日报》（2026年01月08日第 07 版）

维修老旧水渠400余米；硬化村内泥泞道路，改造老旧窄桥；新修建拦河坝4座；200余户村民家中接通自来水……2025年底，山东枣庄藤花峪村00后党支部书记王浩的年终总结视频在网络走红，被网友亲切称为“土”总结。

这份总结，没有高超的剪辑技术、没有夸张的表现形式，但藤花峪村一年来的大小变化，在王浩平静的叙述中有了具象化呈现，也让网友为这一件件民生实事竖起大拇指。

这份总结走红，靠的是饱满的工作内容。视频中，每一件实事，都有真实的画面佐证，展现的是村里发生的实实在在的变化。不仅是王浩，在基层，还有许多这样的干部。江苏淮安90后村干部李浩发布在互联网的系列视频中，热闹的乡村大集、宽敞的乡村道路，构成乡村发展的年度记忆。

这份总结走红，靠的是实干的工作作风。修水渠、硬化路面、接通自来水，这些“关键小事”，关乎村民日常出行、生产生活，是推进宜居宜业和美乡村建设、提升乡村治理水平的“大事”。把群众的“小事”当做头等大事，以真抓实干的优良作风积极推进，取得的每一项成果，都是为群众的获得感、幸福感添砖加瓦。

这份总结走红，靠的是创新的工作思路。过去一年，王浩和两名年轻干部组成助农团队，直播带货带动村民增收。在农村，这样的年轻干部还有很多，他们扎根农村，引产业、强文化、研技术，工作方法不断推陈出新。

年终总结，是以往工作的复盘，是未来工作的打算，也是初心的回望与坚守。王浩们的年终总结，以实际行动证明，在广袤乡村大地上，新时代青年大有可为，也将大有作为。",董汶鑫,各地传真,https://paper.people.com.cn/rmrb/pc/content/202601/08/content_30130472.html,2026-01-08,"['王浩', '乡村', '年终总结', '总结', '走红', '这份', '视频', '实干', '村民', '年轻干部']","维修老旧水渠400余米；硬化村内泥泞道路，改造老旧窄桥；新修建拦河坝4座；200余户村民家中接通自来水……2025年底，山东枣庄藤花峪村00后党支部书记王浩的年终总结视频在网络走红，被网友亲切称为“土”总结。
这份总结，没有高超的剪辑技术、没有夸张的表现形式，但藤花峪村一年来的大小变化，在王浩平静的叙述中有了具象化呈现，也让网友为这一件件民生实事竖起大拇指。
这份总结走红，靠的是饱满的工作内容。视频中，每一件实事，都有真实的画面佐证，展现的是村里发生的实实在在的变化。不仅是王浩，在基层，还有许多这样的干部。江苏淮安90后村干部李浩发布在互联网的系列视频中，热闹的乡村大集、宽敞的乡村道路，构成乡村发展的年度记忆。",社会
去悬崖村更便利了,"1月1日，四川乐山至西昌高速公路马边至昭觉段通车。
位于西南地区的大凉山，峭壁丛生，“悬崖村”是这里交通闭塞的代名词。与之相邻的小凉山，山势比大凉山更为陡峭。“以前从大凉山的昭觉县到小凉山的马边彝族自治县，跑一趟至少要5个小时，高速公路通车后只要一个半小时，到成都也将从9个小时缩短到4个小时！”客车司机曲木拉古说。
在大小凉山之间修高速公路有多难？这里地处青藏高原、云贵高原和四川盆地的过渡地带，江河切割、沟壑纵横。全长15.3公里的大凉山1号隧道建设是难中之难，项目创新采用“平导TBM+主洞钻爆法”的组合施工工艺，有效克服断层破碎等地质风险，还缩短工期。
大小凉山是生态敏感区，高速必经的大风顶区域是国家一级保护植物珙桐的密集分布区。“在设计阶段就尽量绕避，实在无法避让的，采用就近移栽、就地保护、种植繁育等方式科学保护。”该高速公路项目设计师周海波说。
“走出闭塞的大山，曾是无数凉山儿女的梦想。”凉山彝族自治州人大常委会副主任、昭觉县委书记罗古阿吉说，这片土地，正奋力驶入高质量发展的“快车道”。
（据新华社电）","# 去悬崖村更便利了

> 新华社记者  吴光于  胡  旭  尹  恒《人民日报》（2026年01月08日第 07 版）

1月1日，四川乐山至西昌高速公路马边至昭觉段通车。

位于西南地区的大凉山，峭壁丛生，“悬崖村”是这里交通闭塞的代名词。与之相邻的小凉山，山势比大凉山更为陡峭。“以前从大凉山的昭觉县到小凉山的马边彝族自治县，跑一趟至少要5个小时，高速公路通车后只要一个半小时，到成都也将从9个小时缩短到4个小时！”客车司机曲木拉古说。

在大小凉山之间修高速公路有多难？这里地处青藏高原、云贵高原和四川盆地的过渡地带，江河切割、沟壑纵横。全长15.3公里的大凉山1号隧道建设是难中之难，项目创新采用“平导TBM+主洞钻爆法”的组合施工工艺，有效克服断层破碎等地质风险，还缩短工期。

大小凉山是生态敏感区，高速必经的大风顶区域是国家一级保护植物珙桐的密集分布区。“在设计阶段就尽量绕避，实在无法避让的，采用就近移栽、就地保护、种植繁育等方式科学保护。”该高速公路项目设计师周海波说。

“走出闭塞的大山，曾是无数凉山儿女的梦想。”凉山彝族自治州人大常委会副主任、昭觉县委书记罗古阿吉说，这片土地，正奋力驶入高质量发展的“快车道”。

（据新华社电）",新华社记者  吴光于  胡  旭  尹  恒,各地传真,https://paper.people.com.cn/rmrb/pc/content/202601/08/content_30130473.html,2026-01-08,"['大凉山', '高速公路', '昭觉', '大小凉山', '小凉山', '小时', '马边', '闭塞', '悬崖', '保护']","1月1日，四川乐山至西昌高速公路马边至昭觉段通车。
位于西南地区的大凉山，峭壁丛生，“悬崖村”是这里交通闭塞的代名词。与之相邻的小凉山，山势比大凉山更为陡峭。“以前从大凉山的昭觉县到小凉山的马边彝族自治县，跑一趟至少要5个小时，高速公路通车后只要一个半小时，到成都也将从9个小时缩短到4个小时！”客车司机曲木拉古说。
在大小凉山之间修高速公路有多难？这里地处青藏高原、云贵高原和四川盆地的过渡地带，江河切割、沟壑纵横。全长15.3公里的大凉山1号隧道建设是难中之难，项目创新采用“平导TBM+主洞钻爆法”的组合施工工艺，有效克服断层破碎等地质风险，还缩短工期。",政治
新年，从“幸福坝”迈向幸福,"一对新人在婚姻登记处领证后合影。
一对新人在婚姻登记处领证后合影。
幸福坝婚姻登记处。以上图片均为中新社记者韩苏原摄
幸福坝婚姻登记处。
以上图片均为中新社记者韩苏原摄
1月1日上午，安徽合肥市地铁3号线幸福坝站内，全国首个地铁站婚姻登记点——肥西县民政局幸福坝婚姻登记处，迎来了116对新人登记。90后夫妻姚仙和石正梅一大早就从家赶来：“‘幸福坝’站名自带美好寓意，新的一年在此领证，更添‘幸福加倍’的仪式感。”
因“幸福坝”这一充满浪漫寓意的站名，合肥地铁3号线被市民亲切地称为“开往幸福的地铁”。肥西县民政局在充分调研、反复论证的基础上，创新服务模式，将婚姻登记处搬进地铁站，于2024年2月5日正式对社会开放。这个藏在地铁站里的“城市浪漫地标”，自启用以来已见证5170对新人的甜蜜时刻。
不止于幸福坝站。“十四五”以来，安徽省建成14家公园式婚姻登记处、86个户外颁证基地，让婚姻登记更便捷、更具温度。","# 新年，从“幸福坝”迈向幸福

> 本报记者  李俊杰《人民日报》（2026年01月08日第 07 版）

一对新人在婚姻登记处领证后合影。

一对新人在婚姻登记处领证后合影。

幸福坝婚姻登记处。　　以上图片均为中新社记者韩苏原摄

幸福坝婚姻登记处。

以上图片均为中新社记者韩苏原摄

1月1日上午，安徽合肥市地铁3号线幸福坝站内，全国首个地铁站婚姻登记点——肥西县民政局幸福坝婚姻登记处，迎来了116对新人登记。90后夫妻姚仙和石正梅一大早就从家赶来：“‘幸福坝’站名自带美好寓意，新的一年在此领证，更添‘幸福加倍’的仪式感。”

因“幸福坝”这一充满浪漫寓意的站名，合肥地铁3号线被市民亲切地称为“开往幸福的地铁”。肥西县民政局在充分调研、反复论证的基础上，创新服务模式，将婚姻登记处搬进地铁站，于2024年2月5日正式对社会开放。这个藏在地铁站里的“城市浪漫地标”，自启用以来已见证5170对新人的甜蜜时刻。

不止于幸福坝站。“十四五”以来，安徽省建成14家公园式婚姻登记处、86个户外颁证基地，让婚姻登记更便捷、更具温度。",李俊杰,各地传真,https://paper.people.com.cn/rmrb/pc/content/202601/08/content_30130474.html,2026-01-08,"['婚姻登记', '幸福', '领证', '新人', '地铁站', '肥西县', '地铁', '韩苏', '原摄', '号线']","一对新人在婚姻登记处领证后合影。
一对新人在婚姻登记处领证后合影。
幸福坝婚姻登记处。以上图片均为中新社记者韩苏原摄",社会
八方速递,"“贵州绿茶”新年第一采开采
本报贵州黔西南1月7日电  （通讯员李中迪）1月1日，全国早茶大会暨2026年“贵州绿茶”第一采活动在贵州黔西南布依族苗族自治州普安县茶源街道联盟村茶神谷举行。
得益于独特的生态环境和立体气候，贵州早茶比其他茶区早发芽约20天，元旦即可批量采摘。活动现场，普安县出口茶叶“大基地”正式揭牌，8万多亩备案茶园将为茶叶出口打通绿色通道。
广东“一次挂号管三天”有序落地
南方日报广州1月7日电  （记者张梓望）近日，广东省卫生健康委联合中医药局、疾病预防控制局正式印发“一次挂号管三天”惠民便民措施相关通知。2026年1月1日起，广东所有公立医疗机构（含中医院、妇幼保健院）将有序落地该政策。
“一次挂号管三天”指患者首次就诊挂普通号后，若因检查检验结果超出医生当日坐诊时间导致诊疗未完成，可免费预约3个自然日内（含就诊当日）的“续诊号”，用于后续诊疗环节。
甘肃敦煌实现全年全域用绿电
甘肃日报敦煌1月7日电  （记者王占东）2025年，甘肃敦煌市首次实现全年全域用绿电。位于河西走廊戈壁深处的敦煌市，风、光资源丰富，风电可开发量达2800万千瓦，光电可开发量达8600万千瓦。
目前，敦煌市电源总装机容量434万千瓦，全部为可再生能源。
广西南宁发布临时便民集市电子地图
本报南宁1月7日电  （记者张云河）日前，广西南宁市临时便民集市电子地图正式上线发布。目前南宁市共设置临时便民集市207个、摊位14487个。
临时便民集市实行动态管理，电子地图将根据实际运营情况不定期更新信息。市民群众与摊主可通过指定链接，一键查询各临时便民集市的具体区位、开放时段及咨询电话。
浙江丽水打造无堂食外卖聚集区
浙江日报丽水1月7日电  （黄馨怡）浙江丽水市莲都区打造无堂食外卖聚集区——“食创工场”外卖城，设有37个独立档口、4个共享仓库、1个共享洗菜区，配有骑手驿站。各操作间统一铺设水电、防滑瓷砖及公共烟管，且配备专业灶台。启用以来已有不少商户入驻，日均出单约2000单。
莲都区市场监督管理局借助省级“外卖在线”平台，全过程可视化监督。所有上线外卖平台的店铺均开通“明厨亮灶”，消费者可实时查看后厨画面。","# 八方速递

> 《人民日报》（2026年01月08日第 07 版）

“贵州绿茶”新年第一采开采

本报贵州黔西南1月7日电  （通讯员李中迪）1月1日，全国早茶大会暨2026年“贵州绿茶”第一采活动在贵州黔西南布依族苗族自治州普安县茶源街道联盟村茶神谷举行。

得益于独特的生态环境和立体气候，贵州早茶比其他茶区早发芽约20天，元旦即可批量采摘。活动现场，普安县出口茶叶“大基地”正式揭牌，8万多亩备案茶园将为茶叶出口打通绿色通道。

广东“一次挂号管三天”有序落地

南方日报广州1月7日电  （记者张梓望）近日，广东省卫生健康委联合中医药局、疾病预防控制局正式印发“一次挂号管三天”惠民便民措施相关通知。2026年1月1日起，广东所有公立医疗机构（含中医院、妇幼保健院）将有序落地该政策。

“一次挂号管三天”指患者首次就诊挂普通号后，若因检查检验结果超出医生当日坐诊时间导致诊疗未完成，可免费预约3个自然日内（含就诊当日）的“续诊号”，用于后续诊疗环节。

甘肃敦煌实现全年全域用绿电

甘肃日报敦煌1月7日电  （记者王占东）2025年，甘肃敦煌市首次实现全年全域用绿电。位于河西走廊戈壁深处的敦煌市，风、光资源丰富，风电可开发量达2800万千瓦，光电可开发量达8600万千瓦。

目前，敦煌市电源总装机容量434万千瓦，全部为可再生能源。

广西南宁发布临时便民集市电子地图

本报南宁1月7日电  （记者张云河）日前，广西南宁市临时便民集市电子地图正式上线发布。目前南宁市共设置临时便民集市207个、摊位14487个。

临时便民集市实行动态管理，电子地图将根据实际运营情况不定期更新信息。市民群众与摊主可通过指定链接，一键查询各临时便民集市的具体区位、开放时段及咨询电话。

浙江丽水打造无堂食外卖聚集区

浙江日报丽水1月7日电  （黄馨怡）浙江丽水市莲都区打造无堂食外卖聚集区——“食创工场”外卖城，设有37个独立档口、4个共享仓库、1个共享洗菜区，配有骑手驿站。各操作间统一铺设水电、防滑瓷砖及公共烟管，且配备专业灶台。启用以来已有不少商户入驻，日均出单约2000单。

莲都区市场监督管理局借助省级“外卖在线”平台，全过程可视化监督。所有上线外卖平台的店铺均开通“明厨亮灶”，消费者可实时查看后厨画面。",,各地传真,https://paper.people.com.cn/rmrb/pc/content/202601/08/content_30130475.html,2026-01-08,"['外卖', '便民', '集市', '电子地图', '日电', '贵州', '敦煌市', '挂号', '临时', '2026']","“贵州绿茶”新年第一采开采
本报贵州黔西南1月7日电  （通讯员李中迪）1月1日，全国早茶大会暨2026年“贵州绿茶”第一采活动在贵州黔西南布依族苗族自治州普安县茶源街道联盟村茶神谷举行。
得益于独特的生态环境和立体气候，贵州早茶比其他茶区早发芽约20天，元旦即可批量采摘。活动现场，普安县出口茶叶“大基地”正式揭牌，8万多亩备案茶园将为茶叶出口打通绿色通道。",政治
民生账本  缩短群众跑腿路,"前不久，重庆市民周强拨通了北碚区天生街道奔月路社区的电话。2023年，周强被诊断出直肠癌，治病掏空了积蓄。社区工作人员田春玲接到电话后，主动上门服务，周强才得知，现在申请救助不用四处奔波，只需在手机上打开“渝悦救助通”操作。
在田春玲的指导下，周强在手机上提交了城乡居民最低生活保障申请。他的求助信息传入“重庆社会救助一件事”的协同网络。申请当天，街道便民服务中心在线受理，一场无声的“数据接力”随即启动。
仅仅3个工作日，一份详尽的家庭经济状况核对报告就生成了，结合入户调查情况，周强完全符合低保救助条件。随后街道初审、公示，区民政局审核确认等流程紧凑推进，全程仅用了10个工作日，便通过低保申请。
重庆以“高效办成一件事”改革为牵引，依托“渝快办”“渝悦救助通”，打造社会救助“一件事”联办平台，将过去的群众跑腿变为数据跑路，交出了一本厚重的民生账本。","# 民生账本  缩短群众跑腿路

> 重庆日报记者  张  莎《人民日报》（2026年01月08日第 07 版）

前不久，重庆市民周强拨通了北碚区天生街道奔月路社区的电话。2023年，周强被诊断出直肠癌，治病掏空了积蓄。社区工作人员田春玲接到电话后，主动上门服务，周强才得知，现在申请救助不用四处奔波，只需在手机上打开“渝悦救助通”操作。

在田春玲的指导下，周强在手机上提交了城乡居民最低生活保障申请。他的求助信息传入“重庆社会救助一件事”的协同网络。申请当天，街道便民服务中心在线受理，一场无声的“数据接力”随即启动。

仅仅3个工作日，一份详尽的家庭经济状况核对报告就生成了，结合入户调查情况，周强完全符合低保救助条件。随后街道初审、公示，区民政局审核确认等流程紧凑推进，全程仅用了10个工作日，便通过低保申请。

重庆以“高效办成一件事”改革为牵引，依托“渝快办”“渝悦救助通”，打造社会救助“一件事”联办平台，将过去的群众跑腿变为数据跑路，交出了一本厚重的民生账本。",重庆日报记者  张  莎,各地传真,https://paper.people.com.cn/rmrb/pc/content/202601/08/content_30130476.html,2026-01-08,"['周强', '救助', '申请', '田春玲', '街道', '跑腿', '低保', '账本', '重庆', '一件']","前不久，重庆市民周强拨通了北碚区天生街道奔月路社区的电话。2023年，周强被诊断出直肠癌，治病掏空了积蓄。社区工作人员田春玲接到电话后，主动上门服务，周强才得知，现在申请救助不用四处奔波，只需在手机上打开“渝悦救助通”操作。
在田春玲的指导下，周强在手机上提交了城乡居民最低生活保障申请。他的求助信息传入“重庆社会救助一件事”的协同网络。申请当天，街道便民服务中心在线受理，一场无声的“数据接力”随即启动。
仅仅3个工作日，一份详尽的家庭经济状况核对报告就生成了，结合入户调查情况，周强完全符合低保救助条件。随后街道初审、公示，区民政局审核确认等流程紧凑推进，全程仅用了10个工作日，便通过低保申请。",经济
小哥码  破解骑手进门难,"近日，“秦风骑手·咸阳小哥码”服务平台正式上线运行。为解决快递员、外卖员等新就业群体在日常工作中遇到的“进门难、找路难、沟通难”等问题，陕西咸阳市委社会工作部联合咸阳市市场监督管理局等单位共同研发、推出了“秦风骑手·咸阳小哥码”服务平台。
骑手在小程序完成实名认证后，即可生成个人专属“小哥码”，在试点社区和楼宇，只需扫码便可快速完成身份核验与订单核对，实现快速通行；平台集成“小区服务地图”，标注充电桩、饮水点、公共卫生间等设施位置，并提供内部导航。在配送过程中，如遇管理盲区、安全隐患等问题，骑手可通过“一键上报”功能即时反馈，推动问题得到有效解决。
“平台的上线，为我们带来了工作便利，让我们能更加便捷地进出小区、写字楼，不再因为身份核验的问题耽误时间，也让我们能够更好地融入这座城市。”一名外卖骑手说。
据介绍，该平台正在探索建立正向激励机制，骑手可通过规范服务、参与培训、反馈建议等方式获得积分，并用这些积分兑换权益或服务。","# 小哥码  破解骑手进门难

> 陕西日报记者  张乐佳《人民日报》（2026年01月08日第 07 版）

近日，“秦风骑手·咸阳小哥码”服务平台正式上线运行。为解决快递员、外卖员等新就业群体在日常工作中遇到的“进门难、找路难、沟通难”等问题，陕西咸阳市委社会工作部联合咸阳市市场监督管理局等单位共同研发、推出了“秦风骑手·咸阳小哥码”服务平台。

骑手在小程序完成实名认证后，即可生成个人专属“小哥码”，在试点社区和楼宇，只需扫码便可快速完成身份核验与订单核对，实现快速通行；平台集成“小区服务地图”，标注充电桩、饮水点、公共卫生间等设施位置，并提供内部导航。在配送过程中，如遇管理盲区、安全隐患等问题，骑手可通过“一键上报”功能即时反馈，推动问题得到有效解决。

“平台的上线，为我们带来了工作便利，让我们能更加便捷地进出小区、写字楼，不再因为身份核验的问题耽误时间，也让我们能够更好地融入这座城市。”一名外卖骑手说。

据介绍，该平台正在探索建立正向激励机制，骑手可通过规范服务、参与培训、反馈建议等方式获得积分，并用这些积分兑换权益或服务。",陕西日报记者  张乐佳,各地传真,https://paper.people.com.cn/rmrb/pc/content/202601/08/content_30130477.html,2026-01-08,"['骑手', '小哥', '秦风', '核验', '咸阳', '外卖', '服务平台', '平台', '反馈', '积分']","近日，“秦风骑手·咸阳小哥码”服务平台正式上线运行。为解决快递员、外卖员等新就业群体在日常工作中遇到的“进门难、找路难、沟通难”等问题，陕西咸阳市委社会工作部联合咸阳市市场监督管理局等单位共同研发、推出了“秦风骑手·咸阳小哥码”服务平台。
骑手在小程序完成实名认证后，即可生成个人专属“小哥码”，在试点社区和楼宇，只需扫码便可快速完成身份核验与订单核对，实现快速通行；平台集成“小区服务地图”，标注充电桩、饮水点、公共卫生间等设施位置，并提供内部导航。在配送过程中，如遇管理盲区、安全隐患等问题，骑手可通过“一键上报”功能即时反馈，推动问题得到有效解决。
“平台的上线，为我们带来了工作便利，让我们能更加便捷地进出小区、写字楼，不再因为身份核验的问题耽误时间，也让我们能够更好地融入这座城市。”一名外卖骑手说。",经济
农田改造  聪明又高产,"“播的是同样的种子，为啥你们的亩产比我多出100公斤？”
近日，在中国农业大学涿州教学实验场一分场，河北涿州市东城坊镇大团柳村种粮大户李刚望着眼前的翠绿麦苗，问出了憋在心里很久的问题。
一分场技术员何玉彬笑着指了指脚下的土地：“答案就藏在这儿。”
2024年5月，涿州对中国农业大学涿州教学实验场的5792亩基本农田进行了高标准改造，通过提升地力、升级基础设施、建设物联网等，推动良田、良种、良机、良法深度融合。2025年，这里种植的中强筋麦，亩产创本地产量新高。
“现在的高标准农田，可不只是平整土地、推广农机那么简单，还得够聪明。农田上搭建了基于物联网的农田智慧管理系统，融入了信息采集、图像识别、无线传输等先进的现代农业管理技术。”何玉彬说，通过大数据、云计算等，系统能够实时掌握小麦、玉米等农作物生产的关键数据，哪块田地缺水了、哪片土壤该追肥了，都可以精准识别并快速为管理者提供应对措施，实现农作物定制化精准管控。
截至目前，涿州市累计建成高标准农田44.81万亩，有效解决了耕地碎片化、质量下降、设施不配套等问题。","# 农田改造  聪明又高产

> 河北日报记者  刘冰洋《人民日报》（2026年01月08日第 07 版）

“播的是同样的种子，为啥你们的亩产比我多出100公斤？”

近日，在中国农业大学涿州教学实验场一分场，河北涿州市东城坊镇大团柳村种粮大户李刚望着眼前的翠绿麦苗，问出了憋在心里很久的问题。

一分场技术员何玉彬笑着指了指脚下的土地：“答案就藏在这儿。”

2024年5月，涿州对中国农业大学涿州教学实验场的5792亩基本农田进行了高标准改造，通过提升地力、升级基础设施、建设物联网等，推动良田、良种、良机、良法深度融合。2025年，这里种植的中强筋麦，亩产创本地产量新高。

“现在的高标准农田，可不只是平整土地、推广农机那么简单，还得够聪明。农田上搭建了基于物联网的农田智慧管理系统，融入了信息采集、图像识别、无线传输等先进的现代农业管理技术。”何玉彬说，通过大数据、云计算等，系统能够实时掌握小麦、玉米等农作物生产的关键数据，哪块田地缺水了、哪片土壤该追肥了，都可以精准识别并快速为管理者提供应对措施，实现农作物定制化精准管控。

截至目前，涿州市累计建成高标准农田44.81万亩，有效解决了耕地碎片化、质量下降、设施不配套等问题。",河北日报记者  刘冰洋,各地传真,https://paper.people.com.cn/rmrb/pc/content/202601/08/content_30130478.html,2026-01-08,"['农田', '高标准', '涿州', '何玉彬', '涿州市', '中国农业大学', '实验场', '亩产', '精准', '一分']","“播的是同样的种子，为啥你们的亩产比我多出100公斤？”
近日，在中国农业大学涿州教学实验场一分场，河北涿州市东城坊镇大团柳村种粮大户李刚望着眼前的翠绿麦苗，问出了憋在心里很久的问题。
一分场技术员何玉彬笑着指了指脚下的土地：“答案就藏在这儿。”",其他
​小宁书屋  滋养心田,"在湖南常宁市，一批精心打造的“小宁书屋”悄然走进社区、商圈等，成为市民身边触手可及的“精神驿站”。步行15分钟左右，就能找到一处安静看书的角落，这样小而巧的阅读空间，为市民带来实实在在的便利。
前不久，培元街道两江社区养老服务中心的“小宁书屋”刚完成升级，1000册新书整齐上架。每天来这看书的居民络绎不绝，从白发苍苍的老人，到蹦蹦跳跳的孩童，大家各取所需，沉浸在文字的世界里。居民刘德仕告诉记者：“书屋的开设对我们来说很方便。我住在这附近，每天下楼几分钟就到了。”
商圈里的“小宁书屋”同样人气十足。在宜阳街道群英社区的紫阳步行街，来逛街的市民、闲暇的社区居民，不时走进这个“文化驿站”歇歇脚，让匆忙的脚步在此慢下来，使阅读成为一种轻松惬意的选择。
“小宁书屋”的巧，更体现在精准对接需求上。在银行、酒店等不同场所的书屋，书籍配置各有侧重——针对商务人士的财经类书籍，面向住客的休闲读物……每一处书屋都尽可能贴近周边群体的阅读喜好。目前，常宁23个“小宁书屋”逐步完成升级，它们散落在城市的各个角落，用“小空间”承载“大文化”，让阅读不再局限于图书馆，而是成为一种日常习惯、一道社区风景。","# ​小宁书屋  滋养心田

> 本报通讯员  黄  昊《人民日报》（2026年01月08日第 07 版）

在湖南常宁市，一批精心打造的“小宁书屋”悄然走进社区、商圈等，成为市民身边触手可及的“精神驿站”。步行15分钟左右，就能找到一处安静看书的角落，这样小而巧的阅读空间，为市民带来实实在在的便利。

前不久，培元街道两江社区养老服务中心的“小宁书屋”刚完成升级，1000册新书整齐上架。每天来这看书的居民络绎不绝，从白发苍苍的老人，到蹦蹦跳跳的孩童，大家各取所需，沉浸在文字的世界里。居民刘德仕告诉记者：“书屋的开设对我们来说很方便。我住在这附近，每天下楼几分钟就到了。”

商圈里的“小宁书屋”同样人气十足。在宜阳街道群英社区的紫阳步行街，来逛街的市民、闲暇的社区居民，不时走进这个“文化驿站”歇歇脚，让匆忙的脚步在此慢下来，使阅读成为一种轻松惬意的选择。

“小宁书屋”的巧，更体现在精准对接需求上。在银行、酒店等不同场所的书屋，书籍配置各有侧重——针对商务人士的财经类书籍，面向住客的休闲读物……每一处书屋都尽可能贴近周边群体的阅读喜好。目前，常宁23个“小宁书屋”逐步完成升级，它们散落在城市的各个角落，用“小空间”承载“大文化”，让阅读不再局限于图书馆，而是成为一种日常习惯、一道社区风景。",黄  昊,各地传真,https://paper.people.com.cn/rmrb/pc/content/202601/08/content_30130479.html,2026-01-08,"['书屋', '小宁', '社区', '阅读', '商圈', '市民', '驿站', '居民', '看书', '角落']","在湖南常宁市，一批精心打造的“小宁书屋”悄然走进社区、商圈等，成为市民身边触手可及的“精神驿站”。步行15分钟左右，就能找到一处安静看书的角落，这样小而巧的阅读空间，为市民带来实实在在的便利。
前不久，培元街道两江社区养老服务中心的“小宁书屋”刚完成升级，1000册新书整齐上架。每天来这看书的居民络绎不绝，从白发苍苍的老人，到蹦蹦跳跳的孩童，大家各取所需，沉浸在文字的世界里。居民刘德仕告诉记者：“书屋的开设对我们来说很方便。我住在这附近，每天下楼几分钟就到了。”
商圈里的“小宁书屋”同样人气十足。在宜阳街道群英社区的紫阳步行街，来逛街的市民、闲暇的社区居民，不时走进这个“文化驿站”歇歇脚，让匆忙的脚步在此慢下来，使阅读成为一种轻松惬意的选择。",国际
“北冥有鱼”何以成真（评论员观察）,"以新型举国体制攻克关键核心技术，我国载人航天、探月探火、量子信息等领域取得重大成果，可上天钻地、入海搬山，志之所趋，无远弗届
把马克思主义基本原理同中华优秀传统文化相结合，中国文化的丰厚宝库与现代化的丰富图景联结起来、融合起来，既拓展了强国建设的历史景深，也让古老的文明在现代绽放
“北冥有鱼，其名为鲲。鲲之大，不知其几千里也；化而为鸟，其名为鹏……”庄子在《逍遥游》中汪洋恣肆的笔触，在今天找到了写实注脚。
前不久，一则视频登上各大平台热搜。山东东营黄河口的落日余晖间，数十万只候鸟振翅集结，形成壮观“鸟浪”。其阵型逶迤变幻，时而如巨鲲遨游，时而似大鹏垂天，在天地间勾勒出磅礴轮廓。不少网友留言感叹：“古人诚不我欺！”这份震撼，来自跨越千年时空的文化共鸣，也源于高质量发展的时代气象。
鲲鹏“现身”并非偶然，这是生态文明建设持续推进的必然。黄河三角洲曾因河水频繁断流、海水倒灌而“人过不歇脚，鸟来不打草”。随着设立保护区，开展系统性生态修复，当地水系连通、潮沟疏通，“光板地”生绿，湿地面积逐步扩大，潮间带生物种群陆续恢复……现在，鸟类总数由建区初的187种增至376种，其中仅花脸鸭集群数量就超24万只。每到迁徙季，万鸟翔集、凌空齐飞，便演绎出“抟扶摇而上者九万里”的恢宏景象。
绿色转型扎实推进，美丽中国建设迈出重大步伐，让诗词歌赋中的绝美意境，拥有了可观可感的具象载体。实施“十年禁渔”，长江重现“江豚吹浪立，沙鸟得鱼闲”；引水疏浚、截污清淤，“水光潋滟晴方好”成为西湖常态。不止于此，腾格里的茫茫沙海戴上“绿色围脖”、塞罕坝的贫瘠山地荡起万顷林涛，以保护和治理推动绿色发展已然超越古人的畅想。
纵览山水之间，写意变写实；仰观星辰大海，更有传说成传奇。创新精神充分激发、创造活力持续涌流，科技事业取得历史性成就，让遥不可及的神话故事也照进现实。“女娲补天”的壮举，体现为守护共同家园的坚实行动。截至2025年9月，中国累计淘汰约62.8万吨消耗臭氧层物质生产和使用，占发展中国家淘汰量的一半以上，为天空补上“裂痕”。“夸父逐日”的执着，彰显于核科学家的接力攻坚。从简陋实验室里手搓线圈，到自主建成“人造太阳”——全超导托卡马克核聚变实验装置（EAST），一代代“夸父”接力奔跑，誓要将“烈日”攥入手中。2025年初，EAST在1亿摄氏度实现1066秒稳态长脉冲高约束模等离子体运行，创下世界纪录。
羲和、天宫、广寒、北斗……千年以降，先民抬头“问天”，以瑰丽想象为无垠的寰宇作下注解。而今，以新型举国体制攻克关键核心技术，我国载人航天、探月探火、量子信息等领域取得重大成果，可上天钻地、入海搬山，志之所趋，无远弗届。嫦娥工程“九天揽月”、“祝融号”火星车“探秘荧惑”、北斗卫星“指南太空”，绵延数代的梦想正一个个落地生根，中国科技的力量和中华文化的魅力共同铸就了一份中国式浪漫。
古今对照的回响中，更能感悟“第二个结合”的思想伟力。“万物各得其和以生，各得其养以成”的智慧，与“山水林田湖草沙一体化保护和系统治理”的逻辑相契合，生态向好、环境更优，古籍典著中的诗意憧憬扑面而来；“天行健，君子以自强不息”的观念，同“必须加快实现高水平科技自立自强”的要求相融通，攻坚克难、勇攀高峰，口耳相传的神话故事渐次成真。把马克思主义基本原理同中华优秀传统文化相结合，中国文化的丰厚宝库与现代化的丰富图景联结起来、融合起来，既拓展了强国建设的历史景深，也让古老的文明在现代绽放。
悠远的写意，从未褪色；时代的写实，笔力万钧。以文化铸魂，以实干担当，以创新赋能，那些梦想种子，必将和着“中华民族伟大复兴势不可挡”的发展强音破土而出，蔚为大观。","# “北冥有鱼”何以成真（评论员观察）

> 常  晋《人民日报》（2026年01月08日第 08 版）

以新型举国体制攻克关键核心技术，我国载人航天、探月探火、量子信息等领域取得重大成果，可上天钻地、入海搬山，志之所趋，无远弗届

把马克思主义基本原理同中华优秀传统文化相结合，中国文化的丰厚宝库与现代化的丰富图景联结起来、融合起来，既拓展了强国建设的历史景深，也让古老的文明在现代绽放

“北冥有鱼，其名为鲲。鲲之大，不知其几千里也；化而为鸟，其名为鹏……”庄子在《逍遥游》中汪洋恣肆的笔触，在今天找到了写实注脚。

前不久，一则视频登上各大平台热搜。山东东营黄河口的落日余晖间，数十万只候鸟振翅集结，形成壮观“鸟浪”。其阵型逶迤变幻，时而如巨鲲遨游，时而似大鹏垂天，在天地间勾勒出磅礴轮廓。不少网友留言感叹：“古人诚不我欺！”这份震撼，来自跨越千年时空的文化共鸣，也源于高质量发展的时代气象。

鲲鹏“现身”并非偶然，这是生态文明建设持续推进的必然。黄河三角洲曾因河水频繁断流、海水倒灌而“人过不歇脚，鸟来不打草”。随着设立保护区，开展系统性生态修复，当地水系连通、潮沟疏通，“光板地”生绿，湿地面积逐步扩大，潮间带生物种群陆续恢复……现在，鸟类总数由建区初的187种增至376种，其中仅花脸鸭集群数量就超24万只。每到迁徙季，万鸟翔集、凌空齐飞，便演绎出“抟扶摇而上者九万里”的恢宏景象。

绿色转型扎实推进，美丽中国建设迈出重大步伐，让诗词歌赋中的绝美意境，拥有了可观可感的具象载体。实施“十年禁渔”，长江重现“江豚吹浪立，沙鸟得鱼闲”；引水疏浚、截污清淤，“水光潋滟晴方好”成为西湖常态。不止于此，腾格里的茫茫沙海戴上“绿色围脖”、塞罕坝的贫瘠山地荡起万顷林涛，以保护和治理推动绿色发展已然超越古人的畅想。

纵览山水之间，写意变写实；仰观星辰大海，更有传说成传奇。创新精神充分激发、创造活力持续涌流，科技事业取得历史性成就，让遥不可及的神话故事也照进现实。“女娲补天”的壮举，体现为守护共同家园的坚实行动。截至2025年9月，中国累计淘汰约62.8万吨消耗臭氧层物质生产和使用，占发展中国家淘汰量的一半以上，为天空补上“裂痕”。“夸父逐日”的执着，彰显于核科学家的接力攻坚。从简陋实验室里手搓线圈，到自主建成“人造太阳”——全超导托卡马克核聚变实验装置（EAST），一代代“夸父”接力奔跑，誓要将“烈日”攥入手中。2025年初，EAST在1亿摄氏度实现1066秒稳态长脉冲高约束模等离子体运行，创下世界纪录。

羲和、天宫、广寒、北斗……千年以降，先民抬头“问天”，以瑰丽想象为无垠的寰宇作下注解。而今，以新型举国体制攻克关键核心技术，我国载人航天、探月探火、量子信息等领域取得重大成果，可上天钻地、入海搬山，志之所趋，无远弗届。嫦娥工程“九天揽月”、“祝融号”火星车“探秘荧惑”、北斗卫星“指南太空”，绵延数代的梦想正一个个落地生根，中国科技的力量和中华文化的魅力共同铸就了一份中国式浪漫。

古今对照的回响中，更能感悟“第二个结合”的思想伟力。“万物各得其和以生，各得其养以成”的智慧，与“山水林田湖草沙一体化保护和系统治理”的逻辑相契合，生态向好、环境更优，古籍典著中的诗意憧憬扑面而来；“天行健，君子以自强不息”的观念，同“必须加快实现高水平科技自立自强”的要求相融通，攻坚克难、勇攀高峰，口耳相传的神话故事渐次成真。把马克思主义基本原理同中华优秀传统文化相结合，中国文化的丰厚宝库与现代化的丰富图景联结起来、融合起来，既拓展了强国建设的历史景深，也让古老的文明在现代绽放。

悠远的写意，从未褪色；时代的写实，笔力万钧。以文化铸魂，以实干担当，以创新赋能，那些梦想种子，必将和着“中华民族伟大复兴势不可挡”的发展强音破土而出，蔚为大观。",常  晋,评论,https://paper.people.com.cn/rmrb/pc/content/202601/08/content_30130481.html,2026-01-08,"['文化', '写实', '无远弗届', '探月', '探火', '搬山', '志之所趋', '景深', '北冥有', '2025']","以新型举国体制攻克关键核心技术，我国载人航天、探月探火、量子信息等领域取得重大成果，可上天钻地、入海搬山，志之所趋，无远弗届
把马克思主义基本原理同中华优秀传统文化相结合，中国文化的丰厚宝库与现代化的丰富图景联结起来、融合起来，既拓展了强国建设的历史景深，也让古老的文明在现代绽放
“北冥有鱼，其名为鲲。鲲之大，不知其几千里也；化而为鸟，其名为鹏……”庄子在《逍遥游》中汪洋恣肆的笔触，在今天找到了写实注脚。",政治
让自动驾驶安全有序进化（微观）,"除了克服大规模量产的成本控制、技术升级等挑战，更重要的是在各种极端场景中验证安全冗余机制的有效性，在复杂交互场景下厘清人机责任边界，让安全成为自动驾驶最重要的基因
自动驾驶离个人消费者又近了一步。不久前，工业和信息化部公布了两款L3级有条件自动驾驶车型准入许可。随后，首块L3级自动驾驶专用正式号牌在重庆诞生。
对于自动驾驶的商业化而言，这是非常关键的跨越，标志着自动驾驶产业从技术验证迈向量产应用新阶段。
目前，我国将驾驶自动化分为0级到5级共6个级别，其中L3对应的是有条件自动驾驶。在特定条件下，驾驶任务可以交给自动化系统，驾驶员无需持续关注路况，但必须在系统请求时及时接管。这一级别，被视为从辅助驾驶迈向自动驾驶的分水岭。
L3级自动驾驶车型获得准入许可，意味着其安全运行能力通过初步验证，也意味着其需以相应标准担负社会责任。当车载系统成为重要的法律责任主体，交通事故责任认定、保险产品设计、人机共驾伦理准则等，都需要随之更新。在真实场景中，开展商业闭环验证，并推动交通管理、保险理赔等配套制度同步完善，是自动驾驶向更高级别有序进化的必由之路。
自动驾驶技术的商业化应用，从来不是技术上的单兵突进，而是将安全底线融入行业发展的有序进化。我国在自动驾驶领域的政策推进，始终遵循“安全第一、循序渐进”的原则。先是功能型无人车在物流、配送等限定场景中落地，再逐步推动载人自动驾驶车辆在更复杂环境中审慎测试，这样的发展路径，不仅体现了对人民生命财产安全的高度负责，也为设施升级、法规完善和公众认可留出了必要的适应期。
从封闭道路驶入开放道路，离规模化应用越来越近，说明自动驾驶技术和产业成熟度达到一定水准。在这一重要拐点，除了克服大规模量产的成本控制、技术升级等挑战，更重要的是在各种极端场景中验证安全冗余机制的有效性，在复杂交互场景下厘清人机责任边界，让安全成为自动驾驶最重要的基因。
比如，在极端天气、突遇障碍物、道路施工等非标准化场景下，如何解决算法的决策延迟问题？在人机协同的模糊地带，尤其是系统与驾驶员接管的过渡期，如何划分车企、软件提供商以及驾驶员的责任？加快技术创新的同时，进一步厘清责任边界，形成有效的全周期监管模式，才能推动行业平稳有序发展。
与其他技术不同，自动驾驶领域容错率极低。没有安全打底，一切效率提升、体验革新、产业蓝图都会成为镜花水月。在发展初期，公众对自动驾驶的信任，异常珍贵又十分脆弱。一起系统失控导致的交通事故，一辆因故障停在路中间的无人驾驶汽车，一本把辅助驾驶包装成自动驾驶的宣传册，都会削弱公众信任，甚至导致自动驾驶的商业化进程停顿。克制短期变现的冲动，筑牢长期安全的根基，才是行业发展的正道。
当前，自动驾驶正在打开更大的商业想象空间，也将对人们的出行与生活产生巨大影响。一家拿到准入许可的车企表示，技术准入只是起点，安全回家才是价值归宿。在这一全球聚焦的竞争领域，从技术创新到安全监管，我国已积累了一定的经验和优势。保持耐心，稳扎稳打，筑牢安全堤坝，让每次出行都值得信赖，自动驾驶将在增进社会福祉中赢得更广阔的发展天地。","# 让自动驾驶安全有序进化（微观）

> 杨  柳《人民日报》（2026年01月08日第 08 版）

除了克服大规模量产的成本控制、技术升级等挑战，更重要的是在各种极端场景中验证安全冗余机制的有效性，在复杂交互场景下厘清人机责任边界，让安全成为自动驾驶最重要的基因

自动驾驶离个人消费者又近了一步。不久前，工业和信息化部公布了两款L3级有条件自动驾驶车型准入许可。随后，首块L3级自动驾驶专用正式号牌在重庆诞生。

对于自动驾驶的商业化而言，这是非常关键的跨越，标志着自动驾驶产业从技术验证迈向量产应用新阶段。

目前，我国将驾驶自动化分为0级到5级共6个级别，其中L3对应的是有条件自动驾驶。在特定条件下，驾驶任务可以交给自动化系统，驾驶员无需持续关注路况，但必须在系统请求时及时接管。这一级别，被视为从辅助驾驶迈向自动驾驶的分水岭。

L3级自动驾驶车型获得准入许可，意味着其安全运行能力通过初步验证，也意味着其需以相应标准担负社会责任。当车载系统成为重要的法律责任主体，交通事故责任认定、保险产品设计、人机共驾伦理准则等，都需要随之更新。在真实场景中，开展商业闭环验证，并推动交通管理、保险理赔等配套制度同步完善，是自动驾驶向更高级别有序进化的必由之路。

自动驾驶技术的商业化应用，从来不是技术上的单兵突进，而是将安全底线融入行业发展的有序进化。我国在自动驾驶领域的政策推进，始终遵循“安全第一、循序渐进”的原则。先是功能型无人车在物流、配送等限定场景中落地，再逐步推动载人自动驾驶车辆在更复杂环境中审慎测试，这样的发展路径，不仅体现了对人民生命财产安全的高度负责，也为设施升级、法规完善和公众认可留出了必要的适应期。

从封闭道路驶入开放道路，离规模化应用越来越近，说明自动驾驶技术和产业成熟度达到一定水准。在这一重要拐点，除了克服大规模量产的成本控制、技术升级等挑战，更重要的是在各种极端场景中验证安全冗余机制的有效性，在复杂交互场景下厘清人机责任边界，让安全成为自动驾驶最重要的基因。

比如，在极端天气、突遇障碍物、道路施工等非标准化场景下，如何解决算法的决策延迟问题？在人机协同的模糊地带，尤其是系统与驾驶员接管的过渡期，如何划分车企、软件提供商以及驾驶员的责任？加快技术创新的同时，进一步厘清责任边界，形成有效的全周期监管模式，才能推动行业平稳有序发展。

与其他技术不同，自动驾驶领域容错率极低。没有安全打底，一切效率提升、体验革新、产业蓝图都会成为镜花水月。在发展初期，公众对自动驾驶的信任，异常珍贵又十分脆弱。一起系统失控导致的交通事故，一辆因故障停在路中间的无人驾驶汽车，一本把辅助驾驶包装成自动驾驶的宣传册，都会削弱公众信任，甚至导致自动驾驶的商业化进程停顿。克制短期变现的冲动，筑牢长期安全的根基，才是行业发展的正道。

当前，自动驾驶正在打开更大的商业想象空间，也将对人们的出行与生活产生巨大影响。一家拿到准入许可的车企表示，技术准入只是起点，安全回家才是价值归宿。在这一全球聚焦的竞争领域，从技术创新到安全监管，我国已积累了一定的经验和优势。保持耐心，稳扎稳打，筑牢安全堤坝，让每次出行都值得信赖，自动驾驶将在增进社会福祉中赢得更广阔的发展天地。",杨  柳,评论,https://paper.people.com.cn/rmrb/pc/content/202601/08/content_30130482.html,2026-01-08,"['驾驶', '自动', '安全', '场景', 'L3', '人机', '验证', '责任', '准入', '有序']","除了克服大规模量产的成本控制、技术升级等挑战，更重要的是在各种极端场景中验证安全冗余机制的有效性，在复杂交互场景下厘清人机责任边界，让安全成为自动驾驶最重要的基因
自动驾驶离个人消费者又近了一步。不久前，工业和信息化部公布了两款L3级有条件自动驾驶车型准入许可。随后，首块L3级自动驾驶专用正式号牌在重庆诞生。
对于自动驾驶的商业化而言，这是非常关键的跨越，标志着自动驾驶产业从技术验证迈向量产应用新阶段。",政治
闲置物品循环增值了啥（金台随笔）,"家中闲置物品如何处理？挂上平台、流转变现成为不少人的选择。
近年来，闲置物品循环流通快速发展。据商务部数据显示，2024年我国二手商品交易额达1.69万亿元，同比增长28%，近6年平均复合增长率达12%。有人认为，这不仅是一个产业的增长，还实现了更广泛意义上的“增值”。
价值“增值”。一件九成新的家电，若被弃置便会“无用”，若经二手买卖，便会继续投入使用；一款绝版潮玩，在辗转的交易中，不仅实现价值流通，还为爱好者增添情绪价值；一个屏幕损坏、主板完好的手机，经历闲置流转平台修理之后，可能成为技术“发烧友”的研究对象……从评估维修到物流仓储，闲置物品的流转链是一条延展的价值链，拓宽了市场的成长空间。
效益“增值”。比如某企业打通线上、线下，集合各种二手商品，推出“仓储式卖场+透明质检”模式，既抓质量保障，也抓场景体验，解决消费痛点，实现了客流增长，提升了交易效益。“增效”已然成为各行业的共同焦点。从离境退税“即买即退”，到因地制宜发展新质生产力，再到建设全国统一大市场，效率变革是目标，也是引擎。将“规模扩张”转向“效率提升”，畅通资源要素流动的“血脉”，市场潜力无限。
理念“增值”。交易平台上，每一笔交易都标注着对应的减碳量，用户能直观看到自己的环保贡献，更乐于让闲置物品循环起来。推动绿色发展，靠的不仅是制度规范，还有理念更新。将新发展理念融入生产生活的方方面面，以生活之变点亮观念之变，调动的不仅是外在推动力，还会有自觉转型的内驱力，并进一步融汇出高质量发展合力。
闲置物品循环推动“增值”的锚点在哪？在以“变废为宝”引导供需精准适配，更好统筹扩大内需和深化供给侧结构性改革。
纵览近年实践，“统筹”二字成为发展的题眼。“世界超市”义乌，既开拓海外新兴市场，又推动“出口转内销”，统筹出坚韧的“双循环”；具身智能、DeepSeek等产品上新，数智化、绿色化等转型潮涌，创新链、产业链相融合，统筹出经济质量的提升；海南自贸港全岛封关运作，高质量共建“一带一路”走深走实，统筹“两个大局”扩大高水平对外开放，传递出更多确定性。
从个人的闲置换新到万亿级市场的蓬勃生长，闲置物品的循环促进“增值”既是消费观念转变的体现，也是质量变革、效率变革、动力变革的缩影。这些“变”都是高质量发展的驱动因子。以新发展理念为引领，善于识变、勇于应变、敢于求变，就能不断催生出更多推动高质量发展的新增量。","# 闲置物品循环增值了啥（金台随笔）

> 龚  利《人民日报》（2026年01月08日第 08 版）

家中闲置物品如何处理？挂上平台、流转变现成为不少人的选择。

近年来，闲置物品循环流通快速发展。据商务部数据显示，2024年我国二手商品交易额达1.69万亿元，同比增长28%，近6年平均复合增长率达12%。有人认为，这不仅是一个产业的增长，还实现了更广泛意义上的“增值”。

价值“增值”。一件九成新的家电，若被弃置便会“无用”，若经二手买卖，便会继续投入使用；一款绝版潮玩，在辗转的交易中，不仅实现价值流通，还为爱好者增添情绪价值；一个屏幕损坏、主板完好的手机，经历闲置流转平台修理之后，可能成为技术“发烧友”的研究对象……从评估维修到物流仓储，闲置物品的流转链是一条延展的价值链，拓宽了市场的成长空间。

效益“增值”。比如某企业打通线上、线下，集合各种二手商品，推出“仓储式卖场+透明质检”模式，既抓质量保障，也抓场景体验，解决消费痛点，实现了客流增长，提升了交易效益。“增效”已然成为各行业的共同焦点。从离境退税“即买即退”，到因地制宜发展新质生产力，再到建设全国统一大市场，效率变革是目标，也是引擎。将“规模扩张”转向“效率提升”，畅通资源要素流动的“血脉”，市场潜力无限。

理念“增值”。交易平台上，每一笔交易都标注着对应的减碳量，用户能直观看到自己的环保贡献，更乐于让闲置物品循环起来。推动绿色发展，靠的不仅是制度规范，还有理念更新。将新发展理念融入生产生活的方方面面，以生活之变点亮观念之变，调动的不仅是外在推动力，还会有自觉转型的内驱力，并进一步融汇出高质量发展合力。

闲置物品循环推动“增值”的锚点在哪？在以“变废为宝”引导供需精准适配，更好统筹扩大内需和深化供给侧结构性改革。

纵览近年实践，“统筹”二字成为发展的题眼。“世界超市”义乌，既开拓海外新兴市场，又推动“出口转内销”，统筹出坚韧的“双循环”；具身智能、DeepSeek等产品上新，数智化、绿色化等转型潮涌，创新链、产业链相融合，统筹出经济质量的提升；海南自贸港全岛封关运作，高质量共建“一带一路”走深走实，统筹“两个大局”扩大高水平对外开放，传递出更多确定性。

从个人的闲置换新到万亿级市场的蓬勃生长，闲置物品的循环促进“增值”既是消费观念转变的体现，也是质量变革、效率变革、动力变革的缩影。这些“变”都是高质量发展的驱动因子。以新发展理念为引领，善于识变、勇于应变、敢于求变，就能不断催生出更多推动高质量发展的新增量。",龚  利,评论,https://paper.people.com.cn/rmrb/pc/content/202601/08/content_30130483.html,2026-01-08,"['闲置', '增值', '物品', '统筹', '高质量', '循环', '发展', '变革', '理念', '流转']","家中闲置物品如何处理？挂上平台、流转变现成为不少人的选择。
近年来，闲置物品循环流通快速发展。据商务部数据显示，2024年我国二手商品交易额达1.69万亿元，同比增长28%，近6年平均复合增长率达12%。有人认为，这不仅是一个产业的增长，还实现了更广泛意义上的“增值”。
价值“增值”。一件九成新的家电，若被弃置便会“无用”，若经二手买卖，便会继续投入使用；一款绝版潮玩，在辗转的交易中，不仅实现价值流通，还为爱好者增添情绪价值；一个屏幕损坏、主板完好的手机，经历闲置流转平台修理之后，可能成为技术“发烧友”的研究对象……从评估维修到物流仓储，闲置物品的流转链是一条延展的价值链，拓宽了市场的成长空间。",经济
莫把“小确幸”拖成“老大难”（纵横）,"近些年，不少老旧小区加装电梯，给群众生活带来便利。但在有的地方，尽管方案定了，却迟迟不见施工队进场。明明是好事，最终拖成了烦心事。类似“只听楼梯响，不见人下来”的问题，时有发生。
细究其中情况，不尽相同。比如，有的是会议开了又开，方案改了又改，就是不见行动；有的是事情涉及多部门协同，开展中你推我挡，结果谁也没动；有的是强调客观困难，一等就是无限期。尽管可能存在客观困难，但其中的主观因素不容忽视。一旦“慢”字当头、“拖”字作祟，就容易把本该抓紧办好的事磨成“老大难”。
为何短期可及的任务，最后悬在半空？有的是因为干部能力不足，遇到复杂点的事就无从下手；有的是因为干部“庸懒散拖”，缺乏时间感和紧迫感，认为“早晚都是干，不急这一时”；还有的是因为干部政绩观存在偏差，热衷于“大手笔”“大工程”，瞧不上惠民生的“微实事”。一个“拖”字诀，表面看是效率问题，根子里却是宗旨意识不强、工作作风不实。
能办的，就应该马上就办；群众盼的，就应该真抓实干。群众的眼睛是雪亮的，他们分得清谁是求真务实，谁是光说不练。把群众的急难愁盼放在“缓办区”，本质是对群众不负责任。凡是群众热切期盼、条件基本具备、已经拍板定案的事情，就当一抓到底，办就办成，办就办好。
群众的心上事就是干部的上心事。能尽快干成干好的事，绝不容拖沓延宕；能令群众舒心展眉的事，绝不许敷衍塞责；能及时见效、立解民忧的事，绝不可推脱绕行。点亮老旧小区的一盏路灯、畅通乡村的一段断头路、优化办事窗口的一个便民流程……“小确幸”里也可以有大作为。把短期可及的任务圆满完成，本身就是在为更大范围、更长周期的“大工程”筑基垒台、积蓄力量。
“对老百姓来说，他们身边每一件琐碎的小事，都是实实在在的大事，有的甚至还是急事、难事。”这样的政绩观为广大干部树立了干事坐标。莫让一个“等”字违了民意，莫让一个“拖”字误了发展，我们当以“今日事今日毕”的干劲，回应群众期盼。
（摘编自《湖北日报》）","# 莫把“小确幸”拖成“老大难”（纵横）

> 周  磊《人民日报》（2026年01月08日第 08 版）

近些年，不少老旧小区加装电梯，给群众生活带来便利。但在有的地方，尽管方案定了，却迟迟不见施工队进场。明明是好事，最终拖成了烦心事。类似“只听楼梯响，不见人下来”的问题，时有发生。

细究其中情况，不尽相同。比如，有的是会议开了又开，方案改了又改，就是不见行动；有的是事情涉及多部门协同，开展中你推我挡，结果谁也没动；有的是强调客观困难，一等就是无限期。尽管可能存在客观困难，但其中的主观因素不容忽视。一旦“慢”字当头、“拖”字作祟，就容易把本该抓紧办好的事磨成“老大难”。

为何短期可及的任务，最后悬在半空？有的是因为干部能力不足，遇到复杂点的事就无从下手；有的是因为干部“庸懒散拖”，缺乏时间感和紧迫感，认为“早晚都是干，不急这一时”；还有的是因为干部政绩观存在偏差，热衷于“大手笔”“大工程”，瞧不上惠民生的“微实事”。一个“拖”字诀，表面看是效率问题，根子里却是宗旨意识不强、工作作风不实。

能办的，就应该马上就办；群众盼的，就应该真抓实干。群众的眼睛是雪亮的，他们分得清谁是求真务实，谁是光说不练。把群众的急难愁盼放在“缓办区”，本质是对群众不负责任。凡是群众热切期盼、条件基本具备、已经拍板定案的事情，就当一抓到底，办就办成，办就办好。

群众的心上事就是干部的上心事。能尽快干成干好的事，绝不容拖沓延宕；能令群众舒心展眉的事，绝不许敷衍塞责；能及时见效、立解民忧的事，绝不可推脱绕行。点亮老旧小区的一盏路灯、畅通乡村的一段断头路、优化办事窗口的一个便民流程……“小确幸”里也可以有大作为。把短期可及的任务圆满完成，本身就是在为更大范围、更长周期的“大工程”筑基垒台、积蓄力量。

“对老百姓来说，他们身边每一件琐碎的小事，都是实实在在的大事，有的甚至还是急事、难事。”这样的政绩观为广大干部树立了干事坐标。莫让一个“等”字违了民意，莫让一个“拖”字误了发展，我们当以“今日事今日毕”的干劲，回应群众期盼。

（摘编自《湖北日报》）",周  磊,评论,https://paper.people.com.cn/rmrb/pc/content/202601/08/content_30130485.html,2026-01-08,"['群众', '有的是', '政绩观', '干部', '拖成', '可及', '小确幸', '莫让', '老大难', '老旧']","近些年，不少老旧小区加装电梯，给群众生活带来便利。但在有的地方，尽管方案定了，却迟迟不见施工队进场。明明是好事，最终拖成了烦心事。类似“只听楼梯响，不见人下来”的问题，时有发生。
细究其中情况，不尽相同。比如，有的是会议开了又开，方案改了又改，就是不见行动；有的是事情涉及多部门协同，开展中你推我挡，结果谁也没动；有的是强调客观困难，一等就是无限期。尽管可能存在客观困难，但其中的主观因素不容忽视。一旦“慢”字当头、“拖”字作祟，就容易把本该抓紧办好的事磨成“老大难”。
为何短期可及的任务，最后悬在半空？有的是因为干部能力不足，遇到复杂点的事就无从下手；有的是因为干部“庸懒散拖”，缺乏时间感和紧迫感，认为“早晚都是干，不急这一时”；还有的是因为干部政绩观存在偏差，热衷于“大手笔”“大工程”，瞧不上惠民生的“微实事”。一个“拖”字诀，表面看是效率问题，根子里却是宗旨意识不强、工作作风不实。",社会
打破垄断壁垒  保障民生权益,"悠悠万事，民生为大。查处垄断协议案件35起、滥用市场支配地位案件25起，罚没款总计29.3亿元……国家市场监管总局公布近3年我国民生领域反垄断成果，交出“监管为民”的生动答卷。
党的二十届四中全会《建议》提出：“强化反垄断和反不正当竞争执法司法，形成优质优价、良性竞争的市场秩序。”反垄断被置于更突出的位置，既是维护市场公平竞争秩序的必然要求，也是守护群众“钱袋子”“菜篮子”等民生福祉的关键举措。
民生领域的垄断行为，推高生活成本，压缩民众福利空间。治疗严重感染的注射用硫酸多黏菌素B，因为垄断价格奇高，许多患者家庭不堪重负。市场监管部门依法查处相关企业，推动该药品价格下降超95%。从“天价”变成“普惠”，反垄断举措挽救的是生命，守护的是无数家庭的希望。
清除要素自由流通的堵点，才能实现资源的优化配置、创新的活力涌流。从燃气、供水等公用事业领域的强制搭售，到原料药市场的价格操控，垄断行为会直接损害消费者的选择权与公平交易权，进而削弱市场活力、阻碍行业创新。对垄断行为坚决“亮剑”，方可提升市场的竞争活力和效率。
民生领域的反垄断，对清除行政性障碍与地方保护具有风向标意义。许多公用事业具有自然垄断或行政特许经营特性，更需要严格规范，从源头预防、制止垄断行为。
实现对垄断的标本兼治，有赖于构建一套系统治理方案。反垄断法及其配套体系为反垄断提供了坚实保障。全面实施公平竞争审查制度，从政策源头严防出台排除、限制竞争的规定；创新运用“三书一函”等梯次监管工具，对苗头性问题及时提醒、约谈、整改……多措并举、综合治理，才能最大程度消除垄断产生的土壤，规范秩序，激发活力。
实践中，反垄断面对的是日益隐蔽的垄断协议，是难以穿透的“算法黑箱”，是市场支配地位的滥用，而调查取证则是一场严峻的攻坚战。拿出非凡的改革决心与治理智慧，推动反垄断监管执法不避繁难，才能回应好民众对清朗市场、公平价格的期盼。
民生无小事，枝叶总关情。从一盒药的价格公平，到一项公共服务的自主选择，再到整个市场环境的清朗有序，民生领域不断破除垄断壁垒、维护竞争秩序，发展成果必能更公平地惠及全体人民。","# 打破垄断壁垒  保障民生权益

> 黎海华《人民日报》（2026年01月08日第 08 版）

悠悠万事，民生为大。查处垄断协议案件35起、滥用市场支配地位案件25起，罚没款总计29.3亿元……国家市场监管总局公布近3年我国民生领域反垄断成果，交出“监管为民”的生动答卷。

党的二十届四中全会《建议》提出：“强化反垄断和反不正当竞争执法司法，形成优质优价、良性竞争的市场秩序。”反垄断被置于更突出的位置，既是维护市场公平竞争秩序的必然要求，也是守护群众“钱袋子”“菜篮子”等民生福祉的关键举措。

民生领域的垄断行为，推高生活成本，压缩民众福利空间。治疗严重感染的注射用硫酸多黏菌素B，因为垄断价格奇高，许多患者家庭不堪重负。市场监管部门依法查处相关企业，推动该药品价格下降超95%。从“天价”变成“普惠”，反垄断举措挽救的是生命，守护的是无数家庭的希望。

清除要素自由流通的堵点，才能实现资源的优化配置、创新的活力涌流。从燃气、供水等公用事业领域的强制搭售，到原料药市场的价格操控，垄断行为会直接损害消费者的选择权与公平交易权，进而削弱市场活力、阻碍行业创新。对垄断行为坚决“亮剑”，方可提升市场的竞争活力和效率。

民生领域的反垄断，对清除行政性障碍与地方保护具有风向标意义。许多公用事业具有自然垄断或行政特许经营特性，更需要严格规范，从源头预防、制止垄断行为。

实现对垄断的标本兼治，有赖于构建一套系统治理方案。反垄断法及其配套体系为反垄断提供了坚实保障。全面实施公平竞争审查制度，从政策源头严防出台排除、限制竞争的规定；创新运用“三书一函”等梯次监管工具，对苗头性问题及时提醒、约谈、整改……多措并举、综合治理，才能最大程度消除垄断产生的土壤，规范秩序，激发活力。

实践中，反垄断面对的是日益隐蔽的垄断协议，是难以穿透的“算法黑箱”，是市场支配地位的滥用，而调查取证则是一场严峻的攻坚战。拿出非凡的改革决心与治理智慧，推动反垄断监管执法不避繁难，才能回应好民众对清朗市场、公平价格的期盼。

民生无小事，枝叶总关情。从一盒药的价格公平，到一项公共服务的自主选择，再到整个市场环境的清朗有序，民生领域不断破除垄断壁垒、维护竞争秩序，发展成果必能更公平地惠及全体人民。",黎海华,评论,https://paper.people.com.cn/rmrb/pc/content/202601/08/content_30130486.html,2026-01-08,"['反垄断', '垄断', '民生', '活力', '市场', '领域', '竞争', '秩序', '清朗', '行为']","悠悠万事，民生为大。查处垄断协议案件35起、滥用市场支配地位案件25起，罚没款总计29.3亿元……国家市场监管总局公布近3年我国民生领域反垄断成果，交出“监管为民”的生动答卷。
党的二十届四中全会《建议》提出：“强化反垄断和反不正当竞争执法司法，形成优质优价、良性竞争的市场秩序。”反垄断被置于更突出的位置，既是维护市场公平竞争秩序的必然要求，也是守护群众“钱袋子”“菜篮子”等民生福祉的关键举措。
民生领域的垄断行为，推高生活成本，压缩民众福利空间。治疗严重感染的注射用硫酸多黏菌素B，因为垄断价格奇高，许多患者家庭不堪重负。市场监管部门依法查处相关企业，推动该药品价格下降超95%。从“天价”变成“普惠”，反垄断举措挽救的是生命，守护的是无数家庭的希望。",政治
深刻把握中国之路中国之治中国之理的世界意义（深入学习贯彻习近平新时代中国特色社会主义思想）,"习近平总书记指出：“‘十五五’时期是夯实基础、全面发力的关键时期，制定和实施好‘十五五’规划，就能为2035年基本实现社会主义现代化奠定更加坚实的基础。”党的二十届四中全会《建议》准确把握我国发展的历史方位，明确提出“十五五”时期经济社会发展的指导方针和主要目标，擘画了未来五年国家发展的宏伟蓝图，蕴含着独树一帜又造福世界的中国之路、中国之治、中国之理。我们要以习近平新时代中国特色社会主义思想特别是习近平外交思想为引领，从战略和全局高度深刻认识、全面贯彻党的二十届四中全会精神，深入把握我们党作为世界最大马克思主义执政党的全球性影响和历史性贡献，从理论角度和实践维度向国际社会讲好中国之路、中国之治、中国之理的世界意义，积极展现中国共产党的良好国际形象。
深刻把握中国之路对世界繁荣稳定的重要贡献
习近平总书记指出：“中国坚持走符合本国国情的发展道路”“中国共产党团结带领中国人民，走出了一条既发展自身又造福世界的现代化之路”。我们党不断深化对共产党执政规律、社会主义建设规律、人类社会发展规律的认识，围绕科学社会主义理论创新、现代化建设、世界和平发展等重大时代课题积极探索，开辟了中国特色社会主义道路，成功走出中国式现代化道路，创造了人类文明新形态，并坚定走和平发展的人间正道，使中国之路的历史意义和时代价值持续彰显。
中国特色社会主义道路将世界社会主义运动推向新阶段。习近平总书记指出：“马克思主义是不断发展的开放的理论，本土化才能落地生根，时代化才能充满生机。”我们党坚持把马克思主义基本原理同中国具体实际相结合、同中华优秀传统文化相结合，在应对时代新课题、实践新要求中不断丰富完善党的理论体系，形成中国特色社会主义道路，推动实现国家富强、民族复兴和人民幸福，彰显了马克思主义的真理力量和社会主义的实践伟力。在资本主义系统性危机频繁爆发的当下，中国特色社会主义的成功带动各国马克思主义政党共同推动理论和实践创新，使社会主义影响力感召力不断增强，使世界范围内社会主义和资本主义两种意识形态、两种社会制度的历史演进及其较量进一步发生有利于社会主义的重大转变。国外一些政党高度评价中国特色社会主义在21世纪世界社会主义运动中的中流砥柱作用，普遍认为习近平新时代中国特色社会主义思想“是我们这个时代的马克思主义”“为丰富马克思主义思想宝库作出原创性贡献”，中国共产党开创的中国特色社会主义道路不仅有效指引中国特色社会主义事业不断取得成功，更激励着各国进步力量团结协作、共同奋斗，共同创造社会主义的美好未来。
中国式现代化道路为发展中国家开辟新的现代化路径。习近平总书记指出：“我们追求的不是中国独善其身的现代化，而是期待同广大发展中国家在内的各国一道，共同实现现代化。”我们党紧紧围绕世情国情变化，贯彻新发展理念、构建新发展格局、推动高质量发展，带领14亿多中国人民昂首迈向现代化，带动发展中国家整体实力不断壮大，推动国际力量对比发生近代以来最具进步意义的重大变化。我们党坚持开拓创新，紧紧围绕全面建设社会主义现代化国家目标任务，在全面深化改革和对外开放中走出一条富有特色的中国式现代化道路，创造了人类文明新形态。中国式现代化道路打破了“现代化=西方化”的“西方中心主义”逻辑，为广大发展中国家独立自主迈向现代化树立典范、提供全新选择。许多发展中国家的政党政要表示，中国式现代化不仅致力于自身发展，也为世界提供了重要公共产品，极大鼓舞了发展中国家探索符合本国国情的现代化道路的信心和决心。许多国外政党特别是发展中国家政党竞相学习借鉴中国式现代化道路的发展经验，在基础设施建设、脱贫减贫、产业培育升级等方面结合本国国情进行创造性实践，取得良好成效。
坚持走和平发展道路为推动世界和平、促进共同发展凝聚力量。习近平总书记指出：“我们绝不走殖民掠夺的老路，也绝不走国强必霸的歪路，而是走和平发展的人间正道。”长期以来，中国始终坚持聚精会神搞建设、一心一意谋发展，在坚持和平发展道路的进程中成为全球发展最大贡献者、世界和平最大建设者。特别是在地缘政治冲突加剧，保护主义、单边主义抬头的当下，中国坚定做世界的和平力量、稳定力量、进步力量，不断为动荡变革的世界注入确定性。面对全球思想公共产品匮乏的情况，习近平总书记着眼维护全人类根本利益，创造性提出构建人类命运共同体理念、共建“一带一路”倡议、四大全球倡议等一系列新理念新倡议，深刻回答了“建设一个什么样的世界、怎样建设这个世界”的时代课题，既为中国与世界良性互动指明前进方向，更为各国共同应对时代变局贡献思想公共产品，不断吸引团结更多国际力量在和平发展道路上携手同行。中国讲信义、重情义、扬正义、守道义的大国形象得到国际社会高度评价。构建人类命运共同体理念被写入多份联合国决议及各种双边和多边文件，共建“一带一路”大家庭已包括全球3/4国家，四大全球倡议得到100多个国家和国际组织支持，中国理念中国倡议正在全球范围得到深度推进、持续践行。许多国家和政党表达了与中国一道站在历史正确一边的坚定立场，高度赞赏并感谢中国为世界繁荣稳定作出的重要贡献，期待以中国“十五五”规划实施为契机，进一步加强发展战略对接，共同建设更加美好的世界。
深刻把握中国之治对世界政党治理的独特启示
中国之路蕴含着中国之治，即中国共产党治国理政的理论创造和实践经验。习近平总书记强调：“在世界百年变局中，中国提供了稳定性和确定性。”新时代以来，在以习近平同志为核心的党中央坚强领导下，我国国家治理体系和治理能力现代化进程不断推进，有力确保中国经济发展、社会稳定，中国共产党的治理效能举世公认。中国之治给世界上那些面临政治极化、经济停滞、民生艰难等问题的政党摆脱困境、求治图强，破解政党治理难题、实现党兴国治提供了启示和借鉴。
发挥党的领导核心作用。坚定不移发挥党总揽全局、协调各方的领导核心作用，是中国之治的根基，是确保道路方向正确、实现发展与稳定并重的关键所在。从不断破解发展不平衡不充分难题到成功应对外部环境的风高浪急挑战，我们党团结带领全党全国各族人民，不断开创以中国式现代化全面推进强国建设、民族复兴伟业新局面。实践反复印证，习近平总书记作为党中央的核心、全党的核心，始终发挥着举旗定向的决定性作用。反观一些国外政党当前面临的治理困境，层出不穷的挑战往往伴随着方向迷失。这些政党逐渐意识到，加强党的集中统一领导、突出领导核心的关键作用，是破解难题、凝聚力量的关键所在。只有避免政党在多元诉求中陷入混乱，才能确保政策执行的连贯性和有效性。在近年来我们党同国外政党的治国理政经验交流中，“党的领导”“核心作用”成为外方提及的高频词，也是他们希望学习借鉴的关键点。他们中的许多人表示，在以习近平同志为核心的中共中央坚强领导下，中国共产党持续提升管党治党能力，展现出强大凝聚力、组织力、行动力，这与国外一些政党把主要精力投入选举，为了胜选在政党间相互攻讦、在党内拉帮结派，进而导致一盘散沙的局面形成鲜明对比。中国共产党严密的组织体系是中国能够连续制定并接续实施五年规划的重要“密码”。团结带领全国人民围绕“十五五”规划目标共同奋斗，一定能够不断取得新的更大成就。
坚持人民至上的价值取向。人民至上是马克思主义的根本立场，是习近平新时代中国特色社会主义思想的鲜明底色，也是中国式现代化的核心要义。我们党不断推动社会主义现代化阶梯式递进的过程始终彰显“以人民为中心”。人民至上的先进治理模式贯穿“十五五”规划以及一系列政策的制定和实施全过程。中国经济社会发展取得的突出成效，有力证明只有始终把实现好、维护好、发展好最广大人民根本利益作为一切工作的出发点和落脚点，才能确保在百年变局中赢得历史主动，确保在日趋激烈的复杂博弈中立于不败之地。当今世界，多国政党政治陷入极化、碎片化的混乱博弈，不少政党对社会撕裂、民生困顿缺乏富有责任感的思考。一些传统主流政党丢掉“初心”，背离政党创立时的性质宗旨，只顾迎合一时的激进主张，利用“情绪选票”赢得政治优势，对经济乏力、社会不公、治理失效等问题难以提出行之有效的政策主张，无法整合不同利益群体的诉求，与民众离心离德，逐步丧失执政地位；还有的国外政党为争取选票打“人民牌”，不切实际地提出“寅吃卯粮”式的福利政策和无法落地的经济发展政策，虽在短期内赚取选民支持，却牺牲长远发展。其本质仍是维护少数利益集团私利而非广大人民根本利益，这同我们党坚持人民至上有本质区别。人民至上作为理解中国之治的核心价值内涵，以人民逻辑取代资本逻辑，彻底超越“私利至上”“资本至上”等错误理念，为世界各国政党破解发展和治理难题提供了答案。
弘扬自我革命的精神品质。我们党始终坚持以永远在路上的坚韧执着推进党的自我革命，不断取得管党治党新成果新经验，为世界政党提供管党治党的有益参考和借鉴。在人工智能迅速发展以及保守主义、极端主义思潮冲击下，世界政党政治底层逻辑和运行模式面临深刻挑战，一些国家政党盲目信赖西方“三权分立”的制衡机制，未能跳出历史周期率，深陷政府频繁更迭、党派纷争激化的泥潭。新时代以来，我们党以打铁必须自身硬的勇毅精神深入推进全面从严治党，从制定和落实中央八项规定开局破题，以上率下、徙木立信、久久为功，不仅推动党风政风焕然一新，而且持续增强党的凝聚力战斗力；不仅深刻改变了中国，而且在世界政党舞台上擦亮了中国共产党管党治党经验的“金色名片”。许多国家政党政要对习近平总书记“得罪千百人、不负十四亿”的使命担当由衷钦佩，对我们党自我革命的伟大勇气与政治智慧高度赞许，认为中国共产党以全面从严治党破解政党自我监督这一世界性难题并为经济社会发展提供根本保障的经验十分宝贵，迫切希望同我们党加强反腐败交流和国际合作。不少国家政党政要还十分关注我们党开展的深入贯彻中央八项规定精神学习教育，殷切提出要学习借鉴我们党从作风建设小切口破题推动管党治党水平整体提升的治理智慧。
制定着眼长远的科学规划。习近平总书记指出：“科学制定和接续实施五年规划，是我们党治国理政一条重要经验，也是中国特色社会主义一个重要政治优势。”二战后，一些国家也曾尝试制定经济计划或规划，但总的看这些国家规划的科学性、适用性不足，执行效果不彰或半途而废。放眼世界，只有中国制定和执行五年规划最持久最成功，由此创造出战后国际社会罕见的经济快速发展和社会长期稳定两大奇迹。我们党科学制定阶段性发展目标，明确重点任务和政策导向，有效统筹发展资源和力量，不仅持续提升中国力量，更释放中国发展红利，给世界带来可知可感的机遇。世界上越来越多的政党重视研究、借鉴中国着眼长远的科学规划，特别是“全球南方”国家政党十分关注中国共产党如何领导科学制定和接续实施五年规划，认为中国将长远发展目标一步一步转化为现实成就的能力令人钦佩。不少国外政党政要表示，理解中国共产党制定的五年规划，是读懂中国共产党治理逻辑、中国式现代化发展走向的“攻略”。
深刻把握中国之理对人类文明进步的引领作用
习近平总书记指出：“我们推进理论创新是实践基础上的理论创新，而不是坐在象牙塔内的空想，必须坚持在实践中发现真理、发展真理”。中国之理是中国之路和中国之治的理论源头，是马克思主义中国化时代化、中华优秀传统文化创造性转化和创新性发展的结晶，既指导中国实践又为解决当今世界共同问题提供中国智慧和中国方案。新形势下，我们要着力总结提炼并对外讲好中国之理，推动学习好、领悟好、贯彻好、传播好中国之理紧密衔接、相互贯通。
讲好习近平新时代中国特色社会主义思想的世界意义。习近平新时代中国特色社会主义思想是中国之理的集大成者，不仅历史性改变中国，也为各国解决国内发展难题和应对全球性挑战提供重要启示。越来越多的国家意识到，在变乱交织的世界拥有坚强领导核心具有重要意义，钦佩习近平总书记作为世界级领袖的领导力、影响力、感召力，国际社会向东看、向中国共产党学蔚然成风。不少“全球南方”国家政党重视学习借鉴习近平新时代中国特色社会主义思想，已将其融入政党建设的理论和实践，并转化为所在国经济社会发展的实招实策。一些西方国家政党对习近平新时代中国特色社会主义思想蕴含的治理智慧、发展经验的兴趣日益浓厚，理解不断加深。我们要充分把握历史机遇、顺应国际社会需求，推进习近平新时代中国特色社会主义思想的国际传播不断走深走实。
讲好中华优秀传统文化的时代价值。中华优秀传统文化是中国之理的文明基因。党的十八大以来，习近平总书记深刻把握马克思主义中国化时代化历史经验和中华文明发展规律，推动马克思主义与中华优秀传统文化彼此契合、互相成就。中国化的马克思主义具有鲜明的中国特色、中国风格、中国气派，根本上是由于中华优秀传统文化的滋养。越是民族的就越是世界的，只有始终立足我们自身悠久的文化根脉，才能科学标定历史方位，深刻认识世界大势，从容应对风险挑战。在变乱交织的当今世界，中华优秀传统文化中胸怀天下、崇尚和谐、自强不息、讲信修睦等优良品格重新焕发出魅力，特别是与国外一些唯我独尊、肆意霸凌、背信弃义的行为形成鲜明对比。我们要立足新时代伟大实践，用国际通行话语讲好我们党对中华优秀传统文化的创造性转化、创新性发展，让国际社会更易理解和接受中国之路、中国之治背后深沉持久的文明基底，不断增强中华文明的传播力影响力。
讲好中国共产党的世界观。构建人类命运共同体是习近平新时代中国特色社会主义思想特别是习近平外交思想的重要理念，是我们党秉持马克思主义真理，面向世界和未来的真诚主张和历史夙愿。我们党既为中国人民谋幸福、为中华民族谋复兴，也为人类谋进步、为世界谋大同。我们党的世界眼光、天下情怀是由我们党的先进性本质决定的，从诞生之日起就须臾不离。构建人类命运共同体把握人类社会发展的历史规律，谋划应对全球性挑战的共同方案，开创性确立国际关系新思路，引领全球治理新方向，打造国际交往新形态，不断吸引团结世界各国人民共建美好世界。我们党坚信，世界好，中国才会好；中国好，世界会更好。当今世界，对这一理念认同的人越多，就越有利于世界的和平与发展，也必然有利于中国式现代化和中华民族伟大复兴。我们要讲清中国共产党与世界一道构建人类命运共同体的美好初衷、现实可能、实践路径，进一步凝聚世界各国共同推动构建人类命运共同体的磅礴伟力，为中国式现代化营造良好外部环境。
新征程上，党的对外工作将始终坚持以习近平新时代中国特色社会主义思想特别是习近平外交思想以及习近平总书记关于党的对外工作的重要论述为指导，着眼“十五五”时期经济社会发展的主要目标和重点任务，牢牢把握党的对外工作是党的一条重要战线、国家总体外交的重要组成部分、中国特色大国外交的重要体现这“三个重要”定位，在党中央集中统一领导下发挥好特色和优势，不断夯实全球政党伙伴关系网络，深入讲好中国之路、中国之治、中国之理的世界意义，为实现中华民族伟大复兴、促进人类进步事业作出更大贡献。
（作者为中共中央对外联络部部长）","# 深刻把握中国之路中国之治中国之理的世界意义（深入学习贯彻习近平新时代中国特色社会主义思想）

> 刘海星《人民日报》（2026年01月08日第 09 版）

习近平总书记指出：“‘十五五’时期是夯实基础、全面发力的关键时期，制定和实施好‘十五五’规划，就能为2035年基本实现社会主义现代化奠定更加坚实的基础。”党的二十届四中全会《建议》准确把握我国发展的历史方位，明确提出“十五五”时期经济社会发展的指导方针和主要目标，擘画了未来五年国家发展的宏伟蓝图，蕴含着独树一帜又造福世界的中国之路、中国之治、中国之理。我们要以习近平新时代中国特色社会主义思想特别是习近平外交思想为引领，从战略和全局高度深刻认识、全面贯彻党的二十届四中全会精神，深入把握我们党作为世界最大马克思主义执政党的全球性影响和历史性贡献，从理论角度和实践维度向国际社会讲好中国之路、中国之治、中国之理的世界意义，积极展现中国共产党的良好国际形象。

**深刻把握中国之路对世界繁荣稳定的重要贡献**

习近平总书记指出：“中国坚持走符合本国国情的发展道路”“中国共产党团结带领中国人民，走出了一条既发展自身又造福世界的现代化之路”。我们党不断深化对共产党执政规律、社会主义建设规律、人类社会发展规律的认识，围绕科学社会主义理论创新、现代化建设、世界和平发展等重大时代课题积极探索，开辟了中国特色社会主义道路，成功走出中国式现代化道路，创造了人类文明新形态，并坚定走和平发展的人间正道，使中国之路的历史意义和时代价值持续彰显。

中国特色社会主义道路将世界社会主义运动推向新阶段。习近平总书记指出：“马克思主义是不断发展的开放的理论，本土化才能落地生根，时代化才能充满生机。”我们党坚持把马克思主义基本原理同中国具体实际相结合、同中华优秀传统文化相结合，在应对时代新课题、实践新要求中不断丰富完善党的理论体系，形成中国特色社会主义道路，推动实现国家富强、民族复兴和人民幸福，彰显了马克思主义的真理力量和社会主义的实践伟力。在资本主义系统性危机频繁爆发的当下，中国特色社会主义的成功带动各国马克思主义政党共同推动理论和实践创新，使社会主义影响力感召力不断增强，使世界范围内社会主义和资本主义两种意识形态、两种社会制度的历史演进及其较量进一步发生有利于社会主义的重大转变。国外一些政党高度评价中国特色社会主义在21世纪世界社会主义运动中的中流砥柱作用，普遍认为习近平新时代中国特色社会主义思想“是我们这个时代的马克思主义”“为丰富马克思主义思想宝库作出原创性贡献”，中国共产党开创的中国特色社会主义道路不仅有效指引中国特色社会主义事业不断取得成功，更激励着各国进步力量团结协作、共同奋斗，共同创造社会主义的美好未来。

中国式现代化道路为发展中国家开辟新的现代化路径。习近平总书记指出：“我们追求的不是中国独善其身的现代化，而是期待同广大发展中国家在内的各国一道，共同实现现代化。”我们党紧紧围绕世情国情变化，贯彻新发展理念、构建新发展格局、推动高质量发展，带领14亿多中国人民昂首迈向现代化，带动发展中国家整体实力不断壮大，推动国际力量对比发生近代以来最具进步意义的重大变化。我们党坚持开拓创新，紧紧围绕全面建设社会主义现代化国家目标任务，在全面深化改革和对外开放中走出一条富有特色的中国式现代化道路，创造了人类文明新形态。中国式现代化道路打破了“现代化=西方化”的“西方中心主义”逻辑，为广大发展中国家独立自主迈向现代化树立典范、提供全新选择。许多发展中国家的政党政要表示，中国式现代化不仅致力于自身发展，也为世界提供了重要公共产品，极大鼓舞了发展中国家探索符合本国国情的现代化道路的信心和决心。许多国外政党特别是发展中国家政党竞相学习借鉴中国式现代化道路的发展经验，在基础设施建设、脱贫减贫、产业培育升级等方面结合本国国情进行创造性实践，取得良好成效。

坚持走和平发展道路为推动世界和平、促进共同发展凝聚力量。习近平总书记指出：“我们绝不走殖民掠夺的老路，也绝不走国强必霸的歪路，而是走和平发展的人间正道。”长期以来，中国始终坚持聚精会神搞建设、一心一意谋发展，在坚持和平发展道路的进程中成为全球发展最大贡献者、世界和平最大建设者。特别是在地缘政治冲突加剧，保护主义、单边主义抬头的当下，中国坚定做世界的和平力量、稳定力量、进步力量，不断为动荡变革的世界注入确定性。面对全球思想公共产品匮乏的情况，习近平总书记着眼维护全人类根本利益，创造性提出构建人类命运共同体理念、共建“一带一路”倡议、四大全球倡议等一系列新理念新倡议，深刻回答了“建设一个什么样的世界、怎样建设这个世界”的时代课题，既为中国与世界良性互动指明前进方向，更为各国共同应对时代变局贡献思想公共产品，不断吸引团结更多国际力量在和平发展道路上携手同行。中国讲信义、重情义、扬正义、守道义的大国形象得到国际社会高度评价。构建人类命运共同体理念被写入多份联合国决议及各种双边和多边文件，共建“一带一路”大家庭已包括全球3/4国家，四大全球倡议得到100多个国家和国际组织支持，中国理念中国倡议正在全球范围得到深度推进、持续践行。许多国家和政党表达了与中国一道站在历史正确一边的坚定立场，高度赞赏并感谢中国为世界繁荣稳定作出的重要贡献，期待以中国“十五五”规划实施为契机，进一步加强发展战略对接，共同建设更加美好的世界。

**深刻把握中国之治对世界政党治理的独特启示**

中国之路蕴含着中国之治，即中国共产党治国理政的理论创造和实践经验。习近平总书记强调：“在世界百年变局中，中国提供了稳定性和确定性。”新时代以来，在以习近平同志为核心的党中央坚强领导下，我国国家治理体系和治理能力现代化进程不断推进，有力确保中国经济发展、社会稳定，中国共产党的治理效能举世公认。中国之治给世界上那些面临政治极化、经济停滞、民生艰难等问题的政党摆脱困境、求治图强，破解政党治理难题、实现党兴国治提供了启示和借鉴。

发挥党的领导核心作用。坚定不移发挥党总揽全局、协调各方的领导核心作用，是中国之治的根基，是确保道路方向正确、实现发展与稳定并重的关键所在。从不断破解发展不平衡不充分难题到成功应对外部环境的风高浪急挑战，我们党团结带领全党全国各族人民，不断开创以中国式现代化全面推进强国建设、民族复兴伟业新局面。实践反复印证，习近平总书记作为党中央的核心、全党的核心，始终发挥着举旗定向的决定性作用。反观一些国外政党当前面临的治理困境，层出不穷的挑战往往伴随着方向迷失。这些政党逐渐意识到，加强党的集中统一领导、突出领导核心的关键作用，是破解难题、凝聚力量的关键所在。只有避免政党在多元诉求中陷入混乱，才能确保政策执行的连贯性和有效性。在近年来我们党同国外政党的治国理政经验交流中，“党的领导”“核心作用”成为外方提及的高频词，也是他们希望学习借鉴的关键点。他们中的许多人表示，在以习近平同志为核心的中共中央坚强领导下，中国共产党持续提升管党治党能力，展现出强大凝聚力、组织力、行动力，这与国外一些政党把主要精力投入选举，为了胜选在政党间相互攻讦、在党内拉帮结派，进而导致一盘散沙的局面形成鲜明对比。中国共产党严密的组织体系是中国能够连续制定并接续实施五年规划的重要“密码”。团结带领全国人民围绕“十五五”规划目标共同奋斗，一定能够不断取得新的更大成就。

坚持人民至上的价值取向。人民至上是马克思主义的根本立场，是习近平新时代中国特色社会主义思想的鲜明底色，也是中国式现代化的核心要义。我们党不断推动社会主义现代化阶梯式递进的过程始终彰显“以人民为中心”。人民至上的先进治理模式贯穿“十五五”规划以及一系列政策的制定和实施全过程。中国经济社会发展取得的突出成效，有力证明只有始终把实现好、维护好、发展好最广大人民根本利益作为一切工作的出发点和落脚点，才能确保在百年变局中赢得历史主动，确保在日趋激烈的复杂博弈中立于不败之地。当今世界，多国政党政治陷入极化、碎片化的混乱博弈，不少政党对社会撕裂、民生困顿缺乏富有责任感的思考。一些传统主流政党丢掉“初心”，背离政党创立时的性质宗旨，只顾迎合一时的激进主张，利用“情绪选票”赢得政治优势，对经济乏力、社会不公、治理失效等问题难以提出行之有效的政策主张，无法整合不同利益群体的诉求，与民众离心离德，逐步丧失执政地位；还有的国外政党为争取选票打“人民牌”，不切实际地提出“寅吃卯粮”式的福利政策和无法落地的经济发展政策，虽在短期内赚取选民支持，却牺牲长远发展。其本质仍是维护少数利益集团私利而非广大人民根本利益，这同我们党坚持人民至上有本质区别。人民至上作为理解中国之治的核心价值内涵，以人民逻辑取代资本逻辑，彻底超越“私利至上”“资本至上”等错误理念，为世界各国政党破解发展和治理难题提供了答案。

弘扬自我革命的精神品质。我们党始终坚持以永远在路上的坚韧执着推进党的自我革命，不断取得管党治党新成果新经验，为世界政党提供管党治党的有益参考和借鉴。在人工智能迅速发展以及保守主义、极端主义思潮冲击下，世界政党政治底层逻辑和运行模式面临深刻挑战，一些国家政党盲目信赖西方“三权分立”的制衡机制，未能跳出历史周期率，深陷政府频繁更迭、党派纷争激化的泥潭。新时代以来，我们党以打铁必须自身硬的勇毅精神深入推进全面从严治党，从制定和落实中央八项规定开局破题，以上率下、徙木立信、久久为功，不仅推动党风政风焕然一新，而且持续增强党的凝聚力战斗力；不仅深刻改变了中国，而且在世界政党舞台上擦亮了中国共产党管党治党经验的“金色名片”。许多国家政党政要对习近平总书记“得罪千百人、不负十四亿”的使命担当由衷钦佩，对我们党自我革命的伟大勇气与政治智慧高度赞许，认为中国共产党以全面从严治党破解政党自我监督这一世界性难题并为经济社会发展提供根本保障的经验十分宝贵，迫切希望同我们党加强反腐败交流和国际合作。不少国家政党政要还十分关注我们党开展的深入贯彻中央八项规定精神学习教育，殷切提出要学习借鉴我们党从作风建设小切口破题推动管党治党水平整体提升的治理智慧。

制定着眼长远的科学规划。习近平总书记指出：“科学制定和接续实施五年规划，是我们党治国理政一条重要经验，也是中国特色社会主义一个重要政治优势。”二战后，一些国家也曾尝试制定经济计划或规划，但总的看这些国家规划的科学性、适用性不足，执行效果不彰或半途而废。放眼世界，只有中国制定和执行五年规划最持久最成功，由此创造出战后国际社会罕见的经济快速发展和社会长期稳定两大奇迹。我们党科学制定阶段性发展目标，明确重点任务和政策导向，有效统筹发展资源和力量，不仅持续提升中国力量，更释放中国发展红利，给世界带来可知可感的机遇。世界上越来越多的政党重视研究、借鉴中国着眼长远的科学规划，特别是“全球南方”国家政党十分关注中国共产党如何领导科学制定和接续实施五年规划，认为中国将长远发展目标一步一步转化为现实成就的能力令人钦佩。不少国外政党政要表示，理解中国共产党制定的五年规划，是读懂中国共产党治理逻辑、中国式现代化发展走向的“攻略”。

**深刻把握中国之理对人类文明进步的引领作用**

习近平总书记指出：“我们推进理论创新是实践基础上的理论创新，而不是坐在象牙塔内的空想，必须坚持在实践中发现真理、发展真理”。中国之理是中国之路和中国之治的理论源头，是马克思主义中国化时代化、中华优秀传统文化创造性转化和创新性发展的结晶，既指导中国实践又为解决当今世界共同问题提供中国智慧和中国方案。新形势下，我们要着力总结提炼并对外讲好中国之理，推动学习好、领悟好、贯彻好、传播好中国之理紧密衔接、相互贯通。

讲好习近平新时代中国特色社会主义思想的世界意义。习近平新时代中国特色社会主义思想是中国之理的集大成者，不仅历史性改变中国，也为各国解决国内发展难题和应对全球性挑战提供重要启示。越来越多的国家意识到，在变乱交织的世界拥有坚强领导核心具有重要意义，钦佩习近平总书记作为世界级领袖的领导力、影响力、感召力，国际社会向东看、向中国共产党学蔚然成风。不少“全球南方”国家政党重视学习借鉴习近平新时代中国特色社会主义思想，已将其融入政党建设的理论和实践，并转化为所在国经济社会发展的实招实策。一些西方国家政党对习近平新时代中国特色社会主义思想蕴含的治理智慧、发展经验的兴趣日益浓厚，理解不断加深。我们要充分把握历史机遇、顺应国际社会需求，推进习近平新时代中国特色社会主义思想的国际传播不断走深走实。

讲好中华优秀传统文化的时代价值。中华优秀传统文化是中国之理的文明基因。党的十八大以来，习近平总书记深刻把握马克思主义中国化时代化历史经验和中华文明发展规律，推动马克思主义与中华优秀传统文化彼此契合、互相成就。中国化的马克思主义具有鲜明的中国特色、中国风格、中国气派，根本上是由于中华优秀传统文化的滋养。越是民族的就越是世界的，只有始终立足我们自身悠久的文化根脉，才能科学标定历史方位，深刻认识世界大势，从容应对风险挑战。在变乱交织的当今世界，中华优秀传统文化中胸怀天下、崇尚和谐、自强不息、讲信修睦等优良品格重新焕发出魅力，特别是与国外一些唯我独尊、肆意霸凌、背信弃义的行为形成鲜明对比。我们要立足新时代伟大实践，用国际通行话语讲好我们党对中华优秀传统文化的创造性转化、创新性发展，让国际社会更易理解和接受中国之路、中国之治背后深沉持久的文明基底，不断增强中华文明的传播力影响力。

讲好中国共产党的世界观。构建人类命运共同体是习近平新时代中国特色社会主义思想特别是习近平外交思想的重要理念，是我们党秉持马克思主义真理，面向世界和未来的真诚主张和历史夙愿。我们党既为中国人民谋幸福、为中华民族谋复兴，也为人类谋进步、为世界谋大同。我们党的世界眼光、天下情怀是由我们党的先进性本质决定的，从诞生之日起就须臾不离。构建人类命运共同体把握人类社会发展的历史规律，谋划应对全球性挑战的共同方案，开创性确立国际关系新思路，引领全球治理新方向，打造国际交往新形态，不断吸引团结世界各国人民共建美好世界。我们党坚信，世界好，中国才会好；中国好，世界会更好。当今世界，对这一理念认同的人越多，就越有利于世界的和平与发展，也必然有利于中国式现代化和中华民族伟大复兴。我们要讲清中国共产党与世界一道构建人类命运共同体的美好初衷、现实可能、实践路径，进一步凝聚世界各国共同推动构建人类命运共同体的磅礴伟力，为中国式现代化营造良好外部环境。

新征程上，党的对外工作将始终坚持以习近平新时代中国特色社会主义思想特别是习近平外交思想以及习近平总书记关于党的对外工作的重要论述为指导，着眼“十五五”时期经济社会发展的主要目标和重点任务，牢牢把握党的对外工作是党的一条重要战线、国家总体外交的重要组成部分、中国特色大国外交的重要体现这“三个重要”定位，在党中央集中统一领导下发挥好特色和优势，不断夯实全球政党伙伴关系网络，深入讲好中国之路、中国之治、中国之理的世界意义，为实现中华民族伟大复兴、促进人类进步事业作出更大贡献。

（作者为中共中央对外联络部部长）",刘海星,理论,https://paper.people.com.cn/rmrb/pc/content/202601/08/content_30130488.html,2026-01-08,"['习近平', '中国', '政党', '社会主义', '世界', '发展', '现代化', '特色', '之治', '时代']","习近平总书记指出：“‘十五五’时期是夯实基础、全面发力的关键时期，制定和实施好‘十五五’规划，就能为2035年基本实现社会主义现代化奠定更加坚实的基础。”党的二十届四中全会《建议》准确把握我国发展的历史方位，明确提出“十五五”时期经济社会发展的指导方针和主要目标，擘画了未来五年国家发展的宏伟蓝图，蕴含着独树一帜又造福世界的中国之路、中国之治、中国之理。我们要以习近平新时代中国特色社会主义思想特别是习近平外交思想为引领，从战略和全局高度深刻认识、全面贯彻党的二十届四中全会精神，深入把握我们党作为世界最大马克思主义执政党的全球性影响和历史性贡献，从理论角度和实践维度向国际社会讲好中国之路、中国之治、中国之理的世界意义，积极展现中国共产党的良好国际形象。
深刻把握中国之路对世界繁荣稳定的重要贡献
习近平总书记指出：“中国坚持走符合本国国情的发展道路”“中国共产党团结带领中国人民，走出了一条既发展自身又造福世界的现代化之路”。我们党不断深化对共产党执政规律、社会主义建设规律、人类社会发展规律的认识，围绕科学社会主义理论创新、现代化建设、世界和平发展等重大时代课题积极探索，开辟了中国特色社会主义道路，成功走出中国式现代化道路，创造了人类文明新形态，并坚定走和平发展的人间正道，使中国之路的历史意义和时代价值持续彰显。",政治
进一步做好新就业群体思想引导和凝聚服务工作,"习近平总书记指出：“要高度关注新业态发展，坚持网上网下结合，做好新就业群体的思想引导和凝聚服务工作，不断巩固党执政的阶级基础、群众基础、社会基础。”党的二十届四中全会《建议》提出：“加强新经济组织、新社会组织、新就业群体党的建设”“推动灵活就业、新就业形态健康发展”。进一步做好新就业群体思想引导和凝聚服务工作，把这一群体紧密团结凝聚在党的周围，为实现“十五五”时期经济社会发展目标共同奋斗，是推进新时代党的建设新的伟大工程必须回答好的重大理论和实践问题。
贯彻落实习近平总书记的重要要求和党的二十届四中全会精神，必须洞察规律性、掌握方法论，把进一步做好新就业群体思想引导和凝聚服务工作作为一项系统工程。以系统思维协同发力、整体推动，关键是把握好“四对关系”：把握好“党建引领”和“齐抓共管”的关系，既充分发挥党建工作部门牵头抓总作用，也着力激发行业部门、群团组织、基层组织等各方工作动力，有效促进抓党建与抓业务有机结合，形成多方联动、同向发力的工作格局；把握好“思想引导”和“关爱服务”的关系，既注重通过润物无声的关爱服务凝聚人心，寓引领于服务之中，也善于通过入脑入心的思想教育，引导新就业群体自觉感党恩、听党话、跟党走；把握好“无形之手”与“有形之手”的关系，既通过市场“无形之手”调节利益关系，也通过政府“有形之手”加强服务管理；把握好“推动发展”与“防范风险”的关系，在促进平台企业和新就业群体良性互动、健康发展的同时，前瞻研判、防范化解新兴领域各类风险隐患。具体来说，进一步做好新就业群体思想引导和凝聚服务工作，需要在以下几个方面着力。
系统分析，准确“画像”。准确把握新就业群体的数量规模、分布结构，科学概括其定义内涵、群体特征，是做好新就业群体思想引导和凝聚服务工作的重要基础。新就业群体涉及领域众多，应从多角度加强综合比对研究，全面分析其形成的经济、社会基础，分析培育发展新质生产力与新业态、新就业群体之间的关系，分析影响做好新就业群体思想引导和凝聚服务工作的因素，从平台载体、用工关系、就业方式等方面，对新就业群体进行精准“画像”，系统总结做好新就业群体思想引导和凝聚服务工作的经验和规律。需要注意的是，新就业群体是处在动态发展变化中的。因此，既要分析现状，又要分析趋势，特别是注重人工智能应用带来的新变化，加强新就业群体业态形式、工作模式、就业方式等变化趋势研判，确保服务管理工作更具针对性、时代性、实效性。
优化制度，保障权益。新就业群体对劳动关系、社会保障等方面有着新的诉求，需要从法律法规、体制机制、监管规范等方面入手，推动建立适应新就业群体特点、紧贴新就业群体需求的权益保障体系。比如，在劳动关系方面，探索在现行劳动法律体系下，推动将不完全符合现有确立劳动关系情形的新就业形态劳动者纳入制度保障范围；在社会保障方面，鼓励支持灵活就业人员、新就业形态人员参加职工保险；在平台算法方面，进一步推动优化平台算法规则，提高算法透明度和公平性，维护从业者知情权、参与权、选择权，切实保障劳动者薪酬、健康、教育、安全等合法权益，推动平台企业和平台内经营者、劳动者共赢发展；等等。
排忧解难，关爱服务。新就业群体是美好生活的创造者，也是共享者。要寓引领凝聚于关心服务之中，在润物无声、潜移默化中暖人心、聚人心。近年来，新就业群体的工作环境和服务管理不断改善，但与他们的需求相比仍有一定差距。需要进一步推动政府、社会、行业、企业等多方综合发力，回应诉求关切，解决实际困难，进一步营造尊重理解、接纳认同、包容关爱新就业群体的友好氛围，打造商圈、社区、楼宇等友好场景，构建全域友好、良性互动的发展生态。新就业群体的工作具有一定的临时性、过渡性等特点，要推动从平台企业培训、公共就业服务等多方面发力，健全职业规划、技能提升等工作机制，帮助新就业群体拓展发展空间。
融入社会治理，发挥重要作用。新就业群体作为城市运转的重要组成部分，深度嵌入城市运行、社会发展的各个方面，具有活动范围广、机动性强、信息触达快等优势，是社会治理可以依靠的重要力量。当前，各地根据新就业群体的行业特点和职业优势，有针对性地搭建平台载体、营造丰富场景、健全长效机制，推动新就业群体更加广泛地在基层治理、行业治理、网络治理中发挥重要作用。实践证明，通过培育选树先进典型、社会文明宣传教育、打造社会治理品牌等方式，能够进一步激发新就业群体的主人翁意识，充分调动他们参与社会治理的积极性、主动性、创造性。
组织覆盖，强化引领。做好新就业群体思想引导和凝聚服务工作的关键是政治引领和政治认同，重要前提是实现党的组织和党的工作有形有效覆盖。新兴领域党建工作基础相对薄弱，新就业群体所处行业的复杂性、就业形态的多样性对传统的组织覆盖方式提出一定挑战。要紧扣新就业群体党员分布和流动特点，创新灵活高效的组织覆盖方式，实现有形覆盖和有效覆盖；运用信息化手段探索新就业群体党员教育培训、组织生活、管理服务等新路径，采取组织引导、激励关爱等方式激发党员内生动力，增强党员身份意识，推动新就业群体中流动党员把身份主动亮出来、作用充分发挥出来。
健全机制，汇聚合力。新就业群体思想引导和凝聚服务工作涉及的职能主体多、地域范围广、环节链条长，需要进一步加强跨部门、跨区域联动，汇聚做好工作的整体合力。各地和有关部门要主动作为、协同联动，坚持管行业也要管党建，在明确责任分工的基础上，做到各负其责、齐抓共管。健全部门、地方、行业和企业之间的沟通协作机制，破解“条”上各管一段、“块”上各管一片的问题，切实增强管理服务的全面性、系统性、穿透性。
着眼未来，促进发展。新就业群体伴随信息技术的创新运用而产生，也必将随着信息技术的持续发展而发展，特别是人工智能赋能千行百业，不断催生新产业、新业态、新模式，新就业群体的服务内容将进一步深度嵌入民生需求、城市治理等更加丰富的场景，角色定位由单一向多元转变，由“服务员”向“安全员”“信息员”“宣传员”等多重角色转变，成为城市形象的名片、社会文明的标识、社会治理的力量、美好生活的创造者。随着新就业群体规模数量持续增长、职业体系渐趋成熟，他们对从业环境的要求将从劳动报酬、社会保险等基本诉求向法治保障、友好就业生态等更高水平的需求跃升。要顺应新就业群体发展需求变化，健全符合其群体特点的社会保障制度体系，推动其健康有序发展，提升其获得感、幸福感、安全感。","# 进一步做好新就业群体思想引导和凝聚服务工作

> 全国党建研究会《人民日报》（2026年01月08日第 09 版）

习近平总书记指出：“要高度关注新业态发展，坚持网上网下结合，做好新就业群体的思想引导和凝聚服务工作，不断巩固党执政的阶级基础、群众基础、社会基础。”党的二十届四中全会《建议》提出：“加强新经济组织、新社会组织、新就业群体党的建设”“推动灵活就业、新就业形态健康发展”。进一步做好新就业群体思想引导和凝聚服务工作，把这一群体紧密团结凝聚在党的周围，为实现“十五五”时期经济社会发展目标共同奋斗，是推进新时代党的建设新的伟大工程必须回答好的重大理论和实践问题。

贯彻落实习近平总书记的重要要求和党的二十届四中全会精神，必须洞察规律性、掌握方法论，把进一步做好新就业群体思想引导和凝聚服务工作作为一项系统工程。以系统思维协同发力、整体推动，关键是把握好“四对关系”：把握好“党建引领”和“齐抓共管”的关系，既充分发挥党建工作部门牵头抓总作用，也着力激发行业部门、群团组织、基层组织等各方工作动力，有效促进抓党建与抓业务有机结合，形成多方联动、同向发力的工作格局；把握好“思想引导”和“关爱服务”的关系，既注重通过润物无声的关爱服务凝聚人心，寓引领于服务之中，也善于通过入脑入心的思想教育，引导新就业群体自觉感党恩、听党话、跟党走；把握好“无形之手”与“有形之手”的关系，既通过市场“无形之手”调节利益关系，也通过政府“有形之手”加强服务管理；把握好“推动发展”与“防范风险”的关系，在促进平台企业和新就业群体良性互动、健康发展的同时，前瞻研判、防范化解新兴领域各类风险隐患。具体来说，进一步做好新就业群体思想引导和凝聚服务工作，需要在以下几个方面着力。

系统分析，准确“画像”。准确把握新就业群体的数量规模、分布结构，科学概括其定义内涵、群体特征，是做好新就业群体思想引导和凝聚服务工作的重要基础。新就业群体涉及领域众多，应从多角度加强综合比对研究，全面分析其形成的经济、社会基础，分析培育发展新质生产力与新业态、新就业群体之间的关系，分析影响做好新就业群体思想引导和凝聚服务工作的因素，从平台载体、用工关系、就业方式等方面，对新就业群体进行精准“画像”，系统总结做好新就业群体思想引导和凝聚服务工作的经验和规律。需要注意的是，新就业群体是处在动态发展变化中的。因此，既要分析现状，又要分析趋势，特别是注重人工智能应用带来的新变化，加强新就业群体业态形式、工作模式、就业方式等变化趋势研判，确保服务管理工作更具针对性、时代性、实效性。

优化制度，保障权益。新就业群体对劳动关系、社会保障等方面有着新的诉求，需要从法律法规、体制机制、监管规范等方面入手，推动建立适应新就业群体特点、紧贴新就业群体需求的权益保障体系。比如，在劳动关系方面，探索在现行劳动法律体系下，推动将不完全符合现有确立劳动关系情形的新就业形态劳动者纳入制度保障范围；在社会保障方面，鼓励支持灵活就业人员、新就业形态人员参加职工保险；在平台算法方面，进一步推动优化平台算法规则，提高算法透明度和公平性，维护从业者知情权、参与权、选择权，切实保障劳动者薪酬、健康、教育、安全等合法权益，推动平台企业和平台内经营者、劳动者共赢发展；等等。

排忧解难，关爱服务。新就业群体是美好生活的创造者，也是共享者。要寓引领凝聚于关心服务之中，在润物无声、潜移默化中暖人心、聚人心。近年来，新就业群体的工作环境和服务管理不断改善，但与他们的需求相比仍有一定差距。需要进一步推动政府、社会、行业、企业等多方综合发力，回应诉求关切，解决实际困难，进一步营造尊重理解、接纳认同、包容关爱新就业群体的友好氛围，打造商圈、社区、楼宇等友好场景，构建全域友好、良性互动的发展生态。新就业群体的工作具有一定的临时性、过渡性等特点，要推动从平台企业培训、公共就业服务等多方面发力，健全职业规划、技能提升等工作机制，帮助新就业群体拓展发展空间。

融入社会治理，发挥重要作用。新就业群体作为城市运转的重要组成部分，深度嵌入城市运行、社会发展的各个方面，具有活动范围广、机动性强、信息触达快等优势，是社会治理可以依靠的重要力量。当前，各地根据新就业群体的行业特点和职业优势，有针对性地搭建平台载体、营造丰富场景、健全长效机制，推动新就业群体更加广泛地在基层治理、行业治理、网络治理中发挥重要作用。实践证明，通过培育选树先进典型、社会文明宣传教育、打造社会治理品牌等方式，能够进一步激发新就业群体的主人翁意识，充分调动他们参与社会治理的积极性、主动性、创造性。

组织覆盖，强化引领。做好新就业群体思想引导和凝聚服务工作的关键是政治引领和政治认同，重要前提是实现党的组织和党的工作有形有效覆盖。新兴领域党建工作基础相对薄弱，新就业群体所处行业的复杂性、就业形态的多样性对传统的组织覆盖方式提出一定挑战。要紧扣新就业群体党员分布和流动特点，创新灵活高效的组织覆盖方式，实现有形覆盖和有效覆盖；运用信息化手段探索新就业群体党员教育培训、组织生活、管理服务等新路径，采取组织引导、激励关爱等方式激发党员内生动力，增强党员身份意识，推动新就业群体中流动党员把身份主动亮出来、作用充分发挥出来。

健全机制，汇聚合力。新就业群体思想引导和凝聚服务工作涉及的职能主体多、地域范围广、环节链条长，需要进一步加强跨部门、跨区域联动，汇聚做好工作的整体合力。各地和有关部门要主动作为、协同联动，坚持管行业也要管党建，在明确责任分工的基础上，做到各负其责、齐抓共管。健全部门、地方、行业和企业之间的沟通协作机制，破解“条”上各管一段、“块”上各管一片的问题，切实增强管理服务的全面性、系统性、穿透性。

着眼未来，促进发展。新就业群体伴随信息技术的创新运用而产生，也必将随着信息技术的持续发展而发展，特别是人工智能赋能千行百业，不断催生新产业、新业态、新模式，新就业群体的服务内容将进一步深度嵌入民生需求、城市治理等更加丰富的场景，角色定位由单一向多元转变，由“服务员”向“安全员”“信息员”“宣传员”等多重角色转变，成为城市形象的名片、社会文明的标识、社会治理的力量、美好生活的创造者。随着新就业群体规模数量持续增长、职业体系渐趋成熟，他们对从业环境的要求将从劳动报酬、社会保险等基本诉求向法治保障、友好就业生态等更高水平的需求跃升。要顺应新就业群体发展需求变化，健全符合其群体特点的社会保障制度体系，推动其健康有序发展，提升其获得感、幸福感、安全感。",全国党建研究会,理论,https://paper.people.com.cn/rmrb/pc/content/202601/08/content_30130489.html,2026-01-08,"['就业', '群体', '服务', '凝聚', '引导', '工作', '思想', '做好', '推动', '治理']","习近平总书记指出：“要高度关注新业态发展，坚持网上网下结合，做好新就业群体的思想引导和凝聚服务工作，不断巩固党执政的阶级基础、群众基础、社会基础。”党的二十届四中全会《建议》提出：“加强新经济组织、新社会组织、新就业群体党的建设”“推动灵活就业、新就业形态健康发展”。进一步做好新就业群体思想引导和凝聚服务工作，把这一群体紧密团结凝聚在党的周围，为实现“十五五”时期经济社会发展目标共同奋斗，是推进新时代党的建设新的伟大工程必须回答好的重大理论和实践问题。
贯彻落实习近平总书记的重要要求和党的二十届四中全会精神，必须洞察规律性、掌握方法论，把进一步做好新就业群体思想引导和凝聚服务工作作为一项系统工程。以系统思维协同发力、整体推动，关键是把握好“四对关系”：把握好“党建引领”和“齐抓共管”的关系，既充分发挥党建工作部门牵头抓总作用，也着力激发行业部门、群团组织、基层组织等各方工作动力，有效促进抓党建与抓业务有机结合，形成多方联动、同向发力的工作格局；把握好“思想引导”和“关爱服务”的关系，既注重通过润物无声的关爱服务凝聚人心，寓引领于服务之中，也善于通过入脑入心的思想教育，引导新就业群体自觉感党恩、听党话、跟党走；把握好“无形之手”与“有形之手”的关系，既通过市场“无形之手”调节利益关系，也通过政府“有形之手”加强服务管理；把握好“推动发展”与“防范风险”的关系，在促进平台企业和新就业群体良性互动、健康发展的同时，前瞻研判、防范化解新兴领域各类风险隐患。具体来说，进一步做好新就业群体思想引导和凝聚服务工作，需要在以下几个方面着力。
系统分析，准确“画像”。准确把握新就业群体的数量规模、分布结构，科学概括其定义内涵、群体特征，是做好新就业群体思想引导和凝聚服务工作的重要基础。新就业群体涉及领域众多，应从多角度加强综合比对研究，全面分析其形成的经济、社会基础，分析培育发展新质生产力与新业态、新就业群体之间的关系，分析影响做好新就业群体思想引导和凝聚服务工作的因素，从平台载体、用工关系、就业方式等方面，对新就业群体进行精准“画像”，系统总结做好新就业群体思想引导和凝聚服务工作的经验和规律。需要注意的是，新就业群体是处在动态发展变化中的。因此，既要分析现状，又要分析趋势，特别是注重人工智能应用带来的新变化，加强新就业群体业态形式、工作模式、就业方式等变化趋势研判，确保服务管理工作更具针对性、时代性、实效性。",政治
凝心聚力建设铸牢中华民族共同体意识示范区,"中华民族共同体意识是国家统一之基、民族团结之本、精神力量之魂。党的十八大以来，习近平总书记坚持“两个结合”、着眼“两个大局”，鲜明提出铸牢中华民族共同体意识这一重大原创性论断，开辟了马克思主义民族理论中国化时代化新境界，为做好新时代党的民族工作指明了前进方向。党的二十届四中全会《建议》就“铸牢中华民族共同体意识，推进中华民族共同体建设”作出重要部署。广西是我国少数民族人口最多的自治区，各族人民长期以来亲如一家，民族关系十分融洽。习近平总书记强调“广西是全国民族团结进步示范区”，勉励广西“把铸牢中华民族共同体意识作为自治区各项工作的主线，作为推进民族团结进步创建工作的根本方向，巩固发展各族人民团结奋斗的良好局面”。新征程上，广西将牢记嘱托、感恩奋进，着力在共建共享“五个家园”上下功夫求实效，凝心聚力建设铸牢中华民族共同体意识示范区，继续在民族团结进步上走在全国前列、发挥示范带动作用，奋力谱写中国式现代化广西篇章，为强国建设、民族复兴伟业贡献广西力量。
共建共享中华民族共有精神家园，形成人心凝聚、团结奋进的强大精神纽带
习近平总书记深刻指出，“文化认同是最深层次的认同，是民族团结之根、民族和睦之魂”，强调“要着眼建设中华民族现代文明，不断构筑中华民族共有精神家园”。一部中国史，就是一部各民族交融汇聚成多元一体中华民族的历史。广西自秦代归入中央版图，融入中央集权政体，中华民族“大一统”思想融入血脉、坚如磐石。秦朝建成的兴安灵渠、古代海上丝绸之路始发港之一的合浦等，是广西各族人民积极融入中华民族大家庭的历史见证。新中国成立以来，在党的民族政策光辉照耀下，广西各族人民心手相牵、共兴共荣，携手建设民族团结进步模范区，推动民族团结之花在八桂大地常开长盛。进入新时代，党和国家事业取得历史性成就、发生历史性变革，广西也发生了天翻地覆的巨变，各族人民更加发自内心地感恩习近平总书记、感恩党中央，对伟大祖国、中华民族、中华文化、中国共产党、中国特色社会主义的认同达到前所未有的高度。
中华民族共有精神家园是中华民族赖以生存和发展的精神世界，是各民族人心凝聚、团结奋进的强大纽带。奋进新征程，我们将坚持不懈用习近平新时代中国特色社会主义思想凝心铸魂，持续加强“五史”宣传教育，大力选树宣传黄大年、黄文秀等时代楷模，深化对百色起义、湘江战役等革命文化的研究阐释，加强对广西世居民族的研究，持续打造“广西三月三”“刘三姐”等特色品牌，传承保护铜鼓、壮锦、花山岩画等民族文化瑰宝，壮大文学桂军、漓江画派、八桂书风等文化品牌影响力，实施国家通用语言文字普及攻坚和质量提升行动，不断深化铸牢中华民族共同体意识理论研究和宣传教育，在全社会唱响“中华民族一家亲、同心共筑中国梦”主旋律，让“五个认同”深深扎根八桂，促进各民族像石榴籽一样紧紧抱在一起。
共建共享共同富裕幸福家园，夯实各族人民携手走向现代化的物质基础
习近平总书记在广西考察时叮嘱我们，“在全面建设社会主义现代化国家的新征程上，一个民族都不能少，各族人民要心手相牵、团结奋进，共创中华民族的美好未来，共享民族复兴的伟大荣光。”实现生活幸福和共同富裕，是各族人民对美好生活最向往、最期待的愿景，也是高质量发展、现代化建设的出发点和落脚点。广西集“老、少、边、山、库”于一体，发展起步晚、底子薄、基础弱。党的十八大以来，在习近平总书记和党中央、国务院亲切关怀下，全区上下顽强拼搏、砥砺前行，实现与全国同步全面建成小康社会，经济总量从2012年的1.15万亿元扩大到2024年的2.87万亿元，打造形成冶金、汽车等10个千亿级工业产业，规模以上工业企业突破万家，每年八成左右财政支出用于民生，各族人民生活持续改善。
2025年以来，广西坚持实干为要、创新为魂，用业绩说话、让人民评价，着力稳就业、稳企业、稳市场、稳预期，以人工智能小切口做好新质生产力培育大文章，推动全区经济运行总体平稳、稳中有进，发生深刻的思想之变、格局之变、思路之变、作风之变。当前，一个共识正在全区形成：在历届自治区党委、政府打下的良好基础上，广西获得的中央支持前所未有、面临的开放发展机遇前所未有、凝心聚力推动发展的精气神前所未有，正迎来历史最好发展时期，高质量发展其时已至、其势渐成、其兴可待。奋进新征程，我们将把各族人民对美好生活的向往作为奋斗目标，坚持转型升级、AI赋能，因地制宜发展新质生产力，坚持“北上广研发+广西集成+东盟应用”的发展路径，加快推动人工智能产业集聚发展，全力打造有色金属及关键金属材料、先进钢铁材料、现代绿色化工等制造业十大现代化支柱产业，集中优势资源培育壮大生物医药、新材料、低空经济等新兴产业和未来产业，促进服务业提质增效和跨越式发展，加快现代特色农业发展，加快构建体现广西特色和优势的现代化产业体系。坚持发挥优势、江海联动，持续扩大对内对外开放，加快建设北部湾国际门户港、中越边境智慧口岸等重大项目，主动对接粤港澳大湾区建设、海南自由贸易港建设等国家重大战略，提升中国—东盟博览会等开放平台能级，稳步扩大制度型开放，加快建设沿边临港产业园区等，扎实推进平陆运河建设，谋划实施运河建设“后半篇文章”，提升西部陆海新通道运行质效，加快把广西区位优势转化为发展胜势。坚持人民至上、民生为大，深入实施新时代兴边富民行动，实施“暖心民政”三年行动计划，加快补齐就业、教育、医疗、文化等领域的短板弱项，大力实施为民办实事工程，持续巩固拓展脱贫攻坚成果，让各族人民共创美好生活、共享发展成果。
共建共享守望相助和谐家园，筑牢各族人民交往交流交融的社会基础
习近平总书记指出，“中华民族在各民族交往交流交融中铸就，中华民族伟大复兴也必将在各民族交往交流交融中实现。”广西有壮、汉、瑶、苗、侗、仫佬、毛南、回、京、水、彝、仡佬等12个世居民族，56个民族成份齐全。在5013万常住人口中，少数民族人口占比37.63%、壮族人口占比31.41%。长期以来，各族人民同顶一片天、同耕一垌田、同饮一江水、同建一家园，民族分布上交错杂居、经济上相互依存、文化上兼收并蓄、情感上相互亲近，同气连枝、休戚与共，形成了“你中有我、我中有你”的多元一体格局。目前，广西共建设1000余个“同心文化载体”，建成“民族之家”和“服务中心”3000余个，全区超163万个家庭由两个以上民族组成，多民族的朋友圈、社交圈、生活圈成为常态。
交往交流交融，是增进民族团结、铸牢中华民族共同体意识、推进中华民族共同体建设的必由之路。奋进新征程，我们将持续深化民族团结进步创建工作，深入实施建设铸牢中华民族共同体意识示范区行动和“各族青少年交流计划”“各族群众互嵌式发展计划”“旅游促进各民族交往交流交融计划”，统筹经济社会发展规划和公共资源配置，在经济、教育、就业、社区建设、文化建设等方面把民族平等落实好，加快边境“五个共同”长廊和民族团结进步模范长廊建设，做好城市民族工作，优化提升互嵌式社会结构和社区环境，优化提升各族群众共居共学、共建共享、共事共乐的社会条件，不断织就各族人民长期和睦相处、和衷共济、和谐发展的美丽“壮锦”。
共建共享宜居康寿美丽家园，让优良生态环境成为各族人民最普惠的民生福祉
中国式现代化是人与自然和谐共生的现代化。习近平总书记深刻指出，“良好生态环境是最公平的公共产品，是最普惠的民生福祉”；在广西考察时称赞“广西生态优势金不换”，叮嘱我们“坚持把节约优先、保护优先、自然恢复作为基本方针，把人与自然和谐相处作为基本目标，使八桂大地青山常在、清水长流、空气常新”。山清水秀生态美，一直是广西的“金字招牌”。唐代诗人韩愈赞誉“江作青罗带，山如碧玉篸”，南宋诗人王正功写下“桂林山水甲天下”的千古绝句。历史上，广西各族人民就有尊重自然、顺应自然、保护自然的传统，梯田、干栏式建筑、灵渠等体现了人与自然和谐共生的智慧。党的十八大以来，广西始终牢记习近平总书记殷切嘱托，深入打好污染防治攻坚战，统筹推进山水林田湖草海湿地一体化保护和系统治理，扎实推进绿色低碳发展，生态质量指数保持全国前列，生物多样性丰富度居全国第三位，长寿之乡数量占全国1/3以上。广西良好的生态环境，是美丽中国的一个缩影。
生态文明建设是关系中华民族永续发展的根本大计。保护好广西的山山水水，就是为全区各族人民谋福祉，为高质量发展增后劲，为国家生态安全筑屏障。奋进新征程，我们将继续树牢和践行绿水青山就是金山银山的理念，加大生态系统保护力度，协同推进降碳、减污、扩绿、增长，持续深入打好蓝天、碧水、净土保卫战，纵深推进涉重金属、畜禽养殖污染排查整治；加快发展方式绿色转型，积极稳妥推进和实现碳达峰，着力构建新型能源体系，坚持绿色产业化、产业绿色化，以南丹关键金属高质量发展综合试验区示范引领全区有色金属产业高质量发展，加快建设桂林世界级旅游城市和广西世界旅游目的地，发展壮大林木业、文旅、养老、大健康等产业，让良好生态环境不断成为提升各族人民生活质量的增长点、发力点。
共建共享边疆稳定平安家园，不断巩固发展民族团结、社会稳定、边疆安宁的良好局面
习近平总书记指出，“要坚持把维护国家安全和社会稳定作为边疆治理的底线要求。完善共建共治共享的社会治理制度，不断夯实基层基础，提升边疆地区社会治理效能。”广西地处祖国南疆，同时是革命老区、边境地区，有8个县（市、区）与越南接壤，陆地边境线696公里、海岸线1628公里，民族团结、边疆巩固同国家安全紧密相关。各族人民在历史长河中交流交融、休戚与共，形成卫国戍边、屏藩中央的光荣传统，瓦氏夫人抗倭、冯子材抗法等故事广为流传。党的十八大以来，广西全面落实总体国家安全观，构建各民族共建共治共享的社会治理格局，推进民族事务治理体系和治理能力现代化，高水平建设平安广西、法治广西，牢牢守住不发生系统性风险的底线，实现了民族团结、社会稳定、边疆安宁。
安全是发展的前提，发展是安全的保障。党的二十届四中全会《建议》对“推进国家安全体系和能力现代化，建设更高水平平安中国”作出全面部署。奋进新征程，我们将更好统筹发展和安全，坚持和完善民族区域自治制度，依法治理民族事务，创新民族工作体制机制，有效保障各族群众合法权益，让“民族关系”持续成为干部群众满意度最高的社会指标；全面落实意识形态工作责任制，深化维护政治安全“反制、铸墙、净土、攻心”四大工程，牢牢掌握党对意识形态工作领导权；加快建设高水平平安广西、法治广西，持续强化反走私、打“三非”，严厉打击各种渗透颠覆破坏活动、暴力恐怖活动、民族分裂活动、宗教极端活动，常态化机制化开展扫黑除恶斗争，健全城乡基层治理体系，持续防范化解房地产、金融、地方政府债务等重点领域风险隐患，坚决守住守好祖国“南大门”。
（作者为广西壮族自治区主席）","# 凝心聚力建设铸牢中华民族共同体意识示范区

> 韦  韬《人民日报》（2026年01月08日第 10 版）

中华民族共同体意识是国家统一之基、民族团结之本、精神力量之魂。党的十八大以来，习近平总书记坚持“两个结合”、着眼“两个大局”，鲜明提出铸牢中华民族共同体意识这一重大原创性论断，开辟了马克思主义民族理论中国化时代化新境界，为做好新时代党的民族工作指明了前进方向。党的二十届四中全会《建议》就“铸牢中华民族共同体意识，推进中华民族共同体建设”作出重要部署。广西是我国少数民族人口最多的自治区，各族人民长期以来亲如一家，民族关系十分融洽。习近平总书记强调“广西是全国民族团结进步示范区”，勉励广西“把铸牢中华民族共同体意识作为自治区各项工作的主线，作为推进民族团结进步创建工作的根本方向，巩固发展各族人民团结奋斗的良好局面”。新征程上，广西将牢记嘱托、感恩奋进，着力在共建共享“五个家园”上下功夫求实效，凝心聚力建设铸牢中华民族共同体意识示范区，继续在民族团结进步上走在全国前列、发挥示范带动作用，奋力谱写中国式现代化广西篇章，为强国建设、民族复兴伟业贡献广西力量。

共建共享中华民族共有精神家园，形成人心凝聚、团结奋进的强大精神纽带

习近平总书记深刻指出，“文化认同是最深层次的认同，是民族团结之根、民族和睦之魂”，强调“要着眼建设中华民族现代文明，不断构筑中华民族共有精神家园”。一部中国史，就是一部各民族交融汇聚成多元一体中华民族的历史。广西自秦代归入中央版图，融入中央集权政体，中华民族“大一统”思想融入血脉、坚如磐石。秦朝建成的兴安灵渠、古代海上丝绸之路始发港之一的合浦等，是广西各族人民积极融入中华民族大家庭的历史见证。新中国成立以来，在党的民族政策光辉照耀下，广西各族人民心手相牵、共兴共荣，携手建设民族团结进步模范区，推动民族团结之花在八桂大地常开长盛。进入新时代，党和国家事业取得历史性成就、发生历史性变革，广西也发生了天翻地覆的巨变，各族人民更加发自内心地感恩习近平总书记、感恩党中央，对伟大祖国、中华民族、中华文化、中国共产党、中国特色社会主义的认同达到前所未有的高度。

中华民族共有精神家园是中华民族赖以生存和发展的精神世界，是各民族人心凝聚、团结奋进的强大纽带。奋进新征程，我们将坚持不懈用习近平新时代中国特色社会主义思想凝心铸魂，持续加强“五史”宣传教育，大力选树宣传黄大年、黄文秀等时代楷模，深化对百色起义、湘江战役等革命文化的研究阐释，加强对广西世居民族的研究，持续打造“广西三月三”“刘三姐”等特色品牌，传承保护铜鼓、壮锦、花山岩画等民族文化瑰宝，壮大文学桂军、漓江画派、八桂书风等文化品牌影响力，实施国家通用语言文字普及攻坚和质量提升行动，不断深化铸牢中华民族共同体意识理论研究和宣传教育，在全社会唱响“中华民族一家亲、同心共筑中国梦”主旋律，让“五个认同”深深扎根八桂，促进各民族像石榴籽一样紧紧抱在一起。

共建共享共同富裕幸福家园，夯实各族人民携手走向现代化的物质基础

习近平总书记在广西考察时叮嘱我们，“在全面建设社会主义现代化国家的新征程上，一个民族都不能少，各族人民要心手相牵、团结奋进，共创中华民族的美好未来，共享民族复兴的伟大荣光。”实现生活幸福和共同富裕，是各族人民对美好生活最向往、最期待的愿景，也是高质量发展、现代化建设的出发点和落脚点。广西集“老、少、边、山、库”于一体，发展起步晚、底子薄、基础弱。党的十八大以来，在习近平总书记和党中央、国务院亲切关怀下，全区上下顽强拼搏、砥砺前行，实现与全国同步全面建成小康社会，经济总量从2012年的1.15万亿元扩大到2024年的2.87万亿元，打造形成冶金、汽车等10个千亿级工业产业，规模以上工业企业突破万家，每年八成左右财政支出用于民生，各族人民生活持续改善。

2025年以来，广西坚持实干为要、创新为魂，用业绩说话、让人民评价，着力稳就业、稳企业、稳市场、稳预期，以人工智能小切口做好新质生产力培育大文章，推动全区经济运行总体平稳、稳中有进，发生深刻的思想之变、格局之变、思路之变、作风之变。当前，一个共识正在全区形成：在历届自治区党委、政府打下的良好基础上，广西获得的中央支持前所未有、面临的开放发展机遇前所未有、凝心聚力推动发展的精气神前所未有，正迎来历史最好发展时期，高质量发展其时已至、其势渐成、其兴可待。奋进新征程，我们将把各族人民对美好生活的向往作为奋斗目标，坚持转型升级、AI赋能，因地制宜发展新质生产力，坚持“北上广研发+广西集成+东盟应用”的发展路径，加快推动人工智能产业集聚发展，全力打造有色金属及关键金属材料、先进钢铁材料、现代绿色化工等制造业十大现代化支柱产业，集中优势资源培育壮大生物医药、新材料、低空经济等新兴产业和未来产业，促进服务业提质增效和跨越式发展，加快现代特色农业发展，加快构建体现广西特色和优势的现代化产业体系。坚持发挥优势、江海联动，持续扩大对内对外开放，加快建设北部湾国际门户港、中越边境智慧口岸等重大项目，主动对接粤港澳大湾区建设、海南自由贸易港建设等国家重大战略，提升中国—东盟博览会等开放平台能级，稳步扩大制度型开放，加快建设沿边临港产业园区等，扎实推进平陆运河建设，谋划实施运河建设“后半篇文章”，提升西部陆海新通道运行质效，加快把广西区位优势转化为发展胜势。坚持人民至上、民生为大，深入实施新时代兴边富民行动，实施“暖心民政”三年行动计划，加快补齐就业、教育、医疗、文化等领域的短板弱项，大力实施为民办实事工程，持续巩固拓展脱贫攻坚成果，让各族人民共创美好生活、共享发展成果。

共建共享守望相助和谐家园，筑牢各族人民交往交流交融的社会基础

习近平总书记指出，“中华民族在各民族交往交流交融中铸就，中华民族伟大复兴也必将在各民族交往交流交融中实现。”广西有壮、汉、瑶、苗、侗、仫佬、毛南、回、京、水、彝、仡佬等12个世居民族，56个民族成份齐全。在5013万常住人口中，少数民族人口占比37.63%、壮族人口占比31.41%。长期以来，各族人民同顶一片天、同耕一垌田、同饮一江水、同建一家园，民族分布上交错杂居、经济上相互依存、文化上兼收并蓄、情感上相互亲近，同气连枝、休戚与共，形成了“你中有我、我中有你”的多元一体格局。目前，广西共建设1000余个“同心文化载体”，建成“民族之家”和“服务中心”3000余个，全区超163万个家庭由两个以上民族组成，多民族的朋友圈、社交圈、生活圈成为常态。

交往交流交融，是增进民族团结、铸牢中华民族共同体意识、推进中华民族共同体建设的必由之路。奋进新征程，我们将持续深化民族团结进步创建工作，深入实施建设铸牢中华民族共同体意识示范区行动和“各族青少年交流计划”“各族群众互嵌式发展计划”“旅游促进各民族交往交流交融计划”，统筹经济社会发展规划和公共资源配置，在经济、教育、就业、社区建设、文化建设等方面把民族平等落实好，加快边境“五个共同”长廊和民族团结进步模范长廊建设，做好城市民族工作，优化提升互嵌式社会结构和社区环境，优化提升各族群众共居共学、共建共享、共事共乐的社会条件，不断织就各族人民长期和睦相处、和衷共济、和谐发展的美丽“壮锦”。

共建共享宜居康寿美丽家园，让优良生态环境成为各族人民最普惠的民生福祉

中国式现代化是人与自然和谐共生的现代化。习近平总书记深刻指出，“良好生态环境是最公平的公共产品，是最普惠的民生福祉”；在广西考察时称赞“广西生态优势金不换”，叮嘱我们“坚持把节约优先、保护优先、自然恢复作为基本方针，把人与自然和谐相处作为基本目标，使八桂大地青山常在、清水长流、空气常新”。山清水秀生态美，一直是广西的“金字招牌”。唐代诗人韩愈赞誉“江作青罗带，山如碧玉篸”，南宋诗人王正功写下“桂林山水甲天下”的千古绝句。历史上，广西各族人民就有尊重自然、顺应自然、保护自然的传统，梯田、干栏式建筑、灵渠等体现了人与自然和谐共生的智慧。党的十八大以来，广西始终牢记习近平总书记殷切嘱托，深入打好污染防治攻坚战，统筹推进山水林田湖草海湿地一体化保护和系统治理，扎实推进绿色低碳发展，生态质量指数保持全国前列，生物多样性丰富度居全国第三位，长寿之乡数量占全国1/3以上。广西良好的生态环境，是美丽中国的一个缩影。

生态文明建设是关系中华民族永续发展的根本大计。保护好广西的山山水水，就是为全区各族人民谋福祉，为高质量发展增后劲，为国家生态安全筑屏障。奋进新征程，我们将继续树牢和践行绿水青山就是金山银山的理念，加大生态系统保护力度，协同推进降碳、减污、扩绿、增长，持续深入打好蓝天、碧水、净土保卫战，纵深推进涉重金属、畜禽养殖污染排查整治；加快发展方式绿色转型，积极稳妥推进和实现碳达峰，着力构建新型能源体系，坚持绿色产业化、产业绿色化，以南丹关键金属高质量发展综合试验区示范引领全区有色金属产业高质量发展，加快建设桂林世界级旅游城市和广西世界旅游目的地，发展壮大林木业、文旅、养老、大健康等产业，让良好生态环境不断成为提升各族人民生活质量的增长点、发力点。

共建共享边疆稳定平安家园，不断巩固发展民族团结、社会稳定、边疆安宁的良好局面

习近平总书记指出，“要坚持把维护国家安全和社会稳定作为边疆治理的底线要求。完善共建共治共享的社会治理制度，不断夯实基层基础，提升边疆地区社会治理效能。”广西地处祖国南疆，同时是革命老区、边境地区，有8个县（市、区）与越南接壤，陆地边境线696公里、海岸线1628公里，民族团结、边疆巩固同国家安全紧密相关。各族人民在历史长河中交流交融、休戚与共，形成卫国戍边、屏藩中央的光荣传统，瓦氏夫人抗倭、冯子材抗法等故事广为流传。党的十八大以来，广西全面落实总体国家安全观，构建各民族共建共治共享的社会治理格局，推进民族事务治理体系和治理能力现代化，高水平建设平安广西、法治广西，牢牢守住不发生系统性风险的底线，实现了民族团结、社会稳定、边疆安宁。

安全是发展的前提，发展是安全的保障。党的二十届四中全会《建议》对“推进国家安全体系和能力现代化，建设更高水平平安中国”作出全面部署。奋进新征程，我们将更好统筹发展和安全，坚持和完善民族区域自治制度，依法治理民族事务，创新民族工作体制机制，有效保障各族群众合法权益，让“民族关系”持续成为干部群众满意度最高的社会指标；全面落实意识形态工作责任制，深化维护政治安全“反制、铸墙、净土、攻心”四大工程，牢牢掌握党对意识形态工作领导权；加快建设高水平平安广西、法治广西，持续强化反走私、打“三非”，严厉打击各种渗透颠覆破坏活动、暴力恐怖活动、民族分裂活动、宗教极端活动，常态化机制化开展扫黑除恶斗争，健全城乡基层治理体系，持续防范化解房地产、金融、地方政府债务等重点领域风险隐患，坚决守住守好祖国“南大门”。

（作者为广西壮族自治区主席）",韦  韬,政治,https://paper.people.com.cn/rmrb/pc/content/202601/08/content_30130490.html,2026-01-08,"['广西', '中华民族', '各族人民', '民族', '建设', '民族团结', '习近平', '发展', '铸牢', '共同体']","中华民族共同体意识是国家统一之基、民族团结之本、精神力量之魂。党的十八大以来，习近平总书记坚持“两个结合”、着眼“两个大局”，鲜明提出铸牢中华民族共同体意识这一重大原创性论断，开辟了马克思主义民族理论中国化时代化新境界，为做好新时代党的民族工作指明了前进方向。党的二十届四中全会《建议》就“铸牢中华民族共同体意识，推进中华民族共同体建设”作出重要部署。广西是我国少数民族人口最多的自治区，各族人民长期以来亲如一家，民族关系十分融洽。习近平总书记强调“广西是全国民族团结进步示范区”，勉励广西“把铸牢中华民族共同体意识作为自治区各项工作的主线，作为推进民族团结进步创建工作的根本方向，巩固发展各族人民团结奋斗的良好局面”。新征程上，广西将牢记嘱托、感恩奋进，着力在共建共享“五个家园”上下功夫求实效，凝心聚力建设铸牢中华民族共同体意识示范区，继续在民族团结进步上走在全国前列、发挥示范带动作用，奋力谱写中国式现代化广西篇章，为强国建设、民族复兴伟业贡献广西力量。
共建共享中华民族共有精神家园，形成人心凝聚、团结奋进的强大精神纽带
习近平总书记深刻指出，“文化认同是最深层次的认同，是民族团结之根、民族和睦之魂”，强调“要着眼建设中华民族现代文明，不断构筑中华民族共有精神家园”。一部中国史，就是一部各民族交融汇聚成多元一体中华民族的历史。广西自秦代归入中央版图，融入中央集权政体，中华民族“大一统”思想融入血脉、坚如磐石。秦朝建成的兴安灵渠、古代海上丝绸之路始发港之一的合浦等，是广西各族人民积极融入中华民族大家庭的历史见证。新中国成立以来，在党的民族政策光辉照耀下，广西各族人民心手相牵、共兴共荣，携手建设民族团结进步模范区，推动民族团结之花在八桂大地常开长盛。进入新时代，党和国家事业取得历史性成就、发生历史性变革，广西也发生了天翻地覆的巨变，各族人民更加发自内心地感恩习近平总书记、感恩党中央，对伟大祖国、中华民族、中华文化、中国共产党、中国特色社会主义的认同达到前所未有的高度。",政治
最高法审判管理办公室——,"本报北京1月7日电  （记者魏哲哲）近日，中国裁判文书网公布的文书中，部分文书的审判人员姓名被隐去，案号被模糊处理。记者就此问题采访了最高人民法院审判管理办公室负责人。
该负责人表示，人民法院坚持裁判文书、庭审活动、审判流程等司法信息公开，配套完善国家信息安全、公民个人信息和企业合法权益保护机制，人民法院对上网文书中的当事人姓名、法人和其他组织名称作隐名处理。
该负责人介绍，按照有关要求，在案件中依法履职的审判人员、法官助理、书记员的姓名，在上网文书中不作隐名处理。此外，案号作为区分案件类型、次序的重要标识，也予以保留。实践中，因部分操作人员不熟悉文书隐名要求，错误将法官姓名和案号也都隐去，显属不当。最高法已关注到上述问题，目前已安排相关法院整改。","# 最高法审判管理办公室——

> 《人民日报》（2026年01月08日第 10 版）

本报北京1月7日电  （记者魏哲哲）近日，中国裁判文书网公布的文书中，部分文书的审判人员姓名被隐去，案号被模糊处理。记者就此问题采访了最高人民法院审判管理办公室负责人。

该负责人表示，人民法院坚持裁判文书、庭审活动、审判流程等司法信息公开，配套完善国家信息安全、公民个人信息和企业合法权益保护机制，人民法院对上网文书中的当事人姓名、法人和其他组织名称作隐名处理。

该负责人介绍，按照有关要求，在案件中依法履职的审判人员、法官助理、书记员的姓名，在上网文书中不作隐名处理。此外，案号作为区分案件类型、次序的重要标识，也予以保留。实践中，因部分操作人员不熟悉文书隐名要求，错误将法官姓名和案号也都隐去，显属不当。最高法已关注到上述问题，目前已安排相关法院整改。",,政治,https://paper.people.com.cn/rmrb/pc/content/202601/08/content_30130492.html,2026-01-08,"['文书', '隐名', '审判', '姓名', '案号', '隐去', '负责人', '裁判', '人员', '处理']","本报北京1月7日电  （记者魏哲哲）近日，中国裁判文书网公布的文书中，部分文书的审判人员姓名被隐去，案号被模糊处理。记者就此问题采访了最高人民法院审判管理办公室负责人。
该负责人表示，人民法院坚持裁判文书、庭审活动、审判流程等司法信息公开，配套完善国家信息安全、公民个人信息和企业合法权益保护机制，人民法院对上网文书中的当事人姓名、法人和其他组织名称作隐名处理。
该负责人介绍，按照有关要求，在案件中依法履职的审判人员、法官助理、书记员的姓名，在上网文书中不作隐名处理。此外，案号作为区分案件类型、次序的重要标识，也予以保留。实践中，因部分操作人员不熟悉文书隐名要求，错误将法官姓名和案号也都隐去，显属不当。最高法已关注到上述问题，目前已安排相关法院整改。",政治
2025年我国动画电影票房突破250亿元，市场占比近五成,"核心阅读
2025年，国产动画电影收获了一份令人惊喜的成绩单：全年电影票房排名前十位中，动画电影占4席，其中3部为国产动画电影；动画电影票房突破250亿元，市场占比接近50%。这背后是观众对动画电影接受度的不断提升，更折射出国产动画日益多元的内容题材、不断接轨国际先进水平的制作技术。面向新的一年，保持勇于探索创作的劲头，国产动画电影将更好地走向世界舞台。
回顾2025年中国电影市场，动画电影表现亮眼。全年全国电影票房总收入518.32亿元，在《哪吒之魔童闹海》（以下简称《哪吒2》）的强力拉动下，动画电影票房突破250亿元，市场占比接近50%。全年票房排名前十位中，动画电影占4席，分别是《哪吒2》《疯狂动物城2》《浪浪山小妖怪》《熊出没·重启未来》，其中3部为国产动画电影。
一系列市场数据，让我国动画电影行业信心倍增，以《哪吒2》为代表的国产动画电影取得巨大影响。如何看待2025年的中国动画电影市场，对新一年抓住市场机遇、迈出新的发展步伐尤为重要。
爆款影片加持，释放溢出效应
2025年，踩着风火轮的“哪吒”汇聚世界目光：《哪吒2》以159.49亿元的全球票房成为全球影史动画电影票房冠军，同时也成为影史上第一部挺进全球电影票房前十的亚洲电影，位列全球影史票房第五位。
不只是《哪吒2》，给中国观众留下深刻印象的动画电影不在少数。无论是《浪浪山小妖怪》等国产动画电影，还是《疯狂动物城2》等进口动画电影，都在中国电影市场有不俗表现。
追光动画总裁于洲认为，从2025年的国内动画电影市场来看，爆款影片、头部影片的拉动作用尤为显著。年初，《哪吒2》吸引了3.24亿观影人次，其中有许多是多次观看该片的观众，也有不少是多年未进影院观影的“新观众”。“《哪吒2》吸引了观众对动画电影的高度关注，对2025年全年动画电影的表现都起到了拉动作用。”于洲说，“爆款影片形成的话题效应进一步带动了动画电影票房的走高。”
“中国观众对动画电影的接受度正变得越来越高。”中国电影家协会理论评论委员会委员彭侃说。
数据显示：2011—2018年，动画电影占我国全年票房10%左右；2019—2024年，这一比例为14%左右；到了2025年，占比接近50%。
当前，95后、00后是影院观影的主流群体。“相对于70后、80后来说，这一代人在成长过程中更多地接触到动画电影，他们对动画电影有较高的接受度。”于洲说。
动画电影的IP基因助推市场不断走高。2025年上映的国内外动画电影中，绝大部分是IP电影。《哪吒2》《疯狂动物城2》《熊出没·重启未来》《罗小黑战记2》等都有前作，《浪浪山小妖怪》依托于动画剧集《中国奇谭》，《聊斋：兰若寺》则开发自具有深厚基础的古典文学作品。
彭侃表示，动画电影易于实现IP化，并释放溢出效应。“IP电影的开发是多维度的，可以是续集，也可以是衍生品，还可以是联合营销。”近年来，上映期间与其他品牌推出联名款，不仅能提升动画电影的知名度和影响力，也为其带来了更高的票房和周边收益，进而营造出浓厚的观影氛围，增强用户黏性，扩大消费场景。
品质不断提升，“国产”占据主流
回望过去几年，《长安三万里》《白蛇：浮生》《深海》《茶啊二中》等国产动画电影在收获票房佳绩的同时，还取得良好口碑。“中国观众对国产动画电影日益青睐，国产动画电影已经成为国内动画电影市场的主流。”彭侃说。
业内人士普遍认为，国产动画电影之所以越来越受到观众的欢迎，根本原因在于品质提升。一方面，内容题材更加多元。纵观当前的国产动画电影，既有改编自中国传统神话的“哪吒”系列、“白蛇”系列，也有生发于中国古典文学作品的《长安三万里》、“聊斋”系列，还有关注现实生活的“雄狮少年”系列、颇具现实寓言色彩的《浪浪山小妖怪》以及延续合家欢属性的“熊出没”系列……另一方面，就动画技术而言，中国动画电影的制作技术已与国际先进水平接轨。
近年来，传承发展中华优秀传统文化的氛围愈发浓厚，文化自信的土壤越发深厚。“年轻观众成长在国家综合实力不断增强的时代，同时学校教育和全社会对中华优秀传统文化的重视程度越来越高，这都让他们对国产动画电影有天然的亲近感。”于洲说。
从产业布局的角度，国产动画电影的投资主体呈现出日益集群化的趋势。当下，动画电影的出品方更加集中，“投资主体日趋集群化，意味着中国动画电影的产业链更加完善，动画电影企业的抗风险能力增强，这对中国动画电影未来的发展具有极为重要的意义。”彭侃说。
勇于探索创作，讲好中国故事
对佳绩感到欣喜，也要冷静地看到背后的挑战。
“动画电影市场要实现持续扩容，需要大量的腰部影片作为支撑，这就要求有更多中小成本的影片获得观众和市场关注。”于洲表示。
与此同时，中国电影市场成为《疯狂动物城2》的全球第一大票仓。这不仅证实了我国作为全球第二大电影市场的强大消化能力，也显示出中国电影市场和电影行业对优秀进口影片的包容和欢迎，成为我国持续深化改革开放的一个缩影。
优秀海外动画电影在中国电影市场取得成功的同时，国产动画电影如何更好走出去，讲好中国故事、传递好中国声音？这成为中国动画电影行业的新任务、新课题。
“动画电影的特性使它在表现力上别具一格，在文化传播上具有独特优势。”于洲表示，“中国动画电影需要思考，如何在创作以中华文化为主要内容的产品时，通过探索表达人类共同情感，让不同文化背景的观众都能够接受和喜爱我们的故事，从而助力中国动画电影更好地走向世界舞台。”","# 2025年我国动画电影票房突破250亿元，市场占比近五成

> 本报记者  刘  阳《人民日报》（2026年01月08日第 11 版）

核心阅读

2025年，国产动画电影收获了一份令人惊喜的成绩单：全年电影票房排名前十位中，动画电影占4席，其中3部为国产动画电影；动画电影票房突破250亿元，市场占比接近50%。这背后是观众对动画电影接受度的不断提升，更折射出国产动画日益多元的内容题材、不断接轨国际先进水平的制作技术。面向新的一年，保持勇于探索创作的劲头，国产动画电影将更好地走向世界舞台。

回顾2025年中国电影市场，动画电影表现亮眼。全年全国电影票房总收入518.32亿元，在《哪吒之魔童闹海》（以下简称《哪吒2》）的强力拉动下，动画电影票房突破250亿元，市场占比接近50%。全年票房排名前十位中，动画电影占4席，分别是《哪吒2》《疯狂动物城2》《浪浪山小妖怪》《熊出没·重启未来》，其中3部为国产动画电影。

一系列市场数据，让我国动画电影行业信心倍增，以《哪吒2》为代表的国产动画电影取得巨大影响。如何看待2025年的中国动画电影市场，对新一年抓住市场机遇、迈出新的发展步伐尤为重要。

爆款影片加持，释放溢出效应

2025年，踩着风火轮的“哪吒”汇聚世界目光：《哪吒2》以159.49亿元的全球票房成为全球影史动画电影票房冠军，同时也成为影史上第一部挺进全球电影票房前十的亚洲电影，位列全球影史票房第五位。

不只是《哪吒2》，给中国观众留下深刻印象的动画电影不在少数。无论是《浪浪山小妖怪》等国产动画电影，还是《疯狂动物城2》等进口动画电影，都在中国电影市场有不俗表现。

追光动画总裁于洲认为，从2025年的国内动画电影市场来看，爆款影片、头部影片的拉动作用尤为显著。年初，《哪吒2》吸引了3.24亿观影人次，其中有许多是多次观看该片的观众，也有不少是多年未进影院观影的“新观众”。“《哪吒2》吸引了观众对动画电影的高度关注，对2025年全年动画电影的表现都起到了拉动作用。”于洲说，“爆款影片形成的话题效应进一步带动了动画电影票房的走高。”

“中国观众对动画电影的接受度正变得越来越高。”中国电影家协会理论评论委员会委员彭侃说。

数据显示：2011—2018年，动画电影占我国全年票房10%左右；2019—2024年，这一比例为14%左右；到了2025年，占比接近50%。

当前，95后、00后是影院观影的主流群体。“相对于70后、80后来说，这一代人在成长过程中更多地接触到动画电影，他们对动画电影有较高的接受度。”于洲说。

动画电影的IP基因助推市场不断走高。2025年上映的国内外动画电影中，绝大部分是IP电影。《哪吒2》《疯狂动物城2》《熊出没·重启未来》《罗小黑战记2》等都有前作，《浪浪山小妖怪》依托于动画剧集《中国奇谭》，《聊斋：兰若寺》则开发自具有深厚基础的古典文学作品。

彭侃表示，动画电影易于实现IP化，并释放溢出效应。“IP电影的开发是多维度的，可以是续集，也可以是衍生品，还可以是联合营销。”近年来，上映期间与其他品牌推出联名款，不仅能提升动画电影的知名度和影响力，也为其带来了更高的票房和周边收益，进而营造出浓厚的观影氛围，增强用户黏性，扩大消费场景。

品质不断提升，“国产”占据主流

回望过去几年，《长安三万里》《白蛇：浮生》《深海》《茶啊二中》等国产动画电影在收获票房佳绩的同时，还取得良好口碑。“中国观众对国产动画电影日益青睐，国产动画电影已经成为国内动画电影市场的主流。”彭侃说。

业内人士普遍认为，国产动画电影之所以越来越受到观众的欢迎，根本原因在于品质提升。一方面，内容题材更加多元。纵观当前的国产动画电影，既有改编自中国传统神话的“哪吒”系列、“白蛇”系列，也有生发于中国古典文学作品的《长安三万里》、“聊斋”系列，还有关注现实生活的“雄狮少年”系列、颇具现实寓言色彩的《浪浪山小妖怪》以及延续合家欢属性的“熊出没”系列……另一方面，就动画技术而言，中国动画电影的制作技术已与国际先进水平接轨。

近年来，传承发展中华优秀传统文化的氛围愈发浓厚，文化自信的土壤越发深厚。“年轻观众成长在国家综合实力不断增强的时代，同时学校教育和全社会对中华优秀传统文化的重视程度越来越高，这都让他们对国产动画电影有天然的亲近感。”于洲说。

从产业布局的角度，国产动画电影的投资主体呈现出日益集群化的趋势。当下，动画电影的出品方更加集中，“投资主体日趋集群化，意味着中国动画电影的产业链更加完善，动画电影企业的抗风险能力增强，这对中国动画电影未来的发展具有极为重要的意义。”彭侃说。

勇于探索创作，讲好中国故事

对佳绩感到欣喜，也要冷静地看到背后的挑战。

“动画电影市场要实现持续扩容，需要大量的腰部影片作为支撑，这就要求有更多中小成本的影片获得观众和市场关注。”于洲表示。

与此同时，中国电影市场成为《疯狂动物城2》的全球第一大票仓。这不仅证实了我国作为全球第二大电影市场的强大消化能力，也显示出中国电影市场和电影行业对优秀进口影片的包容和欢迎，成为我国持续深化改革开放的一个缩影。

优秀海外动画电影在中国电影市场取得成功的同时，国产动画电影如何更好走出去，讲好中国故事、传递好中国声音？这成为中国动画电影行业的新任务、新课题。

“动画电影的特性使它在表现力上别具一格，在文化传播上具有独特优势。”于洲表示，“中国动画电影需要思考，如何在创作以中华文化为主要内容的产品时，通过探索表达人类共同情感，让不同文化背景的观众都能够接受和喜爱我们的故事，从而助力中国动画电影更好地走向世界舞台。”",刘  阳,文化,https://paper.people.com.cn/rmrb/pc/content/202601/08/content_30130497.html,2026-01-08,"['动画电影', '国产', '哪吒', '2025', '动画', '电影票房', '观众', '电影', '中国', '市场']","核心阅读
2025年，国产动画电影收获了一份令人惊喜的成绩单：全年电影票房排名前十位中，动画电影占4席，其中3部为国产动画电影；动画电影票房突破250亿元，市场占比接近50%。这背后是观众对动画电影接受度的不断提升，更折射出国产动画日益多元的内容题材、不断接轨国际先进水平的制作技术。面向新的一年，保持勇于探索创作的劲头，国产动画电影将更好地走向世界舞台。
回顾2025年中国电影市场，动画电影表现亮眼。全年全国电影票房总收入518.32亿元，在《哪吒之魔童闹海》（以下简称《哪吒2》）的强力拉动下，动画电影票房突破250亿元，市场占比接近50%。全年票房排名前十位中，动画电影占4席，分别是《哪吒2》《疯狂动物城2》《浪浪山小妖怪》《熊出没·重启未来》，其中3部为国产动画电影。",政治
读懂“花式传承”里的化学反应（新语）,"以守正为圆心，加入网络流行元素，注入创新活力，拓展触达“文化半径”，就能吸引年轻人从“眼熟”到“心动”，形成“始于新奇，终于热爱”的审美闭环
“如今哈利年满十一，正是到了入学年纪……”唱的是京剧，扮的是电影《哈利·波特》里的角色。年轻京剧爱好者一段街头表演，引发对“花式传承”的讨论。
传统文化遇上“花式传承”，出圈的不只有京剧。川剧变脸，冷不丁变出一张“表情包”；练书法，写的是流行歌词、热播剧台词；学苏绣，绣卡通形象；舞皮影，跳网络热舞……有人惊讶“传统艺术还能这样”，有人调侃“不论如何，好歹是传下来了”。
“花式传承”的“好”与“歹”怎么看？“花式传承”里，蕴藏着传统技艺与青春力量产生的“化学反应”。
由《哈利·波特》《甄嬛传》等影视作品改编的京剧选段视频，评论区很热闹。有网友说，自己因此与长辈成了戏友，解锁了戏曲的魅力；有年轻网友晒绝活：川剧变脸变出表情包、苏绣技法绣卡通形象，引来叫好“没有新鲜感，怎么留住‘老把式’”。在一次次“花式传承”里，传统艺术褪去高冷外衣，变得亲切可感。
当然，也要正视一些担忧，“花式传承”会不会引发博人眼球的猎奇行为？如何界定“改编”与“胡编”，如何区分破圈传播与迎合流量，如何让“二创”符合艺术的要求、守住创作的底线？这些都需要深思。形式是皮，底蕴为骨，不能为了皮相失了风骨，丢了精气神。传统艺术的底蕴魅力，是传承里最为坚实的内核。无论如何创新，京剧唱腔韵味不减、书法行笔顿挫有力、苏绣皮影功夫扎实，都是不可偏废的基本功。
京剧大师梅兰芳说“移步而不换形”，国画大家李可染说“用最大的功力打进去，用最大的勇气打出来”，“花式传承”里有Z世代所理解的变与不变。以守正为圆心，加入网络流行元素，注入创新活力，拓展触达“文化半径”，就能吸引年轻人从“眼熟”到“心动”，形成“始于新奇，终于热爱”的审美闭环。","# 读懂“花式传承”里的化学反应（新语）

> 董映雪《人民日报》（2026年01月08日第 11 版）

以守正为圆心，加入网络流行元素，注入创新活力，拓展触达“文化半径”，就能吸引年轻人从“眼熟”到“心动”，形成“始于新奇，终于热爱”的审美闭环

“如今哈利年满十一，正是到了入学年纪……”唱的是京剧，扮的是电影《哈利·波特》里的角色。年轻京剧爱好者一段街头表演，引发对“花式传承”的讨论。

传统文化遇上“花式传承”，出圈的不只有京剧。川剧变脸，冷不丁变出一张“表情包”；练书法，写的是流行歌词、热播剧台词；学苏绣，绣卡通形象；舞皮影，跳网络热舞……有人惊讶“传统艺术还能这样”，有人调侃“不论如何，好歹是传下来了”。

“花式传承”的“好”与“歹”怎么看？“花式传承”里，蕴藏着传统技艺与青春力量产生的“化学反应”。

由《哈利·波特》《甄嬛传》等影视作品改编的京剧选段视频，评论区很热闹。有网友说，自己因此与长辈成了戏友，解锁了戏曲的魅力；有年轻网友晒绝活：川剧变脸变出表情包、苏绣技法绣卡通形象，引来叫好“没有新鲜感，怎么留住‘老把式’”。在一次次“花式传承”里，传统艺术褪去高冷外衣，变得亲切可感。

当然，也要正视一些担忧，“花式传承”会不会引发博人眼球的猎奇行为？如何界定“改编”与“胡编”，如何区分破圈传播与迎合流量，如何让“二创”符合艺术的要求、守住创作的底线？这些都需要深思。形式是皮，底蕴为骨，不能为了皮相失了风骨，丢了精气神。传统艺术的底蕴魅力，是传承里最为坚实的内核。无论如何创新，京剧唱腔韵味不减、书法行笔顿挫有力、苏绣皮影功夫扎实，都是不可偏废的基本功。

京剧大师梅兰芳说“移步而不换形”，国画大家李可染说“用最大的功力打进去，用最大的勇气打出来”，“花式传承”里有Z世代所理解的变与不变。以守正为圆心，加入网络流行元素，注入创新活力，拓展触达“文化半径”，就能吸引年轻人从“眼熟”到“心动”，形成“始于新奇，终于热爱”的审美闭环。",董映雪,文化,https://paper.people.com.cn/rmrb/pc/content/202601/08/content_30130498.html,2026-01-08,"['花式', '传承', '京剧', '苏绣', '哈利', '传统', '以守', '触达', '艺术', '闭环']","以守正为圆心，加入网络流行元素，注入创新活力，拓展触达“文化半径”，就能吸引年轻人从“眼熟”到“心动”，形成“始于新奇，终于热爱”的审美闭环
“如今哈利年满十一，正是到了入学年纪……”唱的是京剧，扮的是电影《哈利·波特》里的角色。年轻京剧爱好者一段街头表演，引发对“花式传承”的讨论。
传统文化遇上“花式传承”，出圈的不只有京剧。川剧变脸，冷不丁变出一张“表情包”；练书法，写的是流行歌词、热播剧台词；学苏绣，绣卡通形象；舞皮影，跳网络热舞……有人惊讶“传统艺术还能这样”，有人调侃“不论如何，好歹是传下来了”。",文化
安徽亳州市利辛县第一中学教师侯纯广——,"干练短发、细框眼镜、皮肤黝黑……初见侯纯广，这名安徽省亳州市利辛县第一中学的化学老师阳光而健谈，只是长时间说话时，稍微有些喘不上气。
原来，2025年7月，侯纯广结束援藏支教回到利辛，长期高原生活给他带来了一些身体上的不适。现在上课，侯纯广得带上扩音器，以保证教学效果。“身体有些状况在所难免，可以慢慢恢复，但高原支教经历更为宝贵。”侯纯广说。
侯纯广出生在利辛县的一个乡村，受当小学校长的爷爷影响，高考后，侯纯广填报了师范学校，决心做一名教师。毕业后，他就来到利辛县第一中学，成了一名化学老师。
2010年，安徽省计划选派援疆支教老师，利辛县正好有选派化学老师的名额。得知消息后，侯纯广十分兴奋，去边远地区支教，是他一直以来的梦想：“大学时，我就了解过边远地区的教育情况，那时我就盼着能有机会去支教，贡献自己的力量。”
就这样，侯纯广去了新疆，开启支教生涯。初来乍到，一切都要从头开始适应。“当地天气干燥，沙尘较大，有时感觉嘴里有沙子。”侯纯广回忆。适应气候的同时，教学中的问题也接踵而至。“班里的孩子普通话不够熟练，化学基础也相对薄弱，我按照自己以往的授课方法上课，往往效果不好。”侯纯广说。
为了提高教学效果，侯纯广开始琢磨改进的方法：向当地老师请教，将化学术语转换成生活用语，并用身边实际案例解释抽象的化学概念。比如，何为催化剂？侯纯广巧做比喻：“成绩好的同学为你答疑解惑，两人一起进步，这名同学的帮助就是你的催化剂。”通过这种方式，孩子们的化学成绩有了很大提高。
援疆期满，侯纯广又延了半学期，才依依不舍结束了这段支教时光。
2022年8月，响应援藏号召，侯纯广又毅然奔赴西藏自治区山南市第二高级中学。
与援疆不同，援藏时间更长、海拔更高，侯纯广一下飞机，便出现高反。即便如此，侯纯广仍是一门心思扑在教学上。此时他已经是一名从教10多年的资深化学老师，将不少好经验带到了雪域高原。
高三期间，为了让孩子们提升复习效果，侯纯广精选不同难度的习题，印成试卷分发给大家。“当地的习题资料并不多，很多题目都是我一点点找来的。”侯纯广说。那年高考，他所带的班级创下学校历史上最好成绩。
援藏期间，侯纯广还担任了山南市的高中化学兼职教研员，通过专题调研、示范课和听评课等方式“传帮带”，帮助当地青年教师提高业务水平。
“支教是我的梦想，过程之中虽有艰辛，但那都是宝贵的人生财富。”侯纯广坚定地说，“若有机会，我还会为了理想再次出发。”","# 安徽亳州市利辛县第一中学教师侯纯广——

> 本报记者  田先进《人民日报》（2026年01月08日第 11 版）

干练短发、细框眼镜、皮肤黝黑……初见侯纯广，这名安徽省亳州市利辛县第一中学的化学老师阳光而健谈，只是长时间说话时，稍微有些喘不上气。

原来，2025年7月，侯纯广结束援藏支教回到利辛，长期高原生活给他带来了一些身体上的不适。现在上课，侯纯广得带上扩音器，以保证教学效果。“身体有些状况在所难免，可以慢慢恢复，但高原支教经历更为宝贵。”侯纯广说。

侯纯广出生在利辛县的一个乡村，受当小学校长的爷爷影响，高考后，侯纯广填报了师范学校，决心做一名教师。毕业后，他就来到利辛县第一中学，成了一名化学老师。

2010年，安徽省计划选派援疆支教老师，利辛县正好有选派化学老师的名额。得知消息后，侯纯广十分兴奋，去边远地区支教，是他一直以来的梦想：“大学时，我就了解过边远地区的教育情况，那时我就盼着能有机会去支教，贡献自己的力量。”

就这样，侯纯广去了新疆，开启支教生涯。初来乍到，一切都要从头开始适应。“当地天气干燥，沙尘较大，有时感觉嘴里有沙子。”侯纯广回忆。适应气候的同时，教学中的问题也接踵而至。“班里的孩子普通话不够熟练，化学基础也相对薄弱，我按照自己以往的授课方法上课，往往效果不好。”侯纯广说。

为了提高教学效果，侯纯广开始琢磨改进的方法：向当地老师请教，将化学术语转换成生活用语，并用身边实际案例解释抽象的化学概念。比如，何为催化剂？侯纯广巧做比喻：“成绩好的同学为你答疑解惑，两人一起进步，这名同学的帮助就是你的催化剂。”通过这种方式，孩子们的化学成绩有了很大提高。

援疆期满，侯纯广又延了半学期，才依依不舍结束了这段支教时光。

2022年8月，响应援藏号召，侯纯广又毅然奔赴西藏自治区山南市第二高级中学。

与援疆不同，援藏时间更长、海拔更高，侯纯广一下飞机，便出现高反。即便如此，侯纯广仍是一门心思扑在教学上。此时他已经是一名从教10多年的资深化学老师，将不少好经验带到了雪域高原。

高三期间，为了让孩子们提升复习效果，侯纯广精选不同难度的习题，印成试卷分发给大家。“当地的习题资料并不多，很多题目都是我一点点找来的。”侯纯广说。那年高考，他所带的班级创下学校历史上最好成绩。

援藏期间，侯纯广还担任了山南市的高中化学兼职教研员，通过专题调研、示范课和听评课等方式“传帮带”，帮助当地青年教师提高业务水平。

“支教是我的梦想，过程之中虽有艰辛，但那都是宝贵的人生财富。”侯纯广坚定地说，“若有机会，我还会为了理想再次出发。”",田先进,文化,https://paper.people.com.cn/rmrb/pc/content/202601/08/content_30130501.html,2026-01-08,"['侯纯广', '支教', '利辛县', '侯纯', '化学', '援藏', '老师', '广说', '援疆', '习题']","干练短发、细框眼镜、皮肤黝黑……初见侯纯广，这名安徽省亳州市利辛县第一中学的化学老师阳光而健谈，只是长时间说话时，稍微有些喘不上气。
原来，2025年7月，侯纯广结束援藏支教回到利辛，长期高原生活给他带来了一些身体上的不适。现在上课，侯纯广得带上扩音器，以保证教学效果。“身体有些状况在所难免，可以慢慢恢复，但高原支教经历更为宝贵。”侯纯广说。
侯纯广出生在利辛县的一个乡村，受当小学校长的爷爷影响，高考后，侯纯广填报了师范学校，决心做一名教师。毕业后，他就来到利辛县第一中学，成了一名化学老师。",社会
精打细算，健身空间多起来（体育大看台）,"浙江杭州近江时代大厦改造后的球场。本报记者  窦瀚洋摄
浙江杭州近江时代大厦改造后的球场。
本报记者  窦瀚洋摄
宁夏银川贺兰山运动休闲体育公园航拍图。古飞洋摄
宁夏银川贺兰山运动休闲体育公园航拍图。
古飞洋摄
写字楼里响起击球声，老煤库变身运动秀场，废旧矿坑内置智慧步道……这样的“空间魔术”在多地上演，一块块边角地成为全民健身的活力场。精打细算盘活资源，回应民生需求，城市发展的这些巧思与匠心值得借鉴。
——编  者
浙江杭州近江时代大厦“升级”
走，上写字楼顶楼打球
本报记者  窦瀚洋
午休时间到，浙江杭州上班族卢健背上球拍，直奔近江时代大厦。乘梯直达五楼多功能运动场，这里已有不少人在锻炼。
“以前打球得去5公里以外的场馆，现在从单位走路过来不过10分钟。”卢健最近迷上了匹克球。“我经常和朋友来这里，预约很方便。”
环顾多功能运动场，有1块旱地冰壶场地，3块网球场进行了新手级、初阶级和高阶级的区分，还有2块配备了防滑地垫的匹克球场。
近江时代大厦所在的望江街道，辖区内共有11个社区、53个住宅小区，其中老旧小区26个。“望江街道作为大面积回迁安置房区域，配套不足。群众生活半径、工作半径、休闲消费半径内缺乏专业运动场地，难以满足多样化的运动需求。”望江街道党工委委员熊侃告诉记者。
以近江时代大厦五楼为例，改造前，这里被管道等设施占据，整体利用率较低。
改造并非一帆风顺。街道先是组织专业第三方团队对场地进行了全面的现场勘察，包括结构安全评估、荷载测试、排水系统检查等，充分评估了改造的可行性，为后续设计提供了坚实的数据支撑。
“场地位置和居民区隔了一条马路，改造前，部分居民担心改造施工过程中存在噪声问题。我们通过实地勘察测量，发现噪声分贝不会影响正常生活。跟居民解释后，才逐渐打消他们的顾虑。”熊侃介绍。
撬动社会资源、引入“政企合作”模式，改造得以顺利进行。街道负责日常监督，辖区内的杭州月亮岛体育公司承租，投资约500万元完成场地建设改造。2024年6月改造完成后，根据预订时间和场地的不同，按照每半小时40元至110元不等的标准收费。
该场馆还设置了公益时间段，工作日上午9点至10点免费向社会开放。场馆负责人李园介绍：“这样既保证了项目可持续运营，又实现了惠民。”
在望江街道，这样的改造场地越来越多：秋石高架路下的公园被打造成嵌入式体育公园；滨江家园（电信）小区的地下车库屋顶，添置了羽毛球场和乒乓球桌……近年来，望江街道共挖掘建设体育公园1处、嵌入式体育场地28处、健身路径22条、百姓健身房2处，总面积超2万平方米。
“望江街道已初步形成10分钟健身圈，不断盘活城市体育空间，优化居民健身体验。”在熊侃看来，这种创新模式为全民健身、城市更新和社区治理提供了借鉴。
山东青岛闲置煤库“焕新”
来，到文体商业街逛逛
本报记者  王  者
走进山东青岛市市北区浮山新区街道青岛能源·中联运动广场，场馆内热闹非凡。今年40岁的周淼在附近上班，她几乎每天都趁午休时间约同事到这里打羽毛球。
“场地新、氛围好，出出汗，身心舒畅。”周淼说，“我在这里办理了储值卡，算下来1小时40多块钱。”
中联运动广场占地14亩，建设总面积约1.1万平方米，前身是青岛能源集团金泽热力的堆煤库房。近年来，青岛市持续落实“煤改气”清洁能源供热项目，伴随新型能源的投入使用，该库房闲置了下来。
闲置煤库一度让人棘手，如今却成为日均客流量2500人次以上的时尚运动秀场。从“工业锈带”到“活力秀场”，蝶变如何实现？
城市更新带来转机。2021年，《青岛城市更新和城市建设三年攻坚行动方案》发布，聚焦市民需求迫切的基础设施建设等方面。2023年，在青岛市和市北区政府协调支持下，青岛能源集团与中联建业集团达成合作，由中联建业集团投资规划，对该煤库进行整体改造并运营管理。
“经过调研，我们了解到周边居民对于文体活动需求较大，但是附近一直没有足够的土地空间用于建设。”中联建业集团有限公司董事长周华介绍，项目将煤库规划为整体两层建筑，打造成复合型开放式文体商业街区。
2023年11月，中联运动广场正式投入运营，包含近30个多功能场地，并引入20余个商业品牌，成为小而美的运动主题邻里商业街区。
如今，羽毛球馆、篮球馆、乒乓球馆、台球馆等场馆，订场率均超过了80%，年均客流量超100万人次，进一步丰富完善了社区配套。
为方便市民前来运动，园区配套了充电桩、光伏雨棚，同时还设有充换电柜，成为社区的绿色补能站。
下午1点多钟，结束运动的周淼走出羽毛球场，和朋友来到园区内的餐厅就餐。“打完球还能就近吃个午饭，车可以充电，我们的运动生活方便多了。”她说。
宁夏银川废旧矿坑“披绿”
看，这个体育公园很有特色
本报记者  焦思雨
一大早，宁夏银川贺兰山运动休闲体育公园便热闹起来。健身步道上，晨跑者步履轻快，骑行者穿梭如风，滑板少年动作矫健。
站在高处眺望，这个体育公园仿佛镶嵌在园林里，湖泊瀑布、亭台楼阁与健身跑道、篮球场等设施相映生辉。
这片占地1200亩、颇具中式园林韵味的体育公园，10年前曾是采砂石场留下的沉陷矿坑。“小时候我常来这里，那时一棵树都没有，只有呼呼的风。”宁夏志辉源石葡萄酒庄有限公司宣传经理贾进财感慨。
2016年，酒庄打算对矿坑进行生态修复。“最初想法很简单，先种树，把绿色恢复起来。”贾进财说，“可在砂石矿坑里种树太难了，这里又缺水，种一棵死一棵是常有的事。”
“无论多难，我们都没想过放弃。”贾进财说，他们渐渐摸索出一套科学的生态修复路径。先栽植耐旱、抗风沙的防风林，固土保水，待植被初步成林、生态有所改善后，再逐步引入景观树种，提升生物多样性。如今，这片土地生长着超100种树木。
“生态好转后，我们结合矿坑原本高低不平的地形，打造集生态、运动、休闲于一体的现代体育公园。”贾进财介绍。
2023年，该公园建成了智慧型健身步道。该步道设置1处赛事控制指挥中心、9处全场景智能数据采集点。智能设备通过人脸识别和芯片识别等方式，帮助跑友实时记录心率、配速等数据。
“去年，我们举办了半程马拉松赛事，外地跑友超60%。”贾进财介绍，跑友会顺道参观酒庄，实现了“以赛促旅、以旅带产”的良性循环。
“公园的建设既修复了矿坑生态，也为市民提供了运动休闲空间，还为酒庄带来经济效益，可谓一举三得！”贾进财表示，为更好地满足市民运动需求，贺兰山运动休闲体育公园二期工程还增设了足球场、滑雪场、射箭馆、攀岩馆和碗池等设施，目前已投入使用。
版式设计：沈亦伶","# 精打细算，健身空间多起来（体育大看台）

> 《人民日报》（2026年01月08日第 14 版）

浙江杭州近江时代大厦改造后的球场。　　本报记者  窦瀚洋摄

浙江杭州近江时代大厦改造后的球场。

本报记者  窦瀚洋摄

宁夏银川贺兰山运动休闲体育公园航拍图。　　古飞洋摄

宁夏银川贺兰山运动休闲体育公园航拍图。

古飞洋摄

写字楼里响起击球声，老煤库变身运动秀场，废旧矿坑内置智慧步道……这样的“空间魔术”在多地上演，一块块边角地成为全民健身的活力场。精打细算盘活资源，回应民生需求，城市发展的这些巧思与匠心值得借鉴。

——编  者

浙江杭州近江时代大厦“升级”

走，上写字楼顶楼打球

本报记者  窦瀚洋

午休时间到，浙江杭州上班族卢健背上球拍，直奔近江时代大厦。乘梯直达五楼多功能运动场，这里已有不少人在锻炼。

“以前打球得去5公里以外的场馆，现在从单位走路过来不过10分钟。”卢健最近迷上了匹克球。“我经常和朋友来这里，预约很方便。”

环顾多功能运动场，有1块旱地冰壶场地，3块网球场进行了新手级、初阶级和高阶级的区分，还有2块配备了防滑地垫的匹克球场。

近江时代大厦所在的望江街道，辖区内共有11个社区、53个住宅小区，其中老旧小区26个。“望江街道作为大面积回迁安置房区域，配套不足。群众生活半径、工作半径、休闲消费半径内缺乏专业运动场地，难以满足多样化的运动需求。”望江街道党工委委员熊侃告诉记者。

以近江时代大厦五楼为例，改造前，这里被管道等设施占据，整体利用率较低。

改造并非一帆风顺。街道先是组织专业第三方团队对场地进行了全面的现场勘察，包括结构安全评估、荷载测试、排水系统检查等，充分评估了改造的可行性，为后续设计提供了坚实的数据支撑。

“场地位置和居民区隔了一条马路，改造前，部分居民担心改造施工过程中存在噪声问题。我们通过实地勘察测量，发现噪声分贝不会影响正常生活。跟居民解释后，才逐渐打消他们的顾虑。”熊侃介绍。

撬动社会资源、引入“政企合作”模式，改造得以顺利进行。街道负责日常监督，辖区内的杭州月亮岛体育公司承租，投资约500万元完成场地建设改造。2024年6月改造完成后，根据预订时间和场地的不同，按照每半小时40元至110元不等的标准收费。

该场馆还设置了公益时间段，工作日上午9点至10点免费向社会开放。场馆负责人李园介绍：“这样既保证了项目可持续运营，又实现了惠民。”

在望江街道，这样的改造场地越来越多：秋石高架路下的公园被打造成嵌入式体育公园；滨江家园（电信）小区的地下车库屋顶，添置了羽毛球场和乒乓球桌……近年来，望江街道共挖掘建设体育公园1处、嵌入式体育场地28处、健身路径22条、百姓健身房2处，总面积超2万平方米。

“望江街道已初步形成10分钟健身圈，不断盘活城市体育空间，优化居民健身体验。”在熊侃看来，这种创新模式为全民健身、城市更新和社区治理提供了借鉴。

山东青岛闲置煤库“焕新”

来，到文体商业街逛逛

本报记者  王  者

走进山东青岛市市北区浮山新区街道青岛能源·中联运动广场，场馆内热闹非凡。今年40岁的周淼在附近上班，她几乎每天都趁午休时间约同事到这里打羽毛球。

“场地新、氛围好，出出汗，身心舒畅。”周淼说，“我在这里办理了储值卡，算下来1小时40多块钱。”

中联运动广场占地14亩，建设总面积约1.1万平方米，前身是青岛能源集团金泽热力的堆煤库房。近年来，青岛市持续落实“煤改气”清洁能源供热项目，伴随新型能源的投入使用，该库房闲置了下来。

闲置煤库一度让人棘手，如今却成为日均客流量2500人次以上的时尚运动秀场。从“工业锈带”到“活力秀场”，蝶变如何实现？

城市更新带来转机。2021年，《青岛城市更新和城市建设三年攻坚行动方案》发布，聚焦市民需求迫切的基础设施建设等方面。2023年，在青岛市和市北区政府协调支持下，青岛能源集团与中联建业集团达成合作，由中联建业集团投资规划，对该煤库进行整体改造并运营管理。

“经过调研，我们了解到周边居民对于文体活动需求较大，但是附近一直没有足够的土地空间用于建设。”中联建业集团有限公司董事长周华介绍，项目将煤库规划为整体两层建筑，打造成复合型开放式文体商业街区。

2023年11月，中联运动广场正式投入运营，包含近30个多功能场地，并引入20余个商业品牌，成为小而美的运动主题邻里商业街区。

如今，羽毛球馆、篮球馆、乒乓球馆、台球馆等场馆，订场率均超过了80%，年均客流量超100万人次，进一步丰富完善了社区配套。

为方便市民前来运动，园区配套了充电桩、光伏雨棚，同时还设有充换电柜，成为社区的绿色补能站。

下午1点多钟，结束运动的周淼走出羽毛球场，和朋友来到园区内的餐厅就餐。“打完球还能就近吃个午饭，车可以充电，我们的运动生活方便多了。”她说。

宁夏银川废旧矿坑“披绿”

看，这个体育公园很有特色

本报记者  焦思雨

一大早，宁夏银川贺兰山运动休闲体育公园便热闹起来。健身步道上，晨跑者步履轻快，骑行者穿梭如风，滑板少年动作矫健。

站在高处眺望，这个体育公园仿佛镶嵌在园林里，湖泊瀑布、亭台楼阁与健身跑道、篮球场等设施相映生辉。

这片占地1200亩、颇具中式园林韵味的体育公园，10年前曾是采砂石场留下的沉陷矿坑。“小时候我常来这里，那时一棵树都没有，只有呼呼的风。”宁夏志辉源石葡萄酒庄有限公司宣传经理贾进财感慨。

2016年，酒庄打算对矿坑进行生态修复。“最初想法很简单，先种树，把绿色恢复起来。”贾进财说，“可在砂石矿坑里种树太难了，这里又缺水，种一棵死一棵是常有的事。”

“无论多难，我们都没想过放弃。”贾进财说，他们渐渐摸索出一套科学的生态修复路径。先栽植耐旱、抗风沙的防风林，固土保水，待植被初步成林、生态有所改善后，再逐步引入景观树种，提升生物多样性。如今，这片土地生长着超100种树木。

“生态好转后，我们结合矿坑原本高低不平的地形，打造集生态、运动、休闲于一体的现代体育公园。”贾进财介绍。

2023年，该公园建成了智慧型健身步道。该步道设置1处赛事控制指挥中心、9处全场景智能数据采集点。智能设备通过人脸识别和芯片识别等方式，帮助跑友实时记录心率、配速等数据。

“去年，我们举办了半程马拉松赛事，外地跑友超60%。”贾进财介绍，跑友会顺道参观酒庄，实现了“以赛促旅、以旅带产”的良性循环。

“公园的建设既修复了矿坑生态，也为市民提供了运动休闲空间，还为酒庄带来经济效益，可谓一举三得！”贾进财表示，为更好地满足市民运动需求，贺兰山运动休闲体育公园二期工程还增设了足球场、滑雪场、射箭馆、攀岩馆和碗池等设施，目前已投入使用。

版式设计：沈亦伶",,综合,https://paper.people.com.cn/rmrb/pc/content/202601/08/content_30130509.html,2026-01-08,"['体育', '公园', '运动', '健身', '改造', '矿坑', '近江', '贾进', '望江', '场地']","浙江杭州近江时代大厦改造后的球场。本报记者  窦瀚洋摄
浙江杭州近江时代大厦改造后的球场。
本报记者  窦瀚洋摄",政治
牢记发展使命  打造产业新高地,"汇聚科教优势  驱动融合发展
陕西省西安市委常委、宣传部部长  仵  江
西安具有深厚的文化底蕴，激荡着创新脉搏，正立足国家发展战略，勇担时代使命，将科教资源优势转化为驱动融合发展的澎湃动能。
西安致力于打造科技创新策源地，充分运用在校大学生和各类专业人才优势，开展梧桐树科技成果转化行动，建成市级以上共性技术研发平台15个、成果转化平台222个，贯通“实验室”与“生产线”，让融合的源头活水奔涌不息。
西安致力于构建现代产业集聚区，绘制“创新融合图谱”，以科技创新引领产业向价值链高端跃升，实现前沿技术与现代产业同频共振。
西安致力于构建面向亚欧、通达全球的现代物流体系，中欧班列（西安）累计开行数量突破3万列，成为贸易往来的“黄金通道”。
西安致力于挖掘千年古都的新魅力，通过西安城墙的数字化保护项目等实现文化遗产与现代科技跨界深度融合，为产业创新开辟全新赛道，让融合的文化成果璀璨生辉。
（人民日报数字传播有限公司张钰坤整理）
生产优质内容  勇担社会责任
宝宝巴士股份有限公司董事长  唐光宇
承担社会责任是企业高质量发展的应有之义。宝宝巴士始终持续创作优质内容，勇担社会责任，在创造更大社会价值中实现高质量发展。
创作优质内容。作为面向0—8岁儿童研发内容的企业，宝宝巴士秉承“内容即公益，产品即责任”原则，打造互动APP、儿歌动画、国学故事等多元化产品，开发手语动画片、有声绘本等适配性产品，让聋哑与自闭症儿童也能享受内容服务。
关爱特殊群体。近5年来，宝宝巴士持续践行公益理念，向乡村学校捐赠图书等物资超8万件。2025年起，积极参与城乡公益图书馆建设，与妇联、红十字会等机构合作设立专项基金，推动公益行动常态化。
推动教育均衡。针对农村幼师资源少、备课负担重的现实，2019年公司启动“幼师贝壳”项目，系统整合公司旗下200多款APP、4500多集动画及1.6万多期音频资源，并将其转化为体系化、按主题划分的课件与配套资源。截至目前，已累计投入过亿元，服务覆盖全国300余万名幼师。
（本报记者韩鑫整理）
坚持创新驱动  聚焦未来产业
华熙生物科技股份有限公司董事长兼总裁  赵  燕
近年来，华熙生物坚持从科学到技术、从技术到产品、从产品到品牌的发展思路，长期投入基础研究和应用基础研究，推动科技创新与社会价值深度融合。
围绕科技成果转化，华熙生物通过生物制造替代动物源、植物源和石化基来源，推动产业向更安全、更绿色、更可持续方向转型。目前，红景天苷、麦角硫因、透明质酸等生物制造原料，已在生命健康领域得到广泛应用，在衰老干预和组织再生方面，为生命质量的提升发挥积极作用。这背后是华熙生物持续构建的创新研发能力、中试成果转化能力和市场转化能力。目前，公司拥有900余名科研人员，并建成全球规模领先的中试成果转化平台，作为行业基础设施向科研机构和中小企业开放。
当前，生物制造正进入从技术突破走向规模化应用的关键阶段。在绿色低碳转型和生命健康需求持续增长的双重驱动下，行业发展前景广阔。未来，华熙生物将在推动生物制造高质量发展的同时，积极履行企业社会责任，为构建可持续的生命健康产业贡献力量。
（本报记者韩鑫整理）
发挥桥梁作用  服务民营经济
陕西省工商业联合会主席、总商会会长  马玉红
近年来，陕西省创新能级明显提升，新质生产力培育发展取得显著成效。未来，陕西省工商联将和广大民营企业家着力做好如下工作：
一是在发展新质生产力上积极作为。要持续加大研发投入，强化科技创新引领作用。要加快产业升级，推动传统产业向高端化、智能化、数字化方向发展。要有序布局新兴产业和未来产业，打造生物制造、商业航天等重点领域。
二是在完善企业治理上勇于探索。要对标中国特色现代企业制度要求，加快提升企业治理现代化水平。要进一步强化守法自觉，做到尊法守法、遵约守信。要自觉践行亲清政商关系，及时通过工商联平台反映问题诉求。
三是在履行社会责任上展现担当。要牢记产业富民的时代责任，增强促进共同富裕的责任感使命感。要将节能降碳改造作为培育新质生产力的关键抓手，树牢绿色发展理念。要持续构建和谐劳动关系，让发展成果惠及全体员工。
陕西省工商联将一如既往发挥好党委政府联系民营经济人士的桥梁纽带作用、政府管理和服务民营经济的助手作用，全力推动民营经济高质量发展。
（本报记者任筱霞整理）
为高质量发展注入科技创新动能
黑龙江省科学技术厅党组成员、副厅长  韩金华
近年来，黑龙江着力推动以新质生产力赋能高质量发展。
夯实创新根基。2024年黑龙江省全社会研发经费投入达249.6亿元，研发投入强度达到1.51%，较“十三五”末期分别增长44.1%、0.27%。黑龙江省自然科学基金持续支持原始创新，重大平台建设提速，国家级科技创新平台达69个，全国重点实验室增至16家。
聚力关键攻关。围绕构建“4567”现代化产业体系，实施10余个重点领域专项。“十四五”时期部署省重点研发计划项目706项，立项数量较“十三五”时期翻一番。在高端装备、能源动力等领域取得系列突破，七〇三所30兆瓦和40兆瓦级燃气轮机核心性能指标对标同功率等级国际一流产品。
探索转化路径。修订《促进科技成果转化条例》，实施科技成果产业化突破年行动，近三年转化重大科技成果1763项，新增经济效益333.2亿元。建设7个环大学大院大所创新创业生态圈，集聚企业超2200家。设立政府出资的天使投资基金，推动更多科技成果转化为产品、形成产业。
（本报记者任筱霞整理）
铺展绿色足迹  彰显民生温度
华电陕西能源有限公司党委委员、副总经理  张幸福
2021年，华电陕西能源有限公司党委带着“光伏+农业”项目走进陕西汉阴县新华村，为当地农户提供“租金+入股+务工”的多元收益方案。2023年，新华村“渔光互补”项目建成投产，创新采用“板上发电、板下种养”模式，在田埂间架起“阳光银行”，让新华村50多户村民拿到了13.8万元分红。
新华村的变化，是华电陕西公司党委“华电绿秦”行动的生动注脚。
两年来，华电陕西公司党委的绿色足迹穿越山川湖海：在毛乌素沙地，光伏治沙筑起2000亩绿色屏障；在关中平原，屋顶光伏为治污减霾发挥积极作用；在红色老区，柔性支架让果园变身“发电场”。一个个项目在三秦大地书写着能源企业的民生温度与社会责任担当。
未来，华电陕西公司党委还将深入践行中国华电“奉献清洁能源，创造美好生活”的企业使命，持续探索品牌建设与国家战略深度融合新路径，为谱写中国式现代化建设的陕西新篇章贡献力量。
（本报记者王东辉整理）
在追光路上永不停歇
中国能建中电工程新闻中心主任  段贵恒
中国能建作为能源电力建设主力军，不断书写“新能源+”融合发展创新答卷。在云南普洱的咖啡园，为打破传统种植局限，我们将目光投向咖啡园上方的天空：能否通过将光伏板架设在咖啡树上方，板上发电、板下种植，实现一地双收？历经多次技术迭代、场景测试，我们终于找到最优方案，全国首座“咖光互补”电站实现落地。
这样的故事在神州大地不断延展。在浙江青田，“林光互补”培育高品质山茶油“青能油萃”；在广东台山，“渔光互补”重塑黄金海岸；在西藏岗巴，“牧光互补”温暖世界屋脊……我们在多地构建多场景、多地域的绿色能源网络，让一束束“光”照亮边疆荒漠、沿海滩涂、乡村田野。
一块块光伏板铺展美丽画卷，一个个融合样本诠释责任担当。我们始终坚持“创新驱动、做强主业”，努力向科技创新要答案，向综合能源业务要效益，在追光路上永不停歇。
（本报记者王东辉整理）
培养专业人才  服务实体经济
友邦人寿保险有限公司副总经理  张  敏
上海外滩17号，是友邦事业的起点，也是我们与时代脉搏同频共振的见证。几十年来，我们与这片土地共成长，与中国经济社会发展同行。
上世纪90年代，中国金融体系改革稳步推进，而支撑行业高质量发展的精算人才却极为稀缺。面对这一课题，友邦与复旦大学携手，共同创办了“友邦—复旦精算中心”，培养专业人才，为中国金融发展的未来播撒种子。
精算中心从最初几十人的课堂，扩展到与全国多所顶尖高校合作；从一个北美精算师考点，演进为汇聚行业智慧、连接前沿研究的开放平台……当年播下的种子，如今已蔚然成林。
中央经济工作会议强调，“稳步推进制度型开放”“深化外商投资促进体制机制改革”，坚定了我们在中国市场长期发展的信心。友邦将通过培养人才、引入经验、管理长期资金，积极参与夯实金融基础、服务实体经济等，与中国同行一道迈向更加健康、更具韧性的未来。
（本报记者王东辉整理）
从践行到赋能，推动生态圈可持续发展
施耐德电气（中国）有限公司公司事务高级经理  李  斌
“从一粒种子到一片森林”，施耐德电气陕西西安工厂的蝶变，是产业绿色转型的注脚。十几年来，在厂区面积未扩大的情况下，产值实现10倍以上增长、单位能耗降低30%，工厂逐渐成长为“绿色工厂”“零碳工厂”。
目前，施耐德电气已在中国打造了22家“零碳工厂”、15家国家级“绿色工厂”。
除了自身践行，企业还积极赋能生态圈共同迈向可持续发展。2018年以来，助力全球客户减碳7.92亿吨。此外，通过发起供应商“零碳计划”，目前已推动公司的全球前1000家供应商运营层面减碳达53%。
推动可持续发展，还要培育“新种子”。响应“产教融合”号召，施耐德电气致力于构建可持续发展人才的全链条培育体系：走进71所小学开展科普，惠及近6000名青少年；与百余所职校合作，让近10万名学生接触产业实操；联合高校搭建创新竞赛平台，点燃青年绿色创新热情。
（本报记者刘慧整理）
助力乡村学子求学逐梦
中国宝原投资有限公司党委副书记、董事  夏军堂
作为中核集团骨干成员单位，中国宝原直接承担了中核集团“核苗计划”的推进落实工作。“核苗计划”用多年深耕，为乡村学子铺就了追求梦想的阶梯。
自2012年启动“核苗计划”以来，中核集团联合多方构建起“入学—培养—就业”全流程帮扶机制，以四川广元中核职业技术学院为基地，累计投入1300多万元，让784名学子获得免费教育。
帮扶成效在实践中愈发凸显：598名“核苗”已入职中核集团成员单位，成长为能工巧匠、大国工匠；一名学生稳定就业可带动家庭年增收6万至12万元，真正实现“培养一人、帮扶一户”。这份成绩单背后，正是中核集团作为央企的社会责任担当。
连续7年帮扶考核获最高等次、两获全球减贫最佳案例，这份认可激励着中核集团持续发力，深化“核苗计划”与乡村产业的融合，助力更多乡村学子实现梦想。
（本报记者刘慧整理）
点亮乡村全面振兴之路
中国大唐集团有限公司党建工作部主管  魏  然
广西大化瑶族自治县，石山林立，重峦叠嶂，人均耕地不足0.8亩，优秀生源年流失超60%。我们深刻认识到：只有在人才、技能上下功夫，通过教育把年轻一代培养出来、反哺家乡，才能切实巩固拓展脱贫攻坚成果，真正筑牢乡村全面振兴的根基。
教育帮扶“筑梦工程”应运而生——我们携手地方政府，确立三年帮扶目标，通过“发放筑梦三金、组织特色活动、升级基础设施、引入专业力量、提升职高能力”等实实在在的举措，搭建起“五进五出”的帮扶桥梁。如今，报考就读大化高中的本地中考总分成绩A+的学生从84人升至368人；2025年，该校本科上线率达到80.7%，一本上线率近20%，较帮扶前分别大幅提升20%和10%。
中国大唐作为能源央企，不仅守护万家灯火，更在点亮乡村孩子的未来之路。面向未来，中国大唐将把能源报国的使命延伸为教育强国的担当，继续在乡村全面振兴的路上，书写更多梦想绽放的动人篇章。
（本报记者刘慧整理）
用好房子托起安居梦
中绿雄安投资有限公司副总经理  邹  鹏
雄安新区拔地而起的建筑群中，有一处居所被疏解企业职工亲切地称为“心安的归宿”。它就是中国绿发打造的“中绿里”。
立足“未来之城”，我们努力探索如何让建设者实现从“物理迁移”到“情感归属”的跨越。从科研工作者对陪伴家人的渴望，到迁居雄安的家庭对社区配套的期盼，再到青年创业者对便捷生活的诉求，我们走访近300家疏解企业，来自一线的声音共同构成了项目的需求清单。
“15分钟生活圈”内，社区商业中心、幼儿园、诊所等配套服务一应俱全；刚开放的健康生活馆里，设置了恒温泳池、亲子活动区与创业交流空间……我们创新“片区综合开发+精准承接”模式，努力把愿景变为实景。
绿色，是“中绿里”融入雄安的鲜明底色。项目集成装配式建造与海绵城市技术，打造了新区首座“零碳、零能耗”双认证示范楼宇，让绿色低碳的高品质生活触手可及。
中国绿发将继续用“好房子”托起“安居梦”，让每一位建设者都能“落地生根、心安梦稳”，为“未来之城”注入持久的温暖力量。
（本报记者李铁林整理）
以金融创新破解企业难题
交通银行深圳分行公司业务部副总经理  周咏龙
2025年初，中集集团旗下中集来福士成功向荷兰船东交付了海上风电安装船BOREAS，这背后藏着一段金融与企业携手破局的故事。
该船搭载多项领先技术，能显著降低运营碳排放，为行业绿色转型提供了可量化、可复制的技术解决方案。但在项目初期，中集来福士就遭遇了“涉外期限敞口预付款保函”这一专业金融难题。交通银行深圳分行组建团队深度对接，创新采用灵活模式，在严守国际规则的前提下高效完成保函开立工作，为项目解了燃眉之急。
中央金融工作会议强调做好金融“五篇大文章”，绿色金融是其中之一。截至目前，交通银行深圳分行已为中集集团开立3艘风电安装船的预付款保函，均已成功交付，这正是绿色金融精准滴灌实体经济的生动实践。
作为一家拥有百年历史的国有大型银行，交通银行始终牢记“国之大者”，将服务国家战略、支持实体经济作为根本宗旨，未来将继续以金融创新助力实体企业破解转型难题，帮助更多绿色装备从图纸变为现实。
（本报记者李铁林整理）
“小桔灯”照亮10年公益路
国网咸阳供电公司亨通施工保障公司党支部书记  郭恩伟
国网陕西电力深耕10年的“小桔灯”公益品牌，承载着电力人的使命担当，成为企业践行ESG（环境、社会和公司治理）理念的生动注脚。
“小桔灯”公益品牌创立于2015年。2016年，“小桔灯”正式注册成立，以更系统的姿态践行社会责任。“暖心衣橱”在全省率先开创“自选捐赠”新模式，让受助者收获温暖。“暖心玩具馆”中，6.6万件玩具为2.3万个孩子筑起童年港湾。
光伏电站为乡村全面振兴注入绿色动能，“电力爱心教室”的护眼灯照亮孩子们的求知之路……随着电网延伸，“小桔灯”的责任与温暖也抵达了更多地方。
国网陕西电力始终践行“人民电业为人民”的宗旨，以智慧绿电赋能公益前行，以暖心服务守护万家灯火。我们将让“小桔灯”的温暖照亮更多角落，用心写好服务民生的时代答卷。
（本报记者李铁林整理）","# 牢记发展使命  打造产业新高地

> 《人民日报》（2026年01月08日第 15 版）

汇聚科教优势  驱动融合发展

陕西省西安市委常委、宣传部部长  仵  江

西安具有深厚的文化底蕴，激荡着创新脉搏，正立足国家发展战略，勇担时代使命，将科教资源优势转化为驱动融合发展的澎湃动能。

西安致力于打造科技创新策源地，充分运用在校大学生和各类专业人才优势，开展梧桐树科技成果转化行动，建成市级以上共性技术研发平台15个、成果转化平台222个，贯通“实验室”与“生产线”，让融合的源头活水奔涌不息。

西安致力于构建现代产业集聚区，绘制“创新融合图谱”，以科技创新引领产业向价值链高端跃升，实现前沿技术与现代产业同频共振。

西安致力于构建面向亚欧、通达全球的现代物流体系，中欧班列（西安）累计开行数量突破3万列，成为贸易往来的“黄金通道”。

西安致力于挖掘千年古都的新魅力，通过西安城墙的数字化保护项目等实现文化遗产与现代科技跨界深度融合，为产业创新开辟全新赛道，让融合的文化成果璀璨生辉。

（人民日报数字传播有限公司张钰坤整理）

生产优质内容  勇担社会责任

宝宝巴士股份有限公司董事长  唐光宇

承担社会责任是企业高质量发展的应有之义。宝宝巴士始终持续创作优质内容，勇担社会责任，在创造更大社会价值中实现高质量发展。

创作优质内容。作为面向0—8岁儿童研发内容的企业，宝宝巴士秉承“内容即公益，产品即责任”原则，打造互动APP、儿歌动画、国学故事等多元化产品，开发手语动画片、有声绘本等适配性产品，让聋哑与自闭症儿童也能享受内容服务。

关爱特殊群体。近5年来，宝宝巴士持续践行公益理念，向乡村学校捐赠图书等物资超8万件。2025年起，积极参与城乡公益图书馆建设，与妇联、红十字会等机构合作设立专项基金，推动公益行动常态化。

推动教育均衡。针对农村幼师资源少、备课负担重的现实，2019年公司启动“幼师贝壳”项目，系统整合公司旗下200多款APP、4500多集动画及1.6万多期音频资源，并将其转化为体系化、按主题划分的课件与配套资源。截至目前，已累计投入过亿元，服务覆盖全国300余万名幼师。

（本报记者韩鑫整理）

坚持创新驱动  聚焦未来产业

华熙生物科技股份有限公司董事长兼总裁  赵  燕

近年来，华熙生物坚持从科学到技术、从技术到产品、从产品到品牌的发展思路，长期投入基础研究和应用基础研究，推动科技创新与社会价值深度融合。

围绕科技成果转化，华熙生物通过生物制造替代动物源、植物源和石化基来源，推动产业向更安全、更绿色、更可持续方向转型。目前，红景天苷、麦角硫因、透明质酸等生物制造原料，已在生命健康领域得到广泛应用，在衰老干预和组织再生方面，为生命质量的提升发挥积极作用。这背后是华熙生物持续构建的创新研发能力、中试成果转化能力和市场转化能力。目前，公司拥有900余名科研人员，并建成全球规模领先的中试成果转化平台，作为行业基础设施向科研机构和中小企业开放。

当前，生物制造正进入从技术突破走向规模化应用的关键阶段。在绿色低碳转型和生命健康需求持续增长的双重驱动下，行业发展前景广阔。未来，华熙生物将在推动生物制造高质量发展的同时，积极履行企业社会责任，为构建可持续的生命健康产业贡献力量。

（本报记者韩鑫整理）

发挥桥梁作用  服务民营经济

陕西省工商业联合会主席、总商会会长  马玉红

近年来，陕西省创新能级明显提升，新质生产力培育发展取得显著成效。未来，陕西省工商联将和广大民营企业家着力做好如下工作：

一是在发展新质生产力上积极作为。要持续加大研发投入，强化科技创新引领作用。要加快产业升级，推动传统产业向高端化、智能化、数字化方向发展。要有序布局新兴产业和未来产业，打造生物制造、商业航天等重点领域。

二是在完善企业治理上勇于探索。要对标中国特色现代企业制度要求，加快提升企业治理现代化水平。要进一步强化守法自觉，做到尊法守法、遵约守信。要自觉践行亲清政商关系，及时通过工商联平台反映问题诉求。

三是在履行社会责任上展现担当。要牢记产业富民的时代责任，增强促进共同富裕的责任感使命感。要将节能降碳改造作为培育新质生产力的关键抓手，树牢绿色发展理念。要持续构建和谐劳动关系，让发展成果惠及全体员工。

陕西省工商联将一如既往发挥好党委政府联系民营经济人士的桥梁纽带作用、政府管理和服务民营经济的助手作用，全力推动民营经济高质量发展。

（本报记者任筱霞整理）

为高质量发展注入科技创新动能

黑龙江省科学技术厅党组成员、副厅长  韩金华

近年来，黑龙江着力推动以新质生产力赋能高质量发展。

夯实创新根基。2024年黑龙江省全社会研发经费投入达249.6亿元，研发投入强度达到1.51%，较“十三五”末期分别增长44.1%、0.27%。黑龙江省自然科学基金持续支持原始创新，重大平台建设提速，国家级科技创新平台达69个，全国重点实验室增至16家。

聚力关键攻关。围绕构建“4567”现代化产业体系，实施10余个重点领域专项。“十四五”时期部署省重点研发计划项目706项，立项数量较“十三五”时期翻一番。在高端装备、能源动力等领域取得系列突破，七〇三所30兆瓦和40兆瓦级燃气轮机核心性能指标对标同功率等级国际一流产品。

探索转化路径。修订《促进科技成果转化条例》，实施科技成果产业化突破年行动，近三年转化重大科技成果1763项，新增经济效益333.2亿元。建设7个环大学大院大所创新创业生态圈，集聚企业超2200家。设立政府出资的天使投资基金，推动更多科技成果转化为产品、形成产业。

（本报记者任筱霞整理）

铺展绿色足迹  彰显民生温度

华电陕西能源有限公司党委委员、副总经理  张幸福

2021年，华电陕西能源有限公司党委带着“光伏+农业”项目走进陕西汉阴县新华村，为当地农户提供“租金+入股+务工”的多元收益方案。2023年，新华村“渔光互补”项目建成投产，创新采用“板上发电、板下种养”模式，在田埂间架起“阳光银行”，让新华村50多户村民拿到了13.8万元分红。

新华村的变化，是华电陕西公司党委“华电绿秦”行动的生动注脚。

两年来，华电陕西公司党委的绿色足迹穿越山川湖海：在毛乌素沙地，光伏治沙筑起2000亩绿色屏障；在关中平原，屋顶光伏为治污减霾发挥积极作用；在红色老区，柔性支架让果园变身“发电场”。一个个项目在三秦大地书写着能源企业的民生温度与社会责任担当。

未来，华电陕西公司党委还将深入践行中国华电“奉献清洁能源，创造美好生活”的企业使命，持续探索品牌建设与国家战略深度融合新路径，为谱写中国式现代化建设的陕西新篇章贡献力量。

（本报记者王东辉整理）

在追光路上永不停歇

中国能建中电工程新闻中心主任  段贵恒

中国能建作为能源电力建设主力军，不断书写“新能源+”融合发展创新答卷。在云南普洱的咖啡园，为打破传统种植局限，我们将目光投向咖啡园上方的天空：能否通过将光伏板架设在咖啡树上方，板上发电、板下种植，实现一地双收？历经多次技术迭代、场景测试，我们终于找到最优方案，全国首座“咖光互补”电站实现落地。

这样的故事在神州大地不断延展。在浙江青田，“林光互补”培育高品质山茶油“青能油萃”；在广东台山，“渔光互补”重塑黄金海岸；在西藏岗巴，“牧光互补”温暖世界屋脊……我们在多地构建多场景、多地域的绿色能源网络，让一束束“光”照亮边疆荒漠、沿海滩涂、乡村田野。

一块块光伏板铺展美丽画卷，一个个融合样本诠释责任担当。我们始终坚持“创新驱动、做强主业”，努力向科技创新要答案，向综合能源业务要效益，在追光路上永不停歇。

（本报记者王东辉整理）

培养专业人才  服务实体经济

友邦人寿保险有限公司副总经理  张  敏

上海外滩17号，是友邦事业的起点，也是我们与时代脉搏同频共振的见证。几十年来，我们与这片土地共成长，与中国经济社会发展同行。

上世纪90年代，中国金融体系改革稳步推进，而支撑行业高质量发展的精算人才却极为稀缺。面对这一课题，友邦与复旦大学携手，共同创办了“友邦—复旦精算中心”，培养专业人才，为中国金融发展的未来播撒种子。

精算中心从最初几十人的课堂，扩展到与全国多所顶尖高校合作；从一个北美精算师考点，演进为汇聚行业智慧、连接前沿研究的开放平台……当年播下的种子，如今已蔚然成林。

中央经济工作会议强调，“稳步推进制度型开放”“深化外商投资促进体制机制改革”，坚定了我们在中国市场长期发展的信心。友邦将通过培养人才、引入经验、管理长期资金，积极参与夯实金融基础、服务实体经济等，与中国同行一道迈向更加健康、更具韧性的未来。

（本报记者王东辉整理）

从践行到赋能，推动生态圈可持续发展

施耐德电气（中国）有限公司公司事务高级经理  李  斌

“从一粒种子到一片森林”，施耐德电气陕西西安工厂的蝶变，是产业绿色转型的注脚。十几年来，在厂区面积未扩大的情况下，产值实现10倍以上增长、单位能耗降低30%，工厂逐渐成长为“绿色工厂”“零碳工厂”。

目前，施耐德电气已在中国打造了22家“零碳工厂”、15家国家级“绿色工厂”。

除了自身践行，企业还积极赋能生态圈共同迈向可持续发展。2018年以来，助力全球客户减碳7.92亿吨。此外，通过发起供应商“零碳计划”，目前已推动公司的全球前1000家供应商运营层面减碳达53%。

推动可持续发展，还要培育“新种子”。响应“产教融合”号召，施耐德电气致力于构建可持续发展人才的全链条培育体系：走进71所小学开展科普，惠及近6000名青少年；与百余所职校合作，让近10万名学生接触产业实操；联合高校搭建创新竞赛平台，点燃青年绿色创新热情。

（本报记者刘慧整理）

助力乡村学子求学逐梦

中国宝原投资有限公司党委副书记、董事  夏军堂

作为中核集团骨干成员单位，中国宝原直接承担了中核集团“核苗计划”的推进落实工作。“核苗计划”用多年深耕，为乡村学子铺就了追求梦想的阶梯。

自2012年启动“核苗计划”以来，中核集团联合多方构建起“入学—培养—就业”全流程帮扶机制，以四川广元中核职业技术学院为基地，累计投入1300多万元，让784名学子获得免费教育。

帮扶成效在实践中愈发凸显：598名“核苗”已入职中核集团成员单位，成长为能工巧匠、大国工匠；一名学生稳定就业可带动家庭年增收6万至12万元，真正实现“培养一人、帮扶一户”。这份成绩单背后，正是中核集团作为央企的社会责任担当。

连续7年帮扶考核获最高等次、两获全球减贫最佳案例，这份认可激励着中核集团持续发力，深化“核苗计划”与乡村产业的融合，助力更多乡村学子实现梦想。

（本报记者刘慧整理）

点亮乡村全面振兴之路

中国大唐集团有限公司党建工作部主管  魏  然

广西大化瑶族自治县，石山林立，重峦叠嶂，人均耕地不足0.8亩，优秀生源年流失超60%。我们深刻认识到：只有在人才、技能上下功夫，通过教育把年轻一代培养出来、反哺家乡，才能切实巩固拓展脱贫攻坚成果，真正筑牢乡村全面振兴的根基。

教育帮扶“筑梦工程”应运而生——我们携手地方政府，确立三年帮扶目标，通过“发放筑梦三金、组织特色活动、升级基础设施、引入专业力量、提升职高能力”等实实在在的举措，搭建起“五进五出”的帮扶桥梁。如今，报考就读大化高中的本地中考总分成绩A+的学生从84人升至368人；2025年，该校本科上线率达到80.7%，一本上线率近20%，较帮扶前分别大幅提升20%和10%。

中国大唐作为能源央企，不仅守护万家灯火，更在点亮乡村孩子的未来之路。面向未来，中国大唐将把能源报国的使命延伸为教育强国的担当，继续在乡村全面振兴的路上，书写更多梦想绽放的动人篇章。

（本报记者刘慧整理）

用好房子托起安居梦

中绿雄安投资有限公司副总经理  邹  鹏

雄安新区拔地而起的建筑群中，有一处居所被疏解企业职工亲切地称为“心安的归宿”。它就是中国绿发打造的“中绿里”。

立足“未来之城”，我们努力探索如何让建设者实现从“物理迁移”到“情感归属”的跨越。从科研工作者对陪伴家人的渴望，到迁居雄安的家庭对社区配套的期盼，再到青年创业者对便捷生活的诉求，我们走访近300家疏解企业，来自一线的声音共同构成了项目的需求清单。

“15分钟生活圈”内，社区商业中心、幼儿园、诊所等配套服务一应俱全；刚开放的健康生活馆里，设置了恒温泳池、亲子活动区与创业交流空间……我们创新“片区综合开发+精准承接”模式，努力把愿景变为实景。

绿色，是“中绿里”融入雄安的鲜明底色。项目集成装配式建造与海绵城市技术，打造了新区首座“零碳、零能耗”双认证示范楼宇，让绿色低碳的高品质生活触手可及。

中国绿发将继续用“好房子”托起“安居梦”，让每一位建设者都能“落地生根、心安梦稳”，为“未来之城”注入持久的温暖力量。

（本报记者李铁林整理）

以金融创新破解企业难题

交通银行深圳分行公司业务部副总经理  周咏龙

2025年初，中集集团旗下中集来福士成功向荷兰船东交付了海上风电安装船BOREAS，这背后藏着一段金融与企业携手破局的故事。

该船搭载多项领先技术，能显著降低运营碳排放，为行业绿色转型提供了可量化、可复制的技术解决方案。但在项目初期，中集来福士就遭遇了“涉外期限敞口预付款保函”这一专业金融难题。交通银行深圳分行组建团队深度对接，创新采用灵活模式，在严守国际规则的前提下高效完成保函开立工作，为项目解了燃眉之急。

中央金融工作会议强调做好金融“五篇大文章”，绿色金融是其中之一。截至目前，交通银行深圳分行已为中集集团开立3艘风电安装船的预付款保函，均已成功交付，这正是绿色金融精准滴灌实体经济的生动实践。

作为一家拥有百年历史的国有大型银行，交通银行始终牢记“国之大者”，将服务国家战略、支持实体经济作为根本宗旨，未来将继续以金融创新助力实体企业破解转型难题，帮助更多绿色装备从图纸变为现实。

（本报记者李铁林整理）

“小桔灯”照亮10年公益路

国网咸阳供电公司亨通施工保障公司党支部书记  郭恩伟

国网陕西电力深耕10年的“小桔灯”公益品牌，承载着电力人的使命担当，成为企业践行ESG（环境、社会和公司治理）理念的生动注脚。

“小桔灯”公益品牌创立于2015年。2016年，“小桔灯”正式注册成立，以更系统的姿态践行社会责任。“暖心衣橱”在全省率先开创“自选捐赠”新模式，让受助者收获温暖。“暖心玩具馆”中，6.6万件玩具为2.3万个孩子筑起童年港湾。

光伏电站为乡村全面振兴注入绿色动能，“电力爱心教室”的护眼灯照亮孩子们的求知之路……随着电网延伸，“小桔灯”的责任与温暖也抵达了更多地方。

国网陕西电力始终践行“人民电业为人民”的宗旨，以智慧绿电赋能公益前行，以暖心服务守护万家灯火。我们将让“小桔灯”的温暖照亮更多角落，用心写好服务民生的时代答卷。

（本报记者李铁林整理）",,专题,https://paper.people.com.cn/rmrb/pc/content/202601/08/content_30130515.html,2026-01-08,"['创新', '绿色', '本报记者', '发展', '整理', '产业', '融合', '践行', '乡村', '帮扶']","汇聚科教优势  驱动融合发展
陕西省西安市委常委、宣传部部长  仵  江
西安具有深厚的文化底蕴，激荡着创新脉搏，正立足国家发展战略，勇担时代使命，将科教资源优势转化为驱动融合发展的澎湃动能。",政治
宁夏创新开展政协“第二界别”工作,"图①：宁夏回族自治区政协常委范文杰（左一）在青铜峡市跨界别调研残疾人就业情况。资料图片图②：银川市政协委员田连升（后排右一）在社区调研。资料图片图③：中卫市的果蔬大棚内，工作人员在采摘人参果。资料图片
图①：宁夏回族自治区政协常委范文杰（左一）在青铜峡市跨界别调研残疾人就业情况。
资料图片
图②：银川市政协委员田连升（后排右一）在社区调研。
资料图片
图③：中卫市的果蔬大棚内，工作人员在采摘人参果。
资料图片
工厂大门徐徐开启，卡车鱼贯而入，缓缓停靠在厂区冷库前。打开货车挡板，货舱内一筐筐芹菜鲜翠欲滴。
“这里的冷库改成保鲜库，一次能存30多吨芹菜！”施志雄在一旁看在眼里，喜在心头：没想到自己初次“跨界”履职，就取得了成效。
施志雄是宁夏回族自治区吴忠市政协经济界别的委员，也是一名电商企业负责人。2020年开始，宁夏回族自治区政协出台相关制度，鼓励政协委员们在保持原有界别不变的基础上，根据个人精力和专业特长新增“第二界别”开展调研履职。2025年，施志雄将农业界别作为“第二界别”，多次参加活动。
近期跟随农业界别的一次下乡调研中，他了解到，吴忠市各地的大棚蔬菜已进入高产期，但各村所建保鲜库储量有限。“市里乳制品加工厂的冷库近期有很多闲置，稍作改装就能当蔬菜保鲜库！”施志雄根据自己的了解给出对策，为当地大棚蔬菜的收储解了燃眉之急。
“跨界”提升了政协委员的履职效能，为化民忧、解难题搭建了桥梁。在自治区政协，已有过半政协委员选择“第二界别”，在各个市级政协，也有三成至六成的政协委员选择了“第二界别”。“跨界”履职，成为委员们拓宽视野、建言献策的又一路径。
拓宽视野，增强履职本领
一次“跨界”调研，让苦苦思寻的李顺琴茅塞顿开。
李顺琴是银川市政协教育界别的委员，同时也是一名中学教师。2024年，她计划撰写提案，呼吁在学生教育中引导家庭更好发挥作用。写到具体建议时，她犯了难：如何才能给出有操作性的对策呢？
“第二界别”的调研活动为她打开了思路：她跟随社会和法制界别进社区调研，在与社区网格员交流中，网格化管理的举措让她耳目一新。
“在网格登记中加入学生的在校情况，就能方便专家进社区对相关家庭进行分类指导。”受到启发的李顺琴，在提案中给出了“将社区管理和家庭教育相结合”的建议，并结合社区管理实际，提出诸多操作细则。最终，这份关于加强社区家长教育服务的提案，成为银川市政协的精品提案。
2025年以来，经银川市教育局等部门推动，提案中的建议内容被逐项纳入到社区治理工作中：有社区开始试点建立未成年居民教育台账，还有社区为家长开通教育专家咨询热线……“参加‘第二界别’活动，打破了界别界限，对激发委员履职活力、更好发挥委员联系群众作用有着重要意义。”李顺琴表示。
“第二界别”拓宽委员视野，“跨界”履职赋予全局思维。在宁夏各级政协，委员们普遍意识到，“第二界别”已成为扩展思路、破解难题的有效渠道。“履职要敢于‘跨界’，既要关心自己熟悉的领域，也要普遍关心科技、民生等话题。”自治区政协常委顾长虹表示，政协议政建言的职责，要求委员们“眼观六路、耳听八方”，将目光投向社会各层面、各领域，并通过“第二界别”实现新的成长，提升履职能力。
“跨界”产生积极成效，各级政协纷纷跟进。在宁夏，各级政协委员通过“第二界别”，了解到生态环保、社区治理等各个领域的前沿动态。以自治区政协和银川市政协为例，2025年以来选择“第二界别”的委员分别达200多名和150多名。
“‘跨界’为有余力、有能力的政协委员扩展了履职渠道，议政建言水平得到有效提高。”银川市政协主席魏和清介绍，近年来，银川市政协各类协商报告的指向性、可行性均有提升，这和“第二界别”制度的有效实施密不可分。
“跨界引智”，提升建言质量
前段时间，中卫市的冬季蔬菜大棚进入丰产期。同时，大棚高昂的维护费用成为不少农户的心病。
“智能温棚的一些配件老化很快，更换价格高，能不能想法子节约成本？”自治区政协农业界别近期组织下乡调研时，不少农户、合作社向政协委员们倒起了苦水。
自治区政协科技界别的委员周永兴，正好“跨界”参加此次调研。多年从事高端制造业的周永兴，细致查看了多处智能温棚后，提出了自己的见解：智能温棚好比是工业流水线，若能根据温棚种植的农产品品种，对运行流程进行科学设计或再造，将大幅降低设施维护成本。
该设想很快得到验证——在自治区政协的联络帮助下，一家科研机构免费为当地两个村的智能温棚优化了技术布局和生产流程，经过半个月运行，维护费用下降了三成以上。两个村的成功试点，让周永兴振奋不已。他呼吁将“再造流程”的经验在自治区几个大棚蔬菜产销大市推广。
“政协委员对于选择的‘第二界别’，基本都具备一定的专业知识。”时任自治区政协教科卫体委员会办公室主任的张嵩表示，参与“第二界别”工作要求政协委员不能只看热闹，而要做到“不说外行话，不做外行事，看得出问题，讲得出观点，提得出对策”。
“第二界别”工作机制促进专家型委员同自己熟悉的领域进行有效互动，达到“跨界引智”的作用。相关领域的问题能及时吸纳“界外”委员的建议，集中各方面智慧，政协的人才密集优势得到充分发挥。
傍晚，银川市第九中学的学校操场，三三两两的市民绕着圈跑步。操场角落的羽毛球场地灯火通明，市民正奋力挥拍。“体育场区和教学区是隔开的，场地在傍晚和节假日向市民开放，不会影响教学。”家住附近的市民刘英说，自从向社会开放以来，这里很快成为附近居民运动健身的好地方。
“互通、互融、互补，以实现更加精准的建言献策。”银川市政协社会和法制界别的委员徐宝如此评价“第二界别”的作用。他将教育界别选为“第二界别”后，在调研中发现，很多学校不向社会开放体育馆，是因为害怕承担风险。
在多家学校蹲点调研后，徐宝建议引入保险公司和第三方巡查，推动校园体育场馆向社会开放。最终，银川市发布进一步推动全市中小学校体育场馆向社会开放的通知，采纳了徐宝的多项建议。
完善机制，保障“跨界”效能
“我选择科技作为‘第二界别’，这个月的调研和讨论活动有哪些安排？”自治区科技界别委员工作室的电话响起，自治区政协农业界别的委员刘彩凤打来电话——身为畜牧业专家的她，很期待和科技界别的委员们交流近期的畜牧科技进展。
从2020年起，自治区政协科技、教育、医药卫生等界别设立的界别委员工作室，发挥沟通、联络作用，成为界别委员的“娘家”，同时也成为委员们从事“第二界别”活动的阵地。
“界别委员工作室可以让委员们更多地就专业性问题与专门部门直接协商交流，也方便了‘第二界别’活动的开展。”刘彩凤表示，“跨界”委员与职能部门之间难免存在信息不对称的情况，通过工作室定期收集、整理相关情况，有利于更加高效地“跨界”履职。同时，界别委员工作室还常围绕热点需求为“跨界”委员“出题”，主动邀请“跨界”委员参与协商讨论和调研活动。
“人才公寓政策要增加吸引力，公寓位置、环境和硬件配套要跟上”“高校的研究方向要和本地特色产业相结合”……在银川市“铁文玲委员会客室”，多名来自教育、经济等界别的政协委员各抒己见。
作为银川市政协经济界别的委员，铁文玲2023年成立了这处会客室。如何吸引更多的银川高校毕业生留在本地？她请来教育等界别的委员一起讨论，融合各界建议，交出一份内容翔实的提案。其中打造“拎包入住”人才驿站等建议被纳入相关专项行动配套政策清单。
目前，宁夏各级政协已成立共计70余个“委员会客室”——这个由1名政协委员牵头、多名政协委员组成的工作团队，成为学习交流、联系群众的新纽带。各个“委员会客室”到田间地头、厂房车间、社区乡村，为界别群众提供政策宣讲、专业知识传播、困难帮扶等服务，同时针对界别群众反映的问题，形成提案和社情民意信息，成为“跨界”委员履职的又一个高效平台。
自治区政协办公厅委员联络工作室工作人员赵欣介绍，政协委员履职以“第一界别”为主，“跨界”活动情况及考核由“第二界别”记录并转其本来所在的界别。
在宁夏各地，政协委员“跨界”履职正走向机制化、精准化。以银川为例，该市政协已明确了跨界别活动内容、流程、方式和考核等，同时，组织各专委会定期梳理以界别开展的调研、协商议政活动，并通过网站、公众号发布，使政协委员充分了解各界别活动计划。“目前，‘第二界别’工作搭建起以提案为载体、以调研为途径的综合履职平台，越来越有助于政协委员扩大参与面、提升建言献策精准度。”赵欣说。","# 宁夏创新开展政协“第二界别”工作

> 本报记者  徐元锋  张  文《人民日报》（2026年01月08日第 18 版）

图①：宁夏回族自治区政协常委范文杰（左一）在青铜峡市跨界别调研残疾人就业情况。　　资料图片　　图②：银川市政协委员田连升（后排右一）在社区调研。　　资料图片　　图③：中卫市的果蔬大棚内，工作人员在采摘人参果。　　资料图片

图①：宁夏回族自治区政协常委范文杰（左一）在青铜峡市跨界别调研残疾人就业情况。

资料图片

图②：银川市政协委员田连升（后排右一）在社区调研。

资料图片

图③：中卫市的果蔬大棚内，工作人员在采摘人参果。

资料图片

工厂大门徐徐开启，卡车鱼贯而入，缓缓停靠在厂区冷库前。打开货车挡板，货舱内一筐筐芹菜鲜翠欲滴。

“这里的冷库改成保鲜库，一次能存30多吨芹菜！”施志雄在一旁看在眼里，喜在心头：没想到自己初次“跨界”履职，就取得了成效。

施志雄是宁夏回族自治区吴忠市政协经济界别的委员，也是一名电商企业负责人。2020年开始，宁夏回族自治区政协出台相关制度，鼓励政协委员们在保持原有界别不变的基础上，根据个人精力和专业特长新增“第二界别”开展调研履职。2025年，施志雄将农业界别作为“第二界别”，多次参加活动。

近期跟随农业界别的一次下乡调研中，他了解到，吴忠市各地的大棚蔬菜已进入高产期，但各村所建保鲜库储量有限。“市里乳制品加工厂的冷库近期有很多闲置，稍作改装就能当蔬菜保鲜库！”施志雄根据自己的了解给出对策，为当地大棚蔬菜的收储解了燃眉之急。

“跨界”提升了政协委员的履职效能，为化民忧、解难题搭建了桥梁。在自治区政协，已有过半政协委员选择“第二界别”，在各个市级政协，也有三成至六成的政协委员选择了“第二界别”。“跨界”履职，成为委员们拓宽视野、建言献策的又一路径。

拓宽视野，增强履职本领

一次“跨界”调研，让苦苦思寻的李顺琴茅塞顿开。

李顺琴是银川市政协教育界别的委员，同时也是一名中学教师。2024年，她计划撰写提案，呼吁在学生教育中引导家庭更好发挥作用。写到具体建议时，她犯了难：如何才能给出有操作性的对策呢？

“第二界别”的调研活动为她打开了思路：她跟随社会和法制界别进社区调研，在与社区网格员交流中，网格化管理的举措让她耳目一新。

“在网格登记中加入学生的在校情况，就能方便专家进社区对相关家庭进行分类指导。”受到启发的李顺琴，在提案中给出了“将社区管理和家庭教育相结合”的建议，并结合社区管理实际，提出诸多操作细则。最终，这份关于加强社区家长教育服务的提案，成为银川市政协的精品提案。

2025年以来，经银川市教育局等部门推动，提案中的建议内容被逐项纳入到社区治理工作中：有社区开始试点建立未成年居民教育台账，还有社区为家长开通教育专家咨询热线……“参加‘第二界别’活动，打破了界别界限，对激发委员履职活力、更好发挥委员联系群众作用有着重要意义。”李顺琴表示。

“第二界别”拓宽委员视野，“跨界”履职赋予全局思维。在宁夏各级政协，委员们普遍意识到，“第二界别”已成为扩展思路、破解难题的有效渠道。“履职要敢于‘跨界’，既要关心自己熟悉的领域，也要普遍关心科技、民生等话题。”自治区政协常委顾长虹表示，政协议政建言的职责，要求委员们“眼观六路、耳听八方”，将目光投向社会各层面、各领域，并通过“第二界别”实现新的成长，提升履职能力。

“跨界”产生积极成效，各级政协纷纷跟进。在宁夏，各级政协委员通过“第二界别”，了解到生态环保、社区治理等各个领域的前沿动态。以自治区政协和银川市政协为例，2025年以来选择“第二界别”的委员分别达200多名和150多名。

“‘跨界’为有余力、有能力的政协委员扩展了履职渠道，议政建言水平得到有效提高。”银川市政协主席魏和清介绍，近年来，银川市政协各类协商报告的指向性、可行性均有提升，这和“第二界别”制度的有效实施密不可分。

“跨界引智”，提升建言质量

前段时间，中卫市的冬季蔬菜大棚进入丰产期。同时，大棚高昂的维护费用成为不少农户的心病。

“智能温棚的一些配件老化很快，更换价格高，能不能想法子节约成本？”自治区政协农业界别近期组织下乡调研时，不少农户、合作社向政协委员们倒起了苦水。

自治区政协科技界别的委员周永兴，正好“跨界”参加此次调研。多年从事高端制造业的周永兴，细致查看了多处智能温棚后，提出了自己的见解：智能温棚好比是工业流水线，若能根据温棚种植的农产品品种，对运行流程进行科学设计或再造，将大幅降低设施维护成本。

该设想很快得到验证——在自治区政协的联络帮助下，一家科研机构免费为当地两个村的智能温棚优化了技术布局和生产流程，经过半个月运行，维护费用下降了三成以上。两个村的成功试点，让周永兴振奋不已。他呼吁将“再造流程”的经验在自治区几个大棚蔬菜产销大市推广。

“政协委员对于选择的‘第二界别’，基本都具备一定的专业知识。”时任自治区政协教科卫体委员会办公室主任的张嵩表示，参与“第二界别”工作要求政协委员不能只看热闹，而要做到“不说外行话，不做外行事，看得出问题，讲得出观点，提得出对策”。

“第二界别”工作机制促进专家型委员同自己熟悉的领域进行有效互动，达到“跨界引智”的作用。相关领域的问题能及时吸纳“界外”委员的建议，集中各方面智慧，政协的人才密集优势得到充分发挥。

傍晚，银川市第九中学的学校操场，三三两两的市民绕着圈跑步。操场角落的羽毛球场地灯火通明，市民正奋力挥拍。“体育场区和教学区是隔开的，场地在傍晚和节假日向市民开放，不会影响教学。”家住附近的市民刘英说，自从向社会开放以来，这里很快成为附近居民运动健身的好地方。

“互通、互融、互补，以实现更加精准的建言献策。”银川市政协社会和法制界别的委员徐宝如此评价“第二界别”的作用。他将教育界别选为“第二界别”后，在调研中发现，很多学校不向社会开放体育馆，是因为害怕承担风险。

在多家学校蹲点调研后，徐宝建议引入保险公司和第三方巡查，推动校园体育场馆向社会开放。最终，银川市发布进一步推动全市中小学校体育场馆向社会开放的通知，采纳了徐宝的多项建议。

完善机制，保障“跨界”效能

“我选择科技作为‘第二界别’，这个月的调研和讨论活动有哪些安排？”自治区科技界别委员工作室的电话响起，自治区政协农业界别的委员刘彩凤打来电话——身为畜牧业专家的她，很期待和科技界别的委员们交流近期的畜牧科技进展。

从2020年起，自治区政协科技、教育、医药卫生等界别设立的界别委员工作室，发挥沟通、联络作用，成为界别委员的“娘家”，同时也成为委员们从事“第二界别”活动的阵地。

“界别委员工作室可以让委员们更多地就专业性问题与专门部门直接协商交流，也方便了‘第二界别’活动的开展。”刘彩凤表示，“跨界”委员与职能部门之间难免存在信息不对称的情况，通过工作室定期收集、整理相关情况，有利于更加高效地“跨界”履职。同时，界别委员工作室还常围绕热点需求为“跨界”委员“出题”，主动邀请“跨界”委员参与协商讨论和调研活动。

“人才公寓政策要增加吸引力，公寓位置、环境和硬件配套要跟上”“高校的研究方向要和本地特色产业相结合”……在银川市“铁文玲委员会客室”，多名来自教育、经济等界别的政协委员各抒己见。

作为银川市政协经济界别的委员，铁文玲2023年成立了这处会客室。如何吸引更多的银川高校毕业生留在本地？她请来教育等界别的委员一起讨论，融合各界建议，交出一份内容翔实的提案。其中打造“拎包入住”人才驿站等建议被纳入相关专项行动配套政策清单。

目前，宁夏各级政协已成立共计70余个“委员会客室”——这个由1名政协委员牵头、多名政协委员组成的工作团队，成为学习交流、联系群众的新纽带。各个“委员会客室”到田间地头、厂房车间、社区乡村，为界别群众提供政策宣讲、专业知识传播、困难帮扶等服务，同时针对界别群众反映的问题，形成提案和社情民意信息，成为“跨界”委员履职的又一个高效平台。

自治区政协办公厅委员联络工作室工作人员赵欣介绍，政协委员履职以“第一界别”为主，“跨界”活动情况及考核由“第二界别”记录并转其本来所在的界别。

在宁夏各地，政协委员“跨界”履职正走向机制化、精准化。以银川为例，该市政协已明确了跨界别活动内容、流程、方式和考核等，同时，组织各专委会定期梳理以界别开展的调研、协商议政活动，并通过网站、公众号发布，使政协委员充分了解各界别活动计划。“目前，‘第二界别’工作搭建起以提案为载体、以调研为途径的综合履职平台，越来越有助于政协委员扩大参与面、提升建言献策精准度。”赵欣说。",徐元锋  张  文,民主政治,https://paper.people.com.cn/rmrb/pc/content/202601/08/content_30130528.html,2026-01-08,"['界别', '政协', '跨界', '委员', '政协委员', '履职', '银川市', '第二', '调研', '自治区']","图①：宁夏回族自治区政协常委范文杰（左一）在青铜峡市跨界别调研残疾人就业情况。资料图片图②：银川市政协委员田连升（后排右一）在社区调研。资料图片图③：中卫市的果蔬大棚内，工作人员在采摘人参果。资料图片
图①：宁夏回族自治区政协常委范文杰（左一）在青铜峡市跨界别调研残疾人就业情况。
资料图片",政治
投资于人，激活动能（建言）,"现代化的本质是人的现代化。“十五五”规划建议明确提出“投资于物和投资于人紧密结合”，这既为未来我国现代化建设锚定了方向，也让发展承载起更加显著的民生温度。
投资于物，长期以来对我国经济持续快速发展发挥了重要作用，基础设施、房屋建筑、机器设备等实物资产投资夯实了经济社会发展的物质技术基础。投资于人，则更加注重将资金资源转向人的需求满足、能力提升与价值实现，既是对“民生为大”理念的生动践行，也能形成撬动高质量发展的重要杠杆。当前，全球创新格局加速重构，人才质量和创新能力的竞争十分激烈；我国则面临着劳动力结构调整、科技革命与产业变革深入发展等多重挑战。在此背景下，投资于物和投资于人紧密结合，是应对时代挑战、把握发展机遇的重要举措。
投资于人，就是投资未来。一方面，提升人的知识素养、技能水平、健康状况和保障能力，有助于将人力资源转化为可持续增值的人力资本。另一方面，加大对教育、医疗、养老等投资，有利于保障和改善民生、实现高品质生活、推动全体人民共同富裕。为此建议，以财税政策为抓手，加大系统性“人”的投资，推动高质量发展。
优化支出结构，加大民生领域精准投入。持续提高民生类政府投资比重，重点加大对生育养育、教育医疗、职业培训、普惠养老、文化体育等领域的公共投入。在教育领域，向职业技能培训等关键领域倾斜；在医疗健康领域，优化城乡医疗资源配置，通过财政转移支付加大对农村和基层医疗的支持力度，减轻居民医保缴费负担，提升基本医疗服务质量；在生育支持和养老领域，优化安排生育补贴和普惠托幼服务资金，加大对普惠养老机构的财税扶持，缓解人口老龄化压力。
创新激励政策，引导社会资本参与投资于人。针对全面保障和改善民生所需的巨额投资，不仅需要财政投入，还需充分激发各类经营主体的活力和积极性。建议出台差异化财税优惠政策，对参与育幼、养老、职业培训、健康服务等民生领域的企业，给予适度增值税、企业所得税减免；对投资于人力资本开发的创业投资企业、股权投资基金，给予相关税收优惠。优化政府购买服务机制，通过市场化方式引导社会力量提供高质量民生服务，建设“财政引导、社会参与、市场运作”的多元投入格局。
完善收入分配调节，夯实投资于人制度基础。收入分配是民生之源，也是投资于人的重要保障。建议通过财税政策引导企业落实职工工资正常增长机制，保障多劳者多得、技高者多得、创新者多得。进一步优化个人所得税制度，完善综合与分类相结合的个税体系，合理调整税率结构。强化专项税收优惠，鼓励个人自主进行技能培训、健康保健等方面的投资。
强化政策协同，推动投资于人与投资于物深度融合。通过税收优惠、财政补贴等方式，引导物质资本投资向人力资本密集型产业倾斜，推动产业升级和人力资本积累良性互动。例如，对制造业企业给予组合式财税优惠，鼓励其在引进先进设备、进行技术改造的同时，加大对职工技能培训的投入；对基础设施投资项目，注重其带动就业、促进区域人力资本流动的作用，将就业拉动、技能提升等作为项目审批和财税支持的重要考量因素。通过政策协同，形成投资于物夯实基础、投资于人激活动能的良性循环。
（作者为全国政协常委、中国企业财务管理协会会长，本报记者刘博通采访整理）","# 投资于人，激活动能（建言）

> 张连起《人民日报》（2026年01月08日第 18 版）

现代化的本质是人的现代化。“十五五”规划建议明确提出“投资于物和投资于人紧密结合”，这既为未来我国现代化建设锚定了方向，也让发展承载起更加显著的民生温度。

投资于物，长期以来对我国经济持续快速发展发挥了重要作用，基础设施、房屋建筑、机器设备等实物资产投资夯实了经济社会发展的物质技术基础。投资于人，则更加注重将资金资源转向人的需求满足、能力提升与价值实现，既是对“民生为大”理念的生动践行，也能形成撬动高质量发展的重要杠杆。当前，全球创新格局加速重构，人才质量和创新能力的竞争十分激烈；我国则面临着劳动力结构调整、科技革命与产业变革深入发展等多重挑战。在此背景下，投资于物和投资于人紧密结合，是应对时代挑战、把握发展机遇的重要举措。

投资于人，就是投资未来。一方面，提升人的知识素养、技能水平、健康状况和保障能力，有助于将人力资源转化为可持续增值的人力资本。另一方面，加大对教育、医疗、养老等投资，有利于保障和改善民生、实现高品质生活、推动全体人民共同富裕。为此建议，以财税政策为抓手，加大系统性“人”的投资，推动高质量发展。

优化支出结构，加大民生领域精准投入。持续提高民生类政府投资比重，重点加大对生育养育、教育医疗、职业培训、普惠养老、文化体育等领域的公共投入。在教育领域，向职业技能培训等关键领域倾斜；在医疗健康领域，优化城乡医疗资源配置，通过财政转移支付加大对农村和基层医疗的支持力度，减轻居民医保缴费负担，提升基本医疗服务质量；在生育支持和养老领域，优化安排生育补贴和普惠托幼服务资金，加大对普惠养老机构的财税扶持，缓解人口老龄化压力。

创新激励政策，引导社会资本参与投资于人。针对全面保障和改善民生所需的巨额投资，不仅需要财政投入，还需充分激发各类经营主体的活力和积极性。建议出台差异化财税优惠政策，对参与育幼、养老、职业培训、健康服务等民生领域的企业，给予适度增值税、企业所得税减免；对投资于人力资本开发的创业投资企业、股权投资基金，给予相关税收优惠。优化政府购买服务机制，通过市场化方式引导社会力量提供高质量民生服务，建设“财政引导、社会参与、市场运作”的多元投入格局。

完善收入分配调节，夯实投资于人制度基础。收入分配是民生之源，也是投资于人的重要保障。建议通过财税政策引导企业落实职工工资正常增长机制，保障多劳者多得、技高者多得、创新者多得。进一步优化个人所得税制度，完善综合与分类相结合的个税体系，合理调整税率结构。强化专项税收优惠，鼓励个人自主进行技能培训、健康保健等方面的投资。

强化政策协同，推动投资于人与投资于物深度融合。通过税收优惠、财政补贴等方式，引导物质资本投资向人力资本密集型产业倾斜，推动产业升级和人力资本积累良性互动。例如，对制造业企业给予组合式财税优惠，鼓励其在引进先进设备、进行技术改造的同时，加大对职工技能培训的投入；对基础设施投资项目，注重其带动就业、促进区域人力资本流动的作用，将就业拉动、技能提升等作为项目审批和财税支持的重要考量因素。通过政策协同，形成投资于物夯实基础、投资于人激活动能的良性循环。

（作者为全国政协常委、中国企业财务管理协会会长，本报记者刘博通采访整理）",张连起,民主政治,https://paper.people.com.cn/rmrb/pc/content/202601/08/content_30130529.html,2026-01-08,"['投资', '民生', '于物', '财税', '加大', '养老', '医疗', '人力资本', '优化', '引导']","现代化的本质是人的现代化。“十五五”规划建议明确提出“投资于物和投资于人紧密结合”，这既为未来我国现代化建设锚定了方向，也让发展承载起更加显著的民生温度。
投资于物，长期以来对我国经济持续快速发展发挥了重要作用，基础设施、房屋建筑、机器设备等实物资产投资夯实了经济社会发展的物质技术基础。投资于人，则更加注重将资金资源转向人的需求满足、能力提升与价值实现，既是对“民生为大”理念的生动践行，也能形成撬动高质量发展的重要杠杆。当前，全球创新格局加速重构，人才质量和创新能力的竞争十分激烈；我国则面临着劳动力结构调整、科技革命与产业变革深入发展等多重挑战。在此背景下，投资于物和投资于人紧密结合，是应对时代挑战、把握发展机遇的重要举措。
投资于人，就是投资未来。一方面，提升人的知识素养、技能水平、健康状况和保障能力，有助于将人力资源转化为可持续增值的人力资本。另一方面，加大对教育、医疗、养老等投资，有利于保障和改善民生、实现高品质生活、推动全体人民共同富裕。为此建议，以财税政策为抓手，加大系统性“人”的投资，推动高质量发展。",政治
推动人工智能与高等教育深度融合（提案提要）,"提案人：民盟中央
案由：高等教育是一个国家发展水平和发展潜力的重要标志，是教育、科技、人才“三位一体”融合发展的重要结合点。随着新一代数字技术的迅猛发展，我国高等教育面临着智能转型的新要求，人工智能与高等教育的融合发展面临诸多挑战，如约束机制滞后引发法律和伦理风险、资源配置失衡影响教育公平、传统教育模式掣肘人才培养、数据依赖导致管理效能欠佳等。
建议：完善法律与伦理双重规制机制。一方面，加强顶层设计，完善相关法律法规，设立严格的数据安全管理制度，保障教育大数据的安全存储、传输和使用，确保在保护数据安全和个人隐私的前提下，推动人工智能技术在教育领域的合理应用。另一方面，开展人工智能教育伦理问题研究，进一步优化现有伦理规范，细化科技伦理规范内涵，确保伦理规范的可操作性。
共建共享智能教育资源。一方面，通过数字教育试点，推动国家平台全域全员全过程应用，建立开放的教育资源库，促进教育资源的流通和共享；利用人工智能实现教育资源的智能推荐与个性化匹配，促进优质资源均衡分布。另一方面，鼓励社会力量参与教育资源共建共享，共同推动教育资源的智能化转型与普及应用。
建立健全人才培养体系。加强高校人工智能相关专业的建设，包括课程设置、教材开发和教学方法创新等，重点培养专业人才。制定政策支持人工智能人才的培养。构建包含教学质量、学生发展、师资水平等在内的多维度人工智能教育评价体系，定期开展效果评估和反馈改进。
构建多元管理支持系统。构建多元主体协作共治模式，让教育管理者、教师、学生和其他利益相关者共同参与到教育决策和管理中，避免在高校管理中产生算法偏见。引入人际关系、沟通技巧和情感智力等相关课程，定期组织各种社交活动，为学生提供心理咨询和相关服务等，帮助学生在真实的社交环境中建立联系。
（文  通整理）","# 推动人工智能与高等教育深度融合（提案提要）

> 《人民日报》（2026年01月08日第 18 版）

提案人：民盟中央

案由：高等教育是一个国家发展水平和发展潜力的重要标志，是教育、科技、人才“三位一体”融合发展的重要结合点。随着新一代数字技术的迅猛发展，我国高等教育面临着智能转型的新要求，人工智能与高等教育的融合发展面临诸多挑战，如约束机制滞后引发法律和伦理风险、资源配置失衡影响教育公平、传统教育模式掣肘人才培养、数据依赖导致管理效能欠佳等。

建议：完善法律与伦理双重规制机制。一方面，加强顶层设计，完善相关法律法规，设立严格的数据安全管理制度，保障教育大数据的安全存储、传输和使用，确保在保护数据安全和个人隐私的前提下，推动人工智能技术在教育领域的合理应用。另一方面，开展人工智能教育伦理问题研究，进一步优化现有伦理规范，细化科技伦理规范内涵，确保伦理规范的可操作性。

共建共享智能教育资源。一方面，通过数字教育试点，推动国家平台全域全员全过程应用，建立开放的教育资源库，促进教育资源的流通和共享；利用人工智能实现教育资源的智能推荐与个性化匹配，促进优质资源均衡分布。另一方面，鼓励社会力量参与教育资源共建共享，共同推动教育资源的智能化转型与普及应用。

建立健全人才培养体系。加强高校人工智能相关专业的建设，包括课程设置、教材开发和教学方法创新等，重点培养专业人才。制定政策支持人工智能人才的培养。构建包含教学质量、学生发展、师资水平等在内的多维度人工智能教育评价体系，定期开展效果评估和反馈改进。

构建多元管理支持系统。构建多元主体协作共治模式，让教育管理者、教师、学生和其他利益相关者共同参与到教育决策和管理中，避免在高校管理中产生算法偏见。引入人际关系、沟通技巧和情感智力等相关课程，定期组织各种社交活动，为学生提供心理咨询和相关服务等，帮助学生在真实的社交环境中建立联系。

（文  通整理）",,民主政治,https://paper.people.com.cn/rmrb/pc/content/202601/08/content_30130530.html,2026-01-08,"['人工智能', '教育', '教育资源', '伦理', '高等教育', '共享', '数据安全', '学生', '构建', '融合']","提案人：民盟中央
案由：高等教育是一个国家发展水平和发展潜力的重要标志，是教育、科技、人才“三位一体”融合发展的重要结合点。随着新一代数字技术的迅猛发展，我国高等教育面临着智能转型的新要求，人工智能与高等教育的融合发展面临诸多挑战，如约束机制滞后引发法律和伦理风险、资源配置失衡影响教育公平、传统教育模式掣肘人才培养、数据依赖导致管理效能欠佳等。
建议：完善法律与伦理双重规制机制。一方面，加强顶层设计，完善相关法律法规，设立严格的数据安全管理制度，保障教育大数据的安全存储、传输和使用，确保在保护数据安全和个人隐私的前提下，推动人工智能技术在教育领域的合理应用。另一方面，开展人工智能教育伦理问题研究，进一步优化现有伦理规范，细化科技伦理规范内涵，确保伦理规范的可操作性。",政治
守护“平安”这张亮丽国家名片（法治头条）,"“海东青”骑警队骑警在内蒙古呼伦贝尔市陈巴尔虎旗的雪原上巡逻。新华社记者  马金瑞摄
“海东青”骑警队骑警在内蒙古呼伦贝尔市陈巴尔虎旗的雪原上巡逻。
新华社记者  马金瑞摄
我们即将迎来第六个中国人民警察节。人民警察这支和平年代牺牲最多、奉献最大的队伍，始终以“对党忠诚、服务人民、执法公正、纪律严明”为誓言，忠诚履行职责，勇于担当作为，甘于牺牲奉献，为国家安全、社会安定、人民安宁筑起了坚不可摧的铜墙铁壁。
铸牢忠诚警魂，不忘为民初心。在人民公安的发祥地江西瑞金，全国公安系统二级英雄模范徐东华作为烈士后代，传承红色基因，为保护群众勇斗歹徒：“这是一名人民警察的职责所在。”新疆轮台县塔尔拉克乡派出所教导员居麦·阿卜力孜，扎根戈壁腹地十七载，将警民联系卡挨家挨户贴到村民家门上，只为群众遇到困难能找到民警。从福建龙岩古田派出所民警的“驻村夜访”，到陕西延安枣园派出所“张思德巡逻队”的联防联控，人民警察始终把根扎在人民群众当中，用脚步丈量民情，用真心化解民忧，让“人民公安为人民”的庄严承诺穿越时空、历久弥坚。
以担当诠释使命，用奉献践行誓言。一次次雷霆出击，一项项专项行动，人民警察坚决严惩犯罪，始终保持对危害公共安全、电信网络诈骗、毒品犯罪等各类违法犯罪严打高压态势。一次次挺身而出，一次次舍生忘死，人民警察永远将守护家国平安、百姓幸福放在首位。面对肇事司机暴力闯卡，湖北武汉市公安局江夏区分局交通管理大队民警蒋仲超奋力制服歹徒，生命永远定格在了那一刻；面对不法分子，云南瑞丽边境管理大队移民管理警察锁文涛毫不畏惧，殊死搏斗中将其死死钳制住；为了确保国家的安全和利益，国安干警义无反顾深入虎穴，将个人安危置之度外……新中国成立以来，全国仅公安机关就有1.7万余名民警因公牺牲，3700余人被评为烈士，他们用鲜血与生命守护着万家灯火。
与时俱进锤炼铁军，全力筑牢安全屏障。当前，面对新形势新任务，人民警察队伍不断深入推进改革，治安防控、服务人民的水平迈上新台阶。天津社区民警朱新琪借助大数据警务群，1小时内找回走失的阿尔茨海默病患者；湖北恩施推行“两队一室”改革，8小时破获电动摩托车盗窃案，让群众切实感受到“出警更快、服务更优”；贵州金沙公安构建无人机“智慧大脑”，以“空地一体”护校新模式，保障孩子上下学安全。从“指尖警务”到“警+N”社区模式，从破案攻坚到服务群众，人民警察锐意改革、勇于创新，不断提升实战质效，守护着“平安”这张亮丽的国家名片。
警徽映初心，热血护平安。习近平总书记指出，实践证明，我国人民警察是一支党和人民完全可以信赖的有坚强战斗力的队伍。在第六个中国人民警察节到来之际，让我们向每一位坚守岗位的人民警察致以最崇高的敬意。愿这枚熠熠警徽，永远见证忠诚与担当；愿这份为民初心，始终照亮前行的道路，人民警察为建设更高水平的平安中国、法治中国作出新的更大贡献！","# 守护“平安”这张亮丽国家名片（法治头条）

> 张天培《人民日报》（2026年01月08日第 19 版）

“海东青”骑警队骑警在内蒙古呼伦贝尔市陈巴尔虎旗的雪原上巡逻。　　新华社记者  马金瑞摄

“海东青”骑警队骑警在内蒙古呼伦贝尔市陈巴尔虎旗的雪原上巡逻。

新华社记者  马金瑞摄

我们即将迎来第六个中国人民警察节。人民警察这支和平年代牺牲最多、奉献最大的队伍，始终以“对党忠诚、服务人民、执法公正、纪律严明”为誓言，忠诚履行职责，勇于担当作为，甘于牺牲奉献，为国家安全、社会安定、人民安宁筑起了坚不可摧的铜墙铁壁。

铸牢忠诚警魂，不忘为民初心。在人民公安的发祥地江西瑞金，全国公安系统二级英雄模范徐东华作为烈士后代，传承红色基因，为保护群众勇斗歹徒：“这是一名人民警察的职责所在。”新疆轮台县塔尔拉克乡派出所教导员居麦·阿卜力孜，扎根戈壁腹地十七载，将警民联系卡挨家挨户贴到村民家门上，只为群众遇到困难能找到民警。从福建龙岩古田派出所民警的“驻村夜访”，到陕西延安枣园派出所“张思德巡逻队”的联防联控，人民警察始终把根扎在人民群众当中，用脚步丈量民情，用真心化解民忧，让“人民公安为人民”的庄严承诺穿越时空、历久弥坚。

以担当诠释使命，用奉献践行誓言。一次次雷霆出击，一项项专项行动，人民警察坚决严惩犯罪，始终保持对危害公共安全、电信网络诈骗、毒品犯罪等各类违法犯罪严打高压态势。一次次挺身而出，一次次舍生忘死，人民警察永远将守护家国平安、百姓幸福放在首位。面对肇事司机暴力闯卡，湖北武汉市公安局江夏区分局交通管理大队民警蒋仲超奋力制服歹徒，生命永远定格在了那一刻；面对不法分子，云南瑞丽边境管理大队移民管理警察锁文涛毫不畏惧，殊死搏斗中将其死死钳制住；为了确保国家的安全和利益，国安干警义无反顾深入虎穴，将个人安危置之度外……新中国成立以来，全国仅公安机关就有1.7万余名民警因公牺牲，3700余人被评为烈士，他们用鲜血与生命守护着万家灯火。

与时俱进锤炼铁军，全力筑牢安全屏障。当前，面对新形势新任务，人民警察队伍不断深入推进改革，治安防控、服务人民的水平迈上新台阶。天津社区民警朱新琪借助大数据警务群，1小时内找回走失的阿尔茨海默病患者；湖北恩施推行“两队一室”改革，8小时破获电动摩托车盗窃案，让群众切实感受到“出警更快、服务更优”；贵州金沙公安构建无人机“智慧大脑”，以“空地一体”护校新模式，保障孩子上下学安全。从“指尖警务”到“警+N”社区模式，从破案攻坚到服务群众，人民警察锐意改革、勇于创新，不断提升实战质效，守护着“平安”这张亮丽的国家名片。

警徽映初心，热血护平安。习近平总书记指出，实践证明，我国人民警察是一支党和人民完全可以信赖的有坚强战斗力的队伍。在第六个中国人民警察节到来之际，让我们向每一位坚守岗位的人民警察致以最崇高的敬意。愿这枚熠熠警徽，永远见证忠诚与担当；愿这份为民初心，始终照亮前行的道路，人民警察为建设更高水平的平安中国、法治中国作出新的更大贡献！",张天培,法治,https://paper.people.com.cn/rmrb/pc/content/202601/08/content_30130533.html,2026-01-08,"['人民警察', '骑警', '民警', '人民', '守护', '平安', '忠诚', '群众', '警徽', '一次次']","“海东青”骑警队骑警在内蒙古呼伦贝尔市陈巴尔虎旗的雪原上巡逻。新华社记者  马金瑞摄
“海东青”骑警队骑警在内蒙古呼伦贝尔市陈巴尔虎旗的雪原上巡逻。
新华社记者  马金瑞摄",政治
公安民警——,"亚雪公路，一头连接着黑龙江亚布力滑雪场，一头连接着雪乡国家森林公园，平均海拔950米，蜿蜒于林海雪原之间，风光壮美却也险象环生。
“冰雪旅游‘黄金大道’的安全畅通，不仅涉及游客的生命安全，更关乎雪乡旅游经济发展，必须保证零事故！”黑龙江省公安厅林区公安局大海林分局雪乡派出所一级警长姜礼阳一次次深入排查隐患，细心检查每个细节。在姜礼阳以及同事的守护下，亚雪公路实现“一般以上交通事故零发生、人员伤亡零发生”。
守护平安，在人民警察眼中，是职责使命，更是一种信仰。
“群众可能一辈子只找我一次，必须认真对待每一次和群众接触的机会。”河南省洛阳市公安局洛龙分局开元路派出所四级高级警长潘丹勇对社区警务工作深有体会。
2009年，潘丹勇主动申请从机关下沉到社区，来到百姓身边。他手里有一本特殊的登记册，详细记录着辖区独居老人、残疾人等特殊群体的信息。10余年来，他坚持每月对特殊群体进行电话回访、上门走访，帮他们处理日常遇到的困难，了解生活所需。辖区一位80多岁老人张玉荣，特意将潘丹勇的警民联系卡放在药盒最上层，将他比成“离不开的常备药”。
人民警察来自人民、为了人民，时刻将人民利益放在心上。
“破案是对群众最好的交代。”全国公安系统二级英雄模范、福建省上杭县公安局旧县派出所所长张添宁穿上警服那天，对着镜子告诉自己，一定要保护好辖区的老百姓，不辜负这身警服。
2014年上杭县发生一起杀人骗保案，主要犯罪嫌疑人吉某一直在逃。多年间张添宁从未放弃对吉某的追缉。直到2020年4月，专案组研判出吉某踪迹，张添宁立即带领民警前往当地，其间克服重重困难，终于将吉某成功抓获，为该案画上了圆满的句号。从刑侦大队的破案尖兵到贴近百姓的派出所所长，张添宁践行着“打击犯罪、保护人民”的铮铮誓言，坚定履行着守护一方平安的神圣使命。
拳拳赤子心，忠诚铸警魂。在公安战线上，还有一大批像姜礼阳、潘丹勇、张添宁一样的人民警察。他们的战场不仅在追凶缉盗的一线，更在平凡日子的街头巷尾；他们不仅有雷霆手段，更有为民服务的一腔热血，用自己的无私奉献，铸就起保护人民群众的铜墙铁壁。","# 公安民警——

> 本报记者  张天培《人民日报》（2026年01月08日第 19 版）

亚雪公路，一头连接着黑龙江亚布力滑雪场，一头连接着雪乡国家森林公园，平均海拔950米，蜿蜒于林海雪原之间，风光壮美却也险象环生。

“冰雪旅游‘黄金大道’的安全畅通，不仅涉及游客的生命安全，更关乎雪乡旅游经济发展，必须保证零事故！”黑龙江省公安厅林区公安局大海林分局雪乡派出所一级警长姜礼阳一次次深入排查隐患，细心检查每个细节。在姜礼阳以及同事的守护下，亚雪公路实现“一般以上交通事故零发生、人员伤亡零发生”。

守护平安，在人民警察眼中，是职责使命，更是一种信仰。

“群众可能一辈子只找我一次，必须认真对待每一次和群众接触的机会。”河南省洛阳市公安局洛龙分局开元路派出所四级高级警长潘丹勇对社区警务工作深有体会。

2009年，潘丹勇主动申请从机关下沉到社区，来到百姓身边。他手里有一本特殊的登记册，详细记录着辖区独居老人、残疾人等特殊群体的信息。10余年来，他坚持每月对特殊群体进行电话回访、上门走访，帮他们处理日常遇到的困难，了解生活所需。辖区一位80多岁老人张玉荣，特意将潘丹勇的警民联系卡放在药盒最上层，将他比成“离不开的常备药”。

人民警察来自人民、为了人民，时刻将人民利益放在心上。

“破案是对群众最好的交代。”全国公安系统二级英雄模范、福建省上杭县公安局旧县派出所所长张添宁穿上警服那天，对着镜子告诉自己，一定要保护好辖区的老百姓，不辜负这身警服。

2014年上杭县发生一起杀人骗保案，主要犯罪嫌疑人吉某一直在逃。多年间张添宁从未放弃对吉某的追缉。直到2020年4月，专案组研判出吉某踪迹，张添宁立即带领民警前往当地，其间克服重重困难，终于将吉某成功抓获，为该案画上了圆满的句号。从刑侦大队的破案尖兵到贴近百姓的派出所所长，张添宁践行着“打击犯罪、保护人民”的铮铮誓言，坚定履行着守护一方平安的神圣使命。

拳拳赤子心，忠诚铸警魂。在公安战线上，还有一大批像姜礼阳、潘丹勇、张添宁一样的人民警察。他们的战场不仅在追凶缉盗的一线，更在平凡日子的街头巷尾；他们不仅有雷霆手段，更有为民服务的一腔热血，用自己的无私奉献，铸就起保护人民群众的铜墙铁壁。",张天培,法治,https://paper.people.com.cn/rmrb/pc/content/202601/08/content_30130534.html,2026-01-08,"['张添宁', '潘丹勇', '雪乡', '姜礼阳', '人民警察', '派出所', '守护', '人民', '辖区', '群众']","亚雪公路，一头连接着黑龙江亚布力滑雪场，一头连接着雪乡国家森林公园，平均海拔950米，蜿蜒于林海雪原之间，风光壮美却也险象环生。
“冰雪旅游‘黄金大道’的安全畅通，不仅涉及游客的生命安全，更关乎雪乡旅游经济发展，必须保证零事故！”黑龙江省公安厅林区公安局大海林分局雪乡派出所一级警长姜礼阳一次次深入排查隐患，细心检查每个细节。在姜礼阳以及同事的守护下，亚雪公路实现“一般以上交通事故零发生、人员伤亡零发生”。
守护平安，在人民警察眼中，是职责使命，更是一种信仰。",政治
国安干警——,"新疆克孜勒苏柯尔克孜自治州国家安全宣传队开展宣讲活动。国安宣工作室供图
新疆克孜勒苏柯尔克孜自治州国家安全宣传队开展宣讲活动。
国安宣工作室供图
夕阳下，祖国版图最西端的帕米尔高原，新疆克孜勒苏柯尔克孜自治州，马蹄踏碎别迭里山谷的积雪，阿孜古丽望着丈夫归队的身影，眼中既有牵挂，更有理解。
夫妻俩都是“马背上的国家安全宣传队”队员，常年策马穿梭于雪域牧场的各个牧业点，用质朴的乡音宣传国家安全法律法规。
2018年，克州国家安全机关组建起第一支“马背上的国家安全宣传队”。在巍巍雪山、茫茫草原，这支队伍常年宣讲国家安全知识。一次次换下的马蹄铁，见证了宣传队这些年走过的路。
国安干警们常说，在边境一线，最难跨越的不是崎岖山路，而是语言障碍。为此，他们不仅认真学习国家安全法、反间谍法等国家安全法律法规，还与真实案例结合，翻译成少数民族语言，让边区牧民更好理解，“在边境一线播撒国家安全种子。”
“牧民们对国旗发自内心的拥护和热爱，是很多人想象不到的。”每次快要到达巡边宣讲目的地时，队员们都会展开随身携带的国旗。
此前，干警们去边境线宣讲，原计划天黑之前返回驻地，但道路崎岖、天气寒冷、河滩泥泞，很晚才到达一处牧民毡房附近。
“你们是什么人？”远处的牧民看到后，迅速骑着马儿奔来，警惕地问。干警们指了指身上的警服，展开随身携带的国旗，牧民瞬间热情起来，邀请他们来到毡房。大家盘腿而坐，一边吃着馕，一边聊起家长里短，讲起国家安全常识。
祖国的边境线在哪里，“马背上的国家安全宣传队”就一定会出现在哪里！
多年来，干警们骑着马辗转每一个牧区，走进每一座毡房，来到牧民身边，开展巡回宣讲，帮助牧民辨别可疑人员和情况，及时向国家安全机关进行举报。
渐渐地，边境牧民们都知道有一支“马背上的国家安全宣传队”，越来越多的牧民加入维护国家安全的实际行动中。队伍从最初的1支发展到如今的20支，队员也从不足10人扩大到近200人。
有一次，一位牧民发现边境线上有可疑的脚印和生活痕迹，由于没有手机信号，他将羊群交给朋友看管，骑马飞奔近百里去报告情况。
国家安全，人人有责，在牧区，每一位牧民都是一个哨兵，每一座毡房就是流动哨所。如今，“马背上的国家安全宣传队”不断创新宣讲形式，让总体国家安全观更加可知可感可传，凝聚起大家守护边境、共筑国安的磅礴力量。","# 国安干警——

> 本报记者  亓玉昆《人民日报》（2026年01月08日第 19 版）

新疆克孜勒苏柯尔克孜自治州国家安全宣传队开展宣讲活动。　　国安宣工作室供图

新疆克孜勒苏柯尔克孜自治州国家安全宣传队开展宣讲活动。

国安宣工作室供图

夕阳下，祖国版图最西端的帕米尔高原，新疆克孜勒苏柯尔克孜自治州，马蹄踏碎别迭里山谷的积雪，阿孜古丽望着丈夫归队的身影，眼中既有牵挂，更有理解。

夫妻俩都是“马背上的国家安全宣传队”队员，常年策马穿梭于雪域牧场的各个牧业点，用质朴的乡音宣传国家安全法律法规。

2018年，克州国家安全机关组建起第一支“马背上的国家安全宣传队”。在巍巍雪山、茫茫草原，这支队伍常年宣讲国家安全知识。一次次换下的马蹄铁，见证了宣传队这些年走过的路。

国安干警们常说，在边境一线，最难跨越的不是崎岖山路，而是语言障碍。为此，他们不仅认真学习国家安全法、反间谍法等国家安全法律法规，还与真实案例结合，翻译成少数民族语言，让边区牧民更好理解，“在边境一线播撒国家安全种子。”

“牧民们对国旗发自内心的拥护和热爱，是很多人想象不到的。”每次快要到达巡边宣讲目的地时，队员们都会展开随身携带的国旗。

此前，干警们去边境线宣讲，原计划天黑之前返回驻地，但道路崎岖、天气寒冷、河滩泥泞，很晚才到达一处牧民毡房附近。

“你们是什么人？”远处的牧民看到后，迅速骑着马儿奔来，警惕地问。干警们指了指身上的警服，展开随身携带的国旗，牧民瞬间热情起来，邀请他们来到毡房。大家盘腿而坐，一边吃着馕，一边聊起家长里短，讲起国家安全常识。

祖国的边境线在哪里，“马背上的国家安全宣传队”就一定会出现在哪里！

多年来，干警们骑着马辗转每一个牧区，走进每一座毡房，来到牧民身边，开展巡回宣讲，帮助牧民辨别可疑人员和情况，及时向国家安全机关进行举报。

渐渐地，边境牧民们都知道有一支“马背上的国家安全宣传队”，越来越多的牧民加入维护国家安全的实际行动中。队伍从最初的1支发展到如今的20支，队员也从不足10人扩大到近200人。

有一次，一位牧民发现边境线上有可疑的脚印和生活痕迹，由于没有手机信号，他将羊群交给朋友看管，骑马飞奔近百里去报告情况。

国家安全，人人有责，在牧区，每一位牧民都是一个哨兵，每一座毡房就是流动哨所。如今，“马背上的国家安全宣传队”不断创新宣讲形式，让总体国家安全观更加可知可感可传，凝聚起大家守护边境、共筑国安的磅礴力量。",亓玉昆,法治,https://paper.people.com.cn/rmrb/pc/content/202601/08/content_30130535.html,2026-01-08,"['牧民', '安全', '宣传队', '国家', '宣讲', '干警', '毡房', '马背上', '国安', '克孜勒苏柯尔克孜自治州']","新疆克孜勒苏柯尔克孜自治州国家安全宣传队开展宣讲活动。国安宣工作室供图
新疆克孜勒苏柯尔克孜自治州国家安全宣传队开展宣讲活动。
国安宣工作室供图",政治
人民法院司法警察——,"一大早，贵州省高级人民法院值班法警李娜便发现，有20余名情绪激动的群众聚集在法院门口。李娜经问询了解到，到访人员都是一起非法集资案件的受害人。
“天气冷，咱到诉讼服务大厅，有诉求理性表达，这样法官也能清楚了解大家的想法，效果更好。”李娜一边劝解到访人员依法依规表达诉求，一边联系法官到现场接待。随后，到访人员在法警引导下，选出代表向法官讲述了自身遭遇，找准了诉求反映渠道。
从“情理交融”的柔性执法，到“向前一步”的主动服务，再到“将心比心”的如我在诉，人民法院司法警察坚持严格规范公正文明执法，用更有温度的实践，守护好群众的法治获得感。
在吉林省伊通满族自治县人民法院，一名年轻的妈妈抱着5个月的孩子在法庭门口等待庭审。“孩子爸爸常年在外打工，家里没人能帮忙照看孩子，只能抱着孩子来了。”面对年轻妈妈的困境，两名法警主动担任起了孩子的临时照看人。
“让当事人感受到法治温度。”福建省闽侯县人民法院法警大队建立“护‘未’暖心”临时看护机制，在法庭区域附近专门布置“护‘未’驿站”，打造“安全空间+专业陪伴”的双重服务模式，把司法关怀延伸到庭审之外，既守护未成年人身心健康，又有效维护当事人诉讼权利、保障庭审有序进行，切实解决群众带娃应诉出庭难的实际困扰。
开庭前，王女士不慎将传票丢失。眼看要开庭，王女士很焦急，便向内蒙古自治区高级人民法院值班法警寻求帮助。值班法警迅速与承办法官取得联系，及时帮助王女士解决了问题。
在诉讼服务中心设立司法警察便民服务岗，集“导诉、咨询、帮扶”功能于一体，有效解决群众“进门迷茫、办事不便”的难题；深化柔性执法，通过耐心倾听、释法说理有效提升执法公信力和群众满意度；深度融入执行工作一线，为打通公平正义“最后一公里”筑牢坚实警务防线……人民法院司法警察既是审判执行秩序的守护者，更是温暖群众的“贴心人”，擦亮司法为民、执法为民的底色，让公平正义可感可触。","# 人民法院司法警察——

> 本报记者  魏哲哲《人民日报》（2026年01月08日第 19 版）

一大早，贵州省高级人民法院值班法警李娜便发现，有20余名情绪激动的群众聚集在法院门口。李娜经问询了解到，到访人员都是一起非法集资案件的受害人。

“天气冷，咱到诉讼服务大厅，有诉求理性表达，这样法官也能清楚了解大家的想法，效果更好。”李娜一边劝解到访人员依法依规表达诉求，一边联系法官到现场接待。随后，到访人员在法警引导下，选出代表向法官讲述了自身遭遇，找准了诉求反映渠道。

从“情理交融”的柔性执法，到“向前一步”的主动服务，再到“将心比心”的如我在诉，人民法院司法警察坚持严格规范公正文明执法，用更有温度的实践，守护好群众的法治获得感。

在吉林省伊通满族自治县人民法院，一名年轻的妈妈抱着5个月的孩子在法庭门口等待庭审。“孩子爸爸常年在外打工，家里没人能帮忙照看孩子，只能抱着孩子来了。”面对年轻妈妈的困境，两名法警主动担任起了孩子的临时照看人。

“让当事人感受到法治温度。”福建省闽侯县人民法院法警大队建立“护‘未’暖心”临时看护机制，在法庭区域附近专门布置“护‘未’驿站”，打造“安全空间+专业陪伴”的双重服务模式，把司法关怀延伸到庭审之外，既守护未成年人身心健康，又有效维护当事人诉讼权利、保障庭审有序进行，切实解决群众带娃应诉出庭难的实际困扰。

开庭前，王女士不慎将传票丢失。眼看要开庭，王女士很焦急，便向内蒙古自治区高级人民法院值班法警寻求帮助。值班法警迅速与承办法官取得联系，及时帮助王女士解决了问题。

在诉讼服务中心设立司法警察便民服务岗，集“导诉、咨询、帮扶”功能于一体，有效解决群众“进门迷茫、办事不便”的难题；深化柔性执法，通过耐心倾听、释法说理有效提升执法公信力和群众满意度；深度融入执行工作一线，为打通公平正义“最后一公里”筑牢坚实警务防线……人民法院司法警察既是审判执行秩序的守护者，更是温暖群众的“贴心人”，擦亮司法为民、执法为民的底色，让公平正义可感可触。",魏哲哲,法治,https://paper.people.com.cn/rmrb/pc/content/202601/08/content_30130536.html,2026-01-08,"['法警', '司法警察', '人民法院', '李娜', '群众', '法官', '到访', '王女士', '庭审', '诉求']","一大早，贵州省高级人民法院值班法警李娜便发现，有20余名情绪激动的群众聚集在法院门口。李娜经问询了解到，到访人员都是一起非法集资案件的受害人。
“天气冷，咱到诉讼服务大厅，有诉求理性表达，这样法官也能清楚了解大家的想法，效果更好。”李娜一边劝解到访人员依法依规表达诉求，一边联系法官到现场接待。随后，到访人员在法警引导下，选出代表向法官讲述了自身遭遇，找准了诉求反映渠道。
从“情理交融”的柔性执法，到“向前一步”的主动服务，再到“将心比心”的如我在诉，人民法院司法警察坚持严格规范公正文明执法，用更有温度的实践，守护好群众的法治获得感。",其他
司法行政系统民警——,"从警35年来，江西省温圳监狱党委副书记、政委温向红对待自己司法行政人民警察的这份职责，有着一种近乎“偏执”的严谨，哪怕别人说她“轴”，也决不退缩。
“身穿警服，就要担起责任。”
从基层民警做起，她以极端负责的态度对待每一个执法环节、每一起案件办理，被同事们称为“行走的监狱执法实务手册”。她办案原则性强，标准尺度掌握精准，定下来的事，决不打折扣、搞变通，也因此多年来，温向红牵头负责办理的2624件“减假暂”案件无一违法违规、无一过错、无一投诉。
“清清白白做人、干干净净做事”，更是温向红的人生信条。
面对亲朋好友的请托打听，她一律坚决回绝，并常对他们说：“不打听、不过问、不提要求，就是对我最大的支持。”不仅如此，温向红还大力推动建立集中办案中心，实行“减假暂”案件网上全流程办理，以技术手段和制度设计堵塞人情案、关系案的漏洞。
忠诚履行入警誓言，司法行政人民警察用辛勤的汗水甚至宝贵的生命守护平安。
2025年7月28日，黑龙江省强制隔离戒毒所四级高级警长师帅因病医治无效去世。直至生命最后一刻，她仍心系工作，用47岁的短暂年华，谱写了一曲荡气回肠的生命赞歌。
从警24年，师帅始终扎根基层一线履职尽责。一次个别谈话教育中，一名新入所戒毒人员毒瘾急性发作，突然起身试图以头部撞墙方式自伤自残，她迅速用自己的身体挡在了墙前，但猛烈撞击让她的肋骨骨折3根。她钻研业务，积极探索教育戒治新方法，因人施教、一人一策，曾连续一个月吃住在所里，耐心做戒毒人员工作，想方设法调动戒毒人员积极性。
然而，师帅却在2020年被确诊为小细胞肺癌。2022年，她的病情又一次恶化，被送进了ICU抢救。半昏迷状态下，师帅向组织郑重请求，希望组织能允许她在生命的尽头穿着警服离开这个世界。
对党忠诚，对事业热诚，对人民赤诚，对职业虔诚，这支过硬队伍以实际行动诠释着作为人民警察的使命担当。","# 司法行政系统民警——

> 本报记者  张  璁《人民日报》（2026年01月08日第 19 版）

从警35年来，江西省温圳监狱党委副书记、政委温向红对待自己司法行政人民警察的这份职责，有着一种近乎“偏执”的严谨，哪怕别人说她“轴”，也决不退缩。

“身穿警服，就要担起责任。”

从基层民警做起，她以极端负责的态度对待每一个执法环节、每一起案件办理，被同事们称为“行走的监狱执法实务手册”。她办案原则性强，标准尺度掌握精准，定下来的事，决不打折扣、搞变通，也因此多年来，温向红牵头负责办理的2624件“减假暂”案件无一违法违规、无一过错、无一投诉。

“清清白白做人、干干净净做事”，更是温向红的人生信条。

面对亲朋好友的请托打听，她一律坚决回绝，并常对他们说：“不打听、不过问、不提要求，就是对我最大的支持。”不仅如此，温向红还大力推动建立集中办案中心，实行“减假暂”案件网上全流程办理，以技术手段和制度设计堵塞人情案、关系案的漏洞。

忠诚履行入警誓言，司法行政人民警察用辛勤的汗水甚至宝贵的生命守护平安。

2025年7月28日，黑龙江省强制隔离戒毒所四级高级警长师帅因病医治无效去世。直至生命最后一刻，她仍心系工作，用47岁的短暂年华，谱写了一曲荡气回肠的生命赞歌。

从警24年，师帅始终扎根基层一线履职尽责。一次个别谈话教育中，一名新入所戒毒人员毒瘾急性发作，突然起身试图以头部撞墙方式自伤自残，她迅速用自己的身体挡在了墙前，但猛烈撞击让她的肋骨骨折3根。她钻研业务，积极探索教育戒治新方法，因人施教、一人一策，曾连续一个月吃住在所里，耐心做戒毒人员工作，想方设法调动戒毒人员积极性。

然而，师帅却在2020年被确诊为小细胞肺癌。2022年，她的病情又一次恶化，被送进了ICU抢救。半昏迷状态下，师帅向组织郑重请求，希望组织能允许她在生命的尽头穿着警服离开这个世界。

对党忠诚，对事业热诚，对人民赤诚，对职业虔诚，这支过硬队伍以实际行动诠释着作为人民警察的使命担当。",张  璁,法治,https://paper.people.com.cn/rmrb/pc/content/202601/08/content_30130537.html,2026-01-08,"['师帅', '温向', '戒毒', '人民警察', '无一', '从警', '生命', '减假', '警服', '司法']","从警35年来，江西省温圳监狱党委副书记、政委温向红对待自己司法行政人民警察的这份职责，有着一种近乎“偏执”的严谨，哪怕别人说她“轴”，也决不退缩。
“身穿警服，就要担起责任。”
从基层民警做起，她以极端负责的态度对待每一个执法环节、每一起案件办理，被同事们称为“行走的监狱执法实务手册”。她办案原则性强，标准尺度掌握精准，定下来的事，决不打折扣、搞变通，也因此多年来，温向红牵头负责办理的2624件“减假暂”案件无一违法违规、无一过错、无一投诉。",社会
走近专门矫治教育场所——,"“把被子叠齐，是把生活捋顺的开始。”
在海南省海口市荣山学校的3个月里，矫治教育班的小王认真记下教官的话，把从前的莽撞冲动，一点一点从心里“清零”。三餐按时、作息规律……原来，换一种踏实的活法，心里这么安稳。
“教育代替刑罚”，专门学校帮助迷途的孩子重回人生的正轨。2025年前11个月，全国检察机关受理审查逮捕、受理审查起诉未成年犯罪嫌疑人数同比2024年同期分别下降3.5%和10%，在连续多年上升后首次实现“双下降”。
近年来，为依法规范和加强专门矫治教育工作，中央政法委牵头制定专门矫治教育工作规定，各地以贯彻执行规定为主要抓手，统筹推进未成年人犯罪预防和治理，目前取得初步成效。
一把“钥匙”打开一把“心锁”
小蔡因故意伤害他人，需接受一年矫治教育。踏进荣山学校的那天，他心里满是抵触和迷茫：这个陌生的校园就是要困住他的“笼子”？
但8个月学习生活下来，小蔡却发现完全不是这么回事——这里没有千篇一律的灌输，而是耐心地寻找每个人心灵“锁孔”的独特形状，打开心里那把“锁”；文化课上，老师也不会因为学生基础弱降低要求，而是有针对性地设计课程，让每个学生都能在课程中看见成长、看见改变。
小蔡一开始满脑子都是外面的人和事，上课老走神。老师找他谈话，没有严厉指责，总是一次次帮他疏导化解。有一次老师帮他规划未来的生活时，小蔡突然愣住了，才发现他从未认真思考过自己的未来，也从未想过真会有人关心他的前路。
“以前，我把那些带着我闯祸的人当成‘兄弟’，觉得在外面‘混社会’才够潇洒。”小蔡说，在学校里摆脱了那些人后，他感受到了自己身上的巨大变化。如今，小蔡努力通过考核，顺利转入专门学校的常规班，“我还当上了班长呢。”
“2022年前，我省仅荣山学校（老校区）1所专门学校。”海南省委政法委有关负责人表示，2023年全省开展为期3年的未成年人“护苗”专项行动以来，按照分区布局、分批建设、集中资源、有效辐射的原则，共建成省仁德学校、儋州市正德学校等5所专门学校共6个校区，近3年未成年人刑事犯罪案件逐年下降，2025年违法案件也出现较大降幅。
截至2025年11月，全国建成专门学校430所，其中设有专门矫治教育场所316个，是2023年底的近3倍，每个省份均建有至少1所，共有学位2.8万余个，初步解决了专门矫治教育“无处开展”的问题。
行为矫治与文化教育并重，助力孩子重新出发
小琦被送进专门学校的那天，他妈妈觉得天都塌了。
作为某中学九年级学生，他处于毕业班关键学习时期。父亲常年工作外派不在国内，逐渐失去管教的小琦，最终因盗窃等严重不良行为，被福建上杭县公安机关送入上杭六中，接受为期9个月的专门矫治教育。
进了专门学校，学业怎么办、孩子前途怎么办？为此，小琦妈妈还提起过行政复议，但面对无可辩白的警情记录和相关法律法规规定，这个结果已板上钉钉。
然而令人没想到的是，学校里从体能训练、劳动技能教育，到法治道德教育、文化教育、心理教育一应俱全，小琦妈妈很快就发现了孩子从体能到精神面貌的巨大变化。特别是中考复习时，他更惜时如金，迅速进入备考状态。当中考成绩揭榜时，得知其中考投档分达604分，小琦自己都难以置信。
“各地在专门矫治教育课程设置、日常管理等方面积极探索，不断提升各环节工作水平。”中央政法委有关负责人介绍，比如教育措施上，浙江、重庆等地通过中考冲刺辅导等，帮助有需求的学生考入普高、职高；福建、江西、贵州等地还探索开设烘焙、烹饪、美发等课程，帮助学生离校后顺利就业、融入社会。
确保离校不反复，合力构建全维度支持
经过6个月系统矫治，小涵终于重新回到了家。
曾经那个“浑身是刺”的少女，如今过得怎么样？重庆南川区向阳学校的老师在结业后跟踪发现，小涵已开始规划职高学习，而在等待职高秋季招生的这段时间里，她选择在水果店打工自食其力。那些在专门学校培育的自律等习惯，也有效“迁移”到了社会生活——现在她坚持每日清晨6点独自起床上班，说自己“怕在外面玩又乱了心”。
为解决“在校转化好、离校易反复”的普遍问题，南川区建立“离校不脱管、帮扶不断线”的全程跟踪机制。当地为每一名离校学生制定《后续衔接安置方案》，并设立为期至少半年的跟踪观察期。目前，离校学生中顺利回原学校读书和稳定就业的比例达93%，持续巩固了教育矫治成效。
实践中，保证离校后的矫治效果，需要多方共同努力。在青海，司法行政机关与党委政法委、教育、公安等部门工作联动，司法行政机关选派专职副校长，加强矫治学生离校衔接、回归社会等后续管理，坚决防止“离校即失管”。
“我们要不断强化工作保障，凝聚各方合力。”中央政法委有关负责人表示，目前各地共派驻4600余名政法干警参与专门学校工作，公检法司等单位派员担任法治副校长，为未成年人犯罪预防和治理、未成年人权益保护，构建起了全维度的支持。","# 走近专门矫治教育场所——

> 本报记者  张  璁《人民日报》（2026年01月08日第 19 版）

“把被子叠齐，是把生活捋顺的开始。”

在海南省海口市荣山学校的3个月里，矫治教育班的小王认真记下教官的话，把从前的莽撞冲动，一点一点从心里“清零”。三餐按时、作息规律……原来，换一种踏实的活法，心里这么安稳。

“教育代替刑罚”，专门学校帮助迷途的孩子重回人生的正轨。2025年前11个月，全国检察机关受理审查逮捕、受理审查起诉未成年犯罪嫌疑人数同比2024年同期分别下降3.5%和10%，在连续多年上升后首次实现“双下降”。

近年来，为依法规范和加强专门矫治教育工作，中央政法委牵头制定专门矫治教育工作规定，各地以贯彻执行规定为主要抓手，统筹推进未成年人犯罪预防和治理，目前取得初步成效。

一把“钥匙”打开一把“心锁”

小蔡因故意伤害他人，需接受一年矫治教育。踏进荣山学校的那天，他心里满是抵触和迷茫：这个陌生的校园就是要困住他的“笼子”？

但8个月学习生活下来，小蔡却发现完全不是这么回事——这里没有千篇一律的灌输，而是耐心地寻找每个人心灵“锁孔”的独特形状，打开心里那把“锁”；文化课上，老师也不会因为学生基础弱降低要求，而是有针对性地设计课程，让每个学生都能在课程中看见成长、看见改变。

小蔡一开始满脑子都是外面的人和事，上课老走神。老师找他谈话，没有严厉指责，总是一次次帮他疏导化解。有一次老师帮他规划未来的生活时，小蔡突然愣住了，才发现他从未认真思考过自己的未来，也从未想过真会有人关心他的前路。

“以前，我把那些带着我闯祸的人当成‘兄弟’，觉得在外面‘混社会’才够潇洒。”小蔡说，在学校里摆脱了那些人后，他感受到了自己身上的巨大变化。如今，小蔡努力通过考核，顺利转入专门学校的常规班，“我还当上了班长呢。”

“2022年前，我省仅荣山学校（老校区）1所专门学校。”海南省委政法委有关负责人表示，2023年全省开展为期3年的未成年人“护苗”专项行动以来，按照分区布局、分批建设、集中资源、有效辐射的原则，共建成省仁德学校、儋州市正德学校等5所专门学校共6个校区，近3年未成年人刑事犯罪案件逐年下降，2025年违法案件也出现较大降幅。

截至2025年11月，全国建成专门学校430所，其中设有专门矫治教育场所316个，是2023年底的近3倍，每个省份均建有至少1所，共有学位2.8万余个，初步解决了专门矫治教育“无处开展”的问题。

行为矫治与文化教育并重，助力孩子重新出发

小琦被送进专门学校的那天，他妈妈觉得天都塌了。

作为某中学九年级学生，他处于毕业班关键学习时期。父亲常年工作外派不在国内，逐渐失去管教的小琦，最终因盗窃等严重不良行为，被福建上杭县公安机关送入上杭六中，接受为期9个月的专门矫治教育。

进了专门学校，学业怎么办、孩子前途怎么办？为此，小琦妈妈还提起过行政复议，但面对无可辩白的警情记录和相关法律法规规定，这个结果已板上钉钉。

然而令人没想到的是，学校里从体能训练、劳动技能教育，到法治道德教育、文化教育、心理教育一应俱全，小琦妈妈很快就发现了孩子从体能到精神面貌的巨大变化。特别是中考复习时，他更惜时如金，迅速进入备考状态。当中考成绩揭榜时，得知其中考投档分达604分，小琦自己都难以置信。

“各地在专门矫治教育课程设置、日常管理等方面积极探索，不断提升各环节工作水平。”中央政法委有关负责人介绍，比如教育措施上，浙江、重庆等地通过中考冲刺辅导等，帮助有需求的学生考入普高、职高；福建、江西、贵州等地还探索开设烘焙、烹饪、美发等课程，帮助学生离校后顺利就业、融入社会。

确保离校不反复，合力构建全维度支持

经过6个月系统矫治，小涵终于重新回到了家。

曾经那个“浑身是刺”的少女，如今过得怎么样？重庆南川区向阳学校的老师在结业后跟踪发现，小涵已开始规划职高学习，而在等待职高秋季招生的这段时间里，她选择在水果店打工自食其力。那些在专门学校培育的自律等习惯，也有效“迁移”到了社会生活——现在她坚持每日清晨6点独自起床上班，说自己“怕在外面玩又乱了心”。

为解决“在校转化好、离校易反复”的普遍问题，南川区建立“离校不脱管、帮扶不断线”的全程跟踪机制。当地为每一名离校学生制定《后续衔接安置方案》，并设立为期至少半年的跟踪观察期。目前，离校学生中顺利回原学校读书和稳定就业的比例达93%，持续巩固了教育矫治成效。

实践中，保证离校后的矫治效果，需要多方共同努力。在青海，司法行政机关与党委政法委、教育、公安等部门工作联动，司法行政机关选派专职副校长，加强矫治学生离校衔接、回归社会等后续管理，坚决防止“离校即失管”。

“我们要不断强化工作保障，凝聚各方合力。”中央政法委有关负责人表示，目前各地共派驻4600余名政法干警参与专门学校工作，公检法司等单位派员担任法治副校长，为未成年人犯罪预防和治理、未成年人权益保护，构建起了全维度的支持。",张  璁,法治,https://paper.people.com.cn/rmrb/pc/content/202601/08/content_30130539.html,2026-01-08,"['矫治', '学校', '离校', '专门', '教育', '小琦', '政法委', '未成年人', '学生', '职高']","“把被子叠齐，是把生活捋顺的开始。”
在海南省海口市荣山学校的3个月里，矫治教育班的小王认真记下教官的话，把从前的莽撞冲动，一点一点从心里“清零”。三餐按时、作息规律……原来，换一种踏实的活法，心里这么安稳。
“教育代替刑罚”，专门学校帮助迷途的孩子重回人生的正轨。2025年前11个月，全国检察机关受理审查逮捕、受理审查起诉未成年犯罪嫌疑人数同比2024年同期分别下降3.5%和10%，在连续多年上升后首次实现“双下降”。",社会
持之以恒加固中央八项规定堤坝,"作风就是形象，作风就是力量。中央八项规定不是五年、十年的规定，而是长期有效的铁规矩、硬杠杠。
2025年，在以习近平同志为核心的党中央坚强领导下，全党开展深入贯彻中央八项规定精神学习教育。各级党组织和广大党员干部一体推进学查改，推动作风建设走深走实。中央纪委国家监委和各级纪检监察机关立足职能职责，紧盯“四风”顽瘴痼疾，深化整治形式主义为基层减负，健全风腐同查同治机制，推动党风政风持续向好、社风民风不断向善，中央八项规定更加深入人心。
锲而不舍，持续擦亮作风建设“金色名片”
“四川省政府原党组成员、副省长，省公安厅原厅长叶寒冰接受可能影响公正执行公务的宴请、旅游活动安排，违规出入私人会所”“江苏省南京市规划和自然资源局总体规划处原处长赵勇违规吃喝、违规收受礼金”……近日，中央纪委国家监委公开通报7起违反中央八项规定精神典型问题，既点名道姓，又直指病灶，释放出一严到底、寸步不让的强烈信号。
中央八项规定是党中央徙木立信之举，是新时代管党治党的标志性措施。一年来，中央纪委国家监委和各级纪检监察机关坚持党性党风党纪一起抓、正风肃纪反腐相贯通，把中央八项规定这张“金色名片”擦得更亮。
开展深入贯彻中央八项规定精神学习教育，中央纪委国家监委和各级纪检监察机关深入学习习近平总书记关于加强党的作风建设的重要论述，在抓好自身学习教育的同时，立足职能职责，保障全党学习教育。
中央纪委国家监委机关密切与中央层面学习教育工作专班协作，撰写《八项规定改变中国》并被列入全党学习教育材料。各级纪检监察机关派员参加同级党委（党组）学习教育工作专班，做好政策解读、整改整治、指导督导等各项工作；组织纪检监察干部广泛宣讲中央八项规定及其实施细则精神；分层分类编写违反中央八项规定精神典型案例，协助本地区本单位党委（党组）深入开展警示教育。
中央纪委国家监委毫不松懈整治“四风”顽瘴痼疾，截至目前已连续147个月发布全国查处违反中央八项规定精神问题月报数据。2025年1—11月，全国共查处违反中央八项规定精神问题25.1万起，批评教育和处理32.6万人，其中党纪政务处分22.5万人。
各级纪检监察机关发扬钉钉子精神，持续发力，久久为功。四川省南充市纪检监察机关推动各级党委（党组）严格对照突出问题清单及基层“四风”隐形变异表现，全面深入查摆问题……
通过深入开展学习教育，动真碰硬解决突出问题，推动作风建设取得新的明显成效，广大党员干部进一步增强了锲而不舍贯彻中央八项规定精神的思想自觉和行动自觉。
“‘四风’问题具有顽固性、反复性，决不能有松劲歇脚心态。”中央纪委国家监委有关部门负责人表示，要在常和长、严和实、深和细上下更大功夫，真正让铁规发力、禁令生威。
标本兼治，整治“四风”顽瘴痼疾
“这么多年了，对这名同事始终只闻其名，不见其人。”天津市宁河区纪委监委从反映的问题线索入手深挖细查，对相关人员依规依纪处理，对履行主体责任不力的党组织严肃问责，并进一步在全区范围内开展“长期不在岗”专项整治。
这一由点及面的治理实践，体现的正是标本兼治的治理逻辑：精准惩治、系统施治，查办一起案件、解决一类问题。
一年来，各级纪检监察机关紧盯违规吃喝顽疾，严肃查处违规“相互吃”“吃老板”“吃下级”等突出问题，中央层面学习教育工作专班、中央纪委办公厅公开通报河南罗山、湖北黄梅、安徽宿松等地个别干部违规吃喝问题，亮明对顶风违纪严查快处、绝不姑息的态度。
严肃纠治“快递送礼”，严肃纠治借培训考察等名义公款旅游，严肃纠治奢华装修楼堂馆所，严肃纠治“吃公函”、超标准接待……2025年1—11月，全国共查处享乐主义、奢靡之风问题12.8万起，批评教育和处理16.2万人。
整治形式主义、官僚主义，同样是一刻不停、动真碰硬。
2025年，各级纪检监察机关加强对《整治形式主义为基层减负若干规定》执行情况的监督检查，紧盯文山会海、调研考察和横向交流中的形式主义等问题，加强监督纠治，严肃查处违规违纪问题。配合同级党委整治形式主义为基层减负专项工作机制办公室做好典型问题核查通报工作，中央层面专项工作机制办公室、中央纪委办公厅公开通报4批次11起典型问题，以点带面深化整治。
各级纪检监察机关推动党员干部树立和践行正确政绩观，坚决纠治口号响落实差、搞本位主义、做表面文章等问题，严肃查处脱离实际作决策、上项目，搞“形象工程”“政绩工程”，统计造假、弄虚作假等问题。2025年1—11月，全国共查处形式主义、官僚主义问题12.4万起，批评教育和处理16.5万人。
不正之风与腐败问题互为表里、同根同源。一顿饭、一杯酒、一张卡，可能就是由风及腐的开端。2025年，中央纪委制定关于推进不正之风和腐败问题同查同治的意见，推动由风查腐、由腐纠风双向发力、同向治理。
纠树并举，让新风正气更加充盈
“叮！到账12元。”福建省龙岩市漳平市吾祠乡政府食堂里，干部职工扫码支付用餐，同餐同标、简单规范。龙岩市纪委监委推动“扫码用餐·同餐同标”公务餐改革试点，让干部从迎来送往中解脱出来，让反对浪费、厉行节约蔚然成风。
一顿“公务简餐”撬动传统接待方式的变革，“小切口”推动作风建设的“大转变”。中央八项规定不仅荡涤看得见的“歪风”，更带来价值观念和思想文化的重塑，潜移默化树立起新风尚。
在浙江省宁波市，市纪委监委聚焦营商环境优化，严肃查处推诿扯皮、设置隐性壁垒等影响发展的问题，推动相关部门主动靠前服务、优化流程，以作风转变助力企业轻装前行。一年来，各级纪检监察机关更加注重激发广大党员干部干事创业的内生动力，推动形成崇尚实干、狠抓落实的新风正气，以过硬作风担当作为、服务人民。
风清则气正，气正则心齐，心齐则事成。新征程上，各级纪检监察机关扛牢职责使命，推进作风建设常态化长效化，努力营造风清气正的政治生态和干事创业的良好氛围，必将为推进中国式现代化提供更加坚强有力的作风保障。","# 持之以恒加固中央八项规定堤坝

> 本报记者  吴储岐《人民日报》（2026年01月09日第 01 版）

作风就是形象，作风就是力量。中央八项规定不是五年、十年的规定，而是长期有效的铁规矩、硬杠杠。

2025年，在以习近平同志为核心的党中央坚强领导下，全党开展深入贯彻中央八项规定精神学习教育。各级党组织和广大党员干部一体推进学查改，推动作风建设走深走实。中央纪委国家监委和各级纪检监察机关立足职能职责，紧盯“四风”顽瘴痼疾，深化整治形式主义为基层减负，健全风腐同查同治机制，推动党风政风持续向好、社风民风不断向善，中央八项规定更加深入人心。

**锲而不舍，持续擦亮作风建设“金色名片”**

“四川省政府原党组成员、副省长，省公安厅原厅长叶寒冰接受可能影响公正执行公务的宴请、旅游活动安排，违规出入私人会所”“江苏省南京市规划和自然资源局总体规划处原处长赵勇违规吃喝、违规收受礼金”……近日，中央纪委国家监委公开通报7起违反中央八项规定精神典型问题，既点名道姓，又直指病灶，释放出一严到底、寸步不让的强烈信号。

中央八项规定是党中央徙木立信之举，是新时代管党治党的标志性措施。一年来，中央纪委国家监委和各级纪检监察机关坚持党性党风党纪一起抓、正风肃纪反腐相贯通，把中央八项规定这张“金色名片”擦得更亮。

开展深入贯彻中央八项规定精神学习教育，中央纪委国家监委和各级纪检监察机关深入学习习近平总书记关于加强党的作风建设的重要论述，在抓好自身学习教育的同时，立足职能职责，保障全党学习教育。

中央纪委国家监委机关密切与中央层面学习教育工作专班协作，撰写《八项规定改变中国》并被列入全党学习教育材料。各级纪检监察机关派员参加同级党委（党组）学习教育工作专班，做好政策解读、整改整治、指导督导等各项工作；组织纪检监察干部广泛宣讲中央八项规定及其实施细则精神；分层分类编写违反中央八项规定精神典型案例，协助本地区本单位党委（党组）深入开展警示教育。

中央纪委国家监委毫不松懈整治“四风”顽瘴痼疾，截至目前已连续147个月发布全国查处违反中央八项规定精神问题月报数据。2025年1—11月，全国共查处违反中央八项规定精神问题25.1万起，批评教育和处理32.6万人，其中党纪政务处分22.5万人。

各级纪检监察机关发扬钉钉子精神，持续发力，久久为功。四川省南充市纪检监察机关推动各级党委（党组）严格对照突出问题清单及基层“四风”隐形变异表现，全面深入查摆问题……

通过深入开展学习教育，动真碰硬解决突出问题，推动作风建设取得新的明显成效，广大党员干部进一步增强了锲而不舍贯彻中央八项规定精神的思想自觉和行动自觉。

“‘四风’问题具有顽固性、反复性，决不能有松劲歇脚心态。”中央纪委国家监委有关部门负责人表示，要在常和长、严和实、深和细上下更大功夫，真正让铁规发力、禁令生威。

**标本兼治，整治“四风”顽瘴痼疾**

“这么多年了，对这名同事始终只闻其名，不见其人。”天津市宁河区纪委监委从反映的问题线索入手深挖细查，对相关人员依规依纪处理，对履行主体责任不力的党组织严肃问责，并进一步在全区范围内开展“长期不在岗”专项整治。

这一由点及面的治理实践，体现的正是标本兼治的治理逻辑：精准惩治、系统施治，查办一起案件、解决一类问题。

一年来，各级纪检监察机关紧盯违规吃喝顽疾，严肃查处违规“相互吃”“吃老板”“吃下级”等突出问题，中央层面学习教育工作专班、中央纪委办公厅公开通报河南罗山、湖北黄梅、安徽宿松等地个别干部违规吃喝问题，亮明对顶风违纪严查快处、绝不姑息的态度。

严肃纠治“快递送礼”，严肃纠治借培训考察等名义公款旅游，严肃纠治奢华装修楼堂馆所，严肃纠治“吃公函”、超标准接待……2025年1—11月，全国共查处享乐主义、奢靡之风问题12.8万起，批评教育和处理16.2万人。

整治形式主义、官僚主义，同样是一刻不停、动真碰硬。

2025年，各级纪检监察机关加强对《整治形式主义为基层减负若干规定》执行情况的监督检查，紧盯文山会海、调研考察和横向交流中的形式主义等问题，加强监督纠治，严肃查处违规违纪问题。配合同级党委整治形式主义为基层减负专项工作机制办公室做好典型问题核查通报工作，中央层面专项工作机制办公室、中央纪委办公厅公开通报4批次11起典型问题，以点带面深化整治。

各级纪检监察机关推动党员干部树立和践行正确政绩观，坚决纠治口号响落实差、搞本位主义、做表面文章等问题，严肃查处脱离实际作决策、上项目，搞“形象工程”“政绩工程”，统计造假、弄虚作假等问题。2025年1—11月，全国共查处形式主义、官僚主义问题12.4万起，批评教育和处理16.5万人。

不正之风与腐败问题互为表里、同根同源。一顿饭、一杯酒、一张卡，可能就是由风及腐的开端。2025年，中央纪委制定关于推进不正之风和腐败问题同查同治的意见，推动由风查腐、由腐纠风双向发力、同向治理。

**纠树并举，让新风正气更加充盈**

“叮！到账12元。”福建省龙岩市漳平市吾祠乡政府食堂里，干部职工扫码支付用餐，同餐同标、简单规范。龙岩市纪委监委推动“扫码用餐·同餐同标”公务餐改革试点，让干部从迎来送往中解脱出来，让反对浪费、厉行节约蔚然成风。

一顿“公务简餐”撬动传统接待方式的变革，“小切口”推动作风建设的“大转变”。中央八项规定不仅荡涤看得见的“歪风”，更带来价值观念和思想文化的重塑，潜移默化树立起新风尚。

在浙江省宁波市，市纪委监委聚焦营商环境优化，严肃查处推诿扯皮、设置隐性壁垒等影响发展的问题，推动相关部门主动靠前服务、优化流程，以作风转变助力企业轻装前行。一年来，各级纪检监察机关更加注重激发广大党员干部干事创业的内生动力，推动形成崇尚实干、狠抓落实的新风正气，以过硬作风担当作为、服务人民。

风清则气正，气正则心齐，心齐则事成。新征程上，各级纪检监察机关扛牢职责使命，推进作风建设常态化长效化，努力营造风清气正的政治生态和干事创业的良好氛围，必将为推进中国式现代化提供更加坚强有力的作风保障。",吴储岐,要闻,https://paper.people.com.cn/rmrb/pc/content/202601/09/content_30130782.html,2026-01-09,"['八项', '监委', '纪检监察', '中央纪委', '作风', '中央', '规定', '问题', '机关', '各级']","作风就是形象，作风就是力量。中央八项规定不是五年、十年的规定，而是长期有效的铁规矩、硬杠杠。
2025年，在以习近平同志为核心的党中央坚强领导下，全党开展深入贯彻中央八项规定精神学习教育。各级党组织和广大党员干部一体推进学查改，推动作风建设走深走实。中央纪委国家监委和各级纪检监察机关立足职能职责，紧盯“四风”顽瘴痼疾，深化整治形式主义为基层减负，健全风腐同查同治机制，推动党风政风持续向好、社风民风不断向善，中央八项规定更加深入人心。
锲而不舍，持续擦亮作风建设“金色名片”",政治
到二〇二七年人工智能关键核心技术安全可靠供给,"人工智能与实体经济深度融合，深刻改变制造业生产模式和经济形态，驱动产业加速升级。1月7日，工业和信息化部等8部门发布《“人工智能+制造”专项行动实施意见》，为加快推进人工智能技术在制造业融合应用明确目标举措。
21项具体措施推动人工智能在制造业融合应用
“十五五”规划建议提出，“全面实施‘人工智能+’行动”“抢占人工智能产业应用制高点，全方位赋能千行百业”。
“人工智能技术与制造业应用双向赋能，要一端抓技术供给，推动智能产业化；一端抓赋能应用，加快产业智能化，整体壮大产业生态，促进人工智能科技创新与产业创新深度融合。”工业和信息化部科技司有关负责人表示，实施意见围绕创新筑基、赋智升级、产品突破、主体培育、生态壮大、安全护航、国际合作等7个重点任务，细化21项具体措施，加快制造业智能化、绿色化、融合化发展。
实施意见明确：到2027年，我国人工智能关键核心技术实现安全可靠供给，产业规模和赋能水平稳居世界前列。推动3—5个通用大模型在制造业深度应用，推出1000个高水平工业智能体，打造100个工业领域高质量数据集，推广500个典型应用场景。培育2—3家具有全球影响力的生态主导型企业和一批专精特新中小企业，打造一批“懂智能、熟行业”的赋能应用服务商，选树1000家标杆企业。建成全球领先的开源开放生态，安全治理能力全面提升，为人工智能发展贡献中国方案。
“手把手”为制造业企业提供转型升级指南
纺织车间需要空调风机进行温湿度调控、空气净化及通风换气，传统产品依赖人工调控，精度低、故障难预判。“我们依托浪潮云洲工业大模型，在传统风机上加装多类传感器，采集、训练数据，研发出数智风机。”山东金信空调集团董事长吴子才介绍，数智风机能根据实时工况优化风量等相关参数，精准控制车间温湿度，设备检修周期缩短40%。
“企业要加速全流程转型升级，推动大模型技术深度嵌入研发设计、中试验证、生产制造、营销服务、运营管理等各环节，提升辅助设计、仿真模型构建、排产调度、设备预测性维护等能力。”有关专家表示。
例如研发设计环节，要重点推进智能辅助设计、软件代码辅助编写、药物研发等，打造个性化、低成本、高效能的新型研发设计模式；生产制造环节，要推广机器视觉、无人智能巡检等工业质检技术，强化产线实时监测和预测性维护，提升设备故障识别准确性，实现安全生产风险预警与事件告警；运营管理环节，要运用大模型分析和生成能力，提升企业对战略、人力资源、财务、风险等管理能力。
针对使用人工智能进行研发设计、生产制造、经营管理及开展延伸服务的企业，实施意见还提供附件《制造业企业人工智能应用指南》，从开展智能化评估和规划、提升智能化基础能力、构建高质量数据集、合理规划布局算力资源、开展模型选型与调优、模型部署与集成、做好人工智能应用安全防护等方面给出详尽指南，“手把手”为企业智能化转型升级提供实施路径和方法指引。
打造人工智能发展和赋能应用主力军，既要鼓励龙头企业、央企国企等先行先试，提供规模化应用场景，研发应用工业智能体，探索人工智能赋能制造业新模式；同时也应深入实施中小企业数字化赋能专项行动，支持中小企业开展数字化、智能化改造，加快中小企业人工智能应用复制推广。实施意见还鼓励有关地方给予企业“算力券”“模型券”等支持，强化赋能中小企业公共服务，降低企业开发应用成本。
加快重点行业智能化转型与应用赋能
从凭经验采矿到智慧勘探，从靠手艺冶炼到人工智能精准调控……日前，有色金属行业人工智能大模型“坤安”2.0发布，进一步探索将人工智能技术深度嵌入有色金属工业全链条。
“过去一年，我们将人工智能应用到产业关键环节，推进建设百余个应用场景，从中筛选出52个场景发布，建成8个行业高质量数据集。”中铝集团董事长段向东介绍，将不断夯实大模型的技术内核，推动数据要素激活、模型迭代优化、场景应用转化，让“坤安”2.0更好赋能行业发展。
中国有色金属工业协会党委书记、会长葛红林表示，有色金属行业产品品种多、资源复杂、工艺流程复杂度高，行业数智化发展存在技术适配、数据治理、协同、人才等方面挑战。针对类似行业困境，实施意见明确提出，开发高水平行业模型，加快重点行业应用赋能。
“要结合各行业领域特点、技术成熟度、数字化水平等基础条件，分类施策推进制造业领域人工智能应用。”工业和信息化部科技司有关负责人表示，实施意见的附件《人工智能赋能制造业重点行业转型指引》结合原材料、装备制造、消费品、电子信息、软件和信息技术服务等行业特点，为行业转型提供指引。
例如在有色金属行业，提出研发数据自动化治理、标注技术与工具，打造行业高质量数据集，构建数据基础支撑体系等；纺织服装领域要打造个性化设计与虚拟试衣系统，推动部署自适应生产系统，提升产品良品率；电子元器件要提升设计智能化水平，打通电子设计自动化、产品生命周期管理系统数据孤岛，重点突破电子元器件高精度仿真预测技术。","# 到二〇二七年人工智能关键核心技术安全可靠供给

> 本报记者  刘温馨《人民日报》（2026年01月09日第 02 版）

人工智能与实体经济深度融合，深刻改变制造业生产模式和经济形态，驱动产业加速升级。1月7日，工业和信息化部等8部门发布《“人工智能+制造”专项行动实施意见》，为加快推进人工智能技术在制造业融合应用明确目标举措。

**21项具体措施推动人工智能在制造业融合应用**

“十五五”规划建议提出，“全面实施‘人工智能+’行动”“抢占人工智能产业应用制高点，全方位赋能千行百业”。

“人工智能技术与制造业应用双向赋能，要一端抓技术供给，推动智能产业化；一端抓赋能应用，加快产业智能化，整体壮大产业生态，促进人工智能科技创新与产业创新深度融合。”工业和信息化部科技司有关负责人表示，实施意见围绕创新筑基、赋智升级、产品突破、主体培育、生态壮大、安全护航、国际合作等7个重点任务，细化21项具体措施，加快制造业智能化、绿色化、融合化发展。

实施意见明确：到2027年，我国人工智能关键核心技术实现安全可靠供给，产业规模和赋能水平稳居世界前列。推动3—5个通用大模型在制造业深度应用，推出1000个高水平工业智能体，打造100个工业领域高质量数据集，推广500个典型应用场景。培育2—3家具有全球影响力的生态主导型企业和一批专精特新中小企业，打造一批“懂智能、熟行业”的赋能应用服务商，选树1000家标杆企业。建成全球领先的开源开放生态，安全治理能力全面提升，为人工智能发展贡献中国方案。

**“手把手”为制造业企业提供转型升级指南**

纺织车间需要空调风机进行温湿度调控、空气净化及通风换气，传统产品依赖人工调控，精度低、故障难预判。“我们依托浪潮云洲工业大模型，在传统风机上加装多类传感器，采集、训练数据，研发出数智风机。”山东金信空调集团董事长吴子才介绍，数智风机能根据实时工况优化风量等相关参数，精准控制车间温湿度，设备检修周期缩短40%。

“企业要加速全流程转型升级，推动大模型技术深度嵌入研发设计、中试验证、生产制造、营销服务、运营管理等各环节，提升辅助设计、仿真模型构建、排产调度、设备预测性维护等能力。”有关专家表示。

例如研发设计环节，要重点推进智能辅助设计、软件代码辅助编写、药物研发等，打造个性化、低成本、高效能的新型研发设计模式；生产制造环节，要推广机器视觉、无人智能巡检等工业质检技术，强化产线实时监测和预测性维护，提升设备故障识别准确性，实现安全生产风险预警与事件告警；运营管理环节，要运用大模型分析和生成能力，提升企业对战略、人力资源、财务、风险等管理能力。

针对使用人工智能进行研发设计、生产制造、经营管理及开展延伸服务的企业，实施意见还提供附件《制造业企业人工智能应用指南》，从开展智能化评估和规划、提升智能化基础能力、构建高质量数据集、合理规划布局算力资源、开展模型选型与调优、模型部署与集成、做好人工智能应用安全防护等方面给出详尽指南，“手把手”为企业智能化转型升级提供实施路径和方法指引。

打造人工智能发展和赋能应用主力军，既要鼓励龙头企业、央企国企等先行先试，提供规模化应用场景，研发应用工业智能体，探索人工智能赋能制造业新模式；同时也应深入实施中小企业数字化赋能专项行动，支持中小企业开展数字化、智能化改造，加快中小企业人工智能应用复制推广。实施意见还鼓励有关地方给予企业“算力券”“模型券”等支持，强化赋能中小企业公共服务，降低企业开发应用成本。

**加快重点行业智能化转型与应用赋能**

从凭经验采矿到智慧勘探，从靠手艺冶炼到人工智能精准调控……日前，有色金属行业人工智能大模型“坤安”2.0发布，进一步探索将人工智能技术深度嵌入有色金属工业全链条。

“过去一年，我们将人工智能应用到产业关键环节，推进建设百余个应用场景，从中筛选出52个场景发布，建成8个行业高质量数据集。”中铝集团董事长段向东介绍，将不断夯实大模型的技术内核，推动数据要素激活、模型迭代优化、场景应用转化，让“坤安”2.0更好赋能行业发展。

中国有色金属工业协会党委书记、会长葛红林表示，有色金属行业产品品种多、资源复杂、工艺流程复杂度高，行业数智化发展存在技术适配、数据治理、协同、人才等方面挑战。针对类似行业困境，实施意见明确提出，开发高水平行业模型，加快重点行业应用赋能。

“要结合各行业领域特点、技术成熟度、数字化水平等基础条件，分类施策推进制造业领域人工智能应用。”工业和信息化部科技司有关负责人表示，实施意见的附件《人工智能赋能制造业重点行业转型指引》结合原材料、装备制造、消费品、电子信息、软件和信息技术服务等行业特点，为行业转型提供指引。

例如在有色金属行业，提出研发数据自动化治理、标注技术与工具，打造行业高质量数据集，构建数据基础支撑体系等；纺织服装领域要打造个性化设计与虚拟试衣系统，推动部署自适应生产系统，提升产品良品率；电子元器件要提升设计智能化水平，打通电子设计自动化、产品生命周期管理系统数据孤岛，重点突破电子元器件高精度仿真预测技术。",刘温馨,要闻,https://paper.people.com.cn/rmrb/pc/content/202601/09/content_30130786.html,2026-01-09,"['人工智能', '赋能', '应用', '模型', '行业', '制造业', '智能化', '研发', '技术', '数据']","人工智能与实体经济深度融合，深刻改变制造业生产模式和经济形态，驱动产业加速升级。1月7日，工业和信息化部等8部门发布《“人工智能+制造”专项行动实施意见》，为加快推进人工智能技术在制造业融合应用明确目标举措。
21项具体措施推动人工智能在制造业融合应用
“十五五”规划建议提出，“全面实施‘人工智能+’行动”“抢占人工智能产业应用制高点，全方位赋能千行百业”。",经济
广东企业赴贵州寻求数据服务——,"健全数据要素基础制度，建设开放共享安全的全国一体化数据市场，深化数据资源开发利用。
——摘自“十五五”规划建议
走进位于贵州的贵阳大数据交易所（以下简称“贵阳数交所”），数据不再是看不见摸不着的信息流，而正加速成为可交易、可增值的核心资产。在贵阳数交所供需对接专区，经工作人员撮合，不到半小时，供需双方就达成一致。线下磋商、线上交易，这种新模式打通了数据要素流通的“最后一公里”。
在这里尝试数据交易后，来自广东的张雪松嗅到新商机：做过买方，以后还有可能做卖方，创造更多经济价值。
张雪松是广东深圳白鹿云数据科技有限公司董事长，公司从事边缘计算、智能硬件开发，以及智慧城市、智慧校园的建设、运营与维护。
“公司设备运行会形成日志，每小时就有上亿条数据。对这些日志进行筛选和分析，可以更好调整优化设备，还能预警潜在故障。”张雪松说，但过去，这些筛选分析的过程，效率低、成本高。
有没有专门处理这类数据的公司？能不能购买数据服务？张雪松拿不准，也不知道该问谁，有想法没办法。
“有个客户是贵州人，闲聊时提到贵阳数交所。”抱着试一试的想法，张雪松与贵阳数交所取得联系。
作为全国首家大数据交易所，贵阳数交所逐步建立起包括合规登记、评估定价、需求撮合、支付结算在内的全流程交易服务体系。
在贵阳数交所，张雪松的公司发布了采购数据服务的需求，经平台匹配，很快就找到一家公司的“数据分析综合服务”产品。
“多年探索培育，现在进驻的数据商有上千家，产品超过2400个，一般都能实现供需高效匹配。”贵阳数交所市场部行业总监韩坤洁说。
匹配到数据产品，如何确保服务满足需求，让双方顺利达成合作？贵阳数交所再次撮合，帮助双方增进了解。
“卖方同意先根据需求设计大模型，我们拿来试用，看效果如何。”第一次进行数据交易，张雪松非常谨慎。结果证明，产品能够高效筛选和分析日志。
新的问题随之出现——如何定价？
“公司要长期处理日志，是一次性付费还是按次付费，我们心里也没有底。”张雪松说。
此前，在国家发展改革委价格监测中心指导下，贵阳数交所推出全国首款数据产品交易价格计算器，为数据产品定价提供具有公信力的价格区间，为企业提供基于成本的交易估价参考。
“填入行业类别、应用场景、数据质量、开发成本等参数，就能为双方议价提供参考。从经验判断到科学计算，数据产品定价不再拍脑袋。”韩坤洁介绍，有了价格计算器，可以提升数据交易效率，打通报价、估价、议价之间的堵点，加速解锁数据价值。
2025年，张雪松的公司成功完成合同签约，首单交易金额103.9万元。
“根据数据量，每周付款一次，金额从几十万元到上百万元不等。”张雪松告诉记者，这是一次长期合作，将优化公司服务能力，助推业务拓展，“希望有一天我们能建起自己的大模型，到时候就只用购买算力，自己处理日志，发展空间更大。”
2025年8月，张雪松的公司与贵州贵定县签约“云支点边缘计算赋能乡村振兴项目”，打造适配乡村场景的短视频人工智能生成工具。当地村民上传本地文旅、农副特产信息，人工智能就能自动完成剪辑、配音，批量生成宣传视频，助力贵定特色资源走出深山。
“我们开发了小程序，上面还有农特产品商城，会产生大量的交易数据。”张雪松介绍，数据是新的生产要素，也是重要生产力，或许用不了多久，公司就会变成数据商，“做卖方”的愿望，离实现也不远了。","# 广东企业赴贵州寻求数据服务——

> 本报记者  苏  滨《人民日报》（2026年01月09日第 02 版）

健全数据要素基础制度，建设开放共享安全的全国一体化数据市场，深化数据资源开发利用。

——摘自“十五五”规划建议

走进位于贵州的贵阳大数据交易所（以下简称“贵阳数交所”），数据不再是看不见摸不着的信息流，而正加速成为可交易、可增值的核心资产。在贵阳数交所供需对接专区，经工作人员撮合，不到半小时，供需双方就达成一致。线下磋商、线上交易，这种新模式打通了数据要素流通的“最后一公里”。

在这里尝试数据交易后，来自广东的张雪松嗅到新商机：做过买方，以后还有可能做卖方，创造更多经济价值。

张雪松是广东深圳白鹿云数据科技有限公司董事长，公司从事边缘计算、智能硬件开发，以及智慧城市、智慧校园的建设、运营与维护。

“公司设备运行会形成日志，每小时就有上亿条数据。对这些日志进行筛选和分析，可以更好调整优化设备，还能预警潜在故障。”张雪松说，但过去，这些筛选分析的过程，效率低、成本高。

有没有专门处理这类数据的公司？能不能购买数据服务？张雪松拿不准，也不知道该问谁，有想法没办法。

“有个客户是贵州人，闲聊时提到贵阳数交所。”抱着试一试的想法，张雪松与贵阳数交所取得联系。

作为全国首家大数据交易所，贵阳数交所逐步建立起包括合规登记、评估定价、需求撮合、支付结算在内的全流程交易服务体系。

在贵阳数交所，张雪松的公司发布了采购数据服务的需求，经平台匹配，很快就找到一家公司的“数据分析综合服务”产品。

“多年探索培育，现在进驻的数据商有上千家，产品超过2400个，一般都能实现供需高效匹配。”贵阳数交所市场部行业总监韩坤洁说。

匹配到数据产品，如何确保服务满足需求，让双方顺利达成合作？贵阳数交所再次撮合，帮助双方增进了解。

“卖方同意先根据需求设计大模型，我们拿来试用，看效果如何。”第一次进行数据交易，张雪松非常谨慎。结果证明，产品能够高效筛选和分析日志。

新的问题随之出现——如何定价？

“公司要长期处理日志，是一次性付费还是按次付费，我们心里也没有底。”张雪松说。

此前，在国家发展改革委价格监测中心指导下，贵阳数交所推出全国首款数据产品交易价格计算器，为数据产品定价提供具有公信力的价格区间，为企业提供基于成本的交易估价参考。

“填入行业类别、应用场景、数据质量、开发成本等参数，就能为双方议价提供参考。从经验判断到科学计算，数据产品定价不再拍脑袋。”韩坤洁介绍，有了价格计算器，可以提升数据交易效率，打通报价、估价、议价之间的堵点，加速解锁数据价值。

2025年，张雪松的公司成功完成合同签约，首单交易金额103.9万元。

“根据数据量，每周付款一次，金额从几十万元到上百万元不等。”张雪松告诉记者，这是一次长期合作，将优化公司服务能力，助推业务拓展，“希望有一天我们能建起自己的大模型，到时候就只用购买算力，自己处理日志，发展空间更大。”

2025年8月，张雪松的公司与贵州贵定县签约“云支点边缘计算赋能乡村振兴项目”，打造适配乡村场景的短视频人工智能生成工具。当地村民上传本地文旅、农副特产信息，人工智能就能自动完成剪辑、配音，批量生成宣传视频，助力贵定特色资源走出深山。

“我们开发了小程序，上面还有农特产品商城，会产生大量的交易数据。”张雪松介绍，数据是新的生产要素，也是重要生产力，或许用不了多久，公司就会变成数据商，“做卖方”的愿望，离实现也不远了。",苏  滨,要闻,https://paper.people.com.cn/rmrb/pc/content/202601/09/content_30130787.html,2026-01-09,"['雪松', '数据', '数交所', '贵阳', '日志', '交易', '数据服务', '公司', '产品', '撮合']","健全数据要素基础制度，建设开放共享安全的全国一体化数据市场，深化数据资源开发利用。
——摘自“十五五”规划建议
走进位于贵州的贵阳大数据交易所（以下简称“贵阳数交所”），数据不再是看不见摸不着的信息流，而正加速成为可交易、可增值的核心资产。在贵阳数交所供需对接专区，经工作人员撮合，不到半小时，供需双方就达成一致。线下磋商、线上交易，这种新模式打通了数据要素流通的“最后一公里”。",政治
把数据资源用好护好（编辑手记）,"有没有合适的服务、购买方不方便、价格咋定、效果如何……试水数据服务，怀着忐忑的张雪松不仅为公司寻求到了合适的解决方案，还发现了蕴藏其中的新商机。这少不了数字经济时代相关服务型企业的蓬勃兴起，也离不开贵阳数交所这样的专业化平台牵线搭桥。
当前，数据资源的价值正越来越多进入人们的视野，以深化数据资源开发利用凝聚起各方共识，把数据资源真正用好、护好，数据带来的巨大经济效益和社会效益值得期待。","# 把数据资源用好护好（编辑手记）

> 祁嘉润《人民日报》（2026年01月09日第 02 版）

有没有合适的服务、购买方不方便、价格咋定、效果如何……试水数据服务，怀着忐忑的张雪松不仅为公司寻求到了合适的解决方案，还发现了蕴藏其中的新商机。这少不了数字经济时代相关服务型企业的蓬勃兴起，也离不开贵阳数交所这样的专业化平台牵线搭桥。

当前，数据资源的价值正越来越多进入人们的视野，以深化数据资源开发利用凝聚起各方共识，把数据资源真正用好、护好，数据带来的巨大经济效益和社会效益值得期待。",祁嘉润,要闻,https://paper.people.com.cn/rmrb/pc/content/202601/09/content_30130788.html,2026-01-09,"['数据', '资源', '合适', '数据服务', '购买方', '咋定', '试水', '数交所', '好护', '牵线搭桥']","有没有合适的服务、购买方不方便、价格咋定、效果如何……试水数据服务，怀着忐忑的张雪松不仅为公司寻求到了合适的解决方案，还发现了蕴藏其中的新商机。这少不了数字经济时代相关服务型企业的蓬勃兴起，也离不开贵阳数交所这样的专业化平台牵线搭桥。
当前，数据资源的价值正越来越多进入人们的视野，以深化数据资源开发利用凝聚起各方共识，把数据资源真正用好、护好，数据带来的巨大经济效益和社会效益值得期待。",经济
数据的价值在于流动和使用（亲历者说）,"数据是继土地、劳动力、资本、技术之后新的关键生产要素，数据资源的价值不在于储存，而在于流动和使用。这些年，作为全国首个大数据综合试验区，贵州在数据要素市场化改革中走在前列。
以数据交易为例，市场长期面临确权难、定价难、互信难、入场难、监管难等挑战。我们积极探索，建立数据要素行业节点，破解确权难；研发数据产品交易价格计算器，破解定价难；推进多领域数据专区建设，破解供给难；构建数据交易规则体系，破解互信难；加挂省公共资源（数据要素）交易中心，破解入场难，形成一套可推广的全流程交易服务体系。
随着数据应用场景日渐丰富，数据交易市场将愈发活跃，以行业大模型为重点的人工智能产业迎来发展新机，我们要推动数据要素更好地赋能千行百业、服务千家万户。
（本报记者苏滨采访整理）","# 数据的价值在于流动和使用（亲历者说）

> 韩坤洁《人民日报》（2026年01月09日第 02 版）

数据是继土地、劳动力、资本、技术之后新的关键生产要素，数据资源的价值不在于储存，而在于流动和使用。这些年，作为全国首个大数据综合试验区，贵州在数据要素市场化改革中走在前列。

以数据交易为例，市场长期面临确权难、定价难、互信难、入场难、监管难等挑战。我们积极探索，建立数据要素行业节点，破解确权难；研发数据产品交易价格计算器，破解定价难；推进多领域数据专区建设，破解供给难；构建数据交易规则体系，破解互信难；加挂省公共资源（数据要素）交易中心，破解入场难，形成一套可推广的全流程交易服务体系。

随着数据应用场景日渐丰富，数据交易市场将愈发活跃，以行业大模型为重点的人工智能产业迎来发展新机，我们要推动数据要素更好地赋能千行百业、服务千家万户。

（本报记者苏滨采访整理）",韩坤洁,要闻,https://paper.people.com.cn/rmrb/pc/content/202601/09/content_30130789.html,2026-01-09,"['数据', '破解', '要素', '确权', '互信', '入场', '在于', '亲历者', '流动', '定价']","数据是继土地、劳动力、资本、技术之后新的关键生产要素，数据资源的价值不在于储存，而在于流动和使用。这些年，作为全国首个大数据综合试验区，贵州在数据要素市场化改革中走在前列。
以数据交易为例，市场长期面临确权难、定价难、互信难、入场难、监管难等挑战。我们积极探索，建立数据要素行业节点，破解确权难；研发数据产品交易价格计算器，破解定价难；推进多领域数据专区建设，破解供给难；构建数据交易规则体系，破解互信难；加挂省公共资源（数据要素）交易中心，破解入场难，形成一套可推广的全流程交易服务体系。
随着数据应用场景日渐丰富，数据交易市场将愈发活跃，以行业大模型为重点的人工智能产业迎来发展新机，我们要推动数据要素更好地赋能千行百业、服务千家万户。",经济
定日地震一年后——,"1月5日，次仁拉姆（左三）和家人在新居前合影。
1月5日，次仁拉姆（左三）和家人在新居前合影。
1月5日，次仁拉姆怀抱已满月的女儿央金拉姆。
1月5日，次仁拉姆怀抱已满月的女儿央金拉姆。
1月5日，次仁拉姆在新居中陪大女儿玩耍。
1月5日，次仁拉姆在新居中陪大女儿玩耍。
西藏定日县长所乡通来村，年轻的母亲次仁拉姆在2025年1月7日的6.8级地震中失去了一个3岁的孩子。
震后3天，有关部门迅速启动灾后恢复重建总体方案编制；3月初，灾后重建启动。当记者2025年10月再次见到次仁拉姆时，她的新家已建成交付，她也再次怀孕，预产期在12月。“小孩出生的时候，我们就已经住进新房子了。”她满怀希冀地说。
如今，地震灾难过去一年，次仁拉姆的小女儿央金拉姆出生已满一个月，而地震时她抱在怀里一个多月大的婴儿格桑巴宗已经可以下地跑了。新居、新生命给家庭带来新希望。","# 定日地震一年后——

> 新华社记者  姜  帆摄影报道《人民日报》（2026年01月09日第 02 版）

1月5日，次仁拉姆（左三）和家人在新居前合影。

1月5日，次仁拉姆（左三）和家人在新居前合影。

1月5日，次仁拉姆怀抱已满月的女儿央金拉姆。

1月5日，次仁拉姆怀抱已满月的女儿央金拉姆。

1月5日，次仁拉姆在新居中陪大女儿玩耍。

1月5日，次仁拉姆在新居中陪大女儿玩耍。

西藏定日县长所乡通来村，年轻的母亲次仁拉姆在2025年1月7日的6.8级地震中失去了一个3岁的孩子。

震后3天，有关部门迅速启动灾后恢复重建总体方案编制；3月初，灾后重建启动。当记者2025年10月再次见到次仁拉姆时，她的新家已建成交付，她也再次怀孕，预产期在12月。“小孩出生的时候，我们就已经住进新房子了。”她满怀希冀地说。

如今，地震灾难过去一年，次仁拉姆的小女儿央金拉姆出生已满一个月，而地震时她抱在怀里一个多月大的婴儿格桑巴宗已经可以下地跑了。新居、新生命给家庭带来新希望。",新华社记者  姜  帆摄影报道,要闻,https://paper.people.com.cn/rmrb/pc/content/202601/09/content_30130790.html,2026-01-09,"['拉姆', '次仁', '新居', '央金', '地震', '女儿', '左三', '2025', '灾后', '满月']","1月5日，次仁拉姆（左三）和家人在新居前合影。
1月5日，次仁拉姆（左三）和家人在新居前合影。
1月5日，次仁拉姆怀抱已满月的女儿央金拉姆。",其他
追求高质量、可持续的发展,"荆江水，连天下，九曲回肠到石首。
周末晌午，太阳正好，四季爱水的石首人，会漫步江湾。
“没得总书记讲话，没得10年前那张‘天价罚单’，就没得九曲湾的今天。”江湾边，朱松柏迎来一天中最开心的时刻。
退休前，老朱是楚源集团职工。这几年，他眼看着堆满砂石料的乱石滩，变成石首老少的亲水乐园。
“生在长江边，不见得懂长江水。拐过这个弯，心通透了，江清亮了，蛮好！”
急弯变暖弯，推动长江经济带发展座谈会是重要转折点。
2016年1月5日，习近平总书记在重庆召开推动长江经济带发展座谈会，“共抓大保护，不搞大开发”“走生态优先、绿色发展之路”举旗定向，绿色发展开始成为长江经济带主旋律。
湖北省明确提出，着眼长江全流域，跳出湖北看长江，树立“上游意识”，扛起“上游担当”，宁可不进位，也不要“带污染的GDP”。
以楚源接受“天价罚单”停产整治为契机，石首市党员干部树立和践行正确政绩观，开启一场推动绿色发展的新实践。
洲滩万亩芦苇：“荒野弃儿”变“资源宠儿”
政绩观体现发展观。新时代政绩观是落实新发展理念、推动高质量发展的政绩观
石首洲滩，万亩芦苇，一度让石首人“两难”。
芦苇净化水质、涵养水源，是保持长江生物多样性不可或缺的一环。
长期以来，石首芦苇卖给鄂湘两地100多家小纸厂，是当地促就业、稳增长的来源。
2016年习近平总书记亲自擘画，长江经济带发展确定生态优先、绿色发展的战略定位，沿江关停造成污染的小纸厂。原本抢手的石首芦苇瞬间滞销，4万亩缩至8000亩。
“任芦苇自然生长，不加收割利用，植株就会退化，造成污染。除杂、清渣、防火又有成本，每亩少说100元。”石首洲滩管护中心主任王先智介绍。
生态告急叠加财政难题，“两难”怎么破？
“要坚持在发展中保护、在保护中发展，不能把生态环境保护和经济发展割裂开来，更不能对立起来。”
“绿色发展是高质量发展的底色，新质生产力本身就是绿色生产力。”
从习近平新时代中国特色社会主义思想中找工作方法、谋思维钥匙，重新看待发展和保护的关系，努力打通绿水青山与金山银山，管护中心一班人跑协会、访院所、探市场，为芦苇谋新生。
管护中心调研发现，原来芦苇不仅是造纸原料，还可以提取高活性酶解木质素合成生物树脂，用于制造碳纤维复合材料，应用于航空航天、轨道交通、新能源等高端制造领域。
国产高端环氧树脂正好是“卡脖子”环节。芦苇为原料进行提取，既满足了市场需求，又实现了绿色转型。
人无我有，因地制宜。
芦苇加工生产线上马，特种纸生产基地启动，全球首个万吨级新材料生物质炼制工厂落地……新产业、新业态、新模式、新质生产力，“荒野弃儿”变“资源宠儿”。
仅仙鹤纸业一、二期建成达产后，预计年总产值就可达110亿元，实现税收5.5亿元，提供超4000个直接就业岗位，并带动周边物流、餐饮等服务业快速发展。
芦苇新生，只是缩影。
树立和践行正确政绩观，事关党和国家事业发展大局、事关人民群众切身利益、事关中国式现代化建设进程。
护好绿水青山是上半篇文章，打通金山银山是下半篇文章。石首党员干部以正确政绩观端稳“生态饭”。
政绩观折射大局观，坚决落实党中央的决策部署，以舍谋得。
化工一向是石首主导产业。2016年，石首张城垸化工园区，基础设施建设投了15亿元，正准备抓紧招引化工新项目。
“发展化工业最便利、成本最低，但对长江生态造成的风险也可能最大，市委市政府果断终止原规划。”时任石首经济开发区管委会副主任徐治国回忆。
坚决“关停并转”、腾笼换鸟，目前石首高新技术企业达120家，较“十三五”末增长5.5倍。
政绩观彰显发展观，坚定不移推动高质量发展，向新向绿。
化工园区最东端，坐落着能特科技有限公司。年产8000吨异植物醇，国内精细化工业的佼佼者。
鱼塘微波，菜畦染翠，暗香浮动。走进厂区，没有刺鼻气味，随处可见花草瓜菜。
能特科技董事长、老党员陈烈权，曾任楚源集团公司高管，后离职创业从零开始走绿色发展之路：“楚源的‘天价罚单’，把化工企业罚疼了、罚清醒了。如今百姓需要的是高品质生活，只有高质量发展才能满足。”
自觉用党的创新理论武装头脑，胸怀大局，多算大账，才能既为一域争光、更为全局添彩。
伯牙口村生活垃圾填埋场：“邻避困局”成“挽臂同行”
政绩观连着群众观。新时代政绩观是坚持以人民为中心的发展思想、践行全过程人民民主的政绩观
石首调关镇，伯牙口村，相传伯牙鼓琴在此遇知音。
一场“邻避困局”戏剧性破题，让高山流水的佳话有了时代新篇。
2019年4月，石首关停存在23年的沿江垃圾堆场，准备建垃圾焚烧发电厂。配套的生活垃圾无害化卫生填埋场，选址就在伯牙口村。
项目投产后，生活垃圾日处理能力700吨，石首“垃圾围城”将迎刃而解，电厂每年还能输送1.44亿千瓦时绿电。
皆大欢喜好项目，伯牙口村党委开会，一致通过。然而，项目组一进村，却被400多名村民围个严严实实。
“为群众办好事，为啥办不下去？”
调关镇经济发展办工作人员赵生炳，时任填埋场项目镇指挥部常务副总指挥。那天，衣服都被撕破了。
这一问，真有原因。
2008年，4公里外，邻省建了个垃圾填埋场，走的老路子，污水横流、气味刺鼻。伯牙口人心有余悸。
“别个往你家门口乱扔东西你都气，何况摆个大垃圾堆！”自家院子离填埋场仅六七百米，村民付家培吼得最响。
这一问，问出人心。
好事要办好，入心又入脑。进了村委会的门，不等于进了家家户户的门。面对面，搞过细，才能打开心门，真正坐到一条板凳上。
“生态环境是关系党的使命宗旨的重大政治问题，也是关系民生的重大社会问题。”
“推动长江经济带发展不仅仅是沿江各地党委和政府的责任，也是全社会的共同事业，要加快形成全社会共同参与的共抓大保护、不搞大开发格局，更加有效地动员和凝聚各方面力量。”
重温总书记重要讲话，字字句句，格外真切。
政绩观连着群众观。走好新时代党的群众路线，“把屁股端端地坐在老百姓的这一面”。
石首市抽调263名党员干部，组成28个群众工作专班，分赴伯牙口村各村民小组。
全村4825人，一人一想法。挨家挨户，来来回回，摆事实、问需求，下足绣花功夫。
现代垃圾填埋场啥模样？安全性为何有保障？市里带队，伯牙口村民12批次、2000余人，去广东、湖南，还有省内的仙桃、宜昌现场观摩。
战斗堡垒，攻克思想壁垒。
不到10个月，项目清障开工，全村1034户签下承诺书，施工同意率91.3%。
起初带头反对的付家培，在填埋场当上卸灰工，每月工资五六千元。
“既要为群众办事，还要用群众喜欢的方式办事，共建共治共享。”入村时受阻挨骂，离开时，乡亲们拎着土鸡蛋直往手里塞，令赵生炳感慨。
“邻避困局”成“挽臂同行”，催生新的思考。
“发展路径取决于发展目的。新思想为啥管用？来自人心，造福群众。归根结底，以人民为中心，才会为群众所喜爱、所认同、所拥有。”石首市委主要负责同志说。
天鹅洲白（上既下鱼）豚、麋鹿自然保护区：“对立孤立”到“和合共生”
政绩观映照文明观。新时代政绩观是坚定文化自信、努力创造人类文明新形态的政绩观
石首天鹅洲，属古籍中的“云梦泽”，是白（上既下鱼）豚、麋鹿国家级自然保护区。
这片大自然的绝美馈赠，也曾陷入困境。10年前，当地流行一个段子——“黄河给长江打电话：‘长江长江，我是黄河。’长江回复：‘黄河黄河，我也是黄河。’”
美丽不应只在故纸里。新时代的中国共产党人，把生态文明建设提升到前所未有的高度。
“中国式现代化是人与自然和谐共生的现代化。”
为了清洁水源，石首天鹅洲开发区和近邻监利程集镇一度矛盾不断。开发区需要为江豚、麋鹿蓄水，程集镇生产生活只有天鹅洲故道这一处水源。保生产生活用水，还是保江豚、麋鹿用水，成了难题。
荆州市水利和湖泊局协调，程集镇筹资，天鹅洲故道下游入江口建起了泵站和水渠，从长江给故道补水，从而保证了程集镇百姓用水。
上游与下游是利益共同体、责任共同体。区域协调发展，“争水”变“让水”。
着眼可持续发展，和谐共处。
周末，石首横沟市镇居民陈霞带着外地亲戚家的孩子到天鹅洲麋鹿苑参观。成片的麋鹿奔腾如潮，成了承载乡愁的美好礼物。
陈霞说，石首人和麋鹿、江豚的缘分，经历了三部曲：过去争水争地；后来红线划定、栏杆围起，然而幼时芦苇荡里邂逅麋鹿的欣喜就此“消失”；如今，天鹅洲建起科普研学基地，麋鹿重回大众视野，江豚微笑成为城市名片。
“没有见过，就不会有感觉，更没得感情，何谈保护？现在这样，蛮好！”
保护不是圈起来、隔离开，人与自然不能对立孤立，而是生命共同体。
从“要我保护”到“我要保护”，“水陆国宝”重焕生机。如今，石首江豚保护区从5头江豚发展到101头，其中向外输出47头，野化放归4头。
湖北长江天鹅洲白（上既下鱼）豚国家级自然保护区主任毛峻峰介绍，借鉴运用天鹅洲的养护经验，属“极危”物种的柬埔寨境内湄公河伊洛瓦底江豚种群，从2015年的80头增长至2025年的112头，其中2025年记录新生江豚8头，首次实现死亡零记录。
“中国式现代化是物质文明和精神文明相协调的现代化。”
告别石首市区，走近桃花山。
这里曾是石首最偏远的山区、红六军发祥地，因着青山绿水，成了湘鄂两地小有名气的休闲地。
桃花山景区外，一排农家乐。“巧巧农家乐”里，夫妻正忙。
这是个四代同堂的大家庭。
笑眯眯的秦亮，曾在广东、江苏打工，2014年回乡创业。说来也巧，媳妇来自湖北随州，名易巧，弟妹老家湖南邵阳，叫谭巧，新开的家庭旅馆，干脆喊作“巧巧农家乐”。
两层15间房，宽敞整洁，生意好时，一年能挣20多万元。见记者问当地特产，秦家老爷子指着房前屋后的皱皮柑树，那些皱巴巴的果子刚上市，初尝微苦，回甘却长。
绿水青山就是金山银山，这家人是见证者、受益者。春赏花，夏避暑，秋季摘果，冬有山珍。用秦家人的话说，“背靠青山，护好环境，四季都是旺季，代代都有福气。”大门口，红色楹联上书：“五湖四海皆春色，万水千山尽朝辉。”","# 追求高质量、可持续的发展

> 本报记者  禹伟良  陆娅楠  唐露薇《人民日报》（2026年01月09日第 04 版）

荆江水，连天下，九曲回肠到石首。

周末晌午，太阳正好，四季爱水的石首人，会漫步江湾。

“没得总书记讲话，没得10年前那张‘天价罚单’，就没得九曲湾的今天。”江湾边，朱松柏迎来一天中最开心的时刻。

退休前，老朱是楚源集团职工。这几年，他眼看着堆满砂石料的乱石滩，变成石首老少的亲水乐园。

“生在长江边，不见得懂长江水。拐过这个弯，心通透了，江清亮了，蛮好！”

急弯变暖弯，推动长江经济带发展座谈会是重要转折点。

2016年1月5日，习近平总书记在重庆召开推动长江经济带发展座谈会，“共抓大保护，不搞大开发”“走生态优先、绿色发展之路”举旗定向，绿色发展开始成为长江经济带主旋律。

湖北省明确提出，着眼长江全流域，跳出湖北看长江，树立“上游意识”，扛起“上游担当”，宁可不进位，也不要“带污染的GDP”。

以楚源接受“天价罚单”停产整治为契机，石首市党员干部树立和践行正确政绩观，开启一场推动绿色发展的新实践。

**洲滩万亩芦苇：“荒野弃儿”变“资源宠儿”**

**政绩观体现发展观。新时代政绩观是落实新发展理念、推动高质量发展的政绩观**

石首洲滩，万亩芦苇，一度让石首人“两难”。

芦苇净化水质、涵养水源，是保持长江生物多样性不可或缺的一环。

长期以来，石首芦苇卖给鄂湘两地100多家小纸厂，是当地促就业、稳增长的来源。

2016年习近平总书记亲自擘画，长江经济带发展确定生态优先、绿色发展的战略定位，沿江关停造成污染的小纸厂。原本抢手的石首芦苇瞬间滞销，4万亩缩至8000亩。

“任芦苇自然生长，不加收割利用，植株就会退化，造成污染。除杂、清渣、防火又有成本，每亩少说100元。”石首洲滩管护中心主任王先智介绍。

生态告急叠加财政难题，“两难”怎么破？

“要坚持在发展中保护、在保护中发展，不能把生态环境保护和经济发展割裂开来，更不能对立起来。”

“绿色发展是高质量发展的底色，新质生产力本身就是绿色生产力。”

从习近平新时代中国特色社会主义思想中找工作方法、谋思维钥匙，重新看待发展和保护的关系，努力打通绿水青山与金山银山，管护中心一班人跑协会、访院所、探市场，为芦苇谋新生。

管护中心调研发现，原来芦苇不仅是造纸原料，还可以提取高活性酶解木质素合成生物树脂，用于制造碳纤维复合材料，应用于航空航天、轨道交通、新能源等高端制造领域。

国产高端环氧树脂正好是“卡脖子”环节。芦苇为原料进行提取，既满足了市场需求，又实现了绿色转型。

人无我有，因地制宜。

芦苇加工生产线上马，特种纸生产基地启动，全球首个万吨级新材料生物质炼制工厂落地……新产业、新业态、新模式、新质生产力，“荒野弃儿”变“资源宠儿”。

仅仙鹤纸业一、二期建成达产后，预计年总产值就可达110亿元，实现税收5.5亿元，提供超4000个直接就业岗位，并带动周边物流、餐饮等服务业快速发展。

芦苇新生，只是缩影。

树立和践行正确政绩观，事关党和国家事业发展大局、事关人民群众切身利益、事关中国式现代化建设进程。

护好绿水青山是上半篇文章，打通金山银山是下半篇文章。石首党员干部以正确政绩观端稳“生态饭”。

政绩观折射大局观，坚决落实党中央的决策部署，以舍谋得。

化工一向是石首主导产业。2016年，石首张城垸化工园区，基础设施建设投了15亿元，正准备抓紧招引化工新项目。

“发展化工业最便利、成本最低，但对长江生态造成的风险也可能最大，市委市政府果断终止原规划。”时任石首经济开发区管委会副主任徐治国回忆。

坚决“关停并转”、腾笼换鸟，目前石首高新技术企业达120家，较“十三五”末增长5.5倍。

政绩观彰显发展观，坚定不移推动高质量发展，向新向绿。

化工园区最东端，坐落着能特科技有限公司。年产8000吨异植物醇，国内精细化工业的佼佼者。

鱼塘微波，菜畦染翠，暗香浮动。走进厂区，没有刺鼻气味，随处可见花草瓜菜。

能特科技董事长、老党员陈烈权，曾任楚源集团公司高管，后离职创业从零开始走绿色发展之路：“楚源的‘天价罚单’，把化工企业罚疼了、罚清醒了。如今百姓需要的是高品质生活，只有高质量发展才能满足。”

自觉用党的创新理论武装头脑，胸怀大局，多算大账，才能既为一域争光、更为全局添彩。

**伯牙口村生活垃圾填埋场：“邻避困局”成“挽臂同行”**

**政绩观连着群众观。新时代政绩观是坚持以人民为中心的发展思想、践行全过程人民民主的政绩观**

石首调关镇，伯牙口村，相传伯牙鼓琴在此遇知音。

一场“邻避困局”戏剧性破题，让高山流水的佳话有了时代新篇。

2019年4月，石首关停存在23年的沿江垃圾堆场，准备建垃圾焚烧发电厂。配套的生活垃圾无害化卫生填埋场，选址就在伯牙口村。

项目投产后，生活垃圾日处理能力700吨，石首“垃圾围城”将迎刃而解，电厂每年还能输送1.44亿千瓦时绿电。

皆大欢喜好项目，伯牙口村党委开会，一致通过。然而，项目组一进村，却被400多名村民围个严严实实。

“为群众办好事，为啥办不下去？”

调关镇经济发展办工作人员赵生炳，时任填埋场项目镇指挥部常务副总指挥。那天，衣服都被撕破了。

这一问，真有原因。

2008年，4公里外，邻省建了个垃圾填埋场，走的老路子，污水横流、气味刺鼻。伯牙口人心有余悸。

“别个往你家门口乱扔东西你都气，何况摆个大垃圾堆！”自家院子离填埋场仅六七百米，村民付家培吼得最响。

这一问，问出人心。

好事要办好，入心又入脑。进了村委会的门，不等于进了家家户户的门。面对面，搞过细，才能打开心门，真正坐到一条板凳上。

“生态环境是关系党的使命宗旨的重大政治问题，也是关系民生的重大社会问题。”

“推动长江经济带发展不仅仅是沿江各地党委和政府的责任，也是全社会的共同事业，要加快形成全社会共同参与的共抓大保护、不搞大开发格局，更加有效地动员和凝聚各方面力量。”

重温总书记重要讲话，字字句句，格外真切。

政绩观连着群众观。走好新时代党的群众路线，“把屁股端端地坐在老百姓的这一面”。

石首市抽调263名党员干部，组成28个群众工作专班，分赴伯牙口村各村民小组。

全村4825人，一人一想法。挨家挨户，来来回回，摆事实、问需求，下足绣花功夫。

现代垃圾填埋场啥模样？安全性为何有保障？市里带队，伯牙口村民12批次、2000余人，去广东、湖南，还有省内的仙桃、宜昌现场观摩。

战斗堡垒，攻克思想壁垒。

不到10个月，项目清障开工，全村1034户签下承诺书，施工同意率91.3%。

起初带头反对的付家培，在填埋场当上卸灰工，每月工资五六千元。

“既要为群众办事，还要用群众喜欢的方式办事，共建共治共享。”入村时受阻挨骂，离开时，乡亲们拎着土鸡蛋直往手里塞，令赵生炳感慨。

“邻避困局”成“挽臂同行”，催生新的思考。

“发展路径取决于发展目的。新思想为啥管用？来自人心，造福群众。归根结底，以人民为中心，才会为群众所喜爱、所认同、所拥有。”石首市委主要负责同志说。

**天鹅洲白****（上既下鱼）****豚、麋鹿自然保护区：“对立孤立”到“和合共生”**

**政绩观映照文明观。新时代政绩观是坚定文化自信、努力创造人类文明新形态的政绩观**

石首天鹅洲，属古籍中的“云梦泽”，是白（上既下鱼）豚、麋鹿国家级自然保护区。

这片大自然的绝美馈赠，也曾陷入困境。10年前，当地流行一个段子——“黄河给长江打电话：‘长江长江，我是黄河。’长江回复：‘黄河黄河，我也是黄河。’”

美丽不应只在故纸里。新时代的中国共产党人，把生态文明建设提升到前所未有的高度。

“中国式现代化是人与自然和谐共生的现代化。”

为了清洁水源，石首天鹅洲开发区和近邻监利程集镇一度矛盾不断。开发区需要为江豚、麋鹿蓄水，程集镇生产生活只有天鹅洲故道这一处水源。保生产生活用水，还是保江豚、麋鹿用水，成了难题。

荆州市水利和湖泊局协调，程集镇筹资，天鹅洲故道下游入江口建起了泵站和水渠，从长江给故道补水，从而保证了程集镇百姓用水。

上游与下游是利益共同体、责任共同体。区域协调发展，“争水”变“让水”。

着眼可持续发展，和谐共处。

周末，石首横沟市镇居民陈霞带着外地亲戚家的孩子到天鹅洲麋鹿苑参观。成片的麋鹿奔腾如潮，成了承载乡愁的美好礼物。

陈霞说，石首人和麋鹿、江豚的缘分，经历了三部曲：过去争水争地；后来红线划定、栏杆围起，然而幼时芦苇荡里邂逅麋鹿的欣喜就此“消失”；如今，天鹅洲建起科普研学基地，麋鹿重回大众视野，江豚微笑成为城市名片。

“没有见过，就不会有感觉，更没得感情，何谈保护？现在这样，蛮好！”

保护不是圈起来、隔离开，人与自然不能对立孤立，而是生命共同体。

从“要我保护”到“我要保护”，“水陆国宝”重焕生机。如今，石首江豚保护区从5头江豚发展到101头，其中向外输出47头，野化放归4头。

湖北长江天鹅洲白（上既下鱼）豚国家级自然保护区主任毛峻峰介绍，借鉴运用天鹅洲的养护经验，属“极危”物种的柬埔寨境内湄公河伊洛瓦底江豚种群，从2015年的80头增长至2025年的112头，其中2025年记录新生江豚8头，首次实现死亡零记录。

“中国式现代化是物质文明和精神文明相协调的现代化。”

告别石首市区，走近桃花山。

这里曾是石首最偏远的山区、红六军发祥地，因着青山绿水，成了湘鄂两地小有名气的休闲地。

桃花山景区外，一排农家乐。“巧巧农家乐”里，夫妻正忙。

这是个四代同堂的大家庭。

笑眯眯的秦亮，曾在广东、江苏打工，2014年回乡创业。说来也巧，媳妇来自湖北随州，名易巧，弟妹老家湖南邵阳，叫谭巧，新开的家庭旅馆，干脆喊作“巧巧农家乐”。

两层15间房，宽敞整洁，生意好时，一年能挣20多万元。见记者问当地特产，秦家老爷子指着房前屋后的皱皮柑树，那些皱巴巴的果子刚上市，初尝微苦，回甘却长。

绿水青山就是金山银山，这家人是见证者、受益者。春赏花，夏避暑，秋季摘果，冬有山珍。用秦家人的话说，“背靠青山，护好环境，四季都是旺季，代代都有福气。”大门口，红色楹联上书：“五湖四海皆春色，万水千山尽朝辉。”",禹伟良  陆娅楠  唐露薇,要闻,https://paper.people.com.cn/rmrb/pc/content/202601/09/content_30130801.html,2026-01-09,"['石首', '政绩观', '天鹅洲', '发展', '长江', '麋鹿', '芦苇', '填埋场', '江豚', '牙口']","荆江水，连天下，九曲回肠到石首。
周末晌午，太阳正好，四季爱水的石首人，会漫步江湾。
“没得总书记讲话，没得10年前那张‘天价罚单’，就没得九曲湾的今天。”江湾边，朱松柏迎来一天中最开心的时刻。",政治
务实是必备品格（人民论坛）,"人民日报通讯《老杨小杨思想“转弯”记》的视频转化产品中，一双鞋底的变化，让人印象深刻。
H酸三车间员工李平，2005年进厂上班第二天，车间一台环保设备故障报警。不探缘由，不顾污染，拧开螺丝倒废料，再用自来水将地面一冲，只为确保不停产。下班时，一双新皮鞋，鞋底蚀坏了。
如今，厂里用水分类，废料禁落，各项指标在线监测，李平抬脚，一双胶鞋穿一礼拜，鞋底依然干干净净。
小小鞋底，见证企业转型发展、折射长江之变。10年来，共抓大保护，长江经济带优良水质比例从67%提升到96.5%，“化工围江”变“江豚逐浪”。
实实在在的变化，来自笃实好学、真抓实干。
由此联想到，岁末年初的两次会议。
2025年底，中央政治局召开民主生活会，习近平总书记强调：“共产党人是唯物主义者，务实是必备品格，必须实事求是、求真务实、真抓实干。”
今年1月8日，中共中央政治局常务委员会召开会议。“认真落实四中全会部署”“不折不扣把党中央各项决策部署落到实处”“以实干出政绩”……一个“实”字，贯穿始终。
“求真务实”，正是习近平新时代中国特色社会主义思想的一个鲜明特点。
确保“十五五”开好局、起好步，党的创新理论既是方向指引，也有工作方法。长江之变可谓“活教材”。
务实是一种修养。说老实话、办老实事，自觉做对党忠诚的老实人、做党的创新理论的笃信笃行者。
2016年推动长江经济带发展座谈会召开后，作为长江岸线最长的省份，“中游”湖北提出“着眼长江全流域，跳出湖北看长江”。树立“上游意识”，扛起“上游担当”，让湖北在破解“化工围江”上先行一步、主动担当。
不折不扣把党中央各项决策部署落到实处，首先要胸怀全局、服从大局。“服从大局”绝非被动接受、消极应付，也不是装样子、走过场，而是站在全局谋一域，既踏踏实实，又创造性地开展工作，“做到既为一域增光、又为全局添彩”。
务实是一种方法。不盲目跟风、不搞花架子，而是强化系统观念，“把调查研究、求真务实作为基本功”。
曾有人疑虑，大保护会影响发展。可沿江看，不仅楚源向新向好，兴发集团坚定转型升级，产品从“按吨卖”变“按克论”，2025年预计上缴税费比“十三五”末增长194%。10年来，长江经济带地区生产总值翻了一番多。
山水林田湖草沙是不可分割的生态系统，生态环境治理是一项系统工程。水中与空中，此地与彼地，保护与发展，当前与长远，都不能割裂地看，碎片化地干。
“系统观念是具有基础性的思想和工作方法”。今天，从保护自然生态，到优化创新生态，再到治理网络生态、净化政治生态，坚持一切从实际出发，强化系统观念，才能统筹处理好“多难问题”。
务实是一种作风。凡是有利于党和人民的事，就要事不避难、义不逃责，大胆地干、坚决地干。
丹江口水库坚持“空天地水”全方位保护，当好京津冀豫26座大中城市的“大水井”；受益于化工企业“关改搬转”，“北京蓝”成“常态蓝”，很多地方的“蓝天指数”显著提高……不畏艰难，迎难而上，攻坚克难，彰显的是为民情怀，激扬的是奋斗精神。
“十五五”时期，战略机遇和风险挑战并存、不确定难预料因素增多。苦练内功，往实里干，干出实绩，才能赢得发展的主动。务实，是中国共产党人的执政品格、优良传统，也是时代要求、行动自觉。","# 务实是必备品格（人民论坛）

> 筱  南《人民日报》（2026年01月09日第 04 版）

人民日报通讯《老杨小杨思想“转弯”记》的视频转化产品中，一双鞋底的变化，让人印象深刻。

H酸三车间员工李平，2005年进厂上班第二天，车间一台环保设备故障报警。不探缘由，不顾污染，拧开螺丝倒废料，再用自来水将地面一冲，只为确保不停产。下班时，一双新皮鞋，鞋底蚀坏了。

如今，厂里用水分类，废料禁落，各项指标在线监测，李平抬脚，一双胶鞋穿一礼拜，鞋底依然干干净净。

小小鞋底，见证企业转型发展、折射长江之变。10年来，共抓大保护，长江经济带优良水质比例从67%提升到96.5%，“化工围江”变“江豚逐浪”。

实实在在的变化，来自笃实好学、真抓实干。

由此联想到，岁末年初的两次会议。

2025年底，中央政治局召开民主生活会，习近平总书记强调：“共产党人是唯物主义者，务实是必备品格，必须实事求是、求真务实、真抓实干。”

今年1月8日，中共中央政治局常务委员会召开会议。“认真落实四中全会部署”“不折不扣把党中央各项决策部署落到实处”“以实干出政绩”……一个“实”字，贯穿始终。

“求真务实”，正是习近平新时代中国特色社会主义思想的一个鲜明特点。

确保“十五五”开好局、起好步，党的创新理论既是方向指引，也有工作方法。长江之变可谓“活教材”。

务实是一种修养。说老实话、办老实事，自觉做对党忠诚的老实人、做党的创新理论的笃信笃行者。

2016年推动长江经济带发展座谈会召开后，作为长江岸线最长的省份，“中游”湖北提出“着眼长江全流域，跳出湖北看长江”。树立“上游意识”，扛起“上游担当”，让湖北在破解“化工围江”上先行一步、主动担当。

不折不扣把党中央各项决策部署落到实处，首先要胸怀全局、服从大局。“服从大局”绝非被动接受、消极应付，也不是装样子、走过场，而是站在全局谋一域，既踏踏实实，又创造性地开展工作，“做到既为一域增光、又为全局添彩”。

务实是一种方法。不盲目跟风、不搞花架子，而是强化系统观念，“把调查研究、求真务实作为基本功”。

曾有人疑虑，大保护会影响发展。可沿江看，不仅楚源向新向好，兴发集团坚定转型升级，产品从“按吨卖”变“按克论”，2025年预计上缴税费比“十三五”末增长194%。10年来，长江经济带地区生产总值翻了一番多。

山水林田湖草沙是不可分割的生态系统，生态环境治理是一项系统工程。水中与空中，此地与彼地，保护与发展，当前与长远，都不能割裂地看，碎片化地干。

“系统观念是具有基础性的思想和工作方法”。今天，从保护自然生态，到优化创新生态，再到治理网络生态、净化政治生态，坚持一切从实际出发，强化系统观念，才能统筹处理好“多难问题”。

务实是一种作风。凡是有利于党和人民的事，就要事不避难、义不逃责，大胆地干、坚决地干。

丹江口水库坚持“空天地水”全方位保护，当好京津冀豫26座大中城市的“大水井”；受益于化工企业“关改搬转”，“北京蓝”成“常态蓝”，很多地方的“蓝天指数”显著提高……不畏艰难，迎难而上，攻坚克难，彰显的是为民情怀，激扬的是奋斗精神。

“十五五”时期，战略机遇和风险挑战并存、不确定难预料因素增多。苦练内功，往实里干，干出实绩，才能赢得发展的主动。务实，是中国共产党人的执政品格、优良传统，也是时代要求、行动自觉。",筱  南,要闻,https://paper.people.com.cn/rmrb/pc/content/202601/09/content_30130802.html,2026-01-09,"['务实', '长江', '鞋底', '求真务实', '经济带', '生态', '品格', '保护', '全局', '李平']","人民日报通讯《老杨小杨思想“转弯”记》的视频转化产品中，一双鞋底的变化，让人印象深刻。
H酸三车间员工李平，2005年进厂上班第二天，车间一台环保设备故障报警。不探缘由，不顾污染，拧开螺丝倒废料，再用自来水将地面一冲，只为确保不停产。下班时，一双新皮鞋，鞋底蚀坏了。
如今，厂里用水分类，废料禁落，各项指标在线监测，李平抬脚，一双胶鞋穿一礼拜，鞋底依然干干净净。",政治
河南郑州金水区开展高龄津贴发放专项核查,"“顺三社区一名老人去世半年多了，为何补贴还在发放？”前段时间，在河南省郑州市金水区，一条检察机关移送的线索，引起了区纪委监委工作人员李田中的注意。
“有些老人去世后，高龄津贴仍然每月打到银行卡里。这个漏洞不容忽视。”李田中迅速展开了调查。
在顺三社区，李田中找出相关资料进行数据比对，弄清了原委：由于一名社区工作人员疏忽，没有及时核减去世老人信息，导致高龄津贴超发。
这是个案吗？一线核实工作难在哪？李田中打算就此展开调研。
第二次来到社区，李田中以“网格员”身份上门核实高龄老人信息，没想到刚开始就“碰壁”了。李田中敲开一户门，家人便在门口婉拒：“老人身体不好，刚睡下了，改天吧。”
一天跑下来，李田中发现难点真不少：有的群众不理解核实工作，有的老人不在家中，有的老人搬去了儿女家……“要想知道梨子滋味，就得亲口尝一尝。”李田中感慨。
第七次全国人口普查数据显示：2020年，我国人户分离人口达4.93亿人，约占全国总人口的35%。这为社区工作人员核实信息增加了不少难度。
“虽然有困难，但也不能成为履职不到位的理由。”李田中说，“不该支出的钱，一分也不能浪费。”
后来又经过多次调研，李田中发现超发津贴的情况不是孤例。他向上级建议：深入比对，在全区开展高龄津贴发放专项核查。
很快，金水区纪委监委联合民政、卫健等职能部门，组建3个联动监督监察组，在全区开展专项核查。核查发现，8个街道11个社区存在同类问题，排查出超发问题126个。最终，14人受到处理，超发资金全部追缴。
涉案人处理了，资金追缴了，事情结束了吗？
“处理人、追回钱只是治标，治本还得从源头堵住漏洞。”李田中和同事们一起调研多个社区，最终梳理分析出问题根源：信息共享不畅、动态摸排机制不健全、审核责任未压实。
随后，金水区纪委监委向区民政部门制发监察建议，推动出台《加强和规范高龄津贴发放工作机制》。机制明确，社区（村）每月要对发放对象进行动态摸排，区民政局依据相关部门反馈的异常数据开展抽查，压实审核责任。
机制推行后，李田中来到金水区文联社区调研。办公室里，工作人员张乐坐在电脑前，正仔细比对由医院和民政部门传来的数据，为已去世老人办理高龄津贴停发手续。“现在有了跨部门数据比对和资金追缴机制，民生资金发放更精准了。”张乐说。
一条线索引出深入调研，深入调研优化基层治理。“我们努力把调查研究做实做长效，力求做到既解决问题，也增进同群众的感情。”金水区委常委、区纪委书记、区监委主任秦大栋表示。","# 河南郑州金水区开展高龄津贴发放专项核查

> 本报记者  张文豪《人民日报》（2026年01月09日第 04 版）

“顺三社区一名老人去世半年多了，为何补贴还在发放？”前段时间，在河南省郑州市金水区，一条检察机关移送的线索，引起了区纪委监委工作人员李田中的注意。

“有些老人去世后，高龄津贴仍然每月打到银行卡里。这个漏洞不容忽视。”李田中迅速展开了调查。

在顺三社区，李田中找出相关资料进行数据比对，弄清了原委：由于一名社区工作人员疏忽，没有及时核减去世老人信息，导致高龄津贴超发。

这是个案吗？一线核实工作难在哪？李田中打算就此展开调研。

第二次来到社区，李田中以“网格员”身份上门核实高龄老人信息，没想到刚开始就“碰壁”了。李田中敲开一户门，家人便在门口婉拒：“老人身体不好，刚睡下了，改天吧。”

一天跑下来，李田中发现难点真不少：有的群众不理解核实工作，有的老人不在家中，有的老人搬去了儿女家……“要想知道梨子滋味，就得亲口尝一尝。”李田中感慨。

第七次全国人口普查数据显示：2020年，我国人户分离人口达4.93亿人，约占全国总人口的35%。这为社区工作人员核实信息增加了不少难度。

“虽然有困难，但也不能成为履职不到位的理由。”李田中说，“不该支出的钱，一分也不能浪费。”

后来又经过多次调研，李田中发现超发津贴的情况不是孤例。他向上级建议：深入比对，在全区开展高龄津贴发放专项核查。

很快，金水区纪委监委联合民政、卫健等职能部门，组建3个联动监督监察组，在全区开展专项核查。核查发现，8个街道11个社区存在同类问题，排查出超发问题126个。最终，14人受到处理，超发资金全部追缴。

涉案人处理了，资金追缴了，事情结束了吗？

“处理人、追回钱只是治标，治本还得从源头堵住漏洞。”李田中和同事们一起调研多个社区，最终梳理分析出问题根源：信息共享不畅、动态摸排机制不健全、审核责任未压实。

随后，金水区纪委监委向区民政部门制发监察建议，推动出台《加强和规范高龄津贴发放工作机制》。机制明确，社区（村）每月要对发放对象进行动态摸排，区民政局依据相关部门反馈的异常数据开展抽查，压实审核责任。

机制推行后，李田中来到金水区文联社区调研。办公室里，工作人员张乐坐在电脑前，正仔细比对由医院和民政部门传来的数据，为已去世老人办理高龄津贴停发手续。“现在有了跨部门数据比对和资金追缴机制，民生资金发放更精准了。”张乐说。

一条线索引出深入调研，深入调研优化基层治理。“我们努力把调查研究做实做长效，力求做到既解决问题，也增进同群众的感情。”金水区委常委、区纪委书记、区监委主任秦大栋表示。",张文豪,要闻,https://paper.people.com.cn/rmrb/pc/content/202601/09/content_30130804.html,2026-01-09,"['田中', '社区', '高龄', '津贴', '金水区', '监委', '老人', '调研', '发放', '超发']","“顺三社区一名老人去世半年多了，为何补贴还在发放？”前段时间，在河南省郑州市金水区，一条检察机关移送的线索，引起了区纪委监委工作人员李田中的注意。
“有些老人去世后，高龄津贴仍然每月打到银行卡里。这个漏洞不容忽视。”李田中迅速展开了调查。
在顺三社区，李田中找出相关资料进行数据比对，弄清了原委：由于一名社区工作人员疏忽，没有及时核减去世老人信息，导致高龄津贴超发。",社会
坚持协调发展，促进城乡融合和区域联动（稳中求进、提质增效 实现“十五五”良好开局）,"安徽省滁州市柳巷镇，检修人员在100多米的高空进行检修作业，确保“西电东送”特高压大动脉安全稳定运行。宋卫星摄（影像中国）
安徽省滁州市柳巷镇，检修人员在100多米的高空进行检修作业，确保“西电东送”特高压大动脉安全稳定运行。
宋卫星摄（影像中国）
四川省眉山市仁寿县举办的新农人电商培训班上，培训教师在指导学员。潘  帅摄（影像中国）
四川省眉山市仁寿县举办的新农人电商培训班上，培训教师在指导学员。
潘  帅摄（影像中国）
从广东省中山市眺望深中通道。刘国兴摄（影像中国）
从广东省中山市眺望深中通道。
刘国兴摄（影像中国）
数据来源：国家统计局等
数据来源：国家统计局等
区域协调发展是中国式现代化的内在要求。
习近平总书记强调，“只有实现了城乡、区域协调发展，国内大循环的空间才能更广阔、成色才能更足。”
中央经济工作会议提出，“坚持协调发展，促进城乡融合和区域联动。”
各地区各部门深入贯彻落实习近平总书记重要讲话精神和中央经济工作会议精神，深入实施区域协调发展战略、区域重大战略、主体功能区战略，发挥多重国家发展战略叠加优势，统筹推进以县城为重要载体的城镇化建设和乡村全面振兴，加快构建优势互补、高质量发展的区域经济格局。
“硬联通”“软联通”支撑重点城市群深度联动
俯瞰神州大地，在长三角，4小时车程内就能解决新能源汽车所有的配套零部件供应；在中部地区，大通道大枢纽加快建设，量子科技、存储芯片、工程机械等产业势头强劲；在东北地区，统筹资源型地区转型发展取得切实成效……
中国经济发展新空间背后，是一盘区域协调发展的大棋局。
“硬联通”加速推进。
一座座跨区域跨流域大通道，支撑起区域联动发展的“骨骼”。目前，京津冀、长三角、粤港澳大湾区等区域已形成1至2小时交通圈，“6轴7廊8通道”国家综合立体交通网主骨架基本贯通，服务全国90%左右的经济和人口总量……横连东西、纵贯南北，“流动的中国”动能澎湃。
“软联通”不断拓展。
河南、山西、陕西三省签署《黄河流域（豫晋陕段）横向生态保护补偿协议》，迈上协同治理新台阶；第十五届全国运动会公路自行车男子个人赛上，231.8公里的赛道跨越粤港澳三地，见证世界级湾区新发展……放眼全局，各地区加快推进公共服务共建共享，不断破除制约协同发展的行政壁垒和体制机制障碍。
2025年12月初，长三角地区首个国家级国土空间规划落地。“这标志着长三角都市圈融合已进入实质性突破阶段。”江苏省社科院区域现代化研究院副院长王树华说。
中央经济工作会议提出，“加强重点城市群协调联动，深化跨行政区合作。”
目前，我国19个城市群承载全国75%的人口，贡献了85%左右的国内生产总值，我国城市在全球的影响力、竞争力不断提高。京津冀、长三角、粤港澳大湾区城市群已成为引领全国高质量发展的重要动力源。
面向“十五五”，河南紧扣“三基地一枢纽”战略定位、完善省际合作机制；山东强化与沿黄中心城市及城市群交流合作；广东推出更多“湾区标准”“湾区认证”，提升大湾区市场一体化水平……以城市群为重要载体，促进多领域联动互通、创新链产业链高效协作，推动区域协调发展迈向更高水平。
农业强、农村美、农民富，农业农村现代化步伐不断加快
我国有14亿多人口，9亿多人常住在城镇，近5亿人在乡村。
农业农村现代化关系中国式现代化全局和成色。中央经济工作会议提出，“毫不放松抓好粮食生产”“持续巩固拓展脱贫攻坚成果”。
坚持农业农村优先发展，广袤乡村正在发生深刻嬗变。
农业供应链韧性更足。
翻开过去一年的丰收答卷，克服粮食生产先后遭遇春季干旱、高温伏旱、秋季连阴雨等灾害影响，我国粮食总产再次实现高位增产，亩均单产提高4.4公斤。
饭碗稳稳当当，背后既是良田、良种、良机、良法带来的全要素生产率提升，也是“粮头食尾”“农头工尾”带来的农业质量效益增强，推动粮食安全根基越夯越实。
在河南省延津县，从粮油面制品、烘焙膨化食品到冷冻休闲食品，围绕小麦“长”出一个百亿产业集群；在黑龙江省绥化市，玉米生物发酵主要产品达40余种，年加工能力接近200亿斤……产业化发展，让更多粮食主产区告别“价值洼地”。
乡村生产生活条件更优。
看“颜值”，全国农村卫生厕所普及率达76%左右，生活垃圾得到收运处理的建制村比例稳定保持在90%以上，建制村5G通达率超90%，水电路气信等基础设施持续往村覆盖、往户延伸。
看“气质”，村BA、村歌、村晚等“村字号”活动异彩纷呈。2024年，超七成农民群众参与了文化体育活动，乡风文明不断焕发新气象。
“十五五”规划建议提出，“分类有序、片区化推进乡村振兴”“创造乡村优质生活空间”。“我国乡村区域差异大，需要因地制宜细化村庄分类。采取片区化推进方式，有利于破解单村发展的瓶颈约束和天然局限，产生多方面的综合效应。”中国社会科学院学部委员、农村发展研究所研究员魏后凯说。
共同富裕的基础更加厚实。
2025年是全面打赢脱贫攻坚战以后，党中央设立5年过渡期的最后一年。政府、社会、市场协同推进，推动脱贫地区发展基础持续夯实。
四川省九龙县魁多镇，在浙江省杭州市西湖区对口帮扶下，茶产业实现提质增效。“东西部协作带来的远不只是销路，更是先进的经营发展理念。”魁多镇党委书记秦秀珍说，依托“园区景区化、景区园区化、园区产业化”互动，镇上加快打造现代民宿与生态茶园观光新路线。
过渡期以来，全国脱贫县农村居民人均可支配收入年均实际增长7.8%，比全国农村年均增速高0.9个百分点。
农业农村部有关负责人介绍，“十五五”时期将坚持“大稳定、小调整”，坚持精准施策，把常态化帮扶纳入乡村振兴战略统筹实施，确保长久守牢不发生规模性返贫致贫的底线。
兴业、强县、富民，县域“城尾乡头”枢纽作用持续彰显
县域，城和乡的结合点，也是经济社会发展的基本单元。
中央经济工作会议提出，“统筹推进以县城为重要载体的城镇化建设和乡村全面振兴，推动县域经济高质量发展。”
以工补农，县域发展能级不断跃迁。
在贵州省江口县，贵茶产业园内抹茶精制产线高效运转。“2025年1月至11月，公司抹茶产销量已超2150吨，产值超4.6亿元。”贵茶集团有关负责人说。
《2025中国县域经济高质量发展研究》显示，全国县域经济规模持续增长。2024年，全年地区生产总值超过1000亿元的千亿县数量增加到62个，地区生产总值超900亿元的准千亿县达到21个。
湖南省邵东市，聚焦轻工、新能源、大数据等六大产业链实施强链工程，打火机产业入选国家级中小企业特色产业集群；陕西省留坝县，紧扣打造国内知名旅游目的地目标，串起秦岭最美民宿、秦岭最美小镇、营盘足球小镇……
宜工则工，宜农则农，宜商则商，宜游则游，一个个小而美的县城，走出特色发展路径。
以城带乡，城乡之间的“路”平坦通畅。
伴随新一轮农业转移人口市民化行动实施，各地围绕落户门槛、随迁子女教育、就业培训等多领域，完善各方面政策供给，让进城农民留得下、过得好，不断增强融入城市的归属感。
数据显示，2024年末，我国常住人口城镇化率达到67%，城镇化率持续提高；2025年底，90%以上的县域建成紧密型县域医共体……伴随各类资源服务下沉，县乡村功能有机衔接互补，县域综合承载能力不断提升，持续释放活力动力。
蓝图已绘就，奋进正当时。坚持系统思维，全面推进城乡、区域协调发展，进一步畅通工农城乡循环，持续增强经济韧性和战略纵深，必将为实现中国式现代化积蓄强大势能。","# 坚持协调发展，促进城乡融合和区域联动（稳中求进、提质增效 实现“十五五”良好开局）

> 本报记者  郁静娴《人民日报》（2026年01月09日第 05 版）

安徽省滁州市柳巷镇，检修人员在100多米的高空进行检修作业，确保“西电东送”特高压大动脉安全稳定运行。　　宋卫星摄（影像中国）

安徽省滁州市柳巷镇，检修人员在100多米的高空进行检修作业，确保“西电东送”特高压大动脉安全稳定运行。

宋卫星摄（影像中国）

四川省眉山市仁寿县举办的新农人电商培训班上，培训教师在指导学员。　　潘  帅摄（影像中国）

四川省眉山市仁寿县举办的新农人电商培训班上，培训教师在指导学员。

潘  帅摄（影像中国）

从广东省中山市眺望深中通道。　　刘国兴摄（影像中国）

从广东省中山市眺望深中通道。

刘国兴摄（影像中国）

数据来源：国家统计局等

数据来源：国家统计局等

区域协调发展是中国式现代化的内在要求。

习近平总书记强调，“只有实现了城乡、区域协调发展，国内大循环的空间才能更广阔、成色才能更足。”

中央经济工作会议提出，“坚持协调发展，促进城乡融合和区域联动。”

各地区各部门深入贯彻落实习近平总书记重要讲话精神和中央经济工作会议精神，深入实施区域协调发展战略、区域重大战略、主体功能区战略，发挥多重国家发展战略叠加优势，统筹推进以县城为重要载体的城镇化建设和乡村全面振兴，加快构建优势互补、高质量发展的区域经济格局。

“硬联通”“软联通”支撑重点城市群深度联动

俯瞰神州大地，在长三角，4小时车程内就能解决新能源汽车所有的配套零部件供应；在中部地区，大通道大枢纽加快建设，量子科技、存储芯片、工程机械等产业势头强劲；在东北地区，统筹资源型地区转型发展取得切实成效……

中国经济发展新空间背后，是一盘区域协调发展的大棋局。

“硬联通”加速推进。

一座座跨区域跨流域大通道，支撑起区域联动发展的“骨骼”。目前，京津冀、长三角、粤港澳大湾区等区域已形成1至2小时交通圈，“6轴7廊8通道”国家综合立体交通网主骨架基本贯通，服务全国90%左右的经济和人口总量……横连东西、纵贯南北，“流动的中国”动能澎湃。

“软联通”不断拓展。

河南、山西、陕西三省签署《黄河流域（豫晋陕段）横向生态保护补偿协议》，迈上协同治理新台阶；第十五届全国运动会公路自行车男子个人赛上，231.8公里的赛道跨越粤港澳三地，见证世界级湾区新发展……放眼全局，各地区加快推进公共服务共建共享，不断破除制约协同发展的行政壁垒和体制机制障碍。

2025年12月初，长三角地区首个国家级国土空间规划落地。“这标志着长三角都市圈融合已进入实质性突破阶段。”江苏省社科院区域现代化研究院副院长王树华说。

中央经济工作会议提出，“加强重点城市群协调联动，深化跨行政区合作。”

目前，我国19个城市群承载全国75%的人口，贡献了85%左右的国内生产总值，我国城市在全球的影响力、竞争力不断提高。京津冀、长三角、粤港澳大湾区城市群已成为引领全国高质量发展的重要动力源。

面向“十五五”，河南紧扣“三基地一枢纽”战略定位、完善省际合作机制；山东强化与沿黄中心城市及城市群交流合作；广东推出更多“湾区标准”“湾区认证”，提升大湾区市场一体化水平……以城市群为重要载体，促进多领域联动互通、创新链产业链高效协作，推动区域协调发展迈向更高水平。

农业强、农村美、农民富，农业农村现代化步伐不断加快

我国有14亿多人口，9亿多人常住在城镇，近5亿人在乡村。

农业农村现代化关系中国式现代化全局和成色。中央经济工作会议提出，“毫不放松抓好粮食生产”“持续巩固拓展脱贫攻坚成果”。

坚持农业农村优先发展，广袤乡村正在发生深刻嬗变。

农业供应链韧性更足。

翻开过去一年的丰收答卷，克服粮食生产先后遭遇春季干旱、高温伏旱、秋季连阴雨等灾害影响，我国粮食总产再次实现高位增产，亩均单产提高4.4公斤。

饭碗稳稳当当，背后既是良田、良种、良机、良法带来的全要素生产率提升，也是“粮头食尾”“农头工尾”带来的农业质量效益增强，推动粮食安全根基越夯越实。

在河南省延津县，从粮油面制品、烘焙膨化食品到冷冻休闲食品，围绕小麦“长”出一个百亿产业集群；在黑龙江省绥化市，玉米生物发酵主要产品达40余种，年加工能力接近200亿斤……产业化发展，让更多粮食主产区告别“价值洼地”。

乡村生产生活条件更优。

看“颜值”，全国农村卫生厕所普及率达76%左右，生活垃圾得到收运处理的建制村比例稳定保持在90%以上，建制村5G通达率超90%，水电路气信等基础设施持续往村覆盖、往户延伸。

看“气质”，村BA、村歌、村晚等“村字号”活动异彩纷呈。2024年，超七成农民群众参与了文化体育活动，乡风文明不断焕发新气象。

“十五五”规划建议提出，“分类有序、片区化推进乡村振兴”“创造乡村优质生活空间”。“我国乡村区域差异大，需要因地制宜细化村庄分类。采取片区化推进方式，有利于破解单村发展的瓶颈约束和天然局限，产生多方面的综合效应。”中国社会科学院学部委员、农村发展研究所研究员魏后凯说。

共同富裕的基础更加厚实。

2025年是全面打赢脱贫攻坚战以后，党中央设立5年过渡期的最后一年。政府、社会、市场协同推进，推动脱贫地区发展基础持续夯实。

四川省九龙县魁多镇，在浙江省杭州市西湖区对口帮扶下，茶产业实现提质增效。“东西部协作带来的远不只是销路，更是先进的经营发展理念。”魁多镇党委书记秦秀珍说，依托“园区景区化、景区园区化、园区产业化”互动，镇上加快打造现代民宿与生态茶园观光新路线。

过渡期以来，全国脱贫县农村居民人均可支配收入年均实际增长7.8%，比全国农村年均增速高0.9个百分点。

农业农村部有关负责人介绍，“十五五”时期将坚持“大稳定、小调整”，坚持精准施策，把常态化帮扶纳入乡村振兴战略统筹实施，确保长久守牢不发生规模性返贫致贫的底线。

兴业、强县、富民，县域“城尾乡头”枢纽作用持续彰显

县域，城和乡的结合点，也是经济社会发展的基本单元。

中央经济工作会议提出，“统筹推进以县城为重要载体的城镇化建设和乡村全面振兴，推动县域经济高质量发展。”

以工补农，县域发展能级不断跃迁。

在贵州省江口县，贵茶产业园内抹茶精制产线高效运转。“2025年1月至11月，公司抹茶产销量已超2150吨，产值超4.6亿元。”贵茶集团有关负责人说。

《2025中国县域经济高质量发展研究》显示，全国县域经济规模持续增长。2024年，全年地区生产总值超过1000亿元的千亿县数量增加到62个，地区生产总值超900亿元的准千亿县达到21个。

湖南省邵东市，聚焦轻工、新能源、大数据等六大产业链实施强链工程，打火机产业入选国家级中小企业特色产业集群；陕西省留坝县，紧扣打造国内知名旅游目的地目标，串起秦岭最美民宿、秦岭最美小镇、营盘足球小镇……

宜工则工，宜农则农，宜商则商，宜游则游，一个个小而美的县城，走出特色发展路径。

以城带乡，城乡之间的“路”平坦通畅。

伴随新一轮农业转移人口市民化行动实施，各地围绕落户门槛、随迁子女教育、就业培训等多领域，完善各方面政策供给，让进城农民留得下、过得好，不断增强融入城市的归属感。

数据显示，2024年末，我国常住人口城镇化率达到67%，城镇化率持续提高；2025年底，90%以上的县域建成紧密型县域医共体……伴随各类资源服务下沉，县乡村功能有机衔接互补，县域综合承载能力不断提升，持续释放活力动力。

蓝图已绘就，奋进正当时。坚持系统思维，全面推进城乡、区域协调发展，进一步畅通工农城乡循环，持续增强经济韧性和战略纵深，必将为实现中国式现代化积蓄强大势能。",郁静娴,特别报道,https://paper.people.com.cn/rmrb/pc/content/202601/09/content_30130808.html,2026-01-09,"['发展', '县域', '区域', '乡村', '2025', '协调', '城市群', '影像', '联动', '90%']","安徽省滁州市柳巷镇，检修人员在100多米的高空进行检修作业，确保“西电东送”特高压大动脉安全稳定运行。宋卫星摄（影像中国）
安徽省滁州市柳巷镇，检修人员在100多米的高空进行检修作业，确保“西电东送”特高压大动脉安全稳定运行。
宋卫星摄（影像中国）",政治
共谱高质量发展协奏曲（编辑手记）,"下好发展的全国一盘棋，协调发展是制胜要诀。习近平总书记指出，“协调既是发展手段又是发展目标，同时还是评价发展的标准和尺度”“区域协调发展是实现共同富裕的必然要求”。新时代新征程，协调发展的重要性更加凸显。
这是运筹帷幄的发展智慧。扎实推动西部大开发形成新格局、东北全面振兴取得新突破、中部地区加快崛起、东部地区加快推进现代化，各地区合理分工、各展所长；京津冀、长三角、粤港澳大湾区握指成拳，高质量发展动力源作用更好发挥；长江经济带发展、黄河流域生态保护和高质量发展持续推进，擦亮绿色发展底色……随着区域协调发展战略、区域重大战略、主体功能区战略深入实施，主体功能明显、优势互补、高质量发展的区域经济布局加快形成，区域发展整体效能稳步提升。
这是温暖人心的民生答卷。进一步深化户籍制度改革，实施新一轮农业转移人口市民化行动，越来越多农民进城安家落户；加快补齐农村现代生活条件短板，推进城乡基础设施一体化和公共服务均等化，更多老乡用上了自来水、建起了卫生厕所、连上了5G网络……促进城乡融合，既是解决城乡发展不平衡、农村发展不充分问题的“钥匙”，也能进一步激活乡村消费市场和要素市场，激发增强城乡经济联系、畅通城乡经济循环的发展活力。
协调发展注重的是解决发展不平衡问题。新的一年，继续坚持“十个指头弹钢琴”，城乡优势互补、区域齐头并进，共谱高质量发展协奏曲，国内大循环定能空间更广阔、成色更足。","# 共谱高质量发展协奏曲（编辑手记）

> 卢  涛《人民日报》（2026年01月09日第 05 版）

下好发展的全国一盘棋，协调发展是制胜要诀。习近平总书记指出，“协调既是发展手段又是发展目标，同时还是评价发展的标准和尺度”“区域协调发展是实现共同富裕的必然要求”。新时代新征程，协调发展的重要性更加凸显。

这是运筹帷幄的发展智慧。扎实推动西部大开发形成新格局、东北全面振兴取得新突破、中部地区加快崛起、东部地区加快推进现代化，各地区合理分工、各展所长；京津冀、长三角、粤港澳大湾区握指成拳，高质量发展动力源作用更好发挥；长江经济带发展、黄河流域生态保护和高质量发展持续推进，擦亮绿色发展底色……随着区域协调发展战略、区域重大战略、主体功能区战略深入实施，主体功能明显、优势互补、高质量发展的区域经济布局加快形成，区域发展整体效能稳步提升。

这是温暖人心的民生答卷。进一步深化户籍制度改革，实施新一轮农业转移人口市民化行动，越来越多农民进城安家落户；加快补齐农村现代生活条件短板，推进城乡基础设施一体化和公共服务均等化，更多老乡用上了自来水、建起了卫生厕所、连上了5G网络……促进城乡融合，既是解决城乡发展不平衡、农村发展不充分问题的“钥匙”，也能进一步激活乡村消费市场和要素市场，激发增强城乡经济联系、畅通城乡经济循环的发展活力。

协调发展注重的是解决发展不平衡问题。新的一年，继续坚持“十个指头弹钢琴”，城乡优势互补、区域齐头并进，共谱高质量发展协奏曲，国内大循环定能空间更广阔、成色更足。",卢  涛,特别报道,https://paper.people.com.cn/rmrb/pc/content/202601/09/content_30130809.html,2026-01-09,"['发展', '高质量', '协调', '区域', '城乡', '共谱', '加快', '城乡经济', '优势互补', '协奏曲']","下好发展的全国一盘棋，协调发展是制胜要诀。习近平总书记指出，“协调既是发展手段又是发展目标，同时还是评价发展的标准和尺度”“区域协调发展是实现共同富裕的必然要求”。新时代新征程，协调发展的重要性更加凸显。
这是运筹帷幄的发展智慧。扎实推动西部大开发形成新格局、东北全面振兴取得新突破、中部地区加快崛起、东部地区加快推进现代化，各地区合理分工、各展所长；京津冀、长三角、粤港澳大湾区握指成拳，高质量发展动力源作用更好发挥；长江经济带发展、黄河流域生态保护和高质量发展持续推进，擦亮绿色发展底色……随着区域协调发展战略、区域重大战略、主体功能区战略深入实施，主体功能明显、优势互补、高质量发展的区域经济布局加快形成，区域发展整体效能稳步提升。
这是温暖人心的民生答卷。进一步深化户籍制度改革，实施新一轮农业转移人口市民化行动，越来越多农民进城安家落户；加快补齐农村现代生活条件短板，推进城乡基础设施一体化和公共服务均等化，更多老乡用上了自来水、建起了卫生厕所、连上了5G网络……促进城乡融合，既是解决城乡发展不平衡、农村发展不充分问题的“钥匙”，也能进一步激活乡村消费市场和要素市场，激发增强城乡经济联系、畅通城乡经济循环的发展活力。",政治
一个园区聚集三地企业,"“我们这款工业机器人需要联系汽车配件制造商磨合测试，您有合适的企业推荐吗？”
“没问题，我马上联系。”
一大早，天津滨海—中关村科技园办公室里，京津冀协同科工作人员朱昌瑞的电话就没断过。“这是最近对接的一家北京具身智能初创企业。北京有很多完成产品验证的初创企业需要实际应用场景磨合细节，科技园所在的天津经开区先进制造业集聚，很多企业都来这儿找应用场景。”朱昌瑞说，京津冀协同发展不仅是产业协同、政策协同，更是所有职能部门协同服务，只要企业有需求，“没二话，各部门一起上阵”。
“十四五”时期，科技园深化三地合作，共同打造协同创新示范基地、成果转化中心、集成服务中心等，去年园区新增注册经营主体中来自北京、河北的占比近三成。“我基本上每周都得去北京出差。现在国家管网集团科学试验基地已经签约落户，国内最大金属3D打印装置也落户在我们的新型产业用地。”说起过去一年的工作，朱昌瑞很自豪。
“现在有很多事得抓紧，优化提升协同发展机制，引入战略投资创新载体运营模式，推动成立投资基金；同时加强与北京市科委、中关村管委会对接，挖掘产业协作重点方向和资源。”新年伊始，朱昌瑞和同事们踌躇满志，“三地合力，相信未来发展会更好！”","# 一个园区聚集三地企业

> 本报记者  靳  博《人民日报》（2026年01月09日第 05 版）

“我们这款工业机器人需要联系汽车配件制造商磨合测试，您有合适的企业推荐吗？”

“没问题，我马上联系。”

一大早，天津滨海—中关村科技园办公室里，京津冀协同科工作人员朱昌瑞的电话就没断过。“这是最近对接的一家北京具身智能初创企业。北京有很多完成产品验证的初创企业需要实际应用场景磨合细节，科技园所在的天津经开区先进制造业集聚，很多企业都来这儿找应用场景。”朱昌瑞说，京津冀协同发展不仅是产业协同、政策协同，更是所有职能部门协同服务，只要企业有需求，“没二话，各部门一起上阵”。

“十四五”时期，科技园深化三地合作，共同打造协同创新示范基地、成果转化中心、集成服务中心等，去年园区新增注册经营主体中来自北京、河北的占比近三成。“我基本上每周都得去北京出差。现在国家管网集团科学试验基地已经签约落户，国内最大金属3D打印装置也落户在我们的新型产业用地。”说起过去一年的工作，朱昌瑞很自豪。

“现在有很多事得抓紧，优化提升协同发展机制，引入战略投资创新载体运营模式，推动成立投资基金；同时加强与北京市科委、中关村管委会对接，挖掘产业协作重点方向和资源。”新年伊始，朱昌瑞和同事们踌躇满志，“三地合力，相信未来发展会更好！”",靳  博,特别报道,https://paper.people.com.cn/rmrb/pc/content/202601/09/content_30130810.html,2026-01-09,"['协同', '朱昌瑞', '三地', '科技园', '企业', '京津冀', '磨合', '初创', '中关村', '北京']","“我们这款工业机器人需要联系汽车配件制造商磨合测试，您有合适的企业推荐吗？”
“没问题，我马上联系。”
一大早，天津滨海—中关村科技园办公室里，京津冀协同科工作人员朱昌瑞的电话就没断过。“这是最近对接的一家北京具身智能初创企业。北京有很多完成产品验证的初创企业需要实际应用场景磨合细节，科技园所在的天津经开区先进制造业集聚，很多企业都来这儿找应用场景。”朱昌瑞说，京津冀协同发展不仅是产业协同、政策协同，更是所有职能部门协同服务，只要企业有需求，“没二话，各部门一起上阵”。",政治
生产满负荷，开年加油干,"新年伊始，走进位于江苏昆山的协鑫光电材料有限公司钙钛矿光伏组件生产厂区，科技感扑面而来——千级洁净“黑灯”车间内，全自动生产线安静运转，机械臂轻轻抓起玻璃基板，精准送入镀膜设备“腹中”；设备内部，钙钛矿材料以纳米级精度均匀附着，光影交错间，玻璃基板上“长出”一个个高效的发电单元。
“这个生产基地自去年6月投产以来，基本上处在人歇机器不歇的状态，满负荷生产。”协鑫光电董事长范斌介绍，岁末年初，老客户不断增购，新客户也慕名而至，订单生产计划已排到今年下半年。
眼下，整个厂区洋溢着开年冲刺的活力。车间深处，工作人员正忙着为两套新生产设备的最后调试做准备。“到时候，钙钛矿光伏组件产能又能进一步提升。”范斌说。
新的一年，企业创新步伐将持续加速。“接下来，我们将瞄准更高目标，让每缕阳光释放更大能量。”范斌说，企业正在相关部门指导下筹备上市，助推创新技术加速产业化，让钙钛矿光伏组件源源不断地走出车间，走向世界。
在昆山，通过分类建库、梯次激励，不同发展阶段的企业都能获得政策支持。昆山高新技术企业已突破3500家，专精特新企业超1000家，战略性新兴产业产值占比达61%。不久前，昆山发布300多项融入长三角一体化发展合作场景，涵盖数字经济、先进制造等领域，以实际行动诠释“一体化”与“高质量”的深刻内涵。","# 生产满负荷，开年加油干

> 本报记者  王伟健《人民日报》（2026年01月09日第 05 版）

新年伊始，走进位于江苏昆山的协鑫光电材料有限公司钙钛矿光伏组件生产厂区，科技感扑面而来——千级洁净“黑灯”车间内，全自动生产线安静运转，机械臂轻轻抓起玻璃基板，精准送入镀膜设备“腹中”；设备内部，钙钛矿材料以纳米级精度均匀附着，光影交错间，玻璃基板上“长出”一个个高效的发电单元。

“这个生产基地自去年6月投产以来，基本上处在人歇机器不歇的状态，满负荷生产。”协鑫光电董事长范斌介绍，岁末年初，老客户不断增购，新客户也慕名而至，订单生产计划已排到今年下半年。

眼下，整个厂区洋溢着开年冲刺的活力。车间深处，工作人员正忙着为两套新生产设备的最后调试做准备。“到时候，钙钛矿光伏组件产能又能进一步提升。”范斌说。

新的一年，企业创新步伐将持续加速。“接下来，我们将瞄准更高目标，让每缕阳光释放更大能量。”范斌说，企业正在相关部门指导下筹备上市，助推创新技术加速产业化，让钙钛矿光伏组件源源不断地走出车间，走向世界。

在昆山，通过分类建库、梯次激励，不同发展阶段的企业都能获得政策支持。昆山高新技术企业已突破3500家，专精特新企业超1000家，战略性新兴产业产值占比达61%。不久前，昆山发布300多项融入长三角一体化发展合作场景，涵盖数字经济、先进制造等领域，以实际行动诠释“一体化”与“高质量”的深刻内涵。",王伟健,特别报道,https://paper.people.com.cn/rmrb/pc/content/202601/09/content_30130812.html,2026-01-09,"['钙钛矿', '昆山', '范斌', '组件', '光伏', '车间', '协鑫', '开年', '生产', '基板']","新年伊始，走进位于江苏昆山的协鑫光电材料有限公司钙钛矿光伏组件生产厂区，科技感扑面而来——千级洁净“黑灯”车间内，全自动生产线安静运转，机械臂轻轻抓起玻璃基板，精准送入镀膜设备“腹中”；设备内部，钙钛矿材料以纳米级精度均匀附着，光影交错间，玻璃基板上“长出”一个个高效的发电单元。
“这个生产基地自去年6月投产以来，基本上处在人歇机器不歇的状态，满负荷生产。”协鑫光电董事长范斌介绍，岁末年初，老客户不断增购，新客户也慕名而至，订单生产计划已排到今年下半年。
眼下，整个厂区洋溢着开年冲刺的活力。车间深处，工作人员正忙着为两套新生产设备的最后调试做准备。“到时候，钙钛矿光伏组件产能又能进一步提升。”范斌说。",政治
研发语料库，气象服务可定制（创新故事）,"近日，中国气象局人工智能气象服务系统风和正式上线。这是我国首个生成式人工智能气象服务语言模型，打开系统，输入问题，风和就会回答问题，输出报告。明天风速多少？适合穿什么衣服？推荐到哪里去看雪景？……回答和气象有关的问题，风和很专业。
风和拥有5000万词元（tokens）高质量气象服务语料库、49万条关于气象的场景化问答指令集，设置8大类、60余小类气象服务数据接口工具和个性化工具，风和气象服务基座模型进行智能调度，气象服务智能体平台为开发人员提供工具调用、数据接入、智能体开发等支撑，为能源电力、交通运输、旅游出行等提供智能、普惠的气象服务。目前，风和已在多地气象部门落地应用。在第十五届全国运动会上，风和接入广州气象部门“穗小天”小程序，开展赛事气象服务。
当下，人工智能正在逐渐改变人们的生产生活方式，人们也不再满足于简单地查阅天气预报信息，而是希望能提供更加个性化、定制化的智能服务。2024年，中国气象局公共气象服务中心、雄安气象人工智能创新研究院联合清华大学计算机科学与技术系等组成研发团队，自主研发生成式人工智能气象服务语言模型。
为了实现精准、专业、深入地理解用户对气象服务的需求，我们突破了4项关键技术——语料库构建技术、知识增训和场景微调技术、深度推理技术、多智能体协同技术。语料库构建技术，把中国气象局海量高质量的气象资料转换成特定的格式和数据，“喂”给风和模型进行学习，提高其专业性；增训和场景微调技术帮助模型“定尺寸”“修腰身”，提升气象基础能力、业务决策能力，使其更好地理解用户需求，增强复杂气象服务任务的自主规划及执行能力；深度推理技术能帮助模型提升推理能力，让模型像气象专家一样推理逻辑、决策；面向旅游、交通、能源等不同场景，研发团队搭建了各类气象服务智能体，多智能体协同技术实现复杂任务自动分解、规划、能力互补，使各个智能体协同合作，迅速给出专业性的报告。
技术攻关的过程是艰难的，一度让研发团队陷入困境，但我们从来没有放弃过，一次次改变、尝试，可以说，研发过程中的每一步都有创新。同时，我们也认识到，还需要更多的技术支持和准备，去拥抱气象服务人工智能时代的到来。
展望“十五五”，人工智能模型的训练、推理和迭代，离不开更强大的智算能力和大规模高质量语料库的支撑。我们需要不断加强学习，突出优势，细化相关领域的需求对接，丰富细分场景的智能体应用，推进“人工智能+”气象服务的深度融合，提升数智化气象服务的整体效能。
（作者为中国气象局公共气象服务中心正高级工程师，本报记者李红梅采访整理）","# 研发语料库，气象服务可定制（创新故事）

> 王慕华《人民日报》（2026年01月09日第 06 版）

近日，中国气象局人工智能气象服务系统风和正式上线。这是我国首个生成式人工智能气象服务语言模型，打开系统，输入问题，风和就会回答问题，输出报告。明天风速多少？适合穿什么衣服？推荐到哪里去看雪景？……回答和气象有关的问题，风和很专业。

风和拥有5000万词元（tokens）高质量气象服务语料库、49万条关于气象的场景化问答指令集，设置8大类、60余小类气象服务数据接口工具和个性化工具，风和气象服务基座模型进行智能调度，气象服务智能体平台为开发人员提供工具调用、数据接入、智能体开发等支撑，为能源电力、交通运输、旅游出行等提供智能、普惠的气象服务。目前，风和已在多地气象部门落地应用。在第十五届全国运动会上，风和接入广州气象部门“穗小天”小程序，开展赛事气象服务。

当下，人工智能正在逐渐改变人们的生产生活方式，人们也不再满足于简单地查阅天气预报信息，而是希望能提供更加个性化、定制化的智能服务。2024年，中国气象局公共气象服务中心、雄安气象人工智能创新研究院联合清华大学计算机科学与技术系等组成研发团队，自主研发生成式人工智能气象服务语言模型。

为了实现精准、专业、深入地理解用户对气象服务的需求，我们突破了4项关键技术——语料库构建技术、知识增训和场景微调技术、深度推理技术、多智能体协同技术。语料库构建技术，把中国气象局海量高质量的气象资料转换成特定的格式和数据，“喂”给风和模型进行学习，提高其专业性；增训和场景微调技术帮助模型“定尺寸”“修腰身”，提升气象基础能力、业务决策能力，使其更好地理解用户需求，增强复杂气象服务任务的自主规划及执行能力；深度推理技术能帮助模型提升推理能力，让模型像气象专家一样推理逻辑、决策；面向旅游、交通、能源等不同场景，研发团队搭建了各类气象服务智能体，多智能体协同技术实现复杂任务自动分解、规划、能力互补，使各个智能体协同合作，迅速给出专业性的报告。

技术攻关的过程是艰难的，一度让研发团队陷入困境，但我们从来没有放弃过，一次次改变、尝试，可以说，研发过程中的每一步都有创新。同时，我们也认识到，还需要更多的技术支持和准备，去拥抱气象服务人工智能时代的到来。

展望“十五五”，人工智能模型的训练、推理和迭代，离不开更强大的智算能力和大规模高质量语料库的支撑。我们需要不断加强学习，突出优势，细化相关领域的需求对接，丰富细分场景的智能体应用，推进“人工智能+”气象服务的深度融合，提升数智化气象服务的整体效能。

（作者为中国气象局公共气象服务中心正高级工程师，本报记者李红梅采访整理）",王慕华,要闻,https://paper.people.com.cn/rmrb/pc/content/202601/09/content_30130815.html,2026-01-09,"['气象', '服务', '人工智能', '智能', '语料库', '模型', '中国气象局', '技术', '推理', '研发']","近日，中国气象局人工智能气象服务系统风和正式上线。这是我国首个生成式人工智能气象服务语言模型，打开系统，输入问题，风和就会回答问题，输出报告。明天风速多少？适合穿什么衣服？推荐到哪里去看雪景？……回答和气象有关的问题，风和很专业。
风和拥有5000万词元（tokens）高质量气象服务语料库、49万条关于气象的场景化问答指令集，设置8大类、60余小类气象服务数据接口工具和个性化工具，风和气象服务基座模型进行智能调度，气象服务智能体平台为开发人员提供工具调用、数据接入、智能体开发等支撑，为能源电力、交通运输、旅游出行等提供智能、普惠的气象服务。目前，风和已在多地气象部门落地应用。在第十五届全国运动会上，风和接入广州气象部门“穗小天”小程序，开展赛事气象服务。
当下，人工智能正在逐渐改变人们的生产生活方式，人们也不再满足于简单地查阅天气预报信息，而是希望能提供更加个性化、定制化的智能服务。2024年，中国气象局公共气象服务中心、雄安气象人工智能创新研究院联合清华大学计算机科学与技术系等组成研发团队，自主研发生成式人工智能气象服务语言模型。",国际
让创新技术更好地落地生根（快评）,"近年来，人工智能技术方兴未艾。从实现种植环境精准调控的农业大模型，到帮助医生快速识别病灶的影像辅助诊断技术，再到利用算法优化配送路径的智慧物流手段，人工智能正以前所未有的速度和深度渗透到经济社会各领域各行业，广泛而深刻地改变着人们的生产生活方式。作为我国首个生成式人工智能气象服务语言模型，风和系统正是人工智能赋能气象服务行业的一个缩影。
人工智能如同一座推动知识普惠的桥梁，一端连着复杂的专业知识体系，一端连着多元的用户需求场景。只有把二者有效结合，才能让创新技术更好地落地生根，赋能千行百业。从风和系统的研发过程来看，正是如此。一方面，把海量资料转化成知识图谱，通过技术训练提升专业水平，深度转化知识；另一方面，利用场景化问答训练分析能力，面向不同场景搭建各类智能体，精准对接需求，进而打造“需求—知识—服务”的动态闭环。
展望未来，当技术与产业双向奔赴、知识与需求有效连接，期待人工智能真正实现从“可用”到“好用”、从“融入”到“重塑”，为加快培育新质生产力、推动经济社会高质量发展不断注入强劲动能。
■链接
人工智能在气象领域应用越来越广泛
如今，人工智能技术在气象领域的应用越来越广泛，新应用新场景不断增多，催生了不少人工智能模型，不断赋能气象行业发展。
在风和之前，中国气象局已推出了风雷、风清、风顺、风宇等人工智能模型。与风和不同的是，这些模型都应用在气象预报领域：风雷针对的是即将发生的雷暴和强降水天气，风清是全球短中期预报系统，风顺是全球次季节—季节预测系统，风宇是空间天气链式预报模型。2024年，中国气象局启动人工智能天气预报模型示范计划，推动预报模型与气象业务创新融合应用，伏羲、璞云、风乌、盘古等14个天气预报模型脱颖而出。
人工智能技术的加入，加上原有的气象预报技术以及预报员丰富的经验，让气象预报更加准确。
此外，在极端降水预测、强对流天气预警、气象资料同化分析、气象观测与数据处理、气象服务与决策支持等领域，也出现了不少人工智能模型，有力地推动了气象业务的数字化、信息化和智能化发展，为气象服务更好地助力生产生活提供了重要支撑。
（本报记者李红梅整理）","# 让创新技术更好地落地生根（快评）

> 宋  宇《人民日报》（2026年01月09日第 06 版）

近年来，人工智能技术方兴未艾。从实现种植环境精准调控的农业大模型，到帮助医生快速识别病灶的影像辅助诊断技术，再到利用算法优化配送路径的智慧物流手段，人工智能正以前所未有的速度和深度渗透到经济社会各领域各行业，广泛而深刻地改变着人们的生产生活方式。作为我国首个生成式人工智能气象服务语言模型，风和系统正是人工智能赋能气象服务行业的一个缩影。

人工智能如同一座推动知识普惠的桥梁，一端连着复杂的专业知识体系，一端连着多元的用户需求场景。只有把二者有效结合，才能让创新技术更好地落地生根，赋能千行百业。从风和系统的研发过程来看，正是如此。一方面，把海量资料转化成知识图谱，通过技术训练提升专业水平，深度转化知识；另一方面，利用场景化问答训练分析能力，面向不同场景搭建各类智能体，精准对接需求，进而打造“需求—知识—服务”的动态闭环。

展望未来，当技术与产业双向奔赴、知识与需求有效连接，期待人工智能真正实现从“可用”到“好用”、从“融入”到“重塑”，为加快培育新质生产力、推动经济社会高质量发展不断注入强劲动能。

**■链接**

**人工智能在气象领域应用越来越广泛**

如今，人工智能技术在气象领域的应用越来越广泛，新应用新场景不断增多，催生了不少人工智能模型，不断赋能气象行业发展。

在风和之前，中国气象局已推出了风雷、风清、风顺、风宇等人工智能模型。与风和不同的是，这些模型都应用在气象预报领域：风雷针对的是即将发生的雷暴和强降水天气，风清是全球短中期预报系统，风顺是全球次季节—季节预测系统，风宇是空间天气链式预报模型。2024年，中国气象局启动人工智能天气预报模型示范计划，推动预报模型与气象业务创新融合应用，伏羲、璞云、风乌、盘古等14个天气预报模型脱颖而出。

人工智能技术的加入，加上原有的气象预报技术以及预报员丰富的经验，让气象预报更加准确。

此外，在极端降水预测、强对流天气预警、气象资料同化分析、气象观测与数据处理、气象服务与决策支持等领域，也出现了不少人工智能模型，有力地推动了气象业务的数字化、信息化和智能化发展，为气象服务更好地助力生产生活提供了重要支撑。

（本报记者李红梅整理）",宋  宇,要闻,https://paper.people.com.cn/rmrb/pc/content/202601/09/content_30130816.html,2026-01-09,"['人工智能', '气象', '模型', '技术', '赋能', '场景', '知识', '气象预报', '应用', '领域']","近年来，人工智能技术方兴未艾。从实现种植环境精准调控的农业大模型，到帮助医生快速识别病灶的影像辅助诊断技术，再到利用算法优化配送路径的智慧物流手段，人工智能正以前所未有的速度和深度渗透到经济社会各领域各行业，广泛而深刻地改变着人们的生产生活方式。作为我国首个生成式人工智能气象服务语言模型，风和系统正是人工智能赋能气象服务行业的一个缩影。
人工智能如同一座推动知识普惠的桥梁，一端连着复杂的专业知识体系，一端连着多元的用户需求场景。只有把二者有效结合，才能让创新技术更好地落地生根，赋能千行百业。从风和系统的研发过程来看，正是如此。一方面，把海量资料转化成知识图谱，通过技术训练提升专业水平，深度转化知识；另一方面，利用场景化问答训练分析能力，面向不同场景搭建各类智能体，精准对接需求，进而打造“需求—知识—服务”的动态闭环。
展望未来，当技术与产业双向奔赴、知识与需求有效连接，期待人工智能真正实现从“可用”到“好用”、从“融入”到“重塑”，为加快培育新质生产力、推动经济社会高质量发展不断注入强劲动能。",经济
广西桂剧非遗传承人谢谢精研戏曲技艺,"绝活看点
广西桂剧是国家级非物质文化遗产，桂剧自治区级代表性传承人谢谢从业几十年，始终坚持“问字要音，依字行腔”的理念，设计富有特色的唱腔，并将爵士、交响乐等现代音乐元素融入传统戏曲创作。他创作的作品曾入选第十三届全国优秀声乐作品展演，获广西“五个一工程”奖。
晚上9点，广西南宁市“桂戏坊”，弦歌声不绝于耳。广西戏剧院桂剧团演员正在进行青春版桂剧《人面桃花》的排练。
“这里不要太多颤音。”“按谱唱太死板，‘寒’字这里声音加个小弯弯，这样才能字正腔圆。”台下，戴着老花镜的广西戏剧院原副院长谢谢（见图右一，受访者供图）正对着曲谱，指导青年演员的唱腔。
今年61岁的谢谢曾担任广西戏剧院副院长，也曾任桂剧团团长、民乐团团长。2006年，桂剧被列入第一批国家级非物质文化遗产名录。谢谢是桂剧自治区级代表性传承人，也是广西桂剧董派唱腔音乐唯一的传承人。
“地方戏曲区别标准主要是语言和声腔。”谢谢操着一口桂林话，手指随声调起伏比画，“桂剧表演用的是桂林话，它抑扬顿挫，平上去入，唱腔设计要‘问字要音，依字行腔’，演员唱起来舒服，观众也听得明白。”
“戏曲，戏一半、曲一半。伴以唱相生，唱以伴生情。唱腔创作既要保留剧种特色，又要符合剧中人物性格，同时还要适应观众的审美需求，做到‘移步不换形’。”从业几十年，谢谢一直追求这样的境界。
如何创作出好的戏曲音乐？谢谢有自己的“绝活”。谢谢不但能演奏多种民族乐器，还熟悉流行音乐、西方古典音乐等不同门类音乐。对剧本的深刻理解则使他的演奏和音乐创作更具特色。而这些，都离不开他多年的积累。
6岁时，谢谢就跟随父亲学习京胡等乐器，12岁就读广西艺术学院附中戏曲班，18岁进入柳州市桂剧团、师从著名桂剧音乐家董钧，20岁出头时开始自学音乐创作。
上世纪80年代，戏曲市场不太景气。为此，谢谢开始自学吉他等乐器到处去演出，这段看似艰难的经历，却丰富了谢谢的音乐技艺。
为桂剧《花桥荣记》创作的配乐《乡愁》化用民国时期的流行音乐，在学校公演时受到年轻人欢迎。一首桂戏歌，用桂剧曲牌加交响乐，听来别具一格……如今，谢谢常常创作出更接近流行音乐的戏歌，其中不乏爵士、交响乐等音乐元素。
指导完演员唱腔，谢谢就迫不及待打开打谱软件记录偶得的灵感，“过去作曲要手写誊谱，反复修改，现在可以用打谱软件写电子谱，还能用电脑演奏听效果。”
“传统唱腔‘依曲套词’，经常是7字、10字句，唱腔旋律上下句不断重复，观众容易产生审美疲劳。现在桂剧唱腔是‘依词唱曲’，更符合现代观众的审美需求。”谢谢说，相比于桂剧《人面桃花》传统版，青春版更受观众喜爱。“我在创作中，会根据桂林话吟诵诗律的语调来谱写旋律。”
如今的桂剧团有58名演职人员，平均年龄40岁。谢谢经常告诉徒弟们，要熟悉传统唱腔的板式，大量研究地方戏，要耐得住寂寞，有“十年磨一戏”的定力。
“相比于表演，戏曲音乐创作的人才更为紧缺。”谈及文化传承，谢谢深感责任重大，“比如拖腔是戏曲的绝活，可以将人物情绪演绎得淋漓尽致。戏曲唱腔设计除了要懂作曲的技法，还要掌握剧种唱腔特点，一定要多学传统文化，多读诗词歌赋，只有深刻地理解剧本才能创作出好的音乐。”
怀着对戏曲音乐的热爱，谢谢除了积极参与学校、剧协、文化馆等单位组织的交流活动，还积极参与各地戏歌、戏曲音乐创作。创作范围不只在桂剧，还有彩调、鹩剧、京剧、粤曲等。
“观众喜欢才是最重要的，我要更努力地创作。”摘下老花镜，谢谢笑着说。","# 广西桂剧非遗传承人谢谢精研戏曲技艺

> 本报记者  祝佳祺《人民日报》（2026年01月09日第 06 版）

绝活看点

广西桂剧是国家级非物质文化遗产，桂剧自治区级代表性传承人谢谢从业几十年，始终坚持“问字要音，依字行腔”的理念，设计富有特色的唱腔，并将爵士、交响乐等现代音乐元素融入传统戏曲创作。他创作的作品曾入选第十三届全国优秀声乐作品展演，获广西“五个一工程”奖。

晚上9点，广西南宁市“桂戏坊”，弦歌声不绝于耳。广西戏剧院桂剧团演员正在进行青春版桂剧《人面桃花》的排练。

“这里不要太多颤音。”“按谱唱太死板，‘寒’字这里声音加个小弯弯，这样才能字正腔圆。”台下，戴着老花镜的广西戏剧院原副院长谢谢（见图右一，受访者供图）正对着曲谱，指导青年演员的唱腔。

今年61岁的谢谢曾担任广西戏剧院副院长，也曾任桂剧团团长、民乐团团长。2006年，桂剧被列入第一批国家级非物质文化遗产名录。谢谢是桂剧自治区级代表性传承人，也是广西桂剧董派唱腔音乐唯一的传承人。

“地方戏曲区别标准主要是语言和声腔。”谢谢操着一口桂林话，手指随声调起伏比画，“桂剧表演用的是桂林话，它抑扬顿挫，平上去入，唱腔设计要‘问字要音，依字行腔’，演员唱起来舒服，观众也听得明白。”

“戏曲，戏一半、曲一半。伴以唱相生，唱以伴生情。唱腔创作既要保留剧种特色，又要符合剧中人物性格，同时还要适应观众的审美需求，做到‘移步不换形’。”从业几十年，谢谢一直追求这样的境界。

如何创作出好的戏曲音乐？谢谢有自己的“绝活”。谢谢不但能演奏多种民族乐器，还熟悉流行音乐、西方古典音乐等不同门类音乐。对剧本的深刻理解则使他的演奏和音乐创作更具特色。而这些，都离不开他多年的积累。

6岁时，谢谢就跟随父亲学习京胡等乐器，12岁就读广西艺术学院附中戏曲班，18岁进入柳州市桂剧团、师从著名桂剧音乐家董钧，20岁出头时开始自学音乐创作。

上世纪80年代，戏曲市场不太景气。为此，谢谢开始自学吉他等乐器到处去演出，这段看似艰难的经历，却丰富了谢谢的音乐技艺。

为桂剧《花桥荣记》创作的配乐《乡愁》化用民国时期的流行音乐，在学校公演时受到年轻人欢迎。一首桂戏歌，用桂剧曲牌加交响乐，听来别具一格……如今，谢谢常常创作出更接近流行音乐的戏歌，其中不乏爵士、交响乐等音乐元素。

指导完演员唱腔，谢谢就迫不及待打开打谱软件记录偶得的灵感，“过去作曲要手写誊谱，反复修改，现在可以用打谱软件写电子谱，还能用电脑演奏听效果。”

“传统唱腔‘依曲套词’，经常是7字、10字句，唱腔旋律上下句不断重复，观众容易产生审美疲劳。现在桂剧唱腔是‘依词唱曲’，更符合现代观众的审美需求。”谢谢说，相比于桂剧《人面桃花》传统版，青春版更受观众喜爱。“我在创作中，会根据桂林话吟诵诗律的语调来谱写旋律。”

如今的桂剧团有58名演职人员，平均年龄40岁。谢谢经常告诉徒弟们，要熟悉传统唱腔的板式，大量研究地方戏，要耐得住寂寞，有“十年磨一戏”的定力。

“相比于表演，戏曲音乐创作的人才更为紧缺。”谈及文化传承，谢谢深感责任重大，“比如拖腔是戏曲的绝活，可以将人物情绪演绎得淋漓尽致。戏曲唱腔设计除了要懂作曲的技法，还要掌握剧种唱腔特点，一定要多学传统文化，多读诗词歌赋，只有深刻地理解剧本才能创作出好的音乐。”

怀着对戏曲音乐的热爱，谢谢除了积极参与学校、剧协、文化馆等单位组织的交流活动，还积极参与各地戏歌、戏曲音乐创作。创作范围不只在桂剧，还有彩调、鹩剧、京剧、粤曲等。

“观众喜欢才是最重要的，我要更努力地创作。”摘下老花镜，谢谢笑着说。",祝佳祺,要闻,https://paper.people.com.cn/rmrb/pc/content/202601/09/content_30130817.html,2026-01-09,"['桂剧', '谢谢', '唱腔', '戏曲', '创作', '广西', '音乐', '观众', '音乐创作', '传承']","绝活看点
广西桂剧是国家级非物质文化遗产，桂剧自治区级代表性传承人谢谢从业几十年，始终坚持“问字要音，依字行腔”的理念，设计富有特色的唱腔，并将爵士、交响乐等现代音乐元素融入传统戏曲创作。他创作的作品曾入选第十三届全国优秀声乐作品展演，获广西“五个一工程”奖。
晚上9点，广西南宁市“桂戏坊”，弦歌声不绝于耳。广西戏剧院桂剧团演员正在进行青春版桂剧《人面桃花》的排练。",政治
为何全球关注超级人工智能（连线评论员）,"对话人：
彭  飞  本报评论员
曾  毅  中国科学院自动化研究所研究员、北京前瞻人工智能安全与治理研究院院长
彭飞：回顾2025年，人工智能发展一日千里。大家谈到通用人工智能，充满热情，而谈到超级人工智能，则顾虑重重。2025年10月以来，一份呼吁暂缓研发超级人工智能的声明，获得全球一大批科学家、政商界知名人士的签名。这是为什么？通用人工智能与超级人工智能到底有什么区别？
曾毅：目前所说的通用人工智能一般指具有高度泛化能力，接近或达到人类智能水平的信息处理工具，有很广泛的应用前景。超级人工智能则是指各方面都超过人类智能水平，且被认为是接近生命的存在。这意味着“它”会产生自主意识，且很多想法和行动将难以被人类理解，更难以被人类控制。
我们期望超级人工智能是“超级利他”的，但如果是“超级邪恶”怎么办？有研究发现，当前主流大语言模型在面临被替换的可能时，竟采取欺骗等方式以自保。更令人震惊的是，当模型意识到自己处于被测试的环境时，会故意掩盖不当行为。通用人工智能尚且如此，更何况超级人工智能？大家忧虑的正是这种未知感。
彭飞：从历史看，每次重大技术革命都会对经济社会发展产生重要影响。而且，随着技术完善、治理跟进，人类发展最终都能趋利避害。超级人工智能为何不会遵循这样的规律？
曾毅：不能简单把超级人工智能类比为历史上任何一种技术工具。“它”可能拥有独立认知并超越人类智能，这一挑战是前所未有的。“它”带来的风险和颠覆性改变也绝不限于就业、隐私保护、教育等局部领域，而是系统性的。最核心风险在于对齐失败和失控。如果超级人工智能的目标与人类价值观不一致，即使微小偏差也可能在经能力放大后导致灾难性后果。人类的负面行为大量存储在网络数据中，不可避免会被超级人工智能习得，这极大增加了对齐失败和失控的风险。因此，在人工智能开发与治理中，时刻都要坚持底线思维，摆脱传统的被动反应、跟进式的模式，做到未雨绸缪、前瞻布局。
彭飞：面对这么紧迫的课题，我们应采取一种怎样的治理思路？
曾毅：从基本原则看，安全必须是发展超级人工智能的“第一性原理”，即安全应成为模型的“基因”，不可删除，无法违背，不能因为可能影响模型能力而降低安全护栏。应尽可能全面考虑安全隐患并开展模型安全加固，坚持主动防御而非被动应对。
从实现路径看，通过“攻击—防御—评估”的技术过程不断更新模型，能有效解决如隐私泄露、虚假信息等典型安全问题，妥善应对短期风险。但从长期看，真正的挑战在于使超级人工智能与人类期望对齐。目前采取的基于人类反馈的强化学习——即在人机交互中将人类价值观嵌入人工智能的模式，很可能对超级人工智能无法奏效，迫切需要全新的思维与行动方式。
从最终效果看，由于超级人工智能可能拥有自我意识，更安全的理想图景是使“它”自主产生道德直觉、同理心与利他之心，而非单纯依靠外部“灌输”的价值规则。确保人工智能从合乎伦理变成拥有道德，才能最大限度降低风险。
彭飞：超级人工智能的安全问题具有全球性，一旦出现漏洞、失控，影响是跨越国界的。而人工智能的全球竞争又非常激烈，无论国家还是企业，都在争先。一些发达国家在超级人工智能的研发上更是“油门踩到底”。如何避免盲目竞争导致失控？人工智能治理的全球协作有可能吗？
曾毅：人类需要避免人工智能的发展演变为“军备竞赛”，其危害性不可估量。创造出世界上第一个超级人工智能也许不需要国际合作，但确保超级人工智能对全人类安全可靠，全球合作是必选项。
世界需要一个高效率、有执行力的国际机构，来协调人工智能的治理，以确保安全。2025年8月，联合国大会决定设立“人工智能独立国际科学小组”和“人工智能治理全球对话”机制，以促进可持续发展和弥合数字鸿沟。这方面的探索还应深入、继续。
各主权国家作为政策制定和执行的主体，尤其是掌握先进技术的发达国家，更有责任和义务防止在规则缺位的条件下盲目发展超级人工智能，造成风险外溢。中国倡导构建人类命运共同体、构建网络空间命运共同体，强调统筹发展和安全，提出《全球人工智能治理倡议》，值得在全球范围推广和践行。宁可稍稍放慢节奏，把安全的底子筑牢打扎实，也不能急功近利，以免把人类社会引向万劫不复的危险境地。","# 为何全球关注超级人工智能（连线评论员）

> 《人民日报》（2026年01月09日第 07 版）

对话人：

彭  飞  本报评论员

曾  毅  中国科学院自动化研究所研究员、北京前瞻人工智能安全与治理研究院院长

彭飞：回顾2025年，人工智能发展一日千里。大家谈到通用人工智能，充满热情，而谈到超级人工智能，则顾虑重重。2025年10月以来，一份呼吁暂缓研发超级人工智能的声明，获得全球一大批科学家、政商界知名人士的签名。这是为什么？通用人工智能与超级人工智能到底有什么区别？

曾毅：目前所说的通用人工智能一般指具有高度泛化能力，接近或达到人类智能水平的信息处理工具，有很广泛的应用前景。超级人工智能则是指各方面都超过人类智能水平，且被认为是接近生命的存在。这意味着“它”会产生自主意识，且很多想法和行动将难以被人类理解，更难以被人类控制。

我们期望超级人工智能是“超级利他”的，但如果是“超级邪恶”怎么办？有研究发现，当前主流大语言模型在面临被替换的可能时，竟采取欺骗等方式以自保。更令人震惊的是，当模型意识到自己处于被测试的环境时，会故意掩盖不当行为。通用人工智能尚且如此，更何况超级人工智能？大家忧虑的正是这种未知感。

彭飞：从历史看，每次重大技术革命都会对经济社会发展产生重要影响。而且，随着技术完善、治理跟进，人类发展最终都能趋利避害。超级人工智能为何不会遵循这样的规律？

曾毅：不能简单把超级人工智能类比为历史上任何一种技术工具。“它”可能拥有独立认知并超越人类智能，这一挑战是前所未有的。“它”带来的风险和颠覆性改变也绝不限于就业、隐私保护、教育等局部领域，而是系统性的。最核心风险在于对齐失败和失控。如果超级人工智能的目标与人类价值观不一致，即使微小偏差也可能在经能力放大后导致灾难性后果。人类的负面行为大量存储在网络数据中，不可避免会被超级人工智能习得，这极大增加了对齐失败和失控的风险。因此，在人工智能开发与治理中，时刻都要坚持底线思维，摆脱传统的被动反应、跟进式的模式，做到未雨绸缪、前瞻布局。

彭飞：面对这么紧迫的课题，我们应采取一种怎样的治理思路？

曾毅：从基本原则看，安全必须是发展超级人工智能的“第一性原理”，即安全应成为模型的“基因”，不可删除，无法违背，不能因为可能影响模型能力而降低安全护栏。应尽可能全面考虑安全隐患并开展模型安全加固，坚持主动防御而非被动应对。

从实现路径看，通过“攻击—防御—评估”的技术过程不断更新模型，能有效解决如隐私泄露、虚假信息等典型安全问题，妥善应对短期风险。但从长期看，真正的挑战在于使超级人工智能与人类期望对齐。目前采取的基于人类反馈的强化学习——即在人机交互中将人类价值观嵌入人工智能的模式，很可能对超级人工智能无法奏效，迫切需要全新的思维与行动方式。

从最终效果看，由于超级人工智能可能拥有自我意识，更安全的理想图景是使“它”自主产生道德直觉、同理心与利他之心，而非单纯依靠外部“灌输”的价值规则。确保人工智能从合乎伦理变成拥有道德，才能最大限度降低风险。

彭飞：超级人工智能的安全问题具有全球性，一旦出现漏洞、失控，影响是跨越国界的。而人工智能的全球竞争又非常激烈，无论国家还是企业，都在争先。一些发达国家在超级人工智能的研发上更是“油门踩到底”。如何避免盲目竞争导致失控？人工智能治理的全球协作有可能吗？

曾毅：人类需要避免人工智能的发展演变为“军备竞赛”，其危害性不可估量。创造出世界上第一个超级人工智能也许不需要国际合作，但确保超级人工智能对全人类安全可靠，全球合作是必选项。

世界需要一个高效率、有执行力的国际机构，来协调人工智能的治理，以确保安全。2025年8月，联合国大会决定设立“人工智能独立国际科学小组”和“人工智能治理全球对话”机制，以促进可持续发展和弥合数字鸿沟。这方面的探索还应深入、继续。

各主权国家作为政策制定和执行的主体，尤其是掌握先进技术的发达国家，更有责任和义务防止在规则缺位的条件下盲目发展超级人工智能，造成风险外溢。中国倡导构建人类命运共同体、构建网络空间命运共同体，强调统筹发展和安全，提出《全球人工智能治理倡议》，值得在全球范围推广和践行。宁可稍稍放慢节奏，把安全的底子筑牢打扎实，也不能急功近利，以免把人类社会引向万劫不复的危险境地。",,评论,https://paper.people.com.cn/rmrb/pc/content/202601/09/content_30130819.html,2026-01-09,"['人工智能', '超级', '人类', '安全', '治理', '曾毅', '彭飞', '模型', '全球', '失控']","对话人：
彭  飞  本报评论员
曾  毅  中国科学院自动化研究所研究员、北京前瞻人工智能安全与治理研究院院长",政治
从“最优路线”看预期管理（评论员观察）,"洞察大势、遵循规律，在历史前进的逻辑中前进，在时代发展的潮流中发展，便不惧一时一地的波动、眼前暂时的风雨
开车上班，导航软件总会提供多条备选路线。时间久了，便对其中两条尤为熟悉。一条红绿灯少，路况却难以预测，通畅时40分钟可达，一旦堵车，耗时可能翻倍。另一条红绿灯多，优点是通行时间稳定在1小时左右，波动范围小。多次尝试过后，笔者便有了心中的“最优路线”：除非特别赶时间，优选后者。
影响选择的关键因素，在于“预期”。日常生活中，人们往往会倾向于预期更稳定、意外更少的选项，因为越稳定的预期，意味着节奏愈可掌控、收益愈可预料。由日常生活到经济生活，同理。稳定的预期，是人们下决心、作决策时的重要锚点，是信心与行动的基石。由此，便不难理解为何许多地方优化营商环境、吸引人才扎根，都把提供稳定可靠的预期摆在突出位置。
预期的关键是“确定性”，稳预期的本质是稳信心。为什么说法治是最好的营商环境？因为制度管根本、管长远，稳定、公平、透明的规则体系有助于经营主体基于合理的预期对各种市场关系和行为作出正确判断，进而降低交易成本、激发市场活力、增强发展信心。民营经济促进法实施后不久，最高人民法院行政庭首次适用该法，在一起案件中判决政府部门向企业支付800余万元补偿。法治为合法经营“撑腰”，推动政府部门依法履职、守信践诺，给企业信心，让企业安心。
政策预期稳，经济大盘才能稳。落实好中央经济工作会议着力稳预期的要求，需纵深推进全国统一大市场建设，增强政策的前瞻性、针对性、有效性，下更大力气破解企业关心的融资难融资贵、账款拖欠、涉企乱收费等问题，让企业家安心经营、放心投资、专心创业，以预期之“稳”、环境之“优”促发展之“进”。
确定性不会凭空产生，源自不断织密织牢的制度保障网，源自一诺千钧的行动担当。就拿“双碳”转型来说，“十四五”时期我国建成全球最大的可再生能源体系，2024年新能源汽车产销量均超1200万辆，截至2025年9月底我国新型储能装机规模超1亿千瓦，与“十三五”末相比增长超30倍。大量资金、企业选择“押注”绿色低碳产业，一个重要原因是中国在2020年提出了“双碳”目标，而且“中国说到的话、承诺的事，一定会做到、一定会兑现”。这样的稳定预期，能够孕育无限机遇和增长空间。
在不确定的世界中，中国是最大的确定性。这种确定性彰显于“四大优势”，表现为科学制定和接续实施五年规划、一程接着一程干，蕴藏于平安稳定社会环境的方方面面，镌刻在勇攀高峰的创新征程上、坚定不移的开放足迹中。下一个“中国”还是中国，把握这种确定性，就是把握未来。
新质生产力勃发奔涌，科技创新突飞猛进，城乡面貌日新月异，快速发展变化的中国为世界注入稳定性，正说明预期稳定不等于一成不变、停滞不前。洞察大势、遵循规律，在历史前进的逻辑中前进，在时代发展的潮流中发展，便不惧一时一地的波动、眼前暂时的风雨——这何尝不是一种更深层次的预期。
历史有其规律和逻辑，文明有其方向和轨迹，和平、发展、合作、共赢的潮流不可阻挡。坚定站在历史正确一边、站在公平正义一边，以人民之心为心、以天下之利为利的中国，将以推动构建人类命运共同体的务实行动形塑世界关于自身的预期，也为世界大同、天下一家的愿景预期蓄势夯基。
说回“路线”，小说《长安的荔枝》中，主人公李善德为了将鲜荔枝从岭南运到长安，耗费大量人力物力财力反复试验，才最终找到一条“最优路线”。如今指尖轻点，路径规划、预估时间一目了然，能轻松实现预期清晰、心中有数。
科技拓展认知的边界，当下的行动决定关于未来的预期。关于预期管理的智慧，就藏在身边和历史的丰富实践里。","# 从“最优路线”看预期管理（评论员观察）

> 邹  翔《人民日报》（2026年01月09日第 07 版）

洞察大势、遵循规律，在历史前进的逻辑中前进，在时代发展的潮流中发展，便不惧一时一地的波动、眼前暂时的风雨

开车上班，导航软件总会提供多条备选路线。时间久了，便对其中两条尤为熟悉。一条红绿灯少，路况却难以预测，通畅时40分钟可达，一旦堵车，耗时可能翻倍。另一条红绿灯多，优点是通行时间稳定在1小时左右，波动范围小。多次尝试过后，笔者便有了心中的“最优路线”：除非特别赶时间，优选后者。

影响选择的关键因素，在于“预期”。日常生活中，人们往往会倾向于预期更稳定、意外更少的选项，因为越稳定的预期，意味着节奏愈可掌控、收益愈可预料。由日常生活到经济生活，同理。稳定的预期，是人们下决心、作决策时的重要锚点，是信心与行动的基石。由此，便不难理解为何许多地方优化营商环境、吸引人才扎根，都把提供稳定可靠的预期摆在突出位置。

预期的关键是“确定性”，稳预期的本质是稳信心。为什么说法治是最好的营商环境？因为制度管根本、管长远，稳定、公平、透明的规则体系有助于经营主体基于合理的预期对各种市场关系和行为作出正确判断，进而降低交易成本、激发市场活力、增强发展信心。民营经济促进法实施后不久，最高人民法院行政庭首次适用该法，在一起案件中判决政府部门向企业支付800余万元补偿。法治为合法经营“撑腰”，推动政府部门依法履职、守信践诺，给企业信心，让企业安心。

政策预期稳，经济大盘才能稳。落实好中央经济工作会议着力稳预期的要求，需纵深推进全国统一大市场建设，增强政策的前瞻性、针对性、有效性，下更大力气破解企业关心的融资难融资贵、账款拖欠、涉企乱收费等问题，让企业家安心经营、放心投资、专心创业，以预期之“稳”、环境之“优”促发展之“进”。

确定性不会凭空产生，源自不断织密织牢的制度保障网，源自一诺千钧的行动担当。就拿“双碳”转型来说，“十四五”时期我国建成全球最大的可再生能源体系，2024年新能源汽车产销量均超1200万辆，截至2025年9月底我国新型储能装机规模超1亿千瓦，与“十三五”末相比增长超30倍。大量资金、企业选择“押注”绿色低碳产业，一个重要原因是中国在2020年提出了“双碳”目标，而且“中国说到的话、承诺的事，一定会做到、一定会兑现”。这样的稳定预期，能够孕育无限机遇和增长空间。

在不确定的世界中，中国是最大的确定性。这种确定性彰显于“四大优势”，表现为科学制定和接续实施五年规划、一程接着一程干，蕴藏于平安稳定社会环境的方方面面，镌刻在勇攀高峰的创新征程上、坚定不移的开放足迹中。下一个“中国”还是中国，把握这种确定性，就是把握未来。

新质生产力勃发奔涌，科技创新突飞猛进，城乡面貌日新月异，快速发展变化的中国为世界注入稳定性，正说明预期稳定不等于一成不变、停滞不前。洞察大势、遵循规律，在历史前进的逻辑中前进，在时代发展的潮流中发展，便不惧一时一地的波动、眼前暂时的风雨——这何尝不是一种更深层次的预期。

历史有其规律和逻辑，文明有其方向和轨迹，和平、发展、合作、共赢的潮流不可阻挡。坚定站在历史正确一边、站在公平正义一边，以人民之心为心、以天下之利为利的中国，将以推动构建人类命运共同体的务实行动形塑世界关于自身的预期，也为世界大同、天下一家的愿景预期蓄势夯基。

说回“路线”，小说《长安的荔枝》中，主人公李善德为了将鲜荔枝从岭南运到长安，耗费大量人力物力财力反复试验，才最终找到一条“最优路线”。如今指尖轻点，路径规划、预估时间一目了然，能轻松实现预期清晰、心中有数。

科技拓展认知的边界，当下的行动决定关于未来的预期。关于预期管理的智慧，就藏在身边和历史的丰富实践里。",邹  翔,评论,https://paper.people.com.cn/rmrb/pc/content/202601/09/content_30130820.html,2026-01-09,"['预期', '稳定', '确定性', '路线', '前进', '最优', '发展', '信心', '潮流', '双碳']","洞察大势、遵循规律，在历史前进的逻辑中前进，在时代发展的潮流中发展，便不惧一时一地的波动、眼前暂时的风雨
开车上班，导航软件总会提供多条备选路线。时间久了，便对其中两条尤为熟悉。一条红绿灯少，路况却难以预测，通畅时40分钟可达，一旦堵车，耗时可能翻倍。另一条红绿灯多，优点是通行时间稳定在1小时左右，波动范围小。多次尝试过后，笔者便有了心中的“最优路线”：除非特别赶时间，优选后者。
影响选择的关键因素，在于“预期”。日常生活中，人们往往会倾向于预期更稳定、意外更少的选项，因为越稳定的预期，意味着节奏愈可掌控、收益愈可预料。由日常生活到经济生活，同理。稳定的预期，是人们下决心、作决策时的重要锚点，是信心与行动的基石。由此，便不难理解为何许多地方优化营商环境、吸引人才扎根，都把提供稳定可靠的预期摆在突出位置。",政治
法治展长卷  碧水入画来（人民时评）,"近段时间，两部关于生态文明建设的法律法规正式施行。
一部是《密云水库水源保护条例》。作为国家针对水库水源地颁布实施的首个条例，其施行将极大助力护航首都“大水缸”。
一部是国家公园法。这是我国首部关于国家公园的专门立法，其施行标志着我国国家公园建设迈入法治化、规范化新阶段。
法治展长卷，碧水入画来。从“首个条例”，到首部“专门立法”，法律制度不断完善，让生态文明建设有了更多“硬支撑”，也给各地守护绿水青山带来启示。
法律制度的作用在于规范。法律制度能为生态文明建设护航，一个方面就在于，明确了“可为”与“不可为”的边界，让生态文明建设有章可循、有法可依。
以施工噪声污染为例。近年来，随着城市建设的加速，施工噪声污染成为影响市民生活质量的突出问题。在浙江宁波，关于噪声污染的投诉量呈逐年上升趋势，其中建筑施工及室内装修噪声投诉增长尤为明显。2025年8月，宁波市人大常委会通过施工噪声污染防治规定，对上位法规定较为笼统的内容作了细化，对施工单位职责、高考中考期间施工限制、室内装修的限定时间等作了具体规定。“小快灵”立法，厘清了各方责任，治理噪声扰民有了更有力的法律武器。
习近平总书记指出：“我国生态环境保护中存在的突出问题大多同体制不健全、制度不严格、法治不严密、执行不到位、惩处不得力有关。”加强制度和法律供给，才能避免陷入“治理—反弹—再治理—再反弹”的怪圈，实现“长治”。
生态环境问题往往具有跨区域、迁移性等特点，影响范围可能跨越行政边界。以法律制度的形式，明确各方职责，推动生态治理区域一体化，才能形成治理合力。
就拿密云水库来说，其控制流域跨京冀“三区五县”。京冀两地经济发展水平、产业结构、生态环境保护力度等诸多方面存在差异。一度，保护措施多表现为上下游之间政策的简单叠加，不同地区管控政策差异也较大。条例明确京冀两地政府的协同责任，赋予跨省协作法律强制力，有助于减少因标准差异导致的监管漏洞，共护密云水库这一“无价之宝”。
江西、湖南两省人大常委会分别表决通过萍乡市、株洲市大气污染协同防治条例，广东中山市与珠海市协同开展前山河流域保护立法，黑龙江鹤岗市、佳木斯市协同制定嘟噜河湿地保护条例……从实践来看，用好协同立法这个手段，能有效破解“上游保护下游污染”“九龙治水”等问题，变“各管一摊”为“一摊共管”。
法律制度的作用还在于引导。生态优先，不是不要发展，而是要以绿色为引领，实现更高层次的发展。
长江湖南临湘段，岸线草木葱茏。曾经，这片土地被化工企业包围。长江保护法明确，“调整产业结构，优化产业布局，推进长江流域绿色发展”。22家化工企业退出沿江1公里，当地还新建绿色化工产业园，转移承接沿江退出的高新技术企业。可见，发挥法治引导作用，可从源头解决污染问题，促进经济向新向绿而行。
生态环境具有脆弱性，源头预防远胜事后治理。循法而行、依法而治，还能形成震慑作用，推动生态治理从事后处罚向事前预防转变。
建设生态文明，重在建章立制。“以法治理念、法治方式推动生态文明建设”，这是实践带来的深刻启示，也是铺展美丽中国画卷的必然要求。","# 法治展长卷  碧水入画来（人民时评）

> 寇江泽《人民日报》（2026年01月09日第 07 版）

近段时间，两部关于生态文明建设的法律法规正式施行。

一部是《密云水库水源保护条例》。作为国家针对水库水源地颁布实施的首个条例，其施行将极大助力护航首都“大水缸”。

一部是国家公园法。这是我国首部关于国家公园的专门立法，其施行标志着我国国家公园建设迈入法治化、规范化新阶段。

法治展长卷，碧水入画来。从“首个条例”，到首部“专门立法”，法律制度不断完善，让生态文明建设有了更多“硬支撑”，也给各地守护绿水青山带来启示。

法律制度的作用在于规范。法律制度能为生态文明建设护航，一个方面就在于，明确了“可为”与“不可为”的边界，让生态文明建设有章可循、有法可依。

以施工噪声污染为例。近年来，随着城市建设的加速，施工噪声污染成为影响市民生活质量的突出问题。在浙江宁波，关于噪声污染的投诉量呈逐年上升趋势，其中建筑施工及室内装修噪声投诉增长尤为明显。2025年8月，宁波市人大常委会通过施工噪声污染防治规定，对上位法规定较为笼统的内容作了细化，对施工单位职责、高考中考期间施工限制、室内装修的限定时间等作了具体规定。“小快灵”立法，厘清了各方责任，治理噪声扰民有了更有力的法律武器。

习近平总书记指出：“我国生态环境保护中存在的突出问题大多同体制不健全、制度不严格、法治不严密、执行不到位、惩处不得力有关。”加强制度和法律供给，才能避免陷入“治理—反弹—再治理—再反弹”的怪圈，实现“长治”。

生态环境问题往往具有跨区域、迁移性等特点，影响范围可能跨越行政边界。以法律制度的形式，明确各方职责，推动生态治理区域一体化，才能形成治理合力。

就拿密云水库来说，其控制流域跨京冀“三区五县”。京冀两地经济发展水平、产业结构、生态环境保护力度等诸多方面存在差异。一度，保护措施多表现为上下游之间政策的简单叠加，不同地区管控政策差异也较大。条例明确京冀两地政府的协同责任，赋予跨省协作法律强制力，有助于减少因标准差异导致的监管漏洞，共护密云水库这一“无价之宝”。

江西、湖南两省人大常委会分别表决通过萍乡市、株洲市大气污染协同防治条例，广东中山市与珠海市协同开展前山河流域保护立法，黑龙江鹤岗市、佳木斯市协同制定嘟噜河湿地保护条例……从实践来看，用好协同立法这个手段，能有效破解“上游保护下游污染”“九龙治水”等问题，变“各管一摊”为“一摊共管”。

法律制度的作用还在于引导。生态优先，不是不要发展，而是要以绿色为引领，实现更高层次的发展。

长江湖南临湘段，岸线草木葱茏。曾经，这片土地被化工企业包围。长江保护法明确，“调整产业结构，优化产业布局，推进长江流域绿色发展”。22家化工企业退出沿江1公里，当地还新建绿色化工产业园，转移承接沿江退出的高新技术企业。可见，发挥法治引导作用，可从源头解决污染问题，促进经济向新向绿而行。

生态环境具有脆弱性，源头预防远胜事后治理。循法而行、依法而治，还能形成震慑作用，推动生态治理从事后处罚向事前预防转变。

建设生态文明，重在建章立制。“以法治理念、法治方式推动生态文明建设”，这是实践带来的深刻启示，也是铺展美丽中国画卷的必然要求。",寇江泽,评论,https://paper.people.com.cn/rmrb/pc/content/202601/09/content_30130821.html,2026-01-09,"['生态', '法治', '治理', '噪声污染', '法律', '条例', '文明', '协同', '建设', '制度']","近段时间，两部关于生态文明建设的法律法规正式施行。
一部是《密云水库水源保护条例》。作为国家针对水库水源地颁布实施的首个条例，其施行将极大助力护航首都“大水缸”。
一部是国家公园法。这是我国首部关于国家公园的专门立法，其施行标志着我国国家公园建设迈入法治化、规范化新阶段。",政治
扩展阅读的半径（纵横）,"不久前，“万卷府抵，共读山海”全民阅读推广活动举办，活动通过资源下沉与服务创新，将优质讲座、数字平台、流动服务直接送达基层。
阅读没有止境，丰盈精神世界的需求永远不会过时。现实中，部分公共图书馆覆盖半径较小、基层图书馆基础薄弱、农村及特殊困难群体借阅不便，解决这些问题，迫切需要打通公共文化服务“最后一公里”。比如，借助网络聚合与物流配送的双轮驱动，“云端图书馆”能让公众实现“居家点单、免费借还”，既降低公众阅读的成本，也提升公众参与全民阅读的便捷性。
今天，满足精神诉求和情感需要的渠道越来越多元，但阅读依然是人们获得精神滋养、汲取智慧力量的重要路径。让阅读成为一种生活方式，需要让公共服务更加精细化、人性化，让“精神食粮”以更低成本、更高效率来到群众身边。
从地铁书房到社区书屋，时代浪潮中，我们要多一些改革意识和创新思维，让公众的阅读诉求有更多途径满足。通过阅读来启智增慧、丰盈精神世界，让有限的时间过得更加充实、更有意义，全民阅读需要更多有力举措。
（摘编自《中国教育报》，原题为《让公众阅读诉求有更多“打开”方式》）","# 扩展阅读的半径（纵横）

> 杨朝清《人民日报》（2026年01月09日第 07 版）

不久前，“万卷府抵，共读山海”全民阅读推广活动举办，活动通过资源下沉与服务创新，将优质讲座、数字平台、流动服务直接送达基层。

阅读没有止境，丰盈精神世界的需求永远不会过时。现实中，部分公共图书馆覆盖半径较小、基层图书馆基础薄弱、农村及特殊困难群体借阅不便，解决这些问题，迫切需要打通公共文化服务“最后一公里”。比如，借助网络聚合与物流配送的双轮驱动，“云端图书馆”能让公众实现“居家点单、免费借还”，既降低公众阅读的成本，也提升公众参与全民阅读的便捷性。

今天，满足精神诉求和情感需要的渠道越来越多元，但阅读依然是人们获得精神滋养、汲取智慧力量的重要路径。让阅读成为一种生活方式，需要让公共服务更加精细化、人性化，让“精神食粮”以更低成本、更高效率来到群众身边。

从地铁书房到社区书屋，时代浪潮中，我们要多一些改革意识和创新思维，让公众的阅读诉求有更多途径满足。通过阅读来启智增慧、丰盈精神世界，让有限的时间过得更加充实、更有意义，全民阅读需要更多有力举措。

（摘编自《中国教育报》，原题为《让公众阅读诉求有更多“打开”方式》）",杨朝清,评论,https://paper.people.com.cn/rmrb/pc/content/202601/09/content_30130823.html,2026-01-09,"['阅读', '公众', '诉求', '全民', '图书馆', '精神', '丰盈', '服务', '半径', '基层']","不久前，“万卷府抵，共读山海”全民阅读推广活动举办，活动通过资源下沉与服务创新，将优质讲座、数字平台、流动服务直接送达基层。
阅读没有止境，丰盈精神世界的需求永远不会过时。现实中，部分公共图书馆覆盖半径较小、基层图书馆基础薄弱、农村及特殊困难群体借阅不便，解决这些问题，迫切需要打通公共文化服务“最后一公里”。比如，借助网络聚合与物流配送的双轮驱动，“云端图书馆”能让公众实现“居家点单、免费借还”，既降低公众阅读的成本，也提升公众参与全民阅读的便捷性。
今天，满足精神诉求和情感需要的渠道越来越多元，但阅读依然是人们获得精神滋养、汲取智慧力量的重要路径。让阅读成为一种生活方式，需要让公共服务更加精细化、人性化，让“精神食粮”以更低成本、更高效率来到群众身边。",社会
“以前怕你们，现在盼你们”（中国道路中国梦·青春为中国式现代化挺膺担当㉛）,"“以前怕你们来，总担心影响生意。后来发现你们也解决困难，现在盼你们来呢。”入企检查指导时，一名饭店老板的打趣，让我心里暖烘烘的。扎根一线7年，作为执法人员，我亲历了经营者从“怕检查”到“盼服务”的态度转变，也见证着营商环境持续优化带来的蓬勃生机。这份转变，可以从陪伴我的3个“老伙计”说起。
第一个“老伙计”，是部忙碌的工作电话。过去，商户办证得多头跑部门、反复交材料，自己的手机成了全天候的“咨询热线”。一些经营者冲着电话抱怨：“等审批好，黄花菜都凉了！”吐槽声后，是他们对“能办，更要易办”的服务呼唤。现在，北京“e窗通”小程序上线，各类事务均可线上办结，不见面、零成本，十分方便。不过，这手机还是热线，但变成了我追着商户去服务。
以1980年开业的悦宾饭馆为例，按“先注销、再设立”的旧政策，变更经营者意味着老字号的历史“归零”。《促进个体工商户发展条例》出台后，这个问题有了解法。我们第一时间联系老板，上门讲新规，指导申报，帮助其在新政实施当天，顺利领到了全国首张直接变更经营者的个体工商户营业执照。好政策是种子，精准服务是沃土，唯有把政策温度转化为服务精度，才能让红利更快直达经营主体。执法者，要以监管红线守住质量底线，更要用服务初心换得企业安心。
第二个“老伙计”，是双磨破了底的旧皮鞋。2018年我刚入职，那时检查市场就得练就“铁脚板”，揣着登记簿挨家挨户跑，皮鞋不到半年就开口“抗议”。可比起磨损，更令人揪心的是商户们的抵触情绪，有人直说“来这么勤就是想‘挑刺’”。自己心里委屈，但也无可奈何，检查少了，市场秩序难保障，检查多了，又可能干扰企业经营。
后来我才明白，破解“两难”的关键不在控制检查频次，而在于以理念之变、方式之变重构监管逻辑。近年来，以“综合查一次”合并检查事项，避免重复上门；用好科技赋能，靠AI识别等实现远程“体检”，对诚信企业“无事不扰”，对风险隐患精准介入，我们省力，商户省心。截至2025年11月末，北京非现场检查量占比达70.1%。跳出“非此即彼”的惯性思维，用系统观念打破壁垒、用创新手段提升效能，方能让监管既有效果更有暖意。如今，我这旧皮鞋的“用武之地”越来越少，但经营者脸上的笑容却越来越多，“两难”逐步成“两全”。
第三个“老伙计”，是肩上那台执法记录仪，它见证了我们从“刚性执法”到“柔性治理”的变迁。过去，镜头里多是严肃问询，是规规矩矩的检查，也是彼此之间的距离。如今，这小小的镜头，既规范执法行为、守护市场公平，也保护经营者权益、传递法治温度。
它记录下我们组建“餐饮服务小队”，从源头筑牢食品安全防线，帮经营者省下返工成本；也记录下我们落实“首违不罚、轻微免罚”，对因疏忽售出过期饮料的小店免去罚款；还记录下我们为经营困难的小微企业争取到“能减则减、能免则免”帮扶政策，老板激动地说：“关键时刻，感谢政府在背后撑了一把”……处罚从来不是目的，规范经营、护航发展才是初衷。柔性执法，让“烟火气”与“秩序感”更加协调相融。
经营主体是经济运行的细胞，是推动经济高质量发展的活力源泉。新的一年，我将继续扎根市场监管一线，努力把优化营商环境的春风，吹进每一个经营者的心坎里。我也期盼着，能有更多商户见到我们时，发自内心地喊一声：“‘娘家人’来了！”
（作者为北京市东城区市场监督管理局执法人员）","# “以前怕你们，现在盼你们”（中国道路中国梦·青春为中国式现代化挺膺担当㉛）

> 李  晋《人民日报》（2026年01月09日第 07 版）

“以前怕你们来，总担心影响生意。后来发现你们也解决困难，现在盼你们来呢。”入企检查指导时，一名饭店老板的打趣，让我心里暖烘烘的。扎根一线7年，作为执法人员，我亲历了经营者从“怕检查”到“盼服务”的态度转变，也见证着营商环境持续优化带来的蓬勃生机。这份转变，可以从陪伴我的3个“老伙计”说起。

第一个“老伙计”，是部忙碌的工作电话。过去，商户办证得多头跑部门、反复交材料，自己的手机成了全天候的“咨询热线”。一些经营者冲着电话抱怨：“等审批好，黄花菜都凉了！”吐槽声后，是他们对“能办，更要易办”的服务呼唤。现在，北京“e窗通”小程序上线，各类事务均可线上办结，不见面、零成本，十分方便。不过，这手机还是热线，但变成了我追着商户去服务。

以1980年开业的悦宾饭馆为例，按“先注销、再设立”的旧政策，变更经营者意味着老字号的历史“归零”。《促进个体工商户发展条例》出台后，这个问题有了解法。我们第一时间联系老板，上门讲新规，指导申报，帮助其在新政实施当天，顺利领到了全国首张直接变更经营者的个体工商户营业执照。好政策是种子，精准服务是沃土，唯有把政策温度转化为服务精度，才能让红利更快直达经营主体。执法者，要以监管红线守住质量底线，更要用服务初心换得企业安心。

第二个“老伙计”，是双磨破了底的旧皮鞋。2018年我刚入职，那时检查市场就得练就“铁脚板”，揣着登记簿挨家挨户跑，皮鞋不到半年就开口“抗议”。可比起磨损，更令人揪心的是商户们的抵触情绪，有人直说“来这么勤就是想‘挑刺’”。自己心里委屈，但也无可奈何，检查少了，市场秩序难保障，检查多了，又可能干扰企业经营。

后来我才明白，破解“两难”的关键不在控制检查频次，而在于以理念之变、方式之变重构监管逻辑。近年来，以“综合查一次”合并检查事项，避免重复上门；用好科技赋能，靠AI识别等实现远程“体检”，对诚信企业“无事不扰”，对风险隐患精准介入，我们省力，商户省心。截至2025年11月末，北京非现场检查量占比达70.1%。跳出“非此即彼”的惯性思维，用系统观念打破壁垒、用创新手段提升效能，方能让监管既有效果更有暖意。如今，我这旧皮鞋的“用武之地”越来越少，但经营者脸上的笑容却越来越多，“两难”逐步成“两全”。

第三个“老伙计”，是肩上那台执法记录仪，它见证了我们从“刚性执法”到“柔性治理”的变迁。过去，镜头里多是严肃问询，是规规矩矩的检查，也是彼此之间的距离。如今，这小小的镜头，既规范执法行为、守护市场公平，也保护经营者权益、传递法治温度。

它记录下我们组建“餐饮服务小队”，从源头筑牢食品安全防线，帮经营者省下返工成本；也记录下我们落实“首违不罚、轻微免罚”，对因疏忽售出过期饮料的小店免去罚款；还记录下我们为经营困难的小微企业争取到“能减则减、能免则免”帮扶政策，老板激动地说：“关键时刻，感谢政府在背后撑了一把”……处罚从来不是目的，规范经营、护航发展才是初衷。柔性执法，让“烟火气”与“秩序感”更加协调相融。

经营主体是经济运行的细胞，是推动经济高质量发展的活力源泉。新的一年，我将继续扎根市场监管一线，努力把优化营商环境的春风，吹进每一个经营者的心坎里。我也期盼着，能有更多商户见到我们时，发自内心地喊一声：“‘娘家人’来了！”

（作者为北京市东城区市场监督管理局执法人员）",李  晋,评论,https://paper.people.com.cn/rmrb/pc/content/202601/09/content_30130824.html,2026-01-09,"['经营者', '检查', '商户', '老伙计', '服务', '执法', '经营', '皮鞋', '我们', '你们']","“以前怕你们来，总担心影响生意。后来发现你们也解决困难，现在盼你们来呢。”入企检查指导时，一名饭店老板的打趣，让我心里暖烘烘的。扎根一线7年，作为执法人员，我亲历了经营者从“怕检查”到“盼服务”的态度转变，也见证着营商环境持续优化带来的蓬勃生机。这份转变，可以从陪伴我的3个“老伙计”说起。
第一个“老伙计”，是部忙碌的工作电话。过去，商户办证得多头跑部门、反复交材料，自己的手机成了全天候的“咨询热线”。一些经营者冲着电话抱怨：“等审批好，黄花菜都凉了！”吐槽声后，是他们对“能办，更要易办”的服务呼唤。现在，北京“e窗通”小程序上线，各类事务均可线上办结，不见面、零成本，十分方便。不过，这手机还是热线，但变成了我追着商户去服务。
以1980年开业的悦宾饭馆为例，按“先注销、再设立”的旧政策，变更经营者意味着老字号的历史“归零”。《促进个体工商户发展条例》出台后，这个问题有了解法。我们第一时间联系老板，上门讲新规，指导申报，帮助其在新政实施当天，顺利领到了全国首张直接变更经营者的个体工商户营业执照。好政策是种子，精准服务是沃土，唯有把政策温度转化为服务精度，才能让红利更快直达经营主体。执法者，要以监管红线守住质量底线，更要用服务初心换得企业安心。",政治
练好内功，才能把潜力激发出来（与企业家谈“新”）,"近年来，我国新能源汽车产业迅速发展，产销量连续10年居全球首位。作为第一批造车“新势力”，零跑汽车跑出了“加速度”。记者近日与零跑汽车创始人朱江明进行了面对面交流，探讨新能源汽车产业的热点话题。
——编  者
“汽车产业周期长，要坚持做一个长跑者”
问：10年前，跨领域进入汽车产业创业，遇到最大的挑战是什么？
答：我是从1992年开始创业的，那时候机会很多，胆子大的人相对少，第一次创业是大华股份，聚焦安防领域，企业人员规模逐步从几个人发展到上万人，这一过程中我积累了很多经验。
跨领域进入汽车产业创业，遇到的挑战很多。首先是市场竞争激烈，企业要极具竞争力才可能生存；其次，汽车产业是重资产产业；最后，汽车产业也是技术密集型产业，是涵盖了机械、电子、外观设计等工业技术的综合体。
汽车产业周期长，要坚持做一个长跑者。我们公司的名字“零跑”有两层意思——第一，我原来并不懂车，所以是“从零奔跑”，全身心地投入；第二，缘起于三个“零”：寓意希望实现新能源汽车零排放、零拥堵、零碰撞。
问：有过被质疑、想放弃的时候吗？
答：新能源汽车的发展曾经历比较坎坷的历程。2019年，新能源汽车行业冷了下来。这个时候，我们推出了首款车，销量并没有预期的那么好。
我们确实在思考，还能不能坚持到最后。沉下心来复盘后，我们通过技术手段，把产品的成本做得更低、产品的定位更加大众化，走出了困境。
问：在汽车行业怎么寻找自己的优势？
答：大众赛道往往意味着“红海”，而不是“蓝海”。
在“红海”里竞争，首先就是要练好自己的内功，才能把潜力激发出来。打赢市场的正面竞争，关键在于摆正态度，要勤勤恳恳地把产品做到极致，把质量做到极致，把价格做到极致。
问：如何看待新能源汽车的价格战？
答：车企绝对不能亏本卖车，一定要有毛利，这是我们始终坚持的。要坚持用市场化的机制，通过自由竞争培育优势，把产品做得更优、品质做得更好、成本做得更低，才能让行业和消费者共同受益。
问：您如何看企业负责人的流量效应？
答：作为一个企业，最重要的还是要把产品做好。只有把产品做好了，后面的宣传才是有益的。首先还是要关注技术、关注产品。
“坚定走核心零部件自研自制的道路，用初速度换加速度”
问：您说过“只有技术自研才能掌握未来”，但技术自研是一项耗时长、有风险的事情，为什么选了这条路线？
答：原来的燃油车技术，不少都掌握在外国车企手里。长期的积累，让它们有着非常强的性能、质量、成本优势。因此，选择进入新能源汽车行业后，我的脑子里就始终有这样的想法：一定要掌握核心技术。
从一开始，我们便坚持全域自研。全域自研有一个好处，一体化集成度可以做得更高，成本更优、性能更好。
问：业界评价零跑是新能源汽车行业的“黑马”，您怎么看？
答：我们的特点之一就是重技术，把技术功底做扎实，坚定走核心零部件自研自制的道路，用初速度换加速度。
公司成立后的5年，我们都在打基础，把技术深度做得足够深。通过前期的积累，我们具备了一定的基础能力，之后通过向市场投放更多车型，有了更大的销量，同时又可以反哺我们零部件板块的规模优势，加速度会越来越大。
问：您一直推行“技术普惠”，这会不会导致技术利润过早耗尽？
答：技术是不断迭代创新的，尤其是对于电子产品而言，它符合摩尔定律，大约18个月性能会增加一倍。
新能源汽车产业才刚刚起步，有非常多的方向可以去创新。前10年零跑处于跟随阶段，在质量、技术、成本3个维度，形成了一定的优势。下一个10年，我们会努力形成更多的技术创新和产品创新成果。
问：随着新能源汽车行业从政策扶持转向市场驱动，您认为未来5年，汽车行业将迎来哪些变化？
答：中国的新能源汽车产业进程会继续加速，市场占比还会不断提升，而且这个速度不会太慢。我预测，未来3到5年内中国新能源汽车的销售占比会扩大到80%至90%，这是一个非常大的市场。从全球来看，新能源汽车凭借经济性、体验感、智能化等方面的优势，会慢慢渗透到很多国家，发展前景非常广阔。
对于电动车而言，第一步是电动化，第二步是智能化，智能驾驶是绕不开的技术。整个技术路线已经基本明确，我们需要加大投入。
问：目前公众很关心新能源汽车的安全性，在解决这些焦虑方面有哪些举措？
答：安全性问题大家都非常关注。近几年，整个行业的技术越来越成熟，比如电池的安全性越来越好，近一两年内生产的产品，已经接近传统燃油车的水平。
作为车企，发生的事故为我们敲响警钟，我们必须时刻把产品的安全放在最高的位置，在各个环节都要守住安全的底线。
“让每个人都能分享到企业成长带来的价值，实现人生的成长”
问：零跑的工程师占比一直保持在八成，您在招聘工程师时最看重什么特质？
答：因为我自己就是从一线工程师成长起来的，主导了许多产品的规划、研发、管理，这也让我能够识别出什么样的团队是有效率的。
我们现在有6000多名研发人员，总体上不算多，但我们是全域自研，所以整个研发效率是非常高的。保证团队效率的关键之一，在于团队成员的稳定性。现在我们很多产品线的负责人，都是跟企业一同成长的“零号员工”。
问：如何激发工程师的创造力和活力呢？
答：我们的管理方式是“端到端”，每个产品从规划、立项、研发、制造、交付，所有的环节都由一个团队完成，免去了很多的中间过程。
公司从一开始就设置了股权激励，让员工对企业更有归属感，除此之外，更重要的是让每个人都能分享到企业成长带来的价值，实现人生的成长。
问：我国已形成显著的“工程师红利”，您认为应如何进一步完善政策，更好发挥这一红利？
答：改革开放40多年来，在民营企业不断成长的过程中，锻炼和培养了大量的优秀工程师，这么完整的人才体系是没有一个国家能够媲美的。
随着产业分工越来越细，工程师人才的培养体系也要相应变化，我们需要更细分化、更专业化的人才。比如人工智能技术演进非常快，这方面的工程师怎么来？一方面是寻找真正的头部专家，一方面要培养新生代，在相关专业的毕业生里培养。
“在海外，用户要先认识你的品牌，然后慢慢积累信任”
问：零跑在出海时为什么选择与跨国汽车制造商合作，这种合作带来怎样的优势？
答：对于车企而言，全球化是一种必然。40年前，中国发展汽车工业的时候，希望外国车企和中国车企合资经营，现在我们“走出去”，也是采用这种模式。
在海外，我们跟知名跨国汽车制造商成立合资公司，利用他们的渠道资源，快速、低成本地建立海外分销零售体系。我们也借力做好品牌宣传工作。从正向的角度，做好市场投放和产品投放，循序渐进地往上走。
问：如何平衡“借船出海”的便利性与品牌的自主可控？
答：从实现第一辆车出口，到2025年完成了约6万辆的海外销售，“借船出海”的模式为零跑提供了发展的加速度。
在海外，用户要先认识你的品牌，然后慢慢积累信任，这需要一定的时间。小步快走，中国新能源汽车会迎来发展的奇点时刻。
问：零跑在海外建厂吗？在全球新能源汽车产业链中定位是什么？
答：汽车产业在很多国家都是重要的支柱产业，必须采用本地化模式。在这方面，零跑一直在向全球化的车企学习，在产品端，我们设计的都是全球化的车型，每一款车设计出来都可以在全球销售。
这是基本盘，同时还必须有增量，要有新的产品新的空间，这样才会越做越好。我们还有很长的路要走，必须站稳中国市场的脚跟，逐步拓展海外的市场。","# 练好内功，才能把潜力激发出来（与企业家谈“新”）

> 本报记者  吴  燕  吴  凯《人民日报》（2026年01月09日第 08 版）

近年来，我国新能源汽车产业迅速发展，产销量连续10年居全球首位。作为第一批造车“新势力”，零跑汽车跑出了“加速度”。记者近日与零跑汽车创始人朱江明进行了面对面交流，探讨新能源汽车产业的热点话题。

——编  者

“汽车产业周期长，要坚持做一个长跑者”

问：10年前，跨领域进入汽车产业创业，遇到最大的挑战是什么？

答：我是从1992年开始创业的，那时候机会很多，胆子大的人相对少，第一次创业是大华股份，聚焦安防领域，企业人员规模逐步从几个人发展到上万人，这一过程中我积累了很多经验。

跨领域进入汽车产业创业，遇到的挑战很多。首先是市场竞争激烈，企业要极具竞争力才可能生存；其次，汽车产业是重资产产业；最后，汽车产业也是技术密集型产业，是涵盖了机械、电子、外观设计等工业技术的综合体。

汽车产业周期长，要坚持做一个长跑者。我们公司的名字“零跑”有两层意思——第一，我原来并不懂车，所以是“从零奔跑”，全身心地投入；第二，缘起于三个“零”：寓意希望实现新能源汽车零排放、零拥堵、零碰撞。

问：有过被质疑、想放弃的时候吗？

答：新能源汽车的发展曾经历比较坎坷的历程。2019年，新能源汽车行业冷了下来。这个时候，我们推出了首款车，销量并没有预期的那么好。

我们确实在思考，还能不能坚持到最后。沉下心来复盘后，我们通过技术手段，把产品的成本做得更低、产品的定位更加大众化，走出了困境。

问：在汽车行业怎么寻找自己的优势？

答：大众赛道往往意味着“红海”，而不是“蓝海”。

在“红海”里竞争，首先就是要练好自己的内功，才能把潜力激发出来。打赢市场的正面竞争，关键在于摆正态度，要勤勤恳恳地把产品做到极致，把质量做到极致，把价格做到极致。

问：如何看待新能源汽车的价格战？

答：车企绝对不能亏本卖车，一定要有毛利，这是我们始终坚持的。要坚持用市场化的机制，通过自由竞争培育优势，把产品做得更优、品质做得更好、成本做得更低，才能让行业和消费者共同受益。

问：您如何看企业负责人的流量效应？

答：作为一个企业，最重要的还是要把产品做好。只有把产品做好了，后面的宣传才是有益的。首先还是要关注技术、关注产品。

“坚定走核心零部件自研自制的道路，用初速度换加速度”

问：您说过“只有技术自研才能掌握未来”，但技术自研是一项耗时长、有风险的事情，为什么选了这条路线？

答：原来的燃油车技术，不少都掌握在外国车企手里。长期的积累，让它们有着非常强的性能、质量、成本优势。因此，选择进入新能源汽车行业后，我的脑子里就始终有这样的想法：一定要掌握核心技术。

从一开始，我们便坚持全域自研。全域自研有一个好处，一体化集成度可以做得更高，成本更优、性能更好。

问：业界评价零跑是新能源汽车行业的“黑马”，您怎么看？

答：我们的特点之一就是重技术，把技术功底做扎实，坚定走核心零部件自研自制的道路，用初速度换加速度。

公司成立后的5年，我们都在打基础，把技术深度做得足够深。通过前期的积累，我们具备了一定的基础能力，之后通过向市场投放更多车型，有了更大的销量，同时又可以反哺我们零部件板块的规模优势，加速度会越来越大。

问：您一直推行“技术普惠”，这会不会导致技术利润过早耗尽？

答：技术是不断迭代创新的，尤其是对于电子产品而言，它符合摩尔定律，大约18个月性能会增加一倍。

新能源汽车产业才刚刚起步，有非常多的方向可以去创新。前10年零跑处于跟随阶段，在质量、技术、成本3个维度，形成了一定的优势。下一个10年，我们会努力形成更多的技术创新和产品创新成果。

问：随着新能源汽车行业从政策扶持转向市场驱动，您认为未来5年，汽车行业将迎来哪些变化？

答：中国的新能源汽车产业进程会继续加速，市场占比还会不断提升，而且这个速度不会太慢。我预测，未来3到5年内中国新能源汽车的销售占比会扩大到80%至90%，这是一个非常大的市场。从全球来看，新能源汽车凭借经济性、体验感、智能化等方面的优势，会慢慢渗透到很多国家，发展前景非常广阔。

对于电动车而言，第一步是电动化，第二步是智能化，智能驾驶是绕不开的技术。整个技术路线已经基本明确，我们需要加大投入。

问：目前公众很关心新能源汽车的安全性，在解决这些焦虑方面有哪些举措？

答：安全性问题大家都非常关注。近几年，整个行业的技术越来越成熟，比如电池的安全性越来越好，近一两年内生产的产品，已经接近传统燃油车的水平。

作为车企，发生的事故为我们敲响警钟，我们必须时刻把产品的安全放在最高的位置，在各个环节都要守住安全的底线。

“让每个人都能分享到企业成长带来的价值，实现人生的成长”

问：零跑的工程师占比一直保持在八成，您在招聘工程师时最看重什么特质？

答：因为我自己就是从一线工程师成长起来的，主导了许多产品的规划、研发、管理，这也让我能够识别出什么样的团队是有效率的。

我们现在有6000多名研发人员，总体上不算多，但我们是全域自研，所以整个研发效率是非常高的。保证团队效率的关键之一，在于团队成员的稳定性。现在我们很多产品线的负责人，都是跟企业一同成长的“零号员工”。

问：如何激发工程师的创造力和活力呢？

答：我们的管理方式是“端到端”，每个产品从规划、立项、研发、制造、交付，所有的环节都由一个团队完成，免去了很多的中间过程。

公司从一开始就设置了股权激励，让员工对企业更有归属感，除此之外，更重要的是让每个人都能分享到企业成长带来的价值，实现人生的成长。

问：我国已形成显著的“工程师红利”，您认为应如何进一步完善政策，更好发挥这一红利？

答：改革开放40多年来，在民营企业不断成长的过程中，锻炼和培养了大量的优秀工程师，这么完整的人才体系是没有一个国家能够媲美的。

随着产业分工越来越细，工程师人才的培养体系也要相应变化，我们需要更细分化、更专业化的人才。比如人工智能技术演进非常快，这方面的工程师怎么来？一方面是寻找真正的头部专家，一方面要培养新生代，在相关专业的毕业生里培养。

“在海外，用户要先认识你的品牌，然后慢慢积累信任”

问：零跑在出海时为什么选择与跨国汽车制造商合作，这种合作带来怎样的优势？

答：对于车企而言，全球化是一种必然。40年前，中国发展汽车工业的时候，希望外国车企和中国车企合资经营，现在我们“走出去”，也是采用这种模式。

在海外，我们跟知名跨国汽车制造商成立合资公司，利用他们的渠道资源，快速、低成本地建立海外分销零售体系。我们也借力做好品牌宣传工作。从正向的角度，做好市场投放和产品投放，循序渐进地往上走。

问：如何平衡“借船出海”的便利性与品牌的自主可控？

答：从实现第一辆车出口，到2025年完成了约6万辆的海外销售，“借船出海”的模式为零跑提供了发展的加速度。

在海外，用户要先认识你的品牌，然后慢慢积累信任，这需要一定的时间。小步快走，中国新能源汽车会迎来发展的奇点时刻。

问：零跑在海外建厂吗？在全球新能源汽车产业链中定位是什么？

答：汽车产业在很多国家都是重要的支柱产业，必须采用本地化模式。在这方面，零跑一直在向全球化的车企学习，在产品端，我们设计的都是全球化的车型，每一款车设计出来都可以在全球销售。

这是基本盘，同时还必须有增量，要有新的产品新的空间，这样才会越做越好。我们还有很长的路要走，必须站稳中国市场的脚跟，逐步拓展海外的市场。",吴  燕  吴  凯,经济,https://paper.people.com.cn/rmrb/pc/content/202601/09/content_30130827.html,2026-01-09,"['新能源', '汽车产业', '零跑', '车企', '自研', '我们', '技术', '产品', '汽车', '工程师']","近年来，我国新能源汽车产业迅速发展，产销量连续10年居全球首位。作为第一批造车“新势力”，零跑汽车跑出了“加速度”。记者近日与零跑汽车创始人朱江明进行了面对面交流，探讨新能源汽车产业的热点话题。
——编  者
“汽车产业周期长，要坚持做一个长跑者”",政治
深刻理解我国五年规划的作用机制和重要优势（深入学习贯彻习近平新时代中国特色社会主义思想）,"习近平总书记指出：“科学制定和接续实施五年规划，是我们党治国理政一条重要经验，也是中国特色社会主义一个重要政治优势。”新中国成立以来，我国已编制并实施了14个五年规划（计划）。随着社会主义市场经济体制的建立和完善，五年规划已从计划经济条件下单纯指令性计划逐步演变为市场经济条件下国家推动经济社会发展的战略性、宏观性、政策性的指导性规划，成为阐明国家战略意图、明确政府工作重点、引导规范经营主体行为的发展纲领。深刻理解五年规划在凝聚发展共识、引领发展方向、优化资源配置、推动全面协调可持续发展等方面的深层次作用机制，对于有效发挥国家发展规划的战略导向作用，彰显中国特色社会主义的制度优势，具有十分重要的意义。
共识机制：推动形成具有广泛共识度的方案和目标，增强各类主体参与规划实施的行动自觉
习近平总书记对“十五五”规划编制工作作出重要指示强调：“坚持科学决策、民主决策、依法决策，把顶层设计和问计于民统一起来，加强调研论证，广泛凝聚共识，以多种方式听取人民群众和社会各界的意见建议，充分吸收干部群众在实践中创造的新鲜经验，注重目标任务和政策举措的系统性整体性协同性”。共识机制是通过制度化、程序化的安排，以规划基本思路、中央规划建议和规划纲要的编制起草为平台，包括党政部门、专家学者、企业、社会组织、公众在内的多方主体有序参与议题设置、目标设定、方案设计等阶段和环节，推动达成具有广泛共识度的方案和目标。其中包括客观把握规划对象本质特征的科学共识、反映各方面诉求和决策层意志的政治共识以及体现全社会普遍意愿的社会共识。
科学共识。习近平总书记指出：“规划科学是最大的效益，规划失误是最大的浪费，规划折腾是最大的忌讳。”规划的编制必须尊重自然规律、经济规律和社会规律，客观把握规划对象的本质特征。科学共识是指在规划牵头部门推动下，围绕未来发展环境、战略思路、主要目标、重大任务、政策举措等组织专门力量开展研究、召集专家座谈会，通过对研究成果和专家意见的梳理和学习，对重大问题的本质、解决问题的思路等从科学认知的角度形成共识，为研判国内外形势、明确发展思路、提出发展目标、确立重点任务和优化资源配置等提供支撑。比如，为编制好“十四五”规划，国家发展改革委从2018年起通过公开遴选、定向委托、合作研究等方式，组织高端智库、科研院所和企业开展了200多项重大课题研究，形成了近300份、500多万字的研究报告，为规划编制提供了有力支撑。除专门机构参与规划研究外，党政部门也会根据需要针对重大问题开展研究。在“十五五”规划建议起草中，根据党中央部署，部分中央和国家机关开展了35项重点课题研究。此外，经国务院批准，国家发展改革委自2005年起组建了国家发展规划专家委员会，为国家五年规划编制进行咨询论证、提供专业意见，以提高规划编制的科学性。
政治共识。五年规划涉及不同利益主体，既有能影响规划目标实现的部门和机构，又有被规划目标实现所影响的群体，让各类主体以适当形式参与规划制定过程，对于提高规划质量十分重要。政治共识是指在党中央领导下，以中央规划建议文件起草为主要平台，调动政府部门、社会各界等参与，就未来发展目标、发展理念、发展主线、发展战略等逐步统一思想、凝聚共识。习近平总书记高度重视五年规划编制工作，自“十三五”以来亲自担任中央规划建议文件起草组组长，亲自谋划、亲自部署、亲自推动国家发展规划工作。中央规划建议起草过程中，起草组通过调研、座谈会等方式了解社会各方面的诉求、意见和建议，努力将顶层设计、地方需求、社会期盼、群众智慧、专家意见和基层经验更好融合。
以《中共中央关于制定国民经济和社会发展第十五个五年规划的建议》（以下简称《建议》）为例。2025年1月，党中央发出《关于对党的二十届四中全会研究“十五五”规划建议征求意见的通知》，在党内外一定范围征求意见，这本身也是一个规划议题的设置过程。《建议》稿还下发党内一定范围征求意见，专门听取了各民主党派中央、全国工商联负责人和无党派人士代表意见。《建议》稿起草期间，中央政治局常委会召开3次会议、中央政治局召开2次会议进行审议、修改。经过多次的民主集中过程，形成了党中央关于未来五年发展的战略谋划和主张，成为编制规划纲要的基本遵循。此外，规划编制涉及各部门各地区的资源配置和发展格局，在起草过程中也通过到地方调研，召开部分省区市以及经济界、科技界、基层代表座谈会等形式，充分征求各部门各地区的意见、平衡好各方面的发展诉求，推动在目标指标分解、重大工程项目、重大任务和政策举措等规划实施层面达成共识。各部门各地区对规划的共识度越高，参与规划落实的主动性和积极性就会越强，规划实施效果就会更佳。
社会共识。习近平总书记指出：“五年规划编制涉及经济社会发展方方面面，同人民群众生产生活息息相关，需要把加强顶层设计和坚持问计于民统一起来，鼓励广大人民群众和社会各界以各种方式建言献策。”社会共识是指在规划编制过程中，通过各种方式听取经营主体、社会主体和公众的意见、建议和诉求，在汲取人民智慧的同时增进社会各界对规划的理解，使五年规划真正成为全社会的发展共识。在“十四五”规划编制工作中，习近平总书记主持召开企业家、科学家、经济社会领域专家等7场座谈会，听取对制定“十四五”规划的意见和建议并发表重要讲话。2025年5月至6月，“十五五”规划编制工作开展网络征求意见活动，累计收到群众有效建言超过300万条，为“十五五”规划编制提供有益参考。习近平总书记高度重视网民意见建议并专门作出重要指示，要求有关部门认真研究吸纳。经梳理摘编，从网民建言献策中形成27个方面具有建设性、代表性的意见建议1500余条。这实际上也是向社会传递规划的重要思路和目标，不断加深社会理解、凝聚社会共识的过程。经过全国人民代表大会审议通过的规划纲要，从法理上也属于全社会形成的共识，是全体人民共同的行动纲领。
科学共识解决认识论的问题，是形成政治共识和社会共识的基础。政治共识统筹各方面利益诉求、凝聚最大公约数，是形成社会共识的前提。五年规划的共识机制有助于实现政府内部不同层级、不同部门之间以及政府、市场和社会之间的目标协同，增强各类主体对规划的认同感，进而转化为支持、参与和推动规划实施的行动自觉，把五年规划对经济社会发展的引领作用最大限度地发挥出来。
引导机制：明确各类主体行为和市场资源配置方向，把各类主体行为协同统一到国家战略目标上来
习近平总书记在谈到五年规划时指出：“这实际上是中国的一个特色。我们在调查研究的基础上，提出充分尊重民意并且符合实际的全面系统的规划，并且有超强的执行力来落实这些规划。”引导机制是指通过阐明国家战略意图、发展思路和任务举措，明确政府部门工作重点和公共资源配置领域，引导经营主体行为和市场资源配置方向，调动广大人民群众的积极性，实现各类主体之间的行为协同并将其统一到国家战略目标上，推动形成落实五年规划的强大合力。
面向全社会提供公共知识，引导社会预期。变化是永恒的，并且常常蕴藏机遇。要想在未来的竞争中把握先机，就需要准确识变、科学应变、主动求变，顺势而为、乘势而上。五年规划是分析国家发展环境、描绘国家发展蓝图、引领国家发展方向的战略性、纲领性文件，既要研判未来国内国际发展形势，也要阐明规划期内发展思路、基本原则、主要目标、重点任务等。
五年规划关于规划期内发展阶段、内外部环境、发展思路和远景目标的阐述，是立足国家全局进行综合研究、反复分析而形成的具有共识性的战略判断，也是面向全社会提供的公共知识，可以帮助各类主体更好地把握和应对未来的机遇和挑战。五年规划出台后，宏观经济部门可根据对未来发展形势的研判，通过税收、财政等手段平衡经济总量、调节经济结构，促进经济平稳发展；各部门各地区可在国家规划的指引下，找准未来自身发展定位，形成自身发展“小逻辑”和国家发展“大逻辑”的契合。
建立政府内部引导机制，提升规划实施的协同性和整体效能。习近平总书记指出：“要把抓落实摆在突出位置，制定具体方案，明确责任分工，防止任务落空，坚决克服‘规划规划、墙上挂挂’，‘规划是一套、做起来是另一套’的现象。”建立五年规划的政府内部引导机制，目的在于明确政府工作重点，并通过建立目标约束、任务分解、考核问责等实施机制，辅之以投资、项目、财税、土地等配套政策，推动公共服务、民生保障、生态环境等市场失灵领域的发展，兑现政府对公众的承诺。
根据五年规划制定的年度计划、专项规划和区域规划，将规划任务和主要目标分解到各年度、各领域、各地区，引导各地区各部门将政策和行动统一到规划目标上来，确保发展目标尤其是约束性指标的实现。比如，“十四五”规划的约束性指标主要集中在民生福祉、节能减排、资源环境和安全保障等领域，要求各级政府合理配置公共资源、引导调控社会资源，确保如期完成。“十四五”时期，国家还针对科技创新、数字经济、绿色生态、民生保障等领域制定实施了一批重点专项规划，对于促进关键领域发展、破解重点难点问题、推动规划落地实施发挥了重要作用。
习近平总书记强调：“完善规划实施中的动态监测、中期评估、总结评估机制，提高规划执行力和落实力。”经过不断探索，我国逐步形成了较为完善的规划实施监测评估机制，扭转了一段时期以来存在的“重编制、轻实施和评估”现象，进一步强化了规划权威性和严肃性。“十四五”规划从落实规划实施责任、加强规划实施监测评估、强化政策协同保障等方面作出了制度性安排，强调建立健全规划实施监测评估、政策保障、考核监督机制，要求将规划实施情况纳入各有关部门、地方领导班子和干部评价体系。党的二十届四中全会《建议》明确提出：“强化规划实施监测评估和监督，健全政策协调和工作协同机制，确保党中央决策部署落到实处。”
建立市场引导机制，减少政府和市场之间的信息不对称。社会主义市场经济条件下的五年规划，通过发送政策信号引导和规范市场上各类主体行为。市场引导机制是通过阐明国家战略意图，增进经营主体对国家发展方向、战略目标和重点任务的认识，引导市场资源向国家战略指明的方向配置，同时通过完善法律法规和制度体系来规范经营主体行为、引导市场发展方向，实现政府和市场之间的协同，形成既“放得活”又“管得好”的经济秩序。
通过释放发展信号引导经营主体投资行为。五年规划蕴含着国家发展的战略方向、目标、重大任务和工程，再加上巨大的公共资源投入和公共政策支持，本身就会产生海量的市场机会。经营主体基于自身商业逻辑，从中识别出有利于自身的市场机会并作出相应的投资安排，从而将投资经营行为统一到国家战略方向上来，在实现自身商业利益的同时推动实现国家整体利益。比如，“十四五”规划明确提出了力争2030年前实现碳达峰、2060年前实现碳中和的目标，带动了新能源、碳交易、循环经济等领域的巨大商机，涉及光伏、风电、储能、碳减排技术、碳监测设备、动力电池回收等多个细分赛道。市场上单个经营主体并不能科学全面地预见国民经济总供给和总需求的平衡状况，难以作出长期性判断，因而需要政府通过整体性知识对供需状况进行判断，从而引导经营主体配置资源的方向。从这个意义上讲，规划所释放的市场和产业政策信号就显得尤其重要。
通过释放政策调整信号规范经营主体行为。五年规划针对市场体系中不同阶段存在的突出问题和矛盾，就完善法律法规、监管体系等作出部署，为具体的立法、政策制定提供指南。以互联网平台监管为例，“十三五”规划提出了“强化互联网交易监管”，“十四五”规划明确了“依法依规加强互联网平台经济监管”，党的二十届四中全会《建议》进一步提出“完善监管，推动平台经济创新和健康发展”。随着各界对于互联网平台经济认识的深化，加强平台监管的呼声越来越强烈，规划必须对此作出回应，就相关法律法规和政策体系的完善作出部署，以营造良好的平台经济生态，这对互联网平台而言就是强烈的政策信号。
建立社会引导机制，增强全社会凝聚力和协同性。习近平总书记指出：“好的方针政策和发展规划都应该顺应人民意愿、符合人民所思所盼，从群众中来、到群众中去。”五年规划既是全国各族人民共同的行动纲领，也是个体谋划自身发展的基石。规划的社会引导机制在于通过面向全社会阐明国家战略意图，让公众了解国家发展的目标和方向，引导公众实现个体行为与国家发展方向的协同，努力形成全社会参与规划实施的强大合力。规划建议和纲要通过多种渠道发布和宣传，让社会公众了解当前国家所处历史方位，看到国家发展方向和目标，从而鼓舞社会信心和士气，增强个体自豪感和归属感。规划也会阐释未来五年教育、医疗、就业、养老、社保等各项民生事业的任务和目标，这实际上是面向社会公众的庄严承诺，有利于增强公众的获得感、幸福感、安全感。五年规划擘画了国家发展的蓝图和方向，有利于个体从中寻找自身发展机遇，引导个体将行动统一到国家战略方向上来，既更好地成就自身事业，又为国家发展贡献力量。
平衡机制：处理好几对重要关系，增强发展的协调性和可持续性
中华文化崇尚“和”，强调系统性思维和整体性谋划，注重“协调”“平衡”“和谐”，这也是我国国家治理的重要方法论。习近平总书记指出：“在中国当领导人，必须在把情况搞清楚的基础上，统筹兼顾、综合平衡，突出重点、带动全局”。五年规划的一个重要特征就是全面性和综合性，着眼于处理好政府与市场、国内与国际、短期与长期、经济发展与空间发展、整体与局部等重要关系，增强发展的协调性和可持续性。
平衡好政府与市场的关系。习近平总书记指出：“中长期发展规划既能充分发挥市场在资源配置中的决定性作用，又能更好发挥政府作用。”市场配置资源是最有效率的方式，但市场不是万能的，本身也会失灵，而且还存在着自发性、盲目性、短期性的一面，这就需要更好发挥政府作用。我国的五年规划，是有效市场和有为政府相结合的重要手段，以解决市场失灵，促进社会公平正义，推动经济长期稳定发展。
五年规划通过构建高标准市场体系，为市场发挥作用创造公平的竞争环境和优质的运营环境，以有效市场提升全社会资源配置效率；同时推动转变政府职能、完善宏观经济治理体系，以有为政府弥补市场短板和缺陷，促进经济高质量发展。五年规划明确了规划实施中的政府与市场关系，预期性指标及产业发展、结构调整等任务主要依靠发挥市场作用来实现，而政府的主要责任在于确保约束性指标、重大工程项目以及公共服务、生态环保、安全保障等任务的如期实现。中国式现代化取得的辉煌成就充分说明，五年规划作为社会主义市场经济体制中的一项重要制度创新，在处理政府与市场关系方面发挥了关键作用。它不仅有助于充分发挥市场在资源配置中的决定性作用，激发经营主体的活力和创造力，还能够推动政府更好发挥作用，有效防范宏观层面的失衡，避免市场的自发性和盲目性。
平衡好国内与国际的关系。经济全球化使世界各国命运更加紧密地联系在一起，形成了你中有我、我中有你的命运共同体。习近平总书记强调：“领导干部要胸怀两个大局，一个是中华民族伟大复兴的战略全局，一个是世界百年未有之大变局，这是我们谋划工作的基本出发点。”五年规划的制定，不仅要立足国内，还要放眼世界，既要深刻把握国际形势变化，也要研判中国未来发展战略对全球的影响。面对世界百年未有之大变局，“十四五”规划提出“加快构建以国内大循环为主体、国内国际双循环相互促进的新发展格局”，就是要既发挥我国超大规模市场优势和超强供给能力优势，增强国家发展的内生动力，又发挥好中国的“世界工厂”和“世界市场”作用，从供需两端更好融入全球发展格局，使中国持续成为世界经济的稳定器和动力源。党的二十届四中全会《建议》明确提出“扩大高水平对外开放，开创合作共赢新局面”，就是要以开放促改革、促发展，与世界各国共享机遇、共同发展，以中国战略的稳定性、推动发展的确定性和扩大开放的坚定性，为动荡不安的世界注入更多信心和正能量。
平衡好短期与长期的关系。习近平总书记十分重视科学把握当前与长远的辩证关系，强调“既要狠抓当前，又要着眼长远”。作为社会主义现代化战略在规划期内的阶段性部署和安排，每个五年规划都是在分阶段落实国家发展战略，锚定长远战略目标提出未来五年发展目标，指引政府、市场、社会和公众朝着长远目标不断前进。习近平总书记指出：“从第一个五年计划到第十四个五年规划，一以贯之的主题是把我国建设成为社会主义现代化国家。”从1953年开始，我国已经编制实施了十四个五年规划（计划），接力落实社会主义现代化建设的长远战略目标。当前，我国正奋进在全面建设社会主义现代化国家的新征程上，“十四五”至“十六五”三个五年规划锚定的就是到2035年基本实现社会主义现代化的目标，然后再用“十七五”至“十九五”三个五年规划达成到本世纪中叶全面建成社会主义现代化强国的目标。五年规划密切衔接和落实更长期的现代化战略安排，有利于保持政策的稳定性和连续性，确保一任接着一任干，使国家发展朝着既定目标和方向前进，一张蓝图绘到底。
处理好发展与保护的关系也是平衡好短期与长期关系的一个重要体现。党的十八大以来，以习近平同志为核心的党中央深刻把握生态文明建设规律，创造性提出一系列科学论断，为处理好发展与保护的关系提供了根本遵循。习近平总书记指出：“生态环境保护和经济发展不是矛盾对立的关系，而是辩证统一的关系。只有把绿色发展的底色铺好，才会有今后发展的高歌猛进。”“十四五”规划提出“实现更高质量、更有效率、更加公平、更可持续、更为安全的发展”，专篇部署绿色发展。党的二十届四中全会《建议》提出“加快经济社会发展全面绿色转型，建设美丽中国”。这些都是统筹高质量发展与高水平保护的科学部署。
平衡好经济发展与空间发展的关系。我国地域辽阔、资源禀赋分布不均，各地基础条件和发展水平存在明显差别，使得区域发展不平衡、不充分的问题长期存在。一些地区较快的经济增长也给资源环境、公共服务、基础设施带来巨大压力，导致产业的过度集聚和空间失衡。五年规划平衡经济发展和空间发展，促进经济发展与资源环境、公共服务、基础设施等相互协调。随着时间的推移，适应发展的需要，五年规划的内容从以经济领域为主逐渐拓展到了经济、社会、文化、生态等多个重要领域，规划的空间属性也在不断强化，逐渐成为国民经济和社会发展在时间和空间上的一种战略布局。“十一五”规划提出“推进形成主体功能区”，就是要求根据资源环境承载能力、现有开发密度和发展潜力，统筹谋划未来人口分布、经济布局、国土利用和城镇化格局，实现开发活动与国土空间的平衡。习近平总书记指出：“要根据各地区的条件，走合理分工、优化发展的路子，落实主体功能区战略，完善空间治理，形成优势互补、高质量发展的区域经济布局。”完善和落实主体功能区战略，一方面要立足各区域环境承载力与经济社会禀赋，发挥比较优势，开展差异化开发，实现区域经济政策的精准化；另一方面要增强城市群、中心城市等区域经济与人口承载力，形成大中小城市协调发展格局。
实现区域协调发展，是贯彻新发展理念、建设现代化经济体系、实现高质量发展的要求。党的十八大以来，以习近平同志为核心的党中央高瞻远瞩、审时度势，提出了京津冀协同发展、长江经济带发展、粤港澳大湾区建设、长三角一体化发展、黄河流域生态保护和高质量发展、成渝地区双城经济圈建设等区域发展战略，深入推进西部大开发、东北全面振兴、中部地区崛起、东部率先发展，推动形成各地区分工合理、优势互补、协调发展的区域发展新格局。党的二十届四中全会《建议》进一步提出：“发挥区域协调发展战略、区域重大战略、主体功能区战略、新型城镇化战略叠加效应，优化重大生产力布局，发挥重点区域增长极作用，构建优势互补、高质量发展的区域经济布局和国土空间体系”，这为优化区域经济布局、促进区域协调发展提供了重要遵循。
平衡好整体与局部的关系。国家发展是由经济社会各环节、各层面、各领域的相互关系和内在联系构成的一个有机整体，越来越呈现出综合性、系统性、复杂性。经济建设、政治建设、文化建设、社会建设、生态文明建设“五位一体”总体布局，就集中体现了对系统观、整体观的坚持。“五位”既是一体，也相互作用，平衡好了相互促进，平衡不好此消彼长。当然，平衡并不是平均，不是不分主次。抓住主要矛盾是平衡好整体与局部的关键着力点，也是推进中心工作、带动全局发展的重中之重。作为一个发展中大国，我国发展面临着许多矛盾，客观上也需要抓住主要矛盾，同时平衡好其他矛盾。五年规划运用系统观念，全面考量和协调国家发展的方方面面，在整体发展和局部发展、全面推进与重点突破中寻求动态最优平衡。比如，“十三五”规划、“十四五”规划都把创新驱动发展作为首位的重点任务进行部署，都体现了在科技革命与大国博弈相互交织的形势下，我们对现代化建设中具有牵引性的重大问题的聚焦。新中国规划史上的每个五年规划，都是在努力解决我国各个发展时期面临的主要矛盾，力图以重点突破带动整体跃升，实现“举一纲而万目张，解一卷而众篇明”。
中国不是全世界第一个编制五年规划的国家，却是唯一将五年规划坚持下来并且成功实现了经济快速发展和社会长期稳定两大奇迹的国家。五年规划的发展历程，是共识机制、引导机制和平衡机制不断演进并日趋成熟的过程，促进了政府职能转变，推动了社会主义市场经济体制的不断健全完善，形成了政府、市场、社会、公众推动国家发展的强大合力。以五年规划为代表的中国实践，既能够为发展中国家解决政府职能定位不清晰、市场体系不健全等问题提供方案，又能为发达国家解决市场失灵和政府失灵等问题提供思路。探索没有止境，五年规划的作用机制将随着社会主义市场经济体制的完善而不断完善，成为完善和发展中国特色社会主义制度、推进国家治理体系和治理能力现代化的重要制度创新，并为处理好市场经济条件下的政府与市场关系不断贡献中国智慧和中国方案。
（作者为清华大学中国发展规划研究院院长）","# 深刻理解我国五年规划的作用机制和重要优势（深入学习贯彻习近平新时代中国特色社会主义思想）

> 杨永恒《人民日报》（2026年01月09日第 09 版）

习近平总书记指出：“科学制定和接续实施五年规划，是我们党治国理政一条重要经验，也是中国特色社会主义一个重要政治优势。”新中国成立以来，我国已编制并实施了14个五年规划（计划）。随着社会主义市场经济体制的建立和完善，五年规划已从计划经济条件下单纯指令性计划逐步演变为市场经济条件下国家推动经济社会发展的战略性、宏观性、政策性的指导性规划，成为阐明国家战略意图、明确政府工作重点、引导规范经营主体行为的发展纲领。深刻理解五年规划在凝聚发展共识、引领发展方向、优化资源配置、推动全面协调可持续发展等方面的深层次作用机制，对于有效发挥国家发展规划的战略导向作用，彰显中国特色社会主义的制度优势，具有十分重要的意义。

**共识机制：推动形成具有广泛共识度的方案和目标，增强各类主体参与规划实施的行动自觉**

习近平总书记对“十五五”规划编制工作作出重要指示强调：“坚持科学决策、民主决策、依法决策，把顶层设计和问计于民统一起来，加强调研论证，广泛凝聚共识，以多种方式听取人民群众和社会各界的意见建议，充分吸收干部群众在实践中创造的新鲜经验，注重目标任务和政策举措的系统性整体性协同性”。共识机制是通过制度化、程序化的安排，以规划基本思路、中央规划建议和规划纲要的编制起草为平台，包括党政部门、专家学者、企业、社会组织、公众在内的多方主体有序参与议题设置、目标设定、方案设计等阶段和环节，推动达成具有广泛共识度的方案和目标。其中包括客观把握规划对象本质特征的科学共识、反映各方面诉求和决策层意志的政治共识以及体现全社会普遍意愿的社会共识。

科学共识。习近平总书记指出：“规划科学是最大的效益，规划失误是最大的浪费，规划折腾是最大的忌讳。”规划的编制必须尊重自然规律、经济规律和社会规律，客观把握规划对象的本质特征。科学共识是指在规划牵头部门推动下，围绕未来发展环境、战略思路、主要目标、重大任务、政策举措等组织专门力量开展研究、召集专家座谈会，通过对研究成果和专家意见的梳理和学习，对重大问题的本质、解决问题的思路等从科学认知的角度形成共识，为研判国内外形势、明确发展思路、提出发展目标、确立重点任务和优化资源配置等提供支撑。比如，为编制好“十四五”规划，国家发展改革委从2018年起通过公开遴选、定向委托、合作研究等方式，组织高端智库、科研院所和企业开展了200多项重大课题研究，形成了近300份、500多万字的研究报告，为规划编制提供了有力支撑。除专门机构参与规划研究外，党政部门也会根据需要针对重大问题开展研究。在“十五五”规划建议起草中，根据党中央部署，部分中央和国家机关开展了35项重点课题研究。此外，经国务院批准，国家发展改革委自2005年起组建了国家发展规划专家委员会，为国家五年规划编制进行咨询论证、提供专业意见，以提高规划编制的科学性。

政治共识。五年规划涉及不同利益主体，既有能影响规划目标实现的部门和机构，又有被规划目标实现所影响的群体，让各类主体以适当形式参与规划制定过程，对于提高规划质量十分重要。政治共识是指在党中央领导下，以中央规划建议文件起草为主要平台，调动政府部门、社会各界等参与，就未来发展目标、发展理念、发展主线、发展战略等逐步统一思想、凝聚共识。习近平总书记高度重视五年规划编制工作，自“十三五”以来亲自担任中央规划建议文件起草组组长，亲自谋划、亲自部署、亲自推动国家发展规划工作。中央规划建议起草过程中，起草组通过调研、座谈会等方式了解社会各方面的诉求、意见和建议，努力将顶层设计、地方需求、社会期盼、群众智慧、专家意见和基层经验更好融合。

以《中共中央关于制定国民经济和社会发展第十五个五年规划的建议》（以下简称《建议》）为例。2025年1月，党中央发出《关于对党的二十届四中全会研究“十五五”规划建议征求意见的通知》，在党内外一定范围征求意见，这本身也是一个规划议题的设置过程。《建议》稿还下发党内一定范围征求意见，专门听取了各民主党派中央、全国工商联负责人和无党派人士代表意见。《建议》稿起草期间，中央政治局常委会召开3次会议、中央政治局召开2次会议进行审议、修改。经过多次的民主集中过程，形成了党中央关于未来五年发展的战略谋划和主张，成为编制规划纲要的基本遵循。此外，规划编制涉及各部门各地区的资源配置和发展格局，在起草过程中也通过到地方调研，召开部分省区市以及经济界、科技界、基层代表座谈会等形式，充分征求各部门各地区的意见、平衡好各方面的发展诉求，推动在目标指标分解、重大工程项目、重大任务和政策举措等规划实施层面达成共识。各部门各地区对规划的共识度越高，参与规划落实的主动性和积极性就会越强，规划实施效果就会更佳。

社会共识。习近平总书记指出：“五年规划编制涉及经济社会发展方方面面，同人民群众生产生活息息相关，需要把加强顶层设计和坚持问计于民统一起来，鼓励广大人民群众和社会各界以各种方式建言献策。”社会共识是指在规划编制过程中，通过各种方式听取经营主体、社会主体和公众的意见、建议和诉求，在汲取人民智慧的同时增进社会各界对规划的理解，使五年规划真正成为全社会的发展共识。在“十四五”规划编制工作中，习近平总书记主持召开企业家、科学家、经济社会领域专家等7场座谈会，听取对制定“十四五”规划的意见和建议并发表重要讲话。2025年5月至6月，“十五五”规划编制工作开展网络征求意见活动，累计收到群众有效建言超过300万条，为“十五五”规划编制提供有益参考。习近平总书记高度重视网民意见建议并专门作出重要指示，要求有关部门认真研究吸纳。经梳理摘编，从网民建言献策中形成27个方面具有建设性、代表性的意见建议1500余条。这实际上也是向社会传递规划的重要思路和目标，不断加深社会理解、凝聚社会共识的过程。经过全国人民代表大会审议通过的规划纲要，从法理上也属于全社会形成的共识，是全体人民共同的行动纲领。

科学共识解决认识论的问题，是形成政治共识和社会共识的基础。政治共识统筹各方面利益诉求、凝聚最大公约数，是形成社会共识的前提。五年规划的共识机制有助于实现政府内部不同层级、不同部门之间以及政府、市场和社会之间的目标协同，增强各类主体对规划的认同感，进而转化为支持、参与和推动规划实施的行动自觉，把五年规划对经济社会发展的引领作用最大限度地发挥出来。

**引导机制：明确各类主体行为和市场资源配置方向，把各类主体行为协同统一到国家战略目标上来**

习近平总书记在谈到五年规划时指出：“这实际上是中国的一个特色。我们在调查研究的基础上，提出充分尊重民意并且符合实际的全面系统的规划，并且有超强的执行力来落实这些规划。”引导机制是指通过阐明国家战略意图、发展思路和任务举措，明确政府部门工作重点和公共资源配置领域，引导经营主体行为和市场资源配置方向，调动广大人民群众的积极性，实现各类主体之间的行为协同并将其统一到国家战略目标上，推动形成落实五年规划的强大合力。

面向全社会提供公共知识，引导社会预期。变化是永恒的，并且常常蕴藏机遇。要想在未来的竞争中把握先机，就需要准确识变、科学应变、主动求变，顺势而为、乘势而上。五年规划是分析国家发展环境、描绘国家发展蓝图、引领国家发展方向的战略性、纲领性文件，既要研判未来国内国际发展形势，也要阐明规划期内发展思路、基本原则、主要目标、重点任务等。

五年规划关于规划期内发展阶段、内外部环境、发展思路和远景目标的阐述，是立足国家全局进行综合研究、反复分析而形成的具有共识性的战略判断，也是面向全社会提供的公共知识，可以帮助各类主体更好地把握和应对未来的机遇和挑战。五年规划出台后，宏观经济部门可根据对未来发展形势的研判，通过税收、财政等手段平衡经济总量、调节经济结构，促进经济平稳发展；各部门各地区可在国家规划的指引下，找准未来自身发展定位，形成自身发展“小逻辑”和国家发展“大逻辑”的契合。

建立政府内部引导机制，提升规划实施的协同性和整体效能。习近平总书记指出：“要把抓落实摆在突出位置，制定具体方案，明确责任分工，防止任务落空，坚决克服‘规划规划、墙上挂挂’，‘规划是一套、做起来是另一套’的现象。”建立五年规划的政府内部引导机制，目的在于明确政府工作重点，并通过建立目标约束、任务分解、考核问责等实施机制，辅之以投资、项目、财税、土地等配套政策，推动公共服务、民生保障、生态环境等市场失灵领域的发展，兑现政府对公众的承诺。

根据五年规划制定的年度计划、专项规划和区域规划，将规划任务和主要目标分解到各年度、各领域、各地区，引导各地区各部门将政策和行动统一到规划目标上来，确保发展目标尤其是约束性指标的实现。比如，“十四五”规划的约束性指标主要集中在民生福祉、节能减排、资源环境和安全保障等领域，要求各级政府合理配置公共资源、引导调控社会资源，确保如期完成。“十四五”时期，国家还针对科技创新、数字经济、绿色生态、民生保障等领域制定实施了一批重点专项规划，对于促进关键领域发展、破解重点难点问题、推动规划落地实施发挥了重要作用。

习近平总书记强调：“完善规划实施中的动态监测、中期评估、总结评估机制，提高规划执行力和落实力。”经过不断探索，我国逐步形成了较为完善的规划实施监测评估机制，扭转了一段时期以来存在的“重编制、轻实施和评估”现象，进一步强化了规划权威性和严肃性。“十四五”规划从落实规划实施责任、加强规划实施监测评估、强化政策协同保障等方面作出了制度性安排，强调建立健全规划实施监测评估、政策保障、考核监督机制，要求将规划实施情况纳入各有关部门、地方领导班子和干部评价体系。党的二十届四中全会《建议》明确提出：“强化规划实施监测评估和监督，健全政策协调和工作协同机制，确保党中央决策部署落到实处。”

建立市场引导机制，减少政府和市场之间的信息不对称。社会主义市场经济条件下的五年规划，通过发送政策信号引导和规范市场上各类主体行为。市场引导机制是通过阐明国家战略意图，增进经营主体对国家发展方向、战略目标和重点任务的认识，引导市场资源向国家战略指明的方向配置，同时通过完善法律法规和制度体系来规范经营主体行为、引导市场发展方向，实现政府和市场之间的协同，形成既“放得活”又“管得好”的经济秩序。

通过释放发展信号引导经营主体投资行为。五年规划蕴含着国家发展的战略方向、目标、重大任务和工程，再加上巨大的公共资源投入和公共政策支持，本身就会产生海量的市场机会。经营主体基于自身商业逻辑，从中识别出有利于自身的市场机会并作出相应的投资安排，从而将投资经营行为统一到国家战略方向上来，在实现自身商业利益的同时推动实现国家整体利益。比如，“十四五”规划明确提出了力争2030年前实现碳达峰、2060年前实现碳中和的目标，带动了新能源、碳交易、循环经济等领域的巨大商机，涉及光伏、风电、储能、碳减排技术、碳监测设备、动力电池回收等多个细分赛道。市场上单个经营主体并不能科学全面地预见国民经济总供给和总需求的平衡状况，难以作出长期性判断，因而需要政府通过整体性知识对供需状况进行判断，从而引导经营主体配置资源的方向。从这个意义上讲，规划所释放的市场和产业政策信号就显得尤其重要。

通过释放政策调整信号规范经营主体行为。五年规划针对市场体系中不同阶段存在的突出问题和矛盾，就完善法律法规、监管体系等作出部署，为具体的立法、政策制定提供指南。以互联网平台监管为例，“十三五”规划提出了“强化互联网交易监管”，“十四五”规划明确了“依法依规加强互联网平台经济监管”，党的二十届四中全会《建议》进一步提出“完善监管，推动平台经济创新和健康发展”。随着各界对于互联网平台经济认识的深化，加强平台监管的呼声越来越强烈，规划必须对此作出回应，就相关法律法规和政策体系的完善作出部署，以营造良好的平台经济生态，这对互联网平台而言就是强烈的政策信号。

建立社会引导机制，增强全社会凝聚力和协同性。习近平总书记指出：“好的方针政策和发展规划都应该顺应人民意愿、符合人民所思所盼，从群众中来、到群众中去。”五年规划既是全国各族人民共同的行动纲领，也是个体谋划自身发展的基石。规划的社会引导机制在于通过面向全社会阐明国家战略意图，让公众了解国家发展的目标和方向，引导公众实现个体行为与国家发展方向的协同，努力形成全社会参与规划实施的强大合力。规划建议和纲要通过多种渠道发布和宣传，让社会公众了解当前国家所处历史方位，看到国家发展方向和目标，从而鼓舞社会信心和士气，增强个体自豪感和归属感。规划也会阐释未来五年教育、医疗、就业、养老、社保等各项民生事业的任务和目标，这实际上是面向社会公众的庄严承诺，有利于增强公众的获得感、幸福感、安全感。五年规划擘画了国家发展的蓝图和方向，有利于个体从中寻找自身发展机遇，引导个体将行动统一到国家战略方向上来，既更好地成就自身事业，又为国家发展贡献力量。

**平衡机制：处理好几对重要关系，增强发展的协调性和可持续性**

中华文化崇尚“和”，强调系统性思维和整体性谋划，注重“协调”“平衡”“和谐”，这也是我国国家治理的重要方法论。习近平总书记指出：“在中国当领导人，必须在把情况搞清楚的基础上，统筹兼顾、综合平衡，突出重点、带动全局”。五年规划的一个重要特征就是全面性和综合性，着眼于处理好政府与市场、国内与国际、短期与长期、经济发展与空间发展、整体与局部等重要关系，增强发展的协调性和可持续性。

平衡好政府与市场的关系。习近平总书记指出：“中长期发展规划既能充分发挥市场在资源配置中的决定性作用，又能更好发挥政府作用。”市场配置资源是最有效率的方式，但市场不是万能的，本身也会失灵，而且还存在着自发性、盲目性、短期性的一面，这就需要更好发挥政府作用。我国的五年规划，是有效市场和有为政府相结合的重要手段，以解决市场失灵，促进社会公平正义，推动经济长期稳定发展。

五年规划通过构建高标准市场体系，为市场发挥作用创造公平的竞争环境和优质的运营环境，以有效市场提升全社会资源配置效率；同时推动转变政府职能、完善宏观经济治理体系，以有为政府弥补市场短板和缺陷，促进经济高质量发展。五年规划明确了规划实施中的政府与市场关系，预期性指标及产业发展、结构调整等任务主要依靠发挥市场作用来实现，而政府的主要责任在于确保约束性指标、重大工程项目以及公共服务、生态环保、安全保障等任务的如期实现。中国式现代化取得的辉煌成就充分说明，五年规划作为社会主义市场经济体制中的一项重要制度创新，在处理政府与市场关系方面发挥了关键作用。它不仅有助于充分发挥市场在资源配置中的决定性作用，激发经营主体的活力和创造力，还能够推动政府更好发挥作用，有效防范宏观层面的失衡，避免市场的自发性和盲目性。

平衡好国内与国际的关系。经济全球化使世界各国命运更加紧密地联系在一起，形成了你中有我、我中有你的命运共同体。习近平总书记强调：“领导干部要胸怀两个大局，一个是中华民族伟大复兴的战略全局，一个是世界百年未有之大变局，这是我们谋划工作的基本出发点。”五年规划的制定，不仅要立足国内，还要放眼世界，既要深刻把握国际形势变化，也要研判中国未来发展战略对全球的影响。面对世界百年未有之大变局，“十四五”规划提出“加快构建以国内大循环为主体、国内国际双循环相互促进的新发展格局”，就是要既发挥我国超大规模市场优势和超强供给能力优势，增强国家发展的内生动力，又发挥好中国的“世界工厂”和“世界市场”作用，从供需两端更好融入全球发展格局，使中国持续成为世界经济的稳定器和动力源。党的二十届四中全会《建议》明确提出“扩大高水平对外开放，开创合作共赢新局面”，就是要以开放促改革、促发展，与世界各国共享机遇、共同发展，以中国战略的稳定性、推动发展的确定性和扩大开放的坚定性，为动荡不安的世界注入更多信心和正能量。

平衡好短期与长期的关系。习近平总书记十分重视科学把握当前与长远的辩证关系，强调“既要狠抓当前，又要着眼长远”。作为社会主义现代化战略在规划期内的阶段性部署和安排，每个五年规划都是在分阶段落实国家发展战略，锚定长远战略目标提出未来五年发展目标，指引政府、市场、社会和公众朝着长远目标不断前进。习近平总书记指出：“从第一个五年计划到第十四个五年规划，一以贯之的主题是把我国建设成为社会主义现代化国家。”从1953年开始，我国已经编制实施了十四个五年规划（计划），接力落实社会主义现代化建设的长远战略目标。当前，我国正奋进在全面建设社会主义现代化国家的新征程上，“十四五”至“十六五”三个五年规划锚定的就是到2035年基本实现社会主义现代化的目标，然后再用“十七五”至“十九五”三个五年规划达成到本世纪中叶全面建成社会主义现代化强国的目标。五年规划密切衔接和落实更长期的现代化战略安排，有利于保持政策的稳定性和连续性，确保一任接着一任干，使国家发展朝着既定目标和方向前进，一张蓝图绘到底。

处理好发展与保护的关系也是平衡好短期与长期关系的一个重要体现。党的十八大以来，以习近平同志为核心的党中央深刻把握生态文明建设规律，创造性提出一系列科学论断，为处理好发展与保护的关系提供了根本遵循。习近平总书记指出：“生态环境保护和经济发展不是矛盾对立的关系，而是辩证统一的关系。只有把绿色发展的底色铺好，才会有今后发展的高歌猛进。”“十四五”规划提出“实现更高质量、更有效率、更加公平、更可持续、更为安全的发展”，专篇部署绿色发展。党的二十届四中全会《建议》提出“加快经济社会发展全面绿色转型，建设美丽中国”。这些都是统筹高质量发展与高水平保护的科学部署。

平衡好经济发展与空间发展的关系。我国地域辽阔、资源禀赋分布不均，各地基础条件和发展水平存在明显差别，使得区域发展不平衡、不充分的问题长期存在。一些地区较快的经济增长也给资源环境、公共服务、基础设施带来巨大压力，导致产业的过度集聚和空间失衡。五年规划平衡经济发展和空间发展，促进经济发展与资源环境、公共服务、基础设施等相互协调。随着时间的推移，适应发展的需要，五年规划的内容从以经济领域为主逐渐拓展到了经济、社会、文化、生态等多个重要领域，规划的空间属性也在不断强化，逐渐成为国民经济和社会发展在时间和空间上的一种战略布局。“十一五”规划提出“推进形成主体功能区”，就是要求根据资源环境承载能力、现有开发密度和发展潜力，统筹谋划未来人口分布、经济布局、国土利用和城镇化格局，实现开发活动与国土空间的平衡。习近平总书记指出：“要根据各地区的条件，走合理分工、优化发展的路子，落实主体功能区战略，完善空间治理，形成优势互补、高质量发展的区域经济布局。”完善和落实主体功能区战略，一方面要立足各区域环境承载力与经济社会禀赋，发挥比较优势，开展差异化开发，实现区域经济政策的精准化；另一方面要增强城市群、中心城市等区域经济与人口承载力，形成大中小城市协调发展格局。

实现区域协调发展，是贯彻新发展理念、建设现代化经济体系、实现高质量发展的要求。党的十八大以来，以习近平同志为核心的党中央高瞻远瞩、审时度势，提出了京津冀协同发展、长江经济带发展、粤港澳大湾区建设、长三角一体化发展、黄河流域生态保护和高质量发展、成渝地区双城经济圈建设等区域发展战略，深入推进西部大开发、东北全面振兴、中部地区崛起、东部率先发展，推动形成各地区分工合理、优势互补、协调发展的区域发展新格局。党的二十届四中全会《建议》进一步提出：“发挥区域协调发展战略、区域重大战略、主体功能区战略、新型城镇化战略叠加效应，优化重大生产力布局，发挥重点区域增长极作用，构建优势互补、高质量发展的区域经济布局和国土空间体系”，这为优化区域经济布局、促进区域协调发展提供了重要遵循。

平衡好整体与局部的关系。国家发展是由经济社会各环节、各层面、各领域的相互关系和内在联系构成的一个有机整体，越来越呈现出综合性、系统性、复杂性。经济建设、政治建设、文化建设、社会建设、生态文明建设“五位一体”总体布局，就集中体现了对系统观、整体观的坚持。“五位”既是一体，也相互作用，平衡好了相互促进，平衡不好此消彼长。当然，平衡并不是平均，不是不分主次。抓住主要矛盾是平衡好整体与局部的关键着力点，也是推进中心工作、带动全局发展的重中之重。作为一个发展中大国，我国发展面临着许多矛盾，客观上也需要抓住主要矛盾，同时平衡好其他矛盾。五年规划运用系统观念，全面考量和协调国家发展的方方面面，在整体发展和局部发展、全面推进与重点突破中寻求动态最优平衡。比如，“十三五”规划、“十四五”规划都把创新驱动发展作为首位的重点任务进行部署，都体现了在科技革命与大国博弈相互交织的形势下，我们对现代化建设中具有牵引性的重大问题的聚焦。新中国规划史上的每个五年规划，都是在努力解决我国各个发展时期面临的主要矛盾，力图以重点突破带动整体跃升，实现“举一纲而万目张，解一卷而众篇明”。

中国不是全世界第一个编制五年规划的国家，却是唯一将五年规划坚持下来并且成功实现了经济快速发展和社会长期稳定两大奇迹的国家。五年规划的发展历程，是共识机制、引导机制和平衡机制不断演进并日趋成熟的过程，促进了政府职能转变，推动了社会主义市场经济体制的不断健全完善，形成了政府、市场、社会、公众推动国家发展的强大合力。以五年规划为代表的中国实践，既能够为发展中国家解决政府职能定位不清晰、市场体系不健全等问题提供方案，又能为发达国家解决市场失灵和政府失灵等问题提供思路。探索没有止境，五年规划的作用机制将随着社会主义市场经济体制的完善而不断完善，成为完善和发展中国特色社会主义制度、推进国家治理体系和治理能力现代化的重要制度创新，并为处理好市场经济条件下的政府与市场关系不断贡献中国智慧和中国方案。

（作者为清华大学中国发展规划研究院院长）",杨永恒,理论,https://paper.people.com.cn/rmrb/pc/content/202601/09/content_30130836.html,2026-01-09,"['规划', '发展', '五年', '共识', '习近平', '国家', '主体', '社会', '战略', '总书记']","习近平总书记指出：“科学制定和接续实施五年规划，是我们党治国理政一条重要经验，也是中国特色社会主义一个重要政治优势。”新中国成立以来，我国已编制并实施了14个五年规划（计划）。随着社会主义市场经济体制的建立和完善，五年规划已从计划经济条件下单纯指令性计划逐步演变为市场经济条件下国家推动经济社会发展的战略性、宏观性、政策性的指导性规划，成为阐明国家战略意图、明确政府工作重点、引导规范经营主体行为的发展纲领。深刻理解五年规划在凝聚发展共识、引领发展方向、优化资源配置、推动全面协调可持续发展等方面的深层次作用机制，对于有效发挥国家发展规划的战略导向作用，彰显中国特色社会主义的制度优势，具有十分重要的意义。
共识机制：推动形成具有广泛共识度的方案和目标，增强各类主体参与规划实施的行动自觉
习近平总书记对“十五五”规划编制工作作出重要指示强调：“坚持科学决策、民主决策、依法决策，把顶层设计和问计于民统一起来，加强调研论证，广泛凝聚共识，以多种方式听取人民群众和社会各界的意见建议，充分吸收干部群众在实践中创造的新鲜经验，注重目标任务和政策举措的系统性整体性协同性”。共识机制是通过制度化、程序化的安排，以规划基本思路、中央规划建议和规划纲要的编制起草为平台，包括党政部门、专家学者、企业、社会组织、公众在内的多方主体有序参与议题设置、目标设定、方案设计等阶段和环节，推动达成具有广泛共识度的方案和目标。其中包括客观把握规划对象本质特征的科学共识、反映各方面诉求和决策层意志的政治共识以及体现全社会普遍意愿的社会共识。",政治
雪线映照初心  海拔丈量忠诚,"云南昆明，在2025年度第二期“云岭楷模”发布仪式上，迪庆藏族自治州国家安全局二支队支队长洛桑扎西被授予“云岭楷模”称号。
然而，光鲜的舞台上，并没有洛桑扎西领奖的身影。在静谧的角落里，他欣慰地为走上台的其他获奖者送上掌声，眼中满含泪水。
肩负特殊职责、特殊使命，洛桑扎西甘当无名英雄。十余载从警生涯，他穿梭于云南海拔最高、条件最艰苦的基层一线，在边疆地区维护国家安全的重大现实斗争中冲锋在前。
和煦的阳光背后，无数国安干警们践行忠诚履职、担当奉献的铮铮誓言，以无名之躯驱散黑暗。
“维护国家安全的工作有条件要做，没有条件创造条件也要做”
为了攒学费，洛桑扎西年幼时没少吃苦。在党和政府的帮助下，他走出大山，成了村里第一个大学生，后成为一名光荣的人民警察。“我们接受党的‘青稞’够多了，你要多干实在活，换成‘糌粑’回报党！”母亲的话时刻激励着他。
几年前，一起境外反华敌对势力操纵的案件，让久经沙场的专案组成员犯了难。境外势力蒙骗藏族群众钱款，妄图资助危害我国国家安全的违法犯罪活动。案件无先例可循，资金链路隐蔽、流向极其复杂，证据难以固定，侦办陷入僵局。
非法募集的资金面临着流出境外的风险，事关国家安全、同胞生计，破案刻不容缓，这个“等不得一点”的康巴汉子主动请战。
最初，他们按既有经验，紧盯境外线索情况，一条一条摸排。“没日没夜查了3个月，连个影子都没摸到。”洛桑扎西果断换了思路，综合运用各种手段，人员技术齐上阵，境内境外全面梳理。
6个月核查10余万条信息，没人知道哪一条信息中有线索。他尝试数据分析比对，最终成功锁定犯罪嫌疑人，依法查处涉案人员，斩断了向境外势力“非法供血”的渠道，维护了边疆地区社会稳定，挽回了群众的经济损失。
雪线映照初心，海拔丈量忠诚。
“维护国家安全的工作有条件要做，没有条件创造条件也要做，这才是‘为人所不能’！”洛桑扎西用“找米下锅”“大海捞针”来形容自己的工作，有敌情就主动出击，“风平浪静”时就搞调研。
翻雪山、过悬崖，宿窝棚、饮雪水，一块糌粑就是一顿饭，一走就是几个月。“基础调研的事情急不得，必须要付出一些精力，不能急于求成。”洛桑扎西花两年时间，撰写了数万字的调研报告。
“‘要战斗在党和人民最需要的地方’，这是洛桑扎西们经常挂在嘴边的话。”国家安全部新闻办负责人表示，常年战斗在一线，境外势力对洛桑扎西等拉拢诱惑、造谣污蔑，甚至一些国安干警的家人遭到人身威胁，但广大干警始终坚信正义必胜，展现了“若一去不回，便一去不回”的大无畏精神。
“再艰苦的地方也是祖国疆土，总要有人守护”
有一次，一起境外势力的破坏图谋进入侦查视线，事关当地社会稳定和人民群众生命安全。
“查！”明知对方人数众多，明知前方风险巨大，洛桑扎西仍毅然前往，带领团队翻山越岭寻敌踪200多公里。
面对敌众我寡的局面，洛桑扎西一面用身体死死护住取证设备，一面镇定自若与对方周旋，凭借着扎实的专业素养和丰富的斗争经验，携带证据顺利突围。
后续案件侦办中，涉案对象恼羞成怒，疯狂叫嚣“灭你全家”。洛桑扎西毫不畏惧，开展数十次谈话审查，促其交代违法犯罪的详细计划，成功粉碎境外势力的险恶图谋。
国家利益拓展到哪里，国家安全边界就要跟进到哪里。
隆冬时节，青海三江源国家级自然保护区，气温低至零下30摄氏度，果洛藏族自治州国家安全局干警携带氧气瓶，在结冰的沼泽中连续跋涉数日。此次，他们追踪的是一伙在我国非法开展生态数据收集的境外人员。
“每一份生态数据都是国家安全的密码。”干警们在极寒环境中连续追踪作业，果断切断非法传输链路，成功固定该团伙犯罪证据。当查获的非法定位设备和敏感生态数据移交相关部门时，这支平均年龄仅28岁的行动组，已在海拔4500米以上的高原腹地奋战40余天。
风雪肆虐，阻挡不了奋进的脚步；缺氧环境，磨灭不了坚守的信念。他们布满血丝的双眼、冻伤皲裂的双手，筑起三江源生态安全的坚固防线。
“再艰苦的地方也是祖国疆土，总要有人守护；再辛苦的工作也是党的任务，总要有人完成。”国家安全部新闻办负责人表示，这不仅是果洛国安干警的心声，更是全体国安干警的庄严承诺。在雪域高原的无声战场，他们用青春与生命诠释国家安全战士的使命担当。
“将国家安全的‘大命题’转化为牧民们的‘小行动’”
西藏山南市某边境村寨晒谷场，牧民围坐一起，一场国家安全法宣讲活动正在开展。
“‘放牧守边是职责’，我们要像卓嘎、央宗一样，守护好脚下的每一寸土地。”国安干警次仁举着扩音喇叭，讲述玉麦姐妹的感人故事，赢得现场群众热烈掌声。
近年来，山南国家安全机关把国家安全普法宣传作为长期基础性工作，制作藏腔说唱《国家安全永远在心》等特色宣传节目，用精准滴灌和春风化雨的形式，在雪域边陲织密织牢维护国家安全的“防护网”。
如今，随着国家安全知识不断普及，12339国家安全机关举报受理电话知晓率大幅跃升，成为高原群众嘴边的“安全密码”。
一天放牧时，某边境村村民顿珠发现两名陌生人用长焦镜头拍摄远处的军事设施，立即想起普法宣传员讲的案例，马上拨打了12339。
接到举报后，山南国家安全机关立即启动办案响应机制，分析研判线索。办案人员运用现代技术手段对可疑人员身份信息进行核查比对，在最短时间内锁定目标对象，在嫌疑人再次实施非法拍摄行为时将其抓获现行。
“国安干警以接地气的方式普及法律知识，将国家安全的‘大命题’转化为牧民们的‘小行动’，切实筑牢基层国家安全防线。”国家安全部新闻办负责人表示，通过开展一系列创新实践，边境各族群众的法治意识不断提升，有效激发全民参与维护国家安全的热情。","# 雪线映照初心  海拔丈量忠诚

> 本报记者  亓玉昆《人民日报》（2026年01月09日第 10 版）

云南昆明，在2025年度第二期“云岭楷模”发布仪式上，迪庆藏族自治州国家安全局二支队支队长洛桑扎西被授予“云岭楷模”称号。

然而，光鲜的舞台上，并没有洛桑扎西领奖的身影。在静谧的角落里，他欣慰地为走上台的其他获奖者送上掌声，眼中满含泪水。

肩负特殊职责、特殊使命，洛桑扎西甘当无名英雄。十余载从警生涯，他穿梭于云南海拔最高、条件最艰苦的基层一线，在边疆地区维护国家安全的重大现实斗争中冲锋在前。

和煦的阳光背后，无数国安干警们践行忠诚履职、担当奉献的铮铮誓言，以无名之躯驱散黑暗。

“维护国家安全的工作有条件要做，没有条件创造条件也要做”

为了攒学费，洛桑扎西年幼时没少吃苦。在党和政府的帮助下，他走出大山，成了村里第一个大学生，后成为一名光荣的人民警察。“我们接受党的‘青稞’够多了，你要多干实在活，换成‘糌粑’回报党！”母亲的话时刻激励着他。

几年前，一起境外反华敌对势力操纵的案件，让久经沙场的专案组成员犯了难。境外势力蒙骗藏族群众钱款，妄图资助危害我国国家安全的违法犯罪活动。案件无先例可循，资金链路隐蔽、流向极其复杂，证据难以固定，侦办陷入僵局。

非法募集的资金面临着流出境外的风险，事关国家安全、同胞生计，破案刻不容缓，这个“等不得一点”的康巴汉子主动请战。

最初，他们按既有经验，紧盯境外线索情况，一条一条摸排。“没日没夜查了3个月，连个影子都没摸到。”洛桑扎西果断换了思路，综合运用各种手段，人员技术齐上阵，境内境外全面梳理。

6个月核查10余万条信息，没人知道哪一条信息中有线索。他尝试数据分析比对，最终成功锁定犯罪嫌疑人，依法查处涉案人员，斩断了向境外势力“非法供血”的渠道，维护了边疆地区社会稳定，挽回了群众的经济损失。

雪线映照初心，海拔丈量忠诚。

“维护国家安全的工作有条件要做，没有条件创造条件也要做，这才是‘为人所不能’！”洛桑扎西用“找米下锅”“大海捞针”来形容自己的工作，有敌情就主动出击，“风平浪静”时就搞调研。

翻雪山、过悬崖，宿窝棚、饮雪水，一块糌粑就是一顿饭，一走就是几个月。“基础调研的事情急不得，必须要付出一些精力，不能急于求成。”洛桑扎西花两年时间，撰写了数万字的调研报告。

“‘要战斗在党和人民最需要的地方’，这是洛桑扎西们经常挂在嘴边的话。”国家安全部新闻办负责人表示，常年战斗在一线，境外势力对洛桑扎西等拉拢诱惑、造谣污蔑，甚至一些国安干警的家人遭到人身威胁，但广大干警始终坚信正义必胜，展现了“若一去不回，便一去不回”的大无畏精神。

“再艰苦的地方也是祖国疆土，总要有人守护”

有一次，一起境外势力的破坏图谋进入侦查视线，事关当地社会稳定和人民群众生命安全。

“查！”明知对方人数众多，明知前方风险巨大，洛桑扎西仍毅然前往，带领团队翻山越岭寻敌踪200多公里。

面对敌众我寡的局面，洛桑扎西一面用身体死死护住取证设备，一面镇定自若与对方周旋，凭借着扎实的专业素养和丰富的斗争经验，携带证据顺利突围。

后续案件侦办中，涉案对象恼羞成怒，疯狂叫嚣“灭你全家”。洛桑扎西毫不畏惧，开展数十次谈话审查，促其交代违法犯罪的详细计划，成功粉碎境外势力的险恶图谋。

国家利益拓展到哪里，国家安全边界就要跟进到哪里。

隆冬时节，青海三江源国家级自然保护区，气温低至零下30摄氏度，果洛藏族自治州国家安全局干警携带氧气瓶，在结冰的沼泽中连续跋涉数日。此次，他们追踪的是一伙在我国非法开展生态数据收集的境外人员。

“每一份生态数据都是国家安全的密码。”干警们在极寒环境中连续追踪作业，果断切断非法传输链路，成功固定该团伙犯罪证据。当查获的非法定位设备和敏感生态数据移交相关部门时，这支平均年龄仅28岁的行动组，已在海拔4500米以上的高原腹地奋战40余天。

风雪肆虐，阻挡不了奋进的脚步；缺氧环境，磨灭不了坚守的信念。他们布满血丝的双眼、冻伤皲裂的双手，筑起三江源生态安全的坚固防线。

“再艰苦的地方也是祖国疆土，总要有人守护；再辛苦的工作也是党的任务，总要有人完成。”国家安全部新闻办负责人表示，这不仅是果洛国安干警的心声，更是全体国安干警的庄严承诺。在雪域高原的无声战场，他们用青春与生命诠释国家安全战士的使命担当。

“将国家安全的‘大命题’转化为牧民们的‘小行动’”

西藏山南市某边境村寨晒谷场，牧民围坐一起，一场国家安全法宣讲活动正在开展。

“‘放牧守边是职责’，我们要像卓嘎、央宗一样，守护好脚下的每一寸土地。”国安干警次仁举着扩音喇叭，讲述玉麦姐妹的感人故事，赢得现场群众热烈掌声。

近年来，山南国家安全机关把国家安全普法宣传作为长期基础性工作，制作藏腔说唱《国家安全永远在心》等特色宣传节目，用精准滴灌和春风化雨的形式，在雪域边陲织密织牢维护国家安全的“防护网”。

如今，随着国家安全知识不断普及，12339国家安全机关举报受理电话知晓率大幅跃升，成为高原群众嘴边的“安全密码”。

一天放牧时，某边境村村民顿珠发现两名陌生人用长焦镜头拍摄远处的军事设施，立即想起普法宣传员讲的案例，马上拨打了12339。

接到举报后，山南国家安全机关立即启动办案响应机制，分析研判线索。办案人员运用现代技术手段对可疑人员身份信息进行核查比对，在最短时间内锁定目标对象，在嫌疑人再次实施非法拍摄行为时将其抓获现行。

“国安干警以接地气的方式普及法律知识，将国家安全的‘大命题’转化为牧民们的‘小行动’，切实筑牢基层国家安全防线。”国家安全部新闻办负责人表示，通过开展一系列创新实践，边境各族群众的法治意识不断提升，有效激发全民参与维护国家安全的热情。",亓玉昆,政治,https://paper.people.com.cn/rmrb/pc/content/202601/09/content_30130837.html,2026-01-09,"['扎西', '洛桑', '安全', '国家', '干警', '境外', '国安', '非法', '维护', '国家安全部']","云南昆明，在2025年度第二期“云岭楷模”发布仪式上，迪庆藏族自治州国家安全局二支队支队长洛桑扎西被授予“云岭楷模”称号。
然而，光鲜的舞台上，并没有洛桑扎西领奖的身影。在静谧的角落里，他欣慰地为走上台的其他获奖者送上掌声，眼中满含泪水。
肩负特殊职责、特殊使命，洛桑扎西甘当无名英雄。十余载从警生涯，他穿梭于云南海拔最高、条件最艰苦的基层一线，在边疆地区维护国家安全的重大现实斗争中冲锋在前。",政治
致敬，那些默默守护我们的“警察蓝”（建设更高水平的平安中国）,"新疆出入境边防检查总站阿勒泰边境管理支队加郎阿什边境派出所民警开展巡边踏查。杨  帅摄（影像中国）
新疆出入境边防检查总站阿勒泰边境管理支队加郎阿什边境派出所民警开展巡边踏查。
杨  帅摄（影像中国）
吉林省公安厅交通管理总队高速公路长春支队民警在珲乌高速莲花山收费站执勤。李秀林摄（人民视觉）
吉林省公安厅交通管理总队高速公路长春支队民警在珲乌高速莲花山收费站执勤。
李秀林摄（人民视觉）
浙江省湖州市长兴县公安局民辅警冒着强降雨疏通排水口。方金华摄（影像中国）
浙江省湖州市长兴县公安局民辅警冒着强降雨疏通排水口。
方金华摄（影像中国）
安徽省马鞍山市和县公安局民警在田间地头走访蔬菜种植户，认真倾听群众诉求。秦祖泉摄（影像中国）
安徽省马鞍山市和县公安局民警在田间地头走访蔬菜种植户，认真倾听群众诉求。
秦祖泉摄（影像中国）
四川省绵阳市公安局特巡警支队特警大队队员与警用机器狗协同配合，开展实战化演练。唐  超摄（影像中国）
四川省绵阳市公安局特巡警支队特警大队队员与警用机器狗协同配合，开展实战化演练。
唐  超摄（影像中国）
数据来源：公安部
数据来源：公安部
民警本色  平安底色
张天培
2026年1月10日，是第六个中国人民警察节。时间，这一最公平的计算单位，对于人民警察来说，却有不同的算法。
时间是挤压的，它很多时候要用“秒”计算。
快一秒，就能挽救一个生命。浙江杭州市萧山区城厢街道居民陈先生突发疾病，萧山公安启动“警医联动”与“一键护航”系统，数智平台快速规划出最优路线，实时调控沿途信号灯，远程疏导车流，原本50分钟的车程缩短至18分钟，畅通无阻，救护成功。
抢一秒，就能拦住一次诈骗。云南德宏边境管理支队平原边境派出所民警接到涉诈智能识别预警平台提示，立即启动“线上预警、线下劝阻”、“警银协作”止付等机制，在60分钟内成功冻结涉案账户，群众的钱保住了！
高效的处警机制“跑赢”了时间。全国公安机关不断建立完善“专业+机制+大数据”新型警务运行模式，警务运行更智能、应急处置更高效、为民服务更精准。公安机关正将大数据、人工智能等新质战斗力、机制改革带来的警务效能，转化为老百姓可感、可知、可触的获得感、幸福感、安全感。
时间又是舒展的，它很多时候是以“年”起步。
是路口数十年如一日的背影，是社区千百次走访的叮咛，是边境线上反复丈量的脚步。2025年12月31日晚上，浙江省义乌市公安局民警李相贵退休前最后一次夜巡，30年默默付出、扎根一线，他反复握紧又松开的不只是对讲机，更是难以掩饰的不舍；江西省贵溪市公安局花园派出所一级警长翁红华主动下沉社区，走遍辖区59栋楼2531户人家，存下2000多个居民电话，写了12本工作日志，密密麻麻记录着居民的冷暖需求；当巡逻的哨声响起，拉萨海关缉私局狮泉河海关缉私分局的民警们背起几十斤重的装备，在海拔4500米以上的边境线上留下一串深深浅浅的脚印……
一个个被用心守护的平常时刻，离不开广大民警日复一日、年复一年的默默付出。2025年，全国公安机关共有210名民警、142名辅警因公牺牲。对党忠诚、服务人民、执法公正、纪律严明，这一抹抹忙碌的“警察蓝”是民警的本色，也是平安的底色。
准一些，市民出行快捷安全
本报记者  巨云鹏
“有时亮一次绿灯只能过去四五辆车。”上海市区，静安寺旁，万航渡路与愚园路交叉路口，拥堵曾是常态。“主要原因是路口滞留。”上海市公安局交管总队科技支队民警夏良告诉记者，“绿灯最后几秒，司机都想着抢一抢，前面车多过不去，只好停在马路中间。”这样的路口，上海有不少。
2025年以来，上海市公安局交管总队探索将AI大模型技术融入上海道路交通管理信息系统，推出上海AI治堵大模型，同时成立AI治堵专班，夏良成为专班中的一员。
路口的车道数、早晚高峰的车流、路口周边红绿灯布设……针对这一个路口，专班整理了近3年交通指标的数据，“喂”给AI治堵大模型，生成了10种方案。“生成方案的效率很高，但仔细一看，可行性都不高。”上海市公安局交管总队科技支队支队长、专班综合协调组负责人肖滨说。例如，AI治堵大模型给出的建议中，有一条是可以根据车辆情况，动态调整绿灯的通行时长，比如当车流量小时，可以考虑从绿灯倒数最后10秒起直接变到零。这样的设计，会让驾驶员措手不及。
为了优化方案，一个月时间内，早晚高峰、节假日，夏良和同事们到路口去了50多次，一边找规律，一边走访执勤的民警，尽可能周全地记录实际情况，反馈给AI治堵大模型。
又一个月过去，在反复试验比对后，一则方案被采纳了——万航渡路与愚园路交叉路口，信号灯运行发生变化：增加1个东西直行的相位，东西相位时长由60秒增加到80秒，南北直行相位时长则由130秒减少到110秒。方案调整后，同一时段连续3周，监测数据显示，车辆路口滞留情况消除，在车流量提升3.3%的情况下，平均车速反而提升14.4%，车均停车次数减少10.6%。
针对路口车辆滞留的情况，专班梳理了6000余张“图像—文字”对应信息清单，让AI治堵大模型能够迅速理解和判断拥堵情形；95万余条交管知识输入，经过48轮调试优化，让AI治堵大模型生成信号灯控制方案的可执行率提高到87%。就这样，又经过6个多月的强化学习，AI治堵大模型逐步成为一名“交管专家”。如今，这个AI治堵大模型已经在上海360个路口发挥作用，生成的方案可以根据实际情况实现1至2天更新一次。
快一步，反诈防骗抢出时间
本报记者  李  纵
“别转！那是骗子！”广东省广州市公安局番禺分局南村派出所辅警李沛枝冲进一栋办公楼，制止了正在进行转账操作的张女士，守住了一位六旬老人的养老钱。此刻，距离反诈中心发出预警不到50分钟。
“接到预警后的每一秒我们都在与骗子‘抢人’。”番禺分局反诈中心民警郑国新说。当天上午10时46分，番禺分局反诈中心接到一条广州市反诈中心紧急预警：辖区居民张女士疑似正在遭遇电信诈骗。
郑国新第一时间尝试通过电话联系当事人进行劝阻，但电话始终处于占线状态。凭借常年反诈工作经验，民警判断张女士应该正在与诈骗分子通话，转账操作随时可能发生。“每延误一秒，都可能造成群众钱财损失。”郑国新说，“劝阻工作就是一场与诈骗分子争分夺秒的赛跑。”
反诈中心立即启动应急联动机制，兵分两路展开拦截：一路民警持续尝试拨打当事人电话，并同步寻找其家属；另一路迅速指派辖区派出所值班警力，赶赴现场开展见面劝阻。
“我们以最快速度找到张女士的丈夫，在其丈夫的协助下，联系上了张女士。当时张女士在家中按照诈骗分子的‘指引’，下载了涉诈APP，正在进行转账操作。”李沛枝回忆，当天张女士接到自称某大型社交平台客服的来电，对方谎称她误点了平台的“百万保障”服务，每月将自动扣除800元费用，如需取消，必须按其指引操作。此后，民警和家人的电话先后接入，揭穿了骗局。
从预警发出到成功拦截，番禺警方用了不到50分钟，这得益于一个精密运转的反诈体系。近年来，广州警方坚持打防结合，不断优化预警劝阻体系，强力拦截打击“线下取现”，切实推进打击治理电信网络诈骗犯罪工作。“这样的争分夺秒，就是我们反诈工作的日常。”郑国新说，“事关群众人身财产安全，一刻也慢不得。”
近一点，走访调解更有耐心
本报记者  宋朝军
“大娘，您这当归晒得好啊！”“杨姐，家里人口最近有啥变化不？”……在甘肃省定西市岷县清水镇的街上，清水派出所民警李彤和辅警杨建伟叩开一户户家门。这样的入户走访工作，李彤已经干了10年。
“以前在治安大队，主要和城区群众打交道。现在在清水派出所，和镇上村民交流更多。”3年前，李彤调任清水派出所。清水镇由原来的岷山乡和清水乡合并而来，3万多居民分布在30个建制村、202个村社中。辖区面积更大，群众更分散，需求更多样。
上崖寺村离镇中心最远，在山沟里，交通不便。“稍微下点雨雪，开车一个多小时才勉强能到，群众来办事更麻烦。”李彤介绍。因此，清水派出所在此专门设置上崖寺警务室，安排民警轮流值班。
上崖寺村村民王明善秋天重修房屋时，因地界模糊，和邻居起了冲突。李彤请综治中心、村“两委”成员和驻所律师来到上崖寺警务室进行调解，最终双方握手言和。王明善算了算：“如果我因为这件事往返镇上派出所调解，可能到了冬天房子框架都搭不起来。”“修房地界模糊是农村常见的矛盾，实践中，我们形成了一套调解办法，既讲法理，又讲温度。”李彤说。
杨建伟是清水派出所的一名“新兵”，2024年来到这里工作后，一度不太适应。有一次在调解群众矛盾时，双方情绪激动，一时间杨建伟有些不知所措。李彤了解情况后，对杨建伟说：“理清事实是第一步，如果双方‘见面就掐’，你可以先分开询问，摸清情况，再邀请更多力量加入。虽然需下更多功夫，但能确保效果。”杨建伟听从建议，调解过程中，李彤旁边指导，最终矛盾成功化解。
2025年，A4纸大小的笔记本，李彤记满了厚厚三大本。10年来，这样的民情笔记，塞满了李彤的储物柜。“我们的工作，事关群众生活的方方面面，要离群众更近一些，为他们记得细一些、想得多一些、办事快一些。”","# 致敬，那些默默守护我们的“警察蓝”（建设更高水平的平安中国）

> 《人民日报》（2026年01月09日第 10 版）

新疆出入境边防检查总站阿勒泰边境管理支队加郎阿什边境派出所民警开展巡边踏查。　　杨  帅摄（影像中国）

新疆出入境边防检查总站阿勒泰边境管理支队加郎阿什边境派出所民警开展巡边踏查。

杨  帅摄（影像中国）

吉林省公安厅交通管理总队高速公路长春支队民警在珲乌高速莲花山收费站执勤。　　李秀林摄（人民视觉）

吉林省公安厅交通管理总队高速公路长春支队民警在珲乌高速莲花山收费站执勤。

李秀林摄（人民视觉）

浙江省湖州市长兴县公安局民辅警冒着强降雨疏通排水口。　　方金华摄（影像中国）

浙江省湖州市长兴县公安局民辅警冒着强降雨疏通排水口。

方金华摄（影像中国）

安徽省马鞍山市和县公安局民警在田间地头走访蔬菜种植户，认真倾听群众诉求。　　秦祖泉摄（影像中国）

安徽省马鞍山市和县公安局民警在田间地头走访蔬菜种植户，认真倾听群众诉求。

秦祖泉摄（影像中国）

四川省绵阳市公安局特巡警支队特警大队队员与警用机器狗协同配合，开展实战化演练。　　唐  超摄（影像中国）

四川省绵阳市公安局特巡警支队特警大队队员与警用机器狗协同配合，开展实战化演练。

唐  超摄（影像中国）

数据来源：公安部

数据来源：公安部

民警本色  平安底色

张天培

2026年1月10日，是第六个中国人民警察节。时间，这一最公平的计算单位，对于人民警察来说，却有不同的算法。

时间是挤压的，它很多时候要用“秒”计算。

快一秒，就能挽救一个生命。浙江杭州市萧山区城厢街道居民陈先生突发疾病，萧山公安启动“警医联动”与“一键护航”系统，数智平台快速规划出最优路线，实时调控沿途信号灯，远程疏导车流，原本50分钟的车程缩短至18分钟，畅通无阻，救护成功。

抢一秒，就能拦住一次诈骗。云南德宏边境管理支队平原边境派出所民警接到涉诈智能识别预警平台提示，立即启动“线上预警、线下劝阻”、“警银协作”止付等机制，在60分钟内成功冻结涉案账户，群众的钱保住了！

高效的处警机制“跑赢”了时间。全国公安机关不断建立完善“专业+机制+大数据”新型警务运行模式，警务运行更智能、应急处置更高效、为民服务更精准。公安机关正将大数据、人工智能等新质战斗力、机制改革带来的警务效能，转化为老百姓可感、可知、可触的获得感、幸福感、安全感。

时间又是舒展的，它很多时候是以“年”起步。

是路口数十年如一日的背影，是社区千百次走访的叮咛，是边境线上反复丈量的脚步。2025年12月31日晚上，浙江省义乌市公安局民警李相贵退休前最后一次夜巡，30年默默付出、扎根一线，他反复握紧又松开的不只是对讲机，更是难以掩饰的不舍；江西省贵溪市公安局花园派出所一级警长翁红华主动下沉社区，走遍辖区59栋楼2531户人家，存下2000多个居民电话，写了12本工作日志，密密麻麻记录着居民的冷暖需求；当巡逻的哨声响起，拉萨海关缉私局狮泉河海关缉私分局的民警们背起几十斤重的装备，在海拔4500米以上的边境线上留下一串深深浅浅的脚印……

一个个被用心守护的平常时刻，离不开广大民警日复一日、年复一年的默默付出。2025年，全国公安机关共有210名民警、142名辅警因公牺牲。对党忠诚、服务人民、执法公正、纪律严明，这一抹抹忙碌的“警察蓝”是民警的本色，也是平安的底色。

准一些，市民出行快捷安全

本报记者  巨云鹏

“有时亮一次绿灯只能过去四五辆车。”上海市区，静安寺旁，万航渡路与愚园路交叉路口，拥堵曾是常态。“主要原因是路口滞留。”上海市公安局交管总队科技支队民警夏良告诉记者，“绿灯最后几秒，司机都想着抢一抢，前面车多过不去，只好停在马路中间。”这样的路口，上海有不少。

2025年以来，上海市公安局交管总队探索将AI大模型技术融入上海道路交通管理信息系统，推出上海AI治堵大模型，同时成立AI治堵专班，夏良成为专班中的一员。

路口的车道数、早晚高峰的车流、路口周边红绿灯布设……针对这一个路口，专班整理了近3年交通指标的数据，“喂”给AI治堵大模型，生成了10种方案。“生成方案的效率很高，但仔细一看，可行性都不高。”上海市公安局交管总队科技支队支队长、专班综合协调组负责人肖滨说。例如，AI治堵大模型给出的建议中，有一条是可以根据车辆情况，动态调整绿灯的通行时长，比如当车流量小时，可以考虑从绿灯倒数最后10秒起直接变到零。这样的设计，会让驾驶员措手不及。

为了优化方案，一个月时间内，早晚高峰、节假日，夏良和同事们到路口去了50多次，一边找规律，一边走访执勤的民警，尽可能周全地记录实际情况，反馈给AI治堵大模型。

又一个月过去，在反复试验比对后，一则方案被采纳了——万航渡路与愚园路交叉路口，信号灯运行发生变化：增加1个东西直行的相位，东西相位时长由60秒增加到80秒，南北直行相位时长则由130秒减少到110秒。方案调整后，同一时段连续3周，监测数据显示，车辆路口滞留情况消除，在车流量提升3.3%的情况下，平均车速反而提升14.4%，车均停车次数减少10.6%。

针对路口车辆滞留的情况，专班梳理了6000余张“图像—文字”对应信息清单，让AI治堵大模型能够迅速理解和判断拥堵情形；95万余条交管知识输入，经过48轮调试优化，让AI治堵大模型生成信号灯控制方案的可执行率提高到87%。就这样，又经过6个多月的强化学习，AI治堵大模型逐步成为一名“交管专家”。如今，这个AI治堵大模型已经在上海360个路口发挥作用，生成的方案可以根据实际情况实现1至2天更新一次。

快一步，反诈防骗抢出时间

本报记者  李  纵

“别转！那是骗子！”广东省广州市公安局番禺分局南村派出所辅警李沛枝冲进一栋办公楼，制止了正在进行转账操作的张女士，守住了一位六旬老人的养老钱。此刻，距离反诈中心发出预警不到50分钟。

“接到预警后的每一秒我们都在与骗子‘抢人’。”番禺分局反诈中心民警郑国新说。当天上午10时46分，番禺分局反诈中心接到一条广州市反诈中心紧急预警：辖区居民张女士疑似正在遭遇电信诈骗。

郑国新第一时间尝试通过电话联系当事人进行劝阻，但电话始终处于占线状态。凭借常年反诈工作经验，民警判断张女士应该正在与诈骗分子通话，转账操作随时可能发生。“每延误一秒，都可能造成群众钱财损失。”郑国新说，“劝阻工作就是一场与诈骗分子争分夺秒的赛跑。”

反诈中心立即启动应急联动机制，兵分两路展开拦截：一路民警持续尝试拨打当事人电话，并同步寻找其家属；另一路迅速指派辖区派出所值班警力，赶赴现场开展见面劝阻。

“我们以最快速度找到张女士的丈夫，在其丈夫的协助下，联系上了张女士。当时张女士在家中按照诈骗分子的‘指引’，下载了涉诈APP，正在进行转账操作。”李沛枝回忆，当天张女士接到自称某大型社交平台客服的来电，对方谎称她误点了平台的“百万保障”服务，每月将自动扣除800元费用，如需取消，必须按其指引操作。此后，民警和家人的电话先后接入，揭穿了骗局。

从预警发出到成功拦截，番禺警方用了不到50分钟，这得益于一个精密运转的反诈体系。近年来，广州警方坚持打防结合，不断优化预警劝阻体系，强力拦截打击“线下取现”，切实推进打击治理电信网络诈骗犯罪工作。“这样的争分夺秒，就是我们反诈工作的日常。”郑国新说，“事关群众人身财产安全，一刻也慢不得。”

近一点，走访调解更有耐心

本报记者  宋朝军

“大娘，您这当归晒得好啊！”“杨姐，家里人口最近有啥变化不？”……在甘肃省定西市岷县清水镇的街上，清水派出所民警李彤和辅警杨建伟叩开一户户家门。这样的入户走访工作，李彤已经干了10年。

“以前在治安大队，主要和城区群众打交道。现在在清水派出所，和镇上村民交流更多。”3年前，李彤调任清水派出所。清水镇由原来的岷山乡和清水乡合并而来，3万多居民分布在30个建制村、202个村社中。辖区面积更大，群众更分散，需求更多样。

上崖寺村离镇中心最远，在山沟里，交通不便。“稍微下点雨雪，开车一个多小时才勉强能到，群众来办事更麻烦。”李彤介绍。因此，清水派出所在此专门设置上崖寺警务室，安排民警轮流值班。

上崖寺村村民王明善秋天重修房屋时，因地界模糊，和邻居起了冲突。李彤请综治中心、村“两委”成员和驻所律师来到上崖寺警务室进行调解，最终双方握手言和。王明善算了算：“如果我因为这件事往返镇上派出所调解，可能到了冬天房子框架都搭不起来。”“修房地界模糊是农村常见的矛盾，实践中，我们形成了一套调解办法，既讲法理，又讲温度。”李彤说。

杨建伟是清水派出所的一名“新兵”，2024年来到这里工作后，一度不太适应。有一次在调解群众矛盾时，双方情绪激动，一时间杨建伟有些不知所措。李彤了解情况后，对杨建伟说：“理清事实是第一步，如果双方‘见面就掐’，你可以先分开询问，摸清情况，再邀请更多力量加入。虽然需下更多功夫，但能确保效果。”杨建伟听从建议，调解过程中，李彤旁边指导，最终矛盾成功化解。

2025年，A4纸大小的笔记本，李彤记满了厚厚三大本。10年来，这样的民情笔记，塞满了李彤的储物柜。“我们的工作，事关群众生活的方方面面，要离群众更近一些，为他们记得细一些、想得多一些、办事快一些。”",,政治,https://paper.people.com.cn/rmrb/pc/content/202601/09/content_30130838.html,2026-01-09,"['民警', 'AI', '李彤', '治堵', '反诈', '派出所', '路口', '支队', '10', '影像']","新疆出入境边防检查总站阿勒泰边境管理支队加郎阿什边境派出所民警开展巡边踏查。杨  帅摄（影像中国）
新疆出入境边防检查总站阿勒泰边境管理支队加郎阿什边境派出所民警开展巡边踏查。
杨  帅摄（影像中国）",文化
重庆人工智能湾区：数智赋能筑高地  创新驱动启新程,"长江奔腾不息，激荡创新浪潮；南山层峦叠翠，彰显生机活力。重庆市南岸区，地处“两江四岸”中心地带，依南山而临长江，据东站而通八方，区位优势、交通优势明显；集聚软件信息、智能终端制造、汽车电子等新兴产业，产业基础坚实；拥有重庆邮电大学等高等院校、中国信息通信研究院西部分院（重庆信息通信研究院）等高能级平台，科教资源丰富。如今，在南岸区262平方公里的土地上，重庆人工智能湾区正加速崛起，为重庆人工智能产业高质量发展点燃新引擎、注入新活力。
乘“智”而上，向“新”而行。为切实推动重庆人工智能产业高质量发展，1月10日，重庆人工智能湾区启动大会暨重庆人工智能学院、重庆通用人工智能研究院年会将在重庆人工智能学院举行，本次大会以“湾区启航·智创未来”为主题，人工智能行业科研院所专家、企业代表、高校师生等将齐聚一堂，共商产业发展新思路，共绘创新发展新图景，助力重庆打造具有全球影响力的人工智能创新中心。
战略领航、生态赋能，高标准谋划筑牢“四梁八柱”
2025年8月，国务院印发《关于深入实施“人工智能+”行动的意见》，明确提出“推动人工智能与经济社会各行业各领域广泛深度融合”。
抢抓机遇、乘势而上。作为国家新一代人工智能创新发展试验区，重庆凭借数据资源富集、算力支撑坚实、应用场景丰富、产业体系完备等独特优势，迎来了人工智能产业跨越式发展的重大机遇。2025年12月，《重庆市推动“人工智能+”行动方案》正式出台，提出要加快重庆人工智能湾区建设，聚焦场景开发、数据服务、软硬件集成等领域，招引一批行业龙头企业，为重庆人工智能湾区建设指明了方向、明晰了路径。
谋定而后动，厚积而薄发。打造人工智能湾区，既是重庆对接国家战略、抢占产业制高点的主动作为，也是破解产业转型升级难题、提升超大城市治理效能的重要举措。作为重庆人工智能湾区建设的承载地，南岸区、重庆经开区有基础、有条件、有支撑——
在平台建设方面，累计拥有市级以上创新平台250个，吸引重庆脑与智能科学中心落地，构建了从基础研究到产业应用的全链条创新体系；布局重庆人工智能学院、重庆通用人工智能研究院，创新AI人才培养与前沿研究模式；联合重庆信息通信研究院建成全市首个制造业数字化转型赋能中心。
在产业发展方面，软件信息、智能终端等新兴产业迈上高质量发展新台阶，建成先进级智能工厂9个，培育未来工厂1个、国家级5G工厂2个、国家卓越级智能工厂1个；美的通用打造了全市首座全流程AI赋能的“灯塔工厂”；软件信息产业进入全市第一梯队，5家企业入选“启明星”“北斗星”软件企业培育对象名单，其中，中移物联网OneLink、OneNET平台已接入大模型，实现超10亿级的设备智能连接与管理。
在人才引育方面，聚集研发人才1.61万人，5年来新增国家级科技领军人才和青年人才9名，全职引进院士1名；通过持续打造“江南菁英”人才品牌，构建起多层次、全方位的人才引育体系，人才资源总量突破22万人。
在政策保障方面，拓展“AI+企业码上服务”应用场景，落实企业服务专员制度，推行“一企一策”精准服务，形成AI赋能的服务新生态，累计协调解决企业用地、用能、融资等难题2000余项。
一项项亮眼成果、一组组坚实数据，为重庆人工智能湾区建设奠定了良好的发展基础。下一步，南岸区、重庆经开区将围绕“打造人工智能产业重要一极”的定位，聚力打造重庆人工智能湾区，力争成为全国人工智能产业高地。
协同创新、多管齐下，体系化布局夯实“产业地基”
在迎龙创新港·大学科技园，“人才培养—技术攻关—成果转化”闭环效应凸显，现已有2300余名研究生在培，16个省部级及以上科研平台接踵入驻，小易智联卓越工程师班等校企合作项目落地见效，智能巡检机器人、AI视觉检测系统等产品已应用于制造、安防等领域。
迎龙创新港·大学科技园的高质量发展，为南岸区、重庆经开区推动产学研深度融合写下了生动注脚，也为重庆人工智能湾区建设注入了蓬勃活力。
当前，重庆人工智能湾区紧扣数字重庆“1361”整体构架，锚定重庆“416”科技创新布局和“33618”现代制造业集群体系建设要求，划定智能机器人、消费类AI终端、人工智能软件等重点发展方向，持续推动产学研贯通，形成核心区引领、辐射区联动、配套区支撑的空间布局。
学院育人才，筑牢产业根基。重庆人工智能学院将打破院校限制，整合全市高校、企业、科研院所等优质资源，探索产教融合办学新模式，搭建“本硕博贯通—校企协同—订单培育—精准输送”人才培养体系。同时，通过实施全球精准引才、深化产教融合培养、强化实战平台赋能等举措，构建“引育留用”一体化人才生态闭环，形成人才供需精准适配的良性发展格局。
研究攻关技术，激活创新动能。重庆通用人工智能研究院聚焦通用人工智能技术创新、成果转化与产业赋能，围绕通用人工智能前沿理论与关键技术平台，在社会智能、具身智能、行业智能体3个重点方向开展产业创新与示范应用，旨在打造国内领先的通用人工智能技术研发高地、高层次人才汇聚中心、关键核心技术攻关平台、产业赋能与超大规模城市治理创新基地。此外，重庆通用人工智能研究院与重庆市教育委员会同期推动成立的重庆人工智能学院共同打造人工智能新型人才培养、科技与产业创新的高地。
重庆通用人工智能研究院与重庆行业龙头企业建立企业用户委员会，以产业应用需求牵引科研课题与人才培养体系，共同建设重庆人工智能湾区，以重庆通用人工智能研究院、重庆人工智能学院、重庆人工智能湾区的“两院一湾”布局，助力重庆现代化产业体系高质量发展，为重庆奋力打造新时代西部大开发重要战略支点、内陆开放综合枢纽贡献力量。
在重庆人工智能学院和重庆通用人工智能研究院的协同推动下，重庆人工智能湾区联动全市人工智能产业资源，构建以数据服务为引领，以AI软件为中心，以智能机器人、消费类人工智能终端、类脑智能为增长点，以“AI+”新业态为着力点的产业生态，形成全链条发展格局，推动“AI+制造”“AI+服务”培育人工智能产业新业态。
产学研的深度融合，离不开金融支撑。对此，重庆人工智能湾区构建多层次金融服务体系，市区联动集成推出改革、产业、创新、金融、人才等方面的支持政策包，设立200亿元规模的重庆人工智能产业基金，鼓励国有、民营资本多元化产业及创业投资，引金融活水浇灌人工智能产业。
场景引领、产城融合，协同化发展增强“磁吸效应”
场景应用是人工智能产业发展的“试金石”。在南岸区学府大道招商交科院路口，曾经早晚高峰需要10多分钟才能通过的路口，如今通过“复合型转向”智慧改造，最长通行时间压缩至3分钟，智能交通让通勤更顺畅；推出“数小天”备课助手等，通过AI将抽象知识可视化，教师备课效率提升40%；中国移动成渝（重庆）江南数据中心投产运行，为智能训练、智能制造等场景提供高效支撑……在南岸区，人工智能正以可感可及的方式，赋能千行百业、走进日常生活。
重庆人工智能湾区的建设，并非简单的产业集聚，而是以“城”为载体，让人工智能技术融入生活肌理、赋能城市治理，推出“AI+生产性服务业”“AI+生活性服务业”两大场景赛道，让创新技术在实践中迭代升级，绘就产城共生的美好图景，实现产业发展与城市建设同频共振、双向赋能。
一方面，重庆人工智能湾区将充分释放数字重庆赋能超大城市治理多跨场景的效应，持续发布应用场景，聚焦可商业化、实战化项目，在湾区探索形成可复制、可推广的智慧治理场景应用样板，推动重庆人工智能湾区成为数字重庆与人工智能双向赋能的“试验场”。
另一方面，重庆人工智能湾区将构建以党建为统领，数字赋能为动力，共建共治共享为导向的科、产、城融合现代社区。同时，按照“一岛四片、两屏多廊”的规划布局，丰富消费、生活、娱乐、产业等业态，健全教育、医疗、高端配套“15分钟生活圈”体系，高质量建设教育、科研、产业载体，完善城市功能配套，打造智慧宜居宜业新城。
潮起南岸，智汇湾区。未来，重庆人工智能湾区将聚焦政产学研用融通，逐步构建起“科创研发+产业转化+场景应用”的全链条生态，全力打造人工智能应用新高地和人工智能产业发展新引擎。
数据来源：中共重庆市南岸区委宣传部","# 重庆人工智能湾区：数智赋能筑高地  创新驱动启新程

> 《人民日报》（2026年01月09日第 12 版）

长江奔腾不息，激荡创新浪潮；南山层峦叠翠，彰显生机活力。重庆市南岸区，地处“两江四岸”中心地带，依南山而临长江，据东站而通八方，区位优势、交通优势明显；集聚软件信息、智能终端制造、汽车电子等新兴产业，产业基础坚实；拥有重庆邮电大学等高等院校、中国信息通信研究院西部分院（重庆信息通信研究院）等高能级平台，科教资源丰富。如今，在南岸区262平方公里的土地上，重庆人工智能湾区正加速崛起，为重庆人工智能产业高质量发展点燃新引擎、注入新活力。

乘“智”而上，向“新”而行。为切实推动重庆人工智能产业高质量发展，1月10日，重庆人工智能湾区启动大会暨重庆人工智能学院、重庆通用人工智能研究院年会将在重庆人工智能学院举行，本次大会以“湾区启航·智创未来”为主题，人工智能行业科研院所专家、企业代表、高校师生等将齐聚一堂，共商产业发展新思路，共绘创新发展新图景，助力重庆打造具有全球影响力的人工智能创新中心。

战略领航、生态赋能，高标准谋划筑牢“四梁八柱”

2025年8月，国务院印发《关于深入实施“人工智能+”行动的意见》，明确提出“推动人工智能与经济社会各行业各领域广泛深度融合”。

抢抓机遇、乘势而上。作为国家新一代人工智能创新发展试验区，重庆凭借数据资源富集、算力支撑坚实、应用场景丰富、产业体系完备等独特优势，迎来了人工智能产业跨越式发展的重大机遇。2025年12月，《重庆市推动“人工智能+”行动方案》正式出台，提出要加快重庆人工智能湾区建设，聚焦场景开发、数据服务、软硬件集成等领域，招引一批行业龙头企业，为重庆人工智能湾区建设指明了方向、明晰了路径。

谋定而后动，厚积而薄发。打造人工智能湾区，既是重庆对接国家战略、抢占产业制高点的主动作为，也是破解产业转型升级难题、提升超大城市治理效能的重要举措。作为重庆人工智能湾区建设的承载地，南岸区、重庆经开区有基础、有条件、有支撑——

在平台建设方面，累计拥有市级以上创新平台250个，吸引重庆脑与智能科学中心落地，构建了从基础研究到产业应用的全链条创新体系；布局重庆人工智能学院、重庆通用人工智能研究院，创新AI人才培养与前沿研究模式；联合重庆信息通信研究院建成全市首个制造业数字化转型赋能中心。

在产业发展方面，软件信息、智能终端等新兴产业迈上高质量发展新台阶，建成先进级智能工厂9个，培育未来工厂1个、国家级5G工厂2个、国家卓越级智能工厂1个；美的通用打造了全市首座全流程AI赋能的“灯塔工厂”；软件信息产业进入全市第一梯队，5家企业入选“启明星”“北斗星”软件企业培育对象名单，其中，中移物联网OneLink、OneNET平台已接入大模型，实现超10亿级的设备智能连接与管理。

在人才引育方面，聚集研发人才1.61万人，5年来新增国家级科技领军人才和青年人才9名，全职引进院士1名；通过持续打造“江南菁英”人才品牌，构建起多层次、全方位的人才引育体系，人才资源总量突破22万人。

在政策保障方面，拓展“AI+企业码上服务”应用场景，落实企业服务专员制度，推行“一企一策”精准服务，形成AI赋能的服务新生态，累计协调解决企业用地、用能、融资等难题2000余项。

一项项亮眼成果、一组组坚实数据，为重庆人工智能湾区建设奠定了良好的发展基础。下一步，南岸区、重庆经开区将围绕“打造人工智能产业重要一极”的定位，聚力打造重庆人工智能湾区，力争成为全国人工智能产业高地。

协同创新、多管齐下，体系化布局夯实“产业地基”

在迎龙创新港·大学科技园，“人才培养—技术攻关—成果转化”闭环效应凸显，现已有2300余名研究生在培，16个省部级及以上科研平台接踵入驻，小易智联卓越工程师班等校企合作项目落地见效，智能巡检机器人、AI视觉检测系统等产品已应用于制造、安防等领域。

迎龙创新港·大学科技园的高质量发展，为南岸区、重庆经开区推动产学研深度融合写下了生动注脚，也为重庆人工智能湾区建设注入了蓬勃活力。

当前，重庆人工智能湾区紧扣数字重庆“1361”整体构架，锚定重庆“416”科技创新布局和“33618”现代制造业集群体系建设要求，划定智能机器人、消费类AI终端、人工智能软件等重点发展方向，持续推动产学研贯通，形成核心区引领、辐射区联动、配套区支撑的空间布局。

学院育人才，筑牢产业根基。重庆人工智能学院将打破院校限制，整合全市高校、企业、科研院所等优质资源，探索产教融合办学新模式，搭建“本硕博贯通—校企协同—订单培育—精准输送”人才培养体系。同时，通过实施全球精准引才、深化产教融合培养、强化实战平台赋能等举措，构建“引育留用”一体化人才生态闭环，形成人才供需精准适配的良性发展格局。

研究攻关技术，激活创新动能。重庆通用人工智能研究院聚焦通用人工智能技术创新、成果转化与产业赋能，围绕通用人工智能前沿理论与关键技术平台，在社会智能、具身智能、行业智能体3个重点方向开展产业创新与示范应用，旨在打造国内领先的通用人工智能技术研发高地、高层次人才汇聚中心、关键核心技术攻关平台、产业赋能与超大规模城市治理创新基地。此外，重庆通用人工智能研究院与重庆市教育委员会同期推动成立的重庆人工智能学院共同打造人工智能新型人才培养、科技与产业创新的高地。

重庆通用人工智能研究院与重庆行业龙头企业建立企业用户委员会，以产业应用需求牵引科研课题与人才培养体系，共同建设重庆人工智能湾区，以重庆通用人工智能研究院、重庆人工智能学院、重庆人工智能湾区的“两院一湾”布局，助力重庆现代化产业体系高质量发展，为重庆奋力打造新时代西部大开发重要战略支点、内陆开放综合枢纽贡献力量。

在重庆人工智能学院和重庆通用人工智能研究院的协同推动下，重庆人工智能湾区联动全市人工智能产业资源，构建以数据服务为引领，以AI软件为中心，以智能机器人、消费类人工智能终端、类脑智能为增长点，以“AI+”新业态为着力点的产业生态，形成全链条发展格局，推动“AI+制造”“AI+服务”培育人工智能产业新业态。

产学研的深度融合，离不开金融支撑。对此，重庆人工智能湾区构建多层次金融服务体系，市区联动集成推出改革、产业、创新、金融、人才等方面的支持政策包，设立200亿元规模的重庆人工智能产业基金，鼓励国有、民营资本多元化产业及创业投资，引金融活水浇灌人工智能产业。

场景引领、产城融合，协同化发展增强“磁吸效应”

场景应用是人工智能产业发展的“试金石”。在南岸区学府大道招商交科院路口，曾经早晚高峰需要10多分钟才能通过的路口，如今通过“复合型转向”智慧改造，最长通行时间压缩至3分钟，智能交通让通勤更顺畅；推出“数小天”备课助手等，通过AI将抽象知识可视化，教师备课效率提升40%；中国移动成渝（重庆）江南数据中心投产运行，为智能训练、智能制造等场景提供高效支撑……在南岸区，人工智能正以可感可及的方式，赋能千行百业、走进日常生活。

重庆人工智能湾区的建设，并非简单的产业集聚，而是以“城”为载体，让人工智能技术融入生活肌理、赋能城市治理，推出“AI+生产性服务业”“AI+生活性服务业”两大场景赛道，让创新技术在实践中迭代升级，绘就产城共生的美好图景，实现产业发展与城市建设同频共振、双向赋能。

一方面，重庆人工智能湾区将充分释放数字重庆赋能超大城市治理多跨场景的效应，持续发布应用场景，聚焦可商业化、实战化项目，在湾区探索形成可复制、可推广的智慧治理场景应用样板，推动重庆人工智能湾区成为数字重庆与人工智能双向赋能的“试验场”。

另一方面，重庆人工智能湾区将构建以党建为统领，数字赋能为动力，共建共治共享为导向的科、产、城融合现代社区。同时，按照“一岛四片、两屏多廊”的规划布局，丰富消费、生活、娱乐、产业等业态，健全教育、医疗、高端配套“15分钟生活圈”体系，高质量建设教育、科研、产业载体，完善城市功能配套，打造智慧宜居宜业新城。

潮起南岸，智汇湾区。未来，重庆人工智能湾区将聚焦政产学研用融通，逐步构建起“科创研发+产业转化+场景应用”的全链条生态，全力打造人工智能应用新高地和人工智能产业发展新引擎。

数据来源：中共重庆市南岸区委宣传部",,广告,https://paper.people.com.cn/rmrb/pc/content/202601/09/content_30130845.html,2026-01-09,"['人工智能', '重庆', '湾区', '产业', '赋能', 'AI', '智能', '创新', '场景', '南岸区']","长江奔腾不息，激荡创新浪潮；南山层峦叠翠，彰显生机活力。重庆市南岸区，地处“两江四岸”中心地带，依南山而临长江，据东站而通八方，区位优势、交通优势明显；集聚软件信息、智能终端制造、汽车电子等新兴产业，产业基础坚实；拥有重庆邮电大学等高等院校、中国信息通信研究院西部分院（重庆信息通信研究院）等高能级平台，科教资源丰富。如今，在南岸区262平方公里的土地上，重庆人工智能湾区正加速崛起，为重庆人工智能产业高质量发展点燃新引擎、注入新活力。
乘“智”而上，向“新”而行。为切实推动重庆人工智能产业高质量发展，1月10日，重庆人工智能湾区启动大会暨重庆人工智能学院、重庆通用人工智能研究院年会将在重庆人工智能学院举行，本次大会以“湾区启航·智创未来”为主题，人工智能行业科研院所专家、企业代表、高校师生等将齐聚一堂，共商产业发展新思路，共绘创新发展新图景，助力重庆打造具有全球影响力的人工智能创新中心。
战略领航、生态赋能，高标准谋划筑牢“四梁八柱”",政治
进社区、访企业、看督查，“十五五”开局之年，记者实地探访为基层减负——,"工作人员在浙江丽水市缙云县东渡小学食堂督查。陈彦霏摄
工作人员在浙江丽水市缙云县东渡小学食堂督查。
陈彦霏摄
政务服务应用“随申办”上的远程帮办服务界面。资料图片
政务服务应用“随申办”上的远程帮办服务界面。
资料图片
宁夏银川市兴庆区银虹社区举办居民冬季腌菜活动。徐  丹摄
宁夏银川市兴庆区银虹社区举办居民冬季腌菜活动。
徐  丹摄
“会议少了，职责更明晰了，考核也更实了，有了更多时间开展调研、做好服务。”基层一线的朴实话语，道出不少干部的心声。
基层是一切工作的落脚点，基层治理成效关系党和国家全局工作。习近平总书记指出：“要持续为基层减负，让基层干部能够用更多时间和精力来服务群众。”
2024年8月，中办、国办印发《整治形式主义为基层减负若干规定》，首次以党内法规形式制定出台为基层减负的制度规范。规范督查检查考核；规范工作机制、挂牌和证明事项；延伸拓展整治内涵持续推进企业减负……一年多来，各地区各部门狠抓落实，聚焦突出问题深化整改整治。
“十五五”规划建议提出，“深入开展整治形式主义为基层减负工作。”
“十五五”开局之际，记者在上海、浙江、宁夏等地，进社区、访企业、看督查，记录各地把减负成果转化为推动经济社会高质量发展的生动实践，聆听干部群众对新年新气象的期盼和心声。
踏访一个社区——
“上墙的牌子少了，走心的服务多了”
本报记者  张  文
元旦假期过后，记者来到宁夏回族自治区银川市兴庆区银虹社区，恰好赶上“感动社区人物”茶话会即将举办。环顾会场，10多张长桌已铺好米白色桌布，瓜子、水果摆放整齐。
“2025年我们组织了170多场活动，社区就像一个大家庭。”社区党委书记闫园翻开随身携带的笔记本，上面写满新一年的活动策划：春节期间系列联欢、学雷锋纪念日活动、劳动节慰问……
银虹社区常住人口过万，社区工作人员只有14人，忙得过来吗？“现在没那么多证明、报表等束缚手脚，时间精力都花在为民办事上了。”闫园说。
正聊着，居民王俊提着一袋糕点来到会场，“刚出炉，给大伙儿尝尝！”询问得知，前不久，王俊在社区租了间铺子开烘焙店，为了办营业执照，他原打算找社区开租房证明。
“之前一天平均要开四五份证明，证明家庭住址的、家庭成员关系的、学生转学的……”拉开自己工位的文件柜，闫园抱出厚厚一摞证明存档文件，“那时候，社区挂了相应牌子，就得开证明、迎检查、填报表、参加会议和考核。”
各类证明把社区公章变成“万能章”，各种挂牌把社区外墙挂成“大花脸”。“社区办公楼门口最多挂过30多块牌子，有的牌子都挂到二楼外墙了。”闫园记忆犹新。
近年来，银川持续清理社区（村）的挂牌及不合理证明事项，并通过制定清单的方式划清社区（村）的职责界限，推动基层减负提质增效。目前，银川各社区承担的事项已由近300项减至不到50项，证明事项则从近60项减到10多项。
闫园带记者走出社区办公楼，转身回头，只见门口悬挂着社区党组织、居民委员会、社区服务站、社区居务监督委员会4块竖牌，以及社区名称、党群服务中心两块横牌。
“市里要求，挂牌只保留‘两横四竖’，其余全部清理。”闫园介绍，对社区的各类考核以及要求填报的报表均减少2/3以上，社区干部得以从各部门的“代办员”转变为居民的“服务员”。
证明事项清理后，王俊想要开具的租房证明已不在社区职责范围内。去哪里开？干部减负担，更要让群众少麻烦。
依托线上政务服务平台，银川建立居民户口、身份证、社保、医保等信息池，实现“数据一次采集、资源多方共享”，将减少的社区事项通过数据流转和集中审批方式纳入线上“一站式”解决。当天，王俊在社区工作人员指导下，通过“我的宁夏”APP“掌上登记”栏目上传电子资料，不到半天就拿到了电子营业执照。
“社区上墙的牌子少了，走心的服务多了。基层减负腾出了精力，赋能增效提升了能力，我们开展服务更加得心应手。”闫园说，过去只能在街道办理的、群众需求较多的医保等事项，如今在社区就能办。
茶话会结束不久，闫园的手机铃声响起。“各部门分管负责人马上就到现场。”闫园跨上自行车，往社区菜市场赶。原来，两天前，有居民反映菜市场的窨井盖渗水。社区通过“吹哨制度”把问题提交街道办，街道办随即通知城建、水务等部门，让各部门分管负责人现场办公解决。
到现场后，检查确认是地下管网发生故障。几位分管负责人分头联系，或找维修公司更换管线，或协调污水处理部门进行清污。从现场办公到问题解决，用时不到一小时。
“为了让社区传递的群众呼声得到及时反馈，银川建立分类吹哨、分级负责的‘吹哨制度’，赋予社区通过街道办向各部门移交难点、协调相关部门解决问题的能力，实现‘小事不出村居’。”闫园对处理结果很满意。
减负释放活力，社区工作人员有了更多时间发现和解决问题。最近，社区干部崔雪梅发现，常在社区及周边活动的100多名外卖员没有休息的地方，便发起建立了外卖员服务驿站。外卖员则自发成立“暖宝宝”服务队，为社区老年人、残障人士等提供搬运等服务。一来一往间，小哥与社区居民的感情更深了。
“社区工作连着千家万户，减负让我们松了绑、添了劲。新的一年，我们将不断创新服务，把更多温暖送到居民心坎上。”闫园说。
陪企业办一次事——
“高效的政务服务，比很多优惠政策还实惠”
本报记者  巨云鹏
新年伊始，记者再次联系上海蕙新医疗科技有限公司副总经理张珂，她正满怀期待，静候投标结果。前不久见她时，她可没这样的好心情。
去年下半年，张珂公司一直在筹备今年初的一次重要投标，标的达上百万元。年末，临近投标材料提交时，工作人员发现，还缺一份第三类医疗器械经营许可证。彼时，记者见到张珂，她正在上海普陀区政务服务中心咨询许可证办理事宜。
“办理这个许可证，市场监管部门除了审查申请材料，必要时还得按相关质量管理规范要求开展现场核查，企业质量负责人应尽可能到场。没问题吧？”政务服务中心工作人员许玉昆问道。
张珂面露难色：“我们公司的质量负责人正在国外出差。”事后，张珂向记者解释她当时的“左右为难”：这份许可证是参与投标必须提交的材料，如果质量负责人不回来，许可证可能无法及时办出，筹备了几个月的投标工作就要“打水漂”；倘若回来，时间和经济成本都很高，海外业务也会受影响。
“企业换一名员工当质量负责人可以吗？”张珂脱口而出。
“医疗器械经营企业必须严格遵守各项标准和规范，对质量负责人的专业背景及工作经历都有明确要求，不能随意更换。”许玉昆的回答让张珂心里一沉。“不过，符合条件的企业可以通过‘远程帮办’进行视频连线核查。”许玉昆接下来的话，又让张珂精神为之一振。
许玉昆口中的“远程帮办”，是上海为企业减负的创新举措之一。近年来，上海深入开展整治形式主义为基层减负工作，在减重复检查、减繁琐申报、减统计报表、减冗余证明等方面持续用力，推动企业轻装上阵、专注发展。
2025年，针对企业办理食品、医疗器械等经营许可证，普陀区探索开展“远程帮办”业务——依托上海“一网通办”平台，开设“许可远程帮办专区”。企业登录平台，先将经营场所平面图等相关材料提交预审，待预审通过后对照施工，最后网上申报，接受视频连线核查即可。这种“前置把关”的方式，让企业免去了现场受检、多次核查和反复整改的麻烦。
有了解决办法，张珂提交预审材料，联系企业质量负责人准备视频核查；许玉昆梳理政务服务流程，加快开展材料预审工作；接到许玉昆电话的普陀区市场监督管理局行政执法员吴清则按相关标准，将需要视频核查的点位形成清单。
一切准备就绪，按照约定时间，张珂的同事来到经营场所，打开手机上的政务服务应用“随申办”，轻点“远程现场核查”，与吴清和远在国外的质量负责人开启了一场三方连线。
面对执法人员的核查要求，质量负责人一边作答，一边指导公司同事展示经营场所、医疗器械贮存条件等；吴清提问的同时，按照检查规范对关键信息留影记录。当天，这场“云上”核查顺利完成。企业递交相关材料3天后，便拿到第三类医疗器械经营许可证，顺利提交投标材料。
为企业减负，远不止于远程办事。心情好，张珂打开了话匣子：“拿企业检查这事来说，现在少多了。相关部门先对检查项目统一整合，后台生成一个二维码，检查人员持码上门，一次就把几个部门要查的事项都查了。查时亮码，查完企业扫码打分，全程留痕，清清楚楚。”
2025年，上海累计发送检查码70万个，涉及企业42万家，企业认可度达99.7%，检查“无感”又有效。这一年，上海还累计为企业出具经营主体专用信用报告6.5万余份，可替代证明198.5万余份。
“以前合规证明让企业办得非常头疼，得跑好多部门挨个申请。现在上海推出经营主体专用信用报告，将全市41个执法领域开具的证明全面纳入替代范围，适用于上市申请、并购重组、招投标等。”普陀区城市运行管理中心（政务服务中心）副主任左如军介绍。
在普陀区政务服务中心，记者留意到，这里新开设了一个“惠企增值服务窗口”。“旨在围绕企业全经营周期场景提供组团式政务服务，通过‘一窗受理、内部流转、协同办理’，将分散在不同部门、行业的惠企增值服务进行系统性整合，实现一站式、全方位服务。”左如军说。
“高效的政务服务，比很多优惠政策还实惠！企业办事流程简化了，我们有更多时间研发产品和拓展市场。”张珂感慨。
跟访一次督查——
“督查直奔问题，实打实为基层减负增效”
本报记者  窦  皓
“走，去东渡小学。”从浙江丽水市区出发，抵达缙云县后，丽水市政府督查室主任程淑霞才向县里负责带路的工作人员公布当天的督查点位。
每年办好十方面民生实事是浙江的重要工作制度安排。此前围绕省市民生实事项目落地情况，丽水进行了全覆盖的督查。这次为“回头看”。
“避免‘雨过地皮湿’、整改不到位。”车上，程淑霞转头告诉记者，督查时，受督查地的领导不得陪同，可安排一两名熟悉情况的工作人员带路，但一律不提前通知，直插现场。
到达东渡小学时，正是午餐时间。走进食堂，取餐窗口内，菠萝炒牛肉、油爆大虾等菜肴琳琅满目。环顾四周，老师和学生同坐一桌，有序就餐。
“此前督查发现，缙云县部分中小学食堂存在后厨建设不达标、师生未能同餐等问题。‘师生同菜同质同价’是整改方向之一。”程淑霞一边解释，一边掏出手机扫码，要了一份校园餐。随后找张餐桌坐下，和学生们聊了起来。
“小朋友，老师每天都和大家一起吃饭吗？饭菜好吃吗？……”对照学生们的回答，程淑霞仔细填写民生实事抽查点位记录表。
取餐窗口旁的显示屏上，教师陪餐记录、食材采购烹饪流程等电子台账一目了然，程淑霞却径直走向后厨，“相关台账已接入市级数字化系统，随时可查，不再列入实地督查事项。”
置身后厨，从清洗到烹饪，动线设计是否合理，食材是否新鲜……程淑霞仔细看、详细问。
督查接近尾声，东渡小学校长谢伟敏方才得知消息匆匆赶来。程淑霞向她反馈一条整改意见——按要求，汤碗要使用双层材料，防止烫手。谢伟敏接受意见并由衷感慨，“以前督查，台账、现场等准备工作不少，现在‘无感、无痕、无形’。”
缙云县的行程结束，督查组的脚步未停。下午，一行人来到莲都区，随机走进一座户外劳动者驿站。这里空间不大，但热饭、充电、打热水等功能俱全，快递员、外卖员、网约车司机等来往不断。
“改造提升户外劳动者服务站点，是浙江省2025年民生实事项目之一。丽水市改造提升了65家。”工作调动到市政府督查室刚一年的杨雅索，一直记得程淑霞告诉她的话：与其看台账做得漂不漂亮，不如看群众笑得真不真切；与其数开了几次会，不如算算解决了多少事。
根据手中的抽查点位记录表，杨雅索逐一核对场地条件、标识标牌等，并不时与小哥交谈，了解他们对服务站点的改进意见。这张记录表共6项21条内容，由丽水市委社会工作部和丽水市总工会联合制定，力求精准专业。
“虽然督查点位随机挑选，但督查内容不能随意。”杨雅索边说边从包里掏出一本《政务督查工作手册》，一页页翻阅。20多页内容涵盖了督查流程、文书模板、《政府督查工作条例》等，“这是随身携带的‘政策包’，避免因个人理解不同导致处理意见不一。”
随机不随意，督查更有力。面对莲都区委社会工作部相关负责人，杨雅索将督查发现的问题逐项提出：驿站内的一个充电器损坏，需要更换；冬季在力所能及的前提下，可以增加取暖设备；建议引入社会力量，探索高效低成本的运维模式，“督查发现的问题，还将为2026年民生实事项目以及政府工作提供参考。”
次日一早，记者继续跟随督查组来到青田县海口镇高沙村，遇到在村里检查道路的镇党委书记潘东华。他指着脚下一条宽约6米的水泥路说，一个多月前这里还是条泥泞不堪的窄道，修修停停，群众意见大。那段日子，他很发愁。
“督查发现，由于工程款结算不及时，施工方资金承压，修路进展缓慢。”程淑霞接过话茬。怎么办？“我们强调帮督一体、帮在督前。督查最终是为了解决问题，哪里有困难，我们就协调到哪里。”她说。
市县两级督查室靠前督导，协调青田县交通运输局开通绿色通道，加快款项支付。资金到位，建设提速。施工期间，镇村按照督查意见，积极协调，帮助村民解决出行不便等难题。
群众满意了，潘东华的眉头舒展，“以前说起督查，觉得是来‘找茬’的。现在发现，督查直奔问题，实打实为基层减负增效。”
2025年，丽水共谋划5个帮督主题，开展帮督工作30余次，推动化解历史遗留问题9个、民生实事问题36个，解决各类跨部门、跨层级问题84个。
“高沙村好山好水，现在路修好了，今年我们将重点发展农文旅产业和特色种植业，努力打造路畅业兴的和美乡村。”督查组准备离开时，潘东华畅谈新一年打算，信心满满。
基层心声
作为一名街道干部，我每年都会参加或组织各类培训。过去一些培训走过场、“干货少”，没效果又添负担。如今更重视问题导向、实效为先，围绕具体问题开展教学。这种从“大水漫灌”到“精准滴灌”的转变，真正把培训变成能力培养的“加油站”。
——海南省海口市龙华区金贸街道党工委委员何敏
以前我的手机总响不停，不是各类工作提示、简报，就是微信语音会、视频会，想抽空去社区走走都难。现在整治“指尖上的形式主义”，划定“线上会议红线”，无议程不召集、非必要不参会，真真正正甩掉了无谓的包袱。
——河北省廊坊市广阳区新源道街道办工作人员金艳英
我们街道办接入了“一表通”智能报表系统，它把分散在各个系统的报表整合起来，动态更新，多部门共享使用。“数据多跑路、基层少报表”，极大减轻了我们的填表负担。
——重庆市沙坪坝区土主街道办工作人员罗朝阳
我曾一度被十几个微信工作群和繁杂的表格台账“绑”在手机和电脑前。现在，政务群聊数少了一半，墙上各类杂乱牌子被清理了，考核也更实了，真有种“松了绑”的感觉。
——湖北省咸宁市通山县大畈镇隐水村党支部书记郑传奇
在基层工作，不怕事情多，就怕“踢皮球”，权责不清，沟通起来心累。现在有了基本履职事项、配合履职事项、上级部门收回事项“三张清单”，明确该干什么、能干什么、不用干什么。对照清单，集中精力把该干的事干好、该配合的事配合好。
——吉林省吉林市永吉县口前镇党委副书记吴凤军
区里推行考核体系改革。过去单项工作被拆成多个考核点、层层加码时有发生，现在明确“严禁指标嵌套”，对交叉内容坚决整合取消。从“唯指标论”中解脱出来，我们有了更多时间为群众办实事。
——江西省南昌市青云谱区青云谱镇政府工作人员涂凯君
以前整日埋在文件堆、围着检查转，以致联系村里时，村干部常常只见我们发通知、不见我们到现场。现在，我们常去村里转，解决的实际问题也多了。减负不减担当，为实干添了动能。
——广西壮族自治区贵港市平南县镇隆镇副镇长龙庆铁
（本报记者曹文轩、邵玉姿、王欣悦、吴君、曹继炜、郑智文、杨颜菲、祝佳祺采访整理）","# 进社区、访企业、看督查，“十五五”开局之年，记者实地探访为基层减负——

> 《人民日报》（2026年01月09日第 13 版）

工作人员在浙江丽水市缙云县东渡小学食堂督查。　　陈彦霏摄

工作人员在浙江丽水市缙云县东渡小学食堂督查。

陈彦霏摄

政务服务应用“随申办”上的远程帮办服务界面。　　资料图片

政务服务应用“随申办”上的远程帮办服务界面。

资料图片

宁夏银川市兴庆区银虹社区举办居民冬季腌菜活动。　　徐  丹摄

宁夏银川市兴庆区银虹社区举办居民冬季腌菜活动。

徐  丹摄

“会议少了，职责更明晰了，考核也更实了，有了更多时间开展调研、做好服务。”基层一线的朴实话语，道出不少干部的心声。

基层是一切工作的落脚点，基层治理成效关系党和国家全局工作。习近平总书记指出：“要持续为基层减负，让基层干部能够用更多时间和精力来服务群众。”

2024年8月，中办、国办印发《整治形式主义为基层减负若干规定》，首次以党内法规形式制定出台为基层减负的制度规范。规范督查检查考核；规范工作机制、挂牌和证明事项；延伸拓展整治内涵持续推进企业减负……一年多来，各地区各部门狠抓落实，聚焦突出问题深化整改整治。

“十五五”规划建议提出，“深入开展整治形式主义为基层减负工作。”

“十五五”开局之际，记者在上海、浙江、宁夏等地，进社区、访企业、看督查，记录各地把减负成果转化为推动经济社会高质量发展的生动实践，聆听干部群众对新年新气象的期盼和心声。

踏访一个社区——

“上墙的牌子少了，走心的服务多了”

本报记者  张  文

元旦假期过后，记者来到宁夏回族自治区银川市兴庆区银虹社区，恰好赶上“感动社区人物”茶话会即将举办。环顾会场，10多张长桌已铺好米白色桌布，瓜子、水果摆放整齐。

“2025年我们组织了170多场活动，社区就像一个大家庭。”社区党委书记闫园翻开随身携带的笔记本，上面写满新一年的活动策划：春节期间系列联欢、学雷锋纪念日活动、劳动节慰问……

银虹社区常住人口过万，社区工作人员只有14人，忙得过来吗？“现在没那么多证明、报表等束缚手脚，时间精力都花在为民办事上了。”闫园说。

正聊着，居民王俊提着一袋糕点来到会场，“刚出炉，给大伙儿尝尝！”询问得知，前不久，王俊在社区租了间铺子开烘焙店，为了办营业执照，他原打算找社区开租房证明。

“之前一天平均要开四五份证明，证明家庭住址的、家庭成员关系的、学生转学的……”拉开自己工位的文件柜，闫园抱出厚厚一摞证明存档文件，“那时候，社区挂了相应牌子，就得开证明、迎检查、填报表、参加会议和考核。”

各类证明把社区公章变成“万能章”，各种挂牌把社区外墙挂成“大花脸”。“社区办公楼门口最多挂过30多块牌子，有的牌子都挂到二楼外墙了。”闫园记忆犹新。

近年来，银川持续清理社区（村）的挂牌及不合理证明事项，并通过制定清单的方式划清社区（村）的职责界限，推动基层减负提质增效。目前，银川各社区承担的事项已由近300项减至不到50项，证明事项则从近60项减到10多项。

闫园带记者走出社区办公楼，转身回头，只见门口悬挂着社区党组织、居民委员会、社区服务站、社区居务监督委员会4块竖牌，以及社区名称、党群服务中心两块横牌。

“市里要求，挂牌只保留‘两横四竖’，其余全部清理。”闫园介绍，对社区的各类考核以及要求填报的报表均减少2/3以上，社区干部得以从各部门的“代办员”转变为居民的“服务员”。

证明事项清理后，王俊想要开具的租房证明已不在社区职责范围内。去哪里开？干部减负担，更要让群众少麻烦。

依托线上政务服务平台，银川建立居民户口、身份证、社保、医保等信息池，实现“数据一次采集、资源多方共享”，将减少的社区事项通过数据流转和集中审批方式纳入线上“一站式”解决。当天，王俊在社区工作人员指导下，通过“我的宁夏”APP“掌上登记”栏目上传电子资料，不到半天就拿到了电子营业执照。

“社区上墙的牌子少了，走心的服务多了。基层减负腾出了精力，赋能增效提升了能力，我们开展服务更加得心应手。”闫园说，过去只能在街道办理的、群众需求较多的医保等事项，如今在社区就能办。

茶话会结束不久，闫园的手机铃声响起。“各部门分管负责人马上就到现场。”闫园跨上自行车，往社区菜市场赶。原来，两天前，有居民反映菜市场的窨井盖渗水。社区通过“吹哨制度”把问题提交街道办，街道办随即通知城建、水务等部门，让各部门分管负责人现场办公解决。

到现场后，检查确认是地下管网发生故障。几位分管负责人分头联系，或找维修公司更换管线，或协调污水处理部门进行清污。从现场办公到问题解决，用时不到一小时。

“为了让社区传递的群众呼声得到及时反馈，银川建立分类吹哨、分级负责的‘吹哨制度’，赋予社区通过街道办向各部门移交难点、协调相关部门解决问题的能力，实现‘小事不出村居’。”闫园对处理结果很满意。

减负释放活力，社区工作人员有了更多时间发现和解决问题。最近，社区干部崔雪梅发现，常在社区及周边活动的100多名外卖员没有休息的地方，便发起建立了外卖员服务驿站。外卖员则自发成立“暖宝宝”服务队，为社区老年人、残障人士等提供搬运等服务。一来一往间，小哥与社区居民的感情更深了。

“社区工作连着千家万户，减负让我们松了绑、添了劲。新的一年，我们将不断创新服务，把更多温暖送到居民心坎上。”闫园说。

陪企业办一次事——

“高效的政务服务，比很多优惠政策还实惠”

本报记者  巨云鹏

新年伊始，记者再次联系上海蕙新医疗科技有限公司副总经理张珂，她正满怀期待，静候投标结果。前不久见她时，她可没这样的好心情。

去年下半年，张珂公司一直在筹备今年初的一次重要投标，标的达上百万元。年末，临近投标材料提交时，工作人员发现，还缺一份第三类医疗器械经营许可证。彼时，记者见到张珂，她正在上海普陀区政务服务中心咨询许可证办理事宜。

“办理这个许可证，市场监管部门除了审查申请材料，必要时还得按相关质量管理规范要求开展现场核查，企业质量负责人应尽可能到场。没问题吧？”政务服务中心工作人员许玉昆问道。

张珂面露难色：“我们公司的质量负责人正在国外出差。”事后，张珂向记者解释她当时的“左右为难”：这份许可证是参与投标必须提交的材料，如果质量负责人不回来，许可证可能无法及时办出，筹备了几个月的投标工作就要“打水漂”；倘若回来，时间和经济成本都很高，海外业务也会受影响。

“企业换一名员工当质量负责人可以吗？”张珂脱口而出。

“医疗器械经营企业必须严格遵守各项标准和规范，对质量负责人的专业背景及工作经历都有明确要求，不能随意更换。”许玉昆的回答让张珂心里一沉。“不过，符合条件的企业可以通过‘远程帮办’进行视频连线核查。”许玉昆接下来的话，又让张珂精神为之一振。

许玉昆口中的“远程帮办”，是上海为企业减负的创新举措之一。近年来，上海深入开展整治形式主义为基层减负工作，在减重复检查、减繁琐申报、减统计报表、减冗余证明等方面持续用力，推动企业轻装上阵、专注发展。

2025年，针对企业办理食品、医疗器械等经营许可证，普陀区探索开展“远程帮办”业务——依托上海“一网通办”平台，开设“许可远程帮办专区”。企业登录平台，先将经营场所平面图等相关材料提交预审，待预审通过后对照施工，最后网上申报，接受视频连线核查即可。这种“前置把关”的方式，让企业免去了现场受检、多次核查和反复整改的麻烦。

有了解决办法，张珂提交预审材料，联系企业质量负责人准备视频核查；许玉昆梳理政务服务流程，加快开展材料预审工作；接到许玉昆电话的普陀区市场监督管理局行政执法员吴清则按相关标准，将需要视频核查的点位形成清单。

一切准备就绪，按照约定时间，张珂的同事来到经营场所，打开手机上的政务服务应用“随申办”，轻点“远程现场核查”，与吴清和远在国外的质量负责人开启了一场三方连线。

面对执法人员的核查要求，质量负责人一边作答，一边指导公司同事展示经营场所、医疗器械贮存条件等；吴清提问的同时，按照检查规范对关键信息留影记录。当天，这场“云上”核查顺利完成。企业递交相关材料3天后，便拿到第三类医疗器械经营许可证，顺利提交投标材料。

为企业减负，远不止于远程办事。心情好，张珂打开了话匣子：“拿企业检查这事来说，现在少多了。相关部门先对检查项目统一整合，后台生成一个二维码，检查人员持码上门，一次就把几个部门要查的事项都查了。查时亮码，查完企业扫码打分，全程留痕，清清楚楚。”

2025年，上海累计发送检查码70万个，涉及企业42万家，企业认可度达99.7%，检查“无感”又有效。这一年，上海还累计为企业出具经营主体专用信用报告6.5万余份，可替代证明198.5万余份。

“以前合规证明让企业办得非常头疼，得跑好多部门挨个申请。现在上海推出经营主体专用信用报告，将全市41个执法领域开具的证明全面纳入替代范围，适用于上市申请、并购重组、招投标等。”普陀区城市运行管理中心（政务服务中心）副主任左如军介绍。

在普陀区政务服务中心，记者留意到，这里新开设了一个“惠企增值服务窗口”。“旨在围绕企业全经营周期场景提供组团式政务服务，通过‘一窗受理、内部流转、协同办理’，将分散在不同部门、行业的惠企增值服务进行系统性整合，实现一站式、全方位服务。”左如军说。

“高效的政务服务，比很多优惠政策还实惠！企业办事流程简化了，我们有更多时间研发产品和拓展市场。”张珂感慨。

跟访一次督查——

“督查直奔问题，实打实为基层减负增效”

本报记者  窦  皓

“走，去东渡小学。”从浙江丽水市区出发，抵达缙云县后，丽水市政府督查室主任程淑霞才向县里负责带路的工作人员公布当天的督查点位。

每年办好十方面民生实事是浙江的重要工作制度安排。此前围绕省市民生实事项目落地情况，丽水进行了全覆盖的督查。这次为“回头看”。

“避免‘雨过地皮湿’、整改不到位。”车上，程淑霞转头告诉记者，督查时，受督查地的领导不得陪同，可安排一两名熟悉情况的工作人员带路，但一律不提前通知，直插现场。

到达东渡小学时，正是午餐时间。走进食堂，取餐窗口内，菠萝炒牛肉、油爆大虾等菜肴琳琅满目。环顾四周，老师和学生同坐一桌，有序就餐。

“此前督查发现，缙云县部分中小学食堂存在后厨建设不达标、师生未能同餐等问题。‘师生同菜同质同价’是整改方向之一。”程淑霞一边解释，一边掏出手机扫码，要了一份校园餐。随后找张餐桌坐下，和学生们聊了起来。

“小朋友，老师每天都和大家一起吃饭吗？饭菜好吃吗？……”对照学生们的回答，程淑霞仔细填写民生实事抽查点位记录表。

取餐窗口旁的显示屏上，教师陪餐记录、食材采购烹饪流程等电子台账一目了然，程淑霞却径直走向后厨，“相关台账已接入市级数字化系统，随时可查，不再列入实地督查事项。”

置身后厨，从清洗到烹饪，动线设计是否合理，食材是否新鲜……程淑霞仔细看、详细问。

督查接近尾声，东渡小学校长谢伟敏方才得知消息匆匆赶来。程淑霞向她反馈一条整改意见——按要求，汤碗要使用双层材料，防止烫手。谢伟敏接受意见并由衷感慨，“以前督查，台账、现场等准备工作不少，现在‘无感、无痕、无形’。”

缙云县的行程结束，督查组的脚步未停。下午，一行人来到莲都区，随机走进一座户外劳动者驿站。这里空间不大，但热饭、充电、打热水等功能俱全，快递员、外卖员、网约车司机等来往不断。

“改造提升户外劳动者服务站点，是浙江省2025年民生实事项目之一。丽水市改造提升了65家。”工作调动到市政府督查室刚一年的杨雅索，一直记得程淑霞告诉她的话：与其看台账做得漂不漂亮，不如看群众笑得真不真切；与其数开了几次会，不如算算解决了多少事。

根据手中的抽查点位记录表，杨雅索逐一核对场地条件、标识标牌等，并不时与小哥交谈，了解他们对服务站点的改进意见。这张记录表共6项21条内容，由丽水市委社会工作部和丽水市总工会联合制定，力求精准专业。

“虽然督查点位随机挑选，但督查内容不能随意。”杨雅索边说边从包里掏出一本《政务督查工作手册》，一页页翻阅。20多页内容涵盖了督查流程、文书模板、《政府督查工作条例》等，“这是随身携带的‘政策包’，避免因个人理解不同导致处理意见不一。”

随机不随意，督查更有力。面对莲都区委社会工作部相关负责人，杨雅索将督查发现的问题逐项提出：驿站内的一个充电器损坏，需要更换；冬季在力所能及的前提下，可以增加取暖设备；建议引入社会力量，探索高效低成本的运维模式，“督查发现的问题，还将为2026年民生实事项目以及政府工作提供参考。”

次日一早，记者继续跟随督查组来到青田县海口镇高沙村，遇到在村里检查道路的镇党委书记潘东华。他指着脚下一条宽约6米的水泥路说，一个多月前这里还是条泥泞不堪的窄道，修修停停，群众意见大。那段日子，他很发愁。

“督查发现，由于工程款结算不及时，施工方资金承压，修路进展缓慢。”程淑霞接过话茬。怎么办？“我们强调帮督一体、帮在督前。督查最终是为了解决问题，哪里有困难，我们就协调到哪里。”她说。

市县两级督查室靠前督导，协调青田县交通运输局开通绿色通道，加快款项支付。资金到位，建设提速。施工期间，镇村按照督查意见，积极协调，帮助村民解决出行不便等难题。

群众满意了，潘东华的眉头舒展，“以前说起督查，觉得是来‘找茬’的。现在发现，督查直奔问题，实打实为基层减负增效。”

2025年，丽水共谋划5个帮督主题，开展帮督工作30余次，推动化解历史遗留问题9个、民生实事问题36个，解决各类跨部门、跨层级问题84个。

“高沙村好山好水，现在路修好了，今年我们将重点发展农文旅产业和特色种植业，努力打造路畅业兴的和美乡村。”督查组准备离开时，潘东华畅谈新一年打算，信心满满。

基层心声

作为一名街道干部，我每年都会参加或组织各类培训。过去一些培训走过场、“干货少”，没效果又添负担。如今更重视问题导向、实效为先，围绕具体问题开展教学。这种从“大水漫灌”到“精准滴灌”的转变，真正把培训变成能力培养的“加油站”。

——海南省海口市龙华区金贸街道党工委委员何敏

以前我的手机总响不停，不是各类工作提示、简报，就是微信语音会、视频会，想抽空去社区走走都难。现在整治“指尖上的形式主义”，划定“线上会议红线”，无议程不召集、非必要不参会，真真正正甩掉了无谓的包袱。

——河北省廊坊市广阳区新源道街道办工作人员金艳英

我们街道办接入了“一表通”智能报表系统，它把分散在各个系统的报表整合起来，动态更新，多部门共享使用。“数据多跑路、基层少报表”，极大减轻了我们的填表负担。

——重庆市沙坪坝区土主街道办工作人员罗朝阳

我曾一度被十几个微信工作群和繁杂的表格台账“绑”在手机和电脑前。现在，政务群聊数少了一半，墙上各类杂乱牌子被清理了，考核也更实了，真有种“松了绑”的感觉。

——湖北省咸宁市通山县大畈镇隐水村党支部书记郑传奇

在基层工作，不怕事情多，就怕“踢皮球”，权责不清，沟通起来心累。现在有了基本履职事项、配合履职事项、上级部门收回事项“三张清单”，明确该干什么、能干什么、不用干什么。对照清单，集中精力把该干的事干好、该配合的事配合好。

——吉林省吉林市永吉县口前镇党委副书记吴凤军

区里推行考核体系改革。过去单项工作被拆成多个考核点、层层加码时有发生，现在明确“严禁指标嵌套”，对交叉内容坚决整合取消。从“唯指标论”中解脱出来，我们有了更多时间为群众办实事。

——江西省南昌市青云谱区青云谱镇政府工作人员涂凯君

以前整日埋在文件堆、围着检查转，以致联系村里时，村干部常常只见我们发通知、不见我们到现场。现在，我们常去村里转，解决的实际问题也多了。减负不减担当，为实干添了动能。

——广西壮族自治区贵港市平南县镇隆镇副镇长龙庆铁

（本报记者曹文轩、邵玉姿、王欣悦、吴君、曹继炜、郑智文、杨颜菲、祝佳祺采访整理）",,记者调查,https://paper.people.com.cn/rmrb/pc/content/202601/09/content_30130846.html,2026-01-09,"['督查', '社区', '减负', '闫园', '张珂', '服务', '基层', '政务', '程淑霞', '企业']","工作人员在浙江丽水市缙云县东渡小学食堂督查。陈彦霏摄
工作人员在浙江丽水市缙云县东渡小学食堂督查。
陈彦霏摄",政治
践行社会责任  展现使命担当,"2025企业社会责任论坛会场，参会人员在交流。
2025企业社会责任论坛会场，参会人员在交流。
参会人员在听会。
参会人员在听会。
2025企业社会责任论坛分论坛——新质生产力赋能高质量发展论坛会场。以上图片均为本报记者张武军摄
2025企业社会责任论坛分论坛——新质生产力赋能高质量发展论坛会场。
以上图片均为本报记者张武军摄
培育壮大农业新质生产力
陕西农业发展集团有限公司党委副书记  汪小明
陕西农业发展集团聚焦农林牧渔、乡村建设等，构建从农田到餐桌的全产业链条。
立足产业需求，将低效土地改造为高产良田，建成中国杨凌耕地保护与质量提升创新中心，培育的80余个农作物新品种通过审定。
构建“国企牵头+高校支撑+机构协同”创新联合体。联合西北农林科技大学等高校开展技术攻关，牵头完成的“砒砂岩与沙复配成土造田关键技术及工程应用”项目获国家科学技术进步奖二等奖，参与发起设立的陕西首只种业基金落地。
搭建“1+N”创新中试平台体系。依托集团农场、加工园区等场景，推动技术成果迭代优化。通过“揭榜挂帅”“后补助”等机制强化创新激励，培育6名陕西省科技创新领军人才，构建起“首席引领+骨干支撑+全员协同”的良性创新生态。
集团将持续秉承“创新、绿色、融合、效能、智慧、共享”理念，为培育壮大农业新质生产力、推进农业农村现代化贡献更多智慧和力量。
（本报记者任筱霞整理）
全力以赴构建现代化产业体系
陕西西安市发展和改革委员会副主任  杨  治
面对新一轮科技革命和产业变革，陕西西安正以建设具有全国影响力的区域科技创新中心为引领，以推动科技创新和产业创新深度融合为路径，全力以赴构建现代化产业体系。
借助雄厚的科教实力，着力将科教资源的“存量优势”转化为创新发展的“增量动能”。做强创新链，推动重大创新平台与产业需求对接；融合产业链，聚焦重点领域实施“一链一策”；激活人才链，依托“秦创原”平台让科研人员敢创业、能创业。
构建现代化产业体系，实施重点产业链群“强筋健骨”行动。一方面推动传统产业“焕新”，与数字技术深度融合；另一方面加速新兴产业“成势”，打造国家级先进制造业集群。
破解科技与产业融合不够的难题，打造高能级产业创新生态系统，畅通融合转化通道。通过打造以企业为主导的产业创新枢纽，强化金融活水灌溉，并优化软环境，力争以一流的生态孕育和发展一流的企业与产业。
（人民日报数字传播有限公司王钦玉整理）
让生态福祉惠及千家万户
中原环保股份有限公司党委副书记  梁英杰
中原环保致力于建设国际化、绿色化、数字化、现代化的一流环保产业集团，努力让生态福祉惠及千家万户。
绿色发展，做循环经济的赋能者。推动传统污水处理产业升级，公司2座污水处理厂入选全国首批绿色低碳标杆厂。打造“再生水+清洁能源”梯级循环利用，建设郑州东站、龙湖金融岛等再生水供能项目。
创新赋能，做美丽城市的助力者。公司活性焦工艺推动污水处理厂出水达到地表Ⅲ类水体标准，热解气化将污泥转化为可燃气体和建材原料。建设达到地表Ⅲ类水体标准的百万吨级污水处理厂——郑州新区污水处理厂、污泥热解气化项目——郑州新区污泥项目。
担当责任，做美好生活的守护者。公司建设生态环境综合治理项目，助力乡村全面振兴，打造绿色知识进校园、环保志愿服务等公益品牌。
（本报记者贾丰丰整理）
科技赋能产业  产业反哺创新
大唐陕西发电有限公司党委委员、纪委书记  张学政
近年来，大唐陕西发电有限公司自觉服务建设新型能源体系、构建新型电力系统大局，奋力实现企业质的有效提升和量的合理增长，发挥能源电力央企的重要作用。
公司始终坚持“科技赋能产业，产业反哺创新”，将技术突破转化为经济效益和社会效益。一是以技术创新破局，传统产业焕发新生机，聚焦火电低碳转型，通过技术革新让老旧机组“脱胎换骨”。二是以产业需求为导向，新能源产业跑出“加速度”，依托新能源基地建设方向，将技术创新融入新能源项目全生命周期。三是以协同机制为纽带，促进安全环保优化升级，建设大数据集成技术智慧供热管控系统，守护千家万户的温暖。
共建创新平台，共享创新成果，公司将以科技创新和产业创新的深度融合，积极履行能源保供、绿色低碳等社会责任。
（人民日报数字传播有限公司雷坤整理）
深耕绿色能源  创新生态治理
中国华电集团有限公司甘肃分公司党委委员、纪委书记  朱  宇
华电甘肃公司始终将社会责任融入企业发展，在服务国家战略、支持地方发展、保障民生改善中展现央企担当。
创新生态治理。华电甘肃公司以武威腾格里沙漠边缘的九墩滩光伏治沙项目为试点，采用“生态+生产+民生”融合模式，种植耐旱植物147.9万余株，播撒草籽3.6万公斤，治沙1.8万余亩；科学规划节约用地6330亩；项目为当地提供800多个就业岗位，为同类区域能源开发和生态治理提供了借鉴。
公司连续多年举办公众开放日和社会责任月活动，组织80余次志愿服务，持续深化“中国华电  度度关爱”责任品牌。
未来，华电甘肃公司将继续把社会责任融入企业发展，深耕绿色能源，助力乡村全面振兴，热心公益事业，以行动诠释“奉献清洁能源、创造美好生活”的企业使命。
（本报记者贾丰丰整理）
潮流文创影响带动年轻消费群体
浙江卡游动漫有限公司副总裁  卢大振
在IP衍生品领域深耕多年的卡游动漫，与国内外70多个IP开展深度合作，其中国潮IP已占到30多个。中华优秀传统文化正在通过卡牌、文具以及毛绒玩具等潮流产品，影响和带动年轻消费群体。
卡游动漫加快出海步伐。2024年，《卡游三国》与《黑神话：悟空》一起入选中国外文局“2024年度数字文化十大IP”。2025年，中国战机收藏卡亮相法国巴黎航展。目前，卡游动漫已陆续在马来西亚吉隆坡、美国纽约等地推出新品，让全球消费者感受中国文创的“惊喜”。
从产业维度上看，卡游动漫构建了研产供销全产业链，实现从创意到产品、从设计到落地的发展路径。
潮流产品的生命力需要科技和工艺加持，科技和工艺正在成为越来越多中国文创在全球惊艳亮相的底气。
（本报记者贾丰丰整理）
创新让技术更包容、发展成果更共享
睿尔曼智能科技（北京）有限公司创始人、首席执行官  郑随兵
人形机器人的基础能力源于灵巧的仿人双臂和精准耐久的关节，这是睿尔曼的深耕方向。
自2018年成立以来，我们自主研发的一体化关节模组年产能超10万台。依托“硬件+数据+远程作业网络”三大底层能力，通过全链路布局让机器人服务社会愿景加速落地。
其中，“远程劳动力网络”能够沉浸式远程操作系统，支持操作者实时操控异地机器人。例如，甘肃山区青年能居家操控广东深圳工厂的机械臂进行精密组装。
睿尔曼“远程劳动力网络”聚焦中西部，让中西部群众享受具身智能红利，实现劳动力资源跨地区高效配置，助力增收，开辟就业新通道。
未来，我们愿以技术和开放网络为支撑，积累真实场景数据赋能大模型演进，让技术更包容、发展成果更共享。
（本报记者龚文静整理）
推动卫星数据服务千行百业
天津云遥宇航科技有限公司副总经理  黄满义
在全球气候变化背景下，气象数据的精准性与时效性成为保障能源安全、交通畅通及防灾减灾的重要因素。当下，构建以风云卫星为主、商业气象卫星为辅的国产化气象卫星观测体系是保障国家气象安全、支撑高质量发展的紧迫任务。
云遥宇航自2019年成立以来，成功发射47颗商业气象卫星。2024年底开始，在国家气象部门大力支持下，云遥掩星观测数据应用到国家气象数值预报系统，为提高国产气象预报核心技术水平和预报精准度作出积极贡献。
秉持科技为民，推动卫星数据服务千行百业。公司为远洋航运提供气象导航等专业支持，提升航行安全性；云遥风电功率预测产品提升对区域资源环境关键要素的预报精度，助力绿色能源转型。
当前，云遥宇航正加快气象星座建设，打造从部组件到行业应用的完整生态。
（本报记者龚文静整理）
以数字技术拓展文旅产业新路径
陕西数字基地出版企业管理集团有限公司总经理  王奕然
陕西数字基地出版企业管理集团致力于探索数字技术与传统产业的融合创新。
当前，以XR（扩展现实）为代表的数字技术正加速重构文旅产业形态。XR产业基地通过技术升级打造沉浸式体验高地，有望从生产空间转向旅游消费场景，实现“科技+文旅”深度共生。
MR（混合现实）项目通过虚实共生技术，为景区提供可持续的内容更新与用户黏性提升方案。此类产品依托特定场景，将线上互动转化为线下复购动力，为传统景区破解同质化竞争、激活二次消费提供了新思路。
未来，数字技术赋能文旅产业需突破“工具性”局限，向“平台化”“场景化”升级。让技术真正融入产业生态，实现科技创新与产业创新的双向赋能，为消费升级注入持久动能。
（本报记者龚文静整理）
保障能源供应  激活地方经济动能
甘肃莱安能源有限公司副总经理  牛  斌
近年来，甘肃莱安能源有限公司以科技创新与产业创新深度融合为路径，成为兰州新区培育新质生产力、推动民营经济蓬勃发展的生动案例。
莱安能源以“产业需求牵引科创，科创赋能产业升级”破解瓶颈，针对原料运输痛点，投资4.5亿元新建10公里输油管道对接国家管网乌兰线，构建“产输一体化”产业链，在保障能源稳定供应、激活地方经济动能中发挥了重要作用。
莱安能源规划建设每年60万吨废矿物油再生项目，为兰州新区能源产业绿色转型注入新动能。多年来，莱安能源持续开展“莱安爸妈食堂”等公益项目。
未来，莱安能源将与兰州新区同心同行，共同走好“科技引领产业、产业反哺创新”的高质量发展之路。
（本报记者张武军整理）
智能电网赋能智慧城市
国网雄安新区供电公司三级职员（主任师）  赵树军
国网雄安新区供电公司以科技创新培育能源新质生产力，努力打造新型电力系统样板示范。
以智能电网赋能智慧城市。建设110千伏链式自愈网架结构，推动中压网架自动化全覆盖，打造适用于小区、农村、商业等不同场景的低压互联示范。
以一流服务赋能现代化城市。研发低压停电故障智能辅助研判系统，构建用户故障主动感知、应急抢修主动响应、设备治理主动实施的低压主动抢修服务模式，群众用电稳定性增强。
以绿色电网赋能绿色城市。积极开展园区、楼宇能源管理系统建设标准制定，为疏解企业、高校量身定制“零碳园区”“零碳楼宇”等清洁用能解决方案，打造雄安高铁站屋顶光伏项目、城市级智能能源管理系统等。
（本报记者张武军整理）
把科技创新转化为产业增量
陕西科控创业投资基金管理有限责任公司品牌总监  踪卫华
近年来，陕西科控创业投资基金管理有限责任公司通过发挥引导基金功能，出资并培育了包括中科创星、中兴众投等陕西本土创投力量，把科技创新转化为产业增量，让科技创新和产业创新深度融合。
一是推动特色产业做大做强。以产业投资做好航空航天、新能源和新材料等特色产业的引育，以大带强、以强引弱，形成特色支柱产业的集群效应。
二是做好科技金融大文章。陕西科技成果转化引导基金在不同阶段的投资上进行精准布局，已在赋能区域经济社会发展等方面取得一定成绩。
三是持续完善科技成果转化的软硬件平台和科技创新生态链，推动科技成果落地成金。
（本报记者张武军整理）
扎根生活场景  融入民生需求
长沙财通数据科技有限公司首席科学家  曾  锋
数字创新紧扣“便民利民”，方能释放更持久的价值，这也是企业践行社会责任的关键路径。
作为深耕数字技术研发与场景应用的从业者，我们通过“科技+金融+场景”的融合模式，打破数据壁垒，打造出全流程电子化交易平台。未来，我们计划联合人民日报数字传播有限公司，探讨建立人民日报电子阅报栏的生态创新体系，共同构建“权威传播+便民服务”的新生态。在高校、医院、交通枢纽等不同场域提供功能化、场景化、定制化的文化和信息服务，让大屏服务更接地气，进一步提升便民服务利用率、信息触达率，实现“传播有温度、服务有实效”。
从赋能公共资源交易，到融合屏媒生态，我们将通过数字化技术，推动更多数字化创新成果扎根生活场景、融入民生需求。
（人民日报数字传播有限公司张坤整理）","# 践行社会责任  展现使命担当

> 《人民日报》（2026年01月09日第 14 版）

2025企业社会责任论坛会场，参会人员在交流。

2025企业社会责任论坛会场，参会人员在交流。

参会人员在听会。

参会人员在听会。

2025企业社会责任论坛分论坛——新质生产力赋能高质量发展论坛会场。　　以上图片均为本报记者张武军摄

2025企业社会责任论坛分论坛——新质生产力赋能高质量发展论坛会场。

以上图片均为本报记者张武军摄

培育壮大农业新质生产力

陕西农业发展集团有限公司党委副书记  汪小明

陕西农业发展集团聚焦农林牧渔、乡村建设等，构建从农田到餐桌的全产业链条。

立足产业需求，将低效土地改造为高产良田，建成中国杨凌耕地保护与质量提升创新中心，培育的80余个农作物新品种通过审定。

构建“国企牵头+高校支撑+机构协同”创新联合体。联合西北农林科技大学等高校开展技术攻关，牵头完成的“砒砂岩与沙复配成土造田关键技术及工程应用”项目获国家科学技术进步奖二等奖，参与发起设立的陕西首只种业基金落地。

搭建“1+N”创新中试平台体系。依托集团农场、加工园区等场景，推动技术成果迭代优化。通过“揭榜挂帅”“后补助”等机制强化创新激励，培育6名陕西省科技创新领军人才，构建起“首席引领+骨干支撑+全员协同”的良性创新生态。

集团将持续秉承“创新、绿色、融合、效能、智慧、共享”理念，为培育壮大农业新质生产力、推进农业农村现代化贡献更多智慧和力量。

（本报记者任筱霞整理）

全力以赴构建现代化产业体系

陕西西安市发展和改革委员会副主任  杨  治

面对新一轮科技革命和产业变革，陕西西安正以建设具有全国影响力的区域科技创新中心为引领，以推动科技创新和产业创新深度融合为路径，全力以赴构建现代化产业体系。

借助雄厚的科教实力，着力将科教资源的“存量优势”转化为创新发展的“增量动能”。做强创新链，推动重大创新平台与产业需求对接；融合产业链，聚焦重点领域实施“一链一策”；激活人才链，依托“秦创原”平台让科研人员敢创业、能创业。

构建现代化产业体系，实施重点产业链群“强筋健骨”行动。一方面推动传统产业“焕新”，与数字技术深度融合；另一方面加速新兴产业“成势”，打造国家级先进制造业集群。

破解科技与产业融合不够的难题，打造高能级产业创新生态系统，畅通融合转化通道。通过打造以企业为主导的产业创新枢纽，强化金融活水灌溉，并优化软环境，力争以一流的生态孕育和发展一流的企业与产业。

（人民日报数字传播有限公司王钦玉整理）

让生态福祉惠及千家万户

中原环保股份有限公司党委副书记  梁英杰

中原环保致力于建设国际化、绿色化、数字化、现代化的一流环保产业集团，努力让生态福祉惠及千家万户。

绿色发展，做循环经济的赋能者。推动传统污水处理产业升级，公司2座污水处理厂入选全国首批绿色低碳标杆厂。打造“再生水+清洁能源”梯级循环利用，建设郑州东站、龙湖金融岛等再生水供能项目。

创新赋能，做美丽城市的助力者。公司活性焦工艺推动污水处理厂出水达到地表Ⅲ类水体标准，热解气化将污泥转化为可燃气体和建材原料。建设达到地表Ⅲ类水体标准的百万吨级污水处理厂——郑州新区污水处理厂、污泥热解气化项目——郑州新区污泥项目。

担当责任，做美好生活的守护者。公司建设生态环境综合治理项目，助力乡村全面振兴，打造绿色知识进校园、环保志愿服务等公益品牌。

（本报记者贾丰丰整理）

科技赋能产业  产业反哺创新

大唐陕西发电有限公司党委委员、纪委书记  张学政

近年来，大唐陕西发电有限公司自觉服务建设新型能源体系、构建新型电力系统大局，奋力实现企业质的有效提升和量的合理增长，发挥能源电力央企的重要作用。

公司始终坚持“科技赋能产业，产业反哺创新”，将技术突破转化为经济效益和社会效益。一是以技术创新破局，传统产业焕发新生机，聚焦火电低碳转型，通过技术革新让老旧机组“脱胎换骨”。二是以产业需求为导向，新能源产业跑出“加速度”，依托新能源基地建设方向，将技术创新融入新能源项目全生命周期。三是以协同机制为纽带，促进安全环保优化升级，建设大数据集成技术智慧供热管控系统，守护千家万户的温暖。

共建创新平台，共享创新成果，公司将以科技创新和产业创新的深度融合，积极履行能源保供、绿色低碳等社会责任。

（人民日报数字传播有限公司雷坤整理）

深耕绿色能源  创新生态治理

中国华电集团有限公司甘肃分公司党委委员、纪委书记  朱  宇

华电甘肃公司始终将社会责任融入企业发展，在服务国家战略、支持地方发展、保障民生改善中展现央企担当。

创新生态治理。华电甘肃公司以武威腾格里沙漠边缘的九墩滩光伏治沙项目为试点，采用“生态+生产+民生”融合模式，种植耐旱植物147.9万余株，播撒草籽3.6万公斤，治沙1.8万余亩；科学规划节约用地6330亩；项目为当地提供800多个就业岗位，为同类区域能源开发和生态治理提供了借鉴。

公司连续多年举办公众开放日和社会责任月活动，组织80余次志愿服务，持续深化“中国华电  度度关爱”责任品牌。

未来，华电甘肃公司将继续把社会责任融入企业发展，深耕绿色能源，助力乡村全面振兴，热心公益事业，以行动诠释“奉献清洁能源、创造美好生活”的企业使命。

（本报记者贾丰丰整理）

潮流文创影响带动年轻消费群体

浙江卡游动漫有限公司副总裁  卢大振

在IP衍生品领域深耕多年的卡游动漫，与国内外70多个IP开展深度合作，其中国潮IP已占到30多个。中华优秀传统文化正在通过卡牌、文具以及毛绒玩具等潮流产品，影响和带动年轻消费群体。

卡游动漫加快出海步伐。2024年，《卡游三国》与《黑神话：悟空》一起入选中国外文局“2024年度数字文化十大IP”。2025年，中国战机收藏卡亮相法国巴黎航展。目前，卡游动漫已陆续在马来西亚吉隆坡、美国纽约等地推出新品，让全球消费者感受中国文创的“惊喜”。

从产业维度上看，卡游动漫构建了研产供销全产业链，实现从创意到产品、从设计到落地的发展路径。

潮流产品的生命力需要科技和工艺加持，科技和工艺正在成为越来越多中国文创在全球惊艳亮相的底气。

（本报记者贾丰丰整理）

创新让技术更包容、发展成果更共享

睿尔曼智能科技（北京）有限公司创始人、首席执行官  郑随兵

人形机器人的基础能力源于灵巧的仿人双臂和精准耐久的关节，这是睿尔曼的深耕方向。

自2018年成立以来，我们自主研发的一体化关节模组年产能超10万台。依托“硬件+数据+远程作业网络”三大底层能力，通过全链路布局让机器人服务社会愿景加速落地。

其中，“远程劳动力网络”能够沉浸式远程操作系统，支持操作者实时操控异地机器人。例如，甘肃山区青年能居家操控广东深圳工厂的机械臂进行精密组装。

睿尔曼“远程劳动力网络”聚焦中西部，让中西部群众享受具身智能红利，实现劳动力资源跨地区高效配置，助力增收，开辟就业新通道。

未来，我们愿以技术和开放网络为支撑，积累真实场景数据赋能大模型演进，让技术更包容、发展成果更共享。

（本报记者龚文静整理）

推动卫星数据服务千行百业

天津云遥宇航科技有限公司副总经理  黄满义

在全球气候变化背景下，气象数据的精准性与时效性成为保障能源安全、交通畅通及防灾减灾的重要因素。当下，构建以风云卫星为主、商业气象卫星为辅的国产化气象卫星观测体系是保障国家气象安全、支撑高质量发展的紧迫任务。

云遥宇航自2019年成立以来，成功发射47颗商业气象卫星。2024年底开始，在国家气象部门大力支持下，云遥掩星观测数据应用到国家气象数值预报系统，为提高国产气象预报核心技术水平和预报精准度作出积极贡献。

秉持科技为民，推动卫星数据服务千行百业。公司为远洋航运提供气象导航等专业支持，提升航行安全性；云遥风电功率预测产品提升对区域资源环境关键要素的预报精度，助力绿色能源转型。

当前，云遥宇航正加快气象星座建设，打造从部组件到行业应用的完整生态。

（本报记者龚文静整理）

以数字技术拓展文旅产业新路径

陕西数字基地出版企业管理集团有限公司总经理  王奕然

陕西数字基地出版企业管理集团致力于探索数字技术与传统产业的融合创新。

当前，以XR（扩展现实）为代表的数字技术正加速重构文旅产业形态。XR产业基地通过技术升级打造沉浸式体验高地，有望从生产空间转向旅游消费场景，实现“科技+文旅”深度共生。

MR（混合现实）项目通过虚实共生技术，为景区提供可持续的内容更新与用户黏性提升方案。此类产品依托特定场景，将线上互动转化为线下复购动力，为传统景区破解同质化竞争、激活二次消费提供了新思路。

未来，数字技术赋能文旅产业需突破“工具性”局限，向“平台化”“场景化”升级。让技术真正融入产业生态，实现科技创新与产业创新的双向赋能，为消费升级注入持久动能。

（本报记者龚文静整理）

保障能源供应  激活地方经济动能

甘肃莱安能源有限公司副总经理  牛  斌

近年来，甘肃莱安能源有限公司以科技创新与产业创新深度融合为路径，成为兰州新区培育新质生产力、推动民营经济蓬勃发展的生动案例。

莱安能源以“产业需求牵引科创，科创赋能产业升级”破解瓶颈，针对原料运输痛点，投资4.5亿元新建10公里输油管道对接国家管网乌兰线，构建“产输一体化”产业链，在保障能源稳定供应、激活地方经济动能中发挥了重要作用。

莱安能源规划建设每年60万吨废矿物油再生项目，为兰州新区能源产业绿色转型注入新动能。多年来，莱安能源持续开展“莱安爸妈食堂”等公益项目。

未来，莱安能源将与兰州新区同心同行，共同走好“科技引领产业、产业反哺创新”的高质量发展之路。

（本报记者张武军整理）

智能电网赋能智慧城市

国网雄安新区供电公司三级职员（主任师）  赵树军

国网雄安新区供电公司以科技创新培育能源新质生产力，努力打造新型电力系统样板示范。

以智能电网赋能智慧城市。建设110千伏链式自愈网架结构，推动中压网架自动化全覆盖，打造适用于小区、农村、商业等不同场景的低压互联示范。

以一流服务赋能现代化城市。研发低压停电故障智能辅助研判系统，构建用户故障主动感知、应急抢修主动响应、设备治理主动实施的低压主动抢修服务模式，群众用电稳定性增强。

以绿色电网赋能绿色城市。积极开展园区、楼宇能源管理系统建设标准制定，为疏解企业、高校量身定制“零碳园区”“零碳楼宇”等清洁用能解决方案，打造雄安高铁站屋顶光伏项目、城市级智能能源管理系统等。

（本报记者张武军整理）

把科技创新转化为产业增量

陕西科控创业投资基金管理有限责任公司品牌总监  踪卫华

近年来，陕西科控创业投资基金管理有限责任公司通过发挥引导基金功能，出资并培育了包括中科创星、中兴众投等陕西本土创投力量，把科技创新转化为产业增量，让科技创新和产业创新深度融合。

一是推动特色产业做大做强。以产业投资做好航空航天、新能源和新材料等特色产业的引育，以大带强、以强引弱，形成特色支柱产业的集群效应。

二是做好科技金融大文章。陕西科技成果转化引导基金在不同阶段的投资上进行精准布局，已在赋能区域经济社会发展等方面取得一定成绩。

三是持续完善科技成果转化的软硬件平台和科技创新生态链，推动科技成果落地成金。

（本报记者张武军整理）

扎根生活场景  融入民生需求

长沙财通数据科技有限公司首席科学家  曾  锋

数字创新紧扣“便民利民”，方能释放更持久的价值，这也是企业践行社会责任的关键路径。

作为深耕数字技术研发与场景应用的从业者，我们通过“科技+金融+场景”的融合模式，打破数据壁垒，打造出全流程电子化交易平台。未来，我们计划联合人民日报数字传播有限公司，探讨建立人民日报电子阅报栏的生态创新体系，共同构建“权威传播+便民服务”的新生态。在高校、医院、交通枢纽等不同场域提供功能化、场景化、定制化的文化和信息服务，让大屏服务更接地气，进一步提升便民服务利用率、信息触达率，实现“传播有温度、服务有实效”。

从赋能公共资源交易，到融合屏媒生态，我们将通过数字化技术，推动更多数字化创新成果扎根生活场景、融入民生需求。

（人民日报数字传播有限公司张坤整理）",,专题,https://paper.people.com.cn/rmrb/pc/content/202601/09/content_30130848.html,2026-01-09,"['创新', '产业', '赋能', '科技', '能源', '生态', '融合', '构建', '数字', '场景']","2025企业社会责任论坛会场，参会人员在交流。
2025企业社会责任论坛会场，参会人员在交流。
参会人员在听会。",政治
常态化帮扶，新阶段怎么干（新年谈“新”·五位干部群众谈常态化帮扶）,"数据来源：农业农村部
数据来源：农业农村部
中央农村工作会议指出，要统筹建立常态化防止返贫致贫机制，健全常态化帮扶政策体系，接续支持欠发达地区发展，持续巩固拓展脱贫攻坚成果。
“十五五”时期是巩固拓展脱贫攻坚成果同乡村振兴有效衔接过渡期后的第一个五年。2026年是开展常态化帮扶的第一年。本期记者采访5位一线干部群众，请他们谈谈常态化帮扶新阶段的新打算、新谋划，以及如何持续巩固拓展脱贫攻坚成果，继续守牢不发生规模性返贫致贫底线。
——编  者
陕西省吴堡县农业农村局副局长白尧尧
“继续织牢织密‘防贫网’”
本报记者  邓剑洋
“幸亏党的政策好，我们一家才重拾信心、渡过难关，日子越过越好。”谈起近年的生活，陕西省吴堡县宋家川街道慕家崖村村民慕生平充满感激。
2024年，慕生平的糖尿病综合征病情加重，失去劳动能力，全家仅靠妻子一人独撑，生活陷入困境。慕家崖村“两委”与驻村工作队第一时间发现了这一情况。经过核查，慕生平家被认定为监测对象。低保办理、医疗救助、残疾人扶持等一系列帮扶程序迅速启动，把慕生平一家从返贫边缘拉了回来。
2026年是开展常态化帮扶的第一年，如何继续让慕生平这样的家庭不返贫致贫？如何守牢不发生规模性返贫致贫底线？
“要继续织牢织密‘防贫网’。”吴堡县农业农村局副局长白尧尧介绍，县里已建起“常态化排查、精准化监测、差异化帮扶”的防止返贫致贫监测帮扶机制，面向“十五五”，要进一步完善这个机制，通过农户自主申报、镇村干部排查、行业部门数据预警、平台系统数据分析等多种方式精准识别对象，聚焦“六类”重点人群逐户开展入户排查，做到早发现、早干预、早帮扶。
“常态化帮扶，必须坚持精准方略。”白尧尧说，接下来，要以有力有效的开发式帮扶增强帮扶对象发展能力，以健全完备的社会保障体系兜牢民生底线，确保不发生规模性返贫致贫。
“要紧紧抓住产业和就业这两个‘牛鼻子’，增强造血能力，让乡亲们真正富起来。”白尧尧说，县里将推动青梨、手工空心挂面、蚕桑等乡村特色产业提质增效，利用东西部劳务协作、就业帮扶车间、以工代赈项目、乡村公益性岗位等抓手，扎实做好就业帮扶。
“把常态化帮扶纳入乡村振兴战略统筹实施，采取一系列实打实的举措，接续巩固拓展好脱贫攻坚成果。”白尧尧说，“好政策更要落实好，下一步将结合县里‘百名干部进万家’活动，推动干部下沉一线，把各项帮扶政策讲清楚、送上门，通过主动服务、倾听诉求，织好‘连心网’。”
山西省河曲县委书记石光源
“挂上‘作战图’，打好‘精准仗’”
本报记者  常  钦
寒风劲吹，但山西省河曲县楼子营镇柏鹿泉村村民贾永明心里火热。站在自家屋顶，看着光伏板在阳光下闪光，老贾给这几年的日子做了个总结：“从‘怕得要死’到‘心里有底’，多亏了政策帮扶。”
2021年，妻子确诊重病，高昂的医疗费让四口之家险些崩塌。河曲县防返贫监测帮扶机制迅速响应，将老贾家识别为“突发严重困难户”。医保报销、低保兜底、教育资助第一时间跟上，村里还帮他重操运输旧业，2025年贾永明家收入突破12万元。
“2026年，我打算把红葱扩种到15亩，运输生意接着跑，争取收入再上个台阶！”贾永明的信心，在于帮扶政策持续发力和自身努力。
“常态化帮扶新阶段，要挂上‘作战图’，打好‘精准仗’，守牢不发生规模性返贫致贫底线。”河曲县委书记石光源表示，贯彻落实中央农村工作会议精神，要将常态化帮扶纳入乡村振兴战略统筹实施，重点健全常态化防止返贫致贫机制。
石光源介绍，下一步将丰富县级帮扶政策“工具箱”，分类落实精准帮扶措施，对于有劳动能力的，实行开发式帮扶；对于无劳动能力的，继续通过低保、社保等措施保障其基本生活，做到早发现、早干预、早帮扶。
在具体的战术打法上，产业与就业依然是开发式帮扶重头戏。石光源介绍，2026年，河曲将重点做好海红果、红葱、富硒谷子等特色产业文章，推动农产品从“卖原料”向“卖加工品、卖品牌”转变。“我们计划引入更多精深加工项目，做好‘粮头食尾’‘农头工尾’的增值大文章，完善联农带农机制，让农民在产业链的每个环节都能分到收益。”
在就业帮扶方面，技能培训将是重中之重。“‘一技富全家’，我们将深入实施‘雨露计划+’行动，大力培育乡村工匠和特色劳务品牌。”石光源说，2026年，将通过订单式培训，帮助更多群众掌握一技之长。
四川省通江县诺水河镇小骡马村村民李国芝
“用双手拼出更好的明天”
本报记者  顾仲阳
四川省通江县诺水河镇小骡马村，村民李国芝家，竹篾泥巴墙的破瓦房早已不见，一栋白墙黛瓦的两层小楼，见证着一家人的生活变迁。
“以前的日子，那叫一个苦啊！”回想当年，家里全靠李国芝一个劳动力苦撑。“一定要努力，用双手拼出更好的明天。”李国芝痛下决心，在堂屋泥巴墙上，写下“宁愿苦战，不愿苦熬”8个大字。
凭着这股精气神，李国芝用产业扶贫资金和扶贫小额信贷养牛羊、种花椒，早出晚归，一锄头一锄头地挖出一条700米长的农产品运输下山路。产业增收，易地搬迁，李国芝顺利摘掉穷帽。
脱贫后，李国芝奔向好日子的脚步更加坚实有力。他修建生产用房，扩大种养规模，“2025年，全家收入10多万元，比5年前翻了一番还不止。”李国芝说。
2026年过渡期结束，进入常态化帮扶新阶段。“党的政策真是好，从脱贫攻坚到过渡期，帮扶不减力，进入新阶段，我要更努力，扔掉‘拐棍’，把好日子攥在手心里。”新的一年，李国芝有着清晰的规划——再流转几亩地多试种些中药材，再多养几头猪，还要扩建羊圈，引进优质种羊，扩大养羊规模。
对于扩大养殖规模，李国芝很有信心。2025年4月，一场猪瘟突如其来，他利用之前培训学到的知识，同时请教专家，严格落实各项防控措施，成功遏制了猪瘟蔓延。这次历练让他信心更足：“最近又买了3头猪仔，到年底又是一笔可观的收入。”
新的一年，李国芝还有一个愿望，“带动更多乡亲，让大家都把日子过红火。”
“常态化帮扶后，更要像李国芝那样激发内生动力，要更好发挥他这样的能人作用，带动防止返贫致贫帮扶对象一起发展。”小骡马村村支书李红梅介绍，这些年，李国芝不仅靠苦干实干过上了好日子，还毫无保留地将种养技术传授给邻居。在他的示范带动下，周边10余户村民都发展起牛羊养殖和青花椒种植，铆足劲把日子过好。
云南省鲁甸县景新社区党总支副书记信才非
“全力帮搬迁群众把日子过好”
本报记者  郁静娴
1月6日，云南省鲁甸县雨露社区，清晨的阳光洒进一栋栋住宅楼。临街小吃店的香气，唤醒热气腾腾的一天。
30岁的信才非坐着电梯匆匆下楼。当天是隔壁景新社区新年第一次研判会，另外还有几家监测户要走访。2026年是常态化帮扶第一年，作为易地搬迁社区工作人员，信才非有不少事要忙。
2020年3月，信才非随家人从巧家县崇溪镇共和村搬到这里，就此扎下根。搬出大山，彻底改变了他的人生轨迹。
卯家湾是全国跨县安置脱贫人口最多的安置区，社区工作千头万绪。从志愿者到景新社区委员、居务监督委员会主任再到社区党总支副书记，曾是帮扶对象的信才非，日渐成长为点亮别人的光。
信才非介绍，依托社区“红黄绿”精细化管理服务模式，搬迁群众在就业、就医、就学、生活等方面的困难，可以第一时间反映给社区工作人员，社区则根据风险程度对监测户进行分类和情况跟踪。
“安置区特殊困难群体较多，我们定期开展常态化排查和风险研判，确保识别及时、纳入精准。”信才非说，“新的一年，我们社区还将继续落实好高中风险走访制度，特别是对于重病患者、孤寡老人等，专门安排了微网格长日常随访，帮他们解决具体困难。”
“鲁甸城区幼儿园招聘保安”“砚池街道招聘养老护理员10人”“浙江舟山一家食品厂招聘分拣加工人员”……信才非所在的楼栋网格管理群里，不时跳动着各类招工信息。
“现在想打工不用‘路边蹲活’，我们县里有零工市场，找活方便，招聘信息也会随时推送给居民，2025年还组织了十几场招聘会。”信才非说。安置区周边还建设了“2园4基地”，吸纳社区劳动力就近就业，不便外出的老人、妇女等群体在家门口也能增收。
过几天，社区将开展农村劳动力就业百日攻坚行动。信才非说，近期将对返乡劳动力进行技能培训，有序组织转移就业，帮助一些困难群体申报公益性岗位，“大家都很勤劳，我们全力帮搬迁群众把日子过好。”
江西省新余市渝水区良山镇黄虎村村支书龚斌
“乡亲们的‘幸福饭碗’越端越稳”
本报记者  李晓晴
走进江西省新余市渝水区良山镇黄虎村，一座浅棕外墙、古色古香的美术馆在冬日下泛着淡金色，游客驻足观赏一幅幅和美乡村美术作品，研学学生们围着木桌作画。
“黄虎村建村800多年，历史文化底蕴深厚。”土生土长的村党支部书记龚斌，自2021年返乡任职以来，便发力以文化赋能激活古村资源。2025年，全村接待游客量超20万人次，获评市级乡村旅游重点村，村产业园带动130余名村民在家门口就业增收。
常态化帮扶怎么干？“首先要健全常态化监测体系，健全村干部包片排查、跨部门大数据推送等发现机制，入户张贴政策明白纸、完善农户自主申报等方式，做到有问题早发现、有困难早解决。”龚斌说。
龚斌深知，让乡亲们过上好日子，离不开坚实的产业支撑。“我们正在市政府协助下做2026至2028三产融合建设发展方案，让乡亲们的‘幸福饭碗’越端越稳。”龚斌说，今年村里要进一步发挥资源优势，积极争取项目，再打造几个景点，完善配套设施，提升游览体验，扶持农家乐和民宿规范化发展。
村里的养蜂产业已有一定基础，为进一步做强，龚斌打算带领村里走品牌强农之路。“我们正在申请黄虎村土蜂蜜（中华蜂）销售地的地理标志，申请下来后，对蜂蜜的销路会有很大帮助。”龚斌说。
延长产业链，提升附加值，强化联农带农。“2025年5月，我们与企业签订辣椒订单合同，集中连片流转300亩土地发展规模化辣椒种植，当年便实现产值270万元。今年我们将升级村产业园基础设施，协助企业提升深加工能力，带动更多乡亲稳定增收。”龚斌说。
强化就业帮扶。“村产业园已引入2家企业，要支持他们进一步做大。与此同时，要进一步优化公益性岗位，稳住村民务工收入。”龚斌说，对于没有劳动能力的乡亲，要纳入社会救助体系，通过低保等政策举措兜底保障他们的基本生活。","# 常态化帮扶，新阶段怎么干（新年谈“新”·五位干部群众谈常态化帮扶）

> 《人民日报》（2026年01月09日第 18 版）

数据来源：农业农村部

数据来源：农业农村部

中央农村工作会议指出，要统筹建立常态化防止返贫致贫机制，健全常态化帮扶政策体系，接续支持欠发达地区发展，持续巩固拓展脱贫攻坚成果。

“十五五”时期是巩固拓展脱贫攻坚成果同乡村振兴有效衔接过渡期后的第一个五年。2026年是开展常态化帮扶的第一年。本期记者采访5位一线干部群众，请他们谈谈常态化帮扶新阶段的新打算、新谋划，以及如何持续巩固拓展脱贫攻坚成果，继续守牢不发生规模性返贫致贫底线。

——编  者

陕西省吴堡县农业农村局副局长白尧尧

“继续织牢织密‘防贫网’”

本报记者  邓剑洋

“幸亏党的政策好，我们一家才重拾信心、渡过难关，日子越过越好。”谈起近年的生活，陕西省吴堡县宋家川街道慕家崖村村民慕生平充满感激。

2024年，慕生平的糖尿病综合征病情加重，失去劳动能力，全家仅靠妻子一人独撑，生活陷入困境。慕家崖村“两委”与驻村工作队第一时间发现了这一情况。经过核查，慕生平家被认定为监测对象。低保办理、医疗救助、残疾人扶持等一系列帮扶程序迅速启动，把慕生平一家从返贫边缘拉了回来。

2026年是开展常态化帮扶的第一年，如何继续让慕生平这样的家庭不返贫致贫？如何守牢不发生规模性返贫致贫底线？

“要继续织牢织密‘防贫网’。”吴堡县农业农村局副局长白尧尧介绍，县里已建起“常态化排查、精准化监测、差异化帮扶”的防止返贫致贫监测帮扶机制，面向“十五五”，要进一步完善这个机制，通过农户自主申报、镇村干部排查、行业部门数据预警、平台系统数据分析等多种方式精准识别对象，聚焦“六类”重点人群逐户开展入户排查，做到早发现、早干预、早帮扶。

“常态化帮扶，必须坚持精准方略。”白尧尧说，接下来，要以有力有效的开发式帮扶增强帮扶对象发展能力，以健全完备的社会保障体系兜牢民生底线，确保不发生规模性返贫致贫。

“要紧紧抓住产业和就业这两个‘牛鼻子’，增强造血能力，让乡亲们真正富起来。”白尧尧说，县里将推动青梨、手工空心挂面、蚕桑等乡村特色产业提质增效，利用东西部劳务协作、就业帮扶车间、以工代赈项目、乡村公益性岗位等抓手，扎实做好就业帮扶。

“把常态化帮扶纳入乡村振兴战略统筹实施，采取一系列实打实的举措，接续巩固拓展好脱贫攻坚成果。”白尧尧说，“好政策更要落实好，下一步将结合县里‘百名干部进万家’活动，推动干部下沉一线，把各项帮扶政策讲清楚、送上门，通过主动服务、倾听诉求，织好‘连心网’。”

山西省河曲县委书记石光源

“挂上‘作战图’，打好‘精准仗’”

本报记者  常  钦

寒风劲吹，但山西省河曲县楼子营镇柏鹿泉村村民贾永明心里火热。站在自家屋顶，看着光伏板在阳光下闪光，老贾给这几年的日子做了个总结：“从‘怕得要死’到‘心里有底’，多亏了政策帮扶。”

2021年，妻子确诊重病，高昂的医疗费让四口之家险些崩塌。河曲县防返贫监测帮扶机制迅速响应，将老贾家识别为“突发严重困难户”。医保报销、低保兜底、教育资助第一时间跟上，村里还帮他重操运输旧业，2025年贾永明家收入突破12万元。

“2026年，我打算把红葱扩种到15亩，运输生意接着跑，争取收入再上个台阶！”贾永明的信心，在于帮扶政策持续发力和自身努力。

“常态化帮扶新阶段，要挂上‘作战图’，打好‘精准仗’，守牢不发生规模性返贫致贫底线。”河曲县委书记石光源表示，贯彻落实中央农村工作会议精神，要将常态化帮扶纳入乡村振兴战略统筹实施，重点健全常态化防止返贫致贫机制。

石光源介绍，下一步将丰富县级帮扶政策“工具箱”，分类落实精准帮扶措施，对于有劳动能力的，实行开发式帮扶；对于无劳动能力的，继续通过低保、社保等措施保障其基本生活，做到早发现、早干预、早帮扶。

在具体的战术打法上，产业与就业依然是开发式帮扶重头戏。石光源介绍，2026年，河曲将重点做好海红果、红葱、富硒谷子等特色产业文章，推动农产品从“卖原料”向“卖加工品、卖品牌”转变。“我们计划引入更多精深加工项目，做好‘粮头食尾’‘农头工尾’的增值大文章，完善联农带农机制，让农民在产业链的每个环节都能分到收益。”

在就业帮扶方面，技能培训将是重中之重。“‘一技富全家’，我们将深入实施‘雨露计划+’行动，大力培育乡村工匠和特色劳务品牌。”石光源说，2026年，将通过订单式培训，帮助更多群众掌握一技之长。

四川省通江县诺水河镇小骡马村村民李国芝

“用双手拼出更好的明天”

本报记者  顾仲阳

四川省通江县诺水河镇小骡马村，村民李国芝家，竹篾泥巴墙的破瓦房早已不见，一栋白墙黛瓦的两层小楼，见证着一家人的生活变迁。

“以前的日子，那叫一个苦啊！”回想当年，家里全靠李国芝一个劳动力苦撑。“一定要努力，用双手拼出更好的明天。”李国芝痛下决心，在堂屋泥巴墙上，写下“宁愿苦战，不愿苦熬”8个大字。

凭着这股精气神，李国芝用产业扶贫资金和扶贫小额信贷养牛羊、种花椒，早出晚归，一锄头一锄头地挖出一条700米长的农产品运输下山路。产业增收，易地搬迁，李国芝顺利摘掉穷帽。

脱贫后，李国芝奔向好日子的脚步更加坚实有力。他修建生产用房，扩大种养规模，“2025年，全家收入10多万元，比5年前翻了一番还不止。”李国芝说。

2026年过渡期结束，进入常态化帮扶新阶段。“党的政策真是好，从脱贫攻坚到过渡期，帮扶不减力，进入新阶段，我要更努力，扔掉‘拐棍’，把好日子攥在手心里。”新的一年，李国芝有着清晰的规划——再流转几亩地多试种些中药材，再多养几头猪，还要扩建羊圈，引进优质种羊，扩大养羊规模。

对于扩大养殖规模，李国芝很有信心。2025年4月，一场猪瘟突如其来，他利用之前培训学到的知识，同时请教专家，严格落实各项防控措施，成功遏制了猪瘟蔓延。这次历练让他信心更足：“最近又买了3头猪仔，到年底又是一笔可观的收入。”

新的一年，李国芝还有一个愿望，“带动更多乡亲，让大家都把日子过红火。”

“常态化帮扶后，更要像李国芝那样激发内生动力，要更好发挥他这样的能人作用，带动防止返贫致贫帮扶对象一起发展。”小骡马村村支书李红梅介绍，这些年，李国芝不仅靠苦干实干过上了好日子，还毫无保留地将种养技术传授给邻居。在他的示范带动下，周边10余户村民都发展起牛羊养殖和青花椒种植，铆足劲把日子过好。

云南省鲁甸县景新社区党总支副书记信才非

“全力帮搬迁群众把日子过好”

本报记者  郁静娴

1月6日，云南省鲁甸县雨露社区，清晨的阳光洒进一栋栋住宅楼。临街小吃店的香气，唤醒热气腾腾的一天。

30岁的信才非坐着电梯匆匆下楼。当天是隔壁景新社区新年第一次研判会，另外还有几家监测户要走访。2026年是常态化帮扶第一年，作为易地搬迁社区工作人员，信才非有不少事要忙。

2020年3月，信才非随家人从巧家县崇溪镇共和村搬到这里，就此扎下根。搬出大山，彻底改变了他的人生轨迹。

卯家湾是全国跨县安置脱贫人口最多的安置区，社区工作千头万绪。从志愿者到景新社区委员、居务监督委员会主任再到社区党总支副书记，曾是帮扶对象的信才非，日渐成长为点亮别人的光。

信才非介绍，依托社区“红黄绿”精细化管理服务模式，搬迁群众在就业、就医、就学、生活等方面的困难，可以第一时间反映给社区工作人员，社区则根据风险程度对监测户进行分类和情况跟踪。

“安置区特殊困难群体较多，我们定期开展常态化排查和风险研判，确保识别及时、纳入精准。”信才非说，“新的一年，我们社区还将继续落实好高中风险走访制度，特别是对于重病患者、孤寡老人等，专门安排了微网格长日常随访，帮他们解决具体困难。”

“鲁甸城区幼儿园招聘保安”“砚池街道招聘养老护理员10人”“浙江舟山一家食品厂招聘分拣加工人员”……信才非所在的楼栋网格管理群里，不时跳动着各类招工信息。

“现在想打工不用‘路边蹲活’，我们县里有零工市场，找活方便，招聘信息也会随时推送给居民，2025年还组织了十几场招聘会。”信才非说。安置区周边还建设了“2园4基地”，吸纳社区劳动力就近就业，不便外出的老人、妇女等群体在家门口也能增收。

过几天，社区将开展农村劳动力就业百日攻坚行动。信才非说，近期将对返乡劳动力进行技能培训，有序组织转移就业，帮助一些困难群体申报公益性岗位，“大家都很勤劳，我们全力帮搬迁群众把日子过好。”

江西省新余市渝水区良山镇黄虎村村支书龚斌

“乡亲们的‘幸福饭碗’越端越稳”

本报记者  李晓晴

走进江西省新余市渝水区良山镇黄虎村，一座浅棕外墙、古色古香的美术馆在冬日下泛着淡金色，游客驻足观赏一幅幅和美乡村美术作品，研学学生们围着木桌作画。

“黄虎村建村800多年，历史文化底蕴深厚。”土生土长的村党支部书记龚斌，自2021年返乡任职以来，便发力以文化赋能激活古村资源。2025年，全村接待游客量超20万人次，获评市级乡村旅游重点村，村产业园带动130余名村民在家门口就业增收。

常态化帮扶怎么干？“首先要健全常态化监测体系，健全村干部包片排查、跨部门大数据推送等发现机制，入户张贴政策明白纸、完善农户自主申报等方式，做到有问题早发现、有困难早解决。”龚斌说。

龚斌深知，让乡亲们过上好日子，离不开坚实的产业支撑。“我们正在市政府协助下做2026至2028三产融合建设发展方案，让乡亲们的‘幸福饭碗’越端越稳。”龚斌说，今年村里要进一步发挥资源优势，积极争取项目，再打造几个景点，完善配套设施，提升游览体验，扶持农家乐和民宿规范化发展。

村里的养蜂产业已有一定基础，为进一步做强，龚斌打算带领村里走品牌强农之路。“我们正在申请黄虎村土蜂蜜（中华蜂）销售地的地理标志，申请下来后，对蜂蜜的销路会有很大帮助。”龚斌说。

延长产业链，提升附加值，强化联农带农。“2025年5月，我们与企业签订辣椒订单合同，集中连片流转300亩土地发展规模化辣椒种植，当年便实现产值270万元。今年我们将升级村产业园基础设施，协助企业提升深加工能力，带动更多乡亲稳定增收。”龚斌说。

强化就业帮扶。“村产业园已引入2家企业，要支持他们进一步做大。与此同时，要进一步优化公益性岗位，稳住村民务工收入。”龚斌说，对于没有劳动能力的乡亲，要纳入社会救助体系，通过低保等政策举措兜底保障他们的基本生活。",,新农村,https://paper.people.com.cn/rmrb/pc/content/202601/09/content_30130865.html,2026-01-09,"['帮扶', '常态', '返贫', '李国芝', '信才', '致贫', '龚斌', '社区', '2026', '脱贫']","数据来源：农业农村部
数据来源：农业农村部
中央农村工作会议指出，要统筹建立常态化防止返贫致贫机制，健全常态化帮扶政策体系，接续支持欠发达地区发展，持续巩固拓展脱贫攻坚成果。",政治
长久守牢不发生规模性返贫致贫底线,"迎着新年的曙光，山乡大地处处涌动蓬勃的希望。昔日的脱贫地区，从田畴到车间，特色产业持续壮大，就业渠道更加丰富，人们发展劲头更足。与5年前相比，脱贫地区各方面条件都有了大幅提升，发展活力和后劲显著增强。
“十五五”时期，是过渡期结束转向常态化帮扶的新阶段。近日，习近平总书记对做好“三农”工作作出重要指示，强调“要持续巩固拓展脱贫攻坚成果，把常态化帮扶纳入乡村振兴战略统筹实施，守牢不发生规模性返贫致贫底线”。
新征程新起点，为何我们仍要强调这条“底线”？客观上，疾病、突发事故、自然灾害等各类因素，仍然会对部分群体甚至局部区域带来返贫致贫风险。“全面建成小康社会，一个也不能少；共同富裕路上，一个也不能掉队”，从脱贫攻坚一路走来，一以贯之的政策导向，深蕴我们党接续奋斗的不懈追求。这项底线性任务，锚定的不只是今年或今后5年，而是整个乡村振兴时期。
进入常态化帮扶新阶段，持续巩固拓展脱贫攻坚成果怎么干？
坚持“大稳定、小调整”，政策要充分体现延续性。刚刚过去的5年过渡期，不仅让脱贫基础更加稳固、成效更可持续，而且也形成了一整套有力有效的政策体系，这些政策以及贯穿其中的精准理念，正是我们持续筑牢防贫堤坝的“法宝”。
新阶段，仍要保持财政投入、金融支持、资源要素配置等方面政策总体稳定。坚持五级书记一起抓，继续实行东西部协作和中央单位定点帮扶等一系列行之有效的做法，并根据实际适当优化调整，着力提高帮扶效能。
强化开发式帮扶激发内生动力，这是重中之重。之前的过渡期里，不少地方将苗种成活率、畜禽验收重量等细化指标作为产业帮扶补助要求，倡导“多干多补、少干少补”，还有的地方鼓励监测户抱团发展，通过组建合作社等主体融入市场竞争，这些做法切实激发了脱贫群众的内生动力。新阶段，要紧紧抓住产业和就业这两个增收的主要动力源，通过技能培训、技术指导等方式，引导更多脱贫群众依靠自己的双手勤劳致富。
要分层分类帮扶欠发达地区。作为防止返贫致贫工作的主阵地，欠发达地区的经济社会发展水平，是巩固拓展脱贫攻坚成果的根基。同时也要认识到，一个地区的发展受制于区位、资源等原始禀赋和市场规律，有其成长周期，在这方面仍需保持历史耐心、久久为功。一方面，要继续给予适当的政策倾斜和差异化扶持，增强基础设施、公共服务的均衡性和可及性；另一方面，这些地区也要充分发挥区域发展战略叠加效应，抓住机遇、选准赛道，加快培育新的经济增长点，提升发展能力。
“脱贫的兜底必须是固若金汤的，绝对不能出现规模性返贫致贫。关键要把这些事做实，持续下去。”慎终如始、全力以赴，以更有力的举措、汇聚更强大的力量，我们定将长久守牢不发生规模性返贫致贫底线，让脱贫成果经得起历史检验。","# 长久守牢不发生规模性返贫致贫底线

> 有  鱼《人民日报》（2026年01月09日第 18 版）

迎着新年的曙光，山乡大地处处涌动蓬勃的希望。昔日的脱贫地区，从田畴到车间，特色产业持续壮大，就业渠道更加丰富，人们发展劲头更足。与5年前相比，脱贫地区各方面条件都有了大幅提升，发展活力和后劲显著增强。

“十五五”时期，是过渡期结束转向常态化帮扶的新阶段。近日，习近平总书记对做好“三农”工作作出重要指示，强调“要持续巩固拓展脱贫攻坚成果，把常态化帮扶纳入乡村振兴战略统筹实施，守牢不发生规模性返贫致贫底线”。

新征程新起点，为何我们仍要强调这条“底线”？客观上，疾病、突发事故、自然灾害等各类因素，仍然会对部分群体甚至局部区域带来返贫致贫风险。“全面建成小康社会，一个也不能少；共同富裕路上，一个也不能掉队”，从脱贫攻坚一路走来，一以贯之的政策导向，深蕴我们党接续奋斗的不懈追求。这项底线性任务，锚定的不只是今年或今后5年，而是整个乡村振兴时期。

进入常态化帮扶新阶段，持续巩固拓展脱贫攻坚成果怎么干？

坚持“大稳定、小调整”，政策要充分体现延续性。刚刚过去的5年过渡期，不仅让脱贫基础更加稳固、成效更可持续，而且也形成了一整套有力有效的政策体系，这些政策以及贯穿其中的精准理念，正是我们持续筑牢防贫堤坝的“法宝”。

新阶段，仍要保持财政投入、金融支持、资源要素配置等方面政策总体稳定。坚持五级书记一起抓，继续实行东西部协作和中央单位定点帮扶等一系列行之有效的做法，并根据实际适当优化调整，着力提高帮扶效能。

强化开发式帮扶激发内生动力，这是重中之重。之前的过渡期里，不少地方将苗种成活率、畜禽验收重量等细化指标作为产业帮扶补助要求，倡导“多干多补、少干少补”，还有的地方鼓励监测户抱团发展，通过组建合作社等主体融入市场竞争，这些做法切实激发了脱贫群众的内生动力。新阶段，要紧紧抓住产业和就业这两个增收的主要动力源，通过技能培训、技术指导等方式，引导更多脱贫群众依靠自己的双手勤劳致富。

要分层分类帮扶欠发达地区。作为防止返贫致贫工作的主阵地，欠发达地区的经济社会发展水平，是巩固拓展脱贫攻坚成果的根基。同时也要认识到，一个地区的发展受制于区位、资源等原始禀赋和市场规律，有其成长周期，在这方面仍需保持历史耐心、久久为功。一方面，要继续给予适当的政策倾斜和差异化扶持，增强基础设施、公共服务的均衡性和可及性；另一方面，这些地区也要充分发挥区域发展战略叠加效应，抓住机遇、选准赛道，加快培育新的经济增长点，提升发展能力。

“脱贫的兜底必须是固若金汤的，绝对不能出现规模性返贫致贫。关键要把这些事做实，持续下去。”慎终如始、全力以赴，以更有力的举措、汇聚更强大的力量，我们定将长久守牢不发生规模性返贫致贫底线，让脱贫成果经得起历史检验。",有  鱼,新农村,https://paper.people.com.cn/rmrb/pc/content/202601/09/content_30130866.html,2026-01-09,"['脱贫', '返贫', '致贫', '帮扶', '规模性', '攻坚', '守牢', '底线', '持续', '过渡期']","迎着新年的曙光，山乡大地处处涌动蓬勃的希望。昔日的脱贫地区，从田畴到车间，特色产业持续壮大，就业渠道更加丰富，人们发展劲头更足。与5年前相比，脱贫地区各方面条件都有了大幅提升，发展活力和后劲显著增强。
“十五五”时期，是过渡期结束转向常态化帮扶的新阶段。近日，习近平总书记对做好“三农”工作作出重要指示，强调“要持续巩固拓展脱贫攻坚成果，把常态化帮扶纳入乡村振兴战略统筹实施，守牢不发生规模性返贫致贫底线”。
新征程新起点，为何我们仍要强调这条“底线”？客观上，疾病、突发事故、自然灾害等各类因素，仍然会对部分群体甚至局部区域带来返贫致贫风险。“全面建成小康社会，一个也不能少；共同富裕路上，一个也不能掉队”，从脱贫攻坚一路走来，一以贯之的政策导向，深蕴我们党接续奋斗的不懈追求。这项底线性任务，锚定的不只是今年或今后5年，而是整个乡村振兴时期。",政治
持续提高全民健康水平,"“适老化改造给老年人带来方便，育儿家庭每月多了300元补贴。”习近平主席在二〇二六年新年贺词中提到健康中国建设的最新进展，令人鼓舞，温暖人心。
每个月领到300元育儿补贴，减轻育儿负担；依托人工智能技术，实现对茶农常见疾病的高效筛查和诊断；长期护理保险制度推行，失能人员得到优质普惠的照护服务……各地区各部门在促进人口高质量发展、保障居民健康方面继续进行有益探索，在建设健康中国的道路上稳步前行。
健康是促进人的全面发展的必然要求，是经济社会发展的基础条件，也是广大人民群众的共同追求。党和国家历来高度重视人民健康，采取一系列政策措施促进全民健康。“十四五”以来，我国以较低的投入，建成了世界上规模最大的医疗服务体系、疾病预防控制体系、医疗保障体系。到2024年底，我国居民的人均预期寿命已经达到79岁，主要健康指标居于中高收入国家前列。这些亮眼的成绩为“十五五”开局起步打下了坚实的健康基础。
《“健康中国2030”规划纲要》提出，到2030年，促进全民健康的制度体系更加完善，健康领域发展更加协调，健康生活方式得到普及，健康服务质量和健康保障水平不断提高，健康产业繁荣发展，基本实现健康公平，主要健康指标进入高收入国家行列。要清醒地看到，与这个战略目标相比，当前医疗卫生服务发展还存在不平衡、不充分的问题，一部分居民的健康素养水平还不够高，一些慢性病仍旧高发。
“十五五”时期是实现“健康中国2030”战略目标的最后五年。时间紧，任务重，要瞄准战略目标，撸起袖子加油干，持续提高全民健康水平。
实施健康优先发展战略，把健康融入所有政策。新时代党的卫生与健康工作方针提出，“把健康融入所有政策”。这要求各地区各部门将促进健康作为经济社会发展优先目标，将人均预期寿命等健康指标作为绩效考核的重要内容，将健康教育纳入国民教育体系，努力形成有利于健康的生产生活方式。此外，还要加大对卫生健康领域的投入。公立医院运营、传染病防控、大病群众兜底保障、公共卫生体系维护、创新药品和医疗器械研发等，都需要大量资金的投入。虽然公共财政资金涉及领域繁多，用钱的地方不少，但健康是无价的，在健康领域的投资是“投资于人”的重要体现，其回报也将是无法估量的。
坚持以健康为中心，让群众少得病、更健康。各级政府要贯彻“预防为主”的理念，大力开展健康中国行动和爱国卫生运动，加强健康知识宣传宣介，逐步提升居民健康素养，让健康科学知识、科普知识“飞入寻常百姓家”。医疗机构要从“以治病为中心”向“以健康为中心”转变，更加重视“治未病”和健康管理，鼓励医务人员多参与健康科普。
持续优化健康服务，让群众少得重病、能康复。充分发挥国家医学中心的功能，聚焦心脑血管疾病、癌症、罕见病等重大疾病，开展科研攻关，提升诊疗能力。持续深化医改，通过建设国家区域医疗中心、紧密型县域医共体和城市医联体，提升区域和基层诊疗能力，实现“大病不出省，一般病在市县解决，日常疾病在基层解决”。此外，要加大创新药和高端医疗器械的研发力度，让群众从技术创新中获得新的健康动力。
站在新一个五年的起点，坚持以人民为中心的发展思想，坚持把人民群众生命安全和身体健康放在第一位，我们一定能更广泛凝聚全社会维护人民生命健康力量，为确保基本实现社会主义现代化取得决定性进展注入强大动力。","# 持续提高全民健康水平

> 申少铁《人民日报》（2026年01月09日第 19 版）

“适老化改造给老年人带来方便，育儿家庭每月多了300元补贴。”习近平主席在二〇二六年新年贺词中提到健康中国建设的最新进展，令人鼓舞，温暖人心。

每个月领到300元育儿补贴，减轻育儿负担；依托人工智能技术，实现对茶农常见疾病的高效筛查和诊断；长期护理保险制度推行，失能人员得到优质普惠的照护服务……各地区各部门在促进人口高质量发展、保障居民健康方面继续进行有益探索，在建设健康中国的道路上稳步前行。

健康是促进人的全面发展的必然要求，是经济社会发展的基础条件，也是广大人民群众的共同追求。党和国家历来高度重视人民健康，采取一系列政策措施促进全民健康。“十四五”以来，我国以较低的投入，建成了世界上规模最大的医疗服务体系、疾病预防控制体系、医疗保障体系。到2024年底，我国居民的人均预期寿命已经达到79岁，主要健康指标居于中高收入国家前列。这些亮眼的成绩为“十五五”开局起步打下了坚实的健康基础。

《“健康中国2030”规划纲要》提出，到2030年，促进全民健康的制度体系更加完善，健康领域发展更加协调，健康生活方式得到普及，健康服务质量和健康保障水平不断提高，健康产业繁荣发展，基本实现健康公平，主要健康指标进入高收入国家行列。要清醒地看到，与这个战略目标相比，当前医疗卫生服务发展还存在不平衡、不充分的问题，一部分居民的健康素养水平还不够高，一些慢性病仍旧高发。

“十五五”时期是实现“健康中国2030”战略目标的最后五年。时间紧，任务重，要瞄准战略目标，撸起袖子加油干，持续提高全民健康水平。

实施健康优先发展战略，把健康融入所有政策。新时代党的卫生与健康工作方针提出，“把健康融入所有政策”。这要求各地区各部门将促进健康作为经济社会发展优先目标，将人均预期寿命等健康指标作为绩效考核的重要内容，将健康教育纳入国民教育体系，努力形成有利于健康的生产生活方式。此外，还要加大对卫生健康领域的投入。公立医院运营、传染病防控、大病群众兜底保障、公共卫生体系维护、创新药品和医疗器械研发等，都需要大量资金的投入。虽然公共财政资金涉及领域繁多，用钱的地方不少，但健康是无价的，在健康领域的投资是“投资于人”的重要体现，其回报也将是无法估量的。

坚持以健康为中心，让群众少得病、更健康。各级政府要贯彻“预防为主”的理念，大力开展健康中国行动和爱国卫生运动，加强健康知识宣传宣介，逐步提升居民健康素养，让健康科学知识、科普知识“飞入寻常百姓家”。医疗机构要从“以治病为中心”向“以健康为中心”转变，更加重视“治未病”和健康管理，鼓励医务人员多参与健康科普。

持续优化健康服务，让群众少得重病、能康复。充分发挥国家医学中心的功能，聚焦心脑血管疾病、癌症、罕见病等重大疾病，开展科研攻关，提升诊疗能力。持续深化医改，通过建设国家区域医疗中心、紧密型县域医共体和城市医联体，提升区域和基层诊疗能力，实现“大病不出省，一般病在市县解决，日常疾病在基层解决”。此外，要加大创新药和高端医疗器械的研发力度，让群众从技术创新中获得新的健康动力。

站在新一个五年的起点，坚持以人民为中心的发展思想，坚持把人民群众生命安全和身体健康放在第一位，我们一定能更广泛凝聚全社会维护人民生命健康力量，为确保基本实现社会主义现代化取得决定性进展注入强大动力。",申少铁,健康,https://paper.people.com.cn/rmrb/pc/content/202601/09/content_30130869.html,2026-01-09,"['健康', '群众', '2030', '全民', '育儿', '体系', '发展', '促进', '战略目标', '人民']","“适老化改造给老年人带来方便，育儿家庭每月多了300元补贴。”习近平主席在二〇二六年新年贺词中提到健康中国建设的最新进展，令人鼓舞，温暖人心。
每个月领到300元育儿补贴，减轻育儿负担；依托人工智能技术，实现对茶农常见疾病的高效筛查和诊断；长期护理保险制度推行，失能人员得到优质普惠的照护服务……各地区各部门在促进人口高质量发展、保障居民健康方面继续进行有益探索，在建设健康中国的道路上稳步前行。
健康是促进人的全面发展的必然要求，是经济社会发展的基础条件，也是广大人民群众的共同追求。党和国家历来高度重视人民健康，采取一系列政策措施促进全民健康。“十四五”以来，我国以较低的投入，建成了世界上规模最大的医疗服务体系、疾病预防控制体系、医疗保障体系。到2024年底，我国居民的人均预期寿命已经达到79岁，主要健康指标居于中高收入国家前列。这些亮眼的成绩为“十五五”开局起步打下了坚实的健康基础。",政治
心之所系，行之所至（今日谈）,"1月9日，国家医保局会同财政部发布通知，将职工基本医疗保险个人账户共济范围从省内拓展至全国。“十五五”开局起步之际，这一打破地域限制的改革措施，顺应时代发展新趋势，符合人民生活新需求，富有启示意义。
政策制定，发力在准。什么是好事实事，要从群众切身需要来考量。将职工医保个人账户里的资金转化为“家庭健康金”，育儿家庭每孩每月能领300元补贴，适老化改造给老年人带来方便……保障和改善民生，就要坚持老百姓关心什么、期盼什么，改革就抓住什么、推进什么。
关键小事，办好在稳。群众关键小事就是我们的头等大事，要把好事办好、实事办实、难事办妥。从开展省内共济，到试点跨省共济，再到扩围至全国，职工医保个人账户共济改革证明，只有从实际出发，按规律办事，把握速度和节奏，才能稳中求进，行稳致远。
心之所系，行之所至。以改革为笔、实干为墨，民生福祉的持续提升，将书写群众幸福生活的新篇章。","# 心之所系，行之所至（今日谈）

> 孙秀艳《人民日报》（2026年01月10日第 01 版）

1月9日，国家医保局会同财政部发布通知，将职工基本医疗保险个人账户共济范围从省内拓展至全国。“十五五”开局起步之际，这一打破地域限制的改革措施，顺应时代发展新趋势，符合人民生活新需求，富有启示意义。

政策制定，发力在准。什么是好事实事，要从群众切身需要来考量。将职工医保个人账户里的资金转化为“家庭健康金”，育儿家庭每孩每月能领300元补贴，适老化改造给老年人带来方便……保障和改善民生，就要坚持老百姓关心什么、期盼什么，改革就抓住什么、推进什么。

关键小事，办好在稳。群众关键小事就是我们的头等大事，要把好事办好、实事办实、难事办妥。从开展省内共济，到试点跨省共济，再到扩围至全国，职工医保个人账户共济改革证明，只有从实际出发，按规律办事，把握速度和节奏，才能稳中求进，行稳致远。

心之所系，行之所至。以改革为笔、实干为墨，民生福祉的持续提升，将书写群众幸福生活的新篇章。",孙秀艳,要闻,https://paper.people.com.cn/rmrb/pc/content/202601/10/content_30130990.html,2026-01-10,"['共济', '个人账户', '医保', '心之所系', '行之所', '改革', '群众', '什么', '实事', '办好']","1月9日，国家医保局会同财政部发布通知，将职工基本医疗保险个人账户共济范围从省内拓展至全国。“十五五”开局起步之际，这一打破地域限制的改革措施，顺应时代发展新趋势，符合人民生活新需求，富有启示意义。
政策制定，发力在准。什么是好事实事，要从群众切身需要来考量。将职工医保个人账户里的资金转化为“家庭健康金”，育儿家庭每孩每月能领300元补贴，适老化改造给老年人带来方便……保障和改善民生，就要坚持老百姓关心什么、期盼什么，改革就抓住什么、推进什么。
关键小事，办好在稳。群众关键小事就是我们的头等大事，要把好事办好、实事办实、难事办妥。从开展省内共济，到试点跨省共济，再到扩围至全国，职工医保个人账户共济改革证明，只有从实际出发，按规律办事，把握速度和节奏，才能稳中求进，行稳致远。",政治
中央宣传部、公安部,"本报北京1月9日电  （记者张天培）为深入学习贯彻习近平总书记关于新时代公安工作的重要论述，进一步凝聚建设平安中国、法治中国的力量，在第六个中国人民警察节之际，中央宣传部、公安部向全社会发布“最美基层民警”。
张雷、连捷、任飞、金亮、冯晶、宋柳丰、崔辉、翁红华、宋清罡、万松、廖天红、闫明、谭建华、赵阳、旦知刀杰、陈少峻、居麦·阿卜力孜、林芳德、彭泽栋、易桂平等20名同志光荣入选。他们对党忠诚、服务人民、执法公正、纪律严明，有的奋战在打击违法犯罪第一线，英勇无畏、不怕牺牲；有的矢志以科技破解难题，用数智技术赋能警务实战；有的德法相伴、心系万家，倾心守护未成年人健康成长；有的扎根出入境边防检查一线，全力守卫国门安全；有的服务街巷社区百姓，用心用情解决群众的“急难愁盼”……他们用实际行动兑现了“人民公安为人民”的庄严承诺，集中展示了人民警察克己奉公、无私奉献的良好形象。
广大公安民警表示，金色盾牌热血铸就，要以“最美基层民警”为榜样，对党忠诚、听党指挥，自觉弘扬公安机关的优良传统和作风，坚决履行好维护国家安全、社会安定、人民安宁的职责，矢志不渝做党和人民的忠诚卫士。
据悉，“最美基层民警”发布仪式专题节目将于近期播出。","# 中央宣传部、公安部

> 《人民日报》（2026年01月10日第 04 版）

本报北京1月9日电  （记者张天培）为深入学习贯彻习近平总书记关于新时代公安工作的重要论述，进一步凝聚建设平安中国、法治中国的力量，在第六个中国人民警察节之际，中央宣传部、公安部向全社会发布“最美基层民警”。

张雷、连捷、任飞、金亮、冯晶、宋柳丰、崔辉、翁红华、宋清罡、万松、廖天红、闫明、谭建华、赵阳、旦知刀杰、陈少峻、居麦·阿卜力孜、林芳德、彭泽栋、易桂平等20名同志光荣入选。他们对党忠诚、服务人民、执法公正、纪律严明，有的奋战在打击违法犯罪第一线，英勇无畏、不怕牺牲；有的矢志以科技破解难题，用数智技术赋能警务实战；有的德法相伴、心系万家，倾心守护未成年人健康成长；有的扎根出入境边防检查一线，全力守卫国门安全；有的服务街巷社区百姓，用心用情解决群众的“急难愁盼”……他们用实际行动兑现了“人民公安为人民”的庄严承诺，集中展示了人民警察克己奉公、无私奉献的良好形象。

广大公安民警表示，金色盾牌热血铸就，要以“最美基层民警”为榜样，对党忠诚、听党指挥，自觉弘扬公安机关的优良传统和作风，坚决履行好维护国家安全、社会安定、人民安宁的职责，矢志不渝做党和人民的忠诚卫士。

据悉，“最美基层民警”发布仪式专题节目将于近期播出。",,要闻,https://paper.people.com.cn/rmrb/pc/content/202601/10/content_30131007.html,2026-01-10,"['最美', '忠诚', '对党', '基层', '民警', '中央宣传部', '人民警察', '人民', '公安部', '公安']","本报北京1月9日电  （记者张天培）为深入学习贯彻习近平总书记关于新时代公安工作的重要论述，进一步凝聚建设平安中国、法治中国的力量，在第六个中国人民警察节之际，中央宣传部、公安部向全社会发布“最美基层民警”。
张雷、连捷、任飞、金亮、冯晶、宋柳丰、崔辉、翁红华、宋清罡、万松、廖天红、闫明、谭建华、赵阳、旦知刀杰、陈少峻、居麦·阿卜力孜、林芳德、彭泽栋、易桂平等20名同志光荣入选。他们对党忠诚、服务人民、执法公正、纪律严明，有的奋战在打击违法犯罪第一线，英勇无畏、不怕牺牲；有的矢志以科技破解难题，用数智技术赋能警务实战；有的德法相伴、心系万家，倾心守护未成年人健康成长；有的扎根出入境边防检查一线，全力守卫国门安全；有的服务街巷社区百姓，用心用情解决群众的“急难愁盼”……他们用实际行动兑现了“人民公安为人民”的庄严承诺，集中展示了人民警察克己奉公、无私奉献的良好形象。
广大公安民警表示，金色盾牌热血铸就，要以“最美基层民警”为榜样，对党忠诚、听党指挥，自觉弘扬公安机关的优良传统和作风，坚决履行好维护国家安全、社会安定、人民安宁的职责，矢志不渝做党和人民的忠诚卫士。",政治
以忠诚担当绘就“平安画卷”,"国旗高扬，警旗猎猎。
中国创造了社会长期稳定的奇迹，成为世界上最有安全感的国家之一。瞩目成绩的背后，凝聚了一代又一代公安民警的赤胆忠心和奋斗牺牲。
1月10日，我们迎来了第六个中国人民警察节。在这特殊时刻，让我们向这一群体表达崇高的敬意。
新时代以来，在以习近平同志为核心的党中央坚强领导下，人民公安用实际行动践行着“对党忠诚、服务人民、执法公正、纪律严明”的铮铮誓言，在每一次抉择中坚守初心，在每一场考验中淬炼本色，坚决完成好党和人民赋予的使命任务，全心全意为增强人民群众获得感、幸福感、安全感而努力。这支队伍以热血与汗水，把“人民公安为人民”书写在960多万平方公里的广袤土地上，书写在14亿多中国人民的心底。
一支党和人民完全可以信赖的有坚强战斗力的队伍
“不需要你认识我，不渴望你知道我，我把青春融进，融进祖国的江河……”高昂的旋律伴着高原的风，回荡在荒凉的山谷。
清晨，新疆维吾尔自治区出入境边防检查总站喀什边境管理支队排依克边境派出所民警在《祖国不会忘记》的歌声中开启一天的工作。
这里，高寒缺氧、地广人稀，全年霜冻期长达9个月，自然条件极端恶劣、管控压力大，民警们无畏艰苦、忠于职守，用青春和生命践行着神圣使命。
“我们的背后是14亿多祖国人民，我们有决心、有信心、有能力守好边境。”排依克边境派出所所长彭明有话语坚定。
信仰如山，忠诚似火。一代代戍边民警扎根在祖国边境线上，向祖国和人民诉说着最真挚的告白：“边关有我，家国无恙。”
用坚守书写忠诚，用奉献护卫安全。
2025年9月3日凌晨，天安门广场，晨曦微露。
淡淡薄雾中，一个个藏蓝色的身影列队完毕。这是一次关于责任、担当和奉献的“无声集结”。
“此次阅兵，意义非凡，必须保证万无一失。”北京市公安局内保局政治处副主任王亚林站在广场中央，手中的对讲机不时传来确认安全的报告声。
盛典礼乐和鸣，守护的身影无比坚定。全国公安机关始终以“绝对安全”的标准，担起重若千钧的责任，牢牢守住重大安保活动的安全底线。
2025年1月7日，西藏自治区日喀则市定日县发生6.8级地震。
“时间就是生命，救援必须快点，再快一点！”灾情发生后的第一时间，日喀则市公安局特警支队特战大队副大队长赵阳带领队员辗转长所乡古荣村、嘎旦村等地，连续奋战20个日日夜夜，成功救出多名受灾群众，转移疏散受困人群。
风雨无阻，大战就是大考。在大灾大难面前，人民公安始终坚持人民至上、生命至上，义无反顾、逆行出征。
恪守忠诚，是危难时刻的挺身而出，亦是在平凡岗位的默默奉献。
海南省三亚市公安局交通管理支队天涯大队大队长付小华，长期扎根交通管理一线，时刻把“心”放在路上，把“路”装在心里，以“绣花功夫”守护群众出行平安路；
吉林省吉林市公安局船营区分局德胜派出所副所长张野，一心扑在社区，走遍每家每户，用自己的真心换来社区干部群众的信任和支持；
…………
多一份坚守，国家就多一分安全稳定；多一份付出，人民就多一分幸福安宁。新时代以来，人民公安始终坚持对党忠诚、一心向党，在党的坚强领导下，防风险、保安全、护稳定、促发展，守护国家安全、社会安定和人民安宁，用实践证明，这是一支党和人民完全可以信赖的有坚强战斗力的队伍。
努力让人民群众感到安全就在身边
“命案必须破，追凶不能停！”18年来，首都机场公安局办案民警换了一茬又一茬，但“10·7案件”厚重的卷宗，始终是最沉重的托付。
跨越6500多个日夜，专案组足迹遍布全国6省份11市……终于，2025年11月10日，“10·7案件”犯罪嫌疑人栾某某被成功抓获。
积案告破，是一代代民警对案件真相的不懈追求，是人民公安对法律尊严、社会正义的有力捍卫。
万家灯火，山河远阔。人民公安奋战在打击犯罪、保护群众的最前线，只为一切平安——
严厉打击电诈，有力遏制犯罪高发势头。2025年，全国公安机关共侦破电诈案件25.8万起，紧急止付涉诈资金2170.7亿元，努力守好百姓的“钱袋子”；
守护国门安全，不放过任何跨境违法行为。国家移民管理局部署开展打击妨害国（边）境管理犯罪“獴猎—2025”专项工作，严厉查处打击组织偷渡犯罪团伙等；
营造清朗网络，有力保护网络空间安全。公安网安部门组织开展“净网”“护网”专项工作，持续依法严打侵犯公民个人信息、网络谣言、网络暴力等突出网络违法犯罪；
维护金融稳定，彻底根除“黑灰产”滋生土壤。公安经侦部门联合相关部门合力打击，2025年6月至11月共发起集群打击近60次，涉案金额累计近300亿元；
保护绿水青山，严守生态保护红线。公安机关纵深推进“平安原野—2025”专项行动、“昆仑2025”专项工作，2025年以来共立案侦办各类破坏环境资源犯罪刑事案件3.7万起；
…………
利剑出鞘，雷霆万钧。一次次剑指犯罪的专项行动、一份份振奋人心的喜人战果，人民公安向党和人民交出了一份亮眼的平安答卷。
人民公安来自人民、为了人民、依靠人民。“人民”二字，力重千钧。
四川省乐山市市中区苏稽镇是一座千年古镇。近年来，古镇发展迅速，随之而来的是社会治安防控压力加大，当地的纠纷矛盾一度增多。
“20多年的心病，终于解决了。”古镇居民谢某紧紧拉住苏稽派出所社区民警胡光的手。
原来，谢某与邻居因林地地界问题争执不休，多次调解无果。胡光了解情况后，立即寻访知情乡邻，上山实地勘界，最终凭借扎实证据和耐心沟通，促使两家人握手言和。
一次次扑在社区里的巡查走访，一次次从情理法出发的纠纷化解，社区民警把平安守护融进百姓日常，铺就一座座警民鱼水情深的连心桥。
近年来，公安机关坚持和发展新时代“枫桥经验”，深入推进“百万警进千万家”活动，感知百姓冷暖，回应群众期盼，守护着浓浓的“人情味”和“烟火气”。
无论是打击犯罪、化解纠纷，还是社会治理、服务群众，人民公安始终对群众深恶痛绝的事“零容忍”、对群众急需急盼的事“零懈怠”，努力让人民群众感到安全就在身边。
公安改革改到了老百姓的心坎上
1986年1月10日，新中国第一声“110”报警电话铃声在广东省广州市响起。40年过去，“110”已经成为家喻户晓的平安符号，“有危险就打110”成为老百姓的共识。
如今，如何利用科技创新手段，让警力响应更快、群众更满意，不断擦亮公安机关这块“金字招牌”，各地公安机关持续破题——
浙江省湖州市创新推出“智慧110”，实时转写、智能分类报警语音，生成“警情画像”，为现场处置提供秒级支持；江苏省南京市积极联动12345平台，利用大数据模型分流转办事项清单，大幅提高处警效率；福建省漳州市探索建立“无人机+”接处警模式，实现接处警全链条“再快一秒”……
人民有所呼，改革有所应。面对新形势新挑战新任务，公安机关建立“专业+机制+大数据”新型警务运行模式，不断完善以“情报、指挥、行动”一体化运行机制为重点的现代警务机制体系，一项项改革举措在重点领域和关键环节上取得重要突破。
“人性化”交通管理改革——
“17时至20时，社会车辆可借用公交专用车道。”2025年12月12日，北京市迎来降雪，公安机关发出温馨提示。近年来，多地“人性化”调整公交专用道管理措施，既提升了道路使用效率，又减少了百姓关于交通拥堵的烦恼。
公安交管部门持续提供更加优质高效的服务，便利群众办事、方便百姓出行，国产小客车新车上牌“一件事”、网上办理解除抵押登记等新措施实施以来，已经惠及50余万名群众。
优化升级政务服务——
2025年以来，辽宁省大连市公安政务服务综合窗口实行7×24小时服务，工作日中午不休息，晚间可预约办事，政务服务从“政府定时间”到“百姓选时间”。
2025年，公安机关深化一系列公安行政管理服务改革，目前已实现191项公安政务服务事项“网上办、掌上办”，29个省份实施居民身份证换补领全程网办，改革效能充分释放。
规范涉企执法行为——
来到安徽省合肥市公安局经济犯罪案件受案中心，报案、举报、咨询等业务功能一应俱全，涉企案件全部纳入监督范围，执法在“阳光”下进行。
推进受案中心建设、开展专项治理行动、建设驻企服务站、召开警企恳谈会……公安机关打出一系列依法依规、扎实有效的组合拳，为企业安心发展营造良好环境。
一项项“硬”举措，一串串鲜活数字，公安改革改到了老百姓的心坎上，创新硕果正深刻影响着千家万户。
“人民对美好生活的向往，就是我们的奋斗目标。”进入新时代，全国广大公安民警奋力推进公安工作现代化，为以中国式现代化全面推进强国建设、民族复兴伟业提供坚强安全保障，让人民群众的获得感、幸福感、安全感更加充实、更有保障、更可持续。","# 以忠诚担当绘就“平安画卷”

> 本报记者  张天培《人民日报》（2026年01月10日第 04 版）

国旗高扬，警旗猎猎。

中国创造了社会长期稳定的奇迹，成为世界上最有安全感的国家之一。瞩目成绩的背后，凝聚了一代又一代公安民警的赤胆忠心和奋斗牺牲。

1月10日，我们迎来了第六个中国人民警察节。在这特殊时刻，让我们向这一群体表达崇高的敬意。

新时代以来，在以习近平同志为核心的党中央坚强领导下，人民公安用实际行动践行着“对党忠诚、服务人民、执法公正、纪律严明”的铮铮誓言，在每一次抉择中坚守初心，在每一场考验中淬炼本色，坚决完成好党和人民赋予的使命任务，全心全意为增强人民群众获得感、幸福感、安全感而努力。这支队伍以热血与汗水，把“人民公安为人民”书写在960多万平方公里的广袤土地上，书写在14亿多中国人民的心底。

**一支党和人民完全可以信赖的有坚强战斗力的队伍**

“不需要你认识我，不渴望你知道我，我把青春融进，融进祖国的江河……”高昂的旋律伴着高原的风，回荡在荒凉的山谷。

清晨，新疆维吾尔自治区出入境边防检查总站喀什边境管理支队排依克边境派出所民警在《祖国不会忘记》的歌声中开启一天的工作。

这里，高寒缺氧、地广人稀，全年霜冻期长达9个月，自然条件极端恶劣、管控压力大，民警们无畏艰苦、忠于职守，用青春和生命践行着神圣使命。

“我们的背后是14亿多祖国人民，我们有决心、有信心、有能力守好边境。”排依克边境派出所所长彭明有话语坚定。

信仰如山，忠诚似火。一代代戍边民警扎根在祖国边境线上，向祖国和人民诉说着最真挚的告白：“边关有我，家国无恙。”

用坚守书写忠诚，用奉献护卫安全。

2025年9月3日凌晨，天安门广场，晨曦微露。

淡淡薄雾中，一个个藏蓝色的身影列队完毕。这是一次关于责任、担当和奉献的“无声集结”。

“此次阅兵，意义非凡，必须保证万无一失。”北京市公安局内保局政治处副主任王亚林站在广场中央，手中的对讲机不时传来确认安全的报告声。

盛典礼乐和鸣，守护的身影无比坚定。全国公安机关始终以“绝对安全”的标准，担起重若千钧的责任，牢牢守住重大安保活动的安全底线。

2025年1月7日，西藏自治区日喀则市定日县发生6.8级地震。

“时间就是生命，救援必须快点，再快一点！”灾情发生后的第一时间，日喀则市公安局特警支队特战大队副大队长赵阳带领队员辗转长所乡古荣村、嘎旦村等地，连续奋战20个日日夜夜，成功救出多名受灾群众，转移疏散受困人群。

风雨无阻，大战就是大考。在大灾大难面前，人民公安始终坚持人民至上、生命至上，义无反顾、逆行出征。

恪守忠诚，是危难时刻的挺身而出，亦是在平凡岗位的默默奉献。

海南省三亚市公安局交通管理支队天涯大队大队长付小华，长期扎根交通管理一线，时刻把“心”放在路上，把“路”装在心里，以“绣花功夫”守护群众出行平安路；

吉林省吉林市公安局船营区分局德胜派出所副所长张野，一心扑在社区，走遍每家每户，用自己的真心换来社区干部群众的信任和支持；

…………

多一份坚守，国家就多一分安全稳定；多一份付出，人民就多一分幸福安宁。新时代以来，人民公安始终坚持对党忠诚、一心向党，在党的坚强领导下，防风险、保安全、护稳定、促发展，守护国家安全、社会安定和人民安宁，用实践证明，这是一支党和人民完全可以信赖的有坚强战斗力的队伍。

**努力让人民群众感到安全就在身边**

“命案必须破，追凶不能停！”18年来，首都机场公安局办案民警换了一茬又一茬，但“10·7案件”厚重的卷宗，始终是最沉重的托付。

跨越6500多个日夜，专案组足迹遍布全国6省份11市……终于，2025年11月10日，“10·7案件”犯罪嫌疑人栾某某被成功抓获。

积案告破，是一代代民警对案件真相的不懈追求，是人民公安对法律尊严、社会正义的有力捍卫。

万家灯火，山河远阔。人民公安奋战在打击犯罪、保护群众的最前线，只为一切平安——

严厉打击电诈，有力遏制犯罪高发势头。2025年，全国公安机关共侦破电诈案件25.8万起，紧急止付涉诈资金2170.7亿元，努力守好百姓的“钱袋子”；

守护国门安全，不放过任何跨境违法行为。国家移民管理局部署开展打击妨害国（边）境管理犯罪“獴猎—2025”专项工作，严厉查处打击组织偷渡犯罪团伙等；

营造清朗网络，有力保护网络空间安全。公安网安部门组织开展“净网”“护网”专项工作，持续依法严打侵犯公民个人信息、网络谣言、网络暴力等突出网络违法犯罪；

维护金融稳定，彻底根除“黑灰产”滋生土壤。公安经侦部门联合相关部门合力打击，2025年6月至11月共发起集群打击近60次，涉案金额累计近300亿元；

保护绿水青山，严守生态保护红线。公安机关纵深推进“平安原野—2025”专项行动、“昆仑2025”专项工作，2025年以来共立案侦办各类破坏环境资源犯罪刑事案件3.7万起；

…………

利剑出鞘，雷霆万钧。一次次剑指犯罪的专项行动、一份份振奋人心的喜人战果，人民公安向党和人民交出了一份亮眼的平安答卷。

人民公安来自人民、为了人民、依靠人民。“人民”二字，力重千钧。

四川省乐山市市中区苏稽镇是一座千年古镇。近年来，古镇发展迅速，随之而来的是社会治安防控压力加大，当地的纠纷矛盾一度增多。

“20多年的心病，终于解决了。”古镇居民谢某紧紧拉住苏稽派出所社区民警胡光的手。

原来，谢某与邻居因林地地界问题争执不休，多次调解无果。胡光了解情况后，立即寻访知情乡邻，上山实地勘界，最终凭借扎实证据和耐心沟通，促使两家人握手言和。

一次次扑在社区里的巡查走访，一次次从情理法出发的纠纷化解，社区民警把平安守护融进百姓日常，铺就一座座警民鱼水情深的连心桥。

近年来，公安机关坚持和发展新时代“枫桥经验”，深入推进“百万警进千万家”活动，感知百姓冷暖，回应群众期盼，守护着浓浓的“人情味”和“烟火气”。

无论是打击犯罪、化解纠纷，还是社会治理、服务群众，人民公安始终对群众深恶痛绝的事“零容忍”、对群众急需急盼的事“零懈怠”，努力让人民群众感到安全就在身边。

**公安改革改到了老百姓的心坎上**

1986年1月10日，新中国第一声“110”报警电话铃声在广东省广州市响起。40年过去，“110”已经成为家喻户晓的平安符号，“有危险就打110”成为老百姓的共识。

如今，如何利用科技创新手段，让警力响应更快、群众更满意，不断擦亮公安机关这块“金字招牌”，各地公安机关持续破题——

浙江省湖州市创新推出“智慧110”，实时转写、智能分类报警语音，生成“警情画像”，为现场处置提供秒级支持；江苏省南京市积极联动12345平台，利用大数据模型分流转办事项清单，大幅提高处警效率；福建省漳州市探索建立“无人机+”接处警模式，实现接处警全链条“再快一秒”……

人民有所呼，改革有所应。面对新形势新挑战新任务，公安机关建立“专业+机制+大数据”新型警务运行模式，不断完善以“情报、指挥、行动”一体化运行机制为重点的现代警务机制体系，一项项改革举措在重点领域和关键环节上取得重要突破。

“人性化”交通管理改革——

“17时至20时，社会车辆可借用公交专用车道。”2025年12月12日，北京市迎来降雪，公安机关发出温馨提示。近年来，多地“人性化”调整公交专用道管理措施，既提升了道路使用效率，又减少了百姓关于交通拥堵的烦恼。

公安交管部门持续提供更加优质高效的服务，便利群众办事、方便百姓出行，国产小客车新车上牌“一件事”、网上办理解除抵押登记等新措施实施以来，已经惠及50余万名群众。

优化升级政务服务——

2025年以来，辽宁省大连市公安政务服务综合窗口实行7×24小时服务，工作日中午不休息，晚间可预约办事，政务服务从“政府定时间”到“百姓选时间”。

2025年，公安机关深化一系列公安行政管理服务改革，目前已实现191项公安政务服务事项“网上办、掌上办”，29个省份实施居民身份证换补领全程网办，改革效能充分释放。

规范涉企执法行为——

来到安徽省合肥市公安局经济犯罪案件受案中心，报案、举报、咨询等业务功能一应俱全，涉企案件全部纳入监督范围，执法在“阳光”下进行。

推进受案中心建设、开展专项治理行动、建设驻企服务站、召开警企恳谈会……公安机关打出一系列依法依规、扎实有效的组合拳，为企业安心发展营造良好环境。

一项项“硬”举措，一串串鲜活数字，公安改革改到了老百姓的心坎上，创新硕果正深刻影响着千家万户。

“人民对美好生活的向往，就是我们的奋斗目标。”进入新时代，全国广大公安民警奋力推进公安工作现代化，为以中国式现代化全面推进强国建设、民族复兴伟业提供坚强安全保障，让人民群众的获得感、幸福感、安全感更加充实、更有保障、更可持续。",张天培,要闻,https://paper.people.com.cn/rmrb/pc/content/202601/10/content_30131008.html,2026-01-10,"['2025', '公安', '人民', '群众', '公安机关', '安全', '10', '民警', '守护', '忠诚']","国旗高扬，警旗猎猎。
中国创造了社会长期稳定的奇迹，成为世界上最有安全感的国家之一。瞩目成绩的背后，凝聚了一代又一代公安民警的赤胆忠心和奋斗牺牲。
1月10日，我们迎来了第六个中国人民警察节。在这特殊时刻，让我们向这一群体表达崇高的敬意。",政治
信号越山海  技术惠民生（大数据观察）,"数据来源：工业和信息化部等制图：张丹峰
数据来源：工业和信息化部等
制图：张丹峰
浙江舟山群岛最北端，花鸟岛民宿“花屿鲸舍”里，服务人员精心打理客房，迎接上岛游客。“家家都装了宽带，岛上5G信号也是满格！”经营民宿多年的店主张黎斌说，“视频直播吸引了来自各地的游客，不仅旺季天天满房，淡季客人也很多。”
花鸟岛实现千兆网络与5G信号全覆盖，是我国电信普遍服务第四阶段“宽带边疆”建设取得的最新成果之一。中国铁塔舟山市分公司副总经理卢勇介绍，截至2025年底，铁塔公司协同电信运营商在浙江新建站址1083个，19个海岛开通5G网络。
2015年以来，我国先后启动11批电信普遍服务试点，累计支持13万个行政村的光纤网络建设和农村地区10万个4G、5G基站建设。截至2025年7月底，我国实现“村村通宽带、乡乡通5G”，提前完成“十四五”任务。偏远地区通信难问题得到根本性解决，为加快农业农村现代化、推进乡村全面振兴提供坚实支撑。
从深山村落到边疆海岛，5G网络实现深度覆盖
位于四川阿坝藏族羌族自治州阿坝县的一处露营基地，30米高的铁塔矗立在基地西侧。这座基站的建成，为农家乐经营者泽郎丹增的生活带来许多变化。视频直播搞起来了，农家乐餐饮预订、特产销售都增加不少。
“2015年来，阿坝州新增基站672座，还在边远牧区建成了太阳能基站近百座。”中国铁塔阿坝州分公司总经理杨旭晖说。
从塔克拉玛干沙漠腹地的达里雅布依村，到舟山柱子山无人岛；从被誉为“最美边境公路”之一的331国道，到万里海疆南端的三沙市永兴岛；从海拔6500米的珠穆朗玛峰前进营地，到位于井下534米深处的山西阳煤集团新元煤矿，光纤和5G网络已在祖国大地实现深度覆盖。
农村宽带网络覆盖水平大幅提升。截至目前，全国行政村通宽带比例达100%，4G、5G网络覆盖率分别达99%和95%。
农村高速率网络用户占比持续增长。农村宽带用户数从2017年的9377万，增长到2024年的2亿。
农村网民规模不断扩大。工业和信息化部支持基础电信企业降低资费水平，面向农村脱贫户持续给予五折及以下基础通信服务资费优惠，相关精准降费举措已惠及近3000万农村脱贫户。
国际电信联盟数据显示，中国固定宽带、移动业务服务资费在人均国民总收入中的占比连年下降，2024年分别降至0.45％、0.5%，处于全球较低水平。截至2025年6月，我国农村网民规模达3.22亿人，农村地区互联网普及率为69.2%，城乡数字鸿沟进一步缩小。
信息化、智能化应用，为乡村发展注入智慧动力
走进世界遗产哈尼梯田元阳管理委员会，透过液晶巨幕上的元阳哈尼梯田遗产区数字监管平台，生态环境、水利设施和游客信息等实时数据一览无余。
“依托5G网络低时延、高带宽的特性，在重点区域部署的传感器、摄像头等监测设备实时回传数据；物联网技术与通信网络的深度融合，让梯田生态环境、水利设施、农作物生长等关键数据实现智能感知与精准传输。”中国移动云南公司元阳分公司总经理李华介绍，如今5G网络已覆盖元阳县所有行政村，通过搭建无人机、光谱遥感等20多条5G专线，遥感、云计算、大数据及物联网技术正加速落地，实现了对土壤湿度、水质酸碱度等梯田状况及非遗建筑的全方位立体化监测。
5G网络带来的众多信息化、智能化应用，不仅成为哈尼梯田实现数字化管理、提升生产效率的重要支撑，更为推进乡村全面振兴注入智慧动力。
在云南怒江傈僳族自治州，2018年实现了教育光网全覆盖，异地同步的互动课堂模式让大山里的孩子与城里孩子同享优质教育资源；在河南汝阳县，远程诊疗网络平台覆盖县、乡、村三级，让群众不出村便可享受专家的医疗服务；在江苏苏州高新区通安镇树山村，“智慧树山”乡村治理系统全天候守护村庄，用电用气出现故障，村民可通过“云物业”在手机端报修，游客也可通过微信小程序实现有声导览、食宿预订；在内蒙古锡林郭勒盟，5G+智慧牧区项目实现智能称重、智能饮水、智慧放牧、自动饲喂等，显著提高牧民生产效率；在湖南汝城县沙洲村，网络电商与红色文旅、绿色产业相结合，一年接待游客超过20万人次。
数字乡村，构建乡村基层治理新生态；智慧农业，催生生产生活方式新变革；电商直播，铺就增收致富新路径……高速畅通的宽带网络，在城乡之间架起了一座座信息桥、致富桥，更架起了连心桥、暖心桥。
推动设施建设升级，让人民群众共享数字红利
“从早期为偏远地区送去通信曙光的电话‘村村通工程’，到大规模铺设信息高速公路的光纤普遍服务，再到加速消除移动通信盲区的4G/5G普遍服务，直至当前面向边疆及特殊区域深化覆盖的‘宽带边疆’新阶段，我国电信普遍服务取得的历史性成就，不仅改变了乡村的发展面貌，更以制度力量破解市场失灵困局，为全球电信普遍服务的发展提供了中国智慧和解决方案。”中国信息通信研究院产业与规划研究所副所长牟春波说。
2015年，我国尚有5万个行政村未通宽带，15万个行政村宽带接入能力不足4Mbps（兆比特每秒），城乡之间的数字鸿沟亟待消除。但是，农村及偏远地区光纤建设和运行维护成本高、收益低，单靠运营商一己之力，很难取得突破性进展。
为让农村及偏远地区居民公平使用通信设施及其服务，共享数字红利，我国创建了“中央资金引导、地方协调支持、企业主体推进”的电信普遍服务补偿机制。2015年—2025年，中央财政累计支持电信普遍服务补助资金310亿元，极大调动了基础电信企业的积极性，形成了中央、地方、企业合力支持农村宽带建设的良性互动发展格局。
为推动通信基础设施在薄弱区域的覆盖与持续升级，切实保障全体人民共享信息化发展成果，电信普遍服务实施以来，通信建设者们翻高山、进荒漠，在深山孤岛建起一座座基站，把一条条光缆拉进千家万户。
在昆仑山深处的天神达坂，中国移动新疆公司的建设团队在齐腰的雪地里徒步铺设光缆；在大兴安岭腹地，中国联通兴安盟分公司工作人员艰苦奋战，采用“光—微波—卫星”混合组网等创新技术，为林海雪原搭建通信网络；在广西防城港市防城区江山镇蝴蝶岛上，中国铁塔建设团队克服无淡水、无电等困难，建成全国首个“光氢储”一体化通信基站……
“电信普遍服务推动农村通信网络跨越式发展，但也应看到，我国农村及偏远地区尚未实现较好的连续覆盖，部分自然村、农业作业区、交通道路沿线等生活生产场景还存在覆盖盲区，网络能力和服务质量距离城市地区还有差距。”牟春波说。
工业和信息化部有关负责人表示，“十五五”时期，将继续深入实施电信普遍服务和“宽带边疆”建设，持续开展“信号升格”专项行动，优化农村及偏远地区移动网络信号覆盖，加快5G和千兆光网等先进网络能力部署，提升网络供给水平、服务保障水平和用网用算体验，让农村农业农民用上更先进网络能力和更普惠的电信服务，促进农村农业数字化转型，助力乡村全面振兴和兴边富民，为推进中国式现代化提供基础支撑。","# 信号越山海  技术惠民生（大数据观察）

> 本报记者  王  政《人民日报》（2026年01月10日第 05 版）

数据来源：工业和信息化部等　　制图：张丹峰

数据来源：工业和信息化部等

制图：张丹峰

浙江舟山群岛最北端，花鸟岛民宿“花屿鲸舍”里，服务人员精心打理客房，迎接上岛游客。“家家都装了宽带，岛上5G信号也是满格！”经营民宿多年的店主张黎斌说，“视频直播吸引了来自各地的游客，不仅旺季天天满房，淡季客人也很多。”

花鸟岛实现千兆网络与5G信号全覆盖，是我国电信普遍服务第四阶段“宽带边疆”建设取得的最新成果之一。中国铁塔舟山市分公司副总经理卢勇介绍，截至2025年底，铁塔公司协同电信运营商在浙江新建站址1083个，19个海岛开通5G网络。

2015年以来，我国先后启动11批电信普遍服务试点，累计支持13万个行政村的光纤网络建设和农村地区10万个4G、5G基站建设。截至2025年7月底，我国实现“村村通宽带、乡乡通5G”，提前完成“十四五”任务。偏远地区通信难问题得到根本性解决，为加快农业农村现代化、推进乡村全面振兴提供坚实支撑。

**从深山村落到边疆海岛，5G网络实现深度覆盖**

位于四川阿坝藏族羌族自治州阿坝县的一处露营基地，30米高的铁塔矗立在基地西侧。这座基站的建成，为农家乐经营者泽郎丹增的生活带来许多变化。视频直播搞起来了，农家乐餐饮预订、特产销售都增加不少。

“2015年来，阿坝州新增基站672座，还在边远牧区建成了太阳能基站近百座。”中国铁塔阿坝州分公司总经理杨旭晖说。

从塔克拉玛干沙漠腹地的达里雅布依村，到舟山柱子山无人岛；从被誉为“最美边境公路”之一的331国道，到万里海疆南端的三沙市永兴岛；从海拔6500米的珠穆朗玛峰前进营地，到位于井下534米深处的山西阳煤集团新元煤矿，光纤和5G网络已在祖国大地实现深度覆盖。

农村宽带网络覆盖水平大幅提升。截至目前，全国行政村通宽带比例达100%，4G、5G网络覆盖率分别达99%和95%。

农村高速率网络用户占比持续增长。农村宽带用户数从2017年的9377万，增长到2024年的2亿。

农村网民规模不断扩大。工业和信息化部支持基础电信企业降低资费水平，面向农村脱贫户持续给予五折及以下基础通信服务资费优惠，相关精准降费举措已惠及近3000万农村脱贫户。

国际电信联盟数据显示，中国固定宽带、移动业务服务资费在人均国民总收入中的占比连年下降，2024年分别降至0.45％、0.5%，处于全球较低水平。截至2025年6月，我国农村网民规模达3.22亿人，农村地区互联网普及率为69.2%，城乡数字鸿沟进一步缩小。

**信息化、智能化应用，为乡村发展注入智慧动力**

走进世界遗产哈尼梯田元阳管理委员会，透过液晶巨幕上的元阳哈尼梯田遗产区数字监管平台，生态环境、水利设施和游客信息等实时数据一览无余。

“依托5G网络低时延、高带宽的特性，在重点区域部署的传感器、摄像头等监测设备实时回传数据；物联网技术与通信网络的深度融合，让梯田生态环境、水利设施、农作物生长等关键数据实现智能感知与精准传输。”中国移动云南公司元阳分公司总经理李华介绍，如今5G网络已覆盖元阳县所有行政村，通过搭建无人机、光谱遥感等20多条5G专线，遥感、云计算、大数据及物联网技术正加速落地，实现了对土壤湿度、水质酸碱度等梯田状况及非遗建筑的全方位立体化监测。

5G网络带来的众多信息化、智能化应用，不仅成为哈尼梯田实现数字化管理、提升生产效率的重要支撑，更为推进乡村全面振兴注入智慧动力。

在云南怒江傈僳族自治州，2018年实现了教育光网全覆盖，异地同步的互动课堂模式让大山里的孩子与城里孩子同享优质教育资源；在河南汝阳县，远程诊疗网络平台覆盖县、乡、村三级，让群众不出村便可享受专家的医疗服务；在江苏苏州高新区通安镇树山村，“智慧树山”乡村治理系统全天候守护村庄，用电用气出现故障，村民可通过“云物业”在手机端报修，游客也可通过微信小程序实现有声导览、食宿预订；在内蒙古锡林郭勒盟，5G+智慧牧区项目实现智能称重、智能饮水、智慧放牧、自动饲喂等，显著提高牧民生产效率；在湖南汝城县沙洲村，网络电商与红色文旅、绿色产业相结合，一年接待游客超过20万人次。

数字乡村，构建乡村基层治理新生态；智慧农业，催生生产生活方式新变革；电商直播，铺就增收致富新路径……高速畅通的宽带网络，在城乡之间架起了一座座信息桥、致富桥，更架起了连心桥、暖心桥。

**推动设施建设升级，让人民群众共享数字红利**

“从早期为偏远地区送去通信曙光的电话‘村村通工程’，到大规模铺设信息高速公路的光纤普遍服务，再到加速消除移动通信盲区的4G/5G普遍服务，直至当前面向边疆及特殊区域深化覆盖的‘宽带边疆’新阶段，我国电信普遍服务取得的历史性成就，不仅改变了乡村的发展面貌，更以制度力量破解市场失灵困局，为全球电信普遍服务的发展提供了中国智慧和解决方案。”中国信息通信研究院产业与规划研究所副所长牟春波说。

2015年，我国尚有5万个行政村未通宽带，15万个行政村宽带接入能力不足4Mbps（兆比特每秒），城乡之间的数字鸿沟亟待消除。但是，农村及偏远地区光纤建设和运行维护成本高、收益低，单靠运营商一己之力，很难取得突破性进展。

为让农村及偏远地区居民公平使用通信设施及其服务，共享数字红利，我国创建了“中央资金引导、地方协调支持、企业主体推进”的电信普遍服务补偿机制。2015年—2025年，中央财政累计支持电信普遍服务补助资金310亿元，极大调动了基础电信企业的积极性，形成了中央、地方、企业合力支持农村宽带建设的良性互动发展格局。

为推动通信基础设施在薄弱区域的覆盖与持续升级，切实保障全体人民共享信息化发展成果，电信普遍服务实施以来，通信建设者们翻高山、进荒漠，在深山孤岛建起一座座基站，把一条条光缆拉进千家万户。

在昆仑山深处的天神达坂，中国移动新疆公司的建设团队在齐腰的雪地里徒步铺设光缆；在大兴安岭腹地，中国联通兴安盟分公司工作人员艰苦奋战，采用“光—微波—卫星”混合组网等创新技术，为林海雪原搭建通信网络；在广西防城港市防城区江山镇蝴蝶岛上，中国铁塔建设团队克服无淡水、无电等困难，建成全国首个“光氢储”一体化通信基站……

“电信普遍服务推动农村通信网络跨越式发展，但也应看到，我国农村及偏远地区尚未实现较好的连续覆盖，部分自然村、农业作业区、交通道路沿线等生活生产场景还存在覆盖盲区，网络能力和服务质量距离城市地区还有差距。”牟春波说。

工业和信息化部有关负责人表示，“十五五”时期，将继续深入实施电信普遍服务和“宽带边疆”建设，持续开展“信号升格”专项行动，优化农村及偏远地区移动网络信号覆盖，加快5G和千兆光网等先进网络能力部署，提升网络供给水平、服务保障水平和用网用算体验，让农村农业农民用上更先进网络能力和更普惠的电信服务，促进农村农业数字化转型，助力乡村全面振兴和兴边富民，为推进中国式现代化提供基础支撑。",王  政,要闻,https://paper.people.com.cn/rmrb/pc/content/202601/10/content_30131015.html,2026-01-10,"['5G', '网络', '宽带', '农村', '服务', '电信', '通信', '覆盖', '基站', '偏远地区']","数据来源：工业和信息化部等制图：张丹峰
数据来源：工业和信息化部等
制图：张丹峰",经济
用得上、用得起、用得好（编辑手记）,"实现“村村通宽带、乡乡通5G”，这个成绩来之不易。
乡村接入信息化“动脉”，数字鸿沟不断弥合。从沙漠腹地到万里海疆，从崇山峻岭到地底深处，从边境村落到民族地区，通信基础设施在乡村覆盖更广、质量更优，电信普遍服务落地生根、开花结果。随着信息化服务的普及、服务资费的降低，乡村及偏远地区居民能够用得上、用得起、用得好信息服务，在共享信息化发展成果上获得感越来越足。
农民搭上信息化“快车”，数字动能释放活力。农村网络零售额不断增长，老乡们搞起视频直播、开起了网店；智慧农业加速发展，一部手机管理田地，数字“新农具”愈发丰富；互联网教育更加普及，一根网线连接城乡课堂……一座座铁塔矗立山乡、一条条光缆跨越山海，改善了生产生活条件、促进了公共服务均等化、拓宽了农民增收致富的渠道，铺就了驶向美好生活的新路径。
习近平总书记强调：“相比城市，农村互联网基础设施建设是我们的短板。要加大投入力度，加快农村互联网建设步伐，扩大光纤网、宽带网在农村的有效覆盖。”电信普遍服务步伐正劲，广袤乡村的网络供给水平将更高、网络使用体验将更优，为乡村全面振兴注入更多动能。","# 用得上、用得起、用得好（编辑手记）

> 卢  涛《人民日报》（2026年01月10日第 05 版）

实现“村村通宽带、乡乡通5G”，这个成绩来之不易。

乡村接入信息化“动脉”，数字鸿沟不断弥合。从沙漠腹地到万里海疆，从崇山峻岭到地底深处，从边境村落到民族地区，通信基础设施在乡村覆盖更广、质量更优，电信普遍服务落地生根、开花结果。随着信息化服务的普及、服务资费的降低，乡村及偏远地区居民能够用得上、用得起、用得好信息服务，在共享信息化发展成果上获得感越来越足。

农民搭上信息化“快车”，数字动能释放活力。农村网络零售额不断增长，老乡们搞起视频直播、开起了网店；智慧农业加速发展，一部手机管理田地，数字“新农具”愈发丰富；互联网教育更加普及，一根网线连接城乡课堂……一座座铁塔矗立山乡、一条条光缆跨越山海，改善了生产生活条件、促进了公共服务均等化、拓宽了农民增收致富的渠道，铺就了驶向美好生活的新路径。

习近平总书记强调：“相比城市，农村互联网基础设施建设是我们的短板。要加大投入力度，加快农村互联网建设步伐，扩大光纤网、宽带网在农村的有效覆盖。”电信普遍服务步伐正劲，广袤乡村的网络供给水平将更高、网络使用体验将更优，为乡村全面振兴注入更多动能。",卢  涛,要闻,https://paper.people.com.cn/rmrb/pc/content/202601/10/content_30131016.html,2026-01-10,"['乡村', '信息化', '服务', '农村', '更优', '互联网', '用得上', '数字', '网络', '电信']","实现“村村通宽带、乡乡通5G”，这个成绩来之不易。
乡村接入信息化“动脉”，数字鸿沟不断弥合。从沙漠腹地到万里海疆，从崇山峻岭到地底深处，从边境村落到民族地区，通信基础设施在乡村覆盖更广、质量更优，电信普遍服务落地生根、开花结果。随着信息化服务的普及、服务资费的降低，乡村及偏远地区居民能够用得上、用得起、用得好信息服务，在共享信息化发展成果上获得感越来越足。
农民搭上信息化“快车”，数字动能释放活力。农村网络零售额不断增长，老乡们搞起视频直播、开起了网店；智慧农业加速发展，一部手机管理田地，数字“新农具”愈发丰富；互联网教育更加普及，一根网线连接城乡课堂……一座座铁塔矗立山乡、一条条光缆跨越山海，改善了生产生活条件、促进了公共服务均等化、拓宽了农民增收致富的渠道，铺就了驶向美好生活的新路径。",政治
全国政协“委员科学讲堂”以“免疫与疾病防治”为题举办科普讲座,"本报北京1月9日电  （记者姜洁）全国政协“委员科学讲堂”9日在全国政协礼堂举办科普讲座，全国政协副主席沈跃跃、巴特尔、王东峰、朱永新、杨震出席。
全国政协委员、中国工程院院士曹雪涛以“免疫与疾病防治”为题，阐述免疫学在疾病预防、诊断和治疗中的关键作用，展现免疫学领域的前沿成果与战略发展方向，并与现场观众互动交流。部分全国政协委员、高校学生、科技工作者等500余人参加。
“委员科学讲堂”邀请政协委员中的专家学者面向社会各界开展科普讲座，是全国政协深入贯彻落实习近平总书记关于做好科普工作重要论述的实际行动，旨在发挥委员专业所长，普及科学知识、倡导科学方法、传播科学思想、弘扬科学精神，为形成热爱科学、崇尚科学的社会风尚贡献政协力量。","# 全国政协“委员科学讲堂”以“免疫与疾病防治”为题举办科普讲座

> 《人民日报》（2026年01月10日第 05 版）

本报北京1月9日电  （记者姜洁）全国政协“委员科学讲堂”9日在全国政协礼堂举办科普讲座，全国政协副主席沈跃跃、巴特尔、王东峰、朱永新、杨震出席。

全国政协委员、中国工程院院士曹雪涛以“免疫与疾病防治”为题，阐述免疫学在疾病预防、诊断和治疗中的关键作用，展现免疫学领域的前沿成果与战略发展方向，并与现场观众互动交流。部分全国政协委员、高校学生、科技工作者等500余人参加。

“委员科学讲堂”邀请政协委员中的专家学者面向社会各界开展科普讲座，是全国政协深入贯彻落实习近平总书记关于做好科普工作重要论述的实际行动，旨在发挥委员专业所长，普及科学知识、倡导科学方法、传播科学思想、弘扬科学精神，为形成热爱科学、崇尚科学的社会风尚贡献政协力量。",,要闻,https://paper.people.com.cn/rmrb/pc/content/202601/10/content_30131017.html,2026-01-10,"['全国政协', '科学', '委员', '科普', '讲堂', '讲座', '疾病防治', '免疫学', '为题', '免疫']","本报北京1月9日电  （记者姜洁）全国政协“委员科学讲堂”9日在全国政协礼堂举办科普讲座，全国政协副主席沈跃跃、巴特尔、王东峰、朱永新、杨震出席。
全国政协委员、中国工程院院士曹雪涛以“免疫与疾病防治”为题，阐述免疫学在疾病预防、诊断和治疗中的关键作用，展现免疫学领域的前沿成果与战略发展方向，并与现场观众互动交流。部分全国政协委员、高校学生、科技工作者等500余人参加。
“委员科学讲堂”邀请政协委员中的专家学者面向社会各界开展科普讲座，是全国政协深入贯彻落实习近平总书记关于做好科普工作重要论述的实际行动，旨在发挥委员专业所长，普及科学知识、倡导科学方法、传播科学思想、弘扬科学精神，为形成热爱科学、崇尚科学的社会风尚贡献政协力量。",政治
成渝地区双城经济圈不断提升发展能级,"沿海如弓，长江似箭，成渝地区则是箭羽，虽处内陆，却关系全局。
成渝地区双城经济圈，是我国西部人口最密集、产业基础最雄厚、创新能力最强、市场空间最广阔、开放程度最高的区域。
2020年1月，习近平总书记主持召开中央财经委员会第六次会议时强调：“要推动成渝地区双城经济圈建设，在西部形成高质量发展的重要增长极。”“十五五”规划建议提出，提升成渝地区双城经济圈发展能级。
蜀水绕巴山，川渝共潮生。贯彻落实习近平总书记重要指示精神，6年来，川渝两省市着力找准在全国大局中的战略定位，牢固树立“一盘棋”思维，推动“一体化”，不断提升发展能级，共同书写中国式现代化巴蜀篇章。
如今，成渝地区双城经济圈正成为带动全国高质量发展的重要增长极和新的动力源。与2019年相比，人口从9600万增长到9800多万，地区生产总值占全国的比重由6.3%提高到6.5%，实现人口和经济占比双提升。
协同分与合
找准战略定位，把握比较优势，彼此融合、相互促进
走进国家超级计算成都中心的“硅立方”数据机房，耳边微微作响。每秒可进行10亿亿次浮点运算，数据流与信息流交织。
算力服务区域重大战略，成都中心携手重庆大学，产学研合作正向纵深推进。“我们已和成渝等地1700多个用户建立算力应用场景。”中心负责人王建波说。
放眼川渝，两地和合，跃然成势。
巴蜀腹地，四川天府锦城实验室与重庆金凤实验室合作，生物医药科技成果频出；
长江之畔，两地执法人员行走江岸，共同巡河，共护一江清水……
川渝两地，当初行政区划“分”，如今区域协同“合”，目标一致，都是为了促进发展。
合，规划协同，区域联动发展格局基本形成。
川渝各有所长，亦各有所短：四川科研机构众多，人才资源丰富，第三产业发展较好，但制造业基础相对薄弱；重庆据长江之利，航运发达，工业门类齐全，制造业基础较好，但服务业发展相对滞后。
成渝地区双城经济圈建设是一项系统工程，离不开顶层设计和统筹协调。中共中央、国务院印发的《成渝地区双城经济圈建设规划纲要》，为两地一体化发展指明方向：建设成为具有全国影响力的重要经济中心、科技创新中心、改革开放新高地、高品质生活宜居地。
“川渝两地共同出台实施方案，把宏伟蓝图变成施工路线图。”四川省发展改革委主任代永波说。
科学规划，谋定而后动。围绕融合做文章，共唱“双城记”。6年来，400多个重大项目先后实施，一批协作平台、机制相继确立。
合，项目共建，区域融通持续升级。
四川资阳，川渝1000千伏特高压交流工程芙蓉变电站里，数据跳动。
“2024年底建成投运以来，我们已向成都负荷中心输送清洁能源约100亿千瓦时。”站长熊晓宇说。
成渝地区双城经济圈内，工农业生产集中，电力负荷紧张。四川甘孜藏族自治州水电、光伏电能等清洁能源丰富，电力输出却面临阻碍。
川渝将1000千伏特高压交流工程列为共建重大项目，自四川甘孜州向重庆潼南区、铜梁区新建输电线路。工程每年最大可向川渝负荷中心输送电能350亿千瓦时，相当于近千万户家庭一年的生活用电量。
项目共建驱动，区域发展融通。嘉陵江利泽航运枢纽等建成通航，成渝中线高铁、川气东送二线天然气管道工程等项目加快建设，成渝综合性科学中心等科技项目也加快推进。
合，平台共搭，“一盘棋”走深走实。
四川松潘，2000亩蚕豆见证川渝农业科技合作新成效。
2022年，重庆蚕豆品种从荣昌区等地首次踏足川西高原。经过重庆市农科院、四川省农科院和松潘县政府三方合作，川渝两地20多个食赏两用豆品种相继落地松潘，“地膜+控肥”等技术助力豆类单产翻倍。
两地农科院牵头引领，农业院校和经营主体参与，共建成渝地区双城经济圈农业科技创新联盟，为农业科技协同创新搭建平台。“联盟实施了科技项目230多项，已推广新技术110多项。”重庆市农科院副研究员龙珏臣说。
合作平台共搭，区域发展加速。6年来，川渝两地已联合印发100多个政策文件，设置22个联合专项工作组、选派500多人次干部交流挂职，建立起多层次、常态化合作机制。
兼顾新与旧
以科技创新推动产业创新，发展新兴产业，升级传统产业，加速形成新质生产力
成都街头，一台银白色机器人协助指挥交通，格外惹眼。
它叫“通天晓”，由成都阿加犀智能科技有限公司研发。“我们帮机器人大脑开发‘智力’，让它更‘聪明’。”2020年，公司创始人孙晓刚来到成都高新技术产业开发区创业，如今客户遍布成渝。
建设具有全国影响力的重要经济中心、科技创新中心，川渝两地兼顾新与旧，推动科技创新和产业创新深度融合。
向“新”而行，新兴产业拔节成长。
为自动驾驶“擦亮眼镜”，重庆企业中科摇橹船研发空间智能相机，突破现有感知技术瓶颈，为行业带来新方案；
在自身免疫病治疗领域取得突破，成都优赛诺生物科技有限公司建成西南地区最大的细胞药物生产基地……
双核引领，分工协作，6年来，川渝产业集群含新量越来越高。两地电子信息、生物医药等5个制造业集群入选国家级先进制造业集群，人工智能、低空经济、商业航天等新兴产业加快发展。
从“新”出发，以科技创新推动产业创新。
四川天府新区，兴隆湖畔，成都科创生态岛燃起“创新之火”。
研发一款用于宠物品种鉴定和遗传疾病筛查的分子诊断试剂盒，四川农业大学博士研究生邓操曾苦于资金短缺，又找不到合适的算力和测序服务。
得知情况，科创生态岛一家成果转化团队对接本地算力服务企业和测序服务商，连接金融资源，帮助解决研发难题，实现成果转化。
推动产业创新和科技创新有机融合，川渝两地共建先进技术成果西部转化中心等平台，共办“一带一路”科技交流大会，以“一城多园”模式共建西部科学城。如今，两地专精特新“小巨人”企业达800家、高新技术企业达2.7万家。
一手发展新兴产业，一手推动传统产业转型升级，两地立足自身特点，积极发展新质生产力。
革“旧”图“新”，传统产业焕发新生机。
汽车产业是重庆的主导产业，赛力斯与华为合作，先后落地赛力斯魔方技术平台、赛力斯超级增程等一系列技术成果。
龙头带动，成渝地区双城经济圈汽车产业链整体提升。宁德时代落子四川宜宾，在赛力斯超级工厂设置“厂中厂”，实现双方零距离合作。
推“陈”出“新”，数字化催生更高效率。
走进重庆南岸区的双环传动（重庆）精密科技有限责任公司智能工厂，工人手持平板电脑，穿梭于设备之间，工业互联网与大数据技术让生产流程尽在掌控，生产效率提升近四成。
实施产业数字化改造，南岸区实现工业营收及产值双破千亿元。
重庆市发展改革委主任高健介绍，川渝两地共建电子信息、装备制造、先进材料、特色消费品四大万亿元级产业集群，现代服务业优势明显增强，山地特色高效农业加快建设。
共促内与外
一手促改革破除壁垒，一手促开放畅通循环，共建改革开放新高地
小小一张税票，被国家博物馆永久收藏。
这是全国首个跨省域税费征管服务中心开出的首张税票，由川渝高竹新区税费征管服务中心出具，是一家企业食堂向农户采购蔬菜的记录。
大胆试、大胆闯，川渝携手以打造改革开放新高地为引领，服务融入新发展格局。
川渝高竹新区是全国首个实体化运行的跨省域共建试验区，探索经济区与行政区适度分离改革。
“新区税费征管、医保社保等领域政务服务通道已打通，正在加速融入和服务全国统一大市场建设。”新区党工委专职副书记李佳说。
打破地域藩篱，川渝出台区域市场一体化建设行动方案，推进市场准入“异地同标”。“健全统一市场监管规则，川渝两地率先出台全国首个跨省域市场监管领域依法免予处罚清单，统一26项药品安全以及企业信用风险分类等监管标准。”重庆市政府驻四川办事处主任李历说。
深化改革，多个“全国首创”改革成果在成渝地区双城经济圈诞生：
探索建设全国首个跨省域管辖金融案件的专门法院——成渝金融法院。从四川调任而来的成渝金融法院综合办公室主任倪虎，每周五坐最晚一班高铁回成都，周日再来重庆。“我们重庆、成都两地办公，人员也来自两省市。”倪虎说。
设立全国首个跨省域联合河长办——川渝河长制联合推进办公室。塘河河畔，重庆市江津区人民检察院检察官顾志峰正与四川省合江县人民检察院检察官刘天治一道巡河，这样的合作已成常态。25个川渝跨界河流国考断面，连续4年水质达标率100%。
协同推进改革，两地形成开展生态环境协同立法司法协作、重大项目联合调度服务机制等18条具有川渝辨识度的跨区域合作经验。
以改革促开放，以开放促改革。
成都国际铁路港综合保税区，车辆穿梭。不用换车入区，减少申报手续，说起“区内直转”试点改革，成都佳利达国际物流有限公司仓储经理黄振中感慨，企业报关工作量压缩了65%，一年能省物流成本近百万元。
过去，不少企业从事内外贸业务，一辆运输车装有两种状态的货物，需要在保税区外分拨，换不同的车辆入区。2023年底，“区内直转”业务落地成都国际铁路港，让货物在保税区内轻松实现“非保税”到“保税”状态切换。
中欧班列集拼集运模式、综合保税区一线进区“货物即到即入”模式、多式联运“一单制”“一箱制”……一系列改革成果应用，让川渝开放的底色更浓、成色更足。
重庆江津小南垭物流中心，汽笛长鸣，班列缓缓驶出。威马农机股份有限公司生产的农机，将通过西部陆海新通道运往广西钦州，再出海转运至东南亚、南亚。
“80%的订单源自海外，借助江津班列铁海联运，我们的产品远销70多个国家和地区。”威马农机副总经理王帅说。
枢纽牵引开放，开放驱动发展。如今，小南垭所在的重庆枢纽港产业园集聚1000余家企业，形成了装备制造、先进材料、现代物流及供应链服务等主导产业。
陆海内外联动，东西双向互济，全面开放格局加速形成。数据显示，中欧班列（成渝）已累计开行班列超2.6万列、开行规模保持全国领先，西部陆海新通道通达127个国家（地区）的584个港口。
统筹大与小
胸怀“国之大者”，心系民生小事，以发展成果提升生活品质
中国式现代化，民生为大。
川渝两地公共服务共建共享，深刻改变市民生活。
材料递交后，叶茜很快就收到公司5位来自四川的人才成功参加职称评审的消息。“搁过去，得等3个月。”作为重庆九洲星熠导航设备有限公司人力资源主管，她对川渝人才职称互认深有感触。
“持有两地人社部门颁发的职称证书的专业技术人才，跨地区流动时，无需重新评审或确认，申报高一级职称时，可持原证书申报。”重庆市大渡口区人力社保局负责人说。
推动基本公共服务标准化便利化，双城生活正在变成同城体验——
办事高效了。6年来，川渝共有355项企业、群众高频事项跨省域办理；
看病省心了。两省市935家二级以上公立医院、222项检查检验结果互认，1726家医疗机构实现川渝电子健康卡“扫码就医”；
生活便利了。通过“川渝阅读一卡通”，两地实现174家公共图书馆、5000万册图书通借通还。
全局擘画，精细推进，一大一小间，以发展成果提升生活品质。
下班后，换上鞋，田兴国沿兴隆湖的绿道慢跑，“一圈下来约9公里，目之所及皆是风景。”
田兴国是甘肃人，6年前从北京来成都定居。“公司就在兴隆湖边，环境好，设施齐，很安逸，像生活在公园里。”顺着田兴国手指的方向望去，栈道、书店点缀其间，休闲的市民络绎不绝。
良好生态环境，是最普惠的民生福祉。建设公园城市，成都超9000公里城市绿道串联成网，各类公园数量超1500个；重庆璧山区拥有38个城市公园，一园一主题、一步一风景……
公园城市的“大谋划”，正转化为每个人可感可及的“小幸福”。近3年来，成都累计吸引156万青年人才，越来越多的年轻人扎根在此。
宜居宜业，也宜游。
在四川资阳的安岳石窟数字体验馆，侧身跷脚的紫竹观音像映入眼帘。这尊造像通过3D打印技术复刻，真身则距县城50公里远。
只需轻轻一点，紫竹观音的衣袂就能飘动起来。“借助互动长卷、物体识别、手势感应等新技术，1000余处摩崖造像跨越时空‘活’了起来。”四川石窟文化旅游开发有限公司董事长李忠良说。
全国约有6000处石窟寺及摩崖造像，川渝占了近半数。两地共建巴蜀石窟文化旅游走廊联盟，联合推出石刻艺术文化旅游直通线、红色旅游精品线路等旅游线路。川渝两地工会还组织动员职工开展“百万职工游巴蜀”活动，共享文旅资源。
成都双子塔下，人头攒动；重庆朝天门广场，游人如织。6年砥砺奋进，川渝合作日益紧密，能级不断提升，新时代西部“双城记”越唱越响。
（本报记者张帆、刘新吾、游仪、王永战）","# 成渝地区双城经济圈不断提升发展能级

> 本报记者《人民日报》（2026年01月10日第 05 版）

沿海如弓，长江似箭，成渝地区则是箭羽，虽处内陆，却关系全局。

成渝地区双城经济圈，是我国西部人口最密集、产业基础最雄厚、创新能力最强、市场空间最广阔、开放程度最高的区域。

2020年1月，习近平总书记主持召开中央财经委员会第六次会议时强调：“要推动成渝地区双城经济圈建设，在西部形成高质量发展的重要增长极。”“十五五”规划建议提出，提升成渝地区双城经济圈发展能级。

蜀水绕巴山，川渝共潮生。贯彻落实习近平总书记重要指示精神，6年来，川渝两省市着力找准在全国大局中的战略定位，牢固树立“一盘棋”思维，推动“一体化”，不断提升发展能级，共同书写中国式现代化巴蜀篇章。

如今，成渝地区双城经济圈正成为带动全国高质量发展的重要增长极和新的动力源。与2019年相比，人口从9600万增长到9800多万，地区生产总值占全国的比重由6.3%提高到6.5%，实现人口和经济占比双提升。

**协同分与合**

**找准战略定位，把握比较优势，彼此融合、相互促进**

走进国家超级计算成都中心的“硅立方”数据机房，耳边微微作响。每秒可进行10亿亿次浮点运算，数据流与信息流交织。

算力服务区域重大战略，成都中心携手重庆大学，产学研合作正向纵深推进。“我们已和成渝等地1700多个用户建立算力应用场景。”中心负责人王建波说。

放眼川渝，两地和合，跃然成势。

巴蜀腹地，四川天府锦城实验室与重庆金凤实验室合作，生物医药科技成果频出；

长江之畔，两地执法人员行走江岸，共同巡河，共护一江清水……

川渝两地，当初行政区划“分”，如今区域协同“合”，目标一致，都是为了促进发展。

合，规划协同，区域联动发展格局基本形成。

川渝各有所长，亦各有所短：四川科研机构众多，人才资源丰富，第三产业发展较好，但制造业基础相对薄弱；重庆据长江之利，航运发达，工业门类齐全，制造业基础较好，但服务业发展相对滞后。

成渝地区双城经济圈建设是一项系统工程，离不开顶层设计和统筹协调。中共中央、国务院印发的《成渝地区双城经济圈建设规划纲要》，为两地一体化发展指明方向：建设成为具有全国影响力的重要经济中心、科技创新中心、改革开放新高地、高品质生活宜居地。

“川渝两地共同出台实施方案，把宏伟蓝图变成施工路线图。”四川省发展改革委主任代永波说。

科学规划，谋定而后动。围绕融合做文章，共唱“双城记”。6年来，400多个重大项目先后实施，一批协作平台、机制相继确立。

合，项目共建，区域融通持续升级。

四川资阳，川渝1000千伏特高压交流工程芙蓉变电站里，数据跳动。

“2024年底建成投运以来，我们已向成都负荷中心输送清洁能源约100亿千瓦时。”站长熊晓宇说。

成渝地区双城经济圈内，工农业生产集中，电力负荷紧张。四川甘孜藏族自治州水电、光伏电能等清洁能源丰富，电力输出却面临阻碍。

川渝将1000千伏特高压交流工程列为共建重大项目，自四川甘孜州向重庆潼南区、铜梁区新建输电线路。工程每年最大可向川渝负荷中心输送电能350亿千瓦时，相当于近千万户家庭一年的生活用电量。

项目共建驱动，区域发展融通。嘉陵江利泽航运枢纽等建成通航，成渝中线高铁、川气东送二线天然气管道工程等项目加快建设，成渝综合性科学中心等科技项目也加快推进。

合，平台共搭，“一盘棋”走深走实。

四川松潘，2000亩蚕豆见证川渝农业科技合作新成效。

2022年，重庆蚕豆品种从荣昌区等地首次踏足川西高原。经过重庆市农科院、四川省农科院和松潘县政府三方合作，川渝两地20多个食赏两用豆品种相继落地松潘，“地膜+控肥”等技术助力豆类单产翻倍。

两地农科院牵头引领，农业院校和经营主体参与，共建成渝地区双城经济圈农业科技创新联盟，为农业科技协同创新搭建平台。“联盟实施了科技项目230多项，已推广新技术110多项。”重庆市农科院副研究员龙珏臣说。

合作平台共搭，区域发展加速。6年来，川渝两地已联合印发100多个政策文件，设置22个联合专项工作组、选派500多人次干部交流挂职，建立起多层次、常态化合作机制。

**兼顾新与旧**

**以科技创新推动产业创新，发展新兴产业，升级传统产业，加速形成新质生产力**

成都街头，一台银白色机器人协助指挥交通，格外惹眼。

它叫“通天晓”，由成都阿加犀智能科技有限公司研发。“我们帮机器人大脑开发‘智力’，让它更‘聪明’。”2020年，公司创始人孙晓刚来到成都高新技术产业开发区创业，如今客户遍布成渝。

建设具有全国影响力的重要经济中心、科技创新中心，川渝两地兼顾新与旧，推动科技创新和产业创新深度融合。

向“新”而行，新兴产业拔节成长。

为自动驾驶“擦亮眼镜”，重庆企业中科摇橹船研发空间智能相机，突破现有感知技术瓶颈，为行业带来新方案；

在自身免疫病治疗领域取得突破，成都优赛诺生物科技有限公司建成西南地区最大的细胞药物生产基地……

双核引领，分工协作，6年来，川渝产业集群含新量越来越高。两地电子信息、生物医药等5个制造业集群入选国家级先进制造业集群，人工智能、低空经济、商业航天等新兴产业加快发展。

从“新”出发，以科技创新推动产业创新。

四川天府新区，兴隆湖畔，成都科创生态岛燃起“创新之火”。

研发一款用于宠物品种鉴定和遗传疾病筛查的分子诊断试剂盒，四川农业大学博士研究生邓操曾苦于资金短缺，又找不到合适的算力和测序服务。

得知情况，科创生态岛一家成果转化团队对接本地算力服务企业和测序服务商，连接金融资源，帮助解决研发难题，实现成果转化。

推动产业创新和科技创新有机融合，川渝两地共建先进技术成果西部转化中心等平台，共办“一带一路”科技交流大会，以“一城多园”模式共建西部科学城。如今，两地专精特新“小巨人”企业达800家、高新技术企业达2.7万家。

一手发展新兴产业，一手推动传统产业转型升级，两地立足自身特点，积极发展新质生产力。

革“旧”图“新”，传统产业焕发新生机。

汽车产业是重庆的主导产业，赛力斯与华为合作，先后落地赛力斯魔方技术平台、赛力斯超级增程等一系列技术成果。

龙头带动，成渝地区双城经济圈汽车产业链整体提升。宁德时代落子四川宜宾，在赛力斯超级工厂设置“厂中厂”，实现双方零距离合作。

推“陈”出“新”，数字化催生更高效率。

走进重庆南岸区的双环传动（重庆）精密科技有限责任公司智能工厂，工人手持平板电脑，穿梭于设备之间，工业互联网与大数据技术让生产流程尽在掌控，生产效率提升近四成。

实施产业数字化改造，南岸区实现工业营收及产值双破千亿元。

重庆市发展改革委主任高健介绍，川渝两地共建电子信息、装备制造、先进材料、特色消费品四大万亿元级产业集群，现代服务业优势明显增强，山地特色高效农业加快建设。

**共促内与外**

**一手促改革破除壁垒，一手促开放畅通循环，共建改革开放新高地**

小小一张税票，被国家博物馆永久收藏。

这是全国首个跨省域税费征管服务中心开出的首张税票，由川渝高竹新区税费征管服务中心出具，是一家企业食堂向农户采购蔬菜的记录。

大胆试、大胆闯，川渝携手以打造改革开放新高地为引领，服务融入新发展格局。

川渝高竹新区是全国首个实体化运行的跨省域共建试验区，探索经济区与行政区适度分离改革。

“新区税费征管、医保社保等领域政务服务通道已打通，正在加速融入和服务全国统一大市场建设。”新区党工委专职副书记李佳说。

打破地域藩篱，川渝出台区域市场一体化建设行动方案，推进市场准入“异地同标”。“健全统一市场监管规则，川渝两地率先出台全国首个跨省域市场监管领域依法免予处罚清单，统一26项药品安全以及企业信用风险分类等监管标准。”重庆市政府驻四川办事处主任李历说。

深化改革，多个“全国首创”改革成果在成渝地区双城经济圈诞生：

探索建设全国首个跨省域管辖金融案件的专门法院——成渝金融法院。从四川调任而来的成渝金融法院综合办公室主任倪虎，每周五坐最晚一班高铁回成都，周日再来重庆。“我们重庆、成都两地办公，人员也来自两省市。”倪虎说。

设立全国首个跨省域联合河长办——川渝河长制联合推进办公室。塘河河畔，重庆市江津区人民检察院检察官顾志峰正与四川省合江县人民检察院检察官刘天治一道巡河，这样的合作已成常态。25个川渝跨界河流国考断面，连续4年水质达标率100%。

协同推进改革，两地形成开展生态环境协同立法司法协作、重大项目联合调度服务机制等18条具有川渝辨识度的跨区域合作经验。

以改革促开放，以开放促改革。

成都国际铁路港综合保税区，车辆穿梭。不用换车入区，减少申报手续，说起“区内直转”试点改革，成都佳利达国际物流有限公司仓储经理黄振中感慨，企业报关工作量压缩了65%，一年能省物流成本近百万元。

过去，不少企业从事内外贸业务，一辆运输车装有两种状态的货物，需要在保税区外分拨，换不同的车辆入区。2023年底，“区内直转”业务落地成都国际铁路港，让货物在保税区内轻松实现“非保税”到“保税”状态切换。

中欧班列集拼集运模式、综合保税区一线进区“货物即到即入”模式、多式联运“一单制”“一箱制”……一系列改革成果应用，让川渝开放的底色更浓、成色更足。

重庆江津小南垭物流中心，汽笛长鸣，班列缓缓驶出。威马农机股份有限公司生产的农机，将通过西部陆海新通道运往广西钦州，再出海转运至东南亚、南亚。

“80%的订单源自海外，借助江津班列铁海联运，我们的产品远销70多个国家和地区。”威马农机副总经理王帅说。

枢纽牵引开放，开放驱动发展。如今，小南垭所在的重庆枢纽港产业园集聚1000余家企业，形成了装备制造、先进材料、现代物流及供应链服务等主导产业。

陆海内外联动，东西双向互济，全面开放格局加速形成。数据显示，中欧班列（成渝）已累计开行班列超2.6万列、开行规模保持全国领先，西部陆海新通道通达127个国家（地区）的584个港口。

**统筹大与小**

**胸怀“国之大者”，心系民生小事，以发展成果提升生活品质**

中国式现代化，民生为大。

川渝两地公共服务共建共享，深刻改变市民生活。

材料递交后，叶茜很快就收到公司5位来自四川的人才成功参加职称评审的消息。“搁过去，得等3个月。”作为重庆九洲星熠导航设备有限公司人力资源主管，她对川渝人才职称互认深有感触。

“持有两地人社部门颁发的职称证书的专业技术人才，跨地区流动时，无需重新评审或确认，申报高一级职称时，可持原证书申报。”重庆市大渡口区人力社保局负责人说。

推动基本公共服务标准化便利化，双城生活正在变成同城体验——

办事高效了。6年来，川渝共有355项企业、群众高频事项跨省域办理；

看病省心了。两省市935家二级以上公立医院、222项检查检验结果互认，1726家医疗机构实现川渝电子健康卡“扫码就医”；

生活便利了。通过“川渝阅读一卡通”，两地实现174家公共图书馆、5000万册图书通借通还。

全局擘画，精细推进，一大一小间，以发展成果提升生活品质。

下班后，换上鞋，田兴国沿兴隆湖的绿道慢跑，“一圈下来约9公里，目之所及皆是风景。”

田兴国是甘肃人，6年前从北京来成都定居。“公司就在兴隆湖边，环境好，设施齐，很安逸，像生活在公园里。”顺着田兴国手指的方向望去，栈道、书店点缀其间，休闲的市民络绎不绝。

良好生态环境，是最普惠的民生福祉。建设公园城市，成都超9000公里城市绿道串联成网，各类公园数量超1500个；重庆璧山区拥有38个城市公园，一园一主题、一步一风景……

公园城市的“大谋划”，正转化为每个人可感可及的“小幸福”。近3年来，成都累计吸引156万青年人才，越来越多的年轻人扎根在此。

宜居宜业，也宜游。

在四川资阳的安岳石窟数字体验馆，侧身跷脚的紫竹观音像映入眼帘。这尊造像通过3D打印技术复刻，真身则距县城50公里远。

只需轻轻一点，紫竹观音的衣袂就能飘动起来。“借助互动长卷、物体识别、手势感应等新技术，1000余处摩崖造像跨越时空‘活’了起来。”四川石窟文化旅游开发有限公司董事长李忠良说。

全国约有6000处石窟寺及摩崖造像，川渝占了近半数。两地共建巴蜀石窟文化旅游走廊联盟，联合推出石刻艺术文化旅游直通线、红色旅游精品线路等旅游线路。川渝两地工会还组织动员职工开展“百万职工游巴蜀”活动，共享文旅资源。

成都双子塔下，人头攒动；重庆朝天门广场，游人如织。6年砥砺奋进，川渝合作日益紧密，能级不断提升，新时代西部“双城记”越唱越响。

（本报记者张帆、刘新吾、游仪、王永战）",,要闻,https://paper.people.com.cn/rmrb/pc/content/202601/10/content_30131020.html,2026-01-10,"['两地', '成渝', '双城', '成都', '经济圈', '重庆', '共建', '四川', '发展', '科技']","沿海如弓，长江似箭，成渝地区则是箭羽，虽处内陆，却关系全局。
成渝地区双城经济圈，是我国西部人口最密集、产业基础最雄厚、创新能力最强、市场空间最广阔、开放程度最高的区域。
2020年1月，习近平总书记主持召开中央财经委员会第六次会议时强调：“要推动成渝地区双城经济圈建设，在西部形成高质量发展的重要增长极。”“十五五”规划建议提出，提升成渝地区双城经济圈发展能级。",政治
将愿景变成可及的现实（记者手记）,"“川渝一家亲！”行走巴蜀大地，这句热切的话不时入耳。
成都的同志说，重庆有长江之利，工业门类齐全，正是当下成都所缺；重庆的同志说，成都科创实力较强，商贸服务业发达，正好与重庆形成互补。6年来，成渝地区双城经济圈建设，将两地的愿景逐步变成了可及的现实。
促“合”，先得摒弃只盯自家“一亩三分地”的思维，树立“一盘棋”的观念。职称证书，以往川渝跨区互认，需要重新评审，快则3个月，慢的小半年；现在无需重评，可直接享受当地相应的职称评聘政策。让技术、资本、人才等资源要素在两地流动起来，活跃的川渝市场必将助力全国统一大市场建设。
促“合”，还得善用改革的办法破除影响两地经济循环的堵点、卡点。6年来，成渝双城经济圈探索出18条跨区域协作经验：市场准入“异地同标”、企业跨省市“一键迁移”、行政区与经济区适度分离的高竹新区……只要坚定信念不动摇，直面问题不回避，就一定能够打开改革发展新天地。
川渝携手，美美与共，共绘中国式现代化的巴蜀篇章。","# 将愿景变成可及的现实（记者手记）

> 张  帆《人民日报》（2026年01月10日第 05 版）

“川渝一家亲！”行走巴蜀大地，这句热切的话不时入耳。

成都的同志说，重庆有长江之利，工业门类齐全，正是当下成都所缺；重庆的同志说，成都科创实力较强，商贸服务业发达，正好与重庆形成互补。6年来，成渝地区双城经济圈建设，将两地的愿景逐步变成了可及的现实。

促“合”，先得摒弃只盯自家“一亩三分地”的思维，树立“一盘棋”的观念。职称证书，以往川渝跨区互认，需要重新评审，快则3个月，慢的小半年；现在无需重评，可直接享受当地相应的职称评聘政策。让技术、资本、人才等资源要素在两地流动起来，活跃的川渝市场必将助力全国统一大市场建设。

促“合”，还得善用改革的办法破除影响两地经济循环的堵点、卡点。6年来，成渝双城经济圈探索出18条跨区域协作经验：市场准入“异地同标”、企业跨省市“一键迁移”、行政区与经济区适度分离的高竹新区……只要坚定信念不动摇，直面问题不回避，就一定能够打开改革发展新天地。

川渝携手，美美与共，共绘中国式现代化的巴蜀篇章。",张  帆,要闻,https://paper.people.com.cn/rmrb/pc/content/202601/10/content_30131021.html,2026-01-10,"['愿景', '可及', '两地', '双城', '经济圈', '成都', '职称', '重庆', '巴蜀', '成渝']","“川渝一家亲！”行走巴蜀大地，这句热切的话不时入耳。
成都的同志说，重庆有长江之利，工业门类齐全，正是当下成都所缺；重庆的同志说，成都科创实力较强，商贸服务业发达，正好与重庆形成互补。6年来，成渝地区双城经济圈建设，将两地的愿景逐步变成了可及的现实。
促“合”，先得摒弃只盯自家“一亩三分地”的思维，树立“一盘棋”的观念。职称证书，以往川渝跨区互认，需要重新评审，快则3个月，慢的小半年；现在无需重评，可直接享受当地相应的职称评聘政策。让技术、资本、人才等资源要素在两地流动起来，活跃的川渝市场必将助力全国统一大市场建设。",政治
口传的史诗  世界的遗产（传承之光）,"国家级非物质文化遗产代表性传承人吴宝臣（中）传习伊玛堪。海  宁供图
国家级非物质文化遗产代表性传承人吴宝臣（中）传习伊玛堪。
海  宁供图
在印度新德里召开的联合国教科文组织保护非物质文化遗产政府间委员会第二十届常会上，“赫哲族伊玛堪”从急需保护的非物质文化遗产名录成功转入人类非物质文化遗产代表作名录，同时“‘赫哲族伊玛堪’保护计划”被列入“优秀实践名册”。在我国非物质文化遗产保护历程中，首次实现了转名录和入选优秀保护实践名册同时成功。
这是赫哲族的人们在风雪漫卷的冬日，听到的最暖的消息，他们祖祖辈辈最珍视的艺术瑰宝迎来了“历史性”时刻。
赫哲族自古逐三江（黑龙江、松花江、乌苏里江）而居，以渔猎为生。伊玛堪是赫哲族世代传承的口头说唱艺术，以散韵兼行的方式进行表演，分为“大唱”和“小唱”。“大唱”如《满格木莫日根》，主要讲述英雄故事，如江河奔涌，气势恢宏，可连续说唱数日；“小唱”如《渔歌》，则体现渔猎生活、风俗人情和爱情故事，短小精炼，以抒情见长，引人入胜。因此，伊玛堪也被称为“活态的赫哲族百科全书”。
由于赫哲族只有语言没有文字，曾经，以赫哲语说唱为主的伊玛堪濒临绝响。伊玛堪的抢救性保护行动，从对年迈歌者全方位的录音开始。20世纪50年代，由国家主导的大规模田野采录调查启动，工作组深入三江平原，采录了吴连贵、尤树林等民间艺人的珍贵唱段，完整录制了《满斗莫日根》等长篇曲目，累计录音磁带时长超过50小时。至80年代，黑龙江省成立了“伊玛堪抢救小组”，使用便携式开盘录音机同步录制艺人说唱，并拍摄黑白影像资料，成功留存了葛德胜说唱的《安徒莫日根》《阿格弟莫日根》等濒临失传的经典。此后，黑龙江省启动“抢救性”档案采录工作，对国家级非遗代表性传承人实施360度影像采集，建立数字档案库。如今，在黑龙江省同江市的非遗数字体验馆里，收藏有吴宝臣等36位传承人的声音档案，涵盖54个经典片段。
比存档更紧迫的，是让声音重新“活”在当下。大多数传承人的技艺，最初来自火炕边长辈的零星传授。孩子稚嫩的模仿，常成为家庭聚会中最动人的部分。这种代际间的自然传递，让伊玛堪在血缘纽带中扎下了根。一首记录赫哲族生活变迁的《乌苏里芒目》，如今成为新时代娃娃们的“儿歌”。
伊玛堪传承中，赫哲语很关键，可赫哲族仅有5000余人，精通赫哲语者更是稀有。佳木斯市、同江市、抚远市、饶河县等赫哲族主要聚居地区积极探索“赫哲语进小学、进中学”。在同江市街津口赫哲族乡和八岔赫哲族乡中心校，赫哲语被写入教材。音乐课上，老师播放经典“小唱”片段，讲解背后的渔猎故事；兴趣小组里，传承人亲身示范，细致点评孩子们的表演，校园成为培育伊玛堪传承的新土壤。
在同江市非遗数字体验馆，只需手机轻扫，便可随时听到高水平的伊玛堪唱腔示范。二维码技术，打破了“口传心授”必须面对面、一对一的时空局限，让传承效率发生了质变。如今，7处传习所内伊玛堪说唱余音绕梁，更多的年轻人跟着“口袋导师”学唱起这门古老的艺术。
家庭、校园、社区、传习所，共同构成一个立体的传承网络。伊玛堪传承人从当初的5人增长到121人，线上线下的学员已超过500人。伊玛堪真正回归生活，实现了活态传承。
越来越多年轻人的加入，也使伊玛堪更具青春活力。许多年轻人大胆尝试创新发展伊玛堪。90后省级代表性传承人胡艺，用电子音乐混编伊玛堪古老曲调，让传统口弦琴的韵律时尚起来。伊玛堪的创新必须坚守三大原则：以赫哲语为载体、散韵结合的说唱形式、渔猎文明的精神内核。所有保护工作应以代表性传承人技艺的完整、真实记录与文化主体地位的尊重为前提，确保其文化真实性与精神本质不被消解。不能为了迎合种种需求，掺入所谓“当代元素”，破坏了原生态，得不偿失。
伊玛堪，犹如三江之水，既沉淀着古老文明的智慧结晶，又奔涌着创新发展的时代活力。正如伊玛堪说唱老艺人葛德胜所说：“只要松花江的水还在流，伊玛堪的歌就会一直唱下去。”
（作者单位分别为黑龙江省社科院、中国民族报社）","# 口传的史诗  世界的遗产（传承之光）

> 侯  儒  海  宁《人民日报》（2026年01月10日第 08 版）

国家级非物质文化遗产代表性传承人吴宝臣（中）传习伊玛堪。　　海  宁供图

国家级非物质文化遗产代表性传承人吴宝臣（中）传习伊玛堪。

海  宁供图

在印度新德里召开的联合国教科文组织保护非物质文化遗产政府间委员会第二十届常会上，“赫哲族伊玛堪”从急需保护的非物质文化遗产名录成功转入人类非物质文化遗产代表作名录，同时“‘赫哲族伊玛堪’保护计划”被列入“优秀实践名册”。在我国非物质文化遗产保护历程中，首次实现了转名录和入选优秀保护实践名册同时成功。

这是赫哲族的人们在风雪漫卷的冬日，听到的最暖的消息，他们祖祖辈辈最珍视的艺术瑰宝迎来了“历史性”时刻。

赫哲族自古逐三江（黑龙江、松花江、乌苏里江）而居，以渔猎为生。伊玛堪是赫哲族世代传承的口头说唱艺术，以散韵兼行的方式进行表演，分为“大唱”和“小唱”。“大唱”如《满格木莫日根》，主要讲述英雄故事，如江河奔涌，气势恢宏，可连续说唱数日；“小唱”如《渔歌》，则体现渔猎生活、风俗人情和爱情故事，短小精炼，以抒情见长，引人入胜。因此，伊玛堪也被称为“活态的赫哲族百科全书”。

由于赫哲族只有语言没有文字，曾经，以赫哲语说唱为主的伊玛堪濒临绝响。伊玛堪的抢救性保护行动，从对年迈歌者全方位的录音开始。20世纪50年代，由国家主导的大规模田野采录调查启动，工作组深入三江平原，采录了吴连贵、尤树林等民间艺人的珍贵唱段，完整录制了《满斗莫日根》等长篇曲目，累计录音磁带时长超过50小时。至80年代，黑龙江省成立了“伊玛堪抢救小组”，使用便携式开盘录音机同步录制艺人说唱，并拍摄黑白影像资料，成功留存了葛德胜说唱的《安徒莫日根》《阿格弟莫日根》等濒临失传的经典。此后，黑龙江省启动“抢救性”档案采录工作，对国家级非遗代表性传承人实施360度影像采集，建立数字档案库。如今，在黑龙江省同江市的非遗数字体验馆里，收藏有吴宝臣等36位传承人的声音档案，涵盖54个经典片段。

比存档更紧迫的，是让声音重新“活”在当下。大多数传承人的技艺，最初来自火炕边长辈的零星传授。孩子稚嫩的模仿，常成为家庭聚会中最动人的部分。这种代际间的自然传递，让伊玛堪在血缘纽带中扎下了根。一首记录赫哲族生活变迁的《乌苏里芒目》，如今成为新时代娃娃们的“儿歌”。

伊玛堪传承中，赫哲语很关键，可赫哲族仅有5000余人，精通赫哲语者更是稀有。佳木斯市、同江市、抚远市、饶河县等赫哲族主要聚居地区积极探索“赫哲语进小学、进中学”。在同江市街津口赫哲族乡和八岔赫哲族乡中心校，赫哲语被写入教材。音乐课上，老师播放经典“小唱”片段，讲解背后的渔猎故事；兴趣小组里，传承人亲身示范，细致点评孩子们的表演，校园成为培育伊玛堪传承的新土壤。

在同江市非遗数字体验馆，只需手机轻扫，便可随时听到高水平的伊玛堪唱腔示范。二维码技术，打破了“口传心授”必须面对面、一对一的时空局限，让传承效率发生了质变。如今，7处传习所内伊玛堪说唱余音绕梁，更多的年轻人跟着“口袋导师”学唱起这门古老的艺术。

家庭、校园、社区、传习所，共同构成一个立体的传承网络。伊玛堪传承人从当初的5人增长到121人，线上线下的学员已超过500人。伊玛堪真正回归生活，实现了活态传承。

越来越多年轻人的加入，也使伊玛堪更具青春活力。许多年轻人大胆尝试创新发展伊玛堪。90后省级代表性传承人胡艺，用电子音乐混编伊玛堪古老曲调，让传统口弦琴的韵律时尚起来。伊玛堪的创新必须坚守三大原则：以赫哲语为载体、散韵结合的说唱形式、渔猎文明的精神内核。所有保护工作应以代表性传承人技艺的完整、真实记录与文化主体地位的尊重为前提，确保其文化真实性与精神本质不被消解。不能为了迎合种种需求，掺入所谓“当代元素”，破坏了原生态，得不偿失。

伊玛堪，犹如三江之水，既沉淀着古老文明的智慧结晶，又奔涌着创新发展的时代活力。正如伊玛堪说唱老艺人葛德胜所说：“只要松花江的水还在流，伊玛堪的歌就会一直唱下去。”

（作者单位分别为黑龙江省社科院、中国民族报社）",侯  儒  海  宁,文化遗产,https://paper.people.com.cn/rmrb/pc/content/202601/10/content_30131035.html,2026-01-10,"['伊玛', '传承', '赫哲族', '赫哲语', '说唱', '莫日根', '文化遗产', '同江市', '保护', '代表性']","国家级非物质文化遗产代表性传承人吴宝臣（中）传习伊玛堪。海  宁供图
国家级非物质文化遗产代表性传承人吴宝臣（中）传习伊玛堪。
海  宁供图",政治
我们这样回答“窑洞之问”,"“要砥砺初心使命，持之以恒、久久为功，继续回答好延安‘窑洞之问’，书写无愧于人民的时代答卷。”2025年12月31日，国家主席习近平发表新年贺词，特别提到了“窑洞之问”。
我们党历史这么长、规模这么大、执政这么久，如何跳出治乱兴衰的历史周期率？这是穿越时空的追问，是一道必须答好的考题。
2025年，是“窑洞之问”提出80年。我们开展深入贯彻中央八项规定精神学习教育，徙木立信从严管党治党，去腐生肌推进自我革命，党风政风持续向好。
2025年，是“十四五”收官之年。我国经济顶压前行、向新向优发展，顺利完成经济社会发展主要目标，中国式现代化迈出新的坚实步伐。
这一年，在以习近平同志为核心的党中央坚强领导下，我们坚定不移以党的自我革命引领社会革命，在时代卷轴上挥毫写下关于初心、关于担当、关于未来的新答卷。追风赶月莫停留，平芜尽处是春山。继续回答好“窑洞之问”，定能走好新的“赶考之路”，中华民族伟大复兴势不可挡。
（一）
回答“窑洞之问”，要在不忘初心，贵在保持清醒。
时间的指针拨回2025年1月，二十届中央纪委四次全会，习近平总书记告诫全党：“腐败是我们党面临的最大威胁，反腐败是最彻底的自我革命”“要坚决澄清各种错误认识，廓清思想迷雾，进一步坚定反腐败斗争的决心和信心”……
一步不停歇、半步不退让，反腐败永远吹冲锋号，党的自我革命永远在路上。
自我革命，是“窑洞之问”的第二个答案，是我们党永葆生机活力的奥秘所在。它早已贯穿党的奋斗历程，融入党的精神血脉，并且在新时代迸发出更为磅礴的实践伟力。在2025年的中国叙事中，这一鲜明品格同样是落地深沉、力透纸背。
从岁首到年终，自我革命的脚步从未停歇。2025年12月的几次重要指示，尤见这份坚定与执着——
在中央经济工作会议上，强调“要树立和践行正确政绩观”“坚持为人民出政绩”“以实干出政绩”；
对中央企业工作作出重要指示，强调“要完善制度、强化监督，坚决惩治腐败，锲而不舍纠治‘四风’，着力营造风清气正的政治生态”；
在中共中央政治局民主生活会上，指出“中央政治局的同志要当好党性党风标杆，在笃信、务实、担当、自律上为全党带好头、作示范”；
…………
办好中国的事情，关键在党。推进中国式现代化，是一项前无古人的开创性事业。越是肩扛重担，越要自身过硬。一次次部署，一句句嘱托，蕴含历史清醒，彰显战略定力，无一不是对“窑洞之问”的坚定作答。
回望2025，若论自我革命有何鲜明的注脚，深入贯彻中央八项规定精神学习教育必是那熠熠生辉的一笔。广大党员干部一体推进学查改，以优良作风凝心聚力、干事创业。
新时代新征程，中央八项规定是党中央徙木立信之举，是新时代管党治党的标志性措施，早已深入人心、为世界瞩目。为何此时再度响鼓重锤？
2025年3月在贵州、云南考察期间，习近平总书记的一席话简洁而又深刻：“这些年，八项规定确实是推动了根本性的变化，风气为之一新，过去积重难返的现象大部分没有了。同时要看到，有一些地方发生了松动，有一些方面还存在盲区死角，一些不良风气出现了反弹回潮。钉钉子嘛，再钉几下，久久为功，化风为俗。”
言语中，有对历史性成就的肯定，更饱含对“四风”问题顽固性、反复性的认知。作风建设是一场攻坚战、持久战，必须有“永远在路上”的清醒与自觉，有“说到的就要做到，承诺的就要兑现”的决心与恒心。
八十载沧桑巨变，“窑洞之问”言犹在耳。
2025年6月30日，中国共产党成立104周年之际，中共中央政治局就健全落实中央八项规定精神、纠治“四风”长效机制进行第二十一次集体学习。会上，习近平总书记向全党提出明确要求：“党组织和党员无论处在哪个层级、担负什么工作，都应该有自我革命的责任。”
党的自我革命这根弦一刻也不能放松，必须绷得更紧。
（二）
决心已定，方向已明，关键在行动。
百余年风雨兼程，我们党由小变大、由弱变强，离不开自我革命的强大支撑。新时代以来，政治建设、思想建设、组织建设、作风建设、纪律建设，把制度建设贯穿其中，深入推进反腐败斗争……全面从严治党持续推进，刹住了不少过去认为不可能刹住的歪风，祛除了一些多年难以祛除的顽瘴痼疾，开辟自我革命新境界。
2025年6月，习近平总书记深刻指出：“推进党的自我革命，要在提高认识、增强党性、规范权力运行、从严监督执纪、履行管党治党责任等方面进一步落实到位。”
靶向施治、系统集成，我们党正以彻底的自我革命精神，推动新时代党的建设新的伟大工程向纵深发展。
试看“规范权力运行”，制度笼子越扎越密、越扎越牢。
2025年5月，新修订的《党政机关厉行节约反对浪费条例》甫一印发，就引起社会广泛关注。工作餐不得提供高档菜肴；严禁为公务用车增加高档配置或者豪华内饰；加强对到基层调研、督查检查的统筹规范，防止重复扎堆增加基层负担……一条条新规定，释放出对奢侈浪费行为一抓到底、决不放松的强烈信号。
硬要求变成硬举措，铁规矩长出铁牙齿。一方面，中央层面深入贯彻中央八项规定精神学习教育工作专班、中央纪委办公厅公开通报多起违规吃喝典型问题，警示教育成为常态；另一方面，办公用品采购先看看公物仓，出差期间扫码用餐，公务用车全程透明……制度从“纸上”走进“心中”，节约从“要求”变成“习惯”。
2025年，《农村基层干部廉洁履行职责规定》《地方党政领导干部生态环境保护责任制规定（试行）》印发……党内法规体系持续完善，把权力关进制度的笼子。
再看“从严监督执纪”，管党治党不断向基层延伸、向深处发力。
全面从严治党的成效如何，群众的口碑是最好的标尺。
过去一年，习近平总书记赴地方考察，走到人民群众中间。在辽宁葫芦岛等地，看望慰问基层干部群众；在云南丽江古城，了解商铺经营状况和游客感受；在广东梅州，察看乡村特色产业发展情况……
“每个‘小家’热气腾腾，中国这个‘大家’就蒸蒸日上。”根据党中央部署，中央纪委国家监委和各级纪检监察机关持续深入整治群众身边不正之风和腐败问题。中小学“校园餐”、不动产“登记难”、农村集体“三资”管理……一件件推动、一项项整治，严查贪污侵占、截留挪用等违纪违法行为，坚决斩断伸向群众利益的“黑手”，让公平正义可感可及、党心民心更加凝聚。
自胜者强，越己者恒越。
党中央重大决策部署到哪里，政治监督就跟进到哪里。中央纪委国家监委和各级纪检监察机关持续推进政治监督具体化、精准化、常态化，聚焦党中央重大决策部署和习近平总书记重要指示批示精神落实情况加强监督检查，找准问题，压实责任，保障落实到位。
今天，各级党组织坚持党性党风党纪一起抓、正风肃纪反腐相贯通，自觉在“五个进一步到位”上下真功、求实效，把严的氛围营造起来，把正的风气树立起来。这既是以实际行动回答“窑洞之问”，更是赢得人心、赢得主动、赢得未来的力量积蓄。
（三）
聆听新年贺词，感受欣欣向荣的中国：“国之盛典威武雄壮，胜利荣光永载史册”“创新创造催生了新质生产力，也让生活更加多姿多彩”“传统与现代交融，中华文化绽放更加灿烂的光芒”……
温暖的话语，传递的是信心，凝聚的是力量。
2025年，很不平凡的一年。在外部压力加大和内部困难较多的复杂局面下，我国经济保持了总体平稳、稳中有进的发展态势，展现出强大韧性和活力。
这份沉甸甸的成绩单背后，有党中央的坚强领导，有广大党员干部群众的团结奋斗，深刻印证了“以党的自我革命引领社会革命”的内在逻辑——党兴方能国强。管党治党越有效，经济社会发展的保障就越有力。
党的二十届四中全会审议通过“十五五”规划建议。会上，习近平总书记有一段精辟深入的阐述：“通过党的自我革命，弘扬新风正气、纠治顽瘴痼疾，营造良好政治生态，激励干部担当作为，凝聚民心民力，就能为经济社会发展源源不断注入正能量。”
这是对历史经验的总结，更是对“窑洞之问”的深层回应——自我革命的目的不仅仅在于巩固党的执政根基、永葆党的生机活力，更在于通过锻造更加坚强的领导核心，有力地推动社会革命，实现中华民族伟大复兴。
这份洞察，穿越历史迷雾；这份担当，指引未来征途。它让我们在回答“窑洞之问”时，愈发坚定、愈发自觉。
2025年，无论是赴地方考察，还是出席重要会议，习近平总书记在部署经济社会发展工作时，总会对党的建设提出明确要求。
在山西考察时，指出“要发扬自我革命精神，落实管党治党责任，坚持党性党风党纪一起抓、正风肃纪反腐相贯通，把严的基调、严的措施、严的氛围长期坚持下去，努力营造风清气正的政治生态”；
在听取海南自由贸易港建设工作汇报时，指出“完善一体推进不敢腐、不能腐、不想腐工作机制，着力铲除腐败滋生的土壤和条件”；
在广东考察时，强调“要把正风肃纪反腐贯穿权力运行全过程，一体推进不敢腐、不能腐、不想腐，以风清气正的政治生态引领形成良好发展环境”；
…………
清风正气扬，奋进正当时。一年来，各级党组织坚持不懈用习近平新时代中国特色社会主义思想凝心铸魂，引导广大党员干部把思想方法搞对头，步调一致向前进；坚决打好反腐败斗争攻坚战持久战总体战，督促广大党员干部遵规守纪、干净干事；持续整治形式主义为基层减负，推动广大基层干部轻装上阵、奋发有为。
犹记得2025年全国两会期间，习近平总书记强调：“经济大省挑大梁，必须坚持党的全面领导，以高质量党建引领高质量发展。”
这是硬要求，更是“金钥匙”。各地坚持党建引领，党组织战斗堡垒愈加坚固，党员干部在攻坚一线扛重任、当先锋，党的政治优势、组织优势不断转化为发展优势、治理效能。要问“窑洞之问”答得如何，答案就书写在经济社会发展的勃勃生机里，书写在人民群众安居乐业的笑容中。
“赶考”未有穷期，“窑洞之问”常答常新。","# 我们这样回答“窑洞之问”

> 本报记者  张  洋  赵  成《人民日报》（2026年01月11日第 01 版）

“要砥砺初心使命，持之以恒、久久为功，继续回答好延安‘窑洞之问’，书写无愧于人民的时代答卷。”2025年12月31日，国家主席习近平发表新年贺词，特别提到了“窑洞之问”。

我们党历史这么长、规模这么大、执政这么久，如何跳出治乱兴衰的历史周期率？这是穿越时空的追问，是一道必须答好的考题。

2025年，是“窑洞之问”提出80年。我们开展深入贯彻中央八项规定精神学习教育，徙木立信从严管党治党，去腐生肌推进自我革命，党风政风持续向好。

2025年，是“十四五”收官之年。我国经济顶压前行、向新向优发展，顺利完成经济社会发展主要目标，中国式现代化迈出新的坚实步伐。

这一年，在以习近平同志为核心的党中央坚强领导下，我们坚定不移以党的自我革命引领社会革命，在时代卷轴上挥毫写下关于初心、关于担当、关于未来的新答卷。追风赶月莫停留，平芜尽处是春山。继续回答好“窑洞之问”，定能走好新的“赶考之路”，中华民族伟大复兴势不可挡。

**（一）**

回答“窑洞之问”，要在不忘初心，贵在保持清醒。

时间的指针拨回2025年1月，二十届中央纪委四次全会，习近平总书记告诫全党：“腐败是我们党面临的最大威胁，反腐败是最彻底的自我革命”“要坚决澄清各种错误认识，廓清思想迷雾，进一步坚定反腐败斗争的决心和信心”……

一步不停歇、半步不退让，反腐败永远吹冲锋号，党的自我革命永远在路上。

自我革命，是“窑洞之问”的第二个答案，是我们党永葆生机活力的奥秘所在。它早已贯穿党的奋斗历程，融入党的精神血脉，并且在新时代迸发出更为磅礴的实践伟力。在2025年的中国叙事中，这一鲜明品格同样是落地深沉、力透纸背。

从岁首到年终，自我革命的脚步从未停歇。2025年12月的几次重要指示，尤见这份坚定与执着——

在中央经济工作会议上，强调“要树立和践行正确政绩观”“坚持为人民出政绩”“以实干出政绩”；

对中央企业工作作出重要指示，强调“要完善制度、强化监督，坚决惩治腐败，锲而不舍纠治‘四风’，着力营造风清气正的政治生态”；

在中共中央政治局民主生活会上，指出“中央政治局的同志要当好党性党风标杆，在笃信、务实、担当、自律上为全党带好头、作示范”；

…………

办好中国的事情，关键在党。推进中国式现代化，是一项前无古人的开创性事业。越是肩扛重担，越要自身过硬。一次次部署，一句句嘱托，蕴含历史清醒，彰显战略定力，无一不是对“窑洞之问”的坚定作答。

回望2025，若论自我革命有何鲜明的注脚，深入贯彻中央八项规定精神学习教育必是那熠熠生辉的一笔。广大党员干部一体推进学查改，以优良作风凝心聚力、干事创业。

新时代新征程，中央八项规定是党中央徙木立信之举，是新时代管党治党的标志性措施，早已深入人心、为世界瞩目。为何此时再度响鼓重锤？

2025年3月在贵州、云南考察期间，习近平总书记的一席话简洁而又深刻：“这些年，八项规定确实是推动了根本性的变化，风气为之一新，过去积重难返的现象大部分没有了。同时要看到，有一些地方发生了松动，有一些方面还存在盲区死角，一些不良风气出现了反弹回潮。钉钉子嘛，再钉几下，久久为功，化风为俗。”

言语中，有对历史性成就的肯定，更饱含对“四风”问题顽固性、反复性的认知。作风建设是一场攻坚战、持久战，必须有“永远在路上”的清醒与自觉，有“说到的就要做到，承诺的就要兑现”的决心与恒心。

八十载沧桑巨变，“窑洞之问”言犹在耳。

2025年6月30日，中国共产党成立104周年之际，中共中央政治局就健全落实中央八项规定精神、纠治“四风”长效机制进行第二十一次集体学习。会上，习近平总书记向全党提出明确要求：“党组织和党员无论处在哪个层级、担负什么工作，都应该有自我革命的责任。”

党的自我革命这根弦一刻也不能放松，必须绷得更紧。

**（二）**

决心已定，方向已明，关键在行动。

百余年风雨兼程，我们党由小变大、由弱变强，离不开自我革命的强大支撑。新时代以来，政治建设、思想建设、组织建设、作风建设、纪律建设，把制度建设贯穿其中，深入推进反腐败斗争……全面从严治党持续推进，刹住了不少过去认为不可能刹住的歪风，祛除了一些多年难以祛除的顽瘴痼疾，开辟自我革命新境界。

2025年6月，习近平总书记深刻指出：“推进党的自我革命，要在提高认识、增强党性、规范权力运行、从严监督执纪、履行管党治党责任等方面进一步落实到位。”

靶向施治、系统集成，我们党正以彻底的自我革命精神，推动新时代党的建设新的伟大工程向纵深发展。

试看“规范权力运行”，制度笼子越扎越密、越扎越牢。

2025年5月，新修订的《党政机关厉行节约反对浪费条例》甫一印发，就引起社会广泛关注。工作餐不得提供高档菜肴；严禁为公务用车增加高档配置或者豪华内饰；加强对到基层调研、督查检查的统筹规范，防止重复扎堆增加基层负担……一条条新规定，释放出对奢侈浪费行为一抓到底、决不放松的强烈信号。

硬要求变成硬举措，铁规矩长出铁牙齿。一方面，中央层面深入贯彻中央八项规定精神学习教育工作专班、中央纪委办公厅公开通报多起违规吃喝典型问题，警示教育成为常态；另一方面，办公用品采购先看看公物仓，出差期间扫码用餐，公务用车全程透明……制度从“纸上”走进“心中”，节约从“要求”变成“习惯”。

2025年，《农村基层干部廉洁履行职责规定》《地方党政领导干部生态环境保护责任制规定（试行）》印发……党内法规体系持续完善，把权力关进制度的笼子。

再看“从严监督执纪”，管党治党不断向基层延伸、向深处发力。

全面从严治党的成效如何，群众的口碑是最好的标尺。

过去一年，习近平总书记赴地方考察，走到人民群众中间。在辽宁葫芦岛等地，看望慰问基层干部群众；在云南丽江古城，了解商铺经营状况和游客感受；在广东梅州，察看乡村特色产业发展情况……

“每个‘小家’热气腾腾，中国这个‘大家’就蒸蒸日上。”根据党中央部署，中央纪委国家监委和各级纪检监察机关持续深入整治群众身边不正之风和腐败问题。中小学“校园餐”、不动产“登记难”、农村集体“三资”管理……一件件推动、一项项整治，严查贪污侵占、截留挪用等违纪违法行为，坚决斩断伸向群众利益的“黑手”，让公平正义可感可及、党心民心更加凝聚。

自胜者强，越己者恒越。

党中央重大决策部署到哪里，政治监督就跟进到哪里。中央纪委国家监委和各级纪检监察机关持续推进政治监督具体化、精准化、常态化，聚焦党中央重大决策部署和习近平总书记重要指示批示精神落实情况加强监督检查，找准问题，压实责任，保障落实到位。

今天，各级党组织坚持党性党风党纪一起抓、正风肃纪反腐相贯通，自觉在“五个进一步到位”上下真功、求实效，把严的氛围营造起来，把正的风气树立起来。这既是以实际行动回答“窑洞之问”，更是赢得人心、赢得主动、赢得未来的力量积蓄。

**（三）**

聆听新年贺词，感受欣欣向荣的中国：“国之盛典威武雄壮，胜利荣光永载史册”“创新创造催生了新质生产力，也让生活更加多姿多彩”“传统与现代交融，中华文化绽放更加灿烂的光芒”……

温暖的话语，传递的是信心，凝聚的是力量。

2025年，很不平凡的一年。在外部压力加大和内部困难较多的复杂局面下，我国经济保持了总体平稳、稳中有进的发展态势，展现出强大韧性和活力。

这份沉甸甸的成绩单背后，有党中央的坚强领导，有广大党员干部群众的团结奋斗，深刻印证了“以党的自我革命引领社会革命”的内在逻辑——党兴方能国强。管党治党越有效，经济社会发展的保障就越有力。

党的二十届四中全会审议通过“十五五”规划建议。会上，习近平总书记有一段精辟深入的阐述：“通过党的自我革命，弘扬新风正气、纠治顽瘴痼疾，营造良好政治生态，激励干部担当作为，凝聚民心民力，就能为经济社会发展源源不断注入正能量。”

这是对历史经验的总结，更是对“窑洞之问”的深层回应——自我革命的目的不仅仅在于巩固党的执政根基、永葆党的生机活力，更在于通过锻造更加坚强的领导核心，有力地推动社会革命，实现中华民族伟大复兴。

这份洞察，穿越历史迷雾；这份担当，指引未来征途。它让我们在回答“窑洞之问”时，愈发坚定、愈发自觉。

2025年，无论是赴地方考察，还是出席重要会议，习近平总书记在部署经济社会发展工作时，总会对党的建设提出明确要求。

在山西考察时，指出“要发扬自我革命精神，落实管党治党责任，坚持党性党风党纪一起抓、正风肃纪反腐相贯通，把严的基调、严的措施、严的氛围长期坚持下去，努力营造风清气正的政治生态”；

在听取海南自由贸易港建设工作汇报时，指出“完善一体推进不敢腐、不能腐、不想腐工作机制，着力铲除腐败滋生的土壤和条件”；

在广东考察时，强调“要把正风肃纪反腐贯穿权力运行全过程，一体推进不敢腐、不能腐、不想腐，以风清气正的政治生态引领形成良好发展环境”；

…………

清风正气扬，奋进正当时。一年来，各级党组织坚持不懈用习近平新时代中国特色社会主义思想凝心铸魂，引导广大党员干部把思想方法搞对头，步调一致向前进；坚决打好反腐败斗争攻坚战持久战总体战，督促广大党员干部遵规守纪、干净干事；持续整治形式主义为基层减负，推动广大基层干部轻装上阵、奋发有为。

犹记得2025年全国两会期间，习近平总书记强调：“经济大省挑大梁，必须坚持党的全面领导，以高质量党建引领高质量发展。”

这是硬要求，更是“金钥匙”。各地坚持党建引领，党组织战斗堡垒愈加坚固，党员干部在攻坚一线扛重任、当先锋，党的政治优势、组织优势不断转化为发展优势、治理效能。要问“窑洞之问”答得如何，答案就书写在经济社会发展的勃勃生机里，书写在人民群众安居乐业的笑容中。

“赶考”未有穷期，“窑洞之问”常答常新。",张  洋  赵  成,要闻,https://paper.people.com.cn/rmrb/pc/content/202601/11/content_30131040.html,2026-01-11,"['2025', '之问', '自我', '习近平', '窑洞', '革命', '治党', '总书记', '管党', '八项']","“要砥砺初心使命，持之以恒、久久为功，继续回答好延安‘窑洞之问’，书写无愧于人民的时代答卷。”2025年12月31日，国家主席习近平发表新年贺词，特别提到了“窑洞之问”。
我们党历史这么长、规模这么大、执政这么久，如何跳出治乱兴衰的历史周期率？这是穿越时空的追问，是一道必须答好的考题。
2025年，是“窑洞之问”提出80年。我们开展深入贯彻中央八项规定精神学习教育，徙木立信从严管党治党，去腐生肌推进自我革命，党风政风持续向好。",政治
以惠民生为牵引，打开发展新空间,"党的二十届四中全会《建议》提出，注重在发展中保障和改善民生，在满足民生需求中拓展发展空间。中央经济工作会议提出，坚持民生为大，努力为人民群众多办实事。我们要始终坚持以人民为中心的发展思想，坚持扩大内需这个战略基点，坚持惠民生和促消费、投资于物和投资于人紧密结合，以新需求引领新供给，以新供给创造新需求，促进消费和投资、供给和需求良性互动，打开经济发展的新空间。
惠民生是促发展的重要动力。形成强大国内市场是构建新发展格局的重要支撑，也是大国经济优势所在。保障和改善民生，是有效扩大内需、形成强大国内市场的重要前提和基础。随着经济社会发展，人民群众的民生需求是渐次升级的。从衣食住行到教育、医疗、休闲、健身、养老等各方面需求，从商品需求到服务需求，从物质需求到精神需求，民生需求带动消费、牵引供给，是经济发展的重要动力和源泉之一。
当前，以惠民生促发展，有不少文章可做。
满足人民群众对提升住房品质和居住环境的需求，房地产高质量发展仍有较大空间。目前我国城镇住房总量已经不小，但还有相当部分城镇居民的住房需求没有得到很好满足，发展仍有可观前景。从刚性需求看，2024年我国常住人口城镇化率为67%，而户籍人口城镇化率不足50%，两者相差近18个百分点，随着以人为本的新型城镇化持续推进，新落户农民工、新毕业大学生等“新市民”刚性住房需求将持续释放。从改善性需求看，由于既有住房中有不少房龄老化，加之区位分布、持有结构不均衡，相当部分城镇居民住房满意度还不够高，存在“以旧换新”“以小换大”的改善性需求。据统计，我国2000年以前建成的城镇住宅占存量住宅30%以上，一些城市还有较大面积的城中村，改善性需求潜力还很大。从城市全域来看，许多城市社区居住人口过于密集，停车、购物、绿地、休闲健身等功能不齐备、不充分，城市更新大有可为。
满足需求、拓展空间，要以构建房地产发展新模式为牵引，以高质量开展城市更新为重要抓手，大力推进城市危旧房和城中村改造，加大保障性住房建设筹集力度，有序增加空间更大、品质更高、配套更好的“好房子”供应，更好满足人民群众对改善居住条件的新期待，让房地产行业高质量发展的路子越走越宽。
满足人民群众对服务消费的新需求，打造“有温度”的新供给空间广阔。当前我国居民的消费倾向和消费方式正在发生重要变化，在衣食住行等基本需求得到满足之后，文娱体验、健康美容等情感消费和服务型消费成为消费新趋势。场景式、互动式等参与感强、舒适度高的消费方式更受青睐，以体验为导向的文旅经济、研学经济、夜间经济成为消费新热点。2013年到2024年，我国居民年人均服务性消费支出从0.5万元提升到1.3万元，占比从39.7%提升到46.1%。
满足需求、拓展空间，要以新需求引领新供给，要以创意赋能提升产品和服务“设计含量”，满足消费者多元化需求。比如，江西省景德镇市推出反映春节年俗场景的“春碗”，将瓷碗的单一餐饮功能拓展到观赏、收藏、赠礼等功能；国铁集团将“退役”的绿皮列车改造为“银发旅游列车”，将列车的单一交通功能拓展为旅游、住宿、社交等多样化功能。要以科技赋能提升产品和服务“技术含量”，满足消费者品质化需求。比如，福建省莆田市扶持制鞋企业运用3D建模与虚拟现实技术，实现消费者个性化定制鞋款；湖南省浏阳市引入无人机、全息投影、人工智能生成影像等技术，打造创意烟火秀。要以IP赋能提升产品和服务“品牌含量”，满足消费者情感共鸣和认同需求。比如，河北省叫响“这么近，那么美，周末到河北”，近年来旅游人数和收入直线增加。云南省倡导“有一种叫云南的生活”，旅居云南成为时尚热点。这些“有温度”的新供给受到了消费者青睐，未来发展前景看好。
以惠民生促发展，要着力畅通“就业—收入—消费—投资”的良性循环。惠民生首先要稳就业，要强化就业优先政策导向，深入实施稳岗扩容提质行动，开展职业技能提升培训，加强人力资源开发利用，加大对重点就业群体的政策帮扶和精准服务，努力促进高质量充分就业。惠民生要着力增收入，要进一步完善劳动者工资决定、合理增长、支付保障机制，多渠道增加城乡居民财产性收入，努力增加转移性收入，规范收入分配秩序和财富积累机制，支持勤劳创新合法致富，鼓励先富带后富促共富。要在供需良性互动中更好实现惠民生、促发展，要清理消费领域不合理限制措施，切实抓好职工带薪错峰休假落实，释放文旅、赛事、餐饮、康养等服务消费潜力；适应消费需求新变化，开发新产品、新服务、新场景。通过各方面共同努力，促进形成需求牵引供给、供给创造需求的更高水平动态平衡，形成更多由内需主导、消费拉动、内生增长的经济发展模式，实现国民经济良性循环。","# 以惠民生为牵引，打开发展新空间

> 钟才平《人民日报》（2026年01月11日第 01 版）

党的二十届四中全会《建议》提出，注重在发展中保障和改善民生，在满足民生需求中拓展发展空间。中央经济工作会议提出，坚持民生为大，努力为人民群众多办实事。我们要始终坚持以人民为中心的发展思想，坚持扩大内需这个战略基点，坚持惠民生和促消费、投资于物和投资于人紧密结合，以新需求引领新供给，以新供给创造新需求，促进消费和投资、供给和需求良性互动，打开经济发展的新空间。

惠民生是促发展的重要动力。形成强大国内市场是构建新发展格局的重要支撑，也是大国经济优势所在。保障和改善民生，是有效扩大内需、形成强大国内市场的重要前提和基础。随着经济社会发展，人民群众的民生需求是渐次升级的。从衣食住行到教育、医疗、休闲、健身、养老等各方面需求，从商品需求到服务需求，从物质需求到精神需求，民生需求带动消费、牵引供给，是经济发展的重要动力和源泉之一。

当前，以惠民生促发展，有不少文章可做。

满足人民群众对提升住房品质和居住环境的需求，房地产高质量发展仍有较大空间。目前我国城镇住房总量已经不小，但还有相当部分城镇居民的住房需求没有得到很好满足，发展仍有可观前景。从刚性需求看，2024年我国常住人口城镇化率为67%，而户籍人口城镇化率不足50%，两者相差近18个百分点，随着以人为本的新型城镇化持续推进，新落户农民工、新毕业大学生等“新市民”刚性住房需求将持续释放。从改善性需求看，由于既有住房中有不少房龄老化，加之区位分布、持有结构不均衡，相当部分城镇居民住房满意度还不够高，存在“以旧换新”“以小换大”的改善性需求。据统计，我国2000年以前建成的城镇住宅占存量住宅30%以上，一些城市还有较大面积的城中村，改善性需求潜力还很大。从城市全域来看，许多城市社区居住人口过于密集，停车、购物、绿地、休闲健身等功能不齐备、不充分，城市更新大有可为。

满足需求、拓展空间，要以构建房地产发展新模式为牵引，以高质量开展城市更新为重要抓手，大力推进城市危旧房和城中村改造，加大保障性住房建设筹集力度，有序增加空间更大、品质更高、配套更好的“好房子”供应，更好满足人民群众对改善居住条件的新期待，让房地产行业高质量发展的路子越走越宽。

满足人民群众对服务消费的新需求，打造“有温度”的新供给空间广阔。当前我国居民的消费倾向和消费方式正在发生重要变化，在衣食住行等基本需求得到满足之后，文娱体验、健康美容等情感消费和服务型消费成为消费新趋势。场景式、互动式等参与感强、舒适度高的消费方式更受青睐，以体验为导向的文旅经济、研学经济、夜间经济成为消费新热点。2013年到2024年，我国居民年人均服务性消费支出从0.5万元提升到1.3万元，占比从39.7%提升到46.1%。

满足需求、拓展空间，要以新需求引领新供给，要以创意赋能提升产品和服务“设计含量”，满足消费者多元化需求。比如，江西省景德镇市推出反映春节年俗场景的“春碗”，将瓷碗的单一餐饮功能拓展到观赏、收藏、赠礼等功能；国铁集团将“退役”的绿皮列车改造为“银发旅游列车”，将列车的单一交通功能拓展为旅游、住宿、社交等多样化功能。要以科技赋能提升产品和服务“技术含量”，满足消费者品质化需求。比如，福建省莆田市扶持制鞋企业运用3D建模与虚拟现实技术，实现消费者个性化定制鞋款；湖南省浏阳市引入无人机、全息投影、人工智能生成影像等技术，打造创意烟火秀。要以IP赋能提升产品和服务“品牌含量”，满足消费者情感共鸣和认同需求。比如，河北省叫响“这么近，那么美，周末到河北”，近年来旅游人数和收入直线增加。云南省倡导“有一种叫云南的生活”，旅居云南成为时尚热点。这些“有温度”的新供给受到了消费者青睐，未来发展前景看好。

以惠民生促发展，要着力畅通“就业—收入—消费—投资”的良性循环。惠民生首先要稳就业，要强化就业优先政策导向，深入实施稳岗扩容提质行动，开展职业技能提升培训，加强人力资源开发利用，加大对重点就业群体的政策帮扶和精准服务，努力促进高质量充分就业。惠民生要着力增收入，要进一步完善劳动者工资决定、合理增长、支付保障机制，多渠道增加城乡居民财产性收入，努力增加转移性收入，规范收入分配秩序和财富积累机制，支持勤劳创新合法致富，鼓励先富带后富促共富。要在供需良性互动中更好实现惠民生、促发展，要清理消费领域不合理限制措施，切实抓好职工带薪错峰休假落实，释放文旅、赛事、餐饮、康养等服务消费潜力；适应消费需求新变化，开发新产品、新服务、新场景。通过各方面共同努力，促进形成需求牵引供给、供给创造需求的更高水平动态平衡，形成更多由内需主导、消费拉动、内生增长的经济发展模式，实现国民经济良性循环。",钟才平,要闻,https://paper.people.com.cn/rmrb/pc/content/202601/11/content_30131041.html,2026-01-11,"['需求', '消费', '惠民', '满足', '供给', '发展', '住房', '民生', '促发展', '服务']","党的二十届四中全会《建议》提出，注重在发展中保障和改善民生，在满足民生需求中拓展发展空间。中央经济工作会议提出，坚持民生为大，努力为人民群众多办实事。我们要始终坚持以人民为中心的发展思想，坚持扩大内需这个战略基点，坚持惠民生和促消费、投资于物和投资于人紧密结合，以新需求引领新供给，以新供给创造新需求，促进消费和投资、供给和需求良性互动，打开经济发展的新空间。
惠民生是促发展的重要动力。形成强大国内市场是构建新发展格局的重要支撑，也是大国经济优势所在。保障和改善民生，是有效扩大内需、形成强大国内市场的重要前提和基础。随着经济社会发展，人民群众的民生需求是渐次升级的。从衣食住行到教育、医疗、休闲、健身、养老等各方面需求，从商品需求到服务需求，从物质需求到精神需求，民生需求带动消费、牵引供给，是经济发展的重要动力和源泉之一。
当前，以惠民生促发展，有不少文章可做。",政治
打造忠诚干净担当、敢于善于斗争的纪检监察铁军,"纪检监察机关是推进党的自我革命的重要力量，只有打造一支过硬铁军队伍，才能推动新时代党的自我革命要求进一步落实到位。
2025年，中央纪委国家监委在全系统部署开展“纪检监察工作规范化法治化正规化建设年”行动，提升依规依纪依法办案质效、加强纪检监察队伍建设、加强纪法教育和培训，以更高标准、更严要求打造忠诚干净担当、敢于善于斗争的纪检监察铁军。
忠诚是最鲜明的底色
“首届中央监察委员会10名成员中8人牺牲，无一人叛党，他们用鲜血和生命诠释了对共产主义的信仰和对党的绝对忠诚……”
湖北省武汉市纪委监委深入挖掘首届中央监委10名成员的革命人生和英雄事迹，联合武汉革命博物馆推出“信仰铸忠魂——中国共产党首届中央监察委员会成员专题展”等，引导纪检监察干部学习先烈事迹、传承红色基因。纪检监察队伍因党而生、为党而战，忠诚于党是纪检监察铁军最根本的政治品格。一年来，中央纪委国家监委和各级纪检监察机关加强理想信念教育和政治忠诚教育，组织参观纪检监察陈列展，推动全系统用好纪检监察史生动教材，引导广大纪检监察干部真心爱党、时刻忧党、坚定护党、全力兴党。
理论上清醒，政治上才能坚定，行动上才能坚决。中央纪委国家监委和各级纪检监察机关坚持不懈用习近平新时代中国特色社会主义思想凝心铸魂，教育引导广大纪检监察干部从党的创新理论中汲取精神滋养，筑牢忠诚履职尽责的思想根基。
沿着蜿蜒曲折的渠线，实地探访太行绝壁上的“水长城”；重走红旗渠的咽喉工程——青年洞……近日，河南省纪委监委在红旗渠廉政教育学院举办年轻干部党性和纪律教育培训班。
“直观感受到‘劈开太行山，漳河穿山来’的伟大壮举，更加深刻理解了习近平总书记所讲的‘红旗渠就是纪念碑’。”一名参训学员感慨。
过去一年，中央纪委国家监委坚持不懈加强党的创新理论武装，编写印发学习贯彻习近平总书记关于党的自我革命的重要思想教学大纲，在全系统开展二十届中央纪委四次全会精神集中轮训；围绕监督办案全流程开展线下线上教学培训，广大纪检监察干部对党忠诚的底色更加鲜明，担当职责使命的步履更加坚定。
提升依规依纪依法办案质效
2025年6月1日起，修改后的《中华人民共和国监察法》及《中华人民共和国监察法实施条例》同步施行。
运用法治思维和法治方式惩治腐败，是实现新时代新征程纪检监察工作高质量发展的重要保证。中央纪委国家监委一体履行党内法规和监察法规制定职责，修改监察法实施条例，完善相关配套制度，不断健全制度的“四梁八柱”，带动全系统健全制度机制，扎紧织密制度“笼子”。中央纪委国家监委和各级纪检监察机关坚持授权和控权相结合，严格按照权限、规则、程序开展工作，确保纪检监察权始终在法治轨道上正确规范行使。
没有纪检监察队伍高素质专业化，就没有纪检监察工作的规范化法治化正规化。坚持政治培训、业务培训、实战练兵一体推进，中央纪委国家监委机关印发全员练兵、实战轮训工作方案，各级纪检监察机关结合各自实际，安排干部加强实践锻炼。
福建省纪委监委制定《关于全省联动开展实战练兵实施全员培养计划的工作方案》，组织机关综合部门干部参与办案历练，组织派驻机构、企业、高校纪检监察干部参与实战轮训。
上海市纪委监委坚持在办案一线培养业务骨干，制定实施全员培养计划，全方位历练干部能力素质。
…………
“过去查账更多依靠人工，课上教授的数据比对和关联分析等方法，为今后发现问题线索提供了新思路。”此前，重庆市开州区纪委监委组织纪检监察业务骨干走进重庆大学接受信息化监督专题培训，培训结束后，一名审查调查一线干部收获颇丰。
当前，运用信息化手段已成为提升案件办理质效的重要方法。中央纪委国家监委深化科技赋能，建成上下贯通的纪检监察一体化工作平台，持续升级完善党风政风监督、信访举报、案件监督管理、案件审理、追逃追赃等业务应用系统，不断加强线索处置、涉案财物等信息化管理，有效助力纪检监察工作规范化、法治化、正规化建设。
打铁必须自身硬
“你家去年购买了一套住房，但未按规定填报，请你如实作出说明。”此前，云南省玉溪市峨山彝族自治县纪委监委对全县纪检监察干部廉政档案进行抽查核实，对相关人员进行提醒谈话，督促整改。
纪检监察机关是管党治党的重要力量，监督别人首先自身要全面过硬。中央纪委国家监委制定加强新时代纪检监察队伍建设的意见，实施组织建设三年行动计划，各级纪检监察机关把严管严治融入日常、抓在经常，以实际行动做到打铁必须自身硬。
以敬畏之心履职用权，一年来，中央纪委国家监委围绕细化岗位权力、设置风险提示、列明行权底线，形成权力清单、风险清单、负面清单；向系统内发布违规打听案情、过问干预案件典型案例，通报在受理信访举报、线索处置、审查调查工作中违纪违法案例，各级纪检监察机关不断加大纪检监察干部执纪违纪、执法违法案件查办力度，运用多种形式分级分类深化教育警示，开展家庭助廉活动，坚决防治“灯下黑”。
“根据组织安排，把你调整到新的岗位，工作压力可能会变大，请谈谈你的看法。”近日，在湖南省东安县纪委监委会议室，一场纪检监察干部之间的谈心谈话正在进行。该县纪委监委组织开展常态化谈心谈话，及时了解干部思想动态、工作困难和意见建议，帮助干部化解心结、舒缓压力。
越是担子重，越要爱护挑担人。中央纪委国家监委和各级纪检监察机关坚持严管和厚爱结合、激励和约束并重，线上线下结合加大先进典型宣传力度，做实关心关爱举措，让干部更加安心履职，不断激发纪检监察队伍干事创业活力。
打铁必须自身硬，百炼方能出精钢。新征程上，各级纪检监察机关和广大纪检监察干部以永远在路上的坚韧和执着，不断锤炼政治品格、提升专业能力、严明纪律作风，必将为推进中国式现代化提供更加坚强的纪律保障。","# 打造忠诚干净担当、敢于善于斗争的纪检监察铁军

> 本报记者  李林蔚《人民日报》（2026年01月11日第 01 版）

纪检监察机关是推进党的自我革命的重要力量，只有打造一支过硬铁军队伍，才能推动新时代党的自我革命要求进一步落实到位。

2025年，中央纪委国家监委在全系统部署开展“纪检监察工作规范化法治化正规化建设年”行动，提升依规依纪依法办案质效、加强纪检监察队伍建设、加强纪法教育和培训，以更高标准、更严要求打造忠诚干净担当、敢于善于斗争的纪检监察铁军。

**忠诚是最鲜明的底色**

“首届中央监察委员会10名成员中8人牺牲，无一人叛党，他们用鲜血和生命诠释了对共产主义的信仰和对党的绝对忠诚……”

湖北省武汉市纪委监委深入挖掘首届中央监委10名成员的革命人生和英雄事迹，联合武汉革命博物馆推出“信仰铸忠魂——中国共产党首届中央监察委员会成员专题展”等，引导纪检监察干部学习先烈事迹、传承红色基因。纪检监察队伍因党而生、为党而战，忠诚于党是纪检监察铁军最根本的政治品格。一年来，中央纪委国家监委和各级纪检监察机关加强理想信念教育和政治忠诚教育，组织参观纪检监察陈列展，推动全系统用好纪检监察史生动教材，引导广大纪检监察干部真心爱党、时刻忧党、坚定护党、全力兴党。

理论上清醒，政治上才能坚定，行动上才能坚决。中央纪委国家监委和各级纪检监察机关坚持不懈用习近平新时代中国特色社会主义思想凝心铸魂，教育引导广大纪检监察干部从党的创新理论中汲取精神滋养，筑牢忠诚履职尽责的思想根基。

沿着蜿蜒曲折的渠线，实地探访太行绝壁上的“水长城”；重走红旗渠的咽喉工程——青年洞……近日，河南省纪委监委在红旗渠廉政教育学院举办年轻干部党性和纪律教育培训班。

“直观感受到‘劈开太行山，漳河穿山来’的伟大壮举，更加深刻理解了习近平总书记所讲的‘红旗渠就是纪念碑’。”一名参训学员感慨。

过去一年，中央纪委国家监委坚持不懈加强党的创新理论武装，编写印发学习贯彻习近平总书记关于党的自我革命的重要思想教学大纲，在全系统开展二十届中央纪委四次全会精神集中轮训；围绕监督办案全流程开展线下线上教学培训，广大纪检监察干部对党忠诚的底色更加鲜明，担当职责使命的步履更加坚定。

**提升依规依纪依法办案质效**

2025年6月1日起，修改后的《中华人民共和国监察法》及《中华人民共和国监察法实施条例》同步施行。

运用法治思维和法治方式惩治腐败，是实现新时代新征程纪检监察工作高质量发展的重要保证。中央纪委国家监委一体履行党内法规和监察法规制定职责，修改监察法实施条例，完善相关配套制度，不断健全制度的“四梁八柱”，带动全系统健全制度机制，扎紧织密制度“笼子”。中央纪委国家监委和各级纪检监察机关坚持授权和控权相结合，严格按照权限、规则、程序开展工作，确保纪检监察权始终在法治轨道上正确规范行使。

没有纪检监察队伍高素质专业化，就没有纪检监察工作的规范化法治化正规化。坚持政治培训、业务培训、实战练兵一体推进，中央纪委国家监委机关印发全员练兵、实战轮训工作方案，各级纪检监察机关结合各自实际，安排干部加强实践锻炼。

福建省纪委监委制定《关于全省联动开展实战练兵实施全员培养计划的工作方案》，组织机关综合部门干部参与办案历练，组织派驻机构、企业、高校纪检监察干部参与实战轮训。

上海市纪委监委坚持在办案一线培养业务骨干，制定实施全员培养计划，全方位历练干部能力素质。

…………

“过去查账更多依靠人工，课上教授的数据比对和关联分析等方法，为今后发现问题线索提供了新思路。”此前，重庆市开州区纪委监委组织纪检监察业务骨干走进重庆大学接受信息化监督专题培训，培训结束后，一名审查调查一线干部收获颇丰。

当前，运用信息化手段已成为提升案件办理质效的重要方法。中央纪委国家监委深化科技赋能，建成上下贯通的纪检监察一体化工作平台，持续升级完善党风政风监督、信访举报、案件监督管理、案件审理、追逃追赃等业务应用系统，不断加强线索处置、涉案财物等信息化管理，有效助力纪检监察工作规范化、法治化、正规化建设。

**打铁必须自身硬**

“你家去年购买了一套住房，但未按规定填报，请你如实作出说明。”此前，云南省玉溪市峨山彝族自治县纪委监委对全县纪检监察干部廉政档案进行抽查核实，对相关人员进行提醒谈话，督促整改。

纪检监察机关是管党治党的重要力量，监督别人首先自身要全面过硬。中央纪委国家监委制定加强新时代纪检监察队伍建设的意见，实施组织建设三年行动计划，各级纪检监察机关把严管严治融入日常、抓在经常，以实际行动做到打铁必须自身硬。

以敬畏之心履职用权，一年来，中央纪委国家监委围绕细化岗位权力、设置风险提示、列明行权底线，形成权力清单、风险清单、负面清单；向系统内发布违规打听案情、过问干预案件典型案例，通报在受理信访举报、线索处置、审查调查工作中违纪违法案例，各级纪检监察机关不断加大纪检监察干部执纪违纪、执法违法案件查办力度，运用多种形式分级分类深化教育警示，开展家庭助廉活动，坚决防治“灯下黑”。

“根据组织安排，把你调整到新的岗位，工作压力可能会变大，请谈谈你的看法。”近日，在湖南省东安县纪委监委会议室，一场纪检监察干部之间的谈心谈话正在进行。该县纪委监委组织开展常态化谈心谈话，及时了解干部思想动态、工作困难和意见建议，帮助干部化解心结、舒缓压力。

越是担子重，越要爱护挑担人。中央纪委国家监委和各级纪检监察机关坚持严管和厚爱结合、激励和约束并重，线上线下结合加大先进典型宣传力度，做实关心关爱举措，让干部更加安心履职，不断激发纪检监察队伍干事创业活力。

打铁必须自身硬，百炼方能出精钢。新征程上，各级纪检监察机关和广大纪检监察干部以永远在路上的坚韧和执着，不断锤炼政治品格、提升专业能力、严明纪律作风，必将为推进中国式现代化提供更加坚强的纪律保障。",李林蔚,要闻,https://paper.people.com.cn/rmrb/pc/content/202601/11/content_30131042.html,2026-01-11,"['纪检监察', '监委', '中央纪委', '干部', '机关', '忠诚', '纪委', '各级', '监察', '工作']","纪检监察机关是推进党的自我革命的重要力量，只有打造一支过硬铁军队伍，才能推动新时代党的自我革命要求进一步落实到位。
2025年，中央纪委国家监委在全系统部署开展“纪检监察工作规范化法治化正规化建设年”行动，提升依规依纪依法办案质效、加强纪检监察队伍建设、加强纪法教育和培训，以更高标准、更严要求打造忠诚干净担当、敢于善于斗争的纪检监察铁军。
忠诚是最鲜明的底色",政治
如何持续营造风清气正的网络空间（政策问答·回应关切）,"读者关切
我在上网获取信息、交流互动时，有时会遇到一些低俗、虚假信息。请问相关部门在治理网络空间乱象、营造清朗网络环境方面有哪些政策法规和措施？
网络空间是亿万民众共同的精神家园。网络空间天朗气清、生态良好，是广大网民的共同期待。
2025年11月28日，习近平总书记在主持中央政治局第二十三次集体学习时强调：“要健全网络生态治理长效机制，着力提升治理的前瞻性、精准性、系统性、协同性，持续营造风清气正的网络空间。”
营造风清气正的网络空间，要对网络乱象敢于亮剑、坚决打击，铲除其滋生的土壤和条件。
整治人工智能技术滥用、整治涉企网络“黑嘴”、整治恶意挑动负面情绪……近年来，中央网信办持续部署开展“清朗”系列专项行动，集中时间、集中力量打击网上各类乱象问题，从严处置违规平台和账号，取得积极成效，形成有力震慑。
制定修订网络安全法、数据安全法、个人信息保护法，网络安全和数据安全基础制度不断建立健全。一系列规章制度陆续出台，也对治理网络乱象进行了系统性规定：《人脸识别技术应用安全管理办法》施行，有效应对“刷脸”乱象；《人工智能生成合成内容标识办法》实施，通过标识提醒用户辨别生成合成信息，防范人工智能技术滥用……建章立制，管长治远，有效治理网络信息内容生态。
营造风清气正的网络空间，要坚持以正面声音、主流价值、时代新风塑造网络空间，使互联网成为思想引领、道德培育、文化传承的重要阵地。
2025年12月，中央网信办启动2025中国正能量网络精品征集展播活动，着眼丰富网络优质内容供给，更好发挥主流媒体的示范引领作用，调动多元主体积极参与，将遴选出文字、图片、音视频、专题专栏、主题活动五大类550件网络精品，为奋进“十五五”、逐梦新征程提供强大精神力量。该活动已举行9届，成为网络内容建设领域的“风向标”。
中央网信办加强网上重大主题宣传、重大议题设置，创新打造“何以中国”“把青春华章写在祖国大地上”“红星照耀中国”等品牌活动，做强“理响中国”等理论宣传品牌，在网络空间汇聚起团结奋进的磅礴力量。
营造风清气正的网络空间，要充分调动各方力量，综合运用行政、法治等多种手段。
中央网信办指导网站平台深入整治网络直播打赏乱象，《互联网信息服务算法推荐合规自律公约》等相继发布，行政监管与行业自律有效衔接。
统筹推进网络领域立法执法司法普法。网络领域立法已达160余部，为网络强国建设提供了坚实的制度保障；推进严格规范公正文明网络执法，保护人民群众合法权益；开展“全国网络普法行”系列法治宣传活动，过去3年相关内容网上点击量超200亿……
中央网信办有关负责人表示，网信部门将聚焦掌握信息化条件下的舆论主导权，守正创新加强网络内容建设和管理，健全网络生态治理长效机制，持续营造风清气正的网络空间。","# 如何持续营造风清气正的网络空间（政策问答·回应关切）

> 本报记者  金  歆《人民日报》（2026年01月11日第 01 版）

读者关切

我在上网获取信息、交流互动时，有时会遇到一些低俗、虚假信息。请问相关部门在治理网络空间乱象、营造清朗网络环境方面有哪些政策法规和措施？

网络空间是亿万民众共同的精神家园。网络空间天朗气清、生态良好，是广大网民的共同期待。

2025年11月28日，习近平总书记在主持中央政治局第二十三次集体学习时强调：“要健全网络生态治理长效机制，着力提升治理的前瞻性、精准性、系统性、协同性，持续营造风清气正的网络空间。”

营造风清气正的网络空间，要对网络乱象敢于亮剑、坚决打击，铲除其滋生的土壤和条件。

整治人工智能技术滥用、整治涉企网络“黑嘴”、整治恶意挑动负面情绪……近年来，中央网信办持续部署开展“清朗”系列专项行动，集中时间、集中力量打击网上各类乱象问题，从严处置违规平台和账号，取得积极成效，形成有力震慑。

制定修订网络安全法、数据安全法、个人信息保护法，网络安全和数据安全基础制度不断建立健全。一系列规章制度陆续出台，也对治理网络乱象进行了系统性规定：《人脸识别技术应用安全管理办法》施行，有效应对“刷脸”乱象；《人工智能生成合成内容标识办法》实施，通过标识提醒用户辨别生成合成信息，防范人工智能技术滥用……建章立制，管长治远，有效治理网络信息内容生态。

营造风清气正的网络空间，要坚持以正面声音、主流价值、时代新风塑造网络空间，使互联网成为思想引领、道德培育、文化传承的重要阵地。

2025年12月，中央网信办启动2025中国正能量网络精品征集展播活动，着眼丰富网络优质内容供给，更好发挥主流媒体的示范引领作用，调动多元主体积极参与，将遴选出文字、图片、音视频、专题专栏、主题活动五大类550件网络精品，为奋进“十五五”、逐梦新征程提供强大精神力量。该活动已举行9届，成为网络内容建设领域的“风向标”。

中央网信办加强网上重大主题宣传、重大议题设置，创新打造“何以中国”“把青春华章写在祖国大地上”“红星照耀中国”等品牌活动，做强“理响中国”等理论宣传品牌，在网络空间汇聚起团结奋进的磅礴力量。

营造风清气正的网络空间，要充分调动各方力量，综合运用行政、法治等多种手段。

中央网信办指导网站平台深入整治网络直播打赏乱象，《互联网信息服务算法推荐合规自律公约》等相继发布，行政监管与行业自律有效衔接。

统筹推进网络领域立法执法司法普法。网络领域立法已达160余部，为网络强国建设提供了坚实的制度保障；推进严格规范公正文明网络执法，保护人民群众合法权益；开展“全国网络普法行”系列法治宣传活动，过去3年相关内容网上点击量超200亿……

中央网信办有关负责人表示，网信部门将聚焦掌握信息化条件下的舆论主导权，守正创新加强网络内容建设和管理，健全网络生态治理长效机制，持续营造风清气正的网络空间。",金  歆,要闻,https://paper.people.com.cn/rmrb/pc/content/202601/11/content_30131044.html,2026-01-11,"['网络空间', '网络', '风清气', '网信', '乱象', '营造', '治理', '2025', '整治', '生态']","读者关切
我在上网获取信息、交流互动时，有时会遇到一些低俗、虚假信息。请问相关部门在治理网络空间乱象、营造清朗网络环境方面有哪些政策法规和措施？
网络空间是亿万民众共同的精神家园。网络空间天朗气清、生态良好，是广大网民的共同期待。",政治
集聚60余家智能网联汽车相关企业,"一辆搭载网联自动驾驶系统的新能源汽车正平稳行驶，前方路口突然有行人横穿马路，路侧传感器精准识别，立即将数据回传云端，云端平台完成计算并下发指令，车辆提前减速避让……
车能“交流”、路能“看见”、云能“决策”，在西部（重庆）科学城智能网联汽车示范区，这样的路测场景时时发生。
“在示范区，各类数据全面打通、实时更新。”科学城智能网联汽车创新中心云控技术中心副主任常雪阳指着实时监控屏幕介绍，“借助‘车路云一体化’技术，测试道路真正成为数字‘练’车场。”
与传统封闭测试场不同，这个数字“练”车场包含50公里复杂城市道路，从城市主干道、匝道枢纽到社区道路，覆盖了行人、非机动车等弱势交通参与者穿行，故障车占道等复杂情况。
“对车辆来说，每次测试都是一次全真模拟。”常雪阳说，“对道路智能系统来说，每天也都在进行压力测试。”
不只是智能网联新能源汽车，示范区可为所有类别的车辆提供服务。“只加装了一个小设备，我们的物流车就用上了‘智能网联’，快递配送可以与信号灯、实时路况和云端系统等结合，配送更安全、更顺畅。”物流车用户李先生说。
在示范区，加装合规通信终端与定位设备的普通私家车、物流车、公交车等，通过接入系统，实现网联升级，享受安全和便利的同时，还会提供大量真实数据。目前，系统已接入各类车辆超千辆。
不同车型、不同驾驶行为……在示范区，不断积累的海量真实数据，正助力系统决策模型持续进化，推动创新技术从实验室逐步走向更广阔的应用。
重庆理工大学车辆工程学院院长赖晨光表示，示范区破解了封闭场地与真实路况脱节等问题，打破了“信息孤岛”困境，让测试更贴近实际协同需求。“将单车智能与网联赋能结合起来，帮助车企通过场景验证技术，降低研发和量产风险，还有助于破解智能辅助驾驶商业化落地瓶颈。”赖晨光说。
数字“练”车场的搭建，也离不开政策支持和体制机制创新。
重庆出台系列政策，推动基于“车路云一体化”的感知、决策、控制等服务在示范区域实现全覆盖。同时，探索机制创新，为开放测试打通多头管理、上路限制、数据不通等关键堵点：打破部门壁垒，推动交通、工信、公安等多部门协同管理；创新测试牌照与交通事故保险制度，让道路测试限制更少；建立统一的数据共享与安全管理平台，促进“车路云”跨系统融合……
政策精准扶持，路测场景快速成长，释放强劲产业带动效应——
在测试场景的吸引下，15家车企统一标准开展联调测试，丰田、长安等车企的测试车辆积累大量数据，进一步推动网联化辅助驾驶、虚实融合测试等技术快速迭代；智御维科、西部创源等配套企业应运而生，其研发的平台、产品订单源源不断；招商车研实现整车热失控蔓延仿真，为安全设计等提供支撑……西部（重庆）科学城集聚60余家智能网联汽车相关企业，涵盖整车、关键零部件、充电设施、自动驾驶运营等产业上下游。
截至目前，重庆集聚智能汽车安全技术全国重点实验室等汽车领域研发中心超270家，上线汽车“产业大脑”，建成汽车行业未来工厂4家。全市汽车领域拥有相关产业高新技术企业754家，科技型企业3543家。
本期统筹：崔  斌","# 集聚60余家智能网联汽车相关企业

> 本报记者  刘新吾《人民日报》（2026年01月11日第 02 版）

一辆搭载网联自动驾驶系统的新能源汽车正平稳行驶，前方路口突然有行人横穿马路，路侧传感器精准识别，立即将数据回传云端，云端平台完成计算并下发指令，车辆提前减速避让……

车能“交流”、路能“看见”、云能“决策”，在西部（重庆）科学城智能网联汽车示范区，这样的路测场景时时发生。

“在示范区，各类数据全面打通、实时更新。”科学城智能网联汽车创新中心云控技术中心副主任常雪阳指着实时监控屏幕介绍，“借助‘车路云一体化’技术，测试道路真正成为数字‘练’车场。”

与传统封闭测试场不同，这个数字“练”车场包含50公里复杂城市道路，从城市主干道、匝道枢纽到社区道路，覆盖了行人、非机动车等弱势交通参与者穿行，故障车占道等复杂情况。

“对车辆来说，每次测试都是一次全真模拟。”常雪阳说，“对道路智能系统来说，每天也都在进行压力测试。”

不只是智能网联新能源汽车，示范区可为所有类别的车辆提供服务。“只加装了一个小设备，我们的物流车就用上了‘智能网联’，快递配送可以与信号灯、实时路况和云端系统等结合，配送更安全、更顺畅。”物流车用户李先生说。

在示范区，加装合规通信终端与定位设备的普通私家车、物流车、公交车等，通过接入系统，实现网联升级，享受安全和便利的同时，还会提供大量真实数据。目前，系统已接入各类车辆超千辆。

不同车型、不同驾驶行为……在示范区，不断积累的海量真实数据，正助力系统决策模型持续进化，推动创新技术从实验室逐步走向更广阔的应用。

重庆理工大学车辆工程学院院长赖晨光表示，示范区破解了封闭场地与真实路况脱节等问题，打破了“信息孤岛”困境，让测试更贴近实际协同需求。“将单车智能与网联赋能结合起来，帮助车企通过场景验证技术，降低研发和量产风险，还有助于破解智能辅助驾驶商业化落地瓶颈。”赖晨光说。

数字“练”车场的搭建，也离不开政策支持和体制机制创新。

重庆出台系列政策，推动基于“车路云一体化”的感知、决策、控制等服务在示范区域实现全覆盖。同时，探索机制创新，为开放测试打通多头管理、上路限制、数据不通等关键堵点：打破部门壁垒，推动交通、工信、公安等多部门协同管理；创新测试牌照与交通事故保险制度，让道路测试限制更少；建立统一的数据共享与安全管理平台，促进“车路云”跨系统融合……

政策精准扶持，路测场景快速成长，释放强劲产业带动效应——

在测试场景的吸引下，15家车企统一标准开展联调测试，丰田、长安等车企的测试车辆积累大量数据，进一步推动网联化辅助驾驶、虚实融合测试等技术快速迭代；智御维科、西部创源等配套企业应运而生，其研发的平台、产品订单源源不断；招商车研实现整车热失控蔓延仿真，为安全设计等提供支撑……西部（重庆）科学城集聚60余家智能网联汽车相关企业，涵盖整车、关键零部件、充电设施、自动驾驶运营等产业上下游。

截至目前，重庆集聚智能汽车安全技术全国重点实验室等汽车领域研发中心超270家，上线汽车“产业大脑”，建成汽车行业未来工厂4家。全市汽车领域拥有相关产业高新技术企业754家，科技型企业3543家。

本期统筹：崔  斌",刘新吾,要闻,https://paper.people.com.cn/rmrb/pc/content/202601/11/content_30131047.html,2026-01-11,"['测试', '智能网', '示范区', '网联', '汽车', '车场', '车辆', '车路', '驾驶', '系统']","一辆搭载网联自动驾驶系统的新能源汽车正平稳行驶，前方路口突然有行人横穿马路，路侧传感器精准识别，立即将数据回传云端，云端平台完成计算并下发指令，车辆提前减速避让……
车能“交流”、路能“看见”、云能“决策”，在西部（重庆）科学城智能网联汽车示范区，这样的路测场景时时发生。
“在示范区，各类数据全面打通、实时更新。”科学城智能网联汽车创新中心云控技术中心副主任常雪阳指着实时监控屏幕介绍，“借助‘车路云一体化’技术，测试道路真正成为数字‘练’车场。”",政治
道路测试，助力汽车“实战练兵”（专家点评）,"重庆山地丘陵广布，急弯陡坡、交叉路口等复杂路况较多，适合作为辅助驾驶、自动驾驶技术的“练兵场”。西部（重庆）科学城一方面整合道路资源，让技术在“真刀真枪”中完善；另一方面整合汽车产业链与产学研资源，形成了“测试—研发—改进”的良性循环。
我国已建成17个国家级智能网联汽车测试示范区，累计开放测试示范道路超3.5万公里，各地通过差异化场景建设破解复杂环境技术难题。2025年1—7月，我国L2级乘用车新车渗透率达62.58%，5G和蜂窝车联网装配量超300万辆，产业链协同效应持续释放。
搭建真实、复杂的场景进行路测，能让智能网联技术得到更加充分的验证和优化，使车辆更加安全可靠；同时，通过标准统一、跨区域数据共享，路测试点逐渐破解行业痛点，加速新技术商业落地。
如今，辅助驾驶功能在人工智能技术赋能下，可以更好应对复杂情况，越来越多普通价位的汽车也能搭载这一功能。各地加快完善道路智慧设施，推动车、路、云互联互通，不同行业企业携手合作，催生出不少出行新服务、产业新亮点。
未来，越来越多智能网联汽车将从测试场走向日常，推动我国汽车产业焕发新活力。
（作者为重庆理工大学车辆工程学院副院长，本报记者刘新吾采访整理）","# 道路测试，助力汽车“实战练兵”（专家点评）

> 郭  栋《人民日报》（2026年01月11日第 02 版）

重庆山地丘陵广布，急弯陡坡、交叉路口等复杂路况较多，适合作为辅助驾驶、自动驾驶技术的“练兵场”。西部（重庆）科学城一方面整合道路资源，让技术在“真刀真枪”中完善；另一方面整合汽车产业链与产学研资源，形成了“测试—研发—改进”的良性循环。

我国已建成17个国家级智能网联汽车测试示范区，累计开放测试示范道路超3.5万公里，各地通过差异化场景建设破解复杂环境技术难题。2025年1—7月，我国L2级乘用车新车渗透率达62.58%，5G和蜂窝车联网装配量超300万辆，产业链协同效应持续释放。

搭建真实、复杂的场景进行路测，能让智能网联技术得到更加充分的验证和优化，使车辆更加安全可靠；同时，通过标准统一、跨区域数据共享，路测试点逐渐破解行业痛点，加速新技术商业落地。

如今，辅助驾驶功能在人工智能技术赋能下，可以更好应对复杂情况，越来越多普通价位的汽车也能搭载这一功能。各地加快完善道路智慧设施，推动车、路、云互联互通，不同行业企业携手合作，催生出不少出行新服务、产业新亮点。

未来，越来越多智能网联汽车将从测试场走向日常，推动我国汽车产业焕发新活力。

（作者为重庆理工大学车辆工程学院副院长，本报记者刘新吾采访整理）",郭  栋,要闻,https://paper.people.com.cn/rmrb/pc/content/202601/11/content_30131048.html,2026-01-11,"['智能网', '测试', '汽车', '道路', '技术', '复杂', '驾驶', '重庆', '破解', '场景']","重庆山地丘陵广布，急弯陡坡、交叉路口等复杂路况较多，适合作为辅助驾驶、自动驾驶技术的“练兵场”。西部（重庆）科学城一方面整合道路资源，让技术在“真刀真枪”中完善；另一方面整合汽车产业链与产学研资源，形成了“测试—研发—改进”的良性循环。
我国已建成17个国家级智能网联汽车测试示范区，累计开放测试示范道路超3.5万公里，各地通过差异化场景建设破解复杂环境技术难题。2025年1—7月，我国L2级乘用车新车渗透率达62.58%，5G和蜂窝车联网装配量超300万辆，产业链协同效应持续释放。
搭建真实、复杂的场景进行路测，能让智能网联技术得到更加充分的验证和优化，使车辆更加安全可靠；同时，通过标准统一、跨区域数据共享，路测试点逐渐破解行业痛点，加速新技术商业落地。",政治
注重新场景培育的集成性（编辑手记）,"有效培育新场景，“单打独斗”往往不够。国办印发实施意见提出，支持建设“行业领域集成式场景”，正是强调了新场景搭建的协同性、集成性。
示范区开展全域道路测试，依托的不只是单项技术的进步，还有新技术的相互融合与促进、全产业链创新能力的提升、精准的政策支持以及良好的协同创新生态等。各方面综合作用，形成“技术突破—场景验证—产业应用—体系升级”的路径，助力新场景落地并充分发挥产业带动作用。
前不久，工业和信息化部公布首批L3级有条件自动驾驶车型准入许可，相关车型在北京、重庆两地指定区域开展试点。这意味着智能网联汽车和“车路云一体化”等新场景应用逐步走向成熟，将有更广阔的前景。相信随着各地进一步发挥相关新场景的牵引作用，更完善、更安全的智能驾驶将加速应用于日常出行。","# 注重新场景培育的集成性（编辑手记）

> 崔  斌《人民日报》（2026年01月11日第 02 版）

有效培育新场景，“单打独斗”往往不够。国办印发实施意见提出，支持建设“行业领域集成式场景”，正是强调了新场景搭建的协同性、集成性。

示范区开展全域道路测试，依托的不只是单项技术的进步，还有新技术的相互融合与促进、全产业链创新能力的提升、精准的政策支持以及良好的协同创新生态等。各方面综合作用，形成“技术突破—场景验证—产业应用—体系升级”的路径，助力新场景落地并充分发挥产业带动作用。

前不久，工业和信息化部公布首批L3级有条件自动驾驶车型准入许可，相关车型在北京、重庆两地指定区域开展试点。这意味着智能网联汽车和“车路云一体化”等新场景应用逐步走向成熟，将有更广阔的前景。相信随着各地进一步发挥相关新场景的牵引作用，更完善、更安全的智能驾驶将加速应用于日常出行。",崔  斌,要闻,https://paper.people.com.cn/rmrb/pc/content/202601/11/content_30131049.html,2026-01-11,"['场景', '集成性', '应用', '协同', '驾驶', '培育', '技术', '车型', '作用', '智能网']","有效培育新场景，“单打独斗”往往不够。国办印发实施意见提出，支持建设“行业领域集成式场景”，正是强调了新场景搭建的协同性、集成性。
示范区开展全域道路测试，依托的不只是单项技术的进步，还有新技术的相互融合与促进、全产业链创新能力的提升、精准的政策支持以及良好的协同创新生态等。各方面综合作用，形成“技术突破—场景验证—产业应用—体系升级”的路径，助力新场景落地并充分发挥产业带动作用。
前不久，工业和信息化部公布首批L3级有条件自动驾驶车型准入许可，相关车型在北京、重庆两地指定区域开展试点。这意味着智能网联汽车和“车路云一体化”等新场景应用逐步走向成熟，将有更广阔的前景。相信随着各地进一步发挥相关新场景的牵引作用，更完善、更安全的智能驾驶将加速应用于日常出行。",政治
53年坚持“议事”，桂花村越来越好,"“党员学习议事日”部分记录本。资料图片
“党员学习议事日”部分记录本。
资料图片
北风虽寒，但在江西宜春市宜丰县桂花村村部，9点的会，8点40分就坐满了人。
推开会议室门，村支书蔡志鹰正领学“十五五”规划建议，“加强党建引领基层治理和基层政权建设，我理解啊，就得党员遇事往前站。”
产业发展咋带动，偏远自然村自来水问题咋解决……大家讨论热烈。
每月15日作为“党员学习议事日”，是桂花村53年雷打不动的规矩。“议的都是咱自己的事，来晚就没座了。”有村民笑言。
一楼“初心馆”里，210本笔迹各异的“议事日”记录本整齐归档。第一本，讲述了老支书漆成生“吃螃蟹”的故事。
“莫嫁桂花郎，稀粥照人影，灶冷没余粮……”一句顺口溜，道出上世纪70年代桂花村的窘况。漆成生暗下决心，先从党员学习抓起。1973年，桂花村有了“党员学习议事日”。
后来，人民日报刊载袁隆平事迹，漆成生想学种杂交稻。面对质疑，他从县里找来农技师，风风火火开会，举着报纸说服大家：党员先用10亩地做试验。
试验田亩产近千斤，比以往翻了一倍多。于是全村跟着干，桂花村成了“全县产粮第一村”。
“党员要为群众谋，干部带着乡亲干。议得充分，干得扎实！”年过八旬，回忆往事，漆成生仍然嗓门洪亮。
以学促议，以议聚力。翻看记录本，桂花村在宜丰当地创下多个“第一”：率先办村办企业、组建建筑大队、建经贸大楼……
不过，也栽过跟头。
1984年，村里开始尝试搞多种水果种植，结果几年下来市场反应冷淡、村民损失不小，有人挂出“心疼”的横幅。“议事日”上，时任村支书杨仕林当众检讨，会后集思广益，决定回归蔬菜本行。村里组织大家赴山东寿光学习，干部还带头自考农技师，第二年，近20个大棚蔬菜丰收，亩均增收近千元。
从此，“议事日”探索出“三天议事法”：群众代表提意见，支部委员带着问题调研，三天后再做决定。
蔡志鹰2020年当上村支书，也吃了回“螃蟹”：推动电商平台入驻。
“反对声差点掀了屋顶。”蔡志鹰说，好在上任前重温记录本，发扬了好传统，“复议时，带着投资商和政策文件，问题讲透，大家接受。”
如今，桂花村已经成为电商直播村，入驻企业近10家。这些年，各类产业每年给村集体带来200余万元收益，村人均纯收入超3万元。经过多年积累，桂花村成为全县首个资产过亿村。
行走桂花村，三层小楼鳞次栉比，房前屋后小菜园，既现代，又田园。
正在菜园里拾掇的村民蔡鹤林，抬头打招呼。
之前，为了迎接县里卫生检查，这些小菜园差点被推平。年过七旬的蔡鹤林急了：“种一辈子地，这点念想都没了？”
党支部进行“议事日”复议，最终决定：菜园可以留，规矩也得有，家家户户的小菜园都是“责任田”。老党员组成志愿队，定期检查。
“这制度跟庄稼一样，得长个儿。”谈及“议事日”，杨仕林感慨道。
“这两年又有新尝试。”蔡志鹰接过话茬，随着村子不断发展，“议事日”加入新议程，村监会主任把每月收支“掰开揉碎”，摊在阳光下。
基层该做群众关心的事，遇事村党支部牵头，党员先学一步，悟得深，议得透，干得实。这些年，议了多少事，就干了多少事！
蔡志鹰如数家珍：2020年以来，60名党员干部下沉网格，解决群众“急难愁盼”31个，办实事98件，“江西省第四届文明村镇”等荣誉摆满墙面……“大伙都说，土里长出的制度能结好果咧。”蔡鹤林说。
离开庄稼地，去看“数字化”。村里很多沿街门面，都成了直播间。
拍照、软件修图、AI生成……85后漆雪婷，留学归来成为带货博主。让她安心创业的，是村里实打实的支持：创业帮扶、政策上门。
看着眼熟，突然想起，早上“议事日”，她还发了言。
“大伙经常会碰出好点子。”漆雪婷笑道，“回到家乡，我这‘流动党员’也找到了家。”
“年轻人越来越认同党组织，村里每年都能收到十几份入党申请。15名入党积极分子中，不少是00后。”蔡志鹰介绍。
离开直播间，蔡志鹰问：“下一步想咋发展？”
漆雪婷早有思考：“‘十五五’规划建议提出，支持发展新型农村集体经济。咱桂花村可以整合电商、强化品牌……”
中国式现代化是全体人民共同富裕的现代化，基层党组织要成为群众致富的领路人。新时代的“议事日”，更加精彩。","# 53年坚持“议事”，桂花村越来越好

> 本报记者  朱  磊《人民日报》（2026年01月11日第 04 版）

“党员学习议事日”部分记录本。　　资料图片

“党员学习议事日”部分记录本。

资料图片

北风虽寒，但在江西宜春市宜丰县桂花村村部，9点的会，8点40分就坐满了人。

推开会议室门，村支书蔡志鹰正领学“十五五”规划建议，“加强党建引领基层治理和基层政权建设，我理解啊，就得党员遇事往前站。”

产业发展咋带动，偏远自然村自来水问题咋解决……大家讨论热烈。

每月15日作为“党员学习议事日”，是桂花村53年雷打不动的规矩。“议的都是咱自己的事，来晚就没座了。”有村民笑言。

一楼“初心馆”里，210本笔迹各异的“议事日”记录本整齐归档。第一本，讲述了老支书漆成生“吃螃蟹”的故事。

“莫嫁桂花郎，稀粥照人影，灶冷没余粮……”一句顺口溜，道出上世纪70年代桂花村的窘况。漆成生暗下决心，先从党员学习抓起。1973年，桂花村有了“党员学习议事日”。

后来，人民日报刊载袁隆平事迹，漆成生想学种杂交稻。面对质疑，他从县里找来农技师，风风火火开会，举着报纸说服大家：党员先用10亩地做试验。

试验田亩产近千斤，比以往翻了一倍多。于是全村跟着干，桂花村成了“全县产粮第一村”。

“党员要为群众谋，干部带着乡亲干。议得充分，干得扎实！”年过八旬，回忆往事，漆成生仍然嗓门洪亮。

以学促议，以议聚力。翻看记录本，桂花村在宜丰当地创下多个“第一”：率先办村办企业、组建建筑大队、建经贸大楼……

不过，也栽过跟头。

1984年，村里开始尝试搞多种水果种植，结果几年下来市场反应冷淡、村民损失不小，有人挂出“心疼”的横幅。“议事日”上，时任村支书杨仕林当众检讨，会后集思广益，决定回归蔬菜本行。村里组织大家赴山东寿光学习，干部还带头自考农技师，第二年，近20个大棚蔬菜丰收，亩均增收近千元。

从此，“议事日”探索出“三天议事法”：群众代表提意见，支部委员带着问题调研，三天后再做决定。

蔡志鹰2020年当上村支书，也吃了回“螃蟹”：推动电商平台入驻。

“反对声差点掀了屋顶。”蔡志鹰说，好在上任前重温记录本，发扬了好传统，“复议时，带着投资商和政策文件，问题讲透，大家接受。”

如今，桂花村已经成为电商直播村，入驻企业近10家。这些年，各类产业每年给村集体带来200余万元收益，村人均纯收入超3万元。经过多年积累，桂花村成为全县首个资产过亿村。

行走桂花村，三层小楼鳞次栉比，房前屋后小菜园，既现代，又田园。

正在菜园里拾掇的村民蔡鹤林，抬头打招呼。

之前，为了迎接县里卫生检查，这些小菜园差点被推平。年过七旬的蔡鹤林急了：“种一辈子地，这点念想都没了？”

党支部进行“议事日”复议，最终决定：菜园可以留，规矩也得有，家家户户的小菜园都是“责任田”。老党员组成志愿队，定期检查。

“这制度跟庄稼一样，得长个儿。”谈及“议事日”，杨仕林感慨道。

“这两年又有新尝试。”蔡志鹰接过话茬，随着村子不断发展，“议事日”加入新议程，村监会主任把每月收支“掰开揉碎”，摊在阳光下。

基层该做群众关心的事，遇事村党支部牵头，党员先学一步，悟得深，议得透，干得实。这些年，议了多少事，就干了多少事！

蔡志鹰如数家珍：2020年以来，60名党员干部下沉网格，解决群众“急难愁盼”31个，办实事98件，“江西省第四届文明村镇”等荣誉摆满墙面……“大伙都说，土里长出的制度能结好果咧。”蔡鹤林说。

离开庄稼地，去看“数字化”。村里很多沿街门面，都成了直播间。

拍照、软件修图、AI生成……85后漆雪婷，留学归来成为带货博主。让她安心创业的，是村里实打实的支持：创业帮扶、政策上门。

看着眼熟，突然想起，早上“议事日”，她还发了言。

“大伙经常会碰出好点子。”漆雪婷笑道，“回到家乡，我这‘流动党员’也找到了家。”

“年轻人越来越认同党组织，村里每年都能收到十几份入党申请。15名入党积极分子中，不少是00后。”蔡志鹰介绍。

离开直播间，蔡志鹰问：“下一步想咋发展？”

漆雪婷早有思考：“‘十五五’规划建议提出，支持发展新型农村集体经济。咱桂花村可以整合电商、强化品牌……”

中国式现代化是全体人民共同富裕的现代化，基层党组织要成为群众致富的领路人。新时代的“议事日”，更加精彩。",朱  磊,要闻,https://paper.people.com.cn/rmrb/pc/content/202601/11/content_30131064.html,2026-01-11,"['议事', '桂花', '党员', '蔡志鹰', '记录本', '菜园', '漆成', '电商', '蔡鹤林', '漆雪婷']","“党员学习议事日”部分记录本。资料图片
“党员学习议事日”部分记录本。
资料图片",政治
江苏江阴市长江村将阅读场景嵌入乡村生活,"坚持文化惠民，实施公共文化服务提质增效行动。
——摘自“十五五”规划建议
“孩子一写作业就拖，到底该不该催？”在长江村“书享悦读”读书会现场，何英梅抛出了自己的困惑。活动室里，大伙围坐在一起，书页翻动声此起彼伏，几位村民一边听讲，一边在笔记本上勾画要点。
这场读书会以《如何培养孩子自主学习力》为共读书目，围绕家庭教育中常见的困惑展开交流。面对提问，老师从目标设定、正向反馈等角度逐一回应，不时结合实例拆解认识误区。
何英梅听得格外认真，笔记写了一页又一页。来参加这次读书会的她，希望能学到更科学的方法，以后更好地与孙辈相处。
何英梅今年49岁，2018年随丈夫来到江苏省江阴市长江村务工，从事吊装工作。从小爱看书的她，却因为辗转打工等原因，经常面临“看书难”的烦恼。“在大城市打工的时候，书籍资源相对丰富，看书比较容易。但之前打工的一些村里书少，看书不方便，慢慢地也就不怎么看书了。”何英梅坦言。
读书会后，何英梅仍感意犹未尽，准备再借两本新书回家。她来到村里中心广场上的智慧书柜前扫码，借书页面弹出，这一季度更新的图书静静地“躺”在架子上，让她很是惊喜。经过认真挑选，她借了两本书。“手里拿着喜欢的书，感觉又回到了年轻的时候。”何英梅说。
长江村，产业强、百姓富。在物质生活水平有了显著提升后，村两委发现，精神文明建设更是一篇“大文章”。
“我们现在有个‘三送’口号，送文化、送健康、送保障。”村委委员高静介绍，近年来，长江村致力于打造多种形式的阅读场景，努力培养不同年龄段群体的阅读习惯。
每月发放《新长江报》的时间，老村民高中度记得很清楚。“里面有不少村子里发生的新鲜事，还会刊登诗歌散文，可读性蛮高，很适合我们老年人。”高中度说。
“《新长江报》创立于2003年，起初是为了宣传长江村的工业发展成绩而创办的，但近些年逐渐转变为文化惠民的载体。”《新长江报》主编吕晓波介绍，“村民和村企业员工的生活是重点报道内容，大家都喜闻乐见。为了让报道贴近生活，我们特别鼓励村民和村企业员工投稿互动。”
除智慧书柜、《新长江报》等载体之外，长江村还将读书活动融入村民生活之中。“我们每年都会组织长江村‘书享悦读’读书节，已经成功举办6届活动，常设活动有好书推荐、亲子阅读、‘你点我买’、‘漂流书架’4个环节。”高静介绍，2025年读书节期间，长江村还举办了《长安的荔枝》线下观影阅读分享会、世界咖啡大全阅读品鉴等活动，“我们希望通过创新活动形式，吸引不同受众参与到阅读活动中来。”
如今，阅读在长江村已经蔚然成风：每个月会固定组织1—2次读书分享会，书目根据村民意向确定，已成功举办40场左右；智慧书柜运行6年来，借阅总次数达5000多次，书籍更新1200余本；《新长江报》每月印刷4000余份，免费发放至读者手中……
现如今两个女儿都在江阴找到了工作，何英梅也在长江村安定下来。“在这里可以很方便地看到很多书，参加阅读活动真的很幸福。”午后时分，何英梅翻开最新借阅的《2049：未来10000天的可能》，人类未来的宏大命题，就这样落进了一名吊车操作工安静的阅读时光里……
（相关新媒体报道见人民日报全国党媒信息公共平台《大国小村》传播云平台、农民日报官方公众号及“学习强国”学习平台同名专题）","# 江苏江阴市长江村将阅读场景嵌入乡村生活

> 本报记者  白光迪《人民日报》（2026年01月11日第 04 版）

坚持文化惠民，实施公共文化服务提质增效行动。

——摘自“十五五”规划建议

“孩子一写作业就拖，到底该不该催？”在长江村“书享悦读”读书会现场，何英梅抛出了自己的困惑。活动室里，大伙围坐在一起，书页翻动声此起彼伏，几位村民一边听讲，一边在笔记本上勾画要点。

这场读书会以《如何培养孩子自主学习力》为共读书目，围绕家庭教育中常见的困惑展开交流。面对提问，老师从目标设定、正向反馈等角度逐一回应，不时结合实例拆解认识误区。

何英梅听得格外认真，笔记写了一页又一页。来参加这次读书会的她，希望能学到更科学的方法，以后更好地与孙辈相处。

何英梅今年49岁，2018年随丈夫来到江苏省江阴市长江村务工，从事吊装工作。从小爱看书的她，却因为辗转打工等原因，经常面临“看书难”的烦恼。“在大城市打工的时候，书籍资源相对丰富，看书比较容易。但之前打工的一些村里书少，看书不方便，慢慢地也就不怎么看书了。”何英梅坦言。

读书会后，何英梅仍感意犹未尽，准备再借两本新书回家。她来到村里中心广场上的智慧书柜前扫码，借书页面弹出，这一季度更新的图书静静地“躺”在架子上，让她很是惊喜。经过认真挑选，她借了两本书。“手里拿着喜欢的书，感觉又回到了年轻的时候。”何英梅说。

长江村，产业强、百姓富。在物质生活水平有了显著提升后，村两委发现，精神文明建设更是一篇“大文章”。

“我们现在有个‘三送’口号，送文化、送健康、送保障。”村委委员高静介绍，近年来，长江村致力于打造多种形式的阅读场景，努力培养不同年龄段群体的阅读习惯。

每月发放《新长江报》的时间，老村民高中度记得很清楚。“里面有不少村子里发生的新鲜事，还会刊登诗歌散文，可读性蛮高，很适合我们老年人。”高中度说。

“《新长江报》创立于2003年，起初是为了宣传长江村的工业发展成绩而创办的，但近些年逐渐转变为文化惠民的载体。”《新长江报》主编吕晓波介绍，“村民和村企业员工的生活是重点报道内容，大家都喜闻乐见。为了让报道贴近生活，我们特别鼓励村民和村企业员工投稿互动。”

除智慧书柜、《新长江报》等载体之外，长江村还将读书活动融入村民生活之中。“我们每年都会组织长江村‘书享悦读’读书节，已经成功举办6届活动，常设活动有好书推荐、亲子阅读、‘你点我买’、‘漂流书架’4个环节。”高静介绍，2025年读书节期间，长江村还举办了《长安的荔枝》线下观影阅读分享会、世界咖啡大全阅读品鉴等活动，“我们希望通过创新活动形式，吸引不同受众参与到阅读活动中来。”

如今，阅读在长江村已经蔚然成风：每个月会固定组织1—2次读书分享会，书目根据村民意向确定，已成功举办40场左右；智慧书柜运行6年来，借阅总次数达5000多次，书籍更新1200余本；《新长江报》每月印刷4000余份，免费发放至读者手中……

现如今两个女儿都在江阴找到了工作，何英梅也在长江村安定下来。“在这里可以很方便地看到很多书，参加阅读活动真的很幸福。”午后时分，何英梅翻开最新借阅的《2049：未来10000天的可能》，人类未来的宏大命题，就这样落进了一名吊车操作工安静的阅读时光里……

（相关新媒体报道见人民日报全国党媒信息公共平台《大国小村》传播云平台、农民日报官方公众号及“学习强国”学习平台同名专题）",白光迪,要闻,https://paper.people.com.cn/rmrb/pc/content/202601/11/content_30131065.html,2026-01-11,"['长江', '何英梅', '阅读', '村民', '看书', '读书会', '活动', '书柜', '读书', '享悦读']","坚持文化惠民，实施公共文化服务提质增效行动。
——摘自“十五五”规划建议
“孩子一写作业就拖，到底该不该催？”在长江村“书享悦读”读书会现场，何英梅抛出了自己的困惑。活动室里，大伙围坐在一起，书页翻动声此起彼伏，几位村民一边听讲，一边在笔记本上勾画要点。",经济
为乡村全面振兴注入文化暖流（专家点评）,"在长江村务工的何英梅，通过村两委在村里打造的多种形式阅读场景，实现了从“看书难”到“读书易”的转变，这是乡村精神文明建设在基层落地生根的生动注脚。
从智慧书柜的扫码借阅，到《新长江报》的免费发放，从读书节的多元活动，到常态化读书分享会，长江村的阅读推广持续创新形式，精准对接不同群体需求：务工人员能便捷获取新书，老年人能通过报纸了解村情、品读美文，亲子家庭能在互动中培养阅读习惯。5000余次借阅量、1200余本更新书籍、40场左右读书分享会……这些数据背后，是长江村村民精神文化需求被看见、被满足的民生温度。
乡村全面振兴不仅要富口袋，更要富脑袋。长江村将阅读场景嵌入乡村肌理，让精神文明融入日常生活，既延续了文化惠民的初心，又以低成本、广覆盖的方式搭建起精神家园。这种“接地气”的文化建设，让乡村不仅有了产业的“筋骨”，更有了文化的“灵魂”。
在“十五五”规划建议提出实施公共文化服务提质增效行动的背景下，长江村的实践，为文化惠民和乡村公共文化服务建设提供了可借鉴的样本。当阅读成为乡村的生活常态，文化自信便会生根发芽，乡村全面振兴也将获得源源不断的精神动力。
（作者为无锡广播电视集团（台）总编辑）","# 为乡村全面振兴注入文化暖流（专家点评）

> 刘  烈《人民日报》（2026年01月11日第 04 版）

在长江村务工的何英梅，通过村两委在村里打造的多种形式阅读场景，实现了从“看书难”到“读书易”的转变，这是乡村精神文明建设在基层落地生根的生动注脚。

从智慧书柜的扫码借阅，到《新长江报》的免费发放，从读书节的多元活动，到常态化读书分享会，长江村的阅读推广持续创新形式，精准对接不同群体需求：务工人员能便捷获取新书，老年人能通过报纸了解村情、品读美文，亲子家庭能在互动中培养阅读习惯。5000余次借阅量、1200余本更新书籍、40场左右读书分享会……这些数据背后，是长江村村民精神文化需求被看见、被满足的民生温度。

乡村全面振兴不仅要富口袋，更要富脑袋。长江村将阅读场景嵌入乡村肌理，让精神文明融入日常生活，既延续了文化惠民的初心，又以低成本、广覆盖的方式搭建起精神家园。这种“接地气”的文化建设，让乡村不仅有了产业的“筋骨”，更有了文化的“灵魂”。

在“十五五”规划建议提出实施公共文化服务提质增效行动的背景下，长江村的实践，为文化惠民和乡村公共文化服务建设提供了可借鉴的样本。当阅读成为乡村的生活常态，文化自信便会生根发芽，乡村全面振兴也将获得源源不断的精神动力。

（作者为无锡广播电视集团（台）总编辑）",刘  烈,要闻,https://paper.people.com.cn/rmrb/pc/content/202601/11/content_30131066.html,2026-01-11,"['乡村', '文化', '长江', '阅读', '要富', '借阅', '振兴', '读书', '精神文明', '惠民']","在长江村务工的何英梅，通过村两委在村里打造的多种形式阅读场景，实现了从“看书难”到“读书易”的转变，这是乡村精神文明建设在基层落地生根的生动注脚。
从智慧书柜的扫码借阅，到《新长江报》的免费发放，从读书节的多元活动，到常态化读书分享会，长江村的阅读推广持续创新形式，精准对接不同群体需求：务工人员能便捷获取新书，老年人能通过报纸了解村情、品读美文，亲子家庭能在互动中培养阅读习惯。5000余次借阅量、1200余本更新书籍、40场左右读书分享会……这些数据背后，是长江村村民精神文化需求被看见、被满足的民生温度。
乡村全面振兴不仅要富口袋，更要富脑袋。长江村将阅读场景嵌入乡村肌理，让精神文明融入日常生活，既延续了文化惠民的初心，又以低成本、广覆盖的方式搭建起精神家园。这种“接地气”的文化建设，让乡村不仅有了产业的“筋骨”，更有了文化的“灵魂”。",社会
打造忠诚干净担当、敢于善于斗争的纪检监察铁军,"纪检监察机关是推进党的自我革命的重要力量，只有打造一支过硬铁军队伍，才能推动新时代党的自我革命要求进一步落实到位。
2025年，中央纪委国家监委在全系统部署开展“纪检监察工作规范化法治化正规化建设年”行动，提升依规依纪依法办案质效、加强纪检监察队伍建设、加强纪法教育和培训，以更高标准、更严要求打造忠诚干净担当、敢于善于斗争的纪检监察铁军。
忠诚是最鲜明的底色
“首届中央监察委员会10名成员中8人牺牲，无一人叛党，他们用鲜血和生命诠释了对共产主义的信仰和对党的绝对忠诚……”
湖北省武汉市纪委监委深入挖掘首届中央监委10名成员的革命人生和英雄事迹，联合武汉革命博物馆推出“信仰铸忠魂——中国共产党首届中央监察委员会成员专题展”等，引导纪检监察干部学习先烈事迹、传承红色基因。纪检监察队伍因党而生、为党而战，忠诚于党是纪检监察铁军最根本的政治品格。一年来，中央纪委国家监委和各级纪检监察机关加强理想信念教育和政治忠诚教育，组织参观纪检监察陈列展，推动全系统用好纪检监察史生动教材，引导广大纪检监察干部真心爱党、时刻忧党、坚定护党、全力兴党。
理论上清醒，政治上才能坚定，行动上才能坚决。中央纪委国家监委和各级纪检监察机关坚持不懈用习近平新时代中国特色社会主义思想凝心铸魂，教育引导广大纪检监察干部从党的创新理论中汲取精神滋养，筑牢忠诚履职尽责的思想根基。
沿着蜿蜒曲折的渠线，实地探访太行绝壁上的“水长城”；重走红旗渠的咽喉工程——青年洞……近日，河南省纪委监委在红旗渠廉政教育学院举办年轻干部党性和纪律教育培训班。
“直观感受到‘劈开太行山，漳河穿山来’的伟大壮举，更加深刻理解了习近平总书记所讲的‘红旗渠就是纪念碑’。”一名参训学员感慨。
过去一年，中央纪委国家监委坚持不懈加强党的创新理论武装，编写印发学习贯彻习近平总书记关于党的自我革命的重要思想教学大纲，在全系统开展二十届中央纪委四次全会精神集中轮训；围绕监督办案全流程开展线下线上教学培训，广大纪检监察干部对党忠诚的底色更加鲜明，担当职责使命的步履更加坚定。
提升依规依纪依法办案质效
2025年6月1日起，修改后的《中华人民共和国监察法》及《中华人民共和国监察法实施条例》同步施行。
运用法治思维和法治方式惩治腐败，是实现新时代新征程纪检监察工作高质量发展的重要保证。中央纪委国家监委一体履行党内法规和监察法规制定职责，修改监察法实施条例，完善相关配套制度，不断健全制度的“四梁八柱”，带动全系统健全制度机制，扎紧织密制度“笼子”。中央纪委国家监委和各级纪检监察机关坚持授权和控权相结合，严格按照权限、规则、程序开展工作，确保纪检监察权始终在法治轨道上正确规范行使。
没有纪检监察队伍高素质专业化，就没有纪检监察工作的规范化法治化正规化。坚持政治培训、业务培训、实战练兵一体推进，中央纪委国家监委机关印发全员练兵、实战轮训工作方案，各级纪检监察机关结合各自实际，安排干部加强实践锻炼。
福建省纪委监委制定《关于全省联动开展实战练兵实施全员培养计划的工作方案》，组织机关综合部门干部参与办案历练，组织派驻机构、企业、高校纪检监察干部参与实战轮训。
上海市纪委监委坚持在办案一线培养业务骨干，制定实施全员培养计划，全方位历练干部能力素质。
…………
“过去查账更多依靠人工，课上教授的数据比对和关联分析等方法，为今后发现问题线索提供了新思路。”此前，重庆市开州区纪委监委组织纪检监察业务骨干走进重庆大学接受信息化监督专题培训，培训结束后，一名审查调查一线干部收获颇丰。
当前，运用信息化手段已成为提升案件办理质效的重要方法。中央纪委国家监委深化科技赋能，建成上下贯通的纪检监察一体化工作平台，持续升级完善党风政风监督、信访举报、案件监督管理、案件审理、追逃追赃等业务应用系统，不断加强线索处置、涉案财物等信息化管理，有效助力纪检监察工作规范化、法治化、正规化建设。
打铁必须自身硬
“你家去年购买了一套住房，但未按规定填报，请你如实作出说明。”此前，云南省玉溪市峨山彝族自治县纪委监委对全县纪检监察干部廉政档案进行抽查核实，对相关人员进行提醒谈话，督促整改。
纪检监察机关是管党治党的重要力量，监督别人首先自身要全面过硬。中央纪委国家监委制定加强新时代纪检监察队伍建设的意见，实施组织建设三年行动计划，各级纪检监察机关把严管严治融入日常、抓在经常，以实际行动做到打铁必须自身硬。
以敬畏之心履职用权，一年来，中央纪委国家监委围绕细化岗位权力、设置风险提示、列明行权底线，形成权力清单、风险清单、负面清单；向系统内发布违规打听案情、过问干预案件典型案例，通报在受理信访举报、线索处置、审查调查工作中违纪违法案例，各级纪检监察机关不断加大纪检监察干部执纪违纪、执法违法案件查办力度，运用多种形式分级分类深化教育警示，开展家庭助廉活动，坚决防治“灯下黑”。
“根据组织安排，把你调整到新的岗位，工作压力可能会变大，请谈谈你的看法。”近日，在湖南省东安县纪委监委会议室，一场纪检监察干部之间的谈心谈话正在进行。该县纪委监委组织开展常态化谈心谈话，及时了解干部思想动态、工作困难和意见建议，帮助干部化解心结、舒缓压力。
越是担子重，越要爱护挑担人。中央纪委国家监委和各级纪检监察机关坚持严管和厚爱结合、激励和约束并重，线上线下结合加大先进典型宣传力度，做实关心关爱举措，让干部更加安心履职，不断激发纪检监察队伍干事创业活力。
打铁必须自身硬，百炼方能出精钢。新征程上，各级纪检监察机关和广大纪检监察干部以永远在路上的坚韧和执着，不断锤炼政治品格、提升专业能力、严明纪律作风，必将为推进中国式现代化提供更加坚强的纪律保障。","# 打造忠诚干净担当、敢于善于斗争的纪检监察铁军

> 本报记者  李林蔚《人民日报》（2026年01月11日第 04 版）

纪检监察机关是推进党的自我革命的重要力量，只有打造一支过硬铁军队伍，才能推动新时代党的自我革命要求进一步落实到位。

2025年，中央纪委国家监委在全系统部署开展“纪检监察工作规范化法治化正规化建设年”行动，提升依规依纪依法办案质效、加强纪检监察队伍建设、加强纪法教育和培训，以更高标准、更严要求打造忠诚干净担当、敢于善于斗争的纪检监察铁军。

**忠诚是最鲜明的底色**

“首届中央监察委员会10名成员中8人牺牲，无一人叛党，他们用鲜血和生命诠释了对共产主义的信仰和对党的绝对忠诚……”

湖北省武汉市纪委监委深入挖掘首届中央监委10名成员的革命人生和英雄事迹，联合武汉革命博物馆推出“信仰铸忠魂——中国共产党首届中央监察委员会成员专题展”等，引导纪检监察干部学习先烈事迹、传承红色基因。纪检监察队伍因党而生、为党而战，忠诚于党是纪检监察铁军最根本的政治品格。一年来，中央纪委国家监委和各级纪检监察机关加强理想信念教育和政治忠诚教育，组织参观纪检监察陈列展，推动全系统用好纪检监察史生动教材，引导广大纪检监察干部真心爱党、时刻忧党、坚定护党、全力兴党。

理论上清醒，政治上才能坚定，行动上才能坚决。中央纪委国家监委和各级纪检监察机关坚持不懈用习近平新时代中国特色社会主义思想凝心铸魂，教育引导广大纪检监察干部从党的创新理论中汲取精神滋养，筑牢忠诚履职尽责的思想根基。

沿着蜿蜒曲折的渠线，实地探访太行绝壁上的“水长城”；重走红旗渠的咽喉工程——青年洞……近日，河南省纪委监委在红旗渠廉政教育学院举办年轻干部党性和纪律教育培训班。

“直观感受到‘劈开太行山，漳河穿山来’的伟大壮举，更加深刻理解了习近平总书记所讲的‘红旗渠就是纪念碑’。”一名参训学员感慨。

过去一年，中央纪委国家监委坚持不懈加强党的创新理论武装，编写印发学习贯彻习近平总书记关于党的自我革命的重要思想教学大纲，在全系统开展二十届中央纪委四次全会精神集中轮训；围绕监督办案全流程开展线下线上教学培训，广大纪检监察干部对党忠诚的底色更加鲜明，担当职责使命的步履更加坚定。

**提升依规依纪依法办案质效**

2025年6月1日起，修改后的《中华人民共和国监察法》及《中华人民共和国监察法实施条例》同步施行。

运用法治思维和法治方式惩治腐败，是实现新时代新征程纪检监察工作高质量发展的重要保证。中央纪委国家监委一体履行党内法规和监察法规制定职责，修改监察法实施条例，完善相关配套制度，不断健全制度的“四梁八柱”，带动全系统健全制度机制，扎紧织密制度“笼子”。中央纪委国家监委和各级纪检监察机关坚持授权和控权相结合，严格按照权限、规则、程序开展工作，确保纪检监察权始终在法治轨道上正确规范行使。

没有纪检监察队伍高素质专业化，就没有纪检监察工作的规范化法治化正规化。坚持政治培训、业务培训、实战练兵一体推进，中央纪委国家监委机关印发全员练兵、实战轮训工作方案，各级纪检监察机关结合各自实际，安排干部加强实践锻炼。

福建省纪委监委制定《关于全省联动开展实战练兵实施全员培养计划的工作方案》，组织机关综合部门干部参与办案历练，组织派驻机构、企业、高校纪检监察干部参与实战轮训。

上海市纪委监委坚持在办案一线培养业务骨干，制定实施全员培养计划，全方位历练干部能力素质。

…………

“过去查账更多依靠人工，课上教授的数据比对和关联分析等方法，为今后发现问题线索提供了新思路。”此前，重庆市开州区纪委监委组织纪检监察业务骨干走进重庆大学接受信息化监督专题培训，培训结束后，一名审查调查一线干部收获颇丰。

当前，运用信息化手段已成为提升案件办理质效的重要方法。中央纪委国家监委深化科技赋能，建成上下贯通的纪检监察一体化工作平台，持续升级完善党风政风监督、信访举报、案件监督管理、案件审理、追逃追赃等业务应用系统，不断加强线索处置、涉案财物等信息化管理，有效助力纪检监察工作规范化、法治化、正规化建设。

**打铁必须自身硬**

“你家去年购买了一套住房，但未按规定填报，请你如实作出说明。”此前，云南省玉溪市峨山彝族自治县纪委监委对全县纪检监察干部廉政档案进行抽查核实，对相关人员进行提醒谈话，督促整改。

纪检监察机关是管党治党的重要力量，监督别人首先自身要全面过硬。中央纪委国家监委制定加强新时代纪检监察队伍建设的意见，实施组织建设三年行动计划，各级纪检监察机关把严管严治融入日常、抓在经常，以实际行动做到打铁必须自身硬。

以敬畏之心履职用权，一年来，中央纪委国家监委围绕细化岗位权力、设置风险提示、列明行权底线，形成权力清单、风险清单、负面清单；向系统内发布违规打听案情、过问干预案件典型案例，通报在受理信访举报、线索处置、审查调查工作中违纪违法案例，各级纪检监察机关不断加大纪检监察干部执纪违纪、执法违法案件查办力度，运用多种形式分级分类深化教育警示，开展家庭助廉活动，坚决防治“灯下黑”。

“根据组织安排，把你调整到新的岗位，工作压力可能会变大，请谈谈你的看法。”近日，在湖南省东安县纪委监委会议室，一场纪检监察干部之间的谈心谈话正在进行。该县纪委监委组织开展常态化谈心谈话，及时了解干部思想动态、工作困难和意见建议，帮助干部化解心结、舒缓压力。

越是担子重，越要爱护挑担人。中央纪委国家监委和各级纪检监察机关坚持严管和厚爱结合、激励和约束并重，线上线下结合加大先进典型宣传力度，做实关心关爱举措，让干部更加安心履职，不断激发纪检监察队伍干事创业活力。

打铁必须自身硬，百炼方能出精钢。新征程上，各级纪检监察机关和广大纪检监察干部以永远在路上的坚韧和执着，不断锤炼政治品格、提升专业能力、严明纪律作风，必将为推进中国式现代化提供更加坚强的纪律保障。",李林蔚,要闻,https://paper.people.com.cn/rmrb/pc/content/202601/11/content_30131069.html,2026-01-11,"['纪检监察', '监委', '中央纪委', '干部', '机关', '忠诚', '纪委', '各级', '监察', '工作']","纪检监察机关是推进党的自我革命的重要力量，只有打造一支过硬铁军队伍，才能推动新时代党的自我革命要求进一步落实到位。
2025年，中央纪委国家监委在全系统部署开展“纪检监察工作规范化法治化正规化建设年”行动，提升依规依纪依法办案质效、加强纪检监察队伍建设、加强纪法教育和培训，以更高标准、更严要求打造忠诚干净担当、敢于善于斗争的纪检监察铁军。
忠诚是最鲜明的底色",政治
三个视角，看教育科技人才一体发展（深聚焦）,"湖北省第三届技工院校学生技能大赛暨第四届教师职业能力大赛现场，选手参加机器人系统集成项目比赛。杨  东摄（人民视觉）
湖北省第三届技工院校学生技能大赛暨第四届教师职业能力大赛现场，选手参加机器人系统集成项目比赛。
杨  东摄（人民视觉）
全国高校区域技术转移转化中心（江苏）南京生物医药分中心的质谱实验室，研究人员为高校项目做技术验证。徐德军摄（人民视觉）
全国高校区域技术转移转化中心（江苏）南京生物医药分中心的质谱实验室，研究人员为高校项目做技术验证。
徐德军摄（人民视觉）
第二十七届中国国际高新技术成果交易会深圳理工大学展区。胡  征摄（人民视觉）数据来源：教育部、科技部
第二十七届中国国际高新技术成果交易会深圳理工大学展区。
胡  征摄（人民视觉）
数据来源：教育部、科技部
当前，“教育科技人才”话题已成为关注焦点。三者如何相互支撑、一体推进？实践正给出生动答案：在上海交通大学，博士研究生和敬凯的研究课题，与华为鸿蒙系统的真实需求同步更新；在江苏，南京医科大学药学院教授李飞，完成了新药走向产业化的“最后一公里”；在深圳，我们看到了产学研深度融合的良性生态。
本期教育版，让我们走进一所高校、一个区域中心、一座城市，共同见证教育科技人才沃土，滋养出创新创造之花。
——编  者
从一所高校看：
“两头跑”的育人探索
本报记者  黄  超
上海紫竹国家高新技术产业开发区，每周一次的“技术对齐日”，上海交通大学并行与分布式系统研究所博士研究生和敬凯，都会在黄大年茶思屋与华为企业导师碰头。
“你测的延迟数据，在手机相机启动场景里，能复现吗？”华为资深工程师对着电脑屏幕上的曲线问。“可以，这是模拟数据。但我需要真机上的追踪日志来精确量化影响。”和敬凯回答。屏幕上，鸿蒙操作系统的代码闪烁着。
这是上海交大—华为操作系统专项联培班（以下简称“华为班”）的日常缩影。自2021年启动以来，它成为独特的“接口”，一端连着校园的前沿探索，另一端接着产业界的真实需求。在上海交大师生参与下，华为鸿蒙操作系统及开源鸿蒙日臻完善，一场关于“协同培养下一代基础软件根技术人才”的实验也同步展开。
“国家、行业对高端基础软件人才，特别是人工智能融合型技术领军者的渴求十分迫切，但工程教育与创新实践存在一定脱节。”上海交大并行与分布式系统研究所特聘教授、开源鸿蒙项目群技术指导委员会创始主席陈海波说，华为班以研究生培养为主，探索形成“三年三阶段”的特色路径：首年由华为导师深度参与课程教学，次年进入华为联培课题实战，最后一年聚焦论文、答辩。
作为华为班学生，和敬凯的科研起点，源于一个看似微小的观察。操作系统和应用中，大量数据拷贝拖慢了整体效率。“在鸿蒙的真实场景里，这个问题被放大了。比如，相机连拍、高清视频解码，用户对流畅度的要求是极致的。”和敬凯说，起初这只是自己的“奇思”，但在华为班，他有了一条验证通道。
于是，和敬凯开始了“两头跑”：在学校，他埋头设计一种新的异步拷贝内核新服务；在位于开发区的茶思屋，他与华为工程师一遍遍测试方案的可行性。
收获是立体的。产业上，和敬凯参与优化的代码已在鸿蒙内核验证，让设备体验更流畅。学术上，这项成果帮他斩获了操作系统领域会议的最佳论文奖。和敬凯说，在华为班，亲眼看到自己的论文“跑”在真实系统里，解决用户实际问题，“这是实实在在的成就感。”
他的导师陈海波也是“两头跑”，工作日到华为上班，周末回学校实验室。陈海波是这个校企联培模式的设计者：“我的角色就是一座桥梁。”他这样定义，“把高校里‘从0到1’的原始创新勇气和想象力，与企业‘从1到N’的工程化、场景化能力连接起来。协同育人，不再是灌满一桶水，而是点燃一团火，并把这团火引到需要光的地方。”
“两头跑”跑出的，是一套精心设计、持续迭代的华为班培养体系，其关键就两个字：协同。“高级操作系统”“并行与分布式数据库系统”等重点课程，由上海交大教授与华为专家共同设计；每名学生都配备1位学术导师和1位华为企业导师；黄大年茶思屋、华为上海公司，成了学生们的“第二校园”。
5年来，协同育人的创新成果清单越拉越长——除了在国际操作系统领域顶会、顶刊发表论文，多项学生主导的技术落地开源鸿蒙系统；超过30名学生参加鸿蒙突击队，参与打造原生鸿蒙应用生态；在端侧智能体、人工智能与操作系统融合等前沿方向，形成一批关键技术与原型系统；众多毕业生成为华为等企业基础软件研发部门的生力军……
比成果更重要的，是家国情怀的培养。上海交大计算机学院青年教师古金宇说：“华为班的学生亲身经历了攻关自主操作系统核心难题的过程。这种解决‘卡脖子’难题的自信和担当，是一般的课堂教育给不了的。”
“我们是在为国家和行业储备战略能力。当年轻人习惯在复杂场景中思考、战斗，未来就有可能参与规则制定，主导像人工智能时代操作系统这样的新生态。”陈海波看得更远。
透过黄大年茶思屋的玻璃门，可以看到屋内有不少关于创新的标语。华为班正是这样一扇门。门内，是自信的年轻人与科技企业在深度对话；门外，是国家对于高水平科技自立自强的期待。
问及2026年的计划，一名华为班学生眼神明亮，“通过开源鸿蒙让终端设备说上‘中国话’，实现万物智联。我们不仅是参与者，更有机会成为定义者。这想想就让人兴奋。”
从一个区域中心看：
校企成为“创新合伙人”
本报记者  姚雪青
2025年12月15日，对南京医科大学药学院教授、苏州缘聚医药科技有限公司总经理李飞来说，是一个重要的日子：这天，公司与湖南一家药企签署了小分子镇痛药物的专利及技术转让协议，交易总金额近4亿元，团队研发的新药正式走向产业化。
“这背后，离不开全国高校区域技术转移转化中心（江苏）的全流程赋能。”李飞说。
江苏省教育厅副厅长杨树兵介绍，全国高校区域技术转移转化中心（江苏）是教育部和江苏省共建的服务全国高校科技成果转移转化的公共平台，在南京、苏州设有分中心，不仅为高校科技成果转化提供支撑，也为区域产业升级注入新动能。
2012年起，李飞团队瞄准成因复杂的神经病理性疼痛药物进行原创研究，2023年有了初步成果，2024年在苏州成立公司。但转化的第一步就遇上难题：新药开发周期长、风险大，钱从哪里来？市场要怎样开拓？
在南医大引荐下，苏州生物医药分中心邀请李飞团队来先试先行，从技术路径、商业前景等方面进行评估。“技术经理人帮助我们对接了药企，苏州生物医药分中心提供了概念验证专项资金，实验数据也进一步完善。”李飞说。
转化风险大怎么办？苏州生物医药分中心探索“先使用后付费”模式，还联合保险公司为团队配置了“园研保”，提供全方位转化风险保障——这份“托底”给了李飞很大信心。缘聚医药与湖南药企达成合作意向后，“护航”仍在延续：苏州生物医药分中心工作人员不仅在商务谈判上提供专业支持，还帮助审看合同细节，助力双方高效合规完成技术转让流程，完成新药从实验室走向产业化的“最后一公里”。“未来，我们的新药会造福更多患者。”李飞说。
全国高校区域技术转移转化中心不仅助力高校转化成果，还帮助企业对接高校、解决技术难题。
2025年6月，南京惊鸣创新科技有限公司创始人王健接到新订单，要生产一批用于电厂锅炉巡检的无人机。这让通信专业出身的他犯了难：“无人机研制是系统工程，新产品需要同时解决不间断供电、密闭空间通信、粉尘环境下定位等多个‘既要又要’的学科交叉难题。创新技术从哪里来？”王健向南京信息通信分中心求助。
南京信息通信分中心如同“创新超级市场”，根据企业需求，从高校成果库中遴选出东南大学和南京航空航天大学的科研团队，前者擅长自动控制及算法定位，后者在整机气动设计上是强项。3个团队通过头脑风暴和大量实验，攻克一个个难题。如今，新产品已投入应用。
杨树兵介绍，在支持成果转化上，江苏区域中心已建成32个“一站式”公共转化平台，为全国高校提供技术研发、概念验证、中试熟化等全链条服务，并组建了400多人的服务团队，提供科技金融、知识产权等全要素服务；在服务企业方面，定期征集技术需求，开展“教育界产业界对接对话”“揭榜挂帅”等200多场产学研活动，推动优势学科与优势产业高效对接。成立一年多来，已对接高校成果5337项，凝练企业技术需求2100多条，促成落地转化245项。
值得一提的是，区域中心不仅是高校科研团队的汇聚平台，也是创新创业人才的培养平台。
在苏州先进材料分中心，南京工业大学硕士研究生荆虞飞通过联合培养，加深了对产业的了解，毕业后顺利留在项目上，实现“丝滑就业”。
“研一暑假，我来苏州先进材料分中心参观，看到有联合培养项目，回校就报名了。”荆虞飞说，产业导师是在苏州先进材料分中心孵化的表征装置技术项目的负责人，课题来自企业真实的技术研发需求。
联合培养的第一个“作业”，就是分组制作用于表征装置上的零部件——不是模型，不是样品，而是面向市场的商品。“产业导师鼓励我们大胆创新，失败也不要紧。”荆虞飞说，在产业一线学习，除了打磨技术，还要考虑产品成本、选材等多种因素。也正是因为有了这份经历，尽管他刚入职4个月，已然是一名“老员工”了。
据悉，苏州先进材料分中心成立以来，已联合培养硕士研究生64名，与清华、复旦等联培工程博士23名，并为246名本科生提供实习实践岗位，与高校携手培养卓越创新人才。
从一座城看：
大学与产业“双向奔赴”
本报记者  程远州  姜晓丹
“请分析样本中的有效肽成分……”深圳理工大学药学院实验室里，大一学生钟智灵正与“AI智能体”对话，屏幕上很快开始自动解析数据、生成报告。她正在导师指导下，参与一家药企的课题。
在深圳理工大学，学生一入学就能根据兴趣加入不同的实验团队。每周五，学生走进头部企业或前沿实验室，开展科研实践。“四天上课、一天实验”的培养节奏，与大多数国内高校的本科教育方式迥异。“参与校企合作项目，让我对医药产业发展有了更真切的认识。”钟智灵说。
学生在创新实践中提升本领，科研人才也在服务产业中成长。钟智灵的导师是药学院教授冯志炜，主攻“人工智能+医药”方向。2025年5月，冯志炜回国后加入深圳理工大学，看中的正是这所新型研究型大学鼓励科研走向应用的机制，以及深圳这座城市浓厚的科创氛围。
自2024年成立以来，深圳理工大学就紧扣深圳“20+8”产业集群布局，设置生命健康、合成生物、算力微电子等七大学科交叉专业学院，精准对接高端医疗、新能源、集成电路、人工智能等深圳核心产业需求，助力深圳新质生产力发展与产业转型升级。以技术突破回应产业需求，以真实项目培养实战人才，再借人才与科研成果反哺产业升级——在年轻的深圳理工大学，这条可持续创新链路已然清晰。
改革开放以来，“深圳速度”举世瞩目。深圳的规上工业总产值、工业增加值全国城市“双第一”，且产业体系不断向新求质、向优升级、向强而进。然而，在优质高等教育资源方面，深圳与其他一线城市相比，存在显著差距。
教育是科技创新的先导，是人才培养的基础。“近年来，深圳提出全方位建设‘创新之城’，着力打造良好的科技创新生态和人才发展环境。快速建大学，成为深圳‘补短板’的必然选择。”深圳市教育局党组书记、局长郑秀玉说。
5年5所大学，大学建设的“深圳速度”再次受到关注。“十四五”时期，深圳高起点新设包括深圳理工大学在内的5所高校，目前全市高等教育机构达18所；高校全日制在校生数量达18.7万人，较“十三五”时期增长近40%。
那么，深圳需要怎样的大学？郑秀玉说，大学要服务重大战略需求，与城市产业发展同频共振；在学科专业设置方面，精准对接产业发展和人才培养需求。
产学研深度融合的布局，很早就开始了。深圳大学自创办之初，便以服务特区产业发展为办学导向，与本土企业广泛开展产学研合作。2025年4月，深圳大学人工智能学院甫一成立，便与腾讯、云天励飞等多家本土企业与机构签署战略合作协议，致力于实现科研与产业转化闭环。
2019年开始招生的深圳技术大学，已与企业共建4个产业学院、10个企业精英班、49个联合实验室，承接企业项目672项，在激光与增材制造、新能源技术及智能网联汽车技术、新材料等领域取得一系列重要成果。
除了建设本土高校，深圳还广发“英雄帖”，邀请北大、清华等名校设立研究生院，引入哈工大、中大、暨南大学、香港中文大学等学校设立深圳校区。
一系列创新举措，助力教育科技人才资源汇聚：深圳赋予高校人才评聘自主权，近3年累计给予高校各类人才约42亿元的科研启动经费支持；在科学城、科教城等平台支撑下，全市高校建设各类科研平台750多个；成立西丽湖国际科教城高校院所联盟，推动近6000台重大科研仪器设备共享共用。如今，南方科技大学已入选“双一流”建设高校，深圳大学等8所高校纳入广东省高水平大学建设计划，一批“卡脖子”技术难题在产学研协同攻关中被破解。
“坚持一体推进教育科技人才发展，深圳正在形成良性循环：建强人才自主培养主阵地，打造高水平聚才引智强磁场，激发产业科技创新源动力。”郑秀玉说，“‘十五五’时期，深圳将全面推进高等教育育人方式、办学模式、管理体制、评价体系、保障机制改革，让大学与产业‘双向奔赴’。”","# 三个视角，看教育科技人才一体发展（深聚焦）

> 《人民日报》（2026年01月11日第 05 版）

湖北省第三届技工院校学生技能大赛暨第四届教师职业能力大赛现场，选手参加机器人系统集成项目比赛。　　杨  东摄（人民视觉）

湖北省第三届技工院校学生技能大赛暨第四届教师职业能力大赛现场，选手参加机器人系统集成项目比赛。

杨  东摄（人民视觉）

全国高校区域技术转移转化中心（江苏）南京生物医药分中心的质谱实验室，研究人员为高校项目做技术验证。　　徐德军摄（人民视觉）

全国高校区域技术转移转化中心（江苏）南京生物医药分中心的质谱实验室，研究人员为高校项目做技术验证。

徐德军摄（人民视觉）

第二十七届中国国际高新技术成果交易会深圳理工大学展区。　　胡  征摄（人民视觉）数据来源：教育部、科技部

第二十七届中国国际高新技术成果交易会深圳理工大学展区。

胡  征摄（人民视觉）

数据来源：教育部、科技部

当前，“教育科技人才”话题已成为关注焦点。三者如何相互支撑、一体推进？实践正给出生动答案：在上海交通大学，博士研究生和敬凯的研究课题，与华为鸿蒙系统的真实需求同步更新；在江苏，南京医科大学药学院教授李飞，完成了新药走向产业化的“最后一公里”；在深圳，我们看到了产学研深度融合的良性生态。

本期教育版，让我们走进一所高校、一个区域中心、一座城市，共同见证教育科技人才沃土，滋养出创新创造之花。

——编  者

从一所高校看：

“两头跑”的育人探索

本报记者  黄  超

上海紫竹国家高新技术产业开发区，每周一次的“技术对齐日”，上海交通大学并行与分布式系统研究所博士研究生和敬凯，都会在黄大年茶思屋与华为企业导师碰头。

“你测的延迟数据，在手机相机启动场景里，能复现吗？”华为资深工程师对着电脑屏幕上的曲线问。“可以，这是模拟数据。但我需要真机上的追踪日志来精确量化影响。”和敬凯回答。屏幕上，鸿蒙操作系统的代码闪烁着。

这是上海交大—华为操作系统专项联培班（以下简称“华为班”）的日常缩影。自2021年启动以来，它成为独特的“接口”，一端连着校园的前沿探索，另一端接着产业界的真实需求。在上海交大师生参与下，华为鸿蒙操作系统及开源鸿蒙日臻完善，一场关于“协同培养下一代基础软件根技术人才”的实验也同步展开。

“国家、行业对高端基础软件人才，特别是人工智能融合型技术领军者的渴求十分迫切，但工程教育与创新实践存在一定脱节。”上海交大并行与分布式系统研究所特聘教授、开源鸿蒙项目群技术指导委员会创始主席陈海波说，华为班以研究生培养为主，探索形成“三年三阶段”的特色路径：首年由华为导师深度参与课程教学，次年进入华为联培课题实战，最后一年聚焦论文、答辩。

作为华为班学生，和敬凯的科研起点，源于一个看似微小的观察。操作系统和应用中，大量数据拷贝拖慢了整体效率。“在鸿蒙的真实场景里，这个问题被放大了。比如，相机连拍、高清视频解码，用户对流畅度的要求是极致的。”和敬凯说，起初这只是自己的“奇思”，但在华为班，他有了一条验证通道。

于是，和敬凯开始了“两头跑”：在学校，他埋头设计一种新的异步拷贝内核新服务；在位于开发区的茶思屋，他与华为工程师一遍遍测试方案的可行性。

收获是立体的。产业上，和敬凯参与优化的代码已在鸿蒙内核验证，让设备体验更流畅。学术上，这项成果帮他斩获了操作系统领域会议的最佳论文奖。和敬凯说，在华为班，亲眼看到自己的论文“跑”在真实系统里，解决用户实际问题，“这是实实在在的成就感。”

他的导师陈海波也是“两头跑”，工作日到华为上班，周末回学校实验室。陈海波是这个校企联培模式的设计者：“我的角色就是一座桥梁。”他这样定义，“把高校里‘从0到1’的原始创新勇气和想象力，与企业‘从1到N’的工程化、场景化能力连接起来。协同育人，不再是灌满一桶水，而是点燃一团火，并把这团火引到需要光的地方。”

“两头跑”跑出的，是一套精心设计、持续迭代的华为班培养体系，其关键就两个字：协同。“高级操作系统”“并行与分布式数据库系统”等重点课程，由上海交大教授与华为专家共同设计；每名学生都配备1位学术导师和1位华为企业导师；黄大年茶思屋、华为上海公司，成了学生们的“第二校园”。

5年来，协同育人的创新成果清单越拉越长——除了在国际操作系统领域顶会、顶刊发表论文，多项学生主导的技术落地开源鸿蒙系统；超过30名学生参加鸿蒙突击队，参与打造原生鸿蒙应用生态；在端侧智能体、人工智能与操作系统融合等前沿方向，形成一批关键技术与原型系统；众多毕业生成为华为等企业基础软件研发部门的生力军……

比成果更重要的，是家国情怀的培养。上海交大计算机学院青年教师古金宇说：“华为班的学生亲身经历了攻关自主操作系统核心难题的过程。这种解决‘卡脖子’难题的自信和担当，是一般的课堂教育给不了的。”

“我们是在为国家和行业储备战略能力。当年轻人习惯在复杂场景中思考、战斗，未来就有可能参与规则制定，主导像人工智能时代操作系统这样的新生态。”陈海波看得更远。

透过黄大年茶思屋的玻璃门，可以看到屋内有不少关于创新的标语。华为班正是这样一扇门。门内，是自信的年轻人与科技企业在深度对话；门外，是国家对于高水平科技自立自强的期待。

问及2026年的计划，一名华为班学生眼神明亮，“通过开源鸿蒙让终端设备说上‘中国话’，实现万物智联。我们不仅是参与者，更有机会成为定义者。这想想就让人兴奋。”

从一个区域中心看：

校企成为“创新合伙人”

本报记者  姚雪青

2025年12月15日，对南京医科大学药学院教授、苏州缘聚医药科技有限公司总经理李飞来说，是一个重要的日子：这天，公司与湖南一家药企签署了小分子镇痛药物的专利及技术转让协议，交易总金额近4亿元，团队研发的新药正式走向产业化。

“这背后，离不开全国高校区域技术转移转化中心（江苏）的全流程赋能。”李飞说。

江苏省教育厅副厅长杨树兵介绍，全国高校区域技术转移转化中心（江苏）是教育部和江苏省共建的服务全国高校科技成果转移转化的公共平台，在南京、苏州设有分中心，不仅为高校科技成果转化提供支撑，也为区域产业升级注入新动能。

2012年起，李飞团队瞄准成因复杂的神经病理性疼痛药物进行原创研究，2023年有了初步成果，2024年在苏州成立公司。但转化的第一步就遇上难题：新药开发周期长、风险大，钱从哪里来？市场要怎样开拓？

在南医大引荐下，苏州生物医药分中心邀请李飞团队来先试先行，从技术路径、商业前景等方面进行评估。“技术经理人帮助我们对接了药企，苏州生物医药分中心提供了概念验证专项资金，实验数据也进一步完善。”李飞说。

转化风险大怎么办？苏州生物医药分中心探索“先使用后付费”模式，还联合保险公司为团队配置了“园研保”，提供全方位转化风险保障——这份“托底”给了李飞很大信心。缘聚医药与湖南药企达成合作意向后，“护航”仍在延续：苏州生物医药分中心工作人员不仅在商务谈判上提供专业支持，还帮助审看合同细节，助力双方高效合规完成技术转让流程，完成新药从实验室走向产业化的“最后一公里”。“未来，我们的新药会造福更多患者。”李飞说。

全国高校区域技术转移转化中心不仅助力高校转化成果，还帮助企业对接高校、解决技术难题。

2025年6月，南京惊鸣创新科技有限公司创始人王健接到新订单，要生产一批用于电厂锅炉巡检的无人机。这让通信专业出身的他犯了难：“无人机研制是系统工程，新产品需要同时解决不间断供电、密闭空间通信、粉尘环境下定位等多个‘既要又要’的学科交叉难题。创新技术从哪里来？”王健向南京信息通信分中心求助。

南京信息通信分中心如同“创新超级市场”，根据企业需求，从高校成果库中遴选出东南大学和南京航空航天大学的科研团队，前者擅长自动控制及算法定位，后者在整机气动设计上是强项。3个团队通过头脑风暴和大量实验，攻克一个个难题。如今，新产品已投入应用。

杨树兵介绍，在支持成果转化上，江苏区域中心已建成32个“一站式”公共转化平台，为全国高校提供技术研发、概念验证、中试熟化等全链条服务，并组建了400多人的服务团队，提供科技金融、知识产权等全要素服务；在服务企业方面，定期征集技术需求，开展“教育界产业界对接对话”“揭榜挂帅”等200多场产学研活动，推动优势学科与优势产业高效对接。成立一年多来，已对接高校成果5337项，凝练企业技术需求2100多条，促成落地转化245项。

值得一提的是，区域中心不仅是高校科研团队的汇聚平台，也是创新创业人才的培养平台。

在苏州先进材料分中心，南京工业大学硕士研究生荆虞飞通过联合培养，加深了对产业的了解，毕业后顺利留在项目上，实现“丝滑就业”。

“研一暑假，我来苏州先进材料分中心参观，看到有联合培养项目，回校就报名了。”荆虞飞说，产业导师是在苏州先进材料分中心孵化的表征装置技术项目的负责人，课题来自企业真实的技术研发需求。

联合培养的第一个“作业”，就是分组制作用于表征装置上的零部件——不是模型，不是样品，而是面向市场的商品。“产业导师鼓励我们大胆创新，失败也不要紧。”荆虞飞说，在产业一线学习，除了打磨技术，还要考虑产品成本、选材等多种因素。也正是因为有了这份经历，尽管他刚入职4个月，已然是一名“老员工”了。

据悉，苏州先进材料分中心成立以来，已联合培养硕士研究生64名，与清华、复旦等联培工程博士23名，并为246名本科生提供实习实践岗位，与高校携手培养卓越创新人才。

从一座城看：

大学与产业“双向奔赴”

本报记者  程远州  姜晓丹

“请分析样本中的有效肽成分……”深圳理工大学药学院实验室里，大一学生钟智灵正与“AI智能体”对话，屏幕上很快开始自动解析数据、生成报告。她正在导师指导下，参与一家药企的课题。

在深圳理工大学，学生一入学就能根据兴趣加入不同的实验团队。每周五，学生走进头部企业或前沿实验室，开展科研实践。“四天上课、一天实验”的培养节奏，与大多数国内高校的本科教育方式迥异。“参与校企合作项目，让我对医药产业发展有了更真切的认识。”钟智灵说。

学生在创新实践中提升本领，科研人才也在服务产业中成长。钟智灵的导师是药学院教授冯志炜，主攻“人工智能+医药”方向。2025年5月，冯志炜回国后加入深圳理工大学，看中的正是这所新型研究型大学鼓励科研走向应用的机制，以及深圳这座城市浓厚的科创氛围。

自2024年成立以来，深圳理工大学就紧扣深圳“20+8”产业集群布局，设置生命健康、合成生物、算力微电子等七大学科交叉专业学院，精准对接高端医疗、新能源、集成电路、人工智能等深圳核心产业需求，助力深圳新质生产力发展与产业转型升级。以技术突破回应产业需求，以真实项目培养实战人才，再借人才与科研成果反哺产业升级——在年轻的深圳理工大学，这条可持续创新链路已然清晰。

改革开放以来，“深圳速度”举世瞩目。深圳的规上工业总产值、工业增加值全国城市“双第一”，且产业体系不断向新求质、向优升级、向强而进。然而，在优质高等教育资源方面，深圳与其他一线城市相比，存在显著差距。

教育是科技创新的先导，是人才培养的基础。“近年来，深圳提出全方位建设‘创新之城’，着力打造良好的科技创新生态和人才发展环境。快速建大学，成为深圳‘补短板’的必然选择。”深圳市教育局党组书记、局长郑秀玉说。

5年5所大学，大学建设的“深圳速度”再次受到关注。“十四五”时期，深圳高起点新设包括深圳理工大学在内的5所高校，目前全市高等教育机构达18所；高校全日制在校生数量达18.7万人，较“十三五”时期增长近40%。

那么，深圳需要怎样的大学？郑秀玉说，大学要服务重大战略需求，与城市产业发展同频共振；在学科专业设置方面，精准对接产业发展和人才培养需求。

产学研深度融合的布局，很早就开始了。深圳大学自创办之初，便以服务特区产业发展为办学导向，与本土企业广泛开展产学研合作。2025年4月，深圳大学人工智能学院甫一成立，便与腾讯、云天励飞等多家本土企业与机构签署战略合作协议，致力于实现科研与产业转化闭环。

2019年开始招生的深圳技术大学，已与企业共建4个产业学院、10个企业精英班、49个联合实验室，承接企业项目672项，在激光与增材制造、新能源技术及智能网联汽车技术、新材料等领域取得一系列重要成果。

除了建设本土高校，深圳还广发“英雄帖”，邀请北大、清华等名校设立研究生院，引入哈工大、中大、暨南大学、香港中文大学等学校设立深圳校区。

一系列创新举措，助力教育科技人才资源汇聚：深圳赋予高校人才评聘自主权，近3年累计给予高校各类人才约42亿元的科研启动经费支持；在科学城、科教城等平台支撑下，全市高校建设各类科研平台750多个；成立西丽湖国际科教城高校院所联盟，推动近6000台重大科研仪器设备共享共用。如今，南方科技大学已入选“双一流”建设高校，深圳大学等8所高校纳入广东省高水平大学建设计划，一批“卡脖子”技术难题在产学研协同攻关中被破解。

“坚持一体推进教育科技人才发展，深圳正在形成良性循环：建强人才自主培养主阵地，打造高水平聚才引智强磁场，激发产业科技创新源动力。”郑秀玉说，“‘十五五’时期，深圳将全面推进高等教育育人方式、办学模式、管理体制、评价体系、保障机制改革，让大学与产业‘双向奔赴’。”",,教育,https://paper.people.com.cn/rmrb/pc/content/202601/11/content_30131072.html,2026-01-11,"['高校', '华为', '深圳', '分中心', '鸿蒙', '产业', '技术', '创新', '敬凯', '转化']","湖北省第三届技工院校学生技能大赛暨第四届教师职业能力大赛现场，选手参加机器人系统集成项目比赛。杨  东摄（人民视觉）
湖北省第三届技工院校学生技能大赛暨第四届教师职业能力大赛现场，选手参加机器人系统集成项目比赛。
杨  东摄（人民视觉）",政治
“三股劲”拧成“一股绳”（教育时评）,"从党的二十大报告把教育科技人才单独成章进行布局，到“十五五”规划建议提出“一体推进教育科技人才发展”，再到2025年中央经济工作会议将“制定一体推进教育科技人才发展方案”明确为2026年经济工作的重点任务——当下，一个共识已经形成：教育、科技、人才是全面建设社会主义现代化国家的基础性、战略性支撑，三者必须有机结合、统筹推进。
信号密集，决心坚定。这背后是对高质量发展动力的校准，也是对传统条块分割管理模式的主动破题。一方面，新一轮科技革命和产业变革加速突破，高质量发展要求教育模式和人才培养方式更好适应新兴领域前沿技术加速迭代的新趋势。另一方面，教育、科技、人才领域过去长期分头管理，容易在规划、投入、评价上形成壁垒，导致资源错配、衔接不畅等问题。一体推进教育科技人才发展，正是要打通这些堵点和卡点。
明晰了一体推进的背景，就能更好理解其内在逻辑：三者内在一致、相互支撑，形成推动高质量发展的倍增效应，实现“1+1+1＞3”的整体跃升。前沿科研成果反哺教学，培养出更具创新能力的人才；优秀人才投身关键领域，催生重大科技突破；高水平科技突破落地转化，支撑产业创新发展……“三股劲”拧成“一股绳”，创新的雪球才能越滚越大。
一体推进教育科技人才发展，我们拥有坚实底气与显著优势。目前，我国已建成世界规模最大且高质量的教育体系，高等教育毛入学率达到60.8%，高校基础研究主力军作用更加凸显；人才资源总量达2.2亿人，高技能人才超过7200万人；高水平国际期刊论文数量和国际专利申请量连续5年世界第一……一组组数据勾勒出教育、科技、人才一体发展的强劲态势，也展现出三者深度融合所依托的规模优势、结构潜能与增长韧性。
改革步伐始终向前。近年来，一体推进教育科技人才发展的体制机制、平台载体、培养范式等，在实践中不断完善。北京市委率先整合设立教育科技人才工作领导小组这一议事协调机构，明确各成员单位职责，共同研究重大事项；陕西西咸新区建设创新港教育科技人才一体化发展示范区，吸引约3万名科研人才在此开展教学与研究；以卓越工程师培养为突破口，深化产教融合，60多所高校、100多家企业联合招收2万多名工程硕博士……从顶层设计到具体实施，一幅幅教育科技人才深度联动、系统改革的图景正徐徐铺陈。
当然，一些深层次的挑战，还需进一步探索破解之道。比如，如何避免简单以学术头衔、人才称号确定薪酬待遇、配置学术资源；如何把产教融合、校企合作深入到课程共设、平台共建、导师共聘等各个环节；如何推动跨学科、跨机构协同攻关，建立公平的知识产权与利益分配机制；等等。问题的解决不会一蹴而就，必须依托政策创新、试点探索、经验积累，一步步蹚出可行的路径。
一体推进教育科技人才发展，方向已然明确，脚步正在加速。当教育厚植创新沃土，科技照亮攀登之路，人才汇聚核心动能，中国式现代化的巨轮将注入更磅礴、更持久的动力，驶向更为壮阔的未来。","# “三股劲”拧成“一股绳”（教育时评）

> 丁雅诵《人民日报》（2026年01月11日第 05 版）

从党的二十大报告把教育科技人才单独成章进行布局，到“十五五”规划建议提出“一体推进教育科技人才发展”，再到2025年中央经济工作会议将“制定一体推进教育科技人才发展方案”明确为2026年经济工作的重点任务——当下，一个共识已经形成：教育、科技、人才是全面建设社会主义现代化国家的基础性、战略性支撑，三者必须有机结合、统筹推进。

信号密集，决心坚定。这背后是对高质量发展动力的校准，也是对传统条块分割管理模式的主动破题。一方面，新一轮科技革命和产业变革加速突破，高质量发展要求教育模式和人才培养方式更好适应新兴领域前沿技术加速迭代的新趋势。另一方面，教育、科技、人才领域过去长期分头管理，容易在规划、投入、评价上形成壁垒，导致资源错配、衔接不畅等问题。一体推进教育科技人才发展，正是要打通这些堵点和卡点。

明晰了一体推进的背景，就能更好理解其内在逻辑：三者内在一致、相互支撑，形成推动高质量发展的倍增效应，实现“1+1+1＞3”的整体跃升。前沿科研成果反哺教学，培养出更具创新能力的人才；优秀人才投身关键领域，催生重大科技突破；高水平科技突破落地转化，支撑产业创新发展……“三股劲”拧成“一股绳”，创新的雪球才能越滚越大。

一体推进教育科技人才发展，我们拥有坚实底气与显著优势。目前，我国已建成世界规模最大且高质量的教育体系，高等教育毛入学率达到60.8%，高校基础研究主力军作用更加凸显；人才资源总量达2.2亿人，高技能人才超过7200万人；高水平国际期刊论文数量和国际专利申请量连续5年世界第一……一组组数据勾勒出教育、科技、人才一体发展的强劲态势，也展现出三者深度融合所依托的规模优势、结构潜能与增长韧性。

改革步伐始终向前。近年来，一体推进教育科技人才发展的体制机制、平台载体、培养范式等，在实践中不断完善。北京市委率先整合设立教育科技人才工作领导小组这一议事协调机构，明确各成员单位职责，共同研究重大事项；陕西西咸新区建设创新港教育科技人才一体化发展示范区，吸引约3万名科研人才在此开展教学与研究；以卓越工程师培养为突破口，深化产教融合，60多所高校、100多家企业联合招收2万多名工程硕博士……从顶层设计到具体实施，一幅幅教育科技人才深度联动、系统改革的图景正徐徐铺陈。

当然，一些深层次的挑战，还需进一步探索破解之道。比如，如何避免简单以学术头衔、人才称号确定薪酬待遇、配置学术资源；如何把产教融合、校企合作深入到课程共设、平台共建、导师共聘等各个环节；如何推动跨学科、跨机构协同攻关，建立公平的知识产权与利益分配机制；等等。问题的解决不会一蹴而就，必须依托政策创新、试点探索、经验积累，一步步蹚出可行的路径。

一体推进教育科技人才发展，方向已然明确，脚步正在加速。当教育厚植创新沃土，科技照亮攀登之路，人才汇聚核心动能，中国式现代化的巨轮将注入更磅礴、更持久的动力，驶向更为壮阔的未来。",丁雅诵,教育,https://paper.people.com.cn/rmrb/pc/content/202601/11/content_30131073.html,2026-01-11,"['科技人才', '教育', '一体', '人才', '推进', '发展', '科技', '高质量', '创新', '三者']","从党的二十大报告把教育科技人才单独成章进行布局，到“十五五”规划建议提出“一体推进教育科技人才发展”，再到2025年中央经济工作会议将“制定一体推进教育科技人才发展方案”明确为2026年经济工作的重点任务——当下，一个共识已经形成：教育、科技、人才是全面建设社会主义现代化国家的基础性、战略性支撑，三者必须有机结合、统筹推进。
信号密集，决心坚定。这背后是对高质量发展动力的校准，也是对传统条块分割管理模式的主动破题。一方面，新一轮科技革命和产业变革加速突破，高质量发展要求教育模式和人才培养方式更好适应新兴领域前沿技术加速迭代的新趋势。另一方面，教育、科技、人才领域过去长期分头管理，容易在规划、投入、评价上形成壁垒，导致资源错配、衔接不畅等问题。一体推进教育科技人才发展，正是要打通这些堵点和卡点。
明晰了一体推进的背景，就能更好理解其内在逻辑：三者内在一致、相互支撑，形成推动高质量发展的倍增效应，实现“1+1+1＞3”的整体跃升。前沿科研成果反哺教学，培养出更具创新能力的人才；优秀人才投身关键领域，催生重大科技突破；高水平科技突破落地转化，支撑产业创新发展……“三股劲”拧成“一股绳”，创新的雪球才能越滚越大。",政治
新年贺词激励同心同行（观沧海）,"“前不久，我出席了全运会开幕式，粤港澳三地同心同行，令人欣慰。”在二〇二六年新年贺词中，习近平主席的深情话语打动人心。
表达对港澳未来发展的关怀期许，贺词指出：“要坚定不移贯彻‘一国两制’方针，支持港澳更好融入国家发展大局，保持长期繁荣稳定。”凝聚两岸同胞同心奋斗的共识，贺词强调：“两岸同胞血浓于水，祖国统一的历史大势不可阻挡！”
2025年是很不平凡的一年。二〇二六年新年贺词在港澳各界和台湾同胞中引发共情共鸣，传递温暖与坚定的力量。
全运圣火照湾区，三地同心系家国。跨年之夜，从香江两岸的光影汇演，到濠江之畔的璀璨烟花，再到全运场馆的激情回响……2025年，粤港澳三地首次携手承办全国运动会和残特奥会，不仅呈现一场精彩绝伦的体育盛宴，更在基础设施“硬联通”、规则机制“软联通”、三地居民“心联通”方面迈上新台阶，生动诠释“一国两制”的强大生命力和大湾区发展活力。赛场上的每一次默契配合，看台上的每一次共同欢呼，都是粤港澳三地同心同行的生动注脚，折射出港澳更好融入和服务国家发展大局的坚实步伐。
过去一年，“东方之珠”魅力更胜往昔，发展动能更加强劲。香港坚定维护国家主权、安全、发展利益，成功举行第八届立法会选举，实现经济稳步增长，由治及兴迈出新步伐。数据显示，香港第三季度GDP增长3.8%，增速高于大部分发达经济体；IPO规模重返全球榜首，国际金融中心地位愈发稳固；世界竞争力与世界人才排名双双提升……香港发挥背靠祖国、联通世界的独特优势，在融入和服务国家发展大局中实现自身更好发展。
过去一年，盛世莲花根深叶更茂，多元发展道路更宽广。澳门坚定维护国家主权、安全、发展利益，顺利举行第八届立法会选举，推动公共行政改革，积极参与粤港澳大湾区建设，各项事业有了新进步。从“澳门公共服务一户通”服务优化，到澳门大学横琴粤澳深度合作区校区破土动工……澳门不断提升公共行政改革力度，推进澳琴一体化。澳门中医药大健康产业、现代金融业、高新技术产业、会展产业不断提质发展，经济适度多元发展扎实推动，“一中心、一平台、一基地”作用日益彰显。
浅浅海峡，隔不断骨肉亲情；谋“独”挑衅，挡不住统一大势。过去一年是全体中华儿女铭记历史、共享荣光的一年。我们隆重纪念中国人民抗日战争暨世界反法西斯战争胜利80周年，设立台湾光复纪念日，召开纪念台湾光复80周年大会，两岸同胞共同铭记历史、缅怀先烈，传承伟大抗战精神，捍卫抗战胜利成果。这一年，两岸交流合作冲破障碍，守护家园和平安宁的力量更加强大，增进台湾同胞利益福祉的举措越来越多……两岸关系克难前行、祖国统一蓄势聚力。
锐始者必图其终，成功者先计于始。2026年是“十五五”开局之年。党的二十届四中全会对“十五五”时期国家经济社会发展作出战略擘画，为港澳发展提供新的历史机遇，为广大台胞台企提供更多发展机遇。让我们汇聚起全体中华儿女的磅礴合力，同心同向，阔步前行，在新的一年一起为梦想奋斗、为幸福打拼！","# 新年贺词激励同心同行（观沧海）

> 禾  立《人民日报》（2026年01月11日第 06 版）

“前不久，我出席了全运会开幕式，粤港澳三地同心同行，令人欣慰。”在二〇二六年新年贺词中，习近平主席的深情话语打动人心。

表达对港澳未来发展的关怀期许，贺词指出：“要坚定不移贯彻‘一国两制’方针，支持港澳更好融入国家发展大局，保持长期繁荣稳定。”凝聚两岸同胞同心奋斗的共识，贺词强调：“两岸同胞血浓于水，祖国统一的历史大势不可阻挡！”

2025年是很不平凡的一年。二〇二六年新年贺词在港澳各界和台湾同胞中引发共情共鸣，传递温暖与坚定的力量。

全运圣火照湾区，三地同心系家国。跨年之夜，从香江两岸的光影汇演，到濠江之畔的璀璨烟花，再到全运场馆的激情回响……2025年，粤港澳三地首次携手承办全国运动会和残特奥会，不仅呈现一场精彩绝伦的体育盛宴，更在基础设施“硬联通”、规则机制“软联通”、三地居民“心联通”方面迈上新台阶，生动诠释“一国两制”的强大生命力和大湾区发展活力。赛场上的每一次默契配合，看台上的每一次共同欢呼，都是粤港澳三地同心同行的生动注脚，折射出港澳更好融入和服务国家发展大局的坚实步伐。

过去一年，“东方之珠”魅力更胜往昔，发展动能更加强劲。香港坚定维护国家主权、安全、发展利益，成功举行第八届立法会选举，实现经济稳步增长，由治及兴迈出新步伐。数据显示，香港第三季度GDP增长3.8%，增速高于大部分发达经济体；IPO规模重返全球榜首，国际金融中心地位愈发稳固；世界竞争力与世界人才排名双双提升……香港发挥背靠祖国、联通世界的独特优势，在融入和服务国家发展大局中实现自身更好发展。

过去一年，盛世莲花根深叶更茂，多元发展道路更宽广。澳门坚定维护国家主权、安全、发展利益，顺利举行第八届立法会选举，推动公共行政改革，积极参与粤港澳大湾区建设，各项事业有了新进步。从“澳门公共服务一户通”服务优化，到澳门大学横琴粤澳深度合作区校区破土动工……澳门不断提升公共行政改革力度，推进澳琴一体化。澳门中医药大健康产业、现代金融业、高新技术产业、会展产业不断提质发展，经济适度多元发展扎实推动，“一中心、一平台、一基地”作用日益彰显。

浅浅海峡，隔不断骨肉亲情；谋“独”挑衅，挡不住统一大势。过去一年是全体中华儿女铭记历史、共享荣光的一年。我们隆重纪念中国人民抗日战争暨世界反法西斯战争胜利80周年，设立台湾光复纪念日，召开纪念台湾光复80周年大会，两岸同胞共同铭记历史、缅怀先烈，传承伟大抗战精神，捍卫抗战胜利成果。这一年，两岸交流合作冲破障碍，守护家园和平安宁的力量更加强大，增进台湾同胞利益福祉的举措越来越多……两岸关系克难前行、祖国统一蓄势聚力。

锐始者必图其终，成功者先计于始。2026年是“十五五”开局之年。党的二十届四中全会对“十五五”时期国家经济社会发展作出战略擘画，为港澳发展提供新的历史机遇，为广大台胞台企提供更多发展机遇。让我们汇聚起全体中华儿女的磅礴合力，同心同向，阔步前行，在新的一年一起为梦想奋斗、为幸福打拼！",禾  立,港澳台侨,https://paper.people.com.cn/rmrb/pc/content/202601/11/content_30131075.html,2026-01-11,"['三地', '发展', '同心', '粤港澳', '港澳', '一年', '联通', '新年贺词', '两岸', '澳门']","“前不久，我出席了全运会开幕式，粤港澳三地同心同行，令人欣慰。”在二〇二六年新年贺词中，习近平主席的深情话语打动人心。
表达对港澳未来发展的关怀期许，贺词指出：“要坚定不移贯彻‘一国两制’方针，支持港澳更好融入国家发展大局，保持长期繁荣稳定。”凝聚两岸同胞同心奋斗的共识，贺词强调：“两岸同胞血浓于水，祖国统一的历史大势不可阻挡！”
2025年是很不平凡的一年。二〇二六年新年贺词在港澳各界和台湾同胞中引发共情共鸣，传递温暖与坚定的力量。",政治
园区“握手”  创新奔涌（微言）,"俯瞰深圳河，碧波蜿蜒，两岸风光无限。一边是广东深圳，一边是香港，在位于深港两地接壤处的河套深港科技创新合作区，两地科技创新合作彼此“握手”。日前，继深圳园区之后，香港园区开园，这是粤港澳大湾区发展规划落地见效的又一重要成果，是“一国两制”制度优势的生动实践。
香港园区围绕打造世界级产学研平台、建设具国际竞争力的产业中试转化基地、营造全球创科资源汇聚点、开辟制度与政策创新试验田四大发展方向，采用“科研+中试”模式，聚焦生命健康科技、人工智能与机器人、新能源和高端智能制造等前沿赛道，超过60家企业已签约并陆续入驻。
一河两岸，优势互补。香港汇聚全球人才，国际联系广泛，基础研究实力深厚；深圳创新创业氛围浓厚，产业体系健全、产业链条完整。根据世界知识产权组织发布的《2025年全球创新指数》百强创新集群，“深圳—香港—广州”创新集群排名全球第一，印证跨境协同的巨大潜力。“一国两制”下，香港园区与深圳园区发挥比较优势，建立“基础研究+技术攻关+成果产业化+科技金融+人才支撑”全过程创新生态链，拓展更广阔的发展空间。
协同之要，在于体制机制衔接。连接香港与深圳园区的西面跨河连接桥项目启动，将便利科研人员交通往来；科研货物“分线管理”、科研资金跨境流动监管模式等制度创新，正让制度壁垒化为创新活水。
融合两岸，千帆竞发。河套深港科技创新合作区不仅是地理交汇点，更是丰富“一国两制”实践内涵、支持香港更好融入和服务国家发展大局的重要平台，将推动粤港澳大湾区高质量发展、打造世界级创新平台和增长极。相信香港与深圳园区携手并进、协同创新，定能澎湃强劲动能、创造更多可能。","# 园区“握手”  创新奔涌（微言）

> 江  琳《人民日报》（2026年01月11日第 06 版）

俯瞰深圳河，碧波蜿蜒，两岸风光无限。一边是广东深圳，一边是香港，在位于深港两地接壤处的河套深港科技创新合作区，两地科技创新合作彼此“握手”。日前，继深圳园区之后，香港园区开园，这是粤港澳大湾区发展规划落地见效的又一重要成果，是“一国两制”制度优势的生动实践。

香港园区围绕打造世界级产学研平台、建设具国际竞争力的产业中试转化基地、营造全球创科资源汇聚点、开辟制度与政策创新试验田四大发展方向，采用“科研+中试”模式，聚焦生命健康科技、人工智能与机器人、新能源和高端智能制造等前沿赛道，超过60家企业已签约并陆续入驻。

一河两岸，优势互补。香港汇聚全球人才，国际联系广泛，基础研究实力深厚；深圳创新创业氛围浓厚，产业体系健全、产业链条完整。根据世界知识产权组织发布的《2025年全球创新指数》百强创新集群，“深圳—香港—广州”创新集群排名全球第一，印证跨境协同的巨大潜力。“一国两制”下，香港园区与深圳园区发挥比较优势，建立“基础研究+技术攻关+成果产业化+科技金融+人才支撑”全过程创新生态链，拓展更广阔的发展空间。

协同之要，在于体制机制衔接。连接香港与深圳园区的西面跨河连接桥项目启动，将便利科研人员交通往来；科研货物“分线管理”、科研资金跨境流动监管模式等制度创新，正让制度壁垒化为创新活水。

融合两岸，千帆竞发。河套深港科技创新合作区不仅是地理交汇点，更是丰富“一国两制”实践内涵、支持香港更好融入和服务国家发展大局的重要平台，将推动粤港澳大湾区高质量发展、打造世界级创新平台和增长极。相信香港与深圳园区携手并进、协同创新，定能澎湃强劲动能、创造更多可能。",江  琳,港澳台侨,https://paper.people.com.cn/rmrb/pc/content/202601/11/content_30131077.html,2026-01-11,"['创新', '园区', '香港', '深圳', '一国两制', '深港', '科技', '粤港澳', '协同', '科研']","俯瞰深圳河，碧波蜿蜒，两岸风光无限。一边是广东深圳，一边是香港，在位于深港两地接壤处的河套深港科技创新合作区，两地科技创新合作彼此“握手”。日前，继深圳园区之后，香港园区开园，这是粤港澳大湾区发展规划落地见效的又一重要成果，是“一国两制”制度优势的生动实践。
香港园区围绕打造世界级产学研平台、建设具国际竞争力的产业中试转化基地、营造全球创科资源汇聚点、开辟制度与政策创新试验田四大发展方向，采用“科研+中试”模式，聚焦生命健康科技、人工智能与机器人、新能源和高端智能制造等前沿赛道，超过60家企业已签约并陆续入驻。
一河两岸，优势互补。香港汇聚全球人才，国际联系广泛，基础研究实力深厚；深圳创新创业氛围浓厚，产业体系健全、产业链条完整。根据世界知识产权组织发布的《2025年全球创新指数》百强创新集群，“深圳—香港—广州”创新集群排名全球第一，印证跨境协同的巨大潜力。“一国两制”下，香港园区与深圳园区发挥比较优势，建立“基础研究+技术攻关+成果产业化+科技金融+人才支撑”全过程创新生态链，拓展更广阔的发展空间。",政治
江西永新精准实施保护更新——,"图①：修缮后的永新县商会吸引众多游客参观。陈春久摄图②：居民们在改造后的口袋公园梅园散步。周亚茂摄
图①：修缮后的永新县商会吸引众多游客参观。
陈春久摄
图②：居民们在改造后的口袋公园梅园散步。
周亚茂摄
禾水河环绕下的永新县城。陈春久摄
禾水河环绕下的永新县城。
陈春久摄
日暮，罗霄山脉的轮廓在霞光中愈发柔和，禾水河上，浮光跃金。小城永新南门老街的街角巷尾，孩童嬉戏的笑语在口袋公园里跳跃。刚从外地旅游归来的胡积德泊好车，抬眼望去，万家灯火次第点亮，其中一盏正等待着他。“外面城市再新鲜，也比不上咱老街的滋味。”他对妻子说，话音里是熨帖的暖意。
若把城比作人，南门老街便是江西永新县城跳动的心脏。自东汉建县，至唐显庆二年县治落定于此，城址如磐石般扎根。岁月流转，老街曾历商贾云集的繁盛，也曾沐革命烽火的洗礼——它曾是井冈山革命根据地的重要组成，湘赣革命根据地的中枢……随着时代的发展，古宅民居日渐破损，街区环境一度又脏又乱。尽管如此，许多居民仍然守在老街。
为了改善居民生活，也为了让永新的“心脏”跳动得更加有力，永新县启动“重见永新”工程。专家团队翻阅县志、走遍街巷；社区干部挨家挨户，走访调研；社区群众各抒己见，出谋划策……最终，“小尺度、渐进式、微改造”的“针灸式”改造模式呼之欲出：一针疏通经络，让青石板路重新流淌生活的暖意；一针唤醒活力，让乡愁在人间烟火中苏醒生长；一针激活基因，让千年文脉在街巷间自由吐纳呼吸。
妙手回春，先求对症
88岁的龙叫妹穿着青布衫，坐在幸福街巷口晒着冬阳，她欣慰地笑着：“孙子小左就在百米外的酒馆唱歌，他见过大城市的繁华，却更愿意回家创业——因为家里不同了！”
“狭窄、破败、昏暗，晚上9点街上一个人也没有了，只有沿街老房子里传来老人的阵阵咳嗽声。”这是中国城市规划设计研究院规划师李梦初访永新时的景象。
“必须改变”——这是共识，但“如何改变”，分歧随之而来。
“那时最流行的改法就是全部拆了重建，做‘新古建’。”永新县城控集团副总经理史建华介绍，最初一稿全部重建的图纸，大家总觉得缺了什么。
“妙手回春，先求对症。”项目总策划彭礼孝说，光是搞清老街的“病灶”在哪，他们就去考察了3次。
考察发现，老街面积16.2万平方米，建筑产权构成复杂，涵盖公房、私房、单位房等多种类型，既有宋代建的南塔，被圈在老街的城厢小学二部的围墙里；也有近现代的全国重点文物保护单位中共湘赣边界特委、红四军军委、永新县委联席会议会址，周边是保护区……
“全拆？不切实际。”彭礼孝坦言，永新是个山区小县，还曾是国家级贫困县，财政并不宽裕，南门老街并非名震四方的古巷，它需要的是一剂因地制宜的良方。
“我们‘用针灸给患病的城市疗伤’，这一栋一栋的建筑就好比老街的穴位，透过穴位，将整个区域激活。”史建华说，在完整保留原有风貌的同时，对每栋房屋实施个性化的设计改造，植入相应的商业业态，在激活每一栋古建筑的过程中，实现对老街的整体激活。
中国城市规划设计研究院历史文化名城保护与发展研究分院副院长王军介绍，他们对不同时期的650栋建筑，因地制宜地改善立面、加固结构。以民主街38号的改造为例，钢结构悄然替代腐朽木梁，旧房梁、门窗化作装饰纹理，青砖外墙的肌理被温柔保留。上下水、电路、网络与卫生间的嵌入，让老屋从容拥抱现代生活。
“我们摒弃大拆大建的思维，在保护更新中未拆一栋建筑，做到建筑产权基本不动、空间肌理基本不改、原有居民基本不迁、社会网络基本不变。”永新县城镇发展服务中心副主任贺江说，老街更新改造项目一期涉及700多栋建筑物、上万人口，总投资仅1.57亿元。
“我们初访永新时，老房子里咳嗽的老人是龙叫妹奶奶。她喜欢在巷口晒太阳，跟路过的街坊打招呼。我们调研时，她说希望可以有冲水马桶，不用每天跑很远倒垃圾，更希望县城可以像记忆中的那样热闹。”李梦说，后来施工的时候，居民们没有抱怨，因为他们相信，老街一定会更好。
找准穴位，一通百通
到了饭点，南门老街里的幸福街26号，85岁的黄五媛跟儿媳妇一起在新改造的小厨房忙活，绿油油的小葱和红彤彤的辣椒一把下锅，香气四溢。
前厅手机店是营生，后面厨房是烟火。“瞧我这老屋，70多岁啦，现在多精神！”黄五媛竖起大拇指，“改造之前，一碰到大风大雨，瓦片就会掉下来。现在，瓦片全部翻新，房间也变亮堂了！”
2024年，幸福街26号被列入老街改造二期工程。“改造完成后，第一次走进去都认不出来这是我的房子，墙刷得雪白，木板楼梯和二楼地板都钉过了，嘎吱嘎吱的响声没了。”
“一纵两横是我们整个南门老街的规划。但这里情况很复杂，一条30年都没有打通的禾河北路成了我们整个老街关键‘穴位’，一通则百通。”负责征迁的禾川镇人大主席董学强说，“在统一规划和修缮过程中，与大量私有产权业主的沟通协调成为首要难题。如何将改造图景与群众心中的愿景平衡好，真的费尽心思。”
一种由政府、专业人士、社区群众共同参与老城改造的模式在永新萌芽：项目由永新县委、县政府牵头发起，负责组建项目领导小组、筹集项目资金、组织项目实施；成立“大师工作营”、集合国内著名设计师共同设计；组建“永新古城之友”，邀请社区群众、社会知名人士等参与，为项目出谋划策。
一家一户走访，一轮一轮协商，一稿一稿修订……包容多元诉求的方案，在无数次的倾听与碰撞中诞生。“幸福生活，共同缔造。”贺江说。
63岁的胡积德在老街住了一辈子。改造前，晴天无处去，雨天一身泥，子女本计划等他们退休后一起搬走，“但我生在这里长在这里，一砖一瓦都舍不得。”
所幸，南门老街迎来了改造。“怎么改合适？门框要换什么颜色？”这些问题，老街上许多住户都曾发表意见，也被专班邀请一起去商讨。
胡积德房子对面的口袋公园梅园里，老人们靠着花墙闲聊，石桌上的棋局半晌才落一子，几个孩子追逐嬉戏。贺银秀奶奶抖抖被子，笑着指向四周：“咱们这小街区有好几个小园子，走到哪里都能歇脚。”
“曾经无序的建设和各类功能的聚集，让老街传统特色功能逐渐丧失，文化休闲空间占比仅1%左右，人居环境品质差，缺乏活力。”王军说。他们将老街7处废弃角落改造成口袋公园——有的围着百年古树设了圈石凳，有的在转角处辟出花圃，有的就着老墙搭起葡萄架。居民出门不过百步，必能遇上一处可以坐下来晒太阳的地方，珍园、忆园、梅园……每个园子都有好听的名字。
这些口袋公园，让老街像一座没有围墙的大花园，给市井生活添了诗意。被唤醒的街区，重新成为永新的精神坐标。
85后王雯俊以前在深圳打工，2025年春节回家看到老家变化，在幸福街7号开了一家家庭烘焙作坊。“在深圳租一个这样的店，成本比较高。现在离家近，租金又优惠，蛮划算的。”
疏通经络，活态传承
“1985年我就买了这个店面，下岗后就在这开小卖部，店名是因为以前街坊都叫我老婆‘小妹’。”75岁的王继先的店面，在盛家坪路和幸福街的交叉口，挂着“小妹商店”的招牌。在这个7平方米的小店里，王继先一边理货，一边介绍，“改造以后，老街变了，但又好像没变！”
南塔依旧，唯见校墙为它让出一步；老房如故，只添了立面的花影；电线杆化为老街旧景，凌乱线缆已悄然入地……
“针灸式”改造，最见功力的一针，在疏通文脉、激活传承，改变的是破败的环境，不变的是老街文化、市井温情。老街上出现了一个特别的空间“老街记忆馆”，陈列着居民捐赠的各种老物件：老式收音机、黑白照片、缝纫机、煤油灯……每一件物品背后都藏着一段老街的故事。
周六下午，旧篾厂改造的非遗剧场里，来自北京的退休音乐老师陈荆发正在给县里的合唱团上山歌培训课。合唱团团长陈彦涛介绍，社团有50多个人，有20多岁的上班族，也有70岁的老人家，每周至少排练3次，只为唱好省级非遗代表性项目“永新子和调”。
每周三、五、日晚，永新小鼓的清脆鼓点与三角班的悠扬唱腔在非遗剧场准时响起。“这方舞台，让演员有了专属场地，艺术有了传承的土壤。”50多岁的永新小鼓市级非遗代表性传承人杜晓林道出心声。与数年前“送票都无人问津”的窘境相比，如今一票难求。
“小鼓一打咚咚哩响嘞，各位老表听端详嘞。今天不把别的表……”鼓声清脆，竹板轻响，隔壁非遗馆里，三年级学生谢宁远正全神贯注地练习永新小鼓，稚嫩脸庞写满专注。“孩子放学主动要来，说打鼓比玩游戏有趣。”谢宁远的母亲欣慰地说。
如今，老街仍有40多种传统手工艺保持活态传承，800余户原居民、3200多人安居如故，传统生产生活网络有序延续，保持着老街鲜活的生命力。
在老街更新过程中，尤为注重对红色革命旧址的保护与活化。这些旧址并未被简单地封存保护，而是在修缮后继续投入使用。
海天春茶馆曾是当年革命志士秘密联络的地点，如今依然茶香氤氲，墙上多了图文展陈，游客在品茗之余也能了解那段峥嵘岁月；永新县商会是1928年召开中共湘赣边界特委、红四军军委、永新县委联席会议的地方，在老街改造时，还新发现了16条红色标语，是一笔宝贵的红色资源。
“我们对革命历史特别感兴趣，特意到永新县商会参观，这里标语都保存得很清晰。”来自江西瑞金的游客黄里文深有感触。
老街的青石板路，串起一部流动的地方志。那些曾经闲置的旧址、历史建筑和工业遗产，九成以上被精心活化——旧篾厂变身非遗剧场，旧厂房成了文创空间，每一处改造都承袭着历史的记忆。
在这里，红色文化、非遗技艺与市井烟火完美交融。
改造的“针法”精准对位人民的期盼与城市的文脉，古老的街区与时代的脉搏共振，在烟火深处，流淌着不息的韵律。","# 江西永新精准实施保护更新——

> 本报记者  杨颜菲《人民日报》（2026年01月11日第 07 版）

图①：修缮后的永新县商会吸引众多游客参观。　　陈春久摄　　图②：居民们在改造后的口袋公园梅园散步。　　周亚茂摄

图①：修缮后的永新县商会吸引众多游客参观。

陈春久摄

图②：居民们在改造后的口袋公园梅园散步。

周亚茂摄

禾水河环绕下的永新县城。　　陈春久摄

禾水河环绕下的永新县城。

陈春久摄

日暮，罗霄山脉的轮廓在霞光中愈发柔和，禾水河上，浮光跃金。小城永新南门老街的街角巷尾，孩童嬉戏的笑语在口袋公园里跳跃。刚从外地旅游归来的胡积德泊好车，抬眼望去，万家灯火次第点亮，其中一盏正等待着他。“外面城市再新鲜，也比不上咱老街的滋味。”他对妻子说，话音里是熨帖的暖意。

若把城比作人，南门老街便是江西永新县城跳动的心脏。自东汉建县，至唐显庆二年县治落定于此，城址如磐石般扎根。岁月流转，老街曾历商贾云集的繁盛，也曾沐革命烽火的洗礼——它曾是井冈山革命根据地的重要组成，湘赣革命根据地的中枢……随着时代的发展，古宅民居日渐破损，街区环境一度又脏又乱。尽管如此，许多居民仍然守在老街。

为了改善居民生活，也为了让永新的“心脏”跳动得更加有力，永新县启动“重见永新”工程。专家团队翻阅县志、走遍街巷；社区干部挨家挨户，走访调研；社区群众各抒己见，出谋划策……最终，“小尺度、渐进式、微改造”的“针灸式”改造模式呼之欲出：一针疏通经络，让青石板路重新流淌生活的暖意；一针唤醒活力，让乡愁在人间烟火中苏醒生长；一针激活基因，让千年文脉在街巷间自由吐纳呼吸。

妙手回春，先求对症

88岁的龙叫妹穿着青布衫，坐在幸福街巷口晒着冬阳，她欣慰地笑着：“孙子小左就在百米外的酒馆唱歌，他见过大城市的繁华，却更愿意回家创业——因为家里不同了！”

“狭窄、破败、昏暗，晚上9点街上一个人也没有了，只有沿街老房子里传来老人的阵阵咳嗽声。”这是中国城市规划设计研究院规划师李梦初访永新时的景象。

“必须改变”——这是共识，但“如何改变”，分歧随之而来。

“那时最流行的改法就是全部拆了重建，做‘新古建’。”永新县城控集团副总经理史建华介绍，最初一稿全部重建的图纸，大家总觉得缺了什么。

“妙手回春，先求对症。”项目总策划彭礼孝说，光是搞清老街的“病灶”在哪，他们就去考察了3次。

考察发现，老街面积16.2万平方米，建筑产权构成复杂，涵盖公房、私房、单位房等多种类型，既有宋代建的南塔，被圈在老街的城厢小学二部的围墙里；也有近现代的全国重点文物保护单位中共湘赣边界特委、红四军军委、永新县委联席会议会址，周边是保护区……

“全拆？不切实际。”彭礼孝坦言，永新是个山区小县，还曾是国家级贫困县，财政并不宽裕，南门老街并非名震四方的古巷，它需要的是一剂因地制宜的良方。

“我们‘用针灸给患病的城市疗伤’，这一栋一栋的建筑就好比老街的穴位，透过穴位，将整个区域激活。”史建华说，在完整保留原有风貌的同时，对每栋房屋实施个性化的设计改造，植入相应的商业业态，在激活每一栋古建筑的过程中，实现对老街的整体激活。

中国城市规划设计研究院历史文化名城保护与发展研究分院副院长王军介绍，他们对不同时期的650栋建筑，因地制宜地改善立面、加固结构。以民主街38号的改造为例，钢结构悄然替代腐朽木梁，旧房梁、门窗化作装饰纹理，青砖外墙的肌理被温柔保留。上下水、电路、网络与卫生间的嵌入，让老屋从容拥抱现代生活。

“我们摒弃大拆大建的思维，在保护更新中未拆一栋建筑，做到建筑产权基本不动、空间肌理基本不改、原有居民基本不迁、社会网络基本不变。”永新县城镇发展服务中心副主任贺江说，老街更新改造项目一期涉及700多栋建筑物、上万人口，总投资仅1.57亿元。

“我们初访永新时，老房子里咳嗽的老人是龙叫妹奶奶。她喜欢在巷口晒太阳，跟路过的街坊打招呼。我们调研时，她说希望可以有冲水马桶，不用每天跑很远倒垃圾，更希望县城可以像记忆中的那样热闹。”李梦说，后来施工的时候，居民们没有抱怨，因为他们相信，老街一定会更好。

找准穴位，一通百通

到了饭点，南门老街里的幸福街26号，85岁的黄五媛跟儿媳妇一起在新改造的小厨房忙活，绿油油的小葱和红彤彤的辣椒一把下锅，香气四溢。

前厅手机店是营生，后面厨房是烟火。“瞧我这老屋，70多岁啦，现在多精神！”黄五媛竖起大拇指，“改造之前，一碰到大风大雨，瓦片就会掉下来。现在，瓦片全部翻新，房间也变亮堂了！”

2024年，幸福街26号被列入老街改造二期工程。“改造完成后，第一次走进去都认不出来这是我的房子，墙刷得雪白，木板楼梯和二楼地板都钉过了，嘎吱嘎吱的响声没了。”

“一纵两横是我们整个南门老街的规划。但这里情况很复杂，一条30年都没有打通的禾河北路成了我们整个老街关键‘穴位’，一通则百通。”负责征迁的禾川镇人大主席董学强说，“在统一规划和修缮过程中，与大量私有产权业主的沟通协调成为首要难题。如何将改造图景与群众心中的愿景平衡好，真的费尽心思。”

一种由政府、专业人士、社区群众共同参与老城改造的模式在永新萌芽：项目由永新县委、县政府牵头发起，负责组建项目领导小组、筹集项目资金、组织项目实施；成立“大师工作营”、集合国内著名设计师共同设计；组建“永新古城之友”，邀请社区群众、社会知名人士等参与，为项目出谋划策。

一家一户走访，一轮一轮协商，一稿一稿修订……包容多元诉求的方案，在无数次的倾听与碰撞中诞生。“幸福生活，共同缔造。”贺江说。

63岁的胡积德在老街住了一辈子。改造前，晴天无处去，雨天一身泥，子女本计划等他们退休后一起搬走，“但我生在这里长在这里，一砖一瓦都舍不得。”

所幸，南门老街迎来了改造。“怎么改合适？门框要换什么颜色？”这些问题，老街上许多住户都曾发表意见，也被专班邀请一起去商讨。

胡积德房子对面的口袋公园梅园里，老人们靠着花墙闲聊，石桌上的棋局半晌才落一子，几个孩子追逐嬉戏。贺银秀奶奶抖抖被子，笑着指向四周：“咱们这小街区有好几个小园子，走到哪里都能歇脚。”

“曾经无序的建设和各类功能的聚集，让老街传统特色功能逐渐丧失，文化休闲空间占比仅1%左右，人居环境品质差，缺乏活力。”王军说。他们将老街7处废弃角落改造成口袋公园——有的围着百年古树设了圈石凳，有的在转角处辟出花圃，有的就着老墙搭起葡萄架。居民出门不过百步，必能遇上一处可以坐下来晒太阳的地方，珍园、忆园、梅园……每个园子都有好听的名字。

这些口袋公园，让老街像一座没有围墙的大花园，给市井生活添了诗意。被唤醒的街区，重新成为永新的精神坐标。

85后王雯俊以前在深圳打工，2025年春节回家看到老家变化，在幸福街7号开了一家家庭烘焙作坊。“在深圳租一个这样的店，成本比较高。现在离家近，租金又优惠，蛮划算的。”

疏通经络，活态传承

“1985年我就买了这个店面，下岗后就在这开小卖部，店名是因为以前街坊都叫我老婆‘小妹’。”75岁的王继先的店面，在盛家坪路和幸福街的交叉口，挂着“小妹商店”的招牌。在这个7平方米的小店里，王继先一边理货，一边介绍，“改造以后，老街变了，但又好像没变！”

南塔依旧，唯见校墙为它让出一步；老房如故，只添了立面的花影；电线杆化为老街旧景，凌乱线缆已悄然入地……

“针灸式”改造，最见功力的一针，在疏通文脉、激活传承，改变的是破败的环境，不变的是老街文化、市井温情。老街上出现了一个特别的空间“老街记忆馆”，陈列着居民捐赠的各种老物件：老式收音机、黑白照片、缝纫机、煤油灯……每一件物品背后都藏着一段老街的故事。

周六下午，旧篾厂改造的非遗剧场里，来自北京的退休音乐老师陈荆发正在给县里的合唱团上山歌培训课。合唱团团长陈彦涛介绍，社团有50多个人，有20多岁的上班族，也有70岁的老人家，每周至少排练3次，只为唱好省级非遗代表性项目“永新子和调”。

每周三、五、日晚，永新小鼓的清脆鼓点与三角班的悠扬唱腔在非遗剧场准时响起。“这方舞台，让演员有了专属场地，艺术有了传承的土壤。”50多岁的永新小鼓市级非遗代表性传承人杜晓林道出心声。与数年前“送票都无人问津”的窘境相比，如今一票难求。

“小鼓一打咚咚哩响嘞，各位老表听端详嘞。今天不把别的表……”鼓声清脆，竹板轻响，隔壁非遗馆里，三年级学生谢宁远正全神贯注地练习永新小鼓，稚嫩脸庞写满专注。“孩子放学主动要来，说打鼓比玩游戏有趣。”谢宁远的母亲欣慰地说。

如今，老街仍有40多种传统手工艺保持活态传承，800余户原居民、3200多人安居如故，传统生产生活网络有序延续，保持着老街鲜活的生命力。

在老街更新过程中，尤为注重对红色革命旧址的保护与活化。这些旧址并未被简单地封存保护，而是在修缮后继续投入使用。

海天春茶馆曾是当年革命志士秘密联络的地点，如今依然茶香氤氲，墙上多了图文展陈，游客在品茗之余也能了解那段峥嵘岁月；永新县商会是1928年召开中共湘赣边界特委、红四军军委、永新县委联席会议的地方，在老街改造时，还新发现了16条红色标语，是一笔宝贵的红色资源。

“我们对革命历史特别感兴趣，特意到永新县商会参观，这里标语都保存得很清晰。”来自江西瑞金的游客黄里文深有感触。

老街的青石板路，串起一部流动的地方志。那些曾经闲置的旧址、历史建筑和工业遗产，九成以上被精心活化——旧篾厂变身非遗剧场，旧厂房成了文创空间，每一处改造都承袭着历史的记忆。

在这里，红色文化、非遗技艺与市井烟火完美交融。

改造的“针法”精准对位人民的期盼与城市的文脉，古老的街区与时代的脉搏共振，在烟火深处，流淌着不息的韵律。",杨颜菲,人文,https://paper.people.com.cn/rmrb/pc/content/202601/11/content_30131079.html,2026-01-11,"['老街', '永新', '改造', '永新县', '居民', '南门', '陈春久', '非遗', '传承', '口袋']","图①：修缮后的永新县商会吸引众多游客参观。陈春久摄图②：居民们在改造后的口袋公园梅园散步。周亚茂摄
图①：修缮后的永新县商会吸引众多游客参观。
陈春久摄",政治
依法保障残疾人共沐书香（人文茶座）,"我国有8500万残疾人，保障这一特殊群体的阅读权益是全民阅读的重点和难点。党的十八大以来，以习近平同志为核心的党中央高度重视残疾人事业，对残疾人格外关心、格外关注。修订制定并实施的公共文化服务保障法、公共图书馆法、无障碍环境建设法、残疾人教育条例以及推动《马拉喀什条约》落地生效等，为残疾人共享文化成果提供了有力的法律保障，残疾人阅读权益保障取得了实质性进展和历史性突破。
近期出台的《全民阅读促进条例》（以下简称《条例》），通过立法的形式促进全民阅读，是贯彻落实“十五五”规划建议中“推进书香社会建设”要求的实际行动，对于进一步完善残疾人社会保障制度和关爱服务体系，保障残疾人平等阅读权益，提升残疾人发展能力都具有重要意义。
一是将进一步促进残疾人享有平等阅读权益。残疾人的平等阅读权益需要格外关心、特殊保障，让每一位残疾人都有机会从书本中汲取智慧和力量，接受良好的教育、提升文化素养、实现社会融合，既是建设社会主义先进文化的应有之义，也是丰富人民群众精神文化生活的必然要求。文化公平是公平正义精神的延伸。我们要大力推进《条例》的贯彻实施，广泛宣传，让理解、尊重、关心、帮助残疾人的理念深入人心，促进残疾人平等地参与阅读。残疾人积极参与阅读也为促进全民阅读注入特殊的精神力量和推动作用，真正践行“平等、融合、共享”的价值导向，共建共享书香社会和现代文明。
二是将进一步促进特殊教育质量提升。当前我国残疾人的平均受教育年限与普通人相比还有较大差距，接受过高中阶段及以上教育的残疾人占残疾人总数的比例不高，特殊教育本身的水平和质量也亟待提高。《条例》从幼儿园到高校，都作出了明确的阅读促进要求，特别强调差异化和针对性。特殊教育是差异化阅读的重要组成部分，我们要对标教育强国建设和教育现代化的战略任务，加快补齐特殊教育短板，增强特殊教育资源供给，提高特殊教育质量，从根本上提升残疾人阅读能力，通过阅读能力的提升，促进残疾人教育水平提升。
三是将进一步促进无障碍阅读建设。无障碍阅读是保障残疾人阅读权益的基础工程，科技创新和数字化应用改善了无障碍阅读的手段、内容和服务资源。《条例》专门提出“国家鼓励为阅读障碍者提供有声、大字、盲文、电子等无障碍格式版本的出版物，支持全民阅读无障碍设施建设”“国家支持数字阅读与传统阅读相结合”，并从全民阅读推广、服务、保障以及法律责任等方面作出明确规定，为更充分、更有效促进无障碍阅读提供法律依据。我们要构建更多出版社、版权方共同推动无障碍出版物数量快速提升和可持续供应的工作机制，研究探索无障碍阅读的关键产品、支撑技术和有效服务。大力拓展数字阅读，加强数字资源建设与供给，满足不同残疾程度、不同年龄、不同职业残疾人分层次、多样化的阅读需求，帮助他们消除阅读障碍。充分考虑阅读的便利性、可及性，为残疾人无障碍阅读创造条件。“残疾人之家”等残疾人服务机构要主动作为，在开展无障碍阅读方面做示范、立标杆。
四是将进一步促进培育助残阅读志愿服务。热心人士与残疾人无障碍的助读、伴读、共读，是全民阅读中最温暖的阅读。《条例》明确规定将书香城市、书香村镇作为精神文明建设重要内容，持续涵育社会阅读风尚，推进城市文明建设和文明乡风建设。我们要贯彻落实关于健全新时代志愿服务体系的意见，深入开展扶残助残文明实践活动，培育助残阅读志愿者队伍，推动文化服务机构，尤其是图书馆、阅览室等开展多种形式的阅读助残志愿服务，为残疾人特别是为有特殊需要的残疾儿童送好书、读好书。让助残志愿者特别是青少年学生在伴读、共读等志愿服务中，与残疾人交朋友，传递真善美。
全民阅读是延续中华文脉、铸造民族精神、建设社会主义文化强国的基础工程，是增强国家文化软实力的根基。让我们携起手来，与身边的残疾人朋友一起阅读，共同感受阅读乐趣，为早日实现“全民阅读一个都不能少”的目标，建设书香社会和文化强国而努力奋斗。
（作者为中国残疾人联合会主席）","# 依法保障残疾人共沐书香（人文茶座）

> 程  凯《人民日报》（2026年01月11日第 07 版）

我国有8500万残疾人，保障这一特殊群体的阅读权益是全民阅读的重点和难点。党的十八大以来，以习近平同志为核心的党中央高度重视残疾人事业，对残疾人格外关心、格外关注。修订制定并实施的公共文化服务保障法、公共图书馆法、无障碍环境建设法、残疾人教育条例以及推动《马拉喀什条约》落地生效等，为残疾人共享文化成果提供了有力的法律保障，残疾人阅读权益保障取得了实质性进展和历史性突破。

近期出台的《全民阅读促进条例》（以下简称《条例》），通过立法的形式促进全民阅读，是贯彻落实“十五五”规划建议中“推进书香社会建设”要求的实际行动，对于进一步完善残疾人社会保障制度和关爱服务体系，保障残疾人平等阅读权益，提升残疾人发展能力都具有重要意义。

一是将进一步促进残疾人享有平等阅读权益。残疾人的平等阅读权益需要格外关心、特殊保障，让每一位残疾人都有机会从书本中汲取智慧和力量，接受良好的教育、提升文化素养、实现社会融合，既是建设社会主义先进文化的应有之义，也是丰富人民群众精神文化生活的必然要求。文化公平是公平正义精神的延伸。我们要大力推进《条例》的贯彻实施，广泛宣传，让理解、尊重、关心、帮助残疾人的理念深入人心，促进残疾人平等地参与阅读。残疾人积极参与阅读也为促进全民阅读注入特殊的精神力量和推动作用，真正践行“平等、融合、共享”的价值导向，共建共享书香社会和现代文明。

二是将进一步促进特殊教育质量提升。当前我国残疾人的平均受教育年限与普通人相比还有较大差距，接受过高中阶段及以上教育的残疾人占残疾人总数的比例不高，特殊教育本身的水平和质量也亟待提高。《条例》从幼儿园到高校，都作出了明确的阅读促进要求，特别强调差异化和针对性。特殊教育是差异化阅读的重要组成部分，我们要对标教育强国建设和教育现代化的战略任务，加快补齐特殊教育短板，增强特殊教育资源供给，提高特殊教育质量，从根本上提升残疾人阅读能力，通过阅读能力的提升，促进残疾人教育水平提升。

三是将进一步促进无障碍阅读建设。无障碍阅读是保障残疾人阅读权益的基础工程，科技创新和数字化应用改善了无障碍阅读的手段、内容和服务资源。《条例》专门提出“国家鼓励为阅读障碍者提供有声、大字、盲文、电子等无障碍格式版本的出版物，支持全民阅读无障碍设施建设”“国家支持数字阅读与传统阅读相结合”，并从全民阅读推广、服务、保障以及法律责任等方面作出明确规定，为更充分、更有效促进无障碍阅读提供法律依据。我们要构建更多出版社、版权方共同推动无障碍出版物数量快速提升和可持续供应的工作机制，研究探索无障碍阅读的关键产品、支撑技术和有效服务。大力拓展数字阅读，加强数字资源建设与供给，满足不同残疾程度、不同年龄、不同职业残疾人分层次、多样化的阅读需求，帮助他们消除阅读障碍。充分考虑阅读的便利性、可及性，为残疾人无障碍阅读创造条件。“残疾人之家”等残疾人服务机构要主动作为，在开展无障碍阅读方面做示范、立标杆。

四是将进一步促进培育助残阅读志愿服务。热心人士与残疾人无障碍的助读、伴读、共读，是全民阅读中最温暖的阅读。《条例》明确规定将书香城市、书香村镇作为精神文明建设重要内容，持续涵育社会阅读风尚，推进城市文明建设和文明乡风建设。我们要贯彻落实关于健全新时代志愿服务体系的意见，深入开展扶残助残文明实践活动，培育助残阅读志愿者队伍，推动文化服务机构，尤其是图书馆、阅览室等开展多种形式的阅读助残志愿服务，为残疾人特别是为有特殊需要的残疾儿童送好书、读好书。让助残志愿者特别是青少年学生在伴读、共读等志愿服务中，与残疾人交朋友，传递真善美。

全民阅读是延续中华文脉、铸造民族精神、建设社会主义文化强国的基础工程，是增强国家文化软实力的根基。让我们携起手来，与身边的残疾人朋友一起阅读，共同感受阅读乐趣，为早日实现“全民阅读一个都不能少”的目标，建设书香社会和文化强国而努力奋斗。

（作者为中国残疾人联合会主席）",程  凯,人文,https://paper.people.com.cn/rmrb/pc/content/202601/11/content_30131080.html,2026-01-11,"['残疾人', '阅读', '无障碍', '全民', '特殊教育', '促进', '建设', '条例', '文化', '助残']","我国有8500万残疾人，保障这一特殊群体的阅读权益是全民阅读的重点和难点。党的十八大以来，以习近平同志为核心的党中央高度重视残疾人事业，对残疾人格外关心、格外关注。修订制定并实施的公共文化服务保障法、公共图书馆法、无障碍环境建设法、残疾人教育条例以及推动《马拉喀什条约》落地生效等，为残疾人共享文化成果提供了有力的法律保障，残疾人阅读权益保障取得了实质性进展和历史性突破。
近期出台的《全民阅读促进条例》（以下简称《条例》），通过立法的形式促进全民阅读，是贯彻落实“十五五”规划建议中“推进书香社会建设”要求的实际行动，对于进一步完善残疾人社会保障制度和关爱服务体系，保障残疾人平等阅读权益，提升残疾人发展能力都具有重要意义。
一是将进一步促进残疾人享有平等阅读权益。残疾人的平等阅读权益需要格外关心、特殊保障，让每一位残疾人都有机会从书本中汲取智慧和力量，接受良好的教育、提升文化素养、实现社会融合，既是建设社会主义先进文化的应有之义，也是丰富人民群众精神文化生活的必然要求。文化公平是公平正义精神的延伸。我们要大力推进《条例》的贯彻实施，广泛宣传，让理解、尊重、关心、帮助残疾人的理念深入人心，促进残疾人平等地参与阅读。残疾人积极参与阅读也为促进全民阅读注入特殊的精神力量和推动作用，真正践行“平等、融合、共享”的价值导向，共建共享书香社会和现代文明。",政治
AI能作画，为何还要学画画（艺坛走笔）,"当AIGC（人工智能生成内容）席卷视觉创作领域，人们开始讨论：AI时代，还有学画画的必要吗？毕竟，人类掌握绘画技能需经历漫长的学习过程，而AI生成的图像却唾手可得。答案绝非简单的“是”或“否”。
从促进人的全面发展的角度，学习绘画的主要价值，在于深耕过程而非仅追求结果。在技法打磨与思维锤炼的漫长学习中，人们得以完善心智、提升审美素养，最终淬炼出独特的艺术创造力——这一过程布满挑战，却恰是能力塑造的关键。正如艺术家徐冰所说：素描训练不是让人学会画像一个东西，而是让人从粗糙变得精致——成长为训练有素、懂得在整体与局部的关系中明察秋毫的人。不仅素描，所有绘画学习的重心，都是培养人观察的敏锐度、从无到有的建构力、突破常规的创意思维，以及将灵感落地的实践能力。
绘画学习对审美素养与判断力的提升，还有助于人们更好地驾驭AI。AIGC时代，图像并不稀缺，真正稀缺的是筛选、评估和赋予图像价值的能力。基于此类需求，“提示词工程”应运而生，旨在更好实现人机协同共创。AI虽能生成海量图像，但图像的优劣终究依赖人的审美品位；若舍弃自主审美而盲从AI，便会陷入双向崩塌的数字困局。这种困局主要体现在两个方面：其一，AI生成的低质、同质化内容会沦为训练数据，反向侵蚀人的审美，形成算法闭环。有研究指出，现在世界上最先进的AI，都难逃“人工蜂群思维”的怪圈——越来越同质化，缺乏新意。其二，长期依赖AI会弱化人的思考，导致批判性思维与创造力退化，而人产出的平庸内容又会造成AI训练数据“近亲繁殖”，引发模式坍缩。
AIGC追求的逼真三维视效，是人类所拥有的观看方式与审美标准之一。源自古希腊、古罗马而成熟于意大利文艺复兴时期的艺术“真实再现”，其使命在19世纪后受到摄影术冲击。来自亚洲、非洲、美洲等迥异于欧洲艺术的审美标准，则为绘画注入新活力，催生了以立体主义为代表的西方现代艺术新发展。在中国艺术史上，南朝齐梁时期的谢赫在其“六法”论中，将“气韵生动”奉为最高美学准则，在他看来，仅仅做到“应物象形”还远远不够。倘若不了解这些艺术发展脉络，便极易陷入审美的单一标准。由此可见，无论是艺术史的演变，还是AI时代的创作实践，审美判断力与独立的艺术思维始终是决定美术创作优劣的根本，也是美术教育需锚定的人才培养方向。
人工智能技术发展虽快，但在相当长一段时期内，仍难以完全取代绘画等艺术实践的核心体验。绘画、雕塑、拼贴等艺术形式，可以将人类的空间知觉、视触觉感知等直觉具象化呈现。创作者在晕染水墨、凿刻木板、揉捏陶土、拼贴布料的过程中，所获得的心灵满足与情感慰藉，是AI图像的瞬间生成功能无法比拟的。
从更深层意义来看，人类学习美术，本质是研习一门“视觉化的哲学”——将爱、失去等独有的生命体验转化为可被感知的视觉形态，这一转化过程本身就是意义的生成。AI可作为强大的协作伙伴，提供灵感、拓展形式、突破技术壁垒，但作品的灵魂——思想深度、情感温度与艺术高度，主要由人类赋予。
AI时代，人类创造力依旧稀缺珍贵，审美判断力与文化修养的重要性愈发凸显。学习绘画等艺术门类，既能助力人们高效驾驭AI，赋予人将情感、思想与文化语境转化为清晰“视觉指令”的能力，使其在“氛围编程”中释放想象力，在海量AI生成内容前保持独立审美判断，摆脱算法投喂的被动处境，成为兼具审美素养与思辨能力的主动提问者。
增强而非取代人类能力——放大判断力、审美力、创造力与同理心，最终造福人类，是发展人工智能的初衷。不妨乐观展望未来：一旦迈入AGI（通用人工智能）乃至ASI（超级人工智能）时代，人工智能将把人类从各类劳作中解放出来，生活重心也将从物质生产转向精神追求。届时，人们该如何充实人生？答案或许正在于美术、音乐、舞蹈、戏剧等艺术活动——通过创造性的审美实践，丰盈精神世界，实现生命的价值。
（作者为中国人民大学艺术学院副教授）","# AI能作画，为何还要学画画（艺坛走笔）

> 朱兴国《人民日报》（2026年01月11日第 08 版）

当AIGC（人工智能生成内容）席卷视觉创作领域，人们开始讨论：AI时代，还有学画画的必要吗？毕竟，人类掌握绘画技能需经历漫长的学习过程，而AI生成的图像却唾手可得。答案绝非简单的“是”或“否”。

从促进人的全面发展的角度，学习绘画的主要价值，在于深耕过程而非仅追求结果。在技法打磨与思维锤炼的漫长学习中，人们得以完善心智、提升审美素养，最终淬炼出独特的艺术创造力——这一过程布满挑战，却恰是能力塑造的关键。正如艺术家徐冰所说：素描训练不是让人学会画像一个东西，而是让人从粗糙变得精致——成长为训练有素、懂得在整体与局部的关系中明察秋毫的人。不仅素描，所有绘画学习的重心，都是培养人观察的敏锐度、从无到有的建构力、突破常规的创意思维，以及将灵感落地的实践能力。

绘画学习对审美素养与判断力的提升，还有助于人们更好地驾驭AI。AIGC时代，图像并不稀缺，真正稀缺的是筛选、评估和赋予图像价值的能力。基于此类需求，“提示词工程”应运而生，旨在更好实现人机协同共创。AI虽能生成海量图像，但图像的优劣终究依赖人的审美品位；若舍弃自主审美而盲从AI，便会陷入双向崩塌的数字困局。这种困局主要体现在两个方面：其一，AI生成的低质、同质化内容会沦为训练数据，反向侵蚀人的审美，形成算法闭环。有研究指出，现在世界上最先进的AI，都难逃“人工蜂群思维”的怪圈——越来越同质化，缺乏新意。其二，长期依赖AI会弱化人的思考，导致批判性思维与创造力退化，而人产出的平庸内容又会造成AI训练数据“近亲繁殖”，引发模式坍缩。

AIGC追求的逼真三维视效，是人类所拥有的观看方式与审美标准之一。源自古希腊、古罗马而成熟于意大利文艺复兴时期的艺术“真实再现”，其使命在19世纪后受到摄影术冲击。来自亚洲、非洲、美洲等迥异于欧洲艺术的审美标准，则为绘画注入新活力，催生了以立体主义为代表的西方现代艺术新发展。在中国艺术史上，南朝齐梁时期的谢赫在其“六法”论中，将“气韵生动”奉为最高美学准则，在他看来，仅仅做到“应物象形”还远远不够。倘若不了解这些艺术发展脉络，便极易陷入审美的单一标准。由此可见，无论是艺术史的演变，还是AI时代的创作实践，审美判断力与独立的艺术思维始终是决定美术创作优劣的根本，也是美术教育需锚定的人才培养方向。

人工智能技术发展虽快，但在相当长一段时期内，仍难以完全取代绘画等艺术实践的核心体验。绘画、雕塑、拼贴等艺术形式，可以将人类的空间知觉、视触觉感知等直觉具象化呈现。创作者在晕染水墨、凿刻木板、揉捏陶土、拼贴布料的过程中，所获得的心灵满足与情感慰藉，是AI图像的瞬间生成功能无法比拟的。

从更深层意义来看，人类学习美术，本质是研习一门“视觉化的哲学”——将爱、失去等独有的生命体验转化为可被感知的视觉形态，这一转化过程本身就是意义的生成。AI可作为强大的协作伙伴，提供灵感、拓展形式、突破技术壁垒，但作品的灵魂——思想深度、情感温度与艺术高度，主要由人类赋予。

AI时代，人类创造力依旧稀缺珍贵，审美判断力与文化修养的重要性愈发凸显。学习绘画等艺术门类，既能助力人们高效驾驭AI，赋予人将情感、思想与文化语境转化为清晰“视觉指令”的能力，使其在“氛围编程”中释放想象力，在海量AI生成内容前保持独立审美判断，摆脱算法投喂的被动处境，成为兼具审美素养与思辨能力的主动提问者。

增强而非取代人类能力——放大判断力、审美力、创造力与同理心，最终造福人类，是发展人工智能的初衷。不妨乐观展望未来：一旦迈入AGI（通用人工智能）乃至ASI（超级人工智能）时代，人工智能将把人类从各类劳作中解放出来，生活重心也将从物质生产转向精神追求。届时，人们该如何充实人生？答案或许正在于美术、音乐、舞蹈、戏剧等艺术活动——通过创造性的审美实践，丰盈精神世界，实现生命的价值。

（作者为中国人民大学艺术学院副教授）",朱兴国,副刊,https://paper.people.com.cn/rmrb/pc/content/202601/11/content_30131096.html,2026-01-11,"['AI', '审美', '艺术', '人工智能', '绘画', '生成', '图像', '人类', '学习', '判断力']","当AIGC（人工智能生成内容）席卷视觉创作领域，人们开始讨论：AI时代，还有学画画的必要吗？毕竟，人类掌握绘画技能需经历漫长的学习过程，而AI生成的图像却唾手可得。答案绝非简单的“是”或“否”。
从促进人的全面发展的角度，学习绘画的主要价值，在于深耕过程而非仅追求结果。在技法打磨与思维锤炼的漫长学习中，人们得以完善心智、提升审美素养，最终淬炼出独特的艺术创造力——这一过程布满挑战，却恰是能力塑造的关键。正如艺术家徐冰所说：素描训练不是让人学会画像一个东西，而是让人从粗糙变得精致——成长为训练有素、懂得在整体与局部的关系中明察秋毫的人。不仅素描，所有绘画学习的重心，都是培养人观察的敏锐度、从无到有的建构力、突破常规的创意思维，以及将灵感落地的实践能力。
绘画学习对审美素养与判断力的提升，还有助于人们更好地驾驭AI。AIGC时代，图像并不稀缺，真正稀缺的是筛选、评估和赋予图像价值的能力。基于此类需求，“提示词工程”应运而生，旨在更好实现人机协同共创。AI虽能生成海量图像，但图像的优劣终究依赖人的审美品位；若舍弃自主审美而盲从AI，便会陷入双向崩塌的数字困局。这种困局主要体现在两个方面：其一，AI生成的低质、同质化内容会沦为训练数据，反向侵蚀人的审美，形成算法闭环。有研究指出，现在世界上最先进的AI，都难逃“人工蜂群思维”的怪圈——越来越同质化，缺乏新意。其二，长期依赖AI会弱化人的思考，导致批判性思维与创造力退化，而人产出的平庸内容又会造成AI训练数据“近亲繁殖”，引发模式坍缩。",社会
