title,content,markdown_body,author,plate,series_name,url,date,keywords,summary,category,series_id,series_part,related_titles,markdown_path,section_no,section_name
以扎实举措推进农业农村现代化 用勤劳和智慧创造更加美好生活,"6月24日，中共中央总书记、国家主席、中央军委主席习近平在山东省德州市考察。这是习近平在陵城区边临镇东于架村，走进农田同种粮大户、农机手、农技人员亲切交流。新华社记者  谢环驰摄
6月24日，中共中央总书记、国家主席、中央军委主席习近平在山东省德州市考察。这是习近平在陵城区边临镇东于架村，走进农田同种粮大户、农机手、农技人员亲切交流。
新华社记者  谢环驰摄
6月24日，中共中央总书记、国家主席、中央军委主席习近平在山东省德州市考察。这是习近平在陵城区边临镇西于架村，同村民们亲切交流。新华社记者  申  宏摄
6月24日，中共中央总书记、国家主席、中央军委主席习近平在山东省德州市考察。这是习近平在陵城区边临镇西于架村，同村民们亲切交流。
新华社记者  申  宏摄
■ 农业农村现代化关系中国式现代化全局和成色，要以扎实举措做好各项工作，着力提升农业综合生产能力和质量效益，确保粮食等重要农产品稳定供给，因地制宜推进宜居宜业和美乡村建设，引导广大农民群众用勤劳和智慧创造更加美好生活
■ 保障粮食等重要农产品稳定供给是农业生产的重中之重。要落实粮食生产各项支持政策，做好农资保供稳价，积极推广先进适用品种、技术、装备，稳步提高单产和效益，力争全年粮食丰收。要完善农业基础设施，确保高标准农田建设质量，推进农业节水增效，强化气象预报和灾害监测预警，提升农业防灾减灾救灾能力
■ 村党组织进一步发挥党建引领作用，充分调动村民群众的积极性，在推进宜居宜业和美乡村建设中不断取得新成绩。持续为基层减负，让村干部有更多时间和精力服务群众、推动发展
■ 树立和践行正确政绩观，最终要落到为民造福上。广大党员、干部要强化公仆意识，厚植为民情怀，多为群众做好事、办实事、解难事，实实在在增强老百姓的获得感幸福感安全感
■ “七一”就要到了，我们即将迎来党的105岁生日。105年来我们党团结带领全国各族人民不懈奋斗，创造了无愧于历史和人民的伟大成就。现在，我们正阔步行进在全面建设社会主义现代化国家的新征程上，要齐心协力走好新的长征路，开创更加光明的未来，不断满足人民对美好生活的向往
本报山东德州6月24日电  中共中央总书记、国家主席、中央军委主席习近平24日在山东省德州市考察时强调，农业农村现代化关系中国式现代化全局和成色，要以扎实举措做好各项工作，着力提升农业综合生产能力和质量效益，确保粮食等重要农产品稳定供给，因地制宜推进宜居宜业和美乡村建设，引导广大农民群众用勤劳和智慧创造更加美好生活。
6月24日，习近平在山东省委书记林武和省长周乃翔陪同下，来到德州市考察调研。
正值夏播时节，田间地里一派农忙景象。24日上午，习近平来到德州市陵城区边临镇东于架村，听取当地“三夏”生产工作汇报，了解小麦收成、玉米种植、农资供应等情况。他来到农田灌渠边察看水肥一体化设施，随后走进农田同种粮大户、农机手、农技人员亲切交流。得知今年小麦亩产又有提高，玉米播种不误农时、进度很快，习近平很高兴。他强调，保障粮食等重要农产品稳定供给是农业生产的重中之重。要落实粮食生产各项支持政策，做好农资保供稳价，积极推广先进适用品种、技术、装备，稳步提高单产和效益，力争全年粮食丰收。要完善农业基础设施，确保高标准农田建设质量，推进农业节水增效，强化气象预报和灾害监测预警，提升农业防灾减灾救灾能力。
之后，习近平来到邻近的“全国文明村”西于架村考察。他走进村党群服务中心，细致询问村党组织建设和开展便民服务等情况，了解当地探索片区化推进乡村振兴的做法，并察看农副产品展示。习近平希望村党组织进一步发挥党建引领作用，充分调动村民群众的积极性，在推进宜居宜业和美乡村建设中不断取得新成绩。他要求持续为基层减负，让村干部有更多时间和精力服务群众、推动发展。
在村民于鑫辉家，习近平察看家居陈设，同一家人围坐一起拉家常，关切询问就业收入、老人健康、孩子学习等情况，详细了解党的“三农”政策是不是全部落实到位。他指出，树立和践行正确政绩观，最终要落到为民造福上。广大党员、干部要强化公仆意识，厚植为民情怀，多为群众做好事、办实事、解难事，实实在在增强老百姓的获得感幸福感安全感。
离开村子时，村民们热情欢送总书记。习近平对大家说，“七一”就要到了，我们即将迎来党的105岁生日。105年来我们党团结带领全国各族人民不懈奋斗，创造了无愧于历史和人民的伟大成就。现在，我们正阔步行进在全面建设社会主义现代化国家的新征程上，要齐心协力走好新的长征路，开创更加光明的未来，不断满足人民对美好生活的向往。他祝愿乡亲们在党的领导下把家园建设得越来越美，把日子过得越来越好。
何立峰及中央和国家机关有关部门负责同志陪同考察。","### 习近平在山东德州考察时强调

# 以扎实举措推进农业农村现代化 用勤劳和智慧创造更加美好生活

> 《人民日报》（2026年06月25日第 01 版）

6月24日，中共中央总书记、国家主席、中央军委主席习近平在山东省德州市考察。这是习近平在陵城区边临镇东于架村，走进农田同种粮大户、农机手、农技人员亲切交流。　　新华社记者  谢环驰摄

6月24日，中共中央总书记、国家主席、中央军委主席习近平在山东省德州市考察。这是习近平在陵城区边临镇东于架村，走进农田同种粮大户、农机手、农技人员亲切交流。

新华社记者  谢环驰摄

6月24日，中共中央总书记、国家主席、中央军委主席习近平在山东省德州市考察。这是习近平在陵城区边临镇西于架村，同村民们亲切交流。　　新华社记者  申  宏摄

6月24日，中共中央总书记、国家主席、中央军委主席习近平在山东省德州市考察。这是习近平在陵城区边临镇西于架村，同村民们亲切交流。

新华社记者  申  宏摄

■ 农业农村现代化关系中国式现代化全局和成色，要以扎实举措做好各项工作，着力提升农业综合生产能力和质量效益，确保粮食等重要农产品稳定供给，因地制宜推进宜居宜业和美乡村建设，引导广大农民群众用勤劳和智慧创造更加美好生活

■ 保障粮食等重要农产品稳定供给是农业生产的重中之重。要落实粮食生产各项支持政策，做好农资保供稳价，积极推广先进适用品种、技术、装备，稳步提高单产和效益，力争全年粮食丰收。要完善农业基础设施，确保高标准农田建设质量，推进农业节水增效，强化气象预报和灾害监测预警，提升农业防灾减灾救灾能力

■ 村党组织进一步发挥党建引领作用，充分调动村民群众的积极性，在推进宜居宜业和美乡村建设中不断取得新成绩。持续为基层减负，让村干部有更多时间和精力服务群众、推动发展

■ 树立和践行正确政绩观，最终要落到为民造福上。广大党员、干部要强化公仆意识，厚植为民情怀，多为群众做好事、办实事、解难事，实实在在增强老百姓的获得感幸福感安全感

■ “七一”就要到了，我们即将迎来党的105岁生日。105年来我们党团结带领全国各族人民不懈奋斗，创造了无愧于历史和人民的伟大成就。现在，我们正阔步行进在全面建设社会主义现代化国家的新征程上，要齐心协力走好新的长征路，开创更加光明的未来，不断满足人民对美好生活的向往

本报山东德州6月24日电  中共中央总书记、国家主席、中央军委主席习近平24日在山东省德州市考察时强调，农业农村现代化关系中国式现代化全局和成色，要以扎实举措做好各项工作，着力提升农业综合生产能力和质量效益，确保粮食等重要农产品稳定供给，因地制宜推进宜居宜业和美乡村建设，引导广大农民群众用勤劳和智慧创造更加美好生活。

6月24日，习近平在山东省委书记林武和省长周乃翔陪同下，来到德州市考察调研。

正值夏播时节，田间地里一派农忙景象。24日上午，习近平来到德州市陵城区边临镇东于架村，听取当地“三夏”生产工作汇报，了解小麦收成、玉米种植、农资供应等情况。他来到农田灌渠边察看水肥一体化设施，随后走进农田同种粮大户、农机手、农技人员亲切交流。得知今年小麦亩产又有提高，玉米播种不误农时、进度很快，习近平很高兴。他强调，保障粮食等重要农产品稳定供给是农业生产的重中之重。要落实粮食生产各项支持政策，做好农资保供稳价，积极推广先进适用品种、技术、装备，稳步提高单产和效益，力争全年粮食丰收。要完善农业基础设施，确保高标准农田建设质量，推进农业节水增效，强化气象预报和灾害监测预警，提升农业防灾减灾救灾能力。

之后，习近平来到邻近的“全国文明村”西于架村考察。他走进村党群服务中心，细致询问村党组织建设和开展便民服务等情况，了解当地探索片区化推进乡村振兴的做法，并察看农副产品展示。习近平希望村党组织进一步发挥党建引领作用，充分调动村民群众的积极性，在推进宜居宜业和美乡村建设中不断取得新成绩。他要求持续为基层减负，让村干部有更多时间和精力服务群众、推动发展。

在村民于鑫辉家，习近平察看家居陈设，同一家人围坐一起拉家常，关切询问就业收入、老人健康、孩子学习等情况，详细了解党的“三农”政策是不是全部落实到位。他指出，树立和践行正确政绩观，最终要落到为民造福上。广大党员、干部要强化公仆意识，厚植为民情怀，多为群众做好事、办实事、解难事，实实在在增强老百姓的获得感幸福感安全感。

离开村子时，村民们热情欢送总书记。习近平对大家说，“七一”就要到了，我们即将迎来党的105岁生日。105年来我们党团结带领全国各族人民不懈奋斗，创造了无愧于历史和人民的伟大成就。现在，我们正阔步行进在全面建设社会主义现代化国家的新征程上，要齐心协力走好新的长征路，开创更加光明的未来，不断满足人民对美好生活的向往。他祝愿乡亲们在党的领导下把家园建设得越来越美，把日子过得越来越好。

何立峰及中央和国家机关有关部门负责同志陪同考察。",,要闻,,https://paper.people.com.cn/rmrb/pc/content/202606/25/content_30164754.html,2026-06-25,"['习近平', '24', '德州市', '农业', '边临', '主席', '美好生活', '考察', '建设', '总书记']","6月24日，中共中央总书记、国家主席、中央军委主席习近平在山东省德州市考察。这是习近平在陵城区边临镇东于架村，走进农田同种粮大户、农机手、农技人员亲切交流。新华社记者  谢环驰摄
6月24日，中共中央总书记、国家主席、中央军委主席习近平在山东省德州市考察。这是习近平在陵城区边临镇东于架村，走进农田同种粮大户、农机手、农技人员亲切交流。
新华社记者  谢环驰摄",政治,,,[],data/vault/2026/06/2026-06-25/01-要闻/以扎实举措推进农业农村现代化 用勤劳和智慧创造更加美好生活.md,01,要闻
红色热土铺展新画卷（牢记初心使命  奋进复兴征程）,"湖南韶山市，韶峰叠翠。中共韶山特别支部历史陈列馆，讲解员吴诗传正向前来研学的孩子们讲解：“1925年6月，在毛泽东同志家中举行新党员入党仪式，并成立中共韶山特别支部……”陈列馆里的老照片和复原场景，把人们的思绪拉回到那段峥嵘岁月。
2020年9月，习近平总书记在湖南考察时指出：“湖南是一方红色热土，大批共产党人在这片热土谱写了感天动地的英雄壮歌。要教育引导广大党员、干部发扬革命传统，传承红色基因。”2024年3月，习近平总书记在湖南考察时强调：“保护好、运用好红色资源，加强革命传统和爱国主义教育，引导广大干部群众发扬优良传统、赓续红色血脉，践行社会主义核心价值观，培育时代新风新貌。”
牢记总书记殷殷嘱托，韶山市持续把红色资源转化为发展动能，推动老区发展提质增效。
党组织引领，干部群众共同奋斗，如今的韶山村，农民富、村庄美、环境优。韶山村村民毛晓文、毛谷华姐弟，在自家的农家乐招待参观完的游客，一旁墙上挂着“党员经营户”告示牌。“金花籽（那个）开红花……”姐姐毛晓文嗓音清亮，韶山民谣张口就来。
这一幕也是韶山市红色文旅产业发展的缩影。围绕红色资源开展研学、培训、餐饮、住宿等不同业态，韶山村5000多名村民，约七成从事与红色旅游相关职业。
“红色基因刻在我们每一名党员骨子里。”毛晓文说，亮身份、讲诚信，不仅是规矩，更是不忘初心、砥砺前行的底气。全村登记注册商户300多家，其中党员户50多家。
走进银田镇银田村，高标准农田里一派忙碌景象，中药材基地药香扑鼻。2018年，银田村党委组织全体党员到中共韶山特别支部历史陈列馆学习。“感悟革命精神，汲取奋进力量。”银田村党委书记郭芳说。
近来，银田村迎来新变化：村集体万亩示范片旁，“稻梦田园”农文旅学综合体正加紧建设；党组织带领村民办起银田未来田园发展有限公司，村民卢文办起农耕研学民宿，今年5月以来一个多月就增收5000多元。
开门见山，推窗是田。韶山市近年来把学习课堂从教室搬到红色基地，组织党员干部赴中共韶山特别支部历史陈列馆等红色景点汲取奋进力量，在推进乡村全面振兴上打头阵。2025年，韶山市农村居民人均可支配收入42997元，同比增长5.9%。
据了解，“十五五”时期，韶山将打造150堂以上精品课，构建覆盖韶山全域、全年龄段的“韶山大课堂”思政课程体系。","### 湖南韶山市把红色资源转化为发展动能——

# 红色热土铺展新画卷（牢记初心使命  奋进复兴征程）

> 本报记者  申智林《人民日报》（2026年06月25日第 01 版）

湖南韶山市，韶峰叠翠。中共韶山特别支部历史陈列馆，讲解员吴诗传正向前来研学的孩子们讲解：“1925年6月，在毛泽东同志家中举行新党员入党仪式，并成立中共韶山特别支部……”陈列馆里的老照片和复原场景，把人们的思绪拉回到那段峥嵘岁月。

2020年9月，习近平总书记在湖南考察时指出：“湖南是一方红色热土，大批共产党人在这片热土谱写了感天动地的英雄壮歌。要教育引导广大党员、干部发扬革命传统，传承红色基因。”2024年3月，习近平总书记在湖南考察时强调：“保护好、运用好红色资源，加强革命传统和爱国主义教育，引导广大干部群众发扬优良传统、赓续红色血脉，践行社会主义核心价值观，培育时代新风新貌。”

牢记总书记殷殷嘱托，韶山市持续把红色资源转化为发展动能，推动老区发展提质增效。

党组织引领，干部群众共同奋斗，如今的韶山村，农民富、村庄美、环境优。韶山村村民毛晓文、毛谷华姐弟，在自家的农家乐招待参观完的游客，一旁墙上挂着“党员经营户”告示牌。“金花籽（那个）开红花……”姐姐毛晓文嗓音清亮，韶山民谣张口就来。

这一幕也是韶山市红色文旅产业发展的缩影。围绕红色资源开展研学、培训、餐饮、住宿等不同业态，韶山村5000多名村民，约七成从事与红色旅游相关职业。

“红色基因刻在我们每一名党员骨子里。”毛晓文说，亮身份、讲诚信，不仅是规矩，更是不忘初心、砥砺前行的底气。全村登记注册商户300多家，其中党员户50多家。

走进银田镇银田村，高标准农田里一派忙碌景象，中药材基地药香扑鼻。2018年，银田村党委组织全体党员到中共韶山特别支部历史陈列馆学习。“感悟革命精神，汲取奋进力量。”银田村党委书记郭芳说。

近来，银田村迎来新变化：村集体万亩示范片旁，“稻梦田园”农文旅学综合体正加紧建设；党组织带领村民办起银田未来田园发展有限公司，村民卢文办起农耕研学民宿，今年5月以来一个多月就增收5000多元。

开门见山，推窗是田。韶山市近年来把学习课堂从教室搬到红色基地，组织党员干部赴中共韶山特别支部历史陈列馆等红色景点汲取奋进力量，在推进乡村全面振兴上打头阵。2025年，韶山市农村居民人均可支配收入42997元，同比增长5.9%。

据了解，“十五五”时期，韶山将打造150堂以上精品课，构建覆盖韶山全域、全年龄段的“韶山大课堂”思政课程体系。",申智林,要闻,,https://paper.people.com.cn/rmrb/pc/content/202606/25/content_30164755.html,2026-06-25,"['韶山', '红色', '韶山市', '陈列馆', '研学', '银田村', '支部', '热土', '奋进', '党员']","湖南韶山市，韶峰叠翠。中共韶山特别支部历史陈列馆，讲解员吴诗传正向前来研学的孩子们讲解：“1925年6月，在毛泽东同志家中举行新党员入党仪式，并成立中共韶山特别支部……”陈列馆里的老照片和复原场景，把人们的思绪拉回到那段峥嵘岁月。
2020年9月，习近平总书记在湖南考察时指出：“湖南是一方红色热土，大批共产党人在这片热土谱写了感天动地的英雄壮歌。要教育引导广大党员、干部发扬革命传统，传承红色基因。”2024年3月，习近平总书记在湖南考察时强调：“保护好、运用好红色资源，加强革命传统和爱国主义教育，引导广大干部群众发扬优良传统、赓续红色血脉，践行社会主义核心价值观，培育时代新风新貌。”
牢记总书记殷殷嘱托，韶山市持续把红色资源转化为发展动能，推动老区发展提质增效。",政治,,,[],data/vault/2026/06/2026-06-25/01-要闻/红色热土铺展新画卷（牢记初心使命 奋进复兴征程）.md,01,要闻
深入学习贯彻习近平法治思想 在法治宣传教育中积极发挥代表作用,"本报北京6月24日电  （记者彭波）中共中央政治局常委、全国人大常委会委员长赵乐际24日下午同列席十四届全国人大常委会第二十三次会议的全国人大代表座谈交流。他强调，人大代表要深入学习宣传贯彻习近平法治思想，结合本职工作和履职实际，参与法治实践、弘扬法治精神、传播法律知识，在法治宣传教育中积极发挥作用。
座谈会上，代表们结合审议关于“八五”普法决议实施情况的报告，围绕加强法治宣传教育、增强全民法治观念作了发言，提出意见建议。赵乐际认真倾听，和代表深入交流。他说，法治宣传教育是全面依法治国的长期基础性工作。在党的领导下，我国连续制定实施8个五年普法规划，有力促进了全体公民法治素养和社会治理法治化水平的提升。
赵乐际强调，习近平法治思想是新时代全面依法治国的根本遵循。人大代表要把学习贯彻习近平法治思想作为履职基本功和必修课，深刻理解这一重要思想的重大意义、丰富内涵、实践要求，自觉用以武装头脑、指导实践、推动工作。要把宣传习近平法治思想融入代表履职，通过多种方式宣讲习近平法治思想的核心要义，宣传新时代法治中国建设取得的历史性成就，讲好中国法治故事。
赵乐际指出，人大代表要自觉做尊法学法守法用法的表率。牢固树立法治观念，尊崇法治、信仰法治，增强依法履职、依法办事、依法解决矛盾问题的意识和能力，自觉维护国家法治统一、尊严、权威。要加强宪法学习，恪守宪法原则，熟练掌握代表法、立法法、监督法、全国人大组织法和议事规则等，严格依法按程序履职，当好党和国家联系人民群众的桥梁。在日常工作和生活中要模范遵守宪法法律，践行社会主义核心价值观，廉洁自律，公道正派，自觉接受人民群众监督。
赵乐际强调，要努力提高法治宣传教育针对性实效性。人大代表要立足岗位职责，发挥专业特长，积极探索法治宣传教育的有效方式。通过代表家站、基层立法联系点等平台，主动参与丰富多样的基层法治宣传活动，认真听取和反映人民群众对立法和法律实施的意见建议。运用接地气、群众易于参与的方式，把普法融入法治实践、基层治理和日常生活，在潜移默化中提升公民法治意识、法治素养，推动法律有效实施。
中共中央政治局委员、全国人大常委会副委员长李鸿忠主持座谈会。","### 赵乐际同全国人大常委会会议列席代表座谈时强调

# 深入学习贯彻习近平法治思想 在法治宣传教育中积极发挥代表作用

> 《人民日报》（2026年06月25日第 01 版）

本报北京6月24日电  （记者彭波）中共中央政治局常委、全国人大常委会委员长赵乐际24日下午同列席十四届全国人大常委会第二十三次会议的全国人大代表座谈交流。他强调，人大代表要深入学习宣传贯彻习近平法治思想，结合本职工作和履职实际，参与法治实践、弘扬法治精神、传播法律知识，在法治宣传教育中积极发挥作用。

座谈会上，代表们结合审议关于“八五”普法决议实施情况的报告，围绕加强法治宣传教育、增强全民法治观念作了发言，提出意见建议。赵乐际认真倾听，和代表深入交流。他说，法治宣传教育是全面依法治国的长期基础性工作。在党的领导下，我国连续制定实施8个五年普法规划，有力促进了全体公民法治素养和社会治理法治化水平的提升。

赵乐际强调，习近平法治思想是新时代全面依法治国的根本遵循。人大代表要把学习贯彻习近平法治思想作为履职基本功和必修课，深刻理解这一重要思想的重大意义、丰富内涵、实践要求，自觉用以武装头脑、指导实践、推动工作。要把宣传习近平法治思想融入代表履职，通过多种方式宣讲习近平法治思想的核心要义，宣传新时代法治中国建设取得的历史性成就，讲好中国法治故事。

赵乐际指出，人大代表要自觉做尊法学法守法用法的表率。牢固树立法治观念，尊崇法治、信仰法治，增强依法履职、依法办事、依法解决矛盾问题的意识和能力，自觉维护国家法治统一、尊严、权威。要加强宪法学习，恪守宪法原则，熟练掌握代表法、立法法、监督法、全国人大组织法和议事规则等，严格依法按程序履职，当好党和国家联系人民群众的桥梁。在日常工作和生活中要模范遵守宪法法律，践行社会主义核心价值观，廉洁自律，公道正派，自觉接受人民群众监督。

赵乐际强调，要努力提高法治宣传教育针对性实效性。人大代表要立足岗位职责，发挥专业特长，积极探索法治宣传教育的有效方式。通过代表家站、基层立法联系点等平台，主动参与丰富多样的基层法治宣传活动，认真听取和反映人民群众对立法和法律实施的意见建议。运用接地气、群众易于参与的方式，把普法融入法治实践、基层治理和日常生活，在潜移默化中提升公民法治意识、法治素养，推动法律有效实施。

中共中央政治局委员、全国人大常委会副委员长李鸿忠主持座谈会。",,要闻,,https://paper.people.com.cn/rmrb/pc/content/202606/25/content_30164757.html,2026-06-25,"['法治', '宣传教育', '赵乐际', '习近平', '履职', '人大代表', '思想', '代表', '自觉', '普法']","本报北京6月24日电  （记者彭波）中共中央政治局常委、全国人大常委会委员长赵乐际24日下午同列席十四届全国人大常委会第二十三次会议的全国人大代表座谈交流。他强调，人大代表要深入学习宣传贯彻习近平法治思想，结合本职工作和履职实际，参与法治实践、弘扬法治精神、传播法律知识，在法治宣传教育中积极发挥作用。
座谈会上，代表们结合审议关于“八五”普法决议实施情况的报告，围绕加强法治宣传教育、增强全民法治观念作了发言，提出意见建议。赵乐际认真倾听，和代表深入交流。他说，法治宣传教育是全面依法治国的长期基础性工作。在党的领导下，我国连续制定实施8个五年普法规划，有力促进了全体公民法治素养和社会治理法治化水平的提升。
赵乐际强调，习近平法治思想是新时代全面依法治国的根本遵循。人大代表要把学习贯彻习近平法治思想作为履职基本功和必修课，深刻理解这一重要思想的重大意义、丰富内涵、实践要求，自觉用以武装头脑、指导实践、推动工作。要把宣传习近平法治思想融入代表履职，通过多种方式宣讲习近平法治思想的核心要义，宣传新时代法治中国建设取得的历史性成就，讲好中国法治故事。",政治,,,[],data/vault/2026/06/2026-06-25/01-要闻/深入学习贯彻习近平法治思想 在法治宣传教育中积极发挥代表作用.md,01,要闻
珍惜每一寸土地,"寸土寸金关乎国计，一垄一亩承载民生。
习近平总书记强调：“耕地是粮食生产的命根子，是中华民族永续发展的根基。”
蹲在复州河边，掬起一捧水，清澈的河水从赵辉的指缝间流下。
复州河从辽宁大连西部流入渤海，4年前这里是另一番景象：河水发浑，岸边堆着畜禽粪污。2021年因总氮削减未达标，被中央生态环保督察“点名”。
赵辉在大连市生态环境事务服务中心从事环境监测工作多年。他和同事沿着干流、支流、养殖场、排污口一路排查，布设200多个监测点位，最终锁定畜禽养殖粪污、生活污水尾水等主要污染来源。
问题找准了，治理就有了方向。对畜禽粪污建立起“收集—运输—处理—还田”利用体系，在田间河渠构筑生态拦截带，对污水处理设施提标扩容。经过努力，2025年复州河总氮浓度降至每升4.92毫克，水质明显改善。
18.65亿亩耕地、15.46亿亩永久基本农田——每一寸土地都承载着粮食安全、生态安全、发展安全。一条河的清澈，一片土的洁净，关系着14亿多人的饭碗。6月25日是第三十六个全国土地日，活动主题是“珍惜每一寸土地  促进高质量发展”。
如何珍惜好每一寸土地？答案写在广袤大地上。
量质并重
让每一寸土地都干净
党的十八大以来，以习近平同志为核心的党中央以前所未有的力度推进耕地保护、土壤污染防治和质量提升，守数量、提质量、优生态同步发力，为高质量发展夯实根基。
“强化土壤污染管控和修复，有效防范风险，让老百姓吃得放心、住得安心。”
农用地土壤重金属污染风险实现“三个下降”。8万余个土壤污染隐患点消除，1406块污染地块移出管控修复名录，一批历史遗留污染地块完成治理修复并重新焕发生机……净土保卫战成效日益显现。
北京首钢老厂区，800万吨级钢厂搬迁后，地下先做全面“体检”，分批管控、绿色修复，“变身”冬奥会赛场。北京城市绿心森林公园，对东方化工厂遗址120公顷污染土地进行生态修复与风险管控，开园以来接待游客超1000万人次。
持续深入打好净土保卫战。2024年11月，生态环境部等7部门印发《土壤污染源头防控行动计划》，明确82项任务，构建全过程全链条源头防控体系。生态环境部土壤生态环境司司长赵世新表示，目前，正在会同有关部门推动产业布局优化、企业绿色化转型，加强重点监管单位管理，持续推动钢铁、焦化、水泥、燃煤发电等重点行业污染物减排，推进农用地土壤重金属污染溯源和整治等。
“全国土壤污染风险得到有效管控，土壤环境质量总体保持稳定，局部稳中向好。”生态环境部土壤中心污染地块部主任郭观林说。“十五五”时期，还将以源头防控、风险管控为重点，坚持“治、用、养”结合，推动农用地土壤环境质量稳中向好，全力保障农产品质量安全；深入推进建设用地管控修复，全面保障人居环境安全。
守好“饭碗田”，耕地保护既要保数量，也要提质量。
“18亿亩耕地必须实至名归，农田必须是良田。”自然资源部耕地保护监督司相关负责人孙鲁平介绍，依据全国国土空间规划纲要，到2035年全国耕地保有量不低于18.65亿亩，永久基本农田不低于15.46亿亩。目前各省份耕地面积均高于规划确定的保护任务，牢牢守住了耕地保护红线。
我国不断完善最严格的耕地保护制度。2025年8月，《永久基本农田保护红线管理办法》发布，建立“优进劣出”动态管理机制。土地管理法颁布至今已40年；耕地保护和质量提升法草案已通过全国人大常委会二次审议；生态环境法典将于今年8月15日起施行，“十分珍惜、合理利用土地和切实保护耕地”的基本国策写进了法典。
数量、质量、生态“三位一体”保护，一项项措施落地见效。
曾经被视为“不毛之地”的盐碱地，正成为新的增粮空间。山东东营，创新分阶段梯度改良路径，累计完成盐碱地改良超10万亩，土壤含盐量从16‰降到3‰。国家盐碱地综合利用技术创新中心累计培育耐盐碱作物新品种（系）87个，更多盐碱地变成丰收田。
黑土地保护同样是一场与时间赛跑的行动。吉林梨树县，农民陶勇种地几十年，见证了黑土地的变化。过去，一场大风就能卷走表层黑土；如今，秸秆覆盖、免耕播种等保护性耕作技术大面积推广，土地越来越肥沃。
连续多年的监测数据显示，采用“梨树模式”的试验田近20年的土壤蓄水能力增加20%，土壤深层水库扩库增容40%，遏制风蚀、水蚀，减少土壤流失80%，耕层深度0至20厘米的土壤有机质含量增加10%。“梨树模式”成为我国黑土地保护的重要样板。
从污染治理到风险管控，从质量提升到系统修复，从黑土地保护到盐碱地治理，一系列举措持续夯实粮食安全、发展安全的基础。
精打细算
做好土地利用大文章
土地利用方式之变，折射的是发展理念之变。
“我们土地是不少，但同14亿人口的需求一比，又是稀缺资源！建城市、搞工业、保生态都要用地，必须精打细算”。习近平总书记谆谆告诫。
在安徽合肥瑶海区，一片红砖厂房静静矗立，这里曾是合肥电机厂。随着产业转移，厂房闲置多年。2022年，瑶海区启动更新改造。
不是大拆大建，而是精细更新。老厂房被完整保留，取名“星光坊”；近百棵树龄超过60年的香樟树一棵没砍，就着树荫修了一条400多米长的香樟大道。工业遗存与现代商业融合发展，“瑶海天地”成为集商业消费、文化体验、创意办公于一体的新地标，吸引250余个品牌入驻，带动就业超2000人。
昔日的工业厂区，变成了城市发展的新空间。用地没有增加，价值却不断增长。这样的变化正在各地发生。
自然资源部自然资源开发利用司副司长莫晓辉提供了一组数据：“十四五”以来，全国单位GDP建设用地使用面积累计下降19.36%，闲置土地处置超600万亩，99个城市及广东全省开展低效用地再开发试点，累计盘活存量土地198万亩。
过去依赖增量扩张的发展模式，正加快转向存量挖潜的发展模式。
江苏宿迁宿豫区对此感受尤深。江苏益和宠物用品有限公司所在区域，曾是一片长期闲置低效利用土地。当地通过收储再开发，引入先进制造项目，投产后年产值4.31亿元、纳税1200万元，土地产出率431万元/亩。
与此同时，一批企业通过技术改造、厂房加层、设备更新等方式提高容积率和产出率。过去靠新增土地扩产，如今更多依靠技术升级和空间重构增效。“完整准确全面贯彻新发展理念，从增量依赖转向存量挖潜，推动高质量发展。”宿豫区委书记徐源表示。
山东德州齐河县，32家企业推进“零地”技改——不新增一寸地，一层厂房翻建为多层标准厂房。全县改造旧厂房12万平方米，容积率提升至1.3以上，有效利用闲置低效用地1000余亩，预计增加工业产值近55亿元。
“功能再造、业态植入、复合开发三类盘活路径，实行‘一地一策’量身定制方案。”德州市自然资源局党组书记、局长赵攀介绍，“十四五”以来，全市盘活批而未供、闲置土地10万亩。
“土地不会无限增加，发展的空间却可以不断拓展。”莫晓辉表示，“十五五”时期，我国将完善促进盘活存量用地的规划管控、土地供应和税费政策，加快发展建设用地二级市场，健全产业园区存量盘活和高质量发展机制，深化低效用地再开发试点，系统推进土地资源节约集约与高效利用。
从老厂房更新到低效用地再开发，从工业园区提质升级到城市空间立体利用，当每一寸土地都被珍惜、被激活、被高效利用，发展的潜力就会源源不断释放出来。
系统治理
绘就人与自然和谐共生新画卷
土地，不只是生产要素。它连接着山、水、林、田、湖、草、沙，也维系着人与自然和谐共生的发展未来。
“人的命脉在田，田的命脉在水，水的命脉在山，山的命脉在土，土的命脉在林和草”。习近平总书记点明了山水林田湖草沙的生命逻辑——这是一个生命共同体。
今天的土地治理，早已不是治理一块田、一片地，而是在更大尺度上统筹生态保护、产业发展和空间优化，实现系统治理、综合治理、源头治理。
长江之变，就是最生动的注脚。
湖北宜昌，长江出三峡后的第一座沿江大城。
兴发集团新材料产业园区里，一块铜铸纪念牌上刻着“2018.4.24”——那天起，企业拆除沿江生产装置32套，总资产价值13.58亿元；封堵排污口，投资11.06亿元建污水处理装置；总投入超过200亿元进行产业提档升级。
阵痛之后迎来新生。
过去卖吨位，如今卖克重——一克高科技黑磷产品，价格可达5000元。企业从传统磷化工迈向微电子材料、新能源新材料等高端领域，开发食品级、医药级、电子级产品9大门类30个系列723种。
10年前，企业常面临环保投诉；如今，景观带内绿树成荫。
这是长江之变的缩影。十年大保护，沿江“关改搬转”近万家化工企业，腾退修复岸线162公里。2025年长江干支流Ⅰ到Ⅲ类水质断面占98.9%，总磷浓度下降超40%。
这样的变化，正在更多地方发生。
湖北石首，长江荆江段“山水工程”示范点。稻田里，鸭子游弋，青蛙鸣叫。
当地探索“鸭蛙稻”生态种养模式：鸭子除草治虫、青蛙接力护田，化肥农药使用量降低超七成，粮食产量提升7%，亩均收益提高20%。鸭蛙稻种植面积已超3000公顷，延伸出米、酒、糍粑等地域品牌，年利润960万元。一块田，不仅产粮，也在涵养生态、富裕农民。
放眼全国，山水林田湖草沙一体化保护和修复工程持续推进。自然资源部国土空间生态修复司副司长卢丽华介绍，截至2025年，全国部署52个项目，覆盖29个省份，累计修复超1.2亿亩，中央财政安排1030亿元。今年6月，“十五五”首批“山水工程”项目已完成实施方案审核并公示。
全域土地综合整治，是系统治理在土地领域的集中体现。浙江桐乡濮院镇，过去村庄零散分布，单个农村居民点图斑面积只有4.61亩，耕地碎片化严重。通过全域土地综合整治，分散的土地资源实现集中优化配置，打造了“万亩千方”农业集聚区，水稻亩产达1730斤。同时，土地整治产生的增减挂钩节余指标用于落地跨区域百村共富项目，参与村年均综合收益近100万元。
“十四五”以来，全国已有24个省份实施全域土地综合整治项目，含产业类项目投资在内，共涉及投资1.43万亿元，新增耕地151万亩，建设用地减少64万亩。全域土地综合整治已成为优化国土空间布局、促进城乡融合和乡村全面振兴的重要平台。自然资源部国土空间规划局副局长杨地介绍，下一步将打破城乡分割、局部整治的传统模式，以系统性国土空间治理支撑区域高质量发展。
筑牢大地之基，守护的是粮食安全；向有限土地要发展空间，支撑的是高质量发展；让土地生生不息，谋划的是中华民族永续发展的未来。
如何珍惜好每一寸土地？在沃野良田里，在产业园区内，在绿水青山间，大地在回答。","# 珍惜每一寸土地

## ——写在第三十六个全国土地日之际

> 本报记者  常  钦  李红梅《人民日报》（2026年06月25日第 02 版）

寸土寸金关乎国计，一垄一亩承载民生。

习近平总书记强调：“耕地是粮食生产的命根子，是中华民族永续发展的根基。”

蹲在复州河边，掬起一捧水，清澈的河水从赵辉的指缝间流下。

复州河从辽宁大连西部流入渤海，4年前这里是另一番景象：河水发浑，岸边堆着畜禽粪污。2021年因总氮削减未达标，被中央生态环保督察“点名”。

赵辉在大连市生态环境事务服务中心从事环境监测工作多年。他和同事沿着干流、支流、养殖场、排污口一路排查，布设200多个监测点位，最终锁定畜禽养殖粪污、生活污水尾水等主要污染来源。

问题找准了，治理就有了方向。对畜禽粪污建立起“收集—运输—处理—还田”利用体系，在田间河渠构筑生态拦截带，对污水处理设施提标扩容。经过努力，2025年复州河总氮浓度降至每升4.92毫克，水质明显改善。

18.65亿亩耕地、15.46亿亩永久基本农田——每一寸土地都承载着粮食安全、生态安全、发展安全。一条河的清澈，一片土的洁净，关系着14亿多人的饭碗。6月25日是第三十六个全国土地日，活动主题是“珍惜每一寸土地  促进高质量发展”。

如何珍惜好每一寸土地？答案写在广袤大地上。

**量质并重**

**让每一寸土地都干净**

党的十八大以来，以习近平同志为核心的党中央以前所未有的力度推进耕地保护、土壤污染防治和质量提升，守数量、提质量、优生态同步发力，为高质量发展夯实根基。

“强化土壤污染管控和修复，有效防范风险，让老百姓吃得放心、住得安心。”

农用地土壤重金属污染风险实现“三个下降”。8万余个土壤污染隐患点消除，1406块污染地块移出管控修复名录，一批历史遗留污染地块完成治理修复并重新焕发生机……净土保卫战成效日益显现。

北京首钢老厂区，800万吨级钢厂搬迁后，地下先做全面“体检”，分批管控、绿色修复，“变身”冬奥会赛场。北京城市绿心森林公园，对东方化工厂遗址120公顷污染土地进行生态修复与风险管控，开园以来接待游客超1000万人次。

持续深入打好净土保卫战。2024年11月，生态环境部等7部门印发《土壤污染源头防控行动计划》，明确82项任务，构建全过程全链条源头防控体系。生态环境部土壤生态环境司司长赵世新表示，目前，正在会同有关部门推动产业布局优化、企业绿色化转型，加强重点监管单位管理，持续推动钢铁、焦化、水泥、燃煤发电等重点行业污染物减排，推进农用地土壤重金属污染溯源和整治等。

“全国土壤污染风险得到有效管控，土壤环境质量总体保持稳定，局部稳中向好。”生态环境部土壤中心污染地块部主任郭观林说。“十五五”时期，还将以源头防控、风险管控为重点，坚持“治、用、养”结合，推动农用地土壤环境质量稳中向好，全力保障农产品质量安全；深入推进建设用地管控修复，全面保障人居环境安全。

守好“饭碗田”，耕地保护既要保数量，也要提质量。

“18亿亩耕地必须实至名归，农田必须是良田。”自然资源部耕地保护监督司相关负责人孙鲁平介绍，依据全国国土空间规划纲要，到2035年全国耕地保有量不低于18.65亿亩，永久基本农田不低于15.46亿亩。目前各省份耕地面积均高于规划确定的保护任务，牢牢守住了耕地保护红线。

我国不断完善最严格的耕地保护制度。2025年8月，《永久基本农田保护红线管理办法》发布，建立“优进劣出”动态管理机制。土地管理法颁布至今已40年；耕地保护和质量提升法草案已通过全国人大常委会二次审议；生态环境法典将于今年8月15日起施行，“十分珍惜、合理利用土地和切实保护耕地”的基本国策写进了法典。

数量、质量、生态“三位一体”保护，一项项措施落地见效。

曾经被视为“不毛之地”的盐碱地，正成为新的增粮空间。山东东营，创新分阶段梯度改良路径，累计完成盐碱地改良超10万亩，土壤含盐量从16‰降到3‰。国家盐碱地综合利用技术创新中心累计培育耐盐碱作物新品种（系）87个，更多盐碱地变成丰收田。

黑土地保护同样是一场与时间赛跑的行动。吉林梨树县，农民陶勇种地几十年，见证了黑土地的变化。过去，一场大风就能卷走表层黑土；如今，秸秆覆盖、免耕播种等保护性耕作技术大面积推广，土地越来越肥沃。

连续多年的监测数据显示，采用“梨树模式”的试验田近20年的土壤蓄水能力增加20%，土壤深层水库扩库增容40%，遏制风蚀、水蚀，减少土壤流失80%，耕层深度0至20厘米的土壤有机质含量增加10%。“梨树模式”成为我国黑土地保护的重要样板。

从污染治理到风险管控，从质量提升到系统修复，从黑土地保护到盐碱地治理，一系列举措持续夯实粮食安全、发展安全的基础。

**精打细算**

**做好土地利用大文章**

土地利用方式之变，折射的是发展理念之变。

“我们土地是不少，但同14亿人口的需求一比，又是稀缺资源！建城市、搞工业、保生态都要用地，必须精打细算”。习近平总书记谆谆告诫。

在安徽合肥瑶海区，一片红砖厂房静静矗立，这里曾是合肥电机厂。随着产业转移，厂房闲置多年。2022年，瑶海区启动更新改造。

不是大拆大建，而是精细更新。老厂房被完整保留，取名“星光坊”；近百棵树龄超过60年的香樟树一棵没砍，就着树荫修了一条400多米长的香樟大道。工业遗存与现代商业融合发展，“瑶海天地”成为集商业消费、文化体验、创意办公于一体的新地标，吸引250余个品牌入驻，带动就业超2000人。

昔日的工业厂区，变成了城市发展的新空间。用地没有增加，价值却不断增长。这样的变化正在各地发生。

自然资源部自然资源开发利用司副司长莫晓辉提供了一组数据：“十四五”以来，全国单位GDP建设用地使用面积累计下降19.36%，闲置土地处置超600万亩，99个城市及广东全省开展低效用地再开发试点，累计盘活存量土地198万亩。

过去依赖增量扩张的发展模式，正加快转向存量挖潜的发展模式。

江苏宿迁宿豫区对此感受尤深。江苏益和宠物用品有限公司所在区域，曾是一片长期闲置低效利用土地。当地通过收储再开发，引入先进制造项目，投产后年产值4.31亿元、纳税1200万元，土地产出率431万元/亩。

与此同时，一批企业通过技术改造、厂房加层、设备更新等方式提高容积率和产出率。过去靠新增土地扩产，如今更多依靠技术升级和空间重构增效。“完整准确全面贯彻新发展理念，从增量依赖转向存量挖潜，推动高质量发展。”宿豫区委书记徐源表示。

山东德州齐河县，32家企业推进“零地”技改——不新增一寸地，一层厂房翻建为多层标准厂房。全县改造旧厂房12万平方米，容积率提升至1.3以上，有效利用闲置低效用地1000余亩，预计增加工业产值近55亿元。

“功能再造、业态植入、复合开发三类盘活路径，实行‘一地一策’量身定制方案。”德州市自然资源局党组书记、局长赵攀介绍，“十四五”以来，全市盘活批而未供、闲置土地10万亩。

“土地不会无限增加，发展的空间却可以不断拓展。”莫晓辉表示，“十五五”时期，我国将完善促进盘活存量用地的规划管控、土地供应和税费政策，加快发展建设用地二级市场，健全产业园区存量盘活和高质量发展机制，深化低效用地再开发试点，系统推进土地资源节约集约与高效利用。

从老厂房更新到低效用地再开发，从工业园区提质升级到城市空间立体利用，当每一寸土地都被珍惜、被激活、被高效利用，发展的潜力就会源源不断释放出来。

**系统治理**

**绘就人与自然和谐共生新画卷**

土地，不只是生产要素。它连接着山、水、林、田、湖、草、沙，也维系着人与自然和谐共生的发展未来。

“人的命脉在田，田的命脉在水，水的命脉在山，山的命脉在土，土的命脉在林和草”。习近平总书记点明了山水林田湖草沙的生命逻辑——这是一个生命共同体。

今天的土地治理，早已不是治理一块田、一片地，而是在更大尺度上统筹生态保护、产业发展和空间优化，实现系统治理、综合治理、源头治理。

长江之变，就是最生动的注脚。

湖北宜昌，长江出三峡后的第一座沿江大城。

兴发集团新材料产业园区里，一块铜铸纪念牌上刻着“2018.4.24”——那天起，企业拆除沿江生产装置32套，总资产价值13.58亿元；封堵排污口，投资11.06亿元建污水处理装置；总投入超过200亿元进行产业提档升级。

阵痛之后迎来新生。

过去卖吨位，如今卖克重——一克高科技黑磷产品，价格可达5000元。企业从传统磷化工迈向微电子材料、新能源新材料等高端领域，开发食品级、医药级、电子级产品9大门类30个系列723种。

10年前，企业常面临环保投诉；如今，景观带内绿树成荫。

这是长江之变的缩影。十年大保护，沿江“关改搬转”近万家化工企业，腾退修复岸线162公里。2025年长江干支流Ⅰ到Ⅲ类水质断面占98.9%，总磷浓度下降超40%。

这样的变化，正在更多地方发生。

湖北石首，长江荆江段“山水工程”示范点。稻田里，鸭子游弋，青蛙鸣叫。

当地探索“鸭蛙稻”生态种养模式：鸭子除草治虫、青蛙接力护田，化肥农药使用量降低超七成，粮食产量提升7%，亩均收益提高20%。鸭蛙稻种植面积已超3000公顷，延伸出米、酒、糍粑等地域品牌，年利润960万元。一块田，不仅产粮，也在涵养生态、富裕农民。

放眼全国，山水林田湖草沙一体化保护和修复工程持续推进。自然资源部国土空间生态修复司副司长卢丽华介绍，截至2025年，全国部署52个项目，覆盖29个省份，累计修复超1.2亿亩，中央财政安排1030亿元。今年6月，“十五五”首批“山水工程”项目已完成实施方案审核并公示。

全域土地综合整治，是系统治理在土地领域的集中体现。浙江桐乡濮院镇，过去村庄零散分布，单个农村居民点图斑面积只有4.61亩，耕地碎片化严重。通过全域土地综合整治，分散的土地资源实现集中优化配置，打造了“万亩千方”农业集聚区，水稻亩产达1730斤。同时，土地整治产生的增减挂钩节余指标用于落地跨区域百村共富项目，参与村年均综合收益近100万元。

“十四五”以来，全国已有24个省份实施全域土地综合整治项目，含产业类项目投资在内，共涉及投资1.43万亿元，新增耕地151万亩，建设用地减少64万亩。全域土地综合整治已成为优化国土空间布局、促进城乡融合和乡村全面振兴的重要平台。自然资源部国土空间规划局副局长杨地介绍，下一步将打破城乡分割、局部整治的传统模式，以系统性国土空间治理支撑区域高质量发展。

筑牢大地之基，守护的是粮食安全；向有限土地要发展空间，支撑的是高质量发展；让土地生生不息，谋划的是中华民族永续发展的未来。

如何珍惜好每一寸土地？在沃野良田里，在产业园区内，在绿水青山间，大地在回答。",常  钦  李红梅,要闻,,https://paper.people.com.cn/rmrb/pc/content/202606/25/content_30164764.html,2026-06-25,"['土地', '耕地', '保护', '修复', '管控', '生态', '发展', '每一寸', '治理', '亿亩']","寸土寸金关乎国计，一垄一亩承载民生。
习近平总书记强调：“耕地是粮食生产的命根子，是中华民族永续发展的根基。”
蹲在复州河边，掬起一捧水，清澈的河水从赵辉的指缝间流下。",政治,,,[],data/vault/2026/06/2026-06-25/02-要闻/珍惜每一寸土地.md,02,要闻
铆足干劲，力争全年粮食丰收（今日谈）,"“保障粮食等重要农产品稳定供给是农业生产的重中之重。”“三夏”生产的关键时期，习近平总书记来到山东德州考察调研，对确保粮食等重要农产品稳定供给提出明确要求，强调“力争全年粮食丰收”。
粮稳天下安。我国粮食生产之所以能够连年丰收、总产量连续2年突破1.4万亿斤，关键在于始终把粮食安全作为治国理政的头等大事，坚持产量产能、生产生态、增产增收一起抓，牢牢掌握粮食安全主动权。
当前夏粮丰收已成定局，为全年粮食稳产保供打下坚实基础。从落实抗湿播种和晚播应变技术，到推广优质良种、推动大面积提升单产，再到农机装备迭代升级、跨省收割烘干作业高效协同……科技赋能、政策兜底，全方位全链条保障粮食增产增收，这是我们夺取全年粮食丰收的信心和底气所在。
越是风高浪急，越要坚定不移办好自己的事。落实粮食生产各项支持政策，端稳端牢粮食饭碗，定能在新征程上应变局、开新局，以农业农村现代化更好造福人民。","# 铆足干劲，力争全年粮食丰收（今日谈）

> 桂从路《人民日报》（2026年06月25日第 02 版）

“保障粮食等重要农产品稳定供给是农业生产的重中之重。”“三夏”生产的关键时期，习近平总书记来到山东德州考察调研，对确保粮食等重要农产品稳定供给提出明确要求，强调“力争全年粮食丰收”。

粮稳天下安。我国粮食生产之所以能够连年丰收、总产量连续2年突破1.4万亿斤，关键在于始终把粮食安全作为治国理政的头等大事，坚持产量产能、生产生态、增产增收一起抓，牢牢掌握粮食安全主动权。

当前夏粮丰收已成定局，为全年粮食稳产保供打下坚实基础。从落实抗湿播种和晚播应变技术，到推广优质良种、推动大面积提升单产，再到农机装备迭代升级、跨省收割烘干作业高效协同……科技赋能、政策兜底，全方位全链条保障粮食增产增收，这是我们夺取全年粮食丰收的信心和底气所在。

越是风高浪急，越要坚定不移办好自己的事。落实粮食生产各项支持政策，端稳端牢粮食饭碗，定能在新征程上应变局、开新局，以农业农村现代化更好造福人民。",桂从路,要闻,,https://paper.people.com.cn/rmrb/pc/content/202606/25/content_30164765.html,2026-06-25,"['粮食', '丰收', '全年', '增产增收', '生产', '粮食安全', '应变', '力争', '万亿斤', '落实']","“保障粮食等重要农产品稳定供给是农业生产的重中之重。”“三夏”生产的关键时期，习近平总书记来到山东德州考察调研，对确保粮食等重要农产品稳定供给提出明确要求，强调“力争全年粮食丰收”。
粮稳天下安。我国粮食生产之所以能够连年丰收、总产量连续2年突破1.4万亿斤，关键在于始终把粮食安全作为治国理政的头等大事，坚持产量产能、生产生态、增产增收一起抓，牢牢掌握粮食安全主动权。
当前夏粮丰收已成定局，为全年粮食稳产保供打下坚实基础。从落实抗湿播种和晚播应变技术，到推广优质良种、推动大面积提升单产，再到农机装备迭代升级、跨省收割烘干作业高效协同……科技赋能、政策兜底，全方位全链条保障粮食增产增收，这是我们夺取全年粮食丰收的信心和底气所在。",政治,,,[],data/vault/2026/06/2026-06-25/02-要闻/铆足干劲，力争全年粮食丰收（今日谈）.md,02,要闻
创新赋能  开放共赢,"6月23日至25日，2026年夏季达沃斯论坛在辽宁大连举行。来自全球政商学界的代表齐聚一堂，围绕经济复苏、能源转型、AI（人工智能）、开放合作等主题激荡思想、深入交流。“中国机遇”成为论坛高频词，与会嘉宾一致认为中国持续为世界经济注入动能，创新驱动、开放共赢的发展共识正在凝聚。
中国持续发挥世界经济稳定锚作用
当前，地缘政治因素持续冲击世界经济，全球发展面临的不确定性上升。与会嘉宾认为，坚持开放创新的中国为全球提供了珍贵的稳定性，呼吁摒弃零和思维，依托多边平台深化互利合作。
世界经济论坛总裁兼首席执行官阿洛伊斯·茨温吉表示，本届论坛的举办正值全球深刻变革之际，中国作用至关重要。中国是全球经济的重要引擎，是制造与创新中心，也是技术进步与国际合作的重要贡献者。中国市场的规模、工业体系的实力以及企业家的活力，不仅关乎中国，也影响着世界。
“中国政府不断推出政策红利，坚持高水平对外开放，是为数不多能够持续提供稳定预期和可靠营商环境的经济体。”世界知识产权组织首席经济学家卡斯滕·芬克表示，“中国近年来的创新活动表现突出，不断涌现的创新企业和实践令人印象深刻。中国的稳定增长不仅有利于自身，更将持续发挥对世界经济的提振作用。”
“中国经济的转型增长令人赞叹。”非洲金融公司总裁兼首席执行官萨迈拉·祖拜鲁表示，希望通过本届论坛学习中国经验，推动非洲作出科学规划，让创新真正落地、形成规模，实现发展和繁荣。
“保护主义是一种非常机械的零和思维，对于各国来说成本高昂。我们应该秉持更具建设性的态度开展工作。”澳大利亚新南威尔士大学国际政治经济学教授兼绿色能源治理项目主任伊丽莎白·索伯恩说。
“通过夏季达沃斯论坛，多国政要、企业、国际组织、研究机构等各方代表进行深入对话交流，形成更多共识、传递正能量。”霍尼韦尔大中华区总裁余锋表示。
中国规模化创新惠及世界各地
大连国际会议中心一楼大厅内，科技与艺术的交融之美扑面而来。沉浸式展览“科技与人类系统”聚焦人机交互、智能感知、数字创新等热门技术，将本届论坛“规模化创新”的主题化作触手可及的体验。
论坛期间，世界经济论坛与瑞士前沿出版社联合发布《2026年十大新兴技术》报告，万物互联电网、直接提锂技术、量子模拟药物发现等入选，中国绿色创新获国际社会高度认可。前沿出版社首席执行总编范洺菘表示：“中国向全球提供了70%的风电设备、80%的光伏组件设备，推动全球风电和光伏发电成本分别下降超过60%和80%，绿色发展模式惠及全球。”
世界经济论坛执行董事兼首席技术官马思远表示，每项技术不仅有潜力为各自领域带来深远改变，当它们汇聚在一起时，揭示了宏大的技术创新趋势，为应对气候变化、粮食安全等全球性挑战提供思路。
AI话题备受关注，从为宏观经济赋能到产业落地边界，相关讨论贯穿多场分论坛。与会嘉宾深入探讨AI如何驱动新一轮经济增长、女性科技人才如何在AI浪潮中发挥更大价值，以及企业在推进“AI优先”战略时如何平衡技术伦理与商业效率等，为全球AI治理与创新发展提供思想养分。
爱立信全球高级副总裁、东北亚区总裁蓝尚立表示，AI正在融入实体经济，将成为全球经济发展的重要引擎。中国具备超大规模市场、完备的产业链与领先的通信基础设施，催生了机器人集群、无人机应用等活跃场景，有条件快速实现AI实体化落地。
“中国有‘光伏羊’模式，也许澳大利亚也可以有‘光伏袋鼠’！”澳大利亚国立大学控制论学院院长凯瑟琳·丹尼尔对本报记者说，中国因地制宜的发展模式值得澳大利亚借鉴，“中国新能源汽车、储能电池、光伏产业体量全球领先，在电气化、低碳转型、环境治理领域拥有巨大发展机遇，完全有条件打造成熟的可再生能源综合体系。”
“真正的繁荣不可能孤立发生。”专注于跨境支付技术的新加坡易付达公司副总经理克洛伊·马约诺表示，全球增长依赖于合作和互联互通。“中国在移动支付领域拥有巨大优势，公司将继续加大在中国投资，通过与本地合作伙伴紧密合作，建立开放互联的区域网络，以全球合作推动经济增长。”
阿曼国际发展投资公司风险与信息管理部经理尼卜拉斯·阿姆里认为，提供创新技术是中国为全球经济作出的重要贡献之一，“阿曼乐于与中国开展更多合作”。
首次到访中国的印度赋能协会联合创始人、首席执行官迪佩什·苏塔里亚希望通过论坛了解规模化创新，以帮助残障人士更好融入社会。苏塔里亚表示：“中国的AI技术发展很快，有些产品可以用于改善残障人士生活质量，对我启发很大。夏季达沃斯论坛让我看到了包容性发展的人文关怀。”
“十五五”发展蓝图带来全球性机遇
多场分论坛主题聚焦中国中长期发展蓝图，中外企业家、机构代表围绕中国“十五五”规划纲要、新质生产力、高质量共建“一带一路”等话题，从产业投资、跨国合作、区域发展等维度解读中国高质量发展带来的全球性机遇。
毕马威中国区主席邹俊表示，中国“十五五”规划纲要擘画了中国经济向新向强新蓝图，为行业创新发展指明方向，也为全球企业在不确定性中寻求产业发展提供了依托。“毕马威将立足中国经济长期发展战略，深耕创新沃土，为产业高质量发展持续赋能。”
余锋表示，中国“十五五”规划纲要聚焦高质量发展，重点发展新质生产力和绿色经济，推动国家在数据中心、半导体、生命科学、能源转型等方面的规模化创新，为在华跨国企业开辟新赛道。
“中国正立于全球前沿技术变革的潮头，这得益于中国庞大的市场、持续的研发储备以及规模化应用、创新活力、供应链韧性等多维度潜力。”蓝尚立说，中国“十五五”规划纲要大力推动5G—A、6G、算网融合等产业，这将持续推动产业数智升级，为中国高质量发展筑牢数字底座。
“高质量共建‘一带一路’对于哈萨克斯坦来说不仅意味着机遇，更意味着进一步深化国际伙伴关系，增强互信。”哈萨克斯坦总理别克捷诺夫强调，历史的成功经验表明，只有保持开放才能实现增长。
几内亚总理乌里·巴表示，近年来，中国杂交水稻技术扎根几内亚，正在帮助几内亚民众战胜饥饿。他希望几中两国加强技术合作，助力当地农业可持续发展。
“我在电视上看到，中国的机器人能跑马拉松！”南非国家电力公司董事会成员巴贾布利莱·察巴拉拉表示，中国在机器人等前沿科技领域展现出强大实力，中国企业作为重要合作伙伴深度参与南非通信建设，中国品牌电动汽车也已进入南非市场。期待更多中国制造业落地南非，实现本地化生产，推动非洲工业化进程。
（本报记者龚鸣参与采写）","### 2026年夏季达沃斯论坛上各界热议“中国机遇”——

# 创新赋能  开放共赢

> 本报记者  黄发红  李  琰  胡婧怡  王  迪《人民日报》（2026年06月25日第 03 版）

6月23日至25日，2026年夏季达沃斯论坛在辽宁大连举行。来自全球政商学界的代表齐聚一堂，围绕经济复苏、能源转型、AI（人工智能）、开放合作等主题激荡思想、深入交流。“中国机遇”成为论坛高频词，与会嘉宾一致认为中国持续为世界经济注入动能，创新驱动、开放共赢的发展共识正在凝聚。

**中国持续发挥世界经济稳定锚作用**

当前，地缘政治因素持续冲击世界经济，全球发展面临的不确定性上升。与会嘉宾认为，坚持开放创新的中国为全球提供了珍贵的稳定性，呼吁摒弃零和思维，依托多边平台深化互利合作。

世界经济论坛总裁兼首席执行官阿洛伊斯·茨温吉表示，本届论坛的举办正值全球深刻变革之际，中国作用至关重要。中国是全球经济的重要引擎，是制造与创新中心，也是技术进步与国际合作的重要贡献者。中国市场的规模、工业体系的实力以及企业家的活力，不仅关乎中国，也影响着世界。

“中国政府不断推出政策红利，坚持高水平对外开放，是为数不多能够持续提供稳定预期和可靠营商环境的经济体。”世界知识产权组织首席经济学家卡斯滕·芬克表示，“中国近年来的创新活动表现突出，不断涌现的创新企业和实践令人印象深刻。中国的稳定增长不仅有利于自身，更将持续发挥对世界经济的提振作用。”

“中国经济的转型增长令人赞叹。”非洲金融公司总裁兼首席执行官萨迈拉·祖拜鲁表示，希望通过本届论坛学习中国经验，推动非洲作出科学规划，让创新真正落地、形成规模，实现发展和繁荣。

“保护主义是一种非常机械的零和思维，对于各国来说成本高昂。我们应该秉持更具建设性的态度开展工作。”澳大利亚新南威尔士大学国际政治经济学教授兼绿色能源治理项目主任伊丽莎白·索伯恩说。

“通过夏季达沃斯论坛，多国政要、企业、国际组织、研究机构等各方代表进行深入对话交流，形成更多共识、传递正能量。”霍尼韦尔大中华区总裁余锋表示。

**中国规模化创新惠及世界各地**

大连国际会议中心一楼大厅内，科技与艺术的交融之美扑面而来。沉浸式展览“科技与人类系统”聚焦人机交互、智能感知、数字创新等热门技术，将本届论坛“规模化创新”的主题化作触手可及的体验。

论坛期间，世界经济论坛与瑞士前沿出版社联合发布《2026年十大新兴技术》报告，万物互联电网、直接提锂技术、量子模拟药物发现等入选，中国绿色创新获国际社会高度认可。前沿出版社首席执行总编范洺菘表示：“中国向全球提供了70%的风电设备、80%的光伏组件设备，推动全球风电和光伏发电成本分别下降超过60%和80%，绿色发展模式惠及全球。”

世界经济论坛执行董事兼首席技术官马思远表示，每项技术不仅有潜力为各自领域带来深远改变，当它们汇聚在一起时，揭示了宏大的技术创新趋势，为应对气候变化、粮食安全等全球性挑战提供思路。

AI话题备受关注，从为宏观经济赋能到产业落地边界，相关讨论贯穿多场分论坛。与会嘉宾深入探讨AI如何驱动新一轮经济增长、女性科技人才如何在AI浪潮中发挥更大价值，以及企业在推进“AI优先”战略时如何平衡技术伦理与商业效率等，为全球AI治理与创新发展提供思想养分。

爱立信全球高级副总裁、东北亚区总裁蓝尚立表示，AI正在融入实体经济，将成为全球经济发展的重要引擎。中国具备超大规模市场、完备的产业链与领先的通信基础设施，催生了机器人集群、无人机应用等活跃场景，有条件快速实现AI实体化落地。

“中国有‘光伏羊’模式，也许澳大利亚也可以有‘光伏袋鼠’！”澳大利亚国立大学控制论学院院长凯瑟琳·丹尼尔对本报记者说，中国因地制宜的发展模式值得澳大利亚借鉴，“中国新能源汽车、储能电池、光伏产业体量全球领先，在电气化、低碳转型、环境治理领域拥有巨大发展机遇，完全有条件打造成熟的可再生能源综合体系。”

“真正的繁荣不可能孤立发生。”专注于跨境支付技术的新加坡易付达公司副总经理克洛伊·马约诺表示，全球增长依赖于合作和互联互通。“中国在移动支付领域拥有巨大优势，公司将继续加大在中国投资，通过与本地合作伙伴紧密合作，建立开放互联的区域网络，以全球合作推动经济增长。”

阿曼国际发展投资公司风险与信息管理部经理尼卜拉斯·阿姆里认为，提供创新技术是中国为全球经济作出的重要贡献之一，“阿曼乐于与中国开展更多合作”。

首次到访中国的印度赋能协会联合创始人、首席执行官迪佩什·苏塔里亚希望通过论坛了解规模化创新，以帮助残障人士更好融入社会。苏塔里亚表示：“中国的AI技术发展很快，有些产品可以用于改善残障人士生活质量，对我启发很大。夏季达沃斯论坛让我看到了包容性发展的人文关怀。”

**“十五五”发展蓝图带来全球性机遇**

多场分论坛主题聚焦中国中长期发展蓝图，中外企业家、机构代表围绕中国“十五五”规划纲要、新质生产力、高质量共建“一带一路”等话题，从产业投资、跨国合作、区域发展等维度解读中国高质量发展带来的全球性机遇。

毕马威中国区主席邹俊表示，中国“十五五”规划纲要擘画了中国经济向新向强新蓝图，为行业创新发展指明方向，也为全球企业在不确定性中寻求产业发展提供了依托。“毕马威将立足中国经济长期发展战略，深耕创新沃土，为产业高质量发展持续赋能。”

余锋表示，中国“十五五”规划纲要聚焦高质量发展，重点发展新质生产力和绿色经济，推动国家在数据中心、半导体、生命科学、能源转型等方面的规模化创新，为在华跨国企业开辟新赛道。

“中国正立于全球前沿技术变革的潮头，这得益于中国庞大的市场、持续的研发储备以及规模化应用、创新活力、供应链韧性等多维度潜力。”蓝尚立说，中国“十五五”规划纲要大力推动5G—A、6G、算网融合等产业，这将持续推动产业数智升级，为中国高质量发展筑牢数字底座。

“高质量共建‘一带一路’对于哈萨克斯坦来说不仅意味着机遇，更意味着进一步深化国际伙伴关系，增强互信。”哈萨克斯坦总理别克捷诺夫强调，历史的成功经验表明，只有保持开放才能实现增长。

几内亚总理乌里·巴表示，近年来，中国杂交水稻技术扎根几内亚，正在帮助几内亚民众战胜饥饿。他希望几中两国加强技术合作，助力当地农业可持续发展。

“我在电视上看到，中国的机器人能跑马拉松！”南非国家电力公司董事会成员巴贾布利莱·察巴拉拉表示，中国在机器人等前沿科技领域展现出强大实力，中国企业作为重要合作伙伴深度参与南非通信建设，中国品牌电动汽车也已进入南非市场。期待更多中国制造业落地南非，实现本地化生产，推动非洲工业化进程。

（本报记者龚鸣参与采写）",黄发红  李  琰  胡婧怡  王  迪,要闻,,https://paper.people.com.cn/rmrb/pc/content/202606/25/content_30164766.html,2026-06-25,"['中国', 'AI', '创新', '论坛', '全球', '发展', '经济', '技术', '高质量', '表示']","6月23日至25日，2026年夏季达沃斯论坛在辽宁大连举行。来自全球政商学界的代表齐聚一堂，围绕经济复苏、能源转型、AI（人工智能）、开放合作等主题激荡思想、深入交流。“中国机遇”成为论坛高频词，与会嘉宾一致认为中国持续为世界经济注入动能，创新驱动、开放共赢的发展共识正在凝聚。
中国持续发挥世界经济稳定锚作用
当前，地缘政治因素持续冲击世界经济，全球发展面临的不确定性上升。与会嘉宾认为，坚持开放创新的中国为全球提供了珍贵的稳定性，呼吁摒弃零和思维，依托多边平台深化互利合作。",政治,,,[],data/vault/2026/06/2026-06-25/03-要闻/创新赋能 开放共赢.md,03,要闻
提出“建设有中国特色的社会主义”（伟大征程）,"观众参观浙江温州博物馆，了解改革开放后温州民营经济发展历程。陈真健摄
观众参观浙江温州博物馆，了解改革开放后温州民营经济发展历程。
陈真健摄
庄严的人民大会堂，见证过无数重要历史时刻。1982年9月1日至11日，中国共产党第十二次全国代表大会在此召开。
这是进入改革开放和社会主义现代化建设新时期后中国共产党召开的第一次全国代表大会，肩负历史使命：通过对过去六年历史性胜利的总结，为进一步肃清“文化大革命”遗留的消极后果，全面开创社会主义现代化建设新局面，确定继续前进的正确道路、战略步骤和方针政策。
习近平总书记指出：“邓小平同志紧紧抓住‘什么是社会主义、怎样建设社会主义’这个基本问题，响亮提出‘走自己的道路，建设有中国特色的社会主义’的伟大号召，领导我们党在新中国成立以来革命和建设实践的基础上，成功走出了一条中国特色社会主义新道路。”
党的十二大明确提出“建设有中国特色的社会主义”的重大命题，回答了进入新时期后中国走什么样的道路这一人们最为关心的重大问题，成为指引新时期改革开放和社会主义现代化建设的伟大旗帜。
这次大会后，小康一词迅速传播开来。党的十二大报告提出：“从一九八一年到本世纪末的二十年，我国经济建设总的奋斗目标是，在不断提高经济效益的前提下，力争使全国工农业的年总产值翻两番……人民的物质文化生活可以达到小康水平。”
这是党的全国代表大会首次使用小康概念。小康战略目标契合人民群众对日子越过越好的期盼，备受社会各界关注。
大会带来的信心不止于此。大会提出了“把党建设成为领导社会主义现代化事业的坚强核心”的目标，通过了新党章。新党章清除了党的十一大党章中“左”的错误，继承和发展了党的七大、八大党章的优点。自这次大会起，党的全国代表大会每五年召开一次，实现了制度化。
党的十二大以后，经济体制改革全面展开，家庭联产承包责任制普遍推行，乡镇企业异军突起，城市改革深度拓展……历史的发展，充分证明了党的十二大在党的历史上的重要地位：改革开放由此全面展开，社会主义现代化建设出现新的局面。
一张股票见证变迁。在中国共产党历史展览馆党的十二大展区，一张上海飞乐音响股票吸引参观者目光。1984年11月，上海飞乐音响公司向本企业和社会公开发行股票，成为改革开放后上海第一家试行股份制经营的股份有限公司。1986年11月，邓小平同志把新中国“第一股”赠送给访华的美国客人。同年12月，国务院启动股份制试点。
一座城市长出活力。在浙江温州市，1985年全市登记发证的个体工商户超过13万，家庭作坊遍地开花。温州生产的皮鞋、眼镜等商品开始走向全国、走向世界，同时也成长起一批企业家。温州是这一时期我国个体及其他非公有制经济发展最迅速、最具活力的城市之一。
党的十二大以后，对外开放迈出新步伐。1984年初，邓小平同志先后视察深圳、珠海、厦门经济特区，并为经济特区题词。邓小平同志的南方之行和对特区的肯定，使对外开放迎来了新的机遇。到1987年，全国累计签订利用外资协议（合同）项目10350项，其中外商直接投资等达257.73亿美元。对外开放成为我国经济社会发展的重要推动力。
如今，中华大地全面建成了小康社会，当时人们心心念念的“翻两番”目标也早已实现。一路走来，历史清晰表明：坚持和发展中国特色社会主义是一个伟大的历史进程。
习近平总书记指出：“中国特色社会主义道路是当代中国大踏步赶上时代、引领时代发展的康庄大道，必须毫不动摇走下去。”
新征程上，我们必须始终高举中国特色社会主义伟大旗帜，勇往直前、开拓进取，不断创造中国特色社会主义新的辉煌。","# 提出“建设有中国特色的社会主义”（伟大征程）

> 本报记者  魏哲哲《人民日报》（2026年06月25日第 04 版）

观众参观浙江温州博物馆，了解改革开放后温州民营经济发展历程。　　陈真健摄

观众参观浙江温州博物馆，了解改革开放后温州民营经济发展历程。

陈真健摄

庄严的人民大会堂，见证过无数重要历史时刻。1982年9月1日至11日，中国共产党第十二次全国代表大会在此召开。

这是进入改革开放和社会主义现代化建设新时期后中国共产党召开的第一次全国代表大会，肩负历史使命：通过对过去六年历史性胜利的总结，为进一步肃清“文化大革命”遗留的消极后果，全面开创社会主义现代化建设新局面，确定继续前进的正确道路、战略步骤和方针政策。

习近平总书记指出：“邓小平同志紧紧抓住‘什么是社会主义、怎样建设社会主义’这个基本问题，响亮提出‘走自己的道路，建设有中国特色的社会主义’的伟大号召，领导我们党在新中国成立以来革命和建设实践的基础上，成功走出了一条中国特色社会主义新道路。”

党的十二大明确提出“建设有中国特色的社会主义”的重大命题，回答了进入新时期后中国走什么样的道路这一人们最为关心的重大问题，成为指引新时期改革开放和社会主义现代化建设的伟大旗帜。

这次大会后，小康一词迅速传播开来。党的十二大报告提出：“从一九八一年到本世纪末的二十年，我国经济建设总的奋斗目标是，在不断提高经济效益的前提下，力争使全国工农业的年总产值翻两番……人民的物质文化生活可以达到小康水平。”

这是党的全国代表大会首次使用小康概念。小康战略目标契合人民群众对日子越过越好的期盼，备受社会各界关注。

大会带来的信心不止于此。大会提出了“把党建设成为领导社会主义现代化事业的坚强核心”的目标，通过了新党章。新党章清除了党的十一大党章中“左”的错误，继承和发展了党的七大、八大党章的优点。自这次大会起，党的全国代表大会每五年召开一次，实现了制度化。

党的十二大以后，经济体制改革全面展开，家庭联产承包责任制普遍推行，乡镇企业异军突起，城市改革深度拓展……历史的发展，充分证明了党的十二大在党的历史上的重要地位：改革开放由此全面展开，社会主义现代化建设出现新的局面。

一张股票见证变迁。在中国共产党历史展览馆党的十二大展区，一张上海飞乐音响股票吸引参观者目光。1984年11月，上海飞乐音响公司向本企业和社会公开发行股票，成为改革开放后上海第一家试行股份制经营的股份有限公司。1986年11月，邓小平同志把新中国“第一股”赠送给访华的美国客人。同年12月，国务院启动股份制试点。

一座城市长出活力。在浙江温州市，1985年全市登记发证的个体工商户超过13万，家庭作坊遍地开花。温州生产的皮鞋、眼镜等商品开始走向全国、走向世界，同时也成长起一批企业家。温州是这一时期我国个体及其他非公有制经济发展最迅速、最具活力的城市之一。

党的十二大以后，对外开放迈出新步伐。1984年初，邓小平同志先后视察深圳、珠海、厦门经济特区，并为经济特区题词。邓小平同志的南方之行和对特区的肯定，使对外开放迎来了新的机遇。到1987年，全国累计签订利用外资协议（合同）项目10350项，其中外商直接投资等达257.73亿美元。对外开放成为我国经济社会发展的重要推动力。

如今，中华大地全面建成了小康社会，当时人们心心念念的“翻两番”目标也早已实现。一路走来，历史清晰表明：坚持和发展中国特色社会主义是一个伟大的历史进程。

习近平总书记指出：“中国特色社会主义道路是当代中国大踏步赶上时代、引领时代发展的康庄大道，必须毫不动摇走下去。”

新征程上，我们必须始终高举中国特色社会主义伟大旗帜，勇往直前、开拓进取，不断创造中国特色社会主义新的辉煌。",魏哲哲,要闻,,https://paper.people.com.cn/rmrb/pc/content/202606/25/content_30164776.html,2026-06-25,"['社会主义', '十二大', '建设', '特色', '温州', '改革开放', '中国', '11', '现代化', '全国代表大会']","观众参观浙江温州博物馆，了解改革开放后温州民营经济发展历程。陈真健摄
观众参观浙江温州博物馆，了解改革开放后温州民营经济发展历程。
陈真健摄",政治,,,[],data/vault/2026/06/2026-06-25/04-要闻/提出“建设有中国特色的社会主义”（伟大征程）.md,04,要闻
石旮旯长出致富果（党旗在基层一线高高飘扬）,"山上，灰白色石块棱角分明，石窝里积着红土。一株株仙人掌从石头缝中挤出来，生机勃勃。“仙人掌产业，成了我们的致富产业。”云南省文山市新平街道红旗社区庄子田党支部书记鲁春红说。
庄子田居民小组所在地是典型的喀斯特石漠化山区，人均耕地少，外出务工的青壮年一度占七成。2021年，文山市所在的文山壮族苗族自治州大力实施“归雁工程”。身为致富能手的老党员鲁春红，被选为庄子田党支部书记。他暗下决心，要发挥好党组织的凝聚力和战斗力，带领乡亲们闯出一条新路。
鲁春红带领党员队伍前往老山烈士陵园等地，重温入党誓词。“我们要想清楚，到底什么是党员，党员应该做什么。”他动情地对大家说。
鲁春红将辖区划分为8个网格，由8名年轻党员担任网格员，既负责解决难题，也带着大家干事。“一人之力不如党员合力。”鲁春红明白，要让村民感受到党支部在行动，才能团结一致谋发展。
一次村组开会，大家又讨论起如何发展产业。“咱们村有种植仙人掌的历史，不如推广这个！”“全村都种，到时候卖给谁？”大家七嘴八舌地讨论着。鲁春红认真倾听和思考，并带领骨干党员深入调研、反复论证，最终敲定了种植仙人掌并规模化发展的路子。
“种植上了规模，不管是种苗、肥料，还是技术提升、统一外销，都能降本增效。”鲁春红说。2021年当年，庄子田成立村集体公司，村民以土地入股，不仅成了股东，还应聘为公司员工和种植技术员。
产业要发展，还得先修路。鲁春红家的七分田靠近村口，旁边是入村的车道。为了方便运输车辆进出，他带头把田地让了出来。
山里要修产业路，有村民并不支持：“你们修路，占了我家的田！”年轻党员王云喜好言劝说：“咱们把路修好，您家拉肥料也方便。再说，村里产业做大了，大家都有‘肉’吃嘛。”
做通了老乡的思想工作，干群一齐发力，搬石头、平路面。最终，5条产业路在半年之内全部修通。
2022年，庄子田规模化种植的仙人掌第一次挂果，就交出了260吨的成绩单。到2025年底，全组仙人掌种植面积扩大至5000余亩，目前进入挂果期的仙人掌田有1000多亩。
扩大种植规模，底气在于提前打通销路。鲁春红介绍，村里推行统一规划、统一种苗、统一技术、统一购销、统一收益分配的“五统一”管理模式。一开始，村里在文山市设点卖果，后来引进专业运营公司，联合科研团队研发深加工产品，销路越来越广。
在党组织带动下，村民张家萍自2022年起种了10多亩仙人掌。今年，仙人掌已进入挂果期。“种得好，一亩能赚2万多元。”张家萍说，党组织带头干，村里统一采购，“能卖个好价格，还不担心销路，心里踏实多了。”
2025年，庄子田仙人掌产业初级农产品销售收入达到1500万元，二次分配机制运转有序：村集体公司每年的利润里，50%返给土地入股群众，30%由全体村民共享，20%投入村内公益事业，用产业收益反哺乡村绿化美化等建设。
如今的庄子田，青石板路干净整洁，家家户户推窗见景。村里正着力推动“仙人掌+乡村旅游”融合发展，建设仙人掌采摘园等乡村旅游打卡地，并开展科普研学活动。“我们要继续发挥党组织的带动作用，让致富果深深扎根，带着乡亲们奔向更好的日子。”鲁春红说。","### 云南省文山市红旗社区庄子田党支部——

# 石旮旯长出致富果（党旗在基层一线高高飘扬）

> 本报记者  张  驰《人民日报》（2026年06月25日第 04 版）

山上，灰白色石块棱角分明，石窝里积着红土。一株株仙人掌从石头缝中挤出来，生机勃勃。“仙人掌产业，成了我们的致富产业。”云南省文山市新平街道红旗社区庄子田党支部书记鲁春红说。

庄子田居民小组所在地是典型的喀斯特石漠化山区，人均耕地少，外出务工的青壮年一度占七成。2021年，文山市所在的文山壮族苗族自治州大力实施“归雁工程”。身为致富能手的老党员鲁春红，被选为庄子田党支部书记。他暗下决心，要发挥好党组织的凝聚力和战斗力，带领乡亲们闯出一条新路。

鲁春红带领党员队伍前往老山烈士陵园等地，重温入党誓词。“我们要想清楚，到底什么是党员，党员应该做什么。”他动情地对大家说。

鲁春红将辖区划分为8个网格，由8名年轻党员担任网格员，既负责解决难题，也带着大家干事。“一人之力不如党员合力。”鲁春红明白，要让村民感受到党支部在行动，才能团结一致谋发展。

一次村组开会，大家又讨论起如何发展产业。“咱们村有种植仙人掌的历史，不如推广这个！”“全村都种，到时候卖给谁？”大家七嘴八舌地讨论着。鲁春红认真倾听和思考，并带领骨干党员深入调研、反复论证，最终敲定了种植仙人掌并规模化发展的路子。

“种植上了规模，不管是种苗、肥料，还是技术提升、统一外销，都能降本增效。”鲁春红说。2021年当年，庄子田成立村集体公司，村民以土地入股，不仅成了股东，还应聘为公司员工和种植技术员。

产业要发展，还得先修路。鲁春红家的七分田靠近村口，旁边是入村的车道。为了方便运输车辆进出，他带头把田地让了出来。

山里要修产业路，有村民并不支持：“你们修路，占了我家的田！”年轻党员王云喜好言劝说：“咱们把路修好，您家拉肥料也方便。再说，村里产业做大了，大家都有‘肉’吃嘛。”

做通了老乡的思想工作，干群一齐发力，搬石头、平路面。最终，5条产业路在半年之内全部修通。

2022年，庄子田规模化种植的仙人掌第一次挂果，就交出了260吨的成绩单。到2025年底，全组仙人掌种植面积扩大至5000余亩，目前进入挂果期的仙人掌田有1000多亩。

扩大种植规模，底气在于提前打通销路。鲁春红介绍，村里推行统一规划、统一种苗、统一技术、统一购销、统一收益分配的“五统一”管理模式。一开始，村里在文山市设点卖果，后来引进专业运营公司，联合科研团队研发深加工产品，销路越来越广。

在党组织带动下，村民张家萍自2022年起种了10多亩仙人掌。今年，仙人掌已进入挂果期。“种得好，一亩能赚2万多元。”张家萍说，党组织带头干，村里统一采购，“能卖个好价格，还不担心销路，心里踏实多了。”

2025年，庄子田仙人掌产业初级农产品销售收入达到1500万元，二次分配机制运转有序：村集体公司每年的利润里，50%返给土地入股群众，30%由全体村民共享，20%投入村内公益事业，用产业收益反哺乡村绿化美化等建设。

如今的庄子田，青石板路干净整洁，家家户户推窗见景。村里正着力推动“仙人掌+乡村旅游”融合发展，建设仙人掌采摘园等乡村旅游打卡地，并开展科普研学活动。“我们要继续发挥党组织的带动作用，让致富果深深扎根，带着乡亲们奔向更好的日子。”鲁春红说。",张  驰,要闻,,https://paper.people.com.cn/rmrb/pc/content/202606/25/content_30164778.html,2026-06-25,"['仙人掌', '鲁春红', '庄子', '党员', '产业', '种植', '统一', '挂果', '村民', '致富']","山上，灰白色石块棱角分明，石窝里积着红土。一株株仙人掌从石头缝中挤出来，生机勃勃。“仙人掌产业，成了我们的致富产业。”云南省文山市新平街道红旗社区庄子田党支部书记鲁春红说。
庄子田居民小组所在地是典型的喀斯特石漠化山区，人均耕地少，外出务工的青壮年一度占七成。2021年，文山市所在的文山壮族苗族自治州大力实施“归雁工程”。身为致富能手的老党员鲁春红，被选为庄子田党支部书记。他暗下决心，要发挥好党组织的凝聚力和战斗力，带领乡亲们闯出一条新路。
鲁春红带领党员队伍前往老山烈士陵园等地，重温入党誓词。“我们要想清楚，到底什么是党员，党员应该做什么。”他动情地对大家说。",文化,,,[],data/vault/2026/06/2026-06-25/04-要闻/石旮旯长出致富果（党旗在基层一线高高飘扬）.md,04,要闻
从铁的纪律看底气（评论员观察）,"发挥好法规制度根本性作用，让权力始终在阳光下运行，方能为干事创业营造良好环境，让敢干愿干的好风气更加充盈
坚持制度治党、依规治党，厘清权力边界、规范用权全流程，该谁管、管什么、担何责一目了然
海南三亚红塘湾，蓝天、碧海、白沙滩，景美如画。就在一年多前，这片海还有一道巨大“伤疤”：开发项目未批先建，留下19个比篮球场还大的钢圆筒。
从违规填海造地，到心存侥幸规避整改，再到彻底拆除、修复生态、将履行生态环保政治责任情况纳入“一把手”监督清单……红塘湾的新生，见证全面从严治党不断取得新成效。
“我们党历史这么长、规模这么大、执政这么久，如何跳出治乱兴衰的历史周期率？”常怀“赶考”之心，全面从严治党，这是我们党推进中国式现代化必然成功的坚实底气。
抚今追昔，“党要管党、从严治党”贯穿我们党的奋斗史。党的二大通过的第一部党章，规定了党员应遵守的政治纪律和组织纪律，提出了6种开除出党的情形。1926年，《中共中央扩大会议通告——坚决清洗贪污腐化分子》发布，彰显反腐败的态度和决心。党的十八大以来，以习近平同志为核心的党中央以永远在路上的坚韧和执着纵深推进全面从严治党，以雷霆万钧之势开展反腐败斗争，推动党风政风持续向好。
习近平党建思想为加强新时代党的建设提供了根本遵循，对强党强国具有重大现实意义和长远指导意义。持续推动学习贯彻习近平党建思想走深走实，以更高标准、更实举措抓好全面从严治党各项工作，是当前和今后一个时期的一项重要政治任务。
“党和人民事业发展到什么阶段，全面从严治党就要跟进到什么阶段。”“十五五”时期，我国经济社会发展任务更加艰巨、形势更加复杂严峻。深入学习领会习近平党建思想的科学内涵、理论品格、实践基础和理论渊源，不断深化新时代全面从严治党的伟大实践，才能更好把党的领导的政治优势转化为治理效能。
权力是人民赋予的，如何确保始终用来为人民谋幸福？
党内法规体系持续完善，划定红线、明确界限；强化监督问责，深入推进风腐同查同治等举措；抓常、抓细、抓长，让铁规矩长出铁牙齿……党中央持续织密制度笼子，既防“牛栏关猫”之弊，也解“纸笼禁虎”之困，推动党员干部把他律要求转化为内在追求。
发挥好法规制度根本性作用，让权力始终在阳光下运行，方能为干事创业营造良好环境，让敢干愿干的好风气更加充盈。
让权力更好为人民服务，如何强化制度治权、依规用权？
看整治形式主义为基层减负。吉林东辽县朝阳村，过去村干部大把时间花在迎检填表上，如今可以沉下心来干事创业，2025年村集体经营性收入达960万元。
看治理交通堵点。四川成都，住建、城管、公安等多部门建立协同机制，各司其职、同向发力，重点区域拥堵指数下降幅度超过20%。
坚持制度治党、依规治党，厘清权力边界、规范用权全流程，该谁管、管什么、担何责一目了然，不仅减少推诿扯皮，也督促各部门履职尽责。
全面从严治党关系民心向背。一个地方党风政风清新，赢得的是民心和信心。
企业因此而来。某企业有7个选址方案，江苏苏州吴江区从“备选”成为“首选”，政府的高效与诚意是打动企业负责人的关键因素。
人才因此而聚。丰富的支持举措、贴心的公共服务、舒适宜居的城市氛围释放吸引力，2025年贵州贵阳新增人口中，青年占比超60%。
2025年国家统计局调查显示，95.5%的受访群众对中央八项规定精神贯彻成效表示肯定，92.2%的受访群众对党风政风转变带动社会风气好转的效果表示满意。
补贴发放精准高效、生态环境持续向好、行政执法更加规范……全面从严治党护航好政策落到实处，以看得见、摸得着的成效取信于民，凝聚起高质量发展的磅礴力量。
管党治党越有效，经济社会发展的保障就越有力。学习贯彻习近平党建思想，持之以恒正风肃纪反腐，以优良党风引领社风民风，我们定能不惧山高路远，赢得人心、赢得主动、赢得未来。
（本系列评论到此结束）","# 从铁的纪律看底气（评论员观察）

## ——紧握历史接力棒③

> 尹双红《人民日报》（2026年06月25日第 05 版）

发挥好法规制度根本性作用，让权力始终在阳光下运行，方能为干事创业营造良好环境，让敢干愿干的好风气更加充盈

坚持制度治党、依规治党，厘清权力边界、规范用权全流程，该谁管、管什么、担何责一目了然

海南三亚红塘湾，蓝天、碧海、白沙滩，景美如画。就在一年多前，这片海还有一道巨大“伤疤”：开发项目未批先建，留下19个比篮球场还大的钢圆筒。

从违规填海造地，到心存侥幸规避整改，再到彻底拆除、修复生态、将履行生态环保政治责任情况纳入“一把手”监督清单……红塘湾的新生，见证全面从严治党不断取得新成效。

“我们党历史这么长、规模这么大、执政这么久，如何跳出治乱兴衰的历史周期率？”常怀“赶考”之心，全面从严治党，这是我们党推进中国式现代化必然成功的坚实底气。

抚今追昔，“党要管党、从严治党”贯穿我们党的奋斗史。党的二大通过的第一部党章，规定了党员应遵守的政治纪律和组织纪律，提出了6种开除出党的情形。1926年，《中共中央扩大会议通告——坚决清洗贪污腐化分子》发布，彰显反腐败的态度和决心。党的十八大以来，以习近平同志为核心的党中央以永远在路上的坚韧和执着纵深推进全面从严治党，以雷霆万钧之势开展反腐败斗争，推动党风政风持续向好。

习近平党建思想为加强新时代党的建设提供了根本遵循，对强党强国具有重大现实意义和长远指导意义。持续推动学习贯彻习近平党建思想走深走实，以更高标准、更实举措抓好全面从严治党各项工作，是当前和今后一个时期的一项重要政治任务。

“党和人民事业发展到什么阶段，全面从严治党就要跟进到什么阶段。”“十五五”时期，我国经济社会发展任务更加艰巨、形势更加复杂严峻。深入学习领会习近平党建思想的科学内涵、理论品格、实践基础和理论渊源，不断深化新时代全面从严治党的伟大实践，才能更好把党的领导的政治优势转化为治理效能。

权力是人民赋予的，如何确保始终用来为人民谋幸福？

党内法规体系持续完善，划定红线、明确界限；强化监督问责，深入推进风腐同查同治等举措；抓常、抓细、抓长，让铁规矩长出铁牙齿……党中央持续织密制度笼子，既防“牛栏关猫”之弊，也解“纸笼禁虎”之困，推动党员干部把他律要求转化为内在追求。

发挥好法规制度根本性作用，让权力始终在阳光下运行，方能为干事创业营造良好环境，让敢干愿干的好风气更加充盈。

让权力更好为人民服务，如何强化制度治权、依规用权？

看整治形式主义为基层减负。吉林东辽县朝阳村，过去村干部大把时间花在迎检填表上，如今可以沉下心来干事创业，2025年村集体经营性收入达960万元。

看治理交通堵点。四川成都，住建、城管、公安等多部门建立协同机制，各司其职、同向发力，重点区域拥堵指数下降幅度超过20%。

坚持制度治党、依规治党，厘清权力边界、规范用权全流程，该谁管、管什么、担何责一目了然，不仅减少推诿扯皮，也督促各部门履职尽责。

全面从严治党关系民心向背。一个地方党风政风清新，赢得的是民心和信心。

企业因此而来。某企业有7个选址方案，江苏苏州吴江区从“备选”成为“首选”，政府的高效与诚意是打动企业负责人的关键因素。

人才因此而聚。丰富的支持举措、贴心的公共服务、舒适宜居的城市氛围释放吸引力，2025年贵州贵阳新增人口中，青年占比超60%。

2025年国家统计局调查显示，95.5%的受访群众对中央八项规定精神贯彻成效表示肯定，92.2%的受访群众对党风政风转变带动社会风气好转的效果表示满意。

补贴发放精准高效、生态环境持续向好、行政执法更加规范……全面从严治党护航好政策落到实处，以看得见、摸得着的成效取信于民，凝聚起高质量发展的磅礴力量。

管党治党越有效，经济社会发展的保障就越有力。学习贯彻习近平党建思想，持之以恒正风肃纪反腐，以优良党风引领社风民风，我们定能不惧山高路远，赢得人心、赢得主动、赢得未来。

（本系列评论到此结束）",尹双红,评论,,https://paper.people.com.cn/rmrb/pc/content/202606/25/content_30164780.html,2026-06-25,"['从严治党', '治党', '习近平', '全面', '党风', '党建', '权力', '用权', '依规', '2025']","发挥好法规制度根本性作用，让权力始终在阳光下运行，方能为干事创业营造良好环境，让敢干愿干的好风气更加充盈
坚持制度治党、依规治党，厘清权力边界、规范用权全流程，该谁管、管什么、担何责一目了然
海南三亚红塘湾，蓝天、碧海、白沙滩，景美如画。就在一年多前，这片海还有一道巨大“伤疤”：开发项目未批先建，留下19个比篮球场还大的钢圆筒。",政治,,,[],data/vault/2026/06/2026-06-25/05-评论/从铁的纪律看底气（评论员观察）.md,05,评论
为市场“新陈代谢”主动清障（人民时评）,"经营主体退出制度，是现代化经济体系的重要组成部分。当前，要素市场化改革持续深化，要求我们加快推进企业注销配套改革，完善企业退出制度
让“僵尸企业”退出市场，一直是个难题。如今，解决这一棘手问题有了新抓手。不久前，市场监管总局选取北京、河北、江苏等7省（市）开展由登记机关向人民法院申请强制清算试点工作。
这一新举措，源于修订后的公司法专门增加的一项规定，有关部门或者公司登记机关可以作为申请人向人民法院申请清算。这不只是让“僵尸企业”的退出多了一种方式，而且大大增强了治理的主动性。
以往，那些经营异常的企业，主要由公司股东、债权人等利害关系人向人民法院申请强制清算。由于这样的企业往往没有多少财产可供清偿，债权人推动强制清算的收益不大。退出市场需要完成清算、还债、销户等多个步骤，企业主动退出的动力也不足。此外，也有些地方担心企业退出带来不良影响，会对“僵尸企业”进行“输血”。多种原因交织，导致市场难以真正实现优胜劣汰。
打破这样的不良循环，必须找准症结、精准发力。此次市场监管总局开展强制清算试点，正是抓住申请主体这一关键环节，由登记机关主动作为，为市场“新陈代谢”清除障碍。登记机关作为申请主体，可以更好整合多部门数据，提供更完整的证据链，缩短强制清算工作的周期，节约宝贵的行政和司法资源。比如，江苏构建经营异常企业公益强制清算退出的常态化机制，截至今年5月底，共办理公益强制清算注销登记1.8万余件。
强制清算“僵尸企业”，并非单纯的司法或行政问题，而是涉及提升政府效能、优化要素配置的系统工程。清退的目的，是让土地、劳动力等生产要素重新流动起来，配置到更有活力的新产业、新业态中去。因此，必须同步完善资产处置、职工安置、债务化解等配套机制。
此外，强制清算之前，应做好“帮扶疏导”，提升企业自主退出的便利度。比如，今年前5个月，北京通过简易注销程序退出市场的企业占注销企业总数的64.95%。把破与立、退与进统筹起来，才能让市场上的无效供给尽快出清，为高质量发展腾出宝贵的空间。
企业退出市场，会造成广泛的经济社会影响，主动积极作为、增强制度刚性的同时，必须做好精准识别，进行分类处置。比如，四川内江市在开展经营异常企业公益清算试点的过程中，建立起“诊疗式”分级分类挽救与处置机制：对有潜在风险的“未病”企业提前预警，对有经营隐患的“小毛病”企业精准帮扶，对患有“大病”的企业通过庭外重组、预重整、司法重整等方式救治，对“病入膏肓”的“僵尸企业”通过公益清算引导有序退出。
经营主体退出制度，是现代化经济体系的重要组成部分。当前，要素市场化改革持续深化，要求我们加快推进企业注销配套改革，完善企业退出制度。更好发挥市场优胜劣汰作用，促进更多资源向高效领域集聚，方能以高水平社会主义市场经济体制建设，激活高质量发展的澎湃动力。","# 为市场“新陈代谢”主动清障（人民时评）

> 林丽鹂《人民日报》（2026年06月25日第 05 版）

经营主体退出制度，是现代化经济体系的重要组成部分。当前，要素市场化改革持续深化，要求我们加快推进企业注销配套改革，完善企业退出制度

让“僵尸企业”退出市场，一直是个难题。如今，解决这一棘手问题有了新抓手。不久前，市场监管总局选取北京、河北、江苏等7省（市）开展由登记机关向人民法院申请强制清算试点工作。

这一新举措，源于修订后的公司法专门增加的一项规定，有关部门或者公司登记机关可以作为申请人向人民法院申请清算。这不只是让“僵尸企业”的退出多了一种方式，而且大大增强了治理的主动性。

以往，那些经营异常的企业，主要由公司股东、债权人等利害关系人向人民法院申请强制清算。由于这样的企业往往没有多少财产可供清偿，债权人推动强制清算的收益不大。退出市场需要完成清算、还债、销户等多个步骤，企业主动退出的动力也不足。此外，也有些地方担心企业退出带来不良影响，会对“僵尸企业”进行“输血”。多种原因交织，导致市场难以真正实现优胜劣汰。

打破这样的不良循环，必须找准症结、精准发力。此次市场监管总局开展强制清算试点，正是抓住申请主体这一关键环节，由登记机关主动作为，为市场“新陈代谢”清除障碍。登记机关作为申请主体，可以更好整合多部门数据，提供更完整的证据链，缩短强制清算工作的周期，节约宝贵的行政和司法资源。比如，江苏构建经营异常企业公益强制清算退出的常态化机制，截至今年5月底，共办理公益强制清算注销登记1.8万余件。

强制清算“僵尸企业”，并非单纯的司法或行政问题，而是涉及提升政府效能、优化要素配置的系统工程。清退的目的，是让土地、劳动力等生产要素重新流动起来，配置到更有活力的新产业、新业态中去。因此，必须同步完善资产处置、职工安置、债务化解等配套机制。

此外，强制清算之前，应做好“帮扶疏导”，提升企业自主退出的便利度。比如，今年前5个月，北京通过简易注销程序退出市场的企业占注销企业总数的64.95%。把破与立、退与进统筹起来，才能让市场上的无效供给尽快出清，为高质量发展腾出宝贵的空间。

企业退出市场，会造成广泛的经济社会影响，主动积极作为、增强制度刚性的同时，必须做好精准识别，进行分类处置。比如，四川内江市在开展经营异常企业公益清算试点的过程中，建立起“诊疗式”分级分类挽救与处置机制：对有潜在风险的“未病”企业提前预警，对有经营隐患的“小毛病”企业精准帮扶，对患有“大病”的企业通过庭外重组、预重整、司法重整等方式救治，对“病入膏肓”的“僵尸企业”通过公益清算引导有序退出。

经营主体退出制度，是现代化经济体系的重要组成部分。当前，要素市场化改革持续深化，要求我们加快推进企业注销配套改革，完善企业退出制度。更好发挥市场优胜劣汰作用，促进更多资源向高效领域集聚，方能以高水平社会主义市场经济体制建设，激活高质量发展的澎湃动力。",林丽鹂,评论,,https://paper.people.com.cn/rmrb/pc/content/202606/25/content_30164781.html,2026-06-25,"['清算', '企业', '退出', '强制', '注销', '僵尸', '登记', '公益', '市场', '经营']","经营主体退出制度，是现代化经济体系的重要组成部分。当前，要素市场化改革持续深化，要求我们加快推进企业注销配套改革，完善企业退出制度
让“僵尸企业”退出市场，一直是个难题。如今，解决这一棘手问题有了新抓手。不久前，市场监管总局选取北京、河北、江苏等7省（市）开展由登记机关向人民法院申请强制清算试点工作。
这一新举措，源于修订后的公司法专门增加的一项规定，有关部门或者公司登记机关可以作为申请人向人民法院申请清算。这不只是让“僵尸企业”的退出多了一种方式，而且大大增强了治理的主动性。",政治,,,[],data/vault/2026/06/2026-06-25/05-评论/为市场“新陈代谢”主动清障（人民时评）.md,05,评论
念好宁静“三诀”（新知）,"【现象】生态环境部等11个部门和单位发布的《中国噪声污染防治报告（2026）》显示，截至2025年底，全国累计建成宁静小区3272个，惠及居民超过240万户。即将实施的生态环境法典也鼓励开展宁静小区、静音车厢等宁静区域创建活动，共同维护生活环境和谐安宁。宁静小区，正成为噪声治理答卷中的亮眼一笔。
【点评】
宁静小区，是指通过噪声污染控制，声环境质量达标、居民满意度较高，能为居民生活居住、学习办公提供安静人居环境的小区。建设宁静小区、还耳畔安宁，不妨念好以下“三诀”。
转换思维，破解难点。让小区“静下来”，不仅要降低“环境音”，还需控制“活动音”。不让噪声治理陷入僵局，需要跳出零和思维的陷阱。比如，浙江杭州拱墅区的某小区，业主有不少是音乐爱好者。夜晚，音乐此起彼伏，打搅居民清梦；为乐器加上消音垫，会影响音色，音乐爱好者亦有苦衷。经协商，社区与音乐机构携手，机构隔音琴房每日开放两个“公益时段”，宁静和爱好得以兼顾，邻里更加和睦。切换视角、善用资源，将“零和”变“和合”，方能让“各行其是”变为“各得其所”。
完善制度，化解痛点。噪声治理工作点多面广。若是短视看待、点状处理，难免一波未平一波又起。对此，尤需完善制度、务求长效。看顶层设计，生态环境法典将“噪声污染防治”列为单独分编，对工业、建筑施工、交通运输和社会生活等噪声的治理分门别类制定详细条款。看基层实践，各地聚焦建设宁静小区，强化群众参与，“大家的事商量着办”，形成宁静公约等制度性举措。既重视建章立制又强化制度执行，从顶层到基层，编织愈加完善的“降噪网”，才能让宁静生活成为常态。
创新供给，消除堵点。变被动治理为主动防治，往往能事半功倍。这就需要将降噪意识前置。比如，2025年5月实施的国家标准《住宅项目规范》，将住宅隔音要求从“建议”升级为“必须严格执行”，“隔音”成为硬指标，倒逼生产制造端迭代升级。此外，“好房子”建设标准加速落地，新工艺、新管材、新设计共同给出“静音”新方案。在城市更新项目中，巨大的气膜笼罩在工地上，噪声、粉尘等污染无处可逃。秉持全链条思维，推动制造、产品等供给端变革，就能在“上游”产品服务的创新中找到“下游”治理的钥匙。
治理噪声，是满足人民日益增长的美好生活需要的体现。将“零和”变“和合”、将短视变长效、将挑战变机遇，宁静小区建设蕴藏为人民出政绩、以实干出政绩的方法论。念好宁静“三诀”，办好民“声”大事，将有力提升人民群众的获得感。
如何在城市更新中统筹破旧与立新，怎样把投资于物和投资于人紧密结合……推进以人为本的新型城镇化，倘若陷入凡事“二选一”的对立中，恐怕会难以调和各方，导致相互掣肘、系统内耗，影响发展质效。多些“一盘棋”意识，找到各方需求的结合点，统筹兼顾、下足绣花功夫，定能更高效地撬动高质量发展。","# 念好宁静“三诀”（新知）

> 崔  妍《人民日报》（2026年06月25日第 05 版）

【现象】生态环境部等11个部门和单位发布的《中国噪声污染防治报告（2026）》显示，截至2025年底，全国累计建成宁静小区3272个，惠及居民超过240万户。即将实施的生态环境法典也鼓励开展宁静小区、静音车厢等宁静区域创建活动，共同维护生活环境和谐安宁。宁静小区，正成为噪声治理答卷中的亮眼一笔。

【点评】

宁静小区，是指通过噪声污染控制，声环境质量达标、居民满意度较高，能为居民生活居住、学习办公提供安静人居环境的小区。建设宁静小区、还耳畔安宁，不妨念好以下“三诀”。

转换思维，破解难点。让小区“静下来”，不仅要降低“环境音”，还需控制“活动音”。不让噪声治理陷入僵局，需要跳出零和思维的陷阱。比如，浙江杭州拱墅区的某小区，业主有不少是音乐爱好者。夜晚，音乐此起彼伏，打搅居民清梦；为乐器加上消音垫，会影响音色，音乐爱好者亦有苦衷。经协商，社区与音乐机构携手，机构隔音琴房每日开放两个“公益时段”，宁静和爱好得以兼顾，邻里更加和睦。切换视角、善用资源，将“零和”变“和合”，方能让“各行其是”变为“各得其所”。

完善制度，化解痛点。噪声治理工作点多面广。若是短视看待、点状处理，难免一波未平一波又起。对此，尤需完善制度、务求长效。看顶层设计，生态环境法典将“噪声污染防治”列为单独分编，对工业、建筑施工、交通运输和社会生活等噪声的治理分门别类制定详细条款。看基层实践，各地聚焦建设宁静小区，强化群众参与，“大家的事商量着办”，形成宁静公约等制度性举措。既重视建章立制又强化制度执行，从顶层到基层，编织愈加完善的“降噪网”，才能让宁静生活成为常态。

创新供给，消除堵点。变被动治理为主动防治，往往能事半功倍。这就需要将降噪意识前置。比如，2025年5月实施的国家标准《住宅项目规范》，将住宅隔音要求从“建议”升级为“必须严格执行”，“隔音”成为硬指标，倒逼生产制造端迭代升级。此外，“好房子”建设标准加速落地，新工艺、新管材、新设计共同给出“静音”新方案。在城市更新项目中，巨大的气膜笼罩在工地上，噪声、粉尘等污染无处可逃。秉持全链条思维，推动制造、产品等供给端变革，就能在“上游”产品服务的创新中找到“下游”治理的钥匙。

治理噪声，是满足人民日益增长的美好生活需要的体现。将“零和”变“和合”、将短视变长效、将挑战变机遇，宁静小区建设蕴藏为人民出政绩、以实干出政绩的方法论。念好宁静“三诀”，办好民“声”大事，将有力提升人民群众的获得感。

如何在城市更新中统筹破旧与立新，怎样把投资于物和投资于人紧密结合……推进以人为本的新型城镇化，倘若陷入凡事“二选一”的对立中，恐怕会难以调和各方，导致相互掣肘、系统内耗，影响发展质效。多些“一盘棋”意识，找到各方需求的结合点，统筹兼顾、下足绣花功夫，定能更高效地撬动高质量发展。",崔  妍,评论,,https://paper.people.com.cn/rmrb/pc/content/202606/25/content_30164782.html,2026-06-25,"['宁静', '小区', '噪声', '治理', '念好', '三诀', '噪声污染', '隔音', '音乐', '城市更新']","【现象】生态环境部等11个部门和单位发布的《中国噪声污染防治报告（2026）》显示，截至2025年底，全国累计建成宁静小区3272个，惠及居民超过240万户。即将实施的生态环境法典也鼓励开展宁静小区、静音车厢等宁静区域创建活动，共同维护生活环境和谐安宁。宁静小区，正成为噪声治理答卷中的亮眼一笔。
【点评】
宁静小区，是指通过噪声污染控制，声环境质量达标、居民满意度较高，能为居民生活居住、学习办公提供安静人居环境的小区。建设宁静小区、还耳畔安宁，不妨念好以下“三诀”。",政治,,,[],data/vault/2026/06/2026-06-25/05-评论/念好宁静“三诀”（新知）.md,05,评论
涉企检查当“减量不降效”（纵横）,"规范涉企行政检查，直接关系企业经营活力与区域发展底气。如何让行政执法既有力度又有温度，实现“无事不扰”与“无处不在”的有机统一，已成为检验营商环境成色的试金石。今年以来，新疆生产建设兵团各级各部门涉企行政检查数量同比下降28.4%，问题发现率同比提升17.25%。一降一升，折射涉企检查从“粗放式”向“精准化”转变。
规范涉企检查，首先要做好“减法”，为企业“松绑”。过去，一些地方涉企检查过多过滥让企业苦不堪言。多头检查、重复检查，不仅耗费企业大量精力，更滋生权力寻租空间。对此，《国务院办公厅关于严格规范涉企行政检查的意见》从检查事项、检查权限、检查程序等方面划定了刚性红线。如今各地广泛推行“扫码入企”“综合查一次”改革，正是为了把“该减的减下去”，让企业从疲于应付迎检中解脱出来，有更多时间谋划创新发展。
不过，做“减法”不等于“躺平”，做“加法”也不等于“滥权”。规范执法的关键，在于把握好严与宽的辩证法。严要有据，执法有准星。对于食品药品、安全生产、生态环境等领域，必须坚持最严谨的标准、最严格的监管，确保相关检查“应查必查”、不留死角。宽要有度，执法有温度。执法的目的不在于开出多少罚单，而在于以检查和指导为企业生产经营“补漏洞”“开药方”。应进一步推行“首违不罚”“轻微免罚”清单制度，建立执法后的回访与合规指导机制。同时，包容审慎看待新技术、新业态发展，给予企业纠错的时间和空间。
高水平监管，离不开精准画像、分类施策。一方面，要强化技术赋能，利用大数据、人工智能等手段实施非现场监管，通过远程视频、物联网感知等智慧监管方式，减少对企业生产经营的干扰。另一方面，要实施差异化管理，建立企业信用风险分类管理系统，对风险高、信用差或所在行业影响重大的企业实施重点监管，提高检查的效率和覆盖面。
优化营商环境，没有完成时，只有进行时。杜绝任性执法，在法治的轨道上做到“该严则严、当宽则宽”，才能更好激活市场的“一池春水”，让企业在法治的沃土上放心投资、安心经营、专心发展。
（摘编自《兵团日报》，原题为《涉企行政检查当“减量不降效”》）","# 涉企检查当“减量不降效”（纵横）

> 冯  远《人民日报》（2026年06月25日第 05 版）

规范涉企行政检查，直接关系企业经营活力与区域发展底气。如何让行政执法既有力度又有温度，实现“无事不扰”与“无处不在”的有机统一，已成为检验营商环境成色的试金石。今年以来，新疆生产建设兵团各级各部门涉企行政检查数量同比下降28.4%，问题发现率同比提升17.25%。一降一升，折射涉企检查从“粗放式”向“精准化”转变。

规范涉企检查，首先要做好“减法”，为企业“松绑”。过去，一些地方涉企检查过多过滥让企业苦不堪言。多头检查、重复检查，不仅耗费企业大量精力，更滋生权力寻租空间。对此，《国务院办公厅关于严格规范涉企行政检查的意见》从检查事项、检查权限、检查程序等方面划定了刚性红线。如今各地广泛推行“扫码入企”“综合查一次”改革，正是为了把“该减的减下去”，让企业从疲于应付迎检中解脱出来，有更多时间谋划创新发展。

不过，做“减法”不等于“躺平”，做“加法”也不等于“滥权”。规范执法的关键，在于把握好严与宽的辩证法。严要有据，执法有准星。对于食品药品、安全生产、生态环境等领域，必须坚持最严谨的标准、最严格的监管，确保相关检查“应查必查”、不留死角。宽要有度，执法有温度。执法的目的不在于开出多少罚单，而在于以检查和指导为企业生产经营“补漏洞”“开药方”。应进一步推行“首违不罚”“轻微免罚”清单制度，建立执法后的回访与合规指导机制。同时，包容审慎看待新技术、新业态发展，给予企业纠错的时间和空间。

高水平监管，离不开精准画像、分类施策。一方面，要强化技术赋能，利用大数据、人工智能等手段实施非现场监管，通过远程视频、物联网感知等智慧监管方式，减少对企业生产经营的干扰。另一方面，要实施差异化管理，建立企业信用风险分类管理系统，对风险高、信用差或所在行业影响重大的企业实施重点监管，提高检查的效率和覆盖面。

优化营商环境，没有完成时，只有进行时。杜绝任性执法，在法治的轨道上做到“该严则严、当宽则宽”，才能更好激活市场的“一池春水”，让企业在法治的沃土上放心投资、安心经营、专心发展。

（摘编自《兵团日报》，原题为《涉企行政检查当“减量不降效”》）",冯  远,评论,,https://paper.people.com.cn/rmrb/pc/content/202606/25/content_30164784.html,2026-06-25,"['涉企', '检查', '执法', '企业', '行政', '监管', '规范', '营商', '减量', '减法']","规范涉企行政检查，直接关系企业经营活力与区域发展底气。如何让行政执法既有力度又有温度，实现“无事不扰”与“无处不在”的有机统一，已成为检验营商环境成色的试金石。今年以来，新疆生产建设兵团各级各部门涉企行政检查数量同比下降28.4%，问题发现率同比提升17.25%。一降一升，折射涉企检查从“粗放式”向“精准化”转变。
规范涉企检查，首先要做好“减法”，为企业“松绑”。过去，一些地方涉企检查过多过滥让企业苦不堪言。多头检查、重复检查，不仅耗费企业大量精力，更滋生权力寻租空间。对此，《国务院办公厅关于严格规范涉企行政检查的意见》从检查事项、检查权限、检查程序等方面划定了刚性红线。如今各地广泛推行“扫码入企”“综合查一次”改革，正是为了把“该减的减下去”，让企业从疲于应付迎检中解脱出来，有更多时间谋划创新发展。
不过，做“减法”不等于“躺平”，做“加法”也不等于“滥权”。规范执法的关键，在于把握好严与宽的辩证法。严要有据，执法有准星。对于食品药品、安全生产、生态环境等领域，必须坚持最严谨的标准、最严格的监管，确保相关检查“应查必查”、不留死角。宽要有度，执法有温度。执法的目的不在于开出多少罚单，而在于以检查和指导为企业生产经营“补漏洞”“开药方”。应进一步推行“首违不罚”“轻微免罚”清单制度，建立执法后的回访与合规指导机制。同时，包容审慎看待新技术、新业态发展，给予企业纠错的时间和空间。",经济,,,[],data/vault/2026/06/2026-06-25/05-评论/涉企检查当“减量不降效”（纵横）.md,05,评论
同步谋划产业与就业（微观）,"将培训供给与企业需求直接挂钩，让产业说了算、市场说了算，才能切实提升培训含金量
近来，在就业服务工作中，一家制造企业的人事经理向笔者诉苦：“新招的普通工人，3个月内流失近半。”同城招聘会上收到上百份简历，可电话打过去，不是“太远了”，就是“时间不合适”，来面试者寥寥。该公司的遭遇，是当下“招工难”与“就业难”并存的一个缩影。
伴随新一轮产业变革，大规模、同质化的用工模式，越来越不适配复合型、创新型的岗位需求，总体存在三种脱节：人岗匹配效率不高，公共平台发布的多为基础岗位，企业紧缺的技能岗位仍需自己想办法；技能培训缺乏含金量，证书发了不少，可企业并不认可；就业服务链条短，多止步于“推荐上岗”，入职初的适应期成了盲区。可以说，一些地方就业服务的组织方式还没有真正切换到以产业需求为起点的轨道上来，部门分割的惯性仍强于系统协同的自觉。
就业优先不只是政策力度上的优先，也必须是发展逻辑上的优先，需要在谋划产业时同步谋划就业。
须把就业服务起点从“企业缺工”提前到“项目签约”，乃至“学校教育”阶段。比如，江苏苏州前置就业用工服务，对重大项目开展“带动就业评估”，提前帮助企业谋划、培养、储备技能人才，实现“落户即评估、建成前服务、服务保开工”。湖北鼓励校企共建“练兵场”，把生产前线接入教学课堂，80所院校与800多家企业常态化开展校企合作，开设订单班150多个。以产业需求重塑就业服务逻辑，把工作做在前面，企业才不会受困于缺人才，劳动者也不至于“上岗便发蒙”。
职业培训的重心在于实践应用。不妨利用“倒推法”，先明确岗位要求，再拆成一个个操作技能，继而据此设计课程和标准。以广东为例，当地围绕战略性产业集群的用工需求，发挥企业人才培养主体作用，建成超150条产教评技能生态链，带动1100多家产业链企业开展技能培训69万人次，力促毕业即就业。将培训供给与企业需求直接挂钩，让产业说了算、市场说了算，才能切实提升培训含金量。
求职是短期选择，就业是长期过程。打造高质量就业服务，是一个全周期、全链条的系统工程。前端看，可以将就业影响评估纳入重大产业政策前置程序，打通部门信息壁垒，加强统筹协调。末端看，可建立入职跟踪回访机制，持续跟进员工适应情况，纾解工作难题、协调劳动关系，有效提升稳岗留任率。同时，也要因人群制宜。青年渴望成长平台、大龄员工追求稳定保障、长距离通勤从业者看重时间弹性，对不同类别劳动者要做好差异化服务。全程跟进、精准护航，有利于更好留住人才、稳住岗位、盘活产业。
就业服务的评价指挥棒，有必要从“做了多少”转向“做成多少”。现在不少考核偏重“动作”层面，关注办了几场招聘会、发了多少信息。这些反映的是工作量而非工作成效。盯住信息触达率、面试转化率、稳岗留任率等指标，才能倒逼就业服务做实做细。
就业是最大的民生。把就业服务“种”在产业土壤里和劳动者技能中，以更匹配、更完善的举措打通堵点卡点，把人才供给和岗位需求有效连接起来，确保人岗相适、用人所长、人尽其才，方能以就业之稳夯实发展之基。","# 同步谋划产业与就业（微观）

> 李  桢《人民日报》（2026年06月25日第 05 版）

将培训供给与企业需求直接挂钩，让产业说了算、市场说了算，才能切实提升培训含金量

近来，在就业服务工作中，一家制造企业的人事经理向笔者诉苦：“新招的普通工人，3个月内流失近半。”同城招聘会上收到上百份简历，可电话打过去，不是“太远了”，就是“时间不合适”，来面试者寥寥。该公司的遭遇，是当下“招工难”与“就业难”并存的一个缩影。

伴随新一轮产业变革，大规模、同质化的用工模式，越来越不适配复合型、创新型的岗位需求，总体存在三种脱节：人岗匹配效率不高，公共平台发布的多为基础岗位，企业紧缺的技能岗位仍需自己想办法；技能培训缺乏含金量，证书发了不少，可企业并不认可；就业服务链条短，多止步于“推荐上岗”，入职初的适应期成了盲区。可以说，一些地方就业服务的组织方式还没有真正切换到以产业需求为起点的轨道上来，部门分割的惯性仍强于系统协同的自觉。

就业优先不只是政策力度上的优先，也必须是发展逻辑上的优先，需要在谋划产业时同步谋划就业。

须把就业服务起点从“企业缺工”提前到“项目签约”，乃至“学校教育”阶段。比如，江苏苏州前置就业用工服务，对重大项目开展“带动就业评估”，提前帮助企业谋划、培养、储备技能人才，实现“落户即评估、建成前服务、服务保开工”。湖北鼓励校企共建“练兵场”，把生产前线接入教学课堂，80所院校与800多家企业常态化开展校企合作，开设订单班150多个。以产业需求重塑就业服务逻辑，把工作做在前面，企业才不会受困于缺人才，劳动者也不至于“上岗便发蒙”。

职业培训的重心在于实践应用。不妨利用“倒推法”，先明确岗位要求，再拆成一个个操作技能，继而据此设计课程和标准。以广东为例，当地围绕战略性产业集群的用工需求，发挥企业人才培养主体作用，建成超150条产教评技能生态链，带动1100多家产业链企业开展技能培训69万人次，力促毕业即就业。将培训供给与企业需求直接挂钩，让产业说了算、市场说了算，才能切实提升培训含金量。

求职是短期选择，就业是长期过程。打造高质量就业服务，是一个全周期、全链条的系统工程。前端看，可以将就业影响评估纳入重大产业政策前置程序，打通部门信息壁垒，加强统筹协调。末端看，可建立入职跟踪回访机制，持续跟进员工适应情况，纾解工作难题、协调劳动关系，有效提升稳岗留任率。同时，也要因人群制宜。青年渴望成长平台、大龄员工追求稳定保障、长距离通勤从业者看重时间弹性，对不同类别劳动者要做好差异化服务。全程跟进、精准护航，有利于更好留住人才、稳住岗位、盘活产业。

就业服务的评价指挥棒，有必要从“做了多少”转向“做成多少”。现在不少考核偏重“动作”层面，关注办了几场招聘会、发了多少信息。这些反映的是工作量而非工作成效。盯住信息触达率、面试转化率、稳岗留任率等指标，才能倒逼就业服务做实做细。

就业是最大的民生。把就业服务“种”在产业土壤里和劳动者技能中，以更匹配、更完善的举措打通堵点卡点，把人才供给和岗位需求有效连接起来，确保人岗相适、用人所长、人尽其才，方能以就业之稳夯实发展之基。",李  桢,评论,,https://paper.people.com.cn/rmrb/pc/content/202606/25/content_30164785.html,2026-06-25,"['就业', '服务', '产业', '技能', '岗位', '企业', '培训', '需求', '说了算', '谋划']","将培训供给与企业需求直接挂钩，让产业说了算、市场说了算，才能切实提升培训含金量
近来，在就业服务工作中，一家制造企业的人事经理向笔者诉苦：“新招的普通工人，3个月内流失近半。”同城招聘会上收到上百份简历，可电话打过去，不是“太远了”，就是“时间不合适”，来面试者寥寥。该公司的遭遇，是当下“招工难”与“就业难”并存的一个缩影。
伴随新一轮产业变革，大规模、同质化的用工模式，越来越不适配复合型、创新型的岗位需求，总体存在三种脱节：人岗匹配效率不高，公共平台发布的多为基础岗位，企业紧缺的技能岗位仍需自己想办法；技能培训缺乏含金量，证书发了不少，可企业并不认可；就业服务链条短，多止步于“推荐上岗”，入职初的适应期成了盲区。可以说，一些地方就业服务的组织方式还没有真正切换到以产业需求为起点的轨道上来，部门分割的惯性仍强于系统协同的自觉。",政治,,,[],data/vault/2026/06/2026-06-25/05-评论/同步谋划产业与就业（微观）.md,05,评论
“我要求入党，以后是为人民全心全意服务到底”（重温誓词忆初心·读当年的入党志愿书）,"黄大发的入党志愿书。遵义市播州区档案馆供图
黄大发的入党志愿书。
遵义市播州区档案馆供图
夏日炎炎，贵州省遵义市播州区平正仡佬族乡团结村，草木葳蕤，漫山翠绿。大发渠犹如一条玉带，紧紧缠绕在陡峭的悬崖间。
走进团结村大发渠党性教育陈列馆，气氛庄重又热烈——村党总支的50多名党员庄严肃立，村党总支书记王朝海高声领读：“我要求入党，以后是为人民全心全意服务到底，帮群众当好勤务员，不怕牺牲、不怕困难、不怕流血……”这封入党志愿书是老支书黄大发多年前对着字典写下的。
“绝壁天渠映初心，老支书带着大家拿锄头钢钎凿绝壁，没说过一句放弃的话，就凭着入党志愿书里这股劲儿，把9400米水渠凿通了。”54岁的徐国树有20多年党龄，是村民组长，年轻时跟着黄大发修水渠，哪怕一波三折，信心从未动摇。
“看到这些文字，就是要问问自己，当年老支书做的事，我们接了棒，能不能干得更好？”徐国树感慨道。
自从凿通水渠，当地因地制宜发展“三块地”：海拔1300米以上的区域，发展方竹笋产业和养蜂；800米至1300米的区域，发展辣椒、药材产业和畜牧养殖；800米以下区域，种植优质水稻、经果林。
2022年底，高速公路通到团结村，参观大发渠的游客越来越多。“还想让乡亲们过上更好的日子”，徐国树走访两个村民组，动员乡亲们入股，打造露营基地。
村民组内部会上，王朝海代表党总支率先表态支持：“咱们有这么好的自然资源、精神瑰宝，搞农文旅一定对路子，村集体要参与。”
“要是突然涨水，冲走露营设备咋办？”“万一挣不到钱，不是白白损失一大笔？”……面对一些质疑，徐国树亮明态度：“真亏了钱，我自掏腰包，弥补损失，说到做到！”
2024年初，53户村民出资入股，筹集资金150余万元。徐国树带着大家疏通河道、绿化河岸、购置设备，建起露营基地，当年净赚298万元，分红53万元，大家纷纷表态继续干下去。
“没想到第二年突发洪水，冲走了部分设备，损失40多万元。”徐国树担心大家的热情被浇灭，赶到现场时发现，大家忙着清理现场，没听到一句抱怨，“补齐设备，当年赚了150万元，大家提议先不分红，摊子稳定了再说。”徐国树说。
今年上半年，露营基地净赚20多万元，远超同期，即将到来的旅游旺季更是重头戏。村子发展势头越来越好，返乡的年轻人越来越多。
村民赵金山长期在广东从事物流行业，2017年回村过年。四五百米的崎岖小道，他抱着两箱水果，走得满头大汗。
“我爷、我爸跟着老支书修水渠，我在渠边玩泥巴长大，有责任回来建设家乡。”2018年，返乡的赵金山瞄准农村物流，“快递没法进村，只能到镇，农特产品很难卖出去，这种状况需要改变。”
赵金山逐级对接物流公司，成功在团结村设立物流点。奈何成本高、包裹少，仅一年多时间，上级网点被迫关闭。他重新洽谈，上级网点不到半年又黄了。
“不行就自己干！”赵金山到镇上拉包裹，村民们见状，自发提议按照1个包裹2元的标准补贴，团结村的物流彻底打通，农产品畅销山外。“老支书说过，不要为自己着想，要为群众着想，为人民全心全意服务到底。年轻人也要做到。”赵金山说。
2024年，在徐国树带动下，赵金山积极参与露营基地建设。今年36岁的他，有思路、点子多，提出增加民族歌舞等表演环节，还计划引进咖啡、新茶饮等业态。
“越来越多年轻人回村发展，乡村全面振兴的动力越来越足。”王朝海说，去年全村人均年收入1.79万元，较2015年的约3000元有大幅增长。
今年3月，赵金山向党组织递交了入党申请书，“要像老支书一样初心不改，继承发扬一心为民、埋头苦干、百折不挠的精神，为人民全心全意服务到底！”","### 黄大发——

# “我要求入党，以后是为人民全心全意服务到底”（重温誓词忆初心·读当年的入党志愿书）

> 本报记者  马跃峰  苏  滨《人民日报》（2026年06月25日第 06 版）

黄大发的入党志愿书。　　遵义市播州区档案馆供图

黄大发的入党志愿书。

遵义市播州区档案馆供图

夏日炎炎，贵州省遵义市播州区平正仡佬族乡团结村，草木葳蕤，漫山翠绿。大发渠犹如一条玉带，紧紧缠绕在陡峭的悬崖间。

走进团结村大发渠党性教育陈列馆，气氛庄重又热烈——村党总支的50多名党员庄严肃立，村党总支书记王朝海高声领读：“我要求入党，以后是为人民全心全意服务到底，帮群众当好勤务员，不怕牺牲、不怕困难、不怕流血……”这封入党志愿书是老支书黄大发多年前对着字典写下的。

“绝壁天渠映初心，老支书带着大家拿锄头钢钎凿绝壁，没说过一句放弃的话，就凭着入党志愿书里这股劲儿，把9400米水渠凿通了。”54岁的徐国树有20多年党龄，是村民组长，年轻时跟着黄大发修水渠，哪怕一波三折，信心从未动摇。

“看到这些文字，就是要问问自己，当年老支书做的事，我们接了棒，能不能干得更好？”徐国树感慨道。

自从凿通水渠，当地因地制宜发展“三块地”：海拔1300米以上的区域，发展方竹笋产业和养蜂；800米至1300米的区域，发展辣椒、药材产业和畜牧养殖；800米以下区域，种植优质水稻、经果林。

2022年底，高速公路通到团结村，参观大发渠的游客越来越多。“还想让乡亲们过上更好的日子”，徐国树走访两个村民组，动员乡亲们入股，打造露营基地。

村民组内部会上，王朝海代表党总支率先表态支持：“咱们有这么好的自然资源、精神瑰宝，搞农文旅一定对路子，村集体要参与。”

“要是突然涨水，冲走露营设备咋办？”“万一挣不到钱，不是白白损失一大笔？”……面对一些质疑，徐国树亮明态度：“真亏了钱，我自掏腰包，弥补损失，说到做到！”

2024年初，53户村民出资入股，筹集资金150余万元。徐国树带着大家疏通河道、绿化河岸、购置设备，建起露营基地，当年净赚298万元，分红53万元，大家纷纷表态继续干下去。

“没想到第二年突发洪水，冲走了部分设备，损失40多万元。”徐国树担心大家的热情被浇灭，赶到现场时发现，大家忙着清理现场，没听到一句抱怨，“补齐设备，当年赚了150万元，大家提议先不分红，摊子稳定了再说。”徐国树说。

今年上半年，露营基地净赚20多万元，远超同期，即将到来的旅游旺季更是重头戏。村子发展势头越来越好，返乡的年轻人越来越多。

村民赵金山长期在广东从事物流行业，2017年回村过年。四五百米的崎岖小道，他抱着两箱水果，走得满头大汗。

“我爷、我爸跟着老支书修水渠，我在渠边玩泥巴长大，有责任回来建设家乡。”2018年，返乡的赵金山瞄准农村物流，“快递没法进村，只能到镇，农特产品很难卖出去，这种状况需要改变。”

赵金山逐级对接物流公司，成功在团结村设立物流点。奈何成本高、包裹少，仅一年多时间，上级网点被迫关闭。他重新洽谈，上级网点不到半年又黄了。

“不行就自己干！”赵金山到镇上拉包裹，村民们见状，自发提议按照1个包裹2元的标准补贴，团结村的物流彻底打通，农产品畅销山外。“老支书说过，不要为自己着想，要为群众着想，为人民全心全意服务到底。年轻人也要做到。”赵金山说。

2024年，在徐国树带动下，赵金山积极参与露营基地建设。今年36岁的他，有思路、点子多，提出增加民族歌舞等表演环节，还计划引进咖啡、新茶饮等业态。

“越来越多年轻人回村发展，乡村全面振兴的动力越来越足。”王朝海说，去年全村人均年收入1.79万元，较2015年的约3000元有大幅增长。

今年3月，赵金山向党组织递交了入党申请书，“要像老支书一样初心不改，继承发扬一心为民、埋头苦干、百折不挠的精神，为人民全心全意服务到底！”",马跃峰  苏  滨,要闻,,https://paper.people.com.cn/rmrb/pc/content/202606/25/content_30164787.html,2026-06-25,"['徐国', '入党', '志愿书', '老支书', '大发', '团结村', '金山', '露营', '村民', '水渠']","黄大发的入党志愿书。遵义市播州区档案馆供图
黄大发的入党志愿书。
遵义市播州区档案馆供图",社会,,,[],data/vault/2026/06/2026-06-25/06-要闻/“我要求入党，以后是为人民全心全意服务到底”（重温誓词忆初心·读当年的入党志愿书）.md,06,要闻
为推进中华民族共同体建设夯实法治根基（权威发布）,"《中华人民共和国民族团结进步促进法》将于今年7月1日起施行。国务院新闻办6月24日举行新闻发布会，介绍民族团结进步促进法和我国民族工作有关情况。
“民族团结进步促进法将习近平总书记关于加强和改进民族工作的重要思想特别是铸牢中华民族共同体意识这一重大理念转化为国家意志，把党的十八大以来推进中华民族共同体建设和民族团结进步事业方面的成功经验上升为法律规定，宣示和明确新时代党和国家关于民族工作的政治立场、具体任务和努力方向，从制度上、法律上保证党对民族工作的全面领导，不断巩固各民族团结奋斗的共同思想政治基础和法治基础。”中央统战部副部长、国家民委主任陈瑞峰表示。
系统构建民族团结进步事业的法律框架
“制定出台民族团结进步促进法，是党的统一战线和民族工作历史上具有里程碑意义的一件大事，是铸牢中华民族共同体意识、推进中华民族共同体建设的重大法律举措。”陈瑞峰介绍。
“这是30多年来中央政治局会议研究的第一部法律案。党中央的集中统一领导贯穿了立法的立项、起草、审议全过程。”全国人大常委会委员、全国人大民族委员会主任委员巴音朝鲁表示。
立法全过程各个环节广泛听取各方面的意见，先后两次就法律草案征求中央国家机关、各省区市380余家单位的意见，多次征求全国人大代表意见。两次全文公布征求社会公众意见，近5万人次提出了意见。
“这些做法最大限度凝聚了立法共识，真正做到立得住、行得通，是践行全过程人民民主重大理念的生动实践。”巴音朝鲁表示。
“民族团结进步促进法是新时代实施宪法有关规定、处理民族事务和开展民族工作的基本法律。体例上专门设置了序言，这是30多年来第一部设置序言的法律。”巴音朝鲁介绍。
在内容上，民族团结进步促进法明确了民族团结进步事业的总体要求、重要原则以及相关主体的职责要求，进一步健全完善民族工作领域治理急需、民族团结进步促进必备、有效防范民族领域风险隐患所急的制度机制，确立了清晰稳定的行为规范和长期预期。
“民族团结进步促进法是新时代第一部民族领域的专门法律。”全国人大常委会法工委副主任雷建斌表示，民族团结进步促进法系统构建了民族团结进步事业的法律框架，为在法治轨道上处理民族事务和开展民族工作、全面推进民族团结进步事业提供了全局性、长远性的基础性保障。
民族领域相关立法工作不断取得新发展和新成就
党的十八大以来，我国民族团结进步事业取得新的历史性成就。2012年至2025年，5个自治区的地区生产总值由3.25万亿元增长至8.66万亿元。各民族交往交流交融的程度空前，我国少数民族流动人口达3300多万，超过1/3的少数民族人口居住在城市和散居地区，各民族大散居、小聚居、交错杂居的分布格局不断深化。
“中华民族共同体理念深入人心，中华民族一家亲、同心共筑中国梦的氛围浓厚。”中央统战部副部长段毅君表示，以铸牢中华民族共同体意识、推进中华民族共同体建设为立法意旨，将新时代民族工作重大改革成果、宝贵经验和制度举措转化为国家法律规定，全方位、多层次的制度机制逐渐构建起来。
新时代以来，贯彻党中央的决策部署，全国人大及其常委会积极稳妥开展民族领域相关的立法工作，不断取得新发展和新成就。
“陆地国界法、地方组织法、代表法、立法法等10余部法律都对铸牢中华民族共同体意识作出明确规定，不断充实完善民族工作方面的内容。”雷建斌介绍。
把各项法律规定落到实处
民族团结进步促进法专门规定了“构筑共有精神家园”“促进交往交流交融”“推动共同繁荣发展”等方面的内容。陈瑞峰表示，国家民委正在会同有关部门研究制定促进民族团结进步“十五五”规划，把各项法律规定落到实处。
增强文化认同，构筑各民族共有精神家园。国家民委将坚持以社会主义核心价值观为引领，不断深化爱国主义、集体主义、社会主义教育，引导各族群众牢固树立正确的国家观、历史观、民族观、文化观、宗教观。
促进各民族交往交流交融，促进各民族像石榴籽一样紧紧抱在一起。国家民委将深化新时代民族团结进步创建，加强文旅融合促进各民族交往交流交融，扎实推进互嵌式社区环境建设，深入开展民族地区“新市民”赋能行动。
不断实现各族人民对美好生活的向往。国家民委将着眼实现各民族共同富裕，完善差别化区域支持政策，深化新时代兴边富民行动，大力发展特色优势产业和“小而美”民生项目。
“通过5年的持续努力，我们已经完成了《中华民族交往交流交融史》的编纂，将于近期出版发行。”陈瑞峰介绍，这部书一共11卷、420余万字，将为推动构建中华民族共同体史料体系、话语体系、理论体系提供重要基础。
“做好民族团结进步促进法的学习宣传，是全民普法的重要任务。”司法部副部长胡卫列介绍，要将民族团结进步促进法的学习宣传融入民族工作相关的立法、执法、司法全过程，结合宪法宣传周、民族团结进步宣传周、全民国家安全教育日等活动，深入社区、乡村、学校、社会组织等，大力宣传党的民族政策和相关法律法规。","### 国新办发布会聚焦民族团结进步促进法

# 为推进中华民族共同体建设夯实法治根基（权威发布）

> 本报记者  刘博通《人民日报》（2026年06月25日第 06 版）

《中华人民共和国民族团结进步促进法》将于今年7月1日起施行。国务院新闻办6月24日举行新闻发布会，介绍民族团结进步促进法和我国民族工作有关情况。

“民族团结进步促进法将习近平总书记关于加强和改进民族工作的重要思想特别是铸牢中华民族共同体意识这一重大理念转化为国家意志，把党的十八大以来推进中华民族共同体建设和民族团结进步事业方面的成功经验上升为法律规定，宣示和明确新时代党和国家关于民族工作的政治立场、具体任务和努力方向，从制度上、法律上保证党对民族工作的全面领导，不断巩固各民族团结奋斗的共同思想政治基础和法治基础。”中央统战部副部长、国家民委主任陈瑞峰表示。

**系统构建民族团结进步事业的法律框架**

“制定出台民族团结进步促进法，是党的统一战线和民族工作历史上具有里程碑意义的一件大事，是铸牢中华民族共同体意识、推进中华民族共同体建设的重大法律举措。”陈瑞峰介绍。

“这是30多年来中央政治局会议研究的第一部法律案。党中央的集中统一领导贯穿了立法的立项、起草、审议全过程。”全国人大常委会委员、全国人大民族委员会主任委员巴音朝鲁表示。

立法全过程各个环节广泛听取各方面的意见，先后两次就法律草案征求中央国家机关、各省区市380余家单位的意见，多次征求全国人大代表意见。两次全文公布征求社会公众意见，近5万人次提出了意见。

“这些做法最大限度凝聚了立法共识，真正做到立得住、行得通，是践行全过程人民民主重大理念的生动实践。”巴音朝鲁表示。

“民族团结进步促进法是新时代实施宪法有关规定、处理民族事务和开展民族工作的基本法律。体例上专门设置了序言，这是30多年来第一部设置序言的法律。”巴音朝鲁介绍。

在内容上，民族团结进步促进法明确了民族团结进步事业的总体要求、重要原则以及相关主体的职责要求，进一步健全完善民族工作领域治理急需、民族团结进步促进必备、有效防范民族领域风险隐患所急的制度机制，确立了清晰稳定的行为规范和长期预期。

“民族团结进步促进法是新时代第一部民族领域的专门法律。”全国人大常委会法工委副主任雷建斌表示，民族团结进步促进法系统构建了民族团结进步事业的法律框架，为在法治轨道上处理民族事务和开展民族工作、全面推进民族团结进步事业提供了全局性、长远性的基础性保障。

**民族领域相关立法工作不断取得新发展和新成就**

党的十八大以来，我国民族团结进步事业取得新的历史性成就。2012年至2025年，5个自治区的地区生产总值由3.25万亿元增长至8.66万亿元。各民族交往交流交融的程度空前，我国少数民族流动人口达3300多万，超过1/3的少数民族人口居住在城市和散居地区，各民族大散居、小聚居、交错杂居的分布格局不断深化。

“中华民族共同体理念深入人心，中华民族一家亲、同心共筑中国梦的氛围浓厚。”中央统战部副部长段毅君表示，以铸牢中华民族共同体意识、推进中华民族共同体建设为立法意旨，将新时代民族工作重大改革成果、宝贵经验和制度举措转化为国家法律规定，全方位、多层次的制度机制逐渐构建起来。

新时代以来，贯彻党中央的决策部署，全国人大及其常委会积极稳妥开展民族领域相关的立法工作，不断取得新发展和新成就。

“陆地国界法、地方组织法、代表法、立法法等10余部法律都对铸牢中华民族共同体意识作出明确规定，不断充实完善民族工作方面的内容。”雷建斌介绍。

**把各项法律规定落到实处**

民族团结进步促进法专门规定了“构筑共有精神家园”“促进交往交流交融”“推动共同繁荣发展”等方面的内容。陈瑞峰表示，国家民委正在会同有关部门研究制定促进民族团结进步“十五五”规划，把各项法律规定落到实处。

增强文化认同，构筑各民族共有精神家园。国家民委将坚持以社会主义核心价值观为引领，不断深化爱国主义、集体主义、社会主义教育，引导各族群众牢固树立正确的国家观、历史观、民族观、文化观、宗教观。

促进各民族交往交流交融，促进各民族像石榴籽一样紧紧抱在一起。国家民委将深化新时代民族团结进步创建，加强文旅融合促进各民族交往交流交融，扎实推进互嵌式社区环境建设，深入开展民族地区“新市民”赋能行动。

不断实现各族人民对美好生活的向往。国家民委将着眼实现各民族共同富裕，完善差别化区域支持政策，深化新时代兴边富民行动，大力发展特色优势产业和“小而美”民生项目。

“通过5年的持续努力，我们已经完成了《中华民族交往交流交融史》的编纂，将于近期出版发行。”陈瑞峰介绍，这部书一共11卷、420余万字，将为推动构建中华民族共同体史料体系、话语体系、理论体系提供重要基础。

“做好民族团结进步促进法的学习宣传，是全民普法的重要任务。”司法部副部长胡卫列介绍，要将民族团结进步促进法的学习宣传融入民族工作相关的立法、执法、司法全过程，结合宪法宣传周、民族团结进步宣传周、全民国家安全教育日等活动，深入社区、乡村、学校、社会组织等，大力宣传党的民族政策和相关法律法规。",刘博通,要闻,,https://paper.people.com.cn/rmrb/pc/content/202606/25/content_30164790.html,2026-06-25,"['民族团结', '民族', '促进法', '中华民族', '进步', '共同体', '法律', '进步事业', '国家民委', '工作']","《中华人民共和国民族团结进步促进法》将于今年7月1日起施行。国务院新闻办6月24日举行新闻发布会，介绍民族团结进步促进法和我国民族工作有关情况。
“民族团结进步促进法将习近平总书记关于加强和改进民族工作的重要思想特别是铸牢中华民族共同体意识这一重大理念转化为国家意志，把党的十八大以来推进中华民族共同体建设和民族团结进步事业方面的成功经验上升为法律规定，宣示和明确新时代党和国家关于民族工作的政治立场、具体任务和努力方向，从制度上、法律上保证党对民族工作的全面领导，不断巩固各民族团结奋斗的共同思想政治基础和法治基础。”中央统战部副部长、国家民委主任陈瑞峰表示。
系统构建民族团结进步事业的法律框架",政治,,,[],data/vault/2026/06/2026-06-25/06-要闻/为推进中华民族共同体建设夯实法治根基（权威发布）.md,06,要闻
民政系民生  服务暖民心（权威发布）,"民政工作连着千家万户，关乎百姓冷暖，广大民政工作者扎根群众身边、奋战民生一线，用心用情解决群众急难愁盼问题。
6月24日，国务院新闻办举行“新征程上的奋斗者”中外记者见面会，邀请5位来自民政系统的一线代表，围绕“民政系民生，服务暖民心”展开交流。
“我从2011年开始从事社会救助工作，一干就是15年。”来自陕西省西安市临潼区行者街道办事处的基层社会救助工作者郭珊珊介绍，这些年来，她和同事们常态化入户走访，把兜底保障政策精准送到困难群众身边。
曾有一名外地户籍学子遭遇严重车祸，高额治疗费让家庭陷入困境。“当时，我在临潼区民政局社会救助科工作，了解到这个家庭的困境后很揪心。”郭珊珊说，她和同事一边帮其办理长期居住证明、交通事故情况说明材料，送去临时救助金，一边对接其户籍地落实低保等社会救助政策。
浙江省杭州市救助管理站站长俞珍从事民政工作三十五载，深耕救助管理领域11年。俞珍和同事们常年奔走在铁路沿线、列车站台，一次次将走失的老人、孩子护送回家。
“认亲当日，兄妹五人相拥而泣，这一刻他们足足等了10年。”俞珍说，团队曾历时10年为一名智力障碍老人寻亲，后凭一句方言锁定关键线索，帮助失散家庭终得团聚。暖心坚守之外更有科技赋能，当地打造民政服务智能体“杭民星”，把全市民政政策和办事指南悉数装进“口袋里”；上线“数智驾驶舱”，形成快速响应机制，提升了街面救助的处置效率。
在山东省潍坊市儿童福利院，孩子们都亲切地喊同一个人“妈妈”，她就是副院长杨守伟。杨守伟用二十六载光阴守护孤弃儿童成长，500多个孩子在她的陪伴下，从趴在怀里的小不点，慢慢学会了翻身、爬行、走路、奔跑，有的学业有成，有的掌握一技之长，顺利融入社会。在杨守伟看来，“孩子们回馈的爱让我的工作格外有意义”。
见面会上，杨守伟带来了一幅画作，这是孩子们为她画的肖像，上面还有孩子们的签名。“对我来说，这表达的就是他们对我的爱，也是我最珍贵的一件收藏。”她说。
从青春年少到华发渐生，杨守伟将半生时光都化作温暖陪伴，也亲眼见证了儿童福利事业的发展变迁。她带领团队针对每个孩子的特殊情况，逐一制定成长方案：脑瘫孩子小新新学步困难，她设计了柔软加宽的学步带；肢体残疾孩子舟舟吃饭能力差，她定制了防滑的小勺子，用坚守和陪伴把一个个“不可能”变成了惊喜。
重庆市江津精神康复院营养膳食科科长张斯晋，已从事护理工作18年。面对特殊的患者群体，张斯晋身兼多重角色。晨间护理时，他为患者修剪指甲、理发剃须；深夜里，他是“提灯守夜人”，每个小时巡视病房一次；出院随访时，他跋山涉水，将免费药品送到患者手中。
“我们在‘十五五’时期将持续推进‘精康融合行动’，不断完善出院随访、居家护理指导、社区康复等全链条服务，做实一系列护理帮扶，助力患者能够更好地回归家庭和融入社会。”张斯晋说。
如今，养老服务正加速向专业化、精细化方向迈进。10年前，赵琼琼怀揣着对养老服务的懵懂与热忱，走进上海市第一社会福利院大门，10年里她不断锤炼本领、精进技能，一步步成长为该福利院生活区副主任。“养老护理早已不是简单的体力照料，更多的是一门融合多学科、重技能、具有高度专业性与人文关怀的复合型职业。”她说。
赵琼琼带领团队融合医学、康复学、护理学等专业知识，独创认知症“三不五感”照护法，为认知症老人打造温暖、舒适、安全、有尊严的生活环境。“未来，希望有更多年轻人能够加入我们这个行业，一起发光发热。”她说。
群众的一句感谢、一个笑容，对民政工作者来说就是最珍贵的回报。他们用脚步丈量民情，用真心守护民生，在新征程上书写着为民爱民的奋斗答卷。","### 5位民政系统代表与中外记者交流

# 民政系民生  服务暖民心（权威发布）

> 本报记者  吴储岐《人民日报》（2026年06月25日第 06 版）

民政工作连着千家万户，关乎百姓冷暖，广大民政工作者扎根群众身边、奋战民生一线，用心用情解决群众急难愁盼问题。

6月24日，国务院新闻办举行“新征程上的奋斗者”中外记者见面会，邀请5位来自民政系统的一线代表，围绕“民政系民生，服务暖民心”展开交流。

“我从2011年开始从事社会救助工作，一干就是15年。”来自陕西省西安市临潼区行者街道办事处的基层社会救助工作者郭珊珊介绍，这些年来，她和同事们常态化入户走访，把兜底保障政策精准送到困难群众身边。

曾有一名外地户籍学子遭遇严重车祸，高额治疗费让家庭陷入困境。“当时，我在临潼区民政局社会救助科工作，了解到这个家庭的困境后很揪心。”郭珊珊说，她和同事一边帮其办理长期居住证明、交通事故情况说明材料，送去临时救助金，一边对接其户籍地落实低保等社会救助政策。

浙江省杭州市救助管理站站长俞珍从事民政工作三十五载，深耕救助管理领域11年。俞珍和同事们常年奔走在铁路沿线、列车站台，一次次将走失的老人、孩子护送回家。

“认亲当日，兄妹五人相拥而泣，这一刻他们足足等了10年。”俞珍说，团队曾历时10年为一名智力障碍老人寻亲，后凭一句方言锁定关键线索，帮助失散家庭终得团聚。暖心坚守之外更有科技赋能，当地打造民政服务智能体“杭民星”，把全市民政政策和办事指南悉数装进“口袋里”；上线“数智驾驶舱”，形成快速响应机制，提升了街面救助的处置效率。

在山东省潍坊市儿童福利院，孩子们都亲切地喊同一个人“妈妈”，她就是副院长杨守伟。杨守伟用二十六载光阴守护孤弃儿童成长，500多个孩子在她的陪伴下，从趴在怀里的小不点，慢慢学会了翻身、爬行、走路、奔跑，有的学业有成，有的掌握一技之长，顺利融入社会。在杨守伟看来，“孩子们回馈的爱让我的工作格外有意义”。

见面会上，杨守伟带来了一幅画作，这是孩子们为她画的肖像，上面还有孩子们的签名。“对我来说，这表达的就是他们对我的爱，也是我最珍贵的一件收藏。”她说。

从青春年少到华发渐生，杨守伟将半生时光都化作温暖陪伴，也亲眼见证了儿童福利事业的发展变迁。她带领团队针对每个孩子的特殊情况，逐一制定成长方案：脑瘫孩子小新新学步困难，她设计了柔软加宽的学步带；肢体残疾孩子舟舟吃饭能力差，她定制了防滑的小勺子，用坚守和陪伴把一个个“不可能”变成了惊喜。

重庆市江津精神康复院营养膳食科科长张斯晋，已从事护理工作18年。面对特殊的患者群体，张斯晋身兼多重角色。晨间护理时，他为患者修剪指甲、理发剃须；深夜里，他是“提灯守夜人”，每个小时巡视病房一次；出院随访时，他跋山涉水，将免费药品送到患者手中。

“我们在‘十五五’时期将持续推进‘精康融合行动’，不断完善出院随访、居家护理指导、社区康复等全链条服务，做实一系列护理帮扶，助力患者能够更好地回归家庭和融入社会。”张斯晋说。

如今，养老服务正加速向专业化、精细化方向迈进。10年前，赵琼琼怀揣着对养老服务的懵懂与热忱，走进上海市第一社会福利院大门，10年里她不断锤炼本领、精进技能，一步步成长为该福利院生活区副主任。“养老护理早已不是简单的体力照料，更多的是一门融合多学科、重技能、具有高度专业性与人文关怀的复合型职业。”她说。

赵琼琼带领团队融合医学、康复学、护理学等专业知识，独创认知症“三不五感”照护法，为认知症老人打造温暖、舒适、安全、有尊严的生活环境。“未来，希望有更多年轻人能够加入我们这个行业，一起发光发热。”她说。

群众的一句感谢、一个笑容，对民政工作者来说就是最珍贵的回报。他们用脚步丈量民情，用真心守护民生，在新征程上书写着为民爱民的奋斗答卷。",吴储岐,要闻,,https://paper.people.com.cn/rmrb/pc/content/202606/25/content_30164791.html,2026-06-25,"['民政', '救助', '10', '杨守伟', '孩子', '护理', '俞珍', '张斯晋', '福利院', '服务']","民政工作连着千家万户，关乎百姓冷暖，广大民政工作者扎根群众身边、奋战民生一线，用心用情解决群众急难愁盼问题。
6月24日，国务院新闻办举行“新征程上的奋斗者”中外记者见面会，邀请5位来自民政系统的一线代表，围绕“民政系民生，服务暖民心”展开交流。
“我从2011年开始从事社会救助工作，一干就是15年。”来自陕西省西安市临潼区行者街道办事处的基层社会救助工作者郭珊珊介绍，这些年来，她和同事们常态化入户走访，把兜底保障政策精准送到困难群众身边。",政治,,,[],data/vault/2026/06/2026-06-25/06-要闻/民政系民生 服务暖民心（权威发布）.md,06,要闻
毕业季，人事档案如何转递（服务窗·迈向社会第一步）,"制图：沈亦伶
制图：沈亦伶
对高校毕业生而言，毕业季除了求职、租房等，还有一件事要引起重视——规范转递档案。
人事档案是职业生涯的重要凭证，贯穿求职入职、落户办理、社保参保、职称评审、工龄认定、退休核算等全流程。这份不可或缺的重要凭证，关系个人长远权益。
——编  者
档案有何用——
装着“人生履历”，事关切身利益
毕业生没见过自己的档案，或许有些好奇：档案袋里面到底装着什么？
档案袋装着一个人的“人生履历”。按照《干部人事档案工作条例》《流动人员人事档案管理服务规定》，人事档案是记录个人政治面貌、道德品行、学习工作经历、专业素养、奖惩情况、社会关系等内容的历史记录材料，是国家档案和社会信用体系的重要组成部分。对高校毕业生而言，档案里面会有在校期间的学籍材料、党团材料、成绩单、奖惩记录、录取材料等诸多关键内容，由学校在毕业前统一整理、审核、密封，形成完整学籍档案。步入职场后，还可以陆续补充工作经历、教育培训、考核鉴定、工作任免等材料，不断丰富档案内容，为职业发展提供重要依据。
人事档案不是无关紧要的“旧材料”，而是伴随个人一生的“成长记录册”“权益保障书”，是参加单位招聘、办理政审考察、申报职称评审和核定社保待遇等事项的重要依据，关系个人切身利益。
按照有关规定，保管高校毕业生档案的单位主要包括几类：高校，学生在校期间档案由学校统一管理，未就业毕业生可按规定在校保留两年；党政机关、国有企事业单位，这些单位可直接管理本单位干部人事档案；各级公共就业和人才服务机构，以及经授权的档案管理服务机构，主要面向非公企业员工、灵活就业人员、未就业毕业生提供档案管理服务。
档案怎么转——
严格执行“公对公”闭环转递
毕业季，档案办理的关键在于，根据就业去向明确档案接收单位，规范转递档案。人社部门提醒，毕业生档案严禁个人自带、私自拆封、自行保管。
档案流转严格执行“公对公”闭环转递，毕业生档案去向主要分为以下几类：
入职国家机关、国有企业、事业单位，毕业生无需自行办理转档，只需配合学校准确登记单位信息，学校会直接将毕业生档案转至单位组织人事部门接收管理。
入职非公企业、灵活就业或自主创业，非公企业不能自行管理人事档案，毕业生档案可转至用人单位委托存档的档案管理服务机构，也可转回户籍地公共就业和人才服务机构办理个人存档，安全规范管理档案。
离校未就业、备考深造或出国留学，毕业生档案可转至户籍地公共就业和人才服务机构管理，也可按政策申请在毕业院校保留两年，期满前及时转出，避免档案滞留影响后续使用。
以北京为例，市、区共有18家人力资源公共服务机构，面向毕业生、非公单位职工、灵活就业人员，提供档案接收与转递、材料收集归档、档案整理保管、档案查借阅、依据档案出具相关证明、政审考察等多项档案政务服务，线上线下均可办理。
信息怎么填——
毕业去向需准确如实填写
人社部门提醒，档案转递时由毕业院校与档案接收单位之间进行转递。毕业生需在登记毕业去向时如实填写档案接收单位名称、详细地址等，如果信息有误，可能导致档案寄错、退回，影响后续存档与使用。在登记环节，建议毕业生提前确认档案接收单位或机构邮寄地址、联系方式等信息，避免因名称不规范、地址不详造成退档。全国人社部门所属档案管理服务机构信息可登录全国人社政务服务平台或“中国人力资源市场网”查询。
毕业生的档案由学校完成统一转递。学校将统一规范填写档案转递单，通过邮政特快专递等渠道寄送档案，以保证档案安全及时送达。
例如在北京，如果档案接收单位是北京市、区人力资源公共服务机构，档案到达后，工作人员会及时审核并录入档案信息，通过发送短信或拨打电话的方式告知毕业生，因此一定要保持手机畅通。
北京市全面推行档案业务“网上办”“掌上办”，一部手机就能完成查询、接收、转递、开具证明等高频服务，实现“让数据多跑路、群众少跑腿”。目前有4种官方线上渠道：一是登录北京市政务服务网“高效办成一件事”专区；二是关注“北京人社”微信公众号；三是下载“北京人社”APP；四是登录北京市人社局官网。新用户完成实名注册登录后，即可按提示办理档案相关业务。其他地区也可通过各地人社部门官网或政务服务平台等渠道申请办理。跨省档案转递等服务，可通过全国人社政务服务平台办理。","# 毕业季，人事档案如何转递（服务窗·迈向社会第一步）

> 本报记者  潘俊强  李林蔚《人民日报》（2026年06月25日第 07 版）

制图：沈亦伶

制图：沈亦伶

对高校毕业生而言，毕业季除了求职、租房等，还有一件事要引起重视——规范转递档案。

人事档案是职业生涯的重要凭证，贯穿求职入职、落户办理、社保参保、职称评审、工龄认定、退休核算等全流程。这份不可或缺的重要凭证，关系个人长远权益。

——编  者

档案有何用——

装着“人生履历”，事关切身利益

毕业生没见过自己的档案，或许有些好奇：档案袋里面到底装着什么？

档案袋装着一个人的“人生履历”。按照《干部人事档案工作条例》《流动人员人事档案管理服务规定》，人事档案是记录个人政治面貌、道德品行、学习工作经历、专业素养、奖惩情况、社会关系等内容的历史记录材料，是国家档案和社会信用体系的重要组成部分。对高校毕业生而言，档案里面会有在校期间的学籍材料、党团材料、成绩单、奖惩记录、录取材料等诸多关键内容，由学校在毕业前统一整理、审核、密封，形成完整学籍档案。步入职场后，还可以陆续补充工作经历、教育培训、考核鉴定、工作任免等材料，不断丰富档案内容，为职业发展提供重要依据。

人事档案不是无关紧要的“旧材料”，而是伴随个人一生的“成长记录册”“权益保障书”，是参加单位招聘、办理政审考察、申报职称评审和核定社保待遇等事项的重要依据，关系个人切身利益。

按照有关规定，保管高校毕业生档案的单位主要包括几类：高校，学生在校期间档案由学校统一管理，未就业毕业生可按规定在校保留两年；党政机关、国有企事业单位，这些单位可直接管理本单位干部人事档案；各级公共就业和人才服务机构，以及经授权的档案管理服务机构，主要面向非公企业员工、灵活就业人员、未就业毕业生提供档案管理服务。

档案怎么转——

严格执行“公对公”闭环转递

毕业季，档案办理的关键在于，根据就业去向明确档案接收单位，规范转递档案。人社部门提醒，毕业生档案严禁个人自带、私自拆封、自行保管。

档案流转严格执行“公对公”闭环转递，毕业生档案去向主要分为以下几类：

入职国家机关、国有企业、事业单位，毕业生无需自行办理转档，只需配合学校准确登记单位信息，学校会直接将毕业生档案转至单位组织人事部门接收管理。

入职非公企业、灵活就业或自主创业，非公企业不能自行管理人事档案，毕业生档案可转至用人单位委托存档的档案管理服务机构，也可转回户籍地公共就业和人才服务机构办理个人存档，安全规范管理档案。

离校未就业、备考深造或出国留学，毕业生档案可转至户籍地公共就业和人才服务机构管理，也可按政策申请在毕业院校保留两年，期满前及时转出，避免档案滞留影响后续使用。

以北京为例，市、区共有18家人力资源公共服务机构，面向毕业生、非公单位职工、灵活就业人员，提供档案接收与转递、材料收集归档、档案整理保管、档案查借阅、依据档案出具相关证明、政审考察等多项档案政务服务，线上线下均可办理。

信息怎么填——

毕业去向需准确如实填写

人社部门提醒，档案转递时由毕业院校与档案接收单位之间进行转递。毕业生需在登记毕业去向时如实填写档案接收单位名称、详细地址等，如果信息有误，可能导致档案寄错、退回，影响后续存档与使用。在登记环节，建议毕业生提前确认档案接收单位或机构邮寄地址、联系方式等信息，避免因名称不规范、地址不详造成退档。全国人社部门所属档案管理服务机构信息可登录全国人社政务服务平台或“中国人力资源市场网”查询。

毕业生的档案由学校完成统一转递。学校将统一规范填写档案转递单，通过邮政特快专递等渠道寄送档案，以保证档案安全及时送达。

例如在北京，如果档案接收单位是北京市、区人力资源公共服务机构，档案到达后，工作人员会及时审核并录入档案信息，通过发送短信或拨打电话的方式告知毕业生，因此一定要保持手机畅通。

北京市全面推行档案业务“网上办”“掌上办”，一部手机就能完成查询、接收、转递、开具证明等高频服务，实现“让数据多跑路、群众少跑腿”。目前有4种官方线上渠道：一是登录北京市政务服务网“高效办成一件事”专区；二是关注“北京人社”微信公众号；三是下载“北京人社”APP；四是登录北京市人社局官网。新用户完成实名注册登录后，即可按提示办理档案相关业务。其他地区也可通过各地人社部门官网或政务服务平台等渠道申请办理。跨省档案转递等服务，可通过全国人社政务服务平台办理。",潘俊强  李林蔚,社会,,https://paper.people.com.cn/rmrb/pc/content/202606/25/content_30164794.html,2026-06-25,"['档案', '转递', '毕业生', '人事档案', '人社', '接收单位', '服务', '就业', '办理', '毕业']","制图：沈亦伶
制图：沈亦伶
对高校毕业生而言，毕业季除了求职、租房等，还有一件事要引起重视——规范转递档案。",政治,,,[],data/vault/2026/06/2026-06-25/07-社会/毕业季，人事档案如何转递（服务窗·迈向社会第一步）.md,07,社会
建强基层党组织，推进农业农村现代化（新时代画卷）,"产业振兴福建省南安市洪濑镇溪霞村党员志愿服务队走进辖区非遗豆豉古法酿造厂区，体验了解传统豆豉晒制原料等非遗生产工序，帮助企业解决发展难题。谢贵明摄（人民视觉）
产业振兴
福建省南安市洪濑镇溪霞村党员志愿服务队走进辖区非遗豆豉古法酿造厂区，体验了解传统豆豉晒制原料等非遗生产工序，帮助企业解决发展难题。
谢贵明摄（人民视觉）
产业振兴内蒙古自治区通辽市科尔沁左翼后旗散都苏木党员干部通过电商渠道，展示散都大米、优质杂粮、水库鱼等多款特色农产品，助力当地产业发展。包东旭摄（影像中国）
产业振兴
内蒙古自治区通辽市科尔沁左翼后旗散都苏木党员干部通过电商渠道，展示散都大米、优质杂粮、水库鱼等多款特色农产品，助力当地产业发展。
包东旭摄（影像中国）
产业振兴安徽省安庆市岳西县温泉镇龙井村加强党建引领，大力发展智慧农业大棚，推动产业发展、村民增收。熊凤霞摄（影像中国）
产业振兴
安徽省安庆市岳西县温泉镇龙井村加强党建引领，大力发展智慧农业大棚，推动产业发展、村民增收。
熊凤霞摄（影像中国）
人才振兴湖北省黄冈市英山县组织科技、林业、农业等部门党员干部下沉田间地头，开展技术指导、政策宣讲等便民服务。图为在方家咀乡望天畈村，英山县自然资源和规划局党员志愿者（左一）在指导村民进行枫树苗培育。王  江摄（人民视觉）
人才振兴
湖北省黄冈市英山县组织科技、林业、农业等部门党员干部下沉田间地头，开展技术指导、政策宣讲等便民服务。图为在方家咀乡望天畈村，英山县自然资源和规划局党员志愿者（左一）在指导村民进行枫树苗培育。
王  江摄（人民视觉）
人才振兴近年来，新疆维吾尔自治区乌苏市扎实做好选调生到村任职工作，引导选调生投身乡村全面振兴。图为到村任职的选调生陶凤（中）在乌苏市八十四户乡巴海村育苗大棚内了解玉米苗生长及销售情况。李仁锡摄（影像中国）
人才振兴
近年来，新疆维吾尔自治区乌苏市扎实做好选调生到村任职工作，引导选调生投身乡村全面振兴。图为到村任职的选调生陶凤（中）在乌苏市八十四户乡巴海村育苗大棚内了解玉米苗生长及销售情况。
李仁锡摄（影像中国）
文化振兴甘肃省陇南市武都区柏林镇湾儿下村大力发展文创工坊，助力乡村文化振兴。图为省级乡村工匠、陇南市首届乡土人才田刚（左）在文创工坊制作紫泥文创产品。李旭春摄（影像中国）
文化振兴
甘肃省陇南市武都区柏林镇湾儿下村大力发展文创工坊，助力乡村文化振兴。图为省级乡村工匠、陇南市首届乡土人才田刚（左）在文创工坊制作紫泥文创产品。
李旭春摄（影像中国）
文化振兴河北省沧州市盐山县边务镇高龙潭村党群服务中心热闹非凡，精彩的民俗表演轮番上演，为村民送上文化产品。王洪胜摄（影像中国）
文化振兴
河北省沧州市盐山县边务镇高龙潭村党群服务中心热闹非凡，精彩的民俗表演轮番上演，为村民送上文化产品。
王洪胜摄（影像中国）
文化振兴“茉莉花开·家门口赏好戏”2026年泗州戏非遗惠民展演在江苏省宿迁市泗洪县梅花镇从庄村党群服务中心精彩上演，丰富群众精神生活。刘  烨摄（影像中国）
文化振兴
“茉莉花开·家门口赏好戏”2026年泗州戏非遗惠民展演在江苏省宿迁市泗洪县梅花镇从庄村党群服务中心精彩上演，丰富群众精神生活。
刘  烨摄（影像中国）
生态振兴浙江省长兴县小浦镇依托银杏资源，统筹生态保护与乡村发展。在该镇八都岕十里古银杏长廊，数万棵银杏与民居、河道、青山、公路相互映衬，呈现一幅宜居宜业和美乡村画卷。陈海伟摄（人民视觉）
生态振兴
浙江省长兴县小浦镇依托银杏资源，统筹生态保护与乡村发展。在该镇八都岕十里古银杏长廊，数万棵银杏与民居、河道、青山、公路相互映衬，呈现一幅宜居宜业和美乡村画卷。
陈海伟摄（人民视觉）
生态振兴贵州省毕节市大方县奢香古镇古彝梯田曾经是喀斯特地貌典型的积水洼地，当地依托天然地形垒埂塑形，将洼地打造成总面积约12万平方米的梯田景观，成为生态修复、文旅赋能乡村全面振兴的生动样板。图为奢香古镇的梯田景观。李  华摄（人民视觉）
生态振兴
贵州省毕节市大方县奢香古镇古彝梯田曾经是喀斯特地貌典型的积水洼地，当地依托天然地形垒埂塑形，将洼地打造成总面积约12万平方米的梯田景观，成为生态修复、文旅赋能乡村全面振兴的生动样板。图为奢香古镇的梯田景观。
李  华摄（人民视觉）
组织振兴四川省达州市各机关单位组织青年党员干部成立“帮帮团”志愿服务小分队，到乡村振兴帮扶联系村开展助耕服务。图为达州市渠县报恩乡党员志愿者帮助农户转运水稻秧苗。邓良奎摄（人民视觉）
组织振兴
四川省达州市各机关单位组织青年党员干部成立“帮帮团”志愿服务小分队，到乡村振兴帮扶联系村开展助耕服务。图为达州市渠县报恩乡党员志愿者帮助农户转运水稻秧苗。
邓良奎摄（人民视觉）
组织振兴河南省面向社会公开招用乡村振兴村级协理员，协助村两委履行推进乡村产业发展等工作。图为太康县老冢镇刘寨村村支书与协理员（右一）一起查看麦收情况。新华社记者  李嘉南摄
组织振兴
河南省面向社会公开招用乡村振兴村级协理员，协助村两委履行推进乡村产业发展等工作。图为太康县老冢镇刘寨村村支书与协理员（右一）一起查看麦收情况。
新华社记者  李嘉南摄
组织振兴山东省德州市陵城区边临镇西于架村党群服务中心，村干部为群众讲解办事流程。侯琳良  王天笑摄影报道
组织振兴
山东省德州市陵城区边临镇西于架村党群服务中心，村干部为群众讲解办事流程。
侯琳良  王天笑摄影报道","# 建强基层党组织，推进农业农村现代化（新时代画卷）

> 《人民日报》（2026年06月25日第 08 版）

产业振兴　　福建省南安市洪濑镇溪霞村党员志愿服务队走进辖区非遗豆豉古法酿造厂区，体验了解传统豆豉晒制原料等非遗生产工序，帮助企业解决发展难题。　　谢贵明摄（人民视觉）

产业振兴

福建省南安市洪濑镇溪霞村党员志愿服务队走进辖区非遗豆豉古法酿造厂区，体验了解传统豆豉晒制原料等非遗生产工序，帮助企业解决发展难题。

谢贵明摄（人民视觉）

产业振兴　　内蒙古自治区通辽市科尔沁左翼后旗散都苏木党员干部通过电商渠道，展示散都大米、优质杂粮、水库鱼等多款特色农产品，助力当地产业发展。　　包东旭摄（影像中国）

产业振兴

内蒙古自治区通辽市科尔沁左翼后旗散都苏木党员干部通过电商渠道，展示散都大米、优质杂粮、水库鱼等多款特色农产品，助力当地产业发展。

包东旭摄（影像中国）

产业振兴　　安徽省安庆市岳西县温泉镇龙井村加强党建引领，大力发展智慧农业大棚，推动产业发展、村民增收。　　熊凤霞摄（影像中国）

产业振兴

安徽省安庆市岳西县温泉镇龙井村加强党建引领，大力发展智慧农业大棚，推动产业发展、村民增收。

熊凤霞摄（影像中国）

人才振兴　　湖北省黄冈市英山县组织科技、林业、农业等部门党员干部下沉田间地头，开展技术指导、政策宣讲等便民服务。图为在方家咀乡望天畈村，英山县自然资源和规划局党员志愿者（左一）在指导村民进行枫树苗培育。　　王  江摄（人民视觉）

人才振兴

湖北省黄冈市英山县组织科技、林业、农业等部门党员干部下沉田间地头，开展技术指导、政策宣讲等便民服务。图为在方家咀乡望天畈村，英山县自然资源和规划局党员志愿者（左一）在指导村民进行枫树苗培育。

王  江摄（人民视觉）

人才振兴　　近年来，新疆维吾尔自治区乌苏市扎实做好选调生到村任职工作，引导选调生投身乡村全面振兴。图为到村任职的选调生陶凤（中）在乌苏市八十四户乡巴海村育苗大棚内了解玉米苗生长及销售情况。　　李仁锡摄（影像中国）

人才振兴

近年来，新疆维吾尔自治区乌苏市扎实做好选调生到村任职工作，引导选调生投身乡村全面振兴。图为到村任职的选调生陶凤（中）在乌苏市八十四户乡巴海村育苗大棚内了解玉米苗生长及销售情况。

李仁锡摄（影像中国）

文化振兴　　甘肃省陇南市武都区柏林镇湾儿下村大力发展文创工坊，助力乡村文化振兴。图为省级乡村工匠、陇南市首届乡土人才田刚（左）在文创工坊制作紫泥文创产品。 　　李旭春摄（影像中国）

文化振兴

甘肃省陇南市武都区柏林镇湾儿下村大力发展文创工坊，助力乡村文化振兴。图为省级乡村工匠、陇南市首届乡土人才田刚（左）在文创工坊制作紫泥文创产品。

李旭春摄（影像中国）

文化振兴　　河北省沧州市盐山县边务镇高龙潭村党群服务中心热闹非凡，精彩的民俗表演轮番上演，为村民送上文化产品。　　王洪胜摄（影像中国）

文化振兴

河北省沧州市盐山县边务镇高龙潭村党群服务中心热闹非凡，精彩的民俗表演轮番上演，为村民送上文化产品。

王洪胜摄（影像中国）

文化振兴　　“茉莉花开·家门口赏好戏”2026年泗州戏非遗惠民展演在江苏省宿迁市泗洪县梅花镇从庄村党群服务中心精彩上演，丰富群众精神生活。　　刘  烨摄（影像中国）

文化振兴

“茉莉花开·家门口赏好戏”2026年泗州戏非遗惠民展演在江苏省宿迁市泗洪县梅花镇从庄村党群服务中心精彩上演，丰富群众精神生活。

刘  烨摄（影像中国）

生态振兴　　浙江省长兴县小浦镇依托银杏资源，统筹生态保护与乡村发展。在该镇八都岕十里古银杏长廊，数万棵银杏与民居、河道、青山、公路相互映衬，呈现一幅宜居宜业和美乡村画卷。　　陈海伟摄（人民视觉）

生态振兴

浙江省长兴县小浦镇依托银杏资源，统筹生态保护与乡村发展。在该镇八都岕十里古银杏长廊，数万棵银杏与民居、河道、青山、公路相互映衬，呈现一幅宜居宜业和美乡村画卷。

陈海伟摄（人民视觉）

生态振兴　　贵州省毕节市大方县奢香古镇古彝梯田曾经是喀斯特地貌典型的积水洼地，当地依托天然地形垒埂塑形，将洼地打造成总面积约12万平方米的梯田景观，成为生态修复、文旅赋能乡村全面振兴的生动样板。图为奢香古镇的梯田景观。　　李  华摄（人民视觉）

生态振兴

贵州省毕节市大方县奢香古镇古彝梯田曾经是喀斯特地貌典型的积水洼地，当地依托天然地形垒埂塑形，将洼地打造成总面积约12万平方米的梯田景观，成为生态修复、文旅赋能乡村全面振兴的生动样板。图为奢香古镇的梯田景观。

李  华摄（人民视觉）

组织振兴　　四川省达州市各机关单位组织青年党员干部成立“帮帮团”志愿服务小分队，到乡村振兴帮扶联系村开展助耕服务。图为达州市渠县报恩乡党员志愿者帮助农户转运水稻秧苗。　　邓良奎摄（人民视觉）

组织振兴

四川省达州市各机关单位组织青年党员干部成立“帮帮团”志愿服务小分队，到乡村振兴帮扶联系村开展助耕服务。图为达州市渠县报恩乡党员志愿者帮助农户转运水稻秧苗。

邓良奎摄（人民视觉）

组织振兴　　河南省面向社会公开招用乡村振兴村级协理员，协助村两委履行推进乡村产业发展等工作。图为太康县老冢镇刘寨村村支书与协理员（右一）一起查看麦收情况。　　新华社记者  李嘉南摄

组织振兴

河南省面向社会公开招用乡村振兴村级协理员，协助村两委履行推进乡村产业发展等工作。图为太康县老冢镇刘寨村村支书与协理员（右一）一起查看麦收情况。

新华社记者  李嘉南摄

组织振兴　　山东省德州市陵城区边临镇西于架村党群服务中心，村干部为群众讲解办事流程。　　侯琳良  王天笑摄影报道

组织振兴

山东省德州市陵城区边临镇西于架村党群服务中心，村干部为群众讲解办事流程。

侯琳良  王天笑摄影报道",,视觉,,https://paper.people.com.cn/rmrb/pc/content/202606/25/content_30164728.html,2026-06-25,"['振兴', '乡村', '图为', '影像', '视觉', '党群', '选调生', '文创', '产业', '生态']","产业振兴福建省南安市洪濑镇溪霞村党员志愿服务队走进辖区非遗豆豉古法酿造厂区，体验了解传统豆豉晒制原料等非遗生产工序，帮助企业解决发展难题。谢贵明摄（人民视觉）
产业振兴
福建省南安市洪濑镇溪霞村党员志愿服务队走进辖区非遗豆豉古法酿造厂区，体验了解传统豆豉晒制原料等非遗生产工序，帮助企业解决发展难题。",政治,,,[],data/vault/2026/06/2026-06-25/08-视觉/建强基层党组织，推进农业农村现代化（新时代画卷）.md,08,视觉
一个支部就是一个堡垒 一名党员就是一面旗帜,"6月24日，习近平总书记在山东省德州市考察时希望村党组织进一步发挥党建引领作用，充分调动村民群众的积极性，在推进宜居宜业和美乡村建设中不断取得新成绩。
乡村振兴是包括产业振兴、人才振兴、文化振兴、生态振兴、组织振兴的全面振兴。农村工作千头万绪，抓好农村基层组织建设是关键。新时代以来，党中央树立大抓基层的鲜明导向，抓党建促乡村振兴，着力增强农村基层党组织政治功能和组织功能。不断加强村党组织带头人队伍建设，农村基层党组织日益成为有效实现党的领导的坚强战斗堡垒。
村看村，户看户，群众看干部。农村基层干部，是党和政府联系群众的桥梁。干部作风关乎党的形象，影响乡村全面振兴成色。从确定“基层减负年”，到中央层面建立整治形式主义为基层减负专项工作机制，再到印发《整治形式主义为基层减负若干规定》……越来越多基层干部有更多时间和精力服务群众、推动发展。
农业农村现代化关系中国式现代化全局和成色。今年是常态化帮扶的第一年，乡村全面振兴的任务仍然繁重。一个支部就是一个堡垒，一名党员就是一面旗帜。要加强党对“三农”工作的全面领导，发挥党员干部示范带动作用，着力提升农业综合生产能力和质量效益，确保粮食等重要农产品稳定供给，因地制宜推进宜居宜业和美乡村建设，引导广大农民群众用勤劳和智慧创造更加美好生活。","# 一个支部就是一个堡垒 一名党员就是一面旗帜

> 何昭宇《人民日报》（2026年06月25日第 08 版）

6月24日，习近平总书记在山东省德州市考察时希望村党组织进一步发挥党建引领作用，充分调动村民群众的积极性，在推进宜居宜业和美乡村建设中不断取得新成绩。

乡村振兴是包括产业振兴、人才振兴、文化振兴、生态振兴、组织振兴的全面振兴。农村工作千头万绪，抓好农村基层组织建设是关键。新时代以来，党中央树立大抓基层的鲜明导向，抓党建促乡村振兴，着力增强农村基层党组织政治功能和组织功能。不断加强村党组织带头人队伍建设，农村基层党组织日益成为有效实现党的领导的坚强战斗堡垒。

村看村，户看户，群众看干部。农村基层干部，是党和政府联系群众的桥梁。干部作风关乎党的形象，影响乡村全面振兴成色。从确定“基层减负年”，到中央层面建立整治形式主义为基层减负专项工作机制，再到印发《整治形式主义为基层减负若干规定》……越来越多基层干部有更多时间和精力服务群众、推动发展。

农业农村现代化关系中国式现代化全局和成色。今年是常态化帮扶的第一年，乡村全面振兴的任务仍然繁重。一个支部就是一个堡垒，一名党员就是一面旗帜。要加强党对“三农”工作的全面领导，发挥党员干部示范带动作用，着力提升农业综合生产能力和质量效益，确保粮食等重要农产品稳定供给，因地制宜推进宜居宜业和美乡村建设，引导广大农民群众用勤劳和智慧创造更加美好生活。",何昭宇,视觉,,https://paper.people.com.cn/rmrb/pc/content/202606/25/content_30164729.html,2026-06-25,"['振兴', '乡村', '党组织', '减负', '基层', '农村基层', '堡垒', '群众', '宜业', '全面']","6月24日，习近平总书记在山东省德州市考察时希望村党组织进一步发挥党建引领作用，充分调动村民群众的积极性，在推进宜居宜业和美乡村建设中不断取得新成绩。
乡村振兴是包括产业振兴、人才振兴、文化振兴、生态振兴、组织振兴的全面振兴。农村工作千头万绪，抓好农村基层组织建设是关键。新时代以来，党中央树立大抓基层的鲜明导向，抓党建促乡村振兴，着力增强农村基层党组织政治功能和组织功能。不断加强村党组织带头人队伍建设，农村基层党组织日益成为有效实现党的领导的坚强战斗堡垒。
村看村，户看户，群众看干部。农村基层干部，是党和政府联系群众的桥梁。干部作风关乎党的形象，影响乡村全面振兴成色。从确定“基层减负年”，到中央层面建立整治形式主义为基层减负专项工作机制，再到印发《整治形式主义为基层减负若干规定》……越来越多基层干部有更多时间和精力服务群众、推动发展。",政治,,,[],data/vault/2026/06/2026-06-25/08-视觉/一个支部就是一个堡垒 一名党员就是一面旗帜.md,08,视觉
深入学习领会习近平党建思想鲜明的理论品格（深入学习贯彻习近平新时代中国特色社会主义思想）,"理论品格，体现的是一种思想体系作为科学理论的内在特质。习近平党建思想的理论品格，体现的是习近平党建思想超越一般党建经验和工作部署、深刻把握长期执政的马克思主义政党建设规律的理论特质。习近平党建思想蕴含的坚定的理想信念、高度的历史主动、鲜明的问题导向、强烈的使命担当、深厚的为民情怀、科学的思想方法，明体达用、体用贯通，具有鲜明的理论品格。
深入学习领会习近平党建思想，关键在于从“明体达用、体用贯通”中理解其精神气质、理论结构和实践特征。“明体”就是揭示长期执政的马克思主义政党建设的根本规定、政治原则和价值根基；“达用”就是把这些根本规定、政治原则和价值根基转化为管党治党、兴党强党的实践要求、制度机制和工作方法；“体用贯通”就是把理论本体与实践运用，价值立场与制度安排，党的自身建设与强国建设、民族复兴贯通起来。“明体达用、体用贯通”，集中体现为坚定的理想信念、高度的历史主动、鲜明的问题导向、强烈的使命担当、深厚的为民情怀、科学的思想方法，它们相互支撑、彼此贯通。我们要深入学习领会这一重要思想鲜明的理论品格，自觉从中体悟真理力量和人格力量，增进政治认同、思想认同、理论认同、情感认同。
深刻领会习近平党建思想蕴含的坚定的理想信念
马克思主义政党是以科学理论为指导、以崇高理想为追求、以坚定信念为支撑的先进政治力量。党的建设说到底是人的建设、组织的建设、政治力量的建设，其中最根本的是理想信念的建设。马克思主义政党如果没有坚定的理想信念，就会失去政治灵魂；长期执政的马克思主义政党如果理想信念动摇，就会在权力、利益和复杂环境面前迷失方向。
坚定的理想信念揭示了党的建设最深层的精神根基。习近平总书记指出：“理想信念是共产党人的精神支柱和政治灵魂。”党的建设不是一般的组织治理，而是马克思主义政党保持先进性、纯洁性和战斗力的政治工程。理想信念是党的各方面建设的精神源头。没有理想信念，政治建设容易流于形式，思想建设会失去方向，组织建设会缺乏凝聚力，作风建设、纪律建设、制度建设和反腐败斗争也难以形成内在自觉。
坚定的理想信念回答的是“党凭什么立起来、强起来”的根本问题。习近平党建思想充满对马克思主义的坚定信仰，对共产主义远大理想和中国特色社会主义共同理想的执着追求，把理想信念置于党的建设的根基位置，深刻揭示了思想建党、理论强党的根本道理。党的十八大以来，习近平总书记始终强调用党的创新理论凝心铸魂，强调锤炼坚强党性，正是因为理想信念是共产党人安身立命的根本。理想信念坚定，党才能在复杂形势下保持政治定力，党员干部才能在大是大非面前旗帜鲜明，党组织才能形成统一意志和统一行动。坚定理想信念不是抽象宣示，而必须强化理论武装、加强党性锤炼、筑牢政治忠诚。坚持用党的创新理论凝心铸魂，就是把理想信念建立在科学理论基础之上；坚持加强党性教育和党性锻炼，就是把理想信念转化为党员干部的政治品格；坚持严肃党内政治生活，就是把理想信念落实到组织生活和政治实践之中。
深刻领会习近平党建思想蕴含的高度的历史主动
党的建设从来不是静态的，而是随着党的历史方位、中心任务和时代条件的变化而不断发展持续。习近平总书记在党的二十大报告中指出：“坚定历史自信，增强历史主动”。历史主动，就是在深刻把握历史规律和时代大势基础上，不被动应付问题，不消极等待变化，主动识变应变求变，持续推进理论创新、实践创新、制度创新。
习近平党建思想深刻揭示了新时代党的建设的历史方位和发展大势。中国共产党已经成为长期执政的马克思主义政党，正领导中国人民以中国式现代化全面推进强国建设、民族复兴伟业。长期执政既意味着党的领导地位更加重要，也意味着党面临的风险考验更加复杂。如何始终保持党的先进性和纯洁性，确保党不变质、不变色、不变味，确保党始终成为中国特色社会主义事业的坚强领导核心，是新时代党的建设必须主动回答的重大问题。习近平党建思想基于对历史经验的深刻总结、对发展方位的深刻洞察，科学回答建设什么样的长期执政的马克思主义政党、怎样建设长期执政的马克思主义政党的重大时代课题。这一重要思想把马克思主义建党学说同新时代中国共产党长期执政的伟大实践结合起来，蕴含高度的历史主动，展现出鲜明的时代意识和理论创造精神。
历史主动不是抽象的概念，而是具体体现在推进新时代党的建设新的伟大工程的实践进程中。习近平党建思想以永葆“赶考”的清醒和坚定，系统回答了新时代管党治党怎么办、怎么干的一系列重大问题，深刻体现了党对自身建设规律认识的深化，使党在革命性锻造中更加坚强有力，在应对国内外各种风险和考验的历史进程中始终成为全国人民的主心骨，引领保障党和国家事业行稳致远。
深刻领会习近平党建思想蕴含的鲜明的问题导向
坚持问题导向是马克思主义的鲜明特点。习近平总书记指出：“只有聆听时代的声音，回应时代的呼唤，认真研究解决重大而紧迫的问题，才能真正把握住历史脉络、找到发展规律，推动理论创新。”习近平党建思想是在解决党内存在的突出问题、应对长期执政面临的风险考验、推进新时代党的建设新的伟大工程中形成和发展的。鲜明的问题导向，生动体现了不断发现和解决党的建设面临的重大理论和实践问题的务实品格。
问题导向不是简单就问题谈问题，而是通过问题揭示规律。长期执政不是一劳永逸的资格，而是持续经受考验、不断解决问题的历史过程。党越是长期执政，越不能忽视自身存在的问题；党的事业越是发展，越需要以清醒的问题意识推进自身建设。长期执政条件下，党面临的问题具有复杂性和深层性。理想信念弱化、政治意识淡化、组织功能虚化、作风问题顽固化、纪律约束松弛化、腐败风险隐蔽化、责任落实形式化等，都会影响党的先进性和纯洁性，削弱党的创造力、凝聚力、战斗力。习近平党建思想科学回答了“从什么现实矛盾切入推进党的建设”的重要问题，揭示了长期执政的马克思主义政党建设必须坚持全面从严、系统治理、标本兼治的内在规律。鲜明的问题导向的深层意义在于，它使习近平党建思想不是停留在规范性要求层面，而是在破解长期执政政党建设难题中揭示规律、形成原理、建构体系。
鲜明的问题导向体现在实践中，要求把发现问题、分析问题、解决问题贯通起来。全面从严治党之所以成为新时代党的建设的鲜明主题，就在于它不是某一方面工作的局部要求，而是针对长期执政条件下党的建设面临的深层次问题提出的系统方案。“全面”意味着对象、领域、过程和责任全覆盖；“从严”意味着党的各个方面都要严起来。通过全面从严治党，党的建设从宽松软走向严紧硬，从局部整治走向系统治理，从阶段性推进走向常态化长效化。
深刻领会习近平党建思想蕴含的强烈的使命担当
使命担当是中国共产党人始终如一的精神基因和价值追求。习近平总书记指出：“我们的责任，就是要团结带领全党全国各族人民，接过历史的接力棒，继续为实现中华民族伟大复兴而努力奋斗，使中华民族更加坚强有力地自立于世界民族之林，为人类作出新的更大的贡献。”“就是要进行好具有许多新的历史特点的伟大斗争、有效应对各种风险和挑战，实现‘两个一百年’奋斗目标、实现中华民族伟大复兴的中国梦，必须把我们党建设好、建设强。”把握使命担当，才能理解党的建设的战略意义和实践指向。
中国共产党是为中国人民谋幸福、为中华民族谋复兴的党。习近平党建思想把管党治党、兴党强党和强国建设、民族复兴贯通起来，揭示了强党与强国相统一的内在逻辑。党坚强有力，国家事业才有根本保证；党自身过硬，民族复兴才有坚强领导力量。回答好建设什么样的长期执政的马克思主义政党、怎样建设长期执政的马克思主义政党的重大时代课题，最终是为了回答党如何更好领导中国人民以中国式现代化全面推进强国建设、民族复兴伟业。
强烈的使命担当是对党和国家事业、对人民和历史高度负责的深刻体现。党的十八大以来，在习近平党建思想的科学指引下，我们党健全上下贯通、执行有力的组织体系，建设堪当民族复兴重任的高素质干部队伍，坚持制度治党、依规治党，落实管党治党政治责任，坚定不移抓思想从严、监督从严、执纪从严、治吏从严、作风从严、反腐从严，刹住了一些长期没有刹住的歪风，纠治了一些多年未除的顽瘴痼疾。深刻领会习近平党建思想蕴含的强烈的使命担当，就是要在强党强国的贯通理解中增进政治认同、思想认同、理论认同、情感认同，把党的建设成效转化为推进强国建设、民族复兴伟业的坚强保证。
深刻领会习近平党建思想蕴含的深厚的为民情怀
人民立场是马克思主义政党的根本政治立场。习近平总书记强调：“我们党始终代表中国最广大人民的根本利益”。把我们党建设好、建设强，根本目的就是确保党始终代表人民、植根人民、服务人民，永葆同人民群众的血肉联系，坚持为人民执政、靠人民执政。人民性是习近平党建思想最鲜明、最深厚的价值底色，其中饱含的深厚的为民情怀，深刻揭示了管党治党、兴党强党的重要使命，回答了“为了谁、依靠谁、我是谁”这一根本问题。
加强党的自身建设、持之以恒推进全面从严治党，绝非单纯完善党内管理、规范党内秩序，而是为了防范党在长期执政条件下脱离群众，警惕党员干部在权力诱惑、利益考验中淡化人民立场，坚决守住党的性质宗旨不动摇，归根结底是坚持不忘初心、牢记使命的必然要求。因此，深厚的为民情怀是贯穿习近平党建思想的价值根基。
“坚持不忘初心、牢记使命”作为“十四个坚持”的重要内容，使这份深厚的为民情怀具体落实在管党治党、兴党强党全部实践之中，体现为密切联系群众的优良作风、守护群众切身利益的刚性纪律、回应人民美好期盼的治理效能。深学细悟习近平党建思想蕴含的深厚的为民情怀，必须不断深化对党的性质宗旨、初心使命的认识与理解，从中体悟“我将无我，不负人民”的强大人格力量，始终站稳人民立场、厚植为民根基，守护民心、造福人民。
深刻领会习近平党建思想蕴含的科学的思想方法
科学的思想方法是科学理论具备强大解释力与实践指导力的重要基础。理想信念、历史主动、问题导向、使命担当、为民情怀，分别从政治灵魂、时代方位、实践切口、战略指向、价值立场五个维度，彰显了习近平党建思想的理论品格。科学的思想方法则串联起这五个方面，将其转化为管党治党、兴党强党实践体系的重要方法论支撑。
习近平党建思想强调不断提高战略思维、历史思维、辩证思维、系统思维、创新思维、法治思维、底线思维能力，要求把握好全局和局部、当前和长远、宏观和微观、主要矛盾和次要矛盾、特殊和一般等的关系，切实做到前瞻性思考、全局性谋划、整体性推进党的建设。这为我们科学认识问题、准确分析问题、更好解决问题树立了典范，提供了科学的方法论指引。比如，战略思维，体现在党的建设既要解决现实问题，更要服务长远发展；既要加强党自身的建设，更要保障党和国家事业全局，把党的建设放到长期执政条件下思考，放到强国建设、民族复兴大局中谋划。又如，在习近平党建思想科学指引下，党的建设全领域覆盖、全链条衔接、全方位发力，体现了系统治理、整体推进、协同发力的思维方式，这是系统思维的重要体现。再如，习近平党建思想不是片面强调某一方面建设，而是强调党的建设各个方面相互贯通、相互支撑、相互促进，这是辩证思维的重要体现；等等。
科学的思想方法的重要性，在于它能把坚定的理想信念转化为党的政治建设和思想建设的基本理念，把深厚的为民情怀转化为党的作风建设和纪律建设的基本要求，把高度的历史主动转化为党的建设战略部署，把鲜明的问题导向转化为全面从严治党的系统方案，把强烈的使命担当转化为强党强国的实践路径，这进一步彰显了习近平党建思想强大的真理力量、人格力量和实践伟力。
习近平党建思想鲜明的理论品格具有内在贯通的逻辑结构。其以坚定的理想信念铸牢政治之魂，以高度的历史主动把握时代之势，以鲜明的问题导向破解实践之题，以强烈的使命担当贯通强党强国之责，以深厚的为民情怀强固价值之本，以科学的思想方法形成管党治党、兴党强党之法。我们要深入学习领会习近平党建思想鲜明的理论品格，在领悟真理力量中坚定信仰信念，在增强历史主动中增强行动自觉，在强化问题导向中提升实践能力，在履行使命担当中践行初心使命，在坚定人民立场中厚植为民情怀，在掌握科学方法中把握管党治党、兴党强党的规律要求，不断为推进新时代党的建设新的伟大工程、走好强党强国之路贡献力量。
（作者为中央党校（国家行政学院）习近平新时代中国特色社会主义思想研究中心研究员）","# 深入学习领会习近平党建思想鲜明的理论品格（深入学习贯彻习近平新时代中国特色社会主义思想）

> 宋福范《人民日报》（2026年06月25日第 09 版）

理论品格，体现的是一种思想体系作为科学理论的内在特质。习近平党建思想的理论品格，体现的是习近平党建思想超越一般党建经验和工作部署、深刻把握长期执政的马克思主义政党建设规律的理论特质。习近平党建思想蕴含的坚定的理想信念、高度的历史主动、鲜明的问题导向、强烈的使命担当、深厚的为民情怀、科学的思想方法，明体达用、体用贯通，具有鲜明的理论品格。

深入学习领会习近平党建思想，关键在于从“明体达用、体用贯通”中理解其精神气质、理论结构和实践特征。“明体”就是揭示长期执政的马克思主义政党建设的根本规定、政治原则和价值根基；“达用”就是把这些根本规定、政治原则和价值根基转化为管党治党、兴党强党的实践要求、制度机制和工作方法；“体用贯通”就是把理论本体与实践运用，价值立场与制度安排，党的自身建设与强国建设、民族复兴贯通起来。“明体达用、体用贯通”，集中体现为坚定的理想信念、高度的历史主动、鲜明的问题导向、强烈的使命担当、深厚的为民情怀、科学的思想方法，它们相互支撑、彼此贯通。我们要深入学习领会这一重要思想鲜明的理论品格，自觉从中体悟真理力量和人格力量，增进政治认同、思想认同、理论认同、情感认同。

**深刻领会习近平党建思想蕴含的坚定的理想信念**

马克思主义政党是以科学理论为指导、以崇高理想为追求、以坚定信念为支撑的先进政治力量。党的建设说到底是人的建设、组织的建设、政治力量的建设，其中最根本的是理想信念的建设。马克思主义政党如果没有坚定的理想信念，就会失去政治灵魂；长期执政的马克思主义政党如果理想信念动摇，就会在权力、利益和复杂环境面前迷失方向。

坚定的理想信念揭示了党的建设最深层的精神根基。习近平总书记指出：“理想信念是共产党人的精神支柱和政治灵魂。”党的建设不是一般的组织治理，而是马克思主义政党保持先进性、纯洁性和战斗力的政治工程。理想信念是党的各方面建设的精神源头。没有理想信念，政治建设容易流于形式，思想建设会失去方向，组织建设会缺乏凝聚力，作风建设、纪律建设、制度建设和反腐败斗争也难以形成内在自觉。

坚定的理想信念回答的是“党凭什么立起来、强起来”的根本问题。习近平党建思想充满对马克思主义的坚定信仰，对共产主义远大理想和中国特色社会主义共同理想的执着追求，把理想信念置于党的建设的根基位置，深刻揭示了思想建党、理论强党的根本道理。党的十八大以来，习近平总书记始终强调用党的创新理论凝心铸魂，强调锤炼坚强党性，正是因为理想信念是共产党人安身立命的根本。理想信念坚定，党才能在复杂形势下保持政治定力，党员干部才能在大是大非面前旗帜鲜明，党组织才能形成统一意志和统一行动。坚定理想信念不是抽象宣示，而必须强化理论武装、加强党性锤炼、筑牢政治忠诚。坚持用党的创新理论凝心铸魂，就是把理想信念建立在科学理论基础之上；坚持加强党性教育和党性锻炼，就是把理想信念转化为党员干部的政治品格；坚持严肃党内政治生活，就是把理想信念落实到组织生活和政治实践之中。

**深刻领会习近平党建思想蕴含的高度的历史主动**

党的建设从来不是静态的，而是随着党的历史方位、中心任务和时代条件的变化而不断发展持续。习近平总书记在党的二十大报告中指出：“坚定历史自信，增强历史主动”。历史主动，就是在深刻把握历史规律和时代大势基础上，不被动应付问题，不消极等待变化，主动识变应变求变，持续推进理论创新、实践创新、制度创新。

习近平党建思想深刻揭示了新时代党的建设的历史方位和发展大势。中国共产党已经成为长期执政的马克思主义政党，正领导中国人民以中国式现代化全面推进强国建设、民族复兴伟业。长期执政既意味着党的领导地位更加重要，也意味着党面临的风险考验更加复杂。如何始终保持党的先进性和纯洁性，确保党不变质、不变色、不变味，确保党始终成为中国特色社会主义事业的坚强领导核心，是新时代党的建设必须主动回答的重大问题。习近平党建思想基于对历史经验的深刻总结、对发展方位的深刻洞察，科学回答建设什么样的长期执政的马克思主义政党、怎样建设长期执政的马克思主义政党的重大时代课题。这一重要思想把马克思主义建党学说同新时代中国共产党长期执政的伟大实践结合起来，蕴含高度的历史主动，展现出鲜明的时代意识和理论创造精神。

历史主动不是抽象的概念，而是具体体现在推进新时代党的建设新的伟大工程的实践进程中。习近平党建思想以永葆“赶考”的清醒和坚定，系统回答了新时代管党治党怎么办、怎么干的一系列重大问题，深刻体现了党对自身建设规律认识的深化，使党在革命性锻造中更加坚强有力，在应对国内外各种风险和考验的历史进程中始终成为全国人民的主心骨，引领保障党和国家事业行稳致远。

**深刻领会习近平党建思想蕴含的鲜明的问题导向**

坚持问题导向是马克思主义的鲜明特点。习近平总书记指出：“只有聆听时代的声音，回应时代的呼唤，认真研究解决重大而紧迫的问题，才能真正把握住历史脉络、找到发展规律，推动理论创新。”习近平党建思想是在解决党内存在的突出问题、应对长期执政面临的风险考验、推进新时代党的建设新的伟大工程中形成和发展的。鲜明的问题导向，生动体现了不断发现和解决党的建设面临的重大理论和实践问题的务实品格。

问题导向不是简单就问题谈问题，而是通过问题揭示规律。长期执政不是一劳永逸的资格，而是持续经受考验、不断解决问题的历史过程。党越是长期执政，越不能忽视自身存在的问题；党的事业越是发展，越需要以清醒的问题意识推进自身建设。长期执政条件下，党面临的问题具有复杂性和深层性。理想信念弱化、政治意识淡化、组织功能虚化、作风问题顽固化、纪律约束松弛化、腐败风险隐蔽化、责任落实形式化等，都会影响党的先进性和纯洁性，削弱党的创造力、凝聚力、战斗力。习近平党建思想科学回答了“从什么现实矛盾切入推进党的建设”的重要问题，揭示了长期执政的马克思主义政党建设必须坚持全面从严、系统治理、标本兼治的内在规律。鲜明的问题导向的深层意义在于，它使习近平党建思想不是停留在规范性要求层面，而是在破解长期执政政党建设难题中揭示规律、形成原理、建构体系。

鲜明的问题导向体现在实践中，要求把发现问题、分析问题、解决问题贯通起来。全面从严治党之所以成为新时代党的建设的鲜明主题，就在于它不是某一方面工作的局部要求，而是针对长期执政条件下党的建设面临的深层次问题提出的系统方案。“全面”意味着对象、领域、过程和责任全覆盖；“从严”意味着党的各个方面都要严起来。通过全面从严治党，党的建设从宽松软走向严紧硬，从局部整治走向系统治理，从阶段性推进走向常态化长效化。

**深刻领会习近平党建思想蕴含的强烈的使命担当**

使命担当是中国共产党人始终如一的精神基因和价值追求。习近平总书记指出：“我们的责任，就是要团结带领全党全国各族人民，接过历史的接力棒，继续为实现中华民族伟大复兴而努力奋斗，使中华民族更加坚强有力地自立于世界民族之林，为人类作出新的更大的贡献。”“就是要进行好具有许多新的历史特点的伟大斗争、有效应对各种风险和挑战，实现‘两个一百年’奋斗目标、实现中华民族伟大复兴的中国梦，必须把我们党建设好、建设强。”把握使命担当，才能理解党的建设的战略意义和实践指向。

中国共产党是为中国人民谋幸福、为中华民族谋复兴的党。习近平党建思想把管党治党、兴党强党和强国建设、民族复兴贯通起来，揭示了强党与强国相统一的内在逻辑。党坚强有力，国家事业才有根本保证；党自身过硬，民族复兴才有坚强领导力量。回答好建设什么样的长期执政的马克思主义政党、怎样建设长期执政的马克思主义政党的重大时代课题，最终是为了回答党如何更好领导中国人民以中国式现代化全面推进强国建设、民族复兴伟业。

强烈的使命担当是对党和国家事业、对人民和历史高度负责的深刻体现。党的十八大以来，在习近平党建思想的科学指引下，我们党健全上下贯通、执行有力的组织体系，建设堪当民族复兴重任的高素质干部队伍，坚持制度治党、依规治党，落实管党治党政治责任，坚定不移抓思想从严、监督从严、执纪从严、治吏从严、作风从严、反腐从严，刹住了一些长期没有刹住的歪风，纠治了一些多年未除的顽瘴痼疾。深刻领会习近平党建思想蕴含的强烈的使命担当，就是要在强党强国的贯通理解中增进政治认同、思想认同、理论认同、情感认同，把党的建设成效转化为推进强国建设、民族复兴伟业的坚强保证。

**深刻领会习近平党建思想蕴含的深厚的为民情怀**

人民立场是马克思主义政党的根本政治立场。习近平总书记强调：“我们党始终代表中国最广大人民的根本利益”。把我们党建设好、建设强，根本目的就是确保党始终代表人民、植根人民、服务人民，永葆同人民群众的血肉联系，坚持为人民执政、靠人民执政。人民性是习近平党建思想最鲜明、最深厚的价值底色，其中饱含的深厚的为民情怀，深刻揭示了管党治党、兴党强党的重要使命，回答了“为了谁、依靠谁、我是谁”这一根本问题。

加强党的自身建设、持之以恒推进全面从严治党，绝非单纯完善党内管理、规范党内秩序，而是为了防范党在长期执政条件下脱离群众，警惕党员干部在权力诱惑、利益考验中淡化人民立场，坚决守住党的性质宗旨不动摇，归根结底是坚持不忘初心、牢记使命的必然要求。因此，深厚的为民情怀是贯穿习近平党建思想的价值根基。

“坚持不忘初心、牢记使命”作为“十四个坚持”的重要内容，使这份深厚的为民情怀具体落实在管党治党、兴党强党全部实践之中，体现为密切联系群众的优良作风、守护群众切身利益的刚性纪律、回应人民美好期盼的治理效能。深学细悟习近平党建思想蕴含的深厚的为民情怀，必须不断深化对党的性质宗旨、初心使命的认识与理解，从中体悟“我将无我，不负人民”的强大人格力量，始终站稳人民立场、厚植为民根基，守护民心、造福人民。

**深刻领会习近平党建思想蕴含的科学的思想方法**

科学的思想方法是科学理论具备强大解释力与实践指导力的重要基础。理想信念、历史主动、问题导向、使命担当、为民情怀，分别从政治灵魂、时代方位、实践切口、战略指向、价值立场五个维度，彰显了习近平党建思想的理论品格。科学的思想方法则串联起这五个方面，将其转化为管党治党、兴党强党实践体系的重要方法论支撑。

习近平党建思想强调不断提高战略思维、历史思维、辩证思维、系统思维、创新思维、法治思维、底线思维能力，要求把握好全局和局部、当前和长远、宏观和微观、主要矛盾和次要矛盾、特殊和一般等的关系，切实做到前瞻性思考、全局性谋划、整体性推进党的建设。这为我们科学认识问题、准确分析问题、更好解决问题树立了典范，提供了科学的方法论指引。比如，战略思维，体现在党的建设既要解决现实问题，更要服务长远发展；既要加强党自身的建设，更要保障党和国家事业全局，把党的建设放到长期执政条件下思考，放到强国建设、民族复兴大局中谋划。又如，在习近平党建思想科学指引下，党的建设全领域覆盖、全链条衔接、全方位发力，体现了系统治理、整体推进、协同发力的思维方式，这是系统思维的重要体现。再如，习近平党建思想不是片面强调某一方面建设，而是强调党的建设各个方面相互贯通、相互支撑、相互促进，这是辩证思维的重要体现；等等。

科学的思想方法的重要性，在于它能把坚定的理想信念转化为党的政治建设和思想建设的基本理念，把深厚的为民情怀转化为党的作风建设和纪律建设的基本要求，把高度的历史主动转化为党的建设战略部署，把鲜明的问题导向转化为全面从严治党的系统方案，把强烈的使命担当转化为强党强国的实践路径，这进一步彰显了习近平党建思想强大的真理力量、人格力量和实践伟力。

习近平党建思想鲜明的理论品格具有内在贯通的逻辑结构。其以坚定的理想信念铸牢政治之魂，以高度的历史主动把握时代之势，以鲜明的问题导向破解实践之题，以强烈的使命担当贯通强党强国之责，以深厚的为民情怀强固价值之本，以科学的思想方法形成管党治党、兴党强党之法。我们要深入学习领会习近平党建思想鲜明的理论品格，在领悟真理力量中坚定信仰信念，在增强历史主动中增强行动自觉，在强化问题导向中提升实践能力，在履行使命担当中践行初心使命，在坚定人民立场中厚植为民情怀，在掌握科学方法中把握管党治党、兴党强党的规律要求，不断为推进新时代党的建设新的伟大工程、走好强党强国之路贡献力量。

（作者为中央党校（国家行政学院）习近平新时代中国特色社会主义思想研究中心研究员）",宋福范,理论,,https://paper.people.com.cn/rmrb/pc/content/202606/25/content_30164731.html,2026-06-25,"['习近平', '党建', '思想', '理想信念', '党的建设', '建设', '强党', '治党', '执政', '问题']","理论品格，体现的是一种思想体系作为科学理论的内在特质。习近平党建思想的理论品格，体现的是习近平党建思想超越一般党建经验和工作部署、深刻把握长期执政的马克思主义政党建设规律的理论特质。习近平党建思想蕴含的坚定的理想信念、高度的历史主动、鲜明的问题导向、强烈的使命担当、深厚的为民情怀、科学的思想方法，明体达用、体用贯通，具有鲜明的理论品格。
深入学习领会习近平党建思想，关键在于从“明体达用、体用贯通”中理解其精神气质、理论结构和实践特征。“明体”就是揭示长期执政的马克思主义政党建设的根本规定、政治原则和价值根基；“达用”就是把这些根本规定、政治原则和价值根基转化为管党治党、兴党强党的实践要求、制度机制和工作方法；“体用贯通”就是把理论本体与实践运用，价值立场与制度安排，党的自身建设与强国建设、民族复兴贯通起来。“明体达用、体用贯通”，集中体现为坚定的理想信念、高度的历史主动、鲜明的问题导向、强烈的使命担当、深厚的为民情怀、科学的思想方法，它们相互支撑、彼此贯通。我们要深入学习领会这一重要思想鲜明的理论品格，自觉从中体悟真理力量和人格力量，增进政治认同、思想认同、理论认同、情感认同。
深刻领会习近平党建思想蕴含的坚定的理想信念",政治,,,[],data/vault/2026/06/2026-06-25/09-理论/深入学习领会习近平党建思想鲜明的理论品格（深入学习贯彻习近平新时代中国特色社会主义思想）.md,09,理论
实干的三重意涵（思想纵横）,"干事创业立基于实干。习近平总书记强调：“通过科学决策和实干苦干，创造经得起实践和历史检验、真正造福人民、得到群众公认的业绩。”当前，我国正处于基本实现社会主义现代化夯实基础、全面发力的关键时期，发展方式从粗放型发展转向高质量发展，改革任务从“单点突破”转向“系统集成”，治理难题从“线性求解”转向“多维统筹”。这种变化，对实干提出了前所未有的高要求——既要有时不我待的紧迫感，也要有尊重规律的科学精神；既要有大刀阔斧的魄力，也要有精雕细琢的耐心。其中一个关键，在于深刻把握实干的三重意涵。
实干须脚踏实地，以钉钉子精神踩实每一步。面对新一轮科技革命和产业变革加速突破、国际竞争日趋激烈的复杂局面，空有蓝图无行动，再美好的愿景也只是镜花水月。那些热衷于“短平快”项目、沉迷“数字政绩”和“材料政绩”、只愿“锦上添花”不愿“雪中送炭”的党员干部，本质上是将工作异化为个人升迁的筹码，而非为民造福的责任。真正的实干者，是一锤接着一锤敲、一件事接着一件事抓，直到抓出成效的人，是甘于深耕潜绩、乐于做“铺路石”的人。他们懂得，在高质量发展的赛道上没有捷径可走，只有不驰于空想、不骛于虚声，努力把每一步踩实、踩稳、踩到位，才能真正行稳致远。
实干须尊重规律，以求实效的态度破解真问题真难题。当前，我们面对的发展环境之复杂、矛盾问题之深刻、风险挑战之多样，均远超以往。那些拍脑袋决策、凭冲动干事、盲目跟风、搞“一刀切”落实的党员干部，之所以干不出真正的业绩，根源在于背离了实事求是的思想路线。实干不是凭感觉与冲动干事，必须认识规律、尊重规律、遵循规律。这就要求党员干部处理好稳与进、立与破、近与远、全局与局部等关系，追求高质量、可持续的发展。新时代，从脱贫攻坚找到“贫根”，对症下药、精准滴灌到产业振兴做好“土特产”文章，从城市规划因风吹火、照纹劈柴到因地制宜发展新质生产力，这些方法论都指向同一个道理：实干必须讲求科学、尊重规律，立足于“实”探求“是”，在坚持“入山问樵、入水问渔”的基础上，把情况摸清、把问题找准、把对策提实。
实干须求真务实，以久久为功的韧劲追求实效。焦裕禄兰考植桐治沙，以生命践行为民之诺；廖俊波闽北奔波扶贫，以脚步丈量民生冷暖；杨善洲扎根荒山，以不渝初心染绿群山……他们的实干都有一股迎难而上、锲而不舍的韧劲。实干，就要敢于挑最重的担子，敢于解决群众最困难的问题，不能因为遭遇“硬骨头”就退缩，而要对认准了的事一抓到底。对当务之急，立说立行、紧抓快办；对长期任务，保持战略定力，坚持不懈一茬接着一茬干。山西右玉70余年接力推进治沙造林、浙江“千万工程”20多年锚定建设和美乡村，这些载入史册的成绩，都是一代又一代人真抓实干、接力奋斗的成果，生动诠释了“功成不必在我”的境界与“功成必定有我”的担当。
实干是砥砺初心的行动，是推动发展的基石，是新时代最厚重的底色之一。一切宏伟蓝图的落地、一切发展难题的破解、一切民生福祉的增进，归根结底都离不开脚踏实地的耕耘、尊重规律的笃行、久久为功的坚守。我们靠实干创造了辉煌的过去，更要靠实干开创美好的未来。以实干立身、以实干赋能、以实干致远，一步一个脚印办实事、解难题、创实绩，一定能够奋力书写以中国式现代化全面推进强国建设、民族复兴伟业的崭新答卷。","# 实干的三重意涵（思想纵横）

> 蒋正翔《人民日报》（2026年06月25日第 09 版）

干事创业立基于实干。习近平总书记强调：“通过科学决策和实干苦干，创造经得起实践和历史检验、真正造福人民、得到群众公认的业绩。”当前，我国正处于基本实现社会主义现代化夯实基础、全面发力的关键时期，发展方式从粗放型发展转向高质量发展，改革任务从“单点突破”转向“系统集成”，治理难题从“线性求解”转向“多维统筹”。这种变化，对实干提出了前所未有的高要求——既要有时不我待的紧迫感，也要有尊重规律的科学精神；既要有大刀阔斧的魄力，也要有精雕细琢的耐心。其中一个关键，在于深刻把握实干的三重意涵。

实干须脚踏实地，以钉钉子精神踩实每一步。面对新一轮科技革命和产业变革加速突破、国际竞争日趋激烈的复杂局面，空有蓝图无行动，再美好的愿景也只是镜花水月。那些热衷于“短平快”项目、沉迷“数字政绩”和“材料政绩”、只愿“锦上添花”不愿“雪中送炭”的党员干部，本质上是将工作异化为个人升迁的筹码，而非为民造福的责任。真正的实干者，是一锤接着一锤敲、一件事接着一件事抓，直到抓出成效的人，是甘于深耕潜绩、乐于做“铺路石”的人。他们懂得，在高质量发展的赛道上没有捷径可走，只有不驰于空想、不骛于虚声，努力把每一步踩实、踩稳、踩到位，才能真正行稳致远。

实干须尊重规律，以求实效的态度破解真问题真难题。当前，我们面对的发展环境之复杂、矛盾问题之深刻、风险挑战之多样，均远超以往。那些拍脑袋决策、凭冲动干事、盲目跟风、搞“一刀切”落实的党员干部，之所以干不出真正的业绩，根源在于背离了实事求是的思想路线。实干不是凭感觉与冲动干事，必须认识规律、尊重规律、遵循规律。这就要求党员干部处理好稳与进、立与破、近与远、全局与局部等关系，追求高质量、可持续的发展。新时代，从脱贫攻坚找到“贫根”，对症下药、精准滴灌到产业振兴做好“土特产”文章，从城市规划因风吹火、照纹劈柴到因地制宜发展新质生产力，这些方法论都指向同一个道理：实干必须讲求科学、尊重规律，立足于“实”探求“是”，在坚持“入山问樵、入水问渔”的基础上，把情况摸清、把问题找准、把对策提实。

实干须求真务实，以久久为功的韧劲追求实效。焦裕禄兰考植桐治沙，以生命践行为民之诺；廖俊波闽北奔波扶贫，以脚步丈量民生冷暖；杨善洲扎根荒山，以不渝初心染绿群山……他们的实干都有一股迎难而上、锲而不舍的韧劲。实干，就要敢于挑最重的担子，敢于解决群众最困难的问题，不能因为遭遇“硬骨头”就退缩，而要对认准了的事一抓到底。对当务之急，立说立行、紧抓快办；对长期任务，保持战略定力，坚持不懈一茬接着一茬干。山西右玉70余年接力推进治沙造林、浙江“千万工程”20多年锚定建设和美乡村，这些载入史册的成绩，都是一代又一代人真抓实干、接力奋斗的成果，生动诠释了“功成不必在我”的境界与“功成必定有我”的担当。

实干是砥砺初心的行动，是推动发展的基石，是新时代最厚重的底色之一。一切宏伟蓝图的落地、一切发展难题的破解、一切民生福祉的增进，归根结底都离不开脚踏实地的耕耘、尊重规律的笃行、久久为功的坚守。我们靠实干创造了辉煌的过去，更要靠实干开创美好的未来。以实干立身、以实干赋能、以实干致远，一步一个脚印办实事、解难题、创实绩，一定能够奋力书写以中国式现代化全面推进强国建设、民族复兴伟业的崭新答卷。",蒋正翔,理论,,https://paper.people.com.cn/rmrb/pc/content/202606/25/content_30164732.html,2026-06-25,"['实干', '规律', '尊重', '发展', '难题', '党员干部', '高质量', '干事', '韧劲', '意涵']","干事创业立基于实干。习近平总书记强调：“通过科学决策和实干苦干，创造经得起实践和历史检验、真正造福人民、得到群众公认的业绩。”当前，我国正处于基本实现社会主义现代化夯实基础、全面发力的关键时期，发展方式从粗放型发展转向高质量发展，改革任务从“单点突破”转向“系统集成”，治理难题从“线性求解”转向“多维统筹”。这种变化，对实干提出了前所未有的高要求——既要有时不我待的紧迫感，也要有尊重规律的科学精神；既要有大刀阔斧的魄力，也要有精雕细琢的耐心。其中一个关键，在于深刻把握实干的三重意涵。
实干须脚踏实地，以钉钉子精神踩实每一步。面对新一轮科技革命和产业变革加速突破、国际竞争日趋激烈的复杂局面，空有蓝图无行动，再美好的愿景也只是镜花水月。那些热衷于“短平快”项目、沉迷“数字政绩”和“材料政绩”、只愿“锦上添花”不愿“雪中送炭”的党员干部，本质上是将工作异化为个人升迁的筹码，而非为民造福的责任。真正的实干者，是一锤接着一锤敲、一件事接着一件事抓，直到抓出成效的人，是甘于深耕潜绩、乐于做“铺路石”的人。他们懂得，在高质量发展的赛道上没有捷径可走，只有不驰于空想、不骛于虚声，努力把每一步踩实、踩稳、踩到位，才能真正行稳致远。
实干须尊重规律，以求实效的态度破解真问题真难题。当前，我们面对的发展环境之复杂、矛盾问题之深刻、风险挑战之多样，均远超以往。那些拍脑袋决策、凭冲动干事、盲目跟风、搞“一刀切”落实的党员干部，之所以干不出真正的业绩，根源在于背离了实事求是的思想路线。实干不是凭感觉与冲动干事，必须认识规律、尊重规律、遵循规律。这就要求党员干部处理好稳与进、立与破、近与远、全局与局部等关系，追求高质量、可持续的发展。新时代，从脱贫攻坚找到“贫根”，对症下药、精准滴灌到产业振兴做好“土特产”文章，从城市规划因风吹火、照纹劈柴到因地制宜发展新质生产力，这些方法论都指向同一个道理：实干必须讲求科学、尊重规律，立足于“实”探求“是”，在坚持“入山问樵、入水问渔”的基础上，把情况摸清、把问题找准、把对策提实。",政治,,,[],data/vault/2026/06/2026-06-25/09-理论/实干的三重意涵（思想纵横）.md,09,理论
建立健全科学的城市发展评价体系（专题深思）,"习近平总书记在2025年召开的中央城市工作会议上指出：“树立和践行正确政绩观，建立健全科学的城市发展评价体系”。“十五五”规划纲要提出：“推动城市发展方式转变，建设创新、宜居、美丽、韧性、文明、智慧的现代化人民城市。”建立健全科学的城市发展评价体系，既能够引领城市健康发展方向，也是树立和践行正确政绩观的重要体现，对于“十五五”时期建设现代化人民城市、推动城市内涵式发展，不断提升人民群众获得感、幸福感、安全感具有重要意义。
构建科学的城市发展评价体系是贯彻落实人民城市理念、推动城市高质量发展的重要途径，有助于推进城市建设各项工作，引导市场各类资源要素投向人民城市建设。作为城市高质量发展的“体检指标”，城市发展评价体系能够查摆城市发展的优势、短板与潜在问题，检验城市工作成效、规划落地质量与政策实施效果，为政府优化空间配置、布局公共服务等提供决策依据，为企业投资选址、居民定居择业提供重要参考。此外，评价结果可作为地方政府绩效考核的重要依据，有助于激发各地推进城市高质量发展的内生动力，引导党员干部树立和践行正确政绩观。
建立健全科学的城市发展评价体系是一个复杂的系统工程，涉及评价主体、客体、指标、方法和结果等，可从以下几个方面着力。
明确正确的评价原则。习近平总书记指出：“要把握好潜绩和显绩的关系，坚持正确政绩观”。城市评价既要考核市容市貌、产业经济等显绩，又要考核生态系统修复、民生改善等潜绩。要把握方向性，紧扣人民城市理念，围绕人的全面发展，聚焦结构优化、绿色转型、文脉赓续、安全韧性等重点，在考量显绩的基础上，考察生活体验等方面的潜绩。坚守科学性，秉持公平公正、客观准确的评价标准，依托专业理论构建指标、数据、方法体系，创新评价方式，适配城市发展新趋势、新要求。注重差异性，立足各地城市发展条件、阶段、定位差异，坚持因地制宜、分类评价，兼顾统一评价标准与城市特色，形成兼容共性与多样性的评价体系。例如，对位于限制开发区的城市，适度提高生态环境指标的权重，促进其增强生态功能；对位于发达经济区的城市，适度提高科技创新指标的权重，促进其提升创新能力。保持简洁性，摒弃繁杂重叠指标，筛选核心、关键指标，搭配简约适配的方法模型，让评价高效精准。
健全科学的评价指标体系。构建科学完善的评价指标体系，必须优化传统评价框架，转变以国内生产总值为核心的传统评价体系，将人均收入、受教育水平、预期寿命等民生发展指标作为核心评价依据，精简优化规模、增速等传统硬性评价指标，新增宜居生活、绿色低碳、安全韧性、智慧治理等软性评价指标。例如，增加社区生活圈15分钟可达性、无障碍设施完善程度等指标。通过指标零赋权方式，生成针对不同类型城市的评价指标体系；根据条件变化，定期进行动态调整。明确指标分类定位，划分基础与提升、核心与特色、约束性与预期性三类指标，分别对应城市发展的刚性任务、自选提升部分、重点监测部分和特色内容等，让评价指标体系更加科学精准。
夯实数据的质量基础。数据的准确性、完备性与一致性，是构建科学城市发展评价体系的基础保障。完善评价数据需兼顾客观统计、主观感知与数字技术支撑。优化客观统计数据，针对现有一些城市统计指标滞后问题，对照现代化人民城市建设要求，动态更新统计体系，完善文化建设、公共服务、绿色生态等重点领域统计监测指标。补充主观评价数据，把人民满意作为城市发展与政绩考核的核心标准，可通过问卷调查、网络评议等方式，收集居民和企业的真实评价，给城市发展水平打分，规避面子工程、形式主义带来的评价偏差。以数智赋能评价，顺应数智化趋势，依托大数据、人工智能、数字孪生等现代信息技术，搭建统一共享的信息平台，整合权威统计、问卷调查、实时监测等各类数据，构建准确可靠的高质量城市时空数据图谱，提升城市评价的全面性与精准度。
选择适配的评价方法。科学的评价方法与模型是提高评价精准度的基本保障。需择优选用计量分析方法，从多个变量中筛选核心且极具代表性的关键指标。构建复合评价模型，结合指标特点与内在关联，采用不同计算规则开展综合评判。结合城市发展差异与实证分析，选用适配的赋权方法，差异化、动态化设置各项指标权重。根据指标属性采用差异化方式完成数据标准化：有明确达标阈值的指标，以标准最优值为参照进行换算；对于可以持续提升类指标，以数据最大值为基准完成折算。此外，可结合人工智能技术搭建智能评价模型，对城市发展进行动态模拟、实时监测，提升城市评价工作的智能化、科学化水平。
建立公平科学的评价参与机制。公平科学的评价参与机制，能够保障城市发展评价客观有效，充分赋能城市高质量发展。要创建多方协同工作模式，构建多方主体协同参与格局。中央部门统筹标准、统一规则，地方政府积极配合，专业机构提供技术支撑，企业、市民广泛参与。此外，支持科研院所和市场机构依法开展独立第三方评价，为决策提供参考。完善结果分析应用机制，搭建多功能展示平台，多形式、多维度呈现评价结果，发挥其对于城市发展的引导、激励、监测和参考作用。健全配套制度，将约束性指标分解至相关部门，依据评价结果实施表彰奖励或督促整改。建立评价动态优化机制和检验机制，对指标、数据、方法的科学性与稳健性进行检验。建立评价反馈机制，畅通反馈渠道，收集各方意见建议，结合问题、建议与发展趋势，持续优化评价指标与方法模型，让评价体系与时俱进。
（作者为中国社会科学院习近平新时代中国特色社会主义思想研究中心研究员）","# 建立健全科学的城市发展评价体系（专题深思）

> 倪鹏飞《人民日报》（2026年06月25日第 09 版）

习近平总书记在2025年召开的中央城市工作会议上指出：“树立和践行正确政绩观，建立健全科学的城市发展评价体系”。“十五五”规划纲要提出：“推动城市发展方式转变，建设创新、宜居、美丽、韧性、文明、智慧的现代化人民城市。”建立健全科学的城市发展评价体系，既能够引领城市健康发展方向，也是树立和践行正确政绩观的重要体现，对于“十五五”时期建设现代化人民城市、推动城市内涵式发展，不断提升人民群众获得感、幸福感、安全感具有重要意义。

构建科学的城市发展评价体系是贯彻落实人民城市理念、推动城市高质量发展的重要途径，有助于推进城市建设各项工作，引导市场各类资源要素投向人民城市建设。作为城市高质量发展的“体检指标”，城市发展评价体系能够查摆城市发展的优势、短板与潜在问题，检验城市工作成效、规划落地质量与政策实施效果，为政府优化空间配置、布局公共服务等提供决策依据，为企业投资选址、居民定居择业提供重要参考。此外，评价结果可作为地方政府绩效考核的重要依据，有助于激发各地推进城市高质量发展的内生动力，引导党员干部树立和践行正确政绩观。

建立健全科学的城市发展评价体系是一个复杂的系统工程，涉及评价主体、客体、指标、方法和结果等，可从以下几个方面着力。

明确正确的评价原则。习近平总书记指出：“要把握好潜绩和显绩的关系，坚持正确政绩观”。城市评价既要考核市容市貌、产业经济等显绩，又要考核生态系统修复、民生改善等潜绩。要把握方向性，紧扣人民城市理念，围绕人的全面发展，聚焦结构优化、绿色转型、文脉赓续、安全韧性等重点，在考量显绩的基础上，考察生活体验等方面的潜绩。坚守科学性，秉持公平公正、客观准确的评价标准，依托专业理论构建指标、数据、方法体系，创新评价方式，适配城市发展新趋势、新要求。注重差异性，立足各地城市发展条件、阶段、定位差异，坚持因地制宜、分类评价，兼顾统一评价标准与城市特色，形成兼容共性与多样性的评价体系。例如，对位于限制开发区的城市，适度提高生态环境指标的权重，促进其增强生态功能；对位于发达经济区的城市，适度提高科技创新指标的权重，促进其提升创新能力。保持简洁性，摒弃繁杂重叠指标，筛选核心、关键指标，搭配简约适配的方法模型，让评价高效精准。

健全科学的评价指标体系。构建科学完善的评价指标体系，必须优化传统评价框架，转变以国内生产总值为核心的传统评价体系，将人均收入、受教育水平、预期寿命等民生发展指标作为核心评价依据，精简优化规模、增速等传统硬性评价指标，新增宜居生活、绿色低碳、安全韧性、智慧治理等软性评价指标。例如，增加社区生活圈15分钟可达性、无障碍设施完善程度等指标。通过指标零赋权方式，生成针对不同类型城市的评价指标体系；根据条件变化，定期进行动态调整。明确指标分类定位，划分基础与提升、核心与特色、约束性与预期性三类指标，分别对应城市发展的刚性任务、自选提升部分、重点监测部分和特色内容等，让评价指标体系更加科学精准。

夯实数据的质量基础。数据的准确性、完备性与一致性，是构建科学城市发展评价体系的基础保障。完善评价数据需兼顾客观统计、主观感知与数字技术支撑。优化客观统计数据，针对现有一些城市统计指标滞后问题，对照现代化人民城市建设要求，动态更新统计体系，完善文化建设、公共服务、绿色生态等重点领域统计监测指标。补充主观评价数据，把人民满意作为城市发展与政绩考核的核心标准，可通过问卷调查、网络评议等方式，收集居民和企业的真实评价，给城市发展水平打分，规避面子工程、形式主义带来的评价偏差。以数智赋能评价，顺应数智化趋势，依托大数据、人工智能、数字孪生等现代信息技术，搭建统一共享的信息平台，整合权威统计、问卷调查、实时监测等各类数据，构建准确可靠的高质量城市时空数据图谱，提升城市评价的全面性与精准度。

选择适配的评价方法。科学的评价方法与模型是提高评价精准度的基本保障。需择优选用计量分析方法，从多个变量中筛选核心且极具代表性的关键指标。构建复合评价模型，结合指标特点与内在关联，采用不同计算规则开展综合评判。结合城市发展差异与实证分析，选用适配的赋权方法，差异化、动态化设置各项指标权重。根据指标属性采用差异化方式完成数据标准化：有明确达标阈值的指标，以标准最优值为参照进行换算；对于可以持续提升类指标，以数据最大值为基准完成折算。此外，可结合人工智能技术搭建智能评价模型，对城市发展进行动态模拟、实时监测，提升城市评价工作的智能化、科学化水平。

建立公平科学的评价参与机制。公平科学的评价参与机制，能够保障城市发展评价客观有效，充分赋能城市高质量发展。要创建多方协同工作模式，构建多方主体协同参与格局。中央部门统筹标准、统一规则，地方政府积极配合，专业机构提供技术支撑，企业、市民广泛参与。此外，支持科研院所和市场机构依法开展独立第三方评价，为决策提供参考。完善结果分析应用机制，搭建多功能展示平台，多形式、多维度呈现评价结果，发挥其对于城市发展的引导、激励、监测和参考作用。健全配套制度，将约束性指标分解至相关部门，依据评价结果实施表彰奖励或督促整改。建立评价动态优化机制和检验机制，对指标、数据、方法的科学性与稳健性进行检验。建立评价反馈机制，畅通反馈渠道，收集各方意见建议，结合问题、建议与发展趋势，持续优化评价指标与方法模型，让评价体系与时俱进。

（作者为中国社会科学院习近平新时代中国特色社会主义思想研究中心研究员）",倪鹏飞,理论,,https://paper.people.com.cn/rmrb/pc/content/202606/25/content_30164733.html,2026-06-25,"['评价', '城市', '指标', '发展', '体系', '科学', '构建', '数据', '政绩观', '适配']","习近平总书记在2025年召开的中央城市工作会议上指出：“树立和践行正确政绩观，建立健全科学的城市发展评价体系”。“十五五”规划纲要提出：“推动城市发展方式转变，建设创新、宜居、美丽、韧性、文明、智慧的现代化人民城市。”建立健全科学的城市发展评价体系，既能够引领城市健康发展方向，也是树立和践行正确政绩观的重要体现，对于“十五五”时期建设现代化人民城市、推动城市内涵式发展，不断提升人民群众获得感、幸福感、安全感具有重要意义。
构建科学的城市发展评价体系是贯彻落实人民城市理念、推动城市高质量发展的重要途径，有助于推进城市建设各项工作，引导市场各类资源要素投向人民城市建设。作为城市高质量发展的“体检指标”，城市发展评价体系能够查摆城市发展的优势、短板与潜在问题，检验城市工作成效、规划落地质量与政策实施效果，为政府优化空间配置、布局公共服务等提供决策依据，为企业投资选址、居民定居择业提供重要参考。此外，评价结果可作为地方政府绩效考核的重要依据，有助于激发各地推进城市高质量发展的内生动力，引导党员干部树立和践行正确政绩观。
建立健全科学的城市发展评价体系是一个复杂的系统工程，涉及评价主体、客体、指标、方法和结果等，可从以下几个方面着力。",政治,,,[],data/vault/2026/06/2026-06-25/09-理论/建立健全科学的城市发展评价体系（专题深思）.md,09,理论
坚定不移走中国特色社会主义政治发展道路,"数据来源：全国人大官方网站、全国政协官方网站、公安部
数据来源：全国人大官方网站、全国政协官方网站、公安部
“国以民为本，社稷亦为民而立”。
中国特色社会主义政治发展道路，是近代以来中国人民长期奋斗历史逻辑、理论逻辑、实践逻辑的必然结果，是坚持党的本质属性、践行党的根本宗旨的必然要求。
党的十八大以来，我国社会主义民主政治制度化、规范化、程序化全面推进，中国特色社会主义政治制度优越性得到更好发挥，生动活泼、安定团结的政治局面得到巩固和发展。
“中国治理之所以取得举世瞩目的成就，很重要的一条经验就是，在中国共产党领导下走中国特色社会主义政治发展道路，坚持和发展全过程人民民主。”习近平总书记深刻指出，中国特色社会主义政治发展道路是符合中国国情、保证人民当家作主的正确道路。
道路选对了，就要坚定不移走下去。
根本政治制度发挥显著优越性
“通过！”
3月12日下午，人民大会堂，十四届全国人大四次会议表决通过关于国民经济和社会发展第十五个五年规划纲要的决议。
在党的领导下，通过人民代表大会制度科学制定和接续实施五年发展规划（计划），使之成为具有法律效力的发展目标和工作遵循，实现了一茬接着一茬干、一张蓝图绘到底。
人民代表大会制度是坚持党的领导、人民当家作主、依法治国有机统一的根本政治制度安排。
1954年9月，一届全国人大一次会议在中南海怀仁堂召开。会议通过了新中国第一部宪法，标志着人民代表大会制度的正式建立。
人民代表大会制度与时俱进、完善发展，展现出强大生命力，为我们党领导人民依法有效治理国家，创造经济快速发展和社会长期稳定两大奇迹提供重要制度保障。
1952年，我国GDP（国内生产总值）仅为679亿元。2025年，我国GDP跨越140万亿元关口，稳居世界第二大经济体，建成世界上规模最大的教育体系、社会保障体系、医疗卫生体系，成为国际社会公认的最有安全感的国家之一。
人民民主是中国共产党始终高扬的光辉旗帜。人民当家作主是社会主义民主政治的本质和核心。
近日，上海长宁区虹桥街道，80余名英国高校师生来到古北市民中心，走访基层立法联系点、人大全过程人民民主基层实践基地、海外人才荟、古北市民议事厅等功能区域。
“民主不是抽象概念，而是服务民生的务实举措，这样的治理模式令人赞叹。”一名学生说道。
2019年11月，习近平总书记考察上海古北市民中心，明确指出，“我们走的是一条中国特色社会主义政治发展道路，人民民主是一种全过程的民主”；
2021年10月，中央人大工作会议召开，这在党的历史上、人民代表大会制度历史上都是第一次。习近平总书记强调，“要毫不动摇坚持、与时俱进完善人民代表大会制度，加强和改进新时代人大工作”；
2024年9月，在庆祝全国人民代表大会成立70周年大会上，习近平总书记深刻指出，“人民代表大会制度是中国共产党领导中国人民艰辛探索长期奋斗的成果，是从中国土壤中生长起来的全新政治制度，是人类政治制度史上的伟大创造”；
…………
党的十八大以来，以习近平同志为核心的党中央推动人大工作取得历史性成就，人民代表大会制度更加成熟、更加定型。
坚持好、完善好、运行好人民代表大会制度，更好发挥国家根本政治制度作用，就能依靠制度威力抵御风险挑战，保障党和国家事业兴旺发达、长治久安。
基本政治制度焕发强大生命力
实行人民代表大会制度，同实行中国共产党领导的多党合作和政治协商制度、民族区域自治制度、基层群众自治制度等基本政治制度，巩固和发展最广泛的爱国统一战线，一同形成全面、广泛、有机衔接的人民当家作主制度体系。
习近平总书记指出，“中国这样一个有5000多年文明史、几亿人口的国家建立起人民当家作主的新型政治制度，在中国政治发展史乃至世界政治发展史上都是具有划时代意义的。”
——新型政党制度建设实现新发展。
发扬民主、集思广益，广泛听取各方面意见，是中共中央研究重大问题、制定重要文件的一贯做法和优良传统。
2025年12月3日，中共中央在中南海召开党外人士座谈会，就2025年经济形势和2026年经济工作听取各民主党派中央、全国工商联负责人和无党派人士代表的意见建议。大家积极建言献策，彰显中国新型政党制度集智聚力的政治优势。
在庆祝中国人民政治协商会议成立75周年大会上，习近平总书记强调，协商民主是全过程人民民主的重要组成部分，是我国社会主义民主政治的特有形式和独特优势，是党的群众路线在政治领域的重要体现。
推进多党合作制度建设，召开中央统一战线工作会议、中央政协工作会议，发布加强社会主义协商民主建设的意见、加强政党协商的实施意见、新时代加强和改进人民政协工作的意见等重要文件……
我国新型政党制度建设实现新发展，各民主党派当好中国共产党的好参谋、好帮手、好同事，共同把中国的事情办好。
——民族团结进步呈现新气象。
“各族人民爱家乡，各族人民爱祖国……”走进新疆乌鲁木齐市天山区二道桥街道固原巷社区合唱室，《甜甜的歌儿迎宾客》歌声响亮。
“我们各族兄弟姐妹就像石榴籽一样，手足相亲、守望相助。”居民阿孜古力·阿不拉打开手机里珍藏的照片，那是2022年7月，习近平总书记来到社区时的场景。
2025年，西藏自治区、新疆维吾尔自治区分别迎来成立60周年、70周年，习近平作为中共中央总书记、国家主席、中央军委主席率中央代表团分别到西藏、新疆出席庆祝活动，在党和国家历史上都是第一次。
2026年7月1日起，民族团结进步促进法将正式施行，为铸牢中华民族共同体意识、推进中华民族共同体建设夯实法治根基。
在党中央集中统一领导下，坚持和完善民族区域自治制度，巩固和发展平等团结互助和谐的社会主义民族关系，各民族像石榴籽一样紧紧抱在一起。
——人民有序政治参与持续扩大。
沿着草厂四条胡同走向深处，叩开一扇深红色木质大门，就来到北京东城区的“小院议事厅”。
垃圾分类、燃气改造……只要是关系街坊邻居生活的事情，大家都会到“小院议事厅”商量一下。
2019年春节前夕，习近平总书记走进“小院议事厅”，明确指出，设立“小院议事厅”，“居民的事居民议，居民的事居民定”，有利于增强社区居民的归属感和主人翁意识。
今年1月1日，修改后的村民委员会组织法、城市居民委员会组织法施行。两部法律是宪法关于基层群众自治制度规定的立法实施，这次修改是习近平法治思想在基层治理领域的生动实践，为发展基层民主提供更完备的法律保障。
“坝坝会”“樟树下议事”“老街坊议事会”……各地把全过程人民民主融入基层治理，探索创造了一个又一个充满烟火气的民主形式，人民有序政治参与持续扩大，让人民当家作主焕发出更加绚丽的光彩。
全面依法治国总体格局基本形成
党的领导、人民当家作主和依法治国有机统一是中国特色社会主义政治文明的本质特征。
党的十八大以来，以习近平同志为核心的党中央把全面依法治国纳入“四个全面”战略布局予以有力推进，全面依法治国总体格局基本形成，中国特色社会主义法治体系不断完善，中国特色社会主义法治道路越走越宽广。
——以良法保障善治。
当十四届全国人大四次会议高票表决通过生态环境法典，人民大会堂响起热烈掌声。
这是继民法典之后，我国第二部以“法典”命名的基本法律，对于在法治轨道上推进新时代生态文明建设，实现中华民族永续发展，具有重大而深远的意义。
修改立法法，通过刑法修正案（十二），制定国家发展规划法、民营经济促进法……通过深入推进科学立法、民主立法、依法立法，加强重点领域、新兴领域、涉外领域的立法，法律规范体系更加科学完备。
我国现行有效法律311件，行政法规和监察法规600余件，地方性法规超过1.5万件，以宪法为核心的中国特色社会主义法律体系实现与时俱进、完善发展。
——全面推进严格规范公正文明执法。
“以前各监管部门‘九龙治水’、分头检查，如今各部门一起检查，我们轻松多了。”在浙江义乌国际商贸城，一家玩具店的经营者道出了“综合查一次”带来的便利。
全面推行“扫码入企”，进一步规范涉企行政检查；加强行政执法规范化建设，推进行政裁量权基准明晰、统一，完善行政处罚与刑事处罚双向衔接制度……
通过全面推进严格规范公正文明执法，有力确保法律正确实施，市场环境更加公平、更有活力，人民群众的获得感、幸福感、安全感更加充实、更有保障、更可持续。
——坚决守护社会公平正义。
今年“两高”报告中，有两个案例引人关注：
余某连续工作超8小时、公司未安排人员接替，因闭眼小憩3分钟被辞退，法院认定构成违法解除劳动合同；
王某与深夜潜入家中的行窃者搏斗致其死亡，陈某反抗不法侵害时致施暴者受伤，检察机关认定均属正当防卫。
司法机关高质效办好每一个案件，深化司法体制综合配套改革，推进以审判为中心的刑事诉讼制度改革，全面推行立案登记制，建立巡回检察制度、拓展公益诉讼案件范围更加注重法治与改革、发展、稳定相协同，努力让人民群众在每一个司法案件中感受到公平正义。
——创新推进全民守法和法治宣传教育。
法律要发挥作用，需要全社会信仰法律、尊崇法治。
2025年11月1日，法治宣传教育法施行，普法有了法律护航。以这部法为依据，今年还将制定实施“九五”普法规划。
从群众身边的邻里纠纷、物业维权等问题入手，各地各部门开展形式多样、生动鲜活的普法活动，推动公民法治素养显著提升，尊法学法守法用法在全社会蔚然成风。
∗∗∗  ∗∗∗
方向决定前途，道路决定命运。
“十五五”规划纲要提出，坚定不移走中国特色社会主义政治发展道路，坚持党的领导、人民当家作主、依法治国有机统一，巩固和发展生动活泼、安定团结的政治局面。
新征程上，在以习近平同志为核心的党中央坚强领导下，坚定不移走中国特色社会主义政治发展道路，全面发展全过程人民民主，深入推进全面依法治国，中国特色社会主义政治制度优越性必定得到更好发挥，中国式现代化必将行稳致远。
作为一名扎根乡村的全国政协委员，我深知自己肩上的责任重大。走进人民大会堂，我带去的是身边乡亲们最真实的呼声和期盼。关于乡村全面振兴、养老服务的建议，源于我在刘寨村日间照料中心陪老人吃饭时的观察，以及在大棚里和种植户一起算账时的思考。我见证着国家的民主政治不断发展，更希望能发挥好委员作用，用自己的提案变基层“痛点”为政策“支点”，让更多的“刘寨村”享受到国家政策的阳光雨露，努力把乡村全面振兴这篇大文章，写得更加绚丽多彩！
——第十四届全国政协委员，山西省壶关县龙泉镇刘寨村党支部书记、村委会主任程玉珍
（本报记者郑洋洋整理）
深耕村务多年，我对基层治理深有体会：评价基层党员干部干事成色，从来不靠自我标榜，百姓心中自有一杆秤。村民收入是否稳步提升、村容村貌是否持续向好，才是检验履职实绩最实在、最硬核的标准。
往后，我将继续坚守党员初心、扛起职责担当，带领全村群众壮大特色产业、完善民生保障，一步一个脚印拓宽增收致富路，让家家户户的日子越过越红火、生活越来越美满。
——辽宁省建平县万寿街道小平房村党委书记、村委会主任钱学余
（本报记者刘洪超整理）
从脱下军装成为一名外卖骑手，到当起社区志愿者，再到担任新就业群体志愿服务队党支部书记，我扎根一线多年，服务新就业群体。党建既能凝聚人心，又能带动担当。我们依托骑手群体走街串巷的优势，引导大家投身基层治理，参与志愿服务、帮扶困难群众。
一路走来，党员的身份激励着我踏实做事、热心助人，我也始终记得自己出发时的那份热忱。接下来，我会继续做好新就业群体党建工作，带动更多同行听党话、跟党走，主动融入城市治理、服务身边群众，让党旗始终在一线高高飘扬。
——四川省成都市锦江区牛市口街道“小牛哥·先锋车手”志愿服务队党支部书记王柯皓
（本报记者王明峰整理）
投身警务科创领域多年，我愈发深刻地体会到党组织强大的组织优势。发挥党支部战斗堡垒作用，我们统筹技术、业务、基层警力等各方面资源，努力破除数据壁垒与跨部门协作瓶颈。党员带头攻坚克难，一步步把“不可能”变成“可能”。
今后，我将牢记初心使命，持续深化党建与智慧警务深度融合，把党组织优势转化为科创攻坚动能，打磨更多接地气、提效能、解民忧的警务创新成果，以实干践行人民公安为人民的庄严承诺，为平安建设贡献更多力量。
——安徽省马鞍山市公安局情报指挥中心党支部书记、政委周克武
（本报记者田先进整理）","# 坚定不移走中国特色社会主义政治发展道路

> 本报记者  亓玉昆《人民日报》（2026年06月25日第 10 版）

数据来源：全国人大官方网站、全国政协官方网站、公安部

数据来源：全国人大官方网站、全国政协官方网站、公安部

“国以民为本，社稷亦为民而立”。

中国特色社会主义政治发展道路，是近代以来中国人民长期奋斗历史逻辑、理论逻辑、实践逻辑的必然结果，是坚持党的本质属性、践行党的根本宗旨的必然要求。

党的十八大以来，我国社会主义民主政治制度化、规范化、程序化全面推进，中国特色社会主义政治制度优越性得到更好发挥，生动活泼、安定团结的政治局面得到巩固和发展。

“中国治理之所以取得举世瞩目的成就，很重要的一条经验就是，在中国共产党领导下走中国特色社会主义政治发展道路，坚持和发展全过程人民民主。”习近平总书记深刻指出，中国特色社会主义政治发展道路是符合中国国情、保证人民当家作主的正确道路。

道路选对了，就要坚定不移走下去。

根本政治制度发挥显著优越性

“通过！”

3月12日下午，人民大会堂，十四届全国人大四次会议表决通过关于国民经济和社会发展第十五个五年规划纲要的决议。

在党的领导下，通过人民代表大会制度科学制定和接续实施五年发展规划（计划），使之成为具有法律效力的发展目标和工作遵循，实现了一茬接着一茬干、一张蓝图绘到底。

人民代表大会制度是坚持党的领导、人民当家作主、依法治国有机统一的根本政治制度安排。

1954年9月，一届全国人大一次会议在中南海怀仁堂召开。会议通过了新中国第一部宪法，标志着人民代表大会制度的正式建立。

人民代表大会制度与时俱进、完善发展，展现出强大生命力，为我们党领导人民依法有效治理国家，创造经济快速发展和社会长期稳定两大奇迹提供重要制度保障。

1952年，我国GDP（国内生产总值）仅为679亿元。2025年，我国GDP跨越140万亿元关口，稳居世界第二大经济体，建成世界上规模最大的教育体系、社会保障体系、医疗卫生体系，成为国际社会公认的最有安全感的国家之一。

人民民主是中国共产党始终高扬的光辉旗帜。人民当家作主是社会主义民主政治的本质和核心。

近日，上海长宁区虹桥街道，80余名英国高校师生来到古北市民中心，走访基层立法联系点、人大全过程人民民主基层实践基地、海外人才荟、古北市民议事厅等功能区域。

“民主不是抽象概念，而是服务民生的务实举措，这样的治理模式令人赞叹。”一名学生说道。

2019年11月，习近平总书记考察上海古北市民中心，明确指出，“我们走的是一条中国特色社会主义政治发展道路，人民民主是一种全过程的民主”；

2021年10月，中央人大工作会议召开，这在党的历史上、人民代表大会制度历史上都是第一次。习近平总书记强调，“要毫不动摇坚持、与时俱进完善人民代表大会制度，加强和改进新时代人大工作”；

2024年9月，在庆祝全国人民代表大会成立70周年大会上，习近平总书记深刻指出，“人民代表大会制度是中国共产党领导中国人民艰辛探索长期奋斗的成果，是从中国土壤中生长起来的全新政治制度，是人类政治制度史上的伟大创造”；

…………

党的十八大以来，以习近平同志为核心的党中央推动人大工作取得历史性成就，人民代表大会制度更加成熟、更加定型。

坚持好、完善好、运行好人民代表大会制度，更好发挥国家根本政治制度作用，就能依靠制度威力抵御风险挑战，保障党和国家事业兴旺发达、长治久安。

基本政治制度焕发强大生命力

实行人民代表大会制度，同实行中国共产党领导的多党合作和政治协商制度、民族区域自治制度、基层群众自治制度等基本政治制度，巩固和发展最广泛的爱国统一战线，一同形成全面、广泛、有机衔接的人民当家作主制度体系。

习近平总书记指出，“中国这样一个有5000多年文明史、几亿人口的国家建立起人民当家作主的新型政治制度，在中国政治发展史乃至世界政治发展史上都是具有划时代意义的。”

——新型政党制度建设实现新发展。

发扬民主、集思广益，广泛听取各方面意见，是中共中央研究重大问题、制定重要文件的一贯做法和优良传统。

2025年12月3日，中共中央在中南海召开党外人士座谈会，就2025年经济形势和2026年经济工作听取各民主党派中央、全国工商联负责人和无党派人士代表的意见建议。大家积极建言献策，彰显中国新型政党制度集智聚力的政治优势。

在庆祝中国人民政治协商会议成立75周年大会上，习近平总书记强调，协商民主是全过程人民民主的重要组成部分，是我国社会主义民主政治的特有形式和独特优势，是党的群众路线在政治领域的重要体现。

推进多党合作制度建设，召开中央统一战线工作会议、中央政协工作会议，发布加强社会主义协商民主建设的意见、加强政党协商的实施意见、新时代加强和改进人民政协工作的意见等重要文件……

我国新型政党制度建设实现新发展，各民主党派当好中国共产党的好参谋、好帮手、好同事，共同把中国的事情办好。

——民族团结进步呈现新气象。

“各族人民爱家乡，各族人民爱祖国……”走进新疆乌鲁木齐市天山区二道桥街道固原巷社区合唱室，《甜甜的歌儿迎宾客》歌声响亮。

“我们各族兄弟姐妹就像石榴籽一样，手足相亲、守望相助。”居民阿孜古力·阿不拉打开手机里珍藏的照片，那是2022年7月，习近平总书记来到社区时的场景。

2025年，西藏自治区、新疆维吾尔自治区分别迎来成立60周年、70周年，习近平作为中共中央总书记、国家主席、中央军委主席率中央代表团分别到西藏、新疆出席庆祝活动，在党和国家历史上都是第一次。

2026年7月1日起，民族团结进步促进法将正式施行，为铸牢中华民族共同体意识、推进中华民族共同体建设夯实法治根基。

在党中央集中统一领导下，坚持和完善民族区域自治制度，巩固和发展平等团结互助和谐的社会主义民族关系，各民族像石榴籽一样紧紧抱在一起。

——人民有序政治参与持续扩大。

沿着草厂四条胡同走向深处，叩开一扇深红色木质大门，就来到北京东城区的“小院议事厅”。

垃圾分类、燃气改造……只要是关系街坊邻居生活的事情，大家都会到“小院议事厅”商量一下。

2019年春节前夕，习近平总书记走进“小院议事厅”，明确指出，设立“小院议事厅”，“居民的事居民议，居民的事居民定”，有利于增强社区居民的归属感和主人翁意识。

今年1月1日，修改后的村民委员会组织法、城市居民委员会组织法施行。两部法律是宪法关于基层群众自治制度规定的立法实施，这次修改是习近平法治思想在基层治理领域的生动实践，为发展基层民主提供更完备的法律保障。

“坝坝会”“樟树下议事”“老街坊议事会”……各地把全过程人民民主融入基层治理，探索创造了一个又一个充满烟火气的民主形式，人民有序政治参与持续扩大，让人民当家作主焕发出更加绚丽的光彩。

全面依法治国总体格局基本形成

党的领导、人民当家作主和依法治国有机统一是中国特色社会主义政治文明的本质特征。

党的十八大以来，以习近平同志为核心的党中央把全面依法治国纳入“四个全面”战略布局予以有力推进，全面依法治国总体格局基本形成，中国特色社会主义法治体系不断完善，中国特色社会主义法治道路越走越宽广。

——以良法保障善治。

当十四届全国人大四次会议高票表决通过生态环境法典，人民大会堂响起热烈掌声。

这是继民法典之后，我国第二部以“法典”命名的基本法律，对于在法治轨道上推进新时代生态文明建设，实现中华民族永续发展，具有重大而深远的意义。

修改立法法，通过刑法修正案（十二），制定国家发展规划法、民营经济促进法……通过深入推进科学立法、民主立法、依法立法，加强重点领域、新兴领域、涉外领域的立法，法律规范体系更加科学完备。

我国现行有效法律311件，行政法规和监察法规600余件，地方性法规超过1.5万件，以宪法为核心的中国特色社会主义法律体系实现与时俱进、完善发展。

——全面推进严格规范公正文明执法。

“以前各监管部门‘九龙治水’、分头检查，如今各部门一起检查，我们轻松多了。”在浙江义乌国际商贸城，一家玩具店的经营者道出了“综合查一次”带来的便利。

全面推行“扫码入企”，进一步规范涉企行政检查；加强行政执法规范化建设，推进行政裁量权基准明晰、统一，完善行政处罚与刑事处罚双向衔接制度……

通过全面推进严格规范公正文明执法，有力确保法律正确实施，市场环境更加公平、更有活力，人民群众的获得感、幸福感、安全感更加充实、更有保障、更可持续。

——坚决守护社会公平正义。

今年“两高”报告中，有两个案例引人关注：

余某连续工作超8小时、公司未安排人员接替，因闭眼小憩3分钟被辞退，法院认定构成违法解除劳动合同；

王某与深夜潜入家中的行窃者搏斗致其死亡，陈某反抗不法侵害时致施暴者受伤，检察机关认定均属正当防卫。

司法机关高质效办好每一个案件，深化司法体制综合配套改革，推进以审判为中心的刑事诉讼制度改革，全面推行立案登记制，建立巡回检察制度、拓展公益诉讼案件范围更加注重法治与改革、发展、稳定相协同，努力让人民群众在每一个司法案件中感受到公平正义。

——创新推进全民守法和法治宣传教育。

法律要发挥作用，需要全社会信仰法律、尊崇法治。

2025年11月1日，法治宣传教育法施行，普法有了法律护航。以这部法为依据，今年还将制定实施“九五”普法规划。

从群众身边的邻里纠纷、物业维权等问题入手，各地各部门开展形式多样、生动鲜活的普法活动，推动公民法治素养显著提升，尊法学法守法用法在全社会蔚然成风。

∗∗∗  ∗∗∗

方向决定前途，道路决定命运。

“十五五”规划纲要提出，坚定不移走中国特色社会主义政治发展道路，坚持党的领导、人民当家作主、依法治国有机统一，巩固和发展生动活泼、安定团结的政治局面。

新征程上，在以习近平同志为核心的党中央坚强领导下，坚定不移走中国特色社会主义政治发展道路，全面发展全过程人民民主，深入推进全面依法治国，中国特色社会主义政治制度优越性必定得到更好发挥，中国式现代化必将行稳致远。

作为一名扎根乡村的全国政协委员，我深知自己肩上的责任重大。走进人民大会堂，我带去的是身边乡亲们最真实的呼声和期盼。关于乡村全面振兴、养老服务的建议，源于我在刘寨村日间照料中心陪老人吃饭时的观察，以及在大棚里和种植户一起算账时的思考。我见证着国家的民主政治不断发展，更希望能发挥好委员作用，用自己的提案变基层“痛点”为政策“支点”，让更多的“刘寨村”享受到国家政策的阳光雨露，努力把乡村全面振兴这篇大文章，写得更加绚丽多彩！

——第十四届全国政协委员，山西省壶关县龙泉镇刘寨村党支部书记、村委会主任程玉珍

（本报记者郑洋洋整理）

深耕村务多年，我对基层治理深有体会：评价基层党员干部干事成色，从来不靠自我标榜，百姓心中自有一杆秤。村民收入是否稳步提升、村容村貌是否持续向好，才是检验履职实绩最实在、最硬核的标准。

往后，我将继续坚守党员初心、扛起职责担当，带领全村群众壮大特色产业、完善民生保障，一步一个脚印拓宽增收致富路，让家家户户的日子越过越红火、生活越来越美满。

——辽宁省建平县万寿街道小平房村党委书记、村委会主任钱学余

（本报记者刘洪超整理）

从脱下军装成为一名外卖骑手，到当起社区志愿者，再到担任新就业群体志愿服务队党支部书记，我扎根一线多年，服务新就业群体。党建既能凝聚人心，又能带动担当。我们依托骑手群体走街串巷的优势，引导大家投身基层治理，参与志愿服务、帮扶困难群众。

一路走来，党员的身份激励着我踏实做事、热心助人，我也始终记得自己出发时的那份热忱。接下来，我会继续做好新就业群体党建工作，带动更多同行听党话、跟党走，主动融入城市治理、服务身边群众，让党旗始终在一线高高飘扬。

——四川省成都市锦江区牛市口街道“小牛哥·先锋车手”志愿服务队党支部书记王柯皓

（本报记者王明峰整理）

投身警务科创领域多年，我愈发深刻地体会到党组织强大的组织优势。发挥党支部战斗堡垒作用，我们统筹技术、业务、基层警力等各方面资源，努力破除数据壁垒与跨部门协作瓶颈。党员带头攻坚克难，一步步把“不可能”变成“可能”。

今后，我将牢记初心使命，持续深化党建与智慧警务深度融合，把党组织优势转化为科创攻坚动能，打磨更多接地气、提效能、解民忧的警务创新成果，以实干践行人民公安为人民的庄严承诺，为平安建设贡献更多力量。

——安徽省马鞍山市公安局情报指挥中心党支部书记、政委周克武

（本报记者田先进整理）",亓玉昆,特别报道,,https://paper.people.com.cn/rmrb/pc/content/202606/25/content_30164734.html,2026-06-25,"['制度', '政治', '习近平', '人民', '民主', '社会主义', '发展', '基层', '人民代表大会', '法治']","数据来源：全国人大官方网站、全国政协官方网站、公安部
数据来源：全国人大官方网站、全国政协官方网站、公安部
“国以民为本，社稷亦为民而立”。",政治,,,[],data/vault/2026/06/2026-06-25/10-特别报道/坚定不移走中国特色社会主义政治发展道路.md,10,特别报道
最广泛最真实最管用的社会主义民主,"民主是全人类的共同价值，是中国共产党和中国人民始终不渝坚持的重要理念。在中国，人民民主究竟是一种什么样的民主？
习近平总书记给出深刻回答：全过程人民民主是“最广泛、最真实、最管用的社会主义民主”。
这三个“最”，道出了全过程人民民主的本质特征，也彰显了中国特色社会主义政治发展道路的底气与自信。
最广泛的社会主义民主，说的是“人人都在场”，体现在人民当家作主的制度覆盖面与参与主体上。我国实行工人阶级领导的、以工农联盟为基础的人民民主专政的国体，实行人民代表大会制度的政体，实行中国共产党领导的多党合作和政治协商制度、民族区域自治制度、基层群众自治制度等基本政治制度，这构成了全面、广泛、有机衔接的人民当家作主制度体系。从中央到基层，从城市到乡村，从人大代表到普通群众，这种广泛的代表性，确保全过程人民民主不是少数人的民主，而是全体人民的权利。
最真实的社会主义民主，说的是“天天在发生”，体现在完整的制度程序与完整的参与实践相统一。民主不是抽象的概念，而是可感知、可参与的实际过程。全过程人民民主不仅有民主选举，还有民主协商、民主决策、民主管理、民主监督，形成全链条的参与闭环。从基层立法联系点到居民议事厅，从12345热线到网络问政平台，民主的形式日益丰富，参与的渠道日益畅通。民主不再是看不见的制度设计，而是亿万群众实实在在的参与感与获得感。
最管用的社会主义民主，说的是“件件有回响”，体现在能够真正解决人民需要解决的问题。在我国，民主贯穿决策、执行、监督全过程。老旧小区加装电梯，反复听取居民意见；农村污水治理，逐户逐人征询方案；法律修订、政策调整，线上线下收集海量诉求。全过程人民民主，把党和政府想干的与百姓盼的紧紧拧在一起，让治理成果看得见、摸得着。
新征程上，我们要继续把人民当家作主具体地、现实地体现到党治国理政的政策措施上来，体现到实现人民对美好生活向往的工作上来。","# 最广泛最真实最管用的社会主义民主

> 徐雷鹏《人民日报》（2026年06月25日第 10 版）

民主是全人类的共同价值，是中国共产党和中国人民始终不渝坚持的重要理念。在中国，人民民主究竟是一种什么样的民主？

习近平总书记给出深刻回答：全过程人民民主是“最广泛、最真实、最管用的社会主义民主”。

这三个“最”，道出了全过程人民民主的本质特征，也彰显了中国特色社会主义政治发展道路的底气与自信。

最广泛的社会主义民主，说的是“人人都在场”，体现在人民当家作主的制度覆盖面与参与主体上。我国实行工人阶级领导的、以工农联盟为基础的人民民主专政的国体，实行人民代表大会制度的政体，实行中国共产党领导的多党合作和政治协商制度、民族区域自治制度、基层群众自治制度等基本政治制度，这构成了全面、广泛、有机衔接的人民当家作主制度体系。从中央到基层，从城市到乡村，从人大代表到普通群众，这种广泛的代表性，确保全过程人民民主不是少数人的民主，而是全体人民的权利。

最真实的社会主义民主，说的是“天天在发生”，体现在完整的制度程序与完整的参与实践相统一。民主不是抽象的概念，而是可感知、可参与的实际过程。全过程人民民主不仅有民主选举，还有民主协商、民主决策、民主管理、民主监督，形成全链条的参与闭环。从基层立法联系点到居民议事厅，从12345热线到网络问政平台，民主的形式日益丰富，参与的渠道日益畅通。民主不再是看不见的制度设计，而是亿万群众实实在在的参与感与获得感。

最管用的社会主义民主，说的是“件件有回响”，体现在能够真正解决人民需要解决的问题。在我国，民主贯穿决策、执行、监督全过程。老旧小区加装电梯，反复听取居民意见；农村污水治理，逐户逐人征询方案；法律修订、政策调整，线上线下收集海量诉求。全过程人民民主，把党和政府想干的与百姓盼的紧紧拧在一起，让治理成果看得见、摸得着。

新征程上，我们要继续把人民当家作主具体地、现实地体现到党治国理政的政策措施上来，体现到实现人民对美好生活向往的工作上来。",徐雷鹏,特别报道,,https://paper.people.com.cn/rmrb/pc/content/202606/25/content_30164735.html,2026-06-25,"['民主', '人民', '全过程', '制度', '社会主义', '当家作主', '体现', '管用', '广泛', '参与']","民主是全人类的共同价值，是中国共产党和中国人民始终不渝坚持的重要理念。在中国，人民民主究竟是一种什么样的民主？
习近平总书记给出深刻回答：全过程人民民主是“最广泛、最真实、最管用的社会主义民主”。
这三个“最”，道出了全过程人民民主的本质特征，也彰显了中国特色社会主义政治发展道路的底气与自信。",政治,,,[],data/vault/2026/06/2026-06-25/10-特别报道/最广泛最真实最管用的社会主义民主.md,10,特别报道
坚持党的领导、人民当家作主、依法治国有机统一,"党的领导浙江省嘉兴市南湖区新发展党员在南湖革命纪念馆重温入党誓词。新华社记者  徐  昱摄
党的领导
浙江省嘉兴市南湖区新发展党员在南湖革命纪念馆重温入党誓词。
新华社记者  徐  昱摄
党的领导山东省郯城县郯城街道党员志愿者在埝里村大樱桃采摘园内向果农了解大樱桃销售以及管理情况。张春雷摄（人民视觉）
党的领导
山东省郯城县郯城街道党员志愿者在埝里村大樱桃采摘园内向果农了解大樱桃销售以及管理情况。
张春雷摄（人民视觉）
党的领导辽宁省绥中县祝家沟村村民在重建新房的村党群服务中心前鸣锣击鼓。资料照片
党的领导
辽宁省绥中县祝家沟村村民在重建新房的村党群服务中心前鸣锣击鼓。
资料照片
党的领导在防汛抢险救灾现场，武警贵州总队官兵组织重温入党誓词。资料照片
党的领导
在防汛抢险救灾现场，武警贵州总队官兵组织重温入党誓词。
资料照片
人民当家作主十四届全国人大四次会议在北京人民大会堂举行第二次全体会议。新华社记者  翟健岚摄
人民当家作主
十四届全国人大四次会议在北京人民大会堂举行第二次全体会议。
新华社记者  翟健岚摄
人民当家作主江西省丰城市政协委员在铁路镇洪州窑碗泥岭古窑景区调研，了解景区发展情况和需要解决的问题。周  亮摄（影像中国）
人民当家作主
江西省丰城市政协委员在铁路镇洪州窑碗泥岭古窑景区调研，了解景区发展情况和需要解决的问题。
周  亮摄（影像中国）
人民当家作主西藏自治区拉萨市，群众载歌载舞庆祝西藏和平解放75周年。新华社记者  丁增尼达摄
人民当家作主
西藏自治区拉萨市，群众载歌载舞庆祝西藏和平解放75周年。
新华社记者  丁增尼达摄
人民当家作主内蒙古自治区呼和浩特市玉泉区清泉街社区坚持和发展新时代“枫桥经验”，举办“荷香唠嗑”议事会，商议小区管理事宜。丁根厚摄（影像中国）
人民当家作主
内蒙古自治区呼和浩特市玉泉区清泉街社区坚持和发展新时代“枫桥经验”，举办“荷香唠嗑”议事会，商议小区管理事宜。
丁根厚摄（影像中国）
依法治国重庆市开州区人民法院巡回法庭走进南门镇花林村，对辖区一起民生案件进行巡回审判。边俊铭摄（影像中国）
依法治国
重庆市开州区人民法院巡回法庭走进南门镇花林村，对辖区一起民生案件进行巡回审判。
边俊铭摄（影像中国）
依法治国福建省平潭综合实验区公安局民辅警在龙王头海洋公园使用无人机进行海岸巡查。谢贵明摄（影像中国）
依法治国
福建省平潭综合实验区公安局民辅警在龙王头海洋公园使用无人机进行海岸巡查。
谢贵明摄（影像中国）
依法治国江苏省仪征市人民检察院在枣林村紫藤议事亭召开听证会，审查一起盗伐林木刑事附带民事公益诉讼案，人民监督员、检察听证员及村干部、村民代表共同参与。余  祥摄（影像中国）
依法治国
江苏省仪征市人民检察院在枣林村紫藤议事亭召开听证会，审查一起盗伐林木刑事附带民事公益诉讼案，人民监督员、检察听证员及村干部、村民代表共同参与。
余  祥摄（影像中国）
依法治国安徽省宿松县公安局禁毒民警为二郎镇中心小学学生讲解识别新型毒品的方法，提升青少年的识毒、防毒、拒毒意识与自我保护能力。石  松摄（人民视觉）
依法治国
安徽省宿松县公安局禁毒民警为二郎镇中心小学学生讲解识别新型毒品的方法，提升青少年的识毒、防毒、拒毒意识与自我保护能力。
石  松摄（人民视觉）","# 坚持党的领导、人民当家作主、依法治国有机统一

> 《人民日报》（2026年06月25日第 11 版）

党的领导　　浙江省嘉兴市南湖区新发展党员在南湖革命纪念馆重温入党誓词。　　新华社记者  徐  昱摄

党的领导

浙江省嘉兴市南湖区新发展党员在南湖革命纪念馆重温入党誓词。

新华社记者  徐  昱摄

党的领导　　山东省郯城县郯城街道党员志愿者在埝里村大樱桃采摘园内向果农了解大樱桃销售以及管理情况。　　张春雷摄（人民视觉）

党的领导

山东省郯城县郯城街道党员志愿者在埝里村大樱桃采摘园内向果农了解大樱桃销售以及管理情况。

张春雷摄（人民视觉）

党的领导　　辽宁省绥中县祝家沟村村民在重建新房的村党群服务中心前鸣锣击鼓。　　资料照片

党的领导

辽宁省绥中县祝家沟村村民在重建新房的村党群服务中心前鸣锣击鼓。

资料照片

党的领导　　在防汛抢险救灾现场，武警贵州总队官兵组织重温入党誓词。　　资料照片

党的领导

在防汛抢险救灾现场，武警贵州总队官兵组织重温入党誓词。

资料照片

人民当家作主　　十四届全国人大四次会议在北京人民大会堂举行第二次全体会议。 　　新华社记者  翟健岚摄

人民当家作主

十四届全国人大四次会议在北京人民大会堂举行第二次全体会议。

新华社记者  翟健岚摄

人民当家作主　　江西省丰城市政协委员在铁路镇洪州窑碗泥岭古窑景区调研，了解景区发展情况和需要解决的问题。　　周  亮摄（影像中国）

人民当家作主

江西省丰城市政协委员在铁路镇洪州窑碗泥岭古窑景区调研，了解景区发展情况和需要解决的问题。

周  亮摄（影像中国）

人民当家作主　　西藏自治区拉萨市，群众载歌载舞庆祝西藏和平解放75周年。 　　新华社记者  丁增尼达摄

人民当家作主

西藏自治区拉萨市，群众载歌载舞庆祝西藏和平解放75周年。

新华社记者  丁增尼达摄

人民当家作主　　内蒙古自治区呼和浩特市玉泉区清泉街社区坚持和发展新时代“枫桥经验”，举办“荷香唠嗑”议事会，商议小区管理事宜。　　丁根厚摄（影像中国）

人民当家作主

内蒙古自治区呼和浩特市玉泉区清泉街社区坚持和发展新时代“枫桥经验”，举办“荷香唠嗑”议事会，商议小区管理事宜。

丁根厚摄（影像中国）

依法治国　　重庆市开州区人民法院巡回法庭走进南门镇花林村，对辖区一起民生案件进行巡回审判。　　边俊铭摄（影像中国）

依法治国

重庆市开州区人民法院巡回法庭走进南门镇花林村，对辖区一起民生案件进行巡回审判。

边俊铭摄（影像中国）

依法治国　　福建省平潭综合实验区公安局民辅警在龙王头海洋公园使用无人机进行海岸巡查。　　谢贵明摄（影像中国）

依法治国

福建省平潭综合实验区公安局民辅警在龙王头海洋公园使用无人机进行海岸巡查。

谢贵明摄（影像中国）

依法治国　　江苏省仪征市人民检察院在枣林村紫藤议事亭召开听证会，审查一起盗伐林木刑事附带民事公益诉讼案，人民监督员、检察听证员及村干部、村民代表共同参与。　　余  祥摄（影像中国）

依法治国

江苏省仪征市人民检察院在枣林村紫藤议事亭召开听证会，审查一起盗伐林木刑事附带民事公益诉讼案，人民监督员、检察听证员及村干部、村民代表共同参与。

余  祥摄（影像中国）

依法治国　　安徽省宿松县公安局禁毒民警为二郎镇中心小学学生讲解识别新型毒品的方法，提升青少年的识毒、防毒、拒毒意识与自我保护能力。　　石  松摄（人民视觉）

依法治国

安徽省宿松县公安局禁毒民警为二郎镇中心小学学生讲解识别新型毒品的方法，提升青少年的识毒、防毒、拒毒意识与自我保护能力。

石  松摄（人民视觉）",,特别报道,,https://paper.people.com.cn/rmrb/pc/content/202606/25/content_30164737.html,2026-06-25,"['依法治国', '当家作主', '影像', '党的领导', '人民', '大樱桃', '誓词', '新华社', '重温', '巡回']","党的领导浙江省嘉兴市南湖区新发展党员在南湖革命纪念馆重温入党誓词。新华社记者  徐  昱摄
党的领导
浙江省嘉兴市南湖区新发展党员在南湖革命纪念馆重温入党誓词。",社会,,,[],data/vault/2026/06/2026-06-25/11-特别报道/坚持党的领导、人民当家作主、依法治国有机统一.md,11,特别报道
巩固和发展生动活泼、安定团结的政治局面,"今年是中国共产党成立105周年。百余年沧桑岁月走过，我们党始终高举人民民主旗帜，团结带领人民成功开辟和坚持了中国特色社会主义政治发展道路。习近平总书记指出，坚持党的领导、人民当家作主、依法治国有机统一是社会主义政治发展的必然要求。这是历史和人民的选择，也是我国社会主义民主政治伟大实践充分证明的正确道路。
坚持党的领导、人民当家作主、依法治国有机统一，最根本的是坚持党的领导。习近平党建思想“十四个坚持”，摆在首位的是：坚持党的领导是中国特色社会主义最本质的特征。党的十八大以来，我们党大力发展全过程人民民主、保障人民当家作主，坚持和完善人民代表大会制度的根本政治制度，中国共产党领导的多党合作和政治协商制度、民族区域自治制度以及基层群众自治制度等基本政治制度。在党的领导下，全过程人民民主深入发展，各层次民主形式更加丰富，国家和社会生活制度化、法治化有序推进。
“十五五”规划纲要就“发展全过程人民民主  完善中国特色社会主义法治体系”作出专篇部署。奋进新征程，必须坚定不移走中国特色社会主义政治发展道路，坚持党的领导、人民当家作主、依法治国有机统一，巩固和发展生动活泼、安定团结的政治局面。不断健全人民当家作主制度体系，扩大人民有序政治参与，增强人民群众的获得感、幸福感、安全感，与人民群众同心同德、携手奋进，共同凝聚起全面建设社会主义现代化国家的磅礴伟力。","# 巩固和发展生动活泼、安定团结的政治局面

> 迟嘉瑞《人民日报》（2026年06月25日第 11 版）

今年是中国共产党成立105周年。百余年沧桑岁月走过，我们党始终高举人民民主旗帜，团结带领人民成功开辟和坚持了中国特色社会主义政治发展道路。习近平总书记指出，坚持党的领导、人民当家作主、依法治国有机统一是社会主义政治发展的必然要求。这是历史和人民的选择，也是我国社会主义民主政治伟大实践充分证明的正确道路。

坚持党的领导、人民当家作主、依法治国有机统一，最根本的是坚持党的领导。习近平党建思想“十四个坚持”，摆在首位的是：坚持党的领导是中国特色社会主义最本质的特征。党的十八大以来，我们党大力发展全过程人民民主、保障人民当家作主，坚持和完善人民代表大会制度的根本政治制度，中国共产党领导的多党合作和政治协商制度、民族区域自治制度以及基层群众自治制度等基本政治制度。在党的领导下，全过程人民民主深入发展，各层次民主形式更加丰富，国家和社会生活制度化、法治化有序推进。

“十五五”规划纲要就“发展全过程人民民主  完善中国特色社会主义法治体系”作出专篇部署。奋进新征程，必须坚定不移走中国特色社会主义政治发展道路，坚持党的领导、人民当家作主、依法治国有机统一，巩固和发展生动活泼、安定团结的政治局面。不断健全人民当家作主制度体系，扩大人民有序政治参与，增强人民群众的获得感、幸福感、安全感，与人民群众同心同德、携手奋进，共同凝聚起全面建设社会主义现代化国家的磅礴伟力。",迟嘉瑞,特别报道,,https://paper.people.com.cn/rmrb/pc/content/202606/25/content_30164738.html,2026-06-25,"['人民', '党的领导', '当家作主', '坚持', '社会主义', '民主', '依法治国', '制度', '政治', '特色']","今年是中国共产党成立105周年。百余年沧桑岁月走过，我们党始终高举人民民主旗帜，团结带领人民成功开辟和坚持了中国特色社会主义政治发展道路。习近平总书记指出，坚持党的领导、人民当家作主、依法治国有机统一是社会主义政治发展的必然要求。这是历史和人民的选择，也是我国社会主义民主政治伟大实践充分证明的正确道路。
坚持党的领导、人民当家作主、依法治国有机统一，最根本的是坚持党的领导。习近平党建思想“十四个坚持”，摆在首位的是：坚持党的领导是中国特色社会主义最本质的特征。党的十八大以来，我们党大力发展全过程人民民主、保障人民当家作主，坚持和完善人民代表大会制度的根本政治制度，中国共产党领导的多党合作和政治协商制度、民族区域自治制度以及基层群众自治制度等基本政治制度。在党的领导下，全过程人民民主深入发展，各层次民主形式更加丰富，国家和社会生活制度化、法治化有序推进。
“十五五”规划纲要就“发展全过程人民民主  完善中国特色社会主义法治体系”作出专篇部署。奋进新征程，必须坚定不移走中国特色社会主义政治发展道路，坚持党的领导、人民当家作主、依法治国有机统一，巩固和发展生动活泼、安定团结的政治局面。不断健全人民当家作主制度体系，扩大人民有序政治参与，增强人民群众的获得感、幸福感、安全感，与人民群众同心同德、携手奋进，共同凝聚起全面建设社会主义现代化国家的磅礴伟力。",政治,,,[],data/vault/2026/06/2026-06-25/11-特别报道/巩固和发展生动活泼、安定团结的政治局面.md,11,特别报道
坚定走中国特色社会主义群团发展道路  团结动员广大科技工作者建功“十五五”,"“十五五”时期是我国基本实现社会主义现代化夯实基础、全面发力的关键时期，也是建设科技强国攻坚克难、闯关夺隘的重要阶段。推进中国式现代化，科学技术要打头阵，科技工作者要勇当高水平科技自立自强的排头兵。
党的十八大以来，以习近平同志为核心的党中央全面加强对群团工作的统一领导和系统谋划，提出坚定不移走中国特色社会主义群团发展道路的要求，深刻阐明科技群团工作的根本保证、政治责任、基本职能、时代主题、战略使命、工作理念等一系列方向性、战略性重大问题，为新时代科技群团事业发展提供了根本遵循和行动指南。
科技群团组织既包括党领导下的科技工作者的全国性统一组织——中国科学技术协会，也包括广大科技工作者自愿结合、依规成立的各类学会、协会、研究会等科技社团。今年是“十五五”开局之年，中国科协第十一次全国代表大会即将召开，科技群团事业将开启新的征程，我们要全面贯彻习近平总书记关于科技创新和科协工作的重要论述，树立和践行正确政绩观，团结引领广大科技工作者锚定科技强国目标，建功“十五五”、奋进新征程。
坚持党对科技群团的全面领导，确保各项事业始终沿着正确政治方向前进
习近平总书记指出“群团组织要始终把自己置于党的领导之下”，要求科协毫不动摇坚持党的领导，坚定不移走中国特色社会主义群团发展道路。坚持党的领导，是科技群团一切工作的最高政治原则。
党的领导是科技群团发展的历史选择。近代以来，一批先进知识分子怀揣科学救国、实业兴邦梦想，借鉴西方兴办学会、协会，这是我国科技群团的发端。然而，从戊戌变法中的各类学会，到20世纪初的中国科学社等团体，因缺乏国家政治支持和必要社会基础，终究难以实现愿景。1940年，中国共产党领导建立陕甘宁边区自然科学研究会，我国科技群团从此走上事业追求与国家命运、人民利益相结合的正确道路。新中国成立后，党领导科技工作者建立全国性统一组织，赋予其社会职能，将其作为人民政协组成单位。科技群团从此整体性、制度化纳入党和政府全局工作，科技工作者矢志报国从自发走向自觉、从个人追求升华为集体意志。
党的全面领导是科技群团发展的政治保证。中国共产党是中国特色社会主义事业的领导核心，总揽全局、协调各方。只有坚持党的领导，广大科技工作者的社会参与愿望和自身发展权益才能更有序表达、更有效维护。只有坚持党的领导，科技群团才能准确把握时代脉搏和发展方向，其团结引领、联系服务科技工作者的各项功能才能获得强有力的政策支持和资源保障。只有坚持党的领导，尊重知识、尊重人才的良好氛围才能逐步形成，广大科技工作者报效国家、服务人民的理想才能获得广阔实现空间和坚实社会基础。
党的全面领导是科技群团发展的时代要求。以中国式现代化全面推进强国建设、民族复兴伟业，是新时代新征程党和国家的中心任务，也是科技群团“最大的政治”。我国科技社团实行“一业一会”，客观上为消除社团无序竞争提供了制度保障，同时也要求科技社团必须自觉树立国家利益至上的价值追求。只有坚持党的领导，才能确保科技工作者的个人抱负、科技群团的组织追求与中国式现代化的伟大实践同频共振、同向同行。
科技群团要进一步完善党中央重大决策部署落实机制，以政治建设为统领，切实加强群团组织自身建设，旗帜鲜明推进“党建强会”。深入贯彻新时代党的建设总要求，自觉把党的全面领导落实到科技群团工作的各领域各方面，坚守初心使命，确保在政治立场、政治方向、政治原则、政治道路上同党中央保持高度一致。
坚持政治性先进性群众性高度统一，有效发挥党和政府联系科技工作者的桥梁和纽带作用
习近平总书记一贯要求切实保持和增强党的群团工作和群团组织的政治性、先进性、群众性，强调科协组织作为党和政府联系科技工作者的桥梁和纽带，要在党委和政府同科技工作者之间建立畅通稳定的双向沟通渠道，这为科技群团履行政治责任进一步指明了方向。
政治性是灵魂，是第一位的，集中体现在科技群团必须在思想上政治上行动上同党中央保持高度一致。政治性要转化为对广大科技工作者的有效政治引领与价值塑造。科技群团要将思想政治引领要求落实到组织的活动、资源、评价中去，将组织成员和广大科技工作者的智慧与力量引导、汇聚到服务国家战略需求上来。
先进性是重要着力点，集中体现在科技群团要引领科技工作者走在时代前列。先进性既包括组织的先进性，要求科技群团着眼国家大局，促进新质生产力发展，在繁荣学术、促进创新、驱动发展、服务社会、涵养文化方面发挥引领作用；也包括组织成员的先进性，科技工作者要勇当高水平科技自立自强的排头兵、弘扬社会主义核心价值观的示范者，充分发挥先进生产力开拓者、先进文化传播者践行者的作用。
群众性是根本特点，集中体现为科技群团必须深深植根于广大科技工作者之中。科技群团活动要让科技工作者当主角，服务触角广泛触达基层一线和各领域科技工作者，推动科技群团组织覆盖和工作覆盖更加有形有效；科技群团干部要深入基层，争当全心全意为人民服务宗旨的忠实践行者、党的群众路线的坚定执行者、党的群众工作的行家里手。
政治性、先进性、群众性相互联系、不可分割，三者有机统一于有效发挥桥梁纽带作用的实践。科技群团要进一步把科技共同体的社会功能与党的群团组织的政治功能、组织功能高度统一起来，做好对科技工作者的思想引领、事业支持、人文关怀、情感连接，把党的温暖充分传递给广大科技工作者、把科技工作者的温度如实向党报告。
坚持为广大科技工作者发展进步服务的工作生命线，弘扬科学家精神和科学精神
习近平总书记始终亲切关怀、充分信任广大科技人才，要求科协组织建设成为名副其实的“科技工作者之家”，希望广大科技工作者大力弘扬科学家精神和科学精神，自觉把学术追求融入建设科技强国的伟大事业，明确新时代科技群团团结凝聚服务科技工作者的着力重点。
拓展服务广度。为广大科技工作者服务，是以人民为中心的发展思想在科技群团领域的集中体现，是科技群团践行党的宗旨、彰显组织价值、永葆生机活力的内在要求。“科技工作者之家”的属性，决定了科技群团必须为广大科技工作者服务，将优化建功环境与提供直接服务相结合。各级科协领导机关和全国学会要更加主动地维护科技工作者的共性发展权益，推动破解影响群体发展的制度性、环境性问题。基层科协组织要贴近一线，将服务重心放在关心个体、解决实际困难上，提供精准化、个性化的支持。
增强服务精度。必须将服务资源更精准地配置到科技人才这个关键群体上，尤其要把为青年科技人才成长成才服务作为现阶段的重中之重。通过有组织的引领与赋能，为青年人才施展抱负、建功立业创造条件、搭建平台，同时引导其在政治上、思想上、修养上进步。必须正视青年科技人才在职业起步、项目支持、团队组建、学术认可、资源保障、心理纾解等方面面临的现实压力和发展需求，倾斜服务资源，切实增强其获得感成就感。
提升服务效度。服务的根本成效，在于促进科技工作者的思想境界和专业能力全面发展、持续进步，有效激发创新活力和创造潜能。应着力引导科技工作者自觉践行科学家精神和科学精神，自觉恪守学术规范和科技伦理，抵制极端个人主义和功利化倾向。提升科技工作者理解产业需求、沟通协作、成果转化的综合能力，助力其不断拓宽视野、了解实际、更好适应经济社会发展和科技产业变革。
坚持围绕中心服务大局，充分发挥科技群团在国家创新体系中的重要作用
习近平总书记要求中国科协坚持为科技工作者服务、为创新驱动发展服务、为提高全民科学素质服务、为党和政府科学决策服务。科技群团的价值，就要靠大局贡献度来标定。
科技群团在国家创新体系中具有独特功能。作为科技活动社会化、组织化、制度化的产物，科技群团立足学术交流、科技普及、科技评价、科技咨询、国际合作等基础职能，链接创新主体和创新网络，在政府、市场与社会之间发挥着重要枢纽作用。科技群团工作要着力通过激活科技共同体的内生力量，在政府和市场难以发挥作用的领域，特别是在优化学术生态、确立专业权威、强化同行监督、传播先进文化等方面，提供专业化、组织化公共产品，为提升国家创新体系整体效能作出实质性的增量贡献。
“十五五”时期，是加快实现高水平科技自立自强、建设科技强国的关键时期。当前，我国科技创新在一些领域实现从跟跑、并跑向领跑的跨越，正向更多“无人区”挺进，自主凝练科学问题、定义前沿方向的能力变得至关重要。掌握学术主导权、维护科技安全的紧迫性日益提升，跨领域、跨行业的共性技术难题与系统性决策需求大量涌现，对科技咨询能力提出更高要求。提升公民科学文化素质、夯实创新发展的群众基础仍需久久为功。深化科技评价改革、激发人才创新活力、营造良好科研生态也是建设科技强国的内在要求。这些形势与任务，共同构成了科技群团发挥作用的时代背景和现实舞台。
面对新形势新要求，科技群团必须强化使命担当，发挥独特优势，进一步提升服务科技强国建设的大局贡献度。自主凝练科学问题、研判前沿方向，打造高水平、便利化交流载体和会议平台。培育世界一流科技期刊集群，吸引国内外优秀科技成果首发。发挥科普工作主要社会力量作用，切实提升全民科学文化素质，夯实创新发展的群众基础。发挥跨学科、跨领域的组织优势，立足第三方视角，提供系统解决方案，推动科技创新与产业创新深度融合。探索建立基于同行评议，注重专业水平、实际贡献和社会影响的权威评价机制。
坚持增进国际科技开放信任合作，壮大构建人类命运共同体的科技力量
习近平总书记强调“科技进步是世界性、时代性课题，唯有开放合作才是正道”，要求科协为推动构建人类命运共同体作出更大贡献。这对科技群团落实四大全球倡议、发挥民间科技外交独特作用提出了更高要求。
深度参与全球科技治理。当前，国际科技竞争与合作格局深刻演变，围绕规则、标准与话语权的博弈与争夺日趋激烈。科技群团必须肩负起时代责任，有组织地引导支持我国学者走上国际科技合作的舞台。着力提升国内科技社团的国际化水平，优化对外专业交流合作机制，主动融入全球创新网络，营造具有全球竞争力的开放创新生态。主动发起设立国际科技组织，培育和举荐一流科学家在国际科技组织中担任重要职务，实质性提升我国在全球科技议题设置、技术标准制定和伦理规则构建中的影响力与话语权，维护我国科技发展的正当权益。
深化国际科技人文交流。这是科技界推动构建人类命运共同体的生动实践。必须坚持以我为主，持续深化“一带一路”科技人文交流，通过科技纽带推动文明对话，讲好中国科技创新故事。紧紧围绕共建“一带一路”国家的共同发展需求，构建互利共赢的科技合作伙伴关系，加强科普资源共享和科学文化传播，弥合发展鸿沟、增进民生福祉、促进民心相通。充分发挥科技的人文交流功能，务实推动科技人员往来，特别是加强青年科技人才合作和青少年交流，促进科学知识、科学方法、科学思想和科学精神交流互鉴。
维护国家科技安全。必须树立底线思维，增强风险意识，建立和完善安全预警与防控体系，坚决维护国家核心技术、战略数据、关键设施、顶尖人才乃至学术生态等各方面安全，为我国科技发展突破遏制、争取公平公正环境提供有力的国际规则支撑，确保我国科技事业在风云变幻的国际环境中行稳致远。
坚持守正创新，依法依章程开展工作
习近平总书记要求群团改革强“三性”、去“四化”，强调“必须把群团组织建设得更加充满活力、更加坚强有力，使之成为推进国家治理体系和治理能力现代化的重要力量”。这明确了科技群团改革发展的任务和目标。
改革科技群团工作方式。主动适应国家治理体系和治理能力现代化进程的新要求以及科研范式变革和科技工作者群体结构、活动方式的新变化，勇于冲破思想观念束缚，突破利益固化藩篱，破解体制机制障碍，以改革激发科技群团事业发展新动能。准确把握科技群团发展规律，突出问题导向，坚持破立并举，在去除机关化作风、行政化依赖的同时，稳妥有序推进科技群团组织扁平化、生存社会化、活动精细化、动员网络化。大力建设“网上科技工作者之家”，走好网上群众路线。
推动健全科技社团管理制度。紧密结合科技强国建设的目标要求，坚持问题导向、分类施策、试点先行、稳慎推进，着力激发科技社团内生动力，优化发展环境，促进高质量发展。健全以章程为核心的法人治理结构，完善民主决策和监督机制，提升运用法治思维和法治方式履职能力。紧跟时代步伐，顺应实践发展，聚焦学科布局、组织结构、核心能力、制度供给、管理权责等突出问题深化改革，提升科技社团现代化治理水平。
推进全面从严治会。进一步完善科技社团党的建设，健全党组织发挥作用的机制。依法依章程严肃整治学会治理的突出问题，深化整治学会协会腐败。发挥科技共同体在加强作风学风建设方面的自律自净功能，整饬学术不端行为和不良风气，大力激浊扬清。树立和践行正确政绩观，建设忠诚党的事业、热爱科协岗位、密切联系基层、竭诚服务人才的干部队伍，永葆科技群团组织蓬勃朝气与旺盛活力。
（作者为中国科学技术协会党组书记、分管日常工作副主席、书记处第一书记）","# 坚定走中国特色社会主义群团发展道路  团结动员广大科技工作者建功“十五五”

> 贺军科《人民日报》（2026年06月25日第 12 版）

“十五五”时期是我国基本实现社会主义现代化夯实基础、全面发力的关键时期，也是建设科技强国攻坚克难、闯关夺隘的重要阶段。推进中国式现代化，科学技术要打头阵，科技工作者要勇当高水平科技自立自强的排头兵。

党的十八大以来，以习近平同志为核心的党中央全面加强对群团工作的统一领导和系统谋划，提出坚定不移走中国特色社会主义群团发展道路的要求，深刻阐明科技群团工作的根本保证、政治责任、基本职能、时代主题、战略使命、工作理念等一系列方向性、战略性重大问题，为新时代科技群团事业发展提供了根本遵循和行动指南。

科技群团组织既包括党领导下的科技工作者的全国性统一组织——中国科学技术协会，也包括广大科技工作者自愿结合、依规成立的各类学会、协会、研究会等科技社团。今年是“十五五”开局之年，中国科协第十一次全国代表大会即将召开，科技群团事业将开启新的征程，我们要全面贯彻习近平总书记关于科技创新和科协工作的重要论述，树立和践行正确政绩观，团结引领广大科技工作者锚定科技强国目标，建功“十五五”、奋进新征程。

坚持党对科技群团的全面领导，确保各项事业始终沿着正确政治方向前进

习近平总书记指出“群团组织要始终把自己置于党的领导之下”，要求科协毫不动摇坚持党的领导，坚定不移走中国特色社会主义群团发展道路。坚持党的领导，是科技群团一切工作的最高政治原则。

党的领导是科技群团发展的历史选择。近代以来，一批先进知识分子怀揣科学救国、实业兴邦梦想，借鉴西方兴办学会、协会，这是我国科技群团的发端。然而，从戊戌变法中的各类学会，到20世纪初的中国科学社等团体，因缺乏国家政治支持和必要社会基础，终究难以实现愿景。1940年，中国共产党领导建立陕甘宁边区自然科学研究会，我国科技群团从此走上事业追求与国家命运、人民利益相结合的正确道路。新中国成立后，党领导科技工作者建立全国性统一组织，赋予其社会职能，将其作为人民政协组成单位。科技群团从此整体性、制度化纳入党和政府全局工作，科技工作者矢志报国从自发走向自觉、从个人追求升华为集体意志。

党的全面领导是科技群团发展的政治保证。中国共产党是中国特色社会主义事业的领导核心，总揽全局、协调各方。只有坚持党的领导，广大科技工作者的社会参与愿望和自身发展权益才能更有序表达、更有效维护。只有坚持党的领导，科技群团才能准确把握时代脉搏和发展方向，其团结引领、联系服务科技工作者的各项功能才能获得强有力的政策支持和资源保障。只有坚持党的领导，尊重知识、尊重人才的良好氛围才能逐步形成，广大科技工作者报效国家、服务人民的理想才能获得广阔实现空间和坚实社会基础。

党的全面领导是科技群团发展的时代要求。以中国式现代化全面推进强国建设、民族复兴伟业，是新时代新征程党和国家的中心任务，也是科技群团“最大的政治”。我国科技社团实行“一业一会”，客观上为消除社团无序竞争提供了制度保障，同时也要求科技社团必须自觉树立国家利益至上的价值追求。只有坚持党的领导，才能确保科技工作者的个人抱负、科技群团的组织追求与中国式现代化的伟大实践同频共振、同向同行。

科技群团要进一步完善党中央重大决策部署落实机制，以政治建设为统领，切实加强群团组织自身建设，旗帜鲜明推进“党建强会”。深入贯彻新时代党的建设总要求，自觉把党的全面领导落实到科技群团工作的各领域各方面，坚守初心使命，确保在政治立场、政治方向、政治原则、政治道路上同党中央保持高度一致。

坚持政治性先进性群众性高度统一，有效发挥党和政府联系科技工作者的桥梁和纽带作用

习近平总书记一贯要求切实保持和增强党的群团工作和群团组织的政治性、先进性、群众性，强调科协组织作为党和政府联系科技工作者的桥梁和纽带，要在党委和政府同科技工作者之间建立畅通稳定的双向沟通渠道，这为科技群团履行政治责任进一步指明了方向。

政治性是灵魂，是第一位的，集中体现在科技群团必须在思想上政治上行动上同党中央保持高度一致。政治性要转化为对广大科技工作者的有效政治引领与价值塑造。科技群团要将思想政治引领要求落实到组织的活动、资源、评价中去，将组织成员和广大科技工作者的智慧与力量引导、汇聚到服务国家战略需求上来。

先进性是重要着力点，集中体现在科技群团要引领科技工作者走在时代前列。先进性既包括组织的先进性，要求科技群团着眼国家大局，促进新质生产力发展，在繁荣学术、促进创新、驱动发展、服务社会、涵养文化方面发挥引领作用；也包括组织成员的先进性，科技工作者要勇当高水平科技自立自强的排头兵、弘扬社会主义核心价值观的示范者，充分发挥先进生产力开拓者、先进文化传播者践行者的作用。

群众性是根本特点，集中体现为科技群团必须深深植根于广大科技工作者之中。科技群团活动要让科技工作者当主角，服务触角广泛触达基层一线和各领域科技工作者，推动科技群团组织覆盖和工作覆盖更加有形有效；科技群团干部要深入基层，争当全心全意为人民服务宗旨的忠实践行者、党的群众路线的坚定执行者、党的群众工作的行家里手。

政治性、先进性、群众性相互联系、不可分割，三者有机统一于有效发挥桥梁纽带作用的实践。科技群团要进一步把科技共同体的社会功能与党的群团组织的政治功能、组织功能高度统一起来，做好对科技工作者的思想引领、事业支持、人文关怀、情感连接，把党的温暖充分传递给广大科技工作者、把科技工作者的温度如实向党报告。

坚持为广大科技工作者发展进步服务的工作生命线，弘扬科学家精神和科学精神

习近平总书记始终亲切关怀、充分信任广大科技人才，要求科协组织建设成为名副其实的“科技工作者之家”，希望广大科技工作者大力弘扬科学家精神和科学精神，自觉把学术追求融入建设科技强国的伟大事业，明确新时代科技群团团结凝聚服务科技工作者的着力重点。

拓展服务广度。为广大科技工作者服务，是以人民为中心的发展思想在科技群团领域的集中体现，是科技群团践行党的宗旨、彰显组织价值、永葆生机活力的内在要求。“科技工作者之家”的属性，决定了科技群团必须为广大科技工作者服务，将优化建功环境与提供直接服务相结合。各级科协领导机关和全国学会要更加主动地维护科技工作者的共性发展权益，推动破解影响群体发展的制度性、环境性问题。基层科协组织要贴近一线，将服务重心放在关心个体、解决实际困难上，提供精准化、个性化的支持。

增强服务精度。必须将服务资源更精准地配置到科技人才这个关键群体上，尤其要把为青年科技人才成长成才服务作为现阶段的重中之重。通过有组织的引领与赋能，为青年人才施展抱负、建功立业创造条件、搭建平台，同时引导其在政治上、思想上、修养上进步。必须正视青年科技人才在职业起步、项目支持、团队组建、学术认可、资源保障、心理纾解等方面面临的现实压力和发展需求，倾斜服务资源，切实增强其获得感成就感。

提升服务效度。服务的根本成效，在于促进科技工作者的思想境界和专业能力全面发展、持续进步，有效激发创新活力和创造潜能。应着力引导科技工作者自觉践行科学家精神和科学精神，自觉恪守学术规范和科技伦理，抵制极端个人主义和功利化倾向。提升科技工作者理解产业需求、沟通协作、成果转化的综合能力，助力其不断拓宽视野、了解实际、更好适应经济社会发展和科技产业变革。

坚持围绕中心服务大局，充分发挥科技群团在国家创新体系中的重要作用

习近平总书记要求中国科协坚持为科技工作者服务、为创新驱动发展服务、为提高全民科学素质服务、为党和政府科学决策服务。科技群团的价值，就要靠大局贡献度来标定。

科技群团在国家创新体系中具有独特功能。作为科技活动社会化、组织化、制度化的产物，科技群团立足学术交流、科技普及、科技评价、科技咨询、国际合作等基础职能，链接创新主体和创新网络，在政府、市场与社会之间发挥着重要枢纽作用。科技群团工作要着力通过激活科技共同体的内生力量，在政府和市场难以发挥作用的领域，特别是在优化学术生态、确立专业权威、强化同行监督、传播先进文化等方面，提供专业化、组织化公共产品，为提升国家创新体系整体效能作出实质性的增量贡献。

“十五五”时期，是加快实现高水平科技自立自强、建设科技强国的关键时期。当前，我国科技创新在一些领域实现从跟跑、并跑向领跑的跨越，正向更多“无人区”挺进，自主凝练科学问题、定义前沿方向的能力变得至关重要。掌握学术主导权、维护科技安全的紧迫性日益提升，跨领域、跨行业的共性技术难题与系统性决策需求大量涌现，对科技咨询能力提出更高要求。提升公民科学文化素质、夯实创新发展的群众基础仍需久久为功。深化科技评价改革、激发人才创新活力、营造良好科研生态也是建设科技强国的内在要求。这些形势与任务，共同构成了科技群团发挥作用的时代背景和现实舞台。

面对新形势新要求，科技群团必须强化使命担当，发挥独特优势，进一步提升服务科技强国建设的大局贡献度。自主凝练科学问题、研判前沿方向，打造高水平、便利化交流载体和会议平台。培育世界一流科技期刊集群，吸引国内外优秀科技成果首发。发挥科普工作主要社会力量作用，切实提升全民科学文化素质，夯实创新发展的群众基础。发挥跨学科、跨领域的组织优势，立足第三方视角，提供系统解决方案，推动科技创新与产业创新深度融合。探索建立基于同行评议，注重专业水平、实际贡献和社会影响的权威评价机制。

坚持增进国际科技开放信任合作，壮大构建人类命运共同体的科技力量

习近平总书记强调“科技进步是世界性、时代性课题，唯有开放合作才是正道”，要求科协为推动构建人类命运共同体作出更大贡献。这对科技群团落实四大全球倡议、发挥民间科技外交独特作用提出了更高要求。

深度参与全球科技治理。当前，国际科技竞争与合作格局深刻演变，围绕规则、标准与话语权的博弈与争夺日趋激烈。科技群团必须肩负起时代责任，有组织地引导支持我国学者走上国际科技合作的舞台。着力提升国内科技社团的国际化水平，优化对外专业交流合作机制，主动融入全球创新网络，营造具有全球竞争力的开放创新生态。主动发起设立国际科技组织，培育和举荐一流科学家在国际科技组织中担任重要职务，实质性提升我国在全球科技议题设置、技术标准制定和伦理规则构建中的影响力与话语权，维护我国科技发展的正当权益。

深化国际科技人文交流。这是科技界推动构建人类命运共同体的生动实践。必须坚持以我为主，持续深化“一带一路”科技人文交流，通过科技纽带推动文明对话，讲好中国科技创新故事。紧紧围绕共建“一带一路”国家的共同发展需求，构建互利共赢的科技合作伙伴关系，加强科普资源共享和科学文化传播，弥合发展鸿沟、增进民生福祉、促进民心相通。充分发挥科技的人文交流功能，务实推动科技人员往来，特别是加强青年科技人才合作和青少年交流，促进科学知识、科学方法、科学思想和科学精神交流互鉴。

维护国家科技安全。必须树立底线思维，增强风险意识，建立和完善安全预警与防控体系，坚决维护国家核心技术、战略数据、关键设施、顶尖人才乃至学术生态等各方面安全，为我国科技发展突破遏制、争取公平公正环境提供有力的国际规则支撑，确保我国科技事业在风云变幻的国际环境中行稳致远。

坚持守正创新，依法依章程开展工作

习近平总书记要求群团改革强“三性”、去“四化”，强调“必须把群团组织建设得更加充满活力、更加坚强有力，使之成为推进国家治理体系和治理能力现代化的重要力量”。这明确了科技群团改革发展的任务和目标。

改革科技群团工作方式。主动适应国家治理体系和治理能力现代化进程的新要求以及科研范式变革和科技工作者群体结构、活动方式的新变化，勇于冲破思想观念束缚，突破利益固化藩篱，破解体制机制障碍，以改革激发科技群团事业发展新动能。准确把握科技群团发展规律，突出问题导向，坚持破立并举，在去除机关化作风、行政化依赖的同时，稳妥有序推进科技群团组织扁平化、生存社会化、活动精细化、动员网络化。大力建设“网上科技工作者之家”，走好网上群众路线。

推动健全科技社团管理制度。紧密结合科技强国建设的目标要求，坚持问题导向、分类施策、试点先行、稳慎推进，着力激发科技社团内生动力，优化发展环境，促进高质量发展。健全以章程为核心的法人治理结构，完善民主决策和监督机制，提升运用法治思维和法治方式履职能力。紧跟时代步伐，顺应实践发展，聚焦学科布局、组织结构、核心能力、制度供给、管理权责等突出问题深化改革，提升科技社团现代化治理水平。

推进全面从严治会。进一步完善科技社团党的建设，健全党组织发挥作用的机制。依法依章程严肃整治学会治理的突出问题，深化整治学会协会腐败。发挥科技共同体在加强作风学风建设方面的自律自净功能，整饬学术不端行为和不良风气，大力激浊扬清。树立和践行正确政绩观，建设忠诚党的事业、热爱科协岗位、密切联系基层、竭诚服务人才的干部队伍，永葆科技群团组织蓬勃朝气与旺盛活力。

（作者为中国科学技术协会党组书记、分管日常工作副主席、书记处第一书记）",贺军科,文化,,https://paper.people.com.cn/rmrb/pc/content/202606/25/content_30164798.html,2026-06-25,"['科技', '群团', '工作者', '服务', '发展', '创新', '团组织', '坚持', '组织', '要求']","“十五五”时期是我国基本实现社会主义现代化夯实基础、全面发力的关键时期，也是建设科技强国攻坚克难、闯关夺隘的重要阶段。推进中国式现代化，科学技术要打头阵，科技工作者要勇当高水平科技自立自强的排头兵。
党的十八大以来，以习近平同志为核心的党中央全面加强对群团工作的统一领导和系统谋划，提出坚定不移走中国特色社会主义群团发展道路的要求，深刻阐明科技群团工作的根本保证、政治责任、基本职能、时代主题、战略使命、工作理念等一系列方向性、战略性重大问题，为新时代科技群团事业发展提供了根本遵循和行动指南。
科技群团组织既包括党领导下的科技工作者的全国性统一组织——中国科学技术协会，也包括广大科技工作者自愿结合、依规成立的各类学会、协会、研究会等科技社团。今年是“十五五”开局之年，中国科协第十一次全国代表大会即将召开，科技群团事业将开启新的征程，我们要全面贯彻习近平总书记关于科技创新和科协工作的重要论述，树立和践行正确政绩观，团结引领广大科技工作者锚定科技强国目标，建功“十五五”、奋进新征程。",政治,,,[],data/vault/2026/06/2026-06-25/12-文化/坚定走中国特色社会主义群团发展道路 团结动员广大科技工作者建功“十五五”.md,12,文化
珍惜每一寸土地,"寸土寸金关乎国计，一垄一亩承载民生。
习近平总书记强调：“耕地是粮食生产的命根子，是中华民族永续发展的根基。”
蹲在复州河边，掬起一捧水，清澈的河水从赵辉的指缝间流下。
复州河从辽宁大连西部流入渤海，4年前这里是另一番景象：河水发浑，岸边堆着畜禽粪污。2021年因总氮削减未达标，被中央生态环保督察“点名”。
赵辉在大连市生态环境事务服务中心从事环境监测工作多年。他和同事沿着干流、支流、养殖场、排污口一路排查，布设200多个监测点位，最终锁定畜禽养殖粪污、生活污水尾水等主要污染来源。
问题找准了，治理就有了方向。对畜禽粪污建立起“收集—运输—处理—还田”利用体系，在田间河渠构筑生态拦截带，对污水处理设施提标扩容。经过努力，2025年复州河总氮浓度降至每升4.92毫克，水质明显改善。
18.65亿亩耕地、15.46亿亩永久基本农田——每一寸土地都承载着粮食安全、生态安全、发展安全。一条河的清澈，一片土的洁净，关系着14亿多人的饭碗。6月25日是第三十六个全国土地日，活动主题是“珍惜每一寸土地  促进高质量发展”。
如何珍惜好每一寸土地？答案写在广袤大地上。
量质并重
让每一寸土地都干净
党的十八大以来，以习近平同志为核心的党中央以前所未有的力度推进耕地保护、土壤污染防治和质量提升，守数量、提质量、优生态同步发力，为高质量发展夯实根基。
“强化土壤污染管控和修复，有效防范风险，让老百姓吃得放心、住得安心。”
农用地土壤重金属污染风险实现“三个下降”。8万余个土壤污染隐患点消除，1406块污染地块移出管控修复名录，一批历史遗留污染地块完成治理修复并重新焕发生机……净土保卫战成效日益显现。
北京首钢老厂区，800万吨级钢厂搬迁后，地下先做全面“体检”，分批管控、绿色修复，“变身”冬奥会赛场。北京城市绿心森林公园，对东方化工厂遗址120公顷污染土地进行生态修复与风险管控，开园以来接待游客超1000万人次。
持续深入打好净土保卫战。2024年11月，生态环境部等7部门印发《土壤污染源头防控行动计划》，明确82项任务，构建全过程全链条源头防控体系。生态环境部土壤生态环境司司长赵世新表示，目前，正在会同有关部门推动产业布局优化、企业绿色化转型，加强重点监管单位管理，持续推动钢铁、焦化、水泥、燃煤发电等重点行业污染物减排，推进农用地土壤重金属污染溯源和整治等。
“全国土壤污染风险得到有效管控，土壤环境质量总体保持稳定，局部稳中向好。”生态环境部土壤中心污染地块部主任郭观林说。“十五五”时期，还将以源头防控、风险管控为重点，坚持“治、用、养”结合，推动农用地土壤环境质量稳中向好，全力保障农产品质量安全；深入推进建设用地管控修复，全面保障人居环境安全。
守好“饭碗田”，耕地保护既要保数量，也要提质量。
“18亿亩耕地必须实至名归，农田必须是良田。”自然资源部耕地保护监督司相关负责人孙鲁平介绍，依据全国国土空间规划纲要，到2035年全国耕地保有量不低于18.65亿亩，永久基本农田不低于15.46亿亩。目前各省份耕地面积均高于规划确定的保护任务，牢牢守住了耕地保护红线。
我国不断完善最严格的耕地保护制度。2025年8月，《永久基本农田保护红线管理办法》发布，建立“优进劣出”动态管理机制。土地管理法颁布至今已40年；耕地保护和质量提升法草案已通过全国人大常委会二次审议；生态环境法典将于今年8月15日起施行，“十分珍惜、合理利用土地和切实保护耕地”的基本国策写进了法典。
数量、质量、生态“三位一体”保护，一项项措施落地见效。
曾经被视为“不毛之地”的盐碱地，正成为新的增粮空间。山东东营，创新分阶段梯度改良路径，累计完成盐碱地改良超10万亩，土壤含盐量从16‰降到3‰。国家盐碱地综合利用技术创新中心累计培育耐盐碱作物新品种（系）87个，更多盐碱地变成丰收田。
黑土地保护同样是一场与时间赛跑的行动。吉林梨树县，农民陶勇种地几十年，见证了黑土地的变化。过去，一场大风就能卷走表层黑土；如今，秸秆覆盖、免耕播种等保护性耕作技术大面积推广，土地越来越肥沃。
连续多年的监测数据显示，采用“梨树模式”的试验田近20年的土壤蓄水能力增加20%，土壤深层水库扩库增容40%，遏制风蚀、水蚀，减少土壤流失80%，耕层深度0至20厘米的土壤有机质含量增加10%。“梨树模式”成为我国黑土地保护的重要样板。
从污染治理到风险管控，从质量提升到系统修复，从黑土地保护到盐碱地治理，一系列举措持续夯实粮食安全、发展安全的基础。
精打细算
做好土地利用大文章
土地利用方式之变，折射的是发展理念之变。
“我们土地是不少，但同14亿人口的需求一比，又是稀缺资源！建城市、搞工业、保生态都要用地，必须精打细算”。习近平总书记谆谆告诫。
在安徽合肥瑶海区，一片红砖厂房静静矗立，这里曾是合肥电机厂。随着产业转移，厂房闲置多年。2022年，瑶海区启动更新改造。
不是大拆大建，而是精细更新。老厂房被完整保留，取名“星光坊”；近百棵树龄超过60年的香樟树一棵没砍，就着树荫修了一条400多米长的香樟大道。工业遗存与现代商业融合发展，“瑶海天地”成为集商业消费、文化体验、创意办公于一体的新地标，吸引250余个品牌入驻，带动就业超2000人。
昔日的工业厂区，变成了城市发展的新空间。用地没有增加，价值却不断增长。这样的变化正在各地发生。
自然资源部自然资源开发利用司副司长莫晓辉提供了一组数据：“十四五”以来，全国单位GDP建设用地使用面积累计下降19.36%，闲置土地处置超600万亩，99个城市及广东全省开展低效用地再开发试点，累计盘活存量土地198万亩。
过去依赖增量扩张的发展模式，正加快转向存量挖潜的发展模式。
江苏宿迁宿豫区对此感受尤深。江苏益和宠物用品有限公司所在区域，曾是一片长期闲置低效利用土地。当地通过收储再开发，引入先进制造项目，投产后年产值4.31亿元、纳税1200万元，土地产出率431万元/亩。
与此同时，一批企业通过技术改造、厂房加层、设备更新等方式提高容积率和产出率。过去靠新增土地扩产，如今更多依靠技术升级和空间重构增效。“完整准确全面贯彻新发展理念，从增量依赖转向存量挖潜，推动高质量发展。”宿豫区委书记徐源表示。
山东德州齐河县，32家企业推进“零地”技改——不新增一寸地，一层厂房翻建为多层标准厂房。全县改造旧厂房12万平方米，容积率提升至1.3以上，有效利用闲置低效用地1000余亩，预计增加工业产值近55亿元。
“功能再造、业态植入、复合开发三类盘活路径，实行‘一地一策’量身定制方案。”德州市自然资源局党组书记、局长赵攀介绍，“十四五”以来，全市盘活批而未供、闲置土地10万亩。
“土地不会无限增加，发展的空间却可以不断拓展。”莫晓辉表示，“十五五”时期，我国将完善促进盘活存量用地的规划管控、土地供应和税费政策，加快发展建设用地二级市场，健全产业园区存量盘活和高质量发展机制，深化低效用地再开发试点，系统推进土地资源节约集约与高效利用。
从老厂房更新到低效用地再开发，从工业园区提质升级到城市空间立体利用，当每一寸土地都被珍惜、被激活、被高效利用，发展的潜力就会源源不断释放出来。
系统治理
绘就人与自然和谐共生新画卷
土地，不只是生产要素。它连接着山、水、林、田、湖、草、沙，也维系着人与自然和谐共生的发展未来。
“人的命脉在田，田的命脉在水，水的命脉在山，山的命脉在土，土的命脉在林和草”。习近平总书记点明了山水林田湖草沙的生命逻辑——这是一个生命共同体。
今天的土地治理，早已不是治理一块田、一片地，而是在更大尺度上统筹生态保护、产业发展和空间优化，实现系统治理、综合治理、源头治理。
长江之变，就是最生动的注脚。
湖北宜昌，长江出三峡后的第一座沿江大城。
兴发集团新材料产业园区里，一块铜铸纪念牌上刻着“2018.4.24”——那天起，企业拆除沿江生产装置32套，总资产价值13.58亿元；封堵排污口，投资11.06亿元建污水处理装置；总投入超过200亿元进行产业提档升级。
阵痛之后迎来新生。
过去卖吨位，如今卖克重——一克高科技黑磷产品，价格可达5000元。企业从传统磷化工迈向微电子材料、新能源新材料等高端领域，开发食品级、医药级、电子级产品9大门类30个系列723种。
10年前，企业常面临环保投诉；如今，景观带内绿树成荫。
这是长江之变的缩影。十年大保护，沿江“关改搬转”近万家化工企业，腾退修复岸线162公里。2025年长江干支流Ⅰ到Ⅲ类水质断面占98.9%，总磷浓度下降超40%。
这样的变化，正在更多地方发生。
湖北石首，长江荆江段“山水工程”示范点。稻田里，鸭子游弋，青蛙鸣叫。
当地探索“鸭蛙稻”生态种养模式：鸭子除草治虫、青蛙接力护田，化肥农药使用量降低超七成，粮食产量提升7%，亩均收益提高20%。鸭蛙稻种植面积已超3000公顷，延伸出米、酒、糍粑等地域品牌，年利润960万元。一块田，不仅产粮，也在涵养生态、富裕农民。
放眼全国，山水林田湖草沙一体化保护和修复工程持续推进。自然资源部国土空间生态修复司副司长卢丽华介绍，截至2025年，全国部署52个项目，覆盖29个省份，累计修复超1.2亿亩，中央财政安排1030亿元。今年6月，“十五五”首批“山水工程”项目已完成实施方案审核并公示。
全域土地综合整治，是系统治理在土地领域的集中体现。浙江桐乡濮院镇，过去村庄零散分布，单个农村居民点图斑面积只有4.61亩，耕地碎片化严重。通过全域土地综合整治，分散的土地资源实现集中优化配置，打造了“万亩千方”农业集聚区，水稻亩产达1730斤。同时，土地整治产生的增减挂钩节余指标用于落地跨区域百村共富项目，参与村年均综合收益近100万元。
“十四五”以来，全国已有24个省份实施全域土地综合整治项目，含产业类项目投资在内，共涉及投资1.43万亿元，新增耕地151万亩，建设用地减少64万亩。全域土地综合整治已成为优化国土空间布局、促进城乡融合和乡村全面振兴的重要平台。自然资源部国土空间规划局副局长杨地介绍，下一步将打破城乡分割、局部整治的传统模式，以系统性国土空间治理支撑区域高质量发展。
筑牢大地之基，守护的是粮食安全；向有限土地要发展空间，支撑的是高质量发展；让土地生生不息，谋划的是中华民族永续发展的未来。
如何珍惜好每一寸土地？在沃野良田里，在产业园区内，在绿水青山间，大地在回答。","# 珍惜每一寸土地

## ——写在第三十六个全国土地日之际

> 本报记者  常  钦  李红梅《人民日报》（2026年06月25日第 12 版）

寸土寸金关乎国计，一垄一亩承载民生。

习近平总书记强调：“耕地是粮食生产的命根子，是中华民族永续发展的根基。”

蹲在复州河边，掬起一捧水，清澈的河水从赵辉的指缝间流下。

复州河从辽宁大连西部流入渤海，4年前这里是另一番景象：河水发浑，岸边堆着畜禽粪污。2021年因总氮削减未达标，被中央生态环保督察“点名”。

赵辉在大连市生态环境事务服务中心从事环境监测工作多年。他和同事沿着干流、支流、养殖场、排污口一路排查，布设200多个监测点位，最终锁定畜禽养殖粪污、生活污水尾水等主要污染来源。

问题找准了，治理就有了方向。对畜禽粪污建立起“收集—运输—处理—还田”利用体系，在田间河渠构筑生态拦截带，对污水处理设施提标扩容。经过努力，2025年复州河总氮浓度降至每升4.92毫克，水质明显改善。

18.65亿亩耕地、15.46亿亩永久基本农田——每一寸土地都承载着粮食安全、生态安全、发展安全。一条河的清澈，一片土的洁净，关系着14亿多人的饭碗。6月25日是第三十六个全国土地日，活动主题是“珍惜每一寸土地  促进高质量发展”。

如何珍惜好每一寸土地？答案写在广袤大地上。

**量质并重**

**让每一寸土地都干净**

党的十八大以来，以习近平同志为核心的党中央以前所未有的力度推进耕地保护、土壤污染防治和质量提升，守数量、提质量、优生态同步发力，为高质量发展夯实根基。

“强化土壤污染管控和修复，有效防范风险，让老百姓吃得放心、住得安心。”

农用地土壤重金属污染风险实现“三个下降”。8万余个土壤污染隐患点消除，1406块污染地块移出管控修复名录，一批历史遗留污染地块完成治理修复并重新焕发生机……净土保卫战成效日益显现。

北京首钢老厂区，800万吨级钢厂搬迁后，地下先做全面“体检”，分批管控、绿色修复，“变身”冬奥会赛场。北京城市绿心森林公园，对东方化工厂遗址120公顷污染土地进行生态修复与风险管控，开园以来接待游客超1000万人次。

持续深入打好净土保卫战。2024年11月，生态环境部等7部门印发《土壤污染源头防控行动计划》，明确82项任务，构建全过程全链条源头防控体系。生态环境部土壤生态环境司司长赵世新表示，目前，正在会同有关部门推动产业布局优化、企业绿色化转型，加强重点监管单位管理，持续推动钢铁、焦化、水泥、燃煤发电等重点行业污染物减排，推进农用地土壤重金属污染溯源和整治等。

“全国土壤污染风险得到有效管控，土壤环境质量总体保持稳定，局部稳中向好。”生态环境部土壤中心污染地块部主任郭观林说。“十五五”时期，还将以源头防控、风险管控为重点，坚持“治、用、养”结合，推动农用地土壤环境质量稳中向好，全力保障农产品质量安全；深入推进建设用地管控修复，全面保障人居环境安全。

守好“饭碗田”，耕地保护既要保数量，也要提质量。

“18亿亩耕地必须实至名归，农田必须是良田。”自然资源部耕地保护监督司相关负责人孙鲁平介绍，依据全国国土空间规划纲要，到2035年全国耕地保有量不低于18.65亿亩，永久基本农田不低于15.46亿亩。目前各省份耕地面积均高于规划确定的保护任务，牢牢守住了耕地保护红线。

我国不断完善最严格的耕地保护制度。2025年8月，《永久基本农田保护红线管理办法》发布，建立“优进劣出”动态管理机制。土地管理法颁布至今已40年；耕地保护和质量提升法草案已通过全国人大常委会二次审议；生态环境法典将于今年8月15日起施行，“十分珍惜、合理利用土地和切实保护耕地”的基本国策写进了法典。

数量、质量、生态“三位一体”保护，一项项措施落地见效。

曾经被视为“不毛之地”的盐碱地，正成为新的增粮空间。山东东营，创新分阶段梯度改良路径，累计完成盐碱地改良超10万亩，土壤含盐量从16‰降到3‰。国家盐碱地综合利用技术创新中心累计培育耐盐碱作物新品种（系）87个，更多盐碱地变成丰收田。

黑土地保护同样是一场与时间赛跑的行动。吉林梨树县，农民陶勇种地几十年，见证了黑土地的变化。过去，一场大风就能卷走表层黑土；如今，秸秆覆盖、免耕播种等保护性耕作技术大面积推广，土地越来越肥沃。

连续多年的监测数据显示，采用“梨树模式”的试验田近20年的土壤蓄水能力增加20%，土壤深层水库扩库增容40%，遏制风蚀、水蚀，减少土壤流失80%，耕层深度0至20厘米的土壤有机质含量增加10%。“梨树模式”成为我国黑土地保护的重要样板。

从污染治理到风险管控，从质量提升到系统修复，从黑土地保护到盐碱地治理，一系列举措持续夯实粮食安全、发展安全的基础。

**精打细算**

**做好土地利用大文章**

土地利用方式之变，折射的是发展理念之变。

“我们土地是不少，但同14亿人口的需求一比，又是稀缺资源！建城市、搞工业、保生态都要用地，必须精打细算”。习近平总书记谆谆告诫。

在安徽合肥瑶海区，一片红砖厂房静静矗立，这里曾是合肥电机厂。随着产业转移，厂房闲置多年。2022年，瑶海区启动更新改造。

不是大拆大建，而是精细更新。老厂房被完整保留，取名“星光坊”；近百棵树龄超过60年的香樟树一棵没砍，就着树荫修了一条400多米长的香樟大道。工业遗存与现代商业融合发展，“瑶海天地”成为集商业消费、文化体验、创意办公于一体的新地标，吸引250余个品牌入驻，带动就业超2000人。

昔日的工业厂区，变成了城市发展的新空间。用地没有增加，价值却不断增长。这样的变化正在各地发生。

自然资源部自然资源开发利用司副司长莫晓辉提供了一组数据：“十四五”以来，全国单位GDP建设用地使用面积累计下降19.36%，闲置土地处置超600万亩，99个城市及广东全省开展低效用地再开发试点，累计盘活存量土地198万亩。

过去依赖增量扩张的发展模式，正加快转向存量挖潜的发展模式。

江苏宿迁宿豫区对此感受尤深。江苏益和宠物用品有限公司所在区域，曾是一片长期闲置低效利用土地。当地通过收储再开发，引入先进制造项目，投产后年产值4.31亿元、纳税1200万元，土地产出率431万元/亩。

与此同时，一批企业通过技术改造、厂房加层、设备更新等方式提高容积率和产出率。过去靠新增土地扩产，如今更多依靠技术升级和空间重构增效。“完整准确全面贯彻新发展理念，从增量依赖转向存量挖潜，推动高质量发展。”宿豫区委书记徐源表示。

山东德州齐河县，32家企业推进“零地”技改——不新增一寸地，一层厂房翻建为多层标准厂房。全县改造旧厂房12万平方米，容积率提升至1.3以上，有效利用闲置低效用地1000余亩，预计增加工业产值近55亿元。

“功能再造、业态植入、复合开发三类盘活路径，实行‘一地一策’量身定制方案。”德州市自然资源局党组书记、局长赵攀介绍，“十四五”以来，全市盘活批而未供、闲置土地10万亩。

“土地不会无限增加，发展的空间却可以不断拓展。”莫晓辉表示，“十五五”时期，我国将完善促进盘活存量用地的规划管控、土地供应和税费政策，加快发展建设用地二级市场，健全产业园区存量盘活和高质量发展机制，深化低效用地再开发试点，系统推进土地资源节约集约与高效利用。

从老厂房更新到低效用地再开发，从工业园区提质升级到城市空间立体利用，当每一寸土地都被珍惜、被激活、被高效利用，发展的潜力就会源源不断释放出来。

**系统治理**

**绘就人与自然和谐共生新画卷**

土地，不只是生产要素。它连接着山、水、林、田、湖、草、沙，也维系着人与自然和谐共生的发展未来。

“人的命脉在田，田的命脉在水，水的命脉在山，山的命脉在土，土的命脉在林和草”。习近平总书记点明了山水林田湖草沙的生命逻辑——这是一个生命共同体。

今天的土地治理，早已不是治理一块田、一片地，而是在更大尺度上统筹生态保护、产业发展和空间优化，实现系统治理、综合治理、源头治理。

长江之变，就是最生动的注脚。

湖北宜昌，长江出三峡后的第一座沿江大城。

兴发集团新材料产业园区里，一块铜铸纪念牌上刻着“2018.4.24”——那天起，企业拆除沿江生产装置32套，总资产价值13.58亿元；封堵排污口，投资11.06亿元建污水处理装置；总投入超过200亿元进行产业提档升级。

阵痛之后迎来新生。

过去卖吨位，如今卖克重——一克高科技黑磷产品，价格可达5000元。企业从传统磷化工迈向微电子材料、新能源新材料等高端领域，开发食品级、医药级、电子级产品9大门类30个系列723种。

10年前，企业常面临环保投诉；如今，景观带内绿树成荫。

这是长江之变的缩影。十年大保护，沿江“关改搬转”近万家化工企业，腾退修复岸线162公里。2025年长江干支流Ⅰ到Ⅲ类水质断面占98.9%，总磷浓度下降超40%。

这样的变化，正在更多地方发生。

湖北石首，长江荆江段“山水工程”示范点。稻田里，鸭子游弋，青蛙鸣叫。

当地探索“鸭蛙稻”生态种养模式：鸭子除草治虫、青蛙接力护田，化肥农药使用量降低超七成，粮食产量提升7%，亩均收益提高20%。鸭蛙稻种植面积已超3000公顷，延伸出米、酒、糍粑等地域品牌，年利润960万元。一块田，不仅产粮，也在涵养生态、富裕农民。

放眼全国，山水林田湖草沙一体化保护和修复工程持续推进。自然资源部国土空间生态修复司副司长卢丽华介绍，截至2025年，全国部署52个项目，覆盖29个省份，累计修复超1.2亿亩，中央财政安排1030亿元。今年6月，“十五五”首批“山水工程”项目已完成实施方案审核并公示。

全域土地综合整治，是系统治理在土地领域的集中体现。浙江桐乡濮院镇，过去村庄零散分布，单个农村居民点图斑面积只有4.61亩，耕地碎片化严重。通过全域土地综合整治，分散的土地资源实现集中优化配置，打造了“万亩千方”农业集聚区，水稻亩产达1730斤。同时，土地整治产生的增减挂钩节余指标用于落地跨区域百村共富项目，参与村年均综合收益近100万元。

“十四五”以来，全国已有24个省份实施全域土地综合整治项目，含产业类项目投资在内，共涉及投资1.43万亿元，新增耕地151万亩，建设用地减少64万亩。全域土地综合整治已成为优化国土空间布局、促进城乡融合和乡村全面振兴的重要平台。自然资源部国土空间规划局副局长杨地介绍，下一步将打破城乡分割、局部整治的传统模式，以系统性国土空间治理支撑区域高质量发展。

筑牢大地之基，守护的是粮食安全；向有限土地要发展空间，支撑的是高质量发展；让土地生生不息，谋划的是中华民族永续发展的未来。

如何珍惜好每一寸土地？在沃野良田里，在产业园区内，在绿水青山间，大地在回答。",常  钦  李红梅,文化,,https://paper.people.com.cn/rmrb/pc/content/202606/25/content_30164799.html,2026-06-25,"['土地', '耕地', '保护', '修复', '管控', '生态', '发展', '每一寸', '治理', '亿亩']","寸土寸金关乎国计，一垄一亩承载民生。
习近平总书记强调：“耕地是粮食生产的命根子，是中华民族永续发展的根基。”
蹲在复州河边，掬起一捧水，清澈的河水从赵辉的指缝间流下。",政治,,,[],data/vault/2026/06/2026-06-25/12-文化/珍惜每一寸土地.md,12,文化
链博会上，科技创新氛围浓,"仲夏时节，北京中国国际展览中心顺义馆人流穿梭。正在举办的第四届中国国际供应链促进博览会（以下简称“链博会”）将“数字科技链”升级为“数智科技链”，首次设立人工智能专区，一批首发首展首秀成果集中亮相，创新成为贯穿展会的鲜明主线，新质生产力的蓬勃活力扑面而来。
在绿色农业链展区的百胜中国展台，公司在现场首发的“全链AI（人工智能）+机器人运营体系”，为餐饮供应链打造智能化“超级底盘”。零下18摄氏度的冷库场景中，机器人替代人工完成拣选作业，破解极寒环境作业的行业难题，大幅提升仓储坪效；重载无人配送车解锁全天候运力，让食材配送摆脱人力与天气限制。
在是石科技展台，公司带来的国产词元优化工厂引人注目，“小石子”IP（知识产权）形象生动演示着从国产芯片算力底座到高质量模型词元产出的全流程。“我们将坚持创新驱动，加大研发投入，以超智融合赋能人工智能产业高质量发展。”是石科技创始人兼董事长闫博文说。
在亚都展台，全屋空气洁净与健康加湿解决方案令人耳目一新。“借助链博会这一创新平台，我们将进一步链接全球产业资源，推动本土健康家电技术迭代与产业升级。”亚都品牌管理中心总监李志峰说。
首次参展的赫力昂现场展示了多款创新产品，以绿色生产、本土创新协同健康生态，持续赋能上下游、惠及中国消费者。“链博会是交流合作的重要平台，我们期待携手更多伙伴推动协同创新。”赫力昂中国副总裁、企业事务部负责人傅悦表示。
作为链博会官方合作伙伴，交通银行在供应链服务展区展出全场景链金融解决方案，以金融活水沿链精准滴灌产业创新升级。“交银航贸通”平台一站式整合跨境结算、汇兑、融资功能，以数字化金融服务助力产业链协同发展。
一项项技术落地、一个个场景迭代，映照着产业链供应链向高端化、智能化、绿色化迈进的坚实步伐。以链为媒，链博会成为新质生产力的重要展示与对接平台，吸引全球创新资源汇聚融通，为构建更具韧性、更高质量的全球产供链注入持久动力。","# 链博会上，科技创新氛围浓

> 本报记者  齐志明《人民日报》（2026年06月25日第 12 版）

仲夏时节，北京中国国际展览中心顺义馆人流穿梭。正在举办的第四届中国国际供应链促进博览会（以下简称“链博会”）将“数字科技链”升级为“数智科技链”，首次设立人工智能专区，一批首发首展首秀成果集中亮相，创新成为贯穿展会的鲜明主线，新质生产力的蓬勃活力扑面而来。

在绿色农业链展区的百胜中国展台，公司在现场首发的“全链AI（人工智能）+机器人运营体系”，为餐饮供应链打造智能化“超级底盘”。零下18摄氏度的冷库场景中，机器人替代人工完成拣选作业，破解极寒环境作业的行业难题，大幅提升仓储坪效；重载无人配送车解锁全天候运力，让食材配送摆脱人力与天气限制。

在是石科技展台，公司带来的国产词元优化工厂引人注目，“小石子”IP（知识产权）形象生动演示着从国产芯片算力底座到高质量模型词元产出的全流程。“我们将坚持创新驱动，加大研发投入，以超智融合赋能人工智能产业高质量发展。”是石科技创始人兼董事长闫博文说。

在亚都展台，全屋空气洁净与健康加湿解决方案令人耳目一新。“借助链博会这一创新平台，我们将进一步链接全球产业资源，推动本土健康家电技术迭代与产业升级。”亚都品牌管理中心总监李志峰说。

首次参展的赫力昂现场展示了多款创新产品，以绿色生产、本土创新协同健康生态，持续赋能上下游、惠及中国消费者。“链博会是交流合作的重要平台，我们期待携手更多伙伴推动协同创新。”赫力昂中国副总裁、企业事务部负责人傅悦表示。

作为链博会官方合作伙伴，交通银行在供应链服务展区展出全场景链金融解决方案，以金融活水沿链精准滴灌产业创新升级。“交银航贸通”平台一站式整合跨境结算、汇兑、融资功能，以数字化金融服务助力产业链协同发展。

一项项技术落地、一个个场景迭代，映照着产业链供应链向高端化、智能化、绿色化迈进的坚实步伐。以链为媒，链博会成为新质生产力的重要展示与对接平台，吸引全球创新资源汇聚融通，为构建更具韧性、更高质量的全球产供链注入持久动力。",齐志明,文化,,https://paper.people.com.cn/rmrb/pc/content/202606/25/content_30164800.html,2026-06-25,"['创新', '博会', '供应链', '展台', '科技', '人工智能', '高质量', '平台', '场景', '新质']","仲夏时节，北京中国国际展览中心顺义馆人流穿梭。正在举办的第四届中国国际供应链促进博览会（以下简称“链博会”）将“数字科技链”升级为“数智科技链”，首次设立人工智能专区，一批首发首展首秀成果集中亮相，创新成为贯穿展会的鲜明主线，新质生产力的蓬勃活力扑面而来。
在绿色农业链展区的百胜中国展台，公司在现场首发的“全链AI（人工智能）+机器人运营体系”，为餐饮供应链打造智能化“超级底盘”。零下18摄氏度的冷库场景中，机器人替代人工完成拣选作业，破解极寒环境作业的行业难题，大幅提升仓储坪效；重载无人配送车解锁全天候运力，让食材配送摆脱人力与天气限制。
在是石科技展台，公司带来的国产词元优化工厂引人注目，“小石子”IP（知识产权）形象生动演示着从国产芯片算力底座到高质量模型词元产出的全流程。“我们将坚持创新驱动，加大研发投入，以超智融合赋能人工智能产业高质量发展。”是石科技创始人兼董事长闫博文说。",经济,,,[],data/vault/2026/06/2026-06-25/12-文化/链博会上，科技创新氛围浓.md,12,文化
就微短剧发展管理办法 广电总局公开征求意见,"本报北京6月24日电  （记者刘阳）为进一步繁荣微短剧，壮大互联网条件下新大众文艺，推动微短剧健康发展，国家广播电视总局根据《广播电视管理条例》等行政法规，组织起草了《微短剧发展管理办法（征求意见稿）》，24日起面向社会公开征求意见。
征求意见稿明确，本办法所称微短剧，是指单集时长少于20分钟，主题主线明确、故事情节连续完整、人物角色突出的剧集。征求意见稿要求微短剧不得载有危害国家安全、歪曲民族历史、诋毁中华优秀传统文化、侵害未成年人合法权益等11项内容，同时规定使用人工智能技术生成、制作的微短剧，在每集明显位置添加提示标识。
意见反馈截止时间为2026年7月23日。","# 就微短剧发展管理办法 广电总局公开征求意见

> 《人民日报》（2026年06月25日第 12 版）

本报北京6月24日电  （记者刘阳）为进一步繁荣微短剧，壮大互联网条件下新大众文艺，推动微短剧健康发展，国家广播电视总局根据《广播电视管理条例》等行政法规，组织起草了《微短剧发展管理办法（征求意见稿）》，24日起面向社会公开征求意见。

征求意见稿明确，本办法所称微短剧，是指单集时长少于20分钟，主题主线明确、故事情节连续完整、人物角色突出的剧集。征求意见稿要求微短剧不得载有危害国家安全、歪曲民族历史、诋毁中华优秀传统文化、侵害未成年人合法权益等11项内容，同时规定使用人工智能技术生成、制作的微短剧，在每集明显位置添加提示标识。

意见反馈截止时间为2026年7月23日。",,文化,,https://paper.people.com.cn/rmrb/pc/content/202606/25/content_30164801.html,2026-06-25,"['短剧', '征求意见', '24', '广播电视', '办法', '刘阳', '下新', '日起', '单集', '20']","本报北京6月24日电  （记者刘阳）为进一步繁荣微短剧，壮大互联网条件下新大众文艺，推动微短剧健康发展，国家广播电视总局根据《广播电视管理条例》等行政法规，组织起草了《微短剧发展管理办法（征求意见稿）》，24日起面向社会公开征求意见。
征求意见稿明确，本办法所称微短剧，是指单集时长少于20分钟，主题主线明确、故事情节连续完整、人物角色突出的剧集。征求意见稿要求微短剧不得载有危害国家安全、歪曲民族历史、诋毁中华优秀传统文化、侵害未成年人合法权益等11项内容，同时规定使用人工智能技术生成、制作的微短剧，在每集明显位置添加提示标识。
意见反馈截止时间为2026年7月23日。",政治,,,[],data/vault/2026/06/2026-06-25/12-文化/就微短剧发展管理办法 广电总局公开征求意见.md,12,文化
写作，是我的另一场“长跑”（四海听音）,"章新宏。受访者供图
章新宏。
受访者供图
图一
图一
我是一名体育老师。
1991年，我毕业于江西九江师专体育系，次年南下广东，扎根东莞。在体育一线工作了30余年，我曾想过职业发展的许多种可能，却从没想过，有一天，我会以作家的身份，出现在广东文学馆的新书发布会上。
去年，我的散文集《从江右到岭南》（见图一）出版。在新大众文艺的浪潮里，我这个常被调侃为“教语文的体育老师”，这一次走到了台前。
对我而言，这场跨界既是偶然，也是必然。早在2007年，我就在体校创办了校报《新苗》，许多文章由我执笔。几年坚持下来，我慢慢养成了写作的习惯。
智能手机普及后，手机屏成了我的“草稿纸”。送女儿参加课外活动，我坐在车里等候时，静心在手机屏上敲击，小小车厢成了我的移动书房。校长送来的荔枝，同事递上的糖水，学生用稚嫩的声音教我说广东方言……这些细微、真诚，都成了我珍贵的创作素材。
常有人问我，写作有什么目标？我只有两个字：好玩。
坚持运动，不一定要成为奥运冠军，可以只享受大汗淋漓的畅快。写作也是如此，在人人皆可创作的时代，我们也许达不到文学大家的高度，但完全可以通过自己的视角和笔触，写下热气腾腾的生活，记录属于我们这一代人的烟火气。
写作，是我的另一场“长跑”。
（作者为广东东莞市东城街道体育管理服务中心主任）","# 写作，是我的另一场“长跑”（四海听音）

> 章新宏《人民日报》（2026年06月25日第 13 版）

章新宏。　　受访者供图

章新宏。

受访者供图

图一

图一

我是一名体育老师。

1991年，我毕业于江西九江师专体育系，次年南下广东，扎根东莞。在体育一线工作了30余年，我曾想过职业发展的许多种可能，却从没想过，有一天，我会以作家的身份，出现在广东文学馆的新书发布会上。

去年，我的散文集《从江右到岭南》（见图一）出版。在新大众文艺的浪潮里，我这个常被调侃为“教语文的体育老师”，这一次走到了台前。

对我而言，这场跨界既是偶然，也是必然。早在2007年，我就在体校创办了校报《新苗》，许多文章由我执笔。几年坚持下来，我慢慢养成了写作的习惯。

智能手机普及后，手机屏成了我的“草稿纸”。送女儿参加课外活动，我坐在车里等候时，静心在手机屏上敲击，小小车厢成了我的移动书房。校长送来的荔枝，同事递上的糖水，学生用稚嫩的声音教我说广东方言……这些细微、真诚，都成了我珍贵的创作素材。

常有人问我，写作有什么目标？我只有两个字：好玩。

坚持运动，不一定要成为奥运冠军，可以只享受大汗淋漓的畅快。写作也是如此，在人人皆可创作的时代，我们也许达不到文学大家的高度，但完全可以通过自己的视角和笔触，写下热气腾腾的生活，记录属于我们这一代人的烟火气。

写作，是我的另一场“长跑”。

（作者为广东东莞市东城街道体育管理服务中心主任）",章新宏,各地传真,,https://paper.people.com.cn/rmrb/pc/content/202606/25/content_30164744.html,2026-06-25,"['写作', '体育老师', '广东', '章新宏', '供图', '图一', '长跑', '受访者', '体育', '校报']","章新宏。受访者供图
章新宏。
受访者供图",文化,,,[],data/vault/2026/06/2026-06-25/13-各地传真/写作，是我的另一场“长跑”（四海听音）.md,13,各地传真
一颗苹果撬动县域消费,"甘肃平凉市静宁县城郊，几家汽车销售门店内停满了新车。“店里现在有150多辆新车，全是现车出售，不少是最近刚到的。”一家门店的负责人李涛说，静宁县的汽车销售与当地苹果产销周期密切相关。
每年苹果收获后，汽车销售进入旺季，3个月的销售额能占全年一半以上，果农的现车交易意愿强。为了避免旺季出现库存紧张的情况，本地汽车销售企业多提前准备库存。
类似情况也出现在农机销售市场。静宁县贾河乡果农杨文辉介绍，当地流传着一句话：“静宁果农有三辆车——一辆柴油三轮车拉肥，一辆电动三轮车拉果，还有一辆小汽车出行。”
静宁是苹果大县，种植面积常年稳定在100万亩，苹果产业是当地农民增收的主导产业。近年来，随着苹果产业不断发展，果农腰包鼓了，消费底气足了，消费结构也发生了明显变化。“人们对生活品质、多元化消费场景的需求更高是最明显的变化。”静宁县商务局局长常志良说。
在静宁县城川镇吴庙村，当地依托苹果产业打造集文化旅游、生态农业等于一体的乡村旅游项目。这个曾经的贫困村，已成为当地乡村旅游示范样板村。
（据新华社电）","# 一颗苹果撬动县域消费

> 新华社记者  王  朋  蒲彦任《人民日报》（2026年06月25日第 13 版）

甘肃平凉市静宁县城郊，几家汽车销售门店内停满了新车。“店里现在有150多辆新车，全是现车出售，不少是最近刚到的。”一家门店的负责人李涛说，静宁县的汽车销售与当地苹果产销周期密切相关。

每年苹果收获后，汽车销售进入旺季，3个月的销售额能占全年一半以上，果农的现车交易意愿强。为了避免旺季出现库存紧张的情况，本地汽车销售企业多提前准备库存。

类似情况也出现在农机销售市场。静宁县贾河乡果农杨文辉介绍，当地流传着一句话：“静宁果农有三辆车——一辆柴油三轮车拉肥，一辆电动三轮车拉果，还有一辆小汽车出行。”

静宁是苹果大县，种植面积常年稳定在100万亩，苹果产业是当地农民增收的主导产业。近年来，随着苹果产业不断发展，果农腰包鼓了，消费底气足了，消费结构也发生了明显变化。“人们对生活品质、多元化消费场景的需求更高是最明显的变化。”静宁县商务局局长常志良说。

在静宁县城川镇吴庙村，当地依托苹果产业打造集文化旅游、生态农业等于一体的乡村旅游项目。这个曾经的贫困村，已成为当地乡村旅游示范样板村。

（据新华社电）",新华社记者  王  朋  蒲彦任,各地传真,,https://paper.people.com.cn/rmrb/pc/content/202606/25/content_30164745.html,2026-06-25,"['静宁县', '苹果', '果农', '当地', '现车', '静宁', '销售', '一辆', '汽车', '旅游']","甘肃平凉市静宁县城郊，几家汽车销售门店内停满了新车。“店里现在有150多辆新车，全是现车出售，不少是最近刚到的。”一家门店的负责人李涛说，静宁县的汽车销售与当地苹果产销周期密切相关。
每年苹果收获后，汽车销售进入旺季，3个月的销售额能占全年一半以上，果农的现车交易意愿强。为了避免旺季出现库存紧张的情况，本地汽车销售企业多提前准备库存。
类似情况也出现在农机销售市场。静宁县贾河乡果农杨文辉介绍，当地流传着一句话：“静宁果农有三辆车——一辆柴油三轮车拉肥，一辆电动三轮车拉果，还有一辆小汽车出行。”",经济,,,[],data/vault/2026/06/2026-06-25/13-各地传真/一颗苹果撬动县域消费.md,13,各地传真
一座体育馆激活薄弱村居,"傍晚，福建莆田市城厢区荔园东路旁的霞林体育馆内，击球声、喝彩声此起彼伏。“开业以来人气旺，晚间黄金时段基本满员。”体育馆负责人黄剑森说。
霞林体育馆所在地原为一块“夹缝地”，曾经，乱停乱放、私搭乱建现象频发。去年5月，莆田市土储中心、霞林街道等单位联动会商后明确，该地块由霞林街道租赁并改造利用，规划建设体育馆、停车场等区域。当地一家投资开发公司与霞林街道所属的下黄、坂头等6个村居共同投资500万元建设霞林体育馆（含停车场）项目，其中，314.6万元资金为以上6个村居帮扶的常太镇霞山村、灵川镇硋灶村等薄弱村的“破壳消薄”资金。“破壳消薄”资金是莆田市设立的专项财政补助资金，目的是扶持村集体经济，解决部分村庄无集体收入或收入过低的问题。
除了霞林体育馆，霞林街道还策划实施停车场、梯田休闲农文旅等10个项目。目前，城厢区已有40个村（社区）结成帮带对子，落地共建项目41个，预计带动薄弱村集体年均增收约12万元。","# 一座体育馆激活薄弱村居

> 福建日报报业集团记者  陈盛钟《人民日报》（2026年06月25日第 13 版）

傍晚，福建莆田市城厢区荔园东路旁的霞林体育馆内，击球声、喝彩声此起彼伏。“开业以来人气旺，晚间黄金时段基本满员。”体育馆负责人黄剑森说。

霞林体育馆所在地原为一块“夹缝地”，曾经，乱停乱放、私搭乱建现象频发。去年5月，莆田市土储中心、霞林街道等单位联动会商后明确，该地块由霞林街道租赁并改造利用，规划建设体育馆、停车场等区域。当地一家投资开发公司与霞林街道所属的下黄、坂头等6个村居共同投资500万元建设霞林体育馆（含停车场）项目，其中，314.6万元资金为以上6个村居帮扶的常太镇霞山村、灵川镇硋灶村等薄弱村的“破壳消薄”资金。“破壳消薄”资金是莆田市设立的专项财政补助资金，目的是扶持村集体经济，解决部分村庄无集体收入或收入过低的问题。

除了霞林体育馆，霞林街道还策划实施停车场、梯田休闲农文旅等10个项目。目前，城厢区已有40个村（社区）结成帮带对子，落地共建项目41个，预计带动薄弱村集体年均增收约12万元。",福建日报报业集团记者  陈盛钟,各地传真,,https://paper.people.com.cn/rmrb/pc/content/202606/25/content_30164746.html,2026-06-25,"['霞林', '体育馆', '村居', '莆田市', '街道', '停车场', '薄弱', '城厢区', '消薄', '破壳']","傍晚，福建莆田市城厢区荔园东路旁的霞林体育馆内，击球声、喝彩声此起彼伏。“开业以来人气旺，晚间黄金时段基本满员。”体育馆负责人黄剑森说。
霞林体育馆所在地原为一块“夹缝地”，曾经，乱停乱放、私搭乱建现象频发。去年5月，莆田市土储中心、霞林街道等单位联动会商后明确，该地块由霞林街道租赁并改造利用，规划建设体育馆、停车场等区域。当地一家投资开发公司与霞林街道所属的下黄、坂头等6个村居共同投资500万元建设霞林体育馆（含停车场）项目，其中，314.6万元资金为以上6个村居帮扶的常太镇霞山村、灵川镇硋灶村等薄弱村的“破壳消薄”资金。“破壳消薄”资金是莆田市设立的专项财政补助资金，目的是扶持村集体经济，解决部分村庄无集体收入或收入过低的问题。
除了霞林体育馆，霞林街道还策划实施停车场、梯田休闲农文旅等10个项目。目前，城厢区已有40个村（社区）结成帮带对子，落地共建项目41个，预计带动薄弱村集体年均增收约12万元。",经济,,,[],data/vault/2026/06/2026-06-25/13-各地传真/一座体育馆激活薄弱村居.md,13,各地传真
一张纸巾吸引多个国际采购团,"“您看，这款可湿纸巾，浸水后柔软有韧性。”近日，在2026年中国·廊坊国际经济贸易洽谈会采购对接活动上，河北一家纸业公司总经理王卫华边演示边介绍。美国采购商瑞奇·李接过湿纸巾擦拭手背后连声赞叹。瑞奇·李是美国老年护理协会负责人，这家纸业公司的纸巾等产品恰好匹配其养老公寓的采购需求。
一场采购对接，王卫华的公司拿下3个国际采购团的合作意向。此前，王卫华还与孟加拉国、巴基斯坦的两个采购团达成共识。这两个采购团原本聚焦汽车与摩托车零部件领域，未将日用纸品纳入计划，但采购团负责人看到产品后认为非常契合当地市场。双方初步达成合作，单笔意向订单为一个集装箱出货量。
跨界合作的背后，离不开跨境物流“集货”模式的优势加持。汽车、摩托车零部件属于重货，海运装箱易出现“重量达标、空间空余”，纸品轻、体积大，两者混装实现空间互补，既充分利用空间装箱，又分摊费用降低物流成本，成为推动合作的重要因素。
（米彦泽参与采写）","# 一张纸巾吸引多个国际采购团

> 本报通讯员  李保健《人民日报》（2026年06月25日第 13 版）

“您看，这款可湿纸巾，浸水后柔软有韧性。”近日，在2026年中国·廊坊国际经济贸易洽谈会采购对接活动上，河北一家纸业公司总经理王卫华边演示边介绍。美国采购商瑞奇·李接过湿纸巾擦拭手背后连声赞叹。瑞奇·李是美国老年护理协会负责人，这家纸业公司的纸巾等产品恰好匹配其养老公寓的采购需求。

一场采购对接，王卫华的公司拿下3个国际采购团的合作意向。此前，王卫华还与孟加拉国、巴基斯坦的两个采购团达成共识。这两个采购团原本聚焦汽车与摩托车零部件领域，未将日用纸品纳入计划，但采购团负责人看到产品后认为非常契合当地市场。双方初步达成合作，单笔意向订单为一个集装箱出货量。

跨界合作的背后，离不开跨境物流“集货”模式的优势加持。汽车、摩托车零部件属于重货，海运装箱易出现“重量达标、空间空余”，纸品轻、体积大，两者混装实现空间互补，既充分利用空间装箱，又分摊费用降低物流成本，成为推动合作的重要因素。

（米彦泽参与采写）",李保健,各地传真,,https://paper.people.com.cn/rmrb/pc/content/202606/25/content_30164747.html,2026-06-25,"['采购团', '湿纸巾', '纸品', '瑞奇', '王卫华', '纸业公司', '装箱', '纸巾', '采购', '对接']","“您看，这款可湿纸巾，浸水后柔软有韧性。”近日，在2026年中国·廊坊国际经济贸易洽谈会采购对接活动上，河北一家纸业公司总经理王卫华边演示边介绍。美国采购商瑞奇·李接过湿纸巾擦拭手背后连声赞叹。瑞奇·李是美国老年护理协会负责人，这家纸业公司的纸巾等产品恰好匹配其养老公寓的采购需求。
一场采购对接，王卫华的公司拿下3个国际采购团的合作意向。此前，王卫华还与孟加拉国、巴基斯坦的两个采购团达成共识。这两个采购团原本聚焦汽车与摩托车零部件领域，未将日用纸品纳入计划，但采购团负责人看到产品后认为非常契合当地市场。双方初步达成合作，单笔意向订单为一个集装箱出货量。
跨界合作的背后，离不开跨境物流“集货”模式的优势加持。汽车、摩托车零部件属于重货，海运装箱易出现“重量达标、空间空余”，纸品轻、体积大，两者混装实现空间互补，既充分利用空间装箱，又分摊费用降低物流成本，成为推动合作的重要因素。",经济,,,[],data/vault/2026/06/2026-06-25/13-各地传真/一张纸巾吸引多个国际采购团.md,13,各地传真
一所小学交出亮眼“健康答卷”,"江苏太仓市弇山小学的一组数据令人瞩目：5年间，该校学生一分钟跳绳平均成绩增幅达65.1%，近视率下降约15%，体质优良率达57.3%，各项指标均优于区域平均水平。一所普通小学，如何交出这样一份“健康答卷”？
自2022年起，弇山小学严格控制作业总量与时长，保障学生每天有充足的体育活动时间。为了提醒孩子们关注用眼健康，学校还在教学楼外立面挂上巨型立式视力表，并在课堂上随时提醒学生的坐姿、写字距离，课间鼓励学生到户外远眺、锻炼。
学校开设了射击、击剑、柔道、无人机足球等多项体育项目，每年还会举办单杠“校级明星赛”、智慧体育挑战赛等各种趣味赛事。2023年，弇山小学引入AI（人工智能）智慧体育系统，把体育运动变成“闯关游戏”。这套系统可以智能捕捉动作、自动测评、纠错计数，还能为学生生成体质画像、定制专属运动方案。
“我们的教育方法其实很简单，就是把健康融入每一天。”弇山小学校长顾健说。","# 一所小学交出亮眼“健康答卷”

> 本报通讯员  赵  焱《人民日报》（2026年06月25日第 13 版）

江苏太仓市弇山小学的一组数据令人瞩目：5年间，该校学生一分钟跳绳平均成绩增幅达65.1%，近视率下降约15%，体质优良率达57.3%，各项指标均优于区域平均水平。一所普通小学，如何交出这样一份“健康答卷”？

自2022年起，弇山小学严格控制作业总量与时长，保障学生每天有充足的体育活动时间。为了提醒孩子们关注用眼健康，学校还在教学楼外立面挂上巨型立式视力表，并在课堂上随时提醒学生的坐姿、写字距离，课间鼓励学生到户外远眺、锻炼。

学校开设了射击、击剑、柔道、无人机足球等多项体育项目，每年还会举办单杠“校级明星赛”、智慧体育挑战赛等各种趣味赛事。2023年，弇山小学引入AI（人工智能）智慧体育系统，把体育运动变成“闯关游戏”。这套系统可以智能捕捉动作、自动测评、纠错计数，还能为学生生成体质画像、定制专属运动方案。

“我们的教育方法其实很简单，就是把健康融入每一天。”弇山小学校长顾健说。",赵  焱,各地传真,,https://paper.people.com.cn/rmrb/pc/content/202606/25/content_30164748.html,2026-06-25,"['小学', '学生', '健康', '体育', '答卷', '交出', '体质', '一所', '智慧', '太仓市']","江苏太仓市弇山小学的一组数据令人瞩目：5年间，该校学生一分钟跳绳平均成绩增幅达65.1%，近视率下降约15%，体质优良率达57.3%，各项指标均优于区域平均水平。一所普通小学，如何交出这样一份“健康答卷”？
自2022年起，弇山小学严格控制作业总量与时长，保障学生每天有充足的体育活动时间。为了提醒孩子们关注用眼健康，学校还在教学楼外立面挂上巨型立式视力表，并在课堂上随时提醒学生的坐姿、写字距离，课间鼓励学生到户外远眺、锻炼。
学校开设了射击、击剑、柔道、无人机足球等多项体育项目，每年还会举办单杠“校级明星赛”、智慧体育挑战赛等各种趣味赛事。2023年，弇山小学引入AI（人工智能）智慧体育系统，把体育运动变成“闯关游戏”。这套系统可以智能捕捉动作、自动测评、纠错计数，还能为学生生成体质画像、定制专属运动方案。",社会,,,[],data/vault/2026/06/2026-06-25/13-各地传真/一所小学交出亮眼“健康答卷”.md,13,各地传真
西甜瓜采收有了“田间专列”,"日前，在新疆吐鲁番市，新疆农业科学院吐鲁番哈密瓜试验基地内，一条柔性传送带在瓜垄间灵活穿梭。瓜农弯腰摘下哈密瓜，转身轻放，瓜顺着这趟“田间专列”平稳驶向集果箱。由新疆农科院果蔬研究所甜瓜栽培团队与农业农村部南京农业机械化研究所联合打造的“西甜瓜轻简采收传输平台”，在这里完成首次公开示范。
新疆是我国西甜瓜优势产区，以前，采收环节长期依靠人力：弯腰、摘瓜、传递、装车，4个动作循环往复，采摘要频繁弯腰。“如果直接上全自动采摘机器人，技术还要细化，成本也较高。”国家西甜瓜产业技术体系机械化研究室主任龚艳说，按照“人工采摘+机械传输”的人机协同方案，人依然负责最需要经验和判断的“挑选式采摘”，最耗体力的“传输与搬运”则交给机器。现场实测数据显示，这一模式让单组采收效率提升1倍以上，损耗率也被控制在极低水平。","# 西甜瓜采收有了“田间专列”

> 新疆日报记者  谢慧变《人民日报》（2026年06月25日第 13 版）

日前，在新疆吐鲁番市，新疆农业科学院吐鲁番哈密瓜试验基地内，一条柔性传送带在瓜垄间灵活穿梭。瓜农弯腰摘下哈密瓜，转身轻放，瓜顺着这趟“田间专列”平稳驶向集果箱。由新疆农科院果蔬研究所甜瓜栽培团队与农业农村部南京农业机械化研究所联合打造的“西甜瓜轻简采收传输平台”，在这里完成首次公开示范。

新疆是我国西甜瓜优势产区，以前，采收环节长期依靠人力：弯腰、摘瓜、传递、装车，4个动作循环往复，采摘要频繁弯腰。“如果直接上全自动采摘机器人，技术还要细化，成本也较高。”国家西甜瓜产业技术体系机械化研究室主任龚艳说，按照“人工采摘+机械传输”的人机协同方案，人依然负责最需要经验和判断的“挑选式采摘”，最耗体力的“传输与搬运”则交给机器。现场实测数据显示，这一模式让单组采收效率提升1倍以上，损耗率也被控制在极低水平。",新疆日报记者  谢慧变,各地传真,,https://paper.people.com.cn/rmrb/pc/content/202606/25/content_30164749.html,2026-06-25,"['西甜瓜', '采收', '采摘', '新疆', '弯腰', '传输', '专列', '哈密瓜', '田间', '机械化']","日前，在新疆吐鲁番市，新疆农业科学院吐鲁番哈密瓜试验基地内，一条柔性传送带在瓜垄间灵活穿梭。瓜农弯腰摘下哈密瓜，转身轻放，瓜顺着这趟“田间专列”平稳驶向集果箱。由新疆农科院果蔬研究所甜瓜栽培团队与农业农村部南京农业机械化研究所联合打造的“西甜瓜轻简采收传输平台”，在这里完成首次公开示范。
新疆是我国西甜瓜优势产区，以前，采收环节长期依靠人力：弯腰、摘瓜、传递、装车，4个动作循环往复，采摘要频繁弯腰。“如果直接上全自动采摘机器人，技术还要细化，成本也较高。”国家西甜瓜产业技术体系机械化研究室主任龚艳说，按照“人工采摘+机械传输”的人机协同方案，人依然负责最需要经验和判断的“挑选式采摘”，最耗体力的“传输与搬运”则交给机器。现场实测数据显示，这一模式让单组采收效率提升1倍以上，损耗率也被控制在极低水平。",政治,,,[],data/vault/2026/06/2026-06-25/13-各地传真/西甜瓜采收有了“田间专列”.md,13,各地传真
守护多彩土地 种出多样丰收（美丽中国）,"数据来源：水利部
数据来源：水利部
位于山东黄河三角洲农业高新技术产业示范区的盐碱地现代农业试验示范基地。杜  剑摄
位于山东黄河三角洲农业高新技术产业示范区的盐碱地现代农业试验示范基地。
杜  剑摄
今年6月25日是第三十六个全国土地日，主题为“珍惜每一寸土地  促进高质量发展”。
我国幅员辽阔、地大物博，不同类型的土壤孕育出丰富多样的作物。保护好、利用好我们的土地资源，努力实现人与自然和谐共生。本版推出特别报道，讲述因地制宜开展土地保护利用的故事，展望阔步迈向高质量发展新阶段的美好前景。
——编  者
陕西延安黄土地
“苹果树染绿了山，也红火了日子”
本报记者  贾丰丰
陕西延安市安塞区高桥镇南沟村，千亩果园顺着山峁层层铺开。
果农赵永东捋顺滴灌软管：“以前用水靠肩挑，现在果树‘吃小灶’，水、肥顺着管道渗进果树根部，一点儿都不浪费。”
谁能想到，这片果园曾是一片荒山秃岭。南沟村地处黄土丘陵沟壑区，土层深却留不住水，光照足却扛不住旱。赵永东种了半辈子地，过去在坡上种玉米、土豆，可一场大雨下来，地表径流裹挟着表土而下，水土流失严重。
治土先治水。当地在沟道筑淤地坝，拦泥收粮；山顶建水塔，配套滴灌。
有了淤地坝，还得有兼顾生态保护和经济效益的作物。延安北部光照充足、昼夜温差大，天然适配山地苹果生长，南沟村被划为山地苹果标准示范片区。
矮化密植、宽行留草、梯坡固土，一套科学种植方案在南沟村落地；全村70%的区域铺设滴灌管网，7座淤地坝、9座山间蓄水池囤积雨水，管线直达每一棵果树的根系。
赵永东是第一批改种苹果的农户，几年后就真切尝到甜头。
浇灌更加科学精准，大水冲刷坡面问题大幅缓解，坡地固土能力显著提升；有机肥替换传统化肥，土层逐年增厚培肥，贫瘠黄土慢慢养得疏松肥沃。南沟村人边种树边治山，1.2万亩新绿爬上梁峁，水土流失治理率超51%。
如今，陕西苹果种植带向北延展数百公里，从渭北塬区延伸至毛乌素沙地南缘，百万亩山地果园是坚固的生态屏障，更是群众增收的聚宝盆。
“苹果树染绿了山，也红火了日子。”赵永东说。山地苹果口感清甜、销路好，2025年，南沟村的人均可支配收入达到2.45万元，是2014年的近8倍。
福建龙岩红壤区
“板栗林护着这片山的水土”
本报记者  施  钰
虽然天热，63岁的福建龙岩市长汀县濯田镇园当村村民马雪梅还是天天去果园割草。“夏天杂草长得快，用除草剂能管一两个月，但还是人工除草、覆土养地，心里踏实。”马雪梅自1999年承包当地的一片水土流失荒山以来，一直用心养护着这片土地。
长汀地处我国南方红壤区，土地具有“酸、黏、板”等特点，遭遇干旱时，土壤易板结硬化。一旦地表植被缺失，土壤表层有机质会快速流失，导致土地瘠薄。
1999年，为治理水土流失，当地政府给予政策支持，鼓励群众承包荒山，马雪梅积极响应。“当时山上有镇干部集资种下的100多亩板栗树，我又加种了100多亩。”马雪梅没想到的是，种下去的树不是被“热坏”，就是被雨水冲走，“土地裸露，地表温度高达70多摄氏度；土壤板结，浇下去的水就是不往下透。”
选择种板栗树，不是一时兴起。“水土流失治理早期，土壤条件恶劣，可选的经济树种并不多。”长汀县水土保持中心主任岳辉回忆，为兼顾生态治理与经济效益，带动群众增收致富，长汀陆续开展水土流失区经济树种筛选。板栗树耐旱耐贫瘠，又适宜微酸性土壤，作为落叶阔叶乔木，既能遮挡地表、减少日晒和雨水冲刷，其落叶还可补充土壤有机质。
树种没问题，为啥就是种不活？一筹莫展之际，福建农林大学的专家为马雪梅送来了百喜草。“那么大的树苗都顶不住雨水，这些草能有什么用？”马雪梅心生疑惑。
“没想到，真活了！”马雪梅说，种下的百喜草渐渐连成一片片绿，山上地表温度降下来了，板栗树也活了下来。种下板栗树的第六年，挂果了。
树一年年生长，土一年年变肥，果园草木繁茂。“山顶上，都是当年种活的板栗树。你看，板栗林护着这片山的水土。”马雪梅说。
吉林四平黑土地
“这儿的玉米品质好、籽粒饱满”
本报记者  孟海鹰
在吉林四平市梨树县孤家子镇两家子村的强盛农机农民专业合作社，沿着玉米田垄沟前行，脚下泥土松软肥沃。
“你瞧这地，踩上去多软和！”40多岁的合作社负责人宫雪感慨。多年前，这里的黑土地板结严重。随着黑土养护技术推行，沉睡的黑土慢慢“醒”了过来。“这儿的玉米品质好、籽粒饱满。”宫雪说。
宫雪曾在外务工18年，2018年他返乡加入这家合作社。如今，种子、化肥、田间作业都由合作社统筹负责，播种、施肥等环节实现全程机械化。
38岁的赵洪涛是合作社的“全能机械手”，熟练操作各类农机设备。依托齐全的设备，合作社6000余亩地一周就能完成全部播种工作。
黑土地的喜人变化，源于“梨树模式”的探索与推广。19年前，当时的梨树县农业技术推广总站站长王贵满在当地的225亩耕地上开启黑土地保护性耕作试验。经过多年探索，这套以“秸秆还田、免耕播种”为中心的技术体系被命名为“梨树模式”，为黑土地保护与利用探索可行路径。
东北黑土区是世界主要黑土区之一，黑土区耕地面积约2.78亿亩，孕育了玉米、大豆、水稻、高粱等种植品类，其中玉米是区域主导种植作物。
强盛农机农民专业合作社连续多年推行“秸秆全量还田+免耕播种+高留茬覆盖”技术，引入无人机、农机自动导航驾驶等智能设备，将黑土地养护贯穿农业生产全流程。2025年，合作社玉米亩产较5年前提升两成，化肥用量减少两成。
四川眉山紫色土
“碳排放少了，大米产量高了”
本报记者  李凯旋
四川眉山市仁寿县富加镇，田野里一派繁忙。49岁的种粮大户杨波带着工人完成稻田栽插收尾，脚下成片紫红色的土壤松软肥沃。“化肥用量降了，碳排放少了，大米产量高了。”杨波说。
“脚下的紫色土，是四川盆地广泛分布的土壤。”眉山市农业农村局农艺师张树金介绍，紫色土由紫色砂岩、页岩风化而成，颜色多为紫红色、紫棕色，土层中夹杂岩石碎屑，发育周期短、矿物养分富足，富含水稻生长所需的硅、钾元素，是优质的农耕土壤。经长期水耕熟化，这里的田地保水保肥能力大幅提升，适宜粮食作物生长。“但这种土壤也有短板，土质疏松，抗冲刷能力弱，盲目耕作极易造成水土流失。”张树金说。
深耕粮田多年，杨波摸索出一套“用养结合、低碳高产”的管护妙招。
杨波毕业于四川农业大学，经营着超4000亩耕地。为呵护紫色土、推行低碳种植，杨波实施秸秆粉碎还田，搭配有机肥替代部分化肥，并配合测土配方精准施肥。田块修整、沟渠疏通、田埂栽种植物篱等举措同步落地，既减缓雨水冲刷，又持续提升土壤有机质含量。田间各类农机来回穿梭，耕、种、管、收全程机械化运作，让科学种田的效率再上一个台阶。
去年，杨波的农场里，水稻等三大主粮亩产量都明显提升。
作为种粮大户，杨波的农场每年用工量超1万人次，助力村民增收。如今，他还规划建设粮食加工厂，延伸产业链条。
在眉山，一块块紫色沃土被悉心守护，一项项绿色农技落地生根，一个个新农人正扎根田野。
山东东营盐碱地
“大豆与土地，在这里双向奔赴”
本报记者  李  蕊
山东东营市农业科学研究院实验室内，培养皿整齐码放。往南10余公里，便是黄河三角洲农业高新技术产业示范区。一句当地的民谚“十年九不收”，道出这片盐碱地曾经的种植之难。
盐碱地为什么不容易种庄稼？国家大豆产业技术体系东营综合试验站站长宁凯说：“土壤里可溶性盐分过高，根系吸水困难，加上东营盐碱地板结严重，种子破土难。但是，黄河三角洲野生大豆在荒碱地分布广泛，生命力旺盛。我们设想，如果把野生大豆的耐逆性状转给栽培大豆，会不会提高盐碱地大豆的产量和品质？”
育种最难的，是要面对盐碱地的“怪脾气”——大豆与根瘤菌本是“共生伙伴”，然而，这套共生机制在盐碱地常常无法充分发挥作用。盐分会抑制根瘤菌的存活，盐碱地大豆的根瘤数量较少，固氮效果不佳。
随着研究逐渐推进，越来越多的育种团队增加耐盐碱育种方向，许多难题迎刃而解；2023年，东营市农科院加入国家大豆产业技术体系，引进众多优异种质资源与前沿技术；2024年，宁凯与团队将黄淮海夏大豆麦茬免耕覆秸机械化生产技术引入东营进行试验示范，显著提升大豆出苗质量……
“看着嫩绿的幼苗齐刷刷钻出来，一切辛苦都值了。”在宁凯看来，“大豆与土地，在这里双向奔赴”——大豆努力适应土地，土地也在被大豆悄然改变。这片盐碱地正孕育着沉甸甸的希望。","# 守护多彩土地 种出多样丰收（美丽中国）

> 《人民日报》（2026年06月25日第 14 版）

数据来源：水利部

数据来源：水利部

位于山东黄河三角洲农业高新技术产业示范区的盐碱地现代农业试验示范基地。　　杜  剑摄

位于山东黄河三角洲农业高新技术产业示范区的盐碱地现代农业试验示范基地。

杜  剑摄

今年6月25日是第三十六个全国土地日，主题为“珍惜每一寸土地  促进高质量发展”。

我国幅员辽阔、地大物博，不同类型的土壤孕育出丰富多样的作物。保护好、利用好我们的土地资源，努力实现人与自然和谐共生。本版推出特别报道，讲述因地制宜开展土地保护利用的故事，展望阔步迈向高质量发展新阶段的美好前景。

——编  者

陕西延安黄土地

“苹果树染绿了山，也红火了日子”

本报记者  贾丰丰

陕西延安市安塞区高桥镇南沟村，千亩果园顺着山峁层层铺开。

果农赵永东捋顺滴灌软管：“以前用水靠肩挑，现在果树‘吃小灶’，水、肥顺着管道渗进果树根部，一点儿都不浪费。”

谁能想到，这片果园曾是一片荒山秃岭。南沟村地处黄土丘陵沟壑区，土层深却留不住水，光照足却扛不住旱。赵永东种了半辈子地，过去在坡上种玉米、土豆，可一场大雨下来，地表径流裹挟着表土而下，水土流失严重。

治土先治水。当地在沟道筑淤地坝，拦泥收粮；山顶建水塔，配套滴灌。

有了淤地坝，还得有兼顾生态保护和经济效益的作物。延安北部光照充足、昼夜温差大，天然适配山地苹果生长，南沟村被划为山地苹果标准示范片区。

矮化密植、宽行留草、梯坡固土，一套科学种植方案在南沟村落地；全村70%的区域铺设滴灌管网，7座淤地坝、9座山间蓄水池囤积雨水，管线直达每一棵果树的根系。

赵永东是第一批改种苹果的农户，几年后就真切尝到甜头。

浇灌更加科学精准，大水冲刷坡面问题大幅缓解，坡地固土能力显著提升；有机肥替换传统化肥，土层逐年增厚培肥，贫瘠黄土慢慢养得疏松肥沃。南沟村人边种树边治山，1.2万亩新绿爬上梁峁，水土流失治理率超51%。

如今，陕西苹果种植带向北延展数百公里，从渭北塬区延伸至毛乌素沙地南缘，百万亩山地果园是坚固的生态屏障，更是群众增收的聚宝盆。

“苹果树染绿了山，也红火了日子。”赵永东说。山地苹果口感清甜、销路好，2025年，南沟村的人均可支配收入达到2.45万元，是2014年的近8倍。

福建龙岩红壤区

“板栗林护着这片山的水土”

本报记者  施  钰

虽然天热，63岁的福建龙岩市长汀县濯田镇园当村村民马雪梅还是天天去果园割草。“夏天杂草长得快，用除草剂能管一两个月，但还是人工除草、覆土养地，心里踏实。”马雪梅自1999年承包当地的一片水土流失荒山以来，一直用心养护着这片土地。

长汀地处我国南方红壤区，土地具有“酸、黏、板”等特点，遭遇干旱时，土壤易板结硬化。一旦地表植被缺失，土壤表层有机质会快速流失，导致土地瘠薄。

1999年，为治理水土流失，当地政府给予政策支持，鼓励群众承包荒山，马雪梅积极响应。“当时山上有镇干部集资种下的100多亩板栗树，我又加种了100多亩。”马雪梅没想到的是，种下去的树不是被“热坏”，就是被雨水冲走，“土地裸露，地表温度高达70多摄氏度；土壤板结，浇下去的水就是不往下透。”

选择种板栗树，不是一时兴起。“水土流失治理早期，土壤条件恶劣，可选的经济树种并不多。”长汀县水土保持中心主任岳辉回忆，为兼顾生态治理与经济效益，带动群众增收致富，长汀陆续开展水土流失区经济树种筛选。板栗树耐旱耐贫瘠，又适宜微酸性土壤，作为落叶阔叶乔木，既能遮挡地表、减少日晒和雨水冲刷，其落叶还可补充土壤有机质。

树种没问题，为啥就是种不活？一筹莫展之际，福建农林大学的专家为马雪梅送来了百喜草。“那么大的树苗都顶不住雨水，这些草能有什么用？”马雪梅心生疑惑。

“没想到，真活了！”马雪梅说，种下的百喜草渐渐连成一片片绿，山上地表温度降下来了，板栗树也活了下来。种下板栗树的第六年，挂果了。

树一年年生长，土一年年变肥，果园草木繁茂。“山顶上，都是当年种活的板栗树。你看，板栗林护着这片山的水土。”马雪梅说。

吉林四平黑土地

“这儿的玉米品质好、籽粒饱满”

本报记者  孟海鹰

在吉林四平市梨树县孤家子镇两家子村的强盛农机农民专业合作社，沿着玉米田垄沟前行，脚下泥土松软肥沃。

“你瞧这地，踩上去多软和！”40多岁的合作社负责人宫雪感慨。多年前，这里的黑土地板结严重。随着黑土养护技术推行，沉睡的黑土慢慢“醒”了过来。“这儿的玉米品质好、籽粒饱满。”宫雪说。

宫雪曾在外务工18年，2018年他返乡加入这家合作社。如今，种子、化肥、田间作业都由合作社统筹负责，播种、施肥等环节实现全程机械化。

38岁的赵洪涛是合作社的“全能机械手”，熟练操作各类农机设备。依托齐全的设备，合作社6000余亩地一周就能完成全部播种工作。

黑土地的喜人变化，源于“梨树模式”的探索与推广。19年前，当时的梨树县农业技术推广总站站长王贵满在当地的225亩耕地上开启黑土地保护性耕作试验。经过多年探索，这套以“秸秆还田、免耕播种”为中心的技术体系被命名为“梨树模式”，为黑土地保护与利用探索可行路径。

东北黑土区是世界主要黑土区之一，黑土区耕地面积约2.78亿亩，孕育了玉米、大豆、水稻、高粱等种植品类，其中玉米是区域主导种植作物。

强盛农机农民专业合作社连续多年推行“秸秆全量还田+免耕播种+高留茬覆盖”技术，引入无人机、农机自动导航驾驶等智能设备，将黑土地养护贯穿农业生产全流程。2025年，合作社玉米亩产较5年前提升两成，化肥用量减少两成。

四川眉山紫色土

“碳排放少了，大米产量高了”

本报记者  李凯旋

四川眉山市仁寿县富加镇，田野里一派繁忙。49岁的种粮大户杨波带着工人完成稻田栽插收尾，脚下成片紫红色的土壤松软肥沃。“化肥用量降了，碳排放少了，大米产量高了。”杨波说。

“脚下的紫色土，是四川盆地广泛分布的土壤。”眉山市农业农村局农艺师张树金介绍，紫色土由紫色砂岩、页岩风化而成，颜色多为紫红色、紫棕色，土层中夹杂岩石碎屑，发育周期短、矿物养分富足，富含水稻生长所需的硅、钾元素，是优质的农耕土壤。经长期水耕熟化，这里的田地保水保肥能力大幅提升，适宜粮食作物生长。“但这种土壤也有短板，土质疏松，抗冲刷能力弱，盲目耕作极易造成水土流失。”张树金说。

深耕粮田多年，杨波摸索出一套“用养结合、低碳高产”的管护妙招。

杨波毕业于四川农业大学，经营着超4000亩耕地。为呵护紫色土、推行低碳种植，杨波实施秸秆粉碎还田，搭配有机肥替代部分化肥，并配合测土配方精准施肥。田块修整、沟渠疏通、田埂栽种植物篱等举措同步落地，既减缓雨水冲刷，又持续提升土壤有机质含量。田间各类农机来回穿梭，耕、种、管、收全程机械化运作，让科学种田的效率再上一个台阶。

去年，杨波的农场里，水稻等三大主粮亩产量都明显提升。

作为种粮大户，杨波的农场每年用工量超1万人次，助力村民增收。如今，他还规划建设粮食加工厂，延伸产业链条。

在眉山，一块块紫色沃土被悉心守护，一项项绿色农技落地生根，一个个新农人正扎根田野。

山东东营盐碱地

“大豆与土地，在这里双向奔赴”

本报记者  李  蕊

山东东营市农业科学研究院实验室内，培养皿整齐码放。往南10余公里，便是黄河三角洲农业高新技术产业示范区。一句当地的民谚“十年九不收”，道出这片盐碱地曾经的种植之难。

盐碱地为什么不容易种庄稼？国家大豆产业技术体系东营综合试验站站长宁凯说：“土壤里可溶性盐分过高，根系吸水困难，加上东营盐碱地板结严重，种子破土难。但是，黄河三角洲野生大豆在荒碱地分布广泛，生命力旺盛。我们设想，如果把野生大豆的耐逆性状转给栽培大豆，会不会提高盐碱地大豆的产量和品质？”

育种最难的，是要面对盐碱地的“怪脾气”——大豆与根瘤菌本是“共生伙伴”，然而，这套共生机制在盐碱地常常无法充分发挥作用。盐分会抑制根瘤菌的存活，盐碱地大豆的根瘤数量较少，固氮效果不佳。

随着研究逐渐推进，越来越多的育种团队增加耐盐碱育种方向，许多难题迎刃而解；2023年，东营市农科院加入国家大豆产业技术体系，引进众多优异种质资源与前沿技术；2024年，宁凯与团队将黄淮海夏大豆麦茬免耕覆秸机械化生产技术引入东营进行试验示范，显著提升大豆出苗质量……

“看着嫩绿的幼苗齐刷刷钻出来，一切辛苦都值了。”在宁凯看来，“大豆与土地，在这里双向奔赴”——大豆努力适应土地，土地也在被大豆悄然改变。这片盐碱地正孕育着沉甸甸的希望。",,生态,,https://paper.people.com.cn/rmrb/pc/content/202606/25/content_30164751.html,2026-06-25,"['盐碱地', '马雪梅', '杨波', '大豆', '土壤', '南沟村', '板栗树', '黑土地', '合作社', '土地']","数据来源：水利部
数据来源：水利部
位于山东黄河三角洲农业高新技术产业示范区的盐碱地现代农业试验示范基地。杜  剑摄",政治,,,[],data/vault/2026/06/2026-06-25/14-生态/守护多彩土地 种出多样丰收（美丽中国）.md,14,生态
土壤为什么有不同颜色（把自然讲给你听）,"土壤的颜色主要由土壤中的矿物质和有机质共同决定
几年前，中国科学院南京土壤研究所绘制出我国第一幅高精度土壤颜色地图——全国土壤颜色三维分布图。地图上，分布在不同区域的土壤，色调、亮度和彩度各有不同，可以细分出428个标准土壤颜色，看起来就像一个巨大的调色盘。
土壤为什么有不同颜色？它们受到哪些因素影响？
土壤的形成，主要源自地壳表层岩石风化形成的风化物。土壤的颜色主要由土壤中的矿物质和有机质共同决定。
各种显色矿物质绘就了土壤的底色，最常见的就是各类铁矿物。在我国东部地区，长江、淮河下游和鄱阳湖、太湖周围，河网密布、地形低洼，部分土壤中的氧化铁被还原为氧化亚铁，呈现淡褐色或灰青色。四川盆地是我国著名的紫色土盆地，其土壤“继承”了紫色砂岩或页岩的显色矿物赤铁矿等，从而呈现出紫色。而在福建、江西、湖南等南方地区遍布的红壤，主要是由成土过程中次生的赤铁矿显色而来。
有机质主导了土壤颜色的深浅。在我国东北地区，夏天雨水、热量充足，平原上草木茂盛；冬天寒冷干燥，生物新陈代谢速率缓慢，落叶秸秆等不易分解——有机质年复一年积累下来，让土壤的颜色变得深黑，形成肥沃的黑土。
由于环境的差异，同一片区域中的土壤也会呈现不同颜色。以江苏为例，大部分区域的土壤都以灰青色为主，但在盐城等沿海地区，由滩涂发育而来的土壤含盐量高，如果某些季节日照较多而降雨量较少，土壤底部的盐分就会被“运”到表面，形成白花花的盐碱地。
土壤的颜色，也蕴含着丰富的气候变化信息。在黄土高原，人们在钻井、修路时，向下挖掘上百米，就会发现土壤的颜色是一层黄、一层红交织分布的。其实，这与地球经历的冰期—间冰期的不同阶段有关：在干旱寒冷的冰期时代，由于土壤有机质含量不高，在石英、云母和碳酸钙等矿物相互作用下，主要呈黄色；在温暖潮湿的间冰期，会次生一些难溶于水的显色矿物，让土壤呈其他颜色。
土壤丰富的颜色背后，蕴藏着自然的奥秘，也映照着人类活动的轨迹。
（作者为中国科学院南京土壤研究所副研究员，本报记者姚雪青采访整理）
选题线索来信邮箱 rmrbstb@peopledaily.cn","# 土壤为什么有不同颜色（把自然讲给你听）

> 杨顺华《人民日报》（2026年06月25日第 14 版）

土壤的颜色主要由土壤中的矿物质和有机质共同决定

几年前，中国科学院南京土壤研究所绘制出我国第一幅高精度土壤颜色地图——全国土壤颜色三维分布图。地图上，分布在不同区域的土壤，色调、亮度和彩度各有不同，可以细分出428个标准土壤颜色，看起来就像一个巨大的调色盘。

土壤为什么有不同颜色？它们受到哪些因素影响？

土壤的形成，主要源自地壳表层岩石风化形成的风化物。土壤的颜色主要由土壤中的矿物质和有机质共同决定。

各种显色矿物质绘就了土壤的底色，最常见的就是各类铁矿物。在我国东部地区，长江、淮河下游和鄱阳湖、太湖周围，河网密布、地形低洼，部分土壤中的氧化铁被还原为氧化亚铁，呈现淡褐色或灰青色。四川盆地是我国著名的紫色土盆地，其土壤“继承”了紫色砂岩或页岩的显色矿物赤铁矿等，从而呈现出紫色。而在福建、江西、湖南等南方地区遍布的红壤，主要是由成土过程中次生的赤铁矿显色而来。

有机质主导了土壤颜色的深浅。在我国东北地区，夏天雨水、热量充足，平原上草木茂盛；冬天寒冷干燥，生物新陈代谢速率缓慢，落叶秸秆等不易分解——有机质年复一年积累下来，让土壤的颜色变得深黑，形成肥沃的黑土。

由于环境的差异，同一片区域中的土壤也会呈现不同颜色。以江苏为例，大部分区域的土壤都以灰青色为主，但在盐城等沿海地区，由滩涂发育而来的土壤含盐量高，如果某些季节日照较多而降雨量较少，土壤底部的盐分就会被“运”到表面，形成白花花的盐碱地。

土壤的颜色，也蕴含着丰富的气候变化信息。在黄土高原，人们在钻井、修路时，向下挖掘上百米，就会发现土壤的颜色是一层黄、一层红交织分布的。其实，这与地球经历的冰期—间冰期的不同阶段有关：在干旱寒冷的冰期时代，由于土壤有机质含量不高，在石英、云母和碳酸钙等矿物相互作用下，主要呈黄色；在温暖潮湿的间冰期，会次生一些难溶于水的显色矿物，让土壤呈其他颜色。

土壤丰富的颜色背后，蕴藏着自然的奥秘，也映照着人类活动的轨迹。

（作者为中国科学院南京土壤研究所副研究员，本报记者姚雪青采访整理）

选题线索来信邮箱 rmrbstb@peopledaily.cn",杨顺华,生态,,https://paper.people.com.cn/rmrb/pc/content/202606/25/content_30164752.html,2026-06-25,"['土壤', '颜色', '显色', '有机质', '矿物', '矿物质', '不同', '间冰期', '赤铁矿', '我国']","土壤的颜色主要由土壤中的矿物质和有机质共同决定
几年前，中国科学院南京土壤研究所绘制出我国第一幅高精度土壤颜色地图——全国土壤颜色三维分布图。地图上，分布在不同区域的土壤，色调、亮度和彩度各有不同，可以细分出428个标准土壤颜色，看起来就像一个巨大的调色盘。
土壤为什么有不同颜色？它们受到哪些因素影响？",其他,,,[],data/vault/2026/06/2026-06-25/14-生态/土壤为什么有不同颜色（把自然讲给你听）.md,14,生态
坚持高质量发展，推动经济持续健康发展和社会全面进步,"以科技创新为引擎筑牢未来发展战略优势
全国政协常委  李和平
我国科技创新引领现代化产业体系建设取得历史性成就，但在平台建设、主体培育、成果转化、场景拓展、人才支撑等方面仍有提升空间。为此，建议：
建强“创新平台”，打造产业创新策源地。聚焦国家需求和前沿方向，发挥新型举国体制优势，布局建设一批国家实验室、全国重点实验室等重大创新平台。打通基础研究、应用开发、成果转化的创新链条，破解一批产业发展的源头创新和底层技术问题。
激活“企业主体”，培育产业创新主力军。支持企业牵头组建体系化、任务型创新联合体，推进“卡脖子”技术尽快实现突破。构建与科技型企业全生命周期需求相适应的金融服务体系，引导长期资本投早、投小、投长期、投硬科技。
畅通“转化通道”，消除产业创新“中梗阻”。深化“政产学研金服用”全面融合，推动创新链产业链资金链人才链深度贯通。深化职务科技成果赋权改革，建立职务科技成果资产单列管理制度，推广“先用后转、先投后股、先研后付”机制。
拓展“应用场景”，打造产业创新试验场。聚焦新兴产业、数字经济、智慧民生等领域，布局一批标杆应用场景、细分领域特色场景和小切口落地场景。鼓励国有企业、龙头企业带头开放应用场景，带动上下游中小企业协同创新。
优化“人才生态”，增强产业创新原动力。一体推进教育科技人才发展，健全高等教育学科专业设置调整机制，超常规布局新兴领域急需学科专业，推动学科布局与产业需求对接。
壮大实体经济  助力构建现代化产业体系
全国政协常委  张兴海
近年来，我国实体经济展现出强大韧性与活力，同时也面临挑战：新旧动能转换存在“阵痛”，传统产业占比大，转型升级成本高、周期长；科技创新和产业创新融合不够深入，关键核心技术“卡脖子”问题依然存在；中小企业仍面临现实困难，发展预期和信心需进一步提振。建议：
稳住传统产业基本盘，优化存量，夯实实体经济根基。持续开展大规模设备更新和技术改造，设立专项资金引导传统制造业向高端化、智能化、绿色化转型。坚决整治“内卷式”竞争，防止新兴行业一哄而上、一哄而散。推动产业集群发展，在县域经济、民营经济较发达地区，打造一批特色产业集群。
培育发展新质生产力，催生新动能，增强发展后劲。聚焦集成电路、新能源汽车、高端装备、具身智能等重点领域，发挥新型举国体制优势，集中力量突破一批“卡脖子”技术。推动“科技—产业—金融”良性循环，建好用好国家实验室、技术创新中心等平台，畅通高校、科研院所与企业的成果转化通道。
优化营商环境，稳定经营主体预期和信心。持续推进全国统一大市场建设，落实公平竞争审查制度。建立防范和化解拖欠中小企业账款、融资难等长效机制。进一步加强政策的一致性、协同性。
加快构建人工智能多元共治生态
全国政协常委  刘家强（代表民革中央）
我国已初步形成战略引领、法治支撑、实践探索协同推进的人工智能治理格局，但技术发展快与治理跟进慢之间的矛盾还比较突出，建议：
加快完善法治体系，提升规则适配度。推进人工智能专项立法，明确法律定位、责任边界与监管原则。针对技术迭代较快的领域及时出台专项配套规则，按应用场景分层细化监管要求，以制度确定性应对技术不确定性。
强化技术赋能监管，夯实基层监管能力。统筹搭建国家级人工智能治理技术平台，集成安全测试、风险监测、算法备案等功能，为基层提供好用实用的技术工具。进一步充实一线监管力量，通过专岗设置、定向招录补充专业人才，建立常态化轮训与下沉指导机制。
健全协同治理机制，凝聚共治合力。压实企业主体责任，推动重点企业设立独立伦理审查机构。强化行业自律，支持协会制定标准规范，建立权威认证与失信公示制度。拓宽公众参与渠道，将人工智能素养纳入全民数字素养提升体系。
坚持发展与安全并重。秉持包容审慎理念，在北京、上海、深圳等国家新一代人工智能创新发展试验区，推广标准化“监管沙盒”，为前沿技术创新、新业态落地提供可控试错空间。
推动科技创新和产业创新深度融合
全国政协常委  李仲平
“十五五”规划纲要提出，加强企业主导的产学研融通创新。当前，我国科技创新和产业创新融合发展上还存在科技成果转化率相对较低、高校院所与产业需求对接机制不畅、科技金融与科技服务发展滞后等短板，建议：
聚焦建设现代化产业体系。围绕现代化产业体系建设的重点领域和薄弱环节，联动并加力实施产业基础再造工程和关键核心技术攻坚工程，以基础提升助力关键核心技术突破，以关键核心技术攻关带动产业基础升级。加快推动技术革命性突破和生产要素创新性配置，统筹推进传统产业转型升级以及新兴和未来产业培育壮大。
强化企业科技创新主体地位。加强企业主导的产学研融通创新，推动项目、平台、数据、人才等创新资源向企业集聚。支持科技领军企业发挥创新链产业链链长作用，牵头组建创新联合体，围绕产业链部署创新链，围绕创新链布局产业链，促进科技创新“向后一公里”和产业创新“向前一公里”的对接。
筑牢科技服务支撑能力。加快壮大科技服务、科技金融和科技市场。做优科技创新与产业创新的融合服务，促进科技要素和资源在企业与科研机构之间双向开放与流动；构建同科技创新需求相适应的科技金融体制，发挥国家创业投资引导基金作用，多渠道拓展科技型企业创业投资来源。
构建教育科技人才与产业经济社会的大循环。建立“产业需求牵引—科技攻关—人才支撑—教育改革—产业应用”的循环加速机制，加快教育知识供给向产业需求适配、促进科技成果向产业转移转化、推进高素质人才队伍投身产业发展。
加快推进丝绸之路经济带核心区建设
全国政协常委  程  红（代表民盟中央）
作为丝绸之路经济带核心区，新疆积极融入国家向西开放总体布局，推动对内对外开放取得积极成效，但仍存在核心区聚集度、辐射度和竞争力有待提升，产品附加值偏低，营商环境距离市场化、法治化、国际化目标还有差距等问题。建议：
加快基础设施“硬联通”，打造高效畅通的亚欧黄金通道。加快推进中吉乌铁路建设，进一步畅通中国—中亚—西亚—欧洲运输通道。持续提升红其拉甫、阿拉山口、霍尔果斯等口岸智能化水平，推进智慧口岸与智慧海关、智慧边检等深度融合。拓展空中丝绸之路，打造面向亚欧的航空物流集散中心。
夯实口岸城市“产业链”，打造“双循环”实业合作枢纽。提高口岸城市“内循环”承接能力，健全产业有序转移协作机制，吸引中东部链主企业落地，提升企业就地加工能力；拓展“外循环”动能，积极探索与亚欧国家共建双边、多边产业合作示范区。
强化配套服务“软联通”，打造国际化营商环境。以贸易投资一体化为契机，建立健全与中亚国家规则标准收集、交换、互认对接沟通机制，探索推动我国交通、农业、能源、检验检疫等领域规则标准“走出去”。提升金融开放水平，激发入境消费活力。
推进交通运输高质量发展
全国政协常委  李小鹏
目前，我国已经建成全球最大的高速铁路网、高速公路网、邮政快递网和世界级港口群，但在综合交通物流网建设、物流运输服务、改革创新、安全生产等方面还存在一些不足。为推进交通运输行业高质量发展，建议：
推动综合交通物流网建设水平大幅提升。切实推进重点项目，加强组织领导，做好项目规划和前期工作。落实相关配套政策，加大中央资金支持力度，鼓励社会投资，多渠道、多种方式融资，加大要素支持保障。
推动物流运输服务水平大幅提升。紧紧围绕全国统一大市场建设，以降本提质增效为目标，推进网络建设、标准和规则统一、数智化升级、市场监管优化统一、运输结构优化调整。
推动改革创新水平大幅提升。清理不合理政策，培育规模化、规范化物流龙头企业，引导中小物流企业集约化发展，营造公平竞争、统一开放的物流市场环境。进一步深化铁路投融资体制改革，深化收费公路政策创新。
推动安全水平大幅提升。牢固树立总体国家安全观，确保交通运输战略安全和安全生产。围绕保障海上运输安全，加快建设陆海空天一体化海事监管体系；围绕保障应急抢险救援，加快构建调度指挥、物资储备、运输投送、维护抢修体系。
壮大耐心资本  完善资本市场投融资机制
全国政协常委  徐晓兰（代表致公党中央）
耐心资本是推动科技创新和产业创新深度融合的重要金融力量，也是完善资本市场投融资机制、发展新质生产力的关键支撑。为加快构建多层次、长周期、强协同的资本支持体系，建议：
强化战略引领与资金供给，增强耐心资本持续投入能力。发挥国有资本引领作用，拓宽中长期资金配置渠道。发挥政府引导基金带动作用，优化国家创业投资引导基金、地方政府投资基金和产业引导基金运作机制，通过母子基金、风险分担等方式，吸引社会资本、产业资本共同投早、投小、投长期、投硬科技，加快形成政府引导、国有支撑、社会参与的耐心资本供给体系。
发展多元直接融资体系，提升资本市场融资服务能力。积极发展多元股权融资，强化创业投资和天使投资早期识别与培育功能，支持具备产业背景、科研背景和技术判断能力的专业化投资机构发展。加快构建高收益债券市场基础制度体系，深化信用评级与信息披露制度改革，健全多层次、高韧性、国际化的债券市场体系。
健全资金循环与风险分担机制，构建投融资协同发展良好生态。用好国家级并购基金，支持上市公司和产业龙头通过并购重组整合资源、提升产业链水平。加快发展科技保险，配套融资增信、融资租赁等金融工具，合理分担早期投资风险，增强社会资本持续投入意愿。
完善新兴领域知识产权保护制度
全国政协常委  何志敏（代表民进中央）
我国已经成为全球知识产权大国，全球创新指数进入世界前列。随着我国逐步走向全球价值链中高端，知识产权成为资产和竞争优势，需加大力度、加快速度构建适应以数智化为代表的新兴领域知识产权治理规则，进一步夯实高水平市场经济产权制度基础。建议：
统筹知识产权制度效能提升和前瞻性布局。立足现有法律框架，深化专利、商标审查制度改革，在重点产业链建立更加稳定高效的分类、预审和优先审查通道，支持创新成果快速获权、稳定获权。与时俱进细化人工智能、大数据、基因技术、脑机接口等新领域新业态知识产权保护规则，尊重技术规律和市场实践，循序推进制度供给，构建可预期、可持续的创新生态。
积极应对人工智能带来的知识产权规则挑战。由相关部门牵头，研究制定人工智能训练数据来源的合规指引，明确数据采集、清洗、标注、使用的透明度要求与授权链条规范；持续完善人工智能产出的保护性认定、权利归属界定、权益分配规则，积极引导著作权人与人工智能产业界共创多样化商业合作与许可新模式。
抢占知识产权博弈制高点，强化国际竞争新优势。抓住新兴领域知识产权国际规则构建的窗口期，率先积累实践经验，为全球治理提供中国方案。根据人工智能、半导体、新能源等重点产业国际化发展的需求，持续优化知识产权相关规则，快速提升涉外知识产权治理能力和水平。
分类有序、片区化推进乡村振兴
全国政协常委  陈小平
乡村片区组团是持续深化新时代“千万工程”、加快农业农村现代化、推进乡村全面振兴的重要抓手。浙江省首批启动建设226个重点村组团片区、辐射带动1447个周边村发展，实现从“一村美”到“一片富”。调研发现，一些乡村片区组团发展中存在问题和挑战：个别地方在整合片区资源、政策集成等方面缺乏“一张蓝图”的顶层设计；产业特色存在同质化现象；外聘经理人或运营团队良莠不齐；一些村之间融合度不高，产业链黏合度不牢。为此，建议：
统筹片区规划，优化乡村发展布局。国家层面重点研究出台片区化推进指导意见，突出整体功能定位与区域发展实际，因地制宜明确产业重点方向，协同推进基础设施、公共服务优质普惠建设。
突出产业主导，夯实片区发展根基。强调主导产业基础性作用，推动乡村特色产业全链条升级，促进一二三产业深度融合，实现“一片一产”“一片多产”。加大农业龙头企业、农创客等新型经营主体培育力度。
强化市场运营，增强片区可持续发展动力。引导乡村运营、青年入乡、片区组团协同发展。建立乡村职业经理人多元协同培育体系，规范职业标准。鼓励民企、国企入村与村集体建立混合所有制公司开展运营。
健全利益联结机制，提升为农惠农质效。构建“利益共享、风险共担”联结机制，明确村集体、企业、合作社、农户等在产业链不同环节的收益比例，健全风险监管机制，加大力度扶持贡献突出的龙头企业。
把跨区域联结型地区建设成为区域协调发展示范区
全国政协常委  滕树静
跨区域联结型地区处于不同行政或经济区域的交会地带，承载着丰富的自然资源、集聚的民族人口与独特的文化交融形态。重视并破解这类地区的发展难题，不仅关乎区域协调、城乡融合发展，更对促进多民族交往交流交融、促进共同富裕具有重要示范意义。建议：
注重因地施策，从大水漫灌转为精准滴灌。根据区位特点、资源禀赋等，出台分类指导目录，编制专项规划，实行“一区一策、量身定制”，着力培育一批跨省域合作先行试点地区、区域性中心城市。
强化枢纽功能，让地理末梢迈向开放高地。布局建设一批高速铁路、高速公路等跨区域骨干通道，超前部署工业互联网、数据中心等新型基础设施，强化人工智能赋能，打造区域算力枢纽与智慧物流平台，因地制宜发展国际陆港等开放平台，并加快电力、天然气等能源通道建设。
优化要素配置，用制度创新打破行政壁垒。设立“跨区域协同发展示范区”，在产业准入、绿色矿业等方面赋予更大自主权；探索能源资源一体化配置模式，开展跨省直供电、同网同价试点。
推进协同治理，把各守其界变成共同治界。探索联合河（湖）长制、林长制，在跨省域山林纠纷、跨流域河湖治理等方面联防联治。共同打造一批“同心社区”、创作一批文艺作品，携手共创民族团结进步示范区。
推动新就业形态健康发展
全国政协常委  江广平
近年来，以平台经济为代表的新就业形态蓬勃发展，新就业群体从业规模持续扩大，但仍存在劳动关系认定难、算法规则不透明、关爱服务有短板等实际问题，需进一步健全服务管理机制，推动健康规范发展。建议：
坚持和加强党的全面领导，持续健全“行业党委—功能型党支部—骨干党员”三层组织体系，针对不同用工模式，制定流动党员管理、党员作用发挥等工作指引，推动党组织覆盖从“有形”向“有效”转变。强化对新就业群体的关心关爱，聚焦不同职业现实需求，解决“小区不能进”“维权过程难”等问题，推动工会驿站、司机之家、暖心服务点向商圈、交通枢纽延伸。
明晰责任义务，切实保障权益。压实平台企业责任，健全用工关系识别和合同协议制度，厘清各类用工模式权利义务边界，防止通过层层外包、协议包装转移责任。深化推进平台算法综合治理，推动开展平台劳动规则和算法协商，探索完善新就业形态劳动者参与企业集体协商的路径方法。
加强源头治理，化解矛盾风险。强化对企业的用工指导，推动平台企业和平台用工合作企业依法建立劳动者申诉机制，形成明确的申诉受理、复核反馈和纠偏处理流程，力争将矛盾纠纷化解在源头。充分发挥工会组织、劳动争议调解仲裁机构作用，推动规则协商、争议调解和行政监管相互衔接。
提升城市基层治理效能
全国政协常委  宋亚君
当前，我国基层治理体系和治理能力现代化建设取得显著成效，但仍存在一些亟待解决的问题：新兴领域党组织和党的工作覆盖水平有待进一步提升；基层治理主体单一、活力不足，共建共治共享工作格局有待完善；为民服务质效仍需提升等。建议：
把基层党组织建设成为领导基层治理的坚强战斗堡垒，织密组织网络，推动党支部或党小组建在网格、小区、楼栋上，探索以“红色物业”建设为抓手，构建“小区党支部+业委会+物业”协同联动的治理格局，提升城市新兴领域党组织覆盖面和工作质效。
凝聚共建共治共享合力。统筹辖区内多元主体深度参与基层治理，加快构建“党组织牵头、多部门协同、全社会参与”的共建共治共享基层治理新格局。健全完善“街道吹哨、部门报到”工作机制，打破条块分割壁垒，形成基层治理“一盘棋”工作格局。引入专业社会组织承接公共服务，推动新就业群体融入社区治理。
提升为民服务质效。推行“一窗受理、集成服务”的“全科服务”模式，实行接诉即办、限时办结、首接负责、双向反馈。推动数字赋能、智慧治理，建立社区智慧大脑，做到一屏统管、一网通办。在社区商业、共享空间等领域实施更加灵活弹性的管理措施。
加快推动建筑业全面绿色低碳转型
全国政协常委  易  军
建筑业产业体量大、就业覆盖面广、产业链关联度高。行业快速发展中，能耗与碳排放总量高、减排压力突出。为促进全面绿色转型，推进相关“双碳”工作，建议：
聚焦标准统一与存量更新，稳住行业降碳基本盘。加快建立全国统一的建筑碳排放标准与核算统计体系，明确碳核查边界、统一核算口径，解决标准不一、数据不准、监管不严的突出问题。以城市更新、老旧小区改造为重点，细化既有建筑节能改造标准，严格新建建筑全过程节能管控，从源头稳住碳排放基本盘。
聚焦建造模式革新，打通全链条低碳管控闭环。全面推行工程总承包和全过程工程咨询一体化模式，闭环压实设计、建设、施工各方低碳主体责任。大力推进新型建筑工业化与智能建造深度融合，强化行业绿色低碳标杆企业示范，常态化落实能耗审计、碳排放披露制度，稳步探索建筑用能配额、碳排放权交易试点。
聚焦关键技术落地，培育建筑领域低碳新质生产力。紧扣行业转型刚需，聚焦成熟技术规模化应用、关键技术集中攻坚。围绕光伏建筑一体化、“光储直柔”系统、建筑垃圾资源化利用、建筑节能降碳四大核心场景，依托数字孪生、建筑机器人等智能技术破解应用难题。
创新破解绿色电力发展瓶颈
全国政协常委  孔令智（代表台盟中央）
着力构建新型电力系统、扩大绿电应用，是增强能源自主保障能力、实现能源安全可控的关键举措。当前，煤电与绿电并行发展，全面提升了电力系统互补互济和安全韧性水平，但同时也存在一些结构性矛盾、区域性不平衡问题，影响能源绿色低碳转型成效。为加快经济社会发展全面绿色转型，协同推进降碳、减污、扩绿、增长，建议：
以绿电市场为重点，建设绿色能源全国统一大市场，引领减碳扩绿。建立以绿电为核心、上下游贯通的绿色能源产品体系，拓展绿电直连、储能、制氢、制醇等多样化利用形式。加快绿电内储外销市场建设，超前布局省际超高压通道，提升绿电跨区域配置效率，完善绿电优先、煤电保供、储能调节、余电交易的供电格局，提升灵活性。
以健全价格机制为抓手，分类精准施策，推进有序替代。在发电端，提升电能量、容量、辅助服务、环保等价格因素占比，引导企业拓展中长时储能、高精度调频等功能。在电网侧，提升数字化管理水平，引导绿能领域投融资。在用户侧，推动企业“以电定产”，提升终端电气化替代水平。
高标准对接国际规则，促进绿色贸易。拓展碳足迹核算及认证覆盖范围，强化绿电数字化建设与数据治理，提升可溯源性，推动规则标准衔接互认。推进碳核算、绿色基建、绿电技术标准的国际推广与区域应用，争当国际标准引领者。","# 坚持高质量发展，推动经济持续健康发展和社会全面进步

## ——全国政协十四届常委会第十七次会议大会发言摘编

> 《人民日报》（2026年06月25日第 15 版）

以科技创新为引擎筑牢未来发展战略优势

全国政协常委  李和平

我国科技创新引领现代化产业体系建设取得历史性成就，但在平台建设、主体培育、成果转化、场景拓展、人才支撑等方面仍有提升空间。为此，建议：

建强“创新平台”，打造产业创新策源地。聚焦国家需求和前沿方向，发挥新型举国体制优势，布局建设一批国家实验室、全国重点实验室等重大创新平台。打通基础研究、应用开发、成果转化的创新链条，破解一批产业发展的源头创新和底层技术问题。

激活“企业主体”，培育产业创新主力军。支持企业牵头组建体系化、任务型创新联合体，推进“卡脖子”技术尽快实现突破。构建与科技型企业全生命周期需求相适应的金融服务体系，引导长期资本投早、投小、投长期、投硬科技。

畅通“转化通道”，消除产业创新“中梗阻”。深化“政产学研金服用”全面融合，推动创新链产业链资金链人才链深度贯通。深化职务科技成果赋权改革，建立职务科技成果资产单列管理制度，推广“先用后转、先投后股、先研后付”机制。

拓展“应用场景”，打造产业创新试验场。聚焦新兴产业、数字经济、智慧民生等领域，布局一批标杆应用场景、细分领域特色场景和小切口落地场景。鼓励国有企业、龙头企业带头开放应用场景，带动上下游中小企业协同创新。

优化“人才生态”，增强产业创新原动力。一体推进教育科技人才发展，健全高等教育学科专业设置调整机制，超常规布局新兴领域急需学科专业，推动学科布局与产业需求对接。

壮大实体经济  助力构建现代化产业体系

全国政协常委  张兴海

近年来，我国实体经济展现出强大韧性与活力，同时也面临挑战：新旧动能转换存在“阵痛”，传统产业占比大，转型升级成本高、周期长；科技创新和产业创新融合不够深入，关键核心技术“卡脖子”问题依然存在；中小企业仍面临现实困难，发展预期和信心需进一步提振。建议：

稳住传统产业基本盘，优化存量，夯实实体经济根基。持续开展大规模设备更新和技术改造，设立专项资金引导传统制造业向高端化、智能化、绿色化转型。坚决整治“内卷式”竞争，防止新兴行业一哄而上、一哄而散。推动产业集群发展，在县域经济、民营经济较发达地区，打造一批特色产业集群。

培育发展新质生产力，催生新动能，增强发展后劲。聚焦集成电路、新能源汽车、高端装备、具身智能等重点领域，发挥新型举国体制优势，集中力量突破一批“卡脖子”技术。推动“科技—产业—金融”良性循环，建好用好国家实验室、技术创新中心等平台，畅通高校、科研院所与企业的成果转化通道。

优化营商环境，稳定经营主体预期和信心。持续推进全国统一大市场建设，落实公平竞争审查制度。建立防范和化解拖欠中小企业账款、融资难等长效机制。进一步加强政策的一致性、协同性。

加快构建人工智能多元共治生态

全国政协常委  刘家强（代表民革中央）

我国已初步形成战略引领、法治支撑、实践探索协同推进的人工智能治理格局，但技术发展快与治理跟进慢之间的矛盾还比较突出，建议：

加快完善法治体系，提升规则适配度。推进人工智能专项立法，明确法律定位、责任边界与监管原则。针对技术迭代较快的领域及时出台专项配套规则，按应用场景分层细化监管要求，以制度确定性应对技术不确定性。

强化技术赋能监管，夯实基层监管能力。统筹搭建国家级人工智能治理技术平台，集成安全测试、风险监测、算法备案等功能，为基层提供好用实用的技术工具。进一步充实一线监管力量，通过专岗设置、定向招录补充专业人才，建立常态化轮训与下沉指导机制。

健全协同治理机制，凝聚共治合力。压实企业主体责任，推动重点企业设立独立伦理审查机构。强化行业自律，支持协会制定标准规范，建立权威认证与失信公示制度。拓宽公众参与渠道，将人工智能素养纳入全民数字素养提升体系。

坚持发展与安全并重。秉持包容审慎理念，在北京、上海、深圳等国家新一代人工智能创新发展试验区，推广标准化“监管沙盒”，为前沿技术创新、新业态落地提供可控试错空间。

推动科技创新和产业创新深度融合

全国政协常委  李仲平

“十五五”规划纲要提出，加强企业主导的产学研融通创新。当前，我国科技创新和产业创新融合发展上还存在科技成果转化率相对较低、高校院所与产业需求对接机制不畅、科技金融与科技服务发展滞后等短板，建议：

聚焦建设现代化产业体系。围绕现代化产业体系建设的重点领域和薄弱环节，联动并加力实施产业基础再造工程和关键核心技术攻坚工程，以基础提升助力关键核心技术突破，以关键核心技术攻关带动产业基础升级。加快推动技术革命性突破和生产要素创新性配置，统筹推进传统产业转型升级以及新兴和未来产业培育壮大。

强化企业科技创新主体地位。加强企业主导的产学研融通创新，推动项目、平台、数据、人才等创新资源向企业集聚。支持科技领军企业发挥创新链产业链链长作用，牵头组建创新联合体，围绕产业链部署创新链，围绕创新链布局产业链，促进科技创新“向后一公里”和产业创新“向前一公里”的对接。

筑牢科技服务支撑能力。加快壮大科技服务、科技金融和科技市场。做优科技创新与产业创新的融合服务，促进科技要素和资源在企业与科研机构之间双向开放与流动；构建同科技创新需求相适应的科技金融体制，发挥国家创业投资引导基金作用，多渠道拓展科技型企业创业投资来源。

构建教育科技人才与产业经济社会的大循环。建立“产业需求牵引—科技攻关—人才支撑—教育改革—产业应用”的循环加速机制，加快教育知识供给向产业需求适配、促进科技成果向产业转移转化、推进高素质人才队伍投身产业发展。

加快推进丝绸之路经济带核心区建设

全国政协常委  程  红（代表民盟中央）

作为丝绸之路经济带核心区，新疆积极融入国家向西开放总体布局，推动对内对外开放取得积极成效，但仍存在核心区聚集度、辐射度和竞争力有待提升，产品附加值偏低，营商环境距离市场化、法治化、国际化目标还有差距等问题。建议：

加快基础设施“硬联通”，打造高效畅通的亚欧黄金通道。加快推进中吉乌铁路建设，进一步畅通中国—中亚—西亚—欧洲运输通道。持续提升红其拉甫、阿拉山口、霍尔果斯等口岸智能化水平，推进智慧口岸与智慧海关、智慧边检等深度融合。拓展空中丝绸之路，打造面向亚欧的航空物流集散中心。

夯实口岸城市“产业链”，打造“双循环”实业合作枢纽。提高口岸城市“内循环”承接能力，健全产业有序转移协作机制，吸引中东部链主企业落地，提升企业就地加工能力；拓展“外循环”动能，积极探索与亚欧国家共建双边、多边产业合作示范区。

强化配套服务“软联通”，打造国际化营商环境。以贸易投资一体化为契机，建立健全与中亚国家规则标准收集、交换、互认对接沟通机制，探索推动我国交通、农业、能源、检验检疫等领域规则标准“走出去”。提升金融开放水平，激发入境消费活力。

推进交通运输高质量发展

全国政协常委  李小鹏

目前，我国已经建成全球最大的高速铁路网、高速公路网、邮政快递网和世界级港口群，但在综合交通物流网建设、物流运输服务、改革创新、安全生产等方面还存在一些不足。为推进交通运输行业高质量发展，建议：

推动综合交通物流网建设水平大幅提升。切实推进重点项目，加强组织领导，做好项目规划和前期工作。落实相关配套政策，加大中央资金支持力度，鼓励社会投资，多渠道、多种方式融资，加大要素支持保障。

推动物流运输服务水平大幅提升。紧紧围绕全国统一大市场建设，以降本提质增效为目标，推进网络建设、标准和规则统一、数智化升级、市场监管优化统一、运输结构优化调整。

推动改革创新水平大幅提升。清理不合理政策，培育规模化、规范化物流龙头企业，引导中小物流企业集约化发展，营造公平竞争、统一开放的物流市场环境。进一步深化铁路投融资体制改革，深化收费公路政策创新。

推动安全水平大幅提升。牢固树立总体国家安全观，确保交通运输战略安全和安全生产。围绕保障海上运输安全，加快建设陆海空天一体化海事监管体系；围绕保障应急抢险救援，加快构建调度指挥、物资储备、运输投送、维护抢修体系。

壮大耐心资本  完善资本市场投融资机制

全国政协常委  徐晓兰（代表致公党中央）

耐心资本是推动科技创新和产业创新深度融合的重要金融力量，也是完善资本市场投融资机制、发展新质生产力的关键支撑。为加快构建多层次、长周期、强协同的资本支持体系，建议：

强化战略引领与资金供给，增强耐心资本持续投入能力。发挥国有资本引领作用，拓宽中长期资金配置渠道。发挥政府引导基金带动作用，优化国家创业投资引导基金、地方政府投资基金和产业引导基金运作机制，通过母子基金、风险分担等方式，吸引社会资本、产业资本共同投早、投小、投长期、投硬科技，加快形成政府引导、国有支撑、社会参与的耐心资本供给体系。

发展多元直接融资体系，提升资本市场融资服务能力。积极发展多元股权融资，强化创业投资和天使投资早期识别与培育功能，支持具备产业背景、科研背景和技术判断能力的专业化投资机构发展。加快构建高收益债券市场基础制度体系，深化信用评级与信息披露制度改革，健全多层次、高韧性、国际化的债券市场体系。

健全资金循环与风险分担机制，构建投融资协同发展良好生态。用好国家级并购基金，支持上市公司和产业龙头通过并购重组整合资源、提升产业链水平。加快发展科技保险，配套融资增信、融资租赁等金融工具，合理分担早期投资风险，增强社会资本持续投入意愿。

完善新兴领域知识产权保护制度

全国政协常委  何志敏（代表民进中央）

我国已经成为全球知识产权大国，全球创新指数进入世界前列。随着我国逐步走向全球价值链中高端，知识产权成为资产和竞争优势，需加大力度、加快速度构建适应以数智化为代表的新兴领域知识产权治理规则，进一步夯实高水平市场经济产权制度基础。建议：

统筹知识产权制度效能提升和前瞻性布局。立足现有法律框架，深化专利、商标审查制度改革，在重点产业链建立更加稳定高效的分类、预审和优先审查通道，支持创新成果快速获权、稳定获权。与时俱进细化人工智能、大数据、基因技术、脑机接口等新领域新业态知识产权保护规则，尊重技术规律和市场实践，循序推进制度供给，构建可预期、可持续的创新生态。

积极应对人工智能带来的知识产权规则挑战。由相关部门牵头，研究制定人工智能训练数据来源的合规指引，明确数据采集、清洗、标注、使用的透明度要求与授权链条规范；持续完善人工智能产出的保护性认定、权利归属界定、权益分配规则，积极引导著作权人与人工智能产业界共创多样化商业合作与许可新模式。

抢占知识产权博弈制高点，强化国际竞争新优势。抓住新兴领域知识产权国际规则构建的窗口期，率先积累实践经验，为全球治理提供中国方案。根据人工智能、半导体、新能源等重点产业国际化发展的需求，持续优化知识产权相关规则，快速提升涉外知识产权治理能力和水平。

分类有序、片区化推进乡村振兴

全国政协常委  陈小平

乡村片区组团是持续深化新时代“千万工程”、加快农业农村现代化、推进乡村全面振兴的重要抓手。浙江省首批启动建设226个重点村组团片区、辐射带动1447个周边村发展，实现从“一村美”到“一片富”。调研发现，一些乡村片区组团发展中存在问题和挑战：个别地方在整合片区资源、政策集成等方面缺乏“一张蓝图”的顶层设计；产业特色存在同质化现象；外聘经理人或运营团队良莠不齐；一些村之间融合度不高，产业链黏合度不牢。为此，建议：

统筹片区规划，优化乡村发展布局。国家层面重点研究出台片区化推进指导意见，突出整体功能定位与区域发展实际，因地制宜明确产业重点方向，协同推进基础设施、公共服务优质普惠建设。

突出产业主导，夯实片区发展根基。强调主导产业基础性作用，推动乡村特色产业全链条升级，促进一二三产业深度融合，实现“一片一产”“一片多产”。加大农业龙头企业、农创客等新型经营主体培育力度。

强化市场运营，增强片区可持续发展动力。引导乡村运营、青年入乡、片区组团协同发展。建立乡村职业经理人多元协同培育体系，规范职业标准。鼓励民企、国企入村与村集体建立混合所有制公司开展运营。

健全利益联结机制，提升为农惠农质效。构建“利益共享、风险共担”联结机制，明确村集体、企业、合作社、农户等在产业链不同环节的收益比例，健全风险监管机制，加大力度扶持贡献突出的龙头企业。

把跨区域联结型地区建设成为区域协调发展示范区

全国政协常委  滕树静

跨区域联结型地区处于不同行政或经济区域的交会地带，承载着丰富的自然资源、集聚的民族人口与独特的文化交融形态。重视并破解这类地区的发展难题，不仅关乎区域协调、城乡融合发展，更对促进多民族交往交流交融、促进共同富裕具有重要示范意义。建议：

注重因地施策，从大水漫灌转为精准滴灌。根据区位特点、资源禀赋等，出台分类指导目录，编制专项规划，实行“一区一策、量身定制”，着力培育一批跨省域合作先行试点地区、区域性中心城市。

强化枢纽功能，让地理末梢迈向开放高地。布局建设一批高速铁路、高速公路等跨区域骨干通道，超前部署工业互联网、数据中心等新型基础设施，强化人工智能赋能，打造区域算力枢纽与智慧物流平台，因地制宜发展国际陆港等开放平台，并加快电力、天然气等能源通道建设。

优化要素配置，用制度创新打破行政壁垒。设立“跨区域协同发展示范区”，在产业准入、绿色矿业等方面赋予更大自主权；探索能源资源一体化配置模式，开展跨省直供电、同网同价试点。

推进协同治理，把各守其界变成共同治界。探索联合河（湖）长制、林长制，在跨省域山林纠纷、跨流域河湖治理等方面联防联治。共同打造一批“同心社区”、创作一批文艺作品，携手共创民族团结进步示范区。

推动新就业形态健康发展

全国政协常委  江广平

近年来，以平台经济为代表的新就业形态蓬勃发展，新就业群体从业规模持续扩大，但仍存在劳动关系认定难、算法规则不透明、关爱服务有短板等实际问题，需进一步健全服务管理机制，推动健康规范发展。建议：

坚持和加强党的全面领导，持续健全“行业党委—功能型党支部—骨干党员”三层组织体系，针对不同用工模式，制定流动党员管理、党员作用发挥等工作指引，推动党组织覆盖从“有形”向“有效”转变。强化对新就业群体的关心关爱，聚焦不同职业现实需求，解决“小区不能进”“维权过程难”等问题，推动工会驿站、司机之家、暖心服务点向商圈、交通枢纽延伸。

明晰责任义务，切实保障权益。压实平台企业责任，健全用工关系识别和合同协议制度，厘清各类用工模式权利义务边界，防止通过层层外包、协议包装转移责任。深化推进平台算法综合治理，推动开展平台劳动规则和算法协商，探索完善新就业形态劳动者参与企业集体协商的路径方法。

加强源头治理，化解矛盾风险。强化对企业的用工指导，推动平台企业和平台用工合作企业依法建立劳动者申诉机制，形成明确的申诉受理、复核反馈和纠偏处理流程，力争将矛盾纠纷化解在源头。充分发挥工会组织、劳动争议调解仲裁机构作用，推动规则协商、争议调解和行政监管相互衔接。

提升城市基层治理效能

全国政协常委  宋亚君

当前，我国基层治理体系和治理能力现代化建设取得显著成效，但仍存在一些亟待解决的问题：新兴领域党组织和党的工作覆盖水平有待进一步提升；基层治理主体单一、活力不足，共建共治共享工作格局有待完善；为民服务质效仍需提升等。建议：

把基层党组织建设成为领导基层治理的坚强战斗堡垒，织密组织网络，推动党支部或党小组建在网格、小区、楼栋上，探索以“红色物业”建设为抓手，构建“小区党支部+业委会+物业”协同联动的治理格局，提升城市新兴领域党组织覆盖面和工作质效。

凝聚共建共治共享合力。统筹辖区内多元主体深度参与基层治理，加快构建“党组织牵头、多部门协同、全社会参与”的共建共治共享基层治理新格局。健全完善“街道吹哨、部门报到”工作机制，打破条块分割壁垒，形成基层治理“一盘棋”工作格局。引入专业社会组织承接公共服务，推动新就业群体融入社区治理。

提升为民服务质效。推行“一窗受理、集成服务”的“全科服务”模式，实行接诉即办、限时办结、首接负责、双向反馈。推动数字赋能、智慧治理，建立社区智慧大脑，做到一屏统管、一网通办。在社区商业、共享空间等领域实施更加灵活弹性的管理措施。

加快推动建筑业全面绿色低碳转型

全国政协常委  易  军

建筑业产业体量大、就业覆盖面广、产业链关联度高。行业快速发展中，能耗与碳排放总量高、减排压力突出。为促进全面绿色转型，推进相关“双碳”工作，建议：

聚焦标准统一与存量更新，稳住行业降碳基本盘。加快建立全国统一的建筑碳排放标准与核算统计体系，明确碳核查边界、统一核算口径，解决标准不一、数据不准、监管不严的突出问题。以城市更新、老旧小区改造为重点，细化既有建筑节能改造标准，严格新建建筑全过程节能管控，从源头稳住碳排放基本盘。

聚焦建造模式革新，打通全链条低碳管控闭环。全面推行工程总承包和全过程工程咨询一体化模式，闭环压实设计、建设、施工各方低碳主体责任。大力推进新型建筑工业化与智能建造深度融合，强化行业绿色低碳标杆企业示范，常态化落实能耗审计、碳排放披露制度，稳步探索建筑用能配额、碳排放权交易试点。

聚焦关键技术落地，培育建筑领域低碳新质生产力。紧扣行业转型刚需，聚焦成熟技术规模化应用、关键技术集中攻坚。围绕光伏建筑一体化、“光储直柔”系统、建筑垃圾资源化利用、建筑节能降碳四大核心场景，依托数字孪生、建筑机器人等智能技术破解应用难题。

创新破解绿色电力发展瓶颈

全国政协常委  孔令智（代表台盟中央）

着力构建新型电力系统、扩大绿电应用，是增强能源自主保障能力、实现能源安全可控的关键举措。当前，煤电与绿电并行发展，全面提升了电力系统互补互济和安全韧性水平，但同时也存在一些结构性矛盾、区域性不平衡问题，影响能源绿色低碳转型成效。为加快经济社会发展全面绿色转型，协同推进降碳、减污、扩绿、增长，建议：

以绿电市场为重点，建设绿色能源全国统一大市场，引领减碳扩绿。建立以绿电为核心、上下游贯通的绿色能源产品体系，拓展绿电直连、储能、制氢、制醇等多样化利用形式。加快绿电内储外销市场建设，超前布局省际超高压通道，提升绿电跨区域配置效率，完善绿电优先、煤电保供、储能调节、余电交易的供电格局，提升灵活性。

以健全价格机制为抓手，分类精准施策，推进有序替代。在发电端，提升电能量、容量、辅助服务、环保等价格因素占比，引导企业拓展中长时储能、高精度调频等功能。在电网侧，提升数字化管理水平，引导绿能领域投融资。在用户侧，推动企业“以电定产”，提升终端电气化替代水平。

高标准对接国际规则，促进绿色贸易。拓展碳足迹核算及认证覆盖范围，强化绿电数字化建设与数据治理，提升可溯源性，推动规则标准衔接互认。推进碳核算、绿色基建、绿电技术标准的国际推广与区域应用，争当国际标准引领者。",,综合,,https://paper.people.com.cn/rmrb/pc/content/202606/25/content_30164706.html,2026-06-25,"['创新', '产业', '提升', '推动', '发展', '推进', '治理', '科技', '人工智能', '建设']","以科技创新为引擎筑牢未来发展战略优势
全国政协常委  李和平
我国科技创新引领现代化产业体系建设取得历史性成就，但在平台建设、主体培育、成果转化、场景拓展、人才支撑等方面仍有提升空间。为此，建议：",政治,,,[],data/vault/2026/06/2026-06-25/15-综合/坚持高质量发展，推动经济持续健康发展和社会全面进步.md,15,综合
未来之城  建设天蓝、地绿、水清的美丽雄安,"雄安新区坚定践行“先植绿、后建城”，把生态优先、绿色发展理念贯穿始终。蓝绿空间交织，“千年秀林”累计绿化面积达74.45万亩，森林覆盖率提升至35.2%；白洋淀水质持续向好，稳定保持在Ⅲ类，生物多样性显著提升，野生鸟类达296种，较新区设立前增加90种，人与自然和谐共生的现代化图景铺展开来。悦容公园、中央绿谷与水系廊道相映成趣，燕南堤、南河枢纽守护水清岸绿，一座宜业宜居的未来之城加速呈现。
数据来源：雄安新区宣传网信局","### 牢牢把握雄安新区功能定位 努力建设新时代创新高地和推动高质量发展样板

# 未来之城  建设天蓝、地绿、水清的美丽雄安

> 《人民日报》（2026年06月25日第 16 版）

雄安新区坚定践行“先植绿、后建城”，把生态优先、绿色发展理念贯穿始终。蓝绿空间交织，“千年秀林”累计绿化面积达74.45万亩，森林覆盖率提升至35.2%；白洋淀水质持续向好，稳定保持在Ⅲ类，生物多样性显著提升，野生鸟类达296种，较新区设立前增加90种，人与自然和谐共生的现代化图景铺展开来。悦容公园、中央绿谷与水系廊道相映成趣，燕南堤、南河枢纽守护水清岸绿，一座宜业宜居的未来之城加速呈现。

数据来源：雄安新区宣传网信局",,广告,,https://paper.people.com.cn/rmrb/pc/content/202606/25/content_30164707.html,2026-06-25,"['雄安', '新区', '绿谷', '铺展开来', '秀林', '先植绿', '后建城', '74.45', '35.2%', '296']","雄安新区坚定践行“先植绿、后建城”，把生态优先、绿色发展理念贯穿始终。蓝绿空间交织，“千年秀林”累计绿化面积达74.45万亩，森林覆盖率提升至35.2%；白洋淀水质持续向好，稳定保持在Ⅲ类，生物多样性显著提升，野生鸟类达296种，较新区设立前增加90种，人与自然和谐共生的现代化图景铺展开来。悦容公园、中央绿谷与水系廊道相映成趣，燕南堤、南河枢纽守护水清岸绿，一座宜业宜居的未来之城加速呈现。
数据来源：雄安新区宣传网信局",其他,,,[],data/vault/2026/06/2026-06-25/16-广告/未来之城 建设天蓝、地绿、水清的美丽雄安.md,16,广告
重庆  学习运用“千万工程”经验  努力描绘巴渝和美乡村画卷,"在重庆市长寿区邻封镇，万亩柚林深处，农房院落干净整洁，分类垃圾箱有序摆放；在酉阳土家族苗族自治县花田乡，层层梯田稻浪翻滚，田间栈道串联起观景台和民俗体验点……行走于巴渝大地，千村千面皆如画，一步一景留乡愁。
巴山渝水绘新卷，和美乡村入画来。作为集大城市、大农村、大山区、大库区于一体的直辖市，重庆深入学习运用“千万工程”经验，立足山地特色、深耕城乡融合，以绣花功夫提升乡村颜值，以产业思维夯实富民根基，以善治智慧涵养文明乡风，奋力描绘新时代巴渝和美乡村新画卷。2025年，全市提质建设6001个村，巴渝和美乡村建成率达65%。
精雕细琢换新颜，展现生态宜居新风貌
走进石柱土家族自治县桥头镇，农家小院白墙灰瓦，房前屋后花木扶疏、瓜果飘香，昔日小山村变身为和美新家园；在铜梁区围龙镇龙湖村，281户美丽庭院串联成景，黄墙黛瓦的农房与田园风光相映成趣，院坝凉亭点缀其间……
一幕幕生动场景，为重庆打造巴渝和美乡村写下了生动注脚。重庆聚力提升乡村整体风貌，遵循因地制宜、依山就势、显山露水、留住乡愁原则，持续改善人居环境，以“五清理一活动”为抓手，统筹推进农村人居环境整治，农村卫生厕所普及率升至88%，生活垃圾分类行政村覆盖率达83.6%，农村黑臭水体实现全域动态清零。
同时，重庆加快补齐路、水、电、通信、物流“五网”基础设施短板，全市农村自来水普及率达94.6%，农村公路里程达16.8万公里，供电可靠率达99.8%，行政村5G通达率、三级寄递物流节点覆盖率均达100%，农村教育、医疗、养老、文体等设施惠及群众700多万。
多元赋能兴产业，激活强村富民新动能
奉节县脐橙园内，一棵棵橙树孕育丰收希望，奉节脐橙目前综合产值超65亿元，带动30万户果农增收。荣昌区畜牧产业园内，“产业大脑”实时监测养殖全链条，荣昌猪品牌价值达55.95亿元。石柱土家族自治县黄连种植基地里，小小黄连长成百亿级产业，苦药材变成“甜产业”。
产业强则乡村强，产业富则农民富。重庆聚力发展现代生态高效农业，深耕“土特产”文章，强化创新驱动，打造“巴味渝珍”“酉阳800”等区域公用品牌。目前，重庆已培育形成奉节脐橙、涪陵榨菜、巫山脆李等10条百亿级生态特色产业链，上线运行“产业大脑”10个，建成未来农（牧、渔）场20个，2025年全市食品及农产品加工产值达3793亿元。
此外，重庆坚持筑牢粮食安全根基，全市413万亩高标准农田建设项目图斑完成智能质检，推广“稻+”“粮菜”复合经营模式；深化联农带农机制，建成三级农村合作经济组织联合会399个、乡镇覆盖率达64.5%，规范发展强村公司1859家，集体经济组织村均收入达62.91万元。产业兴旺带动农民增收，2025年，重庆农村居民人均可支配收入达23448元，越来越多村民实现家门口就业、稳定增收。
善治善为聚民心，涵养乡村文明新风尚
干净整洁的村容村貌、丰富多彩的文化活动、和谐友善的邻里关系……漫步巴渝大地的田间地头，处处都能感受到扑面而来的文明新风。
党建引领强根基。重庆实施“头雁领航·强村富民”工程，常态化选派驻村第一书记和乡村振兴工作指导员，健全县乡村三级联动治理机制，全覆盖建立3万个农村网格党组织。
数字赋能提效能。依托智慧乡村建设，重庆推动政务服务、民生保障、环境监测等服务下沉乡村，数智化应用场景“小院家”覆盖564个乡镇，让村民足不出户即可办理社保缴费、政策咨询、农产品销售。
文化赋能润乡风。重庆深挖巴渝文化、三峡文化等特色文化资源，保护传统村落、古民居、非遗技艺，让乡愁有寄托、文化有传承。纵深推动移风易俗，摒弃陈规陋习，倡导文明节俭、邻里互助、向上向善的文明新风。
从人居环境蝶变到特色产业崛起，从基层治理提效到文明乡风形成，重庆通过深入学习运用“千万工程”经验，走出了一条独具特色的乡村全面振兴之路。未来，重庆将深学笃用“千万工程”经验，稳扎稳打、善作善成，不断描绘巴渝和美乡村新画卷，为奋力谱写中国式现代化重庆篇章筑牢乡村根基。
数据来源：重庆市农业农村委员会","# 重庆  学习运用“千万工程”经验  努力描绘巴渝和美乡村画卷

> 《人民日报》（2026年06月25日第 17 版）

在重庆市长寿区邻封镇，万亩柚林深处，农房院落干净整洁，分类垃圾箱有序摆放；在酉阳土家族苗族自治县花田乡，层层梯田稻浪翻滚，田间栈道串联起观景台和民俗体验点……行走于巴渝大地，千村千面皆如画，一步一景留乡愁。

巴山渝水绘新卷，和美乡村入画来。作为集大城市、大农村、大山区、大库区于一体的直辖市，重庆深入学习运用“千万工程”经验，立足山地特色、深耕城乡融合，以绣花功夫提升乡村颜值，以产业思维夯实富民根基，以善治智慧涵养文明乡风，奋力描绘新时代巴渝和美乡村新画卷。2025年，全市提质建设6001个村，巴渝和美乡村建成率达65%。

精雕细琢换新颜，展现生态宜居新风貌

走进石柱土家族自治县桥头镇，农家小院白墙灰瓦，房前屋后花木扶疏、瓜果飘香，昔日小山村变身为和美新家园；在铜梁区围龙镇龙湖村，281户美丽庭院串联成景，黄墙黛瓦的农房与田园风光相映成趣，院坝凉亭点缀其间……

一幕幕生动场景，为重庆打造巴渝和美乡村写下了生动注脚。重庆聚力提升乡村整体风貌，遵循因地制宜、依山就势、显山露水、留住乡愁原则，持续改善人居环境，以“五清理一活动”为抓手，统筹推进农村人居环境整治，农村卫生厕所普及率升至88%，生活垃圾分类行政村覆盖率达83.6%，农村黑臭水体实现全域动态清零。

同时，重庆加快补齐路、水、电、通信、物流“五网”基础设施短板，全市农村自来水普及率达94.6%，农村公路里程达16.8万公里，供电可靠率达99.8%，行政村5G通达率、三级寄递物流节点覆盖率均达100%，农村教育、医疗、养老、文体等设施惠及群众700多万。

多元赋能兴产业，激活强村富民新动能

奉节县脐橙园内，一棵棵橙树孕育丰收希望，奉节脐橙目前综合产值超65亿元，带动30万户果农增收。荣昌区畜牧产业园内，“产业大脑”实时监测养殖全链条，荣昌猪品牌价值达55.95亿元。石柱土家族自治县黄连种植基地里，小小黄连长成百亿级产业，苦药材变成“甜产业”。

产业强则乡村强，产业富则农民富。重庆聚力发展现代生态高效农业，深耕“土特产”文章，强化创新驱动，打造“巴味渝珍”“酉阳800”等区域公用品牌。目前，重庆已培育形成奉节脐橙、涪陵榨菜、巫山脆李等10条百亿级生态特色产业链，上线运行“产业大脑”10个，建成未来农（牧、渔）场20个，2025年全市食品及农产品加工产值达3793亿元。

此外，重庆坚持筑牢粮食安全根基，全市413万亩高标准农田建设项目图斑完成智能质检，推广“稻+”“粮菜”复合经营模式；深化联农带农机制，建成三级农村合作经济组织联合会399个、乡镇覆盖率达64.5%，规范发展强村公司1859家，集体经济组织村均收入达62.91万元。产业兴旺带动农民增收，2025年，重庆农村居民人均可支配收入达23448元，越来越多村民实现家门口就业、稳定增收。

善治善为聚民心，涵养乡村文明新风尚

干净整洁的村容村貌、丰富多彩的文化活动、和谐友善的邻里关系……漫步巴渝大地的田间地头，处处都能感受到扑面而来的文明新风。

党建引领强根基。重庆实施“头雁领航·强村富民”工程，常态化选派驻村第一书记和乡村振兴工作指导员，健全县乡村三级联动治理机制，全覆盖建立3万个农村网格党组织。

数字赋能提效能。依托智慧乡村建设，重庆推动政务服务、民生保障、环境监测等服务下沉乡村，数智化应用场景“小院家”覆盖564个乡镇，让村民足不出户即可办理社保缴费、政策咨询、农产品销售。

文化赋能润乡风。重庆深挖巴渝文化、三峡文化等特色文化资源，保护传统村落、古民居、非遗技艺，让乡愁有寄托、文化有传承。纵深推动移风易俗，摒弃陈规陋习，倡导文明节俭、邻里互助、向上向善的文明新风。

从人居环境蝶变到特色产业崛起，从基层治理提效到文明乡风形成，重庆通过深入学习运用“千万工程”经验，走出了一条独具特色的乡村全面振兴之路。未来，重庆将深学笃用“千万工程”经验，稳扎稳打、善作善成，不断描绘巴渝和美乡村新画卷，为奋力谱写中国式现代化重庆篇章筑牢乡村根基。

数据来源：重庆市农业农村委员会",,国际,,https://paper.people.com.cn/rmrb/pc/content/202606/25/content_30164711.html,2026-06-25,"['乡村', '重庆', '巴渝和美', '产业', '农村', '文明', '乡愁', '乡风', '2025', '强村']","在重庆市长寿区邻封镇，万亩柚林深处，农房院落干净整洁，分类垃圾箱有序摆放；在酉阳土家族苗族自治县花田乡，层层梯田稻浪翻滚，田间栈道串联起观景台和民俗体验点……行走于巴渝大地，千村千面皆如画，一步一景留乡愁。
巴山渝水绘新卷，和美乡村入画来。作为集大城市、大农村、大山区、大库区于一体的直辖市，重庆深入学习运用“千万工程”经验，立足山地特色、深耕城乡融合，以绣花功夫提升乡村颜值，以产业思维夯实富民根基，以善治智慧涵养文明乡风，奋力描绘新时代巴渝和美乡村新画卷。2025年，全市提质建设6001个村，巴渝和美乡村建成率达65%。
精雕细琢换新颜，展现生态宜居新风貌",政治,,,[],data/vault/2026/06/2026-06-25/17-国际/重庆 学习运用“千万工程”经验 努力描绘巴渝和美乡村画卷.md,17,国际
从暑期消费看文旅市场新活力（商海观潮）,"蝉鸣夏季，暑期消费升温。最近旅游平台发布的暑期出游预测数据显示，截至今年6月中旬，暑假旅游产品预订出游人次较去年同期增长20%，境内游预订增长更明显，预订出游人次较去年同期增长超30%，旅游消费市场延续今年以来的火热场面，即将迎来新一轮热浪。
这一现象也从宏观数据中得到印证：国家统计局近日发布的数据显示，1—5月份，社会消费商品和服务零售总额同比增长2.8%，其中服务零售额增长5.4%，明显高于商品零售额增速，旅游服务、文体休闲服务等接触型、体验型服务消费尤为凸显。
透过暑期消费这扇窗，看到消费结构升级趋势，服务消费正加速向体验化、品质化、个性化跃升。
体验感成为暑期消费的重要考量因素。消费者告别“走马观花”的打卡式观光，更注重追求有温度、个性化、沉浸式的体验。研学游、影视IP游、文博游、非遗体验游等主题化、场景化游玩持续走热，消费者乐于在深度体验和情绪共鸣中获得满足。旅途中，一程历史主题类的“City Walk（城市漫步）”，让你重新认识身边不一样的城市，在老街转角处，又不经意遇上一场小型街边音乐会，这样的感受不再是“出行抵达”，而是一段值得回味的城市记忆；开启一段非遗主题之旅，亲手制作徽墨、参与扎染、学习苗银锻造，在匠人指导下完成一件专属非遗作品，不仅能探寻技艺传承，更能找到深度的文化享受。
体验式消费天然具有社交属性。体验式消费的兴起，契合当下年轻消费群体对社交认同与情绪价值的需求。消费者通过拍照、录视频、写笔记等方式即时记录，并在社交平台分享真实感受与独特视角，带动更多人打卡体验、参与传播。平台统计显示，年轻消费者更倾向于借助社交平台筛选目的地和规划行程，结合个人兴趣喜好，自主规划个性化旅行方案。从这个角度来说，体验式消费正驱动消费行为从“被动接收”转向“主动共创”，让消费过程更具传播和社交功能。
消费场景创新激发更多需求。不同于商品消费，服务消费更需要营造沉浸式的消费环境，让消费者不仅愿意来，更愿意停下来亲身体验、深度参与。最近北京又开放了一批“微风露台”，市民和游客在露台上可以远眺中轴线风光，品咖啡、听音乐、参与露天手作市集；不少地方结合城市更新改造，将老旧厂房、历史街区活化为新型消费场景，为游客提供独具特色的消费体验。这些场景创新实践既丰富了优质文旅供给，也为市场注入新活力。
暑期消费构成了夏日经济的生动景象。透过这个生动的场景，可以看到中国经济的韧性与活力，也能感受到消费加速转型升级的趋势。把握暑期消费窗口期，持续优化供给、创新场景、提升服务，就能更好地释放消费潜力，创造更具“体验感”的消费新生活。","# 从暑期消费看文旅市场新活力（商海观潮）

> 欧阳洁《人民日报》（2026年06月25日第 18 版）

蝉鸣夏季，暑期消费升温。最近旅游平台发布的暑期出游预测数据显示，截至今年6月中旬，暑假旅游产品预订出游人次较去年同期增长20%，境内游预订增长更明显，预订出游人次较去年同期增长超30%，旅游消费市场延续今年以来的火热场面，即将迎来新一轮热浪。

这一现象也从宏观数据中得到印证：国家统计局近日发布的数据显示，1—5月份，社会消费商品和服务零售总额同比增长2.8%，其中服务零售额增长5.4%，明显高于商品零售额增速，旅游服务、文体休闲服务等接触型、体验型服务消费尤为凸显。

透过暑期消费这扇窗，看到消费结构升级趋势，服务消费正加速向体验化、品质化、个性化跃升。

体验感成为暑期消费的重要考量因素。消费者告别“走马观花”的打卡式观光，更注重追求有温度、个性化、沉浸式的体验。研学游、影视IP游、文博游、非遗体验游等主题化、场景化游玩持续走热，消费者乐于在深度体验和情绪共鸣中获得满足。旅途中，一程历史主题类的“City Walk（城市漫步）”，让你重新认识身边不一样的城市，在老街转角处，又不经意遇上一场小型街边音乐会，这样的感受不再是“出行抵达”，而是一段值得回味的城市记忆；开启一段非遗主题之旅，亲手制作徽墨、参与扎染、学习苗银锻造，在匠人指导下完成一件专属非遗作品，不仅能探寻技艺传承，更能找到深度的文化享受。

体验式消费天然具有社交属性。体验式消费的兴起，契合当下年轻消费群体对社交认同与情绪价值的需求。消费者通过拍照、录视频、写笔记等方式即时记录，并在社交平台分享真实感受与独特视角，带动更多人打卡体验、参与传播。平台统计显示，年轻消费者更倾向于借助社交平台筛选目的地和规划行程，结合个人兴趣喜好，自主规划个性化旅行方案。从这个角度来说，体验式消费正驱动消费行为从“被动接收”转向“主动共创”，让消费过程更具传播和社交功能。

消费场景创新激发更多需求。不同于商品消费，服务消费更需要营造沉浸式的消费环境，让消费者不仅愿意来，更愿意停下来亲身体验、深度参与。最近北京又开放了一批“微风露台”，市民和游客在露台上可以远眺中轴线风光，品咖啡、听音乐、参与露天手作市集；不少地方结合城市更新改造，将老旧厂房、历史街区活化为新型消费场景，为游客提供独具特色的消费体验。这些场景创新实践既丰富了优质文旅供给，也为市场注入新活力。

暑期消费构成了夏日经济的生动景象。透过这个生动的场景，可以看到中国经济的韧性与活力，也能感受到消费加速转型升级的趋势。把握暑期消费窗口期，持续优化供给、创新场景、提升服务，就能更好地释放消费潜力，创造更具“体验感”的消费新生活。",欧阳洁,消费,,https://paper.people.com.cn/rmrb/pc/content/202606/25/content_30164713.html,2026-06-25,"['消费', '暑期', '体验', '场景', '社交', '服务', '非遗', '体验式', '消费者', '出游']","蝉鸣夏季，暑期消费升温。最近旅游平台发布的暑期出游预测数据显示，截至今年6月中旬，暑假旅游产品预订出游人次较去年同期增长20%，境内游预订增长更明显，预订出游人次较去年同期增长超30%，旅游消费市场延续今年以来的火热场面，即将迎来新一轮热浪。
这一现象也从宏观数据中得到印证：国家统计局近日发布的数据显示，1—5月份，社会消费商品和服务零售总额同比增长2.8%，其中服务零售额增长5.4%，明显高于商品零售额增速，旅游服务、文体休闲服务等接触型、体验型服务消费尤为凸显。
透过暑期消费这扇窗，看到消费结构升级趋势，服务消费正加速向体验化、品质化、个性化跃升。",政治,,,[],data/vault/2026/06/2026-06-25/18-消费/从暑期消费看文旅市场新活力（商海观潮）.md,18,消费
陶瓷百变出圈路（看中国好物七十二变）,"一捧瓷土，万千匠心。
陶瓷，镌刻千年底蕴的中国文化名片。曾经，多以艺术瓷、礼瓷亮相柜中案头，受众圈层有限。如今在时代的塑造下摇身一变，化身文创挂件、衣物配饰、精美首饰、科技陶瓷等日常用品、网红潮品，实现年轻化、时代化表达。
江西景德镇被誉为“千年瓷都”，这里的陶瓷融合传统与现代，呈现千姿百态，成为观察中国陶瓷向新向优的一个窗口。2025年，景德镇陶瓷产业迎来里程碑式突破，陶瓷产业总产值突破千亿元大关，达1027亿元，增长9.3%。
千年技艺融合潮流文化、当代审美，绽放新的生命力
景德镇陶瓷引人注目的转型，莫过于将传统陶瓷从精美的“工艺品”转变为具有市场影响力的文创潮玩，实现群体下沉与扩容。
“景漂”，为景德镇陶瓷注入更多可能性的群体，90后女孩王旭便是其中一位。2024年研究生毕业后，她便留在景德镇，创立了蒙正手造工作室。
在珠山区“景漂之家”初见，王旭脖子上佩戴了一款绘有八宝纹饰的正方体青花陶瓷挂件。在其线上和线下的商铺中，则能见到更多几何体状的配饰，素雅的青花、梦幻的梵高星空等元素，通过创意设计，融进项链、耳环和戒指等配饰之中。
“现在消费者的审美标准不断提高，市场竞争愈发激烈，就要做出有门槛的产品来。”提起做小型几何体首饰的初衷，王旭说，一方面，几何体的形状比较特别，能够吸引眼球；另一方面，像项链这类正方体首饰，由于个头小且是中空的，对绘画要求更精细，成功烧制的难度更高。
在形状上做出差异来，更要在工艺和审美上下功夫，追求精致。“最近，我们将金属银与陶瓷饰品相结合，产品受到不少消费者喜欢。推出来后，每月营业收入相比之前增加了近一倍，高品质实现了高价值。”王旭说。
如果说陶瓷首饰拉近着与消费者的距离，那么与知名潮玩IP和国际品牌联动推出潮玩和文创，则拓宽着陶瓷潮玩出圈的渠道。
在潮玩市场上，一款Molly陶瓷玩偶成为潮玩与陶瓷跨界融合的生动注脚——陶瓷版Molly上线仅2秒，4万套订单便被抢购一空；限量款Molly，运用景德镇传统扒花工艺，全球限量199个，上线即告售罄。
生产这款玩偶的企业是位于景德镇昌南新区的辰天陶瓷有限公司，也是泡泡玛特唯一的陶瓷联名合作企业，创新运用扒花、珐琅、描金、郎红等陶瓷非遗技艺设计潮玩新品。
“2022年，我们与泡泡玛特尝试合作开发陶瓷版Molly，这次跨界合作并不容易。”辰天陶瓷总经理许婉回忆，由于“头重脚轻”，高温烧制时极易塌陷，再加上扒花工艺对坯体要求高，2000个产品最终成品率仅有10%，历经两年试验、20多次打样，“前期开发时没有收取任何费用，最终双方通过不断在设计上沟通和工艺上调整，成功烧制。”
企业凭借这份诚意和实力成为泡泡玛特的长期合作伙伴，也收到了许多其他潮玩IP的定制订单，例如浪浪山小妖怪、迪士尼等IP。许婉介绍，预计今年企业的产值能超5000万元。
在景德闲云居陶瓷文化有限公司，水杯、摆盘等一个个精美的陶瓷文创诉说着千年陶瓷的当代活力。其中，一款与英国知名设计师罗宾·列文合作开发生产的莫比乌斯杯，因流畅的线条设计与极简的美学质感备受客户青睐，成为文创产品的热销品。2024年7月上市后，已累计销售700多万元。
企业董事长段建平介绍，罗宾·列文被景德镇陶瓷工艺的深厚历史底蕴吸引而来，这也充分证明了景德镇瓷器的发展要坚持守正创新，文创不仅是产品创新，更是一种文化传承的当代路径。千年技艺的积淀，正通过与潮流文化、当代审美相结合，绽放新的生命力。
新质生产力赋能，陶瓷产品迈向高端化、多元化
手工的温度传递着景德镇陶瓷的历史厚度，新质生产力的发展也极大丰富了陶瓷产品的形态和应用场景。
推平粉末、依据空间坐标精准喷墨，如此循环往复，大约20个小时后，喷墨处就像一层一层堆叠积木一样，“搭”出了一个立体陶瓷坯。在微瓷科技（江西）有限公司生产车间内，工业级陶瓷3D打印机运作的场景不断上演。
作为陶瓷3D打印创新研发与智造企业，微瓷科技依托新型材料与创新工艺，深耕陶瓷增材制造领域，打破传统陶瓷创作与生产的局限。企业展厅里，各类不规则形状的精美陶瓷制品琳琅满目，镂空造型、复杂内腔、异形夹层等复杂结构完美呈现，生动展示了3D打印对于陶瓷产品形态的全新塑造。
微瓷科技负责人方涛介绍，企业的技术脱胎于沙型3D打印工艺，复杂结构成形能力突出，像雪花状的拼接屏风、仿古九龙壁这类高难度拼接陶瓷艺术品都能实现高精度拼接成形，而传统工艺和挤出式3D打印的落地难度极高。
传统陶瓷制作，烧制时会存在15%的收缩，从做坯到成品，对工艺要求都很高。“工业级陶瓷3D打印能比较好克服这些问题。”方涛说，操作人员只要有三维建模图就能产出陶瓷坯体，大幅降低陶瓷个性化定制的生产门槛，在装饰瓷砖、高端家居、精密陶瓷配件等领域市场空间广阔。目前企业已与全球厨卫经典品牌进行了深度合作，正稳步推进商业化。
将前沿3D打印技术与千年陶瓷文化相融共生，用科技赋能传统产业革新，陶瓷产品正迎来全新面貌。在方涛看来，3D打印和传统陶瓷是差异化互补的关系，传统陶瓷主打经典手工审美，3D打印主打个性化、复杂结构定制。
除了成为艺术品、装饰品，一种被称为先进陶瓷的产品还被广泛应用于通信电子和新能源等领域。先进陶瓷又称工业陶瓷、特种陶瓷、高科技陶瓷，具有低能耗低物耗、高科技高附加值的特点，是支撑新兴产业发展的关键材料。
在江西山海纳微电子材料有限公司的生产车间里，一根根长管形状的先进陶瓷材料——靶材不断下线。“我们的手机、电视屏幕里就有先进陶瓷的应用。”企业负责人李俊涛介绍，不同成分的陶瓷靶材有不同的性能，可以用在透明导电、绝缘、光学、磁存储等不同应用场景之中，满足客户不同技术路线和品质要求。
将先进陶瓷用在日用瓷之中，则可以提升瓷器抗摔打性能。许婉介绍，有的企业在定制瓷器礼品时，会特地要求耐摔，企业也会将先进陶瓷材料用于素坯制作。
2021年以来，景德镇把先进陶瓷作为产业突围的主攻方向，聚焦通信电子、新能源、航空航天、生物医疗等应用领域，全力拓展先进陶瓷产业新赛道，先进陶瓷产值占比达34%。
从日用摆件到高新材料，寻常瓷器依托材料革新完成跨界蜕变，新质生产力的发展，正持续推动陶瓷产品迈向高端化、多元化。
“陶瓷+”模式延伸业态、拓宽场景，丰富陶瓷好物内涵
纵观当下消费市场，业态融合已成趋势。景德镇的陶瓷产品也正以“陶瓷+”模式延伸业态、拓宽场景、放大价值，不断丰富陶瓷作为好物的时代内涵。
在景德镇御窑博物院，一组被网友称为“岁岁鸭”的瓷器成了新晋网红。
“岁岁鸭”原型为明成化素三彩鸭形香薰，伸颈昂首、尾巴上翘，有绿、黄、紫3种主要颜色，工艺精巧。御窑博物院院长翁彦俊介绍，500多年前，它原是景德镇明代御窑厂的皇家订单，却因细微瑕疵无缘皇室御用，被击碎后深埋地下。
谈及要打造“岁岁鸭”IP的初衷时，翁彦俊说，近些年国潮成为年轻人的审美主流，依托文物原型打造IP、潮玩文创能拉近大众与古陶瓷文化的距离，让年轻人从喜爱文创开始，主动深入了解御窑历史与陶瓷文物知识，“‘岁岁鸭’原型的经历，刚好与当下年轻人自我调侃、治愈内耗、寻求温暖陪伴的情感需求相吻合，具备成为网红IP的气质。”
2024年2月，御窑博物院推出“岁岁鸭”IP，一经发布，便受到广泛关注。同年年底，御窑博物院举办“岁岁鸭和TA的朋友们”专项大赛，吸引了1万多名参赛者，用创意设计与开发，为御窑博物院里的陶瓷好物拓宽活化传承的路径。
如今，御窑博物院根据出土的6只素三彩鸭形香薰开发了6款不同性格的IP形象，组成“岁岁鸭”家族，相关衍生文创占御窑博物院文创种类的五成。今年“五一”假期，御窑博物院文创产品销量同比增长47%，59元的龙珠阁岁岁鸭手持镜、69元的岁岁鸭“转转”深受欢迎。“岁岁鸭”IP不仅让御窑博物院汇聚流量，更成为景德镇的知名IP。
除了“陶瓷+IP”赋能千年瓷韵，“陶瓷+场景”也以沉浸式体验开辟消费新赛道，让陶瓷因融入生活、社交而更具价值。
在景德镇三宝村的一个山谷中，当夜幕降临，沿山谷铺陈的5000多盏玲珑瓷灯亮起，从空中俯瞰宛如星河。在温柔的暖色灯光下，有人品茗读书，有人享受美食，光影流转间，瓷韵与烟火相融、艺术与生活共生。这是玉柏瓷业有限公司用玲珑瓷打造的沉浸式消费场景——玲珑夜宴。
玉柏瓷业是专注玲珑瓷品类的陶瓷生产企业，近年来，不断探索跳出货架售卖的单一形态，联动餐饮、茶产业、文旅行业，打造线下体验场景，向高品质高价值攀升。
出现这样的转变，源于企业多年来的观察。玉柏瓷业总经理李辉丰说，一段时间以来，行业跟风热门品类，导致陶瓷产品同质化竞争严重，企业寻找新的发展逻辑迫在眉睫，“我们看到有些陶瓷企业，紧紧围绕目标客户群体痛点，与家居生活很好结合，很有启发。”
于是，企业的思维也由关注“器物”转向关注“人”和“场景”，锚定精准客群，明确品牌定位与审美取向，筛选适配自身调性的客户，打造差异化品牌标签。
“打造玲珑夜宴是我们立足自身品牌定位的成功实践。”李辉丰说，当下年轻消费者偏爱打卡、拍照、社交分享，玲珑夜宴场景兼具用餐、打卡属性，让用户在场景中感受玲珑瓷艺术，才能让这类传统瓷器更好走入年轻人日常生活。","### 从御窑贡品到日常用品、网红潮品

# 陶瓷百变出圈路（看中国好物七十二变）

> 本报记者  王东辉  周  欢《人民日报》（2026年06月25日第 18 版）

一捧瓷土，万千匠心。

陶瓷，镌刻千年底蕴的中国文化名片。曾经，多以艺术瓷、礼瓷亮相柜中案头，受众圈层有限。如今在时代的塑造下摇身一变，化身文创挂件、衣物配饰、精美首饰、科技陶瓷等日常用品、网红潮品，实现年轻化、时代化表达。

江西景德镇被誉为“千年瓷都”，这里的陶瓷融合传统与现代，呈现千姿百态，成为观察中国陶瓷向新向优的一个窗口。2025年，景德镇陶瓷产业迎来里程碑式突破，陶瓷产业总产值突破千亿元大关，达1027亿元，增长9.3%。

千年技艺融合潮流文化、当代审美，绽放新的生命力

景德镇陶瓷引人注目的转型，莫过于将传统陶瓷从精美的“工艺品”转变为具有市场影响力的文创潮玩，实现群体下沉与扩容。

“景漂”，为景德镇陶瓷注入更多可能性的群体，90后女孩王旭便是其中一位。2024年研究生毕业后，她便留在景德镇，创立了蒙正手造工作室。

在珠山区“景漂之家”初见，王旭脖子上佩戴了一款绘有八宝纹饰的正方体青花陶瓷挂件。在其线上和线下的商铺中，则能见到更多几何体状的配饰，素雅的青花、梦幻的梵高星空等元素，通过创意设计，融进项链、耳环和戒指等配饰之中。

“现在消费者的审美标准不断提高，市场竞争愈发激烈，就要做出有门槛的产品来。”提起做小型几何体首饰的初衷，王旭说，一方面，几何体的形状比较特别，能够吸引眼球；另一方面，像项链这类正方体首饰，由于个头小且是中空的，对绘画要求更精细，成功烧制的难度更高。

在形状上做出差异来，更要在工艺和审美上下功夫，追求精致。“最近，我们将金属银与陶瓷饰品相结合，产品受到不少消费者喜欢。推出来后，每月营业收入相比之前增加了近一倍，高品质实现了高价值。”王旭说。

如果说陶瓷首饰拉近着与消费者的距离，那么与知名潮玩IP和国际品牌联动推出潮玩和文创，则拓宽着陶瓷潮玩出圈的渠道。

在潮玩市场上，一款Molly陶瓷玩偶成为潮玩与陶瓷跨界融合的生动注脚——陶瓷版Molly上线仅2秒，4万套订单便被抢购一空；限量款Molly，运用景德镇传统扒花工艺，全球限量199个，上线即告售罄。

生产这款玩偶的企业是位于景德镇昌南新区的辰天陶瓷有限公司，也是泡泡玛特唯一的陶瓷联名合作企业，创新运用扒花、珐琅、描金、郎红等陶瓷非遗技艺设计潮玩新品。

“2022年，我们与泡泡玛特尝试合作开发陶瓷版Molly，这次跨界合作并不容易。”辰天陶瓷总经理许婉回忆，由于“头重脚轻”，高温烧制时极易塌陷，再加上扒花工艺对坯体要求高，2000个产品最终成品率仅有10%，历经两年试验、20多次打样，“前期开发时没有收取任何费用，最终双方通过不断在设计上沟通和工艺上调整，成功烧制。”

企业凭借这份诚意和实力成为泡泡玛特的长期合作伙伴，也收到了许多其他潮玩IP的定制订单，例如浪浪山小妖怪、迪士尼等IP。许婉介绍，预计今年企业的产值能超5000万元。

在景德闲云居陶瓷文化有限公司，水杯、摆盘等一个个精美的陶瓷文创诉说着千年陶瓷的当代活力。其中，一款与英国知名设计师罗宾·列文合作开发生产的莫比乌斯杯，因流畅的线条设计与极简的美学质感备受客户青睐，成为文创产品的热销品。2024年7月上市后，已累计销售700多万元。

企业董事长段建平介绍，罗宾·列文被景德镇陶瓷工艺的深厚历史底蕴吸引而来，这也充分证明了景德镇瓷器的发展要坚持守正创新，文创不仅是产品创新，更是一种文化传承的当代路径。千年技艺的积淀，正通过与潮流文化、当代审美相结合，绽放新的生命力。

新质生产力赋能，陶瓷产品迈向高端化、多元化

手工的温度传递着景德镇陶瓷的历史厚度，新质生产力的发展也极大丰富了陶瓷产品的形态和应用场景。

推平粉末、依据空间坐标精准喷墨，如此循环往复，大约20个小时后，喷墨处就像一层一层堆叠积木一样，“搭”出了一个立体陶瓷坯。在微瓷科技（江西）有限公司生产车间内，工业级陶瓷3D打印机运作的场景不断上演。

作为陶瓷3D打印创新研发与智造企业，微瓷科技依托新型材料与创新工艺，深耕陶瓷增材制造领域，打破传统陶瓷创作与生产的局限。企业展厅里，各类不规则形状的精美陶瓷制品琳琅满目，镂空造型、复杂内腔、异形夹层等复杂结构完美呈现，生动展示了3D打印对于陶瓷产品形态的全新塑造。

微瓷科技负责人方涛介绍，企业的技术脱胎于沙型3D打印工艺，复杂结构成形能力突出，像雪花状的拼接屏风、仿古九龙壁这类高难度拼接陶瓷艺术品都能实现高精度拼接成形，而传统工艺和挤出式3D打印的落地难度极高。

传统陶瓷制作，烧制时会存在15%的收缩，从做坯到成品，对工艺要求都很高。“工业级陶瓷3D打印能比较好克服这些问题。”方涛说，操作人员只要有三维建模图就能产出陶瓷坯体，大幅降低陶瓷个性化定制的生产门槛，在装饰瓷砖、高端家居、精密陶瓷配件等领域市场空间广阔。目前企业已与全球厨卫经典品牌进行了深度合作，正稳步推进商业化。

将前沿3D打印技术与千年陶瓷文化相融共生，用科技赋能传统产业革新，陶瓷产品正迎来全新面貌。在方涛看来，3D打印和传统陶瓷是差异化互补的关系，传统陶瓷主打经典手工审美，3D打印主打个性化、复杂结构定制。

除了成为艺术品、装饰品，一种被称为先进陶瓷的产品还被广泛应用于通信电子和新能源等领域。先进陶瓷又称工业陶瓷、特种陶瓷、高科技陶瓷，具有低能耗低物耗、高科技高附加值的特点，是支撑新兴产业发展的关键材料。

在江西山海纳微电子材料有限公司的生产车间里，一根根长管形状的先进陶瓷材料——靶材不断下线。“我们的手机、电视屏幕里就有先进陶瓷的应用。”企业负责人李俊涛介绍，不同成分的陶瓷靶材有不同的性能，可以用在透明导电、绝缘、光学、磁存储等不同应用场景之中，满足客户不同技术路线和品质要求。

将先进陶瓷用在日用瓷之中，则可以提升瓷器抗摔打性能。许婉介绍，有的企业在定制瓷器礼品时，会特地要求耐摔，企业也会将先进陶瓷材料用于素坯制作。

2021年以来，景德镇把先进陶瓷作为产业突围的主攻方向，聚焦通信电子、新能源、航空航天、生物医疗等应用领域，全力拓展先进陶瓷产业新赛道，先进陶瓷产值占比达34%。

从日用摆件到高新材料，寻常瓷器依托材料革新完成跨界蜕变，新质生产力的发展，正持续推动陶瓷产品迈向高端化、多元化。

“陶瓷+”模式延伸业态、拓宽场景，丰富陶瓷好物内涵

纵观当下消费市场，业态融合已成趋势。景德镇的陶瓷产品也正以“陶瓷+”模式延伸业态、拓宽场景、放大价值，不断丰富陶瓷作为好物的时代内涵。

在景德镇御窑博物院，一组被网友称为“岁岁鸭”的瓷器成了新晋网红。

“岁岁鸭”原型为明成化素三彩鸭形香薰，伸颈昂首、尾巴上翘，有绿、黄、紫3种主要颜色，工艺精巧。御窑博物院院长翁彦俊介绍，500多年前，它原是景德镇明代御窑厂的皇家订单，却因细微瑕疵无缘皇室御用，被击碎后深埋地下。

谈及要打造“岁岁鸭”IP的初衷时，翁彦俊说，近些年国潮成为年轻人的审美主流，依托文物原型打造IP、潮玩文创能拉近大众与古陶瓷文化的距离，让年轻人从喜爱文创开始，主动深入了解御窑历史与陶瓷文物知识，“‘岁岁鸭’原型的经历，刚好与当下年轻人自我调侃、治愈内耗、寻求温暖陪伴的情感需求相吻合，具备成为网红IP的气质。”

2024年2月，御窑博物院推出“岁岁鸭”IP，一经发布，便受到广泛关注。同年年底，御窑博物院举办“岁岁鸭和TA的朋友们”专项大赛，吸引了1万多名参赛者，用创意设计与开发，为御窑博物院里的陶瓷好物拓宽活化传承的路径。

如今，御窑博物院根据出土的6只素三彩鸭形香薰开发了6款不同性格的IP形象，组成“岁岁鸭”家族，相关衍生文创占御窑博物院文创种类的五成。今年“五一”假期，御窑博物院文创产品销量同比增长47%，59元的龙珠阁岁岁鸭手持镜、69元的岁岁鸭“转转”深受欢迎。“岁岁鸭”IP不仅让御窑博物院汇聚流量，更成为景德镇的知名IP。

除了“陶瓷+IP”赋能千年瓷韵，“陶瓷+场景”也以沉浸式体验开辟消费新赛道，让陶瓷因融入生活、社交而更具价值。

在景德镇三宝村的一个山谷中，当夜幕降临，沿山谷铺陈的5000多盏玲珑瓷灯亮起，从空中俯瞰宛如星河。在温柔的暖色灯光下，有人品茗读书，有人享受美食，光影流转间，瓷韵与烟火相融、艺术与生活共生。这是玉柏瓷业有限公司用玲珑瓷打造的沉浸式消费场景——玲珑夜宴。

玉柏瓷业是专注玲珑瓷品类的陶瓷生产企业，近年来，不断探索跳出货架售卖的单一形态，联动餐饮、茶产业、文旅行业，打造线下体验场景，向高品质高价值攀升。

出现这样的转变，源于企业多年来的观察。玉柏瓷业总经理李辉丰说，一段时间以来，行业跟风热门品类，导致陶瓷产品同质化竞争严重，企业寻找新的发展逻辑迫在眉睫，“我们看到有些陶瓷企业，紧紧围绕目标客户群体痛点，与家居生活很好结合，很有启发。”

于是，企业的思维也由关注“器物”转向关注“人”和“场景”，锚定精准客群，明确品牌定位与审美取向，筛选适配自身调性的客户，打造差异化品牌标签。

“打造玲珑夜宴是我们立足自身品牌定位的成功实践。”李辉丰说，当下年轻消费者偏爱打卡、拍照、社交分享，玲珑夜宴场景兼具用餐、打卡属性，让用户在场景中感受玲珑瓷艺术，才能让这类传统瓷器更好走入年轻人日常生活。",王东辉  周  欢,消费,,https://paper.people.com.cn/rmrb/pc/content/202606/25/content_30164714.html,2026-06-25,"['陶瓷', '景德镇', 'IP', '御窑', '3D', '文创', '博物院', '场景', '陶瓷产品', '企业']","一捧瓷土，万千匠心。
陶瓷，镌刻千年底蕴的中国文化名片。曾经，多以艺术瓷、礼瓷亮相柜中案头，受众圈层有限。如今在时代的塑造下摇身一变，化身文创挂件、衣物配饰、精美首饰、科技陶瓷等日常用品、网红潮品，实现年轻化、时代化表达。
江西景德镇被誉为“千年瓷都”，这里的陶瓷融合传统与现代，呈现千姿百态，成为观察中国陶瓷向新向优的一个窗口。2025年，景德镇陶瓷产业迎来里程碑式突破，陶瓷产业总产值突破千亿元大关，达1027亿元，增长9.3%。",经济,,,[],data/vault/2026/06/2026-06-25/18-消费/陶瓷百变出圈路（看中国好物七十二变）.md,18,消费
“潮”到今天的明珐华彩梅瓶（文物里的潮生活）,"“南海奇珍”系列首饰。
“南海奇珍”系列首饰。
珐华彩孔雀绿釉莲池纹梅瓶。以上图片均为中国（海南）南海博物馆提供
珐华彩孔雀绿釉莲池纹梅瓶。
以上图片均为中国（海南）南海博物馆提供
中国（海南）南海博物馆六号展厅里，一束灯光打在一个梅瓶上。大面积孔雀绿釉铺底，莲花与黄色花蕊嵌在其间，深色枝叶穿插缠绕，凸起的纹饰从瓶身浮出来。
这个明代珐华彩孔雀绿釉莲池纹梅瓶，出水于南海西北陆坡一号沉船遗址，海底深度约1500米。约16世纪初，满载珐华器、瓷器和金属器的商船从中国南部沿海出发，不久后遭遇意外沉没。2023年5月至2024年6月，国家文物局考古研究中心、中国科学院深海科学与工程研究所和中国（海南）南海博物馆联合组队对遗址展开调查，出水文物近千件。该遗址入选2023年度全国十大考古新发现。深海低温低氧的环境，让其中珐华器的釉色至今鲜亮如初。
珐华，又称“珐花”“法华”。它创烧于元代山西，最初借鉴建筑琉璃工艺，以陶土为胎。到了明代中期，景德镇匠人将陶胎换成瓷胎，釉色更加通透莹润，把这门手艺推到了顶峰。清乾隆以后，珐华几乎绝迹，传世量极少。近现代学者许之衡在《饮流斋说瓷》中形容珐华的颜色：“蓝如深色宝石之蓝，紫如深色紫晶之紫，黄如透亮之金珀。”寥寥数语，道出了它的华贵气质。
这般华贵的釉色，是怎么做出来的？蛋糕裱花师或许会对这套工艺感到熟悉：裱花袋捏在手里，细管嘴贴着蛋糕表面，沿着轮廓匀速走线，奶油一圈圈隆起，一朵立体的花便成了形。500多年前的瓷器匠人用的是相似的流程，只不过用的是调好的瓷土浆，走线的表面是素面瓶身。高温烧制后在凹陷处填入蓝、黄、白等色釉，入窑二次低温烧制，成品用手触摸，凹、平、凸三层分明，带着浮雕的立体质感。这门技法叫“沥粉”，也叫“立粉”，正是珐华彩瓷器的看家本领。
中国（海南）南海博物馆馆长辛礼学介绍，此次出水的部分珐华器表面出现了在主体纹饰上贴饰金箔的工艺，这在以往珐华器研究中较为罕见，制作水准极高。
从展厅出来，不少游客径直拐进博物馆文创区。此次展出的珐华彩梅瓶共3件，形态各异，都成了文创开发的对象。
货架上，一组“南海奇珍”系列首饰正吸引观众试戴。设计团队从珐华彩孔雀绿釉莲池纹梅瓶的轮廓、釉色和莲纹中提取元素，结合贝母的天然光泽与冷珐琅工艺，打造出项链、手链、耳饰、胸针……这套首饰在2024年海南省第九届旅游商品大赛中获得金奖。
3个梅瓶与素三彩执壶的造型一起做成了树脂冰箱贴，贴上冰箱门，一组微缩的“深蓝宝藏”就在厨房安了家。“文物从展柜走进书包、贴上冰箱，才算真正走进了日常。”博物馆工作人员说。
2025年，中国（海南）南海博物馆与海口美兰国际机场合作，将“深蓝宝藏”特展宣传展示区搬进航站楼。3件珐华彩梅瓶复仿制品和配套文创立在候机厅的玻璃展柜中，候机的旅客走几步就能看到。“很方便，喜欢人文历史的旅客用不着专程跑一趟博物馆，在机场就可以了解到海上丝绸之路的往事。”来自四川的旅客林浩明说。
近年来，中国传统色重新进入年轻人的审美视野。社交平台上，“月白”“海天霞”等频繁出现在穿搭和家居分享中。明代窑工调配出的那一抹色彩，经由深海打捞、考古修复、文创转化，正以首饰和日用品的样貌，重新回到当代人的生活里。
500多年前，梅瓶作为海上丝绸之路的贸易商品从景德镇出发，准备漂洋过海；500多年后，它以吊坠、冰箱贴的面貌重新上路。流通的载体变了，器物走进生活的目的没有变。","### 走近中国（海南）南海博物馆深海文物特展

# “潮”到今天的明珐华彩梅瓶（文物里的潮生活）

> 本报记者  孙海天《人民日报》（2026年06月25日第 18 版）

“南海奇珍”系列首饰。

“南海奇珍”系列首饰。

珐华彩孔雀绿釉莲池纹梅瓶。　　以上图片均为中国（海南）南海博物馆提供

珐华彩孔雀绿釉莲池纹梅瓶。

以上图片均为中国（海南）南海博物馆提供

中国（海南）南海博物馆六号展厅里，一束灯光打在一个梅瓶上。大面积孔雀绿釉铺底，莲花与黄色花蕊嵌在其间，深色枝叶穿插缠绕，凸起的纹饰从瓶身浮出来。

这个明代珐华彩孔雀绿釉莲池纹梅瓶，出水于南海西北陆坡一号沉船遗址，海底深度约1500米。约16世纪初，满载珐华器、瓷器和金属器的商船从中国南部沿海出发，不久后遭遇意外沉没。2023年5月至2024年6月，国家文物局考古研究中心、中国科学院深海科学与工程研究所和中国（海南）南海博物馆联合组队对遗址展开调查，出水文物近千件。该遗址入选2023年度全国十大考古新发现。深海低温低氧的环境，让其中珐华器的釉色至今鲜亮如初。

珐华，又称“珐花”“法华”。它创烧于元代山西，最初借鉴建筑琉璃工艺，以陶土为胎。到了明代中期，景德镇匠人将陶胎换成瓷胎，釉色更加通透莹润，把这门手艺推到了顶峰。清乾隆以后，珐华几乎绝迹，传世量极少。近现代学者许之衡在《饮流斋说瓷》中形容珐华的颜色：“蓝如深色宝石之蓝，紫如深色紫晶之紫，黄如透亮之金珀。”寥寥数语，道出了它的华贵气质。

这般华贵的釉色，是怎么做出来的？蛋糕裱花师或许会对这套工艺感到熟悉：裱花袋捏在手里，细管嘴贴着蛋糕表面，沿着轮廓匀速走线，奶油一圈圈隆起，一朵立体的花便成了形。500多年前的瓷器匠人用的是相似的流程，只不过用的是调好的瓷土浆，走线的表面是素面瓶身。高温烧制后在凹陷处填入蓝、黄、白等色釉，入窑二次低温烧制，成品用手触摸，凹、平、凸三层分明，带着浮雕的立体质感。这门技法叫“沥粉”，也叫“立粉”，正是珐华彩瓷器的看家本领。

中国（海南）南海博物馆馆长辛礼学介绍，此次出水的部分珐华器表面出现了在主体纹饰上贴饰金箔的工艺，这在以往珐华器研究中较为罕见，制作水准极高。

从展厅出来，不少游客径直拐进博物馆文创区。此次展出的珐华彩梅瓶共3件，形态各异，都成了文创开发的对象。

货架上，一组“南海奇珍”系列首饰正吸引观众试戴。设计团队从珐华彩孔雀绿釉莲池纹梅瓶的轮廓、釉色和莲纹中提取元素，结合贝母的天然光泽与冷珐琅工艺，打造出项链、手链、耳饰、胸针……这套首饰在2024年海南省第九届旅游商品大赛中获得金奖。

3个梅瓶与素三彩执壶的造型一起做成了树脂冰箱贴，贴上冰箱门，一组微缩的“深蓝宝藏”就在厨房安了家。“文物从展柜走进书包、贴上冰箱，才算真正走进了日常。”博物馆工作人员说。

2025年，中国（海南）南海博物馆与海口美兰国际机场合作，将“深蓝宝藏”特展宣传展示区搬进航站楼。3件珐华彩梅瓶复仿制品和配套文创立在候机厅的玻璃展柜中，候机的旅客走几步就能看到。“很方便，喜欢人文历史的旅客用不着专程跑一趟博物馆，在机场就可以了解到海上丝绸之路的往事。”来自四川的旅客林浩明说。

近年来，中国传统色重新进入年轻人的审美视野。社交平台上，“月白”“海天霞”等频繁出现在穿搭和家居分享中。明代窑工调配出的那一抹色彩，经由深海打捞、考古修复、文创转化，正以首饰和日用品的样貌，重新回到当代人的生活里。

500多年前，梅瓶作为海上丝绸之路的贸易商品从景德镇出发，准备漂洋过海；500多年后，它以吊坠、冰箱贴的面貌重新上路。流通的载体变了，器物走进生活的目的没有变。",孙海天,消费,,https://paper.people.com.cn/rmrb/pc/content/202606/25/content_30164715.html,2026-06-25,"['华彩', '南海', '孔雀绿', '博物馆', '梅瓶', '珐华器', '海南', '莲池', '釉色', '首饰']","“南海奇珍”系列首饰。
“南海奇珍”系列首饰。
珐华彩孔雀绿釉莲池纹梅瓶。以上图片均为中国（海南）南海博物馆提供",政治,,,[],data/vault/2026/06/2026-06-25/18-消费/“潮”到今天的明珐华彩梅瓶（文物里的潮生活）.md,18,消费
全民普法，让法治扎根大地（法治头条）,"在贵州黔西市钟山镇高坡小学，法治副校长严圆（右）用互动问答形式向学生讲解法律知识。周训超摄（人民视觉）
在贵州黔西市钟山镇高坡小学，法治副校长严圆（右）用互动问答形式向学生讲解法律知识。
周训超摄（人民视觉）
河北秦皇岛市海港区司法局开展线上普法直播。曹建雄摄（人民视觉）
河北秦皇岛市海港区司法局开展线上普法直播。
曹建雄摄（人民视觉）
内蒙古呼和浩特市普法活动现场，工作人员（右）正在向市民宣传民法典。丁根厚摄（人民视觉）
内蒙古呼和浩特市普法活动现场，工作人员（右）正在向市民宣传民法典。
丁根厚摄（人民视觉）
湖北英山县红山镇金家墩村美丽乡村风光。王  江摄（人民视觉）
湖北英山县红山镇金家墩村美丽乡村风光。
王  江摄（人民视觉）
“过去普法讲什么我们听什么，现在我们需要什么就讲什么，真是解了燃眉之急！”在重庆市两江新区五宝镇，一名村干部感慨道。
原来，最近当地的村两委刚换届，但新班子在集体经济方面法律知识盲区不少，镇里就找到了西南政法大学大学生法治宣讲团，想为村干部“定制”法治课。
能否“按需点单”？说干就干，大学生们找来了学校的老师一起备课，结合典型案例，针对农村集体经济组织法以案说法，手把手指导干部依法依规处理集体经济发展事务。
说起来，这支大学生法治宣讲团可不简单。截至目前，这支队伍已累计开展超过7000场普法活动，还获评“2025年度法治人物”，他们以行动让法治的声音传播在田埂乡间、市井街头。
法治宣传教育是全面依法治国的长期基础性工作。日前，十四届全国人大常委会第二十三次会议审议了关于“八五”普法决议实施情况的报告。
从法治副校长护苗成长，到普法志愿者走街串巷，从法律明白人扎根乡村，到红色法治宣讲员解纷排难……5年来，在各方共同努力下，“八五”普法取得重要成果，神州大地上，全民普法蓬勃发展，进一步夯实了全面依法治国的社会基础。
法治副校长——
帮助青少年扣好法治“第一粒扣子”
近年来，各地加快推进法治副校长队伍建设，协助各级各类学校开展法治教育、学生保护、安全管理、预防犯罪、依法治理等工作。目前全国中小学法治副校长（法治辅导员）配备率达98.9%，他们来自各地法院、检察院、公安机关、司法行政部门等，帮助青少年扣好法治“第一粒扣子”。
在祖国南疆的广西凭祥，蜿蜒的边境线上，一支“法治副校长”团队留下足迹。
昏暗的台球室里，烟雾缭绕。
16岁的小廖刚刚逃学出来，打了几局球，就有人凑到他耳朵边：“带个人过境，一趟给你几百块，干不干？”
几百块，能买那双想了很久的球鞋！小廖用力点了点头。那夜，是他头一回带陌生人穿越边境满是泥巴的山林小道，却没想到法律的惩戒正在前方。
司法行政部门组织“法治副校长”团队摸排发现，近3年来所办理案件中，多个涉罪未成年人的“第一单生意”，都是从这些不起眼的台球室里接到的。于是，“法治副校长”团队启动了一场“源头治理”行动。
经深入调研，梳理出KTV、台球室、棋牌室等重点场所违规接纳未成年人的高发时段、区域，检察机关随即制发了检察建议。很快，一场多部门联合开展的专项整治行动在全市铺开，普法志愿者在放学时段对重点区域进行查看劝导，为未成年人保护筑起法治屏障。
“同学们，如果有人在境外让你帮忙转账，咱们该不该答应？”“如果有人给你递来历不明的饮料，你要怎么拒绝？”如今在凭祥市的中学里，“法治副校长”们常态化开讲“国门法治课堂”。
“法治副校长”团队聚焦边境高发风险，用身边事教育身边人：有的未成年人被“境外高薪务工”诱骗，沦为电信诈骗工具人；有的盲目“借卡转账”“帮忙取钱”赚取佣金，陷入信息网络犯罪的深渊；有的轻信他人，参与“偷引带”，触碰法律红线……
今年以来，广西司法行政部门联合教育、法院、检察等部门组织万余名法治副校长，开展“开学法治第一课”超1.5万场次。
凭祥市的“法治副校长”们说，以普法为基、以救助为要、以治理为本、以预防为先，在百里边境线上，为少年点亮一盏灯，也是为国门增添一份安宁。
普法志愿者——
凝聚每一份法治力量
近年来，社会普法力量持续壮大。全国220余万名普法志愿者活跃在普法一线，深入2800多个县市区，为近4亿人次开展普法活动，持续推动社会主义法治精神融入日常生产生活，在增强全民法治观念、推进法治社会建设中发挥了重要作用。
街头巷尾，外卖骑手们日夜奔波、步履匆匆。面对劳动用工、交通事故、权益保障等常见法律困扰，他们往往缺乏专业指引和维权渠道。
去年春天，福建厦门外卖骑手小程送餐途中出了事故，可所在公司不光拒赔，还办理简易注销“跑路”了：“公司都没了，谁来赔？”
很快转机出现——厦门市思明区司法局滨海司法所招募的“蒲公英”普法志愿者，这天来到当地的配送站，利用骑手每日晨会开展“10分钟微普法”，讲的正是交通事故与工伤认定。
小程于是找到司法所求助。他在工作人员指导下，通过查阅公司工商内档，找到了股东关于承继债务的承诺书——这是维权的关键证据。
拿到赔偿金后，小程又回到滨海司法所，这一次是要求加入“蒲公英”普法志愿者的行列：“以前在路上看到普法宣传单，总觉得跟自己没关系。经过这件事，我想把法律给予的安全感送到更多人手中。”
在司法所的引导下，小程正式注册成为“蒲公英”普法志愿者。他的配送箱里，从此多了一沓法治宣传手册。每次送餐，他都会递上一份法律知识。
在滨海街道，像小程这样的“蒲公英信使”已有20多名，他们的配送箱变成了“移动普法站”。如今，随着厦门邮政快递行业“蒲公英”普法志愿者大队的成立，当地推动新就业形态劳动者化身信使、送法上门。
“八五”普法期间，福建省“蒲公英”普法志愿者联盟从最初的7名党员志愿者，发展到志愿队伍5450支、志愿者18万余名，开展普法主题活动超过7.42万场次，累计志愿服务时长达到116.2万余小时，成为一道独特的法治风景线。
法律明白人——
用行动让法治精神浸润乡村
推动法治宣传教育与依法治理、法治实践相融合，各地深入实施乡村（社区）“法律明白人”培养工程。全国440余万名“法律明白人”充分发挥社情民意信息员、法律政策宣传员、矛盾纠纷化解员、法治实践引导员作用，在广大城乡播撒法治的种子。
“有法律和合同撑腰，放心得很！”在重庆市铜梁区安居镇龙兴村，村民杨伟看着刚到账的土地租金，笑意盈盈地和邻里分享这份踏实。
谁能想到，此前村里启动土地流转、发展农文旅融合产业时，不少村民还满心疑虑：“合同会不会藏着猫腻？”
这场从观望犹疑到信任支持的转变，背后离不开村里的“法律明白人”。
2022年，当农耕文化基地项目落地村里时，第一道难关便是集中流转300余亩土地与多栋闲置农房。租金支付有没有保障、流转后土地权益会不会受损，成了萦绕在村民心头的两大难题。
“乡村要发展，法治需先行。”这句话，龙兴村党支部书记、“法律明白人”刘福伦常挂嘴边。
他建议村委会联系专业法律顾问，全程参与合作协议的合法性审查；自己则主动向专业的法律人士请教，逐字逐句厘清土地租金支付时限、农房租赁安全保障、收益分红计算方式等关键条款，尤其明确“土地流转不得改变耕地性质”“承包方有权监督耕地使用情况”等关键约定。
刘福伦还与村干部一道走访，将土地流转、耕地保护相关规定，转化为村民听得懂、记得住的“实在话”：“租金每年按时打到银行卡上，一分都不会少”“合同里写得明明白白，谁破坏耕地、谁违约，谁就要负法律责任”……
最终，当租金按时足额打入村民银行账户、销售分红精准发放到农户手中，原本持观望态度的村民，也纷纷主动找上门咨询流转事宜、签订合作协议。全村300多亩土地顺利实现集中流转，多栋闲置农房在修缮改造后投入使用。
从一纸合同赢得村民信任，到一片土地激活乡村产业，“法律明白人”用行动让法治精神扎根乡村，让农民的增收之路走得更稳更顺畅。
红色法治宣讲员——
走街串巷，共促社会治理
“八五”普法期间，随着法治文化建设大力推进，全国县级以上法治主题公园（广场）达5200余个，行政村（社区）法治文化阵地覆盖率达95.7%。红色法治文化和中华优秀传统法律文化得到有力传承弘扬，社会主义法治精神深入人心。
赤水悠悠，贵州遵义的丙安古镇依河而建，青瓦木楼错落有致。
每逢赶集日，望江老茶馆里总是热气腾腾，茶客们围拢，79岁的红色法治宣讲员马国友往竹椅上一坐，一杯清茶、一副竹板，地道的赤水乡音一开口，就把红色故事与法治道理糅进了袅袅茶香里。
作为退休干部，马国友是赤水红色法治宣讲员的领头人，而在赤水，这支宣讲队有个特殊的名字——茶馆嗑子匠。
马国友从不生硬说教，他把红军驻丙安时“不拿群众一针一线、借物必还、公平买卖”的红色纪律和民法典等法条，编成朗朗上口的顺口溜、快板词。
有时讲到邻里相处，他就说“红军守纪得民心，如今守法睦乡邻，宅基地界讲规矩，互帮互助一家亲”。
茶馆就是普法课堂，茶桌就是调解阵地。曾有两户村民因建房占地闹得不可开交，红着脸冲进茶馆散心，正巧赶上马国友讲红军军民互助、依规处事的故事，伴着茶香与乡音，两人越听越愧疚，马国友顺势“掰开”法理、讲透乡情，当场帮双方划定界线，一场矛盾烟消云散。
多年来，在马国友的带动下，赤水培育出560名“茶馆嗑子匠”志愿者，这支队伍走遍古镇街巷、乡村院坝，用乡音传递法治声音，让法治精神跳出书本、融入烟火。
如今的遵义，红色法治宣讲员们走街串巷、共促治理，游客在红色景区感受到革命老区的法治温度，群众在喜闻乐见的形式中接受法治熏陶。
近年来，当地还建成一批法治广场、实景教学点和精品研学线路，通过举办普法活动不仅滋养着群众法治素养，更让红色法治精神在基层实践中生生不息。","### “八五”普法取得重要成果，走近几个一线工作群体——

# 全民普法，让法治扎根大地（法治头条）

> 本报记者  张  璁《人民日报》（2026年06月25日第 19 版）

在贵州黔西市钟山镇高坡小学，法治副校长严圆（右）用互动问答形式向学生讲解法律知识。　　周训超摄（人民视觉）

在贵州黔西市钟山镇高坡小学，法治副校长严圆（右）用互动问答形式向学生讲解法律知识。

周训超摄（人民视觉）

河北秦皇岛市海港区司法局开展线上普法直播。　　曹建雄摄（人民视觉）

河北秦皇岛市海港区司法局开展线上普法直播。

曹建雄摄（人民视觉）

内蒙古呼和浩特市普法活动现场，工作人员（右）正在向市民宣传民法典。　　丁根厚摄（人民视觉）

内蒙古呼和浩特市普法活动现场，工作人员（右）正在向市民宣传民法典。

丁根厚摄（人民视觉）

湖北英山县红山镇金家墩村美丽乡村风光。　　王  江摄（人民视觉）

湖北英山县红山镇金家墩村美丽乡村风光。

王  江摄（人民视觉）

“过去普法讲什么我们听什么，现在我们需要什么就讲什么，真是解了燃眉之急！”在重庆市两江新区五宝镇，一名村干部感慨道。

原来，最近当地的村两委刚换届，但新班子在集体经济方面法律知识盲区不少，镇里就找到了西南政法大学大学生法治宣讲团，想为村干部“定制”法治课。

能否“按需点单”？说干就干，大学生们找来了学校的老师一起备课，结合典型案例，针对农村集体经济组织法以案说法，手把手指导干部依法依规处理集体经济发展事务。

说起来，这支大学生法治宣讲团可不简单。截至目前，这支队伍已累计开展超过7000场普法活动，还获评“2025年度法治人物”，他们以行动让法治的声音传播在田埂乡间、市井街头。

法治宣传教育是全面依法治国的长期基础性工作。日前，十四届全国人大常委会第二十三次会议审议了关于“八五”普法决议实施情况的报告。

从法治副校长护苗成长，到普法志愿者走街串巷，从法律明白人扎根乡村，到红色法治宣讲员解纷排难……5年来，在各方共同努力下，“八五”普法取得重要成果，神州大地上，全民普法蓬勃发展，进一步夯实了全面依法治国的社会基础。

法治副校长——

帮助青少年扣好法治“第一粒扣子”

近年来，各地加快推进法治副校长队伍建设，协助各级各类学校开展法治教育、学生保护、安全管理、预防犯罪、依法治理等工作。目前全国中小学法治副校长（法治辅导员）配备率达98.9%，他们来自各地法院、检察院、公安机关、司法行政部门等，帮助青少年扣好法治“第一粒扣子”。

在祖国南疆的广西凭祥，蜿蜒的边境线上，一支“法治副校长”团队留下足迹。

昏暗的台球室里，烟雾缭绕。

16岁的小廖刚刚逃学出来，打了几局球，就有人凑到他耳朵边：“带个人过境，一趟给你几百块，干不干？”

几百块，能买那双想了很久的球鞋！小廖用力点了点头。那夜，是他头一回带陌生人穿越边境满是泥巴的山林小道，却没想到法律的惩戒正在前方。

司法行政部门组织“法治副校长”团队摸排发现，近3年来所办理案件中，多个涉罪未成年人的“第一单生意”，都是从这些不起眼的台球室里接到的。于是，“法治副校长”团队启动了一场“源头治理”行动。

经深入调研，梳理出KTV、台球室、棋牌室等重点场所违规接纳未成年人的高发时段、区域，检察机关随即制发了检察建议。很快，一场多部门联合开展的专项整治行动在全市铺开，普法志愿者在放学时段对重点区域进行查看劝导，为未成年人保护筑起法治屏障。

“同学们，如果有人在境外让你帮忙转账，咱们该不该答应？”“如果有人给你递来历不明的饮料，你要怎么拒绝？”如今在凭祥市的中学里，“法治副校长”们常态化开讲“国门法治课堂”。

“法治副校长”团队聚焦边境高发风险，用身边事教育身边人：有的未成年人被“境外高薪务工”诱骗，沦为电信诈骗工具人；有的盲目“借卡转账”“帮忙取钱”赚取佣金，陷入信息网络犯罪的深渊；有的轻信他人，参与“偷引带”，触碰法律红线……

今年以来，广西司法行政部门联合教育、法院、检察等部门组织万余名法治副校长，开展“开学法治第一课”超1.5万场次。

凭祥市的“法治副校长”们说，以普法为基、以救助为要、以治理为本、以预防为先，在百里边境线上，为少年点亮一盏灯，也是为国门增添一份安宁。

普法志愿者——

凝聚每一份法治力量

近年来，社会普法力量持续壮大。全国220余万名普法志愿者活跃在普法一线，深入2800多个县市区，为近4亿人次开展普法活动，持续推动社会主义法治精神融入日常生产生活，在增强全民法治观念、推进法治社会建设中发挥了重要作用。

街头巷尾，外卖骑手们日夜奔波、步履匆匆。面对劳动用工、交通事故、权益保障等常见法律困扰，他们往往缺乏专业指引和维权渠道。

去年春天，福建厦门外卖骑手小程送餐途中出了事故，可所在公司不光拒赔，还办理简易注销“跑路”了：“公司都没了，谁来赔？”

很快转机出现——厦门市思明区司法局滨海司法所招募的“蒲公英”普法志愿者，这天来到当地的配送站，利用骑手每日晨会开展“10分钟微普法”，讲的正是交通事故与工伤认定。

小程于是找到司法所求助。他在工作人员指导下，通过查阅公司工商内档，找到了股东关于承继债务的承诺书——这是维权的关键证据。

拿到赔偿金后，小程又回到滨海司法所，这一次是要求加入“蒲公英”普法志愿者的行列：“以前在路上看到普法宣传单，总觉得跟自己没关系。经过这件事，我想把法律给予的安全感送到更多人手中。”

在司法所的引导下，小程正式注册成为“蒲公英”普法志愿者。他的配送箱里，从此多了一沓法治宣传手册。每次送餐，他都会递上一份法律知识。

在滨海街道，像小程这样的“蒲公英信使”已有20多名，他们的配送箱变成了“移动普法站”。如今，随着厦门邮政快递行业“蒲公英”普法志愿者大队的成立，当地推动新就业形态劳动者化身信使、送法上门。

“八五”普法期间，福建省“蒲公英”普法志愿者联盟从最初的7名党员志愿者，发展到志愿队伍5450支、志愿者18万余名，开展普法主题活动超过7.42万场次，累计志愿服务时长达到116.2万余小时，成为一道独特的法治风景线。

法律明白人——

用行动让法治精神浸润乡村

推动法治宣传教育与依法治理、法治实践相融合，各地深入实施乡村（社区）“法律明白人”培养工程。全国440余万名“法律明白人”充分发挥社情民意信息员、法律政策宣传员、矛盾纠纷化解员、法治实践引导员作用，在广大城乡播撒法治的种子。

“有法律和合同撑腰，放心得很！”在重庆市铜梁区安居镇龙兴村，村民杨伟看着刚到账的土地租金，笑意盈盈地和邻里分享这份踏实。

谁能想到，此前村里启动土地流转、发展农文旅融合产业时，不少村民还满心疑虑：“合同会不会藏着猫腻？”

这场从观望犹疑到信任支持的转变，背后离不开村里的“法律明白人”。

2022年，当农耕文化基地项目落地村里时，第一道难关便是集中流转300余亩土地与多栋闲置农房。租金支付有没有保障、流转后土地权益会不会受损，成了萦绕在村民心头的两大难题。

“乡村要发展，法治需先行。”这句话，龙兴村党支部书记、“法律明白人”刘福伦常挂嘴边。

他建议村委会联系专业法律顾问，全程参与合作协议的合法性审查；自己则主动向专业的法律人士请教，逐字逐句厘清土地租金支付时限、农房租赁安全保障、收益分红计算方式等关键条款，尤其明确“土地流转不得改变耕地性质”“承包方有权监督耕地使用情况”等关键约定。

刘福伦还与村干部一道走访，将土地流转、耕地保护相关规定，转化为村民听得懂、记得住的“实在话”：“租金每年按时打到银行卡上，一分都不会少”“合同里写得明明白白，谁破坏耕地、谁违约，谁就要负法律责任”……

最终，当租金按时足额打入村民银行账户、销售分红精准发放到农户手中，原本持观望态度的村民，也纷纷主动找上门咨询流转事宜、签订合作协议。全村300多亩土地顺利实现集中流转，多栋闲置农房在修缮改造后投入使用。

从一纸合同赢得村民信任，到一片土地激活乡村产业，“法律明白人”用行动让法治精神扎根乡村，让农民的增收之路走得更稳更顺畅。

红色法治宣讲员——

走街串巷，共促社会治理

“八五”普法期间，随着法治文化建设大力推进，全国县级以上法治主题公园（广场）达5200余个，行政村（社区）法治文化阵地覆盖率达95.7%。红色法治文化和中华优秀传统法律文化得到有力传承弘扬，社会主义法治精神深入人心。

赤水悠悠，贵州遵义的丙安古镇依河而建，青瓦木楼错落有致。

每逢赶集日，望江老茶馆里总是热气腾腾，茶客们围拢，79岁的红色法治宣讲员马国友往竹椅上一坐，一杯清茶、一副竹板，地道的赤水乡音一开口，就把红色故事与法治道理糅进了袅袅茶香里。

作为退休干部，马国友是赤水红色法治宣讲员的领头人，而在赤水，这支宣讲队有个特殊的名字——茶馆嗑子匠。

马国友从不生硬说教，他把红军驻丙安时“不拿群众一针一线、借物必还、公平买卖”的红色纪律和民法典等法条，编成朗朗上口的顺口溜、快板词。

有时讲到邻里相处，他就说“红军守纪得民心，如今守法睦乡邻，宅基地界讲规矩，互帮互助一家亲”。

茶馆就是普法课堂，茶桌就是调解阵地。曾有两户村民因建房占地闹得不可开交，红着脸冲进茶馆散心，正巧赶上马国友讲红军军民互助、依规处事的故事，伴着茶香与乡音，两人越听越愧疚，马国友顺势“掰开”法理、讲透乡情，当场帮双方划定界线，一场矛盾烟消云散。

多年来，在马国友的带动下，赤水培育出560名“茶馆嗑子匠”志愿者，这支队伍走遍古镇街巷、乡村院坝，用乡音传递法治声音，让法治精神跳出书本、融入烟火。

如今的遵义，红色法治宣讲员们走街串巷、共促治理，游客在红色景区感受到革命老区的法治温度，群众在喜闻乐见的形式中接受法治熏陶。

近年来，当地还建成一批法治广场、实景教学点和精品研学线路，通过举办普法活动不仅滋养着群众法治素养，更让红色法治精神在基层实践中生生不息。",张  璁,法治,,https://paper.people.com.cn/rmrb/pc/content/202606/25/content_30164717.html,2026-06-25,"['法治', '普法', '副校长', '法律', '志愿者', '明白人', '乡村', '红色', '视觉', '蒲公英']","在贵州黔西市钟山镇高坡小学，法治副校长严圆（右）用互动问答形式向学生讲解法律知识。周训超摄（人民视觉）
在贵州黔西市钟山镇高坡小学，法治副校长严圆（右）用互动问答形式向学生讲解法律知识。
周训超摄（人民视觉）",政治,,,[],data/vault/2026/06/2026-06-25/19-法治/全民普法，让法治扎根大地（法治头条）.md,19,法治
高悬法治利剑  筑牢禁毒防线（金台锐评）,"毒品治理要紧跟毒情变化，有效应对滥用物质带来的现实危害和潜在威胁。
贩卖止泻药会违法吗？第三十九个国际禁毒日来临之际，相关部门以案说法给大家提了醒。
复方地芬诺酯是一种常用的止泻药，但因其具有成瘾性且成瘾后难以戒断、大剂量服用会导致严重后果，已被列入第二类精神药品目录。日常生活中，有不法分子为牟利违规出售该药，被法院认定构成贩卖毒品罪。这些案件的判决，彰显了司法机关对毒品犯罪“零容忍”的态度，更向全社会警示，管制类药品使用不能逾越法律红线。
近年来，我国禁毒工作取得的成就令人瞩目，毒品问题治理能力稳步提升：2025年全国共破获毒品犯罪案件2.7万起；新发现35岁以下青少年吸毒人数同比下降41.6%；戒断三年以上未发现复吸人员同比上升2.7%。与此同时，禁毒工作面临新挑战。例如，毒品滥用结构发生明显变化，新型毒品及未列管成瘾性物质滥用问题突出。有地下加工厂非法制售含成瘾性物质的“上头电子烟”，其滥用群体主要为青少年，社会危害大。
毒品治理要紧跟毒情变化，依法、及时将发现有滥用危害的成瘾性物质纳入管制，有效应对滥用物质带来的现实危害和潜在威胁。不久前，公安部、国家卫生健康委员会和国家药品监督管理局联合发布公告，决定将二氟乙咪酯等16种物质列入《非药用类麻醉药品和精神药品目录》。这意味着增列的16种物质，成为法律意义上的毒品，有利于及时防范和遏制滥用蔓延。
对于毒品犯罪，唯有高悬法治利剑，坚持严打严惩立场，才能形成有力震慑。遏制毒品蔓延、净化社会环境，必须始终保持对涉毒犯罪的高压严打态势。在执法端，公安禁毒部门统筹境内境外两条战线、网上网下两个战场，深入开展“清源断流”专项行动，破获系列案件，捣毁毒品走私运输通道，全链条缉毒执法效能显著增强。在司法端，对毒品犯罪重拳打击，特别是对涉未成年人毒品犯罪案件从重处罚，让犯罪分子受到严厉法律制裁，以严格司法更好守护群众安全、社会安宁。
毒品治理既要事后打击、帮教矫治，更要向前一步，在源头预防上下功夫。实践中，有涉毒案件暴露出行业监管漏洞等问题，有的药店工作人员利用职业便利实施毒品犯罪，甚至向未成年人贩卖麻精药品，社会危害较大，存在较高再犯罪风险。对此，人民法院坚持治罪与治理并重，在依法惩治毒品犯罪的同时，合理适用从业禁止消除再犯罪风险，还结合公开庭审、司法建议联动行业监管落实源头治理，实现以案释法、全域整治的良好效果。
禁毒之路任重道远，唯有持之以恒、常抓不懈，方能守住平安底色。从基层社区的隐患排查、精准宣教，到网络空间的生态净化、风险封堵；从行业领域的严格监管、源头管控，到社会各界的广泛参与、正向引导……禁毒工作需要全社会共同参与，人人自觉远离毒品、积极参与禁毒，拥抱平安健康的幸福生活，才能汇聚起全民防毒、全域治毒的磅礴力量。","# 高悬法治利剑  筑牢禁毒防线（金台锐评）

> 魏哲哲《人民日报》（2026年06月25日第 19 版）

毒品治理要紧跟毒情变化，有效应对滥用物质带来的现实危害和潜在威胁。

贩卖止泻药会违法吗？第三十九个国际禁毒日来临之际，相关部门以案说法给大家提了醒。

复方地芬诺酯是一种常用的止泻药，但因其具有成瘾性且成瘾后难以戒断、大剂量服用会导致严重后果，已被列入第二类精神药品目录。日常生活中，有不法分子为牟利违规出售该药，被法院认定构成贩卖毒品罪。这些案件的判决，彰显了司法机关对毒品犯罪“零容忍”的态度，更向全社会警示，管制类药品使用不能逾越法律红线。

近年来，我国禁毒工作取得的成就令人瞩目，毒品问题治理能力稳步提升：2025年全国共破获毒品犯罪案件2.7万起；新发现35岁以下青少年吸毒人数同比下降41.6%；戒断三年以上未发现复吸人员同比上升2.7%。与此同时，禁毒工作面临新挑战。例如，毒品滥用结构发生明显变化，新型毒品及未列管成瘾性物质滥用问题突出。有地下加工厂非法制售含成瘾性物质的“上头电子烟”，其滥用群体主要为青少年，社会危害大。

毒品治理要紧跟毒情变化，依法、及时将发现有滥用危害的成瘾性物质纳入管制，有效应对滥用物质带来的现实危害和潜在威胁。不久前，公安部、国家卫生健康委员会和国家药品监督管理局联合发布公告，决定将二氟乙咪酯等16种物质列入《非药用类麻醉药品和精神药品目录》。这意味着增列的16种物质，成为法律意义上的毒品，有利于及时防范和遏制滥用蔓延。

对于毒品犯罪，唯有高悬法治利剑，坚持严打严惩立场，才能形成有力震慑。遏制毒品蔓延、净化社会环境，必须始终保持对涉毒犯罪的高压严打态势。在执法端，公安禁毒部门统筹境内境外两条战线、网上网下两个战场，深入开展“清源断流”专项行动，破获系列案件，捣毁毒品走私运输通道，全链条缉毒执法效能显著增强。在司法端，对毒品犯罪重拳打击，特别是对涉未成年人毒品犯罪案件从重处罚，让犯罪分子受到严厉法律制裁，以严格司法更好守护群众安全、社会安宁。

毒品治理既要事后打击、帮教矫治，更要向前一步，在源头预防上下功夫。实践中，有涉毒案件暴露出行业监管漏洞等问题，有的药店工作人员利用职业便利实施毒品犯罪，甚至向未成年人贩卖麻精药品，社会危害较大，存在较高再犯罪风险。对此，人民法院坚持治罪与治理并重，在依法惩治毒品犯罪的同时，合理适用从业禁止消除再犯罪风险，还结合公开庭审、司法建议联动行业监管落实源头治理，实现以案释法、全域整治的良好效果。

禁毒之路任重道远，唯有持之以恒、常抓不懈，方能守住平安底色。从基层社区的隐患排查、精准宣教，到网络空间的生态净化、风险封堵；从行业领域的严格监管、源头管控，到社会各界的广泛参与、正向引导……禁毒工作需要全社会共同参与，人人自觉远离毒品、积极参与禁毒，拥抱平安健康的幸福生活，才能汇聚起全民防毒、全域治毒的磅礴力量。",魏哲哲,法治,,https://paper.people.com.cn/rmrb/pc/content/202606/25/content_30164718.html,2026-06-25,"['毒品', '禁毒', '滥用', '犯罪', '成瘾性', '治理', '物质', '危害', '社会', '精神药品']","毒品治理要紧跟毒情变化，有效应对滥用物质带来的现实危害和潜在威胁。
贩卖止泻药会违法吗？第三十九个国际禁毒日来临之际，相关部门以案说法给大家提了醒。
复方地芬诺酯是一种常用的止泻药，但因其具有成瘾性且成瘾后难以戒断、大剂量服用会导致严重后果，已被列入第二类精神药品目录。日常生活中，有不法分子为牟利违规出售该药，被法院认定构成贩卖毒品罪。这些案件的判决，彰显了司法机关对毒品犯罪“零容忍”的态度，更向全社会警示，管制类药品使用不能逾越法律红线。",政治,,,[],data/vault/2026/06/2026-06-25/19-法治/高悬法治利剑 筑牢禁毒防线（金台锐评）.md,19,法治
独居老人去世  遗产如何继承（以案说法）,"葛某是上海徐汇区的一名独居老人。2022年的一天，葛某在家中去世。
葛某名下留有一套徐汇区的住房以及存款和保险利益。但葛某生前，其父母、妻子、独生女都已经去世，已没有法定继承人了。那么，葛某遗留的财产该归谁呢？
此时，葛某的堂弟葛某成夫妻找到民政部门。原来，葛某在妻子去世后，长期独自居住。但葛某身患疾病，是葛某成夫妻把他送到医院并照顾；葛某去世，也是葛某成夫妻为他办理后事，并扫墓祭奠。
因此，葛某成夫妻认为，既然葛某没有其他继承人，两人对其扶养照顾较多，要求分得遗产。
法官介绍，堂弟夫妻不是法定或者遗嘱继承人，他们不当然对遗产享有继承的权利，葛某成夫妻想取得遗产，就要通过诉讼途径。因此，葛某成夫妻以区民政局担任遗产管理人为由，以区民政局为被告，到法院提起诉讼。
什么是遗产管理人？依据民法典的规定，遗产管理人履行处理被继承人的债权债务，按照遗嘱或者依照法律规定分割遗产等职责。民法典又规定，没有继承人或者继承人均放弃继承的，由被继承人生前住所地的民政部门或者村民委员会担任遗产管理人。
法院经审理认为，葛某生前未订立遗嘱，又没有继承人，双方当事人对于民政局依法担任葛某的遗产管理人并没有争议。所以，民政局的诉讼主体适格。
此外，葛某成夫妻并非葛某的继承人，无法定的扶养义务，在葛某生前对其的扶养照顾较多，在其死后又为其办理后事并进行祭奠。民法典规定，继承人以外的对被继承人扶养较多的人，可以分给适当的遗产。综合考虑葛某成夫妻对葛某的扶养时间只有3年左右，再考虑其扶养的内容、扶养的程度，法院判决葛某成夫妻分得葛某名下的银行存款、保险利益共计130万余元。
此外，判决生效后，依据徐汇区民政局的申请，葛某的其余财产，依据民法典关于无人继承又无人受遗赠遗产的处理规定，依法经法院拍卖、变卖后，所得钱款收归国有，用于公益事业。
法官介绍，没有法定继承人的独居老人，去世后财产归谁，一直是社会关心的话题。本案中，葛某成对葛某并不负有法定的扶养义务，而是出于亲情、道义自愿提供扶助和照料。考虑葛某成的扶助照料程度，法院判决其分得适当遗产，既体现权利义务相一致的原则，又彰显了对传统美德的传承，弘扬了社会主义核心价值观。","# 独居老人去世  遗产如何继承（以案说法）

> 本报记者  金  歆《人民日报》（2026年06月25日第 19 版）

葛某是上海徐汇区的一名独居老人。2022年的一天，葛某在家中去世。

葛某名下留有一套徐汇区的住房以及存款和保险利益。但葛某生前，其父母、妻子、独生女都已经去世，已没有法定继承人了。那么，葛某遗留的财产该归谁呢？

此时，葛某的堂弟葛某成夫妻找到民政部门。原来，葛某在妻子去世后，长期独自居住。但葛某身患疾病，是葛某成夫妻把他送到医院并照顾；葛某去世，也是葛某成夫妻为他办理后事，并扫墓祭奠。

因此，葛某成夫妻认为，既然葛某没有其他继承人，两人对其扶养照顾较多，要求分得遗产。

法官介绍，堂弟夫妻不是法定或者遗嘱继承人，他们不当然对遗产享有继承的权利，葛某成夫妻想取得遗产，就要通过诉讼途径。因此，葛某成夫妻以区民政局担任遗产管理人为由，以区民政局为被告，到法院提起诉讼。

什么是遗产管理人？依据民法典的规定，遗产管理人履行处理被继承人的债权债务，按照遗嘱或者依照法律规定分割遗产等职责。民法典又规定，没有继承人或者继承人均放弃继承的，由被继承人生前住所地的民政部门或者村民委员会担任遗产管理人。

法院经审理认为，葛某生前未订立遗嘱，又没有继承人，双方当事人对于民政局依法担任葛某的遗产管理人并没有争议。所以，民政局的诉讼主体适格。

此外，葛某成夫妻并非葛某的继承人，无法定的扶养义务，在葛某生前对其的扶养照顾较多，在其死后又为其办理后事并进行祭奠。民法典规定，继承人以外的对被继承人扶养较多的人，可以分给适当的遗产。综合考虑葛某成夫妻对葛某的扶养时间只有3年左右，再考虑其扶养的内容、扶养的程度，法院判决葛某成夫妻分得葛某名下的银行存款、保险利益共计130万余元。

此外，判决生效后，依据徐汇区民政局的申请，葛某的其余财产，依据民法典关于无人继承又无人受遗赠遗产的处理规定，依法经法院拍卖、变卖后，所得钱款收归国有，用于公益事业。

法官介绍，没有法定继承人的独居老人，去世后财产归谁，一直是社会关心的话题。本案中，葛某成对葛某并不负有法定的扶养义务，而是出于亲情、道义自愿提供扶助和照料。考虑葛某成的扶助照料程度，法院判决其分得适当遗产，既体现权利义务相一致的原则，又彰显了对传统美德的传承，弘扬了社会主义核心价值观。",金  歆,法治,,https://paper.people.com.cn/rmrb/pc/content/202606/25/content_30164719.html,2026-06-25,"['葛某', '遗产', '某成', '扶养', '继承人', '夫妻', '民政局', '去世', '民法典', '法院']","葛某是上海徐汇区的一名独居老人。2022年的一天，葛某在家中去世。
葛某名下留有一套徐汇区的住房以及存款和保险利益。但葛某生前，其父母、妻子、独生女都已经去世，已没有法定继承人了。那么，葛某遗留的财产该归谁呢？
此时，葛某的堂弟葛某成夫妻找到民政部门。原来，葛某在妻子去世后，长期独自居住。但葛某身患疾病，是葛某成夫妻把他送到医院并照顾；葛某去世，也是葛某成夫妻为他办理后事，并扫墓祭奠。",社会,,,[],data/vault/2026/06/2026-06-25/19-法治/独居老人去世 遗产如何继承（以案说法）.md,19,法治
警务“集约办”，跑出便民“加速度”,"最近，山东济宁市民赵先生遇上一桩棘手事：既要换发新户口本，又要加急办理护照以备出境。放在过去，两项业务分设在不同政务点位，来回跑腿起码要耗费数日。
“事情急，能一次性办好吗？”抱着试一试的想法，赵先生走进家附近的渔山派出所综合服务大厅。
“材料一次性上交，所有事项一窗办结。”工作人员答复利落。赵先生半信半疑递交资料，短短半小时，崭新的户口本、护照便悉数办结。
便民红利，同样覆盖各类人才群体。入职济宁本地单位的高层次人才王女士，依托渔山派出所专属绿色通道，10余分钟就办结全部落户流程。“原以为要辗转多个职能部门，没想到在派出所一个窗口就能一站式办结。”王女士感慨。
去年5月底以来，济宁市公安局聚焦群众“多地跑、折返跑”等办事痛点，深入基层摸排诉求，打破警种业务壁垒，将户政、出入境、车驾管等近90项高频警务服务事项整合下沉至基层派出所，构建起“空间集约、事项集中、服务集成”的警务服务新模式，力争实现群众“只进一扇门、办成多件事”，从源头上消除群众的烦心事。
与此同时，全市公安系统搭建起“线上申请+线下办结、自助办理+窗口兜底”的服务体系，推出预约办、延时办、上门办、网上办、假日办等多元化便民举措，精准对接不同群体的办事需求，让警务服务更有温度、更贴民心。
截至目前，济宁市已有54个基层派出所开通“集约办”服务，累计办理各类民生警务业务13.8万件，收到群众感谢留言6300余条，群众办事效率显著提升。
这样的便利还在持续扩展。今年3月，济宁公安便民服务“集约办”派出所窗口在已开通10项高频车驾管业务的基础上，新增了补换领机动车登记证书、核发临时行驶车号牌等5项业务类型。在车驾管服务持续扩容的同时，“集约办”也深度融入了居民身份证换领场景。民警在办理身份证时，可同步提醒并现场换发到期的驾驶证，让群众“一次上门、办结多事”。
“从群众需要的谋起，从群众满意的干起，从群众烦心的改起。”济宁市副市长、市公安局局长张大勇表示，全市公安系统将持续做好服务供给的“加法”、办事环节的“减法”、科技赋能的“乘法”、堵点难点的“除法”，始终把群众满意度作为改革的核心标尺，更好满足群众生产生活需要。
（代瑜参与采写）","### 山东济宁打破警种业务壁垒，下沉服务事项

# 警务“集约办”，跑出便民“加速度”

> 本报记者  李  蕊《人民日报》（2026年06月25日第 19 版）

最近，山东济宁市民赵先生遇上一桩棘手事：既要换发新户口本，又要加急办理护照以备出境。放在过去，两项业务分设在不同政务点位，来回跑腿起码要耗费数日。

“事情急，能一次性办好吗？”抱着试一试的想法，赵先生走进家附近的渔山派出所综合服务大厅。

“材料一次性上交，所有事项一窗办结。”工作人员答复利落。赵先生半信半疑递交资料，短短半小时，崭新的户口本、护照便悉数办结。

便民红利，同样覆盖各类人才群体。入职济宁本地单位的高层次人才王女士，依托渔山派出所专属绿色通道，10余分钟就办结全部落户流程。“原以为要辗转多个职能部门，没想到在派出所一个窗口就能一站式办结。”王女士感慨。

去年5月底以来，济宁市公安局聚焦群众“多地跑、折返跑”等办事痛点，深入基层摸排诉求，打破警种业务壁垒，将户政、出入境、车驾管等近90项高频警务服务事项整合下沉至基层派出所，构建起“空间集约、事项集中、服务集成”的警务服务新模式，力争实现群众“只进一扇门、办成多件事”，从源头上消除群众的烦心事。

与此同时，全市公安系统搭建起“线上申请+线下办结、自助办理+窗口兜底”的服务体系，推出预约办、延时办、上门办、网上办、假日办等多元化便民举措，精准对接不同群体的办事需求，让警务服务更有温度、更贴民心。

截至目前，济宁市已有54个基层派出所开通“集约办”服务，累计办理各类民生警务业务13.8万件，收到群众感谢留言6300余条，群众办事效率显著提升。

这样的便利还在持续扩展。今年3月，济宁公安便民服务“集约办”派出所窗口在已开通10项高频车驾管业务的基础上，新增了补换领机动车登记证书、核发临时行驶车号牌等5项业务类型。在车驾管服务持续扩容的同时，“集约办”也深度融入了居民身份证换领场景。民警在办理身份证时，可同步提醒并现场换发到期的驾驶证，让群众“一次上门、办结多事”。

“从群众需要的谋起，从群众满意的干起，从群众烦心的改起。”济宁市副市长、市公安局局长张大勇表示，全市公安系统将持续做好服务供给的“加法”、办事环节的“减法”、科技赋能的“乘法”、堵点难点的“除法”，始终把群众满意度作为改革的核心标尺，更好满足群众生产生活需要。

（代瑜参与采写）",李  蕊,法治,,https://paper.people.com.cn/rmrb/pc/content/202606/25/content_30164720.html,2026-06-25,"['办结', '群众', '警务', '集约', '派出所', '服务', '济宁市', '便民', '车驾', '济宁']","最近，山东济宁市民赵先生遇上一桩棘手事：既要换发新户口本，又要加急办理护照以备出境。放在过去，两项业务分设在不同政务点位，来回跑腿起码要耗费数日。
“事情急，能一次性办好吗？”抱着试一试的想法，赵先生走进家附近的渔山派出所综合服务大厅。
“材料一次性上交，所有事项一窗办结。”工作人员答复利落。赵先生半信半疑递交资料，短短半小时，崭新的户口本、护照便悉数办结。",社会,,,[],data/vault/2026/06/2026-06-25/19-法治/警务“集约办”，跑出便民“加速度”.md,19,法治
真正“奇”的是书写着历史的每一个人,"电影《四渡》剧照。片  方供图
电影《四渡》剧照。
片  方供图
2024年10月，电影《四渡》的主创来到贵州。从遵义到土城，从娄山关到茅台镇，我们辗转于赤水河两岸。只有亲临现场，真真切切地体悟和感受，才能切身理解四渡赤水这段“化不可能为可能、化被动为主动”的军事传奇里，到底蕴藏着怎样的精神力量。
在四渡赤水纪念馆，我和影片监制刘伟强导演一起聆听解说员的讲解。刘伟强听得非常认真，一再询问细节。复盘学习收获时，大家最深的感触是：长征时，红军战士的平均年龄不足20岁！刘伟强对我说：“你是年轻导演，拍的是一群年轻人创造的奇迹，这部电影也一定是拍给年轻人看的。”那一刻，我们的叙事有了全新的意义和方向。
在苟坝会议会址，我们慕名踏上一条田间小道。这条小道是我此行感触最深的地方之一。
据历史记载，红军二渡赤水再占遵义之后，行军来到苟坝这个小山村。1935年3月10日，红一军团发来电报，建议进攻打鼓新场。在是否进攻打鼓新场的会议上，争论相当激烈。毛泽东分析认为，一旦不能迅速攻克，势必陷入重围，应该在运动战中消灭敌人。虽然分析得详细透彻，但他的意见还是没有得到与会人员的认同。即便是一直支持他的周恩来，这次也投了弃权票。当天深夜，毛泽东手提马灯，走了约2公里山路，去周恩来的住处，说服了周恩来，又去朱德住处做朱德的工作……
《四渡》是一部军事史诗片，四渡赤水是毛泽东军事生涯中“平生得意之笔”，我们花了大量笔墨去展现他在指挥室中的战略部署，以及与蒋介石的战术博弈。但在我心中，遭到反对的那一夜，他决定再次争取而踏上的这条田间小道，以及在漆黑的夜色中提着一盏马灯的孤独背影，是电影《四渡》的核心意象。
我们还从苟坝会议会址出发，一路走到了周恩来住处旧址。90多年过去了，路的两边已经开垦成了农田。路上遇到的几个当地居民，每一个人都对这条小道非常熟悉，热情地指给我们看。我们一路走一路聊。历史，似乎就这样跟我们的脚步重合了。
土城、青杠坡、娄山关、太平渡、二郎滩、茅台、遵义、贵阳……电影中的每一处关键节点，我们在调研学习中都走了个遍。可以说，我们的剧本是用脚在贵州的山山水水上面，一步一步走出来的。创作历史题材作品本就该如此。
影片还塑造了以赵德发、朱会永等为代表的一批普通红军战士。当时的他们或许不知道，但现在的我们可以证明，他们所踏上的长征路，在人类的历史上堪称奇迹。
在贵州调研学习期间，最让我感动的是那些历史的细节。很多加入长征的、来自穷苦家庭的年轻人目不识丁，没有接受过太多的教育。即便是在四渡赤水这样艰难的时刻，他们也没有失去对知识的渴求。行军过程中，战士们的背包上往往写着字，以便让他身后的战士能够识别和运用。
拍摄《四渡》的过程中，我和刘伟强一起一点一点把这个故事打磨成形，把一个又一个人物、一场又一场战斗留在银幕上。我对本片的摄影指导邵丹老师说，我们的镜头要尽量与角色保持平视，因为镜头里的英雄和观众一样，都是普普通通的人。他们历经磨难，或许也曾迷茫、彷徨，但他们凭借勇气和智慧走了出来，给予后世的我们以无穷的力量。
我想，这就是拍摄《四渡》的意义。我们总以“出奇制胜”“出奇兵”来形容这场战役，但真正“奇”的是书写着历史的每一个人。
（作者为电影《四渡》导演）","# 真正“奇”的是书写着历史的每一个人

## ——电影《四渡》创作谈

> 徐展雄《人民日报》（2026年06月25日第 20 版）

电影《四渡》剧照。　　片  方供图

电影《四渡》剧照。

片  方供图

2024年10月，电影《四渡》的主创来到贵州。从遵义到土城，从娄山关到茅台镇，我们辗转于赤水河两岸。只有亲临现场，真真切切地体悟和感受，才能切身理解四渡赤水这段“化不可能为可能、化被动为主动”的军事传奇里，到底蕴藏着怎样的精神力量。

在四渡赤水纪念馆，我和影片监制刘伟强导演一起聆听解说员的讲解。刘伟强听得非常认真，一再询问细节。复盘学习收获时，大家最深的感触是：长征时，红军战士的平均年龄不足20岁！刘伟强对我说：“你是年轻导演，拍的是一群年轻人创造的奇迹，这部电影也一定是拍给年轻人看的。”那一刻，我们的叙事有了全新的意义和方向。

在苟坝会议会址，我们慕名踏上一条田间小道。这条小道是我此行感触最深的地方之一。

据历史记载，红军二渡赤水再占遵义之后，行军来到苟坝这个小山村。1935年3月10日，红一军团发来电报，建议进攻打鼓新场。在是否进攻打鼓新场的会议上，争论相当激烈。毛泽东分析认为，一旦不能迅速攻克，势必陷入重围，应该在运动战中消灭敌人。虽然分析得详细透彻，但他的意见还是没有得到与会人员的认同。即便是一直支持他的周恩来，这次也投了弃权票。当天深夜，毛泽东手提马灯，走了约2公里山路，去周恩来的住处，说服了周恩来，又去朱德住处做朱德的工作……

《四渡》是一部军事史诗片，四渡赤水是毛泽东军事生涯中“平生得意之笔”，我们花了大量笔墨去展现他在指挥室中的战略部署，以及与蒋介石的战术博弈。但在我心中，遭到反对的那一夜，他决定再次争取而踏上的这条田间小道，以及在漆黑的夜色中提着一盏马灯的孤独背影，是电影《四渡》的核心意象。

我们还从苟坝会议会址出发，一路走到了周恩来住处旧址。90多年过去了，路的两边已经开垦成了农田。路上遇到的几个当地居民，每一个人都对这条小道非常熟悉，热情地指给我们看。我们一路走一路聊。历史，似乎就这样跟我们的脚步重合了。

土城、青杠坡、娄山关、太平渡、二郎滩、茅台、遵义、贵阳……电影中的每一处关键节点，我们在调研学习中都走了个遍。可以说，我们的剧本是用脚在贵州的山山水水上面，一步一步走出来的。创作历史题材作品本就该如此。

影片还塑造了以赵德发、朱会永等为代表的一批普通红军战士。当时的他们或许不知道，但现在的我们可以证明，他们所踏上的长征路，在人类的历史上堪称奇迹。

在贵州调研学习期间，最让我感动的是那些历史的细节。很多加入长征的、来自穷苦家庭的年轻人目不识丁，没有接受过太多的教育。即便是在四渡赤水这样艰难的时刻，他们也没有失去对知识的渴求。行军过程中，战士们的背包上往往写着字，以便让他身后的战士能够识别和运用。

拍摄《四渡》的过程中，我和刘伟强一起一点一点把这个故事打磨成形，把一个又一个人物、一场又一场战斗留在银幕上。我对本片的摄影指导邵丹老师说，我们的镜头要尽量与角色保持平视，因为镜头里的英雄和观众一样，都是普普通通的人。他们历经磨难，或许也曾迷茫、彷徨，但他们凭借勇气和智慧走了出来，给予后世的我们以无穷的力量。

我想，这就是拍摄《四渡》的意义。我们总以“出奇制胜”“出奇兵”来形容这场战役，但真正“奇”的是书写着历史的每一个人。

（作者为电影《四渡》导演）",徐展雄,副刊,,https://paper.people.com.cn/rmrb/pc/content/202606/25/content_30164723.html,2026-06-25,"['四渡', '渡赤水', '刘伟强', '我们', '电影', '小道', '苟坝', '历史', '周恩来', '遵义']","电影《四渡》剧照。片  方供图
电影《四渡》剧照。
片  方供图",社会,,,[],data/vault/2026/06/2026-06-25/20-副刊/真正“奇”的是书写着历史的每一个人.md,20,副刊
经典永续正少年（创作谈）,"话剧《青蛇》剧照。塔  苏摄
话剧《青蛇》剧照。
塔  苏摄
作为话剧《青蛇》的编剧与导演，将这部被观众认可的剧目，在首演13年后，由中国国家话剧院一众00后青年演员接棒登台、辗转巡演，心中自是欣慰。一方舞台，新老接续，优秀剧目不再受时间之阻，焕发出鲜活的少年生机。
《青蛇》脱胎于李碧华的同名小说，将中式雅致审美与当代人文思考融为一体，力求文辞隽永、意蕴悠长。我在导演中，要求演员探索“中国式演剧观”，从理论到实践，对演员的身段气韵、情绪掌控、角色体悟都有很高要求。原版《青蛇》演员秦海璐、袁泉、辛柏青经过表演积累，特别是两位女演员，都曾经在戏校学习过传统戏剧，她们凭借细腻成熟的舞台呈现，将这部剧演绎成国家话剧院当之无愧的保留剧目。此番剧院大胆起用新生代，是对青年演员的磨砺试炼，也是对戏剧文脉的薪火传承。
年轻演员初登舞台，纵然眉眼间带着几分青涩，却不见半点怯懦畏缩。辛柏青、袁泉、秦海璐等艺术家，恪守国家话剧院“传帮带”的传统，倾囊相授、悉心引路。从台词的韵律节奏、身段的章法分寸，到人物的心境格局、舞台的气氛拿捏，事无巨细、毫无保留。年轻演员亦谦逊好学、潜心打磨，在一遍遍排练中雕琢细节，在一次次复盘中修正精进，悄然完成从懵懂稚嫩到从容笃定的舞台蜕变。
从蓉城成都的惊艳首演，到盛夏羊城的火热巡演，这些年轻人交出了一份亮眼的答卷。成都首演之夜，观众称赞新人有灵气、身姿有韵致，古典风采与青春意气相融相生，格外动人。广州暑气蒸腾，3小时的大戏一日双场，休息不到1个小时，第二场戏便紧锣开演。他们全力以赴，戏服被汗水反复浸透，无人懈怠松懈，用脚踏实地的拼搏，不负观众每一场的奔赴与等候。
4位青年主演分寸有度、各具风采。韩佳容演绎的青蛇，灵动烂漫、爱恨坦荡，将角色的天真果敢诠释得自然纯粹。马小雅演绎白蛇，苦练身段步法，以恒心揣度人物，以磨砺沉淀气韵，稳稳撑起白蛇的温婉端庄与人物的深情厚意。胡晓龙扮演法海，不困于固有范式，演绎得有传统韵味，也有年轻人的锋芒。刘恒甫精准捕捉许仙的复杂心性，细腻刻画角色的赤诚与犹疑、颠倒与梦想，引人共情。
国家话剧院数十年的艺术积淀，从来不是一朝一夕之功，而是一代代话剧工作者前赴后继、德艺兼修、深耕不辍的结果。前辈艺术家用心雕琢精品，以匠心树立标杆。新生代演员坚守热爱、褪去稚气，以勤勉淬炼功底，努力接续中国戏剧的艺术风骨。
舞台常青，青春不息；经典恒新，文脉永续。
（作者为中国国家话剧院院长）","# 经典永续正少年（创作谈）

> 田沁鑫《人民日报》（2026年06月25日第 20 版）

话剧《青蛇》剧照。　　塔  苏摄

话剧《青蛇》剧照。

塔  苏摄

作为话剧《青蛇》的编剧与导演，将这部被观众认可的剧目，在首演13年后，由中国国家话剧院一众00后青年演员接棒登台、辗转巡演，心中自是欣慰。一方舞台，新老接续，优秀剧目不再受时间之阻，焕发出鲜活的少年生机。

《青蛇》脱胎于李碧华的同名小说，将中式雅致审美与当代人文思考融为一体，力求文辞隽永、意蕴悠长。我在导演中，要求演员探索“中国式演剧观”，从理论到实践，对演员的身段气韵、情绪掌控、角色体悟都有很高要求。原版《青蛇》演员秦海璐、袁泉、辛柏青经过表演积累，特别是两位女演员，都曾经在戏校学习过传统戏剧，她们凭借细腻成熟的舞台呈现，将这部剧演绎成国家话剧院当之无愧的保留剧目。此番剧院大胆起用新生代，是对青年演员的磨砺试炼，也是对戏剧文脉的薪火传承。

年轻演员初登舞台，纵然眉眼间带着几分青涩，却不见半点怯懦畏缩。辛柏青、袁泉、秦海璐等艺术家，恪守国家话剧院“传帮带”的传统，倾囊相授、悉心引路。从台词的韵律节奏、身段的章法分寸，到人物的心境格局、舞台的气氛拿捏，事无巨细、毫无保留。年轻演员亦谦逊好学、潜心打磨，在一遍遍排练中雕琢细节，在一次次复盘中修正精进，悄然完成从懵懂稚嫩到从容笃定的舞台蜕变。

从蓉城成都的惊艳首演，到盛夏羊城的火热巡演，这些年轻人交出了一份亮眼的答卷。成都首演之夜，观众称赞新人有灵气、身姿有韵致，古典风采与青春意气相融相生，格外动人。广州暑气蒸腾，3小时的大戏一日双场，休息不到1个小时，第二场戏便紧锣开演。他们全力以赴，戏服被汗水反复浸透，无人懈怠松懈，用脚踏实地的拼搏，不负观众每一场的奔赴与等候。

4位青年主演分寸有度、各具风采。韩佳容演绎的青蛇，灵动烂漫、爱恨坦荡，将角色的天真果敢诠释得自然纯粹。马小雅演绎白蛇，苦练身段步法，以恒心揣度人物，以磨砺沉淀气韵，稳稳撑起白蛇的温婉端庄与人物的深情厚意。胡晓龙扮演法海，不困于固有范式，演绎得有传统韵味，也有年轻人的锋芒。刘恒甫精准捕捉许仙的复杂心性，细腻刻画角色的赤诚与犹疑、颠倒与梦想，引人共情。

国家话剧院数十年的艺术积淀，从来不是一朝一夕之功，而是一代代话剧工作者前赴后继、德艺兼修、深耕不辍的结果。前辈艺术家用心雕琢精品，以匠心树立标杆。新生代演员坚守热爱、褪去稚气，以勤勉淬炼功底，努力接续中国戏剧的艺术风骨。

舞台常青，青春不息；经典恒新，文脉永续。

（作者为中国国家话剧院院长）",田沁鑫,副刊,,https://paper.people.com.cn/rmrb/pc/content/202606/25/content_30164725.html,2026-06-25,"['青蛇', '话剧院', '演员', '舞台', '话剧', '演绎', '身段', '文脉', '首演', '秦海璐']","话剧《青蛇》剧照。塔  苏摄
话剧《青蛇》剧照。
塔  苏摄",政治,,,[],data/vault/2026/06/2026-06-25/20-副刊/经典永续正少年（创作谈）.md,20,副刊
