title,content,markdown_body,author,plate,series_name,url,date,keywords,summary,category,series_id,series_part,related_titles,markdown_path,section_no,section_name
完整准确全面贯彻新时代党的治疆方略  推动“十五五”时期新疆现代化建设迈出坚实步伐,"新华社乌鲁木齐6月9日电  （记者丁小溪）中共中央政治局常委、全国政协主席王沪宁5日至9日在新疆调研。他表示，党的十八大以来，在以习近平同志为核心的党中央坚强领导下，新疆步入历史上最好的发展时期，呈现天山南北稳定祥和、各族人民安居乐业的良好局面。要深入贯彻落实党的二十届四中全会精神，贯彻落实习近平总书记关于新疆工作的重要讲话精神和新时代党的治疆方略，牢牢扭住新疆工作总目标，持续抓好事关新疆长治久安的根本性基础性长远性工作，推动“十五五”时期建设社会主义现代化新疆迈出坚实步伐。
王沪宁来到哈密市、和田地区和兵团第十三师、第十四师调研，深入城镇、农村、企业、兵团连队等，了解加强民族团结、发展特色优势产业、开展文化润疆、深化兵地融合、推进强村富民、强化基层治理等情况，并同各族干部群众座谈交流。
王沪宁表示，“十五五”时期是实现新疆社会稳定和长治久安的关键时期，新疆发展站在新的起点上。要始终把维护社会稳定摆在首位，加强和创新社会治理，推进反恐维稳法治化常态化，进一步巩固社会大局稳定向好势头。要把铸牢中华民族共同体意识主线贯穿新疆工作始终，有形有感有效推进中华民族共同体建设，抓好民族团结进步促进法贯彻实施，加强宗教事务治理法治化，促进各族群众更加广泛深入地交往交流交融。要锚定“五大战略定位”谋划推动新疆高质量发展，因地制宜发展新质生产力，构建具有新疆特色优势的现代化产业体系，加快丝绸之路经济带核心区建设，推动发展更好惠及民生、凝聚人心、增进团结、促进稳定。要加快推动南疆发展，巩固拓展脱贫攻坚成果，多渠道扩大就业容量。要加强文化润疆，办好新疆教育特别是高等教育，推动文化旅游融合发展，讲好新时代新疆故事。要坚持“兵地一盘棋”，推进兵地全方位深度融合，不断形成新时代兵团维稳戍边新优势。
李干杰一同调研。","### 王沪宁在新疆调研时强调

# 完整准确全面贯彻新时代党的治疆方略  推动“十五五”时期新疆现代化建设迈出坚实步伐

> 《人民日报》（2026年06月10日第 02 版）

新华社乌鲁木齐6月9日电  （记者丁小溪）中共中央政治局常委、全国政协主席王沪宁5日至9日在新疆调研。他表示，党的十八大以来，在以习近平同志为核心的党中央坚强领导下，新疆步入历史上最好的发展时期，呈现天山南北稳定祥和、各族人民安居乐业的良好局面。要深入贯彻落实党的二十届四中全会精神，贯彻落实习近平总书记关于新疆工作的重要讲话精神和新时代党的治疆方略，牢牢扭住新疆工作总目标，持续抓好事关新疆长治久安的根本性基础性长远性工作，推动“十五五”时期建设社会主义现代化新疆迈出坚实步伐。

王沪宁来到哈密市、和田地区和兵团第十三师、第十四师调研，深入城镇、农村、企业、兵团连队等，了解加强民族团结、发展特色优势产业、开展文化润疆、深化兵地融合、推进强村富民、强化基层治理等情况，并同各族干部群众座谈交流。

王沪宁表示，“十五五”时期是实现新疆社会稳定和长治久安的关键时期，新疆发展站在新的起点上。要始终把维护社会稳定摆在首位，加强和创新社会治理，推进反恐维稳法治化常态化，进一步巩固社会大局稳定向好势头。要把铸牢中华民族共同体意识主线贯穿新疆工作始终，有形有感有效推进中华民族共同体建设，抓好民族团结进步促进法贯彻实施，加强宗教事务治理法治化，促进各族群众更加广泛深入地交往交流交融。要锚定“五大战略定位”谋划推动新疆高质量发展，因地制宜发展新质生产力，构建具有新疆特色优势的现代化产业体系，加快丝绸之路经济带核心区建设，推动发展更好惠及民生、凝聚人心、增进团结、促进稳定。要加快推动南疆发展，巩固拓展脱贫攻坚成果，多渠道扩大就业容量。要加强文化润疆，办好新疆教育特别是高等教育，推动文化旅游融合发展，讲好新时代新疆故事。要坚持“兵地一盘棋”，推进兵地全方位深度融合，不断形成新时代兵团维稳戍边新优势。

李干杰一同调研。",,要闻,,https://paper.people.com.cn/rmrb/pc/content/202606/10/content_30162243.html,2026-06-10,"['新疆', '王沪宁', '兵地', '推动', '发展', '稳定', '法治化', '十五', '治疆', '润疆']","新华社乌鲁木齐6月9日电  （记者丁小溪）中共中央政治局常委、全国政协主席王沪宁5日至9日在新疆调研。他表示，党的十八大以来，在以习近平同志为核心的党中央坚强领导下，新疆步入历史上最好的发展时期，呈现天山南北稳定祥和、各族人民安居乐业的良好局面。要深入贯彻落实党的二十届四中全会精神，贯彻落实习近平总书记关于新疆工作的重要讲话精神和新时代党的治疆方略，牢牢扭住新疆工作总目标，持续抓好事关新疆长治久安的根本性基础性长远性工作，推动“十五五”时期建设社会主义现代化新疆迈出坚实步伐。
王沪宁来到哈密市、和田地区和兵团第十三师、第十四师调研，深入城镇、农村、企业、兵团连队等，了解加强民族团结、发展特色优势产业、开展文化润疆、深化兵地融合、推进强村富民、强化基层治理等情况，并同各族干部群众座谈交流。
王沪宁表示，“十五五”时期是实现新疆社会稳定和长治久安的关键时期，新疆发展站在新的起点上。要始终把维护社会稳定摆在首位，加强和创新社会治理，推进反恐维稳法治化常态化，进一步巩固社会大局稳定向好势头。要把铸牢中华民族共同体意识主线贯穿新疆工作始终，有形有感有效推进中华民族共同体建设，抓好民族团结进步促进法贯彻实施，加强宗教事务治理法治化，促进各族群众更加广泛深入地交往交流交融。要锚定“五大战略定位”谋划推动新疆高质量发展，因地制宜发展新质生产力，构建具有新疆特色优势的现代化产业体系，加快丝绸之路经济带核心区建设，推动发展更好惠及民生、凝聚人心、增进团结、促进稳定。要加快推动南疆发展，巩固拓展脱贫攻坚成果，多渠道扩大就业容量。要加强文化润疆，办好新疆教育特别是高等教育，推动文化旅游融合发展，讲好新时代新疆故事。要坚持“兵地一盘棋”，推进兵地全方位深度融合，不断形成新时代兵团维稳戍边新优势。",政治,,,[],data/vault/2026/06/2026-06-10/02-要闻/完整准确全面贯彻新时代党的治疆方略 推动“十五五”时期新疆现代化建设迈出坚实步伐.md,02,要闻
从海水中开发一条产业链（海洋经济高质量发展一线见闻）,"福建省厦门市白城沙滩，浪花奔涌。被科研人员收集起来的部分海水，来到1公里外的自然资源部第三海洋研究所，被滴注进“液滴单细胞分选系统”。
“海水中有能分解海藻多糖的降解酶菌株。”自然资源部第三海洋研究所二级研究员、海洋生物资源开发利用工程技术创新中心主任曾润颖告诉记者，这种菌株如同强力碎纸机，能把红藻中的多糖成分“粉碎”成小分子糖，使之更易于被人体消化吸收，从而治疗干眼症、脱发、晒伤等。
从事海藻多糖降解酶研究20多年来，曾润颖已转化5个专利成果，技术应用于化妆品、饲料、食品、作物生长调节剂等产品中。他所在的第三海洋研究所储存了4万多株海洋微生物菌种，面向创新研发、成果孵化、产品开发等需求，提供全产业链“一站式”服务，让更多功能菌种被开发出来，创造更大价值。
来到厦门昶科生物工程有限公司，被收起的部分海水又化身为防治水产品、海产品细菌病害的“盾牌”。
“弧菌病害常见于人工养殖的虾蟹中。这种细菌在海水中也有，为什么没造成野生虾蟹死亡？”昶科公司首席科学家敬科举介绍，原因在于海水中存在弧菌的“天敌”——弧菌噬菌体，能够“吃掉”弧菌。
在公司生产车间，一台台发酵罐正在运行。“里面添加了由玉米加工而来的葡萄糖和酵母粉，在进行生物发酵。”敬科举说，通过自主研发，公司从海水中筛选、分离、提取弧菌噬菌体，并做成生物制剂，已经应用到畜禽养殖、植物种植领域，“这种产品只杀灭致病弧菌，不影响有益菌群，也不会污染环境。”
“向海问药”，科技创新与产业创新深度融合，让海水发挥更大价值。高纯度的氨糖药品、获国际认证的DHA藻油、产销量领先的辅酶Q10……厦门集聚海洋药物和生物制品企业100多家，形成围绕海洋生物制药、功能性食品的海洋生物开发利用产业链。
海洋经济发展离不开资金支持和政策激励。2025年9月，厦门将海洋药物、海洋营养食品、海洋生物农药等产业纳入海洋产业发展鼓励类指导目录，要求相关部门在制定修订信贷、土地、科技、人才等政策措施时予以支持。
“近5年，厦门海洋与渔业发展专项资金已经扶持企业43家、总投资额10.5亿元。”厦门市海洋发展局科技与海洋经济处处长李延龄介绍，厦门将持续推动海洋生物领域产学研合作和科技攻关，构建集人才、技术、成果、产品等优势于一体的海洋产业创新生态，助力海洋产业高质量发展。","### 福建厦门集聚超百家海洋药物和生物制品企业

# 从海水中开发一条产业链（海洋经济高质量发展一线见闻）

> 本报记者  付  文《人民日报》（2026年06月10日第 03 版）

福建省厦门市白城沙滩，浪花奔涌。被科研人员收集起来的部分海水，来到1公里外的自然资源部第三海洋研究所，被滴注进“液滴单细胞分选系统”。

“海水中有能分解海藻多糖的降解酶菌株。”自然资源部第三海洋研究所二级研究员、海洋生物资源开发利用工程技术创新中心主任曾润颖告诉记者，这种菌株如同强力碎纸机，能把红藻中的多糖成分“粉碎”成小分子糖，使之更易于被人体消化吸收，从而治疗干眼症、脱发、晒伤等。

从事海藻多糖降解酶研究20多年来，曾润颖已转化5个专利成果，技术应用于化妆品、饲料、食品、作物生长调节剂等产品中。他所在的第三海洋研究所储存了4万多株海洋微生物菌种，面向创新研发、成果孵化、产品开发等需求，提供全产业链“一站式”服务，让更多功能菌种被开发出来，创造更大价值。

来到厦门昶科生物工程有限公司，被收起的部分海水又化身为防治水产品、海产品细菌病害的“盾牌”。

“弧菌病害常见于人工养殖的虾蟹中。这种细菌在海水中也有，为什么没造成野生虾蟹死亡？”昶科公司首席科学家敬科举介绍，原因在于海水中存在弧菌的“天敌”——弧菌噬菌体，能够“吃掉”弧菌。

在公司生产车间，一台台发酵罐正在运行。“里面添加了由玉米加工而来的葡萄糖和酵母粉，在进行生物发酵。”敬科举说，通过自主研发，公司从海水中筛选、分离、提取弧菌噬菌体，并做成生物制剂，已经应用到畜禽养殖、植物种植领域，“这种产品只杀灭致病弧菌，不影响有益菌群，也不会污染环境。”

“向海问药”，科技创新与产业创新深度融合，让海水发挥更大价值。高纯度的氨糖药品、获国际认证的DHA藻油、产销量领先的辅酶Q10……厦门集聚海洋药物和生物制品企业100多家，形成围绕海洋生物制药、功能性食品的海洋生物开发利用产业链。

海洋经济发展离不开资金支持和政策激励。2025年9月，厦门将海洋药物、海洋营养食品、海洋生物农药等产业纳入海洋产业发展鼓励类指导目录，要求相关部门在制定修订信贷、土地、科技、人才等政策措施时予以支持。

“近5年，厦门海洋与渔业发展专项资金已经扶持企业43家、总投资额10.5亿元。”厦门市海洋发展局科技与海洋经济处处长李延龄介绍，厦门将持续推动海洋生物领域产学研合作和科技攻关，构建集人才、技术、成果、产品等优势于一体的海洋产业创新生态，助力海洋产业高质量发展。",付  文,要闻,,https://paper.people.com.cn/rmrb/pc/content/202606/10/content_30162254.html,2026-06-10,"['海洋', '弧菌', '海水', '海洋生物', '厦门', '多糖', '产业', '曾润颖', '创新', '产业链']","福建省厦门市白城沙滩，浪花奔涌。被科研人员收集起来的部分海水，来到1公里外的自然资源部第三海洋研究所，被滴注进“液滴单细胞分选系统”。
“海水中有能分解海藻多糖的降解酶菌株。”自然资源部第三海洋研究所二级研究员、海洋生物资源开发利用工程技术创新中心主任曾润颖告诉记者，这种菌株如同强力碎纸机，能把红藻中的多糖成分“粉碎”成小分子糖，使之更易于被人体消化吸收，从而治疗干眼症、脱发、晒伤等。
从事海藻多糖降解酶研究20多年来，曾润颖已转化5个专利成果，技术应用于化妆品、饲料、食品、作物生长调节剂等产品中。他所在的第三海洋研究所储存了4万多株海洋微生物菌种，面向创新研发、成果孵化、产品开发等需求，提供全产业链“一站式”服务，让更多功能菌种被开发出来，创造更大价值。",政治,,,[],data/vault/2026/06/2026-06-10/03-要闻/从海水中开发一条产业链（海洋经济高质量发展一线见闻）.md,03,要闻
蝴蝶湾蝶变诠释发展温度（牢记初心使命  奋进复兴征程）,"午饭时间，上海静安区蝴蝶湾，蝴蝶食坊社区食堂飘出饭菜香。东坡肉、松鼠菊花鱼、黄金大排……居民陆续来就餐，不少常客把美食打包回家。
食堂旁就是人大践行全过程人民民主基层实践站，融合了人民意见征集、社区调解、儿童议事厅等功能。“实践站是党群阵地，也是扎根群众、按需服务的民生平台。”静安区石门二路街道党群服务中心负责人何涵卿说。
2019年11月，习近平总书记在上海考察时指出，“城市是人民的城市，人民城市为人民”“让人民有更多获得感，为人民创造更加幸福的美好生活”。2020年11月，习近平总书记在浦东开发开放30周年庆祝大会上指出，“城市建设必须把让人民宜居安居放在首位，把最好的资源留给人民。”
蝴蝶湾是毗邻苏州河的一片滨水公共区域。阳光下，河面波光粼粼，鲜花绿荫环抱，“蝴蝶堡”“邻里楼”“水晶宫”三栋焕新升级的建筑错落而立，坐落在包含篮球场、足球场、休闲步道、桥下空间等在内的蝴蝶湾公园中。俯瞰这里，犹如河边翩翩起舞的蝴蝶——曾经的无名河湾，由此被市民亲切唤为蝴蝶湾。这里没有围墙，全龄友好、开放共享，三栋建筑包含的32个功能空间全部一室多用，日间是办公开会、亲子阅读的场地，午间变身便民就餐区、休憩区，社区议事场所、公益课堂也设于此。
认真践行人民城市理念，蝴蝶湾滨河党群服务中心瞄准解决跨领域、跨部门、跨层级的“三跨”治理难题，贯通街委会、楼务会、业委会等平台，建立网格党建协调机制。为问需于民，街区党支部每月走访，系统汇集商户诉求，以“红橙黄蓝绿”五色预警图“挂图作战”，联动解决管道堵塞、油烟扰民、顶棚漏水等诸多难题。
石门二路街道网络自媒体联盟行业党支部书记孔晓峰，邀请多名网络博主开设线上直播间，常态化开展政策解读、公益科普。“有一次请骨科专家讲脊柱健康，线上有3万余人次观看。”孔晓峰说。
聚焦新就业群体需求，蝴蝶湾建成为新就业群体服务的暖心驿站，微波炉、冰箱、充电设备、应急药箱一应俱全。墙上贴着“一分钟如厕圈”便民地图，配套24小时淋浴间。“累了能歇脚、渴了有水喝，这里是我们的暖心小家。”外卖骑手王淑维笑着说。
苏州河湾，湾湾有故事。从昔日的棚户区到如今的现代化宜居社区，从曾经的“沿河不见河”到现在的“近水更亲水”，蝶变正在加速发生——2017年黄浦江核心段45公里滨江岸线贯通，2020年苏州河中心城段两岸42公里岸线基本贯通，如今“一江一河”岸线贯通里程已超过100公里。
不只是“蝴蝶湾”，浦东的“望江驿”、徐汇的“水岸汇”、普陀的“苏河轩”……上海“一江一河”沿线已建成百余处各具特色的公共空间，环境优美舒适、服务设施完善，人民宜居安居。江河岸线的变迁，诠释了一座城市的温度与初心——把最好的资源留给人民，让人民共享城市发展成果。
“将滨水空间打通开放为公共空间，让人民群众在城市生活得更方便、更舒心、更美好，这正是践行人民城市理念的生动体现。”同济大学教授伍江感慨。","### 上海持续改造提升“一江一河”沿线公共空间

# 蝴蝶湾蝶变诠释发展温度（牢记初心使命  奋进复兴征程）

> 本报记者  曹玲娟  崔  寅  刘书文《人民日报》（2026年06月10日第 04 版）

午饭时间，上海静安区蝴蝶湾，蝴蝶食坊社区食堂飘出饭菜香。东坡肉、松鼠菊花鱼、黄金大排……居民陆续来就餐，不少常客把美食打包回家。

食堂旁就是人大践行全过程人民民主基层实践站，融合了人民意见征集、社区调解、儿童议事厅等功能。“实践站是党群阵地，也是扎根群众、按需服务的民生平台。”静安区石门二路街道党群服务中心负责人何涵卿说。

2019年11月，习近平总书记在上海考察时指出，“城市是人民的城市，人民城市为人民”“让人民有更多获得感，为人民创造更加幸福的美好生活”。2020年11月，习近平总书记在浦东开发开放30周年庆祝大会上指出，“城市建设必须把让人民宜居安居放在首位，把最好的资源留给人民。”

蝴蝶湾是毗邻苏州河的一片滨水公共区域。阳光下，河面波光粼粼，鲜花绿荫环抱，“蝴蝶堡”“邻里楼”“水晶宫”三栋焕新升级的建筑错落而立，坐落在包含篮球场、足球场、休闲步道、桥下空间等在内的蝴蝶湾公园中。俯瞰这里，犹如河边翩翩起舞的蝴蝶——曾经的无名河湾，由此被市民亲切唤为蝴蝶湾。这里没有围墙，全龄友好、开放共享，三栋建筑包含的32个功能空间全部一室多用，日间是办公开会、亲子阅读的场地，午间变身便民就餐区、休憩区，社区议事场所、公益课堂也设于此。

认真践行人民城市理念，蝴蝶湾滨河党群服务中心瞄准解决跨领域、跨部门、跨层级的“三跨”治理难题，贯通街委会、楼务会、业委会等平台，建立网格党建协调机制。为问需于民，街区党支部每月走访，系统汇集商户诉求，以“红橙黄蓝绿”五色预警图“挂图作战”，联动解决管道堵塞、油烟扰民、顶棚漏水等诸多难题。

石门二路街道网络自媒体联盟行业党支部书记孔晓峰，邀请多名网络博主开设线上直播间，常态化开展政策解读、公益科普。“有一次请骨科专家讲脊柱健康，线上有3万余人次观看。”孔晓峰说。

聚焦新就业群体需求，蝴蝶湾建成为新就业群体服务的暖心驿站，微波炉、冰箱、充电设备、应急药箱一应俱全。墙上贴着“一分钟如厕圈”便民地图，配套24小时淋浴间。“累了能歇脚、渴了有水喝，这里是我们的暖心小家。”外卖骑手王淑维笑着说。

苏州河湾，湾湾有故事。从昔日的棚户区到如今的现代化宜居社区，从曾经的“沿河不见河”到现在的“近水更亲水”，蝶变正在加速发生——2017年黄浦江核心段45公里滨江岸线贯通，2020年苏州河中心城段两岸42公里岸线基本贯通，如今“一江一河”岸线贯通里程已超过100公里。

不只是“蝴蝶湾”，浦东的“望江驿”、徐汇的“水岸汇”、普陀的“苏河轩”……上海“一江一河”沿线已建成百余处各具特色的公共空间，环境优美舒适、服务设施完善，人民宜居安居。江河岸线的变迁，诠释了一座城市的温度与初心——把最好的资源留给人民，让人民共享城市发展成果。

“将滨水空间打通开放为公共空间，让人民群众在城市生活得更方便、更舒心、更美好，这正是践行人民城市理念的生动体现。”同济大学教授伍江感慨。",曹玲娟  崔  寅  刘书文,要闻,,https://paper.people.com.cn/rmrb/pc/content/202606/10/content_30162258.html,2026-06-10,"['蝴蝶', '人民', '城市', '党群', '岸线', '贯通', '践行', '宜居', '社区', '空间']","午饭时间，上海静安区蝴蝶湾，蝴蝶食坊社区食堂飘出饭菜香。东坡肉、松鼠菊花鱼、黄金大排……居民陆续来就餐，不少常客把美食打包回家。
食堂旁就是人大践行全过程人民民主基层实践站，融合了人民意见征集、社区调解、儿童议事厅等功能。“实践站是党群阵地，也是扎根群众、按需服务的民生平台。”静安区石门二路街道党群服务中心负责人何涵卿说。
2019年11月，习近平总书记在上海考察时指出，“城市是人民的城市，人民城市为人民”“让人民有更多获得感，为人民创造更加幸福的美好生活”。2020年11月，习近平总书记在浦东开发开放30周年庆祝大会上指出，“城市建设必须把让人民宜居安居放在首位，把最好的资源留给人民。”",政治,,,[],data/vault/2026/06/2026-06-10/04-要闻/蝴蝶湾蝶变诠释发展温度（牢记初心使命 奋进复兴征程）.md,04,要闻
传承共护一片山林（美丽中国行）,"声声啼叫穿透密林，在山谷中回荡。那是川金丝猴在呼朋引伴。在地处四川省阿坝藏族羌族自治州九寨沟县的四川白河国家级自然保护区里，这样的声音每天都会响起。
川金丝猴是我国特有的珍稀灵长类动物。在四川白河国家级自然保护区，川金丝猴种群数量达1700多只，是国内川金丝猴种群数量最大、密度最高、最具代表性的保护区。
随着群众保护意识日渐增强，当地生态环境逐年向好，生态多样性持续改善，川金丝猴数量稳步增长。日前，记者走进这片山林，寻找这一变化的答案。
接力巡护：见证生态环境一天天变好
唐玉林能听懂川金丝猴的叫声：哪些是公猴在警告，哪些是母猴在唤崽，哪些是小猴在玩耍。
今年58岁的唐玉林，是四川白河国家级自然保护区服务中心川金丝猴研究中心监测队队长。22岁时，他从父亲手中接过了巡护的接力棒，已经和川金丝猴打了36年交道，被人称为“猴王”。
谈到自己负责巡护的王家山区域，唐玉林打开了话匣子：“这里生活着168只野生川金丝猴，分为7个家族。这只体形不大，却实力惊人；那只嘴巴下边凹进去的，叫‘招财’……”他一边介绍，一边用手指引着记者在林间辨认，就像在介绍自己的老朋友。
这些年，唐玉林见证了川金丝猴活动范围的扩大、食物种类的增加，也看见了过去很难见到的绿尾虹雉、林麝、斑羚等动物。“说明这里的生态环境一天天在变好。”唐玉林说。
在唐玉林的影响下，侄子唐小刚也成为一名川金丝猴监测员，这样的监测员保护区共有12名。还有33名一线巡护人员，负责全域生物多样性监测。
过去，巡护人员靠的是脚、眼、笔，如今，他们手机里装上了“智绘自然巡护”系统，可以更便捷地录入相关信息和定位。此外，保护区布设了79台红外相机、32套实时监控设备、4台巡检无人机和10套电子界桩。“巡护工作比之前效率更高、精度更高。”唐玉林说。
“祖辈靠山吃山，靠的是砍树。我这辈还是靠山吃山，但靠的是保护生态。”唐小刚说。
自然教育：让下一代懂得如何守护自然
树梢上，几只川金丝猴正梳理毛发，幼猴紧贴母猴，好奇地向不远处的山间小路张望。那里，一群身着校服的孩子正认真听老师讲解，脸上难掩兴奋与好奇。
这是一所当地小学正在开展自然教育课。四川白河国家级自然保护区服务中心副主任汪文介绍，保护区开展自然教育已有3年，九寨沟县多所中小学参与其中。
“把生态教育课堂‘搬’进保护区很重要，我们这一代人不仅要守护好生态，更要培养好下一代人，让他们懂得为什么要守护自然、如何守护自然。”汪文说。
除了参观科普馆、亲手制作植物标本等常规活动，学生还可以进山，近距离观察各类植物和动物。“这种贴近自然的教育方式，让孩子们有了更丰富的学习体验。”汪文介绍。
担任自然教育导师的除了保护区工作人员，还有来自四川农业大学、西华师范大学等高校的师生。“这里海拔落差大，植被资源丰富，多所院校在保护区设立了科研基地。我们负责采集一手数据，他们负责深度研究。”汪文说，这些科研合作不仅提升了保护区的科学管护水平，也为自然教育提供了更扎实的素材——孩子们听到的讲解，不再是零散的知识点，而是基于长期科学监测的扎实研究。
生态红利：在家门口就业增收
过去，保护区周边有不少村民靠砍树卖木材为生。上世纪90年代当地全面禁伐后，许多人选择外出务工。
如今，情况发生了改变。保护区与相邻5个乡镇、17个村（社区）建立社区共建共管委员会，推动环境保护、自然教育、生态旅游等工作，既规范了保护区管理机制，也为村民提供了就业岗位。以九寨沟县白河乡为例，目前共有32名生态护林员在保护区工作，将于6月底对外营业的生态河谷漂流项目，还将提供45个工作岗位。
保护区的生态越来越好，川金丝猴成了这里的名片，也吸引了越来越多的关注。“过去村民并不在意村里的环境卫生，现在各家各户不仅把自家周围收拾得干干净净，还特别重视村庄的总体环境。”汪文说，“村民们打心底明白，环境好了、游客来了，收入也就提高了。”
“保护区对白河乡旅游经济发展的辐射带动作用明显。”白河乡乡长黄卫介绍，不少村民看准商机，办起民宿、售卖当地特产，目前全乡共有民宿房间700间，“去年全乡旅游综合收入超过2000万元。”
周边村庄还建起生态果园。白河乡太平村现有400亩矮化密植苹果园。眼下，5个品种的苹果长势正好，预计今年产量可达40万公斤，采收季节能为务工村民带来约2400元的人均收入。黄卫介绍，当地正依托果园推动农旅融合发展，打造果园观光、采摘等项目，“体验更丰富，相信来的人会更多。”
四川白河国家级自然保护区人与自然和谐共生的故事不是孤例。在中国，像这样的地方还有很多。在每一片被守护的山林背后，都藏着一个朴素的道理：人不负青山，青山定不负人。","# 传承共护一片山林（美丽中国行）

## ——四川白河国家级自然保护区行记

> 本报记者  武少民  尹  婕《人民日报》（2026年06月10日第 04 版）

声声啼叫穿透密林，在山谷中回荡。那是川金丝猴在呼朋引伴。在地处四川省阿坝藏族羌族自治州九寨沟县的四川白河国家级自然保护区里，这样的声音每天都会响起。

川金丝猴是我国特有的珍稀灵长类动物。在四川白河国家级自然保护区，川金丝猴种群数量达1700多只，是国内川金丝猴种群数量最大、密度最高、最具代表性的保护区。

随着群众保护意识日渐增强，当地生态环境逐年向好，生态多样性持续改善，川金丝猴数量稳步增长。日前，记者走进这片山林，寻找这一变化的答案。

**接力巡护：见证生态环境一天天变好**

唐玉林能听懂川金丝猴的叫声：哪些是公猴在警告，哪些是母猴在唤崽，哪些是小猴在玩耍。

今年58岁的唐玉林，是四川白河国家级自然保护区服务中心川金丝猴研究中心监测队队长。22岁时，他从父亲手中接过了巡护的接力棒，已经和川金丝猴打了36年交道，被人称为“猴王”。

谈到自己负责巡护的王家山区域，唐玉林打开了话匣子：“这里生活着168只野生川金丝猴，分为7个家族。这只体形不大，却实力惊人；那只嘴巴下边凹进去的，叫‘招财’……”他一边介绍，一边用手指引着记者在林间辨认，就像在介绍自己的老朋友。

这些年，唐玉林见证了川金丝猴活动范围的扩大、食物种类的增加，也看见了过去很难见到的绿尾虹雉、林麝、斑羚等动物。“说明这里的生态环境一天天在变好。”唐玉林说。

在唐玉林的影响下，侄子唐小刚也成为一名川金丝猴监测员，这样的监测员保护区共有12名。还有33名一线巡护人员，负责全域生物多样性监测。

过去，巡护人员靠的是脚、眼、笔，如今，他们手机里装上了“智绘自然巡护”系统，可以更便捷地录入相关信息和定位。此外，保护区布设了79台红外相机、32套实时监控设备、4台巡检无人机和10套电子界桩。“巡护工作比之前效率更高、精度更高。”唐玉林说。

“祖辈靠山吃山，靠的是砍树。我这辈还是靠山吃山，但靠的是保护生态。”唐小刚说。

**自然教育：让下一代懂得如何守护自然**

树梢上，几只川金丝猴正梳理毛发，幼猴紧贴母猴，好奇地向不远处的山间小路张望。那里，一群身着校服的孩子正认真听老师讲解，脸上难掩兴奋与好奇。

这是一所当地小学正在开展自然教育课。四川白河国家级自然保护区服务中心副主任汪文介绍，保护区开展自然教育已有3年，九寨沟县多所中小学参与其中。

“把生态教育课堂‘搬’进保护区很重要，我们这一代人不仅要守护好生态，更要培养好下一代人，让他们懂得为什么要守护自然、如何守护自然。”汪文说。

除了参观科普馆、亲手制作植物标本等常规活动，学生还可以进山，近距离观察各类植物和动物。“这种贴近自然的教育方式，让孩子们有了更丰富的学习体验。”汪文介绍。

担任自然教育导师的除了保护区工作人员，还有来自四川农业大学、西华师范大学等高校的师生。“这里海拔落差大，植被资源丰富，多所院校在保护区设立了科研基地。我们负责采集一手数据，他们负责深度研究。”汪文说，这些科研合作不仅提升了保护区的科学管护水平，也为自然教育提供了更扎实的素材——孩子们听到的讲解，不再是零散的知识点，而是基于长期科学监测的扎实研究。

**生态红利：在家门口就业增收**

过去，保护区周边有不少村民靠砍树卖木材为生。上世纪90年代当地全面禁伐后，许多人选择外出务工。

如今，情况发生了改变。保护区与相邻5个乡镇、17个村（社区）建立社区共建共管委员会，推动环境保护、自然教育、生态旅游等工作，既规范了保护区管理机制，也为村民提供了就业岗位。以九寨沟县白河乡为例，目前共有32名生态护林员在保护区工作，将于6月底对外营业的生态河谷漂流项目，还将提供45个工作岗位。

保护区的生态越来越好，川金丝猴成了这里的名片，也吸引了越来越多的关注。“过去村民并不在意村里的环境卫生，现在各家各户不仅把自家周围收拾得干干净净，还特别重视村庄的总体环境。”汪文说，“村民们打心底明白，环境好了、游客来了，收入也就提高了。”

“保护区对白河乡旅游经济发展的辐射带动作用明显。”白河乡乡长黄卫介绍，不少村民看准商机，办起民宿、售卖当地特产，目前全乡共有民宿房间700间，“去年全乡旅游综合收入超过2000万元。”

周边村庄还建起生态果园。白河乡太平村现有400亩矮化密植苹果园。眼下，5个品种的苹果长势正好，预计今年产量可达40万公斤，采收季节能为务工村民带来约2400元的人均收入。黄卫介绍，当地正依托果园推动农旅融合发展，打造果园观光、采摘等项目，“体验更丰富，相信来的人会更多。”

四川白河国家级自然保护区人与自然和谐共生的故事不是孤例。在中国，像这样的地方还有很多。在每一片被守护的山林背后，都藏着一个朴素的道理：人不负青山，青山定不负人。",武少民  尹  婕,要闻,,https://paper.people.com.cn/rmrb/pc/content/202606/10/content_30162260.html,2026-06-10,"['金丝猴', '保护区', '巡护', '白河', '玉林', '生态', '自然', '村民', '守护', '国家级']","声声啼叫穿透密林，在山谷中回荡。那是川金丝猴在呼朋引伴。在地处四川省阿坝藏族羌族自治州九寨沟县的四川白河国家级自然保护区里，这样的声音每天都会响起。
川金丝猴是我国特有的珍稀灵长类动物。在四川白河国家级自然保护区，川金丝猴种群数量达1700多只，是国内川金丝猴种群数量最大、密度最高、最具代表性的保护区。
随着群众保护意识日渐增强，当地生态环境逐年向好，生态多样性持续改善，川金丝猴数量稳步增长。日前，记者走进这片山林，寻找这一变化的答案。",政治,,,[],data/vault/2026/06/2026-06-10/04-要闻/传承共护一片山林（美丽中国行）.md,04,要闻
技能培训照亮求职之路（稳就业·我的求职故事）,"雨后的广东广州，空气清新。西安电子科技大学广州研究院内，广州市机电技师学院学生杨楚伟准备开始一天的工作。今年3月，作为首批进入广东省青年技师工作站接受培养的人员，杨楚伟完成课程学习后“无缝衔接”进入企业实训，在研究院协助企业完成一部分编程工作。
2025年以来，广东启动“技能照亮前程  人才赋能产业”大规模职业技能提升培训行动，出台24项措施，实施数字经济、家政服务、医疗护理等专项培训计划，持续创新高技能人才培养模式。
校企协同创新，实现双向奔赴
“智慧立体库调试与运营、复合机器人调试、生产线与管理运营系统对接……”进入青年技师工作站第一天，拿到课程安排表的杨楚伟难掩内心激动，“智能制造的每一项关键技术都在课程里，与实际工作内容紧密相关，我可得好好学！”
杨楚伟的专业是电气自动化，在编程方面有一定基础。2024年毕业后，杨楚伟的第一份工作与专业并不对口，一段时间之后，他对未来职业发展有些困惑。
“去年，我在网上看到西安电子科技大学广州研究院与佳帆科技、广州市机电技师学院共建青年技师工作站的消息，马上决定报名。”杨楚伟辞职后，加入了这个为技能人才量身定制的“实战练兵场”和“就业直通车”。
“广东创新开展青年技师工作站建设，以技术攻关、人才培养、资源开发、技能服务为重点功能，搭建起技术创新与企业发展深度融合的综合性服务平台。”广东省人社厅技管处相关负责人介绍。
广州市机电技师学院机电系副主任李阳介绍，青年技师工作站实行“院校老师+学生骨干+企业工程师”三方协同的师徒传承机制，培养周期通常为两年，学生需要完成7个模块的课程学习，并经历3个企业项目实战研修。
在企业开放的底层算法和技术平台上，杨楚伟参与到真实技研项目中；在装配钳工课上，他在智能车间工业操作台上操控机械臂……具体的项目参与让杨楚伟实现了技能跃升。
青年技师工作站推行“校企合作共同培养”的模式。“学生入站时往往就与佳帆科技签订了就业协议，考核合格后直接入职，打通了从校园到企业的‘最后一公里’。”广州市机电技师学院院长吴洪东说。
微课程嵌入，灵活适配产业新赛道
黄松涛曾是广州市技师学院的一名普通学生，如今已是小动物神经与高阶影像领域的知名“金蓝领”医师。他的职业发展，始于学院创新的“微专业、微课程”育人模式。
紧扣行业发展趋势，广州市技师学院打破传统学科壁垒，打造了短周期、高聚焦、可叠加的课程集群，实现了“主专业+辅修模块”灵活组合，精准对接岗位需求。
“微课程不是学得少，而是学得准。”广州市技师学院专职党委副书记陈实说。
“这种模式是教育体系对产业快速变化的及时适应，侧重于培养能直接满足企业技能需求的人才，是职业教育为适配产业周期引入的‘快速调节器’。”清华大学基础工业训练中心教授汤彬表示。
“在校期间，除了完成主专业的学习之外，我还系统修读了宠物外科、影像诊断等微课程。”黄松涛说，这些源自企业岗位需求的课程，让自己更早了解到行业关键技能，实现了“所学即所用”。
“为应对产业技术快速迭代，广东持续深化技能生态链建设，将企业评价标准转化为模块化课程，灵活嵌入学生主专业学习。”广东省职业技术教研室主任陈锋介绍。
目前，广东已在数字营销、低空经济、智能汽车、智能制造、智能机器人五大领域形成了16个微专业、68门微课程的教学指南，为全省技能人才培养提供了标准化、可操作的蓝本。
瞄准岗位需求，联合培养人才
如果说“微专业、微课程”是技能培养的加速器，那么“项目制培养”则是打磨工匠本领的实战场。
从小喜欢飞机的华家敏，高中毕业后报读了广东珠海市技师学院，成为2025级飞机维修专业四年制技师班的一员。
珠海市技师学院与香港职业训练局于2024年9月签署联合培养合作备忘录，共同开展飞机维修、机电一体化两个四年制技师专业建设。
“我印象最深的课程是航空发动机维修实训课程，相关教材是基于航空发动机维修企业的作业指导书和作业标准，由我们学校与合作企业横琴小翼飞机技术有限公司共同研究、提炼形成的。”华家敏说，“在双导师联合指导下，通过现场实操实训，我学会钢丝螺套更换、柄螺母更换、气动砂轮机打磨等航空发动机维修操作技能，而且更加熟悉航企作业规范、工艺与质检要求，能够紧密围绕企业岗位开展技能学习，缩短在企业的岗位适应期。”
“我选择这个专业，一是热爱航空行业，二是看好发展前景。通过项目制培养能学到真本事，就业方向明确、机会多，还有机会在毕业前赴香港实习，未来也有留在香港航空企业工作的机会。”华家敏说。
“联合培养项目打通了区域壁垒，对接港澳产业标准，将学院建设、微专业开发、产教评生态构建有机串联，实现人才培养、产业需求、技能评价三方精准适配，为粤港澳大湾区技能人才联合培养开辟全新路径。”珠海市技师学院党委书记、院长黄国军表示。
据介绍，广东推行“产教评”“项目制”“订单式”等培训模式，瞄准就业岗位需求，依托技工院校、培训机构等为企业量身定制培训方案、定向输出技能人才，实现“结业即上岗”；同时围绕地方产业发展和市场需求设置培训项目，引导推动技能培训更好地服务产业。","### 广东开展大规模职业技能提升培训行动

# 技能培训照亮求职之路（稳就业·我的求职故事）

> 本报记者  洪秋婷《人民日报》（2026年06月10日第 04 版）

雨后的广东广州，空气清新。西安电子科技大学广州研究院内，广州市机电技师学院学生杨楚伟准备开始一天的工作。今年3月，作为首批进入广东省青年技师工作站接受培养的人员，杨楚伟完成课程学习后“无缝衔接”进入企业实训，在研究院协助企业完成一部分编程工作。

2025年以来，广东启动“技能照亮前程  人才赋能产业”大规模职业技能提升培训行动，出台24项措施，实施数字经济、家政服务、医疗护理等专项培训计划，持续创新高技能人才培养模式。

**校企协同创新，实现双向奔赴**

“智慧立体库调试与运营、复合机器人调试、生产线与管理运营系统对接……”进入青年技师工作站第一天，拿到课程安排表的杨楚伟难掩内心激动，“智能制造的每一项关键技术都在课程里，与实际工作内容紧密相关，我可得好好学！”

杨楚伟的专业是电气自动化，在编程方面有一定基础。2024年毕业后，杨楚伟的第一份工作与专业并不对口，一段时间之后，他对未来职业发展有些困惑。

“去年，我在网上看到西安电子科技大学广州研究院与佳帆科技、广州市机电技师学院共建青年技师工作站的消息，马上决定报名。”杨楚伟辞职后，加入了这个为技能人才量身定制的“实战练兵场”和“就业直通车”。

“广东创新开展青年技师工作站建设，以技术攻关、人才培养、资源开发、技能服务为重点功能，搭建起技术创新与企业发展深度融合的综合性服务平台。”广东省人社厅技管处相关负责人介绍。

广州市机电技师学院机电系副主任李阳介绍，青年技师工作站实行“院校老师+学生骨干+企业工程师”三方协同的师徒传承机制，培养周期通常为两年，学生需要完成7个模块的课程学习，并经历3个企业项目实战研修。

在企业开放的底层算法和技术平台上，杨楚伟参与到真实技研项目中；在装配钳工课上，他在智能车间工业操作台上操控机械臂……具体的项目参与让杨楚伟实现了技能跃升。

青年技师工作站推行“校企合作共同培养”的模式。“学生入站时往往就与佳帆科技签订了就业协议，考核合格后直接入职，打通了从校园到企业的‘最后一公里’。”广州市机电技师学院院长吴洪东说。

**微课程嵌入，灵活适配产业新赛道**

黄松涛曾是广州市技师学院的一名普通学生，如今已是小动物神经与高阶影像领域的知名“金蓝领”医师。他的职业发展，始于学院创新的“微专业、微课程”育人模式。

紧扣行业发展趋势，广州市技师学院打破传统学科壁垒，打造了短周期、高聚焦、可叠加的课程集群，实现了“主专业+辅修模块”灵活组合，精准对接岗位需求。

“微课程不是学得少，而是学得准。”广州市技师学院专职党委副书记陈实说。

“这种模式是教育体系对产业快速变化的及时适应，侧重于培养能直接满足企业技能需求的人才，是职业教育为适配产业周期引入的‘快速调节器’。”清华大学基础工业训练中心教授汤彬表示。

“在校期间，除了完成主专业的学习之外，我还系统修读了宠物外科、影像诊断等微课程。”黄松涛说，这些源自企业岗位需求的课程，让自己更早了解到行业关键技能，实现了“所学即所用”。

“为应对产业技术快速迭代，广东持续深化技能生态链建设，将企业评价标准转化为模块化课程，灵活嵌入学生主专业学习。”广东省职业技术教研室主任陈锋介绍。

目前，广东已在数字营销、低空经济、智能汽车、智能制造、智能机器人五大领域形成了16个微专业、68门微课程的教学指南，为全省技能人才培养提供了标准化、可操作的蓝本。

**瞄准岗位需求，联合培养人才**

如果说“微专业、微课程”是技能培养的加速器，那么“项目制培养”则是打磨工匠本领的实战场。

从小喜欢飞机的华家敏，高中毕业后报读了广东珠海市技师学院，成为2025级飞机维修专业四年制技师班的一员。

珠海市技师学院与香港职业训练局于2024年9月签署联合培养合作备忘录，共同开展飞机维修、机电一体化两个四年制技师专业建设。

“我印象最深的课程是航空发动机维修实训课程，相关教材是基于航空发动机维修企业的作业指导书和作业标准，由我们学校与合作企业横琴小翼飞机技术有限公司共同研究、提炼形成的。”华家敏说，“在双导师联合指导下，通过现场实操实训，我学会钢丝螺套更换、柄螺母更换、气动砂轮机打磨等航空发动机维修操作技能，而且更加熟悉航企作业规范、工艺与质检要求，能够紧密围绕企业岗位开展技能学习，缩短在企业的岗位适应期。”

“我选择这个专业，一是热爱航空行业，二是看好发展前景。通过项目制培养能学到真本事，就业方向明确、机会多，还有机会在毕业前赴香港实习，未来也有留在香港航空企业工作的机会。”华家敏说。

“联合培养项目打通了区域壁垒，对接港澳产业标准，将学院建设、微专业开发、产教评生态构建有机串联，实现人才培养、产业需求、技能评价三方精准适配，为粤港澳大湾区技能人才联合培养开辟全新路径。”珠海市技师学院党委书记、院长黄国军表示。

据介绍，广东推行“产教评”“项目制”“订单式”等培训模式，瞄准就业岗位需求，依托技工院校、培训机构等为企业量身定制培训方案、定向输出技能人才，实现“结业即上岗”；同时围绕地方产业发展和市场需求设置培训项目，引导推动技能培训更好地服务产业。",洪秋婷,要闻,,https://paper.people.com.cn/rmrb/pc/content/202606/10/content_30162263.html,2026-06-10,"['技师', '技能', '课程', '杨楚伟', '学院', '专业', '企业', '培养', '工作站', '培训']","雨后的广东广州，空气清新。西安电子科技大学广州研究院内，广州市机电技师学院学生杨楚伟准备开始一天的工作。今年3月，作为首批进入广东省青年技师工作站接受培养的人员，杨楚伟完成课程学习后“无缝衔接”进入企业实训，在研究院协助企业完成一部分编程工作。
2025年以来，广东启动“技能照亮前程  人才赋能产业”大规模职业技能提升培训行动，出台24项措施，实施数字经济、家政服务、医疗护理等专项培训计划，持续创新高技能人才培养模式。
校企协同创新，实现双向奔赴",经济,,,[],data/vault/2026/06/2026-06-10/04-要闻/技能培训照亮求职之路（稳就业·我的求职故事）.md,04,要闻
下河莫怕漩涡多,"大事难事看担当。习近平总书记强调：“干部敢于担当作为，这既是政治品格，也是从政本分。”敢于担当、善于作为，事不避难、义不逃责，才能不断打开工作新局面。本期大家谈，我们选刊3篇来稿，与大家共同思考如何更好在为民服务中展现新作为、在实干担当中创造新业绩。
——编  者
当“有办法”的干部
山东省济南市  于鑫鹏
朋友家所在的小区，电梯因故障停运，街道接到反映后，迅速协调物业、居民代表召开恳谈会，协商维修方案，问题很快得到解决。一名干部的话令朋友印象深刻，“不怕没办法，就怕没想办法”。
为民服务，就要有等不起、慢不得、坐不住的责任感。面对问题，有的干部以“正在研究”充当挡箭牌，习惯把“再等等”作为缓兵之计，这既有担当精神不足的问题，也有能力不够的原因。有的是内心不想办，认为多一事不如少一事，不如三言两语应付过去；有的是怕事不敢办，担心处理不好担责任，触及矛盾“引火烧身”；还有的是自己不会干，政策不清、水平不够、底气不足，只能用“拖”字诀。
办法是想出来的，也是在解决问题的过程中摸索出来的。如果遇到事就躲，碰着困难就绕，问题只会层层叠加，最后“落实”变“落空”。把功夫下在平时，一刻不停学习充电，注重在事上磨，强化有解思维、优解思维，才能做到“手中有招、心中不慌”。
下河莫怕漩涡多，打铁莫怕火烫脚。当“有办法”的干部，这是职责所在，也是群众期盼。
忙也有门道
贵州省贵阳市  杨文奇
“开会连轴转”“到家快凌晨”“周末没休息”……去基层调研，发现有的干部常把这些话挂在嘴边，但被问到解决了什么问题、解决得怎么样，却三缄其口。类似情况，值得警惕。
把“忙”当作成绩，折射3种认识错位。一是用苦劳替代功劳。功劳是干事创业的成果，也是苦劳的直接展现，但若仅以加班时长、会议频次等作为衡量标准，就容易滋生形式主义。二是用姿态取代状态。在不在状态，不仅要看态度怎么样，更要看成效怎么样。三是只顾对上不顾对下。忙着在领导面前刷存在感，却忽视群众的急难愁盼，这样的“忙”只能是瞎忙、空忙。
忙就要忙在点子上。既要引导干部坚持效果导向，多问“忙出什么”，也要持续精简文山会海，把干部从无谓的事务中解放出来，还要在考核评价上从“看忙闲”转向“看实绩”，让实效说话、让群众评判。
忙也有门道。真正的政绩，不在嘴上的“忙忙碌碌”，而在脚下的“扎扎实实”。让干部把精力真正用在干实事、求实效上，干部的辛勤才能换来群众的幸福。
“大路宽”与“小巷安”
陕西省榆林市  吴宝文
家附近有两条路在施工。一边是大路的改造提升，推进快，施工完成后，迅速恢复通车；一边是背街小巷的小路整修，施工速度慢，一堆沙子堆在路边，来往车辆避让不及，沙子被碾得到处都是，雨天泥泞、晴天扬尘，影响人们出行。
城市发展，既要“大路宽”，也要“小巷安”。大路是城市的“脸面”，车辆通行数量多，修得快、修得好，理所当然；而小巷的小修小补，看似不起眼，但关系群众“家门口的生活”，与群众离得近，同样需要认真对待。小事不小，贵在办好。践行人民城市理念，就应把背街小巷的工作也做细做实做到位。
重面子，也要重里子。里子越厚实，面子才会越亮丽。克服“一俊遮百丑”的片面思维，坚持问题导向，将群众盼的转化为干部干的，才能让“民有所呼、我有所应”更加可感可及。","# 下河莫怕漩涡多
> 系列：大家谈·树立和践行正确政绩观⑦

> 《人民日报》（2026年06月10日第 05 版）

大事难事看担当。习近平总书记强调：“干部敢于担当作为，这既是政治品格，也是从政本分。”敢于担当、善于作为，事不避难、义不逃责，才能不断打开工作新局面。本期大家谈，我们选刊3篇来稿，与大家共同思考如何更好在为民服务中展现新作为、在实干担当中创造新业绩。

——编  者

当“有办法”的干部

山东省济南市  于鑫鹏

朋友家所在的小区，电梯因故障停运，街道接到反映后，迅速协调物业、居民代表召开恳谈会，协商维修方案，问题很快得到解决。一名干部的话令朋友印象深刻，“不怕没办法，就怕没想办法”。

为民服务，就要有等不起、慢不得、坐不住的责任感。面对问题，有的干部以“正在研究”充当挡箭牌，习惯把“再等等”作为缓兵之计，这既有担当精神不足的问题，也有能力不够的原因。有的是内心不想办，认为多一事不如少一事，不如三言两语应付过去；有的是怕事不敢办，担心处理不好担责任，触及矛盾“引火烧身”；还有的是自己不会干，政策不清、水平不够、底气不足，只能用“拖”字诀。

办法是想出来的，也是在解决问题的过程中摸索出来的。如果遇到事就躲，碰着困难就绕，问题只会层层叠加，最后“落实”变“落空”。把功夫下在平时，一刻不停学习充电，注重在事上磨，强化有解思维、优解思维，才能做到“手中有招、心中不慌”。

下河莫怕漩涡多，打铁莫怕火烫脚。当“有办法”的干部，这是职责所在，也是群众期盼。

忙也有门道

贵州省贵阳市  杨文奇

“开会连轴转”“到家快凌晨”“周末没休息”……去基层调研，发现有的干部常把这些话挂在嘴边，但被问到解决了什么问题、解决得怎么样，却三缄其口。类似情况，值得警惕。

把“忙”当作成绩，折射3种认识错位。一是用苦劳替代功劳。功劳是干事创业的成果，也是苦劳的直接展现，但若仅以加班时长、会议频次等作为衡量标准，就容易滋生形式主义。二是用姿态取代状态。在不在状态，不仅要看态度怎么样，更要看成效怎么样。三是只顾对上不顾对下。忙着在领导面前刷存在感，却忽视群众的急难愁盼，这样的“忙”只能是瞎忙、空忙。

忙就要忙在点子上。既要引导干部坚持效果导向，多问“忙出什么”，也要持续精简文山会海，把干部从无谓的事务中解放出来，还要在考核评价上从“看忙闲”转向“看实绩”，让实效说话、让群众评判。

忙也有门道。真正的政绩，不在嘴上的“忙忙碌碌”，而在脚下的“扎扎实实”。让干部把精力真正用在干实事、求实效上，干部的辛勤才能换来群众的幸福。

“大路宽”与“小巷安”

陕西省榆林市  吴宝文

家附近有两条路在施工。一边是大路的改造提升，推进快，施工完成后，迅速恢复通车；一边是背街小巷的小路整修，施工速度慢，一堆沙子堆在路边，来往车辆避让不及，沙子被碾得到处都是，雨天泥泞、晴天扬尘，影响人们出行。

城市发展，既要“大路宽”，也要“小巷安”。大路是城市的“脸面”，车辆通行数量多，修得快、修得好，理所当然；而小巷的小修小补，看似不起眼，但关系群众“家门口的生活”，与群众离得近，同样需要认真对待。小事不小，贵在办好。践行人民城市理念，就应把背街小巷的工作也做细做实做到位。

重面子，也要重里子。里子越厚实，面子才会越亮丽。克服“一俊遮百丑”的片面思维，坚持问题导向，将群众盼的转化为干部干的，才能让“民有所呼、我有所应”更加可感可及。",,评论,,https://paper.people.com.cn/rmrb/pc/content/202606/10/content_30162266.html,2026-06-10,"['干部', '小巷', '群众', '担当', '莫怕', '大路', '办法', '有门道', '背街', '问题']","大事难事看担当。习近平总书记强调：“干部敢于担当作为，这既是政治品格，也是从政本分。”敢于担当、善于作为，事不避难、义不逃责，才能不断打开工作新局面。本期大家谈，我们选刊3篇来稿，与大家共同思考如何更好在为民服务中展现新作为、在实干担当中创造新业绩。
——编  者
当“有办法”的干部",政治,,,[],data/vault/2026/06/2026-06-10/05-评论/下河莫怕漩涡多.md,05,评论
读懂时代深处的肌理（评论员观察）,"穿越历史，可知可感的文明叙事扑面而来，氤氲出新时代壮阔的文化气象。历经数千年而绵延不绝、迭遭忧患而经久不衰的中华文明，正是我们自信的底气
每每提及中华文明探源和夏商周断代，许多人心中总有一个遗憾。
甲骨文最初被发现时，已被当作“龙骨”入药多年，许多都已损毁。若当时能尽早发现并收录进展馆，是不是能有更多珍贵史料留存、更多文字被溯源？
幸运的是，这样的遗憾如今正加速得到弥补。2023年，浙江绍兴市稽山中学改扩建施工时，工人发现大量精心加工的木构件。依据考古前置制度要求，项目马上停工对遗迹进行原址保护。随后，绍兴稽中遗址考古工作正式展开，逐渐揭开越国都城的神秘面纱。“先考古、后出让”，考古前置，无疑是新时代文物保护工作的一个亮点。
认识历史离不开考古学。广东广州越秀区闹市间，多个朝代的砖砌墙基遗迹被发掘出，为研究古代城市扩张提供直接证据；河南洛阳洛龙区，周边高楼林立，正平坊遗址安然伫立，诉说着唐代人的里坊生活……广博华夏，通过考古前置，一处处遗址免受破坏，勾勒出鲜活的历史场景，填补历史轴线的“空白”，以更加丰富的细节镌刻着历史信度。
读懂当下，同样需要借助考古学。土层之下的文明遗存、器物背后的生活脉络、遗迹承载的社会逻辑，皆是历史留给当下的参照。考古学不仅挖掘深埋地下的器物与遗迹，更揭示文明演变的脉络、社会结构的转型、人与环境互动的规律。以考古的严谨审视当下，以历史的深度观照现实，方能跳出片面认知，读懂时代深处的肌理。
由此，更能理解“历史文化是城市的灵魂”。江苏南京地铁五号线夫子庙站，现代列车线路和从宋至明清的道路遗址共处一方空间，将历史垒层直观呈现，给人以古今同频之感。古遗址、老建筑是凝固的历史，镌刻着地域的人文记忆、民俗风情与发展脉络。加强城乡建设中历史文化保护传承，才能让城市既涌现日新月异的活力，也拥有历久弥新的韵味。
由此，也更能理解，既要物质富足，也要精神富有，是中国式现代化的崇高追求。当最早的“中国”二字被发现于青铜器何尊之上，当“五星出东方利中国”锦护臂出土于新疆和田，当五乳神兽镜上“中国人民”的铭文表露出先民对家园的祝福……中华文明延续5000多年的璀璨光辉，化为我们心中的深沉热爱，这份精神滋养更凝聚起推进中国式现代化的澎湃力量。
考古学追溯文明的来处，也是把握今天、开创明天的锦囊。当世界走到新的十字路口，如何回答好中国之问、世界之问、人民之问、时代之问？从古代丝绸之路的声声驼铃中，从亚欧早期文明互动的考古发现中，我们更加明白“只要坚持团结互信、平等互利、包容互鉴、合作共赢，不同种族、不同信仰、不同文化背景的国家完全可以共享和平，共同发展”。如何创造美好生活、开辟光明未来？那就需要从历史中汲取智慧，弘扬好中华文明蕴含的全人类共同价值，为推动文明交流互鉴作出更多贡献。
欲知大道，必先为史。穿越历史，可知可感的文明叙事扑面而来，氤氲出新时代壮阔的文化气象。历经数千年而绵延不绝、迭遭忧患而经久不衰的中华文明，正是我们自信的底气。保护好文化根脉，更加璀璨的发展篇章将由我们一起书写。","# 读懂时代深处的肌理（评论员观察）

> 崔  妍《人民日报》（2026年06月10日第 05 版）

穿越历史，可知可感的文明叙事扑面而来，氤氲出新时代壮阔的文化气象。历经数千年而绵延不绝、迭遭忧患而经久不衰的中华文明，正是我们自信的底气

每每提及中华文明探源和夏商周断代，许多人心中总有一个遗憾。

甲骨文最初被发现时，已被当作“龙骨”入药多年，许多都已损毁。若当时能尽早发现并收录进展馆，是不是能有更多珍贵史料留存、更多文字被溯源？

幸运的是，这样的遗憾如今正加速得到弥补。2023年，浙江绍兴市稽山中学改扩建施工时，工人发现大量精心加工的木构件。依据考古前置制度要求，项目马上停工对遗迹进行原址保护。随后，绍兴稽中遗址考古工作正式展开，逐渐揭开越国都城的神秘面纱。“先考古、后出让”，考古前置，无疑是新时代文物保护工作的一个亮点。

认识历史离不开考古学。广东广州越秀区闹市间，多个朝代的砖砌墙基遗迹被发掘出，为研究古代城市扩张提供直接证据；河南洛阳洛龙区，周边高楼林立，正平坊遗址安然伫立，诉说着唐代人的里坊生活……广博华夏，通过考古前置，一处处遗址免受破坏，勾勒出鲜活的历史场景，填补历史轴线的“空白”，以更加丰富的细节镌刻着历史信度。

读懂当下，同样需要借助考古学。土层之下的文明遗存、器物背后的生活脉络、遗迹承载的社会逻辑，皆是历史留给当下的参照。考古学不仅挖掘深埋地下的器物与遗迹，更揭示文明演变的脉络、社会结构的转型、人与环境互动的规律。以考古的严谨审视当下，以历史的深度观照现实，方能跳出片面认知，读懂时代深处的肌理。

由此，更能理解“历史文化是城市的灵魂”。江苏南京地铁五号线夫子庙站，现代列车线路和从宋至明清的道路遗址共处一方空间，将历史垒层直观呈现，给人以古今同频之感。古遗址、老建筑是凝固的历史，镌刻着地域的人文记忆、民俗风情与发展脉络。加强城乡建设中历史文化保护传承，才能让城市既涌现日新月异的活力，也拥有历久弥新的韵味。

由此，也更能理解，既要物质富足，也要精神富有，是中国式现代化的崇高追求。当最早的“中国”二字被发现于青铜器何尊之上，当“五星出东方利中国”锦护臂出土于新疆和田，当五乳神兽镜上“中国人民”的铭文表露出先民对家园的祝福……中华文明延续5000多年的璀璨光辉，化为我们心中的深沉热爱，这份精神滋养更凝聚起推进中国式现代化的澎湃力量。

考古学追溯文明的来处，也是把握今天、开创明天的锦囊。当世界走到新的十字路口，如何回答好中国之问、世界之问、人民之问、时代之问？从古代丝绸之路的声声驼铃中，从亚欧早期文明互动的考古发现中，我们更加明白“只要坚持团结互信、平等互利、包容互鉴、合作共赢，不同种族、不同信仰、不同文化背景的国家完全可以共享和平，共同发展”。如何创造美好生活、开辟光明未来？那就需要从历史中汲取智慧，弘扬好中华文明蕴含的全人类共同价值，为推动文明交流互鉴作出更多贡献。

欲知大道，必先为史。穿越历史，可知可感的文明叙事扑面而来，氤氲出新时代壮阔的文化气象。历经数千年而绵延不绝、迭遭忧患而经久不衰的中华文明，正是我们自信的底气。保护好文化根脉，更加璀璨的发展篇章将由我们一起书写。",崔  妍,评论,,https://paper.people.com.cn/rmrb/pc/content/202606/10/content_30162267.html,2026-06-10,"['历史', '考古', '中华文明', '之问', '文明', '考古学', '时代', '遗址', '读懂', '遗迹']","穿越历史，可知可感的文明叙事扑面而来，氤氲出新时代壮阔的文化气象。历经数千年而绵延不绝、迭遭忧患而经久不衰的中华文明，正是我们自信的底气
每每提及中华文明探源和夏商周断代，许多人心中总有一个遗憾。
甲骨文最初被发现时，已被当作“龙骨”入药多年，许多都已损毁。若当时能尽早发现并收录进展馆，是不是能有更多珍贵史料留存、更多文字被溯源？",政治,,,[],data/vault/2026/06/2026-06-10/05-评论/读懂时代深处的肌理（评论员观察）.md,05,评论
从词元套餐看新机遇（新知）,"【现象】当前，我国词元（Token）调用量呈爆发式增长。围绕词元经营，多地多家电信运营商接连推出面向个人、政企用户的词元套餐产品，探索新的商业模式。从国家数据局把推动词元经济发展纳入工作体系，到企业加码布局“词元工厂”，再到人工智能应用上新付费订阅方案，词元经济正加速向消费端渗透，催生新机遇，也带来新挑战。
【点评】
怎样理解词元套餐？流量套餐提供了很好的“参考系”。
上网需要消耗流量，借助AI（人工智能）整理素材、编辑图片、生成视频等，消耗的则是词元。用户购买词元套餐后，即可获得一定数量的词元来使用各种AI应用。
这背后，涉及数据难以像商品一样被标准化计量、定价的痛点。一定意义上，词元可被视作驱动AI模型运转的“数字燃料”。“燃料”的价格，受到算力硬件成本、电力成本、研发投入和市场供求关系等多方面因素影响。当前，比较普遍的计价方式是按量计费，即以每百万词元为单位进行定价。把原本看不见、摸不着的AI算力，变成可以明码标价、按需购买的基础服务，词元套餐迈出有益的探索步伐。
或许有人疑惑：AI助手有不少免费的，为什么要花钱买词元套餐？
免费不等于没有成本，背后是企业在承担算力消耗。随着应用场景日益复杂、调用量持续攀升，免费模式难以覆盖一些高强度的使用需求。电信运营商依托自身算力调度、网络覆盖、渠道触达等优势，针对不同用户需求推出差异化服务，能在普惠的基础上不断优化AI使用体验。
词元套餐的出现反映出这样的趋势：算力，正从专业机构的专属资源，向普通用户的日常消费品迈进。普通用户按需采购词元即可快速部署智能体、进行内容创作。当人工智能加速赋能千行百业、词元经济的产业链条不断延伸，如何把握机遇、应对挑战，成为一道需要各方共同作答的新考题。
对地方而言，要紧跟大势，更要因地制宜。
找到智能经济所需与我之所能的结合点，各地才能切入智能经济赛道。呼和浩特和林格尔新区打造国家“东数西算”北方算力中心；乌兰察布凭借凉爽气候建起数十个大型数据中心；国内首个园区级词元基地正式落户包头市固阳县……把风和光变成绿电、绿算、绿色词元，内蒙古正在实现产业发展的深度迭代与价值跃升。各地资源条件、产业基础各不相同，唯有找准定位、扬长避短，才能在新的经济浪潮中抢占先机。
于个人而言，用好新技术的前提是提升素养。
前不久印发的《2026年提升全民数字素养与技能工作要点》部署了6个方面15项重点任务，其中一个方面便是“提升全民人工智能素养”。在人工智能深刻重塑生产生活方式的今天，提升数字工作能力，学会与智能工具高效协作，是与时代同行、增强个人竞争力的必要之举。
同时应注意，关于词元经济，新概念层出不穷，甚至还有一些投机者炒作“囤词元暴富”的噱头。推动新业态平稳健康发展，需要包容审慎、鼓励探索，还要及时跟进完善制度配套，不断织密织牢保障网。
眼下，词元套餐翻开了人工智能商业探索的新一页，它会不会像当年的短信、流量一样，成为手机套餐里的标配？答案不会很遥远，未来正加速向我们走来。","# 从词元套餐看新机遇（新知）

> 王云杉《人民日报》（2026年06月10日第 05 版）

【现象】当前，我国词元（Token）调用量呈爆发式增长。围绕词元经营，多地多家电信运营商接连推出面向个人、政企用户的词元套餐产品，探索新的商业模式。从国家数据局把推动词元经济发展纳入工作体系，到企业加码布局“词元工厂”，再到人工智能应用上新付费订阅方案，词元经济正加速向消费端渗透，催生新机遇，也带来新挑战。

【点评】

怎样理解词元套餐？流量套餐提供了很好的“参考系”。

上网需要消耗流量，借助AI（人工智能）整理素材、编辑图片、生成视频等，消耗的则是词元。用户购买词元套餐后，即可获得一定数量的词元来使用各种AI应用。

这背后，涉及数据难以像商品一样被标准化计量、定价的痛点。一定意义上，词元可被视作驱动AI模型运转的“数字燃料”。“燃料”的价格，受到算力硬件成本、电力成本、研发投入和市场供求关系等多方面因素影响。当前，比较普遍的计价方式是按量计费，即以每百万词元为单位进行定价。把原本看不见、摸不着的AI算力，变成可以明码标价、按需购买的基础服务，词元套餐迈出有益的探索步伐。

或许有人疑惑：AI助手有不少免费的，为什么要花钱买词元套餐？

免费不等于没有成本，背后是企业在承担算力消耗。随着应用场景日益复杂、调用量持续攀升，免费模式难以覆盖一些高强度的使用需求。电信运营商依托自身算力调度、网络覆盖、渠道触达等优势，针对不同用户需求推出差异化服务，能在普惠的基础上不断优化AI使用体验。

词元套餐的出现反映出这样的趋势：算力，正从专业机构的专属资源，向普通用户的日常消费品迈进。普通用户按需采购词元即可快速部署智能体、进行内容创作。当人工智能加速赋能千行百业、词元经济的产业链条不断延伸，如何把握机遇、应对挑战，成为一道需要各方共同作答的新考题。

对地方而言，要紧跟大势，更要因地制宜。

找到智能经济所需与我之所能的结合点，各地才能切入智能经济赛道。呼和浩特和林格尔新区打造国家“东数西算”北方算力中心；乌兰察布凭借凉爽气候建起数十个大型数据中心；国内首个园区级词元基地正式落户包头市固阳县……把风和光变成绿电、绿算、绿色词元，内蒙古正在实现产业发展的深度迭代与价值跃升。各地资源条件、产业基础各不相同，唯有找准定位、扬长避短，才能在新的经济浪潮中抢占先机。

于个人而言，用好新技术的前提是提升素养。

前不久印发的《2026年提升全民数字素养与技能工作要点》部署了6个方面15项重点任务，其中一个方面便是“提升全民人工智能素养”。在人工智能深刻重塑生产生活方式的今天，提升数字工作能力，学会与智能工具高效协作，是与时代同行、增强个人竞争力的必要之举。

同时应注意，关于词元经济，新概念层出不穷，甚至还有一些投机者炒作“囤词元暴富”的噱头。推动新业态平稳健康发展，需要包容审慎、鼓励探索，还要及时跟进完善制度配套，不断织密织牢保障网。

眼下，词元套餐翻开了人工智能商业探索的新一页，它会不会像当年的短信、流量一样，成为手机套餐里的标配？答案不会很遥远，未来正加速向我们走来。",王云杉,评论,,https://paper.people.com.cn/rmrb/pc/content/202606/10/content_30162268.html,2026-06-10,"['词元', '套餐', 'AI', '算力', '人工智能', '素养', '探索', '经济', '普通用户', '提升']","【现象】当前，我国词元（Token）调用量呈爆发式增长。围绕词元经营，多地多家电信运营商接连推出面向个人、政企用户的词元套餐产品，探索新的商业模式。从国家数据局把推动词元经济发展纳入工作体系，到企业加码布局“词元工厂”，再到人工智能应用上新付费订阅方案，词元经济正加速向消费端渗透，催生新机遇，也带来新挑战。
【点评】
怎样理解词元套餐？流量套餐提供了很好的“参考系”。",政治,,,[],data/vault/2026/06/2026-06-10/05-评论/从词元套餐看新机遇（新知）.md,05,评论
破解“不干比干更得利”（纵横）,"“干与不干”是检验政绩观、衡量党性的试金石。现实中，党员干部事业心、责任感强，工作干得多，发生失误的可能性也就相对多一些。对这样的干部，一定要全面评价，既肯定成绩，又诚恳指出不足，帮助他们改进提高。厘清敢干、实干、善干与不干、乱干的边界，破解“干多干少一个样、干好干坏一个样、干与不干一个样、不干比干更得利”等问题，有利于校准政绩导向、净化政治生态、激励担当作为。
这其中，“不干比干更得利”是一种比较危险、比较致命的逆向激励。“多干多错、少干少错、不干不错”的错误认知，让党员干部怕失误、怕问责、怕背锅，宁愿躺平避责，也不担当攻坚，直接瓦解队伍斗志、败坏政治生态。
以正向激励优化政治生态，必须以严管厚爱激浊扬清、撑腰鼓劲，纠正“干事担风险、躺平最安全”的错误导向。对敢于担当、勤勉实干的干部要把握主流，不搞求全责备；同时，也应推动形成“不干就是失职、怠政就要问责”的刚性约束，真正形成干事创业的良好政治生态。
新时代新征程，必须树立和践行正确政绩观，以科学考评打破平均主义、以实绩口碑校准评价坐标、以刚性问责压实履职底线、以正向激励优化政治生态，推动形成多劳者多得、实干者得实惠、有为者有位、担当者无忧的鲜明导向。把心思用在为民造福、把精力放在推动发展、把功夫下在务求实效，才能以实干实绩书写中国式现代化新篇章。
（摘编自《解放日报》，原题为《破解“干与不干”四个困局》）","# 破解“不干比干更得利”（纵横）

> 徐文凤《人民日报》（2026年06月10日第 05 版）

“干与不干”是检验政绩观、衡量党性的试金石。现实中，党员干部事业心、责任感强，工作干得多，发生失误的可能性也就相对多一些。对这样的干部，一定要全面评价，既肯定成绩，又诚恳指出不足，帮助他们改进提高。厘清敢干、实干、善干与不干、乱干的边界，破解“干多干少一个样、干好干坏一个样、干与不干一个样、不干比干更得利”等问题，有利于校准政绩导向、净化政治生态、激励担当作为。

这其中，“不干比干更得利”是一种比较危险、比较致命的逆向激励。“多干多错、少干少错、不干不错”的错误认知，让党员干部怕失误、怕问责、怕背锅，宁愿躺平避责，也不担当攻坚，直接瓦解队伍斗志、败坏政治生态。

以正向激励优化政治生态，必须以严管厚爱激浊扬清、撑腰鼓劲，纠正“干事担风险、躺平最安全”的错误导向。对敢于担当、勤勉实干的干部要把握主流，不搞求全责备；同时，也应推动形成“不干就是失职、怠政就要问责”的刚性约束，真正形成干事创业的良好政治生态。

新时代新征程，必须树立和践行正确政绩观，以科学考评打破平均主义、以实绩口碑校准评价坐标、以刚性问责压实履职底线、以正向激励优化政治生态，推动形成多劳者多得、实干者得实惠、有为者有位、担当者无忧的鲜明导向。把心思用在为民造福、把精力放在推动发展、把功夫下在务求实效，才能以实干实绩书写中国式现代化新篇章。

（摘编自《解放日报》，原题为《破解“干与不干”四个困局》）",徐文凤,评论,,https://paper.people.com.cn/rmrb/pc/content/202606/10/content_30162270.html,2026-06-10,"['实干', '不干', '生态', '问责', '担当', '比干', '激励', '一个样', '得利', '躺平']","“干与不干”是检验政绩观、衡量党性的试金石。现实中，党员干部事业心、责任感强，工作干得多，发生失误的可能性也就相对多一些。对这样的干部，一定要全面评价，既肯定成绩，又诚恳指出不足，帮助他们改进提高。厘清敢干、实干、善干与不干、乱干的边界，破解“干多干少一个样、干好干坏一个样、干与不干一个样、不干比干更得利”等问题，有利于校准政绩导向、净化政治生态、激励担当作为。
这其中，“不干比干更得利”是一种比较危险、比较致命的逆向激励。“多干多错、少干少错、不干不错”的错误认知，让党员干部怕失误、怕问责、怕背锅，宁愿躺平避责，也不担当攻坚，直接瓦解队伍斗志、败坏政治生态。
以正向激励优化政治生态，必须以严管厚爱激浊扬清、撑腰鼓劲，纠正“干事担风险、躺平最安全”的错误导向。对敢于担当、勤勉实干的干部要把握主流，不搞求全责备；同时，也应推动形成“不干就是失职、怠政就要问责”的刚性约束，真正形成干事创业的良好政治生态。",政治,,,[],data/vault/2026/06/2026-06-10/05-评论/破解“不干比干更得利”（纵横）.md,05,评论
让民生保障更“合身”（暖闻热评）,"【关键词】骑手社保
【事件】我国有1000多万名外卖骑手，如何帮助更多骑手上社保？有的平台推行“先缴后补”，按参保地社保缴费基数下限补贴50%参保费用；有的平台分类施策，为全职外卖骑手缴纳五险一金，为兼职骑手提供意外险和健康医疗险。这些探索，有助于更好保障外卖骑手权益，受到广泛好评。
【点评】
劳动法规定，用人单位和劳动者必须依法参加社会保险，缴纳社会保险费。不过，外卖骑手中有大量兼职、短期过渡、跨城市流动就业的从业者，劳动关系难认定，如何缴纳社保一直是个难题。平台企业为符合标准的骑手补贴灵活就业养老和医疗保险，为更多灵活就业行业提供了有益参考。
我们常说，面对问题要有有解思维，不要轻易说“不行”，而要多想“怎样才能行”。民生需求日益多样化，精准思维就是求解的一个重要方法。
以精准思维求解，重在提高决策的科学性、针对性。比如，血液透析患者每周需治疗多次，但由于基层血液透析服务存在短板，不少患者只能反复奔赴大医院。近日，《基层血液透析室（中心）建设与服务指南（试行）》公布，提出不少有针对性的举措，更好满足患者需求。补齐共性短板，兼顾个性差异，精细打磨政策“颗粒度”，才能防止“一刀切”，让民生保障越来越“合身”。
以精准思维求解，更要增强改革的前瞻性、系统性。比如，为了破解群众办事难，上海推行“一网通办”改革。高效办成一件事并不是终点，而是起点，在此基础上，破解申请繁琐等问题，市区两级共826个政策项目实现“免申即享”；破解群众跨区域办事难，长三角政务服务“一网通办”协同立法于今年5月1日起在沪苏浙皖同步施行。惠民政策从“有没有”迈向“好不好”，要顺着“痛点”找“病灶”、除“病根”，探究同类问题的共性规律、适用对策。靠前一步、多想一层，才能让惠民举措真正暖心贴心。
精准，不仅在制度设计，更在扎实落实。浙江台州椒江区万济池菜场装上了中央空调与新风系统，夏天买菜不用再挤一身汗了。湖南长沙地铁完成盲文牌标准化改造，让视障乘客能更便捷、安全地识别站点信息、规划出行路线。民生工作往细处想、往深处走，才能做到群众心坎上。在细微处下足“绣花功夫”，一点一滴累积起来就有大进步。
惠民政策从出台到完善，再到形成制度、法治护航，很难一步到位。这就需要治理者增强战略信心、秉持历史耐心。长期护理险从首批15个试点城市率先探路，到国家试点扩围至49个城市全面实践，当前已覆盖约3亿人，累计惠及超330万失能群众，基金支出超千亿元。国家组织药品集中带量采购从11个试点城市、25个品种起步，到如今已开展10余批次，覆盖400多种药品，一轮一轮扩面提质。做好民生工作如同做衣裳，量、裁、试、改，急不得也停不得。在实践中打磨，在推进中完善，才能让政策红利更好惠及群众。
“十五五”规划纲要提出，“实施更加公平普惠、精准有力的社会政策”。民生工作做得好不好，不仅要看保障覆盖了多少人，也要看服务是否贴合不同群体乃至个体的具体情况。让保障精准触达个体，让暖心服务渗透日常细节，群众的获得感、幸福感、安全感就能更加充实、更有保障、更可持续。","# 让民生保障更“合身”（暖闻热评）

> 孟繁哲《人民日报》（2026年06月10日第 05 版）

【关键词】骑手社保

【事件】我国有1000多万名外卖骑手，如何帮助更多骑手上社保？有的平台推行“先缴后补”，按参保地社保缴费基数下限补贴50%参保费用；有的平台分类施策，为全职外卖骑手缴纳五险一金，为兼职骑手提供意外险和健康医疗险。这些探索，有助于更好保障外卖骑手权益，受到广泛好评。

【点评】

劳动法规定，用人单位和劳动者必须依法参加社会保险，缴纳社会保险费。不过，外卖骑手中有大量兼职、短期过渡、跨城市流动就业的从业者，劳动关系难认定，如何缴纳社保一直是个难题。平台企业为符合标准的骑手补贴灵活就业养老和医疗保险，为更多灵活就业行业提供了有益参考。

我们常说，面对问题要有有解思维，不要轻易说“不行”，而要多想“怎样才能行”。民生需求日益多样化，精准思维就是求解的一个重要方法。

以精准思维求解，重在提高决策的科学性、针对性。比如，血液透析患者每周需治疗多次，但由于基层血液透析服务存在短板，不少患者只能反复奔赴大医院。近日，《基层血液透析室（中心）建设与服务指南（试行）》公布，提出不少有针对性的举措，更好满足患者需求。补齐共性短板，兼顾个性差异，精细打磨政策“颗粒度”，才能防止“一刀切”，让民生保障越来越“合身”。

以精准思维求解，更要增强改革的前瞻性、系统性。比如，为了破解群众办事难，上海推行“一网通办”改革。高效办成一件事并不是终点，而是起点，在此基础上，破解申请繁琐等问题，市区两级共826个政策项目实现“免申即享”；破解群众跨区域办事难，长三角政务服务“一网通办”协同立法于今年5月1日起在沪苏浙皖同步施行。惠民政策从“有没有”迈向“好不好”，要顺着“痛点”找“病灶”、除“病根”，探究同类问题的共性规律、适用对策。靠前一步、多想一层，才能让惠民举措真正暖心贴心。

精准，不仅在制度设计，更在扎实落实。浙江台州椒江区万济池菜场装上了中央空调与新风系统，夏天买菜不用再挤一身汗了。湖南长沙地铁完成盲文牌标准化改造，让视障乘客能更便捷、安全地识别站点信息、规划出行路线。民生工作往细处想、往深处走，才能做到群众心坎上。在细微处下足“绣花功夫”，一点一滴累积起来就有大进步。

惠民政策从出台到完善，再到形成制度、法治护航，很难一步到位。这就需要治理者增强战略信心、秉持历史耐心。长期护理险从首批15个试点城市率先探路，到国家试点扩围至49个城市全面实践，当前已覆盖约3亿人，累计惠及超330万失能群众，基金支出超千亿元。国家组织药品集中带量采购从11个试点城市、25个品种起步，到如今已开展10余批次，覆盖400多种药品，一轮一轮扩面提质。做好民生工作如同做衣裳，量、裁、试、改，急不得也停不得。在实践中打磨，在推进中完善，才能让政策红利更好惠及群众。

“十五五”规划纲要提出，“实施更加公平普惠、精准有力的社会政策”。民生工作做得好不好，不仅要看保障覆盖了多少人，也要看服务是否贴合不同群体乃至个体的具体情况。让保障精准触达个体，让暖心服务渗透日常细节，群众的获得感、幸福感、安全感就能更加充实、更有保障、更可持续。",孟繁哲,评论,,https://paper.people.com.cn/rmrb/pc/content/202606/10/content_30162271.html,2026-06-10,"['骑手', '精准', '外卖', '民生', '保障', '群众', '社保', '思维', '透析', '惠民']","【关键词】骑手社保
【事件】我国有1000多万名外卖骑手，如何帮助更多骑手上社保？有的平台推行“先缴后补”，按参保地社保缴费基数下限补贴50%参保费用；有的平台分类施策，为全职外卖骑手缴纳五险一金，为兼职骑手提供意外险和健康医疗险。这些探索，有助于更好保障外卖骑手权益，受到广泛好评。
【点评】",政治,,,[],data/vault/2026/06/2026-06-10/05-评论/让民生保障更“合身”（暖闻热评）.md,05,评论
欢迎赐稿,"各位读者，本版“大家谈”“暖闻热评”“中国道路中国梦”“来论”等栏目长期征稿，欢迎赐稿，请勿一稿多投。
本版邮箱：rmrbpl@peopledaily.cn（来稿请注明栏目名）","# 欢迎赐稿

> 《人民日报》（2026年06月10日第 05 版）

各位读者，本版“大家谈”“暖闻热评”“中国道路中国梦”“来论”等栏目长期征稿，欢迎赐稿，请勿一稿多投。

本版邮箱：rmrbpl@peopledaily.cn（来稿请注明栏目名）",,评论,,https://paper.people.com.cn/rmrb/pc/content/202606/10/content_30162272.html,2026-06-10,"['赐稿', '本版', '栏目', '征稿', '欢迎', '来稿', '暖闻', '热评', '来论', '一稿多投']","各位读者，本版“大家谈”“暖闻热评”“中国道路中国梦”“来论”等栏目长期征稿，欢迎赐稿，请勿一稿多投。
本版邮箱：rmrbpl@peopledaily.cn（来稿请注明栏目名）",评论,,,[],data/vault/2026/06/2026-06-10/05-评论/欢迎赐稿.md,05,评论
千米之下，向着铁矿资源稳步掘进（创新故事）,"施工团队对“基石号”挖掘的隧道进行支护作业。由继宏摄
施工团队对“基石号”挖掘的隧道进行支护作业。
由继宏摄
吊盘正在下放“钢铁脊梁号”中心筒及链斗机组合件。刘宝灵摄
吊盘正在下放“钢铁脊梁号”中心筒及链斗机组合件。
刘宝灵摄
在辽宁鞍山市千山区西鞍山铁矿的地下深处，一群建设者在高温潮湿的竖井巷道之中，闯险关、破瓶颈，艰难掘进。作为国产地下矿山两大国之重器，矿山平巷硬岩TBM掘进机“基石号”负责打通地下水平运输主通道；千米竖井硬岩掘进机“钢铁脊梁号”专攻千米深井垂直井筒开挖。从“基石号”披荆斩棘，到“钢铁脊梁号”直抵千米深井，再到智慧平台一屏掌控全局、绿色开采守护山川，建设团队用智慧与汗水打通资源保障的“地下大动脉”，助力国家铁矿资源供应保障。
实现全断面硬岩隧道掘进，“基石号”啃下“硬骨头”
西鞍山铁矿地下620米处，胡世超穿梭在轰鸣的巷道中，满身灰尘，头戴安全帽，双眼布满血丝。这位鞍钢基石矿业总工程师，自2022年项目开建以来，始终坚守在工程建设第一线。
不远处，188米长、开掘直径7.03米、重1200吨的“基石号”正静静“蛰伏”。这台由鞍钢矿业、中国恩菲、中国中铁隧道局、东北岩土工程勘察公司等单位联合研发的设备，主要用于地下铁矿的全断面硬岩隧道掘进，可实现掘进、支护、出渣等工序连续并行，填补了国内地下铁矿全断面硬岩隧道掘进机施工的空白。
自2023年12月始发至今，“基石号”一路攻坚克难，稳步掘进，完成5420米辅助斜坡道的掘进施工。“这5420米，没有一米是轻松的。井下闷热潮湿，机械轰鸣震得耳朵嗡嗡作响，我们熬了无数个通宵，经常是饿了就啃两口面包，困了就靠在设备上打个盹。”中铁隧道局西鞍山铁矿项目副总工程师马昊告诉记者，西鞍山铁矿掘进线路不仅跨度长，更叠加了大纵坡、小半径转弯、硬岩掘进及软岩破碎带等多重考验。
“最险的一次，刀盘刚钻进软岩破碎带就突然卡壳，整台机器剧烈震颤，洞壁上的碎石簌簌往下掉，所有人的心都提到了嗓子眼。”施工班组组长李俊伟现在回忆起来仍心有余悸，“我们立刻启动‘一险一策’预案，一点点微调掘进参数，调试了三天三夜，终于恢复了平稳运行。”
“以前挖掘巷道全靠爆破，一个月拼尽全力也只能开掘60至80米，还得凑齐爆破组、支护组、运输组等40余人。现在有了‘基石号’，一个月能挖300至400米，操作设备仅需10人。”胡世超介绍，此前爆破会产生冲击波、有害气体，还会留下松动浮石，风险极高；而“基石号”掘进时，主撑靴与副撑靴同步撑紧洞壁，防止围岩塌落，进而有效应对西鞍山铁矿长距离大纵坡、软岩破碎带等复杂地质条件，大幅降低塌方等安全隐患，且废渣通过传输带直接输送至运输卡车，高效又安全。
打井不下井，“钢铁脊梁号”填补相关领域技术空白
“竖井是深地的咽喉，传统钻爆法又慢又危险，‘打井不下井’是我们一代代建井人的梦想。”在施工现场，一台开挖直径8.1米、整机高60多米、重达千余吨的庞然大物正转动刀盘，奋力掘进，设计师丁张飞望着脚下深不见底的井口，眼神坚毅。
这套掘进设备填补了国际上1000米以上深度井筒全断面掘进装备的空白。当被问及为何给这台重器取名“钢铁脊梁号”时，丁张飞说：“项目牵头人、中国矿业大学原校长杨仁树曾说过，要挺起咱中国人的钢铁脊梁，用钢铁之力扛起中国人在深地开发领域的底气与担当！”
研发之路，远比想象中艰难。“竖井掘进机涉及机械、电气、岩土等多个学科，没有成熟经验可借鉴，我们就像在黑暗里摸索。”丁张飞感慨。
那段时间，研发团队挤在临时搭建的工棚里，狭小的空间摆满了图纸，电脑上都是实验数据。白天，他们钻进井下，顶着高温、粉尘，一点点测试各项参数；晚上，大家围坐在一起，围着图纸反复研讨。常常是一碗热饭刚端上桌，传来设备需要调试的消息，大家就放下碗筷，匆匆奔赴井下。
“千米深井排渣，就相当于向300层楼的楼顶无电梯运垃圾，难度可想而知。”出渣系统的负责人杨楚戈撸起袖子，露出胳膊上被岩粉磨出的疤痕，“为了测试排渣效率，我们在井下整整守了一个星期，每天浑身沾满岩粉，衣服就没干过。”
如果说研发者是“钢铁脊梁号”的“大脑”，那么现场施工者就是它的“手脚”。
掘进机在硬岩中切削，噪声高达100分贝以上，即便戴着耳塞，也能清晰感受到震动；地下水从井壁两侧不断渗出，整个作业面常年湿漉漉的；温度常年超过30摄氏度，闷得让人喘不过气。工人们一戴防尘口罩就是十几个小时，摘下口罩时，脸上已被勒出深深的印痕。
安装技术员雷岩，是井下安装团队的核心骨干，他的工作区域在最潮湿、最艰苦的井下作业面，负责紧固液压管路、校准导向系统。有一次，雷岩在刀盘处进行刀具巡查，井下光线昏暗，地面湿滑，他不小心脚下一滑，腰部撞在了冰冷坚硬的刀盘上，但他的第一反应却是紧紧护住手中的工具和工件，生怕它们受损，影响设备调试。
苏路华，一名年逾五旬的老矿山人，从事矿山建设工作30余年，上至70余米高的井架顶端，下至千米深处的竖井作业面，都是老苏的“战场”。他紧盯刀盘与岩壁的每一次接触，及时发现问题、反馈问题，配合研发团队调整设备参数。
这些人，用汗水为技术落地默默努力着。
打破数据壁垒，为工程建设插上智能化“翅膀”
千米深处，漆黑与潮湿交织；地表之上，智慧管理平台大厅灯火通明。从项目初期的勘察勘探到如今的智慧运维，90后采矿主任工程师王子介见证着这座铁矿的每一步成长。
2018年，刚刚大学毕业的王子介就来到鞍钢。彼时的西鞍山，还是一片待开发的荒地，复式褶皱、挤压破碎带与含水层交织叠加，给初期勘察带来了重重阻碍。“以前依靠传统矿山施工图受绘图时效性、测量准确性限制，且二维平面图无法全面呈现三维空间关系，难以及时准确掌握不同施工队伍的空间位置。”王子介表示。西鞍山工程建设规模大，地质构造复杂，施工现场人员密集、作业面多、设备及现场工序衔接复杂多变，安全风险点多。“在工程建设之初，我们就将数字矿山建设列为头等课题。”王子介告诉记者。
王子介全程参与了数字矿山联合创新中心的组建，作为智慧采矿项目的负责人，他和团队完成了铁矿井下安全高效智慧矿山建设工程的可行性研究和风险评估的调研及编写工作，为建设覆盖全生命周期的智慧化管理平台打下坚实基础。该平台构建了融合采矿、地质、工程、安全管理等多个领域的数字化三维智慧模型，实现了多场景、多目标的安全管理提升。
现如今，走进智慧管理平台大厅，宽敞明亮的空间里，巨大的电子屏幕占据了整面墙壁，屏幕上，融合了地表与井下工程全场景的三维数字化模型精准呈现，8条平均深度700米的竖井、6400米的辅助斜坡道细节清晰可辨，“基石号”“钢铁脊梁号”的运行参数、各施工点位的进度数据、安全环保指标实时显示、一目了然。
“平台通过实时采集工程质量、进度、人员设备及安全环保等全维度数据，打破了传统工程参与方的数据壁垒，为工程建设插上了智能化‘翅膀’，实现建设、设计、施工、监理等多方在同一平台高效协作。”王子介的语气里满是自豪。
延伸阅读
西鞍山铁矿何以重要
辽宁西鞍山铁矿项目是国家级重大矿产资源保障工程，承载着夯实钢铁产业链供应链安全、降低铁矿石对外依存度的重要使命。该项目位于辽宁省鞍山市千山区西南7公里处，是目前国内最大的在建单体地下铁矿山，也是国内尚未开发的资源储量大、禀赋好的优质铁矿项目。项目于2022年11月正式开工，总投资229亿元，建设用地约238公顷，保有资源储量13亿吨，设计年开采铁矿石3000万吨、年产铁精矿1041万吨，服务年限长达36年，计划2027年底建成投产，旨在打造技术领先、智能绿色的世界级铁矿。
（本报记者刘洪超整理）","### 辽宁西鞍山铁矿建设团队努力推进智能绿色铁矿建设

# 千米之下，向着铁矿资源稳步掘进（创新故事）

> 本报记者  刘洪超《人民日报》（2026年06月10日第 06 版）

施工团队对“基石号”挖掘的隧道进行支护作业。　　由继宏摄

施工团队对“基石号”挖掘的隧道进行支护作业。

由继宏摄

吊盘正在下放“钢铁脊梁号”中心筒及链斗机组合件。　　刘宝灵摄

吊盘正在下放“钢铁脊梁号”中心筒及链斗机组合件。

刘宝灵摄

在辽宁鞍山市千山区西鞍山铁矿的地下深处，一群建设者在高温潮湿的竖井巷道之中，闯险关、破瓶颈，艰难掘进。作为国产地下矿山两大国之重器，矿山平巷硬岩TBM掘进机“基石号”负责打通地下水平运输主通道；千米竖井硬岩掘进机“钢铁脊梁号”专攻千米深井垂直井筒开挖。从“基石号”披荆斩棘，到“钢铁脊梁号”直抵千米深井，再到智慧平台一屏掌控全局、绿色开采守护山川，建设团队用智慧与汗水打通资源保障的“地下大动脉”，助力国家铁矿资源供应保障。

**实现全断面硬岩隧道掘进，“基石号”啃下“硬骨头”**

西鞍山铁矿地下620米处，胡世超穿梭在轰鸣的巷道中，满身灰尘，头戴安全帽，双眼布满血丝。这位鞍钢基石矿业总工程师，自2022年项目开建以来，始终坚守在工程建设第一线。

不远处，188米长、开掘直径7.03米、重1200吨的“基石号”正静静“蛰伏”。这台由鞍钢矿业、中国恩菲、中国中铁隧道局、东北岩土工程勘察公司等单位联合研发的设备，主要用于地下铁矿的全断面硬岩隧道掘进，可实现掘进、支护、出渣等工序连续并行，填补了国内地下铁矿全断面硬岩隧道掘进机施工的空白。

自2023年12月始发至今，“基石号”一路攻坚克难，稳步掘进，完成5420米辅助斜坡道的掘进施工。“这5420米，没有一米是轻松的。井下闷热潮湿，机械轰鸣震得耳朵嗡嗡作响，我们熬了无数个通宵，经常是饿了就啃两口面包，困了就靠在设备上打个盹。”中铁隧道局西鞍山铁矿项目副总工程师马昊告诉记者，西鞍山铁矿掘进线路不仅跨度长，更叠加了大纵坡、小半径转弯、硬岩掘进及软岩破碎带等多重考验。

“最险的一次，刀盘刚钻进软岩破碎带就突然卡壳，整台机器剧烈震颤，洞壁上的碎石簌簌往下掉，所有人的心都提到了嗓子眼。”施工班组组长李俊伟现在回忆起来仍心有余悸，“我们立刻启动‘一险一策’预案，一点点微调掘进参数，调试了三天三夜，终于恢复了平稳运行。”

“以前挖掘巷道全靠爆破，一个月拼尽全力也只能开掘60至80米，还得凑齐爆破组、支护组、运输组等40余人。现在有了‘基石号’，一个月能挖300至400米，操作设备仅需10人。”胡世超介绍，此前爆破会产生冲击波、有害气体，还会留下松动浮石，风险极高；而“基石号”掘进时，主撑靴与副撑靴同步撑紧洞壁，防止围岩塌落，进而有效应对西鞍山铁矿长距离大纵坡、软岩破碎带等复杂地质条件，大幅降低塌方等安全隐患，且废渣通过传输带直接输送至运输卡车，高效又安全。

**打井不下井，“钢铁脊梁号”填补相关领域技术空白**

“竖井是深地的咽喉，传统钻爆法又慢又危险，‘打井不下井’是我们一代代建井人的梦想。”在施工现场，一台开挖直径8.1米、整机高60多米、重达千余吨的庞然大物正转动刀盘，奋力掘进，设计师丁张飞望着脚下深不见底的井口，眼神坚毅。

这套掘进设备填补了国际上1000米以上深度井筒全断面掘进装备的空白。当被问及为何给这台重器取名“钢铁脊梁号”时，丁张飞说：“项目牵头人、中国矿业大学原校长杨仁树曾说过，要挺起咱中国人的钢铁脊梁，用钢铁之力扛起中国人在深地开发领域的底气与担当！”

研发之路，远比想象中艰难。“竖井掘进机涉及机械、电气、岩土等多个学科，没有成熟经验可借鉴，我们就像在黑暗里摸索。”丁张飞感慨。

那段时间，研发团队挤在临时搭建的工棚里，狭小的空间摆满了图纸，电脑上都是实验数据。白天，他们钻进井下，顶着高温、粉尘，一点点测试各项参数；晚上，大家围坐在一起，围着图纸反复研讨。常常是一碗热饭刚端上桌，传来设备需要调试的消息，大家就放下碗筷，匆匆奔赴井下。

“千米深井排渣，就相当于向300层楼的楼顶无电梯运垃圾，难度可想而知。”出渣系统的负责人杨楚戈撸起袖子，露出胳膊上被岩粉磨出的疤痕，“为了测试排渣效率，我们在井下整整守了一个星期，每天浑身沾满岩粉，衣服就没干过。”

如果说研发者是“钢铁脊梁号”的“大脑”，那么现场施工者就是它的“手脚”。

掘进机在硬岩中切削，噪声高达100分贝以上，即便戴着耳塞，也能清晰感受到震动；地下水从井壁两侧不断渗出，整个作业面常年湿漉漉的；温度常年超过30摄氏度，闷得让人喘不过气。工人们一戴防尘口罩就是十几个小时，摘下口罩时，脸上已被勒出深深的印痕。

安装技术员雷岩，是井下安装团队的核心骨干，他的工作区域在最潮湿、最艰苦的井下作业面，负责紧固液压管路、校准导向系统。有一次，雷岩在刀盘处进行刀具巡查，井下光线昏暗，地面湿滑，他不小心脚下一滑，腰部撞在了冰冷坚硬的刀盘上，但他的第一反应却是紧紧护住手中的工具和工件，生怕它们受损，影响设备调试。

苏路华，一名年逾五旬的老矿山人，从事矿山建设工作30余年，上至70余米高的井架顶端，下至千米深处的竖井作业面，都是老苏的“战场”。他紧盯刀盘与岩壁的每一次接触，及时发现问题、反馈问题，配合研发团队调整设备参数。

这些人，用汗水为技术落地默默努力着。

**打破数据壁垒，为工程建设插上智能化“翅膀”**

千米深处，漆黑与潮湿交织；地表之上，智慧管理平台大厅灯火通明。从项目初期的勘察勘探到如今的智慧运维，90后采矿主任工程师王子介见证着这座铁矿的每一步成长。

2018年，刚刚大学毕业的王子介就来到鞍钢。彼时的西鞍山，还是一片待开发的荒地，复式褶皱、挤压破碎带与含水层交织叠加，给初期勘察带来了重重阻碍。“以前依靠传统矿山施工图受绘图时效性、测量准确性限制，且二维平面图无法全面呈现三维空间关系，难以及时准确掌握不同施工队伍的空间位置。”王子介表示。西鞍山工程建设规模大，地质构造复杂，施工现场人员密集、作业面多、设备及现场工序衔接复杂多变，安全风险点多。“在工程建设之初，我们就将数字矿山建设列为头等课题。”王子介告诉记者。

王子介全程参与了数字矿山联合创新中心的组建，作为智慧采矿项目的负责人，他和团队完成了铁矿井下安全高效智慧矿山建设工程的可行性研究和风险评估的调研及编写工作，为建设覆盖全生命周期的智慧化管理平台打下坚实基础。该平台构建了融合采矿、地质、工程、安全管理等多个领域的数字化三维智慧模型，实现了多场景、多目标的安全管理提升。

现如今，走进智慧管理平台大厅，宽敞明亮的空间里，巨大的电子屏幕占据了整面墙壁，屏幕上，融合了地表与井下工程全场景的三维数字化模型精准呈现，8条平均深度700米的竖井、6400米的辅助斜坡道细节清晰可辨，“基石号”“钢铁脊梁号”的运行参数、各施工点位的进度数据、安全环保指标实时显示、一目了然。

“平台通过实时采集工程质量、进度、人员设备及安全环保等全维度数据，打破了传统工程参与方的数据壁垒，为工程建设插上了智能化‘翅膀’，实现建设、设计、施工、监理等多方在同一平台高效协作。”王子介的语气里满是自豪。

**延伸阅读**

**西鞍山铁矿何以重要**

辽宁西鞍山铁矿项目是国家级重大矿产资源保障工程，承载着夯实钢铁产业链供应链安全、降低铁矿石对外依存度的重要使命。该项目位于辽宁省鞍山市千山区西南7公里处，是目前国内最大的在建单体地下铁矿山，也是国内尚未开发的资源储量大、禀赋好的优质铁矿项目。项目于2022年11月正式开工，总投资229亿元，建设用地约238公顷，保有资源储量13亿吨，设计年开采铁矿石3000万吨、年产铁精矿1041万吨，服务年限长达36年，计划2027年底建成投产，旨在打造技术领先、智能绿色的世界级铁矿。

（本报记者刘洪超整理）",刘洪超,要闻,,https://paper.people.com.cn/rmrb/pc/content/202606/10/content_30162274.html,2026-06-10,"['掘进', '铁矿', '基石', '鞍山', '硬岩', '脊梁', '井下', '矿山', '钢铁', '智慧']","施工团队对“基石号”挖掘的隧道进行支护作业。由继宏摄
施工团队对“基石号”挖掘的隧道进行支护作业。
由继宏摄",政治,,,[],data/vault/2026/06/2026-06-10/06-要闻/千米之下，向着铁矿资源稳步掘进（创新故事）.md,06,要闻
小账本里的爱心长跑（守望）,"羊文超（右）和侄子在翻看账本。受访者供图
羊文超（右）和侄子在翻看账本。
受访者供图
湖南娄底市娄星区镇星恒苑小区，暖黄的灯光洒在一本泛黄的笔记本上，95岁的羊文超戴上老花镜，指尖轻柔地拂过密密麻麻的钢笔字迹。
“年纪大了记性不好，需要回访的受助人信息就记在本子上。”老人笑着说，“能力有限，能帮一点是一点。”
这本笔记本，记录着他晚年的捐款支出——2020年33000元，2023年21400元，2025年20000元……几年间，累计162200元。每一笔去向，工工整整，清清楚楚。
“他啊，对自己‘抠’得很。”老伴张紫英笑着拿出一件洗得发白的夹克，已磨出了毛边——1992年去黑龙江哈尔滨出差买的，一穿就是30多年。“晚辈们经常劝他，对自己大方一点，他只有一句话，‘能穿就行，舒服就好’。”
可论起帮助人，这位“抠门”老人大方得令人动容。
善意的种子，要回溯到抗战岁月。羊文超出身邵东农家，6岁丧父，母亲一人拉扯几个孩子长大。那时盐巴贵，舅父送来两斤盐，一家人高兴得像过年，母亲却分出一斤，送给了生活更拮据的邻居。
“勿以善小而不为。”羊文超说，这是母亲教他的，也是他一生的坚守。
1953年，22岁的羊文超月工资只有24元。在邵东张家陇农业社蹲点时，听说五保户简四娘病重没钱治，他掏出10元——那是他近半个月的工资。他说：“别人有难，能帮一点是一点。”
这一帮，就让爱心捐赠延续了70多年。
2018年，娄底学子张宏辉考上大学，却面临一个艰难的选择。父亲患尿毒症多年，每周要透析，爷爷奶奶没有收入，全家5口人全靠母亲一人打工维持生活。他打算放弃读大学。
羊文超听说了，特地上门。“我6岁没了父亲，家里穷得读不起书，是祖父告诉我，多读书，走遍天下都不怕。”他用自己的亲身经历劝说，“读书不只是改变你一个人的命运，也是改变一家人的命运。这个学，一定要上。”
从那以后，羊文超每年资助1万元，4年从未间断。手头再紧，也会优先保障张宏辉的学费。张宏辉的爷爷时常上门，帮羊文超干家务，用最朴素的方式表达感激。
如今，张宏辉已在长沙有了稳定工作。每年过年，张宏辉一家人都会专程来给羊文超拜年。说到这，老人露出欣慰的笑容：“孩子有出息，比什么都高兴。”
善行不是一时冲动，而是日复一日坚持。
2026年1月5日下午，娄底市关工委相关负责人专程登门，郑重接过羊文超向市关工委捐赠的4000元爱心款。2018年，羊文超和老伴商定，每月从退休金中拿出10%作为救助资金，2020年提高至20%。2024年，他又向娄底市慈善总会、市关工委等6家单位提供固定年度捐赠，每年捐款1.9万元。
“有一分光，发一分热。”这不仅是羊文超常说的话，更是他晚年生活的真实写照。
羊文超是一名老党员。2025年7月20日，是羊文超入党70周年的日子。他退休前所在单位为他举办了一场特殊的仪式——站在党旗前，这位94岁的老党员郑重地缴纳了1万元特殊党费，现场掌声不断。
如今，羊文超还每天读书看报，悉心照料老伴，无微不至。两位年过九旬的老人，把“行善助人”刻进了家风。
问起为什么一直捐款，羊文超露出温暖的笑容：“做好事让人快乐。能为别人分担一些难处，能看着一个孩子因为读书改变命运，我心里比什么都踏实。”
2024年，羊文超被评为助人为乐“湖南好人”，他的家庭获评“湖南省最美家庭”。如今，他还是老样子，穿着那件旧夹克，一笔一笔记着他的账，用一张张汇款单、一本本记账册，书写着无私奉献的爱心故事。","### “湖南好人”羊文超坚持爱心捐款七十余年

# 小账本里的爱心长跑（守望）

> 本报记者  杨  迅《人民日报》（2026年06月10日第 06 版）

羊文超（右）和侄子在翻看账本。　　受访者供图

羊文超（右）和侄子在翻看账本。

受访者供图

湖南娄底市娄星区镇星恒苑小区，暖黄的灯光洒在一本泛黄的笔记本上，95岁的羊文超戴上老花镜，指尖轻柔地拂过密密麻麻的钢笔字迹。

“年纪大了记性不好，需要回访的受助人信息就记在本子上。”老人笑着说，“能力有限，能帮一点是一点。”

这本笔记本，记录着他晚年的捐款支出——2020年33000元，2023年21400元，2025年20000元……几年间，累计162200元。每一笔去向，工工整整，清清楚楚。

“他啊，对自己‘抠’得很。”老伴张紫英笑着拿出一件洗得发白的夹克，已磨出了毛边——1992年去黑龙江哈尔滨出差买的，一穿就是30多年。“晚辈们经常劝他，对自己大方一点，他只有一句话，‘能穿就行，舒服就好’。”

可论起帮助人，这位“抠门”老人大方得令人动容。

善意的种子，要回溯到抗战岁月。羊文超出身邵东农家，6岁丧父，母亲一人拉扯几个孩子长大。那时盐巴贵，舅父送来两斤盐，一家人高兴得像过年，母亲却分出一斤，送给了生活更拮据的邻居。

“勿以善小而不为。”羊文超说，这是母亲教他的，也是他一生的坚守。

1953年，22岁的羊文超月工资只有24元。在邵东张家陇农业社蹲点时，听说五保户简四娘病重没钱治，他掏出10元——那是他近半个月的工资。他说：“别人有难，能帮一点是一点。”

这一帮，就让爱心捐赠延续了70多年。

2018年，娄底学子张宏辉考上大学，却面临一个艰难的选择。父亲患尿毒症多年，每周要透析，爷爷奶奶没有收入，全家5口人全靠母亲一人打工维持生活。他打算放弃读大学。

羊文超听说了，特地上门。“我6岁没了父亲，家里穷得读不起书，是祖父告诉我，多读书，走遍天下都不怕。”他用自己的亲身经历劝说，“读书不只是改变你一个人的命运，也是改变一家人的命运。这个学，一定要上。”

从那以后，羊文超每年资助1万元，4年从未间断。手头再紧，也会优先保障张宏辉的学费。张宏辉的爷爷时常上门，帮羊文超干家务，用最朴素的方式表达感激。

如今，张宏辉已在长沙有了稳定工作。每年过年，张宏辉一家人都会专程来给羊文超拜年。说到这，老人露出欣慰的笑容：“孩子有出息，比什么都高兴。”

善行不是一时冲动，而是日复一日坚持。

2026年1月5日下午，娄底市关工委相关负责人专程登门，郑重接过羊文超向市关工委捐赠的4000元爱心款。2018年，羊文超和老伴商定，每月从退休金中拿出10%作为救助资金，2020年提高至20%。2024年，他又向娄底市慈善总会、市关工委等6家单位提供固定年度捐赠，每年捐款1.9万元。

“有一分光，发一分热。”这不仅是羊文超常说的话，更是他晚年生活的真实写照。

羊文超是一名老党员。2025年7月20日，是羊文超入党70周年的日子。他退休前所在单位为他举办了一场特殊的仪式——站在党旗前，这位94岁的老党员郑重地缴纳了1万元特殊党费，现场掌声不断。

如今，羊文超还每天读书看报，悉心照料老伴，无微不至。两位年过九旬的老人，把“行善助人”刻进了家风。

问起为什么一直捐款，羊文超露出温暖的笑容：“做好事让人快乐。能为别人分担一些难处，能看着一个孩子因为读书改变命运，我心里比什么都踏实。”

2024年，羊文超被评为助人为乐“湖南好人”，他的家庭获评“湖南省最美家庭”。如今，他还是老样子，穿着那件旧夹克，一笔一笔记着他的账，用一张张汇款单、一本本记账册，书写着无私奉献的爱心故事。",杨  迅,要闻,,https://paper.people.com.cn/rmrb/pc/content/202606/10/content_30162275.html,2026-06-10,"['羊文超', '张宏辉', '羊文', '娄底市', '关工委', '爱心', '账本', '邵东', '捐款', '老人']","羊文超（右）和侄子在翻看账本。受访者供图
羊文超（右）和侄子在翻看账本。
受访者供图",其他,,,[],data/vault/2026/06/2026-06-10/06-要闻/小账本里的爱心长跑（守望）.md,06,要闻
穿街走巷，当好平安守护者（暖心故事）,"何银保在营救游客。视频截图
何银保在营救游客。
视频截图
“进娣，我来帮你搬。”江西省景德镇市浮梁县瑶里古镇景区内，居民占进娣正在搬门口的杂物，看她搬得吃力，正在巡逻的瑶里镇综合行政执法队队员何银保快步上前帮忙搬运。
“谢谢银保！”占进娣说，“每天都帮助大家，真是个乐于助人的好人嘞！”有路过的居民说：“银保因为救人还上了勇士榜呢！”
一句话，将何银保的思绪拉回到年初的一天。2026年1月22日10时15分，瑶里古镇景区内，一辆汽车在倒车时操作失控，坠入瑶河。
车辆瞬间翻转、倾斜、下沉，河水快速灌入车厢，车内4名游客被困，危在旦夕。此时，何银保正在古镇巡逻返程途中，了解情况后，他第一时间冲到了河边。
何银保没有丝毫犹豫，迅速脱下外套、裤子、鞋子，从湿滑的护坡处攀爬而下，纵身跳入冰冷的河水之中，奋力游向倾覆车辆。
“我用手猛砸、拉拽车门，但车门在河水的压力下，始终无法打开。”何银保回忆，他一边持续砸门，一边大声呼喊。
途经现场的游客赖跃龙听到呼救后，立即跳入水中，与何银保并肩在水中合力施救。在何银保与赖跃龙的带动下，周边群众纷纷自发赶来，递工具、撑竹排、搭把手，救援力量迅速汇聚。
当时车厢内已灌满河水，一名游客因呛水失去意识，何银保等人将这名游客救出后，立即开展人工呼吸、心肺复苏。在众人的合力下，4名被困游客被逐一安全转移至岸边，全部脱离生命危险。
随后，当地相关救援力量也抵达了现场，有序开展伤员救治、车辆起吊等工作。最终，获救游客在取暖、更换干衣后平安返程。
得知丈夫救人的事，何银保的妻子既心疼又自豪：“他想都没想就跳下去救人，真让人担心，但我为他感到光荣。”
其实，何银保的救人之举并非偶然。作为古镇的执法队员，他是群众的“守护者”，常年穿梭于街巷，巡查古建安全、疏导旅游客流、调解邻里纠纷……群众有困难，他总是随叫随到，守护着群众的平安，用默默付出温暖着乡亲和游客的心。
2026年1月，何银保、赖跃龙抢险救人行为被有关部门依法确认为见义勇为。在中央政法委发布的2026年第一季度见义勇为勇士榜上，何银保名列其中。","### 见义勇为勇士、江西浮梁瑶里镇综合行政执法队队员何银保

# 穿街走巷，当好平安守护者（暖心故事）

> 本报记者  杨颜菲《人民日报》（2026年06月10日第 06 版）

何银保在营救游客。　　视频截图

何银保在营救游客。

视频截图

“进娣，我来帮你搬。”江西省景德镇市浮梁县瑶里古镇景区内，居民占进娣正在搬门口的杂物，看她搬得吃力，正在巡逻的瑶里镇综合行政执法队队员何银保快步上前帮忙搬运。

“谢谢银保！”占进娣说，“每天都帮助大家，真是个乐于助人的好人嘞！”有路过的居民说：“银保因为救人还上了勇士榜呢！”

一句话，将何银保的思绪拉回到年初的一天。2026年1月22日10时15分，瑶里古镇景区内，一辆汽车在倒车时操作失控，坠入瑶河。

车辆瞬间翻转、倾斜、下沉，河水快速灌入车厢，车内4名游客被困，危在旦夕。此时，何银保正在古镇巡逻返程途中，了解情况后，他第一时间冲到了河边。

何银保没有丝毫犹豫，迅速脱下外套、裤子、鞋子，从湿滑的护坡处攀爬而下，纵身跳入冰冷的河水之中，奋力游向倾覆车辆。

“我用手猛砸、拉拽车门，但车门在河水的压力下，始终无法打开。”何银保回忆，他一边持续砸门，一边大声呼喊。

途经现场的游客赖跃龙听到呼救后，立即跳入水中，与何银保并肩在水中合力施救。在何银保与赖跃龙的带动下，周边群众纷纷自发赶来，递工具、撑竹排、搭把手，救援力量迅速汇聚。

当时车厢内已灌满河水，一名游客因呛水失去意识，何银保等人将这名游客救出后，立即开展人工呼吸、心肺复苏。在众人的合力下，4名被困游客被逐一安全转移至岸边，全部脱离生命危险。

随后，当地相关救援力量也抵达了现场，有序开展伤员救治、车辆起吊等工作。最终，获救游客在取暖、更换干衣后平安返程。

得知丈夫救人的事，何银保的妻子既心疼又自豪：“他想都没想就跳下去救人，真让人担心，但我为他感到光荣。”

其实，何银保的救人之举并非偶然。作为古镇的执法队员，他是群众的“守护者”，常年穿梭于街巷，巡查古建安全、疏导旅游客流、调解邻里纠纷……群众有困难，他总是随叫随到，守护着群众的平安，用默默付出温暖着乡亲和游客的心。

2026年1月，何银保、赖跃龙抢险救人行为被有关部门依法确认为见义勇为。在中央政法委发布的2026年第一季度见义勇为勇士榜上，何银保名列其中。",杨颜菲,要闻,,https://paper.people.com.cn/rmrb/pc/content/202606/10/content_30162276.html,2026-06-10,"['何银保', '游客', '救人', '古镇', '进娣', '瑶里', '2026', '跃龙', '河水', '群众']","何银保在营救游客。视频截图
何银保在营救游客。
视频截图",其他,,,[],data/vault/2026/06/2026-06-10/06-要闻/穿街走巷，当好平安守护者（暖心故事）.md,06,要闻
培育乡土人才  赋能特色产业,"本报成都6月9日电  （记者王明峰）“有专家手把手教，种植更有底气，丰收更有保障。”四川省甘孜藏族自治州乡城县青德镇青麦村村民洛绒扎姆的水果种植基地里，农技专家现场讲解果树管护、病虫害防治等实用技术，村民们围拢学习、现场实操……
近年来，乡城县坚持党建引领乡村全面振兴，立足农牧地区生产生活实际，创新打造田园、草地、线上“三个课堂”。乡城县坚持“田间为课堂、农事为教材、能手为师资”，充分挖掘本土人才资源，遴选懂技术、善经营、经验足的种养大户、致富带头人、乡村“土专家”担任授课老师。开设流动式“草地课堂”，开展送学上门、送技到户、普法到点服务。依托数字乡村建设契机，常态化开展直播带货、电商运营、产销对接、农资代购等实操培训。据介绍，“三个课堂”已在乡城县全域推广，当地人才活力充分迸发，特色水果产业稳步壮大。
“乡城县将持续擦亮‘三个课堂’党建赋能品牌，深耕乡土人才培育、做强特色富民产业，以人才振兴赋能乡村全面振兴。”乡城县相关部门负责人表示。","### 四川乡城县坚持党建引领乡村全面振兴

# 培育乡土人才  赋能特色产业

> 《人民日报》（2026年06月10日第 06 版）

本报成都6月9日电  （记者王明峰）“有专家手把手教，种植更有底气，丰收更有保障。”四川省甘孜藏族自治州乡城县青德镇青麦村村民洛绒扎姆的水果种植基地里，农技专家现场讲解果树管护、病虫害防治等实用技术，村民们围拢学习、现场实操……

近年来，乡城县坚持党建引领乡村全面振兴，立足农牧地区生产生活实际，创新打造田园、草地、线上“三个课堂”。乡城县坚持“田间为课堂、农事为教材、能手为师资”，充分挖掘本土人才资源，遴选懂技术、善经营、经验足的种养大户、致富带头人、乡村“土专家”担任授课老师。开设流动式“草地课堂”，开展送学上门、送技到户、普法到点服务。依托数字乡村建设契机，常态化开展直播带货、电商运营、产销对接、农资代购等实操培训。据介绍，“三个课堂”已在乡城县全域推广，当地人才活力充分迸发，特色水果产业稳步壮大。

“乡城县将持续擦亮‘三个课堂’党建赋能品牌，深耕乡土人才培育、做强特色富民产业，以人才振兴赋能乡村全面振兴。”乡城县相关部门负责人表示。",,要闻,,https://paper.people.com.cn/rmrb/pc/content/202606/10/content_30162279.html,2026-06-10,"['乡城县', '课堂', '赋能', '乡村', '人才', '实操', '振兴', '党建', '乡土', '草地']","本报成都6月9日电  （记者王明峰）“有专家手把手教，种植更有底气，丰收更有保障。”四川省甘孜藏族自治州乡城县青德镇青麦村村民洛绒扎姆的水果种植基地里，农技专家现场讲解果树管护、病虫害防治等实用技术，村民们围拢学习、现场实操……
近年来，乡城县坚持党建引领乡村全面振兴，立足农牧地区生产生活实际，创新打造田园、草地、线上“三个课堂”。乡城县坚持“田间为课堂、农事为教材、能手为师资”，充分挖掘本土人才资源，遴选懂技术、善经营、经验足的种养大户、致富带头人、乡村“土专家”担任授课老师。开设流动式“草地课堂”，开展送学上门、送技到户、普法到点服务。依托数字乡村建设契机，常态化开展直播带货、电商运营、产销对接、农资代购等实操培训。据介绍，“三个课堂”已在乡城县全域推广，当地人才活力充分迸发，特色水果产业稳步壮大。
“乡城县将持续擦亮‘三个课堂’党建赋能品牌，深耕乡土人才培育、做强特色富民产业，以人才振兴赋能乡村全面振兴。”乡城县相关部门负责人表示。",政治,,,[],data/vault/2026/06/2026-06-10/06-要闻/培育乡土人才 赋能特色产业.md,06,要闻
光伏行业迈向更加理性、稳健、可持续的新阶段（经济聚焦）,"“十四五”时期，我国光伏发电转换效率等屡次刷新世界纪录，实现技术持续迭代和成本快速下降。
数据显示，“十四五”时期，我国光伏制造端年产值突破1万亿元，出口总额突破1800亿美元，累计装机突破1200吉瓦，组件出口国家和地区超200个。2025年，我国多晶硅、硅片、电池产能在全球占比均为九成以上，组件产能在全球占比达八成以上。
但也需看到，近两年光伏制造端发展面临一定波折，价格下行、亏损面扩大。自2026年4月1日起，取消光伏等产品增值税出口退税，行业面临哪些影响？记者采访了中国光伏行业协会相关负责人。
2024年以来，我国光伏产品在海外市场面临日益激烈的恶性竞争，呈现“量增价减”态势。“部分企业在出口过程中，不仅无节制地低价竞争，还将出口退税额折算为对外议价空间，不仅造成国内企业的利润流失，也增加了我国光伏行业遭受反补贴、反倾销等国际贸易摩擦风险。”中国光伏行业协会相关负责人说。
事实上，出口退税政策调整并非偶然。2024年，财政部、国家税务总局发布公告，自2024年12月1日起，将部分成品油、光伏、电池、部分非金属矿物制品的出口退税率由13%下调至9%。取消出口退税政策是在此前基础上结合我国实际情况进一步作出的政策调整。
不可否认，告别出口退税补贴红利，短期看企业出口成本增加，盈利空间或被挤压；一些依赖出口退税补贴的企业，或因过度依赖海外市场和竞争力不足而退出市场，可能会有短期阵痛。
中国光伏行业协会相关负责人认为，尽管出口退税政策调整，并非是从根本上解决内卷相关问题的唯一手段，但从中长期看，将倒逼企业从粗放式规模扩张，转向技术溢价提升与品牌价值塑造，推动行业向高效率、高可靠性、智能化方向转型升级。同时，能够有效弱化企业低价竞争的内在动因，促进行业自律，推动市场竞争由“价格战”转向“价值战”，构建良性竞争格局。
对于出口退税政策调整，不少企业理性应对，提前做出应对规划，优先保障原有订单履约，控制违约风险，避免因订单纠纷引发的资金链紧张与商誉损失。
“摆脱单纯依赖价格与退税红利的竞争模式，海外产能布局、本土化服务网络建设、本地化供应链协同将成为行业发展重要趋势，具备关键技术实力、品牌影响力及全球化供应链运营能力的企业将拥有显著竞争优势。”中国光伏行业协会相关负责人说。
此外，随着国际市场对产品质量、碳足迹、认证合规等要求持续提升，低质同质化、贴牌仿冒及不合规产品的生存空间将被进一步挤压，行业集中度有望持续提升。
在转型升级过程中，光伏企业积极构筑技术护城河，拓展新增长点。例如，加速推进无银、低银技术量产，降低对白银的依赖；储备钙钛矿及叠层电池技术，推动产业化落地；构建光伏与储能、氢能的综合能源生态；拓展商业航天、车载光伏、消费电子等新型光伏应用市场。
中国光伏行业协会相关负责人认为，依靠低价竞争难以形成长期竞争力，企业应立足海外差异化场景制定方案，提升产品附加值；坚守经营底线，合理定价，保障稳健盈利基础；同时，将合理比例的利润投入前沿技术研发，以持续的技术迭代筑牢品牌壁垒，形成“品牌溢价+场景增值+技术领先”的良性循环，摆脱低价内卷困境。
“经过短期阵痛与长期产业格局重构，光伏行业整体将迈向更加理性、稳健、可持续的发展新阶段。”该负责人说。","# 光伏行业迈向更加理性、稳健、可持续的新阶段（经济聚焦）

> 本报记者  丁怡婷《人民日报》（2026年06月10日第 07 版）

“十四五”时期，我国光伏发电转换效率等屡次刷新世界纪录，实现技术持续迭代和成本快速下降。

数据显示，“十四五”时期，我国光伏制造端年产值突破1万亿元，出口总额突破1800亿美元，累计装机突破1200吉瓦，组件出口国家和地区超200个。2025年，我国多晶硅、硅片、电池产能在全球占比均为九成以上，组件产能在全球占比达八成以上。

但也需看到，近两年光伏制造端发展面临一定波折，价格下行、亏损面扩大。自2026年4月1日起，取消光伏等产品增值税出口退税，行业面临哪些影响？记者采访了中国光伏行业协会相关负责人。

2024年以来，我国光伏产品在海外市场面临日益激烈的恶性竞争，呈现“量增价减”态势。“部分企业在出口过程中，不仅无节制地低价竞争，还将出口退税额折算为对外议价空间，不仅造成国内企业的利润流失，也增加了我国光伏行业遭受反补贴、反倾销等国际贸易摩擦风险。”中国光伏行业协会相关负责人说。

事实上，出口退税政策调整并非偶然。2024年，财政部、国家税务总局发布公告，自2024年12月1日起，将部分成品油、光伏、电池、部分非金属矿物制品的出口退税率由13%下调至9%。取消出口退税政策是在此前基础上结合我国实际情况进一步作出的政策调整。

不可否认，告别出口退税补贴红利，短期看企业出口成本增加，盈利空间或被挤压；一些依赖出口退税补贴的企业，或因过度依赖海外市场和竞争力不足而退出市场，可能会有短期阵痛。

中国光伏行业协会相关负责人认为，尽管出口退税政策调整，并非是从根本上解决内卷相关问题的唯一手段，但从中长期看，将倒逼企业从粗放式规模扩张，转向技术溢价提升与品牌价值塑造，推动行业向高效率、高可靠性、智能化方向转型升级。同时，能够有效弱化企业低价竞争的内在动因，促进行业自律，推动市场竞争由“价格战”转向“价值战”，构建良性竞争格局。

对于出口退税政策调整，不少企业理性应对，提前做出应对规划，优先保障原有订单履约，控制违约风险，避免因订单纠纷引发的资金链紧张与商誉损失。

“摆脱单纯依赖价格与退税红利的竞争模式，海外产能布局、本土化服务网络建设、本地化供应链协同将成为行业发展重要趋势，具备关键技术实力、品牌影响力及全球化供应链运营能力的企业将拥有显著竞争优势。”中国光伏行业协会相关负责人说。

此外，随着国际市场对产品质量、碳足迹、认证合规等要求持续提升，低质同质化、贴牌仿冒及不合规产品的生存空间将被进一步挤压，行业集中度有望持续提升。

在转型升级过程中，光伏企业积极构筑技术护城河，拓展新增长点。例如，加速推进无银、低银技术量产，降低对白银的依赖；储备钙钛矿及叠层电池技术，推动产业化落地；构建光伏与储能、氢能的综合能源生态；拓展商业航天、车载光伏、消费电子等新型光伏应用市场。

中国光伏行业协会相关负责人认为，依靠低价竞争难以形成长期竞争力，企业应立足海外差异化场景制定方案，提升产品附加值；坚守经营底线，合理定价，保障稳健盈利基础；同时，将合理比例的利润投入前沿技术研发，以持续的技术迭代筑牢品牌壁垒，形成“品牌溢价+场景增值+技术领先”的良性循环，摆脱低价内卷困境。

“经过短期阵痛与长期产业格局重构，光伏行业整体将迈向更加理性、稳健、可持续的发展新阶段。”该负责人说。",丁怡婷,经济,,https://paper.people.com.cn/rmrb/pc/content/202606/10/content_30162281.html,2026-06-10,"['光伏', '退税', '出口', '行业协会', '企业', '行业', '竞争', '2024', '负责人', '技术']","“十四五”时期，我国光伏发电转换效率等屡次刷新世界纪录，实现技术持续迭代和成本快速下降。
数据显示，“十四五”时期，我国光伏制造端年产值突破1万亿元，出口总额突破1800亿美元，累计装机突破1200吉瓦，组件出口国家和地区超200个。2025年，我国多晶硅、硅片、电池产能在全球占比均为九成以上，组件产能在全球占比达八成以上。
但也需看到，近两年光伏制造端发展面临一定波折，价格下行、亏损面扩大。自2026年4月1日起，取消光伏等产品增值税出口退税，行业面临哪些影响？记者采访了中国光伏行业协会相关负责人。",政治,,,[],data/vault/2026/06/2026-06-10/07-经济/光伏行业迈向更加理性、稳健、可持续的新阶段（经济聚焦）.md,07,经济
光伏企业寻找新的增长点,"作为极具竞争力的新兴可再生能源产业之一，光伏产业近年发展迅速，其中，浙江光伏产业规模和并网装机量位居全国前列。4月1日起，取消光伏等产品增值税出口退税，这意味着短期内相关光伏企业出口产品利润将减少。行业格局迎来深度重塑，叠加出口退税取消，企业如何应对？记者在浙江进行了走访。
出口退税取消，如何直面全球竞争
从产品、品牌走出去，到产能走出去
走进位于浙江金华的浙江润马光能集团有限公司工厂，生产线上，机械臂与物料运输路线配合下，硅片经过一系列化学工艺、激光雕刻等被制成太阳能电池片，再经过串焊、层压、装框等工序被加工成光伏组件。“前不久，我们刚从中亚、东南亚等地接到订单，目前正在加紧生产。”公司相关负责人肖元彪介绍。
早在出口退税取消之前，为适应全球竞争，浙江光伏产业就已开始“两头”布局：一方面，扎根国内稳扎稳打；另一方面，积极对外拓展海外市场，多家浙江光伏龙头企业的海外产能布局已初具规模。
“去年底，我们从巴基斯坦接到了200个集装箱的订单。”肖元彪说，“我们采取独家代理权模式，即在一国只授予一名有影响力的外贸商独家专营权，实现双方深度捆绑。”他介绍，公司已在巴基斯坦、阿联酋等国家布局独家代理，配套提供品牌支持、市场推广、售后保障，快速搭建起本地化渠道网络。
对大企业而言，出海早已从最初的“产品走出去”进阶到“品牌走出去”“产能走出去”。“出海不止于将销售环节布局海外，更在于扎根当地，实现全链条的本土化运营。”正泰新能科技股份有限公司常务副总裁黄海燕认为，头部企业在海外主要市场构建完整的本土化产能和服务体系，从而形成多点支撑的全球产业链布局以对冲贸易风险。
今年3月，正泰新能顺利拿下在土耳其科尼亚省埃雷利地区的某大型光储项目。项目所需光伏组件全部来自正泰新能的土耳其本地工厂，更关键的是，正泰集团为项目提供了从组件到储能系统再到施工的“全链条”一站式解决方案。“从核心产品到系统集成再到工程交付，全链条能力让我们在国际竞争中更具优势。”黄海燕说。
机遇与挑战并存，未来如何破题？浙江省太阳能光伏行业协会秘书长沈福鑫认为，浙江光伏产业已具备坚实的规模基础和集群发展优势，正处在从“政策驱动”向“市场驱动与技术驱动”转型的关键节点。未来，要加快企业技术创新与前沿研发，突破高效电池及关键材料技术，并鼓励企业拓展市场与创新应用场景，深化国内多场景融合应用和加快海外市场开拓。
量增价减，如何加速出清落后产能
倒逼企业比拼真实成本、技术与渠道能力
浙江省经信厅数字经济处相关负责人介绍，2023年以来，光伏行业产能持续扩大，一些企业陷入“内卷式”竞争。对此，浙江去年推出“自律控产”政策，但“量增价减”的核心矛盾依然突出：组件价格长期在成本线附近徘徊，部分企业销售价格无法覆盖成本。
从上游价格下跌到下游组件报价持续走低，叠加退税取消，浙江光伏企业的盈利空间被进一步压缩。“这是光伏产业从‘规模扩张’到‘质量优先’的关键转折点，出口退税取消直接切断‘补贴型低价竞争’通道，倒逼企业比拼真实成本、技术与渠道能力。”沈福鑫说。
在浙江爱旭太阳能科技有限公司，公司相关负责人表示：“落后产能终将被淘汰，行业竞争最终还是要回归以技术、品质为主导的良性循环。”他说，此次出口退税取消标志着光伏行业进入“价值出海”时代，其关键在于加速落后产能出清、优化行业格局，从长期看，这有利于抑制出口价格的长期底部徘徊，有助于推动国外市场价格理性回归。
黄海燕认为，当前光伏行业所谓“增产不增收”，是因为过去两年大规模产能集中释放，直接压低了产业链价格，企业破局不能被动等待市场反转，而要主动作为。以位于嘉兴的正泰新能海宁基地为例，作为国家级绿色工厂，光伏生产更加数字化、智能化。基地负责人庞少华介绍，早在2016年，这里就率先建成“光伏制造+互联网”的工厂。“以半成品人工智能检测工序为例，往常4条产线白夜班需8人配合完成，人工智能检测上线后仅需2人，同时检测效能较人工提升4倍。”庞少华介绍。
沈福鑫表示，企业应更多关注自身是否存在落后产能等情况。“这需要行业内达成共识，互相监督、共同进步，明确减产是减掉落后产能，不能再搞低价竞争。”
从屋顶到山海，如何拓展应用场景
“以大代小”“以旧换新”或成新增长点
浙北平原，中午12点，嘉兴市秀洲区新塍镇庙云桥村，阳光照射在农房屋顶的光伏电池板上闪闪发光。庙云桥村党总支书记方明介绍，庙云桥村去年新增农户屋顶光伏达62户，年发电量折算电费收入约60万元。“过去是政府引导，现在是市场主导，老百姓选择更多。”
“光伏+”应用，是光伏行业激烈竞争下，应用场景不断拓宽的结果。东海之滨，乐清市翁乐围垦外侧700米海面上，近50万片银蓝色光伏板在阳光下熠熠生辉，光伏板之下是另一番生动画面：鱼儿在阴影掩映的水中自在游弋。这里是温州亨泰渔光互补发电项目，“我们在项目之初就融合了渔业养殖，对光伏板下的水域资源实现综合利用，每亩滩涂每年额外创造约3000元的渔业产值，增加千余个就业岗位。”项目负责人介绍。
视线转向浙南山区，走进泰顺县西旸镇面前岭村，连片光伏板沿山铺展。面前岭村党支部书记蔡建明介绍，项目瞄准光伏板下的林地空间利用，一能固化土地，二能变废为宝，目前已发展为“光伏+药用红豆杉”的农林光互补产业示范基地，每年为村集体带来20万元左右的收益。不仅如此，村里还依托浙南运动航空飞行营地，推出“空中看光伏”的特色旅游项目。
沈福鑫认为，新场景的不断开发确实能在一定程度上缓解光伏产能规模扩张问题，光伏行业的“以大代小”“以旧换新”在未来或将成为新的增长点。例如2024年，浙江首个分布式光伏“以旧换新”项目就在嘉兴海宁市启动，海宁市行政中心屋顶安装的888块老旧光伏组件被731块新型光伏组件替换，总体面积不变，但发电效率和发电量显著提升，为老旧光伏更新迭代提供借鉴。","### 积极应对行业格局调整

# 光伏企业寻找新的增长点

> 本报记者  窦瀚洋《人民日报》（2026年06月10日第 07 版）

作为极具竞争力的新兴可再生能源产业之一，光伏产业近年发展迅速，其中，浙江光伏产业规模和并网装机量位居全国前列。4月1日起，取消光伏等产品增值税出口退税，这意味着短期内相关光伏企业出口产品利润将减少。行业格局迎来深度重塑，叠加出口退税取消，企业如何应对？记者在浙江进行了走访。

出口退税取消，如何直面全球竞争

从产品、品牌走出去，到产能走出去

走进位于浙江金华的浙江润马光能集团有限公司工厂，生产线上，机械臂与物料运输路线配合下，硅片经过一系列化学工艺、激光雕刻等被制成太阳能电池片，再经过串焊、层压、装框等工序被加工成光伏组件。“前不久，我们刚从中亚、东南亚等地接到订单，目前正在加紧生产。”公司相关负责人肖元彪介绍。

早在出口退税取消之前，为适应全球竞争，浙江光伏产业就已开始“两头”布局：一方面，扎根国内稳扎稳打；另一方面，积极对外拓展海外市场，多家浙江光伏龙头企业的海外产能布局已初具规模。

“去年底，我们从巴基斯坦接到了200个集装箱的订单。”肖元彪说，“我们采取独家代理权模式，即在一国只授予一名有影响力的外贸商独家专营权，实现双方深度捆绑。”他介绍，公司已在巴基斯坦、阿联酋等国家布局独家代理，配套提供品牌支持、市场推广、售后保障，快速搭建起本地化渠道网络。

对大企业而言，出海早已从最初的“产品走出去”进阶到“品牌走出去”“产能走出去”。“出海不止于将销售环节布局海外，更在于扎根当地，实现全链条的本土化运营。”正泰新能科技股份有限公司常务副总裁黄海燕认为，头部企业在海外主要市场构建完整的本土化产能和服务体系，从而形成多点支撑的全球产业链布局以对冲贸易风险。

今年3月，正泰新能顺利拿下在土耳其科尼亚省埃雷利地区的某大型光储项目。项目所需光伏组件全部来自正泰新能的土耳其本地工厂，更关键的是，正泰集团为项目提供了从组件到储能系统再到施工的“全链条”一站式解决方案。“从核心产品到系统集成再到工程交付，全链条能力让我们在国际竞争中更具优势。”黄海燕说。

机遇与挑战并存，未来如何破题？浙江省太阳能光伏行业协会秘书长沈福鑫认为，浙江光伏产业已具备坚实的规模基础和集群发展优势，正处在从“政策驱动”向“市场驱动与技术驱动”转型的关键节点。未来，要加快企业技术创新与前沿研发，突破高效电池及关键材料技术，并鼓励企业拓展市场与创新应用场景，深化国内多场景融合应用和加快海外市场开拓。

量增价减，如何加速出清落后产能

倒逼企业比拼真实成本、技术与渠道能力

浙江省经信厅数字经济处相关负责人介绍，2023年以来，光伏行业产能持续扩大，一些企业陷入“内卷式”竞争。对此，浙江去年推出“自律控产”政策，但“量增价减”的核心矛盾依然突出：组件价格长期在成本线附近徘徊，部分企业销售价格无法覆盖成本。

从上游价格下跌到下游组件报价持续走低，叠加退税取消，浙江光伏企业的盈利空间被进一步压缩。“这是光伏产业从‘规模扩张’到‘质量优先’的关键转折点，出口退税取消直接切断‘补贴型低价竞争’通道，倒逼企业比拼真实成本、技术与渠道能力。”沈福鑫说。

在浙江爱旭太阳能科技有限公司，公司相关负责人表示：“落后产能终将被淘汰，行业竞争最终还是要回归以技术、品质为主导的良性循环。”他说，此次出口退税取消标志着光伏行业进入“价值出海”时代，其关键在于加速落后产能出清、优化行业格局，从长期看，这有利于抑制出口价格的长期底部徘徊，有助于推动国外市场价格理性回归。

黄海燕认为，当前光伏行业所谓“增产不增收”，是因为过去两年大规模产能集中释放，直接压低了产业链价格，企业破局不能被动等待市场反转，而要主动作为。以位于嘉兴的正泰新能海宁基地为例，作为国家级绿色工厂，光伏生产更加数字化、智能化。基地负责人庞少华介绍，早在2016年，这里就率先建成“光伏制造+互联网”的工厂。“以半成品人工智能检测工序为例，往常4条产线白夜班需8人配合完成，人工智能检测上线后仅需2人，同时检测效能较人工提升4倍。”庞少华介绍。

沈福鑫表示，企业应更多关注自身是否存在落后产能等情况。“这需要行业内达成共识，互相监督、共同进步，明确减产是减掉落后产能，不能再搞低价竞争。”

从屋顶到山海，如何拓展应用场景

“以大代小”“以旧换新”或成新增长点

浙北平原，中午12点，嘉兴市秀洲区新塍镇庙云桥村，阳光照射在农房屋顶的光伏电池板上闪闪发光。庙云桥村党总支书记方明介绍，庙云桥村去年新增农户屋顶光伏达62户，年发电量折算电费收入约60万元。“过去是政府引导，现在是市场主导，老百姓选择更多。”

“光伏+”应用，是光伏行业激烈竞争下，应用场景不断拓宽的结果。东海之滨，乐清市翁乐围垦外侧700米海面上，近50万片银蓝色光伏板在阳光下熠熠生辉，光伏板之下是另一番生动画面：鱼儿在阴影掩映的水中自在游弋。这里是温州亨泰渔光互补发电项目，“我们在项目之初就融合了渔业养殖，对光伏板下的水域资源实现综合利用，每亩滩涂每年额外创造约3000元的渔业产值，增加千余个就业岗位。”项目负责人介绍。

视线转向浙南山区，走进泰顺县西旸镇面前岭村，连片光伏板沿山铺展。面前岭村党支部书记蔡建明介绍，项目瞄准光伏板下的林地空间利用，一能固化土地，二能变废为宝，目前已发展为“光伏+药用红豆杉”的农林光互补产业示范基地，每年为村集体带来20万元左右的收益。不仅如此，村里还依托浙南运动航空飞行营地，推出“空中看光伏”的特色旅游项目。

沈福鑫认为，新场景的不断开发确实能在一定程度上缓解光伏产能规模扩张问题，光伏行业的“以大代小”“以旧换新”在未来或将成为新的增长点。例如2024年，浙江首个分布式光伏“以旧换新”项目就在嘉兴海宁市启动，海宁市行政中心屋顶安装的888块老旧光伏组件被731块新型光伏组件替换，总体面积不变，但发电效率和发电量显著提升，为老旧光伏更新迭代提供借鉴。",窦瀚洋,经济,,https://paper.people.com.cn/rmrb/pc/content/202606/10/content_30162282.html,2026-06-10,"['光伏', '产能', '浙江', '退税', '组件', '企业', '正泰新能', '沈福鑫', '取消', '介绍']","作为极具竞争力的新兴可再生能源产业之一，光伏产业近年发展迅速，其中，浙江光伏产业规模和并网装机量位居全国前列。4月1日起，取消光伏等产品增值税出口退税，这意味着短期内相关光伏企业出口产品利润将减少。行业格局迎来深度重塑，叠加出口退税取消，企业如何应对？记者在浙江进行了走访。
出口退税取消，如何直面全球竞争
从产品、品牌走出去，到产能走出去",政治,,,[],data/vault/2026/06/2026-06-10/07-经济/光伏企业寻找新的增长点.md,07,经济
“不只卖果，还卖体验”（高质量发展在一线·小城宝藏）,"清晨的粤西，广东茂名化州市中垌镇薄雾蒙蒙，漫山遍野的柚树上硕果累累。眼下，正值化橘红胎果采摘的窗口期，经过低温慢烘、压制切片等工艺，青涩的胎果制成具有止咳化痰功效的化橘红。
“化橘红的原料其实就是化州柚皮，化州柚表皮外长着一层细密、结实的茸毛，这种化州柚就是化橘红的胎果。”90后青年刘付锋在果园里边走边介绍，只有午后采摘的鲜果，才能保留最完整的茸毛，这是化橘红品质的关键。
作为化州市独有资源，化橘红具有药物成分高、镇咳祛痰利咽等功效。化州土壤中富含一种被称为礞石的矿物质，能促进化橘红中柚皮苷等药用有效成分的积累。
目前，化州市化州柚种植面积超13万亩，年产鲜果6万余吨，干果1.2万余吨，全产业链产值突破百亿元，从业人员超过35万人，2024年化橘红被纳入国家食药物质目录。
大学毕业后，刘付锋从广州返乡。“祖辈几代人靠化橘红养家，我要让这门手艺传承下去。”他说。
创业之路比想象中艰难。2014年，刘付锋返乡成立合作社，想整合零散农户，做标准化种植和保底收购。理想丰满，现实则困难重重：流转千亩山林要本金，收购旺季需要海量周转资金，新建烘干仓储更是投资巨大。
最煎熬的是2020年，鲜果集中上市，收购资金缺口问题明显。刘付锋心里焦灼，承诺农户“一定想办法”。
转机来自中国农业银行化州市支行的上门调研。了解情况后，银行针对化橘红产业“季节性强、缺乏抵押物”的特点，快速为其审批发放300多万元的信贷资金，解了刘付锋的燃眉之急。
传统种植生产周期长、成本高，“按照传统做法，果树初次挂果不采，要养树3年，根基才稳，药性才足。”刘付锋说。这与市场销售走量的需求确有冲突，刘付锋努力寻找平衡点：一方面，守住祖辈流传的古法炮制橘红片、橘红皮核心技艺，不为提速而牺牲陈化时间；另一方面，推行现代化规范管理，打造标准化种植、加工流程。这套“笨”功夫，慢慢结出高品质胎果，“口碑和品牌要靠时间沉淀，急不来。”刘付锋说。
在与中垌镇相邻的合江镇新圩村，村党支部书记周富英刚走进橘红大厦，90后返乡大学生梁贵瑞就给了一个惊喜，“昨晚的直播数据出来了，化橘红润喉糖又超了5000单！”直播镜头外，打包好的化橘红润喉糖堆成小山，即将发往各地。
“以前，合江主要卖鲜果、干片，附加值低，要想好资源变成好效益，还得多琢磨。”周富英说。梁贵瑞提出：“橘红利咽化痰，能不能做一种口感更好、方便携带的化橘红润喉糖？”两人不谋而合，团队开始布局生产化橘红润喉糖、橘红果脯、条果等系列产品。
研发过程一波三折。润喉糖应当清咽利喉甜丝丝，而化橘红本身自带的苦味难以去除，配方调整几十次都不理想，团队一度想放弃。周富英鼓励梁贵瑞团队创新就要敢闯敢试，同时还帮他们对接科研机构，终于，第138次化橘红润喉糖试产成功。今年全国两会期间，化橘红产品受到关注，化橘红润喉糖销量猛增十几倍。
“不只卖果，还卖体验。”周富英介绍，现在从单一鲜果销售到橘红片、润喉糖、果脯等200多种深加工产品，再到橘红民宿、研学体验等文旅业态，产业链不断延伸，附加值大幅提升，村里的化州柚种植面积从几百亩扩大到近千亩。
傍晚，刘付锋检查完最后一炉烘干中的橘红，周富英和梁贵瑞则领着团队开启乡村直播带货。远山如黛，近处灯火渐次亮起。一颗颗古老的化橘红，凝聚着传承的匠心、创新的锐气，从粤西山坳走向广阔天地。","### 广东化州市发展化橘红产业

# “不只卖果，还卖体验”（高质量发展在一线·小城宝藏）

> 本报记者  李  刚《人民日报》（2026年06月10日第 07 版）

清晨的粤西，广东茂名化州市中垌镇薄雾蒙蒙，漫山遍野的柚树上硕果累累。眼下，正值化橘红胎果采摘的窗口期，经过低温慢烘、压制切片等工艺，青涩的胎果制成具有止咳化痰功效的化橘红。

“化橘红的原料其实就是化州柚皮，化州柚表皮外长着一层细密、结实的茸毛，这种化州柚就是化橘红的胎果。”90后青年刘付锋在果园里边走边介绍，只有午后采摘的鲜果，才能保留最完整的茸毛，这是化橘红品质的关键。

作为化州市独有资源，化橘红具有药物成分高、镇咳祛痰利咽等功效。化州土壤中富含一种被称为礞石的矿物质，能促进化橘红中柚皮苷等药用有效成分的积累。

目前，化州市化州柚种植面积超13万亩，年产鲜果6万余吨，干果1.2万余吨，全产业链产值突破百亿元，从业人员超过35万人，2024年化橘红被纳入国家食药物质目录。

大学毕业后，刘付锋从广州返乡。“祖辈几代人靠化橘红养家，我要让这门手艺传承下去。”他说。

创业之路比想象中艰难。2014年，刘付锋返乡成立合作社，想整合零散农户，做标准化种植和保底收购。理想丰满，现实则困难重重：流转千亩山林要本金，收购旺季需要海量周转资金，新建烘干仓储更是投资巨大。

最煎熬的是2020年，鲜果集中上市，收购资金缺口问题明显。刘付锋心里焦灼，承诺农户“一定想办法”。

转机来自中国农业银行化州市支行的上门调研。了解情况后，银行针对化橘红产业“季节性强、缺乏抵押物”的特点，快速为其审批发放300多万元的信贷资金，解了刘付锋的燃眉之急。

传统种植生产周期长、成本高，“按照传统做法，果树初次挂果不采，要养树3年，根基才稳，药性才足。”刘付锋说。这与市场销售走量的需求确有冲突，刘付锋努力寻找平衡点：一方面，守住祖辈流传的古法炮制橘红片、橘红皮核心技艺，不为提速而牺牲陈化时间；另一方面，推行现代化规范管理，打造标准化种植、加工流程。这套“笨”功夫，慢慢结出高品质胎果，“口碑和品牌要靠时间沉淀，急不来。”刘付锋说。

在与中垌镇相邻的合江镇新圩村，村党支部书记周富英刚走进橘红大厦，90后返乡大学生梁贵瑞就给了一个惊喜，“昨晚的直播数据出来了，化橘红润喉糖又超了5000单！”直播镜头外，打包好的化橘红润喉糖堆成小山，即将发往各地。

“以前，合江主要卖鲜果、干片，附加值低，要想好资源变成好效益，还得多琢磨。”周富英说。梁贵瑞提出：“橘红利咽化痰，能不能做一种口感更好、方便携带的化橘红润喉糖？”两人不谋而合，团队开始布局生产化橘红润喉糖、橘红果脯、条果等系列产品。

研发过程一波三折。润喉糖应当清咽利喉甜丝丝，而化橘红本身自带的苦味难以去除，配方调整几十次都不理想，团队一度想放弃。周富英鼓励梁贵瑞团队创新就要敢闯敢试，同时还帮他们对接科研机构，终于，第138次化橘红润喉糖试产成功。今年全国两会期间，化橘红产品受到关注，化橘红润喉糖销量猛增十几倍。

“不只卖果，还卖体验。”周富英介绍，现在从单一鲜果销售到橘红片、润喉糖、果脯等200多种深加工产品，再到橘红民宿、研学体验等文旅业态，产业链不断延伸，附加值大幅提升，村里的化州柚种植面积从几百亩扩大到近千亩。

傍晚，刘付锋检查完最后一炉烘干中的橘红，周富英和梁贵瑞则领着团队开启乡村直播带货。远山如黛，近处灯火渐次亮起。一颗颗古老的化橘红，凝聚着传承的匠心、创新的锐气，从粤西山坳走向广阔天地。",李  刚,经济,,https://paper.people.com.cn/rmrb/pc/content/202606/10/content_30162283.html,2026-06-10,"['橘红', '刘付锋', '润喉', '化州', '鲜果', '化州市', '胎果', '梁贵瑞', '周富英', '种植']","清晨的粤西，广东茂名化州市中垌镇薄雾蒙蒙，漫山遍野的柚树上硕果累累。眼下，正值化橘红胎果采摘的窗口期，经过低温慢烘、压制切片等工艺，青涩的胎果制成具有止咳化痰功效的化橘红。
“化橘红的原料其实就是化州柚皮，化州柚表皮外长着一层细密、结实的茸毛，这种化州柚就是化橘红的胎果。”90后青年刘付锋在果园里边走边介绍，只有午后采摘的鲜果，才能保留最完整的茸毛，这是化橘红品质的关键。
作为化州市独有资源，化橘红具有药物成分高、镇咳祛痰利咽等功效。化州土壤中富含一种被称为礞石的矿物质，能促进化橘红中柚皮苷等药用有效成分的积累。",政治,,,[],data/vault/2026/06/2026-06-10/07-经济/“不只卖果，还卖体验”（高质量发展在一线·小城宝藏）.md,07,经济
数智技术赋能采购数字化转型,"轻点鼠标，在线提交采购需求，系统自动生成采购公告并一键发布，中国一汽从事招标数据分析工作的工程师张立成对采购新模式颇为满意。
近年来，中国一汽积极推动采购数字化转型，构建平台、数据、AI（人工智能）三轮驱动的智慧采购新生态，运营效率与风险管控能力有效提升，采购周期平均缩短25.6%。
“我们每季度需分析上万个采购项目，过去得从电子交易、供应商管理等多个独立系统中，手工提取并关联项目、投标等数据，耗时费力。”张立成感慨，如今，新模式实现了全链路数据的自动融合与建模，原来需要数天的深度分析，现在几小时内即可完成，并支持逐层钻探到单个项目的全流程数据，提升企业透明化管理水平与风险防控能力。
“智能化已经贯穿了竞价全流程。”中国一汽招标中心总监王向伟介绍，竞价过程中，系统自动接收供应商报价并实时排序，竞价结束后，系统自动核算结果、生成并发布定标通知，“通过制定标准规则，让系统自动执行关键环节，在竞价采购中实现从需求到定标的闭环，系统自动完成32项规则校验与8个环节流转，整体效率提升40%以上。”
工作效率提升，监管也更高效。王向伟介绍，公司将百余项采购管理制度标准化为46个关键控制点与50项业务流程规则，并将其嵌入电子交易平台。通过融合多源数据，构建涵盖股权关联、文件相似度、报价规律等多维度的三级风险识别算法模型，实现对招投标活动的监测。此外，新系统创新引入动态风险预警机制，推动监管方式从传统人工排查向风险主动预警、精准干预转变。截至目前，该系统累计识别异常项目400余个。
“目前，监管模式正从事后查处向事前预警、事中干预转型。”王向伟表示，企业构建了百余个专业数据模型，上线205个数据分析决策仪表盘，加强对流标率、节资率、供应商全景画像等关键指标的实时监控与深度分析，并实现线上数据追踪与线下影像印证相结合的立体监督闭环，形成技术发现、业务研判、监督处置的协同治理机制。
传统采购环节中，围串标风险给企业带来困扰。据介绍，新系统多维度智能监测围串标风险，应用自然语言处理、光学字符识别等技术，对海量投标文件进行语义相似度比对，识别异常；通过大数据算法分析报价数据，智能探测等差报价、规律性浮动等串通嫌疑。年均识别风险线索数百条。
“系统直连官方数据，10分钟内即可完成全量风险排查与线索识别，并自动生成可视化分析报告，将清标评审从过去的1—3天缩短至1小时内。”近期的一次项目评审，让部分评标专家感触颇深。中国一汽集成数据源构建智能清标与辅助评审系统，可自动核查供应商股权结构、司法风险、资质状态等信息，并运用风险模型进行动态预警，自动生成风险评估报告，加强评标过程风险智能审查与辅助研判。
完善制度体系，强化监管创新，以数字化构建智慧采购新生态。“我们将五大监测维度、15项关键指标深度嵌入平台，围绕采购方式合规性、供应商报价合理性、市场竞争充分性及全过程风险防控等关键环节开展智能研判，为全量项目定标决策提供科学、高效的辅助支撑。”王向伟说。","### 中国一汽推动采购整体效率提升40%以上

# 数智技术赋能采购数字化转型

> 本报记者  汪志球  郑智文《人民日报》（2026年06月10日第 07 版）

轻点鼠标，在线提交采购需求，系统自动生成采购公告并一键发布，中国一汽从事招标数据分析工作的工程师张立成对采购新模式颇为满意。

近年来，中国一汽积极推动采购数字化转型，构建平台、数据、AI（人工智能）三轮驱动的智慧采购新生态，运营效率与风险管控能力有效提升，采购周期平均缩短25.6%。

“我们每季度需分析上万个采购项目，过去得从电子交易、供应商管理等多个独立系统中，手工提取并关联项目、投标等数据，耗时费力。”张立成感慨，如今，新模式实现了全链路数据的自动融合与建模，原来需要数天的深度分析，现在几小时内即可完成，并支持逐层钻探到单个项目的全流程数据，提升企业透明化管理水平与风险防控能力。

“智能化已经贯穿了竞价全流程。”中国一汽招标中心总监王向伟介绍，竞价过程中，系统自动接收供应商报价并实时排序，竞价结束后，系统自动核算结果、生成并发布定标通知，“通过制定标准规则，让系统自动执行关键环节，在竞价采购中实现从需求到定标的闭环，系统自动完成32项规则校验与8个环节流转，整体效率提升40%以上。”

工作效率提升，监管也更高效。王向伟介绍，公司将百余项采购管理制度标准化为46个关键控制点与50项业务流程规则，并将其嵌入电子交易平台。通过融合多源数据，构建涵盖股权关联、文件相似度、报价规律等多维度的三级风险识别算法模型，实现对招投标活动的监测。此外，新系统创新引入动态风险预警机制，推动监管方式从传统人工排查向风险主动预警、精准干预转变。截至目前，该系统累计识别异常项目400余个。

“目前，监管模式正从事后查处向事前预警、事中干预转型。”王向伟表示，企业构建了百余个专业数据模型，上线205个数据分析决策仪表盘，加强对流标率、节资率、供应商全景画像等关键指标的实时监控与深度分析，并实现线上数据追踪与线下影像印证相结合的立体监督闭环，形成技术发现、业务研判、监督处置的协同治理机制。

传统采购环节中，围串标风险给企业带来困扰。据介绍，新系统多维度智能监测围串标风险，应用自然语言处理、光学字符识别等技术，对海量投标文件进行语义相似度比对，识别异常；通过大数据算法分析报价数据，智能探测等差报价、规律性浮动等串通嫌疑。年均识别风险线索数百条。

“系统直连官方数据，10分钟内即可完成全量风险排查与线索识别，并自动生成可视化分析报告，将清标评审从过去的1—3天缩短至1小时内。”近期的一次项目评审，让部分评标专家感触颇深。中国一汽集成数据源构建智能清标与辅助评审系统，可自动核查供应商股权结构、司法风险、资质状态等信息，并运用风险模型进行动态预警，自动生成风险评估报告，加强评标过程风险智能审查与辅助研判。

完善制度体系，强化监管创新，以数字化构建智慧采购新生态。“我们将五大监测维度、15项关键指标深度嵌入平台，围绕采购方式合规性、供应商报价合理性、市场竞争充分性及全过程风险防控等关键环节开展智能研判，为全量项目定标决策提供科学、高效的辅助支撑。”王向伟说。",汪志球  郑智文,经济,,https://paper.people.com.cn/rmrb/pc/content/202606/10/content_30162287.html,2026-06-10,"['采购', '风险', '自动', '系统', '王向伟', '数据', '供应商', '识别', '构建', '报价']","轻点鼠标，在线提交采购需求，系统自动生成采购公告并一键发布，中国一汽从事招标数据分析工作的工程师张立成对采购新模式颇为满意。
近年来，中国一汽积极推动采购数字化转型，构建平台、数据、AI（人工智能）三轮驱动的智慧采购新生态，运营效率与风险管控能力有效提升，采购周期平均缩短25.6%。
“我们每季度需分析上万个采购项目，过去得从电子交易、供应商管理等多个独立系统中，手工提取并关联项目、投标等数据，耗时费力。”张立成感慨，如今，新模式实现了全链路数据的自动融合与建模，原来需要数天的深度分析，现在几小时内即可完成，并支持逐层钻探到单个项目的全流程数据，提升企业透明化管理水平与风险防控能力。",经济,,,[],data/vault/2026/06/2026-06-10/07-经济/数智技术赋能采购数字化转型.md,07,经济
以文明对话新范式推进全球治理变革（人民要论）,"当前，世界百年变局加速演进，人类社会面临地缘冲突加剧、信任赤字加深、发展失衡突出等多重挑战，全球治理体系处于调整变革的关键时刻。这些困境不仅源于国际政治经济秩序的结构性矛盾，也与文明间的隔阂、误解与对抗性思维有着密切联系。文明之间应该如何相处，人类文明又该走向何方，已经成为摆在世界人民面前的紧迫课题。习近平主席提出全球文明倡议，强调：“我们要共同倡导加强国际人文交流合作，探讨构建全球文明对话合作网络，丰富交流内容，拓展合作渠道，促进各国人民相知相亲，共同推动人类文明发展进步。”这一重要论述为深化文明交流互鉴、推进全球治理变革指明了路径。
反思和扬弃冷战结束以来的文明叙事
审视全球治理体系的深层危机，必须对冷战结束以来深刻影响国际思潮的几种文明叙事进行理论上的反思和扬弃。
比如，所谓“历史终结论”曾将西方自由民主制度奉为人类政治文明演进的唯一终点，这是冷战终结这一特定历史节点与“西方中心主义”史观相结合的产物。然而，随着新兴市场国家和发展中国家群体性崛起和西方社会内部矛盾激化，这一论调的局限性日益凸显。许多西方学者不得不进行反思，直面西方政治秩序的现实困境，重新审视其他文明的价值。中国式现代化的伟大实践，坚守马克思主义魂脉，立足中华优秀传统文化根脉，创造了经济快速发展和社会长期稳定两大奇迹，以鲜活事实证明了文明演进路径的多样性与制度选择的多元性，更从根本上证伪了“历史终结论”。
与“历史终结论”的“西方中心主义”单线史观不同，所谓“文明冲突论”尽管承认文明差异，却以一种简单化、绝对化的视角将文明多样性扭曲为对抗性，暴露了西方主流思潮在面对“非西方的崛起”时的焦虑心理与零和思维。同时，我们更须清醒认识到，“文明冲突论”其实是个伪命题，冲突并非由不同文明本身所导致。事实上，当今世界正在发生的所谓的“文明冲突”，大都属于地缘政治集团的利益冲突，是西方大国为了维护自身利益而将地缘对抗意识形态化的结果。这种对抗叙事非但无助于解决纷争，反而将使人类陷入文明对立的宿命论悲观情绪，加剧国际社会的安全与信任危机。
在对上述思潮的扬弃中，有国外学者打破了“现代化等于西方化”的认知误区，提出“多元现代性”理论，强调现代文明可以有基于不同文化传统与历史经验的非西方路径，承认并尊重各国在现代化进程中的文化主体性与独特探索。然而，如果缺少共同价值的引领，当不同现代性方案背后承载着不同国家、民族的文化传统与核心利益时，多元之间可能会引发竞争失序甚至失控，与人类美好愿景背道而驰。因此，“多元现代性”理论虽然指出了“多”的存在，但未能有效解决“多”如何相处、如何从“多元并存”走向“和而不同”的难题。
面对“世界向何处去”的时代之问，习近平主席创造性地提出全球发展倡议、全球安全倡议、全球文明倡议、全球治理倡议，系统构成了应对全球挑战、推动构建人类命运共同体的中国方案。四大全球倡议立足中华文明“和而不同”“天下大同”理念，倡导全人类共同价值，为全球治理构建文明对话新范式，将多元文明从被动承认转向主动共建，从价值共识、发展路径与治理模式上提供了系统性方案，为全球治理变革提供了重要学理支撑。
从文明的二重属性领悟践行全球文明倡议
在四大全球倡议中，全球文明倡议居于独特而基础的地位。习近平主席指出：“提出全球文明倡议，就是旨在促进各国人民相知相亲，促进各种文明包容互鉴。”全球文明倡议为全球发展注入互利共赢的合作温度，为全球安全注入相互尊重的对话理性，为全球治理注入和而不同的价值共识，是破解深层隔阂、筑牢人类命运共同体精神基石的深层动力。
深刻理解全球文明倡议，需要引入文明二重属性的理论视角。任何文明都同时具备时间属性与空间属性。时间属性即时代性，与特定历史阶段的生产力发展水平紧密相连；空间属性即民族性，植根于特定地域的地理环境、历史实践与人文传统，决定了不同文明对秩序、正义、伦理的独特理解与价值追求，构成了文明多样性的坚实根基。
工业革命以降，西方近代文明凭借在生产力上的优势实现了全球性扩张，并一度将自身发展模式与价值标准强加于世界，使得近代以来的全球治理体系深深烙上了“西方中心主义”的印记。这一过程固然彰显了文明时间属性的客观力量，但也暴露了将其片面化、绝对化，并用以压制甚至否定其他文明空间属性的霸权逻辑。在漫长的“被动现代化”历程中，非西方文明经历了深刻觉醒，开始反思全球治理体系中话语权与规则制定权的严重失衡，并愈发自觉地探索符合自身文明特质、维护自身文化主体性的发展与治理路径。这一集体性觉醒正在有力推动全球治理从少数国家单向主导，向多元主体平等参与、共商共建共享的方向演进，对文明时间属性的扭曲解读得到历史性修正。
中华文明是绵延数千年未曾中断的古老文明，蕴含着“和合共生”“天下一家”“和而不同”等深邃理念，深刻体现了对文明空间属性即文明多样性的高度尊重与包容智慧。“中外一体”“四海一家”的天下观，超越了狭隘民族与国家界限，倡导一种基于文化认同与道义感召的秩序构想，这与文明空间属性内在要求的相互尊重、平等相待高度契合，为思考和完善全球治理提供了极为宝贵的东方智慧。
全球文明倡议正是在汲取中华文明智慧基础上对文明时间属性与空间属性辩证统一进行了科学把握。它承认不同文明处于不同的发展阶段，鼓励各国在现代化进程中积极吸纳人类文明的先进成果，顺应历史潮流；同时，它坚决反对以时间属性为借口，否定或压制文明的空间属性，主张各国必须在传承自身文明特质、坚守文化主体性的基础上推进现代化，实现“旧邦新命”的创造性转化、创新性发展。这一倡议既回应了人类社会共同迈向现代化的时代诉求，又守护着不同文明的精神家园与独特价值，为从根本上破解文明隔阂、凝聚全球治理共识提供了科学的理论遵循与行动指南。
加强文明交流互鉴，为全球治理注入人文力量
践行全球文明倡议，其思想根基在于加强文明交流互鉴。文明交流互鉴是消除隔阂与误解的根本途径。践行全球文明倡议，推进全球治理变革，关键是把不同文明间的交流互鉴做深做实，为民心相通厚植文化沃土，为全球治理注入人文力量。
强化人文学术的思想引领作用。立足中国式现代化的伟大实践，深入提炼中国经验，加快构建中国哲学社会科学自主知识体系。鼓励和支持哲学社会科学工作者在国际学术舞台上清晰阐释中国之治的深厚文明根基，讲清楚中国故事背后的思想力量与精神价值。积极推动中华文明与其他不同文明间的深度思想对话，践行和而不同的互鉴路径，推动全球知识体系向着更加多元平衡的方向重构，为全球治理的学理创新提供坚实支撑。
着力构建多元、立体、高效的文明对话平台。加强具有国际影响力的学术期刊建设，打造一批高水平、专业化的国际化学术交流品牌。持续深化和拓展高端对话机制，积极推进国际学者来华驻研访学等长期性合作项目，为不同文明背景的各界精英、有识之士提供深度思想碰撞的制度化空间。运用人工智能、虚拟现实等前沿技术，发展沉浸式、体验式的文化交流产品，通过科技赋能实现文明价值的场景化感知与传播，提升文明对话的吸引力与感染力。
推动文明对话从学术探讨、思想交流的理论维度，向共同应对全球性挑战的实践维度延伸。在气候变化、人工智能、公共卫生、生态保护等关乎人类共同命运的领域，创设文明对话机制，有机融入不同文明的治理智慧与伦理思考，使全球治理方案能够汲取全人类的智慧结晶，朝着更加科学、公正、包容、有效的方向发展。
践行四大全球倡议，推进全球治理变革
全球文明倡议并非一个孤立的对文明愿景的宣示，而是与全球发展倡议、全球安全倡议、全球治理倡议相互支撑、有机衔接，从发展、安全、文明、治理四个维度，系统回答了“建设一个什么样的世界、怎样建设这个世界”的重大课题，共同构成了面向构建人类命运共同体这一总体目标的完整思想体系与行动框架。
四大全球倡议深深植根于中国式现代化的成功实践。中国式现代化传承了中华文明“责任为先、集体至上、和合共生”的伦理基因，突破了西方以资本为中心、两极分化、物质主义膨胀的现代化单一模板，创造了人类文明新形态。四大全球倡议正是人类文明新形态的价值理念与智慧方略的国际表达，即立足和平发展、公平正义、合作共赢的人间正道，将中华文明积淀的治理智慧与当代中国的发展经验，转化为能够为国际社会所理解、可借鉴的公共产品与治理方案。中国之治的巨大成就，雄辩地证明了四大全球倡议所蕴含理念的科学性与可行性，为其在全球范围落地生根提供了最具说服力的实践案例，彰显了中国方案的现实生命力与道义感召力。
四大全球倡议从理念、主体与机制三个维度为系统推进全球治理变革奠定基石。在理念上，以全人类共同价值超越“西方中心主义”的单一叙事，将发展权、安全权、文明多样性纳入治理核心议程，重塑了治理的公正性与包容性；打破意识形态壁垒，以共同发展超越零和博弈，推动国际关系从传统的阵营对抗逻辑向崭新的合作共赢范式转型。在主体上，打破大国垄断，倡导并推动在国际规则制定与全球议程设置中，充分吸纳非西方文明的治理智慧与实践经验，使规则制定更具代表性与平衡性，推动全球治理迈向“大家的事大家商量着办”的新范式。在机制上，依托共建“一带一路”等平台，将倡议转化为可操作的制度安排，如亚投行、丝路基金等新型治理机构，为全球治理提出了灵活、务实、多元的实践路径。高质量共建“一带一路”，通过基础设施“硬联通”促进不同文明地域的物理连接，通过规则标准“软联通”推动治理理念的相互借鉴，更通过丰富多样的文化交流实现同共建国家人民“心联通”，为在全球范围落实倡议精神提供了先行示范。
习近平主席强调：“文明交流互鉴是推动人类文明进步和世界和平与发展的不竭动力。”要推动将四大全球倡议从理念转化为系统性行动，为全球治理构建文明对话新范式，以文明交流互鉴为共同发展凝聚合作共识，以共同发展为安全互信提供物质支撑，以安全互信为文明对话创造和平环境，以文明对话为治理共识注入文化根基。这种有机联动，使文明交流互鉴成为贯穿四大全球倡议的现实纽带，将构建人类命运共同体的美好愿景从价值认同延伸到实践协同。面对全球治理的严峻挑战，我们应当勇担历史责任，以践行四大全球倡议为引领，深化文明交流互鉴，推动国际社会摒弃傲慢与偏见，超越零和博弈与对抗，以平等尊重的心态看待彼此，以开放包容的胸怀携手合作，共同塑造一个更具韧性、更加公正、更富包容性的全球秩序，为人类的美好未来贡献更多智慧和力量。
（作者为山东大学儒学高等研究院院长）","# 以文明对话新范式推进全球治理变革（人民要论）

> 王学典《人民日报》（2026年06月10日第 09 版）

当前，世界百年变局加速演进，人类社会面临地缘冲突加剧、信任赤字加深、发展失衡突出等多重挑战，全球治理体系处于调整变革的关键时刻。这些困境不仅源于国际政治经济秩序的结构性矛盾，也与文明间的隔阂、误解与对抗性思维有着密切联系。文明之间应该如何相处，人类文明又该走向何方，已经成为摆在世界人民面前的紧迫课题。习近平主席提出全球文明倡议，强调：“我们要共同倡导加强国际人文交流合作，探讨构建全球文明对话合作网络，丰富交流内容，拓展合作渠道，促进各国人民相知相亲，共同推动人类文明发展进步。”这一重要论述为深化文明交流互鉴、推进全球治理变革指明了路径。

**反思和扬弃冷战结束以来的文明叙事**

审视全球治理体系的深层危机，必须对冷战结束以来深刻影响国际思潮的几种文明叙事进行理论上的反思和扬弃。

比如，所谓“历史终结论”曾将西方自由民主制度奉为人类政治文明演进的唯一终点，这是冷战终结这一特定历史节点与“西方中心主义”史观相结合的产物。然而，随着新兴市场国家和发展中国家群体性崛起和西方社会内部矛盾激化，这一论调的局限性日益凸显。许多西方学者不得不进行反思，直面西方政治秩序的现实困境，重新审视其他文明的价值。中国式现代化的伟大实践，坚守马克思主义魂脉，立足中华优秀传统文化根脉，创造了经济快速发展和社会长期稳定两大奇迹，以鲜活事实证明了文明演进路径的多样性与制度选择的多元性，更从根本上证伪了“历史终结论”。

与“历史终结论”的“西方中心主义”单线史观不同，所谓“文明冲突论”尽管承认文明差异，却以一种简单化、绝对化的视角将文明多样性扭曲为对抗性，暴露了西方主流思潮在面对“非西方的崛起”时的焦虑心理与零和思维。同时，我们更须清醒认识到，“文明冲突论”其实是个伪命题，冲突并非由不同文明本身所导致。事实上，当今世界正在发生的所谓的“文明冲突”，大都属于地缘政治集团的利益冲突，是西方大国为了维护自身利益而将地缘对抗意识形态化的结果。这种对抗叙事非但无助于解决纷争，反而将使人类陷入文明对立的宿命论悲观情绪，加剧国际社会的安全与信任危机。

在对上述思潮的扬弃中，有国外学者打破了“现代化等于西方化”的认知误区，提出“多元现代性”理论，强调现代文明可以有基于不同文化传统与历史经验的非西方路径，承认并尊重各国在现代化进程中的文化主体性与独特探索。然而，如果缺少共同价值的引领，当不同现代性方案背后承载着不同国家、民族的文化传统与核心利益时，多元之间可能会引发竞争失序甚至失控，与人类美好愿景背道而驰。因此，“多元现代性”理论虽然指出了“多”的存在，但未能有效解决“多”如何相处、如何从“多元并存”走向“和而不同”的难题。

面对“世界向何处去”的时代之问，习近平主席创造性地提出全球发展倡议、全球安全倡议、全球文明倡议、全球治理倡议，系统构成了应对全球挑战、推动构建人类命运共同体的中国方案。四大全球倡议立足中华文明“和而不同”“天下大同”理念，倡导全人类共同价值，为全球治理构建文明对话新范式，将多元文明从被动承认转向主动共建，从价值共识、发展路径与治理模式上提供了系统性方案，为全球治理变革提供了重要学理支撑。

**从文明的二重属性领悟践行全球文明倡议**

在四大全球倡议中，全球文明倡议居于独特而基础的地位。习近平主席指出：“提出全球文明倡议，就是旨在促进各国人民相知相亲，促进各种文明包容互鉴。”全球文明倡议为全球发展注入互利共赢的合作温度，为全球安全注入相互尊重的对话理性，为全球治理注入和而不同的价值共识，是破解深层隔阂、筑牢人类命运共同体精神基石的深层动力。

深刻理解全球文明倡议，需要引入文明二重属性的理论视角。任何文明都同时具备时间属性与空间属性。时间属性即时代性，与特定历史阶段的生产力发展水平紧密相连；空间属性即民族性，植根于特定地域的地理环境、历史实践与人文传统，决定了不同文明对秩序、正义、伦理的独特理解与价值追求，构成了文明多样性的坚实根基。

工业革命以降，西方近代文明凭借在生产力上的优势实现了全球性扩张，并一度将自身发展模式与价值标准强加于世界，使得近代以来的全球治理体系深深烙上了“西方中心主义”的印记。这一过程固然彰显了文明时间属性的客观力量，但也暴露了将其片面化、绝对化，并用以压制甚至否定其他文明空间属性的霸权逻辑。在漫长的“被动现代化”历程中，非西方文明经历了深刻觉醒，开始反思全球治理体系中话语权与规则制定权的严重失衡，并愈发自觉地探索符合自身文明特质、维护自身文化主体性的发展与治理路径。这一集体性觉醒正在有力推动全球治理从少数国家单向主导，向多元主体平等参与、共商共建共享的方向演进，对文明时间属性的扭曲解读得到历史性修正。

中华文明是绵延数千年未曾中断的古老文明，蕴含着“和合共生”“天下一家”“和而不同”等深邃理念，深刻体现了对文明空间属性即文明多样性的高度尊重与包容智慧。“中外一体”“四海一家”的天下观，超越了狭隘民族与国家界限，倡导一种基于文化认同与道义感召的秩序构想，这与文明空间属性内在要求的相互尊重、平等相待高度契合，为思考和完善全球治理提供了极为宝贵的东方智慧。

全球文明倡议正是在汲取中华文明智慧基础上对文明时间属性与空间属性辩证统一进行了科学把握。它承认不同文明处于不同的发展阶段，鼓励各国在现代化进程中积极吸纳人类文明的先进成果，顺应历史潮流；同时，它坚决反对以时间属性为借口，否定或压制文明的空间属性，主张各国必须在传承自身文明特质、坚守文化主体性的基础上推进现代化，实现“旧邦新命”的创造性转化、创新性发展。这一倡议既回应了人类社会共同迈向现代化的时代诉求，又守护着不同文明的精神家园与独特价值，为从根本上破解文明隔阂、凝聚全球治理共识提供了科学的理论遵循与行动指南。

**加强文明交流互鉴，为全球治理注入人文力量**

践行全球文明倡议，其思想根基在于加强文明交流互鉴。文明交流互鉴是消除隔阂与误解的根本途径。践行全球文明倡议，推进全球治理变革，关键是把不同文明间的交流互鉴做深做实，为民心相通厚植文化沃土，为全球治理注入人文力量。

强化人文学术的思想引领作用。立足中国式现代化的伟大实践，深入提炼中国经验，加快构建中国哲学社会科学自主知识体系。鼓励和支持哲学社会科学工作者在国际学术舞台上清晰阐释中国之治的深厚文明根基，讲清楚中国故事背后的思想力量与精神价值。积极推动中华文明与其他不同文明间的深度思想对话，践行和而不同的互鉴路径，推动全球知识体系向着更加多元平衡的方向重构，为全球治理的学理创新提供坚实支撑。

着力构建多元、立体、高效的文明对话平台。加强具有国际影响力的学术期刊建设，打造一批高水平、专业化的国际化学术交流品牌。持续深化和拓展高端对话机制，积极推进国际学者来华驻研访学等长期性合作项目，为不同文明背景的各界精英、有识之士提供深度思想碰撞的制度化空间。运用人工智能、虚拟现实等前沿技术，发展沉浸式、体验式的文化交流产品，通过科技赋能实现文明价值的场景化感知与传播，提升文明对话的吸引力与感染力。

推动文明对话从学术探讨、思想交流的理论维度，向共同应对全球性挑战的实践维度延伸。在气候变化、人工智能、公共卫生、生态保护等关乎人类共同命运的领域，创设文明对话机制，有机融入不同文明的治理智慧与伦理思考，使全球治理方案能够汲取全人类的智慧结晶，朝着更加科学、公正、包容、有效的方向发展。

**践行四大全球倡议，推进全球治理变革**

全球文明倡议并非一个孤立的对文明愿景的宣示，而是与全球发展倡议、全球安全倡议、全球治理倡议相互支撑、有机衔接，从发展、安全、文明、治理四个维度，系统回答了“建设一个什么样的世界、怎样建设这个世界”的重大课题，共同构成了面向构建人类命运共同体这一总体目标的完整思想体系与行动框架。

四大全球倡议深深植根于中国式现代化的成功实践。中国式现代化传承了中华文明“责任为先、集体至上、和合共生”的伦理基因，突破了西方以资本为中心、两极分化、物质主义膨胀的现代化单一模板，创造了人类文明新形态。四大全球倡议正是人类文明新形态的价值理念与智慧方略的国际表达，即立足和平发展、公平正义、合作共赢的人间正道，将中华文明积淀的治理智慧与当代中国的发展经验，转化为能够为国际社会所理解、可借鉴的公共产品与治理方案。中国之治的巨大成就，雄辩地证明了四大全球倡议所蕴含理念的科学性与可行性，为其在全球范围落地生根提供了最具说服力的实践案例，彰显了中国方案的现实生命力与道义感召力。

四大全球倡议从理念、主体与机制三个维度为系统推进全球治理变革奠定基石。在理念上，以全人类共同价值超越“西方中心主义”的单一叙事，将发展权、安全权、文明多样性纳入治理核心议程，重塑了治理的公正性与包容性；打破意识形态壁垒，以共同发展超越零和博弈，推动国际关系从传统的阵营对抗逻辑向崭新的合作共赢范式转型。在主体上，打破大国垄断，倡导并推动在国际规则制定与全球议程设置中，充分吸纳非西方文明的治理智慧与实践经验，使规则制定更具代表性与平衡性，推动全球治理迈向“大家的事大家商量着办”的新范式。在机制上，依托共建“一带一路”等平台，将倡议转化为可操作的制度安排，如亚投行、丝路基金等新型治理机构，为全球治理提出了灵活、务实、多元的实践路径。高质量共建“一带一路”，通过基础设施“硬联通”促进不同文明地域的物理连接，通过规则标准“软联通”推动治理理念的相互借鉴，更通过丰富多样的文化交流实现同共建国家人民“心联通”，为在全球范围落实倡议精神提供了先行示范。

习近平主席强调：“文明交流互鉴是推动人类文明进步和世界和平与发展的不竭动力。”要推动将四大全球倡议从理念转化为系统性行动，为全球治理构建文明对话新范式，以文明交流互鉴为共同发展凝聚合作共识，以共同发展为安全互信提供物质支撑，以安全互信为文明对话创造和平环境，以文明对话为治理共识注入文化根基。这种有机联动，使文明交流互鉴成为贯穿四大全球倡议的现实纽带，将构建人类命运共同体的美好愿景从价值认同延伸到实践协同。面对全球治理的严峻挑战，我们应当勇担历史责任，以践行四大全球倡议为引领，深化文明交流互鉴，推动国际社会摒弃傲慢与偏见，超越零和博弈与对抗，以平等尊重的心态看待彼此，以开放包容的胸怀携手合作，共同塑造一个更具韧性、更加公正、更富包容性的全球秩序，为人类的美好未来贡献更多智慧和力量。

（作者为山东大学儒学高等研究院院长）",王学典,理论,,https://paper.people.com.cn/rmrb/pc/content/202606/10/content_30162203.html,2026-06-10,"['文明', '全球', '倡议', '治理', '互鉴', '属性', '对话', '交流', '发展', '现代化']","当前，世界百年变局加速演进，人类社会面临地缘冲突加剧、信任赤字加深、发展失衡突出等多重挑战，全球治理体系处于调整变革的关键时刻。这些困境不仅源于国际政治经济秩序的结构性矛盾，也与文明间的隔阂、误解与对抗性思维有着密切联系。文明之间应该如何相处，人类文明又该走向何方，已经成为摆在世界人民面前的紧迫课题。习近平主席提出全球文明倡议，强调：“我们要共同倡导加强国际人文交流合作，探讨构建全球文明对话合作网络，丰富交流内容，拓展合作渠道，促进各国人民相知相亲，共同推动人类文明发展进步。”这一重要论述为深化文明交流互鉴、推进全球治理变革指明了路径。
反思和扬弃冷战结束以来的文明叙事
审视全球治理体系的深层危机，必须对冷战结束以来深刻影响国际思潮的几种文明叙事进行理论上的反思和扬弃。",政治,,,[],data/vault/2026/06/2026-06-10/09-理论/以文明对话新范式推进全球治理变革（人民要论）.md,09,理论
构建中国产业经济学自主知识体系（加快构建中国哲学社会科学自主知识体系）,"习近平总书记指出：“历史表明，社会大变革的时代，一定是哲学社会科学大发展的时代。”新中国成立70多年来，我国从落后的农业国跃升为世界第二大经济体、制造业第一大国，在一个具有超大规模人口的国家走出了一条新型工业化道路、形成全球最完整的产业体系。这一伟大实践为其他后发国家的工业化提供了借鉴，也为构建中国产业经济学自主知识体系提供了“富矿”。我们要遵循知识体系形成发展规律，扎实推进中国产业经济学自主知识体系构建。
构建中国产业经济学自主知识体系正当其时
习近平总书记指出：“这些年我国经济顶风破浪、保持强大韧性和活力，战略依托就是完整的产业体系。”在产业发展方面，我国形成了明确的发展思路，不仅有效指导产业转型升级，推动制造业智能化、绿色化、融合化发展，而且极大提升了产业链韧性和竞争力，使我国成为世界工业大国和全球不可或缺的制造中心。产业经济学以“产业”为研究对象，立足我国产业发展实践构建中国产业经济学自主知识体系具有历史必然性。
从理论需求看。新中国成立后特别是新时代以来，我国产业经济发展经历了独特实践，包括从形成完备产业体系优势到战略性新兴产业蓬勃发展、从数字经济和平台经济兴起到产业链供应链安全水平不断提升等。这离不开我国产业政策和产业发展思路引导，包括：坚持建设以先进制造业为骨干的现代化产业体系，推动科技创新与产业创新深度融合，坚持推动传统产业改造升级和开辟战略性新兴产业、未来产业新赛道并重，统筹发展和安全，等等。西方产业经济学对社会主义市场经济条件下的产业运行规律解释乏力，迫切需要构建中国产业经济学自主知识体系，作出系统性、原创性的理论概括。
从时代要求看。当前，新一轮科技革命和产业变革加速演进，人工智能、数字经济、绿色低碳等新技术新动能正在重塑全球产业格局。同时，全球地缘政治冲突加剧，产业链供应链安全成为各国关注的焦点。我国产业经济发展正处于从规模扩张向质效跃升的重要节点，正在加快发展新质生产力、建设现代化产业体系。构建中国产业经济学自主知识体系，形成新的生产力理论、产业发展理论等，才能更好指导我国产业经济发展实践，牢牢把握战略上的主动。
构建中国产业经济学自主知识体系需要关注的重点问题
构建中国产业经济学自主知识体系是一个系统工程，可以首先从一些重点问题入手。这里列举几个方面。
探索构建以实体经济为根基的产业结构转型升级理论。实体经济是国家经济发展的根基，产业发展是做强做优做大实体经济的重要支撑。西方产业经济学是基于资本主义经济制度和产业发展实践形成和发展的，其理论体系和分析框架遵循生产资料私有制与自由市场竞争的逻辑，追求产业资本效率提升，缺乏对以产业发展维护国家利益、促进社会就业等方面的整体考虑；跨国产业转移虽然极大提升了资本收益，却容易导致产业输出国产业空心化、社会贫富差距拉大等现象。我国坚持把发展经济的着力点放在实体经济上，以智能化、绿色化、融合化为方向努力推动提升现代化产业体系的完整性、先进性、安全性。构建中国产业经济学自主知识体系，应围绕保持制造业合理比重、在构建新发展格局中加强创新链和产业链对接等我国产业发展实践，加强体系化学理化阐释，形成基于我国成功经验的产业结构转型升级理论。
探索构建统筹发展和安全的产业经济学理论体系。产业安全是经济安全的核心。只有不断提高产业链供应链韧性和安全水平，才能有效保障我国经济安全，不断增强我国的生存力、竞争力、发展力、持续力。在全球产业分工深度调整、地缘政治风险上升的背景下，产业安全已经不仅是政策议题，而且成为一个重要学术命题。西方产业经济学从微观主体视角，主要关注市场机制下企业公平竞争问题，缺乏国家视角的产业发展理论。我国产业发展注重独立自主、自力更生，以系统观念规划长远发展，形成了独立完整的产业体系；同时，以发展促安全，以安全保发展，确保我国在复杂国际环境中能够自主决策。总的看，我国在维护产业安全方面的实践具有独特理论价值。构建中国产业经济学自主知识体系，应围绕产业链供应链的风险识别与韧性评估、关键核心技术“卡脖子”环节的突破路径、产业转移与产业回流的驱动机制、战略性产业的界定与保护等，把统筹发展和安全的实践经验系统化、学理化。
探索新技术对产业发展的作用和影响，引领产业经济学新发展。当前，人工智能快速发展，正从技术突破向产业渗透跃升；同时，碳达峰碳中和正在全球范围形成共识，推动绿色低碳技术发展成为全球产业发展的一个重要方面。人工智能、绿色低碳技术对产业发展的影响并非简单的效率提升和路径选择，而是一场深层次的生产力革命，其作用和影响将超过前几次工业革命。在这一过程中，产业经济学知识体系构建发挥着重要作用。当前，我国人工智能、绿色低碳技术发展处于世界前列。把人工智能、数据要素、绿色发展等新科技新理念新要素融入中国产业经济学自主知识体系构建，既是对中国产业数字化发展的引领，也是推动中国产业经济学屹立于世界学术之林的制高点。
以习近平经济思想为指引构建中国产业经济学自主知识体系
构建中国产业经济学自主知识体系，必须形成契合我国实际的分析范式和理论框架。习近平经济思想是习近平新时代中国特色社会主义思想的重要组成部分，是对新时代我国经济发展实践经验的系统化理论概括，创造性提出了一系列新理念新思想新战略，为构建中国产业经济学自主知识体系提供了科学指引和丰富的理论资源。要坚持“两个结合”，运用好习近平新时代中国特色社会主义思想的世界观和方法论，坚持好、运用好贯穿其中的立场观点方法，在构建中国产业经济学自主知识体系中高扬中华民族的文化主体性、展现理论原创性。
比如，坚持问题导向是习近平经济思想的鲜明特点。产业经济学是一门应用性很强的学科，构建中国产业经济学自主知识体系更应坚持问题导向，聚焦我国产业发展中的重大现实问题，包括在新一轮科技革命和产业变革中抢占制高点、在逆全球化背景下维护产业链供应链安全、在推进实现“双碳”目标的同时保障能源安全和产业竞争力等，提出解决问题的正确思路和有效办法。要顺应产业发展新趋势，突破传统的产业经济学理论构建范式，积极吸收新科技革命、产业治理以及其他学科的创新理论，以融合创新推动中国产业经济学的理论创新。
在发现问题、研究问题、解决问题的基础上，要以学科体系、学术体系、话语体系为着力点构建中国产业经济学自主知识体系。学科体系是中国产业经济学自主知识体系的结构框架，决定了产业经济相关知识的组织方式与传承路径；学术体系是核心内容，包括认识产业发展的规律体系、基于规律性认识提炼出范畴体系、基于范畴累积及对范畴之间逻辑关系的梳理而形成的理论分析体系、理论联系实际的方法论体系等；话语体系是表达方式和传播载体，决定了中国产业经济学在国内外的传播效果和国际影响力。这三者紧密关联、相互促进，共同构成知识类型多样、理论范式科学的中国产业经济学自主知识体系。
（作者为中国社会科学院工业经济研究所研究员）","# 构建中国产业经济学自主知识体系（加快构建中国哲学社会科学自主知识体系）

> 史  丹《人民日报》（2026年06月10日第 09 版）

习近平总书记指出：“历史表明，社会大变革的时代，一定是哲学社会科学大发展的时代。”新中国成立70多年来，我国从落后的农业国跃升为世界第二大经济体、制造业第一大国，在一个具有超大规模人口的国家走出了一条新型工业化道路、形成全球最完整的产业体系。这一伟大实践为其他后发国家的工业化提供了借鉴，也为构建中国产业经济学自主知识体系提供了“富矿”。我们要遵循知识体系形成发展规律，扎实推进中国产业经济学自主知识体系构建。

**构建中国产业经济学自主知识体系正当其时**

习近平总书记指出：“这些年我国经济顶风破浪、保持强大韧性和活力，战略依托就是完整的产业体系。”在产业发展方面，我国形成了明确的发展思路，不仅有效指导产业转型升级，推动制造业智能化、绿色化、融合化发展，而且极大提升了产业链韧性和竞争力，使我国成为世界工业大国和全球不可或缺的制造中心。产业经济学以“产业”为研究对象，立足我国产业发展实践构建中国产业经济学自主知识体系具有历史必然性。

从理论需求看。新中国成立后特别是新时代以来，我国产业经济发展经历了独特实践，包括从形成完备产业体系优势到战略性新兴产业蓬勃发展、从数字经济和平台经济兴起到产业链供应链安全水平不断提升等。这离不开我国产业政策和产业发展思路引导，包括：坚持建设以先进制造业为骨干的现代化产业体系，推动科技创新与产业创新深度融合，坚持推动传统产业改造升级和开辟战略性新兴产业、未来产业新赛道并重，统筹发展和安全，等等。西方产业经济学对社会主义市场经济条件下的产业运行规律解释乏力，迫切需要构建中国产业经济学自主知识体系，作出系统性、原创性的理论概括。

从时代要求看。当前，新一轮科技革命和产业变革加速演进，人工智能、数字经济、绿色低碳等新技术新动能正在重塑全球产业格局。同时，全球地缘政治冲突加剧，产业链供应链安全成为各国关注的焦点。我国产业经济发展正处于从规模扩张向质效跃升的重要节点，正在加快发展新质生产力、建设现代化产业体系。构建中国产业经济学自主知识体系，形成新的生产力理论、产业发展理论等，才能更好指导我国产业经济发展实践，牢牢把握战略上的主动。

**构建中国产业经济学自主知识体系需要关注的重点问题**

构建中国产业经济学自主知识体系是一个系统工程，可以首先从一些重点问题入手。这里列举几个方面。

探索构建以实体经济为根基的产业结构转型升级理论。实体经济是国家经济发展的根基，产业发展是做强做优做大实体经济的重要支撑。西方产业经济学是基于资本主义经济制度和产业发展实践形成和发展的，其理论体系和分析框架遵循生产资料私有制与自由市场竞争的逻辑，追求产业资本效率提升，缺乏对以产业发展维护国家利益、促进社会就业等方面的整体考虑；跨国产业转移虽然极大提升了资本收益，却容易导致产业输出国产业空心化、社会贫富差距拉大等现象。我国坚持把发展经济的着力点放在实体经济上，以智能化、绿色化、融合化为方向努力推动提升现代化产业体系的完整性、先进性、安全性。构建中国产业经济学自主知识体系，应围绕保持制造业合理比重、在构建新发展格局中加强创新链和产业链对接等我国产业发展实践，加强体系化学理化阐释，形成基于我国成功经验的产业结构转型升级理论。

探索构建统筹发展和安全的产业经济学理论体系。产业安全是经济安全的核心。只有不断提高产业链供应链韧性和安全水平，才能有效保障我国经济安全，不断增强我国的生存力、竞争力、发展力、持续力。在全球产业分工深度调整、地缘政治风险上升的背景下，产业安全已经不仅是政策议题，而且成为一个重要学术命题。西方产业经济学从微观主体视角，主要关注市场机制下企业公平竞争问题，缺乏国家视角的产业发展理论。我国产业发展注重独立自主、自力更生，以系统观念规划长远发展，形成了独立完整的产业体系；同时，以发展促安全，以安全保发展，确保我国在复杂国际环境中能够自主决策。总的看，我国在维护产业安全方面的实践具有独特理论价值。构建中国产业经济学自主知识体系，应围绕产业链供应链的风险识别与韧性评估、关键核心技术“卡脖子”环节的突破路径、产业转移与产业回流的驱动机制、战略性产业的界定与保护等，把统筹发展和安全的实践经验系统化、学理化。

探索新技术对产业发展的作用和影响，引领产业经济学新发展。当前，人工智能快速发展，正从技术突破向产业渗透跃升；同时，碳达峰碳中和正在全球范围形成共识，推动绿色低碳技术发展成为全球产业发展的一个重要方面。人工智能、绿色低碳技术对产业发展的影响并非简单的效率提升和路径选择，而是一场深层次的生产力革命，其作用和影响将超过前几次工业革命。在这一过程中，产业经济学知识体系构建发挥着重要作用。当前，我国人工智能、绿色低碳技术发展处于世界前列。把人工智能、数据要素、绿色发展等新科技新理念新要素融入中国产业经济学自主知识体系构建，既是对中国产业数字化发展的引领，也是推动中国产业经济学屹立于世界学术之林的制高点。

**以习近平经济思想为指引构建中国产业经济学自主知识体系**

构建中国产业经济学自主知识体系，必须形成契合我国实际的分析范式和理论框架。习近平经济思想是习近平新时代中国特色社会主义思想的重要组成部分，是对新时代我国经济发展实践经验的系统化理论概括，创造性提出了一系列新理念新思想新战略，为构建中国产业经济学自主知识体系提供了科学指引和丰富的理论资源。要坚持“两个结合”，运用好习近平新时代中国特色社会主义思想的世界观和方法论，坚持好、运用好贯穿其中的立场观点方法，在构建中国产业经济学自主知识体系中高扬中华民族的文化主体性、展现理论原创性。

比如，坚持问题导向是习近平经济思想的鲜明特点。产业经济学是一门应用性很强的学科，构建中国产业经济学自主知识体系更应坚持问题导向，聚焦我国产业发展中的重大现实问题，包括在新一轮科技革命和产业变革中抢占制高点、在逆全球化背景下维护产业链供应链安全、在推进实现“双碳”目标的同时保障能源安全和产业竞争力等，提出解决问题的正确思路和有效办法。要顺应产业发展新趋势，突破传统的产业经济学理论构建范式，积极吸收新科技革命、产业治理以及其他学科的创新理论，以融合创新推动中国产业经济学的理论创新。

在发现问题、研究问题、解决问题的基础上，要以学科体系、学术体系、话语体系为着力点构建中国产业经济学自主知识体系。学科体系是中国产业经济学自主知识体系的结构框架，决定了产业经济相关知识的组织方式与传承路径；学术体系是核心内容，包括认识产业发展的规律体系、基于规律性认识提炼出范畴体系、基于范畴累积及对范畴之间逻辑关系的梳理而形成的理论分析体系、理论联系实际的方法论体系等；话语体系是表达方式和传播载体，决定了中国产业经济学在国内外的传播效果和国际影响力。这三者紧密关联、相互促进，共同构成知识类型多样、理论范式科学的中国产业经济学自主知识体系。

（作者为中国社会科学院工业经济研究所研究员）",史  丹,理论,,https://paper.people.com.cn/rmrb/pc/content/202606/10/content_30162204.html,2026-06-10,"['产业', '体系', '经济学', '构建', '知识', '自主', '发展', '我国', '理论', '中国']","习近平总书记指出：“历史表明，社会大变革的时代，一定是哲学社会科学大发展的时代。”新中国成立70多年来，我国从落后的农业国跃升为世界第二大经济体、制造业第一大国，在一个具有超大规模人口的国家走出了一条新型工业化道路、形成全球最完整的产业体系。这一伟大实践为其他后发国家的工业化提供了借鉴，也为构建中国产业经济学自主知识体系提供了“富矿”。我们要遵循知识体系形成发展规律，扎实推进中国产业经济学自主知识体系构建。
构建中国产业经济学自主知识体系正当其时
习近平总书记指出：“这些年我国经济顶风破浪、保持强大韧性和活力，战略依托就是完整的产业体系。”在产业发展方面，我国形成了明确的发展思路，不仅有效指导产业转型升级，推动制造业智能化、绿色化、融合化发展，而且极大提升了产业链韧性和竞争力，使我国成为世界工业大国和全球不可或缺的制造中心。产业经济学以“产业”为研究对象，立足我国产业发展实践构建中国产业经济学自主知识体系具有历史必然性。",政治,,,[],data/vault/2026/06/2026-06-10/09-理论/构建中国产业经济学自主知识体系（加快构建中国哲学社会科学自主知识体系）.md,09,理论
以正确政绩观纠治文牍主义（思想纵横）,"“迎检就是补台账，考核就是看本子”，这句基层一线的真实感慨，直击当前基层治理中文牍主义顽疾。实际工作中，有时真正消耗党员干部精力的不是攻坚克难本身，而是应付检查前突击“补台账”，迎接考核时反复“打磨”材料，落实政策时层层“留痕”。当工作的重心从做没做好偏离到写没写好，从实干担当滑向“文本包装”，文牍主义便悄然滋长。习近平总书记强调：“坚决反对文牍主义和繁琐哲学，更加重视评价工作实绩和发展实效”。这一重要要求，切中时弊、直指要害，为广大党员干部树牢正确政绩观、纠治文牍主义歪风提供了根本遵循。
文牍主义不是简单的“文山会海”，而是披上了制度化、精细化的外衣，呈现出三副“面孔”。其一，以材料厚度衡量工作力度。在一些地方，汇报材料是否装帧精美、台账是否厚实齐全，成为评价工作成效的重要标准。党员干部把精力花在“写”上而非“做”上，文字功夫取代了实干功夫。其二，层层留痕。凡事必留痕、处处必存档，党员干部的宝贵时间被淹没在表格、照片里，消耗在纸面应对中。其三，不论效果，只注重流程完整的繁琐程序。本可简化办理的事项，被层层加码的审批、论证、评审所裹挟，使简单问题复杂化。
文牍主义看似态度认真、程序严谨，实质上让行政资源在“文来文往”中空转，党员干部精力在“纸面功夫”中虚耗，最终磨蚀了真抓实干的锐气，消解了党和政府在群众心中的公信力，侵蚀了党的执政根基。习近平总书记强调：“要把干部从一些无谓的事务中解脱出来。”而文牍主义却将党员干部困锁于“无谓的事务”中，背离了为民服务的初衷。
文牍主义何以屡禁不止？习近平总书记的剖析一语中的：“形式主义实质是主观主义、功利主义，根源是政绩观错位、责任心缺失”。问题不仅在“文牍”本身，更在支配“文牍”的行为逻辑。材料安全、台账齐备、汇报精彩，在一些党员干部眼中就是“亮眼政绩”：只要材料过关，实际问题解不解决可以暂且搁置。于是，材料出政绩的文牍主义逻辑得以运行。
为民造福是最大政绩，人民是最终阅卷人。政绩的评价主体是人民，评价标准是实效，而不是材料的长度、台账的厚度。凡是与工作实效脱节、与群众利益无关的繁文缛节，能减则减，该停就停。因此，必须进一步完善政绩考核评价体系，既看必要的“痕迹”，更看沉甸甸的“实绩”；既看必要的台账记录，更看问题解决没解决、群众满意不满意。要坚决将习近平总书记提出的“不定不切实际的目标，不开不解决问题的会，不发没有实质内容的文，不做‘只留痕不留绩’的事”的重要要求落实到位，全面清理与工作实效无关的形式要求、重复报送、过度留痕。特别是在干部选拔任用中，把担当实干作为选人用人的鲜明导向，让脚踏实地、追求实效的干部有出彩的机会，让热衷于做表面文章、靠材料“包装”政绩的干部失去市场。需要强调的是，反对文牍主义不等于不要材料、不要台账、不要程序。必要的记录是工作过程的客观反映，合理的程序是科学决策的重要保障。关键在于，不能让“材料”异化为文牍主义、“程序”退化为繁琐哲学，不能让形式吞没了内容、手段取代了目的，而要让每一份文件都服务于解决问题、每一次会议都致力于推动工作、每一页台账都记录实实在在的工作成效。","# 以正确政绩观纠治文牍主义（思想纵横）

> 周苾媛  聂平平《人民日报》（2026年06月10日第 09 版）

“迎检就是补台账，考核就是看本子”，这句基层一线的真实感慨，直击当前基层治理中文牍主义顽疾。实际工作中，有时真正消耗党员干部精力的不是攻坚克难本身，而是应付检查前突击“补台账”，迎接考核时反复“打磨”材料，落实政策时层层“留痕”。当工作的重心从做没做好偏离到写没写好，从实干担当滑向“文本包装”，文牍主义便悄然滋长。习近平总书记强调：“坚决反对文牍主义和繁琐哲学，更加重视评价工作实绩和发展实效”。这一重要要求，切中时弊、直指要害，为广大党员干部树牢正确政绩观、纠治文牍主义歪风提供了根本遵循。

文牍主义不是简单的“文山会海”，而是披上了制度化、精细化的外衣，呈现出三副“面孔”。其一，以材料厚度衡量工作力度。在一些地方，汇报材料是否装帧精美、台账是否厚实齐全，成为评价工作成效的重要标准。党员干部把精力花在“写”上而非“做”上，文字功夫取代了实干功夫。其二，层层留痕。凡事必留痕、处处必存档，党员干部的宝贵时间被淹没在表格、照片里，消耗在纸面应对中。其三，不论效果，只注重流程完整的繁琐程序。本可简化办理的事项，被层层加码的审批、论证、评审所裹挟，使简单问题复杂化。

文牍主义看似态度认真、程序严谨，实质上让行政资源在“文来文往”中空转，党员干部精力在“纸面功夫”中虚耗，最终磨蚀了真抓实干的锐气，消解了党和政府在群众心中的公信力，侵蚀了党的执政根基。习近平总书记强调：“要把干部从一些无谓的事务中解脱出来。”而文牍主义却将党员干部困锁于“无谓的事务”中，背离了为民服务的初衷。

文牍主义何以屡禁不止？习近平总书记的剖析一语中的：“形式主义实质是主观主义、功利主义，根源是政绩观错位、责任心缺失”。问题不仅在“文牍”本身，更在支配“文牍”的行为逻辑。材料安全、台账齐备、汇报精彩，在一些党员干部眼中就是“亮眼政绩”：只要材料过关，实际问题解不解决可以暂且搁置。于是，材料出政绩的文牍主义逻辑得以运行。

为民造福是最大政绩，人民是最终阅卷人。政绩的评价主体是人民，评价标准是实效，而不是材料的长度、台账的厚度。凡是与工作实效脱节、与群众利益无关的繁文缛节，能减则减，该停就停。因此，必须进一步完善政绩考核评价体系，既看必要的“痕迹”，更看沉甸甸的“实绩”；既看必要的台账记录，更看问题解决没解决、群众满意不满意。要坚决将习近平总书记提出的“不定不切实际的目标，不开不解决问题的会，不发没有实质内容的文，不做‘只留痕不留绩’的事”的重要要求落实到位，全面清理与工作实效无关的形式要求、重复报送、过度留痕。特别是在干部选拔任用中，把担当实干作为选人用人的鲜明导向，让脚踏实地、追求实效的干部有出彩的机会，让热衷于做表面文章、靠材料“包装”政绩的干部失去市场。需要强调的是，反对文牍主义不等于不要材料、不要台账、不要程序。必要的记录是工作过程的客观反映，合理的程序是科学决策的重要保障。关键在于，不能让“材料”异化为文牍主义、“程序”退化为繁琐哲学，不能让形式吞没了内容、手段取代了目的，而要让每一份文件都服务于解决问题、每一次会议都致力于推动工作、每一页台账都记录实实在在的工作成效。",周苾媛  聂平平,理论,,https://paper.people.com.cn/rmrb/pc/content/202606/10/content_30162205.html,2026-06-10,"['文牍主义', '台账', '留痕', '党员干部', '材料', '政绩', '实效', '习近平', '政绩观', '实干']","“迎检就是补台账，考核就是看本子”，这句基层一线的真实感慨，直击当前基层治理中文牍主义顽疾。实际工作中，有时真正消耗党员干部精力的不是攻坚克难本身，而是应付检查前突击“补台账”，迎接考核时反复“打磨”材料，落实政策时层层“留痕”。当工作的重心从做没做好偏离到写没写好，从实干担当滑向“文本包装”，文牍主义便悄然滋长。习近平总书记强调：“坚决反对文牍主义和繁琐哲学，更加重视评价工作实绩和发展实效”。这一重要要求，切中时弊、直指要害，为广大党员干部树牢正确政绩观、纠治文牍主义歪风提供了根本遵循。
文牍主义不是简单的“文山会海”，而是披上了制度化、精细化的外衣，呈现出三副“面孔”。其一，以材料厚度衡量工作力度。在一些地方，汇报材料是否装帧精美、台账是否厚实齐全，成为评价工作成效的重要标准。党员干部把精力花在“写”上而非“做”上，文字功夫取代了实干功夫。其二，层层留痕。凡事必留痕、处处必存档，党员干部的宝贵时间被淹没在表格、照片里，消耗在纸面应对中。其三，不论效果，只注重流程完整的繁琐程序。本可简化办理的事项，被层层加码的审批、论证、评审所裹挟，使简单问题复杂化。
文牍主义看似态度认真、程序严谨，实质上让行政资源在“文来文往”中空转，党员干部精力在“纸面功夫”中虚耗，最终磨蚀了真抓实干的锐气，消解了党和政府在群众心中的公信力，侵蚀了党的执政根基。习近平总书记强调：“要把干部从一些无谓的事务中解脱出来。”而文牍主义却将党员干部困锁于“无谓的事务”中，背离了为民服务的初衷。",政治,,,[],data/vault/2026/06/2026-06-10/09-理论/以正确政绩观纠治文牍主义（思想纵横）.md,09,理论
整合办事窗口  填补服务盲区（高效办成一件事）,"申请一件发明专利要多久？周期一般以“年”计，但在海南海口国家高新区，一家药企却只用了39个工作日。
这家药企名为海南亚洲制药股份有限公司，公司注册部经理张振锋说，根据过往经验，发明专利从提出申请到正式获批，周期为2—3年。此前相关部门为鼓励创新，曾出台优先审查政策，公司一项专利《一种多潘立酮片及其制备方法》就曾受益于该政策，周期缩短至一年半。
“我们第一次走海口市知识产权保护中心的专利快速预审通道，2月提交预审，预审合格后正式向国家知识产权局申请，4月上旬就收到授权通知书，周期较常规压缩90%以上。”提及此次申请发明专利的感受，张振锋很惊喜。
何以如此高效？先把目光拉回几年前的三亚。
拥有得天独厚的光热资源与深海区位禀赋，近年来，三亚的南繁种业和深海科技产业步入发展快车道，知识产权服务需求水涨船高。2021年8月，三亚崖州湾科技城知识产权特区启动建设，率先在全国推行专利、商标、版权、地理标志、植物新品种知识产权“五合一”综合管理体制改革，先行先试成效亮眼。
当时，海口知识产权业务体量占全省60%左右，同样面临知识产权业务办理“多头跑、分散办”难题。为打造一流营商环境，让企业少折腾，海口下定决心，结合自身实际，学习崖州湾科技城知识产权特区先进经验，找出一条契合自贸港发展的知识产权治理新路。海南省知识产权局与海口市联合印发工作方案，提出推动海口市打造知识产权综合服务示范区，将分散在各职能部门的知识产权业务进行“全口径”整合，推行“五个一”改革。
何为“全口径”？什么又是“五个一”？海口市市场监督管理局知识产权保护科科长陈光润介绍：“‘全口径’即专利、商标、地理标志、版权、植物新品种、集成电路布图设计、商业秘密、数据产权、商号、非物质文化遗产、域名，11项知识产权业务全部纳入。‘五个一’即一窗口统办、一平台交易、一链条保护、一站式管理、一体化服务，推进知识产权‘一件事’集成改革。”
海口国家高新区是全市高新产业主阵地，有着生物医药、装备制造两大支柱产业，大批科创主体催生了急迫的知识产权服务需求。因此，园区在此次改革中作为试点“打头阵”。海口市各类知识产权审批、维权、预审业务经全面整合，汇聚到高新区知识产权大厦，一站式服务体系由此成形。
“破除体制机制壁垒难以一蹴而就，我们把改革细化拆解为18项具体任务，逐项攻坚。”陈光润介绍，改革推进中也遇到不少现实难题。例如，各职能部门派驻人员大多一岗多责，除大厦驻点知识产权工作外，还承担原单位日常事务。如何解决人手不足问题？经过多轮对接磋商、磨合研讨，最终确定两项举措：一是相关职能部门工作人员轮值驻场；二是由海口国家高新区组建“知管家”服务团队常驻知识产权大厦。遇上“疑难杂症”时，由海口国家高新区“知管家”主动牵头跨部门协调，全程兜底对接，不把包袱甩给企业，保障各项知识产权业务高效顺畅流转。
“我刚接手时，知识产权大厦外观还是毛坯，现在已是功能齐备的知识产权综合服务平台。”回望来时路，海口国家高新区孵化器运营管理有限公司企业服务部副经理朱梦迢感慨良多。如今走进这座大厦，“一站式”综合服务大厅内，国家知识产权局专利局海口代办处等17个服务窗口汇聚35家专业服务单位，94项服务事项纳入“一窗受理”服务，实现“就近办、集成办”。
基础打好，更上层楼。为支持海南自贸港建设，2024年8月，国家知识产权局批复同意海口筹建国家级知识产权保护中心。2025年9月，经验收后，海口市知识产权保护中心正式纳入全国知识产权快速协同保护体系。发明专利的审评周期由原来的平均15个月缩短至3—6个月，甚至更快。“现在办理知识产权业务，一次都不用跑。知识产权保护中心有了专利快速预审职能后，马上组织了3次备案培训，全程网上填报，园区帮着跟进。”张振锋说，看到发明专利申请周期大幅缩短，公司研发人员积极性大增。
将专业化服务前移至企业一线，今年以来，“知管家”累计走访企业130余家，针对企业提出的商标注册、专利申请、管理、保护以及如何规避侵权风险等问题，提供政策咨询、专家答疑。“我们有多项海外知识产权，一旦涉及维权，费时费力成本高，园区创新推出知识产权侵权责任保险，为我们提供保障。”海南赛诺实业有限公司知识产权专员黄贞说。
从“多头跑”到“跑一次”，再到“送服务”，知识产权业务改革呵护企业成长。截至2025年底，海口国家高新区企业研发投入突破40亿元，工业总产值超1000亿元，拥有专利7292件、商标1.2万件。
2025年10月，“海南省知识产权局、海口市政府协同共建知识产权综合服务示范区”成功入选知识产权强国建设第四批典型案例。“示范区服务范围已从海口延伸到整个海南，但发展没有休止符，面对产业迭代带来的知识产权新课题，我们还要持续深化改革，为企业解决好实际问题。”海口市市场监督管理局局长严音莉说。","### 海口“全口径”优化知识产权业务办理，破解“多头跑、分散办”难题

# 整合办事窗口  填补服务盲区（高效办成一件事）

> 本报记者  曹文轩《人民日报》（2026年06月10日第 10 版）

申请一件发明专利要多久？周期一般以“年”计，但在海南海口国家高新区，一家药企却只用了39个工作日。

这家药企名为海南亚洲制药股份有限公司，公司注册部经理张振锋说，根据过往经验，发明专利从提出申请到正式获批，周期为2—3年。此前相关部门为鼓励创新，曾出台优先审查政策，公司一项专利《一种多潘立酮片及其制备方法》就曾受益于该政策，周期缩短至一年半。

“我们第一次走海口市知识产权保护中心的专利快速预审通道，2月提交预审，预审合格后正式向国家知识产权局申请，4月上旬就收到授权通知书，周期较常规压缩90%以上。”提及此次申请发明专利的感受，张振锋很惊喜。

何以如此高效？先把目光拉回几年前的三亚。

拥有得天独厚的光热资源与深海区位禀赋，近年来，三亚的南繁种业和深海科技产业步入发展快车道，知识产权服务需求水涨船高。2021年8月，三亚崖州湾科技城知识产权特区启动建设，率先在全国推行专利、商标、版权、地理标志、植物新品种知识产权“五合一”综合管理体制改革，先行先试成效亮眼。

当时，海口知识产权业务体量占全省60%左右，同样面临知识产权业务办理“多头跑、分散办”难题。为打造一流营商环境，让企业少折腾，海口下定决心，结合自身实际，学习崖州湾科技城知识产权特区先进经验，找出一条契合自贸港发展的知识产权治理新路。海南省知识产权局与海口市联合印发工作方案，提出推动海口市打造知识产权综合服务示范区，将分散在各职能部门的知识产权业务进行“全口径”整合，推行“五个一”改革。

何为“全口径”？什么又是“五个一”？海口市市场监督管理局知识产权保护科科长陈光润介绍：“‘全口径’即专利、商标、地理标志、版权、植物新品种、集成电路布图设计、商业秘密、数据产权、商号、非物质文化遗产、域名，11项知识产权业务全部纳入。‘五个一’即一窗口统办、一平台交易、一链条保护、一站式管理、一体化服务，推进知识产权‘一件事’集成改革。”

海口国家高新区是全市高新产业主阵地，有着生物医药、装备制造两大支柱产业，大批科创主体催生了急迫的知识产权服务需求。因此，园区在此次改革中作为试点“打头阵”。海口市各类知识产权审批、维权、预审业务经全面整合，汇聚到高新区知识产权大厦，一站式服务体系由此成形。

“破除体制机制壁垒难以一蹴而就，我们把改革细化拆解为18项具体任务，逐项攻坚。”陈光润介绍，改革推进中也遇到不少现实难题。例如，各职能部门派驻人员大多一岗多责，除大厦驻点知识产权工作外，还承担原单位日常事务。如何解决人手不足问题？经过多轮对接磋商、磨合研讨，最终确定两项举措：一是相关职能部门工作人员轮值驻场；二是由海口国家高新区组建“知管家”服务团队常驻知识产权大厦。遇上“疑难杂症”时，由海口国家高新区“知管家”主动牵头跨部门协调，全程兜底对接，不把包袱甩给企业，保障各项知识产权业务高效顺畅流转。

“我刚接手时，知识产权大厦外观还是毛坯，现在已是功能齐备的知识产权综合服务平台。”回望来时路，海口国家高新区孵化器运营管理有限公司企业服务部副经理朱梦迢感慨良多。如今走进这座大厦，“一站式”综合服务大厅内，国家知识产权局专利局海口代办处等17个服务窗口汇聚35家专业服务单位，94项服务事项纳入“一窗受理”服务，实现“就近办、集成办”。

基础打好，更上层楼。为支持海南自贸港建设，2024年8月，国家知识产权局批复同意海口筹建国家级知识产权保护中心。2025年9月，经验收后，海口市知识产权保护中心正式纳入全国知识产权快速协同保护体系。发明专利的审评周期由原来的平均15个月缩短至3—6个月，甚至更快。“现在办理知识产权业务，一次都不用跑。知识产权保护中心有了专利快速预审职能后，马上组织了3次备案培训，全程网上填报，园区帮着跟进。”张振锋说，看到发明专利申请周期大幅缩短，公司研发人员积极性大增。

将专业化服务前移至企业一线，今年以来，“知管家”累计走访企业130余家，针对企业提出的商标注册、专利申请、管理、保护以及如何规避侵权风险等问题，提供政策咨询、专家答疑。“我们有多项海外知识产权，一旦涉及维权，费时费力成本高，园区创新推出知识产权侵权责任保险，为我们提供保障。”海南赛诺实业有限公司知识产权专员黄贞说。

从“多头跑”到“跑一次”，再到“送服务”，知识产权业务改革呵护企业成长。截至2025年底，海口国家高新区企业研发投入突破40亿元，工业总产值超1000亿元，拥有专利7292件、商标1.2万件。

2025年10月，“海南省知识产权局、海口市政府协同共建知识产权综合服务示范区”成功入选知识产权强国建设第四批典型案例。“示范区服务范围已从海口延伸到整个海南，但发展没有休止符，面对产业迭代带来的知识产权新课题，我们还要持续深化改革，为企业解决好实际问题。”海口市市场监督管理局局长严音莉说。",曹文轩,政治,,https://paper.people.com.cn/rmrb/pc/content/202606/10/content_30162206.html,2026-06-10,"['知识产权', '海口', '服务', '高新区', '海口市', '预审', '发明专利', '专利', '保护', '业务']","申请一件发明专利要多久？周期一般以“年”计，但在海南海口国家高新区，一家药企却只用了39个工作日。
这家药企名为海南亚洲制药股份有限公司，公司注册部经理张振锋说，根据过往经验，发明专利从提出申请到正式获批，周期为2—3年。此前相关部门为鼓励创新，曾出台优先审查政策，公司一项专利《一种多潘立酮片及其制备方法》就曾受益于该政策，周期缩短至一年半。
“我们第一次走海口市知识产权保护中心的专利快速预审通道，2月提交预审，预审合格后正式向国家知识产权局申请，4月上旬就收到授权通知书，周期较常规压缩90%以上。”提及此次申请发明专利的感受，张振锋很惊喜。",政治,,,[],data/vault/2026/06/2026-06-10/10-政治/整合办事窗口 填补服务盲区（高效办成一件事）.md,10,政治
在一扇窗口把一件件具体“小事”办成（编辑手记）,"政务服务窗口是检验营商环境的试金石，一扇小小的窗口影响着企业和群众的办事获得感。过去，办一件事，“多头跑、分散办”是常事。一项关联业务分散在不同部门，每个部门都觉得自己职责清晰、依法依规，组合到一起，一种材料多次提交、不同要求互为门槛，最终导致办事成了一场“马拉松”。
政务服务不应被部门分工牵着走，而要跟着企业和群众需求不断优化。窗口的调整，不是简单的合并，而是用群众办事的视角和体验重新梳理业务流程。把分散在多个职能部门的“碎片”组成完整的“服务拼图”，把后台的复杂集中解决，把前台的便捷交给群众，才能以协同的力度，提升政务服务的实效。
同时，窗口改革不能止于“能办”，更要追求“好办、快办”。一些地方不仅整合业务，还主动前移服务，变坐等上门为主动问需，从回应一个诉求延伸到解决一类问题。不回避服务中的不足，不敷衍群众的诉求，用真诚态度、务实行动回应群众期盼，在一扇窗口把一件件具体“小事”办成。只有让服务温度融入每一个环节，才能以实实在在的成效凝聚民心、赢得信任。","# 在一扇窗口把一件件具体“小事”办成（编辑手记）

> 徐雷鹏《人民日报》（2026年06月10日第 10 版）

政务服务窗口是检验营商环境的试金石，一扇小小的窗口影响着企业和群众的办事获得感。过去，办一件事，“多头跑、分散办”是常事。一项关联业务分散在不同部门，每个部门都觉得自己职责清晰、依法依规，组合到一起，一种材料多次提交、不同要求互为门槛，最终导致办事成了一场“马拉松”。

政务服务不应被部门分工牵着走，而要跟着企业和群众需求不断优化。窗口的调整，不是简单的合并，而是用群众办事的视角和体验重新梳理业务流程。把分散在多个职能部门的“碎片”组成完整的“服务拼图”，把后台的复杂集中解决，把前台的便捷交给群众，才能以协同的力度，提升政务服务的实效。

同时，窗口改革不能止于“能办”，更要追求“好办、快办”。一些地方不仅整合业务，还主动前移服务，变坐等上门为主动问需，从回应一个诉求延伸到解决一类问题。不回避服务中的不足，不敷衍群众的诉求，用真诚态度、务实行动回应群众期盼，在一扇窗口把一件件具体“小事”办成。只有让服务温度融入每一个环节，才能以实实在在的成效凝聚民心、赢得信任。",徐雷鹏,政治,,https://paper.people.com.cn/rmrb/pc/content/202606/10/content_30162207.html,2026-06-10,"['窗口', '服务', '群众', '一扇', '政务', '办事', '分散', '一件件', '办成', '诉求']","政务服务窗口是检验营商环境的试金石，一扇小小的窗口影响着企业和群众的办事获得感。过去，办一件事，“多头跑、分散办”是常事。一项关联业务分散在不同部门，每个部门都觉得自己职责清晰、依法依规，组合到一起，一种材料多次提交、不同要求互为门槛，最终导致办事成了一场“马拉松”。
政务服务不应被部门分工牵着走，而要跟着企业和群众需求不断优化。窗口的调整，不是简单的合并，而是用群众办事的视角和体验重新梳理业务流程。把分散在多个职能部门的“碎片”组成完整的“服务拼图”，把后台的复杂集中解决，把前台的便捷交给群众，才能以协同的力度，提升政务服务的实效。
同时，窗口改革不能止于“能办”，更要追求“好办、快办”。一些地方不仅整合业务，还主动前移服务，变坐等上门为主动问需，从回应一个诉求延伸到解决一类问题。不回避服务中的不足，不敷衍群众的诉求，用真诚态度、务实行动回应群众期盼，在一扇窗口把一件件具体“小事”办成。只有让服务温度融入每一个环节，才能以实实在在的成效凝聚民心、赢得信任。",经济,,,[],data/vault/2026/06/2026-06-10/10-政治/在一扇窗口把一件件具体“小事”办成（编辑手记）.md,10,政治
创新驱动培育壮大未来产业（调查研究 凝聚共识）,"新一轮科技革命和产业变革加速演进，前沿技术不断涌现，引领和支撑未来产业快速崛起。去年底召开的中央经济工作会议和今年《政府工作报告》，都提出“加紧培育壮大新动能”。“十五五”规划纲要以专节前瞻布局未来产业，将其摆在现代化产业体系建设突出位置。
近日，受中共中央委托，民建中央副主席孙东生率调研组赴上海、陕西两地，围绕“强化源头创新与制度供给，推动未来产业实现新突破”这一课题开展重点考察调研，并召开专题座谈会。
深入一线调研，了解产业现状
AI（人工智能）语料数据、脑机接口、光子产业……调研中，一系列前沿科技引人关注，调研组成员们问得细致，深入了解企业在科技创新、产业发展等方面的具体做法。
走进上海库帕思科技有限公司，其聚焦AI语料数据领域的关键技术研发，吸引了调研组的注意。“大模型竞争已从拼算法转向拼数据。”企业负责人介绍，公司成立两年来，聚焦突破大模型“数据瓶颈”，已申请多项相关专利；与机器人企业合作，完成了数千万条真机与仿真数据采集处理；中标临床医疗领域AI语料集项目，为专业模型构建高质量语料基座。
博睿康医疗科技（上海）有限公司以脑机接口为主要赛道，其自主研发的“植入式脑机接口手部运动功能代偿系统”已成功获批上市。“通过在患者硬脑膜外植入微型装置，实时采集解码脑电信号，患者可凭意念控制外部辅助设备，实现抓握等日常动作。”企业技术负责人介绍。
陕西光电子先导院科技有限公司是陕西省光子产业链链主企业，也是国家级制造业中试平台。公司已建成以6英寸化合物光电芯片、8英寸硅光芯片为核心的双平台，同步配套多个特色工艺平台，形成覆盖核心制程的定制化中试能力，并构建了“公共平台+专项基金+中试平台”三位一体的服务生态。
“这一领域有多少科研团队？”“资金投入情况如何？”“转移转化了多少项成果？”……在各调研点，调研组成员仔细询问，相关负责人一一作答。进企业、访高校、看园区、下车间，调研组与企业、机构负责人深入交流，认真总结相关经验做法。
坚持问题导向，聚焦创新堵点
发展中还面临哪些实际问题？调研组深入考察，详细了解。结合所见所闻，调研组成员坚持问题导向，认真探讨。
聚焦量子计算产业发展，上海图灵智算量子科技有限公司负责人提出：“需加快量子算力开放平台建设，降低中小企业技术门槛，同时完善知识产权保护体系，为量子技术产业化保驾护航。”
朴烯晶新能源材料（上海）有限公司代表围绕未来能源领域，呼吁健全产学研深度融合机制，建议推动高校科研成果评价与企业需求更紧密结合，培育一批技术经理人，打通创新成果转化“最后一公里”。
在吸引高端人才方面，西安铂力特增材技术股份有限公司相关负责人建议出台更灵活的政策，便利高校科研人员将成果带到生产一线。“此外，建议由政府搭台，链主企业牵头，建立数字化供应链协同平台，实现产能共享、配套互通。”
对于源头创新，陕西迪泰克新材料有限公司相关负责人建议，建立更稳定、长期的研发支持机制，同时进一步强化高能级科创平台、高校与企业的协同攻关，“围绕关键原材料等领域集中发力，提升产业链供应链安全水平。”
多看、多听、多问，调研组广泛听取意见建议，对集中反映的问题进行重点记录和分析。
围绕发展短板，研提解决举措
就源头创新、制度供给等内容，调研组在上海、陕西两地召开座谈会，相关部门、企业、专家代表等紧扣主题，坦诚交流。
“未来产业发展成效显著，但也面临基础研究投入不足、高端人才短缺、跨区域协同不畅等问题。”“部分关键技术存在‘卡脖子’风险。”“制度供给与产业发展节奏的适配度有待提升。”“创新链、产业链、资金链、人才链需进一步深度融合。”……座谈会上，大家聚焦难点堵点，畅所欲言。
上海市发展改革委相关负责人表示，上海正结合国际科创中心建设，推进未来产业制度型开放，在浦东引领区试点开展数据跨境流动、国际标准制定等改革，探索建立长三角未来产业协同发展机制。
陕西省科技厅相关负责人表示，陕西完善顶层设计，以西安区域科技创新中心建设为牵引，以科技成果转化“三项改革”为抓手，以“秦创原”创新驱动平台为支撑，持续推进科技创新和产业创新深度融合。
发展未来产业既是推动高质量发展的内在要求，也是现代化产业体系建设的重要支撑。调研组表示，此次调研掌握了大量第一手资料，将系统梳理情况，深入分析问题，广泛凝聚共识，围绕强化源头创新体系、完善制度供给机制、优化区域协同发展等方面，研究提出切实可行的政策建议，为培育发展未来产业、加快形成新质生产力贡献智慧与力量。","# 创新驱动培育壮大未来产业（调查研究 凝聚共识）

## ——民建中央开展二〇二六年度重点考察调研

> 本报记者  高  炳  沈文敏《人民日报》（2026年06月10日第 10 版）

新一轮科技革命和产业变革加速演进，前沿技术不断涌现，引领和支撑未来产业快速崛起。去年底召开的中央经济工作会议和今年《政府工作报告》，都提出“加紧培育壮大新动能”。“十五五”规划纲要以专节前瞻布局未来产业，将其摆在现代化产业体系建设突出位置。

近日，受中共中央委托，民建中央副主席孙东生率调研组赴上海、陕西两地，围绕“强化源头创新与制度供给，推动未来产业实现新突破”这一课题开展重点考察调研，并召开专题座谈会。

深入一线调研，了解产业现状

AI（人工智能）语料数据、脑机接口、光子产业……调研中，一系列前沿科技引人关注，调研组成员们问得细致，深入了解企业在科技创新、产业发展等方面的具体做法。

走进上海库帕思科技有限公司，其聚焦AI语料数据领域的关键技术研发，吸引了调研组的注意。“大模型竞争已从拼算法转向拼数据。”企业负责人介绍，公司成立两年来，聚焦突破大模型“数据瓶颈”，已申请多项相关专利；与机器人企业合作，完成了数千万条真机与仿真数据采集处理；中标临床医疗领域AI语料集项目，为专业模型构建高质量语料基座。

博睿康医疗科技（上海）有限公司以脑机接口为主要赛道，其自主研发的“植入式脑机接口手部运动功能代偿系统”已成功获批上市。“通过在患者硬脑膜外植入微型装置，实时采集解码脑电信号，患者可凭意念控制外部辅助设备，实现抓握等日常动作。”企业技术负责人介绍。

陕西光电子先导院科技有限公司是陕西省光子产业链链主企业，也是国家级制造业中试平台。公司已建成以6英寸化合物光电芯片、8英寸硅光芯片为核心的双平台，同步配套多个特色工艺平台，形成覆盖核心制程的定制化中试能力，并构建了“公共平台+专项基金+中试平台”三位一体的服务生态。

“这一领域有多少科研团队？”“资金投入情况如何？”“转移转化了多少项成果？”……在各调研点，调研组成员仔细询问，相关负责人一一作答。进企业、访高校、看园区、下车间，调研组与企业、机构负责人深入交流，认真总结相关经验做法。

坚持问题导向，聚焦创新堵点

发展中还面临哪些实际问题？调研组深入考察，详细了解。结合所见所闻，调研组成员坚持问题导向，认真探讨。

聚焦量子计算产业发展，上海图灵智算量子科技有限公司负责人提出：“需加快量子算力开放平台建设，降低中小企业技术门槛，同时完善知识产权保护体系，为量子技术产业化保驾护航。”

朴烯晶新能源材料（上海）有限公司代表围绕未来能源领域，呼吁健全产学研深度融合机制，建议推动高校科研成果评价与企业需求更紧密结合，培育一批技术经理人，打通创新成果转化“最后一公里”。

在吸引高端人才方面，西安铂力特增材技术股份有限公司相关负责人建议出台更灵活的政策，便利高校科研人员将成果带到生产一线。“此外，建议由政府搭台，链主企业牵头，建立数字化供应链协同平台，实现产能共享、配套互通。”

对于源头创新，陕西迪泰克新材料有限公司相关负责人建议，建立更稳定、长期的研发支持机制，同时进一步强化高能级科创平台、高校与企业的协同攻关，“围绕关键原材料等领域集中发力，提升产业链供应链安全水平。”

多看、多听、多问，调研组广泛听取意见建议，对集中反映的问题进行重点记录和分析。

围绕发展短板，研提解决举措

就源头创新、制度供给等内容，调研组在上海、陕西两地召开座谈会，相关部门、企业、专家代表等紧扣主题，坦诚交流。

“未来产业发展成效显著，但也面临基础研究投入不足、高端人才短缺、跨区域协同不畅等问题。”“部分关键技术存在‘卡脖子’风险。”“制度供给与产业发展节奏的适配度有待提升。”“创新链、产业链、资金链、人才链需进一步深度融合。”……座谈会上，大家聚焦难点堵点，畅所欲言。

上海市发展改革委相关负责人表示，上海正结合国际科创中心建设，推进未来产业制度型开放，在浦东引领区试点开展数据跨境流动、国际标准制定等改革，探索建立长三角未来产业协同发展机制。

陕西省科技厅相关负责人表示，陕西完善顶层设计，以西安区域科技创新中心建设为牵引，以科技成果转化“三项改革”为抓手，以“秦创原”创新驱动平台为支撑，持续推进科技创新和产业创新深度融合。

发展未来产业既是推动高质量发展的内在要求，也是现代化产业体系建设的重要支撑。调研组表示，此次调研掌握了大量第一手资料，将系统梳理情况，深入分析问题，广泛凝聚共识，围绕强化源头创新体系、完善制度供给机制、优化区域协同发展等方面，研究提出切实可行的政策建议，为培育发展未来产业、加快形成新质生产力贡献智慧与力量。",高  炳  沈文敏,政治,,https://paper.people.com.cn/rmrb/pc/content/202606/10/content_30162208.html,2026-06-10,"['调研组', '产业', '创新', '语料', '负责人', '科技', '平台', '未来', '企业', '发展']","新一轮科技革命和产业变革加速演进，前沿技术不断涌现，引领和支撑未来产业快速崛起。去年底召开的中央经济工作会议和今年《政府工作报告》，都提出“加紧培育壮大新动能”。“十五五”规划纲要以专节前瞻布局未来产业，将其摆在现代化产业体系建设突出位置。
近日，受中共中央委托，民建中央副主席孙东生率调研组赴上海、陕西两地，围绕“强化源头创新与制度供给，推动未来产业实现新突破”这一课题开展重点考察调研，并召开专题座谈会。
深入一线调研，了解产业现状",政治,,,[],data/vault/2026/06/2026-06-10/10-政治/创新驱动培育壮大未来产业（调查研究 凝聚共识）.md,10,政治
山西人大审议通过《山西省长城保护条例》,"本报太原6月9日电  （记者郑洋洋）为守护好长城这一珍贵的历史文化遗产，近日山西省十四届人大常委会第二十八次会议审议通过了《山西省长城保护条例》，共六章四十七条，今年7月5日起施行。条例强化了政府主体责任、文物部门监管责任、其他部门相关职责以及基层属地责任。针对长城作为线性文化遗产跨行政区域的特征，专门设立“省际协同保护+省内联席会议”双重机制，有效破解交界地带管护真空、责任不清问题。
山西省作为长城资源大省，长城遗存分布广泛、类型丰富、价值突出。山西省文物局副局长王振华介绍，经国家文物局认定，山西历代长城总长1401.23千米，占全国长城遗址遗存的9.74%。近年来，山西省长城保护工作取得积极成效，一批重要点段得到有效维护，保护管理体系逐步完善，但仍面临保护措施薄弱、保护与利用矛盾突出等诸多严峻挑战。
条例要求，筑牢人防与技防相结合的保护网络。在保护力量上，将长城保护员制度固定下来，规定为其办理意外伤害保险，参照公益性岗位或者结合当地实际给予补助；在保护措施上，强化科技赋能，规定建设全省长城资源数字化平台，利用遥感卫星、无人机等技术手段对长城本体、环境、管理、安全等情况进行动态监测。此外，条例明确长城研究利用应当以保护为前提，同时规定推进长城国家文化公园（山西段）建设，挖掘阐释长城价值，解读长城历史，讲好长城故事。","# 山西人大审议通过《山西省长城保护条例》

## 筑牢人防与技防相结合的保护网络

> 《人民日报》（2026年06月10日第 10 版）

本报太原6月9日电  （记者郑洋洋）为守护好长城这一珍贵的历史文化遗产，近日山西省十四届人大常委会第二十八次会议审议通过了《山西省长城保护条例》，共六章四十七条，今年7月5日起施行。条例强化了政府主体责任、文物部门监管责任、其他部门相关职责以及基层属地责任。针对长城作为线性文化遗产跨行政区域的特征，专门设立“省际协同保护+省内联席会议”双重机制，有效破解交界地带管护真空、责任不清问题。

山西省作为长城资源大省，长城遗存分布广泛、类型丰富、价值突出。山西省文物局副局长王振华介绍，经国家文物局认定，山西历代长城总长1401.23千米，占全国长城遗址遗存的9.74%。近年来，山西省长城保护工作取得积极成效，一批重要点段得到有效维护，保护管理体系逐步完善，但仍面临保护措施薄弱、保护与利用矛盾突出等诸多严峻挑战。

条例要求，筑牢人防与技防相结合的保护网络。在保护力量上，将长城保护员制度固定下来，规定为其办理意外伤害保险，参照公益性岗位或者结合当地实际给予补助；在保护措施上，强化科技赋能，规定建设全省长城资源数字化平台，利用遥感卫星、无人机等技术手段对长城本体、环境、管理、安全等情况进行动态监测。此外，条例明确长城研究利用应当以保护为前提，同时规定推进长城国家文化公园（山西段）建设，挖掘阐释长城价值，解读长城历史，讲好长城故事。",,政治,,https://paper.people.com.cn/rmrb/pc/content/202606/10/content_30162212.html,2026-06-10,"['长城', '保护', '山西省', '条例', '责任', '山西', '文化遗产', '保护措施', '遗存', '利用']","本报太原6月9日电  （记者郑洋洋）为守护好长城这一珍贵的历史文化遗产，近日山西省十四届人大常委会第二十八次会议审议通过了《山西省长城保护条例》，共六章四十七条，今年7月5日起施行。条例强化了政府主体责任、文物部门监管责任、其他部门相关职责以及基层属地责任。针对长城作为线性文化遗产跨行政区域的特征，专门设立“省际协同保护+省内联席会议”双重机制，有效破解交界地带管护真空、责任不清问题。
山西省作为长城资源大省，长城遗存分布广泛、类型丰富、价值突出。山西省文物局副局长王振华介绍，经国家文物局认定，山西历代长城总长1401.23千米，占全国长城遗址遗存的9.74%。近年来，山西省长城保护工作取得积极成效，一批重要点段得到有效维护，保护管理体系逐步完善，但仍面临保护措施薄弱、保护与利用矛盾突出等诸多严峻挑战。
条例要求，筑牢人防与技防相结合的保护网络。在保护力量上，将长城保护员制度固定下来，规定为其办理意外伤害保险，参照公益性岗位或者结合当地实际给予补助；在保护措施上，强化科技赋能，规定建设全省长城资源数字化平台，利用遥感卫星、无人机等技术手段对长城本体、环境、管理、安全等情况进行动态监测。此外，条例明确长城研究利用应当以保护为前提，同时规定推进长城国家文化公园（山西段）建设，挖掘阐释长城价值，解读长城历史，讲好长城故事。",政治,,,[],data/vault/2026/06/2026-06-10/10-政治/山西人大审议通过《山西省长城保护条例》.md,10,政治
千年绫罗  织出青春模样（古韵国风  顶流审美）,"身着国风服饰的潮玩。钱数纺织科技有限公司供图
身着国风服饰的潮玩。
钱数纺织科技有限公司供图
浙江湖州市安吉县一家书房内，小朋友在制作宋锦珍珠团扇。潘学康摄（人民视觉）
浙江湖州市安吉县一家书房内，小朋友在制作宋锦珍珠团扇。
潘学康摄（人民视觉）
广西梧州市龙圩区一家丝绸制造企业的工人在晾晒香云纱。颜桂海摄（影像中国）
广西梧州市龙圩区一家丝绸制造企业的工人在晾晒香云纱。
颜桂海摄（影像中国）
视频博主国翠儿在展示罗衣。武  伟摄
视频博主国翠儿在展示罗衣。
武  伟摄
丝绸，源于桑树、取自蚕丝，经精工巧织，得绫罗绸缎。作为中国古代的伟大发明，丝绸既是中式审美的重要载体，也是中华文化的重要符号。
今天的丝绸，有了更为丰富的呈现场景——潮玩娃娃，穿上宋锦织就的国风衣裳；古老香云纱，从阿嬷的最爱，成为时尚单品；曾经小众的艾德莱斯绸，一度远离年轻人的衣柜，如今已是新疆旅途中的热门伴手礼……眼下，古老丝绸正以更为鲜活、青春的模样，拓展广阔的市场空间，走进我们的日常生活，持续焕发时代新彩。
——编  者
潮玩拉布布  宋锦作衣裳
本报记者  顾  春
一排排潮玩Labubu（拉布布），穿着袖珍的国风衣裳，云肩配旗袍、百褶马面裙、宋锦背带裙……走进浙江海宁市钱数纺织科技有限公司展示厅，各色“娃衣”琳琅满目。这些袖珍华服，选用宋锦、香云纱、罗等面料，灯光下，面料上网格状孔眼隐约细密，像退潮后留在沙滩上的美丽波纹。
一家丝绸企业，怎么想起做“娃衣”？“让非遗也赶一波潮流，让潮玩更有底蕴、有魅力。”公司总经理胡鸣一说，起初只是随手做了几件“娃衣”，发在朋友圈，没想到很受欢迎。去年10月，有人找他定制新年“娃衣”，从图纸到成品，10天就交了货。丝绸“娃衣”出圈后，带动公司真丝国风面料月销量突破3万米。
国风面料，创新研发并不容易。比如说传统织物罗，在古代价比黄金。其织法难度高，经线得像拧麻花一样不停扭转，纬线却要保持平行。丝线极细，稍不留神，高速运转的织机就会把丝扯断。如何让这种珍贵面料实现批量生产，走进千家万户？2017年起，公司联合高校攻关，研发出绞罗纺织技术。研发期间，光试验失败用掉的桑蚕丝布料就有近2万米。胡鸣一介绍，传统织机一天只能产六七米布料，公司开发的新织机一天能织出70米。最新研发的“软烟罗”，一件女式上装不到50克，叠起来能塞进火柴盒里。
“在年轻人眼里，国风不是‘老古董’，反而是潮流的代名词。”万事利丝绸产品总监朱燕感触很深，“Z世代愿意为国风买单，但我们不能只卖情怀，而是要拿出审美在线、价格亲民的产品。”
传统非遗讲究慢功夫，绣娘练就一门手艺要数年，古法宋织一天产不下1米。如今传统丝绸与AI（人工智能）结合，有了哪些新的“打开方式”？万事利的探索是，让AI“学艺”。依托AIGC（人工智能生成内容），机器深度学习600多名艺术家的画作，训练出丝巾设计模型，实现定制化设计。明星产品“百蝶谱”系列丝巾，纹样元素来自郎世宁的古画，以罗类提花组织作为底布，以AI数智印花技术实现两面同花异色，呈现出刺绣和织锦般的立体灵动感。
在绵延数千年的传承中，古老丝绸在悄悄改变。
古朴香云纱  勇闯时尚圈
本报记者  姜晓丹
广东佛山市顺德区伦教街道，有着140多年历史的鸣石花园坐落于此。在这座侨商故居里，90后姑娘黄晓彤开了一间香云纱小店。“想让更多年轻人拥有自己的第一件香云纱。”黄晓彤这样介绍小店的愿景。
店铺藏在老宅二楼，五六十平方米，保留建筑原貌，只用软装营造温馨氛围。门口摆放着香云纱的原料薯莨，每有游客好奇驻足，黄晓彤便顺势介绍香云纱“三蒸九煮十八晒”的技艺。
香云纱又名莨纱，是岭南地区一种古老手工织造与植物染整面料，也是罕见的使用纯植物染料染色的真丝绸缎。2008年，香云纱染整技艺入选国家级非物质文化遗产名录。匠人用薯莨的汁水对桑蚕丝织物进行涂层，再用含矿物质的河涌塘泥覆盖，经太阳暴晒加工而成。全程纯手工，阳光、泥土、时间，缺一不可，香云纱也因此被称为“软黄金”。
黄晓彤原本从事景区运营工作，发现游客对香云纱很感兴趣。“大家想体验香云纱，却找不到适合年轻人的款式。”黄晓彤坦言，自己也曾觉得香云纱“偏传统、价位高”，年轻人不敢试、难驾驭。于是她下定决心，要做贴近青年的改良设计，让古朴香云纱勇闯时尚圈。
香云纱直筒裤、半裙、基础衬衫与连衣裙……店内款式简约利落。年轻人询问搭配意见，黄晓彤建议，可混搭T恤、牛仔裤等，穿出日常松弛感。
开店1年多，黄晓彤没有做过什么广告，全靠口碑相传。“不买没关系，先试穿感受。”她的真诚邀约，打动许多犹豫的年轻人。有顾客起初觉得香云纱颜色深沉，上身试穿之后惊艳不已；有人试穿后直接穿着离店，在古宅庭院拍照打卡，香云纱呈现出低调的高级感。
香云纱染整技艺市级非遗代表性传承人、伦教香云纱协会会长周晓刚深耕行业近30年，认可这种探索：“年轻人喜欢，非遗才更有生命力。”他认为，“香云纱的灵魂是非遗技艺，设计可以新潮，工艺不能打折。”在周晓刚看来，香云纱透气凉爽、质感独特，“守住传统，才能守住价值。协会正在推进等级标准制定，让消费者好甄别、放心买。”
一宅藏岁月。百年老屋里，年轻人身着香云纱走过古宅回廊，古老面料与青春审美温柔相遇。黄晓彤以设计为桥，让香云纱从非遗展厅走进日常衣橱；匠人以坚守为基，让传统技艺在创新中代代相传。
艾德莱斯绸  主打新中式
本报记者  尚嵘峥
一条变装短视频，收获点赞近200万次。搭配动感音乐精准转场，博主换上一身华丽的艾德莱斯绸服饰……网友感叹：“像把彩虹穿在身上。”
艾德莱斯绸是新疆特有的一种丝绸，主要产于和田、喀什等地区。这种丝绸色彩明快艳丽，纹样变化繁复，从巴旦木、石榴到羽毛、宝石，再到乐器、茶炉、木梳等，丰富的纹样设计多从自然和生活中汲取灵感。2008年，新疆维吾尔族艾德莱斯绸织染技艺入选国家级非物质文化遗产名录。“艾德莱斯绸织染技艺具有强大的生命力，其传统纹样流传千年仍被大量使用，可见传承的力量。”新疆艾德莱斯研发推广中心常务副主任程应奋说。
“以前的艾德莱斯绸服饰基本上都是宽松的连衣裙和外套，受众群体大多是中老年妇女，市面上少有适合年轻女性和男士的款式。”程应奋介绍，传统的艾德莱斯绸服饰色牢度低、水洗易掉色、易扒丝，加之手工制作价格较贵，曾一度远离年轻人的衣柜。
近年来，一批90后、00后设计师凭借敏锐的时尚嗅觉和扎实的市场调研，综合使用棉、亚麻、牛仔等面料和艾德莱斯绸相结合制作衣服，运用提花、绣花、印花等方式展现纹样，把古老的艾德莱斯绸做成了年轻人喜爱的服饰。
融入国风美学，主打新中式风格的艾德莱斯绸，变身职场风西装、束腰风衣、旗袍、晚礼服、婚纱……2025年9月，亚欧时装周T台上，模特身着的一套套时尚服饰惊艳全场。“我希望设计的不仅仅是一款服饰，更是一种文化的融合。”设计师阿孜古丽·多来提说。
95后裁缝凯迪日耶·柯尤木在伊犁哈萨克自治州伊宁市开了家工作室，专门售卖艾德莱斯绸纹样的马面裙、手提包和发饰。她把艾德莱斯绸纹样印在棉、丝绒、亚麻等面料上，给游客提供多样化选择。
不止于服饰。走进乌鲁木齐金泉商场，杯子、香薰、帆布包……艾德莱斯绸纹样几乎无处不在。到新疆买艾德莱斯绸文创，成为热门打卡项。
“这几年市面上出现了大量使用艾德莱斯绸纹样的衍生品，很多品牌将传统元素融入视觉设计，艾德莱斯绸正逐渐成为一种文化IP（知识产权）。”程应奋说，“越来越多年轻人开始找寻文化归属感，有根的文化更有故事、有内涵。”","# 千年绫罗  织出青春模样（古韵国风  顶流审美）

> 《人民日报》（2026年06月10日第 11 版）

身着国风服饰的潮玩。　　钱数纺织科技有限公司供图

身着国风服饰的潮玩。

钱数纺织科技有限公司供图

浙江湖州市安吉县一家书房内，小朋友在制作宋锦珍珠团扇。　　潘学康摄（人民视觉）

浙江湖州市安吉县一家书房内，小朋友在制作宋锦珍珠团扇。

潘学康摄（人民视觉）

广西梧州市龙圩区一家丝绸制造企业的工人在晾晒香云纱。　　颜桂海摄（影像中国）

广西梧州市龙圩区一家丝绸制造企业的工人在晾晒香云纱。

颜桂海摄（影像中国）

视频博主国翠儿在展示罗衣。　　武  伟摄

视频博主国翠儿在展示罗衣。

武  伟摄

丝绸，源于桑树、取自蚕丝，经精工巧织，得绫罗绸缎。作为中国古代的伟大发明，丝绸既是中式审美的重要载体，也是中华文化的重要符号。

今天的丝绸，有了更为丰富的呈现场景——潮玩娃娃，穿上宋锦织就的国风衣裳；古老香云纱，从阿嬷的最爱，成为时尚单品；曾经小众的艾德莱斯绸，一度远离年轻人的衣柜，如今已是新疆旅途中的热门伴手礼……眼下，古老丝绸正以更为鲜活、青春的模样，拓展广阔的市场空间，走进我们的日常生活，持续焕发时代新彩。

——编  者

潮玩拉布布  宋锦作衣裳

本报记者  顾  春

一排排潮玩Labubu（拉布布），穿着袖珍的国风衣裳，云肩配旗袍、百褶马面裙、宋锦背带裙……走进浙江海宁市钱数纺织科技有限公司展示厅，各色“娃衣”琳琅满目。这些袖珍华服，选用宋锦、香云纱、罗等面料，灯光下，面料上网格状孔眼隐约细密，像退潮后留在沙滩上的美丽波纹。

一家丝绸企业，怎么想起做“娃衣”？“让非遗也赶一波潮流，让潮玩更有底蕴、有魅力。”公司总经理胡鸣一说，起初只是随手做了几件“娃衣”，发在朋友圈，没想到很受欢迎。去年10月，有人找他定制新年“娃衣”，从图纸到成品，10天就交了货。丝绸“娃衣”出圈后，带动公司真丝国风面料月销量突破3万米。

国风面料，创新研发并不容易。比如说传统织物罗，在古代价比黄金。其织法难度高，经线得像拧麻花一样不停扭转，纬线却要保持平行。丝线极细，稍不留神，高速运转的织机就会把丝扯断。如何让这种珍贵面料实现批量生产，走进千家万户？2017年起，公司联合高校攻关，研发出绞罗纺织技术。研发期间，光试验失败用掉的桑蚕丝布料就有近2万米。胡鸣一介绍，传统织机一天只能产六七米布料，公司开发的新织机一天能织出70米。最新研发的“软烟罗”，一件女式上装不到50克，叠起来能塞进火柴盒里。

“在年轻人眼里，国风不是‘老古董’，反而是潮流的代名词。”万事利丝绸产品总监朱燕感触很深，“Z世代愿意为国风买单，但我们不能只卖情怀，而是要拿出审美在线、价格亲民的产品。”

传统非遗讲究慢功夫，绣娘练就一门手艺要数年，古法宋织一天产不下1米。如今传统丝绸与AI（人工智能）结合，有了哪些新的“打开方式”？万事利的探索是，让AI“学艺”。依托AIGC（人工智能生成内容），机器深度学习600多名艺术家的画作，训练出丝巾设计模型，实现定制化设计。明星产品“百蝶谱”系列丝巾，纹样元素来自郎世宁的古画，以罗类提花组织作为底布，以AI数智印花技术实现两面同花异色，呈现出刺绣和织锦般的立体灵动感。

在绵延数千年的传承中，古老丝绸在悄悄改变。

古朴香云纱  勇闯时尚圈

本报记者  姜晓丹

广东佛山市顺德区伦教街道，有着140多年历史的鸣石花园坐落于此。在这座侨商故居里，90后姑娘黄晓彤开了一间香云纱小店。“想让更多年轻人拥有自己的第一件香云纱。”黄晓彤这样介绍小店的愿景。

店铺藏在老宅二楼，五六十平方米，保留建筑原貌，只用软装营造温馨氛围。门口摆放着香云纱的原料薯莨，每有游客好奇驻足，黄晓彤便顺势介绍香云纱“三蒸九煮十八晒”的技艺。

香云纱又名莨纱，是岭南地区一种古老手工织造与植物染整面料，也是罕见的使用纯植物染料染色的真丝绸缎。2008年，香云纱染整技艺入选国家级非物质文化遗产名录。匠人用薯莨的汁水对桑蚕丝织物进行涂层，再用含矿物质的河涌塘泥覆盖，经太阳暴晒加工而成。全程纯手工，阳光、泥土、时间，缺一不可，香云纱也因此被称为“软黄金”。

黄晓彤原本从事景区运营工作，发现游客对香云纱很感兴趣。“大家想体验香云纱，却找不到适合年轻人的款式。”黄晓彤坦言，自己也曾觉得香云纱“偏传统、价位高”，年轻人不敢试、难驾驭。于是她下定决心，要做贴近青年的改良设计，让古朴香云纱勇闯时尚圈。

香云纱直筒裤、半裙、基础衬衫与连衣裙……店内款式简约利落。年轻人询问搭配意见，黄晓彤建议，可混搭T恤、牛仔裤等，穿出日常松弛感。

开店1年多，黄晓彤没有做过什么广告，全靠口碑相传。“不买没关系，先试穿感受。”她的真诚邀约，打动许多犹豫的年轻人。有顾客起初觉得香云纱颜色深沉，上身试穿之后惊艳不已；有人试穿后直接穿着离店，在古宅庭院拍照打卡，香云纱呈现出低调的高级感。

香云纱染整技艺市级非遗代表性传承人、伦教香云纱协会会长周晓刚深耕行业近30年，认可这种探索：“年轻人喜欢，非遗才更有生命力。”他认为，“香云纱的灵魂是非遗技艺，设计可以新潮，工艺不能打折。”在周晓刚看来，香云纱透气凉爽、质感独特，“守住传统，才能守住价值。协会正在推进等级标准制定，让消费者好甄别、放心买。”

一宅藏岁月。百年老屋里，年轻人身着香云纱走过古宅回廊，古老面料与青春审美温柔相遇。黄晓彤以设计为桥，让香云纱从非遗展厅走进日常衣橱；匠人以坚守为基，让传统技艺在创新中代代相传。

艾德莱斯绸  主打新中式

本报记者  尚嵘峥

一条变装短视频，收获点赞近200万次。搭配动感音乐精准转场，博主换上一身华丽的艾德莱斯绸服饰……网友感叹：“像把彩虹穿在身上。”

艾德莱斯绸是新疆特有的一种丝绸，主要产于和田、喀什等地区。这种丝绸色彩明快艳丽，纹样变化繁复，从巴旦木、石榴到羽毛、宝石，再到乐器、茶炉、木梳等，丰富的纹样设计多从自然和生活中汲取灵感。2008年，新疆维吾尔族艾德莱斯绸织染技艺入选国家级非物质文化遗产名录。“艾德莱斯绸织染技艺具有强大的生命力，其传统纹样流传千年仍被大量使用，可见传承的力量。”新疆艾德莱斯研发推广中心常务副主任程应奋说。

“以前的艾德莱斯绸服饰基本上都是宽松的连衣裙和外套，受众群体大多是中老年妇女，市面上少有适合年轻女性和男士的款式。”程应奋介绍，传统的艾德莱斯绸服饰色牢度低、水洗易掉色、易扒丝，加之手工制作价格较贵，曾一度远离年轻人的衣柜。

近年来，一批90后、00后设计师凭借敏锐的时尚嗅觉和扎实的市场调研，综合使用棉、亚麻、牛仔等面料和艾德莱斯绸相结合制作衣服，运用提花、绣花、印花等方式展现纹样，把古老的艾德莱斯绸做成了年轻人喜爱的服饰。

融入国风美学，主打新中式风格的艾德莱斯绸，变身职场风西装、束腰风衣、旗袍、晚礼服、婚纱……2025年9月，亚欧时装周T台上，模特身着的一套套时尚服饰惊艳全场。“我希望设计的不仅仅是一款服饰，更是一种文化的融合。”设计师阿孜古丽·多来提说。

95后裁缝凯迪日耶·柯尤木在伊犁哈萨克自治州伊宁市开了家工作室，专门售卖艾德莱斯绸纹样的马面裙、手提包和发饰。她把艾德莱斯绸纹样印在棉、丝绒、亚麻等面料上，给游客提供多样化选择。

不止于服饰。走进乌鲁木齐金泉商场，杯子、香薰、帆布包……艾德莱斯绸纹样几乎无处不在。到新疆买艾德莱斯绸文创，成为热门打卡项。

“这几年市面上出现了大量使用艾德莱斯绸纹样的衍生品，很多品牌将传统元素融入视觉设计，艾德莱斯绸正逐渐成为一种文化IP（知识产权）。”程应奋说，“越来越多年轻人开始找寻文化归属感，有根的文化更有故事、有内涵。”",,文化,编组_20260611_2245_01,https://paper.people.com.cn/rmrb/pc/content/202606/10/content_30162215.html,2026-06-10,"['香云纱', '德莱斯', '丝绸', '国风', '黄晓彤', '纹样', '年轻人', '面料', '服饰', '娃衣']","身着国风服饰的潮玩。钱数纺织科技有限公司供图
身着国风服饰的潮玩。
钱数纺织科技有限公司供图",政治,series_6561b771,1.0,['这场市集里“藏”着人文经济学（新语）'],data/vault/2026/06/2026-06-10/11-文化/千年绫罗 织出青春模样（古韵国风 顶流审美）.md,11,文化
这场市集里“藏”着人文经济学（新语）,"一站式入手各大文博场馆的“断货王”，是种什么体验？前不久，首届中国新文创市集暨潮玩游园会在北京朝阳公园亮相，故宫博物院、中国国家博物馆等文博机构带来多款“顶流”文创，非遗代表性传承人现场展示花丝镶嵌等工艺，游客直呼过瘾。
传统元素与现代创意相拥、民族特色与审美潮流相融，一场文创市集的热度里，“藏”着人文经济学的宏阔命题。
文物衍生的文创何以带动潮流、融入日常？中华优秀传统文化是富矿，新业态、新场景、新表达则赋予传统文化新的生命力。
国博展位前，为新展览开发的系列文创产品人气很旺，持一枚“闹蛾金钗”VR（虚拟现实）冰箱贴、戴一套嵌珍珠宝石金项链“平替版”，能一窥隋代的历史文化与生活风貌。“‘凤冠’还没焐热，‘李小孩同款’又盯上我的钱包。”游客们一面调侃，一面提前数小时来排队。作为一种文化载体，文创产品吸引消费者的不只是商品属性和审美意象，更在于它能将人们带到特定的历史场景，塑造文化生活的多维空间。古与今对话，雅与潮碰撞，“老祖宗严选”找到了新的“打开方式”，能够带来可观的经济效益，将文化存量转化为消费增量。
聚焦传统文化的消费市场为何爆款频出、活力奔涌？文化自信是根源，需求牵引则是动因。
文化与经济的融合，说到底要突出一个“人”字。出圈的文化产品和服务，往往能准确捕捉人的需求。“越王蒜鸟”毛绒玩偶让松弛感“外挂”，奔放的“马彪彪”略显潦草但很自由……瞄准“悦己消费”“情绪消费”等新趋势，文创产品将传统韵味与消费时尚有机连接，让传统文化可亲可近、焕发生机。
不仅仅是文创市场，文旅市场亦然。去陕西西安大唐不夜城与“李白”对诗，到浙江杭州宋城探访“临安记忆”，国风沉浸式演艺市场的快速扩容，契合游客对“个性化、社交化”深度互动的需求；而在福建泉州，“簪花热”带动“旅拍热”，精准适配年轻人“轻量化、能出片”的消费习惯，一张张照片定格下蟳埔簪花的千年风雅，带动当地餐饮、民宿等多元业态的蓬勃发展。
曾经人们习惯把文化和经济看成两件事。事实上，文化与经济共生共荣。2025年，全国规模以上文化及相关产业企业营业收入超15万亿元，按可比口径计算，比上年增长7.4%——“文火”烹出的“热经济”，加速升温、持续沸腾。写好新时代人文经济学这篇大文章，将更好助力“物质文明和精神文明相得益彰”。
“既要物质富足、也要精神富有，是中国式现代化的崇高追求。”从各类文化市场主体的壮大，到新型文化业态和文化消费模式的培育，今天的中国，文化经济化、经济文化化双向贯通，千年文脉与现代经济相互成就。走出这场热闹市集，以人文经济学视角解码古韵国风，我们会看到什么？——是日常烟火气里，中国式现代化的日新月异；是文化传承发展的漫漫征程上，“两个结合”的不懈探索与广阔空间。","# 这场市集里“藏”着人文经济学（新语）

## ——古韵国风何以成为“顶流审美”观察之二

> 曹怡晴《人民日报》（2026年06月10日第 11 版）

一站式入手各大文博场馆的“断货王”，是种什么体验？前不久，首届中国新文创市集暨潮玩游园会在北京朝阳公园亮相，故宫博物院、中国国家博物馆等文博机构带来多款“顶流”文创，非遗代表性传承人现场展示花丝镶嵌等工艺，游客直呼过瘾。

传统元素与现代创意相拥、民族特色与审美潮流相融，一场文创市集的热度里，“藏”着人文经济学的宏阔命题。

文物衍生的文创何以带动潮流、融入日常？中华优秀传统文化是富矿，新业态、新场景、新表达则赋予传统文化新的生命力。

国博展位前，为新展览开发的系列文创产品人气很旺，持一枚“闹蛾金钗”VR（虚拟现实）冰箱贴、戴一套嵌珍珠宝石金项链“平替版”，能一窥隋代的历史文化与生活风貌。“‘凤冠’还没焐热，‘李小孩同款’又盯上我的钱包。”游客们一面调侃，一面提前数小时来排队。作为一种文化载体，文创产品吸引消费者的不只是商品属性和审美意象，更在于它能将人们带到特定的历史场景，塑造文化生活的多维空间。古与今对话，雅与潮碰撞，“老祖宗严选”找到了新的“打开方式”，能够带来可观的经济效益，将文化存量转化为消费增量。

聚焦传统文化的消费市场为何爆款频出、活力奔涌？文化自信是根源，需求牵引则是动因。

文化与经济的融合，说到底要突出一个“人”字。出圈的文化产品和服务，往往能准确捕捉人的需求。“越王蒜鸟”毛绒玩偶让松弛感“外挂”，奔放的“马彪彪”略显潦草但很自由……瞄准“悦己消费”“情绪消费”等新趋势，文创产品将传统韵味与消费时尚有机连接，让传统文化可亲可近、焕发生机。

不仅仅是文创市场，文旅市场亦然。去陕西西安大唐不夜城与“李白”对诗，到浙江杭州宋城探访“临安记忆”，国风沉浸式演艺市场的快速扩容，契合游客对“个性化、社交化”深度互动的需求；而在福建泉州，“簪花热”带动“旅拍热”，精准适配年轻人“轻量化、能出片”的消费习惯，一张张照片定格下蟳埔簪花的千年风雅，带动当地餐饮、民宿等多元业态的蓬勃发展。

曾经人们习惯把文化和经济看成两件事。事实上，文化与经济共生共荣。2025年，全国规模以上文化及相关产业企业营业收入超15万亿元，按可比口径计算，比上年增长7.4%——“文火”烹出的“热经济”，加速升温、持续沸腾。写好新时代人文经济学这篇大文章，将更好助力“物质文明和精神文明相得益彰”。

“既要物质富足、也要精神富有，是中国式现代化的崇高追求。”从各类文化市场主体的壮大，到新型文化业态和文化消费模式的培育，今天的中国，文化经济化、经济文化化双向贯通，千年文脉与现代经济相互成就。走出这场热闹市集，以人文经济学视角解码古韵国风，我们会看到什么？——是日常烟火气里，中国式现代化的日新月异；是文化传承发展的漫漫征程上，“两个结合”的不懈探索与广阔空间。",曹怡晴,文化,编组_20260611_2245_01,https://paper.people.com.cn/rmrb/pc/content/202606/10/content_30162216.html,2026-06-10,"['文化', '文创', '市集', '人文', '传统', '消费', '业态', '经济学', '经济', '簪花']","一站式入手各大文博场馆的“断货王”，是种什么体验？前不久，首届中国新文创市集暨潮玩游园会在北京朝阳公园亮相，故宫博物院、中国国家博物馆等文博机构带来多款“顶流”文创，非遗代表性传承人现场展示花丝镶嵌等工艺，游客直呼过瘾。
传统元素与现代创意相拥、民族特色与审美潮流相融，一场文创市集的热度里，“藏”着人文经济学的宏阔命题。
文物衍生的文创何以带动潮流、融入日常？中华优秀传统文化是富矿，新业态、新场景、新表达则赋予传统文化新的生命力。",政治,series_6561b771,2.0,['千年绫罗  织出青春模样（古韵国风  顶流审美）'],data/vault/2026/06/2026-06-10/11-文化/这场市集里“藏”着人文经济学（新语）.md,11,文化
要加强非物质文化遗产保护和传承 积极培养传承人 让非物质文化遗产绽放出更加迷人的光彩,,"# 要加强非物质文化遗产保护和传承 积极培养传承人 让非物质文化遗产绽放出更加迷人的光彩

> 《人民日报》（2026年06月10日第 12 版）",,广告,,https://paper.people.com.cn/rmrb/pc/content/202606/10/content_30162301.html,2026-06-10,"['文化遗产', '传承', '物质', '绽放', '迷人', '光彩', '培养', '保护', '加强', '更加']",,文化,,,[],data/vault/2026/06/2026-06-10/12-广告/要加强非物质文化遗产保护和传承 积极培养传承人 让非物质文化遗产绽放出更加迷人的光彩.md,12,广告
高校毕业生，请收下这份入职攻略（服务窗·迈向社会第一步）,"又是一年毕业季，许多学子告别校园，迈向新阶段。从象牙塔走向社会，身份的转变是第一道“关卡”。本版今起推出“服务窗·迈向社会第一步”栏目，聚焦就业、租房、转递人事档案等高校毕业生关心的话题，助力他们走好关键一步。
怀揣梦想踏入职场的毕业生，面对劳动合同、试用期、“五险一金”等，需要注意哪些事项？哪些细节容易忽略？如何更好地保护自己的劳动权益？
——编  者
务必注意劳动合同里的细节
什么是劳动合同？湖北工业大学就业指导老师刘雪姣解释：“劳动合同是‘正式用工凭证’，涉及上班、工资、休假、社保等在职事宜。”劳动合同为劳动者与用人单位为确立劳动关系而签订，受劳动法、劳动合同法保护。
湖北省人社厅劳动关系处处长韩红新进一步介绍，劳动合同一般在毕业生正式入职后一个月内签订，主要包括工作内容、薪资、社保、工时等具体权利义务。
人社部门提醒广大毕业生，与用人单位签订劳动合同时务必留意细节，关注合同条文中的具体表述，谨防用人单位的不规范操作。
“毕业生务必在签字前逐字逐句审阅所有条款，切勿签署空白劳动合同。”韩红新说，按照法律规定，劳动合同必须具备合同期限、工作内容和工作地点、工作时间和休息休假、劳动报酬、社会保险等内容，毕业生需重点审核。
切勿轻信口头承诺，用人单位单方的口头约定如果未落实到书面合同中，一旦发生争议，难以举证；不要忽视合同细节，对空白合同、条款模糊的合同不加审查就签字，将为日后纠纷埋下隐患。
还要警惕“阴阳合同”，即一份低薪合同用于应付检查，另一份约定实际薪资，这将导致社保、公积金、加班费、经济补偿金等计算基数降低，维权时举证困难。
签合同时要重点审核工作内容和地点，避免“从事相关工作”“根据公司需要安排”等模糊表述，防止被随意调岗或变更工作地点。
试用期不等于“白用期”
试用期不等于“白用期”，如果遇到用人单位以“试用期”为名，不签劳动合同、不缴社保、随意约定工资，甚至随意开除员工等情况，毕业生可通过法律手段维权。
2024年6月17日，杨某入职某科技公司任销售，双方签订为期3年的书面劳动合同，并约定了3个月的试用期。9月10日，该公司以杨某无法达到考勤要求、无法胜任销售岗位等理由，向杨某发出解除劳动合同通知。杨某向劳动争议仲裁委员会申请仲裁，仲裁委裁决该公司应向杨某支付违法解除劳动合同赔偿金，公司不服诉至武汉东湖新技术开发区人民法院。
法院经审理认定，该公司并未提供公司管理制度依据，证明迟到、请假达到何种程度则可以解除劳动合同，且在解除劳动合同前从未因杨某迟到、请假而提出书面警告。劳动合同法规定，劳动者不能胜任工作，经过培训或者调整工作岗位，仍不能胜任工作的，用人单位提前30日以书面形式通知劳动者本人或者额外支付劳动者一个月工资后，可以解除劳动合同。而该公司作出解除劳动合同决定之前并未对杨某进行培训或调岗，故其解除劳动合同的行为缺乏法律依据，应向杨某支付违法解除劳动合同赔偿金。
按照劳动合同法规定，试用期的工资不得低于本单位相同岗位最低档工资的80%或者劳动合同约定工资的80%，并不得低于用人单位所在地的最低工资标准。同一用人单位与同一劳动者只能约定一次试用期。毕业生必须与用人单位明确约定依法缴纳社保，警惕任何“试用期不缴”或“以补贴代替”的说法。
遇到纠纷主动维权
专家提醒，劳动合同中的常见无效条款有：限制基本人权如“合同期内不得结婚、生育”，要求放弃法定权利如“自愿放弃缴纳社保”“自愿放弃加班费”，以及违法设定除劳动合同法规定情形之外的违约金、要求提供押金或扣押证件等。
毕业生若遇到劳动纠纷，可通过多种方式维权，例如，尝试与用人单位的人力资源部门或负责人进行理性沟通，明确提出诉求和法律依据；可向用人单位所在地的区（县）级劳动保障监察机构投诉举报，请求行政机关介入调查处理；毕业生与用人单位发生劳动争议，可向劳动争议仲裁委员会申请仲裁，对仲裁裁决不服，可以在收到裁决书之日起15日内向人民法院提起诉讼。
如今，不少学校为学生提供就业相关指导。湖北工业大学材料与化学工程学院毕业生宋梦蝶一路“过关斩将”，成功签约一家化工企业。回顾求职历程，学院老师的专业指导让她受益匪浅，“刚开始找工作的时候，老师就为我们整理了一整套材料，包括就业政策解读、签约注意事项、维权须知等内容，帮我们熟悉签约全流程。”
为加强毕业生的劳动权益保障，近年来，湖北省各级人社部门充分利用“人社惠民政策进万家”活动，在毕业季等关键节点，广泛宣传劳动法律法规，提升毕业生的法律意识和自我保护能力；开展清理整顿人力资源市场秩序专项行动，依法打击虚假招聘、“培训贷”、“招转培”、滥用试用期等违法行为；同时，确保劳动保障监察、劳动争议仲裁等维权渠道高效畅通，对侵害毕业生权益的违法行为做到有诉必理、有案必查。
链接
“五险一金”都有啥
“五险一金”包括啥？具体如何缴纳？记者从人力资源社会保障部了解到，“五险一金”是指社会保险和住房公积金。社会保险中，养老保险指为员工退休后的生活提供资金支持的保险；医疗保险用于支付员工的医疗费用，包括住院、门诊、购药等；失业保险能够为失业的员工提供一定期限内的生活保障；工伤保险用于支付员工在工作中发生事故或患职业病时的医疗费用和工伤待遇；生育保险为员工提供生育津贴及产前、产后医疗保障。住房公积金则是为员工购房、租房提供资金支持的制度。
具体的“五险一金”缴纳比例，需要根据劳动者所在地区具体政策来确定。在签订劳动合同前，建议劳动者与公司或相关部门核实“五险一金”相关政策和比例。
（本报记者邱超奕整理）","# 高校毕业生，请收下这份入职攻略（服务窗·迈向社会第一步）

> 本报记者  范昊天《人民日报》（2026年06月10日第 13 版）

又是一年毕业季，许多学子告别校园，迈向新阶段。从象牙塔走向社会，身份的转变是第一道“关卡”。本版今起推出“服务窗·迈向社会第一步”栏目，聚焦就业、租房、转递人事档案等高校毕业生关心的话题，助力他们走好关键一步。

怀揣梦想踏入职场的毕业生，面对劳动合同、试用期、“五险一金”等，需要注意哪些事项？哪些细节容易忽略？如何更好地保护自己的劳动权益？

——编  者

务必注意劳动合同里的细节

什么是劳动合同？湖北工业大学就业指导老师刘雪姣解释：“劳动合同是‘正式用工凭证’，涉及上班、工资、休假、社保等在职事宜。”劳动合同为劳动者与用人单位为确立劳动关系而签订，受劳动法、劳动合同法保护。

湖北省人社厅劳动关系处处长韩红新进一步介绍，劳动合同一般在毕业生正式入职后一个月内签订，主要包括工作内容、薪资、社保、工时等具体权利义务。

人社部门提醒广大毕业生，与用人单位签订劳动合同时务必留意细节，关注合同条文中的具体表述，谨防用人单位的不规范操作。

“毕业生务必在签字前逐字逐句审阅所有条款，切勿签署空白劳动合同。”韩红新说，按照法律规定，劳动合同必须具备合同期限、工作内容和工作地点、工作时间和休息休假、劳动报酬、社会保险等内容，毕业生需重点审核。

切勿轻信口头承诺，用人单位单方的口头约定如果未落实到书面合同中，一旦发生争议，难以举证；不要忽视合同细节，对空白合同、条款模糊的合同不加审查就签字，将为日后纠纷埋下隐患。

还要警惕“阴阳合同”，即一份低薪合同用于应付检查，另一份约定实际薪资，这将导致社保、公积金、加班费、经济补偿金等计算基数降低，维权时举证困难。

签合同时要重点审核工作内容和地点，避免“从事相关工作”“根据公司需要安排”等模糊表述，防止被随意调岗或变更工作地点。

试用期不等于“白用期”

试用期不等于“白用期”，如果遇到用人单位以“试用期”为名，不签劳动合同、不缴社保、随意约定工资，甚至随意开除员工等情况，毕业生可通过法律手段维权。

2024年6月17日，杨某入职某科技公司任销售，双方签订为期3年的书面劳动合同，并约定了3个月的试用期。9月10日，该公司以杨某无法达到考勤要求、无法胜任销售岗位等理由，向杨某发出解除劳动合同通知。杨某向劳动争议仲裁委员会申请仲裁，仲裁委裁决该公司应向杨某支付违法解除劳动合同赔偿金，公司不服诉至武汉东湖新技术开发区人民法院。

法院经审理认定，该公司并未提供公司管理制度依据，证明迟到、请假达到何种程度则可以解除劳动合同，且在解除劳动合同前从未因杨某迟到、请假而提出书面警告。劳动合同法规定，劳动者不能胜任工作，经过培训或者调整工作岗位，仍不能胜任工作的，用人单位提前30日以书面形式通知劳动者本人或者额外支付劳动者一个月工资后，可以解除劳动合同。而该公司作出解除劳动合同决定之前并未对杨某进行培训或调岗，故其解除劳动合同的行为缺乏法律依据，应向杨某支付违法解除劳动合同赔偿金。

按照劳动合同法规定，试用期的工资不得低于本单位相同岗位最低档工资的80%或者劳动合同约定工资的80%，并不得低于用人单位所在地的最低工资标准。同一用人单位与同一劳动者只能约定一次试用期。毕业生必须与用人单位明确约定依法缴纳社保，警惕任何“试用期不缴”或“以补贴代替”的说法。

遇到纠纷主动维权

专家提醒，劳动合同中的常见无效条款有：限制基本人权如“合同期内不得结婚、生育”，要求放弃法定权利如“自愿放弃缴纳社保”“自愿放弃加班费”，以及违法设定除劳动合同法规定情形之外的违约金、要求提供押金或扣押证件等。

毕业生若遇到劳动纠纷，可通过多种方式维权，例如，尝试与用人单位的人力资源部门或负责人进行理性沟通，明确提出诉求和法律依据；可向用人单位所在地的区（县）级劳动保障监察机构投诉举报，请求行政机关介入调查处理；毕业生与用人单位发生劳动争议，可向劳动争议仲裁委员会申请仲裁，对仲裁裁决不服，可以在收到裁决书之日起15日内向人民法院提起诉讼。

如今，不少学校为学生提供就业相关指导。湖北工业大学材料与化学工程学院毕业生宋梦蝶一路“过关斩将”，成功签约一家化工企业。回顾求职历程，学院老师的专业指导让她受益匪浅，“刚开始找工作的时候，老师就为我们整理了一整套材料，包括就业政策解读、签约注意事项、维权须知等内容，帮我们熟悉签约全流程。”

为加强毕业生的劳动权益保障，近年来，湖北省各级人社部门充分利用“人社惠民政策进万家”活动，在毕业季等关键节点，广泛宣传劳动法律法规，提升毕业生的法律意识和自我保护能力；开展清理整顿人力资源市场秩序专项行动，依法打击虚假招聘、“培训贷”、“招转培”、滥用试用期等违法行为；同时，确保劳动保障监察、劳动争议仲裁等维权渠道高效畅通，对侵害毕业生权益的违法行为做到有诉必理、有案必查。

链接

“五险一金”都有啥

“五险一金”包括啥？具体如何缴纳？记者从人力资源社会保障部了解到，“五险一金”是指社会保险和住房公积金。社会保险中，养老保险指为员工退休后的生活提供资金支持的保险；医疗保险用于支付员工的医疗费用，包括住院、门诊、购药等；失业保险能够为失业的员工提供一定期限内的生活保障；工伤保险用于支付员工在工作中发生事故或患职业病时的医疗费用和工伤待遇；生育保险为员工提供生育津贴及产前、产后医疗保障。住房公积金则是为员工购房、租房提供资金支持的制度。

具体的“五险一金”缴纳比例，需要根据劳动者所在地区具体政策来确定。在签订劳动合同前，建议劳动者与公司或相关部门核实“五险一金”相关政策和比例。

（本报记者邱超奕整理）",范昊天,社会,,https://paper.people.com.cn/rmrb/pc/content/202606/10/content_30162223.html,2026-06-10,"['劳动合同', '毕业生', '试用期', '用人单位', '劳动', '五险', '一金', '解除', '劳动者', '维权']","又是一年毕业季，许多学子告别校园，迈向新阶段。从象牙塔走向社会，身份的转变是第一道“关卡”。本版今起推出“服务窗·迈向社会第一步”栏目，聚焦就业、租房、转递人事档案等高校毕业生关心的话题，助力他们走好关键一步。
怀揣梦想踏入职场的毕业生，面对劳动合同、试用期、“五险一金”等，需要注意哪些事项？哪些细节容易忽略？如何更好地保护自己的劳动权益？
——编  者",政治,,,[],data/vault/2026/06/2026-06-10/13-社会/高校毕业生，请收下这份入职攻略（服务窗·迈向社会第一步）.md,13,社会
广西已有超四成适龄女孩免费接种HPV疫苗,"本报南宁6月9日电  （记者张云河）记者从广西壮族自治区卫生健康委获悉：自2025年11月HPV（人乳头瘤病毒）疫苗纳入国家免疫规划后，目前广西已有超四成适龄女孩免费接种HPV疫苗。
按照HPV疫苗纳入国家免疫规划的相关安排，2011年11月10日后出生、满13周岁未接种过HPV疫苗的女孩都可以免费接种免疫规划HPV疫苗。当前纳入国家免疫规划免费接种的HPV疫苗是国产双价HPV疫苗，安全性经过药监部门的充分验证。使用该疫苗接种需要2剂次，第一剂与第二剂间隔6个月，且应在12个月内完成全程接种。
广西扎实推进HPV疫苗纳入国家免疫规划落地实施，卫生健康、疾控、教育等部门联动发力，持续强化科普宣传，依托乡镇卫生院、社区卫生服务中心推行周末接种、专场接种等便民服务。截至2026年5月底，全区适龄女孩免疫规划HPV疫苗接种率为44.61%。","# 广西已有超四成适龄女孩免费接种HPV疫苗

> 《人民日报》（2026年06月10日第 13 版）

本报南宁6月9日电  （记者张云河）记者从广西壮族自治区卫生健康委获悉：自2025年11月HPV（人乳头瘤病毒）疫苗纳入国家免疫规划后，目前广西已有超四成适龄女孩免费接种HPV疫苗。

按照HPV疫苗纳入国家免疫规划的相关安排，2011年11月10日后出生、满13周岁未接种过HPV疫苗的女孩都可以免费接种免疫规划HPV疫苗。当前纳入国家免疫规划免费接种的HPV疫苗是国产双价HPV疫苗，安全性经过药监部门的充分验证。使用该疫苗接种需要2剂次，第一剂与第二剂间隔6个月，且应在12个月内完成全程接种。

广西扎实推进HPV疫苗纳入国家免疫规划落地实施，卫生健康、疾控、教育等部门联动发力，持续强化科普宣传，依托乡镇卫生院、社区卫生服务中心推行周末接种、专场接种等便民服务。截至2026年5月底，全区适龄女孩免疫规划HPV疫苗接种率为44.61%。",,社会,,https://paper.people.com.cn/rmrb/pc/content/202606/10/content_30162228.html,2026-06-10,"['HPV', '疫苗', '接种', '免疫', '规划', '适龄', '女孩', '免费', '纳入', '11']","本报南宁6月9日电  （记者张云河）记者从广西壮族自治区卫生健康委获悉：自2025年11月HPV（人乳头瘤病毒）疫苗纳入国家免疫规划后，目前广西已有超四成适龄女孩免费接种HPV疫苗。
按照HPV疫苗纳入国家免疫规划的相关安排，2011年11月10日后出生、满13周岁未接种过HPV疫苗的女孩都可以免费接种免疫规划HPV疫苗。当前纳入国家免疫规划免费接种的HPV疫苗是国产双价HPV疫苗，安全性经过药监部门的充分验证。使用该疫苗接种需要2剂次，第一剂与第二剂间隔6个月，且应在12个月内完成全程接种。
广西扎实推进HPV疫苗纳入国家免疫规划落地实施，卫生健康、疾控、教育等部门联动发力，持续强化科普宣传，依托乡镇卫生院、社区卫生服务中心推行周末接种、专场接种等便民服务。截至2026年5月底，全区适龄女孩免疫规划HPV疫苗接种率为44.61%。",政治,,,[],data/vault/2026/06/2026-06-10/13-社会/广西已有超四成适龄女孩免费接种HPV疫苗.md,13,社会
运行60年，这条渠更年轻（美丽中国）,"图为京密引水渠。贾伟峰摄
图为京密引水渠。
贾伟峰摄
出密云水库、经怀柔水库，在水工建筑物调引下，京密引水渠引汩汩清水，汇入位于北京颐和园内的团城湖。
这是一条首都“输水大动脉”。自1966年建成通水以来，一渠清水连通密云水库和北京城区，60年累计供水超过237亿立方米。
渠与城交融，解渴渠也是生态渠
铺开地图，北京市京密引水管理处副主任郝丽娟讲起这条渠的故事：“北京地势西北高、东南低，‘大水缸’密云水库、怀柔水库在北边，永定河从西边流过，中间城区一度缺水喝，京密引水渠就是要把密云水库的水引到城中。”
工作30多年，郝丽娟熟悉这里的山山水水。“从农业灌溉、工业供水，再到生活用水、生态补水并重，这条引水渠的功能跟着北京的发展而变化。”她说。
上世纪60年代，北京用水量攀升，然而密云水库“有水在库，无渠入城”，建设引水渠的规划开始实施。1960年11月，一期工程修建指挥部抽调约5万人，逢山凿渠、遇沟填方，1961年一期工程建成，1966年二期工程通水，110余公里长的京密引水渠，成为当时全国规模较大的人工输水渠道之一。
郝丽娟拿出一张张黑白照片，画面记录着那段艰苦奋斗的岁月——缺少机器设备，靠人工凿石挖渠；没有车辆，几人一组，肩挑手抬运土石……修渠队伍克服各种困难，铺架一条畅通水渠。
通水后，京密引水渠里的水是农田的“灌溉水”、车间的“生产水”。
北京市京密引水管理处怀柔水库管理所所长杨卫平讲起这条渠的变化，娓娓道来：最初，引水渠沿线分布60多个农业分水口，主要用于周边农业灌溉。上世纪70年代又为燕山石化等工厂供水，成为支撑城市发展的重要水源。21世纪以来，随着北京产业结构调整，引水渠陆续停止农业、工业供水。
2014年，南水北调中线一期工程正式通水。“南水”入京后，京密引水渠承担起水源调配、输水供水的任务。
郝丽娟介绍，“南水”进京的第一站——惠南庄泵站在城西南，“储水缸”密云水库在城东北。“南水”来到团城湖中转，再通过京密引水渠上的9级泵站加压，继续北上爬升133米入密云水库。存起来的“南水”能科学调配、调丰补枯，如今，“南水”占北京城区供水八成以上，自来水硬度显著下降。监测数据显示，怀柔水库流域及京密引水渠沿线已记录鱼类50余种、鸟类40余种、大型水生植物30余种。
脉与源连通，一条渠融入大水网
夏日，密云水库碧波荡漾。不远处的京密引水渠渠首，龚庄子进水闸，闸门抬升，清水涌入渠道。
近日，北京多流域生态补水完成，为创建高品质滨水空间、建设幸福河湖提供了有力支撑。北京市京密引水管理处调度运行科科长毛富增介绍：“京密引水渠是调配密云水库水源的主力军，在生态补水中发挥了关键作用。”
美丽北京，清水沁润。高效生态补水的背后，是“一主绘织五网”的水网工程互联互通和水资源精细调度。
北京市水务局有关负责人介绍，水网主骨架由“五脉、四路、九源、多点”组成。“五脉”指永定河、潮白河、北运河、大清河、蓟运河等五大河流，“九源”指密云、官厅、怀柔、白河堡等4座地表水库以及5处地下水储备区。多工程配合、多水源调配，多重效益不断释放。
京密引水渠成为北京水网的一部分。郝丽娟介绍，把潮白河、北运河之“脉”，跟密云、怀柔等水库之“源”连通，京密引水渠在保障首都供水的同时，能为19条河流、桃峪口水库等4座水库提供生态补水。
一张水网互联互通，水生态环境向好。当前，北京河湖健康水体超九成，水土保持率提高到90%以上。
这张水网更“聪慧”。水网连互联网、水库连数据库，曾经的土渠、土坝，向数字化升级。
杨卫平记得，1988年刚参加工作那会儿，巡渠靠双腿，护坝靠双眼，耗时耗力。现在，老杨嘴里说的都是新词：移动雷达波、全自动缆道……“就拿怀柔水库大坝来说，建设年代早，又是土石坝。现在大坝装上了传感器，渗水、承压情况看得一清二楚。”杨卫平说。
自动化监测系统、雨水情遥测系统、视频监控网络……一批新技术的应用，让这条历经风雨的水渠变得更现代、更年轻。
树与花辉映，输水线成了风景线
一渠清水，花墙相伴。
位于北京顺义区的京密引水渠李家史山段，蔷薇、月季交织成花墙，人们骑行、遛弯、跑步，享受休闲乐趣。
北京市京密引水管理处水环境管理科副科长刘阳自豪地说：“滨水空间绿化美化工程已经完工，水渠一路繁花相伴。”
护水为何要种花？刘阳解释，引水渠是一级水源保护区，从外到里，先是防护林，再是巡堤路，最内侧是金属防护网。“绿化也要彩化，既能防风固土，还能让大伙儿多个好去处。”刘阳说。
山林段、郊野段、城区段，风貌各不同。昌平段搭配花木和地被，突出自然野趣；怀顺段6公里一路串联村庄和公园……“接下来，我们计划改善防护林树种单一的情况，形成上有林绿、中有花墙、下有地被的立体‘水岸花园’。”刘阳说。同时，开展水文化进课堂主题志愿服务活动以及节水教育，水渠的“文化味”也越来越浓。
从修建运行到接入南水北调大水网，京密引水渠与一座城的治水史密切相连。“守好首都‘输水大动脉’，守好生态环境，让一渠清水的社会价值、生态价值、文化价值更好发挥，助力城市高质量发展。”郝丽娟说。","### 京密引水渠供水超237亿立方米，应用一批新技术

# 运行60年，这条渠更年轻（美丽中国）

> 本报记者  王  浩《人民日报》（2026年06月10日第 14 版）

图为京密引水渠。　　贾伟峰摄

图为京密引水渠。

贾伟峰摄

出密云水库、经怀柔水库，在水工建筑物调引下，京密引水渠引汩汩清水，汇入位于北京颐和园内的团城湖。

这是一条首都“输水大动脉”。自1966年建成通水以来，一渠清水连通密云水库和北京城区，60年累计供水超过237亿立方米。

渠与城交融，解渴渠也是生态渠

铺开地图，北京市京密引水管理处副主任郝丽娟讲起这条渠的故事：“北京地势西北高、东南低，‘大水缸’密云水库、怀柔水库在北边，永定河从西边流过，中间城区一度缺水喝，京密引水渠就是要把密云水库的水引到城中。”

工作30多年，郝丽娟熟悉这里的山山水水。“从农业灌溉、工业供水，再到生活用水、生态补水并重，这条引水渠的功能跟着北京的发展而变化。”她说。

上世纪60年代，北京用水量攀升，然而密云水库“有水在库，无渠入城”，建设引水渠的规划开始实施。1960年11月，一期工程修建指挥部抽调约5万人，逢山凿渠、遇沟填方，1961年一期工程建成，1966年二期工程通水，110余公里长的京密引水渠，成为当时全国规模较大的人工输水渠道之一。

郝丽娟拿出一张张黑白照片，画面记录着那段艰苦奋斗的岁月——缺少机器设备，靠人工凿石挖渠；没有车辆，几人一组，肩挑手抬运土石……修渠队伍克服各种困难，铺架一条畅通水渠。

通水后，京密引水渠里的水是农田的“灌溉水”、车间的“生产水”。

北京市京密引水管理处怀柔水库管理所所长杨卫平讲起这条渠的变化，娓娓道来：最初，引水渠沿线分布60多个农业分水口，主要用于周边农业灌溉。上世纪70年代又为燕山石化等工厂供水，成为支撑城市发展的重要水源。21世纪以来，随着北京产业结构调整，引水渠陆续停止农业、工业供水。

2014年，南水北调中线一期工程正式通水。“南水”入京后，京密引水渠承担起水源调配、输水供水的任务。

郝丽娟介绍，“南水”进京的第一站——惠南庄泵站在城西南，“储水缸”密云水库在城东北。“南水”来到团城湖中转，再通过京密引水渠上的9级泵站加压，继续北上爬升133米入密云水库。存起来的“南水”能科学调配、调丰补枯，如今，“南水”占北京城区供水八成以上，自来水硬度显著下降。监测数据显示，怀柔水库流域及京密引水渠沿线已记录鱼类50余种、鸟类40余种、大型水生植物30余种。

脉与源连通，一条渠融入大水网

夏日，密云水库碧波荡漾。不远处的京密引水渠渠首，龚庄子进水闸，闸门抬升，清水涌入渠道。

近日，北京多流域生态补水完成，为创建高品质滨水空间、建设幸福河湖提供了有力支撑。北京市京密引水管理处调度运行科科长毛富增介绍：“京密引水渠是调配密云水库水源的主力军，在生态补水中发挥了关键作用。”

美丽北京，清水沁润。高效生态补水的背后，是“一主绘织五网”的水网工程互联互通和水资源精细调度。

北京市水务局有关负责人介绍，水网主骨架由“五脉、四路、九源、多点”组成。“五脉”指永定河、潮白河、北运河、大清河、蓟运河等五大河流，“九源”指密云、官厅、怀柔、白河堡等4座地表水库以及5处地下水储备区。多工程配合、多水源调配，多重效益不断释放。

京密引水渠成为北京水网的一部分。郝丽娟介绍，把潮白河、北运河之“脉”，跟密云、怀柔等水库之“源”连通，京密引水渠在保障首都供水的同时，能为19条河流、桃峪口水库等4座水库提供生态补水。

一张水网互联互通，水生态环境向好。当前，北京河湖健康水体超九成，水土保持率提高到90%以上。

这张水网更“聪慧”。水网连互联网、水库连数据库，曾经的土渠、土坝，向数字化升级。

杨卫平记得，1988年刚参加工作那会儿，巡渠靠双腿，护坝靠双眼，耗时耗力。现在，老杨嘴里说的都是新词：移动雷达波、全自动缆道……“就拿怀柔水库大坝来说，建设年代早，又是土石坝。现在大坝装上了传感器，渗水、承压情况看得一清二楚。”杨卫平说。

自动化监测系统、雨水情遥测系统、视频监控网络……一批新技术的应用，让这条历经风雨的水渠变得更现代、更年轻。

树与花辉映，输水线成了风景线

一渠清水，花墙相伴。

位于北京顺义区的京密引水渠李家史山段，蔷薇、月季交织成花墙，人们骑行、遛弯、跑步，享受休闲乐趣。

北京市京密引水管理处水环境管理科副科长刘阳自豪地说：“滨水空间绿化美化工程已经完工，水渠一路繁花相伴。”

护水为何要种花？刘阳解释，引水渠是一级水源保护区，从外到里，先是防护林，再是巡堤路，最内侧是金属防护网。“绿化也要彩化，既能防风固土，还能让大伙儿多个好去处。”刘阳说。

山林段、郊野段、城区段，风貌各不同。昌平段搭配花木和地被，突出自然野趣；怀顺段6公里一路串联村庄和公园……“接下来，我们计划改善防护林树种单一的情况，形成上有林绿、中有花墙、下有地被的立体‘水岸花园’。”刘阳说。同时，开展水文化进课堂主题志愿服务活动以及节水教育，水渠的“文化味”也越来越浓。

从修建运行到接入南水北调大水网，京密引水渠与一座城的治水史密切相连。“守好首都‘输水大动脉’，守好生态环境，让一渠清水的社会价值、生态价值、文化价值更好发挥，助力城市高质量发展。”郝丽娟说。",王  浩,生态,,https://paper.people.com.cn/rmrb/pc/content/202606/10/content_30162230.html,2026-06-10,"['引水渠', '京密', '密云水库', '水网', '郝丽娟', '怀柔水库', '南水', '供水', '北京', '生态']","图为京密引水渠。贾伟峰摄
图为京密引水渠。
贾伟峰摄",社会,,,[],data/vault/2026/06/2026-06-10/14-生态/运行60年，这条渠更年轻（美丽中国）.md,14,生态
劲牌“出海”再起航  创新“草本科技”，打造“全球品牌”,"劲牌有限公司（简称“劲牌”）持续深耕大健康领域，坚持打造具有健康内涵的产品及服务。自1953年建厂以来，劲牌逐步形成保健酒、草本白酒、中药业三大业务板块，在传承中医药文化的基础上创新“草本科技”，产品远销全球30多个国家和地区。
5月13日至14日，劲牌首届国际营销商大会在湖南省张家界市举办。劲牌将2026年定为“国际业务再起航之年”，明确企业发展由“产品出海”转向“品牌出海”，迈向品牌输出和文化输出的全新阶段。
40余年“出海”路：逐步深化全球市场布局
劲牌的国际化发展历程，是中国酒业开拓海外市场的生动缩影。早在1982年，劲牌产品便出口至东南亚多个国家，拉开企业“出海”序幕。
2013年，劲牌成立海外营销部，从“贸易”走向“营销”，并于2015年将海外营销部升级为国际营销事业部，把海外业务作为企业战略业务进行培育。2016年起，劲牌持续拓展海外市场，国际化规模进一步扩大。截至目前，劲牌产品已覆盖亚洲、非洲、欧洲、美洲的37个国家和地区，形成了东南亚市场稳步领跑、非洲市场迅速增长、欧美市场逐步渗透的发展格局。
近年来，劲牌产品屡次在大型国际烈酒赛事中获奖：2023年，劲牌养生一号斩获旧金山世界烈酒大赛、布鲁塞尔国际烈酒大赛双料金奖；2025年，毛铺草本酒荣膺WSEAC世界烈酒精品大赛金奖。
如今，劲牌产品已借助越来越多国际专业大赛的舞台，被越来越多的海外消费者认可和青睐。
战略升级再起航：从“产品出海”到“品牌出海”
劲牌的国际化不仅是让产品走出去，更是让品牌和文化走出去。这需要构建消费者对产品和品牌的信任，从而实现“出海”模式转型升级。
从1982年“启航”到2016年“远航”，再到2026年“再起航”，伴随海外市场环境变化，劲牌不断迭代升级“出海”模式。早期的传统贸易模式，侧重渠道覆盖但品牌建设不足；后来的系统化营销模式，更聚焦品牌策划、市场运营与产品定制。
战略转型成效已在海外市场得到验证。在东南亚市场，劲牌凭借毛铺草本酒等核心产品，以差异化的产品利益点和持之以恒的优质服务，成功运维多家本地连锁门店，让用户接纳、爱上劲牌产品。
2026年，劲牌确立“出海”新航向，从“卖产品”的贸易型思维转向“品牌出海”“深耕用户”的深度运营型思维。未来，劲牌将进一步强化海外消费者的品牌认知，从贸易合作转向生态共建、品牌共赢，为打造“全球品牌”筑牢体系支撑。
创新“草本科技”：筑牢品牌技术根基
劲牌的企业愿景是“致力于成为世界一流的健康产品企业”。为此，劲牌坚持传承中医药文化，通过创新“草本科技”，将中药指纹图谱技术和科学提取技术运用于产品生产，构筑产品竞争优势。
劲牌每年将不少于3%的销售收入用于科技研发及产品优化升级，建有国家企业技术中心、博士后科研工作站、中国轻工业露酒工程技术研究中心等12个科研创新平台，并与多家世界一流科研团队合作攻关，为品牌国际化发展筑牢技术根基。同时，劲牌坚持以用户为中心，用“草本科技”夯实产品品质基石，追求产品的健康内涵与价值。
2026年，劲牌“出海”再起航，以草本为纽带，以科技为支撑，以文化为内核，持续深耕全球市场，传播好中国酒文化与中医药文化，书写品牌国际化发展新篇章。
数据来源：劲牌有限公司","### “致力于成为世界一流的健康产品企业”

# 劲牌“出海”再起航  创新“草本科技”，打造“全球品牌”

> 《人民日报》（2026年06月10日第 14 版）

劲牌有限公司（简称“劲牌”）持续深耕大健康领域，坚持打造具有健康内涵的产品及服务。自1953年建厂以来，劲牌逐步形成保健酒、草本白酒、中药业三大业务板块，在传承中医药文化的基础上创新“草本科技”，产品远销全球30多个国家和地区。

5月13日至14日，劲牌首届国际营销商大会在湖南省张家界市举办。劲牌将2026年定为“国际业务再起航之年”，明确企业发展由“产品出海”转向“品牌出海”，迈向品牌输出和文化输出的全新阶段。

40余年“出海”路：逐步深化全球市场布局

劲牌的国际化发展历程，是中国酒业开拓海外市场的生动缩影。早在1982年，劲牌产品便出口至东南亚多个国家，拉开企业“出海”序幕。

2013年，劲牌成立海外营销部，从“贸易”走向“营销”，并于2015年将海外营销部升级为国际营销事业部，把海外业务作为企业战略业务进行培育。2016年起，劲牌持续拓展海外市场，国际化规模进一步扩大。截至目前，劲牌产品已覆盖亚洲、非洲、欧洲、美洲的37个国家和地区，形成了东南亚市场稳步领跑、非洲市场迅速增长、欧美市场逐步渗透的发展格局。

近年来，劲牌产品屡次在大型国际烈酒赛事中获奖：2023年，劲牌养生一号斩获旧金山世界烈酒大赛、布鲁塞尔国际烈酒大赛双料金奖；2025年，毛铺草本酒荣膺WSEAC世界烈酒精品大赛金奖。

如今，劲牌产品已借助越来越多国际专业大赛的舞台，被越来越多的海外消费者认可和青睐。

战略升级再起航：从“产品出海”到“品牌出海”

劲牌的国际化不仅是让产品走出去，更是让品牌和文化走出去。这需要构建消费者对产品和品牌的信任，从而实现“出海”模式转型升级。

从1982年“启航”到2016年“远航”，再到2026年“再起航”，伴随海外市场环境变化，劲牌不断迭代升级“出海”模式。早期的传统贸易模式，侧重渠道覆盖但品牌建设不足；后来的系统化营销模式，更聚焦品牌策划、市场运营与产品定制。

战略转型成效已在海外市场得到验证。在东南亚市场，劲牌凭借毛铺草本酒等核心产品，以差异化的产品利益点和持之以恒的优质服务，成功运维多家本地连锁门店，让用户接纳、爱上劲牌产品。

2026年，劲牌确立“出海”新航向，从“卖产品”的贸易型思维转向“品牌出海”“深耕用户”的深度运营型思维。未来，劲牌将进一步强化海外消费者的品牌认知，从贸易合作转向生态共建、品牌共赢，为打造“全球品牌”筑牢体系支撑。

创新“草本科技”：筑牢品牌技术根基

劲牌的企业愿景是“致力于成为世界一流的健康产品企业”。为此，劲牌坚持传承中医药文化，通过创新“草本科技”，将中药指纹图谱技术和科学提取技术运用于产品生产，构筑产品竞争优势。

劲牌每年将不少于3%的销售收入用于科技研发及产品优化升级，建有国家企业技术中心、博士后科研工作站、中国轻工业露酒工程技术研究中心等12个科研创新平台，并与多家世界一流科研团队合作攻关，为品牌国际化发展筑牢技术根基。同时，劲牌坚持以用户为中心，用“草本科技”夯实产品品质基石，追求产品的健康内涵与价值。

2026年，劲牌“出海”再起航，以草本为纽带，以科技为支撑，以文化为内核，持续深耕全球市场，传播好中国酒文化与中医药文化，书写品牌国际化发展新篇章。

数据来源：劲牌有限公司",,生态,,https://paper.people.com.cn/rmrb/pc/content/202606/10/content_30162233.html,2026-06-10,"['劲牌', '出海', '产品', '品牌', '草本', '海外', '起航', '2026', '烈酒', '科技']","劲牌有限公司（简称“劲牌”）持续深耕大健康领域，坚持打造具有健康内涵的产品及服务。自1953年建厂以来，劲牌逐步形成保健酒、草本白酒、中药业三大业务板块，在传承中医药文化的基础上创新“草本科技”，产品远销全球30多个国家和地区。
5月13日至14日，劲牌首届国际营销商大会在湖南省张家界市举办。劲牌将2026年定为“国际业务再起航之年”，明确企业发展由“产品出海”转向“品牌出海”，迈向品牌输出和文化输出的全新阶段。
40余年“出海”路：逐步深化全球市场布局",政治,,,[],data/vault/2026/06/2026-06-10/14-生态/劲牌“出海”再起航 创新“草本科技”，打造“全球品牌”.md,14,生态
从一杯茶饮看中国服务出海又出圈（商海观潮）,"最近，霸王茶姬在韩国同步开出3家门店，掀起一阵购买热潮。在巴西圣保罗，蜜雪冰城首店门前早早排起长队，蜜雪冰城自有IP（知识产权）形象雪王，身着10号足球球衣，与消费者友好互动，本地消费者占比已达95%。截至2025年底，蜜雪冰城海外门店数约4500家。喜茶陆续进入美国、英国、澳大利亚、加拿大等市场，过去一年海外门店数量实现近6倍增长。
从茶叶原料的传统货物出口，到标准化服务、本土化运营、东方文化体验的全方位走出去，以中式茶饮为代表的中国服务品牌集体出海，折射出中国与世界双向互动的深刻进阶，更是世界视角下中国形象、中国气质、中国魅力的蝶变升级。
长期以来，世界认识中国，始于“中国制造”的硬核出海。过去数十年，中国出海的核心标签是服装、家电、机械设备等实体货物，重产品、轻体验，重硬件、轻文化，世界看到的是勤劳务实、产能强大的工业中国，却少有对中国生活方式、文化内涵、国民气质的深度感知。货物贸易搭建了中国与世界联通的桥梁，但单一的商品出海，难以传递立体、鲜活、有温度的中国形象。
服务消费是最接地气、最具亲和力的文化传播方式。服务出海的深层价值，在于带动中国文化温柔出圈，让世界重新读懂中国。货物出海，传递的是商品价值；服务出海，传达的是国民自信与大国气度。新一代中国出海品牌，坚守自身文化内核，凭借标准化的服务体系、精细化的运营能力、差异化的文化特质立足全球。
蜜雪冰城推行“全球标准+区域定制”的运营模式，以成熟的连锁运营体系、完备的供应链管理，保障产品和服务品质，同时将自身IP形象雪王与当地文化融合创新，让中式茶饮自然走进当地消费者的生活。在印度尼西亚，很多小朋友学会的第一句中文就是“你爱我，我爱你，蜜雪冰城甜蜜蜜”。而喜茶更注重潮流与年轻化的表达，根据不同城市的文化背景、消费习惯和生活节奏，持续创新产品内容、包装设计和空间氛围。
一杯新式茶饮，承载着延续千年的中华茶文化，以年轻化、潮流化、日常化的姿态走进全球年轻人的生活。从“成为中国人”的审美热潮到中式茶饮火爆出圈，世界看到了一个兼具底蕴与潮流、开放与包容、务实与浪漫的鲜活中国。平视中国、向往中国、来到中国，成为国际社会的新趋势。
一杯茶饮，见证中国文化魅力。未来，随着更多中国服务品牌扬帆出海，根植于中华沃土的生活方式、文化理念、发展智慧将不断走向世界。中国，也必将以更加开放包容、自信昂扬的姿态，与世界各国双向奔赴，让新时代的中国故事，在全球舞台绽放更动人的光彩。","# 从一杯茶饮看中国服务出海又出圈（商海观潮）

> 罗珊珊《人民日报》（2026年06月10日第 18 版）

最近，霸王茶姬在韩国同步开出3家门店，掀起一阵购买热潮。在巴西圣保罗，蜜雪冰城首店门前早早排起长队，蜜雪冰城自有IP（知识产权）形象雪王，身着10号足球球衣，与消费者友好互动，本地消费者占比已达95%。截至2025年底，蜜雪冰城海外门店数约4500家。喜茶陆续进入美国、英国、澳大利亚、加拿大等市场，过去一年海外门店数量实现近6倍增长。

从茶叶原料的传统货物出口，到标准化服务、本土化运营、东方文化体验的全方位走出去，以中式茶饮为代表的中国服务品牌集体出海，折射出中国与世界双向互动的深刻进阶，更是世界视角下中国形象、中国气质、中国魅力的蝶变升级。

长期以来，世界认识中国，始于“中国制造”的硬核出海。过去数十年，中国出海的核心标签是服装、家电、机械设备等实体货物，重产品、轻体验，重硬件、轻文化，世界看到的是勤劳务实、产能强大的工业中国，却少有对中国生活方式、文化内涵、国民气质的深度感知。货物贸易搭建了中国与世界联通的桥梁，但单一的商品出海，难以传递立体、鲜活、有温度的中国形象。

服务消费是最接地气、最具亲和力的文化传播方式。服务出海的深层价值，在于带动中国文化温柔出圈，让世界重新读懂中国。货物出海，传递的是商品价值；服务出海，传达的是国民自信与大国气度。新一代中国出海品牌，坚守自身文化内核，凭借标准化的服务体系、精细化的运营能力、差异化的文化特质立足全球。

蜜雪冰城推行“全球标准+区域定制”的运营模式，以成熟的连锁运营体系、完备的供应链管理，保障产品和服务品质，同时将自身IP形象雪王与当地文化融合创新，让中式茶饮自然走进当地消费者的生活。在印度尼西亚，很多小朋友学会的第一句中文就是“你爱我，我爱你，蜜雪冰城甜蜜蜜”。而喜茶更注重潮流与年轻化的表达，根据不同城市的文化背景、消费习惯和生活节奏，持续创新产品内容、包装设计和空间氛围。

一杯新式茶饮，承载着延续千年的中华茶文化，以年轻化、潮流化、日常化的姿态走进全球年轻人的生活。从“成为中国人”的审美热潮到中式茶饮火爆出圈，世界看到了一个兼具底蕴与潮流、开放与包容、务实与浪漫的鲜活中国。平视中国、向往中国、来到中国，成为国际社会的新趋势。

一杯茶饮，见证中国文化魅力。未来，随着更多中国服务品牌扬帆出海，根植于中华沃土的生活方式、文化理念、发展智慧将不断走向世界。中国，也必将以更加开放包容、自信昂扬的姿态，与世界各国双向奔赴，让新时代的中国故事，在全球舞台绽放更动人的光彩。",罗珊珊,消费,,https://paper.people.com.cn/rmrb/pc/content/202606/10/content_30162189.html,2026-06-10,"['出海', '中国', '冰城', '蜜雪', '文化', '服务', '世界', '中式', '运营', '门店']","最近，霸王茶姬在韩国同步开出3家门店，掀起一阵购买热潮。在巴西圣保罗，蜜雪冰城首店门前早早排起长队，蜜雪冰城自有IP（知识产权）形象雪王，身着10号足球球衣，与消费者友好互动，本地消费者占比已达95%。截至2025年底，蜜雪冰城海外门店数约4500家。喜茶陆续进入美国、英国、澳大利亚、加拿大等市场，过去一年海外门店数量实现近6倍增长。
从茶叶原料的传统货物出口，到标准化服务、本土化运营、东方文化体验的全方位走出去，以中式茶饮为代表的中国服务品牌集体出海，折射出中国与世界双向互动的深刻进阶，更是世界视角下中国形象、中国气质、中国魅力的蝶变升级。
长期以来，世界认识中国，始于“中国制造”的硬核出海。过去数十年，中国出海的核心标签是服装、家电、机械设备等实体货物，重产品、轻体验，重硬件、轻文化，世界看到的是勤劳务实、产能强大的工业中国，却少有对中国生活方式、文化内涵、国民气质的深度感知。货物贸易搭建了中国与世界联通的桥梁，但单一的商品出海，难以传递立体、鲜活、有温度的中国形象。",经济,,,[],data/vault/2026/06/2026-06-10/18-消费/从一杯茶饮看中国服务出海又出圈（商海观潮）.md,18,消费
儿童消费市场“长高”了（新视窗）,"“六一”国际儿童节已过，儿童消费市场热度不减。商场里年轻父母比对面料安全等级，科技馆前排起研学长队，县域母婴店补货智能玩具与国潮童装。中国儿童产业研究中心调研数据显示，2025年亲子消费市场规模预计突破5.5万亿元，体验型消费占比走高。从刚需精细化到场景服务化，再到供给智能化，儿童消费正加速扩容提质，成为扩内需的重要引擎。
从同质化到品质化——
消费需求升级，增长动能强劲
“您家宝宝正学爬学站？这款Babycare（白贝壳）跳跳裤针对大运动设计，腰腿腹设置三段不同的弹力区，贴合关节活动轨迹。”在北京一家母婴店里，店员向95后妈妈林悦介绍。摸了摸0.6D超细纤维面层——纤维直径仅为蚕丝的1/3，林悦下单了两包。“养娃6个月，我从‘随便买’变成了‘讲究买’，孩子舒服，大人省心。”林悦说。
一片纸尿裤的“讲究”，正是儿童消费升级的缩影。母婴品牌Babycare研发团队围绕透气、干爽、柔软等六大技术持续迭代，截至2025年底，仅纸尿裤品类已拥有近200项专利。从山茶系列0.6D超细纤维到首创“跳跳裤”全弹裤体，Babycare推出的一系列母婴产品市场反响良好。
“中国年轻一代对新技术、新体验的接受度和探索欲很强，愿意成为创新产品的‘首批尝鲜者’，为企业提供了宝贵的用户洞察机会。我们坚持创新驱动发展，从用户端获取需求，再联动供应链把前沿技术转化为产品方案，更好满足家庭亲子消费的品质化、多元化需求。”Babycare创始人、首席执行官李阔说。
家长的购物车，撑起了儿童消费的“基本盘”。京东消费及产业发展研究院数据显示，婴童洗护用品、纸尿裤、奶粉稳居销量前三名，童装与营养辅食跻身前五，五大品类稳稳撑起儿童用品消费的主流。在纸尿裤品类中，拉拉裤成为绝对主流，销量占比高达65.2%；在童装板块，儿童T恤、裤子、袜子等基础款凭借实用属性收获大批订单。
传统需求之外，新需求正在悄然生长。快手电商数据显示，今年“618”年中促销节，平台上服饰行业亲子重点品类呈爆发式增长，早教益智品类商品交易总额同比增长3倍，儿童营养健康品类商品交易总额同比增长4倍，儿童文创产品品类商品交易总额同比增长9倍，表明母婴消费正从刚性囤货需求向品质育儿、互动陪伴、文化消费需求转变。淘宝天猫数据显示，今年“六一”前一周，相关商品成交同比增长超50%，其中，新兴品类快速崛起，儿童餐具、画板类商品同比增幅均超260%，儿童睡眠礼盒（毯被）、儿童彩妆礼盒增速均超50%，家长消费偏好从传统玩具向兼具实用性与仪式感的品类转移。京东数据显示，恰逢“六一”与“618”大促叠加，平台上儿童种植盲盒成交额同比增长520%，儿童造型商品同比增长385%。这些产品兼具实用性与趣味性，精准捕捉了家长对孩子健康成长、快乐成长的多元需求。
消费潜力的释放，离不开政策红利的精准滴灌。自2025年1月1日起，3周岁以下婴幼儿可享受每孩每年3600元育儿补贴，预计每年惠及2000多万个婴幼儿家庭；2025年秋季学期起，公办幼儿园学前一年在园儿童保育教育费免除，中央财政按地区分档补助50%至80%。《提振消费专项行动方案》专门部署优化“一老一小”服务供给。“全链条政策红利落地，预计全国婴童经济规模将突破5.5万亿元，精细化、智能化、绿色化、全周期化成为趋势。”浙江省台州市婴童产业商会会长洪利民表示。
消费基本盘的稳固，也离不开安全底线的筑牢。市场监管总局等5部门2025年印发的《儿童和学生用品安全守护三年行动方案（2025—2027年）》明确，到2027年质量安全隐患得到有效治理，生产销售单位诚信意识普遍增强。2025年10月发布的新版《玩具安全》4项强制性国家标准，全方位提高化学、物理、消防等安全技术要求，护航儿童玩具消费更安心。
从“买产品”到“买体验”——
亲子消费场景深度重构
“妈妈，下周我们还来这儿好吗？”今年“六一”，江苏南京市民李文红没有给孩子买新玩具，而是带他去科技馆度过了一整天。孩子在恐龙化石展柜前流连忘返，李女士在朋友圈写道：“比起堆满房间的玩具，我更想给他一段能记住的时光。”
像李文红这样的家长越来越多，亲子服务消费正全面升温。美团数据显示，“六一”前三天，“亲子”相关搜索热度较节前一周增长98%。“亲子餐厅”热度上涨315%，“户外亲子乐园”上涨177%，“亲子农场”上涨115%。儿童户外乐园、亲子农场、亲子体验综合业态，成为周末家庭消费的重要场景；儿童研学、儿童运动培训、儿童益智课程等需求涌现，让整个儿童经济从“卖商品”升级为“卖服务、卖场景、卖解决方案”。从“去哪儿吃”到“怎么玩得好”，家庭消费正从物质满足向情感共创升维。
这个“六一”，在北京的一家商场手作工坊里，涵盖非遗手作、陶艺、玩偶定制、烘焙等多元品类的手工项目，正在重塑节日的消费面貌。父母与孩子在协作中共同完成一件作品，那种“目标—行动—反馈”带来的成就感，远比购买一件现成玩具更具吸引力。
亲子娱乐休闲业态是儿童消费“主力军”。抖音生活服务数据显示，今年“六一”，儿童乐园与主题乐园的交易额环比增幅双双突破100%，动植物园交易额环比增长超三成。这背后，是家庭消费从“带孩子去哪里玩”到“陪孩子怎么玩”的升级。品质化、科普化的文教体验正成为新的刚需，科技馆交易额环比猛增134%，博物馆增长近四成，而儿童剧交易额更是同比上涨893%，成为亲子陪伴的新风尚。同时，亲子DIY（自己动手做）项目，交易额同比增长超过10倍。这种“重体验、轻实物，重陪伴、轻物资”的理念，已成为儿童消费的鲜明注脚。
亲子游成为情感连接的重要场景。同程旅行发布的《2026“六一”亲子游洞察报告》显示，2026年初至今，平台亲子游预订热度同比增长70%。博物馆、主题乐园、动物园门票预订热度同比增长76%，自然研学、非遗手作、科技探秘等深度亲子路线热度同比增长86%。配备丰富亲子课程与专属设施的高品质亲子酒店预订热度同比提升72%，平均入住时长延长0.7天。
亲子餐饮向品质化、透明化迈进。临近暑期，西贝举办第五届暑假儿童美食节，推出嫩烤安格斯牛排儿童套餐，严格执行食品安全标准，扫码即可查阅食材与烹饪流程的“安心档案”，到店消费指定套餐可赠“超级飞侠”周边，以趣味体验缓解带娃就餐压力。
消费逻辑的重构，也在倒逼城市空间与商业体的焕新。广东深圳龙华区福城街道妇联与福城天虹购物中心跨界合作，商场拿出2000平方米黄金地段打造全免费儿童游乐区域，设置多层级儿童活动空间。江苏南京建成10个特色鲜明的儿童友好街区，桥北商圈弘阳街区、竹蜻蜓街区入选城市儿童友好空间建设可复制经验清单。上海巴拉巴拉在徐汇滨江打造2500平方米儿童友好“热爱社区”，攀岩、露营、滑板、泡泡乐园等场景上新，活动现场推出五大品类新品首发，为亲子家庭打造可参与、可创造、可带走的沉浸式消费体验。
从中国制造到中国智造——
科技赋能供给，品质引领未来
上海市浦东新区万科实验小学三年级的彭星茗，最近成了班里的“小明星”。这个10岁男孩不用写一行代码，却在灵珠AI（人工智能）平台上用自然语言“说话”，做出了属于自己的益智游戏——“超级吃豆大冒险”，还原创设计了穿墙模式等新功能，获得不少点赞。在灵珠AI平台上，3至12岁的用户人均创建应用2.8个，为全年龄段最高。
灵珠AI平台由上海本土AI孵化器语生科学公司孵化而来。“用打字和说话代替敲代码，就是将创意交还给了每一个人，10岁的小学生就能写出有趣的游戏，这意味着未来的创意产业将迎来更广阔天地。中国下一代科技少年的潜力，正在AI的赋能下，引来颠覆性的全面爆发。因此，AI教育所带动的巨大的消费力，也将成为儿童消费的重要领域。”上海语生科学董事长陈大年说。
政策对供给端的精准引导，助力产业升级。2025年11月发布的《关于增强消费品供需适配性进一步促进消费的实施方案》提出，“丰富婴童产品供给”“推动婴童产品精细化、品质化、智能化发展，大力推广喂养护理类、出行装备类、户外运动类、教育玩耍类产品”“加强优质学生用品供给”。在服务婴幼儿和学生群体方面，各地聚焦“健康成长”和“学习效能”等关键需求，积极增加儿童和学生用品优质供给。
政策赋能，推动相关经营主体加大探索，AI正在重塑儿童教育、娱乐、出行等各类边界。在智能母婴赛道，Babycare推出AI毛绒玩具、智能推车、电动行李箱等智能产品，AI天才小丑鸭上市首月销售额破200万元，智能电动行李箱半年销售额超2000万元。Babycare推出的AI毛绒玩具整合相关大模型，回复时间特意控制在1.8至2.2秒——最拟合家人温柔回应的节奏，“摸头”动作设计了200多种随机回应。在儿童编程赛道，灵珠AI平台数据显示，学生群体的应用生成成功率达99.3%，学生群体人均分享1.90次。
国潮走热，潮玩走俏，点燃儿童文化消费新引擎。中国玩具和婴童用品协会发布的《2026年中国玩具和婴童用品行业发展白皮书》显示，2025年玩具（不含潮玩）国内市场零售总额为1035.3亿元，首次突破千亿元大关，比上年增长5.8%；潮流与收藏玩具零售总额为676.9亿元，同比大幅增长45.4%。在抖音电商平台，今年1至5月，新中式国风童装成交额同比增长近九成，女童汉服、男童唐装等广受青睐；儿童运动套装、冲锋衣订单量同比分别增长129%、117%。淘宝潮玩行业数据显示，自5月25日以来，毛绒玩具、早教智能玩具、手工DIY玩具、儿童棋类、魔方等均超两位数增长，其中，AI智能玩具增幅达400%，AI陪伴机器人等融合毛绒外形与AI对话能力的“电子宠物”，正成为越来越多宝妈的“六一”首选。
从一片纸尿裤的柔软度到一桌儿童餐的安心承诺，从一段AI代码到一场非遗手作，儿童消费市场正呈现出刚需与新意并存、全域同步发力、品质标准跃升的发展态势。当县域乡村与一线城市共振，当政策红利与科技创新交汇，儿童消费的扩容提质恰逢其时，为推动经济增长赋予新动能、开拓新空间。","### 产品迭代、场景创新、科技赋能

# 儿童消费市场“长高”了（新视窗）

> 齐志明  苏咏潇《人民日报》（2026年06月10日第 18 版）

“六一”国际儿童节已过，儿童消费市场热度不减。商场里年轻父母比对面料安全等级，科技馆前排起研学长队，县域母婴店补货智能玩具与国潮童装。中国儿童产业研究中心调研数据显示，2025年亲子消费市场规模预计突破5.5万亿元，体验型消费占比走高。从刚需精细化到场景服务化，再到供给智能化，儿童消费正加速扩容提质，成为扩内需的重要引擎。

从同质化到品质化——

消费需求升级，增长动能强劲

“您家宝宝正学爬学站？这款Babycare（白贝壳）跳跳裤针对大运动设计，腰腿腹设置三段不同的弹力区，贴合关节活动轨迹。”在北京一家母婴店里，店员向95后妈妈林悦介绍。摸了摸0.6D超细纤维面层——纤维直径仅为蚕丝的1/3，林悦下单了两包。“养娃6个月，我从‘随便买’变成了‘讲究买’，孩子舒服，大人省心。”林悦说。

一片纸尿裤的“讲究”，正是儿童消费升级的缩影。母婴品牌Babycare研发团队围绕透气、干爽、柔软等六大技术持续迭代，截至2025年底，仅纸尿裤品类已拥有近200项专利。从山茶系列0.6D超细纤维到首创“跳跳裤”全弹裤体，Babycare推出的一系列母婴产品市场反响良好。

“中国年轻一代对新技术、新体验的接受度和探索欲很强，愿意成为创新产品的‘首批尝鲜者’，为企业提供了宝贵的用户洞察机会。我们坚持创新驱动发展，从用户端获取需求，再联动供应链把前沿技术转化为产品方案，更好满足家庭亲子消费的品质化、多元化需求。”Babycare创始人、首席执行官李阔说。

家长的购物车，撑起了儿童消费的“基本盘”。京东消费及产业发展研究院数据显示，婴童洗护用品、纸尿裤、奶粉稳居销量前三名，童装与营养辅食跻身前五，五大品类稳稳撑起儿童用品消费的主流。在纸尿裤品类中，拉拉裤成为绝对主流，销量占比高达65.2%；在童装板块，儿童T恤、裤子、袜子等基础款凭借实用属性收获大批订单。

传统需求之外，新需求正在悄然生长。快手电商数据显示，今年“618”年中促销节，平台上服饰行业亲子重点品类呈爆发式增长，早教益智品类商品交易总额同比增长3倍，儿童营养健康品类商品交易总额同比增长4倍，儿童文创产品品类商品交易总额同比增长9倍，表明母婴消费正从刚性囤货需求向品质育儿、互动陪伴、文化消费需求转变。淘宝天猫数据显示，今年“六一”前一周，相关商品成交同比增长超50%，其中，新兴品类快速崛起，儿童餐具、画板类商品同比增幅均超260%，儿童睡眠礼盒（毯被）、儿童彩妆礼盒增速均超50%，家长消费偏好从传统玩具向兼具实用性与仪式感的品类转移。京东数据显示，恰逢“六一”与“618”大促叠加，平台上儿童种植盲盒成交额同比增长520%，儿童造型商品同比增长385%。这些产品兼具实用性与趣味性，精准捕捉了家长对孩子健康成长、快乐成长的多元需求。

消费潜力的释放，离不开政策红利的精准滴灌。自2025年1月1日起，3周岁以下婴幼儿可享受每孩每年3600元育儿补贴，预计每年惠及2000多万个婴幼儿家庭；2025年秋季学期起，公办幼儿园学前一年在园儿童保育教育费免除，中央财政按地区分档补助50%至80%。《提振消费专项行动方案》专门部署优化“一老一小”服务供给。“全链条政策红利落地，预计全国婴童经济规模将突破5.5万亿元，精细化、智能化、绿色化、全周期化成为趋势。”浙江省台州市婴童产业商会会长洪利民表示。

消费基本盘的稳固，也离不开安全底线的筑牢。市场监管总局等5部门2025年印发的《儿童和学生用品安全守护三年行动方案（2025—2027年）》明确，到2027年质量安全隐患得到有效治理，生产销售单位诚信意识普遍增强。2025年10月发布的新版《玩具安全》4项强制性国家标准，全方位提高化学、物理、消防等安全技术要求，护航儿童玩具消费更安心。

从“买产品”到“买体验”——

亲子消费场景深度重构

“妈妈，下周我们还来这儿好吗？”今年“六一”，江苏南京市民李文红没有给孩子买新玩具，而是带他去科技馆度过了一整天。孩子在恐龙化石展柜前流连忘返，李女士在朋友圈写道：“比起堆满房间的玩具，我更想给他一段能记住的时光。”

像李文红这样的家长越来越多，亲子服务消费正全面升温。美团数据显示，“六一”前三天，“亲子”相关搜索热度较节前一周增长98%。“亲子餐厅”热度上涨315%，“户外亲子乐园”上涨177%，“亲子农场”上涨115%。儿童户外乐园、亲子农场、亲子体验综合业态，成为周末家庭消费的重要场景；儿童研学、儿童运动培训、儿童益智课程等需求涌现，让整个儿童经济从“卖商品”升级为“卖服务、卖场景、卖解决方案”。从“去哪儿吃”到“怎么玩得好”，家庭消费正从物质满足向情感共创升维。

这个“六一”，在北京的一家商场手作工坊里，涵盖非遗手作、陶艺、玩偶定制、烘焙等多元品类的手工项目，正在重塑节日的消费面貌。父母与孩子在协作中共同完成一件作品，那种“目标—行动—反馈”带来的成就感，远比购买一件现成玩具更具吸引力。

亲子娱乐休闲业态是儿童消费“主力军”。抖音生活服务数据显示，今年“六一”，儿童乐园与主题乐园的交易额环比增幅双双突破100%，动植物园交易额环比增长超三成。这背后，是家庭消费从“带孩子去哪里玩”到“陪孩子怎么玩”的升级。品质化、科普化的文教体验正成为新的刚需，科技馆交易额环比猛增134%，博物馆增长近四成，而儿童剧交易额更是同比上涨893%，成为亲子陪伴的新风尚。同时，亲子DIY（自己动手做）项目，交易额同比增长超过10倍。这种“重体验、轻实物，重陪伴、轻物资”的理念，已成为儿童消费的鲜明注脚。

亲子游成为情感连接的重要场景。同程旅行发布的《2026“六一”亲子游洞察报告》显示，2026年初至今，平台亲子游预订热度同比增长70%。博物馆、主题乐园、动物园门票预订热度同比增长76%，自然研学、非遗手作、科技探秘等深度亲子路线热度同比增长86%。配备丰富亲子课程与专属设施的高品质亲子酒店预订热度同比提升72%，平均入住时长延长0.7天。

亲子餐饮向品质化、透明化迈进。临近暑期，西贝举办第五届暑假儿童美食节，推出嫩烤安格斯牛排儿童套餐，严格执行食品安全标准，扫码即可查阅食材与烹饪流程的“安心档案”，到店消费指定套餐可赠“超级飞侠”周边，以趣味体验缓解带娃就餐压力。

消费逻辑的重构，也在倒逼城市空间与商业体的焕新。广东深圳龙华区福城街道妇联与福城天虹购物中心跨界合作，商场拿出2000平方米黄金地段打造全免费儿童游乐区域，设置多层级儿童活动空间。江苏南京建成10个特色鲜明的儿童友好街区，桥北商圈弘阳街区、竹蜻蜓街区入选城市儿童友好空间建设可复制经验清单。上海巴拉巴拉在徐汇滨江打造2500平方米儿童友好“热爱社区”，攀岩、露营、滑板、泡泡乐园等场景上新，活动现场推出五大品类新品首发，为亲子家庭打造可参与、可创造、可带走的沉浸式消费体验。

从中国制造到中国智造——

科技赋能供给，品质引领未来

上海市浦东新区万科实验小学三年级的彭星茗，最近成了班里的“小明星”。这个10岁男孩不用写一行代码，却在灵珠AI（人工智能）平台上用自然语言“说话”，做出了属于自己的益智游戏——“超级吃豆大冒险”，还原创设计了穿墙模式等新功能，获得不少点赞。在灵珠AI平台上，3至12岁的用户人均创建应用2.8个，为全年龄段最高。

灵珠AI平台由上海本土AI孵化器语生科学公司孵化而来。“用打字和说话代替敲代码，就是将创意交还给了每一个人，10岁的小学生就能写出有趣的游戏，这意味着未来的创意产业将迎来更广阔天地。中国下一代科技少年的潜力，正在AI的赋能下，引来颠覆性的全面爆发。因此，AI教育所带动的巨大的消费力，也将成为儿童消费的重要领域。”上海语生科学董事长陈大年说。

政策对供给端的精准引导，助力产业升级。2025年11月发布的《关于增强消费品供需适配性进一步促进消费的实施方案》提出，“丰富婴童产品供给”“推动婴童产品精细化、品质化、智能化发展，大力推广喂养护理类、出行装备类、户外运动类、教育玩耍类产品”“加强优质学生用品供给”。在服务婴幼儿和学生群体方面，各地聚焦“健康成长”和“学习效能”等关键需求，积极增加儿童和学生用品优质供给。

政策赋能，推动相关经营主体加大探索，AI正在重塑儿童教育、娱乐、出行等各类边界。在智能母婴赛道，Babycare推出AI毛绒玩具、智能推车、电动行李箱等智能产品，AI天才小丑鸭上市首月销售额破200万元，智能电动行李箱半年销售额超2000万元。Babycare推出的AI毛绒玩具整合相关大模型，回复时间特意控制在1.8至2.2秒——最拟合家人温柔回应的节奏，“摸头”动作设计了200多种随机回应。在儿童编程赛道，灵珠AI平台数据显示，学生群体的应用生成成功率达99.3%，学生群体人均分享1.90次。

国潮走热，潮玩走俏，点燃儿童文化消费新引擎。中国玩具和婴童用品协会发布的《2026年中国玩具和婴童用品行业发展白皮书》显示，2025年玩具（不含潮玩）国内市场零售总额为1035.3亿元，首次突破千亿元大关，比上年增长5.8%；潮流与收藏玩具零售总额为676.9亿元，同比大幅增长45.4%。在抖音电商平台，今年1至5月，新中式国风童装成交额同比增长近九成，女童汉服、男童唐装等广受青睐；儿童运动套装、冲锋衣订单量同比分别增长129%、117%。淘宝潮玩行业数据显示，自5月25日以来，毛绒玩具、早教智能玩具、手工DIY玩具、儿童棋类、魔方等均超两位数增长，其中，AI智能玩具增幅达400%，AI陪伴机器人等融合毛绒外形与AI对话能力的“电子宠物”，正成为越来越多宝妈的“六一”首选。

从一片纸尿裤的柔软度到一桌儿童餐的安心承诺，从一段AI代码到一场非遗手作，儿童消费市场正呈现出刚需与新意并存、全域同步发力、品质标准跃升的发展态势。当县域乡村与一线城市共振，当政策红利与科技创新交汇，儿童消费的扩容提质恰逢其时，为推动经济增长赋予新动能、开拓新空间。",齐志明  苏咏潇,消费,,https://paper.people.com.cn/rmrb/pc/content/202606/10/content_30162190.html,2026-06-10,"['儿童', '亲子', 'AI', '消费', '2025', '玩具', '品类', '六一', '增长', '同比']","“六一”国际儿童节已过，儿童消费市场热度不减。商场里年轻父母比对面料安全等级，科技馆前排起研学长队，县域母婴店补货智能玩具与国潮童装。中国儿童产业研究中心调研数据显示，2025年亲子消费市场规模预计突破5.5万亿元，体验型消费占比走高。从刚需精细化到场景服务化，再到供给智能化，儿童消费正加速扩容提质，成为扩内需的重要引擎。
从同质化到品质化——
消费需求升级，增长动能强劲",政治,,,[],data/vault/2026/06/2026-06-10/18-消费/儿童消费市场“长高”了（新视窗）.md,18,消费
